==================== [n1 fno_mean] UDA ====================
[curriculum] scenario=UniDA  strategy=hard  n_unknown=1  rank_variant=fno_mean
[curriculum] source mapping (5 classes): {'Lying down': 'lying', 'Sitting and relaxing': 'sitting', 'Walking': 'walking', 'Running': 'running', 'Climbing stairs': 'Climbing stairs'}
[curriculum] target mapping (5 classes): {'lying': 'lying', 'sitting': 'sitting', 'walking': 'walking', 'running': 'running', 'climbingup': 'climbingup'}
[curriculum] unknowns added (in hard order): src=[Climbing stairs] | trg=[climbingup]
2026/05/11 16:34:53 INFO mlflow.tracking.fluent: Experiment with name 'MHEALTH to RealWorld_UniDA_hard_n1_fno_mean' does not exist. Creating a new experiment.
[scenario] UDA -> UniDA (uniDA=True)
Unlabeled data shape:  (30610, 150, 18)
Unlabelled Combined shape: (52642, 150, 18)

--- Dataloader Size Check ---
Source Train batches:   22
Target Train batches:   478
-------------------------------

Private classes:  tensor([5.])
=============================================
Dataset: MHEALTH to RealWorld_UniDA_hard_n1_fno_mean
Method:  UDA
=============================================
Source: MHEALTH ---> Target: RealWorld
Run ID: 0
=============================================
[Pr Epoch : 1/20]
Pr_Src_cls_loss	: 1.4267
-------------------------------------
[Pr Epoch : 2/20]
Pr_Src_cls_loss	: 1.3356
-------------------------------------
[Pr Epoch : 3/20]
Pr_Src_cls_loss	: 1.2534
-------------------------------------
[Pr Epoch : 4/20]
Pr_Src_cls_loss	: 1.1762
-------------------------------------
[Pr Epoch : 5/20]
Pr_Src_cls_loss	: 1.1047
-------------------------------------
[Pr Epoch : 6/20]
Pr_Src_cls_loss	: 1.0379
-------------------------------------
[Pr Epoch : 7/20]
Pr_Src_cls_loss	: 0.9766
-------------------------------------
[Pr Epoch : 8/20]
Pr_Src_cls_loss	: 0.9204
-------------------------------------
[Pr Epoch : 9/20]
Pr_Src_cls_loss	: 0.8690
-------------------------------------
[Pr Epoch : 10/20]
Pr_Src_cls_loss	: 0.8220
-------------------------------------
[Pr Epoch : 11/20]
Pr_Src_cls_loss	: 0.7793
-------------------------------------
[Pr Epoch : 12/20]
Pr_Src_cls_loss	: 0.7402
-------------------------------------
[Pr Epoch : 13/20]
Pr_Src_cls_loss	: 0.7044
-------------------------------------
[Pr Epoch : 14/20]
Pr_Src_cls_loss	: 0.6714
-------------------------------------
[Pr Epoch : 15/20]
Pr_Src_cls_loss	: 0.6412
-------------------------------------
[Pr Epoch : 16/20]
Pr_Src_cls_loss	: 0.6139
-------------------------------------
[Pr Epoch : 17/20]
Pr_Src_cls_loss	: 0.5885
-------------------------------------
[Pr Epoch : 18/20]
Pr_Src_cls_loss	: 0.5651
-------------------------------------
[Pr Epoch : 19/20]
Pr_Src_cls_loss	: 0.5433
-------------------------------------
[Pr Epoch : 20/20]
Pr_Src_cls_loss	: 0.5230
-------------------------------------
[Epoch : 1/20]
Pr_Src_cls_loss	: 0.5230
Total_loss	: 5.8476
Domain_loss	: 1.3624
Src_cls_loss	: 0.1273
Adv Loss	: 1.3724
-------------------------------------
[Epoch : 2/20]
Pr_Src_cls_loss	: 0.5230
Total_loss	: 5.7810
Domain_loss	: 1.3347
Src_cls_loss	: 0.1239
Adv Loss	: 1.3585
-------------------------------------
[Epoch : 3/20]
Pr_Src_cls_loss	: 0.5230
Total_loss	: 5.8071
Domain_loss	: 1.3265
Src_cls_loss	: 0.1265
Adv Loss	: 1.3629
-------------------------------------
[Epoch : 4/20]
Pr_Src_cls_loss	: 0.5230
Total_loss	: 5.8307
Domain_loss	: 1.3157
Src_cls_loss	: 0.1279
Adv Loss	: 1.3677
-------------------------------------
[Epoch : 5/20]
Pr_Src_cls_loss	: 0.5230
Total_loss	: 5.7626
Domain_loss	: 1.2450
Src_cls_loss	: 0.1220
Adv Loss	: 1.3554
-------------------------------------
[Epoch : 6/20]
Pr_Src_cls_loss	: 0.5230
Total_loss	: 5.7409
Domain_loss	: 1.2081
Src_cls_loss	: 0.1199
Adv Loss	: 1.3517
-------------------------------------
[Epoch : 7/20]
Pr_Src_cls_loss	: 0.5230
Total_loss	: 5.7117
Domain_loss	: 1.1560
Src_cls_loss	: 0.1229
Adv Loss	: 1.3418
-------------------------------------
[Epoch : 8/20]
Pr_Src_cls_loss	: 0.5230
Total_loss	: 5.7573
Domain_loss	: 1.1484
Src_cls_loss	: 0.1292
Adv Loss	: 1.3480
-------------------------------------
[Epoch : 9/20]
Pr_Src_cls_loss	: 0.5230
Total_loss	: 5.7255
Domain_loss	: 1.1042
Src_cls_loss	: 0.1301
Adv Loss	: 1.3391
-------------------------------------
[Epoch : 10/20]
Pr_Src_cls_loss	: 0.5230
Total_loss	: 5.7049
Domain_loss	: 1.0660
Src_cls_loss	: 0.1323
Adv Loss	: 1.3321
-------------------------------------
[Epoch : 11/20]
Pr_Src_cls_loss	: 0.5230
Total_loss	: 5.7411
Domain_loss	: 1.0603
Src_cls_loss	: 0.1350
Adv Loss	: 1.3390
-------------------------------------
[Epoch : 12/20]
Pr_Src_cls_loss	: 0.5230
Total_loss	: 5.7044
Domain_loss	: 1.0322
Src_cls_loss	: 0.1335
Adv Loss	: 1.3309
-------------------------------------
[Epoch : 13/20]
Pr_Src_cls_loss	: 0.5230
Total_loss	: 5.7133
Domain_loss	: 1.0248
Src_cls_loss	: 0.1340
Adv Loss	: 1.3328
-------------------------------------
[Epoch : 14/20]
Pr_Src_cls_loss	: 0.5230
Total_loss	: 5.7705
Domain_loss	: 1.0240
Src_cls_loss	: 0.1397
Adv Loss	: 1.3424
-------------------------------------
[Epoch : 15/20]
Pr_Src_cls_loss	: 0.5230
Total_loss	: 5.7542
Domain_loss	: 0.9966
Src_cls_loss	: 0.1391
Adv Loss	: 1.3388
-------------------------------------
[Epoch : 16/20]
Pr_Src_cls_loss	: 0.5230
Total_loss	: 5.7161
Domain_loss	: 0.9676
Src_cls_loss	: 0.1348
Adv Loss	: 1.3328
-------------------------------------
[Epoch : 17/20]
Pr_Src_cls_loss	: 0.5230
Total_loss	: 5.6944
Domain_loss	: 0.9536
Src_cls_loss	: 0.1321
Adv Loss	: 1.3296
-------------------------------------
[Epoch : 18/20]
Pr_Src_cls_loss	: 0.5230
Total_loss	: 5.7156
Domain_loss	: 0.9365
Src_cls_loss	: 0.1327
Adv Loss	: 1.3344
-------------------------------------
[Epoch : 19/20]
Pr_Src_cls_loss	: 0.5230
Total_loss	: 5.7291
Domain_loss	: 0.9135
Src_cls_loss	: 0.1323
Adv Loss	: 1.3382
-------------------------------------
[Epoch : 20/20]
Pr_Src_cls_loss	: 0.5230
Total_loss	: 5.7021
Domain_loss	: 0.8825
Src_cls_loss	: 0.1301
Adv Loss	: 1.3332
-------------------------------------
/mnt/data/home/tp2474/OpenSet-AdaTime/trainers/abstract_trainer.py:331: FutureWarning: The behavior of DataFrame concatenation with empty or all-NA entries is deprecated. In a future version, this will no longer exclude empty or all-NA columns when determining the result dtypes. To retain the old behavior, exclude the relevant entries before the concat operation.
  table = pd.concat([table, results_df], ignore_index=True)
H_score: 0.3993, OS* (acc_c): 0.3828, UNK (acc_p): 0.4173, acc_mix: 0.3878, F1: 0.4663
Uploading logs from: /mnt/data/home/tp2474/OpenSet-AdaTime/experiments_logs/curriculum/MHEALTH to RealWorld_UniDA_hard_n1_fno_mean/UDA_UniDA_hard_n1_fno_mean/MHEALTH_to_RealWorld_run_0
🏃 View run UDA_run_0 at: http://127.0.0.1:5001/#/experiments/451986342333445797/runs/625532954e944f7ab79a83a8e0cc1e68
🧪 View experiment at: http://127.0.0.1:5001/#/experiments/451986342333445797
=============================================
Dataset: MHEALTH to RealWorld_UniDA_hard_n1_fno_mean
Method:  UDA
=============================================
Source: MHEALTH ---> Target: RealWorld
Run ID: 1
=============================================
[Pr Epoch : 1/20]
Pr_Src_cls_loss	: 1.4317
-------------------------------------
[Pr Epoch : 2/20]
Pr_Src_cls_loss	: 1.3451
-------------------------------------
[Pr Epoch : 3/20]
Pr_Src_cls_loss	: 1.2673
-------------------------------------
[Pr Epoch : 4/20]
Pr_Src_cls_loss	: 1.1935
-------------------------------------
[Pr Epoch : 5/20]
Pr_Src_cls_loss	: 1.1238
-------------------------------------
[Pr Epoch : 6/20]
Pr_Src_cls_loss	: 1.0587
-------------------------------------
[Pr Epoch : 7/20]
Pr_Src_cls_loss	: 0.9983
-------------------------------------
[Pr Epoch : 8/20]
Pr_Src_cls_loss	: 0.9424
-------------------------------------
[Pr Epoch : 9/20]
Pr_Src_cls_loss	: 0.8909
-------------------------------------
[Pr Epoch : 10/20]
Pr_Src_cls_loss	: 0.8439
-------------------------------------
[Pr Epoch : 11/20]
Pr_Src_cls_loss	: 0.8009
-------------------------------------
[Pr Epoch : 12/20]
Pr_Src_cls_loss	: 0.7617
-------------------------------------
[Pr Epoch : 13/20]
Pr_Src_cls_loss	: 0.7258
-------------------------------------
[Pr Epoch : 14/20]
Pr_Src_cls_loss	: 0.6924
-------------------------------------
[Pr Epoch : 15/20]
Pr_Src_cls_loss	: 0.6619
-------------------------------------
[Pr Epoch : 16/20]
Pr_Src_cls_loss	: 0.6341
-------------------------------------
[Pr Epoch : 17/20]
Pr_Src_cls_loss	: 0.6082
-------------------------------------
[Pr Epoch : 18/20]
Pr_Src_cls_loss	: 0.5841
-------------------------------------
[Pr Epoch : 19/20]
Pr_Src_cls_loss	: 0.5619
-------------------------------------
[Pr Epoch : 20/20]
Pr_Src_cls_loss	: 0.5411
-------------------------------------
[Epoch : 1/20]
Pr_Src_cls_loss	: 0.5411
Total_loss	: 5.8693
Domain_loss	: 1.3650
Src_cls_loss	: 0.1343
Adv Loss	: 1.3720
-------------------------------------
[Epoch : 2/20]
Pr_Src_cls_loss	: 0.5411
Total_loss	: 5.8192
Domain_loss	: 1.3418
Src_cls_loss	: 0.1317
Adv Loss	: 1.3615
-------------------------------------
[Epoch : 3/20]
Pr_Src_cls_loss	: 0.5411
Total_loss	: 5.8666
Domain_loss	: 1.3526
Src_cls_loss	: 0.1337
Adv Loss	: 1.3718
-------------------------------------
[Epoch : 4/20]
Pr_Src_cls_loss	: 0.5411
Total_loss	: 5.8351
Domain_loss	: 1.3360
Src_cls_loss	: 0.1266
Adv Loss	: 1.3699
-------------------------------------
[Epoch : 5/20]
Pr_Src_cls_loss	: 0.5411
Total_loss	: 5.7964
Domain_loss	: 1.2858
Src_cls_loss	: 0.1217
Adv Loss	: 1.3642
-------------------------------------
[Epoch : 6/20]
Pr_Src_cls_loss	: 0.5411
Total_loss	: 5.7797
Domain_loss	: 1.2197
Src_cls_loss	: 0.1210
Adv Loss	: 1.3606
-------------------------------------
[Epoch : 7/20]
Pr_Src_cls_loss	: 0.5411
Total_loss	: 5.7566
Domain_loss	: 1.1657
Src_cls_loss	: 0.1207
Adv Loss	: 1.3550
-------------------------------------
[Epoch : 8/20]
Pr_Src_cls_loss	: 0.5411
Total_loss	: 5.7394
Domain_loss	: 1.1225
Src_cls_loss	: 0.1198
Adv Loss	: 1.3514
-------------------------------------
[Epoch : 9/20]
Pr_Src_cls_loss	: 0.5411
Total_loss	: 5.7113
Domain_loss	: 1.0874
Src_cls_loss	: 0.1174
Adv Loss	: 1.3464
-------------------------------------
[Epoch : 10/20]
Pr_Src_cls_loss	: 0.5411
Total_loss	: 5.7613
Domain_loss	: 1.0673
Src_cls_loss	: 0.1219
Adv Loss	: 1.3552
-------------------------------------
[Epoch : 11/20]
Pr_Src_cls_loss	: 0.5411
Total_loss	: 5.7096
Domain_loss	: 1.0226
Src_cls_loss	: 0.1203
Adv Loss	: 1.3435
-------------------------------------
[Epoch : 12/20]
Pr_Src_cls_loss	: 0.5411
Total_loss	: 5.7161
Domain_loss	: 0.9966
Src_cls_loss	: 0.1234
Adv Loss	: 1.3424
-------------------------------------
[Epoch : 13/20]
Pr_Src_cls_loss	: 0.5411
Total_loss	: 5.7288
Domain_loss	: 0.9682
Src_cls_loss	: 0.1267
Adv Loss	: 1.3429
-------------------------------------
[Epoch : 14/20]
Pr_Src_cls_loss	: 0.5411
Total_loss	: 5.7080
Domain_loss	: 0.9487
Src_cls_loss	: 0.1239
Adv Loss	: 1.3400
-------------------------------------
[Epoch : 15/20]
Pr_Src_cls_loss	: 0.5411
Total_loss	: 5.7293
Domain_loss	: 0.9320
Src_cls_loss	: 0.1216
Adv Loss	: 1.3473
-------------------------------------
[Epoch : 16/20]
Pr_Src_cls_loss	: 0.5411
Total_loss	: 5.6865
Domain_loss	: 0.8963
Src_cls_loss	: 0.1196
Adv Loss	: 1.3382
-------------------------------------
[Epoch : 17/20]
Pr_Src_cls_loss	: 0.5411
Total_loss	: 5.6513
Domain_loss	: 0.8780
Src_cls_loss	: 0.1191
Adv Loss	: 1.3297
-------------------------------------
[Epoch : 18/20]
Pr_Src_cls_loss	: 0.5411
Total_loss	: 5.6693
Domain_loss	: 0.8632
Src_cls_loss	: 0.1215
Adv Loss	: 1.3322
-------------------------------------
[Epoch : 19/20]
Pr_Src_cls_loss	: 0.5411
Total_loss	: 5.6552
Domain_loss	: 0.8421
Src_cls_loss	: 0.1202
Adv Loss	: 1.3297
-------------------------------------
[Epoch : 20/20]
Pr_Src_cls_loss	: 0.5411
Total_loss	: 5.6505
Domain_loss	: 0.8229
Src_cls_loss	: 0.1183
Adv Loss	: 1.3301
-------------------------------------
H_score: 0.4046, OS* (acc_c): 0.3751, UNK (acc_p): 0.4391, acc_mix: 0.3843, F1: 0.4266
Uploading logs from: /mnt/data/home/tp2474/OpenSet-AdaTime/experiments_logs/curriculum/MHEALTH to RealWorld_UniDA_hard_n1_fno_mean/UDA_UniDA_hard_n1_fno_mean/MHEALTH_to_RealWorld_run_1
🏃 View run UDA_run_1 at: http://127.0.0.1:5001/#/experiments/451986342333445797/runs/f82343a3bd8b4cc5a3f34bdfc3ce9397
🧪 View experiment at: http://127.0.0.1:5001/#/experiments/451986342333445797
=============================================
Dataset: MHEALTH to RealWorld_UniDA_hard_n1_fno_mean
Method:  UDA
=============================================
Source: MHEALTH ---> Target: RealWorld
Run ID: 2
=============================================
[Pr Epoch : 1/20]
Pr_Src_cls_loss	: 1.4392
-------------------------------------
[Pr Epoch : 2/20]
Pr_Src_cls_loss	: 1.3488
-------------------------------------
[Pr Epoch : 3/20]
Pr_Src_cls_loss	: 1.2672
-------------------------------------
[Pr Epoch : 4/20]
Pr_Src_cls_loss	: 1.1893
-------------------------------------
[Pr Epoch : 5/20]
Pr_Src_cls_loss	: 1.1167
-------------------------------------
[Pr Epoch : 6/20]
Pr_Src_cls_loss	: 1.0485
-------------------------------------
[Pr Epoch : 7/20]
Pr_Src_cls_loss	: 0.9857
-------------------------------------
[Pr Epoch : 8/20]
Pr_Src_cls_loss	: 0.9281
-------------------------------------
[Pr Epoch : 9/20]
Pr_Src_cls_loss	: 0.8752
-------------------------------------
[Pr Epoch : 10/20]
Pr_Src_cls_loss	: 0.8269
-------------------------------------
[Pr Epoch : 11/20]
Pr_Src_cls_loss	: 0.7830
-------------------------------------
[Pr Epoch : 12/20]
Pr_Src_cls_loss	: 0.7429
-------------------------------------
[Pr Epoch : 13/20]
Pr_Src_cls_loss	: 0.7064
-------------------------------------
[Pr Epoch : 14/20]
Pr_Src_cls_loss	: 0.6730
-------------------------------------
[Pr Epoch : 15/20]
Pr_Src_cls_loss	: 0.6425
-------------------------------------
[Pr Epoch : 16/20]
Pr_Src_cls_loss	: 0.6143
-------------------------------------
[Pr Epoch : 17/20]
Pr_Src_cls_loss	: 0.5884
-------------------------------------
[Pr Epoch : 18/20]
Pr_Src_cls_loss	: 0.5645
-------------------------------------
[Pr Epoch : 19/20]
Pr_Src_cls_loss	: 0.5425
-------------------------------------
[Pr Epoch : 20/20]
Pr_Src_cls_loss	: 0.5220
-------------------------------------
[Epoch : 1/20]
Pr_Src_cls_loss	: 0.5220
Total_loss	: 5.8416
Domain_loss	: 1.3689
Src_cls_loss	: 0.1254
Adv Loss	: 1.3725
-------------------------------------
[Epoch : 2/20]
Pr_Src_cls_loss	: 0.5220
Total_loss	: 5.7930
Domain_loss	: 1.3432
Src_cls_loss	: 0.1270
Adv Loss	: 1.3589
-------------------------------------
[Epoch : 3/20]
Pr_Src_cls_loss	: 0.5220
Total_loss	: 5.8144
Domain_loss	: 1.3320
Src_cls_loss	: 0.1289
Adv Loss	: 1.3627
-------------------------------------
[Epoch : 4/20]
Pr_Src_cls_loss	: 0.5220
Total_loss	: 5.7939
Domain_loss	: 1.2964
Src_cls_loss	: 0.1264
Adv Loss	: 1.3596
-------------------------------------
[Epoch : 5/20]
Pr_Src_cls_loss	: 0.5220
Total_loss	: 5.7774
Domain_loss	: 1.2449
Src_cls_loss	: 0.1265
Adv Loss	: 1.3554
-------------------------------------
[Epoch : 6/20]
Pr_Src_cls_loss	: 0.5220
Total_loss	: 5.7718
Domain_loss	: 1.1916
Src_cls_loss	: 0.1256
Adv Loss	: 1.3547
-------------------------------------
[Epoch : 7/20]
Pr_Src_cls_loss	: 0.5220
Total_loss	: 5.7840
Domain_loss	: 1.1275
Src_cls_loss	: 0.1295
Adv Loss	: 1.3545
-------------------------------------
[Epoch : 8/20]
Pr_Src_cls_loss	: 0.5220
Total_loss	: 5.7346
Domain_loss	: 1.0620
Src_cls_loss	: 0.1282
Adv Loss	: 1.3431
-------------------------------------
[Epoch : 9/20]
Pr_Src_cls_loss	: 0.5220
Total_loss	: 5.7712
Domain_loss	: 1.0251
Src_cls_loss	: 0.1294
Adv Loss	: 1.3514
-------------------------------------
[Epoch : 10/20]
Pr_Src_cls_loss	: 0.5220
Total_loss	: 5.7669
Domain_loss	: 0.9834
Src_cls_loss	: 0.1298
Adv Loss	: 1.3499
-------------------------------------
[Epoch : 11/20]
Pr_Src_cls_loss	: 0.5220
Total_loss	: 5.7800
Domain_loss	: 0.9343
Src_cls_loss	: 0.1296
Adv Loss	: 1.3533
-------------------------------------
[Epoch : 12/20]
Pr_Src_cls_loss	: 0.5220
Total_loss	: 5.7432
Domain_loss	: 0.8931
Src_cls_loss	: 0.1277
Adv Loss	: 1.3457
-------------------------------------
[Epoch : 13/20]
Pr_Src_cls_loss	: 0.5220
Total_loss	: 5.7278
Domain_loss	: 0.8610
Src_cls_loss	: 0.1266
Adv Loss	: 1.3427
-------------------------------------
[Epoch : 14/20]
Pr_Src_cls_loss	: 0.5220
Total_loss	: 5.6913
Domain_loss	: 0.8380
Src_cls_loss	: 0.1245
Adv Loss	: 1.3353
-------------------------------------
[Epoch : 15/20]
Pr_Src_cls_loss	: 0.5220
Total_loss	: 5.7152
Domain_loss	: 0.8269
Src_cls_loss	: 0.1237
Adv Loss	: 1.3420
-------------------------------------
[Epoch : 16/20]
Pr_Src_cls_loss	: 0.5220
Total_loss	: 5.7534
Domain_loss	: 0.8025
Src_cls_loss	: 0.1246
Adv Loss	: 1.3509
-------------------------------------
[Epoch : 17/20]
Pr_Src_cls_loss	: 0.5220
Total_loss	: 5.7327
Domain_loss	: 0.7715
Src_cls_loss	: 0.1224
Adv Loss	: 1.3475
-------------------------------------
[Epoch : 18/20]
Pr_Src_cls_loss	: 0.5220
Total_loss	: 5.6715
Domain_loss	: 0.7441
Src_cls_loss	: 0.1196
Adv Loss	: 1.3344
-------------------------------------
[Epoch : 19/20]
Pr_Src_cls_loss	: 0.5220
Total_loss	: 5.6503
Domain_loss	: 0.7331
Src_cls_loss	: 0.1178
Adv Loss	: 1.3305
-------------------------------------
[Epoch : 20/20]
Pr_Src_cls_loss	: 0.5220
Total_loss	: 5.6489
Domain_loss	: 0.7199
Src_cls_loss	: 0.1168
Adv Loss	: 1.3310
-------------------------------------
H_score: 0.3879, OS* (acc_c): 0.4020, UNK (acc_p): 0.3747, acc_mix: 0.3981, F1: 0.4942
Uploading logs from: /mnt/data/home/tp2474/OpenSet-AdaTime/experiments_logs/curriculum/MHEALTH to RealWorld_UniDA_hard_n1_fno_mean/UDA_UniDA_hard_n1_fno_mean/MHEALTH_to_RealWorld_run_2
🏃 View run UDA_run_2 at: http://127.0.0.1:5001/#/experiments/451986342333445797/runs/22c228daa06b4ac8bdeb640b231974da
🧪 View experiment at: http://127.0.0.1:5001/#/experiments/451986342333445797
=============================================
Dataset: MHEALTH to RealWorld_UniDA_hard_n1_fno_mean
Method:  UDA
=============================================
Source: MHEALTH ---> Target: RealWorld
Run ID: 3
=============================================
[Pr Epoch : 1/20]
Pr_Src_cls_loss	: 1.4245
-------------------------------------
[Pr Epoch : 2/20]
Pr_Src_cls_loss	: 1.3342
-------------------------------------
[Pr Epoch : 3/20]
Pr_Src_cls_loss	: 1.2529
-------------------------------------
[Pr Epoch : 4/20]
Pr_Src_cls_loss	: 1.1767
-------------------------------------
[Pr Epoch : 5/20]
Pr_Src_cls_loss	: 1.1052
-------------------------------------
[Pr Epoch : 6/20]
Pr_Src_cls_loss	: 1.0391
-------------------------------------
[Pr Epoch : 7/20]
Pr_Src_cls_loss	: 0.9787
-------------------------------------
[Pr Epoch : 8/20]
Pr_Src_cls_loss	: 0.9223
-------------------------------------
[Pr Epoch : 9/20]
Pr_Src_cls_loss	: 0.8705
-------------------------------------
[Pr Epoch : 10/20]
Pr_Src_cls_loss	: 0.8232
-------------------------------------
[Pr Epoch : 11/20]
Pr_Src_cls_loss	: 0.7800
-------------------------------------
[Pr Epoch : 12/20]
Pr_Src_cls_loss	: 0.7404
-------------------------------------
[Pr Epoch : 13/20]
Pr_Src_cls_loss	: 0.7042
-------------------------------------
[Pr Epoch : 14/20]
Pr_Src_cls_loss	: 0.6713
-------------------------------------
[Pr Epoch : 15/20]
Pr_Src_cls_loss	: 0.6411
-------------------------------------
[Pr Epoch : 16/20]
Pr_Src_cls_loss	: 0.6133
-------------------------------------
[Pr Epoch : 17/20]
Pr_Src_cls_loss	: 0.5877
-------------------------------------
[Pr Epoch : 18/20]
Pr_Src_cls_loss	: 0.5640
-------------------------------------
[Pr Epoch : 19/20]
Pr_Src_cls_loss	: 0.5422
-------------------------------------
[Pr Epoch : 20/20]
Pr_Src_cls_loss	: 0.5218
-------------------------------------
[Epoch : 1/20]
Pr_Src_cls_loss	: 0.5218
Total_loss	: 5.8757
Domain_loss	: 1.3692
Src_cls_loss	: 0.1325
Adv Loss	: 1.3752
-------------------------------------
[Epoch : 2/20]
Pr_Src_cls_loss	: 0.5218
Total_loss	: 5.8023
Domain_loss	: 1.3377
Src_cls_loss	: 0.1295
Adv Loss	: 1.3591
-------------------------------------
[Epoch : 3/20]
Pr_Src_cls_loss	: 0.5218
Total_loss	: 5.7870
Domain_loss	: 1.3186
Src_cls_loss	: 0.1278
Adv Loss	: 1.3566
-------------------------------------
[Epoch : 4/20]
Pr_Src_cls_loss	: 0.5218
Total_loss	: 5.7728
Domain_loss	: 1.2904
Src_cls_loss	: 0.1276
Adv Loss	: 1.3532
-------------------------------------
[Epoch : 5/20]
Pr_Src_cls_loss	: 0.5218
Total_loss	: 5.8129
Domain_loss	: 1.2699
Src_cls_loss	: 0.1314
Adv Loss	: 1.3602
-------------------------------------
[Epoch : 6/20]
Pr_Src_cls_loss	: 0.5218
Total_loss	: 5.8063
Domain_loss	: 1.2023
Src_cls_loss	: 0.1323
Adv Loss	: 1.3577
-------------------------------------
[Epoch : 7/20]
Pr_Src_cls_loss	: 0.5218
Total_loss	: 5.7805
Domain_loss	: 1.1251
Src_cls_loss	: 0.1316
Adv Loss	: 1.3518
-------------------------------------
[Epoch : 8/20]
Pr_Src_cls_loss	: 0.5218
Total_loss	: 5.7453
Domain_loss	: 1.0704
Src_cls_loss	: 0.1304
Adv Loss	: 1.3439
-------------------------------------
[Epoch : 9/20]
Pr_Src_cls_loss	: 0.5218
Total_loss	: 5.7619
Domain_loss	: 1.0316
Src_cls_loss	: 0.1347
Adv Loss	: 1.3445
-------------------------------------
[Epoch : 10/20]
Pr_Src_cls_loss	: 0.5218
Total_loss	: 5.7401
Domain_loss	: 1.0012
Src_cls_loss	: 0.1367
Adv Loss	: 1.3373
-------------------------------------
[Epoch : 11/20]
Pr_Src_cls_loss	: 0.5218
Total_loss	: 5.7100
Domain_loss	: 0.9706
Src_cls_loss	: 0.1372
Adv Loss	: 1.3292
-------------------------------------
[Epoch : 12/20]
Pr_Src_cls_loss	: 0.5218
Total_loss	: 5.7166
Domain_loss	: 0.9490
Src_cls_loss	: 0.1431
Adv Loss	: 1.3259
-------------------------------------
[Epoch : 13/20]
Pr_Src_cls_loss	: 0.5218
Total_loss	: 5.7090
Domain_loss	: 0.9234
Src_cls_loss	: 0.1471
Adv Loss	: 1.3206
-------------------------------------
[Epoch : 14/20]
Pr_Src_cls_loss	: 0.5218
Total_loss	: 5.7266
Domain_loss	: 0.9149
Src_cls_loss	: 0.1442
Adv Loss	: 1.3275
-------------------------------------
[Epoch : 15/20]
Pr_Src_cls_loss	: 0.5218
Total_loss	: 5.7528
Domain_loss	: 0.9045
Src_cls_loss	: 0.1429
Adv Loss	: 1.3352
-------------------------------------
[Epoch : 16/20]
Pr_Src_cls_loss	: 0.5218
Total_loss	: 5.7276
Domain_loss	: 0.8786
Src_cls_loss	: 0.1431
Adv Loss	: 1.3287
-------------------------------------
[Epoch : 17/20]
Pr_Src_cls_loss	: 0.5218
Total_loss	: 5.7072
Domain_loss	: 0.8627
Src_cls_loss	: 0.1438
Adv Loss	: 1.3229
-------------------------------------
[Epoch : 18/20]
Pr_Src_cls_loss	: 0.5218
Total_loss	: 5.7137
Domain_loss	: 0.8513
Src_cls_loss	: 0.1434
Adv Loss	: 1.3249
-------------------------------------
[Epoch : 19/20]
Pr_Src_cls_loss	: 0.5218
Total_loss	: 5.7060
Domain_loss	: 0.8345
Src_cls_loss	: 0.1409
Adv Loss	: 1.3250
-------------------------------------
[Epoch : 20/20]
Pr_Src_cls_loss	: 0.5218
Total_loss	: 5.6992
Domain_loss	: 0.8225
Src_cls_loss	: 0.1386
Adv Loss	: 1.3253
-------------------------------------
H_score: 0.2202, OS* (acc_c): 0.1402, UNK (acc_p): 0.5126, acc_mix: 0.1937, F1: 0.1933
Uploading logs from: /mnt/data/home/tp2474/OpenSet-AdaTime/experiments_logs/curriculum/MHEALTH to RealWorld_UniDA_hard_n1_fno_mean/UDA_UniDA_hard_n1_fno_mean/MHEALTH_to_RealWorld_run_3
🏃 View run UDA_run_3 at: http://127.0.0.1:5001/#/experiments/451986342333445797/runs/019feb6fcfcf4ceaaf8bb51a6d53f0e3
🧪 View experiment at: http://127.0.0.1:5001/#/experiments/451986342333445797
=============================================
Dataset: MHEALTH to RealWorld_UniDA_hard_n1_fno_mean
Method:  UDA
=============================================
Source: MHEALTH ---> Target: RealWorld
Run ID: 4
=============================================
[Pr Epoch : 1/20]
Pr_Src_cls_loss	: 1.4231
-------------------------------------
[Pr Epoch : 2/20]
Pr_Src_cls_loss	: 1.3333
-------------------------------------
[Pr Epoch : 3/20]
Pr_Src_cls_loss	: 1.2520
-------------------------------------
[Pr Epoch : 4/20]
Pr_Src_cls_loss	: 1.1745
-------------------------------------
[Pr Epoch : 5/20]
Pr_Src_cls_loss	: 1.1026
-------------------------------------
[Pr Epoch : 6/20]
Pr_Src_cls_loss	: 1.0355
-------------------------------------
[Pr Epoch : 7/20]
Pr_Src_cls_loss	: 0.9733
-------------------------------------
[Pr Epoch : 8/20]
Pr_Src_cls_loss	: 0.9164
-------------------------------------
[Pr Epoch : 9/20]
Pr_Src_cls_loss	: 0.8641
-------------------------------------
[Pr Epoch : 10/20]
Pr_Src_cls_loss	: 0.8166
-------------------------------------
[Pr Epoch : 11/20]
Pr_Src_cls_loss	: 0.7734
-------------------------------------
[Pr Epoch : 12/20]
Pr_Src_cls_loss	: 0.7339
-------------------------------------
[Pr Epoch : 13/20]
Pr_Src_cls_loss	: 0.6978
-------------------------------------
[Pr Epoch : 14/20]
Pr_Src_cls_loss	: 0.6649
-------------------------------------
[Pr Epoch : 15/20]
Pr_Src_cls_loss	: 0.6347
-------------------------------------
[Pr Epoch : 16/20]
Pr_Src_cls_loss	: 0.6069
-------------------------------------
[Pr Epoch : 17/20]
Pr_Src_cls_loss	: 0.5815
-------------------------------------
[Pr Epoch : 18/20]
Pr_Src_cls_loss	: 0.5579
-------------------------------------
[Pr Epoch : 19/20]
Pr_Src_cls_loss	: 0.5361
-------------------------------------
[Pr Epoch : 20/20]
Pr_Src_cls_loss	: 0.5159
-------------------------------------
[Epoch : 1/20]
Pr_Src_cls_loss	: 0.5159
Total_loss	: 5.8320
Domain_loss	: 1.3586
Src_cls_loss	: 0.1216
Adv Loss	: 1.3733
-------------------------------------
[Epoch : 2/20]
Pr_Src_cls_loss	: 0.5159
Total_loss	: 5.7396
Domain_loss	: 1.3149
Src_cls_loss	: 0.1174
Adv Loss	: 1.3535
-------------------------------------
[Epoch : 3/20]
Pr_Src_cls_loss	: 0.5159
Total_loss	: 5.7840
Domain_loss	: 1.3058
Src_cls_loss	: 0.1262
Adv Loss	: 1.3573
-------------------------------------
[Epoch : 4/20]
Pr_Src_cls_loss	: 0.5159
Total_loss	: 5.7926
Domain_loss	: 1.2891
Src_cls_loss	: 0.1265
Adv Loss	: 1.3592
-------------------------------------
[Epoch : 5/20]
Pr_Src_cls_loss	: 0.5159
Total_loss	: 5.7057
Domain_loss	: 1.2178
Src_cls_loss	: 0.1219
Adv Loss	: 1.3411
-------------------------------------
[Epoch : 6/20]
Pr_Src_cls_loss	: 0.5159
Total_loss	: 5.7480
Domain_loss	: 1.1865
Src_cls_loss	: 0.1254
Adv Loss	: 1.3488
-------------------------------------
[Epoch : 7/20]
Pr_Src_cls_loss	: 0.5159
Total_loss	: 5.7103
Domain_loss	: 1.1267
Src_cls_loss	: 0.1250
Adv Loss	: 1.3397
-------------------------------------
[Epoch : 8/20]
Pr_Src_cls_loss	: 0.5159
Total_loss	: 5.7214
Domain_loss	: 1.0863
Src_cls_loss	: 0.1255
Adv Loss	: 1.3420
-------------------------------------
[Epoch : 9/20]
Pr_Src_cls_loss	: 0.5159
Total_loss	: 5.6936
Domain_loss	: 1.0440
Src_cls_loss	: 0.1250
Adv Loss	: 1.3354
-------------------------------------
[Epoch : 10/20]
Pr_Src_cls_loss	: 0.5159
Total_loss	: 5.7096
Domain_loss	: 1.0200
Src_cls_loss	: 0.1282
Adv Loss	: 1.3368
-------------------------------------
[Epoch : 11/20]
Pr_Src_cls_loss	: 0.5159
Total_loss	: 5.7085
Domain_loss	: 1.0040
Src_cls_loss	: 0.1275
Adv Loss	: 1.3370
-------------------------------------
[Epoch : 12/20]
Pr_Src_cls_loss	: 0.5159
Total_loss	: 5.7110
Domain_loss	: 0.9781
Src_cls_loss	: 0.1260
Adv Loss	: 1.3390
-------------------------------------
[Epoch : 13/20]
Pr_Src_cls_loss	: 0.5159
Total_loss	: 5.6782
Domain_loss	: 0.9452
Src_cls_loss	: 0.1230
Adv Loss	: 1.3332
-------------------------------------
[Epoch : 14/20]
Pr_Src_cls_loss	: 0.5159
Total_loss	: 5.6538
Domain_loss	: 0.9351
Src_cls_loss	: 0.1204
Adv Loss	: 1.3292
-------------------------------------
[Epoch : 15/20]
Pr_Src_cls_loss	: 0.5159
Total_loss	: 5.6912
Domain_loss	: 0.9413
Src_cls_loss	: 0.1216
Adv Loss	: 1.3377
-------------------------------------
[Epoch : 16/20]
Pr_Src_cls_loss	: 0.5159
Total_loss	: 5.6573
Domain_loss	: 0.9114
Src_cls_loss	: 0.1220
Adv Loss	: 1.3287
-------------------------------------
[Epoch : 17/20]
Pr_Src_cls_loss	: 0.5159
Total_loss	: 5.6959
Domain_loss	: 0.9095
Src_cls_loss	: 0.1249
Adv Loss	: 1.3361
-------------------------------------
[Epoch : 18/20]
Pr_Src_cls_loss	: 0.5159
Total_loss	: 5.7061
Domain_loss	: 0.8966
Src_cls_loss	: 0.1241
Adv Loss	: 1.3393
-------------------------------------
[Epoch : 19/20]
Pr_Src_cls_loss	: 0.5159
Total_loss	: 5.6725
Domain_loss	: 0.8740
Src_cls_loss	: 0.1207
Adv Loss	: 1.3337
-------------------------------------
[Epoch : 20/20]
Pr_Src_cls_loss	: 0.5159
Total_loss	: 5.6430
Domain_loss	: 0.8578
Src_cls_loss	: 0.1174
Adv Loss	: 1.3291
-------------------------------------
H_score: 0.3415, OS* (acc_c): 0.2682, UNK (acc_p): 0.4701, acc_mix: 0.2972, F1: 0.3290
Uploading logs from: /mnt/data/home/tp2474/OpenSet-AdaTime/experiments_logs/curriculum/MHEALTH to RealWorld_UniDA_hard_n1_fno_mean/UDA_UniDA_hard_n1_fno_mean/MHEALTH_to_RealWorld_run_4
🏃 View run UDA_run_4 at: http://127.0.0.1:5001/#/experiments/451986342333445797/runs/c776e323701e485f99d020c39c56b363
🧪 View experiment at: http://127.0.0.1:5001/#/experiments/451986342333445797
==================== [n1 fno_mean] OVANet ====================
[curriculum] scenario=UniDA  strategy=hard  n_unknown=1  rank_variant=fno_mean
[curriculum] source mapping (5 classes): {'Lying down': 'lying', 'Sitting and relaxing': 'sitting', 'Walking': 'walking', 'Running': 'running', 'Climbing stairs': 'Climbing stairs'}
[curriculum] target mapping (5 classes): {'lying': 'lying', 'sitting': 'sitting', 'walking': 'walking', 'running': 'running', 'climbingup': 'climbingup'}
[curriculum] unknowns added (in hard order): src=[Climbing stairs] | trg=[climbingup]
[scenario] OVANet -> UniDA (uniDA=True)
Unlabeled data shape:  (30610, 150, 18)
Unlabelled Combined shape: (52642, 150, 18)

--- Dataloader Size Check ---
Source Train batches:   22
Target Train batches:   478
-------------------------------

Private classes:  tensor([5.])
=============================================
Dataset: MHEALTH to RealWorld_UniDA_hard_n1_fno_mean
Method:  OVANet
=============================================
Source: MHEALTH ---> Target: RealWorld
Run ID: 0
=============================================
[Pr Epoch : 1/20]
Pr_Src_cls_loss	: 1.4232
-------------------------------------
[Pr Epoch : 2/20]
Pr_Src_cls_loss	: 1.3318
-------------------------------------
[Pr Epoch : 3/20]
Pr_Src_cls_loss	: 1.2497
-------------------------------------
[Pr Epoch : 4/20]
Pr_Src_cls_loss	: 1.1732
-------------------------------------
[Pr Epoch : 5/20]
Pr_Src_cls_loss	: 1.1016
-------------------------------------
[Pr Epoch : 6/20]
Pr_Src_cls_loss	: 1.0354
-------------------------------------
[Pr Epoch : 7/20]
Pr_Src_cls_loss	: 0.9746
-------------------------------------
[Pr Epoch : 8/20]
Pr_Src_cls_loss	: 0.9184
-------------------------------------
[Pr Epoch : 9/20]
Pr_Src_cls_loss	: 0.8667
-------------------------------------
[Pr Epoch : 10/20]
Pr_Src_cls_loss	: 0.8196
-------------------------------------
[Pr Epoch : 11/20]
Pr_Src_cls_loss	: 0.7765
-------------------------------------
[Pr Epoch : 12/20]
Pr_Src_cls_loss	: 0.7373
-------------------------------------
[Pr Epoch : 13/20]
Pr_Src_cls_loss	: 0.7015
-------------------------------------
[Pr Epoch : 14/20]
Pr_Src_cls_loss	: 0.6689
-------------------------------------
[Pr Epoch : 15/20]
Pr_Src_cls_loss	: 0.6389
-------------------------------------
[Pr Epoch : 16/20]
Pr_Src_cls_loss	: 0.6113
-------------------------------------
[Pr Epoch : 17/20]
Pr_Src_cls_loss	: 0.5858
-------------------------------------
[Pr Epoch : 18/20]
Pr_Src_cls_loss	: 0.5622
-------------------------------------
[Pr Epoch : 19/20]
Pr_Src_cls_loss	: 0.5404
-------------------------------------
[Pr Epoch : 20/20]
Pr_Src_cls_loss	: 0.5202
-------------------------------------
[Epoch : 1/20]
Pr_Src_cls_loss	: 0.5202
Total_loss	: 1.5237
Open Loss	: 0.7024
Src_cls_loss	: 0.1290
Entropy Open	: 0.6923
-------------------------------------
[Epoch : 2/20]
Pr_Src_cls_loss	: 0.5202
Total_loss	: 1.5149
Open Loss	: 0.6936
Src_cls_loss	: 0.1290
Entropy Open	: 0.6923
-------------------------------------
[Epoch : 3/20]
Pr_Src_cls_loss	: 0.5202
Total_loss	: 1.5053
Open Loss	: 0.6854
Src_cls_loss	: 0.1275
Entropy Open	: 0.6924
-------------------------------------
[Epoch : 4/20]
Pr_Src_cls_loss	: 0.5202
Total_loss	: 1.4971
Open Loss	: 0.6779
Src_cls_loss	: 0.1268
Entropy Open	: 0.6924
-------------------------------------
[Epoch : 5/20]
Pr_Src_cls_loss	: 0.5202
Total_loss	: 1.4892
Open Loss	: 0.6710
Src_cls_loss	: 0.1258
Entropy Open	: 0.6924
-------------------------------------
[Epoch : 6/20]
Pr_Src_cls_loss	: 0.5202
Total_loss	: 1.4817
Open Loss	: 0.6645
Src_cls_loss	: 0.1249
Entropy Open	: 0.6923
-------------------------------------
[Epoch : 7/20]
Pr_Src_cls_loss	: 0.5202
Total_loss	: 1.4745
Open Loss	: 0.6582
Src_cls_loss	: 0.1241
Entropy Open	: 0.6922
-------------------------------------
[Epoch : 8/20]
Pr_Src_cls_loss	: 0.5202
Total_loss	: 1.4675
Open Loss	: 0.6522
Src_cls_loss	: 0.1231
Entropy Open	: 0.6921
-------------------------------------
[Epoch : 9/20]
Pr_Src_cls_loss	: 0.5202
Total_loss	: 1.4607
Open Loss	: 0.6465
Src_cls_loss	: 0.1223
Entropy Open	: 0.6919
-------------------------------------
[Epoch : 10/20]
Pr_Src_cls_loss	: 0.5202
Total_loss	: 1.4539
Open Loss	: 0.6409
Src_cls_loss	: 0.1214
Entropy Open	: 0.6917
-------------------------------------
[Epoch : 11/20]
Pr_Src_cls_loss	: 0.5202
Total_loss	: 1.4474
Open Loss	: 0.6354
Src_cls_loss	: 0.1205
Entropy Open	: 0.6914
-------------------------------------
[Epoch : 12/20]
Pr_Src_cls_loss	: 0.5202
Total_loss	: 1.4408
Open Loss	: 0.6301
Src_cls_loss	: 0.1196
Entropy Open	: 0.6911
-------------------------------------
[Epoch : 13/20]
Pr_Src_cls_loss	: 0.5202
Total_loss	: 1.4343
Open Loss	: 0.6249
Src_cls_loss	: 0.1186
Entropy Open	: 0.6908
-------------------------------------
[Epoch : 14/20]
Pr_Src_cls_loss	: 0.5202
Total_loss	: 1.4278
Open Loss	: 0.6198
Src_cls_loss	: 0.1177
Entropy Open	: 0.6904
-------------------------------------
[Epoch : 15/20]
Pr_Src_cls_loss	: 0.5202
Total_loss	: 1.4213
Open Loss	: 0.6147
Src_cls_loss	: 0.1167
Entropy Open	: 0.6899
-------------------------------------
[Epoch : 16/20]
Pr_Src_cls_loss	: 0.5202
Total_loss	: 1.4151
Open Loss	: 0.6098
Src_cls_loss	: 0.1159
Entropy Open	: 0.6894
-------------------------------------
[Epoch : 17/20]
Pr_Src_cls_loss	: 0.5202
Total_loss	: 1.4089
Open Loss	: 0.6050
Src_cls_loss	: 0.1150
Entropy Open	: 0.6888
-------------------------------------
[Epoch : 18/20]
Pr_Src_cls_loss	: 0.5202
Total_loss	: 1.4025
Open Loss	: 0.6002
Src_cls_loss	: 0.1140
Entropy Open	: 0.6882
-------------------------------------
[Epoch : 19/20]
Pr_Src_cls_loss	: 0.5202
Total_loss	: 1.3962
Open Loss	: 0.5955
Src_cls_loss	: 0.1132
Entropy Open	: 0.6875
-------------------------------------
[Epoch : 20/20]
Pr_Src_cls_loss	: 0.5202
Total_loss	: 1.3900
Open Loss	: 0.5909
Src_cls_loss	: 0.1123
Entropy Open	: 0.6867
-------------------------------------
/mnt/data/home/tp2474/OpenSet-AdaTime/algorithms/algorithms.py:661: UserWarning: Implicit dimension choice for softmax has been deprecated. Change the call to include dim=X as an argument.
  predictions = F.softmax(self.classifier(features))
/mnt/data/home/tp2474/OpenSet-AdaTime/trainers/abstract_trainer.py:331: FutureWarning: The behavior of DataFrame concatenation with empty or all-NA entries is deprecated. In a future version, this will no longer exclude empty or all-NA columns when determining the result dtypes. To retain the old behavior, exclude the relevant entries before the concat operation.
  table = pd.concat([table, results_df], ignore_index=True)
H_score: 0.2980, OS* (acc_c): 0.3359, UNK (acc_p): 0.2678, acc_mix: 0.3261, F1: 0.3419
Uploading logs from: /mnt/data/home/tp2474/OpenSet-AdaTime/experiments_logs/curriculum/MHEALTH to RealWorld_UniDA_hard_n1_fno_mean/OVANet_UniDA_hard_n1_fno_mean/MHEALTH_to_RealWorld_run_0
🏃 View run OVANet_run_0 at: http://127.0.0.1:5001/#/experiments/451986342333445797/runs/d320cb2622304dc6a45d5bfa9e536e0d
🧪 View experiment at: http://127.0.0.1:5001/#/experiments/451986342333445797
=============================================
Dataset: MHEALTH to RealWorld_UniDA_hard_n1_fno_mean
Method:  OVANet
=============================================
Source: MHEALTH ---> Target: RealWorld
Run ID: 1
=============================================
[Pr Epoch : 1/20]
Pr_Src_cls_loss	: 1.4352
-------------------------------------
[Pr Epoch : 2/20]
Pr_Src_cls_loss	: 1.3494
-------------------------------------
[Pr Epoch : 3/20]
Pr_Src_cls_loss	: 1.2705
-------------------------------------
[Pr Epoch : 4/20]
Pr_Src_cls_loss	: 1.1961
-------------------------------------
[Pr Epoch : 5/20]
Pr_Src_cls_loss	: 1.1264
-------------------------------------
[Pr Epoch : 6/20]
Pr_Src_cls_loss	: 1.0615
-------------------------------------
[Pr Epoch : 7/20]
Pr_Src_cls_loss	: 1.0011
-------------------------------------
[Pr Epoch : 8/20]
Pr_Src_cls_loss	: 0.9456
-------------------------------------
[Pr Epoch : 9/20]
Pr_Src_cls_loss	: 0.8944
-------------------------------------
[Pr Epoch : 10/20]
Pr_Src_cls_loss	: 0.8474
-------------------------------------
[Pr Epoch : 11/20]
Pr_Src_cls_loss	: 0.8042
-------------------------------------
[Pr Epoch : 12/20]
Pr_Src_cls_loss	: 0.7647
-------------------------------------
[Pr Epoch : 13/20]
Pr_Src_cls_loss	: 0.7284
-------------------------------------
[Pr Epoch : 14/20]
Pr_Src_cls_loss	: 0.6949
-------------------------------------
[Pr Epoch : 15/20]
Pr_Src_cls_loss	: 0.6644
-------------------------------------
[Pr Epoch : 16/20]
Pr_Src_cls_loss	: 0.6362
-------------------------------------
[Pr Epoch : 17/20]
Pr_Src_cls_loss	: 0.6102
-------------------------------------
[Pr Epoch : 18/20]
Pr_Src_cls_loss	: 0.5861
-------------------------------------
[Pr Epoch : 19/20]
Pr_Src_cls_loss	: 0.5638
-------------------------------------
[Pr Epoch : 20/20]
Pr_Src_cls_loss	: 0.5430
-------------------------------------
[Epoch : 1/20]
Pr_Src_cls_loss	: 0.5430
Total_loss	: 1.5441
Open Loss	: 0.7123
Src_cls_loss	: 0.1392
Entropy Open	: 0.6925
-------------------------------------
[Epoch : 2/20]
Pr_Src_cls_loss	: 0.5430
Total_loss	: 1.5351
Open Loss	: 0.7034
Src_cls_loss	: 0.1392
Entropy Open	: 0.6926
-------------------------------------
[Epoch : 3/20]
Pr_Src_cls_loss	: 0.5430
Total_loss	: 1.5270
Open Loss	: 0.6956
Src_cls_loss	: 0.1388
Entropy Open	: 0.6926
-------------------------------------
[Epoch : 4/20]
Pr_Src_cls_loss	: 0.5430
Total_loss	: 1.5193
Open Loss	: 0.6885
Src_cls_loss	: 0.1382
Entropy Open	: 0.6926
-------------------------------------
[Epoch : 5/20]
Pr_Src_cls_loss	: 0.5430
Total_loss	: 1.5121
Open Loss	: 0.6819
Src_cls_loss	: 0.1376
Entropy Open	: 0.6925
-------------------------------------
[Epoch : 6/20]
Pr_Src_cls_loss	: 0.5430
Total_loss	: 1.5053
Open Loss	: 0.6758
Src_cls_loss	: 0.1371
Entropy Open	: 0.6925
-------------------------------------
[Epoch : 7/20]
Pr_Src_cls_loss	: 0.5430
Total_loss	: 1.4986
Open Loss	: 0.6699
Src_cls_loss	: 0.1363
Entropy Open	: 0.6923
-------------------------------------
[Epoch : 8/20]
Pr_Src_cls_loss	: 0.5430
Total_loss	: 1.4922
Open Loss	: 0.6645
Src_cls_loss	: 0.1356
Entropy Open	: 0.6922
-------------------------------------
[Epoch : 9/20]
Pr_Src_cls_loss	: 0.5430
Total_loss	: 1.4860
Open Loss	: 0.6591
Src_cls_loss	: 0.1349
Entropy Open	: 0.6920
-------------------------------------
[Epoch : 10/20]
Pr_Src_cls_loss	: 0.5430
Total_loss	: 1.4798
Open Loss	: 0.6540
Src_cls_loss	: 0.1340
Entropy Open	: 0.6918
-------------------------------------
[Epoch : 11/20]
Pr_Src_cls_loss	: 0.5430
Total_loss	: 1.4736
Open Loss	: 0.6490
Src_cls_loss	: 0.1331
Entropy Open	: 0.6915
-------------------------------------
[Epoch : 12/20]
Pr_Src_cls_loss	: 0.5430
Total_loss	: 1.4675
Open Loss	: 0.6441
Src_cls_loss	: 0.1322
Entropy Open	: 0.6912
-------------------------------------
[Epoch : 13/20]
Pr_Src_cls_loss	: 0.5430
Total_loss	: 1.4614
Open Loss	: 0.6393
Src_cls_loss	: 0.1314
Entropy Open	: 0.6908
-------------------------------------
[Epoch : 14/20]
Pr_Src_cls_loss	: 0.5430
Total_loss	: 1.4553
Open Loss	: 0.6345
Src_cls_loss	: 0.1305
Entropy Open	: 0.6904
-------------------------------------
[Epoch : 15/20]
Pr_Src_cls_loss	: 0.5430
Total_loss	: 1.4492
Open Loss	: 0.6299
Src_cls_loss	: 0.1295
Entropy Open	: 0.6899
-------------------------------------
[Epoch : 16/20]
Pr_Src_cls_loss	: 0.5430
Total_loss	: 1.4431
Open Loss	: 0.6252
Src_cls_loss	: 0.1286
Entropy Open	: 0.6893
-------------------------------------
[Epoch : 17/20]
Pr_Src_cls_loss	: 0.5430
Total_loss	: 1.4371
Open Loss	: 0.6207
Src_cls_loss	: 0.1277
Entropy Open	: 0.6887
-------------------------------------
[Epoch : 18/20]
Pr_Src_cls_loss	: 0.5430
Total_loss	: 1.4310
Open Loss	: 0.6162
Src_cls_loss	: 0.1268
Entropy Open	: 0.6881
-------------------------------------
[Epoch : 19/20]
Pr_Src_cls_loss	: 0.5430
Total_loss	: 1.4250
Open Loss	: 0.6118
Src_cls_loss	: 0.1258
Entropy Open	: 0.6873
-------------------------------------
[Epoch : 20/20]
Pr_Src_cls_loss	: 0.5430
Total_loss	: 1.4189
Open Loss	: 0.6074
Src_cls_loss	: 0.1250
Entropy Open	: 0.6865
-------------------------------------
H_score: 0.1964, OS* (acc_c): 0.2103, UNK (acc_p): 0.1843, acc_mix: 0.2066, F1: 0.2245
Uploading logs from: /mnt/data/home/tp2474/OpenSet-AdaTime/experiments_logs/curriculum/MHEALTH to RealWorld_UniDA_hard_n1_fno_mean/OVANet_UniDA_hard_n1_fno_mean/MHEALTH_to_RealWorld_run_1
🏃 View run OVANet_run_1 at: http://127.0.0.1:5001/#/experiments/451986342333445797/runs/ab105405b5f741b09a678872f8dc28e5
🧪 View experiment at: http://127.0.0.1:5001/#/experiments/451986342333445797
=============================================
Dataset: MHEALTH to RealWorld_UniDA_hard_n1_fno_mean
Method:  OVANet
=============================================
Source: MHEALTH ---> Target: RealWorld
Run ID: 2
=============================================
[Pr Epoch : 1/20]
Pr_Src_cls_loss	: 1.4308
-------------------------------------
[Pr Epoch : 2/20]
Pr_Src_cls_loss	: 1.3404
-------------------------------------
[Pr Epoch : 3/20]
Pr_Src_cls_loss	: 1.2582
-------------------------------------
[Pr Epoch : 4/20]
Pr_Src_cls_loss	: 1.1808
-------------------------------------
[Pr Epoch : 5/20]
Pr_Src_cls_loss	: 1.1087
-------------------------------------
[Pr Epoch : 6/20]
Pr_Src_cls_loss	: 1.0409
-------------------------------------
[Pr Epoch : 7/20]
Pr_Src_cls_loss	: 0.9781
-------------------------------------
[Pr Epoch : 8/20]
Pr_Src_cls_loss	: 0.9202
-------------------------------------
[Pr Epoch : 9/20]
Pr_Src_cls_loss	: 0.8674
-------------------------------------
[Pr Epoch : 10/20]
Pr_Src_cls_loss	: 0.8191
-------------------------------------
[Pr Epoch : 11/20]
Pr_Src_cls_loss	: 0.7754
-------------------------------------
[Pr Epoch : 12/20]
Pr_Src_cls_loss	: 0.7354
-------------------------------------
[Pr Epoch : 13/20]
Pr_Src_cls_loss	: 0.6991
-------------------------------------
[Pr Epoch : 14/20]
Pr_Src_cls_loss	: 0.6658
-------------------------------------
[Pr Epoch : 15/20]
Pr_Src_cls_loss	: 0.6354
-------------------------------------
[Pr Epoch : 16/20]
Pr_Src_cls_loss	: 0.6073
-------------------------------------
[Pr Epoch : 17/20]
Pr_Src_cls_loss	: 0.5816
-------------------------------------
[Pr Epoch : 18/20]
Pr_Src_cls_loss	: 0.5580
-------------------------------------
[Pr Epoch : 19/20]
Pr_Src_cls_loss	: 0.5361
-------------------------------------
[Pr Epoch : 20/20]
Pr_Src_cls_loss	: 0.5158
-------------------------------------
[Epoch : 1/20]
Pr_Src_cls_loss	: 0.5158
Total_loss	: 1.5216
Open Loss	: 0.7059
Src_cls_loss	: 0.1232
Entropy Open	: 0.6925
-------------------------------------
[Epoch : 2/20]
Pr_Src_cls_loss	: 0.5158
Total_loss	: 1.5112
Open Loss	: 0.6959
Src_cls_loss	: 0.1227
Entropy Open	: 0.6926
-------------------------------------
[Epoch : 3/20]
Pr_Src_cls_loss	: 0.5158
Total_loss	: 1.5023
Open Loss	: 0.6870
Src_cls_loss	: 0.1227
Entropy Open	: 0.6926
-------------------------------------
[Epoch : 4/20]
Pr_Src_cls_loss	: 0.5158
Total_loss	: 1.4935
Open Loss	: 0.6789
Src_cls_loss	: 0.1220
Entropy Open	: 0.6925
-------------------------------------
[Epoch : 5/20]
Pr_Src_cls_loss	: 0.5158
Total_loss	: 1.4852
Open Loss	: 0.6714
Src_cls_loss	: 0.1213
Entropy Open	: 0.6924
-------------------------------------
[Epoch : 6/20]
Pr_Src_cls_loss	: 0.5158
Total_loss	: 1.4776
Open Loss	: 0.6645
Src_cls_loss	: 0.1208
Entropy Open	: 0.6923
-------------------------------------
[Epoch : 7/20]
Pr_Src_cls_loss	: 0.5158
Total_loss	: 1.4698
Open Loss	: 0.6579
Src_cls_loss	: 0.1197
Entropy Open	: 0.6921
-------------------------------------
[Epoch : 8/20]
Pr_Src_cls_loss	: 0.5158
Total_loss	: 1.4623
Open Loss	: 0.6516
Src_cls_loss	: 0.1188
Entropy Open	: 0.6919
-------------------------------------
[Epoch : 9/20]
Pr_Src_cls_loss	: 0.5158
Total_loss	: 1.4550
Open Loss	: 0.6455
Src_cls_loss	: 0.1178
Entropy Open	: 0.6916
-------------------------------------
[Epoch : 10/20]
Pr_Src_cls_loss	: 0.5158
Total_loss	: 1.4478
Open Loss	: 0.6397
Src_cls_loss	: 0.1169
Entropy Open	: 0.6913
-------------------------------------
[Epoch : 11/20]
Pr_Src_cls_loss	: 0.5158
Total_loss	: 1.4407
Open Loss	: 0.6339
Src_cls_loss	: 0.1159
Entropy Open	: 0.6909
-------------------------------------
[Epoch : 12/20]
Pr_Src_cls_loss	: 0.5158
Total_loss	: 1.4338
Open Loss	: 0.6284
Src_cls_loss	: 0.1150
Entropy Open	: 0.6904
-------------------------------------
[Epoch : 13/20]
Pr_Src_cls_loss	: 0.5158
Total_loss	: 1.4269
Open Loss	: 0.6229
Src_cls_loss	: 0.1141
Entropy Open	: 0.6898
-------------------------------------
[Epoch : 14/20]
Pr_Src_cls_loss	: 0.5158
Total_loss	: 1.4200
Open Loss	: 0.6176
Src_cls_loss	: 0.1131
Entropy Open	: 0.6892
-------------------------------------
[Epoch : 15/20]
Pr_Src_cls_loss	: 0.5158
Total_loss	: 1.4132
Open Loss	: 0.6124
Src_cls_loss	: 0.1122
Entropy Open	: 0.6886
-------------------------------------
[Epoch : 16/20]
Pr_Src_cls_loss	: 0.5158
Total_loss	: 1.4064
Open Loss	: 0.6073
Src_cls_loss	: 0.1113
Entropy Open	: 0.6878
-------------------------------------
[Epoch : 17/20]
Pr_Src_cls_loss	: 0.5158
Total_loss	: 1.3997
Open Loss	: 0.6023
Src_cls_loss	: 0.1104
Entropy Open	: 0.6870
-------------------------------------
[Epoch : 18/20]
Pr_Src_cls_loss	: 0.5158
Total_loss	: 1.3930
Open Loss	: 0.5974
Src_cls_loss	: 0.1095
Entropy Open	: 0.6862
-------------------------------------
[Epoch : 19/20]
Pr_Src_cls_loss	: 0.5158
Total_loss	: 1.3863
Open Loss	: 0.5925
Src_cls_loss	: 0.1086
Entropy Open	: 0.6852
-------------------------------------
[Epoch : 20/20]
Pr_Src_cls_loss	: 0.5158
Total_loss	: 1.3796
Open Loss	: 0.5877
Src_cls_loss	: 0.1077
Entropy Open	: 0.6842
-------------------------------------
H_score: 0.3324, OS* (acc_c): 0.2163, UNK (acc_p): 0.7170, acc_mix: 0.2882, F1: 0.2670
Uploading logs from: /mnt/data/home/tp2474/OpenSet-AdaTime/experiments_logs/curriculum/MHEALTH to RealWorld_UniDA_hard_n1_fno_mean/OVANet_UniDA_hard_n1_fno_mean/MHEALTH_to_RealWorld_run_2
🏃 View run OVANet_run_2 at: http://127.0.0.1:5001/#/experiments/451986342333445797/runs/ba70da0dc0be4dbb9ccb2a0bb1cebaeb
🧪 View experiment at: http://127.0.0.1:5001/#/experiments/451986342333445797
=============================================
Dataset: MHEALTH to RealWorld_UniDA_hard_n1_fno_mean
Method:  OVANet
=============================================
Source: MHEALTH ---> Target: RealWorld
Run ID: 3
=============================================
[Pr Epoch : 1/20]
Pr_Src_cls_loss	: 1.4202
-------------------------------------
[Pr Epoch : 2/20]
Pr_Src_cls_loss	: 1.3307
-------------------------------------
[Pr Epoch : 3/20]
Pr_Src_cls_loss	: 1.2494
-------------------------------------
[Pr Epoch : 4/20]
Pr_Src_cls_loss	: 1.1728
-------------------------------------
[Pr Epoch : 5/20]
Pr_Src_cls_loss	: 1.1019
-------------------------------------
[Pr Epoch : 6/20]
Pr_Src_cls_loss	: 1.0361
-------------------------------------
[Pr Epoch : 7/20]
Pr_Src_cls_loss	: 0.9751
-------------------------------------
[Pr Epoch : 8/20]
Pr_Src_cls_loss	: 0.9190
-------------------------------------
[Pr Epoch : 9/20]
Pr_Src_cls_loss	: 0.8676
-------------------------------------
[Pr Epoch : 10/20]
Pr_Src_cls_loss	: 0.8205
-------------------------------------
[Pr Epoch : 11/20]
Pr_Src_cls_loss	: 0.7776
-------------------------------------
[Pr Epoch : 12/20]
Pr_Src_cls_loss	: 0.7384
-------------------------------------
[Pr Epoch : 13/20]
Pr_Src_cls_loss	: 0.7025
-------------------------------------
[Pr Epoch : 14/20]
Pr_Src_cls_loss	: 0.6698
-------------------------------------
[Pr Epoch : 15/20]
Pr_Src_cls_loss	: 0.6397
-------------------------------------
[Pr Epoch : 16/20]
Pr_Src_cls_loss	: 0.6120
-------------------------------------
[Pr Epoch : 17/20]
Pr_Src_cls_loss	: 0.5864
-------------------------------------
[Pr Epoch : 18/20]
Pr_Src_cls_loss	: 0.5628
-------------------------------------
[Pr Epoch : 19/20]
Pr_Src_cls_loss	: 0.5410
-------------------------------------
[Pr Epoch : 20/20]
Pr_Src_cls_loss	: 0.5207
-------------------------------------
[Epoch : 1/20]
Pr_Src_cls_loss	: 0.5207
Total_loss	: 1.5277
Open Loss	: 0.7062
Src_cls_loss	: 0.1290
Entropy Open	: 0.6924
-------------------------------------
[Epoch : 2/20]
Pr_Src_cls_loss	: 0.5207
Total_loss	: 1.5180
Open Loss	: 0.6978
Src_cls_loss	: 0.1277
Entropy Open	: 0.6925
-------------------------------------
[Epoch : 3/20]
Pr_Src_cls_loss	: 0.5207
Total_loss	: 1.5098
Open Loss	: 0.6900
Src_cls_loss	: 0.1273
Entropy Open	: 0.6925
-------------------------------------
[Epoch : 4/20]
Pr_Src_cls_loss	: 0.5207
Total_loss	: 1.5018
Open Loss	: 0.6827
Src_cls_loss	: 0.1266
Entropy Open	: 0.6925
-------------------------------------
[Epoch : 5/20]
Pr_Src_cls_loss	: 0.5207
Total_loss	: 1.4943
Open Loss	: 0.6759
Src_cls_loss	: 0.1259
Entropy Open	: 0.6924
-------------------------------------
[Epoch : 6/20]
Pr_Src_cls_loss	: 0.5207
Total_loss	: 1.4868
Open Loss	: 0.6696
Src_cls_loss	: 0.1249
Entropy Open	: 0.6924
-------------------------------------
[Epoch : 7/20]
Pr_Src_cls_loss	: 0.5207
Total_loss	: 1.4797
Open Loss	: 0.6635
Src_cls_loss	: 0.1240
Entropy Open	: 0.6922
-------------------------------------
[Epoch : 8/20]
Pr_Src_cls_loss	: 0.5207
Total_loss	: 1.4730
Open Loss	: 0.6577
Src_cls_loss	: 0.1232
Entropy Open	: 0.6920
-------------------------------------
[Epoch : 9/20]
Pr_Src_cls_loss	: 0.5207
Total_loss	: 1.4662
Open Loss	: 0.6521
Src_cls_loss	: 0.1223
Entropy Open	: 0.6918
-------------------------------------
[Epoch : 10/20]
Pr_Src_cls_loss	: 0.5207
Total_loss	: 1.4594
Open Loss	: 0.6466
Src_cls_loss	: 0.1212
Entropy Open	: 0.6915
-------------------------------------
[Epoch : 11/20]
Pr_Src_cls_loss	: 0.5207
Total_loss	: 1.4529
Open Loss	: 0.6413
Src_cls_loss	: 0.1203
Entropy Open	: 0.6912
-------------------------------------
[Epoch : 12/20]
Pr_Src_cls_loss	: 0.5207
Total_loss	: 1.4463
Open Loss	: 0.6361
Src_cls_loss	: 0.1194
Entropy Open	: 0.6909
-------------------------------------
[Epoch : 13/20]
Pr_Src_cls_loss	: 0.5207
Total_loss	: 1.4398
Open Loss	: 0.6310
Src_cls_loss	: 0.1184
Entropy Open	: 0.6905
-------------------------------------
[Epoch : 14/20]
Pr_Src_cls_loss	: 0.5207
Total_loss	: 1.4335
Open Loss	: 0.6260
Src_cls_loss	: 0.1175
Entropy Open	: 0.6900
-------------------------------------
[Epoch : 15/20]
Pr_Src_cls_loss	: 0.5207
Total_loss	: 1.4271
Open Loss	: 0.6211
Src_cls_loss	: 0.1165
Entropy Open	: 0.6895
-------------------------------------
[Epoch : 16/20]
Pr_Src_cls_loss	: 0.5207
Total_loss	: 1.4207
Open Loss	: 0.6162
Src_cls_loss	: 0.1156
Entropy Open	: 0.6889
-------------------------------------
[Epoch : 17/20]
Pr_Src_cls_loss	: 0.5207
Total_loss	: 1.4144
Open Loss	: 0.6115
Src_cls_loss	: 0.1146
Entropy Open	: 0.6883
-------------------------------------
[Epoch : 18/20]
Pr_Src_cls_loss	: 0.5207
Total_loss	: 1.4080
Open Loss	: 0.6067
Src_cls_loss	: 0.1137
Entropy Open	: 0.6876
-------------------------------------
[Epoch : 19/20]
Pr_Src_cls_loss	: 0.5207
Total_loss	: 1.4017
Open Loss	: 0.6021
Src_cls_loss	: 0.1128
Entropy Open	: 0.6869
-------------------------------------
[Epoch : 20/20]
Pr_Src_cls_loss	: 0.5207
Total_loss	: 1.3955
Open Loss	: 0.5975
Src_cls_loss	: 0.1119
Entropy Open	: 0.6861
-------------------------------------
H_score: 0.3117, OS* (acc_c): 0.3161, UNK (acc_p): 0.3074, acc_mix: 0.3149, F1: 0.3216
Uploading logs from: /mnt/data/home/tp2474/OpenSet-AdaTime/experiments_logs/curriculum/MHEALTH to RealWorld_UniDA_hard_n1_fno_mean/OVANet_UniDA_hard_n1_fno_mean/MHEALTH_to_RealWorld_run_3
🏃 View run OVANet_run_3 at: http://127.0.0.1:5001/#/experiments/451986342333445797/runs/d15bbf1e56af4b6caea1210d89b55ae1
🧪 View experiment at: http://127.0.0.1:5001/#/experiments/451986342333445797
=============================================
Dataset: MHEALTH to RealWorld_UniDA_hard_n1_fno_mean
Method:  OVANet
=============================================
Source: MHEALTH ---> Target: RealWorld
Run ID: 4
=============================================
[Pr Epoch : 1/20]
Pr_Src_cls_loss	: 1.4248
-------------------------------------
[Pr Epoch : 2/20]
Pr_Src_cls_loss	: 1.3355
-------------------------------------
[Pr Epoch : 3/20]
Pr_Src_cls_loss	: 1.2554
-------------------------------------
[Pr Epoch : 4/20]
Pr_Src_cls_loss	: 1.1787
-------------------------------------
[Pr Epoch : 5/20]
Pr_Src_cls_loss	: 1.1073
-------------------------------------
[Pr Epoch : 6/20]
Pr_Src_cls_loss	: 1.0405
-------------------------------------
[Pr Epoch : 7/20]
Pr_Src_cls_loss	: 0.9786
-------------------------------------
[Pr Epoch : 8/20]
Pr_Src_cls_loss	: 0.9213
-------------------------------------
[Pr Epoch : 9/20]
Pr_Src_cls_loss	: 0.8691
-------------------------------------
[Pr Epoch : 10/20]
Pr_Src_cls_loss	: 0.8214
-------------------------------------
[Pr Epoch : 11/20]
Pr_Src_cls_loss	: 0.7778
-------------------------------------
[Pr Epoch : 12/20]
Pr_Src_cls_loss	: 0.7380
-------------------------------------
[Pr Epoch : 13/20]
Pr_Src_cls_loss	: 0.7018
-------------------------------------
[Pr Epoch : 14/20]
Pr_Src_cls_loss	: 0.6686
-------------------------------------
[Pr Epoch : 15/20]
Pr_Src_cls_loss	: 0.6381
-------------------------------------
[Pr Epoch : 16/20]
Pr_Src_cls_loss	: 0.6102
-------------------------------------
[Pr Epoch : 17/20]
Pr_Src_cls_loss	: 0.5845
-------------------------------------
[Pr Epoch : 18/20]
Pr_Src_cls_loss	: 0.5608
-------------------------------------
[Pr Epoch : 19/20]
Pr_Src_cls_loss	: 0.5389
-------------------------------------
[Pr Epoch : 20/20]
Pr_Src_cls_loss	: 0.5185
-------------------------------------
[Epoch : 1/20]
Pr_Src_cls_loss	: 0.5185
Total_loss	: 1.5127
Open Loss	: 0.6948
Src_cls_loss	: 0.1253
Entropy Open	: 0.6927
-------------------------------------
[Epoch : 2/20]
Pr_Src_cls_loss	: 0.5185
Total_loss	: 1.5042
Open Loss	: 0.6860
Src_cls_loss	: 0.1255
Entropy Open	: 0.6927
-------------------------------------
[Epoch : 3/20]
Pr_Src_cls_loss	: 0.5185
Total_loss	: 1.4956
Open Loss	: 0.6785
Src_cls_loss	: 0.1244
Entropy Open	: 0.6927
-------------------------------------
[Epoch : 4/20]
Pr_Src_cls_loss	: 0.5185
Total_loss	: 1.4883
Open Loss	: 0.6717
Src_cls_loss	: 0.1240
Entropy Open	: 0.6926
-------------------------------------
[Epoch : 5/20]
Pr_Src_cls_loss	: 0.5185
Total_loss	: 1.4813
Open Loss	: 0.6655
Src_cls_loss	: 0.1233
Entropy Open	: 0.6926
-------------------------------------
[Epoch : 6/20]
Pr_Src_cls_loss	: 0.5185
Total_loss	: 1.4745
Open Loss	: 0.6595
Src_cls_loss	: 0.1225
Entropy Open	: 0.6925
-------------------------------------
[Epoch : 7/20]
Pr_Src_cls_loss	: 0.5185
Total_loss	: 1.4678
Open Loss	: 0.6538
Src_cls_loss	: 0.1216
Entropy Open	: 0.6924
-------------------------------------
[Epoch : 8/20]
Pr_Src_cls_loss	: 0.5185
Total_loss	: 1.4612
Open Loss	: 0.6483
Src_cls_loss	: 0.1207
Entropy Open	: 0.6922
-------------------------------------
[Epoch : 9/20]
Pr_Src_cls_loss	: 0.5185
Total_loss	: 1.4546
Open Loss	: 0.6429
Src_cls_loss	: 0.1196
Entropy Open	: 0.6921
-------------------------------------
[Epoch : 10/20]
Pr_Src_cls_loss	: 0.5185
Total_loss	: 1.4481
Open Loss	: 0.6376
Src_cls_loss	: 0.1187
Entropy Open	: 0.6919
-------------------------------------
[Epoch : 11/20]
Pr_Src_cls_loss	: 0.5185
Total_loss	: 1.4417
Open Loss	: 0.6324
Src_cls_loss	: 0.1177
Entropy Open	: 0.6916
-------------------------------------
[Epoch : 12/20]
Pr_Src_cls_loss	: 0.5185
Total_loss	: 1.4354
Open Loss	: 0.6273
Src_cls_loss	: 0.1167
Entropy Open	: 0.6913
-------------------------------------
[Epoch : 13/20]
Pr_Src_cls_loss	: 0.5185
Total_loss	: 1.4290
Open Loss	: 0.6223
Src_cls_loss	: 0.1157
Entropy Open	: 0.6910
-------------------------------------
[Epoch : 14/20]
Pr_Src_cls_loss	: 0.5185
Total_loss	: 1.4228
Open Loss	: 0.6174
Src_cls_loss	: 0.1148
Entropy Open	: 0.6906
-------------------------------------
[Epoch : 15/20]
Pr_Src_cls_loss	: 0.5185
Total_loss	: 1.4165
Open Loss	: 0.6125
Src_cls_loss	: 0.1138
Entropy Open	: 0.6902
-------------------------------------
[Epoch : 16/20]
Pr_Src_cls_loss	: 0.5185
Total_loss	: 1.4104
Open Loss	: 0.6078
Src_cls_loss	: 0.1129
Entropy Open	: 0.6897
-------------------------------------
[Epoch : 17/20]
Pr_Src_cls_loss	: 0.5185
Total_loss	: 1.4042
Open Loss	: 0.6031
Src_cls_loss	: 0.1119
Entropy Open	: 0.6892
-------------------------------------
[Epoch : 18/20]
Pr_Src_cls_loss	: 0.5185
Total_loss	: 1.3982
Open Loss	: 0.5985
Src_cls_loss	: 0.1111
Entropy Open	: 0.6886
-------------------------------------
[Epoch : 19/20]
Pr_Src_cls_loss	: 0.5185
Total_loss	: 1.3920
Open Loss	: 0.5939
Src_cls_loss	: 0.1101
Entropy Open	: 0.6880
-------------------------------------
[Epoch : 20/20]
Pr_Src_cls_loss	: 0.5185
Total_loss	: 1.3859
Open Loss	: 0.5893
Src_cls_loss	: 0.1092
Entropy Open	: 0.6873
-------------------------------------
H_score: 0.2866, OS* (acc_c): 0.2658, UNK (acc_p): 0.3110, acc_mix: 0.2723, F1: 0.3139
Uploading logs from: /mnt/data/home/tp2474/OpenSet-AdaTime/experiments_logs/curriculum/MHEALTH to RealWorld_UniDA_hard_n1_fno_mean/OVANet_UniDA_hard_n1_fno_mean/MHEALTH_to_RealWorld_run_4
🏃 View run OVANet_run_4 at: http://127.0.0.1:5001/#/experiments/451986342333445797/runs/5d49c680026f4798993d6238cb191476
🧪 View experiment at: http://127.0.0.1:5001/#/experiments/451986342333445797
==================== [n1 fno_mean] DANCE ====================
[curriculum] scenario=UniDA  strategy=hard  n_unknown=1  rank_variant=fno_mean
[curriculum] source mapping (5 classes): {'Lying down': 'lying', 'Sitting and relaxing': 'sitting', 'Walking': 'walking', 'Running': 'running', 'Climbing stairs': 'Climbing stairs'}
[curriculum] target mapping (5 classes): {'lying': 'lying', 'sitting': 'sitting', 'walking': 'walking', 'running': 'running', 'climbingup': 'climbingup'}
[curriculum] unknowns added (in hard order): src=[Climbing stairs] | trg=[climbingup]
[scenario] DANCE -> UniDA (uniDA=True)
Unlabeled data shape:  (30610, 150, 18)
Unlabelled Combined shape: (52642, 150, 18)

--- Dataloader Size Check ---
Source Train batches:   22
Target Train batches:   478
-------------------------------

Private classes:  tensor([5.])
=============================================
Dataset: MHEALTH to RealWorld_UniDA_hard_n1_fno_mean
Method:  DANCE
=============================================
Source: MHEALTH ---> Target: RealWorld
Run ID: 0
=============================================
[Pr Epoch : 1/20]
Pr_Src_cls_loss	: 1.4707
-------------------------------------
[Pr Epoch : 2/20]
Pr_Src_cls_loss	: 1.4441
-------------------------------------
[Pr Epoch : 3/20]
Pr_Src_cls_loss	: 1.4302
-------------------------------------
[Pr Epoch : 4/20]
Pr_Src_cls_loss	: 1.4212
-------------------------------------
[Pr Epoch : 5/20]
Pr_Src_cls_loss	: 1.4147
-------------------------------------
[Pr Epoch : 6/20]
Pr_Src_cls_loss	: 1.4098
-------------------------------------
[Pr Epoch : 7/20]
Pr_Src_cls_loss	: 1.4056
-------------------------------------
[Pr Epoch : 8/20]
Pr_Src_cls_loss	: 1.4019
-------------------------------------
[Pr Epoch : 9/20]
Pr_Src_cls_loss	: 1.3988
-------------------------------------
[Pr Epoch : 10/20]
Pr_Src_cls_loss	: 1.3960
-------------------------------------
[Pr Epoch : 11/20]
Pr_Src_cls_loss	: 1.3934
-------------------------------------
[Pr Epoch : 12/20]
Pr_Src_cls_loss	: 1.3911
-------------------------------------
[Pr Epoch : 13/20]
Pr_Src_cls_loss	: 1.3891
-------------------------------------
[Pr Epoch : 14/20]
Pr_Src_cls_loss	: 1.3871
-------------------------------------
[Pr Epoch : 15/20]
Pr_Src_cls_loss	: 1.3853
-------------------------------------
[Pr Epoch : 16/20]
Pr_Src_cls_loss	: 1.3837
-------------------------------------
[Pr Epoch : 17/20]
Pr_Src_cls_loss	: 1.3821
-------------------------------------
[Pr Epoch : 18/20]
Pr_Src_cls_loss	: 1.3807
-------------------------------------
[Pr Epoch : 19/20]
Pr_Src_cls_loss	: 1.3794
-------------------------------------
[Pr Epoch : 20/20]
Pr_Src_cls_loss	: 1.3781
-------------------------------------
/mnt/data/home/tp2474/OpenSet-AdaTime/algorithms/algorithms.py:733: UserWarning: Implicit dimension choice for softmax has been deprecated. Change the call to include dim=X as an argument.
  p = F.softmax(p)
/mnt/data/home/tp2474/OpenSet-AdaTime/algorithms/algorithms.py:737: UserWarning: Implicit dimension choice for softmax has been deprecated. Change the call to include dim=X as an argument.
  p = F.softmax(p)
[Epoch : 1/20]
Pr_Src_cls_loss	: 1.3781
Total_loss	: 1.7042
Ent Loss	: -0.0801
Src_cls_loss	: 1.3449
Neighbors Clustering 	: 0.4394
-------------------------------------
[Epoch : 2/20]
Pr_Src_cls_loss	: 1.3781
Total_loss	: 1.7393
Ent Loss	: -0.0801
Src_cls_loss	: 1.3379
Neighbors Clustering 	: 0.4815
-------------------------------------
[Epoch : 3/20]
Pr_Src_cls_loss	: 1.3781
Total_loss	: 1.7581
Ent Loss	: -0.0800
Src_cls_loss	: 1.3303
Neighbors Clustering 	: 0.5078
-------------------------------------
[Epoch : 4/20]
Pr_Src_cls_loss	: 1.3781
Total_loss	: 1.7660
Ent Loss	: -0.0800
Src_cls_loss	: 1.3227
Neighbors Clustering 	: 0.5232
-------------------------------------
[Epoch : 5/20]
Pr_Src_cls_loss	: 1.3781
Total_loss	: 1.7696
Ent Loss	: -0.0800
Src_cls_loss	: 1.3155
Neighbors Clustering 	: 0.5340
-------------------------------------
[Epoch : 6/20]
Pr_Src_cls_loss	: 1.3781
Total_loss	: 1.7689
Ent Loss	: -0.0799
Src_cls_loss	: 1.3083
Neighbors Clustering 	: 0.5406
-------------------------------------
[Epoch : 7/20]
Pr_Src_cls_loss	: 1.3781
Total_loss	: 1.7670
Ent Loss	: -0.0799
Src_cls_loss	: 1.3011
Neighbors Clustering 	: 0.5457
-------------------------------------
[Epoch : 8/20]
Pr_Src_cls_loss	: 1.3781
Total_loss	: 1.7637
Ent Loss	: -0.0799
Src_cls_loss	: 1.2939
Neighbors Clustering 	: 0.5497
-------------------------------------
[Epoch : 9/20]
Pr_Src_cls_loss	: 1.3781
Total_loss	: 1.7596
Ent Loss	: -0.0799
Src_cls_loss	: 1.2865
Neighbors Clustering 	: 0.5530
-------------------------------------
[Epoch : 10/20]
Pr_Src_cls_loss	: 1.3781
Total_loss	: 1.7550
Ent Loss	: -0.0799
Src_cls_loss	: 1.2793
Neighbors Clustering 	: 0.5555
-------------------------------------
[Epoch : 11/20]
Pr_Src_cls_loss	: 1.3781
Total_loss	: 1.7490
Ent Loss	: -0.0798
Src_cls_loss	: 1.2720
Neighbors Clustering 	: 0.5568
-------------------------------------
[Epoch : 12/20]
Pr_Src_cls_loss	: 1.3781
Total_loss	: 1.7421
Ent Loss	: -0.0798
Src_cls_loss	: 1.2646
Neighbors Clustering 	: 0.5573
-------------------------------------
[Epoch : 13/20]
Pr_Src_cls_loss	: 1.3781
Total_loss	: 1.7343
Ent Loss	: -0.0798
Src_cls_loss	: 1.2574
Neighbors Clustering 	: 0.5568
-------------------------------------
[Epoch : 14/20]
Pr_Src_cls_loss	: 1.3781
Total_loss	: 1.7257
Ent Loss	: -0.0798
Src_cls_loss	: 1.2502
Neighbors Clustering 	: 0.5553
-------------------------------------
[Epoch : 15/20]
Pr_Src_cls_loss	: 1.3781
Total_loss	: 1.7169
Ent Loss	: -0.0799
Src_cls_loss	: 1.2429
Neighbors Clustering 	: 0.5539
-------------------------------------
[Epoch : 16/20]
Pr_Src_cls_loss	: 1.3781
Total_loss	: 1.7084
Ent Loss	: -0.0799
Src_cls_loss	: 1.2356
Neighbors Clustering 	: 0.5526
-------------------------------------
[Epoch : 17/20]
Pr_Src_cls_loss	: 1.3781
Total_loss	: 1.7002
Ent Loss	: -0.0799
Src_cls_loss	: 1.2284
Neighbors Clustering 	: 0.5517
-------------------------------------
[Epoch : 18/20]
Pr_Src_cls_loss	: 1.3781
Total_loss	: 1.6921
Ent Loss	: -0.0799
Src_cls_loss	: 1.2211
Neighbors Clustering 	: 0.5509
-------------------------------------
[Epoch : 19/20]
Pr_Src_cls_loss	: 1.3781
Total_loss	: 1.6843
Ent Loss	: -0.0799
Src_cls_loss	: 1.2137
Neighbors Clustering 	: 0.5504
-------------------------------------
[Epoch : 20/20]
Pr_Src_cls_loss	: 1.3781
Total_loss	: 1.6766
Ent Loss	: -0.0799
Src_cls_loss	: 1.2065
Neighbors Clustering 	: 0.5500
-------------------------------------
/mnt/data/home/tp2474/OpenSet-AdaTime/algorithms/algorithms.py:870: UserWarning: Implicit dimension choice for softmax has been deprecated. Change the call to include dim=X as an argument.
  predictions = F.softmax(self.classifier(features))
/mnt/data/home/tp2474/OpenSet-AdaTime/trainers/abstract_trainer.py:331: FutureWarning: The behavior of DataFrame concatenation with empty or all-NA entries is deprecated. In a future version, this will no longer exclude empty or all-NA columns when determining the result dtypes. To retain the old behavior, exclude the relevant entries before the concat operation.
  table = pd.concat([table, results_df], ignore_index=True)
H_score: 0.0000, OS* (acc_c): 0.0000, UNK (acc_p): 1.0000, acc_mix: 0.1436, F1: 0.0361
Uploading logs from: /mnt/data/home/tp2474/OpenSet-AdaTime/experiments_logs/curriculum/MHEALTH to RealWorld_UniDA_hard_n1_fno_mean/DANCE_UniDA_hard_n1_fno_mean/MHEALTH_to_RealWorld_run_0
🏃 View run DANCE_run_0 at: http://127.0.0.1:5001/#/experiments/451986342333445797/runs/9c509710f873441eae4c67e20998e559
🧪 View experiment at: http://127.0.0.1:5001/#/experiments/451986342333445797
=============================================
Dataset: MHEALTH to RealWorld_UniDA_hard_n1_fno_mean
Method:  DANCE
=============================================
Source: MHEALTH ---> Target: RealWorld
Run ID: 1
=============================================
[Pr Epoch : 1/20]
Pr_Src_cls_loss	: 1.4642
-------------------------------------
[Pr Epoch : 2/20]
Pr_Src_cls_loss	: 1.4355
-------------------------------------
[Pr Epoch : 3/20]
Pr_Src_cls_loss	: 1.4205
-------------------------------------
[Pr Epoch : 4/20]
Pr_Src_cls_loss	: 1.4110
-------------------------------------
[Pr Epoch : 5/20]
Pr_Src_cls_loss	: 1.4041
-------------------------------------
[Pr Epoch : 6/20]
Pr_Src_cls_loss	: 1.3988
-------------------------------------
[Pr Epoch : 7/20]
Pr_Src_cls_loss	: 1.3946
-------------------------------------
[Pr Epoch : 8/20]
Pr_Src_cls_loss	: 1.3908
-------------------------------------
[Pr Epoch : 9/20]
Pr_Src_cls_loss	: 1.3874
-------------------------------------
[Pr Epoch : 10/20]
Pr_Src_cls_loss	: 1.3844
-------------------------------------
[Pr Epoch : 11/20]
Pr_Src_cls_loss	: 1.3819
-------------------------------------
[Pr Epoch : 12/20]
Pr_Src_cls_loss	: 1.3796
-------------------------------------
[Pr Epoch : 13/20]
Pr_Src_cls_loss	: 1.3775
-------------------------------------
[Pr Epoch : 14/20]
Pr_Src_cls_loss	: 1.3755
-------------------------------------
[Pr Epoch : 15/20]
Pr_Src_cls_loss	: 1.3736
-------------------------------------
[Pr Epoch : 16/20]
Pr_Src_cls_loss	: 1.3720
-------------------------------------
[Pr Epoch : 17/20]
Pr_Src_cls_loss	: 1.3704
-------------------------------------
[Pr Epoch : 18/20]
Pr_Src_cls_loss	: 1.3690
-------------------------------------
[Pr Epoch : 19/20]
Pr_Src_cls_loss	: 1.3676
-------------------------------------
[Pr Epoch : 20/20]
Pr_Src_cls_loss	: 1.3663
-------------------------------------
[Epoch : 1/20]
Pr_Src_cls_loss	: 1.3663
Total_loss	: 1.6855
Ent Loss	: -0.0800
Src_cls_loss	: 1.3333
Neighbors Clustering 	: 0.4322
-------------------------------------
[Epoch : 2/20]
Pr_Src_cls_loss	: 1.3663
Total_loss	: 1.7125
Ent Loss	: -0.0800
Src_cls_loss	: 1.3257
Neighbors Clustering 	: 0.4668
-------------------------------------
[Epoch : 3/20]
Pr_Src_cls_loss	: 1.3663
Total_loss	: 1.7288
Ent Loss	: -0.0800
Src_cls_loss	: 1.3179
Neighbors Clustering 	: 0.4909
-------------------------------------
[Epoch : 4/20]
Pr_Src_cls_loss	: 1.3663
Total_loss	: 1.7381
Ent Loss	: -0.0799
Src_cls_loss	: 1.3103
Neighbors Clustering 	: 0.5077
-------------------------------------
[Epoch : 5/20]
Pr_Src_cls_loss	: 1.3663
Total_loss	: 1.7417
Ent Loss	: -0.0799
Src_cls_loss	: 1.3026
Neighbors Clustering 	: 0.5190
-------------------------------------
[Epoch : 6/20]
Pr_Src_cls_loss	: 1.3663
Total_loss	: 1.7424
Ent Loss	: -0.0799
Src_cls_loss	: 1.2950
Neighbors Clustering 	: 0.5273
-------------------------------------
[Epoch : 7/20]
Pr_Src_cls_loss	: 1.3663
Total_loss	: 1.7405
Ent Loss	: -0.0798
Src_cls_loss	: 1.2877
Neighbors Clustering 	: 0.5326
-------------------------------------
[Epoch : 8/20]
Pr_Src_cls_loss	: 1.3663
Total_loss	: 1.7371
Ent Loss	: -0.0798
Src_cls_loss	: 1.2802
Neighbors Clustering 	: 0.5367
-------------------------------------
[Epoch : 9/20]
Pr_Src_cls_loss	: 1.3663
Total_loss	: 1.7322
Ent Loss	: -0.0798
Src_cls_loss	: 1.2728
Neighbors Clustering 	: 0.5392
-------------------------------------
[Epoch : 10/20]
Pr_Src_cls_loss	: 1.3663
Total_loss	: 1.7264
Ent Loss	: -0.0798
Src_cls_loss	: 1.2653
Neighbors Clustering 	: 0.5408
-------------------------------------
[Epoch : 11/20]
Pr_Src_cls_loss	: 1.3663
Total_loss	: 1.7200
Ent Loss	: -0.0798
Src_cls_loss	: 1.2580
Neighbors Clustering 	: 0.5419
-------------------------------------
[Epoch : 12/20]
Pr_Src_cls_loss	: 1.3663
Total_loss	: 1.7136
Ent Loss	: -0.0798
Src_cls_loss	: 1.2505
Neighbors Clustering 	: 0.5429
-------------------------------------
[Epoch : 13/20]
Pr_Src_cls_loss	: 1.3663
Total_loss	: 1.7071
Ent Loss	: -0.0798
Src_cls_loss	: 1.2431
Neighbors Clustering 	: 0.5438
-------------------------------------
[Epoch : 14/20]
Pr_Src_cls_loss	: 1.3663
Total_loss	: 1.7001
Ent Loss	: -0.0798
Src_cls_loss	: 1.2357
Neighbors Clustering 	: 0.5442
-------------------------------------
[Epoch : 15/20]
Pr_Src_cls_loss	: 1.3663
Total_loss	: 1.6931
Ent Loss	: -0.0798
Src_cls_loss	: 1.2283
Neighbors Clustering 	: 0.5446
-------------------------------------
[Epoch : 16/20]
Pr_Src_cls_loss	: 1.3663
Total_loss	: 1.6866
Ent Loss	: -0.0798
Src_cls_loss	: 1.2210
Neighbors Clustering 	: 0.5454
-------------------------------------
[Epoch : 17/20]
Pr_Src_cls_loss	: 1.3663
Total_loss	: 1.6798
Ent Loss	: -0.0798
Src_cls_loss	: 1.2136
Neighbors Clustering 	: 0.5460
-------------------------------------
[Epoch : 18/20]
Pr_Src_cls_loss	: 1.3663
Total_loss	: 1.6733
Ent Loss	: -0.0798
Src_cls_loss	: 1.2062
Neighbors Clustering 	: 0.5469
-------------------------------------
[Epoch : 19/20]
Pr_Src_cls_loss	: 1.3663
Total_loss	: 1.6666
Ent Loss	: -0.0798
Src_cls_loss	: 1.1989
Neighbors Clustering 	: 0.5476
-------------------------------------
[Epoch : 20/20]
Pr_Src_cls_loss	: 1.3663
Total_loss	: 1.6602
Ent Loss	: -0.0798
Src_cls_loss	: 1.1915
Neighbors Clustering 	: 0.5486
-------------------------------------
H_score: 0.0000, OS* (acc_c): 0.0000, UNK (acc_p): 1.0000, acc_mix: 0.1436, F1: 0.0361
Uploading logs from: /mnt/data/home/tp2474/OpenSet-AdaTime/experiments_logs/curriculum/MHEALTH to RealWorld_UniDA_hard_n1_fno_mean/DANCE_UniDA_hard_n1_fno_mean/MHEALTH_to_RealWorld_run_1
🏃 View run DANCE_run_1 at: http://127.0.0.1:5001/#/experiments/451986342333445797/runs/cba38bae1fca493296ad02dc523988b1
🧪 View experiment at: http://127.0.0.1:5001/#/experiments/451986342333445797
=============================================
Dataset: MHEALTH to RealWorld_UniDA_hard_n1_fno_mean
Method:  DANCE
=============================================
Source: MHEALTH ---> Target: RealWorld
Run ID: 2
=============================================
[Pr Epoch : 1/20]
Pr_Src_cls_loss	: 1.4654
-------------------------------------
[Pr Epoch : 2/20]
Pr_Src_cls_loss	: 1.4357
-------------------------------------
[Pr Epoch : 3/20]
Pr_Src_cls_loss	: 1.4213
-------------------------------------
[Pr Epoch : 4/20]
Pr_Src_cls_loss	: 1.4123
-------------------------------------
[Pr Epoch : 5/20]
Pr_Src_cls_loss	: 1.4060
-------------------------------------
[Pr Epoch : 6/20]
Pr_Src_cls_loss	: 1.4010
-------------------------------------
[Pr Epoch : 7/20]
Pr_Src_cls_loss	: 1.3967
-------------------------------------
[Pr Epoch : 8/20]
Pr_Src_cls_loss	: 1.3930
-------------------------------------
[Pr Epoch : 9/20]
Pr_Src_cls_loss	: 1.3898
-------------------------------------
[Pr Epoch : 10/20]
Pr_Src_cls_loss	: 1.3869
-------------------------------------
[Pr Epoch : 11/20]
Pr_Src_cls_loss	: 1.3843
-------------------------------------
[Pr Epoch : 12/20]
Pr_Src_cls_loss	: 1.3821
-------------------------------------
[Pr Epoch : 13/20]
Pr_Src_cls_loss	: 1.3799
-------------------------------------
[Pr Epoch : 14/20]
Pr_Src_cls_loss	: 1.3779
-------------------------------------
[Pr Epoch : 15/20]
Pr_Src_cls_loss	: 1.3761
-------------------------------------
[Pr Epoch : 16/20]
Pr_Src_cls_loss	: 1.3745
-------------------------------------
[Pr Epoch : 17/20]
Pr_Src_cls_loss	: 1.3729
-------------------------------------
[Pr Epoch : 18/20]
Pr_Src_cls_loss	: 1.3715
-------------------------------------
[Pr Epoch : 19/20]
Pr_Src_cls_loss	: 1.3701
-------------------------------------
[Pr Epoch : 20/20]
Pr_Src_cls_loss	: 1.3688
-------------------------------------
[Epoch : 1/20]
Pr_Src_cls_loss	: 1.3688
Total_loss	: 1.6849
Ent Loss	: -0.0801
Src_cls_loss	: 1.3358
Neighbors Clustering 	: 0.4293
-------------------------------------
[Epoch : 2/20]
Pr_Src_cls_loss	: 1.3688
Total_loss	: 1.7145
Ent Loss	: -0.0800
Src_cls_loss	: 1.3283
Neighbors Clustering 	: 0.4663
-------------------------------------
[Epoch : 3/20]
Pr_Src_cls_loss	: 1.3688
Total_loss	: 1.7306
Ent Loss	: -0.0800
Src_cls_loss	: 1.3208
Neighbors Clustering 	: 0.4898
-------------------------------------
[Epoch : 4/20]
Pr_Src_cls_loss	: 1.3688
Total_loss	: 1.7398
Ent Loss	: -0.0800
Src_cls_loss	: 1.3133
Neighbors Clustering 	: 0.5065
-------------------------------------
[Epoch : 5/20]
Pr_Src_cls_loss	: 1.3688
Total_loss	: 1.7442
Ent Loss	: -0.0799
Src_cls_loss	: 1.3057
Neighbors Clustering 	: 0.5184
-------------------------------------
[Epoch : 6/20]
Pr_Src_cls_loss	: 1.3688
Total_loss	: 1.7457
Ent Loss	: -0.0799
Src_cls_loss	: 1.2983
Neighbors Clustering 	: 0.5273
-------------------------------------
[Epoch : 7/20]
Pr_Src_cls_loss	: 1.3688
Total_loss	: 1.7453
Ent Loss	: -0.0799
Src_cls_loss	: 1.2908
Neighbors Clustering 	: 0.5344
-------------------------------------
[Epoch : 8/20]
Pr_Src_cls_loss	: 1.3688
Total_loss	: 1.7430
Ent Loss	: -0.0799
Src_cls_loss	: 1.2834
Neighbors Clustering 	: 0.5395
-------------------------------------
[Epoch : 9/20]
Pr_Src_cls_loss	: 1.3688
Total_loss	: 1.7393
Ent Loss	: -0.0798
Src_cls_loss	: 1.2759
Neighbors Clustering 	: 0.5433
-------------------------------------
[Epoch : 10/20]
Pr_Src_cls_loss	: 1.3688
Total_loss	: 1.7343
Ent Loss	: -0.0798
Src_cls_loss	: 1.2685
Neighbors Clustering 	: 0.5456
-------------------------------------
[Epoch : 11/20]
Pr_Src_cls_loss	: 1.3688
Total_loss	: 1.7288
Ent Loss	: -0.0798
Src_cls_loss	: 1.2611
Neighbors Clustering 	: 0.5475
-------------------------------------
[Epoch : 12/20]
Pr_Src_cls_loss	: 1.3688
Total_loss	: 1.7228
Ent Loss	: -0.0798
Src_cls_loss	: 1.2538
Neighbors Clustering 	: 0.5488
-------------------------------------
[Epoch : 13/20]
Pr_Src_cls_loss	: 1.3688
Total_loss	: 1.7159
Ent Loss	: -0.0798
Src_cls_loss	: 1.2464
Neighbors Clustering 	: 0.5494
-------------------------------------
[Epoch : 14/20]
Pr_Src_cls_loss	: 1.3688
Total_loss	: 1.7083
Ent Loss	: -0.0798
Src_cls_loss	: 1.2391
Neighbors Clustering 	: 0.5490
-------------------------------------
[Epoch : 15/20]
Pr_Src_cls_loss	: 1.3688
Total_loss	: 1.7003
Ent Loss	: -0.0798
Src_cls_loss	: 1.2318
Neighbors Clustering 	: 0.5483
-------------------------------------
[Epoch : 16/20]
Pr_Src_cls_loss	: 1.3688
Total_loss	: 1.6927
Ent Loss	: -0.0798
Src_cls_loss	: 1.2246
Neighbors Clustering 	: 0.5479
-------------------------------------
[Epoch : 17/20]
Pr_Src_cls_loss	: 1.3688
Total_loss	: 1.6846
Ent Loss	: -0.0798
Src_cls_loss	: 1.2174
Neighbors Clustering 	: 0.5470
-------------------------------------
[Epoch : 18/20]
Pr_Src_cls_loss	: 1.3688
Total_loss	: 1.6767
Ent Loss	: -0.0798
Src_cls_loss	: 1.2103
Neighbors Clustering 	: 0.5462
-------------------------------------
[Epoch : 19/20]
Pr_Src_cls_loss	: 1.3688
Total_loss	: 1.6685
Ent Loss	: -0.0798
Src_cls_loss	: 1.2031
Neighbors Clustering 	: 0.5452
-------------------------------------
[Epoch : 20/20]
Pr_Src_cls_loss	: 1.3688
Total_loss	: 1.6606
Ent Loss	: -0.0798
Src_cls_loss	: 1.1960
Neighbors Clustering 	: 0.5444
-------------------------------------
H_score: 0.0000, OS* (acc_c): 0.0000, UNK (acc_p): 1.0000, acc_mix: 0.1436, F1: 0.0361
Uploading logs from: /mnt/data/home/tp2474/OpenSet-AdaTime/experiments_logs/curriculum/MHEALTH to RealWorld_UniDA_hard_n1_fno_mean/DANCE_UniDA_hard_n1_fno_mean/MHEALTH_to_RealWorld_run_2
🏃 View run DANCE_run_2 at: http://127.0.0.1:5001/#/experiments/451986342333445797/runs/b00b14022f53449590bc73e159a71aec
🧪 View experiment at: http://127.0.0.1:5001/#/experiments/451986342333445797
=============================================
Dataset: MHEALTH to RealWorld_UniDA_hard_n1_fno_mean
Method:  DANCE
=============================================
Source: MHEALTH ---> Target: RealWorld
Run ID: 3
=============================================
[Pr Epoch : 1/20]
Pr_Src_cls_loss	: 1.4745
-------------------------------------
[Pr Epoch : 2/20]
Pr_Src_cls_loss	: 1.4503
-------------------------------------
[Pr Epoch : 3/20]
Pr_Src_cls_loss	: 1.4374
-------------------------------------
[Pr Epoch : 4/20]
Pr_Src_cls_loss	: 1.4292
-------------------------------------
[Pr Epoch : 5/20]
Pr_Src_cls_loss	: 1.4232
-------------------------------------
[Pr Epoch : 6/20]
Pr_Src_cls_loss	: 1.4185
-------------------------------------
[Pr Epoch : 7/20]
Pr_Src_cls_loss	: 1.4145
-------------------------------------
[Pr Epoch : 8/20]
Pr_Src_cls_loss	: 1.4112
-------------------------------------
[Pr Epoch : 9/20]
Pr_Src_cls_loss	: 1.4083
-------------------------------------
[Pr Epoch : 10/20]
Pr_Src_cls_loss	: 1.4057
-------------------------------------
[Pr Epoch : 11/20]
Pr_Src_cls_loss	: 1.4033
-------------------------------------
[Pr Epoch : 12/20]
Pr_Src_cls_loss	: 1.4011
-------------------------------------
[Pr Epoch : 13/20]
Pr_Src_cls_loss	: 1.3992
-------------------------------------
[Pr Epoch : 14/20]
Pr_Src_cls_loss	: 1.3974
-------------------------------------
[Pr Epoch : 15/20]
Pr_Src_cls_loss	: 1.3957
-------------------------------------
[Pr Epoch : 16/20]
Pr_Src_cls_loss	: 1.3941
-------------------------------------
[Pr Epoch : 17/20]
Pr_Src_cls_loss	: 1.3926
-------------------------------------
[Pr Epoch : 18/20]
Pr_Src_cls_loss	: 1.3912
-------------------------------------
[Pr Epoch : 19/20]
Pr_Src_cls_loss	: 1.3899
-------------------------------------
[Pr Epoch : 20/20]
Pr_Src_cls_loss	: 1.3886
-------------------------------------
[Epoch : 1/20]
Pr_Src_cls_loss	: 1.3886
Total_loss	: 1.7135
Ent Loss	: -0.0801
Src_cls_loss	: 1.3571
Neighbors Clustering 	: 0.4364
-------------------------------------
[Epoch : 2/20]
Pr_Src_cls_loss	: 1.3886
Total_loss	: 1.7434
Ent Loss	: -0.0801
Src_cls_loss	: 1.3497
Neighbors Clustering 	: 0.4738
-------------------------------------
[Epoch : 3/20]
Pr_Src_cls_loss	: 1.3886
Total_loss	: 1.7600
Ent Loss	: -0.0800
Src_cls_loss	: 1.3422
Neighbors Clustering 	: 0.4978
-------------------------------------
[Epoch : 4/20]
Pr_Src_cls_loss	: 1.3886
Total_loss	: 1.7684
Ent Loss	: -0.0800
Src_cls_loss	: 1.3348
Neighbors Clustering 	: 0.5137
-------------------------------------
[Epoch : 5/20]
Pr_Src_cls_loss	: 1.3886
Total_loss	: 1.7728
Ent Loss	: -0.0800
Src_cls_loss	: 1.3274
Neighbors Clustering 	: 0.5254
-------------------------------------
[Epoch : 6/20]
Pr_Src_cls_loss	: 1.3886
Total_loss	: 1.7738
Ent Loss	: -0.0799
Src_cls_loss	: 1.3198
Neighbors Clustering 	: 0.5339
-------------------------------------
[Epoch : 7/20]
Pr_Src_cls_loss	: 1.3886
Total_loss	: 1.7729
Ent Loss	: -0.0799
Src_cls_loss	: 1.3122
Neighbors Clustering 	: 0.5406
-------------------------------------
[Epoch : 8/20]
Pr_Src_cls_loss	: 1.3886
Total_loss	: 1.7696
Ent Loss	: -0.0799
Src_cls_loss	: 1.3048
Neighbors Clustering 	: 0.5447
-------------------------------------
[Epoch : 9/20]
Pr_Src_cls_loss	: 1.3886
Total_loss	: 1.7649
Ent Loss	: -0.0799
Src_cls_loss	: 1.2974
Neighbors Clustering 	: 0.5473
-------------------------------------
[Epoch : 10/20]
Pr_Src_cls_loss	: 1.3886
Total_loss	: 1.7590
Ent Loss	: -0.0799
Src_cls_loss	: 1.2901
Neighbors Clustering 	: 0.5488
-------------------------------------
[Epoch : 11/20]
Pr_Src_cls_loss	: 1.3886
Total_loss	: 1.7518
Ent Loss	: -0.0799
Src_cls_loss	: 1.2827
Neighbors Clustering 	: 0.5490
-------------------------------------
[Epoch : 12/20]
Pr_Src_cls_loss	: 1.3886
Total_loss	: 1.7442
Ent Loss	: -0.0799
Src_cls_loss	: 1.2753
Neighbors Clustering 	: 0.5487
-------------------------------------
[Epoch : 13/20]
Pr_Src_cls_loss	: 1.3886
Total_loss	: 1.7367
Ent Loss	: -0.0799
Src_cls_loss	: 1.2681
Neighbors Clustering 	: 0.5485
-------------------------------------
[Epoch : 14/20]
Pr_Src_cls_loss	: 1.3886
Total_loss	: 1.7292
Ent Loss	: -0.0799
Src_cls_loss	: 1.2607
Neighbors Clustering 	: 0.5484
-------------------------------------
[Epoch : 15/20]
Pr_Src_cls_loss	: 1.3886
Total_loss	: 1.7217
Ent Loss	: -0.0799
Src_cls_loss	: 1.2533
Neighbors Clustering 	: 0.5482
-------------------------------------
[Epoch : 16/20]
Pr_Src_cls_loss	: 1.3886
Total_loss	: 1.7143
Ent Loss	: -0.0799
Src_cls_loss	: 1.2459
Neighbors Clustering 	: 0.5483
-------------------------------------
[Epoch : 17/20]
Pr_Src_cls_loss	: 1.3886
Total_loss	: 1.7070
Ent Loss	: -0.0798
Src_cls_loss	: 1.2384
Neighbors Clustering 	: 0.5484
-------------------------------------
[Epoch : 18/20]
Pr_Src_cls_loss	: 1.3886
Total_loss	: 1.6997
Ent Loss	: -0.0798
Src_cls_loss	: 1.2309
Neighbors Clustering 	: 0.5486
-------------------------------------
[Epoch : 19/20]
Pr_Src_cls_loss	: 1.3886
Total_loss	: 1.6926
Ent Loss	: -0.0798
Src_cls_loss	: 1.2234
Neighbors Clustering 	: 0.5490
-------------------------------------
[Epoch : 20/20]
Pr_Src_cls_loss	: 1.3886
Total_loss	: 1.6855
Ent Loss	: -0.0798
Src_cls_loss	: 1.2160
Neighbors Clustering 	: 0.5493
-------------------------------------
H_score: 0.0000, OS* (acc_c): 0.0000, UNK (acc_p): 1.0000, acc_mix: 0.1436, F1: 0.0361
Uploading logs from: /mnt/data/home/tp2474/OpenSet-AdaTime/experiments_logs/curriculum/MHEALTH to RealWorld_UniDA_hard_n1_fno_mean/DANCE_UniDA_hard_n1_fno_mean/MHEALTH_to_RealWorld_run_3
🏃 View run DANCE_run_3 at: http://127.0.0.1:5001/#/experiments/451986342333445797/runs/6c7d9d0a8eb142fa9207285c6755fad9
🧪 View experiment at: http://127.0.0.1:5001/#/experiments/451986342333445797
=============================================
Dataset: MHEALTH to RealWorld_UniDA_hard_n1_fno_mean
Method:  DANCE
=============================================
Source: MHEALTH ---> Target: RealWorld
Run ID: 4
=============================================
[Pr Epoch : 1/20]
Pr_Src_cls_loss	: 1.4529
-------------------------------------
[Pr Epoch : 2/20]
Pr_Src_cls_loss	: 1.4233
-------------------------------------
[Pr Epoch : 3/20]
Pr_Src_cls_loss	: 1.4083
-------------------------------------
[Pr Epoch : 4/20]
Pr_Src_cls_loss	: 1.3994
-------------------------------------
[Pr Epoch : 5/20]
Pr_Src_cls_loss	: 1.3926
-------------------------------------
[Pr Epoch : 6/20]
Pr_Src_cls_loss	: 1.3873
-------------------------------------
[Pr Epoch : 7/20]
Pr_Src_cls_loss	: 1.3830
-------------------------------------
[Pr Epoch : 8/20]
Pr_Src_cls_loss	: 1.3793
-------------------------------------
[Pr Epoch : 9/20]
Pr_Src_cls_loss	: 1.3761
-------------------------------------
[Pr Epoch : 10/20]
Pr_Src_cls_loss	: 1.3733
-------------------------------------
[Pr Epoch : 11/20]
Pr_Src_cls_loss	: 1.3707
-------------------------------------
[Pr Epoch : 12/20]
Pr_Src_cls_loss	: 1.3685
-------------------------------------
[Pr Epoch : 13/20]
Pr_Src_cls_loss	: 1.3664
-------------------------------------
[Pr Epoch : 14/20]
Pr_Src_cls_loss	: 1.3645
-------------------------------------
[Pr Epoch : 15/20]
Pr_Src_cls_loss	: 1.3627
-------------------------------------
[Pr Epoch : 16/20]
Pr_Src_cls_loss	: 1.3610
-------------------------------------
[Pr Epoch : 17/20]
Pr_Src_cls_loss	: 1.3595
-------------------------------------
[Pr Epoch : 18/20]
Pr_Src_cls_loss	: 1.3582
-------------------------------------
[Pr Epoch : 19/20]
Pr_Src_cls_loss	: 1.3570
-------------------------------------
[Pr Epoch : 20/20]
Pr_Src_cls_loss	: 1.3559
-------------------------------------
[Epoch : 1/20]
Pr_Src_cls_loss	: 1.3559
Total_loss	: 1.6785
Ent Loss	: -0.0800
Src_cls_loss	: 1.3256
Neighbors Clustering 	: 0.4329
-------------------------------------
[Epoch : 2/20]
Pr_Src_cls_loss	: 1.3559
Total_loss	: 1.7102
Ent Loss	: -0.0800
Src_cls_loss	: 1.3182
Neighbors Clustering 	: 0.4720
-------------------------------------
[Epoch : 3/20]
Pr_Src_cls_loss	: 1.3559
Total_loss	: 1.7258
Ent Loss	: -0.0799
Src_cls_loss	: 1.3108
Neighbors Clustering 	: 0.4950
-------------------------------------
[Epoch : 4/20]
Pr_Src_cls_loss	: 1.3559
Total_loss	: 1.7346
Ent Loss	: -0.0799
Src_cls_loss	: 1.3032
Neighbors Clustering 	: 0.5113
-------------------------------------
[Epoch : 5/20]
Pr_Src_cls_loss	: 1.3559
Total_loss	: 1.7375
Ent Loss	: -0.0799
Src_cls_loss	: 1.2958
Neighbors Clustering 	: 0.5216
-------------------------------------
[Epoch : 6/20]
Pr_Src_cls_loss	: 1.3559
Total_loss	: 1.7375
Ent Loss	: -0.0799
Src_cls_loss	: 1.2883
Neighbors Clustering 	: 0.5290
-------------------------------------
[Epoch : 7/20]
Pr_Src_cls_loss	: 1.3559
Total_loss	: 1.7344
Ent Loss	: -0.0799
Src_cls_loss	: 1.2809
Neighbors Clustering 	: 0.5334
-------------------------------------
[Epoch : 8/20]
Pr_Src_cls_loss	: 1.3559
Total_loss	: 1.7304
Ent Loss	: -0.0798
Src_cls_loss	: 1.2736
Neighbors Clustering 	: 0.5366
-------------------------------------
[Epoch : 9/20]
Pr_Src_cls_loss	: 1.3559
Total_loss	: 1.7246
Ent Loss	: -0.0798
Src_cls_loss	: 1.2665
Neighbors Clustering 	: 0.5379
-------------------------------------
[Epoch : 10/20]
Pr_Src_cls_loss	: 1.3559
Total_loss	: 1.7176
Ent Loss	: -0.0798
Src_cls_loss	: 1.2592
Neighbors Clustering 	: 0.5383
-------------------------------------
[Epoch : 11/20]
Pr_Src_cls_loss	: 1.3559
Total_loss	: 1.7109
Ent Loss	: -0.0799
Src_cls_loss	: 1.2520
Neighbors Clustering 	: 0.5387
-------------------------------------
[Epoch : 12/20]
Pr_Src_cls_loss	: 1.3559
Total_loss	: 1.7036
Ent Loss	: -0.0799
Src_cls_loss	: 1.2448
Neighbors Clustering 	: 0.5387
-------------------------------------
[Epoch : 13/20]
Pr_Src_cls_loss	: 1.3559
Total_loss	: 1.6962
Ent Loss	: -0.0799
Src_cls_loss	: 1.2376
Neighbors Clustering 	: 0.5385
-------------------------------------
[Epoch : 14/20]
Pr_Src_cls_loss	: 1.3559
Total_loss	: 1.6890
Ent Loss	: -0.0799
Src_cls_loss	: 1.2303
Neighbors Clustering 	: 0.5385
-------------------------------------
[Epoch : 15/20]
Pr_Src_cls_loss	: 1.3559
Total_loss	: 1.6818
Ent Loss	: -0.0799
Src_cls_loss	: 1.2230
Neighbors Clustering 	: 0.5386
-------------------------------------
[Epoch : 16/20]
Pr_Src_cls_loss	: 1.3559
Total_loss	: 1.6748
Ent Loss	: -0.0799
Src_cls_loss	: 1.2156
Neighbors Clustering 	: 0.5390
-------------------------------------
[Epoch : 17/20]
Pr_Src_cls_loss	: 1.3559
Total_loss	: 1.6681
Ent Loss	: -0.0798
Src_cls_loss	: 1.2083
Neighbors Clustering 	: 0.5396
-------------------------------------
[Epoch : 18/20]
Pr_Src_cls_loss	: 1.3559
Total_loss	: 1.6613
Ent Loss	: -0.0798
Src_cls_loss	: 1.2009
Neighbors Clustering 	: 0.5402
-------------------------------------
[Epoch : 19/20]
Pr_Src_cls_loss	: 1.3559
Total_loss	: 1.6546
Ent Loss	: -0.0798
Src_cls_loss	: 1.1936
Neighbors Clustering 	: 0.5408
-------------------------------------
[Epoch : 20/20]
Pr_Src_cls_loss	: 1.3559
Total_loss	: 1.6482
Ent Loss	: -0.0798
Src_cls_loss	: 1.1863
Neighbors Clustering 	: 0.5417
-------------------------------------
H_score: 0.0000, OS* (acc_c): 0.0000, UNK (acc_p): 1.0000, acc_mix: 0.1436, F1: 0.0361
Uploading logs from: /mnt/data/home/tp2474/OpenSet-AdaTime/experiments_logs/curriculum/MHEALTH to RealWorld_UniDA_hard_n1_fno_mean/DANCE_UniDA_hard_n1_fno_mean/MHEALTH_to_RealWorld_run_4
🏃 View run DANCE_run_4 at: http://127.0.0.1:5001/#/experiments/451986342333445797/runs/00359d2187b242d996e9f750a199c110
🧪 View experiment at: http://127.0.0.1:5001/#/experiments/451986342333445797
==================== [n1 fno_mean] PPOT ====================
[curriculum] scenario=UniDA  strategy=hard  n_unknown=1  rank_variant=fno_mean
[curriculum] source mapping (5 classes): {'Lying down': 'lying', 'Sitting and relaxing': 'sitting', 'Walking': 'walking', 'Running': 'running', 'Climbing stairs': 'Climbing stairs'}
[curriculum] target mapping (5 classes): {'lying': 'lying', 'sitting': 'sitting', 'walking': 'walking', 'running': 'running', 'climbingup': 'climbingup'}
[curriculum] unknowns added (in hard order): src=[Climbing stairs] | trg=[climbingup]
[scenario] PPOT -> UniDA (uniDA=True)
Unlabeled data shape:  (30610, 150, 18)
Unlabelled Combined shape: (52642, 150, 18)

--- Dataloader Size Check ---
Source Train batches:   22
Target Train batches:   478
-------------------------------

Private classes:  tensor([5.])
=============================================
Dataset: MHEALTH to RealWorld_UniDA_hard_n1_fno_mean
Method:  PPOT
=============================================
Source: MHEALTH ---> Target: RealWorld
Run ID: 0
=============================================
[Pr Epoch : 1/20]
Pr_Src_cls_loss	: 1.5819
-------------------------------------
[Pr Epoch : 2/20]
Pr_Src_cls_loss	: 1.5512
-------------------------------------
[Pr Epoch : 3/20]
Pr_Src_cls_loss	: 1.5287
-------------------------------------
[Pr Epoch : 4/20]
Pr_Src_cls_loss	: 1.5109
-------------------------------------
[Pr Epoch : 5/20]
Pr_Src_cls_loss	: 1.4967
-------------------------------------
[Pr Epoch : 6/20]
Pr_Src_cls_loss	: 1.4843
-------------------------------------
[Pr Epoch : 7/20]
Pr_Src_cls_loss	: 1.4736
-------------------------------------
[Pr Epoch : 8/20]
Pr_Src_cls_loss	: 1.4636
-------------------------------------
[Pr Epoch : 9/20]
Pr_Src_cls_loss	: 1.4545
-------------------------------------
[Pr Epoch : 10/20]
Pr_Src_cls_loss	: 1.4459
-------------------------------------
[Pr Epoch : 11/20]
Pr_Src_cls_loss	: 1.4379
-------------------------------------
[Pr Epoch : 12/20]
Pr_Src_cls_loss	: 1.4304
-------------------------------------
[Pr Epoch : 13/20]
Pr_Src_cls_loss	: 1.4232
-------------------------------------
[Pr Epoch : 14/20]
Pr_Src_cls_loss	: 1.4163
-------------------------------------
[Pr Epoch : 15/20]
Pr_Src_cls_loss	: 1.4097
-------------------------------------
[Pr Epoch : 16/20]
Pr_Src_cls_loss	: 1.4032
-------------------------------------
[Pr Epoch : 17/20]
Pr_Src_cls_loss	: 1.3971
-------------------------------------
[Pr Epoch : 18/20]
Pr_Src_cls_loss	: 1.3910
-------------------------------------
[Pr Epoch : 19/20]
Pr_Src_cls_loss	: 1.3851
-------------------------------------
[Pr Epoch : 20/20]
Pr_Src_cls_loss	: 1.3793
-------------------------------------
[Epoch : 1/20]
Pr_Src_cls_loss	: 1.3793
Total_loss	: 0.4187
OT Loss	: 0.1481
Entropic Loss	: -1.0575
Src_cls_loss	: 1.2541
-------------------------------------
[Epoch : 2/20]
Pr_Src_cls_loss	: 1.3793
Total_loss	: 0.3508
OT Loss	: 0.1409
Entropic Loss	: -1.1138
Src_cls_loss	: 1.2533
-------------------------------------
[Epoch : 3/20]
Pr_Src_cls_loss	: 1.3793
Total_loss	: 0.3900
OT Loss	: 0.1380
Entropic Loss	: -1.0627
Src_cls_loss	: 1.2456
-------------------------------------
[Epoch : 4/20]
Pr_Src_cls_loss	: 1.3793
Total_loss	: 0.4372
OT Loss	: 0.1359
Entropic Loss	: -1.0060
Src_cls_loss	: 1.2394
-------------------------------------
[Epoch : 5/20]
Pr_Src_cls_loss	: 1.3793
Total_loss	: 0.4446
OT Loss	: 0.1349
Entropic Loss	: -0.9918
Src_cls_loss	: 1.2340
-------------------------------------
[Epoch : 6/20]
Pr_Src_cls_loss	: 1.3793
Total_loss	: 0.4618
OT Loss	: 0.1330
Entropic Loss	: -0.9665
Src_cls_loss	: 1.2288
-------------------------------------
[Epoch : 7/20]
Pr_Src_cls_loss	: 1.3793
Total_loss	: 0.4642
OT Loss	: 0.1315
Entropic Loss	: -0.9600
Src_cls_loss	: 1.2270
-------------------------------------
[Epoch : 8/20]
Pr_Src_cls_loss	: 1.3793
Total_loss	: 0.4834
OT Loss	: 0.1302
Entropic Loss	: -0.9340
Src_cls_loss	: 1.2220
-------------------------------------
[Epoch : 9/20]
Pr_Src_cls_loss	: 1.3793
Total_loss	: 0.4921
OT Loss	: 0.1289
Entropic Loss	: -0.9182
Src_cls_loss	: 1.2170
-------------------------------------
[Epoch : 10/20]
Pr_Src_cls_loss	: 1.3793
Total_loss	: 0.4824
OT Loss	: 0.1280
Entropic Loss	: -0.9223
Src_cls_loss	: 1.2128
-------------------------------------
[Epoch : 11/20]
Pr_Src_cls_loss	: 1.3793
Total_loss	: 0.4826
OT Loss	: 0.1266
Entropic Loss	: -0.9142
Src_cls_loss	: 1.2069
-------------------------------------
[Epoch : 12/20]
Pr_Src_cls_loss	: 1.3793
Total_loss	: 0.4639
OT Loss	: 0.1256
Entropic Loss	: -0.9278
Src_cls_loss	: 1.2032
-------------------------------------
[Epoch : 13/20]
Pr_Src_cls_loss	: 1.3793
Total_loss	: 0.4622
OT Loss	: 0.1249
Entropic Loss	: -0.9241
Src_cls_loss	: 1.1989
-------------------------------------
[Epoch : 14/20]
Pr_Src_cls_loss	: 1.3793
Total_loss	: 0.4442
OT Loss	: 0.1239
Entropic Loss	: -0.9357
Src_cls_loss	: 1.1941
-------------------------------------
[Epoch : 15/20]
Pr_Src_cls_loss	: 1.3793
Total_loss	: 0.4302
OT Loss	: 0.1226
Entropic Loss	: -0.9419
Src_cls_loss	: 1.1882
-------------------------------------
[Epoch : 16/20]
Pr_Src_cls_loss	: 1.3793
Total_loss	: 0.4271
OT Loss	: 0.1220
Entropic Loss	: -0.9388
Src_cls_loss	: 1.1830
-------------------------------------
[Epoch : 17/20]
Pr_Src_cls_loss	: 1.3793
Total_loss	: 0.4214
OT Loss	: 0.1214
Entropic Loss	: -0.9388
Src_cls_loss	: 1.1781
-------------------------------------
[Epoch : 18/20]
Pr_Src_cls_loss	: 1.3793
Total_loss	: 0.4301
OT Loss	: 0.1209
Entropic Loss	: -0.9243
Src_cls_loss	: 1.1730
-------------------------------------
[Epoch : 19/20]
Pr_Src_cls_loss	: 1.3793
Total_loss	: 0.4320
OT Loss	: 0.1205
Entropic Loss	: -0.9176
Src_cls_loss	: 1.1689
-------------------------------------
[Epoch : 20/20]
Pr_Src_cls_loss	: 1.3793
Total_loss	: 0.4255
OT Loss	: 0.1198
Entropic Loss	: -0.9179
Src_cls_loss	: 1.1637
-------------------------------------
/mnt/data/home/tp2474/OpenSet-AdaTime/trainers/abstract_trainer.py:331: FutureWarning: The behavior of DataFrame concatenation with empty or all-NA entries is deprecated. In a future version, this will no longer exclude empty or all-NA columns when determining the result dtypes. To retain the old behavior, exclude the relevant entries before the concat operation.
  table = pd.concat([table, results_df], ignore_index=True)
H_score: 0.0000, OS* (acc_c): 0.0000, UNK (acc_p): 1.0000, acc_mix: 0.1436, F1: 0.0361
Uploading logs from: /mnt/data/home/tp2474/OpenSet-AdaTime/experiments_logs/curriculum/MHEALTH to RealWorld_UniDA_hard_n1_fno_mean/PPOT_UniDA_hard_n1_fno_mean/MHEALTH_to_RealWorld_run_0
🏃 View run PPOT_run_0 at: http://127.0.0.1:5001/#/experiments/451986342333445797/runs/57acf989033f41deb7378a05b152144d
🧪 View experiment at: http://127.0.0.1:5001/#/experiments/451986342333445797
=============================================
Dataset: MHEALTH to RealWorld_UniDA_hard_n1_fno_mean
Method:  PPOT
=============================================
Source: MHEALTH ---> Target: RealWorld
Run ID: 1
=============================================
[Pr Epoch : 1/20]
Pr_Src_cls_loss	: 1.5724
-------------------------------------
[Pr Epoch : 2/20]
Pr_Src_cls_loss	: 1.5470
-------------------------------------
[Pr Epoch : 3/20]
Pr_Src_cls_loss	: 1.5277
-------------------------------------
[Pr Epoch : 4/20]
Pr_Src_cls_loss	: 1.5124
-------------------------------------
[Pr Epoch : 5/20]
Pr_Src_cls_loss	: 1.4998
-------------------------------------
[Pr Epoch : 6/20]
Pr_Src_cls_loss	: 1.4890
-------------------------------------
[Pr Epoch : 7/20]
Pr_Src_cls_loss	: 1.4794
-------------------------------------
[Pr Epoch : 8/20]
Pr_Src_cls_loss	: 1.4710
-------------------------------------
[Pr Epoch : 9/20]
Pr_Src_cls_loss	: 1.4629
-------------------------------------
[Pr Epoch : 10/20]
Pr_Src_cls_loss	: 1.4558
-------------------------------------
[Pr Epoch : 11/20]
Pr_Src_cls_loss	: 1.4489
-------------------------------------
[Pr Epoch : 12/20]
Pr_Src_cls_loss	: 1.4423
-------------------------------------
[Pr Epoch : 13/20]
Pr_Src_cls_loss	: 1.4359
-------------------------------------
[Pr Epoch : 14/20]
Pr_Src_cls_loss	: 1.4297
-------------------------------------
[Pr Epoch : 15/20]
Pr_Src_cls_loss	: 1.4236
-------------------------------------
[Pr Epoch : 16/20]
Pr_Src_cls_loss	: 1.4177
-------------------------------------
[Pr Epoch : 17/20]
Pr_Src_cls_loss	: 1.4120
-------------------------------------
[Pr Epoch : 18/20]
Pr_Src_cls_loss	: 1.4064
-------------------------------------
[Pr Epoch : 19/20]
Pr_Src_cls_loss	: 1.4009
-------------------------------------
[Pr Epoch : 20/20]
Pr_Src_cls_loss	: 1.3955
-------------------------------------
[Epoch : 1/20]
Pr_Src_cls_loss	: 1.3955
Total_loss	: 0.2823
OT Loss	: 0.1370
Entropic Loss	: -1.1969
Src_cls_loss	: 1.2738
-------------------------------------
[Epoch : 2/20]
Pr_Src_cls_loss	: 1.3955
Total_loss	: 0.2938
OT Loss	: 0.1334
Entropic Loss	: -1.1755
Src_cls_loss	: 1.2691
-------------------------------------
[Epoch : 3/20]
Pr_Src_cls_loss	: 1.3955
Total_loss	: 0.3134
OT Loss	: 0.1309
Entropic Loss	: -1.1453
Src_cls_loss	: 1.2622
-------------------------------------
[Epoch : 4/20]
Pr_Src_cls_loss	: 1.3955
Total_loss	: 0.3020
OT Loss	: 0.1274
Entropic Loss	: -1.1409
Src_cls_loss	: 1.2518
-------------------------------------
[Epoch : 5/20]
Pr_Src_cls_loss	: 1.3955
Total_loss	: 0.3083
OT Loss	: 0.1247
Entropic Loss	: -1.1227
Src_cls_loss	: 1.2439
-------------------------------------
[Epoch : 6/20]
Pr_Src_cls_loss	: 1.3955
Total_loss	: 0.2916
OT Loss	: 0.1225
Entropic Loss	: -1.1289
Src_cls_loss	: 1.2368
-------------------------------------
[Epoch : 7/20]
Pr_Src_cls_loss	: 1.3955
Total_loss	: 0.2610
OT Loss	: 0.1205
Entropic Loss	: -1.1488
Src_cls_loss	: 1.2291
-------------------------------------
[Epoch : 8/20]
Pr_Src_cls_loss	: 1.3955
Total_loss	: 0.2357
OT Loss	: 0.1186
Entropic Loss	: -1.1670
Src_cls_loss	: 1.2249
-------------------------------------
[Epoch : 9/20]
Pr_Src_cls_loss	: 1.3955
Total_loss	: 0.2320
OT Loss	: 0.1175
Entropic Loss	: -1.1621
Src_cls_loss	: 1.2178
-------------------------------------
[Epoch : 10/20]
Pr_Src_cls_loss	: 1.3955
Total_loss	: 0.2226
OT Loss	: 0.1165
Entropic Loss	: -1.1640
Src_cls_loss	: 1.2119
-------------------------------------
[Epoch : 11/20]
Pr_Src_cls_loss	: 1.3955
Total_loss	: 0.2295
OT Loss	: 0.1163
Entropic Loss	: -1.1513
Src_cls_loss	: 1.2062
-------------------------------------
[Epoch : 12/20]
Pr_Src_cls_loss	: 1.3955
Total_loss	: 0.2324
OT Loss	: 0.1154
Entropic Loss	: -1.1405
Src_cls_loss	: 1.1998
-------------------------------------
[Epoch : 13/20]
Pr_Src_cls_loss	: 1.3955
Total_loss	: 0.2144
OT Loss	: 0.1141
Entropic Loss	: -1.1505
Src_cls_loss	: 1.1937
-------------------------------------
[Epoch : 14/20]
Pr_Src_cls_loss	: 1.3955
Total_loss	: 0.2019
OT Loss	: 0.1138
Entropic Loss	: -1.1574
Src_cls_loss	: 1.1885
-------------------------------------
[Epoch : 15/20]
Pr_Src_cls_loss	: 1.3955
Total_loss	: 0.1955
OT Loss	: 0.1135
Entropic Loss	: -1.1581
Src_cls_loss	: 1.1833
-------------------------------------
[Epoch : 16/20]
Pr_Src_cls_loss	: 1.3955
Total_loss	: 0.1796
OT Loss	: 0.1127
Entropic Loss	: -1.1660
Src_cls_loss	: 1.1766
-------------------------------------
[Epoch : 17/20]
Pr_Src_cls_loss	: 1.3955
Total_loss	: 0.1676
OT Loss	: 0.1120
Entropic Loss	: -1.1713
Src_cls_loss	: 1.1710
-------------------------------------
[Epoch : 18/20]
Pr_Src_cls_loss	: 1.3955
Total_loss	: 0.1637
OT Loss	: 0.1114
Entropic Loss	: -1.1690
Src_cls_loss	: 1.1657
-------------------------------------
[Epoch : 19/20]
Pr_Src_cls_loss	: 1.3955
Total_loss	: 0.1555
OT Loss	: 0.1110
Entropic Loss	: -1.1719
Src_cls_loss	: 1.1610
-------------------------------------
[Epoch : 20/20]
Pr_Src_cls_loss	: 1.3955
Total_loss	: 0.1493
OT Loss	: 0.1106
Entropic Loss	: -1.1726
Src_cls_loss	: 1.1560
-------------------------------------
H_score: 0.0000, OS* (acc_c): 0.0000, UNK (acc_p): 1.0000, acc_mix: 0.1436, F1: 0.0361
Uploading logs from: /mnt/data/home/tp2474/OpenSet-AdaTime/experiments_logs/curriculum/MHEALTH to RealWorld_UniDA_hard_n1_fno_mean/PPOT_UniDA_hard_n1_fno_mean/MHEALTH_to_RealWorld_run_1
🏃 View run PPOT_run_1 at: http://127.0.0.1:5001/#/experiments/451986342333445797/runs/6e6a8030274c4c55aa3fbe35bc436eb9
🧪 View experiment at: http://127.0.0.1:5001/#/experiments/451986342333445797
=============================================
Dataset: MHEALTH to RealWorld_UniDA_hard_n1_fno_mean
Method:  PPOT
=============================================
Source: MHEALTH ---> Target: RealWorld
Run ID: 2
=============================================
[Pr Epoch : 1/20]
Pr_Src_cls_loss	: 1.5798
-------------------------------------
[Pr Epoch : 2/20]
Pr_Src_cls_loss	: 1.5536
-------------------------------------
[Pr Epoch : 3/20]
Pr_Src_cls_loss	: 1.5339
-------------------------------------
[Pr Epoch : 4/20]
Pr_Src_cls_loss	: 1.5181
-------------------------------------
[Pr Epoch : 5/20]
Pr_Src_cls_loss	: 1.5050
-------------------------------------
[Pr Epoch : 6/20]
Pr_Src_cls_loss	: 1.4937
-------------------------------------
[Pr Epoch : 7/20]
Pr_Src_cls_loss	: 1.4833
-------------------------------------
[Pr Epoch : 8/20]
Pr_Src_cls_loss	: 1.4737
-------------------------------------
[Pr Epoch : 9/20]
Pr_Src_cls_loss	: 1.4648
-------------------------------------
[Pr Epoch : 10/20]
Pr_Src_cls_loss	: 1.4563
-------------------------------------
[Pr Epoch : 11/20]
Pr_Src_cls_loss	: 1.4484
-------------------------------------
[Pr Epoch : 12/20]
Pr_Src_cls_loss	: 1.4407
-------------------------------------
[Pr Epoch : 13/20]
Pr_Src_cls_loss	: 1.4334
-------------------------------------
[Pr Epoch : 14/20]
Pr_Src_cls_loss	: 1.4264
-------------------------------------
[Pr Epoch : 15/20]
Pr_Src_cls_loss	: 1.4195
-------------------------------------
[Pr Epoch : 16/20]
Pr_Src_cls_loss	: 1.4129
-------------------------------------
[Pr Epoch : 17/20]
Pr_Src_cls_loss	: 1.4064
-------------------------------------
[Pr Epoch : 18/20]
Pr_Src_cls_loss	: 1.4003
-------------------------------------
[Pr Epoch : 19/20]
Pr_Src_cls_loss	: 1.3943
-------------------------------------
[Pr Epoch : 20/20]
Pr_Src_cls_loss	: 1.3884
-------------------------------------
[Epoch : 1/20]
Pr_Src_cls_loss	: 1.3884
Total_loss	: 0.5962
OT Loss	: 0.1611
Entropic Loss	: -0.9246
Src_cls_loss	: 1.2793
-------------------------------------
[Epoch : 2/20]
Pr_Src_cls_loss	: 1.3884
Total_loss	: 0.4964
OT Loss	: 0.1531
Entropic Loss	: -1.0043
Src_cls_loss	: 1.2710
-------------------------------------
[Epoch : 3/20]
Pr_Src_cls_loss	: 1.3884
Total_loss	: 0.4017
OT Loss	: 0.1443
Entropic Loss	: -1.0756
Src_cls_loss	: 1.2608
-------------------------------------
[Epoch : 4/20]
Pr_Src_cls_loss	: 1.3884
Total_loss	: 0.3391
OT Loss	: 0.1391
Entropic Loss	: -1.1208
Src_cls_loss	: 1.2512
-------------------------------------
[Epoch : 5/20]
Pr_Src_cls_loss	: 1.3884
Total_loss	: 0.3172
OT Loss	: 0.1366
Entropic Loss	: -1.1341
Src_cls_loss	: 1.2463
-------------------------------------
[Epoch : 6/20]
Pr_Src_cls_loss	: 1.3884
Total_loss	: 0.2964
OT Loss	: 0.1334
Entropic Loss	: -1.1422
Src_cls_loss	: 1.2385
-------------------------------------
[Epoch : 7/20]
Pr_Src_cls_loss	: 1.3884
Total_loss	: 0.2919
OT Loss	: 0.1312
Entropic Loss	: -1.1359
Src_cls_loss	: 1.2311
-------------------------------------
[Epoch : 8/20]
Pr_Src_cls_loss	: 1.3884
Total_loss	: 0.2948
OT Loss	: 0.1297
Entropic Loss	: -1.1237
Src_cls_loss	: 1.2240
-------------------------------------
[Epoch : 9/20]
Pr_Src_cls_loss	: 1.3884
Total_loss	: 0.2933
OT Loss	: 0.1285
Entropic Loss	: -1.1166
Src_cls_loss	: 1.2171
-------------------------------------
[Epoch : 10/20]
Pr_Src_cls_loss	: 1.3884
Total_loss	: 0.2934
OT Loss	: 0.1271
Entropic Loss	: -1.1069
Src_cls_loss	: 1.2097
-------------------------------------
[Epoch : 11/20]
Pr_Src_cls_loss	: 1.3884
Total_loss	: 0.2731
OT Loss	: 0.1251
Entropic Loss	: -1.1181
Src_cls_loss	: 1.2034
-------------------------------------
[Epoch : 12/20]
Pr_Src_cls_loss	: 1.3884
Total_loss	: 0.2659
OT Loss	: 0.1238
Entropic Loss	: -1.1176
Src_cls_loss	: 1.1977
-------------------------------------
[Epoch : 13/20]
Pr_Src_cls_loss	: 1.3884
Total_loss	: 0.2603
OT Loss	: 0.1230
Entropic Loss	: -1.1161
Src_cls_loss	: 1.1918
-------------------------------------
[Epoch : 14/20]
Pr_Src_cls_loss	: 1.3884
Total_loss	: 0.2629
OT Loss	: 0.1222
Entropic Loss	: -1.1071
Src_cls_loss	: 1.1866
-------------------------------------
[Epoch : 15/20]
Pr_Src_cls_loss	: 1.3884
Total_loss	: 0.2622
OT Loss	: 0.1213
Entropic Loss	: -1.1019
Src_cls_loss	: 1.1821
-------------------------------------
[Epoch : 16/20]
Pr_Src_cls_loss	: 1.3884
Total_loss	: 0.2618
OT Loss	: 0.1203
Entropic Loss	: -1.0956
Src_cls_loss	: 1.1769
-------------------------------------
[Epoch : 17/20]
Pr_Src_cls_loss	: 1.3884
Total_loss	: 0.2605
OT Loss	: 0.1195
Entropic Loss	: -1.0908
Src_cls_loss	: 1.1720
-------------------------------------
[Epoch : 18/20]
Pr_Src_cls_loss	: 1.3884
Total_loss	: 0.2479
OT Loss	: 0.1187
Entropic Loss	: -1.0979
Src_cls_loss	: 1.1678
-------------------------------------
[Epoch : 19/20]
Pr_Src_cls_loss	: 1.3884
Total_loss	: 0.2450
OT Loss	: 0.1181
Entropic Loss	: -1.0956
Src_cls_loss	: 1.1635
-------------------------------------
[Epoch : 20/20]
Pr_Src_cls_loss	: 1.3884
Total_loss	: 0.2372
OT Loss	: 0.1172
Entropic Loss	: -1.0977
Src_cls_loss	: 1.1591
-------------------------------------
H_score: 0.0000, OS* (acc_c): 0.0000, UNK (acc_p): 1.0000, acc_mix: 0.1436, F1: 0.0361
Uploading logs from: /mnt/data/home/tp2474/OpenSet-AdaTime/experiments_logs/curriculum/MHEALTH to RealWorld_UniDA_hard_n1_fno_mean/PPOT_UniDA_hard_n1_fno_mean/MHEALTH_to_RealWorld_run_2
🏃 View run PPOT_run_2 at: http://127.0.0.1:5001/#/experiments/451986342333445797/runs/e51d02e2944b40e9a7a14c69e749df85
🧪 View experiment at: http://127.0.0.1:5001/#/experiments/451986342333445797
=============================================
Dataset: MHEALTH to RealWorld_UniDA_hard_n1_fno_mean
Method:  PPOT
=============================================
Source: MHEALTH ---> Target: RealWorld
Run ID: 3
=============================================
[Pr Epoch : 1/20]
Pr_Src_cls_loss	: 1.5718
-------------------------------------
[Pr Epoch : 2/20]
Pr_Src_cls_loss	: 1.5440
-------------------------------------
[Pr Epoch : 3/20]
Pr_Src_cls_loss	: 1.5228
-------------------------------------
[Pr Epoch : 4/20]
Pr_Src_cls_loss	: 1.5062
-------------------------------------
[Pr Epoch : 5/20]
Pr_Src_cls_loss	: 1.4925
-------------------------------------
[Pr Epoch : 6/20]
Pr_Src_cls_loss	: 1.4808
-------------------------------------
[Pr Epoch : 7/20]
Pr_Src_cls_loss	: 1.4706
-------------------------------------
[Pr Epoch : 8/20]
Pr_Src_cls_loss	: 1.4611
-------------------------------------
[Pr Epoch : 9/20]
Pr_Src_cls_loss	: 1.4525
-------------------------------------
[Pr Epoch : 10/20]
Pr_Src_cls_loss	: 1.4445
-------------------------------------
[Pr Epoch : 11/20]
Pr_Src_cls_loss	: 1.4368
-------------------------------------
[Pr Epoch : 12/20]
Pr_Src_cls_loss	: 1.4294
-------------------------------------
[Pr Epoch : 13/20]
Pr_Src_cls_loss	: 1.4223
-------------------------------------
[Pr Epoch : 14/20]
Pr_Src_cls_loss	: 1.4154
-------------------------------------
[Pr Epoch : 15/20]
Pr_Src_cls_loss	: 1.4089
-------------------------------------
[Pr Epoch : 16/20]
Pr_Src_cls_loss	: 1.4025
-------------------------------------
[Pr Epoch : 17/20]
Pr_Src_cls_loss	: 1.3963
-------------------------------------
[Pr Epoch : 18/20]
Pr_Src_cls_loss	: 1.3903
-------------------------------------
[Pr Epoch : 19/20]
Pr_Src_cls_loss	: 1.3844
-------------------------------------
[Pr Epoch : 20/20]
Pr_Src_cls_loss	: 1.3786
-------------------------------------
[Epoch : 1/20]
Pr_Src_cls_loss	: 1.3786
Total_loss	: 0.3881
OT Loss	: 0.1464
Entropic Loss	: -1.0309
Src_cls_loss	: 1.1994
-------------------------------------
[Epoch : 2/20]
Pr_Src_cls_loss	: 1.3786
Total_loss	: 0.3226
OT Loss	: 0.1385
Entropic Loss	: -1.0885
Src_cls_loss	: 1.2034
-------------------------------------
[Epoch : 3/20]
Pr_Src_cls_loss	: 1.3786
Total_loss	: 0.2978
OT Loss	: 0.1361
Entropic Loss	: -1.1022
Src_cls_loss	: 1.1958
-------------------------------------
[Epoch : 4/20]
Pr_Src_cls_loss	: 1.3786
Total_loss	: 0.2816
OT Loss	: 0.1341
Entropic Loss	: -1.1149
Src_cls_loss	: 1.1953
-------------------------------------
[Epoch : 5/20]
Pr_Src_cls_loss	: 1.3786
Total_loss	: 0.2787
OT Loss	: 0.1327
Entropic Loss	: -1.1101
Src_cls_loss	: 1.1898
-------------------------------------
[Epoch : 6/20]
Pr_Src_cls_loss	: 1.3786
Total_loss	: 0.2807
OT Loss	: 0.1313
Entropic Loss	: -1.1031
Src_cls_loss	: 1.1868
-------------------------------------
[Epoch : 7/20]
Pr_Src_cls_loss	: 1.3786
Total_loss	: 0.2746
OT Loss	: 0.1299
Entropic Loss	: -1.1036
Src_cls_loss	: 1.1833
-------------------------------------
[Epoch : 8/20]
Pr_Src_cls_loss	: 1.3786
Total_loss	: 0.2738
OT Loss	: 0.1286
Entropic Loss	: -1.1009
Src_cls_loss	: 1.1819
-------------------------------------
[Epoch : 9/20]
Pr_Src_cls_loss	: 1.3786
Total_loss	: 0.2662
OT Loss	: 0.1274
Entropic Loss	: -1.1055
Src_cls_loss	: 1.1807
-------------------------------------
[Epoch : 10/20]
Pr_Src_cls_loss	: 1.3786
Total_loss	: 0.2598
OT Loss	: 0.1261
Entropic Loss	: -1.1063
Src_cls_loss	: 1.1770
-------------------------------------
[Epoch : 11/20]
Pr_Src_cls_loss	: 1.3786
Total_loss	: 0.2439
OT Loss	: 0.1249
Entropic Loss	: -1.1161
Src_cls_loss	: 1.1727
-------------------------------------
[Epoch : 12/20]
Pr_Src_cls_loss	: 1.3786
Total_loss	: 0.2443
OT Loss	: 0.1241
Entropic Loss	: -1.1106
Src_cls_loss	: 1.1688
-------------------------------------
[Epoch : 13/20]
Pr_Src_cls_loss	: 1.3786
Total_loss	: 0.2374
OT Loss	: 0.1231
Entropic Loss	: -1.1121
Src_cls_loss	: 1.1649
-------------------------------------
[Epoch : 14/20]
Pr_Src_cls_loss	: 1.3786
Total_loss	: 0.2400
OT Loss	: 0.1221
Entropic Loss	: -1.1030
Src_cls_loss	: 1.1599
-------------------------------------
[Epoch : 15/20]
Pr_Src_cls_loss	: 1.3786
Total_loss	: 0.2318
OT Loss	: 0.1214
Entropic Loss	: -1.1046
Src_cls_loss	: 1.1543
-------------------------------------
[Epoch : 16/20]
Pr_Src_cls_loss	: 1.3786
Total_loss	: 0.2167
OT Loss	: 0.1208
Entropic Loss	: -1.1153
Src_cls_loss	: 1.1509
-------------------------------------
[Epoch : 17/20]
Pr_Src_cls_loss	: 1.3786
Total_loss	: 0.2183
OT Loss	: 0.1202
Entropic Loss	: -1.1079
Src_cls_loss	: 1.1459
-------------------------------------
[Epoch : 18/20]
Pr_Src_cls_loss	: 1.3786
Total_loss	: 0.2148
OT Loss	: 0.1193
Entropic Loss	: -1.1050
Src_cls_loss	: 1.1408
-------------------------------------
[Epoch : 19/20]
Pr_Src_cls_loss	: 1.3786
Total_loss	: 0.2086
OT Loss	: 0.1187
Entropic Loss	: -1.1058
Src_cls_loss	: 1.1363
-------------------------------------
[Epoch : 20/20]
Pr_Src_cls_loss	: 1.3786
Total_loss	: 0.1973
OT Loss	: 0.1181
Entropic Loss	: -1.1114
Src_cls_loss	: 1.1315
-------------------------------------
H_score: 0.0000, OS* (acc_c): 0.0000, UNK (acc_p): 1.0000, acc_mix: 0.1436, F1: 0.0361
Uploading logs from: /mnt/data/home/tp2474/OpenSet-AdaTime/experiments_logs/curriculum/MHEALTH to RealWorld_UniDA_hard_n1_fno_mean/PPOT_UniDA_hard_n1_fno_mean/MHEALTH_to_RealWorld_run_3
🏃 View run PPOT_run_3 at: http://127.0.0.1:5001/#/experiments/451986342333445797/runs/8ffced725e304b26b94891141fdc449a
🧪 View experiment at: http://127.0.0.1:5001/#/experiments/451986342333445797
=============================================
Dataset: MHEALTH to RealWorld_UniDA_hard_n1_fno_mean
Method:  PPOT
=============================================
Source: MHEALTH ---> Target: RealWorld
Run ID: 4
=============================================
[Pr Epoch : 1/20]
Pr_Src_cls_loss	: 1.5789
-------------------------------------
[Pr Epoch : 2/20]
Pr_Src_cls_loss	: 1.5499
-------------------------------------
[Pr Epoch : 3/20]
Pr_Src_cls_loss	: 1.5281
-------------------------------------
[Pr Epoch : 4/20]
Pr_Src_cls_loss	: 1.5109
-------------------------------------
[Pr Epoch : 5/20]
Pr_Src_cls_loss	: 1.4969
-------------------------------------
[Pr Epoch : 6/20]
Pr_Src_cls_loss	: 1.4848
-------------------------------------
[Pr Epoch : 7/20]
Pr_Src_cls_loss	: 1.4741
-------------------------------------
[Pr Epoch : 8/20]
Pr_Src_cls_loss	: 1.4644
-------------------------------------
[Pr Epoch : 9/20]
Pr_Src_cls_loss	: 1.4555
-------------------------------------
[Pr Epoch : 10/20]
Pr_Src_cls_loss	: 1.4473
-------------------------------------
[Pr Epoch : 11/20]
Pr_Src_cls_loss	: 1.4396
-------------------------------------
[Pr Epoch : 12/20]
Pr_Src_cls_loss	: 1.4324
-------------------------------------
[Pr Epoch : 13/20]
Pr_Src_cls_loss	: 1.4254
-------------------------------------
[Pr Epoch : 14/20]
Pr_Src_cls_loss	: 1.4188
-------------------------------------
[Pr Epoch : 15/20]
Pr_Src_cls_loss	: 1.4123
-------------------------------------
[Pr Epoch : 16/20]
Pr_Src_cls_loss	: 1.4061
-------------------------------------
[Pr Epoch : 17/20]
Pr_Src_cls_loss	: 1.4001
-------------------------------------
[Pr Epoch : 18/20]
Pr_Src_cls_loss	: 1.3942
-------------------------------------
[Pr Epoch : 19/20]
Pr_Src_cls_loss	: 1.3885
-------------------------------------
[Pr Epoch : 20/20]
Pr_Src_cls_loss	: 1.3829
-------------------------------------
[Epoch : 1/20]
Pr_Src_cls_loss	: 1.3829
Total_loss	: 0.4271
OT Loss	: 0.1503
Entropic Loss	: -1.0789
Src_cls_loss	: 1.2806
-------------------------------------
[Epoch : 2/20]
Pr_Src_cls_loss	: 1.3829
Total_loss	: 0.4407
OT Loss	: 0.1470
Entropic Loss	: -1.0426
Src_cls_loss	: 1.2628
-------------------------------------
[Epoch : 3/20]
Pr_Src_cls_loss	: 1.3829
Total_loss	: 0.4130
OT Loss	: 0.1413
Entropic Loss	: -1.0563
Src_cls_loss	: 1.2574
-------------------------------------
[Epoch : 4/20]
Pr_Src_cls_loss	: 1.3829
Total_loss	: 0.3555
OT Loss	: 0.1379
Entropic Loss	: -1.1007
Src_cls_loss	: 1.2494
-------------------------------------
[Epoch : 5/20]
Pr_Src_cls_loss	: 1.3829
Total_loss	: 0.3153
OT Loss	: 0.1336
Entropic Loss	: -1.1278
Src_cls_loss	: 1.2428
-------------------------------------
[Epoch : 6/20]
Pr_Src_cls_loss	: 1.3829
Total_loss	: 0.2859
OT Loss	: 0.1297
Entropic Loss	: -1.1436
Src_cls_loss	: 1.2350
-------------------------------------
[Epoch : 7/20]
Pr_Src_cls_loss	: 1.3829
Total_loss	: 0.2904
OT Loss	: 0.1279
Entropic Loss	: -1.1317
Src_cls_loss	: 1.2303
-------------------------------------
[Epoch : 8/20]
Pr_Src_cls_loss	: 1.3829
Total_loss	: 0.2822
OT Loss	: 0.1253
Entropic Loss	: -1.1292
Src_cls_loss	: 1.2236
-------------------------------------
[Epoch : 9/20]
Pr_Src_cls_loss	: 1.3829
Total_loss	: 0.2637
OT Loss	: 0.1233
Entropic Loss	: -1.1386
Src_cls_loss	: 1.2173
-------------------------------------
[Epoch : 10/20]
Pr_Src_cls_loss	: 1.3829
Total_loss	: 0.2527
OT Loss	: 0.1218
Entropic Loss	: -1.1411
Src_cls_loss	: 1.2111
-------------------------------------
[Epoch : 11/20]
Pr_Src_cls_loss	: 1.3829
Total_loss	: 0.2524
OT Loss	: 0.1210
Entropic Loss	: -1.1353
Src_cls_loss	: 1.2063
-------------------------------------
[Epoch : 12/20]
Pr_Src_cls_loss	: 1.3829
Total_loss	: 0.2506
OT Loss	: 0.1202
Entropic Loss	: -1.1308
Src_cls_loss	: 1.2011
-------------------------------------
[Epoch : 13/20]
Pr_Src_cls_loss	: 1.3829
Total_loss	: 0.2432
OT Loss	: 0.1191
Entropic Loss	: -1.1326
Src_cls_loss	: 1.1971
-------------------------------------
[Epoch : 14/20]
Pr_Src_cls_loss	: 1.3829
Total_loss	: 0.2401
OT Loss	: 0.1183
Entropic Loss	: -1.1301
Src_cls_loss	: 1.1927
-------------------------------------
[Epoch : 15/20]
Pr_Src_cls_loss	: 1.3829
Total_loss	: 0.2313
OT Loss	: 0.1175
Entropic Loss	: -1.1325
Src_cls_loss	: 1.1876
-------------------------------------
[Epoch : 16/20]
Pr_Src_cls_loss	: 1.3829
Total_loss	: 0.2149
OT Loss	: 0.1164
Entropic Loss	: -1.1429
Src_cls_loss	: 1.1832
-------------------------------------
[Epoch : 17/20]
Pr_Src_cls_loss	: 1.3829
Total_loss	: 0.2065
OT Loss	: 0.1155
Entropic Loss	: -1.1461
Src_cls_loss	: 1.1793
-------------------------------------
[Epoch : 18/20]
Pr_Src_cls_loss	: 1.3829
Total_loss	: 0.2030
OT Loss	: 0.1147
Entropic Loss	: -1.1441
Src_cls_loss	: 1.1752
-------------------------------------
[Epoch : 19/20]
Pr_Src_cls_loss	: 1.3829
Total_loss	: 0.1942
OT Loss	: 0.1140
Entropic Loss	: -1.1473
Src_cls_loss	: 1.1706
-------------------------------------
[Epoch : 20/20]
Pr_Src_cls_loss	: 1.3829
Total_loss	: 0.1855
OT Loss	: 0.1131
Entropic Loss	: -1.1509
Src_cls_loss	: 1.1668
-------------------------------------
H_score: 0.0000, OS* (acc_c): 0.0000, UNK (acc_p): 1.0000, acc_mix: 0.1436, F1: 0.0361
Uploading logs from: /mnt/data/home/tp2474/OpenSet-AdaTime/experiments_logs/curriculum/MHEALTH to RealWorld_UniDA_hard_n1_fno_mean/PPOT_UniDA_hard_n1_fno_mean/MHEALTH_to_RealWorld_run_4
🏃 View run PPOT_run_4 at: http://127.0.0.1:5001/#/experiments/451986342333445797/runs/794e3aac39894ef88d74fb1f0a18640a
🧪 View experiment at: http://127.0.0.1:5001/#/experiments/451986342333445797
==================== [n1 fno_mean] RAINCOAT ====================
[curriculum] scenario=UniDA  strategy=hard  n_unknown=1  rank_variant=fno_mean
[curriculum] source mapping (5 classes): {'Lying down': 'lying', 'Sitting and relaxing': 'sitting', 'Walking': 'walking', 'Running': 'running', 'Climbing stairs': 'Climbing stairs'}
[curriculum] target mapping (5 classes): {'lying': 'lying', 'sitting': 'sitting', 'walking': 'walking', 'running': 'running', 'climbingup': 'climbingup'}
[curriculum] unknowns added (in hard order): src=[Climbing stairs] | trg=[climbingup]
[scenario] RAINCOAT -> UniDA (uniDA=True)
Unlabeled data shape:  (30610, 150, 18)
Unlabelled Combined shape: (52642, 150, 18)

--- Dataloader Size Check ---
Source Train batches:   22
Target Train batches:   478
-------------------------------

Private classes:  tensor([5.])
=============================================
Dataset: MHEALTH to RealWorld_UniDA_hard_n1_fno_mean
Method:  RAINCOAT
=============================================
Source: MHEALTH ---> Target: RealWorld
Run ID: 0
=============================================
[Align Epoch : 1/20]
Src_cls_loss	: 0.6852
Sink	: 0.7545
Recon	: 23.9030
-------------------------------------
[Align Epoch : 2/20]
Src_cls_loss	: 0.4898
Sink	: 0.6936
Recon	: 23.8703
-------------------------------------
[Align Epoch : 3/20]
Src_cls_loss	: 0.3798
Sink	: 0.6527
Recon	: 23.9321
-------------------------------------
[Align Epoch : 4/20]
Src_cls_loss	: 0.3112
Sink	: 0.6251
Recon	: 23.9395
-------------------------------------
[Align Epoch : 5/20]
Src_cls_loss	: 0.2664
Sink	: 0.6025
Recon	: 23.8817
-------------------------------------
[Align Epoch : 6/20]
Src_cls_loss	: 0.2338
Sink	: 0.5836
Recon	: 23.8164
-------------------------------------
[Align Epoch : 7/20]
Src_cls_loss	: 0.2087
Sink	: 0.5660
Recon	: 23.8154
-------------------------------------
[Align Epoch : 8/20]
Src_cls_loss	: 0.1892
Sink	: 0.5473
Recon	: 23.7835
-------------------------------------
[Align Epoch : 9/20]
Src_cls_loss	: 0.1732
Sink	: 0.5316
Recon	: 23.7614
-------------------------------------
[Align Epoch : 10/20]
Src_cls_loss	: 0.1597
Sink	: 0.5168
Recon	: 23.7352
-------------------------------------
[Align Epoch : 11/20]
Src_cls_loss	: 0.1487
Sink	: 0.5032
Recon	: 23.7150
-------------------------------------
[Align Epoch : 12/20]
Src_cls_loss	: 0.1392
Sink	: 0.4904
Recon	: 23.6837
-------------------------------------
[Align Epoch : 13/20]
Src_cls_loss	: 0.1309
Sink	: 0.4785
Recon	: 23.6581
-------------------------------------
[Align Epoch : 14/20]
Src_cls_loss	: 0.1240
Sink	: 0.4667
Recon	: 23.6366
-------------------------------------
[Align Epoch : 15/20]
Src_cls_loss	: 0.1179
Sink	: 0.4556
Recon	: 23.6252
-------------------------------------
[Align Epoch : 16/20]
Src_cls_loss	: 0.1124
Sink	: 0.4448
Recon	: 23.6034
-------------------------------------
[Align Epoch : 17/20]
Src_cls_loss	: 0.1076
Sink	: 0.4343
Recon	: 23.5795
-------------------------------------
[Align Epoch : 18/20]
Src_cls_loss	: 0.1030
Sink	: 0.4243
Recon	: 23.5699
-------------------------------------
[Align Epoch : 19/20]
Src_cls_loss	: 0.0993
Sink	: 0.4148
Recon	: 23.5578
-------------------------------------
[Align Epoch : 20/20]
Src_cls_loss	: 0.0956
Sink	: 0.4056
Recon	: 23.5378
-------------------------------------
[Correct Epoch : 1/20]
Recon_correct	: 22.8339
-------------------------------------
[Correct Epoch : 2/20]
Recon_correct	: 22.8323
-------------------------------------
[Correct Epoch : 3/20]
Recon_correct	: 22.8817
-------------------------------------
[Correct Epoch : 4/20]
Recon_correct	: 22.8674
-------------------------------------
[Correct Epoch : 5/20]
Recon_correct	: 22.8700
-------------------------------------
[Correct Epoch : 6/20]
Recon_correct	: 22.8491
-------------------------------------
[Correct Epoch : 7/20]
Recon_correct	: 22.8276
-------------------------------------
[Correct Epoch : 8/20]
Recon_correct	: 22.8108
-------------------------------------
[Correct Epoch : 9/20]
Recon_correct	: 22.7710
-------------------------------------
[Correct Epoch : 10/20]
Recon_correct	: 22.7442
-------------------------------------
[Correct Epoch : 11/20]
Recon_correct	: 22.7302
-------------------------------------
[Correct Epoch : 12/20]
Recon_correct	: 22.7064
-------------------------------------
[Correct Epoch : 13/20]
Recon_correct	: 22.6854
-------------------------------------
[Correct Epoch : 14/20]
Recon_correct	: 22.6574
-------------------------------------
[Correct Epoch : 15/20]
Recon_correct	: 22.6343
-------------------------------------
[Correct Epoch : 16/20]
Recon_correct	: 22.6198
-------------------------------------
[Correct Epoch : 17/20]
Recon_correct	: 22.5913
-------------------------------------
[Correct Epoch : 18/20]
Recon_correct	: 22.5681
-------------------------------------
[Correct Epoch : 19/20]
Recon_correct	: 22.5458
-------------------------------------
[Correct Epoch : 20/20]
Recon_correct	: 22.5242
-------------------------------------
/mnt/data/home/tp2474/OpenSet-AdaTime/trainers/abstract_trainer.py:331: FutureWarning: The behavior of DataFrame concatenation with empty or all-NA entries is deprecated. In a future version, this will no longer exclude empty or all-NA columns when determining the result dtypes. To retain the old behavior, exclude the relevant entries before the concat operation.
  table = pd.concat([table, results_df], ignore_index=True)
H_score: 0.1633, OS* (acc_c): 0.0904, UNK (acc_p): 0.8382, acc_mix: 0.1978, F1: 0.1657
Uploading logs from: /mnt/data/home/tp2474/OpenSet-AdaTime/experiments_logs/curriculum/MHEALTH to RealWorld_UniDA_hard_n1_fno_mean/RAINCOAT_UniDA_hard_n1_fno_mean/MHEALTH_to_RealWorld_run_0
🏃 View run RAINCOAT_run_0 at: http://127.0.0.1:5001/#/experiments/451986342333445797/runs/111f4262bf834c88b62ea44a5c29b5e5
🧪 View experiment at: http://127.0.0.1:5001/#/experiments/451986342333445797
=============================================
Dataset: MHEALTH to RealWorld_UniDA_hard_n1_fno_mean
Method:  RAINCOAT
=============================================
Source: MHEALTH ---> Target: RealWorld
Run ID: 1
=============================================
[Align Epoch : 1/20]
Src_cls_loss	: 0.7052
Sink	: 0.8118
Recon	: 23.8697
-------------------------------------
[Align Epoch : 2/20]
Src_cls_loss	: 0.5036
Sink	: 0.7472
Recon	: 23.8002
-------------------------------------
[Align Epoch : 3/20]
Src_cls_loss	: 0.3925
Sink	: 0.7044
Recon	: 23.8638
-------------------------------------
[Align Epoch : 4/20]
Src_cls_loss	: 0.3230
Sink	: 0.6739
Recon	: 23.8259
-------------------------------------
[Align Epoch : 5/20]
Src_cls_loss	: 0.2752
Sink	: 0.6443
Recon	: 23.8600
-------------------------------------
[Align Epoch : 6/20]
Src_cls_loss	: 0.2392
Sink	: 0.6191
Recon	: 23.8477
-------------------------------------
[Align Epoch : 7/20]
Src_cls_loss	: 0.2121
Sink	: 0.5972
Recon	: 23.8250
-------------------------------------
[Align Epoch : 8/20]
Src_cls_loss	: 0.1915
Sink	: 0.5775
Recon	: 23.8106
-------------------------------------
[Align Epoch : 9/20]
Src_cls_loss	: 0.1747
Sink	: 0.5587
Recon	: 23.7998
-------------------------------------
[Align Epoch : 10/20]
Src_cls_loss	: 0.1616
Sink	: 0.5414
Recon	: 23.7717
-------------------------------------
[Align Epoch : 11/20]
Src_cls_loss	: 0.1495
Sink	: 0.5245
Recon	: 23.7509
-------------------------------------
[Align Epoch : 12/20]
Src_cls_loss	: 0.1398
Sink	: 0.5102
Recon	: 23.7531
-------------------------------------
[Align Epoch : 13/20]
Src_cls_loss	: 0.1316
Sink	: 0.4986
Recon	: 23.7521
-------------------------------------
[Align Epoch : 14/20]
Src_cls_loss	: 0.1243
Sink	: 0.4859
Recon	: 23.7283
-------------------------------------
[Align Epoch : 15/20]
Src_cls_loss	: 0.1177
Sink	: 0.4739
Recon	: 23.7121
-------------------------------------
[Align Epoch : 16/20]
Src_cls_loss	: 0.1117
Sink	: 0.4620
Recon	: 23.7104
-------------------------------------
[Align Epoch : 17/20]
Src_cls_loss	: 0.1066
Sink	: 0.4505
Recon	: 23.6951
-------------------------------------
[Align Epoch : 18/20]
Src_cls_loss	: 0.1017
Sink	: 0.4400
Recon	: 23.6970
-------------------------------------
[Align Epoch : 19/20]
Src_cls_loss	: 0.0973
Sink	: 0.4297
Recon	: 23.6781
-------------------------------------
[Align Epoch : 20/20]
Src_cls_loss	: 0.0932
Sink	: 0.4198
Recon	: 23.6558
-------------------------------------
[Correct Epoch : 1/20]
Recon_correct	: 23.5439
-------------------------------------
[Correct Epoch : 2/20]
Recon_correct	: 23.3316
-------------------------------------
[Correct Epoch : 3/20]
Recon_correct	: 23.3528
-------------------------------------
[Correct Epoch : 4/20]
Recon_correct	: 23.3436
-------------------------------------
[Correct Epoch : 5/20]
Recon_correct	: 23.3168
-------------------------------------
[Correct Epoch : 6/20]
Recon_correct	: 23.2686
-------------------------------------
[Correct Epoch : 7/20]
Recon_correct	: 23.2000
-------------------------------------
[Correct Epoch : 8/20]
Recon_correct	: 23.1695
-------------------------------------
[Correct Epoch : 9/20]
Recon_correct	: 23.1468
-------------------------------------
[Correct Epoch : 10/20]
Recon_correct	: 23.1158
-------------------------------------
[Correct Epoch : 11/20]
Recon_correct	: 23.0484
-------------------------------------
[Correct Epoch : 12/20]
Recon_correct	: 23.0050
-------------------------------------
[Correct Epoch : 13/20]
Recon_correct	: 22.9735
-------------------------------------
[Correct Epoch : 14/20]
Recon_correct	: 22.9378
-------------------------------------
[Correct Epoch : 15/20]
Recon_correct	: 22.9022
-------------------------------------
[Correct Epoch : 16/20]
Recon_correct	: 22.8610
-------------------------------------
[Correct Epoch : 17/20]
Recon_correct	: 22.8241
-------------------------------------
[Correct Epoch : 18/20]
Recon_correct	: 22.7676
-------------------------------------
[Correct Epoch : 19/20]
Recon_correct	: 22.7255
-------------------------------------
[Correct Epoch : 20/20]
Recon_correct	: 22.6838
-------------------------------------
H_score: 0.1582, OS* (acc_c): 0.1263, UNK (acc_p): 0.2116, acc_mix: 0.1385, F1: 0.1683
Uploading logs from: /mnt/data/home/tp2474/OpenSet-AdaTime/experiments_logs/curriculum/MHEALTH to RealWorld_UniDA_hard_n1_fno_mean/RAINCOAT_UniDA_hard_n1_fno_mean/MHEALTH_to_RealWorld_run_1
🏃 View run RAINCOAT_run_1 at: http://127.0.0.1:5001/#/experiments/451986342333445797/runs/9df172f3a08e4744ad215775534d4de0
🧪 View experiment at: http://127.0.0.1:5001/#/experiments/451986342333445797
=============================================
Dataset: MHEALTH to RealWorld_UniDA_hard_n1_fno_mean
Method:  RAINCOAT
=============================================
Source: MHEALTH ---> Target: RealWorld
Run ID: 2
=============================================
[Align Epoch : 1/20]
Src_cls_loss	: 0.7661
Sink	: 0.8233
Recon	: 24.0221
-------------------------------------
[Align Epoch : 2/20]
Src_cls_loss	: 0.5533
Sink	: 0.7737
Recon	: 23.8713
-------------------------------------
[Align Epoch : 3/20]
Src_cls_loss	: 0.4241
Sink	: 0.7334
Recon	: 23.7872
-------------------------------------
[Align Epoch : 4/20]
Src_cls_loss	: 0.3446
Sink	: 0.6956
Recon	: 23.7759
-------------------------------------
[Align Epoch : 5/20]
Src_cls_loss	: 0.2929
Sink	: 0.6630
Recon	: 23.7869
-------------------------------------
[Align Epoch : 6/20]
Src_cls_loss	: 0.2551
Sink	: 0.6365
Recon	: 23.7827
-------------------------------------
[Align Epoch : 7/20]
Src_cls_loss	: 0.2262
Sink	: 0.6137
Recon	: 23.7622
-------------------------------------
[Align Epoch : 8/20]
Src_cls_loss	: 0.2033
Sink	: 0.5913
Recon	: 23.7316
-------------------------------------
[Align Epoch : 9/20]
Src_cls_loss	: 0.1850
Sink	: 0.5708
Recon	: 23.7095
-------------------------------------
[Align Epoch : 10/20]
Src_cls_loss	: 0.1698
Sink	: 0.5516
Recon	: 23.7117
-------------------------------------
[Align Epoch : 11/20]
Src_cls_loss	: 0.1575
Sink	: 0.5343
Recon	: 23.6911
-------------------------------------
[Align Epoch : 12/20]
Src_cls_loss	: 0.1468
Sink	: 0.5188
Recon	: 23.6576
-------------------------------------
[Align Epoch : 13/20]
Src_cls_loss	: 0.1380
Sink	: 0.5041
Recon	: 23.6340
-------------------------------------
[Align Epoch : 14/20]
Src_cls_loss	: 0.1307
Sink	: 0.4905
Recon	: 23.6118
-------------------------------------
[Align Epoch : 15/20]
Src_cls_loss	: 0.1242
Sink	: 0.4789
Recon	: 23.5804
-------------------------------------
[Align Epoch : 16/20]
Src_cls_loss	: 0.1185
Sink	: 0.4671
Recon	: 23.5546
-------------------------------------
[Align Epoch : 17/20]
Src_cls_loss	: 0.1131
Sink	: 0.4550
Recon	: 23.5387
-------------------------------------
[Align Epoch : 18/20]
Src_cls_loss	: 0.1079
Sink	: 0.4437
Recon	: 23.5182
-------------------------------------
[Align Epoch : 19/20]
Src_cls_loss	: 0.1034
Sink	: 0.4329
Recon	: 23.4909
-------------------------------------
[Align Epoch : 20/20]
Src_cls_loss	: 0.0994
Sink	: 0.4223
Recon	: 23.4699
-------------------------------------
[Correct Epoch : 1/20]
Recon_correct	: 22.9735
-------------------------------------
[Correct Epoch : 2/20]
Recon_correct	: 22.9285
-------------------------------------
[Correct Epoch : 3/20]
Recon_correct	: 22.9244
-------------------------------------
[Correct Epoch : 4/20]
Recon_correct	: 22.8597
-------------------------------------
[Correct Epoch : 5/20]
Recon_correct	: 22.8650
-------------------------------------
[Correct Epoch : 6/20]
Recon_correct	: 22.8353
-------------------------------------
[Correct Epoch : 7/20]
Recon_correct	: 22.8243
-------------------------------------
[Correct Epoch : 8/20]
Recon_correct	: 22.8016
-------------------------------------
[Correct Epoch : 9/20]
Recon_correct	: 22.7597
-------------------------------------
[Correct Epoch : 10/20]
Recon_correct	: 22.7244
-------------------------------------
[Correct Epoch : 11/20]
Recon_correct	: 22.7176
-------------------------------------
[Correct Epoch : 12/20]
Recon_correct	: 22.6802
-------------------------------------
[Correct Epoch : 13/20]
Recon_correct	: 22.6464
-------------------------------------
[Correct Epoch : 14/20]
Recon_correct	: 22.6254
-------------------------------------
[Correct Epoch : 15/20]
Recon_correct	: 22.6020
-------------------------------------
[Correct Epoch : 16/20]
Recon_correct	: 22.5782
-------------------------------------
[Correct Epoch : 17/20]
Recon_correct	: 22.5477
-------------------------------------
[Correct Epoch : 18/20]
Recon_correct	: 22.5345
-------------------------------------
[Correct Epoch : 19/20]
Recon_correct	: 22.5043
-------------------------------------
[Correct Epoch : 20/20]
Recon_correct	: 22.4835
-------------------------------------
H_score: 0.0958, OS* (acc_c): 0.2793, UNK (acc_p): 0.0578, acc_mix: 0.2475, F1: 0.2492
Uploading logs from: /mnt/data/home/tp2474/OpenSet-AdaTime/experiments_logs/curriculum/MHEALTH to RealWorld_UniDA_hard_n1_fno_mean/RAINCOAT_UniDA_hard_n1_fno_mean/MHEALTH_to_RealWorld_run_2
🏃 View run RAINCOAT_run_2 at: http://127.0.0.1:5001/#/experiments/451986342333445797/runs/2b950053285d418daa391a4075d19a5f
🧪 View experiment at: http://127.0.0.1:5001/#/experiments/451986342333445797
=============================================
Dataset: MHEALTH to RealWorld_UniDA_hard_n1_fno_mean
Method:  RAINCOAT
=============================================
Source: MHEALTH ---> Target: RealWorld
Run ID: 3
=============================================
[Align Epoch : 1/20]
Src_cls_loss	: 0.7490
Sink	: 0.7836
Recon	: 24.0268
-------------------------------------
[Align Epoch : 2/20]
Src_cls_loss	: 0.5270
Sink	: 0.7207
Recon	: 23.8605
-------------------------------------
[Align Epoch : 3/20]
Src_cls_loss	: 0.4095
Sink	: 0.6819
Recon	: 23.8436
-------------------------------------
[Align Epoch : 4/20]
Src_cls_loss	: 0.3355
Sink	: 0.6537
Recon	: 23.8247
-------------------------------------
[Align Epoch : 5/20]
Src_cls_loss	: 0.2871
Sink	: 0.6272
Recon	: 23.8046
-------------------------------------
[Align Epoch : 6/20]
Src_cls_loss	: 0.2518
Sink	: 0.6041
Recon	: 23.7664
-------------------------------------
[Align Epoch : 7/20]
Src_cls_loss	: 0.2248
Sink	: 0.5854
Recon	: 23.7803
-------------------------------------
[Align Epoch : 8/20]
Src_cls_loss	: 0.2038
Sink	: 0.5687
Recon	: 23.7705
-------------------------------------
[Align Epoch : 9/20]
Src_cls_loss	: 0.1863
Sink	: 0.5532
Recon	: 23.7478
-------------------------------------
[Align Epoch : 10/20]
Src_cls_loss	: 0.1713
Sink	: 0.5378
Recon	: 23.7319
-------------------------------------
[Align Epoch : 11/20]
Src_cls_loss	: 0.1590
Sink	: 0.5234
Recon	: 23.7196
-------------------------------------
[Align Epoch : 12/20]
Src_cls_loss	: 0.1481
Sink	: 0.5099
Recon	: 23.7025
-------------------------------------
[Align Epoch : 13/20]
Src_cls_loss	: 0.1392
Sink	: 0.4972
Recon	: 23.6684
-------------------------------------
[Align Epoch : 14/20]
Src_cls_loss	: 0.1315
Sink	: 0.4853
Recon	: 23.6491
-------------------------------------
[Align Epoch : 15/20]
Src_cls_loss	: 0.1245
Sink	: 0.4736
Recon	: 23.6303
-------------------------------------
[Align Epoch : 16/20]
Src_cls_loss	: 0.1185
Sink	: 0.4622
Recon	: 23.6013
-------------------------------------
[Align Epoch : 17/20]
Src_cls_loss	: 0.1131
Sink	: 0.4516
Recon	: 23.5814
-------------------------------------
[Align Epoch : 18/20]
Src_cls_loss	: 0.1082
Sink	: 0.4412
Recon	: 23.5556
-------------------------------------
[Align Epoch : 19/20]
Src_cls_loss	: 0.1037
Sink	: 0.4312
Recon	: 23.5220
-------------------------------------
[Align Epoch : 20/20]
Src_cls_loss	: 0.0999
Sink	: 0.4218
Recon	: 23.4955
-------------------------------------
[Correct Epoch : 1/20]
Recon_correct	: 23.1533
-------------------------------------
[Correct Epoch : 2/20]
Recon_correct	: 23.0618
-------------------------------------
[Correct Epoch : 3/20]
Recon_correct	: 23.0169
-------------------------------------
[Correct Epoch : 4/20]
Recon_correct	: 22.9674
-------------------------------------
[Correct Epoch : 5/20]
Recon_correct	: 22.9267
-------------------------------------
[Correct Epoch : 6/20]
Recon_correct	: 22.8884
-------------------------------------
[Correct Epoch : 7/20]
Recon_correct	: 22.8273
-------------------------------------
[Correct Epoch : 8/20]
Recon_correct	: 22.8296
-------------------------------------
[Correct Epoch : 9/20]
Recon_correct	: 22.7967
-------------------------------------
[Correct Epoch : 10/20]
Recon_correct	: 22.7737
-------------------------------------
[Correct Epoch : 11/20]
Recon_correct	: 22.7338
-------------------------------------
[Correct Epoch : 12/20]
Recon_correct	: 22.7164
-------------------------------------
[Correct Epoch : 13/20]
Recon_correct	: 22.6790
-------------------------------------
[Correct Epoch : 14/20]
Recon_correct	: 22.6505
-------------------------------------
[Correct Epoch : 15/20]
Recon_correct	: 22.6155
-------------------------------------
[Correct Epoch : 16/20]
Recon_correct	: 22.5836
-------------------------------------
[Correct Epoch : 17/20]
Recon_correct	: 22.5494
-------------------------------------
[Correct Epoch : 18/20]
Recon_correct	: 22.5214
-------------------------------------
[Correct Epoch : 19/20]
Recon_correct	: 22.4974
-------------------------------------
[Correct Epoch : 20/20]
Recon_correct	: 22.4732
-------------------------------------
H_score: 0.0527, OS* (acc_c): 0.2154, UNK (acc_p): 0.0300, acc_mix: 0.1888, F1: 0.2251
Uploading logs from: /mnt/data/home/tp2474/OpenSet-AdaTime/experiments_logs/curriculum/MHEALTH to RealWorld_UniDA_hard_n1_fno_mean/RAINCOAT_UniDA_hard_n1_fno_mean/MHEALTH_to_RealWorld_run_3
🏃 View run RAINCOAT_run_3 at: http://127.0.0.1:5001/#/experiments/451986342333445797/runs/f9d85c09594c43cba07970a7691c7994
🧪 View experiment at: http://127.0.0.1:5001/#/experiments/451986342333445797
=============================================
Dataset: MHEALTH to RealWorld_UniDA_hard_n1_fno_mean
Method:  RAINCOAT
=============================================
Source: MHEALTH ---> Target: RealWorld
Run ID: 4
=============================================
[Align Epoch : 1/20]
Src_cls_loss	: 0.7428
Sink	: 0.8065
Recon	: 24.1032
-------------------------------------
[Align Epoch : 2/20]
Src_cls_loss	: 0.5217
Sink	: 0.7656
Recon	: 23.9208
-------------------------------------
[Align Epoch : 3/20]
Src_cls_loss	: 0.4046
Sink	: 0.7259
Recon	: 23.9069
-------------------------------------
[Align Epoch : 4/20]
Src_cls_loss	: 0.3337
Sink	: 0.6891
Recon	: 23.8629
-------------------------------------
[Align Epoch : 5/20]
Src_cls_loss	: 0.2846
Sink	: 0.6602
Recon	: 23.8257
-------------------------------------
[Align Epoch : 6/20]
Src_cls_loss	: 0.2512
Sink	: 0.6338
Recon	: 23.7962
-------------------------------------
[Align Epoch : 7/20]
Src_cls_loss	: 0.2253
Sink	: 0.6147
Recon	: 23.7853
-------------------------------------
[Align Epoch : 8/20]
Src_cls_loss	: 0.2045
Sink	: 0.5967
Recon	: 23.7570
-------------------------------------
[Align Epoch : 9/20]
Src_cls_loss	: 0.1867
Sink	: 0.5791
Recon	: 23.7665
-------------------------------------
[Align Epoch : 10/20]
Src_cls_loss	: 0.1721
Sink	: 0.5617
Recon	: 23.7467
-------------------------------------
[Align Epoch : 11/20]
Src_cls_loss	: 0.1595
Sink	: 0.5465
Recon	: 23.7296
-------------------------------------
[Align Epoch : 12/20]
Src_cls_loss	: 0.1490
Sink	: 0.5321
Recon	: 23.7131
-------------------------------------
[Align Epoch : 13/20]
Src_cls_loss	: 0.1400
Sink	: 0.5183
Recon	: 23.6957
-------------------------------------
[Align Epoch : 14/20]
Src_cls_loss	: 0.1322
Sink	: 0.5059
Recon	: 23.6984
-------------------------------------
[Align Epoch : 15/20]
Src_cls_loss	: 0.1253
Sink	: 0.4945
Recon	: 23.6815
-------------------------------------
[Align Epoch : 16/20]
Src_cls_loss	: 0.1190
Sink	: 0.4828
Recon	: 23.6729
-------------------------------------
[Align Epoch : 17/20]
Src_cls_loss	: 0.1135
Sink	: 0.4726
Recon	: 23.6680
-------------------------------------
[Align Epoch : 18/20]
Src_cls_loss	: 0.1086
Sink	: 0.4625
Recon	: 23.6666
-------------------------------------
[Align Epoch : 19/20]
Src_cls_loss	: 0.1040
Sink	: 0.4525
Recon	: 23.6576
-------------------------------------
[Align Epoch : 20/20]
Src_cls_loss	: 0.1002
Sink	: 0.4431
Recon	: 23.6521
-------------------------------------
[Correct Epoch : 1/20]
Recon_correct	: 23.2157
-------------------------------------
[Correct Epoch : 2/20]
Recon_correct	: 23.2231
-------------------------------------
[Correct Epoch : 3/20]
Recon_correct	: 23.2220
-------------------------------------
[Correct Epoch : 4/20]
Recon_correct	: 23.2112
-------------------------------------
[Correct Epoch : 5/20]
Recon_correct	: 23.2044
-------------------------------------
[Correct Epoch : 6/20]
Recon_correct	: 23.1496
-------------------------------------
[Correct Epoch : 7/20]
Recon_correct	: 23.1478
-------------------------------------
[Correct Epoch : 8/20]
Recon_correct	: 23.1261
-------------------------------------
[Correct Epoch : 9/20]
Recon_correct	: 23.0836
-------------------------------------
[Correct Epoch : 10/20]
Recon_correct	: 23.0632
-------------------------------------
[Correct Epoch : 11/20]
Recon_correct	: 23.0092
-------------------------------------
[Correct Epoch : 12/20]
Recon_correct	: 22.9857
-------------------------------------
[Correct Epoch : 13/20]
Recon_correct	: 22.9660
-------------------------------------
[Correct Epoch : 14/20]
Recon_correct	: 22.9142
-------------------------------------
[Correct Epoch : 15/20]
Recon_correct	: 22.8801
-------------------------------------
[Correct Epoch : 16/20]
Recon_correct	: 22.8563
-------------------------------------
[Correct Epoch : 17/20]
Recon_correct	: 22.8279
-------------------------------------
[Correct Epoch : 18/20]
Recon_correct	: 22.7880
-------------------------------------
[Correct Epoch : 19/20]
Recon_correct	: 22.7592
-------------------------------------
[Correct Epoch : 20/20]
Recon_correct	: 22.7406
-------------------------------------
H_score: 0.1245, OS* (acc_c): 0.2484, UNK (acc_p): 0.0830, acc_mix: 0.2247, F1: 0.2136
Uploading logs from: /mnt/data/home/tp2474/OpenSet-AdaTime/experiments_logs/curriculum/MHEALTH to RealWorld_UniDA_hard_n1_fno_mean/RAINCOAT_UniDA_hard_n1_fno_mean/MHEALTH_to_RealWorld_run_4
🏃 View run RAINCOAT_run_4 at: http://127.0.0.1:5001/#/experiments/451986342333445797/runs/398b2e6f47024895bf03979c73476633
🧪 View experiment at: http://127.0.0.1:5001/#/experiments/451986342333445797
==================== [n1 fno_mean] UniOT ====================
[curriculum] scenario=UniDA  strategy=hard  n_unknown=1  rank_variant=fno_mean
[curriculum] source mapping (5 classes): {'Lying down': 'lying', 'Sitting and relaxing': 'sitting', 'Walking': 'walking', 'Running': 'running', 'Climbing stairs': 'Climbing stairs'}
[curriculum] target mapping (5 classes): {'lying': 'lying', 'sitting': 'sitting', 'walking': 'walking', 'running': 'running', 'climbingup': 'climbingup'}
[curriculum] unknowns added (in hard order): src=[Climbing stairs] | trg=[climbingup]
[scenario] UniOT -> UniDA (uniDA=True)
Unlabeled data shape:  (30610, 150, 18)
Unlabelled Combined shape: (52642, 150, 18)

--- Dataloader Size Check ---
Source Train batches:   45
Target Train batches:   956
-------------------------------

Private classes:  tensor([5.])
=============================================
Dataset: MHEALTH to RealWorld_UniDA_hard_n1_fno_mean
Method:  UniOT
=============================================
Source: MHEALTH ---> Target: RealWorld
Run ID: 0
=============================================
[Pr Epoch : 1/20]
Pr_Src_cls_loss	: 0.3050
-------------------------------------
[Pr Epoch : 2/20]
Pr_Src_cls_loss	: 0.1709
-------------------------------------
[Pr Epoch : 3/20]
Pr_Src_cls_loss	: 0.1169
-------------------------------------
[Pr Epoch : 4/20]
Pr_Src_cls_loss	: 0.0886
-------------------------------------
[Pr Epoch : 5/20]
Pr_Src_cls_loss	: 0.0775
-------------------------------------
[Pr Epoch : 6/20]
Pr_Src_cls_loss	: 0.0688
-------------------------------------
[Pr Epoch : 7/20]
Pr_Src_cls_loss	: 0.0649
-------------------------------------
[Pr Epoch : 8/20]
Pr_Src_cls_loss	: 0.0577
-------------------------------------
[Pr Epoch : 9/20]
Pr_Src_cls_loss	: 0.0567
-------------------------------------
[Pr Epoch : 10/20]
Pr_Src_cls_loss	: 0.0517
-------------------------------------
[Pr Epoch : 11/20]
Pr_Src_cls_loss	: 0.0474
-------------------------------------
[Pr Epoch : 12/20]
Pr_Src_cls_loss	: 0.0438
-------------------------------------
[Pr Epoch : 13/20]
Pr_Src_cls_loss	: 0.0404
-------------------------------------
[Pr Epoch : 14/20]
Pr_Src_cls_loss	: 0.0376
-------------------------------------
[Pr Epoch : 15/20]
Pr_Src_cls_loss	: 0.0354
-------------------------------------
[Pr Epoch : 16/20]
Pr_Src_cls_loss	: 0.0334
-------------------------------------
[Pr Epoch : 17/20]
Pr_Src_cls_loss	: 0.0320
-------------------------------------
[Pr Epoch : 18/20]
Pr_Src_cls_loss	: 0.0302
-------------------------------------
[Pr Epoch : 19/20]
Pr_Src_cls_loss	: 0.0287
-------------------------------------
[Pr Epoch : 20/20]
Pr_Src_cls_loss	: 0.0273
-------------------------------------
/mnt/data/home/tp2474/OpenSet-AdaTime/algorithms/algorithms.py:1401: UserWarning: Implicit dimension choice for log_softmax has been deprecated. Change the call to include dim=X as an argument.
  sub_loss_local += -torch.sum(neighbor_Q[i, :] * F.log_softmax(after_cluhead_t[i, :]))
/mnt/data/home/tp2474/OpenSet-AdaTime/algorithms/algorithms.py:1402: UserWarning: Implicit dimension choice for log_softmax has been deprecated. Change the call to include dim=X as an argument.
  sub_loss_local += -torch.sum(anchor_Q[i, :] * F.log_softmax(neighbor_output[i, :]))
[Epoch : 1/20]
Pr_Src_cls_loss	: 0.0273
Total_loss	: 0.0058
loss_cls	: 0.0056
loss_PCD	: 3.3784
loss_CCD	: 0.0005
-------------------------------------
[Epoch : 2/20]
Pr_Src_cls_loss	: 0.0273
Total_loss	: 0.0083
loss_cls	: 0.0080
loss_PCD	: 3.3640
loss_CCD	: 0.0010
-------------------------------------
[Epoch : 3/20]
Pr_Src_cls_loss	: 0.0273
Total_loss	: 0.0174
loss_cls	: 0.0172
loss_PCD	: 3.3522
loss_CCD	: 0.0008
-------------------------------------
[Epoch : 4/20]
Pr_Src_cls_loss	: 0.0273
Total_loss	: 0.0191
loss_cls	: 0.0188
loss_PCD	: 3.3698
loss_CCD	: 0.0008
-------------------------------------
[Epoch : 5/20]
Pr_Src_cls_loss	: 0.0273
Total_loss	: 0.0198
loss_cls	: 0.0195
loss_PCD	: 3.4129
loss_CCD	: 0.0008
-------------------------------------
[Epoch : 6/20]
Pr_Src_cls_loss	: 0.0273
Total_loss	: 0.0169
loss_cls	: 0.0166
loss_PCD	: 3.4319
loss_CCD	: 0.0007
-------------------------------------
[Epoch : 7/20]
Pr_Src_cls_loss	: 0.0273
Total_loss	: 0.0145
loss_cls	: 0.0143
loss_PCD	: 3.4434
loss_CCD	: 0.0006
-------------------------------------
[Epoch : 8/20]
Pr_Src_cls_loss	: 0.0273
Total_loss	: 0.0143
loss_cls	: 0.0141
loss_PCD	: 3.4563
loss_CCD	: 0.0006
-------------------------------------
[Epoch : 9/20]
Pr_Src_cls_loss	: 0.0273
Total_loss	: 0.0150
loss_cls	: 0.0148
loss_PCD	: 3.4744
loss_CCD	: 0.0005
Src_cls_loss	: 0.0000
-------------------------------------
[Epoch : 10/20]
Pr_Src_cls_loss	: 0.0273
Total_loss	: 0.0168
loss_cls	: 0.0166
loss_PCD	: 3.4933
loss_CCD	: 0.0005
Src_cls_loss	: 0.0000
-------------------------------------
[Epoch : 11/20]
Pr_Src_cls_loss	: 0.0273
Total_loss	: 0.0153
loss_cls	: 0.0151
loss_PCD	: 3.5081
loss_CCD	: 0.0005
Src_cls_loss	: 0.0000
-------------------------------------
[Epoch : 12/20]
Pr_Src_cls_loss	: 0.0273
Total_loss	: 0.0141
loss_cls	: 0.0139
loss_PCD	: 3.5190
loss_CCD	: 0.0005
Src_cls_loss	: 0.0000
-------------------------------------
[Epoch : 13/20]
Pr_Src_cls_loss	: 0.0273
Total_loss	: 0.0130
loss_cls	: 0.0128
loss_PCD	: 3.5205
loss_CCD	: 0.0004
Src_cls_loss	: 0.0000
-------------------------------------
[Epoch : 14/20]
Pr_Src_cls_loss	: 0.0273
Total_loss	: 0.0121
loss_cls	: 0.0119
loss_PCD	: 3.5147
loss_CCD	: 0.0004
Src_cls_loss	: 0.0000
-------------------------------------
[Epoch : 15/20]
Pr_Src_cls_loss	: 0.0273
Total_loss	: 0.0113
loss_cls	: 0.0111
loss_PCD	: 3.5069
loss_CCD	: 0.0004
Src_cls_loss	: 0.0000
-------------------------------------
[Epoch : 16/20]
Pr_Src_cls_loss	: 0.0273
Total_loss	: 0.0111
loss_cls	: 0.0109
loss_PCD	: 3.5055
loss_CCD	: 0.0004
Src_cls_loss	: 0.0000
-------------------------------------
[Epoch : 17/20]
Pr_Src_cls_loss	: 0.0273
Total_loss	: 0.0116
loss_cls	: 0.0115
loss_PCD	: 3.5164
loss_CCD	: 0.0004
Src_cls_loss	: 0.0000
-------------------------------------
[Epoch : 18/20]
Pr_Src_cls_loss	: 0.0273
Total_loss	: 0.0112
loss_cls	: 0.0111
loss_PCD	: 3.5200
loss_CCD	: 0.0004
Src_cls_loss	: 0.0000
-------------------------------------
[Epoch : 19/20]
Pr_Src_cls_loss	: 0.0273
Total_loss	: 0.0107
loss_cls	: 0.0106
loss_PCD	: 3.5252
loss_CCD	: 0.0004
Src_cls_loss	: 0.0000
-------------------------------------
[Epoch : 20/20]
Pr_Src_cls_loss	: 0.0273
Total_loss	: 0.0102
loss_cls	: 0.0101
loss_PCD	: 3.5319
loss_CCD	: 0.0003
Src_cls_loss	: 0.0000
-------------------------------------
/mnt/data/home/tp2474/OpenSet-AdaTime/trainers/abstract_trainer.py:331: FutureWarning: The behavior of DataFrame concatenation with empty or all-NA entries is deprecated. In a future version, this will no longer exclude empty or all-NA columns when determining the result dtypes. To retain the old behavior, exclude the relevant entries before the concat operation.
  table = pd.concat([table, results_df], ignore_index=True)
H_score: 0.3085, OS* (acc_c): 0.1879, UNK (acc_p): 0.8596, acc_mix: 0.2844, F1: 0.1864
Uploading logs from: /mnt/data/home/tp2474/OpenSet-AdaTime/experiments_logs/curriculum/MHEALTH to RealWorld_UniDA_hard_n1_fno_mean/UniOT_UniDA_hard_n1_fno_mean/MHEALTH_to_RealWorld_run_0
🏃 View run UniOT_run_0 at: http://127.0.0.1:5001/#/experiments/451986342333445797/runs/e487d7528eb44636927127208abfa1b7
🧪 View experiment at: http://127.0.0.1:5001/#/experiments/451986342333445797
=============================================
Dataset: MHEALTH to RealWorld_UniDA_hard_n1_fno_mean
Method:  UniOT
=============================================
Source: MHEALTH ---> Target: RealWorld
Run ID: 1
=============================================
[Pr Epoch : 1/20]
Pr_Src_cls_loss	: 0.3925
-------------------------------------
[Pr Epoch : 2/20]
Pr_Src_cls_loss	: 0.2051
-------------------------------------
[Pr Epoch : 3/20]
Pr_Src_cls_loss	: 0.1390
-------------------------------------
[Pr Epoch : 4/20]
Pr_Src_cls_loss	: 0.1076
-------------------------------------
[Pr Epoch : 5/20]
Pr_Src_cls_loss	: 0.1009
-------------------------------------
[Pr Epoch : 6/20]
Pr_Src_cls_loss	: 0.0885
-------------------------------------
[Pr Epoch : 7/20]
Pr_Src_cls_loss	: 0.0768
-------------------------------------
[Pr Epoch : 8/20]
Pr_Src_cls_loss	: 0.0679
-------------------------------------
[Pr Epoch : 9/20]
Pr_Src_cls_loss	: 0.0608
-------------------------------------
[Pr Epoch : 10/20]
Pr_Src_cls_loss	: 0.0553
-------------------------------------
[Pr Epoch : 11/20]
Pr_Src_cls_loss	: 0.0504
-------------------------------------
[Pr Epoch : 12/20]
Pr_Src_cls_loss	: 0.0463
-------------------------------------
[Pr Epoch : 13/20]
Pr_Src_cls_loss	: 0.0428
-------------------------------------
[Pr Epoch : 14/20]
Pr_Src_cls_loss	: 0.0397
-------------------------------------
[Pr Epoch : 15/20]
Pr_Src_cls_loss	: 0.0373
-------------------------------------
[Pr Epoch : 16/20]
Pr_Src_cls_loss	: 0.0358
-------------------------------------
[Pr Epoch : 17/20]
Pr_Src_cls_loss	: 0.0340
-------------------------------------
[Pr Epoch : 18/20]
Pr_Src_cls_loss	: 0.0324
-------------------------------------
[Pr Epoch : 19/20]
Pr_Src_cls_loss	: 0.0320
-------------------------------------
[Pr Epoch : 20/20]
Pr_Src_cls_loss	: 0.0317
-------------------------------------
[Epoch : 1/20]
Pr_Src_cls_loss	: 0.0317
Total_loss	: 0.0165
loss_cls	: 0.0161
loss_PCD	: 3.0867
loss_CCD	: 0.0011
-------------------------------------
[Epoch : 2/20]
Pr_Src_cls_loss	: 0.0317
Total_loss	: 0.0237
loss_cls	: 0.0233
loss_PCD	: 3.1159
loss_CCD	: 0.0011
-------------------------------------
[Epoch : 3/20]
Pr_Src_cls_loss	: 0.0317
Total_loss	: 0.0205
loss_cls	: 0.0202
loss_PCD	: 3.1478
loss_CCD	: 0.0009
-------------------------------------
[Epoch : 4/20]
Pr_Src_cls_loss	: 0.0317
Total_loss	: 0.0160
loss_cls	: 0.0158
loss_PCD	: 3.1473
loss_CCD	: 0.0008
-------------------------------------
[Epoch : 5/20]
Pr_Src_cls_loss	: 0.0317
Total_loss	: 0.0129
loss_cls	: 0.0126
loss_PCD	: 3.1534
loss_CCD	: 0.0007
-------------------------------------
[Epoch : 6/20]
Pr_Src_cls_loss	: 0.0317
Total_loss	: 0.0108
loss_cls	: 0.0105
loss_PCD	: 3.1595
loss_CCD	: 0.0006
-------------------------------------
[Epoch : 7/20]
Pr_Src_cls_loss	: 0.0317
Total_loss	: 0.0102
loss_cls	: 0.0100
loss_PCD	: 3.1566
loss_CCD	: 0.0006
-------------------------------------
[Epoch : 8/20]
Pr_Src_cls_loss	: 0.0317
Total_loss	: 0.0097
loss_cls	: 0.0095
loss_PCD	: 3.1463
loss_CCD	: 0.0005
-------------------------------------
[Epoch : 9/20]
Pr_Src_cls_loss	: 0.0317
Total_loss	: 0.0097
loss_cls	: 0.0096
loss_PCD	: 3.1442
loss_CCD	: 0.0005
Src_cls_loss	: 0.0000
-------------------------------------
[Epoch : 10/20]
Pr_Src_cls_loss	: 0.0317
Total_loss	: 0.0101
loss_cls	: 0.0099
loss_PCD	: 3.1488
loss_CCD	: 0.0005
Src_cls_loss	: 0.0000
-------------------------------------
[Epoch : 11/20]
Pr_Src_cls_loss	: 0.0317
Total_loss	: 0.0113
loss_cls	: 0.0111
loss_PCD	: 3.1479
loss_CCD	: 0.0006
Src_cls_loss	: 0.0000
-------------------------------------
[Epoch : 12/20]
Pr_Src_cls_loss	: 0.0317
Total_loss	: 0.0135
loss_cls	: 0.0133
loss_PCD	: 3.1473
loss_CCD	: 0.0005
Src_cls_loss	: 0.0000
-------------------------------------
[Epoch : 13/20]
Pr_Src_cls_loss	: 0.0317
Total_loss	: 0.0131
loss_cls	: 0.0129
loss_PCD	: 3.1396
loss_CCD	: 0.0005
Src_cls_loss	: 0.0000
-------------------------------------
[Epoch : 14/20]
Pr_Src_cls_loss	: 0.0317
Total_loss	: 0.0123
loss_cls	: 0.0121
loss_PCD	: 3.1326
loss_CCD	: 0.0005
Src_cls_loss	: 0.0000
-------------------------------------
[Epoch : 15/20]
Pr_Src_cls_loss	: 0.0317
Total_loss	: 0.0118
loss_cls	: 0.0116
loss_PCD	: 3.1265
loss_CCD	: 0.0005
Src_cls_loss	: 0.0000
-------------------------------------
[Epoch : 16/20]
Pr_Src_cls_loss	: 0.0317
Total_loss	: 0.0135
loss_cls	: 0.0133
loss_PCD	: 3.1246
loss_CCD	: 0.0005
Src_cls_loss	: 0.0000
-------------------------------------
[Epoch : 17/20]
Pr_Src_cls_loss	: 0.0317
Total_loss	: 0.0129
loss_cls	: 0.0128
loss_PCD	: 3.1215
loss_CCD	: 0.0005
Src_cls_loss	: 0.0000
-------------------------------------
[Epoch : 18/20]
Pr_Src_cls_loss	: 0.0317
Total_loss	: 0.0123
loss_cls	: 0.0122
loss_PCD	: 3.1158
loss_CCD	: 0.0005
Src_cls_loss	: 0.0000
-------------------------------------
[Epoch : 19/20]
Pr_Src_cls_loss	: 0.0317
Total_loss	: 0.0117
loss_cls	: 0.0116
loss_PCD	: 3.1092
loss_CCD	: 0.0004
Src_cls_loss	: 0.0000
-------------------------------------
[Epoch : 20/20]
Pr_Src_cls_loss	: 0.0317
Total_loss	: 0.0116
loss_cls	: 0.0114
loss_PCD	: 3.1060
loss_CCD	: 0.0004
Src_cls_loss	: 0.0000
-------------------------------------
H_score: 0.4236, OS* (acc_c): 0.2809, UNK (acc_p): 0.8605, acc_mix: 0.3641, F1: 0.3337
Uploading logs from: /mnt/data/home/tp2474/OpenSet-AdaTime/experiments_logs/curriculum/MHEALTH to RealWorld_UniDA_hard_n1_fno_mean/UniOT_UniDA_hard_n1_fno_mean/MHEALTH_to_RealWorld_run_1
🏃 View run UniOT_run_1 at: http://127.0.0.1:5001/#/experiments/451986342333445797/runs/ba08f9f555ce4ff28a41fbbe1da3719d
🧪 View experiment at: http://127.0.0.1:5001/#/experiments/451986342333445797
=============================================
Dataset: MHEALTH to RealWorld_UniDA_hard_n1_fno_mean
Method:  UniOT
=============================================
Source: MHEALTH ---> Target: RealWorld
Run ID: 2
=============================================
[Pr Epoch : 1/20]
Pr_Src_cls_loss	: 0.2902
-------------------------------------
[Pr Epoch : 2/20]
Pr_Src_cls_loss	: 0.1665
-------------------------------------
[Pr Epoch : 3/20]
Pr_Src_cls_loss	: 0.1186
-------------------------------------
[Pr Epoch : 4/20]
Pr_Src_cls_loss	: 0.0908
-------------------------------------
[Pr Epoch : 5/20]
Pr_Src_cls_loss	: 0.0745
-------------------------------------
[Pr Epoch : 6/20]
Pr_Src_cls_loss	: 0.0627
-------------------------------------
[Pr Epoch : 7/20]
Pr_Src_cls_loss	: 0.0539
-------------------------------------
[Pr Epoch : 8/20]
Pr_Src_cls_loss	: 0.0482
-------------------------------------
[Pr Epoch : 9/20]
Pr_Src_cls_loss	: 0.0454
-------------------------------------
[Pr Epoch : 10/20]
Pr_Src_cls_loss	: 0.0430
-------------------------------------
[Pr Epoch : 11/20]
Pr_Src_cls_loss	: 0.0413
-------------------------------------
[Pr Epoch : 12/20]
Pr_Src_cls_loss	: 0.0380
-------------------------------------
[Pr Epoch : 13/20]
Pr_Src_cls_loss	: 0.0364
-------------------------------------
[Pr Epoch : 14/20]
Pr_Src_cls_loss	: 0.0340
-------------------------------------
[Pr Epoch : 15/20]
Pr_Src_cls_loss	: 0.0333
-------------------------------------
[Pr Epoch : 16/20]
Pr_Src_cls_loss	: 0.0322
-------------------------------------
[Pr Epoch : 17/20]
Pr_Src_cls_loss	: 0.0307
-------------------------------------
[Pr Epoch : 18/20]
Pr_Src_cls_loss	: 0.0292
-------------------------------------
[Pr Epoch : 19/20]
Pr_Src_cls_loss	: 0.0284
-------------------------------------
[Pr Epoch : 20/20]
Pr_Src_cls_loss	: 0.0280
-------------------------------------
[Epoch : 1/20]
Pr_Src_cls_loss	: 0.0280
Total_loss	: 0.0155
loss_cls	: 0.0151
loss_PCD	: 4.6787
loss_CCD	: 0.0012
-------------------------------------
[Epoch : 2/20]
Pr_Src_cls_loss	: 0.0280
Total_loss	: 0.0233
loss_cls	: 0.0230
loss_PCD	: 4.6630
loss_CCD	: 0.0009
-------------------------------------
[Epoch : 3/20]
Pr_Src_cls_loss	: 0.0280
Total_loss	: 0.0199
loss_cls	: 0.0197
loss_PCD	: 4.7304
loss_CCD	: 0.0007
-------------------------------------
[Epoch : 4/20]
Pr_Src_cls_loss	: 0.0280
Total_loss	: 0.0222
loss_cls	: 0.0220
loss_PCD	: 4.7420
loss_CCD	: 0.0006
-------------------------------------
[Epoch : 5/20]
Pr_Src_cls_loss	: 0.0280
Total_loss	: 0.0215
loss_cls	: 0.0214
loss_PCD	: 4.7609
loss_CCD	: 0.0005
-------------------------------------
[Epoch : 6/20]
Pr_Src_cls_loss	: 0.0280
Total_loss	: 0.0187
loss_cls	: 0.0186
loss_PCD	: 4.7981
loss_CCD	: 0.0004
-------------------------------------
[Epoch : 7/20]
Pr_Src_cls_loss	: 0.0280
Total_loss	: 0.0161
loss_cls	: 0.0159
loss_PCD	: 4.8264
loss_CCD	: 0.0004
-------------------------------------
[Epoch : 8/20]
Pr_Src_cls_loss	: 0.0280
Total_loss	: 0.0144
loss_cls	: 0.0142
loss_PCD	: 4.8411
loss_CCD	: 0.0004
-------------------------------------
[Epoch : 9/20]
Pr_Src_cls_loss	: 0.0280
Total_loss	: 0.0131
loss_cls	: 0.0130
loss_PCD	: 4.8486
loss_CCD	: 0.0004
Src_cls_loss	: 0.0000
-------------------------------------
[Epoch : 10/20]
Pr_Src_cls_loss	: 0.0280
Total_loss	: 0.0119
loss_cls	: 0.0118
loss_PCD	: 4.8686
loss_CCD	: 0.0004
Src_cls_loss	: 0.0000
-------------------------------------
[Epoch : 11/20]
Pr_Src_cls_loss	: 0.0280
Total_loss	: 0.0109
loss_cls	: 0.0107
loss_PCD	: 4.8714
loss_CCD	: 0.0004
Src_cls_loss	: 0.0000
-------------------------------------
[Epoch : 12/20]
Pr_Src_cls_loss	: 0.0280
Total_loss	: 0.0100
loss_cls	: 0.0099
loss_PCD	: 4.8728
loss_CCD	: 0.0004
Src_cls_loss	: 0.0000
-------------------------------------
[Epoch : 13/20]
Pr_Src_cls_loss	: 0.0280
Total_loss	: 0.0093
loss_cls	: 0.0091
loss_PCD	: 4.8699
loss_CCD	: 0.0004
Src_cls_loss	: 0.0000
-------------------------------------
[Epoch : 14/20]
Pr_Src_cls_loss	: 0.0280
Total_loss	: 0.0087
loss_cls	: 0.0086
loss_PCD	: 4.8710
loss_CCD	: 0.0004
Src_cls_loss	: 0.0000
-------------------------------------
[Epoch : 15/20]
Pr_Src_cls_loss	: 0.0280
Total_loss	: 0.0082
loss_cls	: 0.0081
loss_PCD	: 4.8678
loss_CCD	: 0.0004
Src_cls_loss	: 0.0000
-------------------------------------
[Epoch : 16/20]
Pr_Src_cls_loss	: 0.0280
Total_loss	: 0.0077
loss_cls	: 0.0076
loss_PCD	: 4.8718
loss_CCD	: 0.0003
Src_cls_loss	: 0.0000
-------------------------------------
[Epoch : 17/20]
Pr_Src_cls_loss	: 0.0280
Total_loss	: 0.0073
loss_cls	: 0.0072
loss_PCD	: 4.8782
loss_CCD	: 0.0003
Src_cls_loss	: 0.0000
-------------------------------------
[Epoch : 18/20]
Pr_Src_cls_loss	: 0.0280
Total_loss	: 0.0089
loss_cls	: 0.0088
loss_PCD	: 4.8848
loss_CCD	: 0.0003
Src_cls_loss	: 0.0000
-------------------------------------
[Epoch : 19/20]
Pr_Src_cls_loss	: 0.0280
Total_loss	: 0.0089
loss_cls	: 0.0088
loss_PCD	: 4.8981
loss_CCD	: 0.0003
Src_cls_loss	: 0.0000
-------------------------------------
[Epoch : 20/20]
Pr_Src_cls_loss	: 0.0280
Total_loss	: 0.0099
loss_cls	: 0.0098
loss_PCD	: 4.9065
loss_CCD	: 0.0003
Src_cls_loss	: 0.0000
-------------------------------------
H_score: 0.3561, OS* (acc_c): 0.2232, UNK (acc_p): 0.8801, acc_mix: 0.3175, F1: 0.2695
Uploading logs from: /mnt/data/home/tp2474/OpenSet-AdaTime/experiments_logs/curriculum/MHEALTH to RealWorld_UniDA_hard_n1_fno_mean/UniOT_UniDA_hard_n1_fno_mean/MHEALTH_to_RealWorld_run_2
🏃 View run UniOT_run_2 at: http://127.0.0.1:5001/#/experiments/451986342333445797/runs/eb0fa83c5d054eeebf256a5effa9eff9
🧪 View experiment at: http://127.0.0.1:5001/#/experiments/451986342333445797
=============================================
Dataset: MHEALTH to RealWorld_UniDA_hard_n1_fno_mean
Method:  UniOT
=============================================
Source: MHEALTH ---> Target: RealWorld
Run ID: 3
=============================================
[Pr Epoch : 1/20]
Pr_Src_cls_loss	: 0.3465
-------------------------------------
[Pr Epoch : 2/20]
Pr_Src_cls_loss	: 0.1787
-------------------------------------
[Pr Epoch : 3/20]
Pr_Src_cls_loss	: 0.1208
-------------------------------------
[Pr Epoch : 4/20]
Pr_Src_cls_loss	: 0.0927
-------------------------------------
[Pr Epoch : 5/20]
Pr_Src_cls_loss	: 0.0766
-------------------------------------
[Pr Epoch : 6/20]
Pr_Src_cls_loss	: 0.0685
-------------------------------------
[Pr Epoch : 7/20]
Pr_Src_cls_loss	: 0.0614
-------------------------------------
[Pr Epoch : 8/20]
Pr_Src_cls_loss	: 0.0553
-------------------------------------
[Pr Epoch : 9/20]
Pr_Src_cls_loss	: 0.0496
-------------------------------------
[Pr Epoch : 10/20]
Pr_Src_cls_loss	: 0.0500
-------------------------------------
[Pr Epoch : 11/20]
Pr_Src_cls_loss	: 0.0461
-------------------------------------
[Pr Epoch : 12/20]
Pr_Src_cls_loss	: 0.0430
-------------------------------------
[Pr Epoch : 13/20]
Pr_Src_cls_loss	: 0.0398
-------------------------------------
[Pr Epoch : 14/20]
Pr_Src_cls_loss	: 0.0370
-------------------------------------
[Pr Epoch : 15/20]
Pr_Src_cls_loss	: 0.0345
-------------------------------------
[Pr Epoch : 16/20]
Pr_Src_cls_loss	: 0.0324
-------------------------------------
[Pr Epoch : 17/20]
Pr_Src_cls_loss	: 0.0306
-------------------------------------
[Pr Epoch : 18/20]
Pr_Src_cls_loss	: 0.0289
-------------------------------------
[Pr Epoch : 19/20]
Pr_Src_cls_loss	: 0.0274
-------------------------------------
[Pr Epoch : 20/20]
Pr_Src_cls_loss	: 0.0260
-------------------------------------
[Epoch : 1/20]
Pr_Src_cls_loss	: 0.0260
Total_loss	: 0.0306
loss_cls	: 0.0295
loss_PCD	: 3.1153
loss_CCD	: 0.0032
-------------------------------------
[Epoch : 2/20]
Pr_Src_cls_loss	: 0.0260
Total_loss	: 0.0204
loss_cls	: 0.0198
loss_PCD	: 3.1821
loss_CCD	: 0.0020
-------------------------------------
[Epoch : 3/20]
Pr_Src_cls_loss	: 0.0260
Total_loss	: 0.0168
loss_cls	: 0.0162
loss_PCD	: 3.1907
loss_CCD	: 0.0018
-------------------------------------
[Epoch : 4/20]
Pr_Src_cls_loss	: 0.0260
Total_loss	: 0.0169
loss_cls	: 0.0163
loss_PCD	: 3.1870
loss_CCD	: 0.0017
-------------------------------------
[Epoch : 5/20]
Pr_Src_cls_loss	: 0.0260
Total_loss	: 0.0175
loss_cls	: 0.0170
loss_PCD	: 3.2034
loss_CCD	: 0.0014
-------------------------------------
[Epoch : 6/20]
Pr_Src_cls_loss	: 0.0260
Total_loss	: 0.0157
loss_cls	: 0.0152
loss_PCD	: 3.2308
loss_CCD	: 0.0014
-------------------------------------
[Epoch : 7/20]
Pr_Src_cls_loss	: 0.0260
Total_loss	: 0.0142
loss_cls	: 0.0138
loss_PCD	: 3.2303
loss_CCD	: 0.0012
-------------------------------------
[Epoch : 8/20]
Pr_Src_cls_loss	: 0.0260
Total_loss	: 0.0145
loss_cls	: 0.0141
loss_PCD	: 3.2261
loss_CCD	: 0.0011
-------------------------------------
[Epoch : 9/20]
Pr_Src_cls_loss	: 0.0260
Total_loss	: 0.0131
loss_cls	: 0.0127
loss_PCD	: 3.2363
loss_CCD	: 0.0010
Src_cls_loss	: 0.0000
-------------------------------------
[Epoch : 10/20]
Pr_Src_cls_loss	: 0.0260
Total_loss	: 0.0123
loss_cls	: 0.0119
loss_PCD	: 3.2356
loss_CCD	: 0.0010
Src_cls_loss	: 0.0000
-------------------------------------
[Epoch : 11/20]
Pr_Src_cls_loss	: 0.0260
Total_loss	: 0.0113
loss_cls	: 0.0109
loss_PCD	: 3.2330
loss_CCD	: 0.0009
Src_cls_loss	: 0.0000
-------------------------------------
[Epoch : 12/20]
Pr_Src_cls_loss	: 0.0260
Total_loss	: 0.0105
loss_cls	: 0.0102
loss_PCD	: 3.2338
loss_CCD	: 0.0009
Src_cls_loss	: 0.0000
-------------------------------------
[Epoch : 13/20]
Pr_Src_cls_loss	: 0.0260
Total_loss	: 0.0097
loss_cls	: 0.0095
loss_PCD	: 3.2335
loss_CCD	: 0.0008
Src_cls_loss	: 0.0000
-------------------------------------
[Epoch : 14/20]
Pr_Src_cls_loss	: 0.0260
Total_loss	: 0.0093
loss_cls	: 0.0091
loss_PCD	: 3.2325
loss_CCD	: 0.0008
Src_cls_loss	: 0.0000
-------------------------------------
[Epoch : 15/20]
Pr_Src_cls_loss	: 0.0260
Total_loss	: 0.0110
loss_cls	: 0.0107
loss_PCD	: 3.2305
loss_CCD	: 0.0007
Src_cls_loss	: 0.0000
-------------------------------------
[Epoch : 16/20]
Pr_Src_cls_loss	: 0.0260
Total_loss	: 0.0124
loss_cls	: 0.0122
loss_PCD	: 3.2384
loss_CCD	: 0.0007
Src_cls_loss	: 0.0000
-------------------------------------
[Epoch : 17/20]
Pr_Src_cls_loss	: 0.0260
Total_loss	: 0.0122
loss_cls	: 0.0119
loss_PCD	: 3.2514
loss_CCD	: 0.0007
Src_cls_loss	: 0.0000
-------------------------------------
[Epoch : 18/20]
Pr_Src_cls_loss	: 0.0260
Total_loss	: 0.0123
loss_cls	: 0.0120
loss_PCD	: 3.2608
loss_CCD	: 0.0006
Src_cls_loss	: 0.0000
-------------------------------------
[Epoch : 19/20]
Pr_Src_cls_loss	: 0.0260
Total_loss	: 0.0122
loss_cls	: 0.0120
loss_PCD	: 3.2623
loss_CCD	: 0.0006
Src_cls_loss	: 0.0000
-------------------------------------
[Epoch : 20/20]
Pr_Src_cls_loss	: 0.0260
Total_loss	: 0.0119
loss_cls	: 0.0116
loss_PCD	: 3.2618
loss_CCD	: 0.0006
Src_cls_loss	: 0.0000
-------------------------------------
H_score: 0.3442, OS* (acc_c): 0.2161, UNK (acc_p): 0.8441, acc_mix: 0.3063, F1: 0.2771
Uploading logs from: /mnt/data/home/tp2474/OpenSet-AdaTime/experiments_logs/curriculum/MHEALTH to RealWorld_UniDA_hard_n1_fno_mean/UniOT_UniDA_hard_n1_fno_mean/MHEALTH_to_RealWorld_run_3
🏃 View run UniOT_run_3 at: http://127.0.0.1:5001/#/experiments/451986342333445797/runs/ce1f6beed9b94ce1a2c859946620f37a
🧪 View experiment at: http://127.0.0.1:5001/#/experiments/451986342333445797
=============================================
Dataset: MHEALTH to RealWorld_UniDA_hard_n1_fno_mean
Method:  UniOT
=============================================
Source: MHEALTH ---> Target: RealWorld
Run ID: 4
=============================================
[Pr Epoch : 1/20]
Pr_Src_cls_loss	: 0.2996
-------------------------------------
[Pr Epoch : 2/20]
Pr_Src_cls_loss	: 0.1589
-------------------------------------
[Pr Epoch : 3/20]
Pr_Src_cls_loss	: 0.1128
-------------------------------------
[Pr Epoch : 4/20]
Pr_Src_cls_loss	: 0.0850
-------------------------------------
[Pr Epoch : 5/20]
Pr_Src_cls_loss	: 0.0698
-------------------------------------
[Pr Epoch : 6/20]
Pr_Src_cls_loss	: 0.0591
-------------------------------------
[Pr Epoch : 7/20]
Pr_Src_cls_loss	: 0.0514
-------------------------------------
[Pr Epoch : 8/20]
Pr_Src_cls_loss	: 0.0473
-------------------------------------
[Pr Epoch : 9/20]
Pr_Src_cls_loss	: 0.0447
-------------------------------------
[Pr Epoch : 10/20]
Pr_Src_cls_loss	: 0.0430
-------------------------------------
[Pr Epoch : 11/20]
Pr_Src_cls_loss	: 0.0399
-------------------------------------
[Pr Epoch : 12/20]
Pr_Src_cls_loss	: 0.0368
-------------------------------------
[Pr Epoch : 13/20]
Pr_Src_cls_loss	: 0.0343
-------------------------------------
[Pr Epoch : 14/20]
Pr_Src_cls_loss	: 0.0319
-------------------------------------
[Pr Epoch : 15/20]
Pr_Src_cls_loss	: 0.0300
-------------------------------------
[Pr Epoch : 16/20]
Pr_Src_cls_loss	: 0.0285
-------------------------------------
[Pr Epoch : 17/20]
Pr_Src_cls_loss	: 0.0272
-------------------------------------
[Pr Epoch : 18/20]
Pr_Src_cls_loss	: 0.0260
-------------------------------------
[Pr Epoch : 19/20]
Pr_Src_cls_loss	: 0.0248
-------------------------------------
[Pr Epoch : 20/20]
Pr_Src_cls_loss	: 0.0246
-------------------------------------
[Epoch : 1/20]
Pr_Src_cls_loss	: 0.0246
Total_loss	: 0.0133
loss_cls	: 0.0130
loss_PCD	: 3.8588
loss_CCD	: 0.0010
-------------------------------------
[Epoch : 2/20]
Pr_Src_cls_loss	: 0.0246
Total_loss	: 0.0172
loss_cls	: 0.0170
loss_PCD	: 3.7459
loss_CCD	: 0.0007
-------------------------------------
[Epoch : 3/20]
Pr_Src_cls_loss	: 0.0246
Total_loss	: 0.0131
loss_cls	: 0.0128
loss_PCD	: 3.7471
loss_CCD	: 0.0006
-------------------------------------
[Epoch : 4/20]
Pr_Src_cls_loss	: 0.0246
Total_loss	: 0.0201
loss_cls	: 0.0198
loss_PCD	: 3.8284
loss_CCD	: 0.0007
-------------------------------------
[Epoch : 5/20]
Pr_Src_cls_loss	: 0.0246
Total_loss	: 0.0166
loss_cls	: 0.0163
loss_PCD	: 3.9215
loss_CCD	: 0.0007
-------------------------------------
[Epoch : 6/20]
Pr_Src_cls_loss	: 0.0246
Total_loss	: 0.0143
loss_cls	: 0.0140
loss_PCD	: 3.9491
loss_CCD	: 0.0007
-------------------------------------
[Epoch : 7/20]
Pr_Src_cls_loss	: 0.0246
Total_loss	: 0.0167
loss_cls	: 0.0165
loss_PCD	: 3.9624
loss_CCD	: 0.0006
-------------------------------------
[Epoch : 8/20]
Pr_Src_cls_loss	: 0.0246
Total_loss	: 0.0161
loss_cls	: 0.0159
loss_PCD	: 3.9562
loss_CCD	: 0.0006
-------------------------------------
[Epoch : 9/20]
Pr_Src_cls_loss	: 0.0246
Total_loss	: 0.0146
loss_cls	: 0.0144
loss_PCD	: 3.9411
loss_CCD	: 0.0006
Src_cls_loss	: 0.0000
-------------------------------------
[Epoch : 10/20]
Pr_Src_cls_loss	: 0.0246
Total_loss	: 0.0133
loss_cls	: 0.0132
loss_PCD	: 3.9188
loss_CCD	: 0.0005
Src_cls_loss	: 0.0000
-------------------------------------
[Epoch : 11/20]
Pr_Src_cls_loss	: 0.0246
Total_loss	: 0.0125
loss_cls	: 0.0124
loss_PCD	: 3.8930
loss_CCD	: 0.0005
Src_cls_loss	: 0.0000
-------------------------------------
[Epoch : 12/20]
Pr_Src_cls_loss	: 0.0246
Total_loss	: 0.0121
loss_cls	: 0.0120
loss_PCD	: 3.8849
loss_CCD	: 0.0005
Src_cls_loss	: 0.0000
-------------------------------------
[Epoch : 13/20]
Pr_Src_cls_loss	: 0.0246
Total_loss	: 0.0115
loss_cls	: 0.0113
loss_PCD	: 3.8800
loss_CCD	: 0.0005
Src_cls_loss	: 0.0000
-------------------------------------
[Epoch : 14/20]
Pr_Src_cls_loss	: 0.0246
Total_loss	: 0.0107
loss_cls	: 0.0105
loss_PCD	: 3.8695
loss_CCD	: 0.0005
Src_cls_loss	: 0.0000
-------------------------------------
[Epoch : 15/20]
Pr_Src_cls_loss	: 0.0246
Total_loss	: 0.0100
loss_cls	: 0.0098
loss_PCD	: 3.8606
loss_CCD	: 0.0005
Src_cls_loss	: 0.0000
-------------------------------------
[Epoch : 16/20]
Pr_Src_cls_loss	: 0.0246
Total_loss	: 0.0094
loss_cls	: 0.0092
loss_PCD	: 3.8548
loss_CCD	: 0.0005
Src_cls_loss	: 0.0000
-------------------------------------
[Epoch : 17/20]
Pr_Src_cls_loss	: 0.0246
Total_loss	: 0.0088
loss_cls	: 0.0087
loss_PCD	: 3.8481
loss_CCD	: 0.0004
Src_cls_loss	: 0.0000
-------------------------------------
[Epoch : 18/20]
Pr_Src_cls_loss	: 0.0246
Total_loss	: 0.0084
loss_cls	: 0.0082
loss_PCD	: 3.8466
loss_CCD	: 0.0004
Src_cls_loss	: 0.0000
-------------------------------------
[Epoch : 19/20]
Pr_Src_cls_loss	: 0.0246
Total_loss	: 0.0094
loss_cls	: 0.0093
loss_PCD	: 3.8457
loss_CCD	: 0.0004
Src_cls_loss	: 0.0000
-------------------------------------
[Epoch : 20/20]
Pr_Src_cls_loss	: 0.0246
Total_loss	: 0.0098
loss_cls	: 0.0096
loss_PCD	: 3.8547
loss_CCD	: 0.0005
Src_cls_loss	: 0.0000
-------------------------------------
H_score: 0.3408, OS* (acc_c): 0.2117, UNK (acc_p): 0.8728, acc_mix: 0.3066, F1: 0.2363
Uploading logs from: /mnt/data/home/tp2474/OpenSet-AdaTime/experiments_logs/curriculum/MHEALTH to RealWorld_UniDA_hard_n1_fno_mean/UniOT_UniDA_hard_n1_fno_mean/MHEALTH_to_RealWorld_run_4
🏃 View run UniOT_run_4 at: http://127.0.0.1:5001/#/experiments/451986342333445797/runs/38eedf5a81934a1d94a840f96622189b
🧪 View experiment at: http://127.0.0.1:5001/#/experiments/451986342333445797
==================== [n1 fno_mean] UniJDOT ====================
[curriculum] scenario=UniDA  strategy=hard  n_unknown=1  rank_variant=fno_mean
[curriculum] source mapping (5 classes): {'Lying down': 'lying', 'Sitting and relaxing': 'sitting', 'Walking': 'walking', 'Running': 'running', 'Climbing stairs': 'Climbing stairs'}
[curriculum] target mapping (5 classes): {'lying': 'lying', 'sitting': 'sitting', 'walking': 'walking', 'running': 'running', 'climbingup': 'climbingup'}
[curriculum] unknowns added (in hard order): src=[Climbing stairs] | trg=[climbingup]
[scenario] UniJDOT -> UniDA (uniDA=True)
Unlabeled data shape:  (30610, 150, 18)
Unlabelled Combined shape: (52642, 150, 18)

--- Dataloader Size Check ---
Source Train batches:   45
Target Train batches:   956
-------------------------------

Private classes:  tensor([5.])
=============================================
Dataset: MHEALTH to RealWorld_UniDA_hard_n1_fno_mean
Method:  UniJDOT
=============================================
Source: MHEALTH ---> Target: RealWorld
Run ID: 0
=============================================
[Pr Epoch : 1/20]
Pr_Src_cls_loss	: 0.2545
-------------------------------------
[Pr Epoch : 2/20]
Pr_Src_cls_loss	: 0.1441
-------------------------------------
[Pr Epoch : 3/20]
Pr_Src_cls_loss	: 0.1033
-------------------------------------
[Pr Epoch : 4/20]
Pr_Src_cls_loss	: 0.0799
-------------------------------------
[Pr Epoch : 5/20]
Pr_Src_cls_loss	: 0.0646
-------------------------------------
[Pr Epoch : 6/20]
Pr_Src_cls_loss	: 0.0544
-------------------------------------
[Pr Epoch : 7/20]
Pr_Src_cls_loss	: 0.0470
-------------------------------------
[Pr Epoch : 8/20]
Pr_Src_cls_loss	: 0.0414
-------------------------------------
[Pr Epoch : 9/20]
Pr_Src_cls_loss	: 0.0395
-------------------------------------
[Pr Epoch : 10/20]
Pr_Src_cls_loss	: 0.0403
-------------------------------------
[Pr Epoch : 11/20]
Pr_Src_cls_loss	: 0.0403
-------------------------------------
[Pr Epoch : 12/20]
Pr_Src_cls_loss	: 0.0375
-------------------------------------
[Pr Epoch : 13/20]
Pr_Src_cls_loss	: 0.0347
-------------------------------------
[Pr Epoch : 14/20]
Pr_Src_cls_loss	: 0.0326
-------------------------------------
[Pr Epoch : 15/20]
Pr_Src_cls_loss	: 0.0307
-------------------------------------
[Pr Epoch : 16/20]
Pr_Src_cls_loss	: 0.0289
-------------------------------------
[Pr Epoch : 17/20]
Pr_Src_cls_loss	: 0.0272
-------------------------------------
[Pr Epoch : 18/20]
Pr_Src_cls_loss	: 0.0257
-------------------------------------
[Pr Epoch : 19/20]
Pr_Src_cls_loss	: 0.0243
-------------------------------------
[Pr Epoch : 20/20]
Pr_Src_cls_loss	: 0.0231
-------------------------------------
/mnt/data/home/tp2474/OpenSet-AdaTime/algorithms/algorithms.py:1865: UserWarning: Implicit dimension choice for softmax has been deprecated. Change the call to include dim=X as an argument.
  trg_soft_cen = torch.nn.functional.softmax(after_lincls_cen).double()
[Epoch : 1/20]
Pr_Src_cls_loss	: 0.0231
Total_loss	: 0.0762
loss_cls	: 0.0066
loss_align	: 0.0695
-------------------------------------
[Epoch : 2/20]
Pr_Src_cls_loss	: 0.0231
Total_loss	: 0.0654
loss_cls	: 0.0056
loss_align	: 0.0598
-------------------------------------
[Epoch : 3/20]
Pr_Src_cls_loss	: 0.0231
Total_loss	: 0.0568
loss_cls	: 0.0045
loss_align	: 0.0523
-------------------------------------
[Epoch : 4/20]
Pr_Src_cls_loss	: 0.0231
Total_loss	: 0.0504
loss_cls	: 0.0036
loss_align	: 0.0468
-------------------------------------
[Epoch : 5/20]
Pr_Src_cls_loss	: 0.0231
Total_loss	: 0.0457
loss_cls	: 0.0032
loss_align	: 0.0425
-------------------------------------
[Epoch : 6/20]
Pr_Src_cls_loss	: 0.0231
Total_loss	: 0.0422
loss_cls	: 0.0030
loss_align	: 0.0392
-------------------------------------
[Epoch : 7/20]
Pr_Src_cls_loss	: 0.0231
Total_loss	: 0.0396
loss_cls	: 0.0029
loss_align	: 0.0366
-------------------------------------
[Epoch : 8/20]
Pr_Src_cls_loss	: 0.0231
Total_loss	: 0.0371
loss_cls	: 0.0026
loss_align	: 0.0345
-------------------------------------
[Epoch : 9/20]
Pr_Src_cls_loss	: 0.0231
Total_loss	: 0.0351
loss_cls	: 0.0025
loss_align	: 0.0326
Src_cls_loss	: 0.0000
-------------------------------------
[Epoch : 10/20]
Pr_Src_cls_loss	: 0.0231
Total_loss	: 0.0339
loss_cls	: 0.0027
loss_align	: 0.0312
Src_cls_loss	: 0.0000
-------------------------------------
[Epoch : 11/20]
Pr_Src_cls_loss	: 0.0231
Total_loss	: 0.0324
loss_cls	: 0.0025
loss_align	: 0.0299
Src_cls_loss	: 0.0000
-------------------------------------
[Epoch : 12/20]
Pr_Src_cls_loss	: 0.0231
Total_loss	: 0.0315
loss_cls	: 0.0025
loss_align	: 0.0289
Src_cls_loss	: 0.0000
-------------------------------------
[Epoch : 13/20]
Pr_Src_cls_loss	: 0.0231
Total_loss	: 0.0309
loss_cls	: 0.0028
loss_align	: 0.0281
Src_cls_loss	: 0.0000
-------------------------------------
[Epoch : 14/20]
Pr_Src_cls_loss	: 0.0231
Total_loss	: 0.0314
loss_cls	: 0.0038
loss_align	: 0.0276
Src_cls_loss	: 0.0000
-------------------------------------
[Epoch : 15/20]
Pr_Src_cls_loss	: 0.0231
Total_loss	: 0.0309
loss_cls	: 0.0039
loss_align	: 0.0270
Src_cls_loss	: 0.0000
-------------------------------------
[Epoch : 16/20]
Pr_Src_cls_loss	: 0.0231
Total_loss	: 0.0302
loss_cls	: 0.0037
loss_align	: 0.0265
Src_cls_loss	: 0.0000
-------------------------------------
[Epoch : 17/20]
Pr_Src_cls_loss	: 0.0231
Total_loss	: 0.0294
loss_cls	: 0.0035
loss_align	: 0.0260
Src_cls_loss	: 0.0000
-------------------------------------
[Epoch : 18/20]
Pr_Src_cls_loss	: 0.0231
Total_loss	: 0.0288
loss_cls	: 0.0033
loss_align	: 0.0254
Src_cls_loss	: 0.0000
-------------------------------------
[Epoch : 19/20]
Pr_Src_cls_loss	: 0.0231
Total_loss	: 0.0285
loss_cls	: 0.0032
loss_align	: 0.0253
Src_cls_loss	: 0.0000
-------------------------------------
[Epoch : 20/20]
Pr_Src_cls_loss	: 0.0231
Total_loss	: 0.0292
loss_cls	: 0.0034
loss_align	: 0.0257
Src_cls_loss	: 0.0000
-------------------------------------
/mnt/data/home/tp2474/OpenSet-AdaTime/trainers/abstract_trainer.py:331: FutureWarning: The behavior of DataFrame concatenation with empty or all-NA entries is deprecated. In a future version, this will no longer exclude empty or all-NA columns when determining the result dtypes. To retain the old behavior, exclude the relevant entries before the concat operation.
  table = pd.concat([table, results_df], ignore_index=True)

[UniJDOT Debug] final_threshold = 0.6120 conf mean=0.6162 std=0.1822 reject=31.25%
[UniJDOT Eval ALL] n=30610 threshold=0.6120
[UniJDOT Eval ALL] conf: min=0.2090 max=0.8057 mean=0.6511 std=0.1666
[UniJDOT Eval ALL] rejected: 25.08%
[UniJDOT Eval ALL] pred class dist (pre-reject): [8731, 5626, 6430, 7455, 2368]
[UniJDOT Eval ALL] true label dist: [0, 6431, 6891, 6423, 6470, 4395] (last bin = unknown)
H_score: 0.4411, OS* (acc_c): 0.5126, UNK (acc_p): 0.3870, acc_mix: 0.4946, F1: 0.5348
[UniJDOT Eval ALL] n=30610 threshold=0.6120
[UniJDOT Eval ALL] conf: min=0.2090 max=0.8057 mean=0.6511 std=0.1666
[UniJDOT Eval ALL] rejected: 25.08%
[UniJDOT Eval ALL] pred class dist (pre-reject): [8731, 5626, 6430, 7455, 2368]
[UniJDOT Eval ALL] true label dist: [0, 6431, 6891, 6423, 6470, 4395] (last bin = unknown)
Uploading logs from: /mnt/data/home/tp2474/OpenSet-AdaTime/experiments_logs/curriculum/MHEALTH to RealWorld_UniDA_hard_n1_fno_mean/UniJDOT_UniDA_hard_n1_fno_mean/MHEALTH_to_RealWorld_run_0
🏃 View run UniJDOT_run_0 at: http://127.0.0.1:5001/#/experiments/451986342333445797/runs/49df47701bc84f8dbff87a02a34d1727
🧪 View experiment at: http://127.0.0.1:5001/#/experiments/451986342333445797
=============================================
Dataset: MHEALTH to RealWorld_UniDA_hard_n1_fno_mean
Method:  UniJDOT
=============================================
Source: MHEALTH ---> Target: RealWorld
Run ID: 1
=============================================
[Pr Epoch : 1/20]
Pr_Src_cls_loss	: 0.3545
-------------------------------------
[Pr Epoch : 2/20]
Pr_Src_cls_loss	: 0.1911
-------------------------------------
[Pr Epoch : 3/20]
Pr_Src_cls_loss	: 0.1318
-------------------------------------
[Pr Epoch : 4/20]
Pr_Src_cls_loss	: 0.0993
-------------------------------------
[Pr Epoch : 5/20]
Pr_Src_cls_loss	: 0.0798
-------------------------------------
[Pr Epoch : 6/20]
Pr_Src_cls_loss	: 0.0678
-------------------------------------
[Pr Epoch : 7/20]
Pr_Src_cls_loss	: 0.0589
-------------------------------------
[Pr Epoch : 8/20]
Pr_Src_cls_loss	: 0.0533
-------------------------------------
[Pr Epoch : 9/20]
Pr_Src_cls_loss	: 0.0537
-------------------------------------
[Pr Epoch : 10/20]
Pr_Src_cls_loss	: 0.0494
-------------------------------------
[Pr Epoch : 11/20]
Pr_Src_cls_loss	: 0.0464
-------------------------------------
[Pr Epoch : 12/20]
Pr_Src_cls_loss	: 0.0430
-------------------------------------
[Pr Epoch : 13/20]
Pr_Src_cls_loss	: 0.0399
-------------------------------------
[Pr Epoch : 14/20]
Pr_Src_cls_loss	: 0.0382
-------------------------------------
[Pr Epoch : 15/20]
Pr_Src_cls_loss	: 0.0368
-------------------------------------
[Pr Epoch : 16/20]
Pr_Src_cls_loss	: 0.0373
-------------------------------------
[Pr Epoch : 17/20]
Pr_Src_cls_loss	: 0.0353
-------------------------------------
[Pr Epoch : 18/20]
Pr_Src_cls_loss	: 0.0334
-------------------------------------
[Pr Epoch : 19/20]
Pr_Src_cls_loss	: 0.0319
-------------------------------------
[Pr Epoch : 20/20]
Pr_Src_cls_loss	: 0.0304
-------------------------------------
/mnt/data/home/tp2474/OpenSet-AdaTime/algorithms/algorithms.py:1865: UserWarning: Implicit dimension choice for softmax has been deprecated. Change the call to include dim=X as an argument.
  trg_soft_cen = torch.nn.functional.softmax(after_lincls_cen).double()
[Epoch : 1/20]
Pr_Src_cls_loss	: 0.0304
Total_loss	: 0.0764
loss_cls	: 0.0066
loss_align	: 0.0698
-------------------------------------
[Epoch : 2/20]
Pr_Src_cls_loss	: 0.0304
Total_loss	: 0.0635
loss_cls	: 0.0044
loss_align	: 0.0591
-------------------------------------
[Epoch : 3/20]
Pr_Src_cls_loss	: 0.0304
Total_loss	: 0.0551
loss_cls	: 0.0036
loss_align	: 0.0515
-------------------------------------
[Epoch : 4/20]
Pr_Src_cls_loss	: 0.0304
Total_loss	: 0.0502
loss_cls	: 0.0035
loss_align	: 0.0468
-------------------------------------
[Epoch : 5/20]
Pr_Src_cls_loss	: 0.0304
Total_loss	: 0.0464
loss_cls	: 0.0034
loss_align	: 0.0430
-------------------------------------
[Epoch : 6/20]
Pr_Src_cls_loss	: 0.0304
Total_loss	: 0.0430
loss_cls	: 0.0030
loss_align	: 0.0400
-------------------------------------
[Epoch : 7/20]
Pr_Src_cls_loss	: 0.0304
Total_loss	: 0.0410
loss_cls	: 0.0031
loss_align	: 0.0379
-------------------------------------
[Epoch : 8/20]
Pr_Src_cls_loss	: 0.0304
Total_loss	: 0.0387
loss_cls	: 0.0028
loss_align	: 0.0359
-------------------------------------
[Epoch : 9/20]
Pr_Src_cls_loss	: 0.0304
Total_loss	: 0.0370
loss_cls	: 0.0028
loss_align	: 0.0343
Src_cls_loss	: 0.0000
-------------------------------------
[Epoch : 10/20]
Pr_Src_cls_loss	: 0.0304
Total_loss	: 0.0364
loss_cls	: 0.0026
loss_align	: 0.0338
Src_cls_loss	: 0.0000
-------------------------------------
[Epoch : 11/20]
Pr_Src_cls_loss	: 0.0304
Total_loss	: 0.0381
loss_cls	: 0.0043
loss_align	: 0.0338
Src_cls_loss	: 0.0000
-------------------------------------
[Epoch : 12/20]
Pr_Src_cls_loss	: 0.0304
Total_loss	: 0.0381
loss_cls	: 0.0042
loss_align	: 0.0339
Src_cls_loss	: 0.0000
-------------------------------------
[Epoch : 13/20]
Pr_Src_cls_loss	: 0.0304
Total_loss	: 0.0388
loss_cls	: 0.0039
loss_align	: 0.0349
Src_cls_loss	: 0.0000
-------------------------------------
[Epoch : 14/20]
Pr_Src_cls_loss	: 0.0304
Total_loss	: 0.0417
loss_cls	: 0.0043
loss_align	: 0.0373
Src_cls_loss	: 0.0000
-------------------------------------
[Epoch : 15/20]
Pr_Src_cls_loss	: 0.0304
Total_loss	: 0.0442
loss_cls	: 0.0045
loss_align	: 0.0397
Src_cls_loss	: 0.0000
-------------------------------------
[Epoch : 16/20]
Pr_Src_cls_loss	: 0.0304
Total_loss	: 0.0462
loss_cls	: 0.0045
loss_align	: 0.0417
Src_cls_loss	: 0.0000
-------------------------------------
[Epoch : 17/20]
Pr_Src_cls_loss	: 0.0304
Total_loss	: 0.0482
loss_cls	: 0.0050
loss_align	: 0.0431
Src_cls_loss	: 0.0000
-------------------------------------
[Epoch : 18/20]
Pr_Src_cls_loss	: 0.0304
Total_loss	: 0.0495
loss_cls	: 0.0050
loss_align	: 0.0445
Src_cls_loss	: 0.0000
-------------------------------------
[Epoch : 19/20]
Pr_Src_cls_loss	: 0.0304
Total_loss	: 0.0503
loss_cls	: 0.0048
loss_align	: 0.0455
Src_cls_loss	: 0.0000
-------------------------------------
[Epoch : 20/20]
Pr_Src_cls_loss	: 0.0304
Total_loss	: 0.0514
loss_cls	: 0.0048
loss_align	: 0.0466
Src_cls_loss	: 0.0000
-------------------------------------

[UniJDOT Debug] final_threshold = 0.4331 conf mean=0.4157 std=0.2627 reject=60.94%
[UniJDOT Eval ALL] n=30610 threshold=0.4331
[UniJDOT Eval ALL] conf: min=0.2014 max=0.8518 mean=0.5232 std=0.2691
[UniJDOT Eval ALL] rejected: 42.12%
[UniJDOT Eval ALL] pred class dist (pre-reject): [8342, 9288, 10663, 2310, 7]
[UniJDOT Eval ALL] true label dist: [0, 6431, 6891, 6423, 6470, 4395] (last bin = unknown)
H_score: 0.3681, OS* (acc_c): 0.2295, UNK (acc_p): 0.9295, acc_mix: 0.3300, F1: 0.2912
[UniJDOT Eval ALL] n=30610 threshold=0.4331
[UniJDOT Eval ALL] conf: min=0.2014 max=0.8518 mean=0.5232 std=0.2691
[UniJDOT Eval ALL] rejected: 42.12%
[UniJDOT Eval ALL] pred class dist (pre-reject): [8342, 9288, 10663, 2310, 7]
[UniJDOT Eval ALL] true label dist: [0, 6431, 6891, 6423, 6470, 4395] (last bin = unknown)
Uploading logs from: /mnt/data/home/tp2474/OpenSet-AdaTime/experiments_logs/curriculum/MHEALTH to RealWorld_UniDA_hard_n1_fno_mean/UniJDOT_UniDA_hard_n1_fno_mean/MHEALTH_to_RealWorld_run_1
🏃 View run UniJDOT_run_1 at: http://127.0.0.1:5001/#/experiments/451986342333445797/runs/6d691c37fd38470d9809cf4d776d6821
🧪 View experiment at: http://127.0.0.1:5001/#/experiments/451986342333445797
=============================================
Dataset: MHEALTH to RealWorld_UniDA_hard_n1_fno_mean
Method:  UniJDOT
=============================================
Source: MHEALTH ---> Target: RealWorld
Run ID: 2
=============================================
[Pr Epoch : 1/20]
Pr_Src_cls_loss	: 0.2830
-------------------------------------
[Pr Epoch : 2/20]
Pr_Src_cls_loss	: 0.1518
-------------------------------------
[Pr Epoch : 3/20]
Pr_Src_cls_loss	: 0.1113
-------------------------------------
[Pr Epoch : 4/20]
Pr_Src_cls_loss	: 0.0888
-------------------------------------
[Pr Epoch : 5/20]
Pr_Src_cls_loss	: 0.0737
-------------------------------------
[Pr Epoch : 6/20]
Pr_Src_cls_loss	: 0.0629
-------------------------------------
[Pr Epoch : 7/20]
Pr_Src_cls_loss	: 0.0574
-------------------------------------
[Pr Epoch : 8/20]
Pr_Src_cls_loss	: 0.0531
-------------------------------------
[Pr Epoch : 9/20]
Pr_Src_cls_loss	: 0.0485
-------------------------------------
[Pr Epoch : 10/20]
Pr_Src_cls_loss	: 0.0454
-------------------------------------
[Pr Epoch : 11/20]
Pr_Src_cls_loss	: 0.0416
-------------------------------------
[Pr Epoch : 12/20]
Pr_Src_cls_loss	: 0.0382
-------------------------------------
[Pr Epoch : 13/20]
Pr_Src_cls_loss	: 0.0353
-------------------------------------
[Pr Epoch : 14/20]
Pr_Src_cls_loss	: 0.0327
-------------------------------------
[Pr Epoch : 15/20]
Pr_Src_cls_loss	: 0.0306
-------------------------------------
[Pr Epoch : 16/20]
Pr_Src_cls_loss	: 0.0287
-------------------------------------
[Pr Epoch : 17/20]
Pr_Src_cls_loss	: 0.0270
-------------------------------------
[Pr Epoch : 18/20]
Pr_Src_cls_loss	: 0.0255
-------------------------------------
[Pr Epoch : 19/20]
Pr_Src_cls_loss	: 0.0242
-------------------------------------
[Pr Epoch : 20/20]
Pr_Src_cls_loss	: 0.0230
-------------------------------------
/mnt/data/home/tp2474/OpenSet-AdaTime/algorithms/algorithms.py:1865: UserWarning: Implicit dimension choice for softmax has been deprecated. Change the call to include dim=X as an argument.
  trg_soft_cen = torch.nn.functional.softmax(after_lincls_cen).double()
[Epoch : 1/20]
Pr_Src_cls_loss	: 0.0230
Total_loss	: 0.0734
loss_cls	: 0.0045
loss_align	: 0.0689
-------------------------------------
[Epoch : 2/20]
Pr_Src_cls_loss	: 0.0230
Total_loss	: 0.0626
loss_cls	: 0.0047
loss_align	: 0.0579
-------------------------------------
[Epoch : 3/20]
Pr_Src_cls_loss	: 0.0230
Total_loss	: 0.0566
loss_cls	: 0.0045
loss_align	: 0.0520
-------------------------------------
[Epoch : 4/20]
Pr_Src_cls_loss	: 0.0230
Total_loss	: 0.0527
loss_cls	: 0.0048
loss_align	: 0.0479
-------------------------------------
[Epoch : 5/20]
Pr_Src_cls_loss	: 0.0230
Total_loss	: 0.0485
loss_cls	: 0.0044
loss_align	: 0.0441
-------------------------------------
[Epoch : 6/20]
Pr_Src_cls_loss	: 0.0230
Total_loss	: 0.0456
loss_cls	: 0.0038
loss_align	: 0.0418
-------------------------------------
[Epoch : 7/20]
Pr_Src_cls_loss	: 0.0230
Total_loss	: 0.0433
loss_cls	: 0.0035
loss_align	: 0.0398
-------------------------------------
[Epoch : 8/20]
Pr_Src_cls_loss	: 0.0230
Total_loss	: 0.0420
loss_cls	: 0.0039
loss_align	: 0.0380
-------------------------------------
[Epoch : 9/20]
Pr_Src_cls_loss	: 0.0230
Total_loss	: 0.0405
loss_cls	: 0.0036
loss_align	: 0.0369
Src_cls_loss	: 0.0000
-------------------------------------
[Epoch : 10/20]
Pr_Src_cls_loss	: 0.0230
Total_loss	: 0.0429
loss_cls	: 0.0041
loss_align	: 0.0388
Src_cls_loss	: 0.0000
-------------------------------------
[Epoch : 11/20]
Pr_Src_cls_loss	: 0.0230
Total_loss	: 0.0463
loss_cls	: 0.0042
loss_align	: 0.0420
Src_cls_loss	: 0.0000
-------------------------------------
[Epoch : 12/20]
Pr_Src_cls_loss	: 0.0230
Total_loss	: 0.0486
loss_cls	: 0.0041
loss_align	: 0.0446
Src_cls_loss	: 0.0000
-------------------------------------
[Epoch : 13/20]
Pr_Src_cls_loss	: 0.0230
Total_loss	: 0.0509
loss_cls	: 0.0039
loss_align	: 0.0470
Src_cls_loss	: 0.0000
-------------------------------------
[Epoch : 14/20]
Pr_Src_cls_loss	: 0.0230
Total_loss	: 0.0530
loss_cls	: 0.0038
loss_align	: 0.0492
Src_cls_loss	: 0.0000
-------------------------------------
[Epoch : 15/20]
Pr_Src_cls_loss	: 0.0230
Total_loss	: 0.0547
loss_cls	: 0.0036
loss_align	: 0.0511
Src_cls_loss	: 0.0000
-------------------------------------
[Epoch : 16/20]
Pr_Src_cls_loss	: 0.0230
Total_loss	: 0.0567
loss_cls	: 0.0040
loss_align	: 0.0527
Src_cls_loss	: 0.0000
-------------------------------------
[Epoch : 17/20]
Pr_Src_cls_loss	: 0.0230
Total_loss	: 0.0579
loss_cls	: 0.0040
loss_align	: 0.0539
Src_cls_loss	: 0.0000
-------------------------------------
[Epoch : 18/20]
Pr_Src_cls_loss	: 0.0230
Total_loss	: 0.0589
loss_cls	: 0.0040
loss_align	: 0.0549
Src_cls_loss	: 0.0000
-------------------------------------
[Epoch : 19/20]
Pr_Src_cls_loss	: 0.0230
Total_loss	: 0.0594
loss_cls	: 0.0038
loss_align	: 0.0556
Src_cls_loss	: 0.0000
-------------------------------------
[Epoch : 20/20]
Pr_Src_cls_loss	: 0.0230
Total_loss	: 0.0600
loss_cls	: 0.0037
loss_align	: 0.0563
Src_cls_loss	: 0.0000
-------------------------------------

[UniJDOT Debug] final_threshold = 0.7333 conf mean=0.4684 std=0.2610 reject=73.44%
[UniJDOT Eval ALL] n=30610 threshold=0.7333
[UniJDOT Eval ALL] conf: min=0.2024 max=0.7711 mean=0.4500 std=0.2578
[UniJDOT Eval ALL] rejected: 75.17%
[UniJDOT Eval ALL] pred class dist (pre-reject): [42, 2272, 20467, 7825, 4]
[UniJDOT Eval ALL] true label dist: [0, 6431, 6891, 6423, 6470, 4395] (last bin = unknown)
H_score: 0.3294, OS* (acc_c): 0.1984, UNK (acc_p): 0.9695, acc_mix: 0.3091, F1: 0.2379
[UniJDOT Eval ALL] n=30610 threshold=0.7333
[UniJDOT Eval ALL] conf: min=0.2024 max=0.7711 mean=0.4500 std=0.2578
[UniJDOT Eval ALL] rejected: 75.17%
[UniJDOT Eval ALL] pred class dist (pre-reject): [42, 2272, 20467, 7825, 4]
[UniJDOT Eval ALL] true label dist: [0, 6431, 6891, 6423, 6470, 4395] (last bin = unknown)
Uploading logs from: /mnt/data/home/tp2474/OpenSet-AdaTime/experiments_logs/curriculum/MHEALTH to RealWorld_UniDA_hard_n1_fno_mean/UniJDOT_UniDA_hard_n1_fno_mean/MHEALTH_to_RealWorld_run_2
🏃 View run UniJDOT_run_2 at: http://127.0.0.1:5001/#/experiments/451986342333445797/runs/685237e0aeea4d53a3ddf953c9f9cd8a
🧪 View experiment at: http://127.0.0.1:5001/#/experiments/451986342333445797
=============================================
Dataset: MHEALTH to RealWorld_UniDA_hard_n1_fno_mean
Method:  UniJDOT
=============================================
Source: MHEALTH ---> Target: RealWorld
Run ID: 3
=============================================
[Pr Epoch : 1/20]
Pr_Src_cls_loss	: 0.3296
-------------------------------------
[Pr Epoch : 2/20]
Pr_Src_cls_loss	: 0.1775
-------------------------------------
[Pr Epoch : 3/20]
Pr_Src_cls_loss	: 0.1202
-------------------------------------
[Pr Epoch : 4/20]
Pr_Src_cls_loss	: 0.0905
-------------------------------------
[Pr Epoch : 5/20]
Pr_Src_cls_loss	: 0.0727
-------------------------------------
[Pr Epoch : 6/20]
Pr_Src_cls_loss	: 0.0687
-------------------------------------
[Pr Epoch : 7/20]
Pr_Src_cls_loss	: 0.0655
-------------------------------------
[Pr Epoch : 8/20]
Pr_Src_cls_loss	: 0.0599
-------------------------------------
[Pr Epoch : 9/20]
Pr_Src_cls_loss	: 0.0538
-------------------------------------
[Pr Epoch : 10/20]
Pr_Src_cls_loss	: 0.0509
-------------------------------------
[Pr Epoch : 11/20]
Pr_Src_cls_loss	: 0.0470
-------------------------------------
[Pr Epoch : 12/20]
Pr_Src_cls_loss	: 0.0433
-------------------------------------
[Pr Epoch : 13/20]
Pr_Src_cls_loss	: 0.0423
-------------------------------------
[Pr Epoch : 14/20]
Pr_Src_cls_loss	: 0.0395
-------------------------------------
[Pr Epoch : 15/20]
Pr_Src_cls_loss	: 0.0369
-------------------------------------
[Pr Epoch : 16/20]
Pr_Src_cls_loss	: 0.0349
-------------------------------------
[Pr Epoch : 17/20]
Pr_Src_cls_loss	: 0.0329
-------------------------------------
[Pr Epoch : 18/20]
Pr_Src_cls_loss	: 0.0313
-------------------------------------
[Pr Epoch : 19/20]
Pr_Src_cls_loss	: 0.0300
-------------------------------------
[Pr Epoch : 20/20]
Pr_Src_cls_loss	: 0.0285
-------------------------------------
/mnt/data/home/tp2474/OpenSet-AdaTime/algorithms/algorithms.py:1865: UserWarning: Implicit dimension choice for softmax has been deprecated. Change the call to include dim=X as an argument.
  trg_soft_cen = torch.nn.functional.softmax(after_lincls_cen).double()
[Epoch : 1/20]
Pr_Src_cls_loss	: 0.0285
Total_loss	: 0.0780
loss_cls	: 0.0038
loss_align	: 0.0742
-------------------------------------
[Epoch : 2/20]
Pr_Src_cls_loss	: 0.0285
Total_loss	: 0.0691
loss_cls	: 0.0049
loss_align	: 0.0642
-------------------------------------
[Epoch : 3/20]
Pr_Src_cls_loss	: 0.0285
Total_loss	: 0.0604
loss_cls	: 0.0037
loss_align	: 0.0567
-------------------------------------
[Epoch : 4/20]
Pr_Src_cls_loss	: 0.0285
Total_loss	: 0.0571
loss_cls	: 0.0033
loss_align	: 0.0538
-------------------------------------
[Epoch : 5/20]
Pr_Src_cls_loss	: 0.0285
Total_loss	: 0.0566
loss_cls	: 0.0029
loss_align	: 0.0537
-------------------------------------
[Epoch : 6/20]
Pr_Src_cls_loss	: 0.0285
Total_loss	: 0.0597
loss_cls	: 0.0029
loss_align	: 0.0568
-------------------------------------
[Epoch : 7/20]
Pr_Src_cls_loss	: 0.0285
Total_loss	: 0.0620
loss_cls	: 0.0028
loss_align	: 0.0593
-------------------------------------
[Epoch : 8/20]
Pr_Src_cls_loss	: 0.0285
Total_loss	: 0.0628
loss_cls	: 0.0025
loss_align	: 0.0603
-------------------------------------
[Epoch : 9/20]
Pr_Src_cls_loss	: 0.0285
Total_loss	: 0.0644
loss_cls	: 0.0031
loss_align	: 0.0613
Src_cls_loss	: 0.0000
-------------------------------------
[Epoch : 10/20]
Pr_Src_cls_loss	: 0.0285
Total_loss	: 0.0647
loss_cls	: 0.0030
loss_align	: 0.0617
Src_cls_loss	: 0.0000
-------------------------------------
[Epoch : 11/20]
Pr_Src_cls_loss	: 0.0285
Total_loss	: 0.0646
loss_cls	: 0.0028
loss_align	: 0.0618
Src_cls_loss	: 0.0000
-------------------------------------
[Epoch : 12/20]
Pr_Src_cls_loss	: 0.0285
Total_loss	: 0.0642
loss_cls	: 0.0027
loss_align	: 0.0615
Src_cls_loss	: 0.0000
-------------------------------------
[Epoch : 13/20]
Pr_Src_cls_loss	: 0.0285
Total_loss	: 0.0642
loss_cls	: 0.0028
loss_align	: 0.0613
Src_cls_loss	: 0.0000
-------------------------------------
[Epoch : 14/20]
Pr_Src_cls_loss	: 0.0285
Total_loss	: 0.0640
loss_cls	: 0.0027
loss_align	: 0.0613
Src_cls_loss	: 0.0000
-------------------------------------
[Epoch : 15/20]
Pr_Src_cls_loss	: 0.0285
Total_loss	: 0.0638
loss_cls	: 0.0028
loss_align	: 0.0610
Src_cls_loss	: 0.0000
-------------------------------------
[Epoch : 16/20]
Pr_Src_cls_loss	: 0.0285
Total_loss	: 0.0636
loss_cls	: 0.0029
loss_align	: 0.0607
Src_cls_loss	: 0.0000
-------------------------------------
[Epoch : 17/20]
Pr_Src_cls_loss	: 0.0285
Total_loss	: 0.0632
loss_cls	: 0.0029
loss_align	: 0.0603
Src_cls_loss	: 0.0000
-------------------------------------
[Epoch : 18/20]
Pr_Src_cls_loss	: 0.0285
Total_loss	: 0.0632
loss_cls	: 0.0031
loss_align	: 0.0601
Src_cls_loss	: 0.0000
-------------------------------------
[Epoch : 19/20]
Pr_Src_cls_loss	: 0.0285
Total_loss	: 0.0628
loss_cls	: 0.0030
loss_align	: 0.0598
Src_cls_loss	: 0.0000
-------------------------------------
[Epoch : 20/20]
Pr_Src_cls_loss	: 0.0285
Total_loss	: 0.0625
loss_cls	: 0.0029
loss_align	: 0.0596
Src_cls_loss	: 0.0000
-------------------------------------

[UniJDOT Debug] final_threshold = 0.6787 conf mean=0.4799 std=0.2603 reject=56.25%
[UniJDOT Eval ALL] n=30610 threshold=0.6787
[UniJDOT Eval ALL] conf: min=0.2023 max=0.7921 mean=0.5177 std=0.2532
[UniJDOT Eval ALL] rejected: 51.02%
[UniJDOT Eval ALL] pred class dist (pre-reject): [4673, 5758, 5144, 3892, 11143]
[UniJDOT Eval ALL] true label dist: [0, 6431, 6891, 6423, 6470, 4395] (last bin = unknown)
H_score: 0.4762, OS* (acc_c): 0.3188, UNK (acc_p): 0.9408, acc_mix: 0.4081, F1: 0.4090
[UniJDOT Eval ALL] n=30610 threshold=0.6787
[UniJDOT Eval ALL] conf: min=0.2023 max=0.7921 mean=0.5177 std=0.2532
[UniJDOT Eval ALL] rejected: 51.02%
[UniJDOT Eval ALL] pred class dist (pre-reject): [4673, 5758, 5144, 3892, 11143]
[UniJDOT Eval ALL] true label dist: [0, 6431, 6891, 6423, 6470, 4395] (last bin = unknown)
Uploading logs from: /mnt/data/home/tp2474/OpenSet-AdaTime/experiments_logs/curriculum/MHEALTH to RealWorld_UniDA_hard_n1_fno_mean/UniJDOT_UniDA_hard_n1_fno_mean/MHEALTH_to_RealWorld_run_3
🏃 View run UniJDOT_run_3 at: http://127.0.0.1:5001/#/experiments/451986342333445797/runs/60c4264d964a4fe69fef2c06a3b5da28
🧪 View experiment at: http://127.0.0.1:5001/#/experiments/451986342333445797
=============================================
Dataset: MHEALTH to RealWorld_UniDA_hard_n1_fno_mean
Method:  UniJDOT
=============================================
Source: MHEALTH ---> Target: RealWorld
Run ID: 4
=============================================
[Pr Epoch : 1/20]
Pr_Src_cls_loss	: 0.2695
-------------------------------------
[Pr Epoch : 2/20]
Pr_Src_cls_loss	: 0.1414
-------------------------------------
[Pr Epoch : 3/20]
Pr_Src_cls_loss	: 0.1009
-------------------------------------
[Pr Epoch : 4/20]
Pr_Src_cls_loss	: 0.0869
-------------------------------------
[Pr Epoch : 5/20]
Pr_Src_cls_loss	: 0.0716
-------------------------------------
[Pr Epoch : 6/20]
Pr_Src_cls_loss	: 0.0621
-------------------------------------
[Pr Epoch : 7/20]
Pr_Src_cls_loss	: 0.0536
-------------------------------------
[Pr Epoch : 8/20]
Pr_Src_cls_loss	: 0.0470
-------------------------------------
[Pr Epoch : 9/20]
Pr_Src_cls_loss	: 0.0426
-------------------------------------
[Pr Epoch : 10/20]
Pr_Src_cls_loss	: 0.0385
-------------------------------------
[Pr Epoch : 11/20]
Pr_Src_cls_loss	: 0.0350
-------------------------------------
[Pr Epoch : 12/20]
Pr_Src_cls_loss	: 0.0321
-------------------------------------
[Pr Epoch : 13/20]
Pr_Src_cls_loss	: 0.0298
-------------------------------------
[Pr Epoch : 14/20]
Pr_Src_cls_loss	: 0.0277
-------------------------------------
[Pr Epoch : 15/20]
Pr_Src_cls_loss	: 0.0285
-------------------------------------
[Pr Epoch : 16/20]
Pr_Src_cls_loss	: 0.0300
-------------------------------------
[Pr Epoch : 17/20]
Pr_Src_cls_loss	: 0.0312
-------------------------------------
[Pr Epoch : 18/20]
Pr_Src_cls_loss	: 0.0300
-------------------------------------
[Pr Epoch : 19/20]
Pr_Src_cls_loss	: 0.0286
-------------------------------------
[Pr Epoch : 20/20]
Pr_Src_cls_loss	: 0.0272
-------------------------------------
/mnt/data/home/tp2474/OpenSet-AdaTime/algorithms/algorithms.py:1865: UserWarning: Implicit dimension choice for softmax has been deprecated. Change the call to include dim=X as an argument.
  trg_soft_cen = torch.nn.functional.softmax(after_lincls_cen).double()
[Epoch : 1/20]
Pr_Src_cls_loss	: 0.0272
Total_loss	: 0.0738
loss_cls	: 0.0067
loss_align	: 0.0671
-------------------------------------
[Epoch : 2/20]
Pr_Src_cls_loss	: 0.0272
Total_loss	: 0.0652
loss_cls	: 0.0056
loss_align	: 0.0596
-------------------------------------
[Epoch : 3/20]
Pr_Src_cls_loss	: 0.0272
Total_loss	: 0.0599
loss_cls	: 0.0051
loss_align	: 0.0549
-------------------------------------
[Epoch : 4/20]
Pr_Src_cls_loss	: 0.0272
Total_loss	: 0.0538
loss_cls	: 0.0040
loss_align	: 0.0497
-------------------------------------
[Epoch : 5/20]
Pr_Src_cls_loss	: 0.0272
Total_loss	: 0.0502
loss_cls	: 0.0042
loss_align	: 0.0460
-------------------------------------
[Epoch : 6/20]
Pr_Src_cls_loss	: 0.0272
Total_loss	: 0.0463
loss_cls	: 0.0036
loss_align	: 0.0427
-------------------------------------
[Epoch : 7/20]
Pr_Src_cls_loss	: 0.0272
Total_loss	: 0.0436
loss_cls	: 0.0036
loss_align	: 0.0400
-------------------------------------
[Epoch : 8/20]
Pr_Src_cls_loss	: 0.0272
Total_loss	: 0.0406
loss_cls	: 0.0032
loss_align	: 0.0375
-------------------------------------
[Epoch : 9/20]
Pr_Src_cls_loss	: 0.0272
Total_loss	: 0.0389
loss_cls	: 0.0033
loss_align	: 0.0355
Src_cls_loss	: 0.0000
-------------------------------------
[Epoch : 10/20]
Pr_Src_cls_loss	: 0.0272
Total_loss	: 0.0367
loss_cls	: 0.0031
loss_align	: 0.0336
Src_cls_loss	: 0.0000
-------------------------------------
[Epoch : 11/20]
Pr_Src_cls_loss	: 0.0272
Total_loss	: 0.0351
loss_cls	: 0.0029
loss_align	: 0.0323
Src_cls_loss	: 0.0000
-------------------------------------
[Epoch : 12/20]
Pr_Src_cls_loss	: 0.0272
Total_loss	: 0.0339
loss_cls	: 0.0028
loss_align	: 0.0311
Src_cls_loss	: 0.0000
-------------------------------------
[Epoch : 13/20]
Pr_Src_cls_loss	: 0.0272
Total_loss	: 0.0325
loss_cls	: 0.0027
loss_align	: 0.0298
Src_cls_loss	: 0.0000
-------------------------------------
[Epoch : 14/20]
Pr_Src_cls_loss	: 0.0272
Total_loss	: 0.0317
loss_cls	: 0.0027
loss_align	: 0.0290
Src_cls_loss	: 0.0000
-------------------------------------
[Epoch : 15/20]
Pr_Src_cls_loss	: 0.0272
Total_loss	: 0.0306
loss_cls	: 0.0026
loss_align	: 0.0280
Src_cls_loss	: 0.0000
-------------------------------------
[Epoch : 16/20]
Pr_Src_cls_loss	: 0.0272
Total_loss	: 0.0297
loss_cls	: 0.0025
loss_align	: 0.0273
Src_cls_loss	: 0.0000
-------------------------------------
[Epoch : 17/20]
Pr_Src_cls_loss	: 0.0272
Total_loss	: 0.0305
loss_cls	: 0.0025
loss_align	: 0.0280
Src_cls_loss	: 0.0000
-------------------------------------
[Epoch : 18/20]
Pr_Src_cls_loss	: 0.0272
Total_loss	: 0.0326
loss_cls	: 0.0026
loss_align	: 0.0300
Src_cls_loss	: 0.0000
-------------------------------------
[Epoch : 19/20]
Pr_Src_cls_loss	: 0.0272
Total_loss	: 0.0351
loss_cls	: 0.0030
loss_align	: 0.0321
Src_cls_loss	: 0.0000
-------------------------------------
[Epoch : 20/20]
Pr_Src_cls_loss	: 0.0272
Total_loss	: 0.0371
loss_cls	: 0.0033
loss_align	: 0.0338
Src_cls_loss	: 0.0000
-------------------------------------

[UniJDOT Debug] final_threshold = 0.6689 conf mean=0.4421 std=0.2426 reject=65.62%
[UniJDOT Eval ALL] n=30610 threshold=0.6689
[UniJDOT Eval ALL] conf: min=0.2010 max=0.7389 mean=0.4932 std=0.2352
[UniJDOT Eval ALL] rejected: 56.71%
[UniJDOT Eval ALL] pred class dist (pre-reject): [705, 4728, 5659, 8965, 10553]
[UniJDOT Eval ALL] true label dist: [0, 6431, 6891, 6423, 6470, 4395] (last bin = unknown)
H_score: 0.4119, OS* (acc_c): 0.2626, UNK (acc_p): 0.9543, acc_mix: 0.3619, F1: 0.3268
[UniJDOT Eval ALL] n=30610 threshold=0.6689
[UniJDOT Eval ALL] conf: min=0.2010 max=0.7389 mean=0.4932 std=0.2352
[UniJDOT Eval ALL] rejected: 56.71%
[UniJDOT Eval ALL] pred class dist (pre-reject): [705, 4728, 5659, 8965, 10553]
[UniJDOT Eval ALL] true label dist: [0, 6431, 6891, 6423, 6470, 4395] (last bin = unknown)
Uploading logs from: /mnt/data/home/tp2474/OpenSet-AdaTime/experiments_logs/curriculum/MHEALTH to RealWorld_UniDA_hard_n1_fno_mean/UniJDOT_UniDA_hard_n1_fno_mean/MHEALTH_to_RealWorld_run_4
🏃 View run UniJDOT_run_4 at: http://127.0.0.1:5001/#/experiments/451986342333445797/runs/1b84d352572a477bb51047786e47f5e6
🧪 View experiment at: http://127.0.0.1:5001/#/experiments/451986342333445797
==================== [n1 fno_mean] done ====================
==================== [n2 fno_mean] UDA ====================
[curriculum] scenario=UniDA  strategy=hard  n_unknown=2  rank_variant=fno_mean
[curriculum] source mapping (6 classes): {'Lying down': 'lying', 'Sitting and relaxing': 'sitting', 'Walking': 'walking', 'Running': 'running', 'Climbing stairs': 'Climbing stairs', 'Frontal elevation of arms': 'Frontal elevation of arms'}
[curriculum] target mapping (6 classes): {'lying': 'lying', 'sitting': 'sitting', 'walking': 'walking', 'running': 'running', 'climbingup': 'climbingup', 'jumping': 'jumping'}
[curriculum] unknowns added (in hard order): src=[Climbing stairs,Frontal elevation of arms] | trg=[climbingup,jumping]
2026/05/11 16:55:07 INFO mlflow.tracking.fluent: Experiment with name 'MHEALTH to RealWorld_UniDA_hard_n2_fno_mean' does not exist. Creating a new experiment.
[scenario] UDA -> UniDA (uniDA=True)
Unlabeled data shape:  (31587, 150, 18)
Unlabelled Combined shape: (54330, 150, 18)

--- Dataloader Size Check ---
Source Train batches:   27
Target Train batches:   493
-------------------------------

Private classes:  tensor([6., 7.])
=============================================
Dataset: MHEALTH to RealWorld_UniDA_hard_n2_fno_mean
Method:  UDA
=============================================
Source: MHEALTH ---> Target: RealWorld
Run ID: 0
=============================================
[Pr Epoch : 1/20]
Pr_Src_cls_loss	: 1.5846
-------------------------------------
[Pr Epoch : 2/20]
Pr_Src_cls_loss	: 1.4757
-------------------------------------
[Pr Epoch : 3/20]
Pr_Src_cls_loss	: 1.3757
-------------------------------------
[Pr Epoch : 4/20]
Pr_Src_cls_loss	: 1.2816
-------------------------------------
[Pr Epoch : 5/20]
Pr_Src_cls_loss	: 1.1939
-------------------------------------
[Pr Epoch : 6/20]
Pr_Src_cls_loss	: 1.1135
-------------------------------------
[Pr Epoch : 7/20]
Pr_Src_cls_loss	: 1.0406
-------------------------------------
[Pr Epoch : 8/20]
Pr_Src_cls_loss	: 0.9741
-------------------------------------
[Pr Epoch : 9/20]
Pr_Src_cls_loss	: 0.9142
-------------------------------------
[Pr Epoch : 10/20]
Pr_Src_cls_loss	: 0.8598
-------------------------------------
[Pr Epoch : 11/20]
Pr_Src_cls_loss	: 0.8107
-------------------------------------
[Pr Epoch : 12/20]
Pr_Src_cls_loss	: 0.7665
-------------------------------------
[Pr Epoch : 13/20]
Pr_Src_cls_loss	: 0.7265
-------------------------------------
[Pr Epoch : 14/20]
Pr_Src_cls_loss	: 0.6900
-------------------------------------
[Pr Epoch : 15/20]
Pr_Src_cls_loss	: 0.6568
-------------------------------------
[Pr Epoch : 16/20]
Pr_Src_cls_loss	: 0.6265
-------------------------------------
[Pr Epoch : 17/20]
Pr_Src_cls_loss	: 0.5989
-------------------------------------
[Pr Epoch : 18/20]
Pr_Src_cls_loss	: 0.5735
-------------------------------------
[Pr Epoch : 19/20]
Pr_Src_cls_loss	: 0.5501
-------------------------------------
[Pr Epoch : 20/20]
Pr_Src_cls_loss	: 0.5285
-------------------------------------
[Epoch : 1/20]
Pr_Src_cls_loss	: 0.5285
Total_loss	: 5.7956
Domain_loss	: 1.3630
Src_cls_loss	: 0.1102
Adv Loss	: 1.3738
-------------------------------------
[Epoch : 2/20]
Pr_Src_cls_loss	: 0.5285
Total_loss	: 5.7137
Domain_loss	: 1.2929
Src_cls_loss	: 0.1159
Adv Loss	: 1.3483
-------------------------------------
[Epoch : 3/20]
Pr_Src_cls_loss	: 0.5285
Total_loss	: 5.7084
Domain_loss	: 1.2329
Src_cls_loss	: 0.1249
Adv Loss	: 1.3392
-------------------------------------
[Epoch : 4/20]
Pr_Src_cls_loss	: 0.5285
Total_loss	: 5.7233
Domain_loss	: 1.1703
Src_cls_loss	: 0.1298
Adv Loss	: 1.3389
-------------------------------------
[Epoch : 5/20]
Pr_Src_cls_loss	: 0.5285
Total_loss	: 5.6938
Domain_loss	: 1.1126
Src_cls_loss	: 0.1305
Adv Loss	: 1.3308
-------------------------------------
[Epoch : 6/20]
Pr_Src_cls_loss	: 0.5285
Total_loss	: 5.6922
Domain_loss	: 1.0672
Src_cls_loss	: 0.1325
Adv Loss	: 1.3287
-------------------------------------
[Epoch : 7/20]
Pr_Src_cls_loss	: 0.5285
Total_loss	: 5.7023
Domain_loss	: 1.0285
Src_cls_loss	: 0.1379
Adv Loss	: 1.3267
-------------------------------------
[Epoch : 8/20]
Pr_Src_cls_loss	: 0.5285
Total_loss	: 5.6850
Domain_loss	: 0.9904
Src_cls_loss	: 0.1380
Adv Loss	: 1.3222
-------------------------------------
[Epoch : 9/20]
Pr_Src_cls_loss	: 0.5285
Total_loss	: 5.7363
Domain_loss	: 0.9724
Src_cls_loss	: 0.1458
Adv Loss	: 1.3286
-------------------------------------
[Epoch : 10/20]
Pr_Src_cls_loss	: 0.5285
Total_loss	: 5.7261
Domain_loss	: 0.9258
Src_cls_loss	: 0.1462
Adv Loss	: 1.3256
-------------------------------------
[Epoch : 11/20]
Pr_Src_cls_loss	: 0.5285
Total_loss	: 5.6873
Domain_loss	: 0.8928
Src_cls_loss	: 0.1441
Adv Loss	: 1.3176
-------------------------------------
[Epoch : 12/20]
Pr_Src_cls_loss	: 0.5285
Total_loss	: 5.6807
Domain_loss	: 0.8711
Src_cls_loss	: 0.1398
Adv Loss	: 1.3196
-------------------------------------
[Epoch : 13/20]
Pr_Src_cls_loss	: 0.5285
Total_loss	: 5.6616
Domain_loss	: 0.8456
Src_cls_loss	: 0.1381
Adv Loss	: 1.3162
-------------------------------------
[Epoch : 14/20]
Pr_Src_cls_loss	: 0.5285
Total_loss	: 5.6416
Domain_loss	: 0.8200
Src_cls_loss	: 0.1362
Adv Loss	: 1.3128
-------------------------------------
[Epoch : 15/20]
Pr_Src_cls_loss	: 0.5285
Total_loss	: 5.6499
Domain_loss	: 0.7984
Src_cls_loss	: 0.1359
Adv Loss	: 1.3151
-------------------------------------
[Epoch : 16/20]
Pr_Src_cls_loss	: 0.5285
Total_loss	: 5.6728
Domain_loss	: 0.7776
Src_cls_loss	: 0.1357
Adv Loss	: 1.3211
-------------------------------------
[Epoch : 17/20]
Pr_Src_cls_loss	: 0.5285
Total_loss	: 5.6475
Domain_loss	: 0.7529
Src_cls_loss	: 0.1315
Adv Loss	: 1.3182
-------------------------------------
[Epoch : 18/20]
Pr_Src_cls_loss	: 0.5285
Total_loss	: 5.6134
Domain_loss	: 0.7346
Src_cls_loss	: 0.1279
Adv Loss	: 1.3127
-------------------------------------
[Epoch : 19/20]
Pr_Src_cls_loss	: 0.5285
Total_loss	: 5.6047
Domain_loss	: 0.7179
Src_cls_loss	: 0.1270
Adv Loss	: 1.3112
-------------------------------------
[Epoch : 20/20]
Pr_Src_cls_loss	: 0.5285
Total_loss	: 5.6057
Domain_loss	: 0.7041
Src_cls_loss	: 0.1260
Adv Loss	: 1.3123
-------------------------------------
/mnt/data/home/tp2474/OpenSet-AdaTime/trainers/abstract_trainer.py:331: FutureWarning: The behavior of DataFrame concatenation with empty or all-NA entries is deprecated. In a future version, this will no longer exclude empty or all-NA columns when determining the result dtypes. To retain the old behavior, exclude the relevant entries before the concat operation.
  table = pd.concat([table, results_df], ignore_index=True)
H_score: 0.3773, OS* (acc_c): 0.3592, UNK (acc_p): 0.3974, acc_mix: 0.3657, F1: 0.4066
Uploading logs from: /mnt/data/home/tp2474/OpenSet-AdaTime/experiments_logs/curriculum/MHEALTH to RealWorld_UniDA_hard_n2_fno_mean/UDA_UniDA_hard_n2_fno_mean/MHEALTH_to_RealWorld_run_0
🏃 View run UDA_run_0 at: http://127.0.0.1:5001/#/experiments/604507857025383539/runs/fe117739077047c08d8193c0eaef5785
🧪 View experiment at: http://127.0.0.1:5001/#/experiments/604507857025383539
=============================================
Dataset: MHEALTH to RealWorld_UniDA_hard_n2_fno_mean
Method:  UDA
=============================================
Source: MHEALTH ---> Target: RealWorld
Run ID: 1
=============================================
[Pr Epoch : 1/20]
Pr_Src_cls_loss	: 1.6069
-------------------------------------
[Pr Epoch : 2/20]
Pr_Src_cls_loss	: 1.4989
-------------------------------------
[Pr Epoch : 3/20]
Pr_Src_cls_loss	: 1.3991
-------------------------------------
[Pr Epoch : 4/20]
Pr_Src_cls_loss	: 1.3049
-------------------------------------
[Pr Epoch : 5/20]
Pr_Src_cls_loss	: 1.2167
-------------------------------------
[Pr Epoch : 6/20]
Pr_Src_cls_loss	: 1.1347
-------------------------------------
[Pr Epoch : 7/20]
Pr_Src_cls_loss	: 1.0598
-------------------------------------
[Pr Epoch : 8/20]
Pr_Src_cls_loss	: 0.9917
-------------------------------------
[Pr Epoch : 9/20]
Pr_Src_cls_loss	: 0.9304
-------------------------------------
[Pr Epoch : 10/20]
Pr_Src_cls_loss	: 0.8753
-------------------------------------
[Pr Epoch : 11/20]
Pr_Src_cls_loss	: 0.8254
-------------------------------------
[Pr Epoch : 12/20]
Pr_Src_cls_loss	: 0.7801
-------------------------------------
[Pr Epoch : 13/20]
Pr_Src_cls_loss	: 0.7391
-------------------------------------
[Pr Epoch : 14/20]
Pr_Src_cls_loss	: 0.7021
-------------------------------------
[Pr Epoch : 15/20]
Pr_Src_cls_loss	: 0.6684
-------------------------------------
[Pr Epoch : 16/20]
Pr_Src_cls_loss	: 0.6376
-------------------------------------
[Pr Epoch : 17/20]
Pr_Src_cls_loss	: 0.6095
-------------------------------------
[Pr Epoch : 18/20]
Pr_Src_cls_loss	: 0.5837
-------------------------------------
[Pr Epoch : 19/20]
Pr_Src_cls_loss	: 0.5598
-------------------------------------
[Pr Epoch : 20/20]
Pr_Src_cls_loss	: 0.5378
-------------------------------------
[Epoch : 1/20]
Pr_Src_cls_loss	: 0.5378
Total_loss	: 5.7974
Domain_loss	: 1.3614
Src_cls_loss	: 0.1132
Adv Loss	: 1.3717
-------------------------------------
[Epoch : 2/20]
Pr_Src_cls_loss	: 0.5378
Total_loss	: 5.7492
Domain_loss	: 1.3123
Src_cls_loss	: 0.1176
Adv Loss	: 1.3558
-------------------------------------
[Epoch : 3/20]
Pr_Src_cls_loss	: 0.5378
Total_loss	: 5.7435
Domain_loss	: 1.2642
Src_cls_loss	: 0.1236
Adv Loss	: 1.3492
-------------------------------------
[Epoch : 4/20]
Pr_Src_cls_loss	: 0.5378
Total_loss	: 5.7682
Domain_loss	: 1.1988
Src_cls_loss	: 0.1296
Adv Loss	: 1.3504
-------------------------------------
[Epoch : 5/20]
Pr_Src_cls_loss	: 0.5378
Total_loss	: 5.6742
Domain_loss	: 1.1057
Src_cls_loss	: 0.1278
Adv Loss	: 1.3281
-------------------------------------
[Epoch : 6/20]
Pr_Src_cls_loss	: 0.5378
Total_loss	: 5.7136
Domain_loss	: 1.0696
Src_cls_loss	: 0.1324
Adv Loss	: 1.3342
-------------------------------------
[Epoch : 7/20]
Pr_Src_cls_loss	: 0.5378
Total_loss	: 5.7135
Domain_loss	: 1.0218
Src_cls_loss	: 0.1371
Adv Loss	: 1.3302
-------------------------------------
[Epoch : 8/20]
Pr_Src_cls_loss	: 0.5378
Total_loss	: 5.7155
Domain_loss	: 0.9872
Src_cls_loss	: 0.1392
Adv Loss	: 1.3289
-------------------------------------
[Epoch : 9/20]
Pr_Src_cls_loss	: 0.5378
Total_loss	: 5.7094
Domain_loss	: 0.9553
Src_cls_loss	: 0.1428
Adv Loss	: 1.3243
-------------------------------------
[Epoch : 10/20]
Pr_Src_cls_loss	: 0.5378
Total_loss	: 5.7502
Domain_loss	: 0.9280
Src_cls_loss	: 0.1487
Adv Loss	: 1.3296
-------------------------------------
[Epoch : 11/20]
Pr_Src_cls_loss	: 0.5378
Total_loss	: 5.7151
Domain_loss	: 0.8984
Src_cls_loss	: 0.1480
Adv Loss	: 1.3213
-------------------------------------
[Epoch : 12/20]
Pr_Src_cls_loss	: 0.5378
Total_loss	: 5.7128
Domain_loss	: 0.8642
Src_cls_loss	: 0.1487
Adv Loss	: 1.3202
-------------------------------------
[Epoch : 13/20]
Pr_Src_cls_loss	: 0.5378
Total_loss	: 5.6970
Domain_loss	: 0.8449
Src_cls_loss	: 0.1468
Adv Loss	: 1.3178
-------------------------------------
[Epoch : 14/20]
Pr_Src_cls_loss	: 0.5378
Total_loss	: 5.6917
Domain_loss	: 0.8286
Src_cls_loss	: 0.1464
Adv Loss	: 1.3168
-------------------------------------
[Epoch : 15/20]
Pr_Src_cls_loss	: 0.5378
Total_loss	: 5.6885
Domain_loss	: 0.8134
Src_cls_loss	: 0.1470
Adv Loss	: 1.3155
-------------------------------------
[Epoch : 16/20]
Pr_Src_cls_loss	: 0.5378
Total_loss	: 5.7080
Domain_loss	: 0.8042
Src_cls_loss	: 0.1466
Adv Loss	: 1.3208
-------------------------------------
[Epoch : 17/20]
Pr_Src_cls_loss	: 0.5378
Total_loss	: 5.6988
Domain_loss	: 0.7880
Src_cls_loss	: 0.1438
Adv Loss	: 1.3207
-------------------------------------
[Epoch : 18/20]
Pr_Src_cls_loss	: 0.5378
Total_loss	: 5.6968
Domain_loss	: 0.7677
Src_cls_loss	: 0.1407
Adv Loss	: 1.3229
-------------------------------------
[Epoch : 19/20]
Pr_Src_cls_loss	: 0.5378
Total_loss	: 5.6461
Domain_loss	: 0.7455
Src_cls_loss	: 0.1375
Adv Loss	: 1.3128
-------------------------------------
[Epoch : 20/20]
Pr_Src_cls_loss	: 0.5378
Total_loss	: 5.6629
Domain_loss	: 0.7346
Src_cls_loss	: 0.1367
Adv Loss	: 1.3177
-------------------------------------
H_score: 0.3013, OS* (acc_c): 0.2348, UNK (acc_p): 0.4205, acc_mix: 0.2663, F1: 0.3075
Uploading logs from: /mnt/data/home/tp2474/OpenSet-AdaTime/experiments_logs/curriculum/MHEALTH to RealWorld_UniDA_hard_n2_fno_mean/UDA_UniDA_hard_n2_fno_mean/MHEALTH_to_RealWorld_run_1
🏃 View run UDA_run_1 at: http://127.0.0.1:5001/#/experiments/604507857025383539/runs/02ccc43b3f394e70ba9be822d37000ae
🧪 View experiment at: http://127.0.0.1:5001/#/experiments/604507857025383539
=============================================
Dataset: MHEALTH to RealWorld_UniDA_hard_n2_fno_mean
Method:  UDA
=============================================
Source: MHEALTH ---> Target: RealWorld
Run ID: 2
=============================================
[Pr Epoch : 1/20]
Pr_Src_cls_loss	: 1.5985
-------------------------------------
[Pr Epoch : 2/20]
Pr_Src_cls_loss	: 1.4908
-------------------------------------
[Pr Epoch : 3/20]
Pr_Src_cls_loss	: 1.3913
-------------------------------------
[Pr Epoch : 4/20]
Pr_Src_cls_loss	: 1.2968
-------------------------------------
[Pr Epoch : 5/20]
Pr_Src_cls_loss	: 1.2084
-------------------------------------
[Pr Epoch : 6/20]
Pr_Src_cls_loss	: 1.1268
-------------------------------------
[Pr Epoch : 7/20]
Pr_Src_cls_loss	: 1.0519
-------------------------------------
[Pr Epoch : 8/20]
Pr_Src_cls_loss	: 0.9844
-------------------------------------
[Pr Epoch : 9/20]
Pr_Src_cls_loss	: 0.9232
-------------------------------------
[Pr Epoch : 10/20]
Pr_Src_cls_loss	: 0.8680
-------------------------------------
[Pr Epoch : 11/20]
Pr_Src_cls_loss	: 0.8182
-------------------------------------
[Pr Epoch : 12/20]
Pr_Src_cls_loss	: 0.7734
-------------------------------------
[Pr Epoch : 13/20]
Pr_Src_cls_loss	: 0.7326
-------------------------------------
[Pr Epoch : 14/20]
Pr_Src_cls_loss	: 0.6958
-------------------------------------
[Pr Epoch : 15/20]
Pr_Src_cls_loss	: 0.6624
-------------------------------------
[Pr Epoch : 16/20]
Pr_Src_cls_loss	: 0.6317
-------------------------------------
[Pr Epoch : 17/20]
Pr_Src_cls_loss	: 0.6037
-------------------------------------
[Pr Epoch : 18/20]
Pr_Src_cls_loss	: 0.5779
-------------------------------------
[Pr Epoch : 19/20]
Pr_Src_cls_loss	: 0.5543
-------------------------------------
[Pr Epoch : 20/20]
Pr_Src_cls_loss	: 0.5325
-------------------------------------
[Epoch : 1/20]
Pr_Src_cls_loss	: 0.5325
Total_loss	: 5.7854
Domain_loss	: 1.3706
Src_cls_loss	: 0.1097
Adv Loss	: 1.3716
-------------------------------------
[Epoch : 2/20]
Pr_Src_cls_loss	: 0.5325
Total_loss	: 5.7757
Domain_loss	: 1.3537
Src_cls_loss	: 0.1163
Adv Loss	: 1.3636
-------------------------------------
[Epoch : 3/20]
Pr_Src_cls_loss	: 0.5325
Total_loss	: 5.7858
Domain_loss	: 1.3325
Src_cls_loss	: 0.1198
Adv Loss	: 1.3632
-------------------------------------
[Epoch : 4/20]
Pr_Src_cls_loss	: 0.5325
Total_loss	: 5.7808
Domain_loss	: 1.2671
Src_cls_loss	: 0.1199
Adv Loss	: 1.3618
-------------------------------------
[Epoch : 5/20]
Pr_Src_cls_loss	: 0.5325
Total_loss	: 5.7012
Domain_loss	: 1.1334
Src_cls_loss	: 0.1201
Adv Loss	: 1.3415
-------------------------------------
[Epoch : 6/20]
Pr_Src_cls_loss	: 0.5325
Total_loss	: 5.7612
Domain_loss	: 1.0631
Src_cls_loss	: 0.1293
Adv Loss	: 1.3489
-------------------------------------
[Epoch : 7/20]
Pr_Src_cls_loss	: 0.5325
Total_loss	: 5.7087
Domain_loss	: 0.9797
Src_cls_loss	: 0.1284
Adv Loss	: 1.3364
-------------------------------------
[Epoch : 8/20]
Pr_Src_cls_loss	: 0.5325
Total_loss	: 5.6962
Domain_loss	: 0.9382
Src_cls_loss	: 0.1299
Adv Loss	: 1.3319
-------------------------------------
[Epoch : 9/20]
Pr_Src_cls_loss	: 0.5325
Total_loss	: 5.7188
Domain_loss	: 0.8999
Src_cls_loss	: 0.1328
Adv Loss	: 1.3351
-------------------------------------
[Epoch : 10/20]
Pr_Src_cls_loss	: 0.5325
Total_loss	: 5.7363
Domain_loss	: 0.8680
Src_cls_loss	: 0.1338
Adv Loss	: 1.3387
-------------------------------------
[Epoch : 11/20]
Pr_Src_cls_loss	: 0.5325
Total_loss	: 5.6793
Domain_loss	: 0.8303
Src_cls_loss	: 0.1316
Adv Loss	: 1.3262
-------------------------------------
[Epoch : 12/20]
Pr_Src_cls_loss	: 0.5325
Total_loss	: 5.6901
Domain_loss	: 0.8165
Src_cls_loss	: 0.1335
Adv Loss	: 1.3273
-------------------------------------
[Epoch : 13/20]
Pr_Src_cls_loss	: 0.5325
Total_loss	: 5.7179
Domain_loss	: 0.8078
Src_cls_loss	: 0.1348
Adv Loss	: 1.3332
-------------------------------------
[Epoch : 14/20]
Pr_Src_cls_loss	: 0.5325
Total_loss	: 5.7089
Domain_loss	: 0.7790
Src_cls_loss	: 0.1358
Adv Loss	: 1.3301
-------------------------------------
[Epoch : 15/20]
Pr_Src_cls_loss	: 0.5325
Total_loss	: 5.6737
Domain_loss	: 0.7527
Src_cls_loss	: 0.1354
Adv Loss	: 1.3215
-------------------------------------
[Epoch : 16/20]
Pr_Src_cls_loss	: 0.5325
Total_loss	: 5.6756
Domain_loss	: 0.7331
Src_cls_loss	: 0.1365
Adv Loss	: 1.3211
-------------------------------------
[Epoch : 17/20]
Pr_Src_cls_loss	: 0.5325
Total_loss	: 5.6345
Domain_loss	: 0.7101
Src_cls_loss	: 0.1357
Adv Loss	: 1.3114
-------------------------------------
[Epoch : 18/20]
Pr_Src_cls_loss	: 0.5325
Total_loss	: 5.6464
Domain_loss	: 0.6978
Src_cls_loss	: 0.1374
Adv Loss	: 1.3130
-------------------------------------
[Epoch : 19/20]
Pr_Src_cls_loss	: 0.5325
Total_loss	: 5.6243
Domain_loss	: 0.6869
Src_cls_loss	: 0.1365
Adv Loss	: 1.3081
-------------------------------------
[Epoch : 20/20]
Pr_Src_cls_loss	: 0.5325
Total_loss	: 5.6328
Domain_loss	: 0.6804
Src_cls_loss	: 0.1354
Adv Loss	: 1.3112
-------------------------------------
H_score: 0.3764, OS* (acc_c): 0.3817, UNK (acc_p): 0.3713, acc_mix: 0.3799, F1: 0.4551
Uploading logs from: /mnt/data/home/tp2474/OpenSet-AdaTime/experiments_logs/curriculum/MHEALTH to RealWorld_UniDA_hard_n2_fno_mean/UDA_UniDA_hard_n2_fno_mean/MHEALTH_to_RealWorld_run_2
🏃 View run UDA_run_2 at: http://127.0.0.1:5001/#/experiments/604507857025383539/runs/16111c436a814d75afa43fd545a74640
🧪 View experiment at: http://127.0.0.1:5001/#/experiments/604507857025383539
=============================================
Dataset: MHEALTH to RealWorld_UniDA_hard_n2_fno_mean
Method:  UDA
=============================================
Source: MHEALTH ---> Target: RealWorld
Run ID: 3
=============================================
[Pr Epoch : 1/20]
Pr_Src_cls_loss	: 1.5930
-------------------------------------
[Pr Epoch : 2/20]
Pr_Src_cls_loss	: 1.4888
-------------------------------------
[Pr Epoch : 3/20]
Pr_Src_cls_loss	: 1.3903
-------------------------------------
[Pr Epoch : 4/20]
Pr_Src_cls_loss	: 1.2971
-------------------------------------
[Pr Epoch : 5/20]
Pr_Src_cls_loss	: 1.2095
-------------------------------------
[Pr Epoch : 6/20]
Pr_Src_cls_loss	: 1.1291
-------------------------------------
[Pr Epoch : 7/20]
Pr_Src_cls_loss	: 1.0553
-------------------------------------
[Pr Epoch : 8/20]
Pr_Src_cls_loss	: 0.9886
-------------------------------------
[Pr Epoch : 9/20]
Pr_Src_cls_loss	: 0.9278
-------------------------------------
[Pr Epoch : 10/20]
Pr_Src_cls_loss	: 0.8732
-------------------------------------
[Pr Epoch : 11/20]
Pr_Src_cls_loss	: 0.8241
-------------------------------------
[Pr Epoch : 12/20]
Pr_Src_cls_loss	: 0.7793
-------------------------------------
[Pr Epoch : 13/20]
Pr_Src_cls_loss	: 0.7387
-------------------------------------
[Pr Epoch : 14/20]
Pr_Src_cls_loss	: 0.7018
-------------------------------------
[Pr Epoch : 15/20]
Pr_Src_cls_loss	: 0.6682
-------------------------------------
[Pr Epoch : 16/20]
Pr_Src_cls_loss	: 0.6376
-------------------------------------
[Pr Epoch : 17/20]
Pr_Src_cls_loss	: 0.6094
-------------------------------------
[Pr Epoch : 18/20]
Pr_Src_cls_loss	: 0.5836
-------------------------------------
[Pr Epoch : 19/20]
Pr_Src_cls_loss	: 0.5598
-------------------------------------
[Pr Epoch : 20/20]
Pr_Src_cls_loss	: 0.5377
-------------------------------------
[Epoch : 1/20]
Pr_Src_cls_loss	: 0.5377
Total_loss	: 5.7832
Domain_loss	: 1.3599
Src_cls_loss	: 0.1120
Adv Loss	: 1.3692
-------------------------------------
[Epoch : 2/20]
Pr_Src_cls_loss	: 0.5377
Total_loss	: 5.7714
Domain_loss	: 1.3332
Src_cls_loss	: 0.1197
Adv Loss	: 1.3596
-------------------------------------
[Epoch : 3/20]
Pr_Src_cls_loss	: 0.5377
Total_loss	: 5.8203
Domain_loss	: 1.3100
Src_cls_loss	: 0.1286
Adv Loss	: 1.3644
-------------------------------------
[Epoch : 4/20]
Pr_Src_cls_loss	: 0.5377
Total_loss	: 5.7454
Domain_loss	: 1.2073
Src_cls_loss	: 0.1304
Adv Loss	: 1.3440
-------------------------------------
[Epoch : 5/20]
Pr_Src_cls_loss	: 0.5377
Total_loss	: 5.8057
Domain_loss	: 1.1192
Src_cls_loss	: 0.1413
Adv Loss	: 1.3499
-------------------------------------
[Epoch : 6/20]
Pr_Src_cls_loss	: 0.5377
Total_loss	: 5.7567
Domain_loss	: 1.0432
Src_cls_loss	: 0.1397
Adv Loss	: 1.3389
-------------------------------------
[Epoch : 7/20]
Pr_Src_cls_loss	: 0.5377
Total_loss	: 5.7284
Domain_loss	: 1.0020
Src_cls_loss	: 0.1400
Adv Loss	: 1.3315
-------------------------------------
[Epoch : 8/20]
Pr_Src_cls_loss	: 0.5377
Total_loss	: 5.7748
Domain_loss	: 0.9717
Src_cls_loss	: 0.1439
Adv Loss	: 1.3400
-------------------------------------
[Epoch : 9/20]
Pr_Src_cls_loss	: 0.5377
Total_loss	: 5.7992
Domain_loss	: 0.9522
Src_cls_loss	: 0.1446
Adv Loss	: 1.3456
-------------------------------------
[Epoch : 10/20]
Pr_Src_cls_loss	: 0.5377
Total_loss	: 5.8176
Domain_loss	: 0.9078
Src_cls_loss	: 0.1453
Adv Loss	: 1.3495
-------------------------------------
[Epoch : 11/20]
Pr_Src_cls_loss	: 0.5377
Total_loss	: 5.7604
Domain_loss	: 0.8636
Src_cls_loss	: 0.1427
Adv Loss	: 1.3373
-------------------------------------
[Epoch : 12/20]
Pr_Src_cls_loss	: 0.5377
Total_loss	: 5.7455
Domain_loss	: 0.8356
Src_cls_loss	: 0.1436
Adv Loss	: 1.3328
-------------------------------------
[Epoch : 13/20]
Pr_Src_cls_loss	: 0.5377
Total_loss	: 5.7433
Domain_loss	: 0.8107
Src_cls_loss	: 0.1474
Adv Loss	: 1.3290
-------------------------------------
[Epoch : 14/20]
Pr_Src_cls_loss	: 0.5377
Total_loss	: 5.7553
Domain_loss	: 0.7926
Src_cls_loss	: 0.1482
Adv Loss	: 1.3313
-------------------------------------
[Epoch : 15/20]
Pr_Src_cls_loss	: 0.5377
Total_loss	: 5.7498
Domain_loss	: 0.7700
Src_cls_loss	: 0.1458
Adv Loss	: 1.3320
-------------------------------------
[Epoch : 16/20]
Pr_Src_cls_loss	: 0.5377
Total_loss	: 5.7203
Domain_loss	: 0.7471
Src_cls_loss	: 0.1429
Adv Loss	: 1.3270
-------------------------------------
[Epoch : 17/20]
Pr_Src_cls_loss	: 0.5377
Total_loss	: 5.7341
Domain_loss	: 0.7306
Src_cls_loss	: 0.1434
Adv Loss	: 1.3301
-------------------------------------
[Epoch : 18/20]
Pr_Src_cls_loss	: 0.5377
Total_loss	: 5.7373
Domain_loss	: 0.7118
Src_cls_loss	: 0.1435
Adv Loss	: 1.3308
-------------------------------------
[Epoch : 19/20]
Pr_Src_cls_loss	: 0.5377
Total_loss	: 5.7282
Domain_loss	: 0.6942
Src_cls_loss	: 0.1421
Adv Loss	: 1.3296
-------------------------------------
[Epoch : 20/20]
Pr_Src_cls_loss	: 0.5377
Total_loss	: 5.7041
Domain_loss	: 0.6802
Src_cls_loss	: 0.1395
Adv Loss	: 1.3258
-------------------------------------
H_score: 0.3821, OS* (acc_c): 0.3936, UNK (acc_p): 0.3713, acc_mix: 0.3898, F1: 0.4777
Uploading logs from: /mnt/data/home/tp2474/OpenSet-AdaTime/experiments_logs/curriculum/MHEALTH to RealWorld_UniDA_hard_n2_fno_mean/UDA_UniDA_hard_n2_fno_mean/MHEALTH_to_RealWorld_run_3
🏃 View run UDA_run_3 at: http://127.0.0.1:5001/#/experiments/604507857025383539/runs/ca56e8314b554e92826770c310ad87c1
🧪 View experiment at: http://127.0.0.1:5001/#/experiments/604507857025383539
=============================================
Dataset: MHEALTH to RealWorld_UniDA_hard_n2_fno_mean
Method:  UDA
=============================================
Source: MHEALTH ---> Target: RealWorld
Run ID: 4
=============================================
[Pr Epoch : 1/20]
Pr_Src_cls_loss	: 1.5876
-------------------------------------
[Pr Epoch : 2/20]
Pr_Src_cls_loss	: 1.4803
-------------------------------------
[Pr Epoch : 3/20]
Pr_Src_cls_loss	: 1.3819
-------------------------------------
[Pr Epoch : 4/20]
Pr_Src_cls_loss	: 1.2885
-------------------------------------
[Pr Epoch : 5/20]
Pr_Src_cls_loss	: 1.2013
-------------------------------------
[Pr Epoch : 6/20]
Pr_Src_cls_loss	: 1.1207
-------------------------------------
[Pr Epoch : 7/20]
Pr_Src_cls_loss	: 1.0470
-------------------------------------
[Pr Epoch : 8/20]
Pr_Src_cls_loss	: 0.9798
-------------------------------------
[Pr Epoch : 9/20]
Pr_Src_cls_loss	: 0.9191
-------------------------------------
[Pr Epoch : 10/20]
Pr_Src_cls_loss	: 0.8645
-------------------------------------
[Pr Epoch : 11/20]
Pr_Src_cls_loss	: 0.8151
-------------------------------------
[Pr Epoch : 12/20]
Pr_Src_cls_loss	: 0.7702
-------------------------------------
[Pr Epoch : 13/20]
Pr_Src_cls_loss	: 0.7298
-------------------------------------
[Pr Epoch : 14/20]
Pr_Src_cls_loss	: 0.6931
-------------------------------------
[Pr Epoch : 15/20]
Pr_Src_cls_loss	: 0.6598
-------------------------------------
[Pr Epoch : 16/20]
Pr_Src_cls_loss	: 0.6293
-------------------------------------
[Pr Epoch : 17/20]
Pr_Src_cls_loss	: 0.6013
-------------------------------------
[Pr Epoch : 18/20]
Pr_Src_cls_loss	: 0.5757
-------------------------------------
[Pr Epoch : 19/20]
Pr_Src_cls_loss	: 0.5522
-------------------------------------
[Pr Epoch : 20/20]
Pr_Src_cls_loss	: 0.5305
-------------------------------------
[Epoch : 1/20]
Pr_Src_cls_loss	: 0.5305
Total_loss	: 5.7847
Domain_loss	: 1.3634
Src_cls_loss	: 0.1116
Adv Loss	: 1.3698
-------------------------------------
[Epoch : 2/20]
Pr_Src_cls_loss	: 0.5305
Total_loss	: 5.7364
Domain_loss	: 1.3348
Src_cls_loss	: 0.1129
Adv Loss	: 1.3565
-------------------------------------
[Epoch : 3/20]
Pr_Src_cls_loss	: 0.5305
Total_loss	: 5.7691
Domain_loss	: 1.3199
Src_cls_loss	: 0.1190
Adv Loss	: 1.3596
-------------------------------------
[Epoch : 4/20]
Pr_Src_cls_loss	: 0.5305
Total_loss	: 5.7755
Domain_loss	: 1.2791
Src_cls_loss	: 0.1221
Adv Loss	: 1.3586
-------------------------------------
[Epoch : 5/20]
Pr_Src_cls_loss	: 0.5305
Total_loss	: 5.7352
Domain_loss	: 1.1894
Src_cls_loss	: 0.1225
Adv Loss	: 1.3480
-------------------------------------
[Epoch : 6/20]
Pr_Src_cls_loss	: 0.5305
Total_loss	: 5.7465
Domain_loss	: 1.1178
Src_cls_loss	: 0.1275
Adv Loss	: 1.3467
-------------------------------------
[Epoch : 7/20]
Pr_Src_cls_loss	: 0.5305
Total_loss	: 5.7041
Domain_loss	: 1.0544
Src_cls_loss	: 0.1258
Adv Loss	: 1.3374
-------------------------------------
[Epoch : 8/20]
Pr_Src_cls_loss	: 0.5305
Total_loss	: 5.7176
Domain_loss	: 1.0145
Src_cls_loss	: 0.1295
Adv Loss	: 1.3376
-------------------------------------
[Epoch : 9/20]
Pr_Src_cls_loss	: 0.5305
Total_loss	: 5.7084
Domain_loss	: 0.9708
Src_cls_loss	: 0.1341
Adv Loss	: 1.3314
-------------------------------------
[Epoch : 10/20]
Pr_Src_cls_loss	: 0.5305
Total_loss	: 5.7174
Domain_loss	: 0.9687
Src_cls_loss	: 0.1335
Adv Loss	: 1.3342
-------------------------------------
[Epoch : 11/20]
Pr_Src_cls_loss	: 0.5305
Total_loss	: 5.7363
Domain_loss	: 0.9479
Src_cls_loss	: 0.1351
Adv Loss	: 1.3377
-------------------------------------
[Epoch : 12/20]
Pr_Src_cls_loss	: 0.5305
Total_loss	: 5.7467
Domain_loss	: 0.9170
Src_cls_loss	: 0.1370
Adv Loss	: 1.3386
-------------------------------------
[Epoch : 13/20]
Pr_Src_cls_loss	: 0.5305
Total_loss	: 5.6890
Domain_loss	: 0.8801
Src_cls_loss	: 0.1337
Adv Loss	: 1.3268
-------------------------------------
[Epoch : 14/20]
Pr_Src_cls_loss	: 0.5305
Total_loss	: 5.6840
Domain_loss	: 0.8529
Src_cls_loss	: 0.1309
Adv Loss	: 1.3280
-------------------------------------
[Epoch : 15/20]
Pr_Src_cls_loss	: 0.5305
Total_loss	: 5.6407
Domain_loss	: 0.8176
Src_cls_loss	: 0.1300
Adv Loss	: 1.3178
-------------------------------------
[Epoch : 16/20]
Pr_Src_cls_loss	: 0.5305
Total_loss	: 5.6639
Domain_loss	: 0.8085
Src_cls_loss	: 0.1293
Adv Loss	: 1.3242
-------------------------------------
[Epoch : 17/20]
Pr_Src_cls_loss	: 0.5305
Total_loss	: 5.6607
Domain_loss	: 0.7847
Src_cls_loss	: 0.1291
Adv Loss	: 1.3236
-------------------------------------
[Epoch : 18/20]
Pr_Src_cls_loss	: 0.5305
Total_loss	: 5.6236
Domain_loss	: 0.7662
Src_cls_loss	: 0.1275
Adv Loss	: 1.3156
-------------------------------------
[Epoch : 19/20]
Pr_Src_cls_loss	: 0.5305
Total_loss	: 5.6247
Domain_loss	: 0.7553
Src_cls_loss	: 0.1261
Adv Loss	: 1.3170
-------------------------------------
[Epoch : 20/20]
Pr_Src_cls_loss	: 0.5305
Total_loss	: 5.6218
Domain_loss	: 0.7342
Src_cls_loss	: 0.1264
Adv Loss	: 1.3160
-------------------------------------
H_score: 0.3136, OS* (acc_c): 0.2358, UNK (acc_p): 0.4680, acc_mix: 0.2753, F1: 0.3084
Uploading logs from: /mnt/data/home/tp2474/OpenSet-AdaTime/experiments_logs/curriculum/MHEALTH to RealWorld_UniDA_hard_n2_fno_mean/UDA_UniDA_hard_n2_fno_mean/MHEALTH_to_RealWorld_run_4
🏃 View run UDA_run_4 at: http://127.0.0.1:5001/#/experiments/604507857025383539/runs/48bb69898fd04aabb0919899a17febfa
🧪 View experiment at: http://127.0.0.1:5001/#/experiments/604507857025383539
==================== [n2 fno_mean] OVANet ====================
[curriculum] scenario=UniDA  strategy=hard  n_unknown=2  rank_variant=fno_mean
[curriculum] source mapping (6 classes): {'Lying down': 'lying', 'Sitting and relaxing': 'sitting', 'Walking': 'walking', 'Running': 'running', 'Climbing stairs': 'Climbing stairs', 'Frontal elevation of arms': 'Frontal elevation of arms'}
[curriculum] target mapping (6 classes): {'lying': 'lying', 'sitting': 'sitting', 'walking': 'walking', 'running': 'running', 'climbingup': 'climbingup', 'jumping': 'jumping'}
[curriculum] unknowns added (in hard order): src=[Climbing stairs,Frontal elevation of arms] | trg=[climbingup,jumping]
[scenario] OVANet -> UniDA (uniDA=True)
Unlabeled data shape:  (31587, 150, 18)
Unlabelled Combined shape: (54330, 150, 18)

--- Dataloader Size Check ---
Source Train batches:   27
Target Train batches:   493
-------------------------------

Private classes:  tensor([6., 7.])
=============================================
Dataset: MHEALTH to RealWorld_UniDA_hard_n2_fno_mean
Method:  OVANet
=============================================
Source: MHEALTH ---> Target: RealWorld
Run ID: 0
=============================================
[Pr Epoch : 1/20]
Pr_Src_cls_loss	: 1.5834
-------------------------------------
[Pr Epoch : 2/20]
Pr_Src_cls_loss	: 1.4730
-------------------------------------
[Pr Epoch : 3/20]
Pr_Src_cls_loss	: 1.3736
-------------------------------------
[Pr Epoch : 4/20]
Pr_Src_cls_loss	: 1.2800
-------------------------------------
[Pr Epoch : 5/20]
Pr_Src_cls_loss	: 1.1926
-------------------------------------
[Pr Epoch : 6/20]
Pr_Src_cls_loss	: 1.1116
-------------------------------------
[Pr Epoch : 7/20]
Pr_Src_cls_loss	: 1.0380
-------------------------------------
[Pr Epoch : 8/20]
Pr_Src_cls_loss	: 0.9714
-------------------------------------
[Pr Epoch : 9/20]
Pr_Src_cls_loss	: 0.9114
-------------------------------------
[Pr Epoch : 10/20]
Pr_Src_cls_loss	: 0.8572
-------------------------------------
[Pr Epoch : 11/20]
Pr_Src_cls_loss	: 0.8079
-------------------------------------
[Pr Epoch : 12/20]
Pr_Src_cls_loss	: 0.7635
-------------------------------------
[Pr Epoch : 13/20]
Pr_Src_cls_loss	: 0.7234
-------------------------------------
[Pr Epoch : 14/20]
Pr_Src_cls_loss	: 0.6872
-------------------------------------
[Pr Epoch : 15/20]
Pr_Src_cls_loss	: 0.6540
-------------------------------------
[Pr Epoch : 16/20]
Pr_Src_cls_loss	: 0.6238
-------------------------------------
[Pr Epoch : 17/20]
Pr_Src_cls_loss	: 0.5960
-------------------------------------
[Pr Epoch : 18/20]
Pr_Src_cls_loss	: 0.5706
-------------------------------------
[Pr Epoch : 19/20]
Pr_Src_cls_loss	: 0.5472
-------------------------------------
[Pr Epoch : 20/20]
Pr_Src_cls_loss	: 0.5255
-------------------------------------
[Epoch : 1/20]
Pr_Src_cls_loss	: 0.5255
Total_loss	: 1.4978
Open Loss	: 0.6962
Src_cls_loss	: 0.1089
Entropy Open	: 0.6927
-------------------------------------
[Epoch : 2/20]
Pr_Src_cls_loss	: 0.5255
Total_loss	: 1.4869
Open Loss	: 0.6853
Src_cls_loss	: 0.1089
Entropy Open	: 0.6927
-------------------------------------
[Epoch : 3/20]
Pr_Src_cls_loss	: 0.5255
Total_loss	: 1.4775
Open Loss	: 0.6762
Src_cls_loss	: 0.1087
Entropy Open	: 0.6926
-------------------------------------
[Epoch : 4/20]
Pr_Src_cls_loss	: 0.5255
Total_loss	: 1.4688
Open Loss	: 0.6681
Src_cls_loss	: 0.1082
Entropy Open	: 0.6925
-------------------------------------
[Epoch : 5/20]
Pr_Src_cls_loss	: 0.5255
Total_loss	: 1.4601
Open Loss	: 0.6606
Src_cls_loss	: 0.1072
Entropy Open	: 0.6923
-------------------------------------
[Epoch : 6/20]
Pr_Src_cls_loss	: 0.5255
Total_loss	: 1.4520
Open Loss	: 0.6537
Src_cls_loss	: 0.1062
Entropy Open	: 0.6921
-------------------------------------
[Epoch : 7/20]
Pr_Src_cls_loss	: 0.5255
Total_loss	: 1.4442
Open Loss	: 0.6471
Src_cls_loss	: 0.1053
Entropy Open	: 0.6918
-------------------------------------
[Epoch : 8/20]
Pr_Src_cls_loss	: 0.5255
Total_loss	: 1.4365
Open Loss	: 0.6407
Src_cls_loss	: 0.1042
Entropy Open	: 0.6915
-------------------------------------
[Epoch : 9/20]
Pr_Src_cls_loss	: 0.5255
Total_loss	: 1.4290
Open Loss	: 0.6346
Src_cls_loss	: 0.1033
Entropy Open	: 0.6911
-------------------------------------
[Epoch : 10/20]
Pr_Src_cls_loss	: 0.5255
Total_loss	: 1.4217
Open Loss	: 0.6287
Src_cls_loss	: 0.1023
Entropy Open	: 0.6907
-------------------------------------
[Epoch : 11/20]
Pr_Src_cls_loss	: 0.5255
Total_loss	: 1.4145
Open Loss	: 0.6229
Src_cls_loss	: 0.1014
Entropy Open	: 0.6902
-------------------------------------
[Epoch : 12/20]
Pr_Src_cls_loss	: 0.5255
Total_loss	: 1.4074
Open Loss	: 0.6173
Src_cls_loss	: 0.1004
Entropy Open	: 0.6897
-------------------------------------
[Epoch : 13/20]
Pr_Src_cls_loss	: 0.5255
Total_loss	: 1.4003
Open Loss	: 0.6118
Src_cls_loss	: 0.0994
Entropy Open	: 0.6890
-------------------------------------
[Epoch : 14/20]
Pr_Src_cls_loss	: 0.5255
Total_loss	: 1.3932
Open Loss	: 0.6064
Src_cls_loss	: 0.0985
Entropy Open	: 0.6884
-------------------------------------
[Epoch : 15/20]
Pr_Src_cls_loss	: 0.5255
Total_loss	: 1.3863
Open Loss	: 0.6011
Src_cls_loss	: 0.0976
Entropy Open	: 0.6876
-------------------------------------
[Epoch : 16/20]
Pr_Src_cls_loss	: 0.5255
Total_loss	: 1.3793
Open Loss	: 0.5958
Src_cls_loss	: 0.0966
Entropy Open	: 0.6868
-------------------------------------
[Epoch : 17/20]
Pr_Src_cls_loss	: 0.5255
Total_loss	: 1.3723
Open Loss	: 0.5906
Src_cls_loss	: 0.0957
Entropy Open	: 0.6859
-------------------------------------
[Epoch : 18/20]
Pr_Src_cls_loss	: 0.5255
Total_loss	: 1.3653
Open Loss	: 0.5856
Src_cls_loss	: 0.0948
Entropy Open	: 0.6850
-------------------------------------
[Epoch : 19/20]
Pr_Src_cls_loss	: 0.5255
Total_loss	: 1.3584
Open Loss	: 0.5806
Src_cls_loss	: 0.0940
Entropy Open	: 0.6839
-------------------------------------
[Epoch : 20/20]
Pr_Src_cls_loss	: 0.5255
Total_loss	: 1.3515
Open Loss	: 0.5756
Src_cls_loss	: 0.0931
Entropy Open	: 0.6828
-------------------------------------
/mnt/data/home/tp2474/OpenSet-AdaTime/algorithms/algorithms.py:661: UserWarning: Implicit dimension choice for softmax has been deprecated. Change the call to include dim=X as an argument.
  predictions = F.softmax(self.classifier(features))
/mnt/data/home/tp2474/OpenSet-AdaTime/trainers/abstract_trainer.py:331: FutureWarning: The behavior of DataFrame concatenation with empty or all-NA entries is deprecated. In a future version, this will no longer exclude empty or all-NA columns when determining the result dtypes. To retain the old behavior, exclude the relevant entries before the concat operation.
  table = pd.concat([table, results_df], ignore_index=True)
H_score: 0.3439, OS* (acc_c): 0.2201, UNK (acc_p): 0.7860, acc_mix: 0.3162, F1: 0.3013
Uploading logs from: /mnt/data/home/tp2474/OpenSet-AdaTime/experiments_logs/curriculum/MHEALTH to RealWorld_UniDA_hard_n2_fno_mean/OVANet_UniDA_hard_n2_fno_mean/MHEALTH_to_RealWorld_run_0
🏃 View run OVANet_run_0 at: http://127.0.0.1:5001/#/experiments/604507857025383539/runs/91472347d0184623bacd46bb63fc3439
🧪 View experiment at: http://127.0.0.1:5001/#/experiments/604507857025383539
=============================================
Dataset: MHEALTH to RealWorld_UniDA_hard_n2_fno_mean
Method:  OVANet
=============================================
Source: MHEALTH ---> Target: RealWorld
Run ID: 1
=============================================
[Pr Epoch : 1/20]
Pr_Src_cls_loss	: 1.6054
-------------------------------------
[Pr Epoch : 2/20]
Pr_Src_cls_loss	: 1.4981
-------------------------------------
[Pr Epoch : 3/20]
Pr_Src_cls_loss	: 1.3992
-------------------------------------
[Pr Epoch : 4/20]
Pr_Src_cls_loss	: 1.3064
-------------------------------------
[Pr Epoch : 5/20]
Pr_Src_cls_loss	: 1.2191
-------------------------------------
[Pr Epoch : 6/20]
Pr_Src_cls_loss	: 1.1378
-------------------------------------
[Pr Epoch : 7/20]
Pr_Src_cls_loss	: 1.0632
-------------------------------------
[Pr Epoch : 8/20]
Pr_Src_cls_loss	: 0.9955
-------------------------------------
[Pr Epoch : 9/20]
Pr_Src_cls_loss	: 0.9341
-------------------------------------
[Pr Epoch : 10/20]
Pr_Src_cls_loss	: 0.8787
-------------------------------------
[Pr Epoch : 11/20]
Pr_Src_cls_loss	: 0.8287
-------------------------------------
[Pr Epoch : 12/20]
Pr_Src_cls_loss	: 0.7834
-------------------------------------
[Pr Epoch : 13/20]
Pr_Src_cls_loss	: 0.7424
-------------------------------------
[Pr Epoch : 14/20]
Pr_Src_cls_loss	: 0.7052
-------------------------------------
[Pr Epoch : 15/20]
Pr_Src_cls_loss	: 0.6714
-------------------------------------
[Pr Epoch : 16/20]
Pr_Src_cls_loss	: 0.6406
-------------------------------------
[Pr Epoch : 17/20]
Pr_Src_cls_loss	: 0.6123
-------------------------------------
[Pr Epoch : 18/20]
Pr_Src_cls_loss	: 0.5863
-------------------------------------
[Pr Epoch : 19/20]
Pr_Src_cls_loss	: 0.5624
-------------------------------------
[Pr Epoch : 20/20]
Pr_Src_cls_loss	: 0.5403
-------------------------------------
[Epoch : 1/20]
Pr_Src_cls_loss	: 0.5403
Total_loss	: 1.5090
Open Loss	: 0.7034
Src_cls_loss	: 0.1137
Entropy Open	: 0.6919
-------------------------------------
[Epoch : 2/20]
Pr_Src_cls_loss	: 0.5403
Total_loss	: 1.4983
Open Loss	: 0.6929
Src_cls_loss	: 0.1135
Entropy Open	: 0.6918
-------------------------------------
[Epoch : 3/20]
Pr_Src_cls_loss	: 0.5403
Total_loss	: 1.4890
Open Loss	: 0.6841
Src_cls_loss	: 0.1133
Entropy Open	: 0.6916
-------------------------------------
[Epoch : 4/20]
Pr_Src_cls_loss	: 0.5403
Total_loss	: 1.4802
Open Loss	: 0.6761
Src_cls_loss	: 0.1127
Entropy Open	: 0.6914
-------------------------------------
[Epoch : 5/20]
Pr_Src_cls_loss	: 0.5403
Total_loss	: 1.4719
Open Loss	: 0.6687
Src_cls_loss	: 0.1119
Entropy Open	: 0.6912
-------------------------------------
[Epoch : 6/20]
Pr_Src_cls_loss	: 0.5403
Total_loss	: 1.4638
Open Loss	: 0.6618
Src_cls_loss	: 0.1111
Entropy Open	: 0.6909
-------------------------------------
[Epoch : 7/20]
Pr_Src_cls_loss	: 0.5403
Total_loss	: 1.4559
Open Loss	: 0.6552
Src_cls_loss	: 0.1102
Entropy Open	: 0.6905
-------------------------------------
[Epoch : 8/20]
Pr_Src_cls_loss	: 0.5403
Total_loss	: 1.4482
Open Loss	: 0.6489
Src_cls_loss	: 0.1093
Entropy Open	: 0.6900
-------------------------------------
[Epoch : 9/20]
Pr_Src_cls_loss	: 0.5403
Total_loss	: 1.4407
Open Loss	: 0.6428
Src_cls_loss	: 0.1084
Entropy Open	: 0.6895
-------------------------------------
[Epoch : 10/20]
Pr_Src_cls_loss	: 0.5403
Total_loss	: 1.4331
Open Loss	: 0.6368
Src_cls_loss	: 0.1073
Entropy Open	: 0.6889
-------------------------------------
[Epoch : 11/20]
Pr_Src_cls_loss	: 0.5403
Total_loss	: 1.4259
Open Loss	: 0.6311
Src_cls_loss	: 0.1065
Entropy Open	: 0.6883
-------------------------------------
[Epoch : 12/20]
Pr_Src_cls_loss	: 0.5403
Total_loss	: 1.4185
Open Loss	: 0.6254
Src_cls_loss	: 0.1055
Entropy Open	: 0.6876
-------------------------------------
[Epoch : 13/20]
Pr_Src_cls_loss	: 0.5403
Total_loss	: 1.4113
Open Loss	: 0.6199
Src_cls_loss	: 0.1046
Entropy Open	: 0.6868
-------------------------------------
[Epoch : 14/20]
Pr_Src_cls_loss	: 0.5403
Total_loss	: 1.4040
Open Loss	: 0.6144
Src_cls_loss	: 0.1037
Entropy Open	: 0.6859
-------------------------------------
[Epoch : 15/20]
Pr_Src_cls_loss	: 0.5403
Total_loss	: 1.3968
Open Loss	: 0.6091
Src_cls_loss	: 0.1027
Entropy Open	: 0.6849
-------------------------------------
[Epoch : 16/20]
Pr_Src_cls_loss	: 0.5403
Total_loss	: 1.3895
Open Loss	: 0.6038
Src_cls_loss	: 0.1018
Entropy Open	: 0.6839
-------------------------------------
[Epoch : 17/20]
Pr_Src_cls_loss	: 0.5403
Total_loss	: 1.3823
Open Loss	: 0.5986
Src_cls_loss	: 0.1009
Entropy Open	: 0.6828
-------------------------------------
[Epoch : 18/20]
Pr_Src_cls_loss	: 0.5403
Total_loss	: 1.3752
Open Loss	: 0.5935
Src_cls_loss	: 0.1000
Entropy Open	: 0.6816
-------------------------------------
[Epoch : 19/20]
Pr_Src_cls_loss	: 0.5403
Total_loss	: 1.3680
Open Loss	: 0.5885
Src_cls_loss	: 0.0992
Entropy Open	: 0.6804
-------------------------------------
[Epoch : 20/20]
Pr_Src_cls_loss	: 0.5403
Total_loss	: 1.3609
Open Loss	: 0.5835
Src_cls_loss	: 0.0983
Entropy Open	: 0.6790
-------------------------------------
H_score: 0.2758, OS* (acc_c): 0.1857, UNK (acc_p): 0.5358, acc_mix: 0.2452, F1: 0.2416
Uploading logs from: /mnt/data/home/tp2474/OpenSet-AdaTime/experiments_logs/curriculum/MHEALTH to RealWorld_UniDA_hard_n2_fno_mean/OVANet_UniDA_hard_n2_fno_mean/MHEALTH_to_RealWorld_run_1
🏃 View run OVANet_run_1 at: http://127.0.0.1:5001/#/experiments/604507857025383539/runs/3bddef323f8c4410964c51b56e5436b4
🧪 View experiment at: http://127.0.0.1:5001/#/experiments/604507857025383539
=============================================
Dataset: MHEALTH to RealWorld_UniDA_hard_n2_fno_mean
Method:  OVANet
=============================================
Source: MHEALTH ---> Target: RealWorld
Run ID: 2
=============================================
[Pr Epoch : 1/20]
Pr_Src_cls_loss	: 1.5955
-------------------------------------
[Pr Epoch : 2/20]
Pr_Src_cls_loss	: 1.4873
-------------------------------------
[Pr Epoch : 3/20]
Pr_Src_cls_loss	: 1.3871
-------------------------------------
[Pr Epoch : 4/20]
Pr_Src_cls_loss	: 1.2919
-------------------------------------
[Pr Epoch : 5/20]
Pr_Src_cls_loss	: 1.2038
-------------------------------------
[Pr Epoch : 6/20]
Pr_Src_cls_loss	: 1.1220
-------------------------------------
[Pr Epoch : 7/20]
Pr_Src_cls_loss	: 1.0469
-------------------------------------
[Pr Epoch : 8/20]
Pr_Src_cls_loss	: 0.9789
-------------------------------------
[Pr Epoch : 9/20]
Pr_Src_cls_loss	: 0.9177
-------------------------------------
[Pr Epoch : 10/20]
Pr_Src_cls_loss	: 0.8627
-------------------------------------
[Pr Epoch : 11/20]
Pr_Src_cls_loss	: 0.8130
-------------------------------------
[Pr Epoch : 12/20]
Pr_Src_cls_loss	: 0.7684
-------------------------------------
[Pr Epoch : 13/20]
Pr_Src_cls_loss	: 0.7277
-------------------------------------
[Pr Epoch : 14/20]
Pr_Src_cls_loss	: 0.6908
-------------------------------------
[Pr Epoch : 15/20]
Pr_Src_cls_loss	: 0.6572
-------------------------------------
[Pr Epoch : 16/20]
Pr_Src_cls_loss	: 0.6267
-------------------------------------
[Pr Epoch : 17/20]
Pr_Src_cls_loss	: 0.5987
-------------------------------------
[Pr Epoch : 18/20]
Pr_Src_cls_loss	: 0.5730
-------------------------------------
[Pr Epoch : 19/20]
Pr_Src_cls_loss	: 0.5494
-------------------------------------
[Pr Epoch : 20/20]
Pr_Src_cls_loss	: 0.5277
-------------------------------------
[Epoch : 1/20]
Pr_Src_cls_loss	: 0.5277
Total_loss	: 1.5087
Open Loss	: 0.7087
Src_cls_loss	: 0.1073
Entropy Open	: 0.6927
-------------------------------------
[Epoch : 2/20]
Pr_Src_cls_loss	: 0.5277
Total_loss	: 1.4973
Open Loss	: 0.6981
Src_cls_loss	: 0.1065
Entropy Open	: 0.6926
-------------------------------------
[Epoch : 3/20]
Pr_Src_cls_loss	: 0.5277
Total_loss	: 1.4877
Open Loss	: 0.6887
Src_cls_loss	: 0.1064
Entropy Open	: 0.6926
-------------------------------------
[Epoch : 4/20]
Pr_Src_cls_loss	: 0.5277
Total_loss	: 1.4786
Open Loss	: 0.6804
Src_cls_loss	: 0.1058
Entropy Open	: 0.6925
-------------------------------------
[Epoch : 5/20]
Pr_Src_cls_loss	: 0.5277
Total_loss	: 1.4699
Open Loss	: 0.6726
Src_cls_loss	: 0.1049
Entropy Open	: 0.6923
-------------------------------------
[Epoch : 6/20]
Pr_Src_cls_loss	: 0.5277
Total_loss	: 1.4616
Open Loss	: 0.6653
Src_cls_loss	: 0.1041
Entropy Open	: 0.6921
-------------------------------------
[Epoch : 7/20]
Pr_Src_cls_loss	: 0.5277
Total_loss	: 1.4536
Open Loss	: 0.6584
Src_cls_loss	: 0.1034
Entropy Open	: 0.6918
-------------------------------------
[Epoch : 8/20]
Pr_Src_cls_loss	: 0.5277
Total_loss	: 1.4456
Open Loss	: 0.6516
Src_cls_loss	: 0.1024
Entropy Open	: 0.6915
-------------------------------------
[Epoch : 9/20]
Pr_Src_cls_loss	: 0.5277
Total_loss	: 1.4378
Open Loss	: 0.6451
Src_cls_loss	: 0.1016
Entropy Open	: 0.6911
-------------------------------------
[Epoch : 10/20]
Pr_Src_cls_loss	: 0.5277
Total_loss	: 1.4302
Open Loss	: 0.6389
Src_cls_loss	: 0.1007
Entropy Open	: 0.6907
-------------------------------------
[Epoch : 11/20]
Pr_Src_cls_loss	: 0.5277
Total_loss	: 1.4226
Open Loss	: 0.6327
Src_cls_loss	: 0.0997
Entropy Open	: 0.6902
-------------------------------------
[Epoch : 12/20]
Pr_Src_cls_loss	: 0.5277
Total_loss	: 1.4152
Open Loss	: 0.6268
Src_cls_loss	: 0.0988
Entropy Open	: 0.6896
-------------------------------------
[Epoch : 13/20]
Pr_Src_cls_loss	: 0.5277
Total_loss	: 1.4076
Open Loss	: 0.6209
Src_cls_loss	: 0.0978
Entropy Open	: 0.6889
-------------------------------------
[Epoch : 14/20]
Pr_Src_cls_loss	: 0.5277
Total_loss	: 1.4003
Open Loss	: 0.6151
Src_cls_loss	: 0.0970
Entropy Open	: 0.6882
-------------------------------------
[Epoch : 15/20]
Pr_Src_cls_loss	: 0.5277
Total_loss	: 1.3930
Open Loss	: 0.6095
Src_cls_loss	: 0.0961
Entropy Open	: 0.6874
-------------------------------------
[Epoch : 16/20]
Pr_Src_cls_loss	: 0.5277
Total_loss	: 1.3857
Open Loss	: 0.6040
Src_cls_loss	: 0.0952
Entropy Open	: 0.6865
-------------------------------------
[Epoch : 17/20]
Pr_Src_cls_loss	: 0.5277
Total_loss	: 1.3784
Open Loss	: 0.5986
Src_cls_loss	: 0.0943
Entropy Open	: 0.6855
-------------------------------------
[Epoch : 18/20]
Pr_Src_cls_loss	: 0.5277
Total_loss	: 1.3711
Open Loss	: 0.5932
Src_cls_loss	: 0.0935
Entropy Open	: 0.6844
-------------------------------------
[Epoch : 19/20]
Pr_Src_cls_loss	: 0.5277
Total_loss	: 1.3639
Open Loss	: 0.5880
Src_cls_loss	: 0.0927
Entropy Open	: 0.6832
-------------------------------------
[Epoch : 20/20]
Pr_Src_cls_loss	: 0.5277
Total_loss	: 1.3567
Open Loss	: 0.5829
Src_cls_loss	: 0.0919
Entropy Open	: 0.6819
-------------------------------------
H_score: 0.1874, OS* (acc_c): 0.1061, UNK (acc_p): 0.8025, acc_mix: 0.2244, F1: 0.1976
Uploading logs from: /mnt/data/home/tp2474/OpenSet-AdaTime/experiments_logs/curriculum/MHEALTH to RealWorld_UniDA_hard_n2_fno_mean/OVANet_UniDA_hard_n2_fno_mean/MHEALTH_to_RealWorld_run_2
🏃 View run OVANet_run_2 at: http://127.0.0.1:5001/#/experiments/604507857025383539/runs/676258de6abd4cda962f5bad035ef6f4
🧪 View experiment at: http://127.0.0.1:5001/#/experiments/604507857025383539
=============================================
Dataset: MHEALTH to RealWorld_UniDA_hard_n2_fno_mean
Method:  OVANet
=============================================
Source: MHEALTH ---> Target: RealWorld
Run ID: 3
=============================================
[Pr Epoch : 1/20]
Pr_Src_cls_loss	: 1.5874
-------------------------------------
[Pr Epoch : 2/20]
Pr_Src_cls_loss	: 1.4833
-------------------------------------
[Pr Epoch : 3/20]
Pr_Src_cls_loss	: 1.3853
-------------------------------------
[Pr Epoch : 4/20]
Pr_Src_cls_loss	: 1.2915
-------------------------------------
[Pr Epoch : 5/20]
Pr_Src_cls_loss	: 1.2042
-------------------------------------
[Pr Epoch : 6/20]
Pr_Src_cls_loss	: 1.1237
-------------------------------------
[Pr Epoch : 7/20]
Pr_Src_cls_loss	: 1.0502
-------------------------------------
[Pr Epoch : 8/20]
Pr_Src_cls_loss	: 0.9831
-------------------------------------
[Pr Epoch : 9/20]
Pr_Src_cls_loss	: 0.9232
-------------------------------------
[Pr Epoch : 10/20]
Pr_Src_cls_loss	: 0.8685
-------------------------------------
[Pr Epoch : 11/20]
Pr_Src_cls_loss	: 0.8194
-------------------------------------
[Pr Epoch : 12/20]
Pr_Src_cls_loss	: 0.7747
-------------------------------------
[Pr Epoch : 13/20]
Pr_Src_cls_loss	: 0.7343
-------------------------------------
[Pr Epoch : 14/20]
Pr_Src_cls_loss	: 0.6976
-------------------------------------
[Pr Epoch : 15/20]
Pr_Src_cls_loss	: 0.6640
-------------------------------------
[Pr Epoch : 16/20]
Pr_Src_cls_loss	: 0.6336
-------------------------------------
[Pr Epoch : 17/20]
Pr_Src_cls_loss	: 0.6056
-------------------------------------
[Pr Epoch : 18/20]
Pr_Src_cls_loss	: 0.5799
-------------------------------------
[Pr Epoch : 19/20]
Pr_Src_cls_loss	: 0.5563
-------------------------------------
[Pr Epoch : 20/20]
Pr_Src_cls_loss	: 0.5344
-------------------------------------
[Epoch : 1/20]
Pr_Src_cls_loss	: 0.5344
Total_loss	: 1.5057
Open Loss	: 0.7007
Src_cls_loss	: 0.1131
Entropy Open	: 0.6920
-------------------------------------
[Epoch : 2/20]
Pr_Src_cls_loss	: 0.5344
Total_loss	: 1.4945
Open Loss	: 0.6896
Src_cls_loss	: 0.1131
Entropy Open	: 0.6918
-------------------------------------
[Epoch : 3/20]
Pr_Src_cls_loss	: 0.5344
Total_loss	: 1.4843
Open Loss	: 0.6802
Src_cls_loss	: 0.1125
Entropy Open	: 0.6916
-------------------------------------
[Epoch : 4/20]
Pr_Src_cls_loss	: 0.5344
Total_loss	: 1.4747
Open Loss	: 0.6717
Src_cls_loss	: 0.1117
Entropy Open	: 0.6913
-------------------------------------
[Epoch : 5/20]
Pr_Src_cls_loss	: 0.5344
Total_loss	: 1.4658
Open Loss	: 0.6640
Src_cls_loss	: 0.1109
Entropy Open	: 0.6910
-------------------------------------
[Epoch : 6/20]
Pr_Src_cls_loss	: 0.5344
Total_loss	: 1.4573
Open Loss	: 0.6568
Src_cls_loss	: 0.1099
Entropy Open	: 0.6906
-------------------------------------
[Epoch : 7/20]
Pr_Src_cls_loss	: 0.5344
Total_loss	: 1.4490
Open Loss	: 0.6500
Src_cls_loss	: 0.1089
Entropy Open	: 0.6901
-------------------------------------
[Epoch : 8/20]
Pr_Src_cls_loss	: 0.5344
Total_loss	: 1.4409
Open Loss	: 0.6435
Src_cls_loss	: 0.1079
Entropy Open	: 0.6896
-------------------------------------
[Epoch : 9/20]
Pr_Src_cls_loss	: 0.5344
Total_loss	: 1.4330
Open Loss	: 0.6372
Src_cls_loss	: 0.1068
Entropy Open	: 0.6890
-------------------------------------
[Epoch : 10/20]
Pr_Src_cls_loss	: 0.5344
Total_loss	: 1.4252
Open Loss	: 0.6311
Src_cls_loss	: 0.1058
Entropy Open	: 0.6883
-------------------------------------
[Epoch : 11/20]
Pr_Src_cls_loss	: 0.5344
Total_loss	: 1.4175
Open Loss	: 0.6252
Src_cls_loss	: 0.1047
Entropy Open	: 0.6875
-------------------------------------
[Epoch : 12/20]
Pr_Src_cls_loss	: 0.5344
Total_loss	: 1.4100
Open Loss	: 0.6195
Src_cls_loss	: 0.1038
Entropy Open	: 0.6867
-------------------------------------
[Epoch : 13/20]
Pr_Src_cls_loss	: 0.5344
Total_loss	: 1.4025
Open Loss	: 0.6138
Src_cls_loss	: 0.1028
Entropy Open	: 0.6858
-------------------------------------
[Epoch : 14/20]
Pr_Src_cls_loss	: 0.5344
Total_loss	: 1.3950
Open Loss	: 0.6083
Src_cls_loss	: 0.1018
Entropy Open	: 0.6849
-------------------------------------
[Epoch : 15/20]
Pr_Src_cls_loss	: 0.5344
Total_loss	: 1.3876
Open Loss	: 0.6029
Src_cls_loss	: 0.1009
Entropy Open	: 0.6838
-------------------------------------
[Epoch : 16/20]
Pr_Src_cls_loss	: 0.5344
Total_loss	: 1.3802
Open Loss	: 0.5976
Src_cls_loss	: 0.0999
Entropy Open	: 0.6827
-------------------------------------
[Epoch : 17/20]
Pr_Src_cls_loss	: 0.5344
Total_loss	: 1.3729
Open Loss	: 0.5924
Src_cls_loss	: 0.0990
Entropy Open	: 0.6815
-------------------------------------
[Epoch : 18/20]
Pr_Src_cls_loss	: 0.5344
Total_loss	: 1.3655
Open Loss	: 0.5873
Src_cls_loss	: 0.0980
Entropy Open	: 0.6803
-------------------------------------
[Epoch : 19/20]
Pr_Src_cls_loss	: 0.5344
Total_loss	: 1.3582
Open Loss	: 0.5822
Src_cls_loss	: 0.0971
Entropy Open	: 0.6789
-------------------------------------
[Epoch : 20/20]
Pr_Src_cls_loss	: 0.5344
Total_loss	: 1.3510
Open Loss	: 0.5772
Src_cls_loss	: 0.0962
Entropy Open	: 0.6775
-------------------------------------
H_score: 0.2559, OS* (acc_c): 0.1486, UNK (acc_p): 0.9201, acc_mix: 0.2797, F1: 0.2363
Uploading logs from: /mnt/data/home/tp2474/OpenSet-AdaTime/experiments_logs/curriculum/MHEALTH to RealWorld_UniDA_hard_n2_fno_mean/OVANet_UniDA_hard_n2_fno_mean/MHEALTH_to_RealWorld_run_3
🏃 View run OVANet_run_3 at: http://127.0.0.1:5001/#/experiments/604507857025383539/runs/1a8c736a8351470290a06cc421771f9b
🧪 View experiment at: http://127.0.0.1:5001/#/experiments/604507857025383539
=============================================
Dataset: MHEALTH to RealWorld_UniDA_hard_n2_fno_mean
Method:  OVANet
=============================================
Source: MHEALTH ---> Target: RealWorld
Run ID: 4
=============================================
[Pr Epoch : 1/20]
Pr_Src_cls_loss	: 1.5856
-------------------------------------
[Pr Epoch : 2/20]
Pr_Src_cls_loss	: 1.4761
-------------------------------------
[Pr Epoch : 3/20]
Pr_Src_cls_loss	: 1.3772
-------------------------------------
[Pr Epoch : 4/20]
Pr_Src_cls_loss	: 1.2841
-------------------------------------
[Pr Epoch : 5/20]
Pr_Src_cls_loss	: 1.1966
-------------------------------------
[Pr Epoch : 6/20]
Pr_Src_cls_loss	: 1.1158
-------------------------------------
[Pr Epoch : 7/20]
Pr_Src_cls_loss	: 1.0426
-------------------------------------
[Pr Epoch : 8/20]
Pr_Src_cls_loss	: 0.9757
-------------------------------------
[Pr Epoch : 9/20]
Pr_Src_cls_loss	: 0.9155
-------------------------------------
[Pr Epoch : 10/20]
Pr_Src_cls_loss	: 0.8609
-------------------------------------
[Pr Epoch : 11/20]
Pr_Src_cls_loss	: 0.8116
-------------------------------------
[Pr Epoch : 12/20]
Pr_Src_cls_loss	: 0.7671
-------------------------------------
[Pr Epoch : 13/20]
Pr_Src_cls_loss	: 0.7267
-------------------------------------
[Pr Epoch : 14/20]
Pr_Src_cls_loss	: 0.6903
-------------------------------------
[Pr Epoch : 15/20]
Pr_Src_cls_loss	: 0.6571
-------------------------------------
[Pr Epoch : 16/20]
Pr_Src_cls_loss	: 0.6268
-------------------------------------
[Pr Epoch : 17/20]
Pr_Src_cls_loss	: 0.5991
-------------------------------------
[Pr Epoch : 18/20]
Pr_Src_cls_loss	: 0.5736
-------------------------------------
[Pr Epoch : 19/20]
Pr_Src_cls_loss	: 0.5502
-------------------------------------
[Pr Epoch : 20/20]
Pr_Src_cls_loss	: 0.5285
-------------------------------------
[Epoch : 1/20]
Pr_Src_cls_loss	: 0.5285
Total_loss	: 1.4940
Open Loss	: 0.6911
Src_cls_loss	: 0.1104
Entropy Open	: 0.6925
-------------------------------------
[Epoch : 2/20]
Pr_Src_cls_loss	: 0.5285
Total_loss	: 1.4833
Open Loss	: 0.6804
Src_cls_loss	: 0.1105
Entropy Open	: 0.6925
-------------------------------------
[Epoch : 3/20]
Pr_Src_cls_loss	: 0.5285
Total_loss	: 1.4736
Open Loss	: 0.6714
Src_cls_loss	: 0.1099
Entropy Open	: 0.6924
-------------------------------------
[Epoch : 4/20]
Pr_Src_cls_loss	: 0.5285
Total_loss	: 1.4646
Open Loss	: 0.6633
Src_cls_loss	: 0.1090
Entropy Open	: 0.6923
-------------------------------------
[Epoch : 5/20]
Pr_Src_cls_loss	: 0.5285
Total_loss	: 1.4564
Open Loss	: 0.6560
Src_cls_loss	: 0.1083
Entropy Open	: 0.6921
-------------------------------------
[Epoch : 6/20]
Pr_Src_cls_loss	: 0.5285
Total_loss	: 1.4485
Open Loss	: 0.6491
Src_cls_loss	: 0.1075
Entropy Open	: 0.6919
-------------------------------------
[Epoch : 7/20]
Pr_Src_cls_loss	: 0.5285
Total_loss	: 1.4409
Open Loss	: 0.6425
Src_cls_loss	: 0.1067
Entropy Open	: 0.6917
-------------------------------------
[Epoch : 8/20]
Pr_Src_cls_loss	: 0.5285
Total_loss	: 1.4334
Open Loss	: 0.6362
Src_cls_loss	: 0.1058
Entropy Open	: 0.6914
-------------------------------------
[Epoch : 9/20]
Pr_Src_cls_loss	: 0.5285
Total_loss	: 1.4260
Open Loss	: 0.6301
Src_cls_loss	: 0.1049
Entropy Open	: 0.6910
-------------------------------------
[Epoch : 10/20]
Pr_Src_cls_loss	: 0.5285
Total_loss	: 1.4187
Open Loss	: 0.6241
Src_cls_loss	: 0.1040
Entropy Open	: 0.6906
-------------------------------------
[Epoch : 11/20]
Pr_Src_cls_loss	: 0.5285
Total_loss	: 1.4114
Open Loss	: 0.6183
Src_cls_loss	: 0.1030
Entropy Open	: 0.6901
-------------------------------------
[Epoch : 12/20]
Pr_Src_cls_loss	: 0.5285
Total_loss	: 1.4042
Open Loss	: 0.6126
Src_cls_loss	: 0.1021
Entropy Open	: 0.6896
-------------------------------------
[Epoch : 13/20]
Pr_Src_cls_loss	: 0.5285
Total_loss	: 1.3972
Open Loss	: 0.6071
Src_cls_loss	: 0.1011
Entropy Open	: 0.6890
-------------------------------------
[Epoch : 14/20]
Pr_Src_cls_loss	: 0.5285
Total_loss	: 1.3901
Open Loss	: 0.6016
Src_cls_loss	: 0.1002
Entropy Open	: 0.6883
-------------------------------------
[Epoch : 15/20]
Pr_Src_cls_loss	: 0.5285
Total_loss	: 1.3831
Open Loss	: 0.5963
Src_cls_loss	: 0.0992
Entropy Open	: 0.6876
-------------------------------------
[Epoch : 16/20]
Pr_Src_cls_loss	: 0.5285
Total_loss	: 1.3762
Open Loss	: 0.5911
Src_cls_loss	: 0.0984
Entropy Open	: 0.6868
-------------------------------------
[Epoch : 17/20]
Pr_Src_cls_loss	: 0.5285
Total_loss	: 1.3693
Open Loss	: 0.5859
Src_cls_loss	: 0.0975
Entropy Open	: 0.6859
-------------------------------------
[Epoch : 18/20]
Pr_Src_cls_loss	: 0.5285
Total_loss	: 1.3624
Open Loss	: 0.5809
Src_cls_loss	: 0.0966
Entropy Open	: 0.6849
-------------------------------------
[Epoch : 19/20]
Pr_Src_cls_loss	: 0.5285
Total_loss	: 1.3555
Open Loss	: 0.5759
Src_cls_loss	: 0.0958
Entropy Open	: 0.6839
-------------------------------------
[Epoch : 20/20]
Pr_Src_cls_loss	: 0.5285
Total_loss	: 1.3485
Open Loss	: 0.5709
Src_cls_loss	: 0.0949
Entropy Open	: 0.6827
-------------------------------------
H_score: 0.2402, OS* (acc_c): 0.1549, UNK (acc_p): 0.5348, acc_mix: 0.2195, F1: 0.2189
Uploading logs from: /mnt/data/home/tp2474/OpenSet-AdaTime/experiments_logs/curriculum/MHEALTH to RealWorld_UniDA_hard_n2_fno_mean/OVANet_UniDA_hard_n2_fno_mean/MHEALTH_to_RealWorld_run_4
🏃 View run OVANet_run_4 at: http://127.0.0.1:5001/#/experiments/604507857025383539/runs/db05d89bb8cd4b14adc48b84fe3f0089
🧪 View experiment at: http://127.0.0.1:5001/#/experiments/604507857025383539
==================== [n2 fno_mean] DANCE ====================
[curriculum] scenario=UniDA  strategy=hard  n_unknown=2  rank_variant=fno_mean
[curriculum] source mapping (6 classes): {'Lying down': 'lying', 'Sitting and relaxing': 'sitting', 'Walking': 'walking', 'Running': 'running', 'Climbing stairs': 'Climbing stairs', 'Frontal elevation of arms': 'Frontal elevation of arms'}
[curriculum] target mapping (6 classes): {'lying': 'lying', 'sitting': 'sitting', 'walking': 'walking', 'running': 'running', 'climbingup': 'climbingup', 'jumping': 'jumping'}
[curriculum] unknowns added (in hard order): src=[Climbing stairs,Frontal elevation of arms] | trg=[climbingup,jumping]
[scenario] DANCE -> UniDA (uniDA=True)
Unlabeled data shape:  (31587, 150, 18)
Unlabelled Combined shape: (54330, 150, 18)

--- Dataloader Size Check ---
Source Train batches:   27
Target Train batches:   493
-------------------------------

Private classes:  tensor([6., 7.])
=============================================
Dataset: MHEALTH to RealWorld_UniDA_hard_n2_fno_mean
Method:  DANCE
=============================================
Source: MHEALTH ---> Target: RealWorld
Run ID: 0
=============================================
[Pr Epoch : 1/20]
Pr_Src_cls_loss	: 1.6397
-------------------------------------
[Pr Epoch : 2/20]
Pr_Src_cls_loss	: 1.6118
-------------------------------------
[Pr Epoch : 3/20]
Pr_Src_cls_loss	: 1.5977
-------------------------------------
[Pr Epoch : 4/20]
Pr_Src_cls_loss	: 1.5887
-------------------------------------
[Pr Epoch : 5/20]
Pr_Src_cls_loss	: 1.5822
-------------------------------------
[Pr Epoch : 6/20]
Pr_Src_cls_loss	: 1.5770
-------------------------------------
[Pr Epoch : 7/20]
Pr_Src_cls_loss	: 1.5726
-------------------------------------
[Pr Epoch : 8/20]
Pr_Src_cls_loss	: 1.5689
-------------------------------------
[Pr Epoch : 9/20]
Pr_Src_cls_loss	: 1.5656
-------------------------------------
[Pr Epoch : 10/20]
Pr_Src_cls_loss	: 1.5627
-------------------------------------
[Pr Epoch : 11/20]
Pr_Src_cls_loss	: 1.5602
-------------------------------------
[Pr Epoch : 12/20]
Pr_Src_cls_loss	: 1.5580
-------------------------------------
[Pr Epoch : 13/20]
Pr_Src_cls_loss	: 1.5559
-------------------------------------
[Pr Epoch : 14/20]
Pr_Src_cls_loss	: 1.5540
-------------------------------------
[Pr Epoch : 15/20]
Pr_Src_cls_loss	: 1.5522
-------------------------------------
[Pr Epoch : 16/20]
Pr_Src_cls_loss	: 1.5506
-------------------------------------
[Pr Epoch : 17/20]
Pr_Src_cls_loss	: 1.5491
-------------------------------------
[Pr Epoch : 18/20]
Pr_Src_cls_loss	: 1.5477
-------------------------------------
[Pr Epoch : 19/20]
Pr_Src_cls_loss	: 1.5464
-------------------------------------
[Pr Epoch : 20/20]
Pr_Src_cls_loss	: 1.5451
-------------------------------------
/mnt/data/home/tp2474/OpenSet-AdaTime/algorithms/algorithms.py:733: UserWarning: Implicit dimension choice for softmax has been deprecated. Change the call to include dim=X as an argument.
  p = F.softmax(p)
/mnt/data/home/tp2474/OpenSet-AdaTime/algorithms/algorithms.py:737: UserWarning: Implicit dimension choice for softmax has been deprecated. Change the call to include dim=X as an argument.
  p = F.softmax(p)
[Epoch : 1/20]
Pr_Src_cls_loss	: 1.5451
Total_loss	: 1.8590
Ent Loss	: -0.0892
Src_cls_loss	: 1.5118
Neighbors Clustering 	: 0.4364
-------------------------------------
[Epoch : 2/20]
Pr_Src_cls_loss	: 1.5451
Total_loss	: 1.8869
Ent Loss	: -0.0891
Src_cls_loss	: 1.5030
Neighbors Clustering 	: 0.4730
-------------------------------------
[Epoch : 3/20]
Pr_Src_cls_loss	: 1.5451
Total_loss	: 1.8970
Ent Loss	: -0.0891
Src_cls_loss	: 1.4937
Neighbors Clustering 	: 0.4924
-------------------------------------
[Epoch : 4/20]
Pr_Src_cls_loss	: 1.5451
Total_loss	: 1.9011
Ent Loss	: -0.0891
Src_cls_loss	: 1.4848
Neighbors Clustering 	: 0.5054
-------------------------------------
[Epoch : 5/20]
Pr_Src_cls_loss	: 1.5451
Total_loss	: 1.9021
Ent Loss	: -0.0891
Src_cls_loss	: 1.4755
Neighbors Clustering 	: 0.5156
-------------------------------------
[Epoch : 6/20]
Pr_Src_cls_loss	: 1.5451
Total_loss	: 1.9010
Ent Loss	: -0.0890
Src_cls_loss	: 1.4664
Neighbors Clustering 	: 0.5237
-------------------------------------
[Epoch : 7/20]
Pr_Src_cls_loss	: 1.5451
Total_loss	: 1.8976
Ent Loss	: -0.0890
Src_cls_loss	: 1.4571
Neighbors Clustering 	: 0.5295
-------------------------------------
[Epoch : 8/20]
Pr_Src_cls_loss	: 1.5451
Total_loss	: 1.8931
Ent Loss	: -0.0890
Src_cls_loss	: 1.4479
Neighbors Clustering 	: 0.5342
-------------------------------------
[Epoch : 9/20]
Pr_Src_cls_loss	: 1.5451
Total_loss	: 1.8871
Ent Loss	: -0.0890
Src_cls_loss	: 1.4387
Neighbors Clustering 	: 0.5374
-------------------------------------
[Epoch : 10/20]
Pr_Src_cls_loss	: 1.5451
Total_loss	: 1.8799
Ent Loss	: -0.0890
Src_cls_loss	: 1.4295
Neighbors Clustering 	: 0.5394
-------------------------------------
[Epoch : 11/20]
Pr_Src_cls_loss	: 1.5451
Total_loss	: 1.8708
Ent Loss	: -0.0890
Src_cls_loss	: 1.4203
Neighbors Clustering 	: 0.5395
-------------------------------------
[Epoch : 12/20]
Pr_Src_cls_loss	: 1.5451
Total_loss	: 1.8612
Ent Loss	: -0.0890
Src_cls_loss	: 1.4112
Neighbors Clustering 	: 0.5390
-------------------------------------
[Epoch : 13/20]
Pr_Src_cls_loss	: 1.5451
Total_loss	: 1.8514
Ent Loss	: -0.0890
Src_cls_loss	: 1.4021
Neighbors Clustering 	: 0.5383
-------------------------------------
[Epoch : 14/20]
Pr_Src_cls_loss	: 1.5451
Total_loss	: 1.8418
Ent Loss	: -0.0890
Src_cls_loss	: 1.3929
Neighbors Clustering 	: 0.5379
-------------------------------------
[Epoch : 15/20]
Pr_Src_cls_loss	: 1.5451
Total_loss	: 1.8326
Ent Loss	: -0.0890
Src_cls_loss	: 1.3838
Neighbors Clustering 	: 0.5378
-------------------------------------
[Epoch : 16/20]
Pr_Src_cls_loss	: 1.5451
Total_loss	: 1.8235
Ent Loss	: -0.0890
Src_cls_loss	: 1.3746
Neighbors Clustering 	: 0.5379
-------------------------------------
[Epoch : 17/20]
Pr_Src_cls_loss	: 1.5451
Total_loss	: 1.8144
Ent Loss	: -0.0890
Src_cls_loss	: 1.3654
Neighbors Clustering 	: 0.5380
-------------------------------------
[Epoch : 18/20]
Pr_Src_cls_loss	: 1.5451
Total_loss	: 1.8055
Ent Loss	: -0.0890
Src_cls_loss	: 1.3563
Neighbors Clustering 	: 0.5382
-------------------------------------
[Epoch : 19/20]
Pr_Src_cls_loss	: 1.5451
Total_loss	: 1.7967
Ent Loss	: -0.0890
Src_cls_loss	: 1.3472
Neighbors Clustering 	: 0.5385
-------------------------------------
[Epoch : 20/20]
Pr_Src_cls_loss	: 1.5451
Total_loss	: 1.7880
Ent Loss	: -0.0890
Src_cls_loss	: 1.3381
Neighbors Clustering 	: 0.5389
-------------------------------------
/mnt/data/home/tp2474/OpenSet-AdaTime/algorithms/algorithms.py:870: UserWarning: Implicit dimension choice for softmax has been deprecated. Change the call to include dim=X as an argument.
  predictions = F.softmax(self.classifier(features))
/mnt/data/home/tp2474/OpenSet-AdaTime/trainers/abstract_trainer.py:331: FutureWarning: The behavior of DataFrame concatenation with empty or all-NA entries is deprecated. In a future version, this will no longer exclude empty or all-NA columns when determining the result dtypes. To retain the old behavior, exclude the relevant entries before the concat operation.
  table = pd.concat([table, results_df], ignore_index=True)
H_score: 0.0000, OS* (acc_c): 0.0000, UNK (acc_p): 1.0000, acc_mix: 0.1699, F1: 0.0494
Uploading logs from: /mnt/data/home/tp2474/OpenSet-AdaTime/experiments_logs/curriculum/MHEALTH to RealWorld_UniDA_hard_n2_fno_mean/DANCE_UniDA_hard_n2_fno_mean/MHEALTH_to_RealWorld_run_0
🏃 View run DANCE_run_0 at: http://127.0.0.1:5001/#/experiments/604507857025383539/runs/a31278ae6c5c465a8939c2ddfb568cbd
🧪 View experiment at: http://127.0.0.1:5001/#/experiments/604507857025383539
=============================================
Dataset: MHEALTH to RealWorld_UniDA_hard_n2_fno_mean
Method:  DANCE
=============================================
Source: MHEALTH ---> Target: RealWorld
Run ID: 1
=============================================
[Pr Epoch : 1/20]
Pr_Src_cls_loss	: 1.6403
-------------------------------------
[Pr Epoch : 2/20]
Pr_Src_cls_loss	: 1.6107
-------------------------------------
[Pr Epoch : 3/20]
Pr_Src_cls_loss	: 1.5948
-------------------------------------
[Pr Epoch : 4/20]
Pr_Src_cls_loss	: 1.5848
-------------------------------------
[Pr Epoch : 5/20]
Pr_Src_cls_loss	: 1.5778
-------------------------------------
[Pr Epoch : 6/20]
Pr_Src_cls_loss	: 1.5721
-------------------------------------
[Pr Epoch : 7/20]
Pr_Src_cls_loss	: 1.5674
-------------------------------------
[Pr Epoch : 8/20]
Pr_Src_cls_loss	: 1.5635
-------------------------------------
[Pr Epoch : 9/20]
Pr_Src_cls_loss	: 1.5600
-------------------------------------
[Pr Epoch : 10/20]
Pr_Src_cls_loss	: 1.5568
-------------------------------------
[Pr Epoch : 11/20]
Pr_Src_cls_loss	: 1.5542
-------------------------------------
[Pr Epoch : 12/20]
Pr_Src_cls_loss	: 1.5519
-------------------------------------
[Pr Epoch : 13/20]
Pr_Src_cls_loss	: 1.5497
-------------------------------------
[Pr Epoch : 14/20]
Pr_Src_cls_loss	: 1.5477
-------------------------------------
[Pr Epoch : 15/20]
Pr_Src_cls_loss	: 1.5458
-------------------------------------
[Pr Epoch : 16/20]
Pr_Src_cls_loss	: 1.5440
-------------------------------------
[Pr Epoch : 17/20]
Pr_Src_cls_loss	: 1.5424
-------------------------------------
[Pr Epoch : 18/20]
Pr_Src_cls_loss	: 1.5409
-------------------------------------
[Pr Epoch : 19/20]
Pr_Src_cls_loss	: 1.5395
-------------------------------------
[Pr Epoch : 20/20]
Pr_Src_cls_loss	: 1.5381
-------------------------------------
[Epoch : 1/20]
Pr_Src_cls_loss	: 1.5381
Total_loss	: 1.8527
Ent Loss	: -0.0892
Src_cls_loss	: 1.5027
Neighbors Clustering 	: 0.4392
-------------------------------------
[Epoch : 2/20]
Pr_Src_cls_loss	: 1.5381
Total_loss	: 1.8784
Ent Loss	: -0.0892
Src_cls_loss	: 1.4932
Neighbors Clustering 	: 0.4744
-------------------------------------
[Epoch : 3/20]
Pr_Src_cls_loss	: 1.5381
Total_loss	: 1.8878
Ent Loss	: -0.0891
Src_cls_loss	: 1.4841
Neighbors Clustering 	: 0.4928
-------------------------------------
[Epoch : 4/20]
Pr_Src_cls_loss	: 1.5381
Total_loss	: 1.8919
Ent Loss	: -0.0891
Src_cls_loss	: 1.4751
Neighbors Clustering 	: 0.5059
-------------------------------------
[Epoch : 5/20]
Pr_Src_cls_loss	: 1.5381
Total_loss	: 1.8931
Ent Loss	: -0.0891
Src_cls_loss	: 1.4661
Neighbors Clustering 	: 0.5161
-------------------------------------
[Epoch : 6/20]
Pr_Src_cls_loss	: 1.5381
Total_loss	: 1.8915
Ent Loss	: -0.0891
Src_cls_loss	: 1.4569
Neighbors Clustering 	: 0.5237
-------------------------------------
[Epoch : 7/20]
Pr_Src_cls_loss	: 1.5381
Total_loss	: 1.8872
Ent Loss	: -0.0891
Src_cls_loss	: 1.4478
Neighbors Clustering 	: 0.5285
-------------------------------------
[Epoch : 8/20]
Pr_Src_cls_loss	: 1.5381
Total_loss	: 1.8813
Ent Loss	: -0.0890
Src_cls_loss	: 1.4386
Neighbors Clustering 	: 0.5318
-------------------------------------
[Epoch : 9/20]
Pr_Src_cls_loss	: 1.5381
Total_loss	: 1.8745
Ent Loss	: -0.0890
Src_cls_loss	: 1.4295
Neighbors Clustering 	: 0.5341
-------------------------------------
[Epoch : 10/20]
Pr_Src_cls_loss	: 1.5381
Total_loss	: 1.8668
Ent Loss	: -0.0890
Src_cls_loss	: 1.4203
Neighbors Clustering 	: 0.5355
-------------------------------------
[Epoch : 11/20]
Pr_Src_cls_loss	: 1.5381
Total_loss	: 1.8589
Ent Loss	: -0.0890
Src_cls_loss	: 1.4111
Neighbors Clustering 	: 0.5367
-------------------------------------
[Epoch : 12/20]
Pr_Src_cls_loss	: 1.5381
Total_loss	: 1.8507
Ent Loss	: -0.0890
Src_cls_loss	: 1.4019
Neighbors Clustering 	: 0.5379
-------------------------------------
[Epoch : 13/20]
Pr_Src_cls_loss	: 1.5381
Total_loss	: 1.8423
Ent Loss	: -0.0890
Src_cls_loss	: 1.3927
Neighbors Clustering 	: 0.5387
-------------------------------------
[Epoch : 14/20]
Pr_Src_cls_loss	: 1.5381
Total_loss	: 1.8336
Ent Loss	: -0.0890
Src_cls_loss	: 1.3834
Neighbors Clustering 	: 0.5393
-------------------------------------
[Epoch : 15/20]
Pr_Src_cls_loss	: 1.5381
Total_loss	: 1.8251
Ent Loss	: -0.0890
Src_cls_loss	: 1.3741
Neighbors Clustering 	: 0.5401
-------------------------------------
[Epoch : 16/20]
Pr_Src_cls_loss	: 1.5381
Total_loss	: 1.8164
Ent Loss	: -0.0890
Src_cls_loss	: 1.3648
Neighbors Clustering 	: 0.5406
-------------------------------------
[Epoch : 17/20]
Pr_Src_cls_loss	: 1.5381
Total_loss	: 1.8079
Ent Loss	: -0.0890
Src_cls_loss	: 1.3557
Neighbors Clustering 	: 0.5412
-------------------------------------
[Epoch : 18/20]
Pr_Src_cls_loss	: 1.5381
Total_loss	: 1.7993
Ent Loss	: -0.0890
Src_cls_loss	: 1.3465
Neighbors Clustering 	: 0.5419
-------------------------------------
[Epoch : 19/20]
Pr_Src_cls_loss	: 1.5381
Total_loss	: 1.7906
Ent Loss	: -0.0890
Src_cls_loss	: 1.3373
Neighbors Clustering 	: 0.5424
-------------------------------------
[Epoch : 20/20]
Pr_Src_cls_loss	: 1.5381
Total_loss	: 1.7819
Ent Loss	: -0.0890
Src_cls_loss	: 1.3281
Neighbors Clustering 	: 0.5428
-------------------------------------
H_score: 0.0000, OS* (acc_c): 0.0000, UNK (acc_p): 1.0000, acc_mix: 0.1699, F1: 0.0494
Uploading logs from: /mnt/data/home/tp2474/OpenSet-AdaTime/experiments_logs/curriculum/MHEALTH to RealWorld_UniDA_hard_n2_fno_mean/DANCE_UniDA_hard_n2_fno_mean/MHEALTH_to_RealWorld_run_1
🏃 View run DANCE_run_1 at: http://127.0.0.1:5001/#/experiments/604507857025383539/runs/3ddc9e13b325488d834fef9125e67ef9
🧪 View experiment at: http://127.0.0.1:5001/#/experiments/604507857025383539
=============================================
Dataset: MHEALTH to RealWorld_UniDA_hard_n2_fno_mean
Method:  DANCE
=============================================
Source: MHEALTH ---> Target: RealWorld
Run ID: 2
=============================================
[Pr Epoch : 1/20]
Pr_Src_cls_loss	: 1.6390
-------------------------------------
[Pr Epoch : 2/20]
Pr_Src_cls_loss	: 1.6104
-------------------------------------
[Pr Epoch : 3/20]
Pr_Src_cls_loss	: 1.5959
-------------------------------------
[Pr Epoch : 4/20]
Pr_Src_cls_loss	: 1.5864
-------------------------------------
[Pr Epoch : 5/20]
Pr_Src_cls_loss	: 1.5795
-------------------------------------
[Pr Epoch : 6/20]
Pr_Src_cls_loss	: 1.5742
-------------------------------------
[Pr Epoch : 7/20]
Pr_Src_cls_loss	: 1.5698
-------------------------------------
[Pr Epoch : 8/20]
Pr_Src_cls_loss	: 1.5659
-------------------------------------
[Pr Epoch : 9/20]
Pr_Src_cls_loss	: 1.5625
-------------------------------------
[Pr Epoch : 10/20]
Pr_Src_cls_loss	: 1.5596
-------------------------------------
[Pr Epoch : 11/20]
Pr_Src_cls_loss	: 1.5570
-------------------------------------
[Pr Epoch : 12/20]
Pr_Src_cls_loss	: 1.5546
-------------------------------------
[Pr Epoch : 13/20]
Pr_Src_cls_loss	: 1.5524
-------------------------------------
[Pr Epoch : 14/20]
Pr_Src_cls_loss	: 1.5505
-------------------------------------
[Pr Epoch : 15/20]
Pr_Src_cls_loss	: 1.5486
-------------------------------------
[Pr Epoch : 16/20]
Pr_Src_cls_loss	: 1.5470
-------------------------------------
[Pr Epoch : 17/20]
Pr_Src_cls_loss	: 1.5455
-------------------------------------
[Pr Epoch : 18/20]
Pr_Src_cls_loss	: 1.5441
-------------------------------------
[Pr Epoch : 19/20]
Pr_Src_cls_loss	: 1.5427
-------------------------------------
[Pr Epoch : 20/20]
Pr_Src_cls_loss	: 1.5414
-------------------------------------
[Epoch : 1/20]
Pr_Src_cls_loss	: 1.5414
Total_loss	: 1.8368
Ent Loss	: -0.0892
Src_cls_loss	: 1.5070
Neighbors Clustering 	: 0.4191
-------------------------------------
[Epoch : 2/20]
Pr_Src_cls_loss	: 1.5414
Total_loss	: 1.8660
Ent Loss	: -0.0892
Src_cls_loss	: 1.4975
Neighbors Clustering 	: 0.4577
-------------------------------------
[Epoch : 3/20]
Pr_Src_cls_loss	: 1.5414
Total_loss	: 1.8798
Ent Loss	: -0.0892
Src_cls_loss	: 1.4885
Neighbors Clustering 	: 0.4805
-------------------------------------
[Epoch : 4/20]
Pr_Src_cls_loss	: 1.5414
Total_loss	: 1.8873
Ent Loss	: -0.0892
Src_cls_loss	: 1.4793
Neighbors Clustering 	: 0.4972
-------------------------------------
[Epoch : 5/20]
Pr_Src_cls_loss	: 1.5414
Total_loss	: 1.8891
Ent Loss	: -0.0891
Src_cls_loss	: 1.4700
Neighbors Clustering 	: 0.5082
-------------------------------------
[Epoch : 6/20]
Pr_Src_cls_loss	: 1.5414
Total_loss	: 1.8876
Ent Loss	: -0.0891
Src_cls_loss	: 1.4608
Neighbors Clustering 	: 0.5159
-------------------------------------
[Epoch : 7/20]
Pr_Src_cls_loss	: 1.5414
Total_loss	: 1.8841
Ent Loss	: -0.0891
Src_cls_loss	: 1.4516
Neighbors Clustering 	: 0.5215
-------------------------------------
[Epoch : 8/20]
Pr_Src_cls_loss	: 1.5414
Total_loss	: 1.8789
Ent Loss	: -0.0890
Src_cls_loss	: 1.4424
Neighbors Clustering 	: 0.5256
-------------------------------------
[Epoch : 9/20]
Pr_Src_cls_loss	: 1.5414
Total_loss	: 1.8726
Ent Loss	: -0.0890
Src_cls_loss	: 1.4331
Neighbors Clustering 	: 0.5285
-------------------------------------
[Epoch : 10/20]
Pr_Src_cls_loss	: 1.5414
Total_loss	: 1.8654
Ent Loss	: -0.0890
Src_cls_loss	: 1.4239
Neighbors Clustering 	: 0.5304
-------------------------------------
[Epoch : 11/20]
Pr_Src_cls_loss	: 1.5414
Total_loss	: 1.8574
Ent Loss	: -0.0890
Src_cls_loss	: 1.4147
Neighbors Clustering 	: 0.5317
-------------------------------------
[Epoch : 12/20]
Pr_Src_cls_loss	: 1.5414
Total_loss	: 1.8491
Ent Loss	: -0.0890
Src_cls_loss	: 1.4055
Neighbors Clustering 	: 0.5326
-------------------------------------
[Epoch : 13/20]
Pr_Src_cls_loss	: 1.5414
Total_loss	: 1.8404
Ent Loss	: -0.0890
Src_cls_loss	: 1.3963
Neighbors Clustering 	: 0.5331
-------------------------------------
[Epoch : 14/20]
Pr_Src_cls_loss	: 1.5414
Total_loss	: 1.8317
Ent Loss	: -0.0890
Src_cls_loss	: 1.3870
Neighbors Clustering 	: 0.5337
-------------------------------------
[Epoch : 15/20]
Pr_Src_cls_loss	: 1.5414
Total_loss	: 1.8229
Ent Loss	: -0.0890
Src_cls_loss	: 1.3778
Neighbors Clustering 	: 0.5341
-------------------------------------
[Epoch : 16/20]
Pr_Src_cls_loss	: 1.5414
Total_loss	: 1.8139
Ent Loss	: -0.0890
Src_cls_loss	: 1.3687
Neighbors Clustering 	: 0.5342
-------------------------------------
[Epoch : 17/20]
Pr_Src_cls_loss	: 1.5414
Total_loss	: 1.8051
Ent Loss	: -0.0890
Src_cls_loss	: 1.3595
Neighbors Clustering 	: 0.5347
-------------------------------------
[Epoch : 18/20]
Pr_Src_cls_loss	: 1.5414
Total_loss	: 1.7959
Ent Loss	: -0.0890
Src_cls_loss	: 1.3503
Neighbors Clustering 	: 0.5346
-------------------------------------
[Epoch : 19/20]
Pr_Src_cls_loss	: 1.5414
Total_loss	: 1.7870
Ent Loss	: -0.0890
Src_cls_loss	: 1.3412
Neighbors Clustering 	: 0.5348
-------------------------------------
[Epoch : 20/20]
Pr_Src_cls_loss	: 1.5414
Total_loss	: 1.7780
Ent Loss	: -0.0890
Src_cls_loss	: 1.3321
Neighbors Clustering 	: 0.5348
-------------------------------------
H_score: 0.0000, OS* (acc_c): 0.0000, UNK (acc_p): 1.0000, acc_mix: 0.1699, F1: 0.0494
Uploading logs from: /mnt/data/home/tp2474/OpenSet-AdaTime/experiments_logs/curriculum/MHEALTH to RealWorld_UniDA_hard_n2_fno_mean/DANCE_UniDA_hard_n2_fno_mean/MHEALTH_to_RealWorld_run_2
🏃 View run DANCE_run_2 at: http://127.0.0.1:5001/#/experiments/604507857025383539/runs/00d413476fa84be69cc0fec76202a478
🧪 View experiment at: http://127.0.0.1:5001/#/experiments/604507857025383539
=============================================
Dataset: MHEALTH to RealWorld_UniDA_hard_n2_fno_mean
Method:  DANCE
=============================================
Source: MHEALTH ---> Target: RealWorld
Run ID: 3
=============================================
[Pr Epoch : 1/20]
Pr_Src_cls_loss	: 1.6457
-------------------------------------
[Pr Epoch : 2/20]
Pr_Src_cls_loss	: 1.6192
-------------------------------------
[Pr Epoch : 3/20]
Pr_Src_cls_loss	: 1.6050
-------------------------------------
[Pr Epoch : 4/20]
Pr_Src_cls_loss	: 1.5958
-------------------------------------
[Pr Epoch : 5/20]
Pr_Src_cls_loss	: 1.5891
-------------------------------------
[Pr Epoch : 6/20]
Pr_Src_cls_loss	: 1.5838
-------------------------------------
[Pr Epoch : 7/20]
Pr_Src_cls_loss	: 1.5793
-------------------------------------
[Pr Epoch : 8/20]
Pr_Src_cls_loss	: 1.5754
-------------------------------------
[Pr Epoch : 9/20]
Pr_Src_cls_loss	: 1.5719
-------------------------------------
[Pr Epoch : 10/20]
Pr_Src_cls_loss	: 1.5688
-------------------------------------
[Pr Epoch : 11/20]
Pr_Src_cls_loss	: 1.5661
-------------------------------------
[Pr Epoch : 12/20]
Pr_Src_cls_loss	: 1.5637
-------------------------------------
[Pr Epoch : 13/20]
Pr_Src_cls_loss	: 1.5615
-------------------------------------
[Pr Epoch : 14/20]
Pr_Src_cls_loss	: 1.5595
-------------------------------------
[Pr Epoch : 15/20]
Pr_Src_cls_loss	: 1.5576
-------------------------------------
[Pr Epoch : 16/20]
Pr_Src_cls_loss	: 1.5559
-------------------------------------
[Pr Epoch : 17/20]
Pr_Src_cls_loss	: 1.5543
-------------------------------------
[Pr Epoch : 18/20]
Pr_Src_cls_loss	: 1.5528
-------------------------------------
[Pr Epoch : 19/20]
Pr_Src_cls_loss	: 1.5514
-------------------------------------
[Pr Epoch : 20/20]
Pr_Src_cls_loss	: 1.5501
-------------------------------------
[Epoch : 1/20]
Pr_Src_cls_loss	: 1.5501
Total_loss	: 1.8582
Ent Loss	: -0.0893
Src_cls_loss	: 1.5144
Neighbors Clustering 	: 0.4330
-------------------------------------
[Epoch : 2/20]
Pr_Src_cls_loss	: 1.5501
Total_loss	: 1.8847
Ent Loss	: -0.0892
Src_cls_loss	: 1.5054
Neighbors Clustering 	: 0.4685
-------------------------------------
[Epoch : 3/20]
Pr_Src_cls_loss	: 1.5501
Total_loss	: 1.8960
Ent Loss	: -0.0892
Src_cls_loss	: 1.4965
Neighbors Clustering 	: 0.4887
-------------------------------------
[Epoch : 4/20]
Pr_Src_cls_loss	: 1.5501
Total_loss	: 1.9004
Ent Loss	: -0.0892
Src_cls_loss	: 1.4872
Neighbors Clustering 	: 0.5023
-------------------------------------
[Epoch : 5/20]
Pr_Src_cls_loss	: 1.5501
Total_loss	: 1.9004
Ent Loss	: -0.0892
Src_cls_loss	: 1.4781
Neighbors Clustering 	: 0.5115
-------------------------------------
[Epoch : 6/20]
Pr_Src_cls_loss	: 1.5501
Total_loss	: 1.8976
Ent Loss	: -0.0891
Src_cls_loss	: 1.4691
Neighbors Clustering 	: 0.5176
-------------------------------------
[Epoch : 7/20]
Pr_Src_cls_loss	: 1.5501
Total_loss	: 1.8928
Ent Loss	: -0.0891
Src_cls_loss	: 1.4600
Neighbors Clustering 	: 0.5220
-------------------------------------
[Epoch : 8/20]
Pr_Src_cls_loss	: 1.5501
Total_loss	: 1.8867
Ent Loss	: -0.0891
Src_cls_loss	: 1.4509
Neighbors Clustering 	: 0.5249
-------------------------------------
[Epoch : 9/20]
Pr_Src_cls_loss	: 1.5501
Total_loss	: 1.8795
Ent Loss	: -0.0891
Src_cls_loss	: 1.4417
Neighbors Clustering 	: 0.5270
-------------------------------------
[Epoch : 10/20]
Pr_Src_cls_loss	: 1.5501
Total_loss	: 1.8718
Ent Loss	: -0.0891
Src_cls_loss	: 1.4326
Neighbors Clustering 	: 0.5283
-------------------------------------
[Epoch : 11/20]
Pr_Src_cls_loss	: 1.5501
Total_loss	: 1.8640
Ent Loss	: -0.0891
Src_cls_loss	: 1.4234
Neighbors Clustering 	: 0.5297
-------------------------------------
[Epoch : 12/20]
Pr_Src_cls_loss	: 1.5501
Total_loss	: 1.8565
Ent Loss	: -0.0891
Src_cls_loss	: 1.4142
Neighbors Clustering 	: 0.5314
-------------------------------------
[Epoch : 13/20]
Pr_Src_cls_loss	: 1.5501
Total_loss	: 1.8485
Ent Loss	: -0.0891
Src_cls_loss	: 1.4050
Neighbors Clustering 	: 0.5327
-------------------------------------
[Epoch : 14/20]
Pr_Src_cls_loss	: 1.5501
Total_loss	: 1.8403
Ent Loss	: -0.0891
Src_cls_loss	: 1.3957
Neighbors Clustering 	: 0.5337
-------------------------------------
[Epoch : 15/20]
Pr_Src_cls_loss	: 1.5501
Total_loss	: 1.8321
Ent Loss	: -0.0891
Src_cls_loss	: 1.3865
Neighbors Clustering 	: 0.5347
-------------------------------------
[Epoch : 16/20]
Pr_Src_cls_loss	: 1.5501
Total_loss	: 1.8234
Ent Loss	: -0.0891
Src_cls_loss	: 1.3772
Neighbors Clustering 	: 0.5353
-------------------------------------
[Epoch : 17/20]
Pr_Src_cls_loss	: 1.5501
Total_loss	: 1.8150
Ent Loss	: -0.0891
Src_cls_loss	: 1.3680
Neighbors Clustering 	: 0.5361
-------------------------------------
[Epoch : 18/20]
Pr_Src_cls_loss	: 1.5501
Total_loss	: 1.8063
Ent Loss	: -0.0891
Src_cls_loss	: 1.3587
Neighbors Clustering 	: 0.5367
-------------------------------------
[Epoch : 19/20]
Pr_Src_cls_loss	: 1.5501
Total_loss	: 1.7976
Ent Loss	: -0.0891
Src_cls_loss	: 1.3495
Neighbors Clustering 	: 0.5371
-------------------------------------
[Epoch : 20/20]
Pr_Src_cls_loss	: 1.5501
Total_loss	: 1.7887
Ent Loss	: -0.0890
Src_cls_loss	: 1.3404
Neighbors Clustering 	: 0.5374
-------------------------------------
H_score: 0.0000, OS* (acc_c): 0.0000, UNK (acc_p): 1.0000, acc_mix: 0.1699, F1: 0.0494
Uploading logs from: /mnt/data/home/tp2474/OpenSet-AdaTime/experiments_logs/curriculum/MHEALTH to RealWorld_UniDA_hard_n2_fno_mean/DANCE_UniDA_hard_n2_fno_mean/MHEALTH_to_RealWorld_run_3
🏃 View run DANCE_run_3 at: http://127.0.0.1:5001/#/experiments/604507857025383539/runs/8fca6f51d2b24f46ab5e64f45491adab
🧪 View experiment at: http://127.0.0.1:5001/#/experiments/604507857025383539
=============================================
Dataset: MHEALTH to RealWorld_UniDA_hard_n2_fno_mean
Method:  DANCE
=============================================
Source: MHEALTH ---> Target: RealWorld
Run ID: 4
=============================================
[Pr Epoch : 1/20]
Pr_Src_cls_loss	: 1.6362
-------------------------------------
[Pr Epoch : 2/20]
Pr_Src_cls_loss	: 1.6077
-------------------------------------
[Pr Epoch : 3/20]
Pr_Src_cls_loss	: 1.5929
-------------------------------------
[Pr Epoch : 4/20]
Pr_Src_cls_loss	: 1.5839
-------------------------------------
[Pr Epoch : 5/20]
Pr_Src_cls_loss	: 1.5770
-------------------------------------
[Pr Epoch : 6/20]
Pr_Src_cls_loss	: 1.5714
-------------------------------------
[Pr Epoch : 7/20]
Pr_Src_cls_loss	: 1.5670
-------------------------------------
[Pr Epoch : 8/20]
Pr_Src_cls_loss	: 1.5630
-------------------------------------
[Pr Epoch : 9/20]
Pr_Src_cls_loss	: 1.5595
-------------------------------------
[Pr Epoch : 10/20]
Pr_Src_cls_loss	: 1.5565
-------------------------------------
[Pr Epoch : 11/20]
Pr_Src_cls_loss	: 1.5539
-------------------------------------
[Pr Epoch : 12/20]
Pr_Src_cls_loss	: 1.5516
-------------------------------------
[Pr Epoch : 13/20]
Pr_Src_cls_loss	: 1.5494
-------------------------------------
[Pr Epoch : 14/20]
Pr_Src_cls_loss	: 1.5474
-------------------------------------
[Pr Epoch : 15/20]
Pr_Src_cls_loss	: 1.5456
-------------------------------------
[Pr Epoch : 16/20]
Pr_Src_cls_loss	: 1.5438
-------------------------------------
[Pr Epoch : 17/20]
Pr_Src_cls_loss	: 1.5422
-------------------------------------
[Pr Epoch : 18/20]
Pr_Src_cls_loss	: 1.5407
-------------------------------------
[Pr Epoch : 19/20]
Pr_Src_cls_loss	: 1.5393
-------------------------------------
[Pr Epoch : 20/20]
Pr_Src_cls_loss	: 1.5379
-------------------------------------
[Epoch : 1/20]
Pr_Src_cls_loss	: 1.5379
Total_loss	: 1.8304
Ent Loss	: -0.0892
Src_cls_loss	: 1.5020
Neighbors Clustering 	: 0.4177
-------------------------------------
[Epoch : 2/20]
Pr_Src_cls_loss	: 1.5379
Total_loss	: 1.8567
Ent Loss	: -0.0892
Src_cls_loss	: 1.4933
Neighbors Clustering 	: 0.4526
-------------------------------------
[Epoch : 3/20]
Pr_Src_cls_loss	: 1.5379
Total_loss	: 1.8700
Ent Loss	: -0.0892
Src_cls_loss	: 1.4839
Neighbors Clustering 	: 0.4752
-------------------------------------
[Epoch : 4/20]
Pr_Src_cls_loss	: 1.5379
Total_loss	: 1.8748
Ent Loss	: -0.0891
Src_cls_loss	: 1.4746
Neighbors Clustering 	: 0.4893
-------------------------------------
[Epoch : 5/20]
Pr_Src_cls_loss	: 1.5379
Total_loss	: 1.8759
Ent Loss	: -0.0891
Src_cls_loss	: 1.4654
Neighbors Clustering 	: 0.4996
-------------------------------------
[Epoch : 6/20]
Pr_Src_cls_loss	: 1.5379
Total_loss	: 1.8742
Ent Loss	: -0.0891
Src_cls_loss	: 1.4563
Neighbors Clustering 	: 0.5070
-------------------------------------
[Epoch : 7/20]
Pr_Src_cls_loss	: 1.5379
Total_loss	: 1.8702
Ent Loss	: -0.0891
Src_cls_loss	: 1.4471
Neighbors Clustering 	: 0.5122
-------------------------------------
[Epoch : 8/20]
Pr_Src_cls_loss	: 1.5379
Total_loss	: 1.8646
Ent Loss	: -0.0891
Src_cls_loss	: 1.4381
Neighbors Clustering 	: 0.5156
-------------------------------------
[Epoch : 9/20]
Pr_Src_cls_loss	: 1.5379
Total_loss	: 1.8577
Ent Loss	: -0.0891
Src_cls_loss	: 1.4290
Neighbors Clustering 	: 0.5177
-------------------------------------
[Epoch : 10/20]
Pr_Src_cls_loss	: 1.5379
Total_loss	: 1.8503
Ent Loss	: -0.0891
Src_cls_loss	: 1.4198
Neighbors Clustering 	: 0.5195
-------------------------------------
[Epoch : 11/20]
Pr_Src_cls_loss	: 1.5379
Total_loss	: 1.8427
Ent Loss	: -0.0891
Src_cls_loss	: 1.4107
Neighbors Clustering 	: 0.5211
-------------------------------------
[Epoch : 12/20]
Pr_Src_cls_loss	: 1.5379
Total_loss	: 1.8347
Ent Loss	: -0.0891
Src_cls_loss	: 1.4015
Neighbors Clustering 	: 0.5223
-------------------------------------
[Epoch : 13/20]
Pr_Src_cls_loss	: 1.5379
Total_loss	: 1.8266
Ent Loss	: -0.0891
Src_cls_loss	: 1.3924
Neighbors Clustering 	: 0.5232
-------------------------------------
[Epoch : 14/20]
Pr_Src_cls_loss	: 1.5379
Total_loss	: 1.8183
Ent Loss	: -0.0891
Src_cls_loss	: 1.3833
Neighbors Clustering 	: 0.5241
-------------------------------------
[Epoch : 15/20]
Pr_Src_cls_loss	: 1.5379
Total_loss	: 1.8098
Ent Loss	: -0.0891
Src_cls_loss	: 1.3742
Neighbors Clustering 	: 0.5247
-------------------------------------
[Epoch : 16/20]
Pr_Src_cls_loss	: 1.5379
Total_loss	: 1.8012
Ent Loss	: -0.0891
Src_cls_loss	: 1.3651
Neighbors Clustering 	: 0.5252
-------------------------------------
[Epoch : 17/20]
Pr_Src_cls_loss	: 1.5379
Total_loss	: 1.7927
Ent Loss	: -0.0890
Src_cls_loss	: 1.3560
Neighbors Clustering 	: 0.5258
-------------------------------------
[Epoch : 18/20]
Pr_Src_cls_loss	: 1.5379
Total_loss	: 1.7840
Ent Loss	: -0.0890
Src_cls_loss	: 1.3470
Neighbors Clustering 	: 0.5261
-------------------------------------
[Epoch : 19/20]
Pr_Src_cls_loss	: 1.5379
Total_loss	: 1.7755
Ent Loss	: -0.0890
Src_cls_loss	: 1.3380
Neighbors Clustering 	: 0.5265
-------------------------------------
[Epoch : 20/20]
Pr_Src_cls_loss	: 1.5379
Total_loss	: 1.7667
Ent Loss	: -0.0890
Src_cls_loss	: 1.3290
Neighbors Clustering 	: 0.5267
-------------------------------------
H_score: 0.0000, OS* (acc_c): 0.0000, UNK (acc_p): 1.0000, acc_mix: 0.1699, F1: 0.0494
Uploading logs from: /mnt/data/home/tp2474/OpenSet-AdaTime/experiments_logs/curriculum/MHEALTH to RealWorld_UniDA_hard_n2_fno_mean/DANCE_UniDA_hard_n2_fno_mean/MHEALTH_to_RealWorld_run_4
🏃 View run DANCE_run_4 at: http://127.0.0.1:5001/#/experiments/604507857025383539/runs/a696330bf5b148c2be43e1bf7423acb6
🧪 View experiment at: http://127.0.0.1:5001/#/experiments/604507857025383539
==================== [n2 fno_mean] PPOT ====================
[curriculum] scenario=UniDA  strategy=hard  n_unknown=2  rank_variant=fno_mean
[curriculum] source mapping (6 classes): {'Lying down': 'lying', 'Sitting and relaxing': 'sitting', 'Walking': 'walking', 'Running': 'running', 'Climbing stairs': 'Climbing stairs', 'Frontal elevation of arms': 'Frontal elevation of arms'}
[curriculum] target mapping (6 classes): {'lying': 'lying', 'sitting': 'sitting', 'walking': 'walking', 'running': 'running', 'climbingup': 'climbingup', 'jumping': 'jumping'}
[curriculum] unknowns added (in hard order): src=[Climbing stairs,Frontal elevation of arms] | trg=[climbingup,jumping]
[scenario] PPOT -> UniDA (uniDA=True)
Unlabeled data shape:  (31587, 150, 18)
Unlabelled Combined shape: (54330, 150, 18)

--- Dataloader Size Check ---
Source Train batches:   27
Target Train batches:   493
-------------------------------

Private classes:  tensor([6., 7.])
=============================================
Dataset: MHEALTH to RealWorld_UniDA_hard_n2_fno_mean
Method:  PPOT
=============================================
Source: MHEALTH ---> Target: RealWorld
Run ID: 0
=============================================
[Pr Epoch : 1/20]
Pr_Src_cls_loss	: 1.7489
-------------------------------------
[Pr Epoch : 2/20]
Pr_Src_cls_loss	: 1.7194
-------------------------------------
[Pr Epoch : 3/20]
Pr_Src_cls_loss	: 1.6980
-------------------------------------
[Pr Epoch : 4/20]
Pr_Src_cls_loss	: 1.6806
-------------------------------------
[Pr Epoch : 5/20]
Pr_Src_cls_loss	: 1.6657
-------------------------------------
[Pr Epoch : 6/20]
Pr_Src_cls_loss	: 1.6527
-------------------------------------
[Pr Epoch : 7/20]
Pr_Src_cls_loss	: 1.6409
-------------------------------------
[Pr Epoch : 8/20]
Pr_Src_cls_loss	: 1.6300
-------------------------------------
[Pr Epoch : 9/20]
Pr_Src_cls_loss	: 1.6199
-------------------------------------
[Pr Epoch : 10/20]
Pr_Src_cls_loss	: 1.6105
-------------------------------------
[Pr Epoch : 11/20]
Pr_Src_cls_loss	: 1.6016
-------------------------------------
[Pr Epoch : 12/20]
Pr_Src_cls_loss	: 1.5931
-------------------------------------
[Pr Epoch : 13/20]
Pr_Src_cls_loss	: 1.5849
-------------------------------------
[Pr Epoch : 14/20]
Pr_Src_cls_loss	: 1.5771
-------------------------------------
[Pr Epoch : 15/20]
Pr_Src_cls_loss	: 1.5695
-------------------------------------
[Pr Epoch : 16/20]
Pr_Src_cls_loss	: 1.5623
-------------------------------------
[Pr Epoch : 17/20]
Pr_Src_cls_loss	: 1.5552
-------------------------------------
[Pr Epoch : 18/20]
Pr_Src_cls_loss	: 1.5482
-------------------------------------
[Pr Epoch : 19/20]
Pr_Src_cls_loss	: 1.5413
-------------------------------------
[Pr Epoch : 20/20]
Pr_Src_cls_loss	: 1.5346
-------------------------------------
[Epoch : 1/20]
Pr_Src_cls_loss	: 1.5346
Total_loss	: 0.3564
OT Loss	: 0.1393
Entropic Loss	: -1.2556
Src_cls_loss	: 1.4031
-------------------------------------
[Epoch : 2/20]
Pr_Src_cls_loss	: 1.5346
Total_loss	: 0.2955
OT Loss	: 0.1326
Entropic Loss	: -1.2837
Src_cls_loss	: 1.3804
-------------------------------------
[Epoch : 3/20]
Pr_Src_cls_loss	: 1.5346
Total_loss	: 0.2722
OT Loss	: 0.1286
Entropic Loss	: -1.2853
Src_cls_loss	: 1.3645
-------------------------------------
[Epoch : 4/20]
Pr_Src_cls_loss	: 1.5346
Total_loss	: 0.2631
OT Loss	: 0.1279
Entropic Loss	: -1.2802
Src_cls_loss	: 1.3514
-------------------------------------
[Epoch : 5/20]
Pr_Src_cls_loss	: 1.5346
Total_loss	: 0.2488
OT Loss	: 0.1265
Entropic Loss	: -1.2804
Src_cls_loss	: 1.3396
-------------------------------------
[Epoch : 6/20]
Pr_Src_cls_loss	: 1.5346
Total_loss	: 0.2444
OT Loss	: 0.1248
Entropic Loss	: -1.2724
Src_cls_loss	: 1.3295
-------------------------------------
[Epoch : 7/20]
Pr_Src_cls_loss	: 1.5346
Total_loss	: 0.2421
OT Loss	: 0.1235
Entropic Loss	: -1.2664
Src_cls_loss	: 1.3233
-------------------------------------
[Epoch : 8/20]
Pr_Src_cls_loss	: 1.5346
Total_loss	: 0.2379
OT Loss	: 0.1224
Entropic Loss	: -1.2585
Src_cls_loss	: 1.3128
-------------------------------------
[Epoch : 9/20]
Pr_Src_cls_loss	: 1.5346
Total_loss	: 0.2329
OT Loss	: 0.1219
Entropic Loss	: -1.2559
Src_cls_loss	: 1.3059
-------------------------------------
[Epoch : 10/20]
Pr_Src_cls_loss	: 1.5346
Total_loss	: 0.2330
OT Loss	: 0.1206
Entropic Loss	: -1.2461
Src_cls_loss	: 1.2981
-------------------------------------
[Epoch : 11/20]
Pr_Src_cls_loss	: 1.5346
Total_loss	: 0.2211
OT Loss	: 0.1196
Entropic Loss	: -1.2499
Src_cls_loss	: 1.2916
-------------------------------------
[Epoch : 12/20]
Pr_Src_cls_loss	: 1.5346
Total_loss	: 0.2171
OT Loss	: 0.1188
Entropic Loss	: -1.2489
Src_cls_loss	: 1.2878
-------------------------------------
[Epoch : 13/20]
Pr_Src_cls_loss	: 1.5346
Total_loss	: 0.2335
OT Loss	: 0.1184
Entropic Loss	: -1.2248
Src_cls_loss	: 1.2807
-------------------------------------
[Epoch : 14/20]
Pr_Src_cls_loss	: 1.5346
Total_loss	: 0.2355
OT Loss	: 0.1177
Entropic Loss	: -1.2150
Src_cls_loss	: 1.2739
-------------------------------------
[Epoch : 15/20]
Pr_Src_cls_loss	: 1.5346
Total_loss	: 0.2357
OT Loss	: 0.1174
Entropic Loss	: -1.2093
Src_cls_loss	: 1.2689
-------------------------------------
[Epoch : 16/20]
Pr_Src_cls_loss	: 1.5346
Total_loss	: 0.2467
OT Loss	: 0.1175
Entropic Loss	: -1.1912
Src_cls_loss	: 1.2617
-------------------------------------
[Epoch : 17/20]
Pr_Src_cls_loss	: 1.5346
Total_loss	: 0.2446
OT Loss	: 0.1168
Entropic Loss	: -1.1903
Src_cls_loss	: 1.2596
-------------------------------------
[Epoch : 18/20]
Pr_Src_cls_loss	: 1.5346
Total_loss	: 0.2521
OT Loss	: 0.1161
Entropic Loss	: -1.1764
Src_cls_loss	: 1.2542
-------------------------------------
[Epoch : 19/20]
Pr_Src_cls_loss	: 1.5346
Total_loss	: 0.2510
OT Loss	: 0.1155
Entropic Loss	: -1.1708
Src_cls_loss	: 1.2485
-------------------------------------
[Epoch : 20/20]
Pr_Src_cls_loss	: 1.5346
Total_loss	: 0.2430
OT Loss	: 0.1151
Entropic Loss	: -1.1712
Src_cls_loss	: 1.2417
-------------------------------------
/mnt/data/home/tp2474/OpenSet-AdaTime/trainers/abstract_trainer.py:331: FutureWarning: The behavior of DataFrame concatenation with empty or all-NA entries is deprecated. In a future version, this will no longer exclude empty or all-NA columns when determining the result dtypes. To retain the old behavior, exclude the relevant entries before the concat operation.
  table = pd.concat([table, results_df], ignore_index=True)
H_score: 0.0000, OS* (acc_c): 0.0000, UNK (acc_p): 1.0000, acc_mix: 0.1699, F1: 0.0494
Uploading logs from: /mnt/data/home/tp2474/OpenSet-AdaTime/experiments_logs/curriculum/MHEALTH to RealWorld_UniDA_hard_n2_fno_mean/PPOT_UniDA_hard_n2_fno_mean/MHEALTH_to_RealWorld_run_0
🏃 View run PPOT_run_0 at: http://127.0.0.1:5001/#/experiments/604507857025383539/runs/ee7202fde26c4380a66801bb42855e02
🧪 View experiment at: http://127.0.0.1:5001/#/experiments/604507857025383539
=============================================
Dataset: MHEALTH to RealWorld_UniDA_hard_n2_fno_mean
Method:  PPOT
=============================================
Source: MHEALTH ---> Target: RealWorld
Run ID: 1
=============================================
[Pr Epoch : 1/20]
Pr_Src_cls_loss	: 1.7588
-------------------------------------
[Pr Epoch : 2/20]
Pr_Src_cls_loss	: 1.7316
-------------------------------------
[Pr Epoch : 3/20]
Pr_Src_cls_loss	: 1.7118
-------------------------------------
[Pr Epoch : 4/20]
Pr_Src_cls_loss	: 1.6957
-------------------------------------
[Pr Epoch : 5/20]
Pr_Src_cls_loss	: 1.6823
-------------------------------------
[Pr Epoch : 6/20]
Pr_Src_cls_loss	: 1.6705
-------------------------------------
[Pr Epoch : 7/20]
Pr_Src_cls_loss	: 1.6597
-------------------------------------
[Pr Epoch : 8/20]
Pr_Src_cls_loss	: 1.6497
-------------------------------------
[Pr Epoch : 9/20]
Pr_Src_cls_loss	: 1.6401
-------------------------------------
[Pr Epoch : 10/20]
Pr_Src_cls_loss	: 1.6311
-------------------------------------
[Pr Epoch : 11/20]
Pr_Src_cls_loss	: 1.6225
-------------------------------------
[Pr Epoch : 12/20]
Pr_Src_cls_loss	: 1.6142
-------------------------------------
[Pr Epoch : 13/20]
Pr_Src_cls_loss	: 1.6062
-------------------------------------
[Pr Epoch : 14/20]
Pr_Src_cls_loss	: 1.5985
-------------------------------------
[Pr Epoch : 15/20]
Pr_Src_cls_loss	: 1.5910
-------------------------------------
[Pr Epoch : 16/20]
Pr_Src_cls_loss	: 1.5837
-------------------------------------
[Pr Epoch : 17/20]
Pr_Src_cls_loss	: 1.5765
-------------------------------------
[Pr Epoch : 18/20]
Pr_Src_cls_loss	: 1.5695
-------------------------------------
[Pr Epoch : 19/20]
Pr_Src_cls_loss	: 1.5626
-------------------------------------
[Pr Epoch : 20/20]
Pr_Src_cls_loss	: 1.5559
-------------------------------------
[Epoch : 1/20]
Pr_Src_cls_loss	: 1.5559
Total_loss	: 0.2376
OT Loss	: 0.1275
Entropic Loss	: -1.3506
Src_cls_loss	: 1.3969
-------------------------------------
[Epoch : 2/20]
Pr_Src_cls_loss	: 1.5559
Total_loss	: 0.2363
OT Loss	: 0.1252
Entropic Loss	: -1.3442
Src_cls_loss	: 1.3927
-------------------------------------
[Epoch : 3/20]
Pr_Src_cls_loss	: 1.5559
Total_loss	: 0.1996
OT Loss	: 0.1216
Entropic Loss	: -1.3600
Src_cls_loss	: 1.3772
-------------------------------------
[Epoch : 4/20]
Pr_Src_cls_loss	: 1.5559
Total_loss	: 0.1955
OT Loss	: 0.1205
Entropic Loss	: -1.3529
Src_cls_loss	: 1.3676
-------------------------------------
[Epoch : 5/20]
Pr_Src_cls_loss	: 1.5559
Total_loss	: 0.1790
OT Loss	: 0.1189
Entropic Loss	: -1.3556
Src_cls_loss	: 1.3562
-------------------------------------
[Epoch : 6/20]
Pr_Src_cls_loss	: 1.5559
Total_loss	: 0.1693
OT Loss	: 0.1179
Entropic Loss	: -1.3588
Src_cls_loss	: 1.3512
-------------------------------------
[Epoch : 7/20]
Pr_Src_cls_loss	: 1.5559
Total_loss	: 0.1439
OT Loss	: 0.1162
Entropic Loss	: -1.3742
Src_cls_loss	: 1.3437
-------------------------------------
[Epoch : 8/20]
Pr_Src_cls_loss	: 1.5559
Total_loss	: 0.1324
OT Loss	: 0.1153
Entropic Loss	: -1.3793
Src_cls_loss	: 1.3387
-------------------------------------
[Epoch : 9/20]
Pr_Src_cls_loss	: 1.5559
Total_loss	: 0.1179
OT Loss	: 0.1138
Entropic Loss	: -1.3847
Src_cls_loss	: 1.3319
-------------------------------------
[Epoch : 10/20]
Pr_Src_cls_loss	: 1.5559
Total_loss	: 0.0976
OT Loss	: 0.1124
Entropic Loss	: -1.3912
Src_cls_loss	: 1.3201
-------------------------------------
[Epoch : 11/20]
Pr_Src_cls_loss	: 1.5559
Total_loss	: 0.0826
OT Loss	: 0.1117
Entropic Loss	: -1.3946
Src_cls_loss	: 1.3097
-------------------------------------
[Epoch : 12/20]
Pr_Src_cls_loss	: 1.5559
Total_loss	: 0.0879
OT Loss	: 0.1111
Entropic Loss	: -1.3823
Src_cls_loss	: 1.3036
-------------------------------------
[Epoch : 13/20]
Pr_Src_cls_loss	: 1.5559
Total_loss	: 0.0809
OT Loss	: 0.1106
Entropic Loss	: -1.3808
Src_cls_loss	: 1.2958
-------------------------------------
[Epoch : 14/20]
Pr_Src_cls_loss	: 1.5559
Total_loss	: 0.0695
OT Loss	: 0.1098
Entropic Loss	: -1.3828
Src_cls_loss	: 1.2876
-------------------------------------
[Epoch : 15/20]
Pr_Src_cls_loss	: 1.5559
Total_loss	: 0.0704
OT Loss	: 0.1094
Entropic Loss	: -1.3741
Src_cls_loss	: 1.2805
-------------------------------------
[Epoch : 16/20]
Pr_Src_cls_loss	: 1.5559
Total_loss	: 0.0640
OT Loss	: 0.1090
Entropic Loss	: -1.3752
Src_cls_loss	: 1.2756
-------------------------------------
[Epoch : 17/20]
Pr_Src_cls_loss	: 1.5559
Total_loss	: 0.0601
OT Loss	: 0.1088
Entropic Loss	: -1.3730
Src_cls_loss	: 1.2699
-------------------------------------
[Epoch : 18/20]
Pr_Src_cls_loss	: 1.5559
Total_loss	: 0.0540
OT Loss	: 0.1086
Entropic Loss	: -1.3706
Src_cls_loss	: 1.2616
-------------------------------------
[Epoch : 19/20]
Pr_Src_cls_loss	: 1.5559
Total_loss	: 0.0428
OT Loss	: 0.1083
Entropic Loss	: -1.3734
Src_cls_loss	: 1.2538
-------------------------------------
[Epoch : 20/20]
Pr_Src_cls_loss	: 1.5559
Total_loss	: 0.0375
OT Loss	: 0.1080
Entropic Loss	: -1.3729
Src_cls_loss	: 1.2485
-------------------------------------
H_score: 0.0000, OS* (acc_c): 0.0000, UNK (acc_p): 1.0000, acc_mix: 0.1699, F1: 0.0494
Uploading logs from: /mnt/data/home/tp2474/OpenSet-AdaTime/experiments_logs/curriculum/MHEALTH to RealWorld_UniDA_hard_n2_fno_mean/PPOT_UniDA_hard_n2_fno_mean/MHEALTH_to_RealWorld_run_1
🏃 View run PPOT_run_1 at: http://127.0.0.1:5001/#/experiments/604507857025383539/runs/0b280096e8774956b547a5a8e1fbade4
🧪 View experiment at: http://127.0.0.1:5001/#/experiments/604507857025383539
=============================================
Dataset: MHEALTH to RealWorld_UniDA_hard_n2_fno_mean
Method:  PPOT
=============================================
Source: MHEALTH ---> Target: RealWorld
Run ID: 2
=============================================
[Pr Epoch : 1/20]
Pr_Src_cls_loss	: 1.7575
-------------------------------------
[Pr Epoch : 2/20]
Pr_Src_cls_loss	: 1.7301
-------------------------------------
[Pr Epoch : 3/20]
Pr_Src_cls_loss	: 1.7093
-------------------------------------
[Pr Epoch : 4/20]
Pr_Src_cls_loss	: 1.6923
-------------------------------------
[Pr Epoch : 5/20]
Pr_Src_cls_loss	: 1.6778
-------------------------------------
[Pr Epoch : 6/20]
Pr_Src_cls_loss	: 1.6652
-------------------------------------
[Pr Epoch : 7/20]
Pr_Src_cls_loss	: 1.6539
-------------------------------------
[Pr Epoch : 8/20]
Pr_Src_cls_loss	: 1.6434
-------------------------------------
[Pr Epoch : 9/20]
Pr_Src_cls_loss	: 1.6334
-------------------------------------
[Pr Epoch : 10/20]
Pr_Src_cls_loss	: 1.6242
-------------------------------------
[Pr Epoch : 11/20]
Pr_Src_cls_loss	: 1.6155
-------------------------------------
[Pr Epoch : 12/20]
Pr_Src_cls_loss	: 1.6073
-------------------------------------
[Pr Epoch : 13/20]
Pr_Src_cls_loss	: 1.5993
-------------------------------------
[Pr Epoch : 14/20]
Pr_Src_cls_loss	: 1.5916
-------------------------------------
[Pr Epoch : 15/20]
Pr_Src_cls_loss	: 1.5842
-------------------------------------
[Pr Epoch : 16/20]
Pr_Src_cls_loss	: 1.5769
-------------------------------------
[Pr Epoch : 17/20]
Pr_Src_cls_loss	: 1.5698
-------------------------------------
[Pr Epoch : 18/20]
Pr_Src_cls_loss	: 1.5628
-------------------------------------
[Pr Epoch : 19/20]
Pr_Src_cls_loss	: 1.5559
-------------------------------------
[Pr Epoch : 20/20]
Pr_Src_cls_loss	: 1.5493
-------------------------------------
[Epoch : 1/20]
Pr_Src_cls_loss	: 1.5493
Total_loss	: 0.3362
OT Loss	: 0.1331
Entropic Loss	: -1.2330
Src_cls_loss	: 1.3695
-------------------------------------
[Epoch : 2/20]
Pr_Src_cls_loss	: 1.5493
Total_loss	: 0.2764
OT Loss	: 0.1269
Entropic Loss	: -1.2722
Src_cls_loss	: 1.3582
-------------------------------------
[Epoch : 3/20]
Pr_Src_cls_loss	: 1.5493
Total_loss	: 0.2624
OT Loss	: 0.1243
Entropic Loss	: -1.2674
Src_cls_loss	: 1.3433
-------------------------------------
[Epoch : 4/20]
Pr_Src_cls_loss	: 1.5493
Total_loss	: 0.2806
OT Loss	: 0.1216
Entropic Loss	: -1.2468
Src_cls_loss	: 1.3450
-------------------------------------
[Epoch : 5/20]
Pr_Src_cls_loss	: 1.5493
Total_loss	: 0.2691
OT Loss	: 0.1203
Entropic Loss	: -1.2490
Src_cls_loss	: 1.3377
-------------------------------------
[Epoch : 6/20]
Pr_Src_cls_loss	: 1.5493
Total_loss	: 0.2675
OT Loss	: 0.1191
Entropic Loss	: -1.2442
Src_cls_loss	: 1.3331
-------------------------------------
[Epoch : 7/20]
Pr_Src_cls_loss	: 1.5493
Total_loss	: 0.2873
OT Loss	: 0.1180
Entropic Loss	: -1.2200
Src_cls_loss	: 1.3302
-------------------------------------
[Epoch : 8/20]
Pr_Src_cls_loss	: 1.5493
Total_loss	: 0.2741
OT Loss	: 0.1169
Entropic Loss	: -1.2230
Src_cls_loss	: 1.3217
-------------------------------------
[Epoch : 9/20]
Pr_Src_cls_loss	: 1.5493
Total_loss	: 0.2602
OT Loss	: 0.1160
Entropic Loss	: -1.2296
Src_cls_loss	: 1.3158
-------------------------------------
[Epoch : 10/20]
Pr_Src_cls_loss	: 1.5493
Total_loss	: 0.2725
OT Loss	: 0.1158
Entropic Loss	: -1.2136
Src_cls_loss	: 1.3123
-------------------------------------
[Epoch : 11/20]
Pr_Src_cls_loss	: 1.5493
Total_loss	: 0.2674
OT Loss	: 0.1152
Entropic Loss	: -1.2127
Src_cls_loss	: 1.3074
-------------------------------------
[Epoch : 12/20]
Pr_Src_cls_loss	: 1.5493
Total_loss	: 0.2645
OT Loss	: 0.1147
Entropic Loss	: -1.2096
Src_cls_loss	: 1.3020
-------------------------------------
[Epoch : 13/20]
Pr_Src_cls_loss	: 1.5493
Total_loss	: 0.2611
OT Loss	: 0.1140
Entropic Loss	: -1.2081
Src_cls_loss	: 1.2981
-------------------------------------
[Epoch : 14/20]
Pr_Src_cls_loss	: 1.5493
Total_loss	: 0.2519
OT Loss	: 0.1134
Entropic Loss	: -1.2125
Src_cls_loss	: 1.2942
-------------------------------------
[Epoch : 15/20]
Pr_Src_cls_loss	: 1.5493
Total_loss	: 0.2372
OT Loss	: 0.1127
Entropic Loss	: -1.2213
Src_cls_loss	: 1.2894
-------------------------------------
[Epoch : 16/20]
Pr_Src_cls_loss	: 1.5493
Total_loss	: 0.2261
OT Loss	: 0.1121
Entropic Loss	: -1.2243
Src_cls_loss	: 1.2823
-------------------------------------
[Epoch : 17/20]
Pr_Src_cls_loss	: 1.5493
Total_loss	: 0.2195
OT Loss	: 0.1116
Entropic Loss	: -1.2250
Src_cls_loss	: 1.2770
-------------------------------------
[Epoch : 18/20]
Pr_Src_cls_loss	: 1.5493
Total_loss	: 0.2051
OT Loss	: 0.1111
Entropic Loss	: -1.2331
Src_cls_loss	: 1.2716
-------------------------------------
[Epoch : 19/20]
Pr_Src_cls_loss	: 1.5493
Total_loss	: 0.1927
OT Loss	: 0.1104
Entropic Loss	: -1.2387
Src_cls_loss	: 1.2657
-------------------------------------
[Epoch : 20/20]
Pr_Src_cls_loss	: 1.5493
Total_loss	: 0.1825
OT Loss	: 0.1101
Entropic Loss	: -1.2403
Src_cls_loss	: 1.2576
-------------------------------------
H_score: 0.0000, OS* (acc_c): 0.0000, UNK (acc_p): 1.0000, acc_mix: 0.1699, F1: 0.0494
Uploading logs from: /mnt/data/home/tp2474/OpenSet-AdaTime/experiments_logs/curriculum/MHEALTH to RealWorld_UniDA_hard_n2_fno_mean/PPOT_UniDA_hard_n2_fno_mean/MHEALTH_to_RealWorld_run_2
🏃 View run PPOT_run_2 at: http://127.0.0.1:5001/#/experiments/604507857025383539/runs/d85732557e78437ba97fa121585535b6
🧪 View experiment at: http://127.0.0.1:5001/#/experiments/604507857025383539
=============================================
Dataset: MHEALTH to RealWorld_UniDA_hard_n2_fno_mean
Method:  PPOT
=============================================
Source: MHEALTH ---> Target: RealWorld
Run ID: 3
=============================================
[Pr Epoch : 1/20]
Pr_Src_cls_loss	: 1.7442
-------------------------------------
[Pr Epoch : 2/20]
Pr_Src_cls_loss	: 1.7150
-------------------------------------
[Pr Epoch : 3/20]
Pr_Src_cls_loss	: 1.6950
-------------------------------------
[Pr Epoch : 4/20]
Pr_Src_cls_loss	: 1.6792
-------------------------------------
[Pr Epoch : 5/20]
Pr_Src_cls_loss	: 1.6662
-------------------------------------
[Pr Epoch : 6/20]
Pr_Src_cls_loss	: 1.6549
-------------------------------------
[Pr Epoch : 7/20]
Pr_Src_cls_loss	: 1.6445
-------------------------------------
[Pr Epoch : 8/20]
Pr_Src_cls_loss	: 1.6349
-------------------------------------
[Pr Epoch : 9/20]
Pr_Src_cls_loss	: 1.6259
-------------------------------------
[Pr Epoch : 10/20]
Pr_Src_cls_loss	: 1.6175
-------------------------------------
[Pr Epoch : 11/20]
Pr_Src_cls_loss	: 1.6094
-------------------------------------
[Pr Epoch : 12/20]
Pr_Src_cls_loss	: 1.6016
-------------------------------------
[Pr Epoch : 13/20]
Pr_Src_cls_loss	: 1.5940
-------------------------------------
[Pr Epoch : 14/20]
Pr_Src_cls_loss	: 1.5866
-------------------------------------
[Pr Epoch : 15/20]
Pr_Src_cls_loss	: 1.5796
-------------------------------------
[Pr Epoch : 16/20]
Pr_Src_cls_loss	: 1.5727
-------------------------------------
[Pr Epoch : 17/20]
Pr_Src_cls_loss	: 1.5659
-------------------------------------
[Pr Epoch : 18/20]
Pr_Src_cls_loss	: 1.5592
-------------------------------------
[Pr Epoch : 19/20]
Pr_Src_cls_loss	: 1.5526
-------------------------------------
[Pr Epoch : 20/20]
Pr_Src_cls_loss	: 1.5461
-------------------------------------
[Epoch : 1/20]
Pr_Src_cls_loss	: 1.5461
Total_loss	: 0.5702
OT Loss	: 0.1526
Entropic Loss	: -1.0718
Src_cls_loss	: 1.4131
-------------------------------------
[Epoch : 2/20]
Pr_Src_cls_loss	: 1.5461
Total_loss	: 0.4225
OT Loss	: 0.1428
Entropic Loss	: -1.1856
Src_cls_loss	: 1.3940
-------------------------------------
[Epoch : 3/20]
Pr_Src_cls_loss	: 1.5461
Total_loss	: 0.3691
OT Loss	: 0.1383
Entropic Loss	: -1.2180
Src_cls_loss	: 1.3797
-------------------------------------
[Epoch : 4/20]
Pr_Src_cls_loss	: 1.5461
Total_loss	: 0.3551
OT Loss	: 0.1352
Entropic Loss	: -1.2139
Src_cls_loss	: 1.3662
-------------------------------------
[Epoch : 5/20]
Pr_Src_cls_loss	: 1.5461
Total_loss	: 0.3421
OT Loss	: 0.1318
Entropic Loss	: -1.2139
Src_cls_loss	: 1.3582
-------------------------------------
[Epoch : 6/20]
Pr_Src_cls_loss	: 1.5461
Total_loss	: 0.3612
OT Loss	: 0.1293
Entropic Loss	: -1.1794
Src_cls_loss	: 1.3467
-------------------------------------
[Epoch : 7/20]
Pr_Src_cls_loss	: 1.5461
Total_loss	: 0.3439
OT Loss	: 0.1291
Entropic Loss	: -1.1886
Src_cls_loss	: 1.3388
-------------------------------------
[Epoch : 8/20]
Pr_Src_cls_loss	: 1.5461
Total_loss	: 0.3607
OT Loss	: 0.1274
Entropic Loss	: -1.1619
Src_cls_loss	: 1.3314
-------------------------------------
[Epoch : 9/20]
Pr_Src_cls_loss	: 1.5461
Total_loss	: 0.3589
OT Loss	: 0.1261
Entropic Loss	: -1.1529
Src_cls_loss	: 1.3226
-------------------------------------
[Epoch : 10/20]
Pr_Src_cls_loss	: 1.5461
Total_loss	: 0.3558
OT Loss	: 0.1254
Entropic Loss	: -1.1459
Src_cls_loss	: 1.3137
-------------------------------------
[Epoch : 11/20]
Pr_Src_cls_loss	: 1.5461
Total_loss	: 0.3454
OT Loss	: 0.1240
Entropic Loss	: -1.1453
Src_cls_loss	: 1.3047
-------------------------------------
[Epoch : 12/20]
Pr_Src_cls_loss	: 1.5461
Total_loss	: 0.3379
OT Loss	: 0.1228
Entropic Loss	: -1.1457
Src_cls_loss	: 1.2994
-------------------------------------
[Epoch : 13/20]
Pr_Src_cls_loss	: 1.5461
Total_loss	: 0.3376
OT Loss	: 0.1217
Entropic Loss	: -1.1380
Src_cls_loss	: 1.2931
-------------------------------------
[Epoch : 14/20]
Pr_Src_cls_loss	: 1.5461
Total_loss	: 0.3246
OT Loss	: 0.1208
Entropic Loss	: -1.1462
Src_cls_loss	: 1.2895
-------------------------------------
[Epoch : 15/20]
Pr_Src_cls_loss	: 1.5461
Total_loss	: 0.3118
OT Loss	: 0.1206
Entropic Loss	: -1.1519
Src_cls_loss	: 1.2828
-------------------------------------
[Epoch : 16/20]
Pr_Src_cls_loss	: 1.5461
Total_loss	: 0.3210
OT Loss	: 0.1202
Entropic Loss	: -1.1368
Src_cls_loss	: 1.2776
-------------------------------------
[Epoch : 17/20]
Pr_Src_cls_loss	: 1.5461
Total_loss	: 0.3006
OT Loss	: 0.1193
Entropic Loss	: -1.1507
Src_cls_loss	: 1.2723
-------------------------------------
[Epoch : 18/20]
Pr_Src_cls_loss	: 1.5461
Total_loss	: 0.2850
OT Loss	: 0.1186
Entropic Loss	: -1.1597
Src_cls_loss	: 1.2668
-------------------------------------
[Epoch : 19/20]
Pr_Src_cls_loss	: 1.5461
Total_loss	: 0.2792
OT Loss	: 0.1179
Entropic Loss	: -1.1601
Src_cls_loss	: 1.2625
-------------------------------------
[Epoch : 20/20]
Pr_Src_cls_loss	: 1.5461
Total_loss	: 0.2668
OT Loss	: 0.1174
Entropic Loss	: -1.1663
Src_cls_loss	: 1.2570
-------------------------------------
H_score: 0.0000, OS* (acc_c): 0.0000, UNK (acc_p): 1.0000, acc_mix: 0.1699, F1: 0.0494
Uploading logs from: /mnt/data/home/tp2474/OpenSet-AdaTime/experiments_logs/curriculum/MHEALTH to RealWorld_UniDA_hard_n2_fno_mean/PPOT_UniDA_hard_n2_fno_mean/MHEALTH_to_RealWorld_run_3
🏃 View run PPOT_run_3 at: http://127.0.0.1:5001/#/experiments/604507857025383539/runs/29409849f0df46fc8df80fd1f8764f6d
🧪 View experiment at: http://127.0.0.1:5001/#/experiments/604507857025383539
=============================================
Dataset: MHEALTH to RealWorld_UniDA_hard_n2_fno_mean
Method:  PPOT
=============================================
Source: MHEALTH ---> Target: RealWorld
Run ID: 4
=============================================
[Pr Epoch : 1/20]
Pr_Src_cls_loss	: 1.7498
-------------------------------------
[Pr Epoch : 2/20]
Pr_Src_cls_loss	: 1.7202
-------------------------------------
[Pr Epoch : 3/20]
Pr_Src_cls_loss	: 1.6991
-------------------------------------
[Pr Epoch : 4/20]
Pr_Src_cls_loss	: 1.6823
-------------------------------------
[Pr Epoch : 5/20]
Pr_Src_cls_loss	: 1.6681
-------------------------------------
[Pr Epoch : 6/20]
Pr_Src_cls_loss	: 1.6557
-------------------------------------
[Pr Epoch : 7/20]
Pr_Src_cls_loss	: 1.6445
-------------------------------------
[Pr Epoch : 8/20]
Pr_Src_cls_loss	: 1.6340
-------------------------------------
[Pr Epoch : 9/20]
Pr_Src_cls_loss	: 1.6242
-------------------------------------
[Pr Epoch : 10/20]
Pr_Src_cls_loss	: 1.6151
-------------------------------------
[Pr Epoch : 11/20]
Pr_Src_cls_loss	: 1.6065
-------------------------------------
[Pr Epoch : 12/20]
Pr_Src_cls_loss	: 1.5983
-------------------------------------
[Pr Epoch : 13/20]
Pr_Src_cls_loss	: 1.5903
-------------------------------------
[Pr Epoch : 14/20]
Pr_Src_cls_loss	: 1.5827
-------------------------------------
[Pr Epoch : 15/20]
Pr_Src_cls_loss	: 1.5754
-------------------------------------
[Pr Epoch : 16/20]
Pr_Src_cls_loss	: 1.5682
-------------------------------------
[Pr Epoch : 17/20]
Pr_Src_cls_loss	: 1.5613
-------------------------------------
[Pr Epoch : 18/20]
Pr_Src_cls_loss	: 1.5544
-------------------------------------
[Pr Epoch : 19/20]
Pr_Src_cls_loss	: 1.5477
-------------------------------------
[Pr Epoch : 20/20]
Pr_Src_cls_loss	: 1.5412
-------------------------------------
[Epoch : 1/20]
Pr_Src_cls_loss	: 1.5412
Total_loss	: 0.3934
OT Loss	: 0.1387
Entropic Loss	: -1.2323
Src_cls_loss	: 1.4176
-------------------------------------
[Epoch : 2/20]
Pr_Src_cls_loss	: 1.5412
Total_loss	: 0.3341
OT Loss	: 0.1340
Entropic Loss	: -1.2601
Src_cls_loss	: 1.3932
-------------------------------------
[Epoch : 3/20]
Pr_Src_cls_loss	: 1.5412
Total_loss	: 0.2983
OT Loss	: 0.1297
Entropic Loss	: -1.2753
Src_cls_loss	: 1.3791
-------------------------------------
[Epoch : 4/20]
Pr_Src_cls_loss	: 1.5412
Total_loss	: 0.3047
OT Loss	: 0.1282
Entropic Loss	: -1.2544
Src_cls_loss	: 1.3669
-------------------------------------
[Epoch : 5/20]
Pr_Src_cls_loss	: 1.5412
Total_loss	: 0.2672
OT Loss	: 0.1261
Entropic Loss	: -1.2792
Src_cls_loss	: 1.3572
-------------------------------------
[Epoch : 6/20]
Pr_Src_cls_loss	: 1.5412
Total_loss	: 0.2580
OT Loss	: 0.1251
Entropic Loss	: -1.2798
Src_cls_loss	: 1.3502
-------------------------------------
[Epoch : 7/20]
Pr_Src_cls_loss	: 1.5412
Total_loss	: 0.2502
OT Loss	: 0.1230
Entropic Loss	: -1.2824
Src_cls_loss	: 1.3481
-------------------------------------
[Epoch : 8/20]
Pr_Src_cls_loss	: 1.5412
Total_loss	: 0.2333
OT Loss	: 0.1215
Entropic Loss	: -1.2887
Src_cls_loss	: 1.3398
-------------------------------------
[Epoch : 9/20]
Pr_Src_cls_loss	: 1.5412
Total_loss	: 0.2302
OT Loss	: 0.1207
Entropic Loss	: -1.2820
Src_cls_loss	: 1.3312
-------------------------------------
[Epoch : 10/20]
Pr_Src_cls_loss	: 1.5412
Total_loss	: 0.2366
OT Loss	: 0.1192
Entropic Loss	: -1.2674
Src_cls_loss	: 1.3252
-------------------------------------
[Epoch : 11/20]
Pr_Src_cls_loss	: 1.5412
Total_loss	: 0.2398
OT Loss	: 0.1182
Entropic Loss	: -1.2567
Src_cls_loss	: 1.3192
-------------------------------------
[Epoch : 12/20]
Pr_Src_cls_loss	: 1.5412
Total_loss	: 0.2398
OT Loss	: 0.1176
Entropic Loss	: -1.2492
Src_cls_loss	: 1.3126
-------------------------------------
[Epoch : 13/20]
Pr_Src_cls_loss	: 1.5412
Total_loss	: 0.2305
OT Loss	: 0.1167
Entropic Loss	: -1.2527
Src_cls_loss	: 1.3082
-------------------------------------
[Epoch : 14/20]
Pr_Src_cls_loss	: 1.5412
Total_loss	: 0.2257
OT Loss	: 0.1164
Entropic Loss	: -1.2511
Src_cls_loss	: 1.3022
-------------------------------------
[Epoch : 15/20]
Pr_Src_cls_loss	: 1.5412
Total_loss	: 0.2371
OT Loss	: 0.1158
Entropic Loss	: -1.2335
Src_cls_loss	: 1.2969
-------------------------------------
[Epoch : 16/20]
Pr_Src_cls_loss	: 1.5412
Total_loss	: 0.2367
OT Loss	: 0.1151
Entropic Loss	: -1.2272
Src_cls_loss	: 1.2913
-------------------------------------
[Epoch : 17/20]
Pr_Src_cls_loss	: 1.5412
Total_loss	: 0.2385
OT Loss	: 0.1147
Entropic Loss	: -1.2186
Src_cls_loss	: 1.2850
-------------------------------------
[Epoch : 18/20]
Pr_Src_cls_loss	: 1.5412
Total_loss	: 0.2430
OT Loss	: 0.1144
Entropic Loss	: -1.2094
Src_cls_loss	: 1.2808
-------------------------------------
[Epoch : 19/20]
Pr_Src_cls_loss	: 1.5412
Total_loss	: 0.2534
OT Loss	: 0.1141
Entropic Loss	: -1.1919
Src_cls_loss	: 1.2741
-------------------------------------
[Epoch : 20/20]
Pr_Src_cls_loss	: 1.5412
Total_loss	: 0.2401
OT Loss	: 0.1137
Entropic Loss	: -1.1986
Src_cls_loss	: 1.2682
-------------------------------------
H_score: 0.0000, OS* (acc_c): 0.0000, UNK (acc_p): 1.0000, acc_mix: 0.1699, F1: 0.0494
Uploading logs from: /mnt/data/home/tp2474/OpenSet-AdaTime/experiments_logs/curriculum/MHEALTH to RealWorld_UniDA_hard_n2_fno_mean/PPOT_UniDA_hard_n2_fno_mean/MHEALTH_to_RealWorld_run_4
🏃 View run PPOT_run_4 at: http://127.0.0.1:5001/#/experiments/604507857025383539/runs/05e52cff6ef1484ca122447c8ccb4ced
🧪 View experiment at: http://127.0.0.1:5001/#/experiments/604507857025383539
==================== [n2 fno_mean] RAINCOAT ====================
[curriculum] scenario=UniDA  strategy=hard  n_unknown=2  rank_variant=fno_mean
[curriculum] source mapping (6 classes): {'Lying down': 'lying', 'Sitting and relaxing': 'sitting', 'Walking': 'walking', 'Running': 'running', 'Climbing stairs': 'Climbing stairs', 'Frontal elevation of arms': 'Frontal elevation of arms'}
[curriculum] target mapping (6 classes): {'lying': 'lying', 'sitting': 'sitting', 'walking': 'walking', 'running': 'running', 'climbingup': 'climbingup', 'jumping': 'jumping'}
[curriculum] unknowns added (in hard order): src=[Climbing stairs,Frontal elevation of arms] | trg=[climbingup,jumping]
[scenario] RAINCOAT -> UniDA (uniDA=True)
Unlabeled data shape:  (31587, 150, 18)
Unlabelled Combined shape: (54330, 150, 18)

--- Dataloader Size Check ---
Source Train batches:   27
Target Train batches:   493
-------------------------------

Private classes:  tensor([6., 7.])
=============================================
Dataset: MHEALTH to RealWorld_UniDA_hard_n2_fno_mean
Method:  RAINCOAT
=============================================
Source: MHEALTH ---> Target: RealWorld
Run ID: 0
=============================================
[Align Epoch : 1/20]
Src_cls_loss	: 0.7920
Sink	: 0.7738
Recon	: 23.8396
-------------------------------------
[Align Epoch : 2/20]
Src_cls_loss	: 0.5619
Sink	: 0.7061
Recon	: 23.8158
-------------------------------------
[Align Epoch : 3/20]
Src_cls_loss	: 0.4340
Sink	: 0.6621
Recon	: 23.7924
-------------------------------------
[Align Epoch : 4/20]
Src_cls_loss	: 0.3536
Sink	: 0.6311
Recon	: 23.7890
-------------------------------------
[Align Epoch : 5/20]
Src_cls_loss	: 0.3046
Sink	: 0.6098
Recon	: 23.7712
-------------------------------------
[Align Epoch : 6/20]
Src_cls_loss	: 0.2687
Sink	: 0.5858
Recon	: 23.7327
-------------------------------------
[Align Epoch : 7/20]
Src_cls_loss	: 0.2392
Sink	: 0.5659
Recon	: 23.6823
-------------------------------------
[Align Epoch : 8/20]
Src_cls_loss	: 0.2156
Sink	: 0.5459
Recon	: 23.6641
-------------------------------------
[Align Epoch : 9/20]
Src_cls_loss	: 0.1971
Sink	: 0.5285
Recon	: 23.6436
-------------------------------------
[Align Epoch : 10/20]
Src_cls_loss	: 0.1821
Sink	: 0.5125
Recon	: 23.6140
-------------------------------------
[Align Epoch : 11/20]
Src_cls_loss	: 0.1690
Sink	: 0.4983
Recon	: 23.5819
-------------------------------------
[Align Epoch : 12/20]
Src_cls_loss	: 0.1580
Sink	: 0.4842
Recon	: 23.5733
-------------------------------------
[Align Epoch : 13/20]
Src_cls_loss	: 0.1489
Sink	: 0.4711
Recon	: 23.5549
-------------------------------------
[Align Epoch : 14/20]
Src_cls_loss	: 0.1407
Sink	: 0.4589
Recon	: 23.5415
-------------------------------------
[Align Epoch : 15/20]
Src_cls_loss	: 0.1336
Sink	: 0.4470
Recon	: 23.5205
-------------------------------------
[Align Epoch : 16/20]
Src_cls_loss	: 0.1272
Sink	: 0.4358
Recon	: 23.4965
-------------------------------------
[Align Epoch : 17/20]
Src_cls_loss	: 0.1216
Sink	: 0.4252
Recon	: 23.4675
-------------------------------------
[Align Epoch : 18/20]
Src_cls_loss	: 0.1173
Sink	: 0.4152
Recon	: 23.4453
-------------------------------------
[Align Epoch : 19/20]
Src_cls_loss	: 0.1129
Sink	: 0.4050
Recon	: 23.4331
-------------------------------------
[Align Epoch : 20/20]
Src_cls_loss	: 0.1087
Sink	: 0.3954
Recon	: 23.4048
-------------------------------------
[Correct Epoch : 1/20]
Recon_correct	: 22.9914
-------------------------------------
[Correct Epoch : 2/20]
Recon_correct	: 22.9281
-------------------------------------
[Correct Epoch : 3/20]
Recon_correct	: 22.8866
-------------------------------------
[Correct Epoch : 4/20]
Recon_correct	: 22.8567
-------------------------------------
[Correct Epoch : 5/20]
Recon_correct	: 22.7881
-------------------------------------
[Correct Epoch : 6/20]
Recon_correct	: 22.7524
-------------------------------------
[Correct Epoch : 7/20]
Recon_correct	: 22.6880
-------------------------------------
[Correct Epoch : 8/20]
Recon_correct	: 22.6423
-------------------------------------
[Correct Epoch : 9/20]
Recon_correct	: 22.6000
-------------------------------------
[Correct Epoch : 10/20]
Recon_correct	: 22.5489
-------------------------------------
[Correct Epoch : 11/20]
Recon_correct	: 22.5421
-------------------------------------
[Correct Epoch : 12/20]
Recon_correct	: 22.5199
-------------------------------------
[Correct Epoch : 13/20]
Recon_correct	: 22.4913
-------------------------------------
[Correct Epoch : 14/20]
Recon_correct	: 22.4545
-------------------------------------
[Correct Epoch : 15/20]
Recon_correct	: 22.4312
-------------------------------------
[Correct Epoch : 16/20]
Recon_correct	: 22.4074
-------------------------------------
[Correct Epoch : 17/20]
Recon_correct	: 22.3697
-------------------------------------
[Correct Epoch : 18/20]
Recon_correct	: 22.3413
-------------------------------------
[Correct Epoch : 19/20]
Recon_correct	: 22.3071
-------------------------------------
[Correct Epoch : 20/20]
Recon_correct	: 22.2720
-------------------------------------
/mnt/data/home/tp2474/OpenSet-AdaTime/trainers/abstract_trainer.py:331: FutureWarning: The behavior of DataFrame concatenation with empty or all-NA entries is deprecated. In a future version, this will no longer exclude empty or all-NA columns when determining the result dtypes. To retain the old behavior, exclude the relevant entries before the concat operation.
  table = pd.concat([table, results_df], ignore_index=True)
H_score: 0.0282, OS* (acc_c): 0.1187, UNK (acc_p): 0.0160, acc_mix: 0.1012, F1: 0.1280
Uploading logs from: /mnt/data/home/tp2474/OpenSet-AdaTime/experiments_logs/curriculum/MHEALTH to RealWorld_UniDA_hard_n2_fno_mean/RAINCOAT_UniDA_hard_n2_fno_mean/MHEALTH_to_RealWorld_run_0
🏃 View run RAINCOAT_run_0 at: http://127.0.0.1:5001/#/experiments/604507857025383539/runs/da398ff30da14d919d3505315c5f6265
🧪 View experiment at: http://127.0.0.1:5001/#/experiments/604507857025383539
=============================================
Dataset: MHEALTH to RealWorld_UniDA_hard_n2_fno_mean
Method:  RAINCOAT
=============================================
Source: MHEALTH ---> Target: RealWorld
Run ID: 1
=============================================
[Align Epoch : 1/20]
Src_cls_loss	: 0.8130
Sink	: 0.8092
Recon	: 23.6622
-------------------------------------
[Align Epoch : 2/20]
Src_cls_loss	: 0.5610
Sink	: 0.7668
Recon	: 23.7681
-------------------------------------
[Align Epoch : 3/20]
Src_cls_loss	: 0.4292
Sink	: 0.7256
Recon	: 23.7490
-------------------------------------
[Align Epoch : 4/20]
Src_cls_loss	: 0.3506
Sink	: 0.6908
Recon	: 23.7670
-------------------------------------
[Align Epoch : 5/20]
Src_cls_loss	: 0.2976
Sink	: 0.6607
Recon	: 23.7700
-------------------------------------
[Align Epoch : 6/20]
Src_cls_loss	: 0.2590
Sink	: 0.6347
Recon	: 23.7367
-------------------------------------
[Align Epoch : 7/20]
Src_cls_loss	: 0.2305
Sink	: 0.6121
Recon	: 23.6845
-------------------------------------
[Align Epoch : 8/20]
Src_cls_loss	: 0.2076
Sink	: 0.5912
Recon	: 23.6514
-------------------------------------
[Align Epoch : 9/20]
Src_cls_loss	: 0.1898
Sink	: 0.5711
Recon	: 23.6371
-------------------------------------
[Align Epoch : 10/20]
Src_cls_loss	: 0.1751
Sink	: 0.5522
Recon	: 23.6202
-------------------------------------
[Align Epoch : 11/20]
Src_cls_loss	: 0.1628
Sink	: 0.5342
Recon	: 23.5910
-------------------------------------
[Align Epoch : 12/20]
Src_cls_loss	: 0.1523
Sink	: 0.5168
Recon	: 23.5673
-------------------------------------
[Align Epoch : 13/20]
Src_cls_loss	: 0.1439
Sink	: 0.5013
Recon	: 23.5423
-------------------------------------
[Align Epoch : 14/20]
Src_cls_loss	: 0.1361
Sink	: 0.4863
Recon	: 23.5082
-------------------------------------
[Align Epoch : 15/20]
Src_cls_loss	: 0.1292
Sink	: 0.4726
Recon	: 23.4876
-------------------------------------
[Align Epoch : 16/20]
Src_cls_loss	: 0.1229
Sink	: 0.4594
Recon	: 23.4536
-------------------------------------
[Align Epoch : 17/20]
Src_cls_loss	: 0.1179
Sink	: 0.4469
Recon	: 23.4238
-------------------------------------
[Align Epoch : 18/20]
Src_cls_loss	: 0.1131
Sink	: 0.4353
Recon	: 23.3964
-------------------------------------
[Align Epoch : 19/20]
Src_cls_loss	: 0.1087
Sink	: 0.4242
Recon	: 23.3744
-------------------------------------
[Align Epoch : 20/20]
Src_cls_loss	: 0.1044
Sink	: 0.4134
Recon	: 23.3472
-------------------------------------
[Correct Epoch : 1/20]
Recon_correct	: 22.8981
-------------------------------------
[Correct Epoch : 2/20]
Recon_correct	: 22.7949
-------------------------------------
[Correct Epoch : 3/20]
Recon_correct	: 22.6816
-------------------------------------
[Correct Epoch : 4/20]
Recon_correct	: 22.6604
-------------------------------------
[Correct Epoch : 5/20]
Recon_correct	: 22.6626
-------------------------------------
[Correct Epoch : 6/20]
Recon_correct	: 22.6306
-------------------------------------
[Correct Epoch : 7/20]
Recon_correct	: 22.6005
-------------------------------------
[Correct Epoch : 8/20]
Recon_correct	: 22.5831
-------------------------------------
[Correct Epoch : 9/20]
Recon_correct	: 22.5413
-------------------------------------
[Correct Epoch : 10/20]
Recon_correct	: 22.5119
-------------------------------------
[Correct Epoch : 11/20]
Recon_correct	: 22.4841
-------------------------------------
[Correct Epoch : 12/20]
Recon_correct	: 22.4585
-------------------------------------
[Correct Epoch : 13/20]
Recon_correct	: 22.4351
-------------------------------------
[Correct Epoch : 14/20]
Recon_correct	: 22.4060
-------------------------------------
[Correct Epoch : 15/20]
Recon_correct	: 22.3704
-------------------------------------
[Correct Epoch : 16/20]
Recon_correct	: 22.3411
-------------------------------------
[Correct Epoch : 17/20]
Recon_correct	: 22.3024
-------------------------------------
[Correct Epoch : 18/20]
Recon_correct	: 22.2794
-------------------------------------
[Correct Epoch : 19/20]
Recon_correct	: 22.2499
-------------------------------------
[Correct Epoch : 20/20]
Recon_correct	: 22.2204
-------------------------------------
H_score: 0.0198, OS* (acc_c): 0.1172, UNK (acc_p): 0.0108, acc_mix: 0.0991, F1: 0.0897
Uploading logs from: /mnt/data/home/tp2474/OpenSet-AdaTime/experiments_logs/curriculum/MHEALTH to RealWorld_UniDA_hard_n2_fno_mean/RAINCOAT_UniDA_hard_n2_fno_mean/MHEALTH_to_RealWorld_run_1
🏃 View run RAINCOAT_run_1 at: http://127.0.0.1:5001/#/experiments/604507857025383539/runs/f1578a931c2b404b828b4ac5b89d949e
🧪 View experiment at: http://127.0.0.1:5001/#/experiments/604507857025383539
=============================================
Dataset: MHEALTH to RealWorld_UniDA_hard_n2_fno_mean
Method:  RAINCOAT
=============================================
Source: MHEALTH ---> Target: RealWorld
Run ID: 2
=============================================
[Align Epoch : 1/20]
Src_cls_loss	: 0.8914
Sink	: 0.8397
Recon	: 23.6388
-------------------------------------
[Align Epoch : 2/20]
Src_cls_loss	: 0.6137
Sink	: 0.7845
Recon	: 23.7744
-------------------------------------
[Align Epoch : 3/20]
Src_cls_loss	: 0.4660
Sink	: 0.7341
Recon	: 23.7739
-------------------------------------
[Align Epoch : 4/20]
Src_cls_loss	: 0.3772
Sink	: 0.6918
Recon	: 23.7628
-------------------------------------
[Align Epoch : 5/20]
Src_cls_loss	: 0.3207
Sink	: 0.6537
Recon	: 23.7366
-------------------------------------
[Align Epoch : 6/20]
Src_cls_loss	: 0.2802
Sink	: 0.6200
Recon	: 23.7252
-------------------------------------
[Align Epoch : 7/20]
Src_cls_loss	: 0.2489
Sink	: 0.5920
Recon	: 23.6928
-------------------------------------
[Align Epoch : 8/20]
Src_cls_loss	: 0.2242
Sink	: 0.5671
Recon	: 23.6847
-------------------------------------
[Align Epoch : 9/20]
Src_cls_loss	: 0.2045
Sink	: 0.5434
Recon	: 23.6702
-------------------------------------
[Align Epoch : 10/20]
Src_cls_loss	: 0.1879
Sink	: 0.5227
Recon	: 23.6667
-------------------------------------
[Align Epoch : 11/20]
Src_cls_loss	: 0.1743
Sink	: 0.5041
Recon	: 23.6564
-------------------------------------
[Align Epoch : 12/20]
Src_cls_loss	: 0.1630
Sink	: 0.4868
Recon	: 23.6453
-------------------------------------
[Align Epoch : 13/20]
Src_cls_loss	: 0.1527
Sink	: 0.4710
Recon	: 23.6373
-------------------------------------
[Align Epoch : 14/20]
Src_cls_loss	: 0.1440
Sink	: 0.4564
Recon	: 23.6236
-------------------------------------
[Align Epoch : 15/20]
Src_cls_loss	: 0.1369
Sink	: 0.4429
Recon	: 23.6098
-------------------------------------
[Align Epoch : 16/20]
Src_cls_loss	: 0.1300
Sink	: 0.4307
Recon	: 23.5989
-------------------------------------
[Align Epoch : 17/20]
Src_cls_loss	: 0.1241
Sink	: 0.4188
Recon	: 23.5837
-------------------------------------
[Align Epoch : 18/20]
Src_cls_loss	: 0.1187
Sink	: 0.4075
Recon	: 23.5709
-------------------------------------
[Align Epoch : 19/20]
Src_cls_loss	: 0.1136
Sink	: 0.3965
Recon	: 23.5591
-------------------------------------
[Align Epoch : 20/20]
Src_cls_loss	: 0.1092
Sink	: 0.3860
Recon	: 23.5413
-------------------------------------
[Correct Epoch : 1/20]
Recon_correct	: 23.0547
-------------------------------------
[Correct Epoch : 2/20]
Recon_correct	: 22.9950
-------------------------------------
[Correct Epoch : 3/20]
Recon_correct	: 22.9514
-------------------------------------
[Correct Epoch : 4/20]
Recon_correct	: 22.9336
-------------------------------------
[Correct Epoch : 5/20]
Recon_correct	: 22.8828
-------------------------------------
[Correct Epoch : 6/20]
Recon_correct	: 22.8463
-------------------------------------
[Correct Epoch : 7/20]
Recon_correct	: 22.8144
-------------------------------------
[Correct Epoch : 8/20]
Recon_correct	: 22.7819
-------------------------------------
[Correct Epoch : 9/20]
Recon_correct	: 22.7617
-------------------------------------
[Correct Epoch : 10/20]
Recon_correct	: 22.7281
-------------------------------------
[Correct Epoch : 11/20]
Recon_correct	: 22.7073
-------------------------------------
[Correct Epoch : 12/20]
Recon_correct	: 22.6789
-------------------------------------
[Correct Epoch : 13/20]
Recon_correct	: 22.6564
-------------------------------------
[Correct Epoch : 14/20]
Recon_correct	: 22.6218
-------------------------------------
[Correct Epoch : 15/20]
Recon_correct	: 22.5900
-------------------------------------
[Correct Epoch : 16/20]
Recon_correct	: 22.5639
-------------------------------------
[Correct Epoch : 17/20]
Recon_correct	: 22.5351
-------------------------------------
[Correct Epoch : 18/20]
Recon_correct	: 22.5161
-------------------------------------
[Correct Epoch : 19/20]
Recon_correct	: 22.4877
-------------------------------------
[Correct Epoch : 20/20]
Recon_correct	: 22.4582
-------------------------------------
H_score: 0.1474, OS* (acc_c): 0.4234, UNK (acc_p): 0.0892, acc_mix: 0.3666, F1: 0.3737
Uploading logs from: /mnt/data/home/tp2474/OpenSet-AdaTime/experiments_logs/curriculum/MHEALTH to RealWorld_UniDA_hard_n2_fno_mean/RAINCOAT_UniDA_hard_n2_fno_mean/MHEALTH_to_RealWorld_run_2
🏃 View run RAINCOAT_run_2 at: http://127.0.0.1:5001/#/experiments/604507857025383539/runs/cc71a678ab724fb0af29542c46d74dff
🧪 View experiment at: http://127.0.0.1:5001/#/experiments/604507857025383539
=============================================
Dataset: MHEALTH to RealWorld_UniDA_hard_n2_fno_mean
Method:  RAINCOAT
=============================================
Source: MHEALTH ---> Target: RealWorld
Run ID: 3
=============================================
[Align Epoch : 1/20]
Src_cls_loss	: 0.9088
Sink	: 0.8125
Recon	: 24.0219
-------------------------------------
[Align Epoch : 2/20]
Src_cls_loss	: 0.6303
Sink	: 0.7715
Recon	: 23.7887
-------------------------------------
[Align Epoch : 3/20]
Src_cls_loss	: 0.4814
Sink	: 0.7343
Recon	: 23.7440
-------------------------------------
[Align Epoch : 4/20]
Src_cls_loss	: 0.3898
Sink	: 0.7022
Recon	: 23.7519
-------------------------------------
[Align Epoch : 5/20]
Src_cls_loss	: 0.3292
Sink	: 0.6772
Recon	: 23.7060
-------------------------------------
[Align Epoch : 6/20]
Src_cls_loss	: 0.2855
Sink	: 0.6520
Recon	: 23.7110
-------------------------------------
[Align Epoch : 7/20]
Src_cls_loss	: 0.2552
Sink	: 0.6305
Recon	: 23.7044
-------------------------------------
[Align Epoch : 8/20]
Src_cls_loss	: 0.2309
Sink	: 0.6110
Recon	: 23.7145
-------------------------------------
[Align Epoch : 9/20]
Src_cls_loss	: 0.2114
Sink	: 0.5930
Recon	: 23.6883
-------------------------------------
[Align Epoch : 10/20]
Src_cls_loss	: 0.1960
Sink	: 0.5757
Recon	: 23.6670
-------------------------------------
[Align Epoch : 11/20]
Src_cls_loss	: 0.1825
Sink	: 0.5581
Recon	: 23.6324
-------------------------------------
[Align Epoch : 12/20]
Src_cls_loss	: 0.1703
Sink	: 0.5411
Recon	: 23.6067
-------------------------------------
[Align Epoch : 13/20]
Src_cls_loss	: 0.1602
Sink	: 0.5250
Recon	: 23.5865
-------------------------------------
[Align Epoch : 14/20]
Src_cls_loss	: 0.1512
Sink	: 0.5087
Recon	: 23.5428
-------------------------------------
[Align Epoch : 15/20]
Src_cls_loss	: 0.1433
Sink	: 0.4938
Recon	: 23.5180
-------------------------------------
[Align Epoch : 16/20]
Src_cls_loss	: 0.1363
Sink	: 0.4797
Recon	: 23.4977
-------------------------------------
[Align Epoch : 17/20]
Src_cls_loss	: 0.1300
Sink	: 0.4660
Recon	: 23.4795
-------------------------------------
[Align Epoch : 18/20]
Src_cls_loss	: 0.1243
Sink	: 0.4529
Recon	: 23.4517
-------------------------------------
[Align Epoch : 19/20]
Src_cls_loss	: 0.1192
Sink	: 0.4405
Recon	: 23.4253
-------------------------------------
[Align Epoch : 20/20]
Src_cls_loss	: 0.1144
Sink	: 0.4284
Recon	: 23.3957
-------------------------------------
[Correct Epoch : 1/20]
Recon_correct	: 23.0286
-------------------------------------
[Correct Epoch : 2/20]
Recon_correct	: 22.8837
-------------------------------------
[Correct Epoch : 3/20]
Recon_correct	: 22.8450
-------------------------------------
[Correct Epoch : 4/20]
Recon_correct	: 22.7912
-------------------------------------
[Correct Epoch : 5/20]
Recon_correct	: 22.7429
-------------------------------------
[Correct Epoch : 6/20]
Recon_correct	: 22.7145
-------------------------------------
[Correct Epoch : 7/20]
Recon_correct	: 22.6841
-------------------------------------
[Correct Epoch : 8/20]
Recon_correct	: 22.6410
-------------------------------------
[Correct Epoch : 9/20]
Recon_correct	: 22.5977
-------------------------------------
[Correct Epoch : 10/20]
Recon_correct	: 22.5818
-------------------------------------
[Correct Epoch : 11/20]
Recon_correct	: 22.5531
-------------------------------------
[Correct Epoch : 12/20]
Recon_correct	: 22.5018
-------------------------------------
[Correct Epoch : 13/20]
Recon_correct	: 22.4809
-------------------------------------
[Correct Epoch : 14/20]
Recon_correct	: 22.4503
-------------------------------------
[Correct Epoch : 15/20]
Recon_correct	: 22.4145
-------------------------------------
[Correct Epoch : 16/20]
Recon_correct	: 22.3788
-------------------------------------
[Correct Epoch : 17/20]
Recon_correct	: 22.3502
-------------------------------------
[Correct Epoch : 18/20]
Recon_correct	: 22.3198
-------------------------------------
[Correct Epoch : 19/20]
Recon_correct	: 22.2912
-------------------------------------
[Correct Epoch : 20/20]
Recon_correct	: 22.2503
-------------------------------------
H_score: 0.1094, OS* (acc_c): 0.1342, UNK (acc_p): 0.0924, acc_mix: 0.1271, F1: 0.1840
Uploading logs from: /mnt/data/home/tp2474/OpenSet-AdaTime/experiments_logs/curriculum/MHEALTH to RealWorld_UniDA_hard_n2_fno_mean/RAINCOAT_UniDA_hard_n2_fno_mean/MHEALTH_to_RealWorld_run_3
🏃 View run RAINCOAT_run_3 at: http://127.0.0.1:5001/#/experiments/604507857025383539/runs/a0a6aff27f784258bf074a8d7566fab2
🧪 View experiment at: http://127.0.0.1:5001/#/experiments/604507857025383539
=============================================
Dataset: MHEALTH to RealWorld_UniDA_hard_n2_fno_mean
Method:  RAINCOAT
=============================================
Source: MHEALTH ---> Target: RealWorld
Run ID: 4
=============================================
[Align Epoch : 1/20]
Src_cls_loss	: 0.9120
Sink	: 0.7950
Recon	: 23.7965
-------------------------------------
[Align Epoch : 2/20]
Src_cls_loss	: 0.6164
Sink	: 0.7418
Recon	: 23.8447
-------------------------------------
[Align Epoch : 3/20]
Src_cls_loss	: 0.4704
Sink	: 0.6942
Recon	: 23.8001
-------------------------------------
[Align Epoch : 4/20]
Src_cls_loss	: 0.3809
Sink	: 0.6585
Recon	: 23.7638
-------------------------------------
[Align Epoch : 5/20]
Src_cls_loss	: 0.3206
Sink	: 0.6265
Recon	: 23.7403
-------------------------------------
[Align Epoch : 6/20]
Src_cls_loss	: 0.2794
Sink	: 0.5990
Recon	: 23.7158
-------------------------------------
[Align Epoch : 7/20]
Src_cls_loss	: 0.2480
Sink	: 0.5750
Recon	: 23.7083
-------------------------------------
[Align Epoch : 8/20]
Src_cls_loss	: 0.2234
Sink	: 0.5538
Recon	: 23.6827
-------------------------------------
[Align Epoch : 9/20]
Src_cls_loss	: 0.2044
Sink	: 0.5351
Recon	: 23.6638
-------------------------------------
[Align Epoch : 10/20]
Src_cls_loss	: 0.1880
Sink	: 0.5180
Recon	: 23.6420
-------------------------------------
[Align Epoch : 11/20]
Src_cls_loss	: 0.1748
Sink	: 0.5016
Recon	: 23.6034
-------------------------------------
[Align Epoch : 12/20]
Src_cls_loss	: 0.1634
Sink	: 0.4863
Recon	: 23.5912
-------------------------------------
[Align Epoch : 13/20]
Src_cls_loss	: 0.1540
Sink	: 0.4717
Recon	: 23.5717
-------------------------------------
[Align Epoch : 14/20]
Src_cls_loss	: 0.1455
Sink	: 0.4589
Recon	: 23.5424
-------------------------------------
[Align Epoch : 15/20]
Src_cls_loss	: 0.1402
Sink	: 0.4471
Recon	: 23.5157
-------------------------------------
[Align Epoch : 16/20]
Src_cls_loss	: 0.1337
Sink	: 0.4369
Recon	: 23.5064
-------------------------------------
[Align Epoch : 17/20]
Src_cls_loss	: 0.1276
Sink	: 0.4265
Recon	: 23.5054
-------------------------------------
[Align Epoch : 18/20]
Src_cls_loss	: 0.1219
Sink	: 0.4164
Recon	: 23.4917
-------------------------------------
[Align Epoch : 19/20]
Src_cls_loss	: 0.1168
Sink	: 0.4067
Recon	: 23.4832
-------------------------------------
[Align Epoch : 20/20]
Src_cls_loss	: 0.1126
Sink	: 0.3981
Recon	: 23.4535
-------------------------------------
[Correct Epoch : 1/20]
Recon_correct	: 22.8971
-------------------------------------
[Correct Epoch : 2/20]
Recon_correct	: 22.7366
-------------------------------------
[Correct Epoch : 3/20]
Recon_correct	: 22.7541
-------------------------------------
[Correct Epoch : 4/20]
Recon_correct	: 22.7451
-------------------------------------
[Correct Epoch : 5/20]
Recon_correct	: 22.7112
-------------------------------------
[Correct Epoch : 6/20]
Recon_correct	: 22.6848
-------------------------------------
[Correct Epoch : 7/20]
Recon_correct	: 22.6499
-------------------------------------
[Correct Epoch : 8/20]
Recon_correct	: 22.6199
-------------------------------------
[Correct Epoch : 9/20]
Recon_correct	: 22.5838
-------------------------------------
[Correct Epoch : 10/20]
Recon_correct	: 22.5631
-------------------------------------
[Correct Epoch : 11/20]
Recon_correct	: 22.5289
-------------------------------------
[Correct Epoch : 12/20]
Recon_correct	: 22.5174
-------------------------------------
[Correct Epoch : 13/20]
Recon_correct	: 22.4812
-------------------------------------
[Correct Epoch : 14/20]
Recon_correct	: 22.4615
-------------------------------------
[Correct Epoch : 15/20]
Recon_correct	: 22.4227
-------------------------------------
[Correct Epoch : 16/20]
Recon_correct	: 22.3925
-------------------------------------
[Correct Epoch : 17/20]
Recon_correct	: 22.3541
-------------------------------------
[Correct Epoch : 18/20]
Recon_correct	: 22.3195
-------------------------------------
[Correct Epoch : 19/20]
Recon_correct	: 22.2831
-------------------------------------
[Correct Epoch : 20/20]
Recon_correct	: 22.2537
-------------------------------------
H_score: 0.3659, OS* (acc_c): 0.2764, UNK (acc_p): 0.5414, acc_mix: 0.3214, F1: 0.3149
Uploading logs from: /mnt/data/home/tp2474/OpenSet-AdaTime/experiments_logs/curriculum/MHEALTH to RealWorld_UniDA_hard_n2_fno_mean/RAINCOAT_UniDA_hard_n2_fno_mean/MHEALTH_to_RealWorld_run_4
🏃 View run RAINCOAT_run_4 at: http://127.0.0.1:5001/#/experiments/604507857025383539/runs/383b1716a1d44038b52502b2dd48c68d
🧪 View experiment at: http://127.0.0.1:5001/#/experiments/604507857025383539
==================== [n2 fno_mean] UniOT ====================
[curriculum] scenario=UniDA  strategy=hard  n_unknown=2  rank_variant=fno_mean
[curriculum] source mapping (6 classes): {'Lying down': 'lying', 'Sitting and relaxing': 'sitting', 'Walking': 'walking', 'Running': 'running', 'Climbing stairs': 'Climbing stairs', 'Frontal elevation of arms': 'Frontal elevation of arms'}
[curriculum] target mapping (6 classes): {'lying': 'lying', 'sitting': 'sitting', 'walking': 'walking', 'running': 'running', 'climbingup': 'climbingup', 'jumping': 'jumping'}
[curriculum] unknowns added (in hard order): src=[Climbing stairs,Frontal elevation of arms] | trg=[climbingup,jumping]
[scenario] UniOT -> UniDA (uniDA=True)
Unlabeled data shape:  (31587, 150, 18)
Unlabelled Combined shape: (54330, 150, 18)

--- Dataloader Size Check ---
Source Train batches:   54
Target Train batches:   987
-------------------------------

Private classes:  tensor([6., 7.])
=============================================
Dataset: MHEALTH to RealWorld_UniDA_hard_n2_fno_mean
Method:  UniOT
=============================================
Source: MHEALTH ---> Target: RealWorld
Run ID: 0
=============================================
[Pr Epoch : 1/20]
Pr_Src_cls_loss	: 0.4287
-------------------------------------
[Pr Epoch : 2/20]
Pr_Src_cls_loss	: 0.2269
-------------------------------------
[Pr Epoch : 3/20]
Pr_Src_cls_loss	: 0.1563
-------------------------------------
[Pr Epoch : 4/20]
Pr_Src_cls_loss	: 0.1197
-------------------------------------
[Pr Epoch : 5/20]
Pr_Src_cls_loss	: 0.0973
-------------------------------------
[Pr Epoch : 6/20]
Pr_Src_cls_loss	: 0.0817
-------------------------------------
[Pr Epoch : 7/20]
Pr_Src_cls_loss	: 0.0714
-------------------------------------
[Pr Epoch : 8/20]
Pr_Src_cls_loss	: 0.0665
-------------------------------------
[Pr Epoch : 9/20]
Pr_Src_cls_loss	: 0.0650
-------------------------------------
[Pr Epoch : 10/20]
Pr_Src_cls_loss	: 0.0599
-------------------------------------
[Pr Epoch : 11/20]
Pr_Src_cls_loss	: 0.0549
-------------------------------------
[Pr Epoch : 12/20]
Pr_Src_cls_loss	: 0.0507
-------------------------------------
[Pr Epoch : 13/20]
Pr_Src_cls_loss	: 0.0472
-------------------------------------
[Pr Epoch : 14/20]
Pr_Src_cls_loss	: 0.0441
-------------------------------------
[Pr Epoch : 15/20]
Pr_Src_cls_loss	: 0.0415
-------------------------------------
[Pr Epoch : 16/20]
Pr_Src_cls_loss	: 0.0394
-------------------------------------
[Pr Epoch : 17/20]
Pr_Src_cls_loss	: 0.0373
-------------------------------------
[Pr Epoch : 18/20]
Pr_Src_cls_loss	: 0.0352
-------------------------------------
[Pr Epoch : 19/20]
Pr_Src_cls_loss	: 0.0334
-------------------------------------
[Pr Epoch : 20/20]
Pr_Src_cls_loss	: 0.0321
-------------------------------------
/mnt/data/home/tp2474/OpenSet-AdaTime/algorithms/algorithms.py:1401: UserWarning: Implicit dimension choice for log_softmax has been deprecated. Change the call to include dim=X as an argument.
  sub_loss_local += -torch.sum(neighbor_Q[i, :] * F.log_softmax(after_cluhead_t[i, :]))
/mnt/data/home/tp2474/OpenSet-AdaTime/algorithms/algorithms.py:1402: UserWarning: Implicit dimension choice for log_softmax has been deprecated. Change the call to include dim=X as an argument.
  sub_loss_local += -torch.sum(anchor_Q[i, :] * F.log_softmax(neighbor_output[i, :]))
[Epoch : 1/20]
Pr_Src_cls_loss	: 0.0321
Total_loss	: 0.0292
loss_cls	: 0.0283
loss_PCD	: 3.6674
loss_CCD	: 0.0024
-------------------------------------
[Epoch : 2/20]
Pr_Src_cls_loss	: 0.0321
Total_loss	: 0.0193
loss_cls	: 0.0188
loss_PCD	: 3.6612
loss_CCD	: 0.0014
-------------------------------------
[Epoch : 3/20]
Pr_Src_cls_loss	: 0.0321
Total_loss	: 0.0137
loss_cls	: 0.0133
loss_PCD	: 3.6869
loss_CCD	: 0.0011
-------------------------------------
[Epoch : 4/20]
Pr_Src_cls_loss	: 0.0321
Total_loss	: 0.0103
loss_cls	: 0.0100
loss_PCD	: 3.6680
loss_CCD	: 0.0009
-------------------------------------
[Epoch : 5/20]
Pr_Src_cls_loss	: 0.0321
Total_loss	: 0.0146
loss_cls	: 0.0143
loss_PCD	: 3.7060
loss_CCD	: 0.0008
-------------------------------------
[Epoch : 6/20]
Pr_Src_cls_loss	: 0.0321
Total_loss	: 0.0155
loss_cls	: 0.0152
loss_PCD	: 3.7416
loss_CCD	: 0.0009
-------------------------------------
[Epoch : 7/20]
Pr_Src_cls_loss	: 0.0321
Total_loss	: 0.0149
loss_cls	: 0.0146
loss_PCD	: 3.7288
loss_CCD	: 0.0011
-------------------------------------
[Epoch : 8/20]
Pr_Src_cls_loss	: 0.0321
Total_loss	: 0.0143
loss_cls	: 0.0139
loss_PCD	: 3.7197
loss_CCD	: 0.0010
-------------------------------------
[Epoch : 9/20]
Pr_Src_cls_loss	: 0.0321
Total_loss	: 0.0132
loss_cls	: 0.0128
loss_PCD	: 3.7252
loss_CCD	: 0.0009
Src_cls_loss	: 0.0000
-------------------------------------
[Epoch : 10/20]
Pr_Src_cls_loss	: 0.0321
Total_loss	: 0.0123
loss_cls	: 0.0120
loss_PCD	: 3.7171
loss_CCD	: 0.0009
Src_cls_loss	: 0.0000
-------------------------------------
[Epoch : 11/20]
Pr_Src_cls_loss	: 0.0321
Total_loss	: 0.0121
loss_cls	: 0.0118
loss_PCD	: 3.7242
loss_CCD	: 0.0008
Src_cls_loss	: 0.0000
-------------------------------------
[Epoch : 12/20]
Pr_Src_cls_loss	: 0.0321
Total_loss	: 0.0114
loss_cls	: 0.0111
loss_PCD	: 3.7263
loss_CCD	: 0.0008
Src_cls_loss	: 0.0000
-------------------------------------
[Epoch : 13/20]
Pr_Src_cls_loss	: 0.0321
Total_loss	: 0.0119
loss_cls	: 0.0117
loss_PCD	: 3.7303
loss_CCD	: 0.0008
Src_cls_loss	: 0.0000
-------------------------------------
[Epoch : 14/20]
Pr_Src_cls_loss	: 0.0321
Total_loss	: 0.0116
loss_cls	: 0.0114
loss_PCD	: 3.7286
loss_CCD	: 0.0008
Src_cls_loss	: 0.0000
-------------------------------------
[Epoch : 15/20]
Pr_Src_cls_loss	: 0.0321
Total_loss	: 0.0136
loss_cls	: 0.0133
loss_PCD	: 3.7321
loss_CCD	: 0.0008
Src_cls_loss	: 0.0000
-------------------------------------
[Epoch : 16/20]
Pr_Src_cls_loss	: 0.0321
Total_loss	: 0.0139
loss_cls	: 0.0136
loss_PCD	: 3.7532
loss_CCD	: 0.0008
Src_cls_loss	: 0.0000
-------------------------------------
[Epoch : 17/20]
Pr_Src_cls_loss	: 0.0321
Total_loss	: 0.0136
loss_cls	: 0.0133
loss_PCD	: 3.7802
loss_CCD	: 0.0007
Src_cls_loss	: 0.0000
-------------------------------------
[Epoch : 18/20]
Pr_Src_cls_loss	: 0.0321
Total_loss	: 0.0131
loss_cls	: 0.0129
loss_PCD	: 3.8042
loss_CCD	: 0.0007
Src_cls_loss	: 0.0000
-------------------------------------
[Epoch : 19/20]
Pr_Src_cls_loss	: 0.0321
Total_loss	: 0.0132
loss_cls	: 0.0129
loss_PCD	: 3.8215
loss_CCD	: 0.0008
Src_cls_loss	: 0.0000
-------------------------------------
[Epoch : 20/20]
Pr_Src_cls_loss	: 0.0321
Total_loss	: 0.0125
loss_cls	: 0.0123
loss_PCD	: 3.8318
loss_CCD	: 0.0008
Src_cls_loss	: 0.0000
-------------------------------------
/mnt/data/home/tp2474/OpenSet-AdaTime/trainers/abstract_trainer.py:331: FutureWarning: The behavior of DataFrame concatenation with empty or all-NA entries is deprecated. In a future version, this will no longer exclude empty or all-NA columns when determining the result dtypes. To retain the old behavior, exclude the relevant entries before the concat operation.
  table = pd.concat([table, results_df], ignore_index=True)
H_score: 0.3537, OS* (acc_c): 0.2283, UNK (acc_p): 0.7852, acc_mix: 0.3229, F1: 0.2683
Uploading logs from: /mnt/data/home/tp2474/OpenSet-AdaTime/experiments_logs/curriculum/MHEALTH to RealWorld_UniDA_hard_n2_fno_mean/UniOT_UniDA_hard_n2_fno_mean/MHEALTH_to_RealWorld_run_0
🏃 View run UniOT_run_0 at: http://127.0.0.1:5001/#/experiments/604507857025383539/runs/108dbb652ace4a1fb1272f8e9a7c367b
🧪 View experiment at: http://127.0.0.1:5001/#/experiments/604507857025383539
=============================================
Dataset: MHEALTH to RealWorld_UniDA_hard_n2_fno_mean
Method:  UniOT
=============================================
Source: MHEALTH ---> Target: RealWorld
Run ID: 1
=============================================
[Pr Epoch : 1/20]
Pr_Src_cls_loss	: 0.4382
-------------------------------------
[Pr Epoch : 2/20]
Pr_Src_cls_loss	: 0.2313
-------------------------------------
[Pr Epoch : 3/20]
Pr_Src_cls_loss	: 0.1565
-------------------------------------
[Pr Epoch : 4/20]
Pr_Src_cls_loss	: 0.1178
-------------------------------------
[Pr Epoch : 5/20]
Pr_Src_cls_loss	: 0.0951
-------------------------------------
[Pr Epoch : 6/20]
Pr_Src_cls_loss	: 0.0834
-------------------------------------
[Pr Epoch : 7/20]
Pr_Src_cls_loss	: 0.0743
-------------------------------------
[Pr Epoch : 8/20]
Pr_Src_cls_loss	: 0.0664
-------------------------------------
[Pr Epoch : 9/20]
Pr_Src_cls_loss	: 0.0598
-------------------------------------
[Pr Epoch : 10/20]
Pr_Src_cls_loss	: 0.0545
-------------------------------------
[Pr Epoch : 11/20]
Pr_Src_cls_loss	: 0.0506
-------------------------------------
[Pr Epoch : 12/20]
Pr_Src_cls_loss	: 0.0481
-------------------------------------
[Pr Epoch : 13/20]
Pr_Src_cls_loss	: 0.0456
-------------------------------------
[Pr Epoch : 14/20]
Pr_Src_cls_loss	: 0.0428
-------------------------------------
[Pr Epoch : 15/20]
Pr_Src_cls_loss	: 0.0401
-------------------------------------
[Pr Epoch : 16/20]
Pr_Src_cls_loss	: 0.0381
-------------------------------------
[Pr Epoch : 17/20]
Pr_Src_cls_loss	: 0.0363
-------------------------------------
[Pr Epoch : 18/20]
Pr_Src_cls_loss	: 0.0347
-------------------------------------
[Pr Epoch : 19/20]
Pr_Src_cls_loss	: 0.0331
-------------------------------------
[Pr Epoch : 20/20]
Pr_Src_cls_loss	: 0.0316
-------------------------------------
[Epoch : 1/20]
Pr_Src_cls_loss	: 0.0316
Total_loss	: 0.0083
loss_cls	: 0.0077
loss_PCD	: 3.2784
loss_CCD	: 0.0016
-------------------------------------
[Epoch : 2/20]
Pr_Src_cls_loss	: 0.0316
Total_loss	: 0.0144
loss_cls	: 0.0140
loss_PCD	: 3.1991
loss_CCD	: 0.0012
-------------------------------------
[Epoch : 3/20]
Pr_Src_cls_loss	: 0.0316
Total_loss	: 0.0201
loss_cls	: 0.0197
loss_PCD	: 3.2057
loss_CCD	: 0.0011
-------------------------------------
[Epoch : 4/20]
Pr_Src_cls_loss	: 0.0316
Total_loss	: 0.0203
loss_cls	: 0.0199
loss_PCD	: 3.2328
loss_CCD	: 0.0011
-------------------------------------
[Epoch : 5/20]
Pr_Src_cls_loss	: 0.0316
Total_loss	: 0.0202
loss_cls	: 0.0198
loss_PCD	: 3.2528
loss_CCD	: 0.0011
-------------------------------------
[Epoch : 6/20]
Pr_Src_cls_loss	: 0.0316
Total_loss	: 0.0209
loss_cls	: 0.0205
loss_PCD	: 3.2700
loss_CCD	: 0.0011
-------------------------------------
[Epoch : 7/20]
Pr_Src_cls_loss	: 0.0316
Total_loss	: 0.0189
loss_cls	: 0.0186
loss_PCD	: 3.2920
loss_CCD	: 0.0010
-------------------------------------
[Epoch : 8/20]
Pr_Src_cls_loss	: 0.0316
Total_loss	: 0.0168
loss_cls	: 0.0164
loss_PCD	: 3.3103
loss_CCD	: 0.0009
-------------------------------------
[Epoch : 9/20]
Pr_Src_cls_loss	: 0.0316
Total_loss	: 0.0150
loss_cls	: 0.0147
loss_PCD	: 3.3223
loss_CCD	: 0.0009
Src_cls_loss	: 0.0000
-------------------------------------
[Epoch : 10/20]
Pr_Src_cls_loss	: 0.0316
Total_loss	: 0.0135
loss_cls	: 0.0132
loss_PCD	: 3.3312
loss_CCD	: 0.0008
Src_cls_loss	: 0.0000
-------------------------------------
[Epoch : 11/20]
Pr_Src_cls_loss	: 0.0316
Total_loss	: 0.0123
loss_cls	: 0.0121
loss_PCD	: 3.3366
loss_CCD	: 0.0007
Src_cls_loss	: 0.0000
-------------------------------------
[Epoch : 12/20]
Pr_Src_cls_loss	: 0.0316
Total_loss	: 0.0113
loss_cls	: 0.0111
loss_PCD	: 3.3398
loss_CCD	: 0.0007
Src_cls_loss	: 0.0000
-------------------------------------
[Epoch : 13/20]
Pr_Src_cls_loss	: 0.0316
Total_loss	: 0.0108
loss_cls	: 0.0106
loss_PCD	: 3.3467
loss_CCD	: 0.0006
Src_cls_loss	: 0.0000
-------------------------------------
[Epoch : 14/20]
Pr_Src_cls_loss	: 0.0316
Total_loss	: 0.0101
loss_cls	: 0.0099
loss_PCD	: 3.3475
loss_CCD	: 0.0006
Src_cls_loss	: 0.0000
-------------------------------------
[Epoch : 15/20]
Pr_Src_cls_loss	: 0.0316
Total_loss	: 0.0094
loss_cls	: 0.0092
loss_PCD	: 3.3465
loss_CCD	: 0.0006
Src_cls_loss	: 0.0000
-------------------------------------
[Epoch : 16/20]
Pr_Src_cls_loss	: 0.0316
Total_loss	: 0.0088
loss_cls	: 0.0086
loss_PCD	: 3.3442
loss_CCD	: 0.0006
Src_cls_loss	: 0.0000
-------------------------------------
[Epoch : 17/20]
Pr_Src_cls_loss	: 0.0316
Total_loss	: 0.0083
loss_cls	: 0.0081
loss_PCD	: 3.3418
loss_CCD	: 0.0005
Src_cls_loss	: 0.0000
-------------------------------------
[Epoch : 18/20]
Pr_Src_cls_loss	: 0.0316
Total_loss	: 0.0079
loss_cls	: 0.0077
loss_PCD	: 3.3400
loss_CCD	: 0.0005
Src_cls_loss	: 0.0000
-------------------------------------
[Epoch : 19/20]
Pr_Src_cls_loss	: 0.0316
Total_loss	: 0.0075
loss_cls	: 0.0073
loss_PCD	: 3.3398
loss_CCD	: 0.0005
Src_cls_loss	: 0.0000
-------------------------------------
[Epoch : 20/20]
Pr_Src_cls_loss	: 0.0316
Total_loss	: 0.0074
loss_cls	: 0.0073
loss_PCD	: 3.3383
loss_CCD	: 0.0005
Src_cls_loss	: 0.0000
-------------------------------------
H_score: 0.2968, OS* (acc_c): 0.2069, UNK (acc_p): 0.5250, acc_mix: 0.2609, F1: 0.2343
Uploading logs from: /mnt/data/home/tp2474/OpenSet-AdaTime/experiments_logs/curriculum/MHEALTH to RealWorld_UniDA_hard_n2_fno_mean/UniOT_UniDA_hard_n2_fno_mean/MHEALTH_to_RealWorld_run_1
🏃 View run UniOT_run_1 at: http://127.0.0.1:5001/#/experiments/604507857025383539/runs/ab8810a7ab3f44da9e18e68de03f288f
🧪 View experiment at: http://127.0.0.1:5001/#/experiments/604507857025383539
=============================================
Dataset: MHEALTH to RealWorld_UniDA_hard_n2_fno_mean
Method:  UniOT
=============================================
Source: MHEALTH ---> Target: RealWorld
Run ID: 2
=============================================
[Pr Epoch : 1/20]
Pr_Src_cls_loss	: 0.4369
-------------------------------------
[Pr Epoch : 2/20]
Pr_Src_cls_loss	: 0.2315
-------------------------------------
[Pr Epoch : 3/20]
Pr_Src_cls_loss	: 0.1609
-------------------------------------
[Pr Epoch : 4/20]
Pr_Src_cls_loss	: 0.1236
-------------------------------------
[Pr Epoch : 5/20]
Pr_Src_cls_loss	: 0.1000
-------------------------------------
[Pr Epoch : 6/20]
Pr_Src_cls_loss	: 0.0843
-------------------------------------
[Pr Epoch : 7/20]
Pr_Src_cls_loss	: 0.0744
-------------------------------------
[Pr Epoch : 8/20]
Pr_Src_cls_loss	: 0.0666
-------------------------------------
[Pr Epoch : 9/20]
Pr_Src_cls_loss	: 0.0600
-------------------------------------
[Pr Epoch : 10/20]
Pr_Src_cls_loss	: 0.0551
-------------------------------------
[Pr Epoch : 11/20]
Pr_Src_cls_loss	: 0.0510
-------------------------------------
[Pr Epoch : 12/20]
Pr_Src_cls_loss	: 0.0468
-------------------------------------
[Pr Epoch : 13/20]
Pr_Src_cls_loss	: 0.0433
-------------------------------------
[Pr Epoch : 14/20]
Pr_Src_cls_loss	: 0.0404
-------------------------------------
[Pr Epoch : 15/20]
Pr_Src_cls_loss	: 0.0381
-------------------------------------
[Pr Epoch : 16/20]
Pr_Src_cls_loss	: 0.0369
-------------------------------------
[Pr Epoch : 17/20]
Pr_Src_cls_loss	: 0.0356
-------------------------------------
[Pr Epoch : 18/20]
Pr_Src_cls_loss	: 0.0342
-------------------------------------
[Pr Epoch : 19/20]
Pr_Src_cls_loss	: 0.0329
-------------------------------------
[Pr Epoch : 20/20]
Pr_Src_cls_loss	: 0.0317
-------------------------------------
[Epoch : 1/20]
Pr_Src_cls_loss	: 0.0317
Total_loss	: 0.0181
loss_cls	: 0.0169
loss_PCD	: 3.8851
loss_CCD	: 0.0033
-------------------------------------
[Epoch : 2/20]
Pr_Src_cls_loss	: 0.0317
Total_loss	: 0.0234
loss_cls	: 0.0227
loss_PCD	: 3.7914
loss_CCD	: 0.0021
-------------------------------------
[Epoch : 3/20]
Pr_Src_cls_loss	: 0.0317
Total_loss	: 0.0232
loss_cls	: 0.0226
loss_PCD	: 3.7651
loss_CCD	: 0.0017
-------------------------------------
[Epoch : 4/20]
Pr_Src_cls_loss	: 0.0317
Total_loss	: 0.0186
loss_cls	: 0.0180
loss_PCD	: 3.7357
loss_CCD	: 0.0018
-------------------------------------
[Epoch : 5/20]
Pr_Src_cls_loss	: 0.0317
Total_loss	: 0.0172
loss_cls	: 0.0166
loss_PCD	: 3.7311
loss_CCD	: 0.0016
-------------------------------------
[Epoch : 6/20]
Pr_Src_cls_loss	: 0.0317
Total_loss	: 0.0176
loss_cls	: 0.0171
loss_PCD	: 3.7343
loss_CCD	: 0.0015
-------------------------------------
[Epoch : 7/20]
Pr_Src_cls_loss	: 0.0317
Total_loss	: 0.0170
loss_cls	: 0.0165
loss_PCD	: 3.7623
loss_CCD	: 0.0013
-------------------------------------
[Epoch : 8/20]
Pr_Src_cls_loss	: 0.0317
Total_loss	: 0.0154
loss_cls	: 0.0150
loss_PCD	: 3.7886
loss_CCD	: 0.0012
-------------------------------------
[Epoch : 9/20]
Pr_Src_cls_loss	: 0.0317
Total_loss	: 0.0137
loss_cls	: 0.0133
loss_PCD	: 3.7845
loss_CCD	: 0.0012
Src_cls_loss	: 0.0000
-------------------------------------
[Epoch : 10/20]
Pr_Src_cls_loss	: 0.0317
Total_loss	: 0.0130
loss_cls	: 0.0126
loss_PCD	: 3.7843
loss_CCD	: 0.0011
Src_cls_loss	: 0.0000
-------------------------------------
[Epoch : 11/20]
Pr_Src_cls_loss	: 0.0317
Total_loss	: 0.0119
loss_cls	: 0.0116
loss_PCD	: 3.7923
loss_CCD	: 0.0010
Src_cls_loss	: 0.0000
-------------------------------------
[Epoch : 12/20]
Pr_Src_cls_loss	: 0.0317
Total_loss	: 0.0110
loss_cls	: 0.0106
loss_PCD	: 3.7973
loss_CCD	: 0.0010
Src_cls_loss	: 0.0000
-------------------------------------
[Epoch : 13/20]
Pr_Src_cls_loss	: 0.0317
Total_loss	: 0.0102
loss_cls	: 0.0099
loss_PCD	: 3.7960
loss_CCD	: 0.0009
Src_cls_loss	: 0.0000
-------------------------------------
[Epoch : 14/20]
Pr_Src_cls_loss	: 0.0317
Total_loss	: 0.0101
loss_cls	: 0.0098
loss_PCD	: 3.7914
loss_CCD	: 0.0008
Src_cls_loss	: 0.0000
-------------------------------------
[Epoch : 15/20]
Pr_Src_cls_loss	: 0.0317
Total_loss	: 0.0094
loss_cls	: 0.0092
loss_PCD	: 3.8007
loss_CCD	: 0.0008
Src_cls_loss	: 0.0000
-------------------------------------
[Epoch : 16/20]
Pr_Src_cls_loss	: 0.0317
Total_loss	: 0.0102
loss_cls	: 0.0100
loss_PCD	: 3.8098
loss_CCD	: 0.0008
Src_cls_loss	: 0.0000
-------------------------------------
[Epoch : 17/20]
Pr_Src_cls_loss	: 0.0317
Total_loss	: 0.0106
loss_cls	: 0.0104
loss_PCD	: 3.8160
loss_CCD	: 0.0008
Src_cls_loss	: 0.0000
-------------------------------------
[Epoch : 18/20]
Pr_Src_cls_loss	: 0.0317
Total_loss	: 0.0102
loss_cls	: 0.0100
loss_PCD	: 3.7965
loss_CCD	: 0.0008
Src_cls_loss	: 0.0000
-------------------------------------
[Epoch : 19/20]
Pr_Src_cls_loss	: 0.0317
Total_loss	: 0.0104
loss_cls	: 0.0101
loss_PCD	: 3.7856
loss_CCD	: 0.0007
Src_cls_loss	: 0.0000
-------------------------------------
[Epoch : 20/20]
Pr_Src_cls_loss	: 0.0317
Total_loss	: 0.0100
loss_cls	: 0.0097
loss_PCD	: 3.7740
loss_CCD	: 0.0007
Src_cls_loss	: 0.0000
-------------------------------------
/home/tp2474/miniconda3/envs/myenv/lib/python3.9/site-packages/ot/backend.py:1203: RuntimeWarning: overflow encountered in exp
  return np.exp(a)
/home/tp2474/miniconda3/envs/myenv/lib/python3.9/site-packages/ot/unbalanced/_sinkhorn.py:770: UserWarning: Numerical errors at iteration 0
  warnings.warn("Numerical errors at iteration %s" % i)
H_score: 0.1459, OS* (acc_c): 0.0803, UNK (acc_p): 0.7951, acc_mix: 0.2018, F1: 0.1520
Uploading logs from: /mnt/data/home/tp2474/OpenSet-AdaTime/experiments_logs/curriculum/MHEALTH to RealWorld_UniDA_hard_n2_fno_mean/UniOT_UniDA_hard_n2_fno_mean/MHEALTH_to_RealWorld_run_2
🏃 View run UniOT_run_2 at: http://127.0.0.1:5001/#/experiments/604507857025383539/runs/2535dd10e80c4e5aa83a777ab9b56904
🧪 View experiment at: http://127.0.0.1:5001/#/experiments/604507857025383539
=============================================
Dataset: MHEALTH to RealWorld_UniDA_hard_n2_fno_mean
Method:  UniOT
=============================================
Source: MHEALTH ---> Target: RealWorld
Run ID: 3
=============================================
[Pr Epoch : 1/20]
Pr_Src_cls_loss	: 0.2662
-------------------------------------
[Pr Epoch : 2/20]
Pr_Src_cls_loss	: 0.1450
-------------------------------------
[Pr Epoch : 3/20]
Pr_Src_cls_loss	: 0.1054
-------------------------------------
[Pr Epoch : 4/20]
Pr_Src_cls_loss	: 0.0801
-------------------------------------
[Pr Epoch : 5/20]
Pr_Src_cls_loss	: 0.0649
-------------------------------------
[Pr Epoch : 6/20]
Pr_Src_cls_loss	: 0.0550
-------------------------------------
[Pr Epoch : 7/20]
Pr_Src_cls_loss	: 0.0491
-------------------------------------
[Pr Epoch : 8/20]
Pr_Src_cls_loss	: 0.0460
-------------------------------------
[Pr Epoch : 9/20]
Pr_Src_cls_loss	: 0.0437
-------------------------------------
[Pr Epoch : 10/20]
Pr_Src_cls_loss	: 0.0401
-------------------------------------
[Pr Epoch : 11/20]
Pr_Src_cls_loss	: 0.0386
-------------------------------------
[Pr Epoch : 12/20]
Pr_Src_cls_loss	: 0.0363
-------------------------------------
[Pr Epoch : 13/20]
Pr_Src_cls_loss	: 0.0339
-------------------------------------
[Pr Epoch : 14/20]
Pr_Src_cls_loss	: 0.0320
-------------------------------------
[Pr Epoch : 15/20]
Pr_Src_cls_loss	: 0.0303
-------------------------------------
[Pr Epoch : 16/20]
Pr_Src_cls_loss	: 0.0287
-------------------------------------
[Pr Epoch : 17/20]
Pr_Src_cls_loss	: 0.0270
-------------------------------------
[Pr Epoch : 18/20]
Pr_Src_cls_loss	: 0.0257
-------------------------------------
[Pr Epoch : 19/20]
Pr_Src_cls_loss	: 0.0247
-------------------------------------
[Pr Epoch : 20/20]
Pr_Src_cls_loss	: 0.0236
-------------------------------------
[Epoch : 1/20]
Pr_Src_cls_loss	: 0.0236
Total_loss	: 0.0103
loss_cls	: 0.0087
loss_PCD	: 3.7277
loss_CCD	: 0.0044
-------------------------------------
[Epoch : 2/20]
Pr_Src_cls_loss	: 0.0236
Total_loss	: 0.0096
loss_cls	: 0.0087
loss_PCD	: 3.7628
loss_CCD	: 0.0026
-------------------------------------
[Epoch : 3/20]
Pr_Src_cls_loss	: 0.0236
Total_loss	: 0.0090
loss_cls	: 0.0083
loss_PCD	: 3.7485
loss_CCD	: 0.0018
-------------------------------------
[Epoch : 4/20]
Pr_Src_cls_loss	: 0.0236
Total_loss	: 0.0116
loss_cls	: 0.0111
loss_PCD	: 3.7675
loss_CCD	: 0.0015
-------------------------------------
[Epoch : 5/20]
Pr_Src_cls_loss	: 0.0236
Total_loss	: 0.0134
loss_cls	: 0.0129
loss_PCD	: 3.7646
loss_CCD	: 0.0015
-------------------------------------
[Epoch : 6/20]
Pr_Src_cls_loss	: 0.0236
Total_loss	: 0.0151
loss_cls	: 0.0146
loss_PCD	: 3.7784
loss_CCD	: 0.0014
-------------------------------------
[Epoch : 7/20]
Pr_Src_cls_loss	: 0.0236
Total_loss	: 0.0156
loss_cls	: 0.0152
loss_PCD	: 3.8099
loss_CCD	: 0.0013
-------------------------------------
[Epoch : 8/20]
Pr_Src_cls_loss	: 0.0236
Total_loss	: 0.0154
loss_cls	: 0.0149
loss_PCD	: 3.8391
loss_CCD	: 0.0013
-------------------------------------
[Epoch : 9/20]
Pr_Src_cls_loss	: 0.0236
Total_loss	: 0.0143
loss_cls	: 0.0139
loss_PCD	: 3.8555
loss_CCD	: 0.0012
Src_cls_loss	: 0.0000
-------------------------------------
[Epoch : 10/20]
Pr_Src_cls_loss	: 0.0236
Total_loss	: 0.0129
loss_cls	: 0.0125
loss_PCD	: 3.8464
loss_CCD	: 0.0011
Src_cls_loss	: 0.0000
-------------------------------------
[Epoch : 11/20]
Pr_Src_cls_loss	: 0.0236
Total_loss	: 0.0117
loss_cls	: 0.0114
loss_PCD	: 3.8197
loss_CCD	: 0.0010
Src_cls_loss	: 0.0000
-------------------------------------
[Epoch : 12/20]
Pr_Src_cls_loss	: 0.0236
Total_loss	: 0.0108
loss_cls	: 0.0104
loss_PCD	: 3.8032
loss_CCD	: 0.0009
Src_cls_loss	: 0.0000
-------------------------------------
[Epoch : 13/20]
Pr_Src_cls_loss	: 0.0236
Total_loss	: 0.0099
loss_cls	: 0.0096
loss_PCD	: 3.7885
loss_CCD	: 0.0009
Src_cls_loss	: 0.0000
-------------------------------------
[Epoch : 14/20]
Pr_Src_cls_loss	: 0.0236
Total_loss	: 0.0092
loss_cls	: 0.0089
loss_PCD	: 3.7758
loss_CCD	: 0.0008
Src_cls_loss	: 0.0000
-------------------------------------
[Epoch : 15/20]
Pr_Src_cls_loss	: 0.0236
Total_loss	: 0.0086
loss_cls	: 0.0084
loss_PCD	: 3.7662
loss_CCD	: 0.0008
Src_cls_loss	: 0.0000
-------------------------------------
[Epoch : 16/20]
Pr_Src_cls_loss	: 0.0236
Total_loss	: 0.0095
loss_cls	: 0.0093
loss_PCD	: 3.7640
loss_CCD	: 0.0007
Src_cls_loss	: 0.0000
-------------------------------------
[Epoch : 17/20]
Pr_Src_cls_loss	: 0.0236
Total_loss	: 0.0096
loss_cls	: 0.0093
loss_PCD	: 3.7780
loss_CCD	: 0.0007
Src_cls_loss	: 0.0000
-------------------------------------
[Epoch : 18/20]
Pr_Src_cls_loss	: 0.0236
Total_loss	: 0.0094
loss_cls	: 0.0092
loss_PCD	: 3.7886
loss_CCD	: 0.0007
Src_cls_loss	: 0.0000
-------------------------------------
[Epoch : 19/20]
Pr_Src_cls_loss	: 0.0236
Total_loss	: 0.0090
loss_cls	: 0.0087
loss_PCD	: 3.7987
loss_CCD	: 0.0007
Src_cls_loss	: 0.0000
-------------------------------------
[Epoch : 20/20]
Pr_Src_cls_loss	: 0.0236
Total_loss	: 0.0086
loss_cls	: 0.0083
loss_PCD	: 3.8039
loss_CCD	: 0.0007
Src_cls_loss	: 0.0000
-------------------------------------
H_score: 0.2981, OS* (acc_c): 0.1896, UNK (acc_p): 0.6971, acc_mix: 0.2758, F1: 0.2320
Uploading logs from: /mnt/data/home/tp2474/OpenSet-AdaTime/experiments_logs/curriculum/MHEALTH to RealWorld_UniDA_hard_n2_fno_mean/UniOT_UniDA_hard_n2_fno_mean/MHEALTH_to_RealWorld_run_3
🏃 View run UniOT_run_3 at: http://127.0.0.1:5001/#/experiments/604507857025383539/runs/d07f2e39d4c64231b871bef06b1a3683
🧪 View experiment at: http://127.0.0.1:5001/#/experiments/604507857025383539
=============================================
Dataset: MHEALTH to RealWorld_UniDA_hard_n2_fno_mean
Method:  UniOT
=============================================
Source: MHEALTH ---> Target: RealWorld
Run ID: 4
=============================================
[Pr Epoch : 1/20]
Pr_Src_cls_loss	: 0.2697
-------------------------------------
[Pr Epoch : 2/20]
Pr_Src_cls_loss	: 0.1464
-------------------------------------
[Pr Epoch : 3/20]
Pr_Src_cls_loss	: 0.1032
-------------------------------------
[Pr Epoch : 4/20]
Pr_Src_cls_loss	: 0.0825
-------------------------------------
[Pr Epoch : 5/20]
Pr_Src_cls_loss	: 0.0675
-------------------------------------
[Pr Epoch : 6/20]
Pr_Src_cls_loss	: 0.0568
-------------------------------------
[Pr Epoch : 7/20]
Pr_Src_cls_loss	: 0.0495
-------------------------------------
[Pr Epoch : 8/20]
Pr_Src_cls_loss	: 0.0462
-------------------------------------
[Pr Epoch : 9/20]
Pr_Src_cls_loss	: 0.0434
-------------------------------------
[Pr Epoch : 10/20]
Pr_Src_cls_loss	: 0.0411
-------------------------------------
[Pr Epoch : 11/20]
Pr_Src_cls_loss	: 0.0390
-------------------------------------
[Pr Epoch : 12/20]
Pr_Src_cls_loss	: 0.0368
-------------------------------------
[Pr Epoch : 13/20]
Pr_Src_cls_loss	: 0.0342
-------------------------------------
[Pr Epoch : 14/20]
Pr_Src_cls_loss	: 0.0339
-------------------------------------
[Pr Epoch : 15/20]
Pr_Src_cls_loss	: 0.0331
-------------------------------------
[Pr Epoch : 16/20]
Pr_Src_cls_loss	: 0.0313
-------------------------------------
[Pr Epoch : 17/20]
Pr_Src_cls_loss	: 0.0298
-------------------------------------
[Pr Epoch : 18/20]
Pr_Src_cls_loss	: 0.0285
-------------------------------------
[Pr Epoch : 19/20]
Pr_Src_cls_loss	: 0.0271
-------------------------------------
[Pr Epoch : 20/20]
Pr_Src_cls_loss	: 0.0258
-------------------------------------
[Epoch : 1/20]
Pr_Src_cls_loss	: 0.0258
Total_loss	: 0.0120
loss_cls	: 0.0117
loss_PCD	: 3.5002
loss_CCD	: 0.0008
-------------------------------------
[Epoch : 2/20]
Pr_Src_cls_loss	: 0.0258
Total_loss	: 0.0094
loss_cls	: 0.0091
loss_PCD	: 3.4230
loss_CCD	: 0.0009
-------------------------------------
[Epoch : 3/20]
Pr_Src_cls_loss	: 0.0258
Total_loss	: 0.0112
loss_cls	: 0.0109
loss_PCD	: 3.4342
loss_CCD	: 0.0008
-------------------------------------
[Epoch : 4/20]
Pr_Src_cls_loss	: 0.0258
Total_loss	: 0.0111
loss_cls	: 0.0108
loss_PCD	: 3.4490
loss_CCD	: 0.0008
-------------------------------------
[Epoch : 5/20]
Pr_Src_cls_loss	: 0.0258
Total_loss	: 0.0094
loss_cls	: 0.0091
loss_PCD	: 3.4527
loss_CCD	: 0.0008
-------------------------------------
[Epoch : 6/20]
Pr_Src_cls_loss	: 0.0258
Total_loss	: 0.0129
loss_cls	: 0.0127
loss_PCD	: 3.4646
loss_CCD	: 0.0007
-------------------------------------
[Epoch : 7/20]
Pr_Src_cls_loss	: 0.0258
Total_loss	: 0.0145
loss_cls	: 0.0142
loss_PCD	: 3.4754
loss_CCD	: 0.0009
-------------------------------------
[Epoch : 8/20]
Pr_Src_cls_loss	: 0.0258
Total_loss	: 0.0132
loss_cls	: 0.0129
loss_PCD	: 3.4639
loss_CCD	: 0.0009
-------------------------------------
[Epoch : 9/20]
Pr_Src_cls_loss	: 0.0258
Total_loss	: 0.0126
loss_cls	: 0.0123
loss_PCD	: 3.4443
loss_CCD	: 0.0008
Src_cls_loss	: 0.0000
-------------------------------------
[Epoch : 10/20]
Pr_Src_cls_loss	: 0.0258
Total_loss	: 0.0115
loss_cls	: 0.0113
loss_PCD	: 3.4245
loss_CCD	: 0.0008
Src_cls_loss	: 0.0000
-------------------------------------
[Epoch : 11/20]
Pr_Src_cls_loss	: 0.0258
Total_loss	: 0.0105
loss_cls	: 0.0103
loss_PCD	: 3.4119
loss_CCD	: 0.0007
Src_cls_loss	: 0.0000
-------------------------------------
[Epoch : 12/20]
Pr_Src_cls_loss	: 0.0258
Total_loss	: 0.0097
loss_cls	: 0.0095
loss_PCD	: 3.4022
loss_CCD	: 0.0006
Src_cls_loss	: 0.0000
-------------------------------------
[Epoch : 13/20]
Pr_Src_cls_loss	: 0.0258
Total_loss	: 0.0090
loss_cls	: 0.0088
loss_PCD	: 3.3917
loss_CCD	: 0.0006
Src_cls_loss	: 0.0000
-------------------------------------
[Epoch : 14/20]
Pr_Src_cls_loss	: 0.0258
Total_loss	: 0.0083
loss_cls	: 0.0081
loss_PCD	: 3.3855
loss_CCD	: 0.0006
Src_cls_loss	: 0.0000
-------------------------------------
[Epoch : 15/20]
Pr_Src_cls_loss	: 0.0258
Total_loss	: 0.0080
loss_cls	: 0.0078
loss_PCD	: 3.3811
loss_CCD	: 0.0005
Src_cls_loss	: 0.0000
-------------------------------------
[Epoch : 16/20]
Pr_Src_cls_loss	: 0.0258
Total_loss	: 0.0090
loss_cls	: 0.0089
loss_PCD	: 3.3898
loss_CCD	: 0.0005
Src_cls_loss	: 0.0000
-------------------------------------
[Epoch : 17/20]
Pr_Src_cls_loss	: 0.0258
Total_loss	: 0.0094
loss_cls	: 0.0092
loss_PCD	: 3.3951
loss_CCD	: 0.0005
Src_cls_loss	: 0.0000
-------------------------------------
[Epoch : 18/20]
Pr_Src_cls_loss	: 0.0258
Total_loss	: 0.0097
loss_cls	: 0.0095
loss_PCD	: 3.3904
loss_CCD	: 0.0006
Src_cls_loss	: 0.0000
-------------------------------------
[Epoch : 19/20]
Pr_Src_cls_loss	: 0.0258
Total_loss	: 0.0098
loss_cls	: 0.0096
loss_PCD	: 3.3980
loss_CCD	: 0.0006
Src_cls_loss	: 0.0000
-------------------------------------
[Epoch : 20/20]
Pr_Src_cls_loss	: 0.0258
Total_loss	: 0.0100
loss_cls	: 0.0098
loss_PCD	: 3.4040
loss_CCD	: 0.0005
Src_cls_loss	: 0.0000
-------------------------------------
H_score: 0.3904, OS* (acc_c): 0.2695, UNK (acc_p): 0.7085, acc_mix: 0.3441, F1: 0.3193
Uploading logs from: /mnt/data/home/tp2474/OpenSet-AdaTime/experiments_logs/curriculum/MHEALTH to RealWorld_UniDA_hard_n2_fno_mean/UniOT_UniDA_hard_n2_fno_mean/MHEALTH_to_RealWorld_run_4
🏃 View run UniOT_run_4 at: http://127.0.0.1:5001/#/experiments/604507857025383539/runs/ef1fac20972d431ca868e02405b2603e
🧪 View experiment at: http://127.0.0.1:5001/#/experiments/604507857025383539
==================== [n2 fno_mean] UniJDOT ====================
[curriculum] scenario=UniDA  strategy=hard  n_unknown=2  rank_variant=fno_mean
[curriculum] source mapping (6 classes): {'Lying down': 'lying', 'Sitting and relaxing': 'sitting', 'Walking': 'walking', 'Running': 'running', 'Climbing stairs': 'Climbing stairs', 'Frontal elevation of arms': 'Frontal elevation of arms'}
[curriculum] target mapping (6 classes): {'lying': 'lying', 'sitting': 'sitting', 'walking': 'walking', 'running': 'running', 'climbingup': 'climbingup', 'jumping': 'jumping'}
[curriculum] unknowns added (in hard order): src=[Climbing stairs,Frontal elevation of arms] | trg=[climbingup,jumping]
[scenario] UniJDOT -> UniDA (uniDA=True)
Unlabeled data shape:  (31587, 150, 18)
Unlabelled Combined shape: (54330, 150, 18)

--- Dataloader Size Check ---
Source Train batches:   54
Target Train batches:   987
-------------------------------

Private classes:  tensor([6., 7.])
=============================================
Dataset: MHEALTH to RealWorld_UniDA_hard_n2_fno_mean
Method:  UniJDOT
=============================================
Source: MHEALTH ---> Target: RealWorld
Run ID: 0
=============================================
[Pr Epoch : 1/20]
Pr_Src_cls_loss	: 0.3645
-------------------------------------
[Pr Epoch : 2/20]
Pr_Src_cls_loss	: 0.1935
-------------------------------------
[Pr Epoch : 3/20]
Pr_Src_cls_loss	: 0.1406
-------------------------------------
[Pr Epoch : 4/20]
Pr_Src_cls_loss	: 0.1085
-------------------------------------
[Pr Epoch : 5/20]
Pr_Src_cls_loss	: 0.0905
-------------------------------------
[Pr Epoch : 6/20]
Pr_Src_cls_loss	: 0.0780
-------------------------------------
[Pr Epoch : 7/20]
Pr_Src_cls_loss	: 0.0681
-------------------------------------
[Pr Epoch : 8/20]
Pr_Src_cls_loss	: 0.0598
-------------------------------------
[Pr Epoch : 9/20]
Pr_Src_cls_loss	: 0.0532
-------------------------------------
[Pr Epoch : 10/20]
Pr_Src_cls_loss	: 0.0479
-------------------------------------
[Pr Epoch : 11/20]
Pr_Src_cls_loss	: 0.0437
-------------------------------------
[Pr Epoch : 12/20]
Pr_Src_cls_loss	: 0.0405
-------------------------------------
[Pr Epoch : 13/20]
Pr_Src_cls_loss	: 0.0392
-------------------------------------
[Pr Epoch : 14/20]
Pr_Src_cls_loss	: 0.0387
-------------------------------------
[Pr Epoch : 15/20]
Pr_Src_cls_loss	: 0.0391
-------------------------------------
[Pr Epoch : 16/20]
Pr_Src_cls_loss	: 0.0373
-------------------------------------
[Pr Epoch : 17/20]
Pr_Src_cls_loss	: 0.0354
-------------------------------------
[Pr Epoch : 18/20]
Pr_Src_cls_loss	: 0.0339
-------------------------------------
[Pr Epoch : 19/20]
Pr_Src_cls_loss	: 0.0321
-------------------------------------
[Pr Epoch : 20/20]
Pr_Src_cls_loss	: 0.0305
-------------------------------------
/mnt/data/home/tp2474/OpenSet-AdaTime/algorithms/algorithms.py:1865: UserWarning: Implicit dimension choice for softmax has been deprecated. Change the call to include dim=X as an argument.
  trg_soft_cen = torch.nn.functional.softmax(after_lincls_cen).double()
[Epoch : 1/20]
Pr_Src_cls_loss	: 0.0305
Total_loss	: 0.0823
loss_cls	: 0.0023
loss_align	: 0.0800
-------------------------------------
[Epoch : 2/20]
Pr_Src_cls_loss	: 0.0305
Total_loss	: 0.0818
loss_cls	: 0.0047
loss_align	: 0.0771
-------------------------------------
[Epoch : 3/20]
Pr_Src_cls_loss	: 0.0305
Total_loss	: 0.0820
loss_cls	: 0.0041
loss_align	: 0.0779
-------------------------------------
[Epoch : 4/20]
Pr_Src_cls_loss	: 0.0305
Total_loss	: 0.0835
loss_cls	: 0.0039
loss_align	: 0.0797
-------------------------------------
[Epoch : 5/20]
Pr_Src_cls_loss	: 0.0305
Total_loss	: 0.0840
loss_cls	: 0.0039
loss_align	: 0.0801
-------------------------------------
[Epoch : 6/20]
Pr_Src_cls_loss	: 0.0305
Total_loss	: 0.0840
loss_cls	: 0.0041
loss_align	: 0.0799
-------------------------------------
[Epoch : 7/20]
Pr_Src_cls_loss	: 0.0305
Total_loss	: 0.0836
loss_cls	: 0.0040
loss_align	: 0.0796
-------------------------------------
[Epoch : 8/20]
Pr_Src_cls_loss	: 0.0305
Total_loss	: 0.0832
loss_cls	: 0.0040
loss_align	: 0.0792
-------------------------------------
[Epoch : 9/20]
Pr_Src_cls_loss	: 0.0305
Total_loss	: 0.0830
loss_cls	: 0.0045
loss_align	: 0.0785
Src_cls_loss	: 0.0000
-------------------------------------
[Epoch : 10/20]
Pr_Src_cls_loss	: 0.0305
Total_loss	: 0.0813
loss_cls	: 0.0042
loss_align	: 0.0771
Src_cls_loss	: 0.0000
-------------------------------------
[Epoch : 11/20]
Pr_Src_cls_loss	: 0.0305
Total_loss	: 0.0798
loss_cls	: 0.0039
loss_align	: 0.0758
Src_cls_loss	: 0.0000
-------------------------------------
[Epoch : 12/20]
Pr_Src_cls_loss	: 0.0305
Total_loss	: 0.0782
loss_cls	: 0.0038
loss_align	: 0.0744
Src_cls_loss	: 0.0000
-------------------------------------
[Epoch : 13/20]
Pr_Src_cls_loss	: 0.0305
Total_loss	: 0.0769
loss_cls	: 0.0036
loss_align	: 0.0733
Src_cls_loss	: 0.0000
-------------------------------------
[Epoch : 14/20]
Pr_Src_cls_loss	: 0.0305
Total_loss	: 0.0756
loss_cls	: 0.0034
loss_align	: 0.0722
Src_cls_loss	: 0.0000
-------------------------------------
[Epoch : 15/20]
Pr_Src_cls_loss	: 0.0305
Total_loss	: 0.0745
loss_cls	: 0.0033
loss_align	: 0.0712
Src_cls_loss	: 0.0000
-------------------------------------
[Epoch : 16/20]
Pr_Src_cls_loss	: 0.0305
Total_loss	: 0.0737
loss_cls	: 0.0032
loss_align	: 0.0705
Src_cls_loss	: 0.0000
-------------------------------------
[Epoch : 17/20]
Pr_Src_cls_loss	: 0.0305
Total_loss	: 0.0726
loss_cls	: 0.0031
loss_align	: 0.0695
Src_cls_loss	: 0.0000
-------------------------------------
[Epoch : 18/20]
Pr_Src_cls_loss	: 0.0305
Total_loss	: 0.0715
loss_cls	: 0.0030
loss_align	: 0.0686
Src_cls_loss	: 0.0000
-------------------------------------
[Epoch : 19/20]
Pr_Src_cls_loss	: 0.0305
Total_loss	: 0.0705
loss_cls	: 0.0029
loss_align	: 0.0676
Src_cls_loss	: 0.0000
-------------------------------------
[Epoch : 20/20]
Pr_Src_cls_loss	: 0.0305
Total_loss	: 0.0695
loss_cls	: 0.0028
loss_align	: 0.0668
Src_cls_loss	: 0.0000
-------------------------------------
/mnt/data/home/tp2474/OpenSet-AdaTime/trainers/abstract_trainer.py:331: FutureWarning: The behavior of DataFrame concatenation with empty or all-NA entries is deprecated. In a future version, this will no longer exclude empty or all-NA columns when determining the result dtypes. To retain the old behavior, exclude the relevant entries before the concat operation.
  table = pd.concat([table, results_df], ignore_index=True)

[UniJDOT Debug] final_threshold = 0.6058 conf mean=0.4033 std=0.2382 reject=56.25%
[UniJDOT Eval ALL] n=31587 threshold=0.6058
[UniJDOT Eval ALL] conf: min=0.1672 max=0.7127 mean=0.3669 std=0.2367
[UniJDOT Eval ALL] rejected: 62.48%
[UniJDOT Eval ALL] pred class dist (pre-reject): [16, 6440, 16468, 2694, 1904, 4065]
[UniJDOT Eval ALL] true label dist: [0, 0, 6435, 6892, 6427, 6465, 5368] (last bin = unknown)
H_score: 0.0577, OS* (acc_c): 0.0297, UNK (acc_p): 0.9674, acc_mix: 0.1891, F1: 0.1132
[UniJDOT Eval ALL] n=31587 threshold=0.6058
[UniJDOT Eval ALL] conf: min=0.1672 max=0.7127 mean=0.3669 std=0.2367
[UniJDOT Eval ALL] rejected: 62.48%
[UniJDOT Eval ALL] pred class dist (pre-reject): [16, 6440, 16468, 2694, 1904, 4065]
[UniJDOT Eval ALL] true label dist: [0, 0, 6435, 6892, 6427, 6465, 5368] (last bin = unknown)
Uploading logs from: /mnt/data/home/tp2474/OpenSet-AdaTime/experiments_logs/curriculum/MHEALTH to RealWorld_UniDA_hard_n2_fno_mean/UniJDOT_UniDA_hard_n2_fno_mean/MHEALTH_to_RealWorld_run_0
🏃 View run UniJDOT_run_0 at: http://127.0.0.1:5001/#/experiments/604507857025383539/runs/06585b617d924cc8bdf5cc24ed783a8e
🧪 View experiment at: http://127.0.0.1:5001/#/experiments/604507857025383539
=============================================
Dataset: MHEALTH to RealWorld_UniDA_hard_n2_fno_mean
Method:  UniJDOT
=============================================
Source: MHEALTH ---> Target: RealWorld
Run ID: 1
=============================================
[Pr Epoch : 1/20]
Pr_Src_cls_loss	: 0.4013
-------------------------------------
[Pr Epoch : 2/20]
Pr_Src_cls_loss	: 0.2098
-------------------------------------
[Pr Epoch : 3/20]
Pr_Src_cls_loss	: 0.1507
-------------------------------------
[Pr Epoch : 4/20]
Pr_Src_cls_loss	: 0.1152
-------------------------------------
[Pr Epoch : 5/20]
Pr_Src_cls_loss	: 0.0931
-------------------------------------
[Pr Epoch : 6/20]
Pr_Src_cls_loss	: 0.0803
-------------------------------------
[Pr Epoch : 7/20]
Pr_Src_cls_loss	: 0.0744
-------------------------------------
[Pr Epoch : 8/20]
Pr_Src_cls_loss	: 0.0658
-------------------------------------
[Pr Epoch : 9/20]
Pr_Src_cls_loss	: 0.0592
-------------------------------------
[Pr Epoch : 10/20]
Pr_Src_cls_loss	: 0.0542
-------------------------------------
[Pr Epoch : 11/20]
Pr_Src_cls_loss	: 0.0508
-------------------------------------
[Pr Epoch : 12/20]
Pr_Src_cls_loss	: 0.0469
-------------------------------------
[Pr Epoch : 13/20]
Pr_Src_cls_loss	: 0.0433
-------------------------------------
[Pr Epoch : 14/20]
Pr_Src_cls_loss	: 0.0403
-------------------------------------
[Pr Epoch : 15/20]
Pr_Src_cls_loss	: 0.0386
-------------------------------------
[Pr Epoch : 16/20]
Pr_Src_cls_loss	: 0.0368
-------------------------------------
[Pr Epoch : 17/20]
Pr_Src_cls_loss	: 0.0358
-------------------------------------
[Pr Epoch : 18/20]
Pr_Src_cls_loss	: 0.0352
-------------------------------------
[Pr Epoch : 19/20]
Pr_Src_cls_loss	: 0.0360
-------------------------------------
[Pr Epoch : 20/20]
Pr_Src_cls_loss	: 0.0352
-------------------------------------
/mnt/data/home/tp2474/OpenSet-AdaTime/algorithms/algorithms.py:1865: UserWarning: Implicit dimension choice for softmax has been deprecated. Change the call to include dim=X as an argument.
  trg_soft_cen = torch.nn.functional.softmax(after_lincls_cen).double()
[Epoch : 1/20]
Pr_Src_cls_loss	: 0.0352
Total_loss	: 0.0732
loss_cls	: 0.0061
loss_align	: 0.0672
-------------------------------------
[Epoch : 2/20]
Pr_Src_cls_loss	: 0.0352
Total_loss	: 0.0633
loss_cls	: 0.0042
loss_align	: 0.0592
-------------------------------------
[Epoch : 3/20]
Pr_Src_cls_loss	: 0.0352
Total_loss	: 0.0613
loss_cls	: 0.0039
loss_align	: 0.0574
-------------------------------------
[Epoch : 4/20]
Pr_Src_cls_loss	: 0.0352
Total_loss	: 0.0632
loss_cls	: 0.0034
loss_align	: 0.0598
-------------------------------------
[Epoch : 5/20]
Pr_Src_cls_loss	: 0.0352
Total_loss	: 0.0668
loss_cls	: 0.0038
loss_align	: 0.0630
-------------------------------------
[Epoch : 6/20]
Pr_Src_cls_loss	: 0.0352
Total_loss	: 0.0680
loss_cls	: 0.0035
loss_align	: 0.0645
-------------------------------------
[Epoch : 7/20]
Pr_Src_cls_loss	: 0.0352
Total_loss	: 0.0688
loss_cls	: 0.0035
loss_align	: 0.0653
-------------------------------------
[Epoch : 8/20]
Pr_Src_cls_loss	: 0.0352
Total_loss	: 0.0691
loss_cls	: 0.0032
loss_align	: 0.0659
-------------------------------------
[Epoch : 9/20]
Pr_Src_cls_loss	: 0.0352
Total_loss	: 0.0689
loss_cls	: 0.0031
loss_align	: 0.0659
Src_cls_loss	: 0.0000
-------------------------------------
[Epoch : 10/20]
Pr_Src_cls_loss	: 0.0352
Total_loss	: 0.0691
loss_cls	: 0.0034
loss_align	: 0.0657
Src_cls_loss	: 0.0000
-------------------------------------
[Epoch : 11/20]
Pr_Src_cls_loss	: 0.0352
Total_loss	: 0.0693
loss_cls	: 0.0035
loss_align	: 0.0657
Src_cls_loss	: 0.0000
-------------------------------------
[Epoch : 12/20]
Pr_Src_cls_loss	: 0.0352
Total_loss	: 0.0688
loss_cls	: 0.0036
loss_align	: 0.0652
Src_cls_loss	: 0.0000
-------------------------------------
[Epoch : 13/20]
Pr_Src_cls_loss	: 0.0352
Total_loss	: 0.0680
loss_cls	: 0.0035
loss_align	: 0.0645
Src_cls_loss	: 0.0000
-------------------------------------
[Epoch : 14/20]
Pr_Src_cls_loss	: 0.0352
Total_loss	: 0.0674
loss_cls	: 0.0035
loss_align	: 0.0638
Src_cls_loss	: 0.0000
-------------------------------------
[Epoch : 15/20]
Pr_Src_cls_loss	: 0.0352
Total_loss	: 0.0668
loss_cls	: 0.0036
loss_align	: 0.0632
Src_cls_loss	: 0.0000
-------------------------------------
[Epoch : 16/20]
Pr_Src_cls_loss	: 0.0352
Total_loss	: 0.0659
loss_cls	: 0.0034
loss_align	: 0.0626
Src_cls_loss	: 0.0000
-------------------------------------
[Epoch : 17/20]
Pr_Src_cls_loss	: 0.0352
Total_loss	: 0.0653
loss_cls	: 0.0032
loss_align	: 0.0621
Src_cls_loss	: 0.0000
-------------------------------------
[Epoch : 18/20]
Pr_Src_cls_loss	: 0.0352
Total_loss	: 0.0647
loss_cls	: 0.0030
loss_align	: 0.0616
Src_cls_loss	: 0.0000
-------------------------------------
[Epoch : 19/20]
Pr_Src_cls_loss	: 0.0352
Total_loss	: 0.0642
loss_cls	: 0.0030
loss_align	: 0.0612
Src_cls_loss	: 0.0000
-------------------------------------
[Epoch : 20/20]
Pr_Src_cls_loss	: 0.0352
Total_loss	: 0.0637
loss_cls	: 0.0029
loss_align	: 0.0609
Src_cls_loss	: 0.0000
-------------------------------------

[UniJDOT Debug] final_threshold = 0.1692 conf mean=0.3667 std=0.2441 reject=56.25%
[UniJDOT Eval ALL] n=31587 threshold=0.1692
[UniJDOT Eval ALL] conf: min=0.1674 max=0.7166 mean=0.3788 std=0.2382
[UniJDOT Eval ALL] rejected: 52.75%
[UniJDOT Eval ALL] pred class dist (pre-reject): [4449, 17313, 3278, 1968, 4515, 64]
[UniJDOT Eval ALL] true label dist: [0, 0, 6435, 6892, 6427, 6465, 5368] (last bin = unknown)
H_score: 0.2313, OS* (acc_c): 0.1327, UNK (acc_p): 0.8974, acc_mix: 0.2627, F1: 0.2274
[UniJDOT Eval ALL] n=31587 threshold=0.1692
[UniJDOT Eval ALL] conf: min=0.1674 max=0.7166 mean=0.3788 std=0.2382
[UniJDOT Eval ALL] rejected: 52.75%
[UniJDOT Eval ALL] pred class dist (pre-reject): [4449, 17313, 3278, 1968, 4515, 64]
[UniJDOT Eval ALL] true label dist: [0, 0, 6435, 6892, 6427, 6465, 5368] (last bin = unknown)
Uploading logs from: /mnt/data/home/tp2474/OpenSet-AdaTime/experiments_logs/curriculum/MHEALTH to RealWorld_UniDA_hard_n2_fno_mean/UniJDOT_UniDA_hard_n2_fno_mean/MHEALTH_to_RealWorld_run_1
🏃 View run UniJDOT_run_1 at: http://127.0.0.1:5001/#/experiments/604507857025383539/runs/0e73d5edbcc0462683372245995661d1
🧪 View experiment at: http://127.0.0.1:5001/#/experiments/604507857025383539
=============================================
Dataset: MHEALTH to RealWorld_UniDA_hard_n2_fno_mean
Method:  UniJDOT
=============================================
Source: MHEALTH ---> Target: RealWorld
Run ID: 2
=============================================
[Pr Epoch : 1/20]
Pr_Src_cls_loss	: 0.4820
-------------------------------------
[Pr Epoch : 2/20]
Pr_Src_cls_loss	: 0.2614
-------------------------------------
[Pr Epoch : 3/20]
Pr_Src_cls_loss	: 0.1816
-------------------------------------
[Pr Epoch : 4/20]
Pr_Src_cls_loss	: 0.1374
-------------------------------------
[Pr Epoch : 5/20]
Pr_Src_cls_loss	: 0.1107
-------------------------------------
[Pr Epoch : 6/20]
Pr_Src_cls_loss	: 0.0929
-------------------------------------
[Pr Epoch : 7/20]
Pr_Src_cls_loss	: 0.0798
-------------------------------------
[Pr Epoch : 8/20]
Pr_Src_cls_loss	: 0.0701
-------------------------------------
[Pr Epoch : 9/20]
Pr_Src_cls_loss	: 0.0630
-------------------------------------
[Pr Epoch : 10/20]
Pr_Src_cls_loss	: 0.0606
-------------------------------------
[Pr Epoch : 11/20]
Pr_Src_cls_loss	: 0.0567
-------------------------------------
[Pr Epoch : 12/20]
Pr_Src_cls_loss	: 0.0539
-------------------------------------
[Pr Epoch : 13/20]
Pr_Src_cls_loss	: 0.0515
-------------------------------------
[Pr Epoch : 14/20]
Pr_Src_cls_loss	: 0.0480
-------------------------------------
[Pr Epoch : 15/20]
Pr_Src_cls_loss	: 0.0449
-------------------------------------
[Pr Epoch : 16/20]
Pr_Src_cls_loss	: 0.0422
-------------------------------------
[Pr Epoch : 17/20]
Pr_Src_cls_loss	: 0.0398
-------------------------------------
[Pr Epoch : 18/20]
Pr_Src_cls_loss	: 0.0379
-------------------------------------
[Pr Epoch : 19/20]
Pr_Src_cls_loss	: 0.0359
-------------------------------------
[Pr Epoch : 20/20]
Pr_Src_cls_loss	: 0.0341
-------------------------------------
/mnt/data/home/tp2474/OpenSet-AdaTime/algorithms/algorithms.py:1865: UserWarning: Implicit dimension choice for softmax has been deprecated. Change the call to include dim=X as an argument.
  trg_soft_cen = torch.nn.functional.softmax(after_lincls_cen).double()
[Epoch : 1/20]
Pr_Src_cls_loss	: 0.0341
Total_loss	: 0.0800
loss_cls	: 0.0045
loss_align	: 0.0755
-------------------------------------
[Epoch : 2/20]
Pr_Src_cls_loss	: 0.0341
Total_loss	: 0.0816
loss_cls	: 0.0043
loss_align	: 0.0773
-------------------------------------
[Epoch : 3/20]
Pr_Src_cls_loss	: 0.0341
Total_loss	: 0.0842
loss_cls	: 0.0042
loss_align	: 0.0800
-------------------------------------
[Epoch : 4/20]
Pr_Src_cls_loss	: 0.0341
Total_loss	: 0.0847
loss_cls	: 0.0041
loss_align	: 0.0807
-------------------------------------
[Epoch : 5/20]
Pr_Src_cls_loss	: 0.0341
Total_loss	: 0.0837
loss_cls	: 0.0038
loss_align	: 0.0799
-------------------------------------
[Epoch : 6/20]
Pr_Src_cls_loss	: 0.0341
Total_loss	: 0.0824
loss_cls	: 0.0033
loss_align	: 0.0791
-------------------------------------
[Epoch : 7/20]
Pr_Src_cls_loss	: 0.0341
Total_loss	: 0.0808
loss_cls	: 0.0032
loss_align	: 0.0776
-------------------------------------
[Epoch : 8/20]
Pr_Src_cls_loss	: 0.0341
Total_loss	: 0.0794
loss_cls	: 0.0031
loss_align	: 0.0763
-------------------------------------
[Epoch : 9/20]
Pr_Src_cls_loss	: 0.0341
Total_loss	: 0.0779
loss_cls	: 0.0031
loss_align	: 0.0748
Src_cls_loss	: 0.0000
-------------------------------------
[Epoch : 10/20]
Pr_Src_cls_loss	: 0.0341
Total_loss	: 0.0763
loss_cls	: 0.0028
loss_align	: 0.0735
Src_cls_loss	: 0.0000
-------------------------------------
[Epoch : 11/20]
Pr_Src_cls_loss	: 0.0341
Total_loss	: 0.0750
loss_cls	: 0.0029
loss_align	: 0.0721
Src_cls_loss	: 0.0000
-------------------------------------
[Epoch : 12/20]
Pr_Src_cls_loss	: 0.0341
Total_loss	: 0.0740
loss_cls	: 0.0031
loss_align	: 0.0709
Src_cls_loss	: 0.0000
-------------------------------------
[Epoch : 13/20]
Pr_Src_cls_loss	: 0.0341
Total_loss	: 0.0731
loss_cls	: 0.0032
loss_align	: 0.0699
Src_cls_loss	: 0.0000
-------------------------------------
[Epoch : 14/20]
Pr_Src_cls_loss	: 0.0341
Total_loss	: 0.0717
loss_cls	: 0.0030
loss_align	: 0.0687
Src_cls_loss	: 0.0000
-------------------------------------
[Epoch : 15/20]
Pr_Src_cls_loss	: 0.0341
Total_loss	: 0.0704
loss_cls	: 0.0029
loss_align	: 0.0676
Src_cls_loss	: 0.0000
-------------------------------------
[Epoch : 16/20]
Pr_Src_cls_loss	: 0.0341
Total_loss	: 0.0693
loss_cls	: 0.0029
loss_align	: 0.0665
Src_cls_loss	: 0.0000
-------------------------------------
[Epoch : 17/20]
Pr_Src_cls_loss	: 0.0341
Total_loss	: 0.0683
loss_cls	: 0.0028
loss_align	: 0.0655
Src_cls_loss	: 0.0000
-------------------------------------
[Epoch : 18/20]
Pr_Src_cls_loss	: 0.0341
Total_loss	: 0.0675
loss_cls	: 0.0029
loss_align	: 0.0646
Src_cls_loss	: 0.0000
-------------------------------------
[Epoch : 19/20]
Pr_Src_cls_loss	: 0.0341
Total_loss	: 0.0664
loss_cls	: 0.0028
loss_align	: 0.0636
Src_cls_loss	: 0.0000
-------------------------------------
[Epoch : 20/20]
Pr_Src_cls_loss	: 0.0341
Total_loss	: 0.0654
loss_cls	: 0.0027
loss_align	: 0.0627
Src_cls_loss	: 0.0000
-------------------------------------

[UniJDOT Debug] final_threshold = 0.6911 conf mean=0.4106 std=0.2550 reject=81.25%
[UniJDOT Eval ALL] n=31587 threshold=0.6911
[UniJDOT Eval ALL] conf: min=0.1677 max=0.7316 mean=0.3926 std=0.2537
[UniJDOT Eval ALL] rejected: 82.78%
[UniJDOT Eval ALL] pred class dist (pre-reject): [17611, 5243, 940, 5627, 1724, 442]
[UniJDOT Eval ALL] true label dist: [0, 0, 6435, 6892, 6427, 6465, 5368] (last bin = unknown)
H_score: 0.3359, OS* (acc_c): 0.2020, UNK (acc_p): 0.9983, acc_mix: 0.3373, F1: 0.2511
[UniJDOT Eval ALL] n=31587 threshold=0.6911
[UniJDOT Eval ALL] conf: min=0.1677 max=0.7316 mean=0.3926 std=0.2537
[UniJDOT Eval ALL] rejected: 82.78%
[UniJDOT Eval ALL] pred class dist (pre-reject): [17611, 5243, 940, 5627, 1724, 442]
[UniJDOT Eval ALL] true label dist: [0, 0, 6435, 6892, 6427, 6465, 5368] (last bin = unknown)
Uploading logs from: /mnt/data/home/tp2474/OpenSet-AdaTime/experiments_logs/curriculum/MHEALTH to RealWorld_UniDA_hard_n2_fno_mean/UniJDOT_UniDA_hard_n2_fno_mean/MHEALTH_to_RealWorld_run_2
🏃 View run UniJDOT_run_2 at: http://127.0.0.1:5001/#/experiments/604507857025383539/runs/560b0e03d7c04ac4928da97f20b2dc14
🧪 View experiment at: http://127.0.0.1:5001/#/experiments/604507857025383539
=============================================
Dataset: MHEALTH to RealWorld_UniDA_hard_n2_fno_mean
Method:  UniJDOT
=============================================
Source: MHEALTH ---> Target: RealWorld
Run ID: 3
=============================================
[Pr Epoch : 1/20]
Pr_Src_cls_loss	: 0.2947
-------------------------------------
[Pr Epoch : 2/20]
Pr_Src_cls_loss	: 0.1613
-------------------------------------
[Pr Epoch : 3/20]
Pr_Src_cls_loss	: 0.1100
-------------------------------------
[Pr Epoch : 4/20]
Pr_Src_cls_loss	: 0.0829
-------------------------------------
[Pr Epoch : 5/20]
Pr_Src_cls_loss	: 0.0670
-------------------------------------
[Pr Epoch : 6/20]
Pr_Src_cls_loss	: 0.0598
-------------------------------------
[Pr Epoch : 7/20]
Pr_Src_cls_loss	: 0.0592
-------------------------------------
[Pr Epoch : 8/20]
Pr_Src_cls_loss	: 0.0573
-------------------------------------
[Pr Epoch : 9/20]
Pr_Src_cls_loss	: 0.0532
-------------------------------------
[Pr Epoch : 10/20]
Pr_Src_cls_loss	: 0.0490
-------------------------------------
[Pr Epoch : 11/20]
Pr_Src_cls_loss	: 0.0447
-------------------------------------
[Pr Epoch : 12/20]
Pr_Src_cls_loss	: 0.0411
-------------------------------------
[Pr Epoch : 13/20]
Pr_Src_cls_loss	: 0.0380
-------------------------------------
[Pr Epoch : 14/20]
Pr_Src_cls_loss	: 0.0353
-------------------------------------
[Pr Epoch : 15/20]
Pr_Src_cls_loss	: 0.0330
-------------------------------------
[Pr Epoch : 16/20]
Pr_Src_cls_loss	: 0.0310
-------------------------------------
[Pr Epoch : 17/20]
Pr_Src_cls_loss	: 0.0292
-------------------------------------
[Pr Epoch : 18/20]
Pr_Src_cls_loss	: 0.0276
-------------------------------------
[Pr Epoch : 19/20]
Pr_Src_cls_loss	: 0.0261
-------------------------------------
[Pr Epoch : 20/20]
Pr_Src_cls_loss	: 0.0249
-------------------------------------
/mnt/data/home/tp2474/OpenSet-AdaTime/algorithms/algorithms.py:1865: UserWarning: Implicit dimension choice for softmax has been deprecated. Change the call to include dim=X as an argument.
  trg_soft_cen = torch.nn.functional.softmax(after_lincls_cen).double()
[Epoch : 1/20]
Pr_Src_cls_loss	: 0.0249
Total_loss	: 0.0728
loss_cls	: 0.0037
loss_align	: 0.0691
-------------------------------------
[Epoch : 2/20]
Pr_Src_cls_loss	: 0.0249
Total_loss	: 0.0693
loss_cls	: 0.0037
loss_align	: 0.0656
-------------------------------------
[Epoch : 3/20]
Pr_Src_cls_loss	: 0.0249
Total_loss	: 0.0725
loss_cls	: 0.0046
loss_align	: 0.0678
-------------------------------------
[Epoch : 4/20]
Pr_Src_cls_loss	: 0.0249
Total_loss	: 0.0748
loss_cls	: 0.0044
loss_align	: 0.0704
-------------------------------------
[Epoch : 5/20]
Pr_Src_cls_loss	: 0.0249
Total_loss	: 0.0760
loss_cls	: 0.0039
loss_align	: 0.0721
-------------------------------------
[Epoch : 6/20]
Pr_Src_cls_loss	: 0.0249
Total_loss	: 0.0765
loss_cls	: 0.0035
loss_align	: 0.0729
-------------------------------------
[Epoch : 7/20]
Pr_Src_cls_loss	: 0.0249
Total_loss	: 0.0769
loss_cls	: 0.0034
loss_align	: 0.0735
-------------------------------------
[Epoch : 8/20]
Pr_Src_cls_loss	: 0.0249
Total_loss	: 0.0769
loss_cls	: 0.0034
loss_align	: 0.0735
-------------------------------------
[Epoch : 9/20]
Pr_Src_cls_loss	: 0.0249
Total_loss	: 0.0772
loss_cls	: 0.0034
loss_align	: 0.0737
Src_cls_loss	: 0.0000
-------------------------------------
[Epoch : 10/20]
Pr_Src_cls_loss	: 0.0249
Total_loss	: 0.0773
loss_cls	: 0.0036
loss_align	: 0.0737
Src_cls_loss	: 0.0000
-------------------------------------
[Epoch : 11/20]
Pr_Src_cls_loss	: 0.0249
Total_loss	: 0.0775
loss_cls	: 0.0038
loss_align	: 0.0737
Src_cls_loss	: 0.0000
-------------------------------------
[Epoch : 12/20]
Pr_Src_cls_loss	: 0.0249
Total_loss	: 0.0770
loss_cls	: 0.0037
loss_align	: 0.0734
Src_cls_loss	: 0.0000
-------------------------------------
[Epoch : 13/20]
Pr_Src_cls_loss	: 0.0249
Total_loss	: 0.0761
loss_cls	: 0.0034
loss_align	: 0.0727
Src_cls_loss	: 0.0000
-------------------------------------
[Epoch : 14/20]
Pr_Src_cls_loss	: 0.0249
Total_loss	: 0.0747
loss_cls	: 0.0033
loss_align	: 0.0715
Src_cls_loss	: 0.0000
-------------------------------------
[Epoch : 15/20]
Pr_Src_cls_loss	: 0.0249
Total_loss	: 0.0732
loss_cls	: 0.0031
loss_align	: 0.0701
Src_cls_loss	: 0.0000
-------------------------------------
[Epoch : 16/20]
Pr_Src_cls_loss	: 0.0249
Total_loss	: 0.0723
loss_cls	: 0.0031
loss_align	: 0.0692
Src_cls_loss	: 0.0000
-------------------------------------
[Epoch : 17/20]
Pr_Src_cls_loss	: 0.0249
Total_loss	: 0.0713
loss_cls	: 0.0031
loss_align	: 0.0683
Src_cls_loss	: 0.0000
-------------------------------------
[Epoch : 18/20]
Pr_Src_cls_loss	: 0.0249
Total_loss	: 0.0704
loss_cls	: 0.0030
loss_align	: 0.0674
Src_cls_loss	: 0.0000
-------------------------------------
[Epoch : 19/20]
Pr_Src_cls_loss	: 0.0249
Total_loss	: 0.0694
loss_cls	: 0.0029
loss_align	: 0.0665
Src_cls_loss	: 0.0000
-------------------------------------
[Epoch : 20/20]
Pr_Src_cls_loss	: 0.0249
Total_loss	: 0.0683
loss_cls	: 0.0028
loss_align	: 0.0655
Src_cls_loss	: 0.0000
-------------------------------------

[UniJDOT Debug] final_threshold = 0.5950 conf mean=0.4165 std=0.2584 reject=54.69%
[UniJDOT Eval ALL] n=31587 threshold=0.5950
[UniJDOT Eval ALL] conf: min=0.1678 max=0.7351 mean=0.4064 std=0.2592
[UniJDOT Eval ALL] rejected: 56.49%
[UniJDOT Eval ALL] pred class dist (pre-reject): [1638, 18798, 20, 5715, 5395, 21]
[UniJDOT Eval ALL] true label dist: [0, 0, 6435, 6892, 6427, 6465, 5368] (last bin = unknown)
H_score: 0.3748, OS* (acc_c): 0.2336, UNK (acc_p): 0.9484, acc_mix: 0.3551, F1: 0.2896
[UniJDOT Eval ALL] n=31587 threshold=0.5950
[UniJDOT Eval ALL] conf: min=0.1678 max=0.7351 mean=0.4064 std=0.2592
[UniJDOT Eval ALL] rejected: 56.49%
[UniJDOT Eval ALL] pred class dist (pre-reject): [1638, 18798, 20, 5715, 5395, 21]
[UniJDOT Eval ALL] true label dist: [0, 0, 6435, 6892, 6427, 6465, 5368] (last bin = unknown)
Uploading logs from: /mnt/data/home/tp2474/OpenSet-AdaTime/experiments_logs/curriculum/MHEALTH to RealWorld_UniDA_hard_n2_fno_mean/UniJDOT_UniDA_hard_n2_fno_mean/MHEALTH_to_RealWorld_run_3
🏃 View run UniJDOT_run_3 at: http://127.0.0.1:5001/#/experiments/604507857025383539/runs/5433fe0b769f4da1b4b35435035be8c9
🧪 View experiment at: http://127.0.0.1:5001/#/experiments/604507857025383539
=============================================
Dataset: MHEALTH to RealWorld_UniDA_hard_n2_fno_mean
Method:  UniJDOT
=============================================
Source: MHEALTH ---> Target: RealWorld
Run ID: 4
=============================================
[Pr Epoch : 1/20]
Pr_Src_cls_loss	: 0.2566
-------------------------------------
[Pr Epoch : 2/20]
Pr_Src_cls_loss	: 0.1398
-------------------------------------
[Pr Epoch : 3/20]
Pr_Src_cls_loss	: 0.0986
-------------------------------------
[Pr Epoch : 4/20]
Pr_Src_cls_loss	: 0.0834
-------------------------------------
[Pr Epoch : 5/20]
Pr_Src_cls_loss	: 0.0699
-------------------------------------
[Pr Epoch : 6/20]
Pr_Src_cls_loss	: 0.0608
-------------------------------------
[Pr Epoch : 7/20]
Pr_Src_cls_loss	: 0.0540
-------------------------------------
[Pr Epoch : 8/20]
Pr_Src_cls_loss	: 0.0485
-------------------------------------
[Pr Epoch : 9/20]
Pr_Src_cls_loss	: 0.0450
-------------------------------------
[Pr Epoch : 10/20]
Pr_Src_cls_loss	: 0.0425
-------------------------------------
[Pr Epoch : 11/20]
Pr_Src_cls_loss	: 0.0392
-------------------------------------
[Pr Epoch : 12/20]
Pr_Src_cls_loss	: 0.0360
-------------------------------------
[Pr Epoch : 13/20]
Pr_Src_cls_loss	: 0.0333
-------------------------------------
[Pr Epoch : 14/20]
Pr_Src_cls_loss	: 0.0324
-------------------------------------
[Pr Epoch : 15/20]
Pr_Src_cls_loss	: 0.0314
-------------------------------------
[Pr Epoch : 16/20]
Pr_Src_cls_loss	: 0.0297
-------------------------------------
[Pr Epoch : 17/20]
Pr_Src_cls_loss	: 0.0282
-------------------------------------
[Pr Epoch : 18/20]
Pr_Src_cls_loss	: 0.0277
-------------------------------------
[Pr Epoch : 19/20]
Pr_Src_cls_loss	: 0.0264
-------------------------------------
[Pr Epoch : 20/20]
Pr_Src_cls_loss	: 0.0252
-------------------------------------
/mnt/data/home/tp2474/OpenSet-AdaTime/algorithms/algorithms.py:1865: UserWarning: Implicit dimension choice for softmax has been deprecated. Change the call to include dim=X as an argument.
  trg_soft_cen = torch.nn.functional.softmax(after_lincls_cen).double()
[Epoch : 1/20]
Pr_Src_cls_loss	: 0.0252
Total_loss	: 0.0773
loss_cls	: 0.0069
loss_align	: 0.0704
-------------------------------------
[Epoch : 2/20]
Pr_Src_cls_loss	: 0.0252
Total_loss	: 0.0688
loss_cls	: 0.0071
loss_align	: 0.0617
-------------------------------------
[Epoch : 3/20]
Pr_Src_cls_loss	: 0.0252
Total_loss	: 0.0610
loss_cls	: 0.0054
loss_align	: 0.0557
-------------------------------------
[Epoch : 4/20]
Pr_Src_cls_loss	: 0.0252
Total_loss	: 0.0566
loss_cls	: 0.0052
loss_align	: 0.0514
-------------------------------------
[Epoch : 5/20]
Pr_Src_cls_loss	: 0.0252
Total_loss	: 0.0562
loss_cls	: 0.0057
loss_align	: 0.0505
-------------------------------------
[Epoch : 6/20]
Pr_Src_cls_loss	: 0.0252
Total_loss	: 0.0582
loss_cls	: 0.0057
loss_align	: 0.0525
-------------------------------------
[Epoch : 7/20]
Pr_Src_cls_loss	: 0.0252
Total_loss	: 0.0607
loss_cls	: 0.0056
loss_align	: 0.0551
-------------------------------------
[Epoch : 8/20]
Pr_Src_cls_loss	: 0.0252
Total_loss	: 0.0623
loss_cls	: 0.0054
loss_align	: 0.0569
-------------------------------------
[Epoch : 9/20]
Pr_Src_cls_loss	: 0.0252
Total_loss	: 0.0630
loss_cls	: 0.0051
loss_align	: 0.0579
Src_cls_loss	: 0.0000
-------------------------------------
[Epoch : 10/20]
Pr_Src_cls_loss	: 0.0252
Total_loss	: 0.0631
loss_cls	: 0.0048
loss_align	: 0.0583
Src_cls_loss	: 0.0000
-------------------------------------
[Epoch : 11/20]
Pr_Src_cls_loss	: 0.0252
Total_loss	: 0.0637
loss_cls	: 0.0046
loss_align	: 0.0591
Src_cls_loss	: 0.0000
-------------------------------------
[Epoch : 12/20]
Pr_Src_cls_loss	: 0.0252
Total_loss	: 0.0643
loss_cls	: 0.0045
loss_align	: 0.0598
Src_cls_loss	: 0.0000
-------------------------------------
[Epoch : 13/20]
Pr_Src_cls_loss	: 0.0252
Total_loss	: 0.0643
loss_cls	: 0.0043
loss_align	: 0.0599
Src_cls_loss	: 0.0000
-------------------------------------
[Epoch : 14/20]
Pr_Src_cls_loss	: 0.0252
Total_loss	: 0.0643
loss_cls	: 0.0042
loss_align	: 0.0601
Src_cls_loss	: 0.0000
-------------------------------------
[Epoch : 15/20]
Pr_Src_cls_loss	: 0.0252
Total_loss	: 0.0641
loss_cls	: 0.0040
loss_align	: 0.0602
Src_cls_loss	: 0.0000
-------------------------------------
[Epoch : 16/20]
Pr_Src_cls_loss	: 0.0252
Total_loss	: 0.0638
loss_cls	: 0.0038
loss_align	: 0.0600
Src_cls_loss	: 0.0000
-------------------------------------
[Epoch : 17/20]
Pr_Src_cls_loss	: 0.0252
Total_loss	: 0.0640
loss_cls	: 0.0040
loss_align	: 0.0600
Src_cls_loss	: 0.0000
-------------------------------------
[Epoch : 18/20]
Pr_Src_cls_loss	: 0.0252
Total_loss	: 0.0647
loss_cls	: 0.0046
loss_align	: 0.0601
Src_cls_loss	: 0.0000
-------------------------------------
[Epoch : 19/20]
Pr_Src_cls_loss	: 0.0252
Total_loss	: 0.0644
loss_cls	: 0.0044
loss_align	: 0.0601
Src_cls_loss	: 0.0000
-------------------------------------
[Epoch : 20/20]
Pr_Src_cls_loss	: 0.0252
Total_loss	: 0.0639
loss_cls	: 0.0042
loss_align	: 0.0597
Src_cls_loss	: 0.0000
-------------------------------------

[UniJDOT Debug] final_threshold = 0.5985 conf mean=0.3964 std=0.2371 reject=56.25%
[UniJDOT Eval ALL] n=31587 threshold=0.5985
[UniJDOT Eval ALL] conf: min=0.1671 max=0.6993 mean=0.4048 std=0.2325
[UniJDOT Eval ALL] rejected: 57.04%
[UniJDOT Eval ALL] pred class dist (pre-reject): [3928, 4367, 3144, 16809, 3203, 136]
[UniJDOT Eval ALL] true label dist: [0, 0, 6435, 6892, 6427, 6465, 5368] (last bin = unknown)
H_score: 0.3216, OS* (acc_c): 0.1924, UNK (acc_p): 0.9789, acc_mix: 0.3261, F1: 0.2609
[UniJDOT Eval ALL] n=31587 threshold=0.5985
[UniJDOT Eval ALL] conf: min=0.1671 max=0.6993 mean=0.4048 std=0.2325
[UniJDOT Eval ALL] rejected: 57.04%
[UniJDOT Eval ALL] pred class dist (pre-reject): [3928, 4367, 3144, 16809, 3203, 136]
[UniJDOT Eval ALL] true label dist: [0, 0, 6435, 6892, 6427, 6465, 5368] (last bin = unknown)
Uploading logs from: /mnt/data/home/tp2474/OpenSet-AdaTime/experiments_logs/curriculum/MHEALTH to RealWorld_UniDA_hard_n2_fno_mean/UniJDOT_UniDA_hard_n2_fno_mean/MHEALTH_to_RealWorld_run_4
🏃 View run UniJDOT_run_4 at: http://127.0.0.1:5001/#/experiments/604507857025383539/runs/35d4be849cbd481897fb00e8594f884e
🧪 View experiment at: http://127.0.0.1:5001/#/experiments/604507857025383539
==================== [n2 fno_mean] done ====================
==================== [n3 fno_mean] UDA ====================
[curriculum] scenario=UniDA  strategy=hard  n_unknown=3  rank_variant=fno_mean
[curriculum] source mapping (7 classes): {'Lying down': 'lying', 'Sitting and relaxing': 'sitting', 'Walking': 'walking', 'Running': 'running', 'Climbing stairs': 'Climbing stairs', 'Frontal elevation of arms': 'Frontal elevation of arms', 'Jump front & back': 'Jump front & back'}
[curriculum] target mapping (7 classes): {'lying': 'lying', 'sitting': 'sitting', 'walking': 'walking', 'running': 'running', 'climbingup': 'climbingup', 'jumping': 'jumping', 'climbingdown': 'climbingdown'}
[curriculum] unknowns added (in hard order): src=[Climbing stairs,Frontal elevation of arms,Jump front & back] | trg=[climbingup,jumping,climbingdown]
2026/05/11 17:17:23 INFO mlflow.tracking.fluent: Experiment with name 'MHEALTH to RealWorld_UniDA_hard_n3_fno_mean' does not exist. Creating a new experiment.
[scenario] UDA -> UniDA (uniDA=True)
Unlabeled data shape:  (35510, 150, 18)
Unlabelled Combined shape: (60884, 150, 18)

--- Dataloader Size Check ---
Source Train batches:   29
Target Train batches:   554
-------------------------------

Private classes:  tensor([7., 8., 9.])
=============================================
Dataset: MHEALTH to RealWorld_UniDA_hard_n3_fno_mean
Method:  UDA
=============================================
Source: MHEALTH ---> Target: RealWorld
Run ID: 0
=============================================
[Pr Epoch : 1/20]
Pr_Src_cls_loss	: 1.7274
-------------------------------------
[Pr Epoch : 2/20]
Pr_Src_cls_loss	: 1.6075
-------------------------------------
[Pr Epoch : 3/20]
Pr_Src_cls_loss	: 1.4973
-------------------------------------
[Pr Epoch : 4/20]
Pr_Src_cls_loss	: 1.3932
-------------------------------------
[Pr Epoch : 5/20]
Pr_Src_cls_loss	: 1.2973
-------------------------------------
[Pr Epoch : 6/20]
Pr_Src_cls_loss	: 1.2089
-------------------------------------
[Pr Epoch : 7/20]
Pr_Src_cls_loss	: 1.1282
-------------------------------------
[Pr Epoch : 8/20]
Pr_Src_cls_loss	: 1.0550
-------------------------------------
[Pr Epoch : 9/20]
Pr_Src_cls_loss	: 0.9892
-------------------------------------
[Pr Epoch : 10/20]
Pr_Src_cls_loss	: 0.9300
-------------------------------------
[Pr Epoch : 11/20]
Pr_Src_cls_loss	: 0.8766
-------------------------------------
[Pr Epoch : 12/20]
Pr_Src_cls_loss	: 0.8282
-------------------------------------
[Pr Epoch : 13/20]
Pr_Src_cls_loss	: 0.7844
-------------------------------------
[Pr Epoch : 14/20]
Pr_Src_cls_loss	: 0.7447
-------------------------------------
[Pr Epoch : 15/20]
Pr_Src_cls_loss	: 0.7086
-------------------------------------
[Pr Epoch : 16/20]
Pr_Src_cls_loss	: 0.6757
-------------------------------------
[Pr Epoch : 17/20]
Pr_Src_cls_loss	: 0.6456
-------------------------------------
[Pr Epoch : 18/20]
Pr_Src_cls_loss	: 0.6181
-------------------------------------
[Pr Epoch : 19/20]
Pr_Src_cls_loss	: 0.5926
-------------------------------------
[Pr Epoch : 20/20]
Pr_Src_cls_loss	: 0.5692
-------------------------------------
[Epoch : 1/20]
Pr_Src_cls_loss	: 0.5692
Total_loss	: 5.7975
Domain_loss	: 1.3563
Src_cls_loss	: 0.1162
Adv Loss	: 1.3692
-------------------------------------
[Epoch : 2/20]
Pr_Src_cls_loss	: 0.5692
Total_loss	: 5.7597
Domain_loss	: 1.3157
Src_cls_loss	: 0.1216
Adv Loss	: 1.3551
-------------------------------------
[Epoch : 3/20]
Pr_Src_cls_loss	: 0.5692
Total_loss	: 5.7718
Domain_loss	: 1.2708
Src_cls_loss	: 0.1300
Adv Loss	: 1.3510
-------------------------------------
[Epoch : 4/20]
Pr_Src_cls_loss	: 0.5692
Total_loss	: 5.7745
Domain_loss	: 1.1750
Src_cls_loss	: 0.1370
Adv Loss	: 1.3457
-------------------------------------
[Epoch : 5/20]
Pr_Src_cls_loss	: 0.5692
Total_loss	: 5.7462
Domain_loss	: 1.1049
Src_cls_loss	: 0.1400
Adv Loss	: 1.3360
-------------------------------------
[Epoch : 6/20]
Pr_Src_cls_loss	: 0.5692
Total_loss	: 5.8036
Domain_loss	: 1.0770
Src_cls_loss	: 0.1426
Adv Loss	: 1.3483
-------------------------------------
[Epoch : 7/20]
Pr_Src_cls_loss	: 0.5692
Total_loss	: 5.7403
Domain_loss	: 1.0100
Src_cls_loss	: 0.1412
Adv Loss	: 1.3335
-------------------------------------
[Epoch : 8/20]
Pr_Src_cls_loss	: 0.5692
Total_loss	: 5.7690
Domain_loss	: 0.9736
Src_cls_loss	: 0.1479
Adv Loss	: 1.3351
-------------------------------------
[Epoch : 9/20]
Pr_Src_cls_loss	: 0.5692
Total_loss	: 5.7791
Domain_loss	: 0.9410
Src_cls_loss	: 0.1502
Adv Loss	: 1.3357
-------------------------------------
[Epoch : 10/20]
Pr_Src_cls_loss	: 0.5692
Total_loss	: 5.7605
Domain_loss	: 0.8982
Src_cls_loss	: 0.1476
Adv Loss	: 1.3332
-------------------------------------
[Epoch : 11/20]
Pr_Src_cls_loss	: 0.5692
Total_loss	: 5.7459
Domain_loss	: 0.8606
Src_cls_loss	: 0.1480
Adv Loss	: 1.3291
-------------------------------------
[Epoch : 12/20]
Pr_Src_cls_loss	: 0.5692
Total_loss	: 5.7348
Domain_loss	: 0.8296
Src_cls_loss	: 0.1489
Adv Loss	: 1.3256
-------------------------------------
[Epoch : 13/20]
Pr_Src_cls_loss	: 0.5692
Total_loss	: 5.7377
Domain_loss	: 0.8076
Src_cls_loss	: 0.1470
Adv Loss	: 1.3279
-------------------------------------
[Epoch : 14/20]
Pr_Src_cls_loss	: 0.5692
Total_loss	: 5.6826
Domain_loss	: 0.7780
Src_cls_loss	: 0.1453
Adv Loss	: 1.3154
-------------------------------------
[Epoch : 15/20]
Pr_Src_cls_loss	: 0.5692
Total_loss	: 5.6898
Domain_loss	: 0.7784
Src_cls_loss	: 0.1463
Adv Loss	: 1.3164
-------------------------------------
[Epoch : 16/20]
Pr_Src_cls_loss	: 0.5692
Total_loss	: 5.6906
Domain_loss	: 0.7568
Src_cls_loss	: 0.1466
Adv Loss	: 1.3163
-------------------------------------
[Epoch : 17/20]
Pr_Src_cls_loss	: 0.5692
Total_loss	: 5.6497
Domain_loss	: 0.7315
Src_cls_loss	: 0.1434
Adv Loss	: 1.3087
-------------------------------------
[Epoch : 18/20]
Pr_Src_cls_loss	: 0.5692
Total_loss	: 5.6428
Domain_loss	: 0.7160
Src_cls_loss	: 0.1438
Adv Loss	: 1.3066
-------------------------------------
[Epoch : 19/20]
Pr_Src_cls_loss	: 0.5692
Total_loss	: 5.6511
Domain_loss	: 0.7041
Src_cls_loss	: 0.1434
Adv Loss	: 1.3090
-------------------------------------
[Epoch : 20/20]
Pr_Src_cls_loss	: 0.5692
Total_loss	: 5.6109
Domain_loss	: 0.6904
Src_cls_loss	: 0.1405
Adv Loss	: 1.3013
-------------------------------------
/mnt/data/home/tp2474/OpenSet-AdaTime/trainers/abstract_trainer.py:331: FutureWarning: The behavior of DataFrame concatenation with empty or all-NA entries is deprecated. In a future version, this will no longer exclude empty or all-NA columns when determining the result dtypes. To retain the old behavior, exclude the relevant entries before the concat operation.
  table = pd.concat([table, results_df], ignore_index=True)
H_score: 0.3304, OS* (acc_c): 0.2465, UNK (acc_p): 0.5008, acc_mix: 0.3130, F1: 0.3424
Uploading logs from: /mnt/data/home/tp2474/OpenSet-AdaTime/experiments_logs/curriculum/MHEALTH to RealWorld_UniDA_hard_n3_fno_mean/UDA_UniDA_hard_n3_fno_mean/MHEALTH_to_RealWorld_run_0
🏃 View run UDA_run_0 at: http://127.0.0.1:5001/#/experiments/814425868998510608/runs/938e91b9b6384355b5d0d0f4690a21c4
🧪 View experiment at: http://127.0.0.1:5001/#/experiments/814425868998510608
=============================================
Dataset: MHEALTH to RealWorld_UniDA_hard_n3_fno_mean
Method:  UDA
=============================================
Source: MHEALTH ---> Target: RealWorld
Run ID: 1
=============================================
[Pr Epoch : 1/20]
Pr_Src_cls_loss	: 1.7472
-------------------------------------
[Pr Epoch : 2/20]
Pr_Src_cls_loss	: 1.6316
-------------------------------------
[Pr Epoch : 3/20]
Pr_Src_cls_loss	: 1.5251
-------------------------------------
[Pr Epoch : 4/20]
Pr_Src_cls_loss	: 1.4242
-------------------------------------
[Pr Epoch : 5/20]
Pr_Src_cls_loss	: 1.3294
-------------------------------------
[Pr Epoch : 6/20]
Pr_Src_cls_loss	: 1.2422
-------------------------------------
[Pr Epoch : 7/20]
Pr_Src_cls_loss	: 1.1623
-------------------------------------
[Pr Epoch : 8/20]
Pr_Src_cls_loss	: 1.0897
-------------------------------------
[Pr Epoch : 9/20]
Pr_Src_cls_loss	: 1.0236
-------------------------------------
[Pr Epoch : 10/20]
Pr_Src_cls_loss	: 0.9640
-------------------------------------
[Pr Epoch : 11/20]
Pr_Src_cls_loss	: 0.9098
-------------------------------------
[Pr Epoch : 12/20]
Pr_Src_cls_loss	: 0.8607
-------------------------------------
[Pr Epoch : 13/20]
Pr_Src_cls_loss	: 0.8163
-------------------------------------
[Pr Epoch : 14/20]
Pr_Src_cls_loss	: 0.7758
-------------------------------------
[Pr Epoch : 15/20]
Pr_Src_cls_loss	: 0.7389
-------------------------------------
[Pr Epoch : 16/20]
Pr_Src_cls_loss	: 0.7051
-------------------------------------
[Pr Epoch : 17/20]
Pr_Src_cls_loss	: 0.6742
-------------------------------------
[Pr Epoch : 18/20]
Pr_Src_cls_loss	: 0.6457
-------------------------------------
[Pr Epoch : 19/20]
Pr_Src_cls_loss	: 0.6196
-------------------------------------
[Pr Epoch : 20/20]
Pr_Src_cls_loss	: 0.5954
-------------------------------------
[Epoch : 1/20]
Pr_Src_cls_loss	: 0.5954
Total_loss	: 5.8432
Domain_loss	: 1.3619
Src_cls_loss	: 0.1255
Adv Loss	: 1.3728
-------------------------------------
[Epoch : 2/20]
Pr_Src_cls_loss	: 0.5954
Total_loss	: 5.8075
Domain_loss	: 1.3244
Src_cls_loss	: 0.1300
Adv Loss	: 1.3600
-------------------------------------
[Epoch : 3/20]
Pr_Src_cls_loss	: 0.5954
Total_loss	: 5.8045
Domain_loss	: 1.2615
Src_cls_loss	: 0.1346
Adv Loss	: 1.3554
-------------------------------------
[Epoch : 4/20]
Pr_Src_cls_loss	: 0.5954
Total_loss	: 5.7659
Domain_loss	: 1.1662
Src_cls_loss	: 0.1410
Adv Loss	: 1.3401
-------------------------------------
[Epoch : 5/20]
Pr_Src_cls_loss	: 0.5954
Total_loss	: 5.7770
Domain_loss	: 1.1003
Src_cls_loss	: 0.1484
Adv Loss	: 1.3367
-------------------------------------
[Epoch : 6/20]
Pr_Src_cls_loss	: 0.5954
Total_loss	: 5.7488
Domain_loss	: 1.0415
Src_cls_loss	: 0.1544
Adv Loss	: 1.3244
-------------------------------------
[Epoch : 7/20]
Pr_Src_cls_loss	: 0.5954
Total_loss	: 5.7660
Domain_loss	: 1.0129
Src_cls_loss	: 0.1600
Adv Loss	: 1.3240
-------------------------------------
[Epoch : 8/20]
Pr_Src_cls_loss	: 0.5954
Total_loss	: 5.7432
Domain_loss	: 0.9708
Src_cls_loss	: 0.1646
Adv Loss	: 1.3144
-------------------------------------
[Epoch : 9/20]
Pr_Src_cls_loss	: 0.5954
Total_loss	: 5.7906
Domain_loss	: 0.9528
Src_cls_loss	: 0.1672
Adv Loss	: 1.3242
-------------------------------------
[Epoch : 10/20]
Pr_Src_cls_loss	: 0.5954
Total_loss	: 5.7733
Domain_loss	: 0.9141
Src_cls_loss	: 0.1673
Adv Loss	: 1.3197
-------------------------------------
[Epoch : 11/20]
Pr_Src_cls_loss	: 0.5954
Total_loss	: 5.7426
Domain_loss	: 0.8917
Src_cls_loss	: 0.1655
Adv Loss	: 1.3134
-------------------------------------
[Epoch : 12/20]
Pr_Src_cls_loss	: 0.5954
Total_loss	: 5.7535
Domain_loss	: 0.8637
Src_cls_loss	: 0.1710
Adv Loss	: 1.3116
-------------------------------------
[Epoch : 13/20]
Pr_Src_cls_loss	: 0.5954
Total_loss	: 5.7787
Domain_loss	: 0.8388
Src_cls_loss	: 0.1745
Adv Loss	: 1.3150
-------------------------------------
[Epoch : 14/20]
Pr_Src_cls_loss	: 0.5954
Total_loss	: 5.7947
Domain_loss	: 0.8066
Src_cls_loss	: 0.1741
Adv Loss	: 1.3193
-------------------------------------
[Epoch : 15/20]
Pr_Src_cls_loss	: 0.5954
Total_loss	: 5.7547
Domain_loss	: 0.7724
Src_cls_loss	: 0.1721
Adv Loss	: 1.3110
-------------------------------------
[Epoch : 16/20]
Pr_Src_cls_loss	: 0.5954
Total_loss	: 5.7711
Domain_loss	: 0.7475
Src_cls_loss	: 0.1688
Adv Loss	: 1.3179
-------------------------------------
[Epoch : 17/20]
Pr_Src_cls_loss	: 0.5954
Total_loss	: 5.7617
Domain_loss	: 0.7224
Src_cls_loss	: 0.1680
Adv Loss	: 1.3162
-------------------------------------
[Epoch : 18/20]
Pr_Src_cls_loss	: 0.5954
Total_loss	: 5.7365
Domain_loss	: 0.7049
Src_cls_loss	: 0.1657
Adv Loss	: 1.3117
-------------------------------------
[Epoch : 19/20]
Pr_Src_cls_loss	: 0.5954
Total_loss	: 5.7321
Domain_loss	: 0.6894
Src_cls_loss	: 0.1649
Adv Loss	: 1.3113
-------------------------------------
[Epoch : 20/20]
Pr_Src_cls_loss	: 0.5954
Total_loss	: 5.7315
Domain_loss	: 0.6715
Src_cls_loss	: 0.1640
Adv Loss	: 1.3120
-------------------------------------
H_score: 0.3385, OS* (acc_c): 0.3092, UNK (acc_p): 0.3740, acc_mix: 0.3261, F1: 0.3757
Uploading logs from: /mnt/data/home/tp2474/OpenSet-AdaTime/experiments_logs/curriculum/MHEALTH to RealWorld_UniDA_hard_n3_fno_mean/UDA_UniDA_hard_n3_fno_mean/MHEALTH_to_RealWorld_run_1
🏃 View run UDA_run_1 at: http://127.0.0.1:5001/#/experiments/814425868998510608/runs/df734f808e084f0ead748f03bb98cddd
🧪 View experiment at: http://127.0.0.1:5001/#/experiments/814425868998510608
=============================================
Dataset: MHEALTH to RealWorld_UniDA_hard_n3_fno_mean
Method:  UDA
=============================================
Source: MHEALTH ---> Target: RealWorld
Run ID: 2
=============================================
[Pr Epoch : 1/20]
Pr_Src_cls_loss	: 1.7478
-------------------------------------
[Pr Epoch : 2/20]
Pr_Src_cls_loss	: 1.6296
-------------------------------------
[Pr Epoch : 3/20]
Pr_Src_cls_loss	: 1.5182
-------------------------------------
[Pr Epoch : 4/20]
Pr_Src_cls_loss	: 1.4130
-------------------------------------
[Pr Epoch : 5/20]
Pr_Src_cls_loss	: 1.3145
-------------------------------------
[Pr Epoch : 6/20]
Pr_Src_cls_loss	: 1.2247
-------------------------------------
[Pr Epoch : 7/20]
Pr_Src_cls_loss	: 1.1429
-------------------------------------
[Pr Epoch : 8/20]
Pr_Src_cls_loss	: 1.0686
-------------------------------------
[Pr Epoch : 9/20]
Pr_Src_cls_loss	: 1.0016
-------------------------------------
[Pr Epoch : 10/20]
Pr_Src_cls_loss	: 0.9414
-------------------------------------
[Pr Epoch : 11/20]
Pr_Src_cls_loss	: 0.8871
-------------------------------------
[Pr Epoch : 12/20]
Pr_Src_cls_loss	: 0.8380
-------------------------------------
[Pr Epoch : 13/20]
Pr_Src_cls_loss	: 0.7937
-------------------------------------
[Pr Epoch : 14/20]
Pr_Src_cls_loss	: 0.7536
-------------------------------------
[Pr Epoch : 15/20]
Pr_Src_cls_loss	: 0.7169
-------------------------------------
[Pr Epoch : 16/20]
Pr_Src_cls_loss	: 0.6835
-------------------------------------
[Pr Epoch : 17/20]
Pr_Src_cls_loss	: 0.6530
-------------------------------------
[Pr Epoch : 18/20]
Pr_Src_cls_loss	: 0.6252
-------------------------------------
[Pr Epoch : 19/20]
Pr_Src_cls_loss	: 0.5996
-------------------------------------
[Pr Epoch : 20/20]
Pr_Src_cls_loss	: 0.5759
-------------------------------------
[Epoch : 1/20]
Pr_Src_cls_loss	: 0.5759
Total_loss	: 5.7856
Domain_loss	: 1.3573
Src_cls_loss	: 0.1144
Adv Loss	: 1.3677
-------------------------------------
[Epoch : 2/20]
Pr_Src_cls_loss	: 0.5759
Total_loss	: 5.7890
Domain_loss	: 1.3244
Src_cls_loss	: 0.1249
Adv Loss	: 1.3596
-------------------------------------
[Epoch : 3/20]
Pr_Src_cls_loss	: 0.5759
Total_loss	: 5.7910
Domain_loss	: 1.2754
Src_cls_loss	: 0.1307
Adv Loss	: 1.3552
-------------------------------------
[Epoch : 4/20]
Pr_Src_cls_loss	: 0.5759
Total_loss	: 5.7887
Domain_loss	: 1.1868
Src_cls_loss	: 0.1380
Adv Loss	: 1.3485
-------------------------------------
[Epoch : 5/20]
Pr_Src_cls_loss	: 0.5759
Total_loss	: 5.7475
Domain_loss	: 1.0929
Src_cls_loss	: 0.1436
Adv Loss	: 1.3332
-------------------------------------
[Epoch : 6/20]
Pr_Src_cls_loss	: 0.5759
Total_loss	: 5.7559
Domain_loss	: 1.0372
Src_cls_loss	: 0.1498
Adv Loss	: 1.3302
-------------------------------------
[Epoch : 7/20]
Pr_Src_cls_loss	: 0.5759
Total_loss	: 5.8077
Domain_loss	: 0.9827
Src_cls_loss	: 0.1597
Adv Loss	: 1.3349
-------------------------------------
[Epoch : 8/20]
Pr_Src_cls_loss	: 0.5759
Total_loss	: 5.7751
Domain_loss	: 0.9260
Src_cls_loss	: 0.1580
Adv Loss	: 1.3280
-------------------------------------
[Epoch : 9/20]
Pr_Src_cls_loss	: 0.5759
Total_loss	: 5.7705
Domain_loss	: 0.8945
Src_cls_loss	: 0.1585
Adv Loss	: 1.3265
-------------------------------------
[Epoch : 10/20]
Pr_Src_cls_loss	: 0.5759
Total_loss	: 5.7737
Domain_loss	: 0.8661
Src_cls_loss	: 0.1597
Adv Loss	: 1.3262
-------------------------------------
[Epoch : 11/20]
Pr_Src_cls_loss	: 0.5759
Total_loss	: 5.7765
Domain_loss	: 0.8348
Src_cls_loss	: 0.1599
Adv Loss	: 1.3268
-------------------------------------
[Epoch : 12/20]
Pr_Src_cls_loss	: 0.5759
Total_loss	: 5.7903
Domain_loss	: 0.8187
Src_cls_loss	: 0.1619
Adv Loss	: 1.3286
-------------------------------------
[Epoch : 13/20]
Pr_Src_cls_loss	: 0.5759
Total_loss	: 5.7675
Domain_loss	: 0.7895
Src_cls_loss	: 0.1610
Adv Loss	: 1.3236
-------------------------------------
[Epoch : 14/20]
Pr_Src_cls_loss	: 0.5759
Total_loss	: 5.7315
Domain_loss	: 0.7631
Src_cls_loss	: 0.1571
Adv Loss	: 1.3178
-------------------------------------
[Epoch : 15/20]
Pr_Src_cls_loss	: 0.5759
Total_loss	: 5.7322
Domain_loss	: 0.7427
Src_cls_loss	: 0.1561
Adv Loss	: 1.3188
-------------------------------------
[Epoch : 16/20]
Pr_Src_cls_loss	: 0.5759
Total_loss	: 5.7269
Domain_loss	: 0.7261
Src_cls_loss	: 0.1543
Adv Loss	: 1.3189
-------------------------------------
[Epoch : 17/20]
Pr_Src_cls_loss	: 0.5759
Total_loss	: 5.7671
Domain_loss	: 0.7068
Src_cls_loss	: 0.1557
Adv Loss	: 1.3280
-------------------------------------
[Epoch : 18/20]
Pr_Src_cls_loss	: 0.5759
Total_loss	: 5.7386
Domain_loss	: 0.6832
Src_cls_loss	: 0.1530
Adv Loss	: 1.3231
-------------------------------------
[Epoch : 19/20]
Pr_Src_cls_loss	: 0.5759
Total_loss	: 5.7343
Domain_loss	: 0.6682
Src_cls_loss	: 0.1526
Adv Loss	: 1.3223
-------------------------------------
[Epoch : 20/20]
Pr_Src_cls_loss	: 0.5759
Total_loss	: 5.7123
Domain_loss	: 0.6522
Src_cls_loss	: 0.1499
Adv Loss	: 1.3190
-------------------------------------
H_score: 0.2151, OS* (acc_c): 0.1418, UNK (acc_p): 0.4454, acc_mix: 0.2212, F1: 0.2338
Uploading logs from: /mnt/data/home/tp2474/OpenSet-AdaTime/experiments_logs/curriculum/MHEALTH to RealWorld_UniDA_hard_n3_fno_mean/UDA_UniDA_hard_n3_fno_mean/MHEALTH_to_RealWorld_run_2
🏃 View run UDA_run_2 at: http://127.0.0.1:5001/#/experiments/814425868998510608/runs/772dfbf60c7b42e69753aaf92ea4cc53
🧪 View experiment at: http://127.0.0.1:5001/#/experiments/814425868998510608
=============================================
Dataset: MHEALTH to RealWorld_UniDA_hard_n3_fno_mean
Method:  UDA
=============================================
Source: MHEALTH ---> Target: RealWorld
Run ID: 3
=============================================
[Pr Epoch : 1/20]
Pr_Src_cls_loss	: 1.7414
-------------------------------------
[Pr Epoch : 2/20]
Pr_Src_cls_loss	: 1.6260
-------------------------------------
[Pr Epoch : 3/20]
Pr_Src_cls_loss	: 1.5164
-------------------------------------
[Pr Epoch : 4/20]
Pr_Src_cls_loss	: 1.4123
-------------------------------------
[Pr Epoch : 5/20]
Pr_Src_cls_loss	: 1.3159
-------------------------------------
[Pr Epoch : 6/20]
Pr_Src_cls_loss	: 1.2263
-------------------------------------
[Pr Epoch : 7/20]
Pr_Src_cls_loss	: 1.1444
-------------------------------------
[Pr Epoch : 8/20]
Pr_Src_cls_loss	: 1.0705
-------------------------------------
[Pr Epoch : 9/20]
Pr_Src_cls_loss	: 1.0035
-------------------------------------
[Pr Epoch : 10/20]
Pr_Src_cls_loss	: 0.9430
-------------------------------------
[Pr Epoch : 11/20]
Pr_Src_cls_loss	: 0.8886
-------------------------------------
[Pr Epoch : 12/20]
Pr_Src_cls_loss	: 0.8395
-------------------------------------
[Pr Epoch : 13/20]
Pr_Src_cls_loss	: 0.7949
-------------------------------------
[Pr Epoch : 14/20]
Pr_Src_cls_loss	: 0.7547
-------------------------------------
[Pr Epoch : 15/20]
Pr_Src_cls_loss	: 0.7181
-------------------------------------
[Pr Epoch : 16/20]
Pr_Src_cls_loss	: 0.6846
-------------------------------------
[Pr Epoch : 17/20]
Pr_Src_cls_loss	: 0.6539
-------------------------------------
[Pr Epoch : 18/20]
Pr_Src_cls_loss	: 0.6259
-------------------------------------
[Pr Epoch : 19/20]
Pr_Src_cls_loss	: 0.6000
-------------------------------------
[Pr Epoch : 20/20]
Pr_Src_cls_loss	: 0.5763
-------------------------------------
[Epoch : 1/20]
Pr_Src_cls_loss	: 0.5763
Total_loss	: 5.7876
Domain_loss	: 1.3587
Src_cls_loss	: 0.1146
Adv Loss	: 1.3681
-------------------------------------
[Epoch : 2/20]
Pr_Src_cls_loss	: 0.5763
Total_loss	: 5.7808
Domain_loss	: 1.3268
Src_cls_loss	: 0.1225
Adv Loss	: 1.3596
-------------------------------------
[Epoch : 3/20]
Pr_Src_cls_loss	: 0.5763
Total_loss	: 5.7718
Domain_loss	: 1.2704
Src_cls_loss	: 0.1282
Adv Loss	: 1.3525
-------------------------------------
[Epoch : 4/20]
Pr_Src_cls_loss	: 0.5763
Total_loss	: 5.7951
Domain_loss	: 1.1981
Src_cls_loss	: 0.1366
Adv Loss	: 1.3513
-------------------------------------
[Epoch : 5/20]
Pr_Src_cls_loss	: 0.5763
Total_loss	: 5.7963
Domain_loss	: 1.1212
Src_cls_loss	: 0.1417
Adv Loss	: 1.3472
-------------------------------------
[Epoch : 6/20]
Pr_Src_cls_loss	: 0.5763
Total_loss	: 5.7656
Domain_loss	: 1.0253
Src_cls_loss	: 0.1483
Adv Loss	: 1.3339
-------------------------------------
[Epoch : 7/20]
Pr_Src_cls_loss	: 0.5763
Total_loss	: 5.8000
Domain_loss	: 0.9748
Src_cls_loss	: 0.1578
Adv Loss	: 1.3345
-------------------------------------
[Epoch : 8/20]
Pr_Src_cls_loss	: 0.5763
Total_loss	: 5.7281
Domain_loss	: 0.9308
Src_cls_loss	: 0.1568
Adv Loss	: 1.3172
-------------------------------------
[Epoch : 9/20]
Pr_Src_cls_loss	: 0.5763
Total_loss	: 5.7797
Domain_loss	: 0.9311
Src_cls_loss	: 0.1609
Adv Loss	: 1.3268
-------------------------------------
[Epoch : 10/20]
Pr_Src_cls_loss	: 0.5763
Total_loss	: 5.8368
Domain_loss	: 0.9131
Src_cls_loss	: 0.1670
Adv Loss	: 1.3360
-------------------------------------
[Epoch : 11/20]
Pr_Src_cls_loss	: 0.5763
Total_loss	: 5.8035
Domain_loss	: 0.8650
Src_cls_loss	: 0.1656
Adv Loss	: 1.3288
-------------------------------------
[Epoch : 12/20]
Pr_Src_cls_loss	: 0.5763
Total_loss	: 5.7619
Domain_loss	: 0.8298
Src_cls_loss	: 0.1615
Adv Loss	: 1.3218
-------------------------------------
[Epoch : 13/20]
Pr_Src_cls_loss	: 0.5763
Total_loss	: 5.7534
Domain_loss	: 0.8011
Src_cls_loss	: 0.1599
Adv Loss	: 1.3210
-------------------------------------
[Epoch : 14/20]
Pr_Src_cls_loss	: 0.5763
Total_loss	: 5.7281
Domain_loss	: 0.7745
Src_cls_loss	: 0.1612
Adv Loss	: 1.3134
-------------------------------------
[Epoch : 15/20]
Pr_Src_cls_loss	: 0.5763
Total_loss	: 5.7143
Domain_loss	: 0.7590
Src_cls_loss	: 0.1601
Adv Loss	: 1.3109
-------------------------------------
[Epoch : 16/20]
Pr_Src_cls_loss	: 0.5763
Total_loss	: 5.7238
Domain_loss	: 0.7408
Src_cls_loss	: 0.1596
Adv Loss	: 1.3137
-------------------------------------
[Epoch : 17/20]
Pr_Src_cls_loss	: 0.5763
Total_loss	: 5.7167
Domain_loss	: 0.7203
Src_cls_loss	: 0.1605
Adv Loss	: 1.3112
-------------------------------------
[Epoch : 18/20]
Pr_Src_cls_loss	: 0.5763
Total_loss	: 5.7301
Domain_loss	: 0.7044
Src_cls_loss	: 0.1606
Adv Loss	: 1.3144
-------------------------------------
[Epoch : 19/20]
Pr_Src_cls_loss	: 0.5763
Total_loss	: 5.7076
Domain_loss	: 0.6810
Src_cls_loss	: 0.1580
Adv Loss	: 1.3110
-------------------------------------
[Epoch : 20/20]
Pr_Src_cls_loss	: 0.5763
Total_loss	: 5.6682
Domain_loss	: 0.6630
Src_cls_loss	: 0.1556
Adv Loss	: 1.3030
-------------------------------------
H_score: 0.2889, OS* (acc_c): 0.2172, UNK (acc_p): 0.4313, acc_mix: 0.2732, F1: 0.3101
Uploading logs from: /mnt/data/home/tp2474/OpenSet-AdaTime/experiments_logs/curriculum/MHEALTH to RealWorld_UniDA_hard_n3_fno_mean/UDA_UniDA_hard_n3_fno_mean/MHEALTH_to_RealWorld_run_3
🏃 View run UDA_run_3 at: http://127.0.0.1:5001/#/experiments/814425868998510608/runs/5b57cdad428c4763a76062f22667f2cf
🧪 View experiment at: http://127.0.0.1:5001/#/experiments/814425868998510608
=============================================
Dataset: MHEALTH to RealWorld_UniDA_hard_n3_fno_mean
Method:  UDA
=============================================
Source: MHEALTH ---> Target: RealWorld
Run ID: 4
=============================================
[Pr Epoch : 1/20]
Pr_Src_cls_loss	: 1.7370
-------------------------------------
[Pr Epoch : 2/20]
Pr_Src_cls_loss	: 1.6164
-------------------------------------
[Pr Epoch : 3/20]
Pr_Src_cls_loss	: 1.5037
-------------------------------------
[Pr Epoch : 4/20]
Pr_Src_cls_loss	: 1.3987
-------------------------------------
[Pr Epoch : 5/20]
Pr_Src_cls_loss	: 1.3011
-------------------------------------
[Pr Epoch : 6/20]
Pr_Src_cls_loss	: 1.2107
-------------------------------------
[Pr Epoch : 7/20]
Pr_Src_cls_loss	: 1.1284
-------------------------------------
[Pr Epoch : 8/20]
Pr_Src_cls_loss	: 1.0545
-------------------------------------
[Pr Epoch : 9/20]
Pr_Src_cls_loss	: 0.9876
-------------------------------------
[Pr Epoch : 10/20]
Pr_Src_cls_loss	: 0.9275
-------------------------------------
[Pr Epoch : 11/20]
Pr_Src_cls_loss	: 0.8740
-------------------------------------
[Pr Epoch : 12/20]
Pr_Src_cls_loss	: 0.8253
-------------------------------------
[Pr Epoch : 13/20]
Pr_Src_cls_loss	: 0.7814
-------------------------------------
[Pr Epoch : 14/20]
Pr_Src_cls_loss	: 0.7417
-------------------------------------
[Pr Epoch : 15/20]
Pr_Src_cls_loss	: 0.7056
-------------------------------------
[Pr Epoch : 16/20]
Pr_Src_cls_loss	: 0.6726
-------------------------------------
[Pr Epoch : 17/20]
Pr_Src_cls_loss	: 0.6425
-------------------------------------
[Pr Epoch : 18/20]
Pr_Src_cls_loss	: 0.6149
-------------------------------------
[Pr Epoch : 19/20]
Pr_Src_cls_loss	: 0.5895
-------------------------------------
[Pr Epoch : 20/20]
Pr_Src_cls_loss	: 0.5660
-------------------------------------
[Epoch : 1/20]
Pr_Src_cls_loss	: 0.5660
Total_loss	: 5.7927
Domain_loss	: 1.3679
Src_cls_loss	: 0.1144
Adv Loss	: 1.3695
-------------------------------------
[Epoch : 2/20]
Pr_Src_cls_loss	: 0.5660
Total_loss	: 5.7581
Domain_loss	: 1.3367
Src_cls_loss	: 0.1213
Adv Loss	: 1.3548
-------------------------------------
[Epoch : 3/20]
Pr_Src_cls_loss	: 0.5660
Total_loss	: 5.7854
Domain_loss	: 1.2940
Src_cls_loss	: 0.1311
Adv Loss	: 1.3534
-------------------------------------
[Epoch : 4/20]
Pr_Src_cls_loss	: 0.5660
Total_loss	: 5.7785
Domain_loss	: 1.1932
Src_cls_loss	: 0.1338
Adv Loss	: 1.3495
-------------------------------------
[Epoch : 5/20]
Pr_Src_cls_loss	: 0.5660
Total_loss	: 5.7523
Domain_loss	: 1.0991
Src_cls_loss	: 0.1351
Adv Loss	: 1.3417
-------------------------------------
[Epoch : 6/20]
Pr_Src_cls_loss	: 0.5660
Total_loss	: 5.7366
Domain_loss	: 1.0352
Src_cls_loss	: 0.1380
Adv Loss	: 1.3352
-------------------------------------
[Epoch : 7/20]
Pr_Src_cls_loss	: 0.5660
Total_loss	: 5.7211
Domain_loss	: 0.9895
Src_cls_loss	: 0.1396
Adv Loss	: 1.3300
-------------------------------------
[Epoch : 8/20]
Pr_Src_cls_loss	: 0.5660
Total_loss	: 5.7589
Domain_loss	: 0.9551
Src_cls_loss	: 0.1436
Adv Loss	: 1.3362
-------------------------------------
[Epoch : 9/20]
Pr_Src_cls_loss	: 0.5660
Total_loss	: 5.7442
Domain_loss	: 0.9146
Src_cls_loss	: 0.1454
Adv Loss	: 1.3309
-------------------------------------
[Epoch : 10/20]
Pr_Src_cls_loss	: 0.5660
Total_loss	: 5.7123
Domain_loss	: 0.8858
Src_cls_loss	: 0.1481
Adv Loss	: 1.3205
-------------------------------------
[Epoch : 11/20]
Pr_Src_cls_loss	: 0.5660
Total_loss	: 5.7679
Domain_loss	: 0.8765
Src_cls_loss	: 0.1530
Adv Loss	: 1.3305
-------------------------------------
[Epoch : 12/20]
Pr_Src_cls_loss	: 0.5660
Total_loss	: 5.7355
Domain_loss	: 0.8430
Src_cls_loss	: 0.1516
Adv Loss	: 1.3235
-------------------------------------
[Epoch : 13/20]
Pr_Src_cls_loss	: 0.5660
Total_loss	: 5.7206
Domain_loss	: 0.8171
Src_cls_loss	: 0.1503
Adv Loss	: 1.3208
-------------------------------------
[Epoch : 14/20]
Pr_Src_cls_loss	: 0.5660
Total_loss	: 5.7349
Domain_loss	: 0.7963
Src_cls_loss	: 0.1505
Adv Loss	: 1.3242
-------------------------------------
[Epoch : 15/20]
Pr_Src_cls_loss	: 0.5660
Total_loss	: 5.7549
Domain_loss	: 0.7717
Src_cls_loss	: 0.1517
Adv Loss	: 1.3282
-------------------------------------
[Epoch : 16/20]
Pr_Src_cls_loss	: 0.5660
Total_loss	: 5.7026
Domain_loss	: 0.7453
Src_cls_loss	: 0.1483
Adv Loss	: 1.3179
-------------------------------------
[Epoch : 17/20]
Pr_Src_cls_loss	: 0.5660
Total_loss	: 5.6746
Domain_loss	: 0.7282
Src_cls_loss	: 0.1456
Adv Loss	: 1.3131
-------------------------------------
[Epoch : 18/20]
Pr_Src_cls_loss	: 0.5660
Total_loss	: 5.6706
Domain_loss	: 0.7173
Src_cls_loss	: 0.1456
Adv Loss	: 1.3122
-------------------------------------
[Epoch : 19/20]
Pr_Src_cls_loss	: 0.5660
Total_loss	: 5.6524
Domain_loss	: 0.7018
Src_cls_loss	: 0.1439
Adv Loss	: 1.3089
-------------------------------------
[Epoch : 20/20]
Pr_Src_cls_loss	: 0.5660
Total_loss	: 5.6671
Domain_loss	: 0.6879
Src_cls_loss	: 0.1444
Adv Loss	: 1.3123
-------------------------------------
H_score: 0.4011, OS* (acc_c): 0.4417, UNK (acc_p): 0.3673, acc_mix: 0.4222, F1: 0.4944
Uploading logs from: /mnt/data/home/tp2474/OpenSet-AdaTime/experiments_logs/curriculum/MHEALTH to RealWorld_UniDA_hard_n3_fno_mean/UDA_UniDA_hard_n3_fno_mean/MHEALTH_to_RealWorld_run_4
🏃 View run UDA_run_4 at: http://127.0.0.1:5001/#/experiments/814425868998510608/runs/2129ba8521b6474bb59d1181004a4f12
🧪 View experiment at: http://127.0.0.1:5001/#/experiments/814425868998510608
==================== [n3 fno_mean] OVANet ====================
[curriculum] scenario=UniDA  strategy=hard  n_unknown=3  rank_variant=fno_mean
[curriculum] source mapping (7 classes): {'Lying down': 'lying', 'Sitting and relaxing': 'sitting', 'Walking': 'walking', 'Running': 'running', 'Climbing stairs': 'Climbing stairs', 'Frontal elevation of arms': 'Frontal elevation of arms', 'Jump front & back': 'Jump front & back'}
[curriculum] target mapping (7 classes): {'lying': 'lying', 'sitting': 'sitting', 'walking': 'walking', 'running': 'running', 'climbingup': 'climbingup', 'jumping': 'jumping', 'climbingdown': 'climbingdown'}
[curriculum] unknowns added (in hard order): src=[Climbing stairs,Frontal elevation of arms,Jump front & back] | trg=[climbingup,jumping,climbingdown]
[scenario] OVANet -> UniDA (uniDA=True)
Unlabeled data shape:  (35510, 150, 18)
Unlabelled Combined shape: (60884, 150, 18)

--- Dataloader Size Check ---
Source Train batches:   29
Target Train batches:   554
-------------------------------

Private classes:  tensor([7., 8., 9.])
=============================================
Dataset: MHEALTH to RealWorld_UniDA_hard_n3_fno_mean
Method:  OVANet
=============================================
Source: MHEALTH ---> Target: RealWorld
Run ID: 0
=============================================
[Pr Epoch : 1/20]
Pr_Src_cls_loss	: 1.7276
-------------------------------------
[Pr Epoch : 2/20]
Pr_Src_cls_loss	: 1.6094
-------------------------------------
[Pr Epoch : 3/20]
Pr_Src_cls_loss	: 1.5002
-------------------------------------
[Pr Epoch : 4/20]
Pr_Src_cls_loss	: 1.3979
-------------------------------------
[Pr Epoch : 5/20]
Pr_Src_cls_loss	: 1.3015
-------------------------------------
[Pr Epoch : 6/20]
Pr_Src_cls_loss	: 1.2131
-------------------------------------
[Pr Epoch : 7/20]
Pr_Src_cls_loss	: 1.1324
-------------------------------------
[Pr Epoch : 8/20]
Pr_Src_cls_loss	: 1.0591
-------------------------------------
[Pr Epoch : 9/20]
Pr_Src_cls_loss	: 0.9934
-------------------------------------
[Pr Epoch : 10/20]
Pr_Src_cls_loss	: 0.9339
-------------------------------------
[Pr Epoch : 11/20]
Pr_Src_cls_loss	: 0.8801
-------------------------------------
[Pr Epoch : 12/20]
Pr_Src_cls_loss	: 0.8316
-------------------------------------
[Pr Epoch : 13/20]
Pr_Src_cls_loss	: 0.7878
-------------------------------------
[Pr Epoch : 14/20]
Pr_Src_cls_loss	: 0.7480
-------------------------------------
[Pr Epoch : 15/20]
Pr_Src_cls_loss	: 0.7117
-------------------------------------
[Pr Epoch : 16/20]
Pr_Src_cls_loss	: 0.6787
-------------------------------------
[Pr Epoch : 17/20]
Pr_Src_cls_loss	: 0.6485
-------------------------------------
[Pr Epoch : 18/20]
Pr_Src_cls_loss	: 0.6207
-------------------------------------
[Pr Epoch : 19/20]
Pr_Src_cls_loss	: 0.5952
-------------------------------------
[Pr Epoch : 20/20]
Pr_Src_cls_loss	: 0.5716
-------------------------------------
[Epoch : 1/20]
Pr_Src_cls_loss	: 0.5716
Total_loss	: 1.5238
Open Loss	: 0.7147
Src_cls_loss	: 0.1167
Entropy Open	: 0.6923
-------------------------------------
[Epoch : 2/20]
Pr_Src_cls_loss	: 0.5716
Total_loss	: 1.5116
Open Loss	: 0.7032
Src_cls_loss	: 0.1160
Entropy Open	: 0.6924
-------------------------------------
[Epoch : 3/20]
Pr_Src_cls_loss	: 0.5716
Total_loss	: 1.5013
Open Loss	: 0.6935
Src_cls_loss	: 0.1154
Entropy Open	: 0.6924
-------------------------------------
[Epoch : 4/20]
Pr_Src_cls_loss	: 0.5716
Total_loss	: 1.4913
Open Loss	: 0.6848
Src_cls_loss	: 0.1142
Entropy Open	: 0.6924
-------------------------------------
[Epoch : 5/20]
Pr_Src_cls_loss	: 0.5716
Total_loss	: 1.4823
Open Loss	: 0.6768
Src_cls_loss	: 0.1132
Entropy Open	: 0.6923
-------------------------------------
[Epoch : 6/20]
Pr_Src_cls_loss	: 0.5716
Total_loss	: 1.4738
Open Loss	: 0.6695
Src_cls_loss	: 0.1122
Entropy Open	: 0.6921
-------------------------------------
[Epoch : 7/20]
Pr_Src_cls_loss	: 0.5716
Total_loss	: 1.4654
Open Loss	: 0.6626
Src_cls_loss	: 0.1109
Entropy Open	: 0.6919
-------------------------------------
[Epoch : 8/20]
Pr_Src_cls_loss	: 0.5716
Total_loss	: 1.4572
Open Loss	: 0.6559
Src_cls_loss	: 0.1098
Entropy Open	: 0.6916
-------------------------------------
[Epoch : 9/20]
Pr_Src_cls_loss	: 0.5716
Total_loss	: 1.4493
Open Loss	: 0.6494
Src_cls_loss	: 0.1086
Entropy Open	: 0.6912
-------------------------------------
[Epoch : 10/20]
Pr_Src_cls_loss	: 0.5716
Total_loss	: 1.4416
Open Loss	: 0.6432
Src_cls_loss	: 0.1076
Entropy Open	: 0.6908
-------------------------------------
[Epoch : 11/20]
Pr_Src_cls_loss	: 0.5716
Total_loss	: 1.4340
Open Loss	: 0.6372
Src_cls_loss	: 0.1065
Entropy Open	: 0.6903
-------------------------------------
[Epoch : 12/20]
Pr_Src_cls_loss	: 0.5716
Total_loss	: 1.4265
Open Loss	: 0.6314
Src_cls_loss	: 0.1054
Entropy Open	: 0.6897
-------------------------------------
[Epoch : 13/20]
Pr_Src_cls_loss	: 0.5716
Total_loss	: 1.4190
Open Loss	: 0.6256
Src_cls_loss	: 0.1044
Entropy Open	: 0.6890
-------------------------------------
[Epoch : 14/20]
Pr_Src_cls_loss	: 0.5716
Total_loss	: 1.4115
Open Loss	: 0.6200
Src_cls_loss	: 0.1033
Entropy Open	: 0.6883
-------------------------------------
[Epoch : 15/20]
Pr_Src_cls_loss	: 0.5716
Total_loss	: 1.4041
Open Loss	: 0.6144
Src_cls_loss	: 0.1023
Entropy Open	: 0.6874
-------------------------------------
[Epoch : 16/20]
Pr_Src_cls_loss	: 0.5716
Total_loss	: 1.3967
Open Loss	: 0.6090
Src_cls_loss	: 0.1013
Entropy Open	: 0.6864
-------------------------------------
[Epoch : 17/20]
Pr_Src_cls_loss	: 0.5716
Total_loss	: 1.3893
Open Loss	: 0.6037
Src_cls_loss	: 0.1003
Entropy Open	: 0.6854
-------------------------------------
[Epoch : 18/20]
Pr_Src_cls_loss	: 0.5716
Total_loss	: 1.3819
Open Loss	: 0.5984
Src_cls_loss	: 0.0993
Entropy Open	: 0.6842
-------------------------------------
[Epoch : 19/20]
Pr_Src_cls_loss	: 0.5716
Total_loss	: 1.3745
Open Loss	: 0.5932
Src_cls_loss	: 0.0984
Entropy Open	: 0.6829
-------------------------------------
[Epoch : 20/20]
Pr_Src_cls_loss	: 0.5716
Total_loss	: 1.3671
Open Loss	: 0.5881
Src_cls_loss	: 0.0975
Entropy Open	: 0.6815
-------------------------------------
/mnt/data/home/tp2474/OpenSet-AdaTime/algorithms/algorithms.py:661: UserWarning: Implicit dimension choice for softmax has been deprecated. Change the call to include dim=X as an argument.
  predictions = F.softmax(self.classifier(features))
/mnt/data/home/tp2474/OpenSet-AdaTime/trainers/abstract_trainer.py:331: FutureWarning: The behavior of DataFrame concatenation with empty or all-NA entries is deprecated. In a future version, this will no longer exclude empty or all-NA columns when determining the result dtypes. To retain the old behavior, exclude the relevant entries before the concat operation.
  table = pd.concat([table, results_df], ignore_index=True)
H_score: 0.3435, OS* (acc_c): 0.2334, UNK (acc_p): 0.6502, acc_mix: 0.3425, F1: 0.3242
Uploading logs from: /mnt/data/home/tp2474/OpenSet-AdaTime/experiments_logs/curriculum/MHEALTH to RealWorld_UniDA_hard_n3_fno_mean/OVANet_UniDA_hard_n3_fno_mean/MHEALTH_to_RealWorld_run_0
🏃 View run OVANet_run_0 at: http://127.0.0.1:5001/#/experiments/814425868998510608/runs/7bbce747ab37478abc329b4fddcf2856
🧪 View experiment at: http://127.0.0.1:5001/#/experiments/814425868998510608
=============================================
Dataset: MHEALTH to RealWorld_UniDA_hard_n3_fno_mean
Method:  OVANet
=============================================
Source: MHEALTH ---> Target: RealWorld
Run ID: 1
=============================================
[Pr Epoch : 1/20]
Pr_Src_cls_loss	: 1.7508
-------------------------------------
[Pr Epoch : 2/20]
Pr_Src_cls_loss	: 1.6342
-------------------------------------
[Pr Epoch : 3/20]
Pr_Src_cls_loss	: 1.5268
-------------------------------------
[Pr Epoch : 4/20]
Pr_Src_cls_loss	: 1.4260
-------------------------------------
[Pr Epoch : 5/20]
Pr_Src_cls_loss	: 1.3318
-------------------------------------
[Pr Epoch : 6/20]
Pr_Src_cls_loss	: 1.2442
-------------------------------------
[Pr Epoch : 7/20]
Pr_Src_cls_loss	: 1.1642
-------------------------------------
[Pr Epoch : 8/20]
Pr_Src_cls_loss	: 1.0913
-------------------------------------
[Pr Epoch : 9/20]
Pr_Src_cls_loss	: 1.0250
-------------------------------------
[Pr Epoch : 10/20]
Pr_Src_cls_loss	: 0.9652
-------------------------------------
[Pr Epoch : 11/20]
Pr_Src_cls_loss	: 0.9107
-------------------------------------
[Pr Epoch : 12/20]
Pr_Src_cls_loss	: 0.8616
-------------------------------------
[Pr Epoch : 13/20]
Pr_Src_cls_loss	: 0.8170
-------------------------------------
[Pr Epoch : 14/20]
Pr_Src_cls_loss	: 0.7764
-------------------------------------
[Pr Epoch : 15/20]
Pr_Src_cls_loss	: 0.7393
-------------------------------------
[Pr Epoch : 16/20]
Pr_Src_cls_loss	: 0.7054
-------------------------------------
[Pr Epoch : 17/20]
Pr_Src_cls_loss	: 0.6745
-------------------------------------
[Pr Epoch : 18/20]
Pr_Src_cls_loss	: 0.6460
-------------------------------------
[Pr Epoch : 19/20]
Pr_Src_cls_loss	: 0.6196
-------------------------------------
[Pr Epoch : 20/20]
Pr_Src_cls_loss	: 0.5953
-------------------------------------
[Epoch : 1/20]
Pr_Src_cls_loss	: 0.5953
Total_loss	: 1.5242
Open Loss	: 0.7071
Src_cls_loss	: 0.1246
Entropy Open	: 0.6925
-------------------------------------
[Epoch : 2/20]
Pr_Src_cls_loss	: 0.5953
Total_loss	: 1.5121
Open Loss	: 0.6948
Src_cls_loss	: 0.1247
Entropy Open	: 0.6926
-------------------------------------
[Epoch : 3/20]
Pr_Src_cls_loss	: 0.5953
Total_loss	: 1.5016
Open Loss	: 0.6849
Src_cls_loss	: 0.1242
Entropy Open	: 0.6926
-------------------------------------
[Epoch : 4/20]
Pr_Src_cls_loss	: 0.5953
Total_loss	: 1.4924
Open Loss	: 0.6764
Src_cls_loss	: 0.1235
Entropy Open	: 0.6925
-------------------------------------
[Epoch : 5/20]
Pr_Src_cls_loss	: 0.5953
Total_loss	: 1.4838
Open Loss	: 0.6688
Src_cls_loss	: 0.1226
Entropy Open	: 0.6924
-------------------------------------
[Epoch : 6/20]
Pr_Src_cls_loss	: 0.5953
Total_loss	: 1.4758
Open Loss	: 0.6618
Src_cls_loss	: 0.1216
Entropy Open	: 0.6923
-------------------------------------
[Epoch : 7/20]
Pr_Src_cls_loss	: 0.5953
Total_loss	: 1.4679
Open Loss	: 0.6552
Src_cls_loss	: 0.1206
Entropy Open	: 0.6921
-------------------------------------
[Epoch : 8/20]
Pr_Src_cls_loss	: 0.5953
Total_loss	: 1.4605
Open Loss	: 0.6490
Src_cls_loss	: 0.1196
Entropy Open	: 0.6919
-------------------------------------
[Epoch : 9/20]
Pr_Src_cls_loss	: 0.5953
Total_loss	: 1.4532
Open Loss	: 0.6431
Src_cls_loss	: 0.1186
Entropy Open	: 0.6916
-------------------------------------
[Epoch : 10/20]
Pr_Src_cls_loss	: 0.5953
Total_loss	: 1.4461
Open Loss	: 0.6373
Src_cls_loss	: 0.1176
Entropy Open	: 0.6912
-------------------------------------
[Epoch : 11/20]
Pr_Src_cls_loss	: 0.5953
Total_loss	: 1.4391
Open Loss	: 0.6317
Src_cls_loss	: 0.1165
Entropy Open	: 0.6909
-------------------------------------
[Epoch : 12/20]
Pr_Src_cls_loss	: 0.5953
Total_loss	: 1.4323
Open Loss	: 0.6263
Src_cls_loss	: 0.1155
Entropy Open	: 0.6904
-------------------------------------
[Epoch : 13/20]
Pr_Src_cls_loss	: 0.5953
Total_loss	: 1.4253
Open Loss	: 0.6210
Src_cls_loss	: 0.1144
Entropy Open	: 0.6899
-------------------------------------
[Epoch : 14/20]
Pr_Src_cls_loss	: 0.5953
Total_loss	: 1.4184
Open Loss	: 0.6158
Src_cls_loss	: 0.1134
Entropy Open	: 0.6893
-------------------------------------
[Epoch : 15/20]
Pr_Src_cls_loss	: 0.5953
Total_loss	: 1.4117
Open Loss	: 0.6107
Src_cls_loss	: 0.1124
Entropy Open	: 0.6886
-------------------------------------
[Epoch : 16/20]
Pr_Src_cls_loss	: 0.5953
Total_loss	: 1.4049
Open Loss	: 0.6057
Src_cls_loss	: 0.1114
Entropy Open	: 0.6879
-------------------------------------
[Epoch : 17/20]
Pr_Src_cls_loss	: 0.5953
Total_loss	: 1.3981
Open Loss	: 0.6007
Src_cls_loss	: 0.1104
Entropy Open	: 0.6870
-------------------------------------
[Epoch : 18/20]
Pr_Src_cls_loss	: 0.5953
Total_loss	: 1.3913
Open Loss	: 0.5958
Src_cls_loss	: 0.1094
Entropy Open	: 0.6861
-------------------------------------
[Epoch : 19/20]
Pr_Src_cls_loss	: 0.5953
Total_loss	: 1.3845
Open Loss	: 0.5910
Src_cls_loss	: 0.1085
Entropy Open	: 0.6850
-------------------------------------
[Epoch : 20/20]
Pr_Src_cls_loss	: 0.5953
Total_loss	: 1.3778
Open Loss	: 0.5863
Src_cls_loss	: 0.1076
Entropy Open	: 0.6839
-------------------------------------
H_score: 0.2712, OS* (acc_c): 0.1849, UNK (acc_p): 0.5082, acc_mix: 0.2695, F1: 0.2406
Uploading logs from: /mnt/data/home/tp2474/OpenSet-AdaTime/experiments_logs/curriculum/MHEALTH to RealWorld_UniDA_hard_n3_fno_mean/OVANet_UniDA_hard_n3_fno_mean/MHEALTH_to_RealWorld_run_1
🏃 View run OVANet_run_1 at: http://127.0.0.1:5001/#/experiments/814425868998510608/runs/9c6872604d3c4ceebe0aa2bb9fee8bf7
🧪 View experiment at: http://127.0.0.1:5001/#/experiments/814425868998510608
=============================================
Dataset: MHEALTH to RealWorld_UniDA_hard_n3_fno_mean
Method:  OVANet
=============================================
Source: MHEALTH ---> Target: RealWorld
Run ID: 2
=============================================
[Pr Epoch : 1/20]
Pr_Src_cls_loss	: 1.7478
-------------------------------------
[Pr Epoch : 2/20]
Pr_Src_cls_loss	: 1.6303
-------------------------------------
[Pr Epoch : 3/20]
Pr_Src_cls_loss	: 1.5202
-------------------------------------
[Pr Epoch : 4/20]
Pr_Src_cls_loss	: 1.4157
-------------------------------------
[Pr Epoch : 5/20]
Pr_Src_cls_loss	: 1.3181
-------------------------------------
[Pr Epoch : 6/20]
Pr_Src_cls_loss	: 1.2285
-------------------------------------
[Pr Epoch : 7/20]
Pr_Src_cls_loss	: 1.1463
-------------------------------------
[Pr Epoch : 8/20]
Pr_Src_cls_loss	: 1.0721
-------------------------------------
[Pr Epoch : 9/20]
Pr_Src_cls_loss	: 1.0052
-------------------------------------
[Pr Epoch : 10/20]
Pr_Src_cls_loss	: 0.9449
-------------------------------------
[Pr Epoch : 11/20]
Pr_Src_cls_loss	: 0.8906
-------------------------------------
[Pr Epoch : 12/20]
Pr_Src_cls_loss	: 0.8413
-------------------------------------
[Pr Epoch : 13/20]
Pr_Src_cls_loss	: 0.7967
-------------------------------------
[Pr Epoch : 14/20]
Pr_Src_cls_loss	: 0.7560
-------------------------------------
[Pr Epoch : 15/20]
Pr_Src_cls_loss	: 0.7192
-------------------------------------
[Pr Epoch : 16/20]
Pr_Src_cls_loss	: 0.6856
-------------------------------------
[Pr Epoch : 17/20]
Pr_Src_cls_loss	: 0.6549
-------------------------------------
[Pr Epoch : 18/20]
Pr_Src_cls_loss	: 0.6266
-------------------------------------
[Pr Epoch : 19/20]
Pr_Src_cls_loss	: 0.6007
-------------------------------------
[Pr Epoch : 20/20]
Pr_Src_cls_loss	: 0.5767
-------------------------------------
[Epoch : 1/20]
Pr_Src_cls_loss	: 0.5767
Total_loss	: 1.5056
Open Loss	: 0.6981
Src_cls_loss	: 0.1147
Entropy Open	: 0.6928
-------------------------------------
[Epoch : 2/20]
Pr_Src_cls_loss	: 0.5767
Total_loss	: 1.4944
Open Loss	: 0.6870
Src_cls_loss	: 0.1147
Entropy Open	: 0.6927
-------------------------------------
[Epoch : 3/20]
Pr_Src_cls_loss	: 0.5767
Total_loss	: 1.4846
Open Loss	: 0.6778
Src_cls_loss	: 0.1142
Entropy Open	: 0.6926
-------------------------------------
[Epoch : 4/20]
Pr_Src_cls_loss	: 0.5767
Total_loss	: 1.4753
Open Loss	: 0.6695
Src_cls_loss	: 0.1134
Entropy Open	: 0.6925
-------------------------------------
[Epoch : 5/20]
Pr_Src_cls_loss	: 0.5767
Total_loss	: 1.4668
Open Loss	: 0.6620
Src_cls_loss	: 0.1126
Entropy Open	: 0.6923
-------------------------------------
[Epoch : 6/20]
Pr_Src_cls_loss	: 0.5767
Total_loss	: 1.4588
Open Loss	: 0.6550
Src_cls_loss	: 0.1118
Entropy Open	: 0.6920
-------------------------------------
[Epoch : 7/20]
Pr_Src_cls_loss	: 0.5767
Total_loss	: 1.4510
Open Loss	: 0.6484
Src_cls_loss	: 0.1109
Entropy Open	: 0.6916
-------------------------------------
[Epoch : 8/20]
Pr_Src_cls_loss	: 0.5767
Total_loss	: 1.4431
Open Loss	: 0.6420
Src_cls_loss	: 0.1099
Entropy Open	: 0.6912
-------------------------------------
[Epoch : 9/20]
Pr_Src_cls_loss	: 0.5767
Total_loss	: 1.4354
Open Loss	: 0.6358
Src_cls_loss	: 0.1089
Entropy Open	: 0.6908
-------------------------------------
[Epoch : 10/20]
Pr_Src_cls_loss	: 0.5767
Total_loss	: 1.4278
Open Loss	: 0.6298
Src_cls_loss	: 0.1078
Entropy Open	: 0.6902
-------------------------------------
[Epoch : 11/20]
Pr_Src_cls_loss	: 0.5767
Total_loss	: 1.4204
Open Loss	: 0.6240
Src_cls_loss	: 0.1068
Entropy Open	: 0.6896
-------------------------------------
[Epoch : 12/20]
Pr_Src_cls_loss	: 0.5767
Total_loss	: 1.4131
Open Loss	: 0.6183
Src_cls_loss	: 0.1058
Entropy Open	: 0.6889
-------------------------------------
[Epoch : 13/20]
Pr_Src_cls_loss	: 0.5767
Total_loss	: 1.4058
Open Loss	: 0.6128
Src_cls_loss	: 0.1048
Entropy Open	: 0.6881
-------------------------------------
[Epoch : 14/20]
Pr_Src_cls_loss	: 0.5767
Total_loss	: 1.3985
Open Loss	: 0.6074
Src_cls_loss	: 0.1039
Entropy Open	: 0.6873
-------------------------------------
[Epoch : 15/20]
Pr_Src_cls_loss	: 0.5767
Total_loss	: 1.3912
Open Loss	: 0.6020
Src_cls_loss	: 0.1029
Entropy Open	: 0.6863
-------------------------------------
[Epoch : 16/20]
Pr_Src_cls_loss	: 0.5767
Total_loss	: 1.3839
Open Loss	: 0.5968
Src_cls_loss	: 0.1019
Entropy Open	: 0.6853
-------------------------------------
[Epoch : 17/20]
Pr_Src_cls_loss	: 0.5767
Total_loss	: 1.3767
Open Loss	: 0.5917
Src_cls_loss	: 0.1009
Entropy Open	: 0.6841
-------------------------------------
[Epoch : 18/20]
Pr_Src_cls_loss	: 0.5767
Total_loss	: 1.3694
Open Loss	: 0.5866
Src_cls_loss	: 0.1000
Entropy Open	: 0.6828
-------------------------------------
[Epoch : 19/20]
Pr_Src_cls_loss	: 0.5767
Total_loss	: 1.3621
Open Loss	: 0.5816
Src_cls_loss	: 0.0991
Entropy Open	: 0.6814
-------------------------------------
[Epoch : 20/20]
Pr_Src_cls_loss	: 0.5767
Total_loss	: 1.3548
Open Loss	: 0.5767
Src_cls_loss	: 0.0982
Entropy Open	: 0.6799
-------------------------------------
H_score: 0.0871, OS* (acc_c): 0.0460, UNK (acc_p): 0.8199, acc_mix: 0.2485, F1: 0.1921
Uploading logs from: /mnt/data/home/tp2474/OpenSet-AdaTime/experiments_logs/curriculum/MHEALTH to RealWorld_UniDA_hard_n3_fno_mean/OVANet_UniDA_hard_n3_fno_mean/MHEALTH_to_RealWorld_run_2
🏃 View run OVANet_run_2 at: http://127.0.0.1:5001/#/experiments/814425868998510608/runs/180d969960ad4809be8d660689a75694
🧪 View experiment at: http://127.0.0.1:5001/#/experiments/814425868998510608
=============================================
Dataset: MHEALTH to RealWorld_UniDA_hard_n3_fno_mean
Method:  OVANet
=============================================
Source: MHEALTH ---> Target: RealWorld
Run ID: 3
=============================================
[Pr Epoch : 1/20]
Pr_Src_cls_loss	: 1.7391
-------------------------------------
[Pr Epoch : 2/20]
Pr_Src_cls_loss	: 1.6216
-------------------------------------
[Pr Epoch : 3/20]
Pr_Src_cls_loss	: 1.5119
-------------------------------------
[Pr Epoch : 4/20]
Pr_Src_cls_loss	: 1.4080
-------------------------------------
[Pr Epoch : 5/20]
Pr_Src_cls_loss	: 1.3106
-------------------------------------
[Pr Epoch : 6/20]
Pr_Src_cls_loss	: 1.2211
-------------------------------------
[Pr Epoch : 7/20]
Pr_Src_cls_loss	: 1.1401
-------------------------------------
[Pr Epoch : 8/20]
Pr_Src_cls_loss	: 1.0660
-------------------------------------
[Pr Epoch : 9/20]
Pr_Src_cls_loss	: 0.9995
-------------------------------------
[Pr Epoch : 10/20]
Pr_Src_cls_loss	: 0.9396
-------------------------------------
[Pr Epoch : 11/20]
Pr_Src_cls_loss	: 0.8854
-------------------------------------
[Pr Epoch : 12/20]
Pr_Src_cls_loss	: 0.8366
-------------------------------------
[Pr Epoch : 13/20]
Pr_Src_cls_loss	: 0.7923
-------------------------------------
[Pr Epoch : 14/20]
Pr_Src_cls_loss	: 0.7521
-------------------------------------
[Pr Epoch : 15/20]
Pr_Src_cls_loss	: 0.7155
-------------------------------------
[Pr Epoch : 16/20]
Pr_Src_cls_loss	: 0.6823
-------------------------------------
[Pr Epoch : 17/20]
Pr_Src_cls_loss	: 0.6518
-------------------------------------
[Pr Epoch : 18/20]
Pr_Src_cls_loss	: 0.6239
-------------------------------------
[Pr Epoch : 19/20]
Pr_Src_cls_loss	: 0.5982
-------------------------------------
[Pr Epoch : 20/20]
Pr_Src_cls_loss	: 0.5744
-------------------------------------
[Epoch : 1/20]
Pr_Src_cls_loss	: 0.5744
Total_loss	: 1.5153
Open Loss	: 0.7058
Src_cls_loss	: 0.1173
Entropy Open	: 0.6922
-------------------------------------
[Epoch : 2/20]
Pr_Src_cls_loss	: 0.5744
Total_loss	: 1.5039
Open Loss	: 0.6950
Src_cls_loss	: 0.1167
Entropy Open	: 0.6921
-------------------------------------
[Epoch : 3/20]
Pr_Src_cls_loss	: 0.5744
Total_loss	: 1.4938
Open Loss	: 0.6860
Src_cls_loss	: 0.1158
Entropy Open	: 0.6920
-------------------------------------
[Epoch : 4/20]
Pr_Src_cls_loss	: 0.5744
Total_loss	: 1.4846
Open Loss	: 0.6779
Src_cls_loss	: 0.1150
Entropy Open	: 0.6917
-------------------------------------
[Epoch : 5/20]
Pr_Src_cls_loss	: 0.5744
Total_loss	: 1.4755
Open Loss	: 0.6703
Src_cls_loss	: 0.1138
Entropy Open	: 0.6914
-------------------------------------
[Epoch : 6/20]
Pr_Src_cls_loss	: 0.5744
Total_loss	: 1.4670
Open Loss	: 0.6633
Src_cls_loss	: 0.1127
Entropy Open	: 0.6910
-------------------------------------
[Epoch : 7/20]
Pr_Src_cls_loss	: 0.5744
Total_loss	: 1.4586
Open Loss	: 0.6564
Src_cls_loss	: 0.1117
Entropy Open	: 0.6905
-------------------------------------
[Epoch : 8/20]
Pr_Src_cls_loss	: 0.5744
Total_loss	: 1.4504
Open Loss	: 0.6499
Src_cls_loss	: 0.1106
Entropy Open	: 0.6898
-------------------------------------
[Epoch : 9/20]
Pr_Src_cls_loss	: 0.5744
Total_loss	: 1.4422
Open Loss	: 0.6435
Src_cls_loss	: 0.1096
Entropy Open	: 0.6891
-------------------------------------
[Epoch : 10/20]
Pr_Src_cls_loss	: 0.5744
Total_loss	: 1.4340
Open Loss	: 0.6373
Src_cls_loss	: 0.1085
Entropy Open	: 0.6883
-------------------------------------
[Epoch : 11/20]
Pr_Src_cls_loss	: 0.5744
Total_loss	: 1.4260
Open Loss	: 0.6313
Src_cls_loss	: 0.1074
Entropy Open	: 0.6873
-------------------------------------
[Epoch : 12/20]
Pr_Src_cls_loss	: 0.5744
Total_loss	: 1.4180
Open Loss	: 0.6254
Src_cls_loss	: 0.1064
Entropy Open	: 0.6862
-------------------------------------
[Epoch : 13/20]
Pr_Src_cls_loss	: 0.5744
Total_loss	: 1.4100
Open Loss	: 0.6196
Src_cls_loss	: 0.1054
Entropy Open	: 0.6850
-------------------------------------
[Epoch : 14/20]
Pr_Src_cls_loss	: 0.5744
Total_loss	: 1.4020
Open Loss	: 0.6139
Src_cls_loss	: 0.1044
Entropy Open	: 0.6837
-------------------------------------
[Epoch : 15/20]
Pr_Src_cls_loss	: 0.5744
Total_loss	: 1.3940
Open Loss	: 0.6084
Src_cls_loss	: 0.1034
Entropy Open	: 0.6822
-------------------------------------
[Epoch : 16/20]
Pr_Src_cls_loss	: 0.5744
Total_loss	: 1.3860
Open Loss	: 0.6029
Src_cls_loss	: 0.1024
Entropy Open	: 0.6806
-------------------------------------
[Epoch : 17/20]
Pr_Src_cls_loss	: 0.5744
Total_loss	: 1.3780
Open Loss	: 0.5976
Src_cls_loss	: 0.1015
Entropy Open	: 0.6789
-------------------------------------
[Epoch : 18/20]
Pr_Src_cls_loss	: 0.5744
Total_loss	: 1.3700
Open Loss	: 0.5923
Src_cls_loss	: 0.1006
Entropy Open	: 0.6771
-------------------------------------
[Epoch : 19/20]
Pr_Src_cls_loss	: 0.5744
Total_loss	: 1.3619
Open Loss	: 0.5871
Src_cls_loss	: 0.0997
Entropy Open	: 0.6751
-------------------------------------
[Epoch : 20/20]
Pr_Src_cls_loss	: 0.5744
Total_loss	: 1.3537
Open Loss	: 0.5820
Src_cls_loss	: 0.0988
Entropy Open	: 0.6730
-------------------------------------
H_score: 0.1080, OS* (acc_c): 0.0573, UNK (acc_p): 0.9439, acc_mix: 0.2893, F1: 0.2051
Uploading logs from: /mnt/data/home/tp2474/OpenSet-AdaTime/experiments_logs/curriculum/MHEALTH to RealWorld_UniDA_hard_n3_fno_mean/OVANet_UniDA_hard_n3_fno_mean/MHEALTH_to_RealWorld_run_3
🏃 View run OVANet_run_3 at: http://127.0.0.1:5001/#/experiments/814425868998510608/runs/c718405b29a049eeab6b858f425dd34c
🧪 View experiment at: http://127.0.0.1:5001/#/experiments/814425868998510608
=============================================
Dataset: MHEALTH to RealWorld_UniDA_hard_n3_fno_mean
Method:  OVANet
=============================================
Source: MHEALTH ---> Target: RealWorld
Run ID: 4
=============================================
[Pr Epoch : 1/20]
Pr_Src_cls_loss	: 1.7370
-------------------------------------
[Pr Epoch : 2/20]
Pr_Src_cls_loss	: 1.6153
-------------------------------------
[Pr Epoch : 3/20]
Pr_Src_cls_loss	: 1.5032
-------------------------------------
[Pr Epoch : 4/20]
Pr_Src_cls_loss	: 1.3982
-------------------------------------
[Pr Epoch : 5/20]
Pr_Src_cls_loss	: 1.3001
-------------------------------------
[Pr Epoch : 6/20]
Pr_Src_cls_loss	: 1.2100
-------------------------------------
[Pr Epoch : 7/20]
Pr_Src_cls_loss	: 1.1280
-------------------------------------
[Pr Epoch : 8/20]
Pr_Src_cls_loss	: 1.0543
-------------------------------------
[Pr Epoch : 9/20]
Pr_Src_cls_loss	: 0.9877
-------------------------------------
[Pr Epoch : 10/20]
Pr_Src_cls_loss	: 0.9277
-------------------------------------
[Pr Epoch : 11/20]
Pr_Src_cls_loss	: 0.8736
-------------------------------------
[Pr Epoch : 12/20]
Pr_Src_cls_loss	: 0.8253
-------------------------------------
[Pr Epoch : 13/20]
Pr_Src_cls_loss	: 0.7815
-------------------------------------
[Pr Epoch : 14/20]
Pr_Src_cls_loss	: 0.7418
-------------------------------------
[Pr Epoch : 15/20]
Pr_Src_cls_loss	: 0.7057
-------------------------------------
[Pr Epoch : 16/20]
Pr_Src_cls_loss	: 0.6728
-------------------------------------
[Pr Epoch : 17/20]
Pr_Src_cls_loss	: 0.6426
-------------------------------------
[Pr Epoch : 18/20]
Pr_Src_cls_loss	: 0.6149
-------------------------------------
[Pr Epoch : 19/20]
Pr_Src_cls_loss	: 0.5894
-------------------------------------
[Pr Epoch : 20/20]
Pr_Src_cls_loss	: 0.5660
-------------------------------------
[Epoch : 1/20]
Pr_Src_cls_loss	: 0.5660
Total_loss	: 1.5152
Open Loss	: 0.7090
Src_cls_loss	: 0.1138
Entropy Open	: 0.6924
-------------------------------------
[Epoch : 2/20]
Pr_Src_cls_loss	: 0.5660
Total_loss	: 1.5046
Open Loss	: 0.6986
Src_cls_loss	: 0.1136
Entropy Open	: 0.6924
-------------------------------------
[Epoch : 3/20]
Pr_Src_cls_loss	: 0.5660
Total_loss	: 1.4950
Open Loss	: 0.6897
Src_cls_loss	: 0.1130
Entropy Open	: 0.6923
-------------------------------------
[Epoch : 4/20]
Pr_Src_cls_loss	: 0.5660
Total_loss	: 1.4860
Open Loss	: 0.6817
Src_cls_loss	: 0.1121
Entropy Open	: 0.6922
-------------------------------------
[Epoch : 5/20]
Pr_Src_cls_loss	: 0.5660
Total_loss	: 1.4774
Open Loss	: 0.6742
Src_cls_loss	: 0.1111
Entropy Open	: 0.6921
-------------------------------------
[Epoch : 6/20]
Pr_Src_cls_loss	: 0.5660
Total_loss	: 1.4692
Open Loss	: 0.6672
Src_cls_loss	: 0.1101
Entropy Open	: 0.6918
-------------------------------------
[Epoch : 7/20]
Pr_Src_cls_loss	: 0.5660
Total_loss	: 1.4612
Open Loss	: 0.6606
Src_cls_loss	: 0.1091
Entropy Open	: 0.6915
-------------------------------------
[Epoch : 8/20]
Pr_Src_cls_loss	: 0.5660
Total_loss	: 1.4534
Open Loss	: 0.6542
Src_cls_loss	: 0.1081
Entropy Open	: 0.6912
-------------------------------------
[Epoch : 9/20]
Pr_Src_cls_loss	: 0.5660
Total_loss	: 1.4458
Open Loss	: 0.6480
Src_cls_loss	: 0.1070
Entropy Open	: 0.6907
-------------------------------------
[Epoch : 10/20]
Pr_Src_cls_loss	: 0.5660
Total_loss	: 1.4382
Open Loss	: 0.6420
Src_cls_loss	: 0.1060
Entropy Open	: 0.6902
-------------------------------------
[Epoch : 11/20]
Pr_Src_cls_loss	: 0.5660
Total_loss	: 1.4307
Open Loss	: 0.6362
Src_cls_loss	: 0.1049
Entropy Open	: 0.6896
-------------------------------------
[Epoch : 12/20]
Pr_Src_cls_loss	: 0.5660
Total_loss	: 1.4233
Open Loss	: 0.6306
Src_cls_loss	: 0.1039
Entropy Open	: 0.6889
-------------------------------------
[Epoch : 13/20]
Pr_Src_cls_loss	: 0.5660
Total_loss	: 1.4159
Open Loss	: 0.6250
Src_cls_loss	: 0.1029
Entropy Open	: 0.6880
-------------------------------------
[Epoch : 14/20]
Pr_Src_cls_loss	: 0.5660
Total_loss	: 1.4085
Open Loss	: 0.6196
Src_cls_loss	: 0.1018
Entropy Open	: 0.6871
-------------------------------------
[Epoch : 15/20]
Pr_Src_cls_loss	: 0.5660
Total_loss	: 1.4011
Open Loss	: 0.6143
Src_cls_loss	: 0.1008
Entropy Open	: 0.6861
-------------------------------------
[Epoch : 16/20]
Pr_Src_cls_loss	: 0.5660
Total_loss	: 1.3938
Open Loss	: 0.6091
Src_cls_loss	: 0.0998
Entropy Open	: 0.6849
-------------------------------------
[Epoch : 17/20]
Pr_Src_cls_loss	: 0.5660
Total_loss	: 1.3865
Open Loss	: 0.6040
Src_cls_loss	: 0.0989
Entropy Open	: 0.6836
-------------------------------------
[Epoch : 18/20]
Pr_Src_cls_loss	: 0.5660
Total_loss	: 1.3791
Open Loss	: 0.5990
Src_cls_loss	: 0.0979
Entropy Open	: 0.6822
-------------------------------------
[Epoch : 19/20]
Pr_Src_cls_loss	: 0.5660
Total_loss	: 1.3718
Open Loss	: 0.5941
Src_cls_loss	: 0.0970
Entropy Open	: 0.6807
-------------------------------------
[Epoch : 20/20]
Pr_Src_cls_loss	: 0.5660
Total_loss	: 1.3644
Open Loss	: 0.5892
Src_cls_loss	: 0.0961
Entropy Open	: 0.6791
-------------------------------------
H_score: 0.3074, OS* (acc_c): 0.1958, UNK (acc_p): 0.7147, acc_mix: 0.3315, F1: 0.3493
Uploading logs from: /mnt/data/home/tp2474/OpenSet-AdaTime/experiments_logs/curriculum/MHEALTH to RealWorld_UniDA_hard_n3_fno_mean/OVANet_UniDA_hard_n3_fno_mean/MHEALTH_to_RealWorld_run_4
🏃 View run OVANet_run_4 at: http://127.0.0.1:5001/#/experiments/814425868998510608/runs/d7dce4a7a3a14656a69cd358ea8a7f5f
🧪 View experiment at: http://127.0.0.1:5001/#/experiments/814425868998510608
==================== [n3 fno_mean] DANCE ====================
[curriculum] scenario=UniDA  strategy=hard  n_unknown=3  rank_variant=fno_mean
[curriculum] source mapping (7 classes): {'Lying down': 'lying', 'Sitting and relaxing': 'sitting', 'Walking': 'walking', 'Running': 'running', 'Climbing stairs': 'Climbing stairs', 'Frontal elevation of arms': 'Frontal elevation of arms', 'Jump front & back': 'Jump front & back'}
[curriculum] target mapping (7 classes): {'lying': 'lying', 'sitting': 'sitting', 'walking': 'walking', 'running': 'running', 'climbingup': 'climbingup', 'jumping': 'jumping', 'climbingdown': 'climbingdown'}
[curriculum] unknowns added (in hard order): src=[Climbing stairs,Frontal elevation of arms,Jump front & back] | trg=[climbingup,jumping,climbingdown]
[scenario] DANCE -> UniDA (uniDA=True)
Unlabeled data shape:  (35510, 150, 18)
Unlabelled Combined shape: (60884, 150, 18)

--- Dataloader Size Check ---
Source Train batches:   29
Target Train batches:   554
-------------------------------

Private classes:  tensor([7., 8., 9.])
=============================================
Dataset: MHEALTH to RealWorld_UniDA_hard_n3_fno_mean
Method:  DANCE
=============================================
Source: MHEALTH ---> Target: RealWorld
Run ID: 0
=============================================
[Pr Epoch : 1/20]
Pr_Src_cls_loss	: 1.7980
-------------------------------------
[Pr Epoch : 2/20]
Pr_Src_cls_loss	: 1.7710
-------------------------------------
[Pr Epoch : 3/20]
Pr_Src_cls_loss	: 1.7563
-------------------------------------
[Pr Epoch : 4/20]
Pr_Src_cls_loss	: 1.7469
-------------------------------------
[Pr Epoch : 5/20]
Pr_Src_cls_loss	: 1.7396
-------------------------------------
[Pr Epoch : 6/20]
Pr_Src_cls_loss	: 1.7340
-------------------------------------
[Pr Epoch : 7/20]
Pr_Src_cls_loss	: 1.7293
-------------------------------------
[Pr Epoch : 8/20]
Pr_Src_cls_loss	: 1.7253
-------------------------------------
[Pr Epoch : 9/20]
Pr_Src_cls_loss	: 1.7218
-------------------------------------
[Pr Epoch : 10/20]
Pr_Src_cls_loss	: 1.7186
-------------------------------------
[Pr Epoch : 11/20]
Pr_Src_cls_loss	: 1.7158
-------------------------------------
[Pr Epoch : 12/20]
Pr_Src_cls_loss	: 1.7132
-------------------------------------
[Pr Epoch : 13/20]
Pr_Src_cls_loss	: 1.7109
-------------------------------------
[Pr Epoch : 14/20]
Pr_Src_cls_loss	: 1.7088
-------------------------------------
[Pr Epoch : 15/20]
Pr_Src_cls_loss	: 1.7068
-------------------------------------
[Pr Epoch : 16/20]
Pr_Src_cls_loss	: 1.7051
-------------------------------------
[Pr Epoch : 17/20]
Pr_Src_cls_loss	: 1.7034
-------------------------------------
[Pr Epoch : 18/20]
Pr_Src_cls_loss	: 1.7019
-------------------------------------
[Pr Epoch : 19/20]
Pr_Src_cls_loss	: 1.7005
-------------------------------------
[Pr Epoch : 20/20]
Pr_Src_cls_loss	: 1.6991
-------------------------------------
/mnt/data/home/tp2474/OpenSet-AdaTime/algorithms/algorithms.py:733: UserWarning: Implicit dimension choice for softmax has been deprecated. Change the call to include dim=X as an argument.
  p = F.softmax(p)
/mnt/data/home/tp2474/OpenSet-AdaTime/algorithms/algorithms.py:737: UserWarning: Implicit dimension choice for softmax has been deprecated. Change the call to include dim=X as an argument.
  p = F.softmax(p)
[Epoch : 1/20]
Pr_Src_cls_loss	: 1.6991
Total_loss	: 2.0024
Ent Loss	: -0.0970
Src_cls_loss	: 1.6621
Neighbors Clustering 	: 0.4373
-------------------------------------
[Epoch : 2/20]
Pr_Src_cls_loss	: 1.6991
Total_loss	: 2.0298
Ent Loss	: -0.0969
Src_cls_loss	: 1.6521
Neighbors Clustering 	: 0.4747
-------------------------------------
[Epoch : 3/20]
Pr_Src_cls_loss	: 1.6991
Total_loss	: 2.0416
Ent Loss	: -0.0969
Src_cls_loss	: 1.6418
Neighbors Clustering 	: 0.4968
-------------------------------------
[Epoch : 4/20]
Pr_Src_cls_loss	: 1.6991
Total_loss	: 2.0460
Ent Loss	: -0.0969
Src_cls_loss	: 1.6315
Neighbors Clustering 	: 0.5113
-------------------------------------
[Epoch : 5/20]
Pr_Src_cls_loss	: 1.6991
Total_loss	: 2.0466
Ent Loss	: -0.0968
Src_cls_loss	: 1.6214
Neighbors Clustering 	: 0.5220
-------------------------------------
[Epoch : 6/20]
Pr_Src_cls_loss	: 1.6991
Total_loss	: 2.0439
Ent Loss	: -0.0968
Src_cls_loss	: 1.6110
Neighbors Clustering 	: 0.5298
-------------------------------------
[Epoch : 7/20]
Pr_Src_cls_loss	: 1.6991
Total_loss	: 2.0393
Ent Loss	: -0.0968
Src_cls_loss	: 1.6008
Neighbors Clustering 	: 0.5354
-------------------------------------
[Epoch : 8/20]
Pr_Src_cls_loss	: 1.6991
Total_loss	: 2.0333
Ent Loss	: -0.0968
Src_cls_loss	: 1.5905
Neighbors Clustering 	: 0.5396
-------------------------------------
[Epoch : 9/20]
Pr_Src_cls_loss	: 1.6991
Total_loss	: 2.0267
Ent Loss	: -0.0968
Src_cls_loss	: 1.5802
Neighbors Clustering 	: 0.5432
-------------------------------------
[Epoch : 10/20]
Pr_Src_cls_loss	: 1.6991
Total_loss	: 2.0187
Ent Loss	: -0.0967
Src_cls_loss	: 1.5699
Neighbors Clustering 	: 0.5456
-------------------------------------
[Epoch : 11/20]
Pr_Src_cls_loss	: 1.6991
Total_loss	: 2.0106
Ent Loss	: -0.0967
Src_cls_loss	: 1.5596
Neighbors Clustering 	: 0.5477
-------------------------------------
[Epoch : 12/20]
Pr_Src_cls_loss	: 1.6991
Total_loss	: 2.0017
Ent Loss	: -0.0967
Src_cls_loss	: 1.5492
Neighbors Clustering 	: 0.5492
-------------------------------------
[Epoch : 13/20]
Pr_Src_cls_loss	: 1.6991
Total_loss	: 1.9919
Ent Loss	: -0.0967
Src_cls_loss	: 1.5388
Neighbors Clustering 	: 0.5499
-------------------------------------
[Epoch : 14/20]
Pr_Src_cls_loss	: 1.6991
Total_loss	: 1.9820
Ent Loss	: -0.0967
Src_cls_loss	: 1.5286
Neighbors Clustering 	: 0.5501
-------------------------------------
[Epoch : 15/20]
Pr_Src_cls_loss	: 1.6991
Total_loss	: 1.9711
Ent Loss	: -0.0967
Src_cls_loss	: 1.5183
Neighbors Clustering 	: 0.5495
-------------------------------------
[Epoch : 16/20]
Pr_Src_cls_loss	: 1.6991
Total_loss	: 1.9603
Ent Loss	: -0.0967
Src_cls_loss	: 1.5080
Neighbors Clustering 	: 0.5490
-------------------------------------
[Epoch : 17/20]
Pr_Src_cls_loss	: 1.6991
Total_loss	: 1.9496
Ent Loss	: -0.0967
Src_cls_loss	: 1.4977
Neighbors Clustering 	: 0.5486
-------------------------------------
[Epoch : 18/20]
Pr_Src_cls_loss	: 1.6991
Total_loss	: 1.9389
Ent Loss	: -0.0967
Src_cls_loss	: 1.4873
Neighbors Clustering 	: 0.5483
-------------------------------------
[Epoch : 19/20]
Pr_Src_cls_loss	: 1.6991
Total_loss	: 1.9286
Ent Loss	: -0.0967
Src_cls_loss	: 1.4770
Neighbors Clustering 	: 0.5483
-------------------------------------
[Epoch : 20/20]
Pr_Src_cls_loss	: 1.6991
Total_loss	: 1.9183
Ent Loss	: -0.0967
Src_cls_loss	: 1.4667
Neighbors Clustering 	: 0.5482
-------------------------------------
/mnt/data/home/tp2474/OpenSet-AdaTime/algorithms/algorithms.py:870: UserWarning: Implicit dimension choice for softmax has been deprecated. Change the call to include dim=X as an argument.
  predictions = F.softmax(self.classifier(features))
/mnt/data/home/tp2474/OpenSet-AdaTime/trainers/abstract_trainer.py:331: FutureWarning: The behavior of DataFrame concatenation with empty or all-NA entries is deprecated. In a future version, this will no longer exclude empty or all-NA columns when determining the result dtypes. To retain the old behavior, exclude the relevant entries before the concat operation.
  table = pd.concat([table, results_df], ignore_index=True)
H_score: 0.0000, OS* (acc_c): 0.0000, UNK (acc_p): 1.0000, acc_mix: 0.2616, F1: 0.1085
Uploading logs from: /mnt/data/home/tp2474/OpenSet-AdaTime/experiments_logs/curriculum/MHEALTH to RealWorld_UniDA_hard_n3_fno_mean/DANCE_UniDA_hard_n3_fno_mean/MHEALTH_to_RealWorld_run_0
🏃 View run DANCE_run_0 at: http://127.0.0.1:5001/#/experiments/814425868998510608/runs/f9f1955aae454d319dc2428dbd425ff9
🧪 View experiment at: http://127.0.0.1:5001/#/experiments/814425868998510608
=============================================
Dataset: MHEALTH to RealWorld_UniDA_hard_n3_fno_mean
Method:  DANCE
=============================================
Source: MHEALTH ---> Target: RealWorld
Run ID: 1
=============================================
[Pr Epoch : 1/20]
Pr_Src_cls_loss	: 1.7996
-------------------------------------
[Pr Epoch : 2/20]
Pr_Src_cls_loss	: 1.7703
-------------------------------------
[Pr Epoch : 3/20]
Pr_Src_cls_loss	: 1.7551
-------------------------------------
[Pr Epoch : 4/20]
Pr_Src_cls_loss	: 1.7450
-------------------------------------
[Pr Epoch : 5/20]
Pr_Src_cls_loss	: 1.7377
-------------------------------------
[Pr Epoch : 6/20]
Pr_Src_cls_loss	: 1.7317
-------------------------------------
[Pr Epoch : 7/20]
Pr_Src_cls_loss	: 1.7267
-------------------------------------
[Pr Epoch : 8/20]
Pr_Src_cls_loss	: 1.7225
-------------------------------------
[Pr Epoch : 9/20]
Pr_Src_cls_loss	: 1.7188
-------------------------------------
[Pr Epoch : 10/20]
Pr_Src_cls_loss	: 1.7156
-------------------------------------
[Pr Epoch : 11/20]
Pr_Src_cls_loss	: 1.7127
-------------------------------------
[Pr Epoch : 12/20]
Pr_Src_cls_loss	: 1.7101
-------------------------------------
[Pr Epoch : 13/20]
Pr_Src_cls_loss	: 1.7078
-------------------------------------
[Pr Epoch : 14/20]
Pr_Src_cls_loss	: 1.7057
-------------------------------------
[Pr Epoch : 15/20]
Pr_Src_cls_loss	: 1.7037
-------------------------------------
[Pr Epoch : 16/20]
Pr_Src_cls_loss	: 1.7019
-------------------------------------
[Pr Epoch : 17/20]
Pr_Src_cls_loss	: 1.7002
-------------------------------------
[Pr Epoch : 18/20]
Pr_Src_cls_loss	: 1.6986
-------------------------------------
[Pr Epoch : 19/20]
Pr_Src_cls_loss	: 1.6972
-------------------------------------
[Pr Epoch : 20/20]
Pr_Src_cls_loss	: 1.6958
-------------------------------------
[Epoch : 1/20]
Pr_Src_cls_loss	: 1.6958
Total_loss	: 2.0082
Ent Loss	: -0.0970
Src_cls_loss	: 1.6593
Neighbors Clustering 	: 0.4459
-------------------------------------
[Epoch : 2/20]
Pr_Src_cls_loss	: 1.6958
Total_loss	: 2.0365
Ent Loss	: -0.0969
Src_cls_loss	: 1.6489
Neighbors Clustering 	: 0.4846
-------------------------------------
[Epoch : 3/20]
Pr_Src_cls_loss	: 1.6958
Total_loss	: 2.0479
Ent Loss	: -0.0969
Src_cls_loss	: 1.6387
Neighbors Clustering 	: 0.5061
-------------------------------------
[Epoch : 4/20]
Pr_Src_cls_loss	: 1.6958
Total_loss	: 2.0527
Ent Loss	: -0.0969
Src_cls_loss	: 1.6286
Neighbors Clustering 	: 0.5210
-------------------------------------
[Epoch : 5/20]
Pr_Src_cls_loss	: 1.6958
Total_loss	: 2.0523
Ent Loss	: -0.0968
Src_cls_loss	: 1.6184
Neighbors Clustering 	: 0.5308
-------------------------------------
[Epoch : 6/20]
Pr_Src_cls_loss	: 1.6958
Total_loss	: 2.0500
Ent Loss	: -0.0968
Src_cls_loss	: 1.6083
Neighbors Clustering 	: 0.5385
-------------------------------------
[Epoch : 7/20]
Pr_Src_cls_loss	: 1.6958
Total_loss	: 2.0457
Ent Loss	: -0.0968
Src_cls_loss	: 1.5981
Neighbors Clustering 	: 0.5444
-------------------------------------
[Epoch : 8/20]
Pr_Src_cls_loss	: 1.6958
Total_loss	: 2.0399
Ent Loss	: -0.0968
Src_cls_loss	: 1.5879
Neighbors Clustering 	: 0.5487
-------------------------------------
[Epoch : 9/20]
Pr_Src_cls_loss	: 1.6958
Total_loss	: 2.0326
Ent Loss	: -0.0967
Src_cls_loss	: 1.5776
Neighbors Clustering 	: 0.5517
-------------------------------------
[Epoch : 10/20]
Pr_Src_cls_loss	: 1.6958
Total_loss	: 2.0243
Ent Loss	: -0.0967
Src_cls_loss	: 1.5674
Neighbors Clustering 	: 0.5537
-------------------------------------
[Epoch : 11/20]
Pr_Src_cls_loss	: 1.6958
Total_loss	: 2.0157
Ent Loss	: -0.0967
Src_cls_loss	: 1.5572
Neighbors Clustering 	: 0.5552
-------------------------------------
[Epoch : 12/20]
Pr_Src_cls_loss	: 1.6958
Total_loss	: 2.0059
Ent Loss	: -0.0967
Src_cls_loss	: 1.5469
Neighbors Clustering 	: 0.5557
-------------------------------------
[Epoch : 13/20]
Pr_Src_cls_loss	: 1.6958
Total_loss	: 1.9956
Ent Loss	: -0.0967
Src_cls_loss	: 1.5367
Neighbors Clustering 	: 0.5557
-------------------------------------
[Epoch : 14/20]
Pr_Src_cls_loss	: 1.6958
Total_loss	: 1.9859
Ent Loss	: -0.0967
Src_cls_loss	: 1.5264
Neighbors Clustering 	: 0.5562
-------------------------------------
[Epoch : 15/20]
Pr_Src_cls_loss	: 1.6958
Total_loss	: 1.9761
Ent Loss	: -0.0967
Src_cls_loss	: 1.5161
Neighbors Clustering 	: 0.5567
-------------------------------------
[Epoch : 16/20]
Pr_Src_cls_loss	: 1.6958
Total_loss	: 1.9662
Ent Loss	: -0.0967
Src_cls_loss	: 1.5058
Neighbors Clustering 	: 0.5571
-------------------------------------
[Epoch : 17/20]
Pr_Src_cls_loss	: 1.6958
Total_loss	: 1.9567
Ent Loss	: -0.0967
Src_cls_loss	: 1.4955
Neighbors Clustering 	: 0.5578
-------------------------------------
[Epoch : 18/20]
Pr_Src_cls_loss	: 1.6958
Total_loss	: 1.9470
Ent Loss	: -0.0967
Src_cls_loss	: 1.4853
Neighbors Clustering 	: 0.5584
-------------------------------------
[Epoch : 19/20]
Pr_Src_cls_loss	: 1.6958
Total_loss	: 1.9375
Ent Loss	: -0.0967
Src_cls_loss	: 1.4751
Neighbors Clustering 	: 0.5591
-------------------------------------
[Epoch : 20/20]
Pr_Src_cls_loss	: 1.6958
Total_loss	: 1.9281
Ent Loss	: -0.0967
Src_cls_loss	: 1.4649
Neighbors Clustering 	: 0.5598
-------------------------------------
H_score: 0.0000, OS* (acc_c): 0.0000, UNK (acc_p): 1.0000, acc_mix: 0.2616, F1: 0.1085
Uploading logs from: /mnt/data/home/tp2474/OpenSet-AdaTime/experiments_logs/curriculum/MHEALTH to RealWorld_UniDA_hard_n3_fno_mean/DANCE_UniDA_hard_n3_fno_mean/MHEALTH_to_RealWorld_run_1
🏃 View run DANCE_run_1 at: http://127.0.0.1:5001/#/experiments/814425868998510608/runs/277837acfa2442e6ac5093339e06e57d
🧪 View experiment at: http://127.0.0.1:5001/#/experiments/814425868998510608
=============================================
Dataset: MHEALTH to RealWorld_UniDA_hard_n3_fno_mean
Method:  DANCE
=============================================
Source: MHEALTH ---> Target: RealWorld
Run ID: 2
=============================================
[Pr Epoch : 1/20]
Pr_Src_cls_loss	: 1.7964
-------------------------------------
[Pr Epoch : 2/20]
Pr_Src_cls_loss	: 1.7648
-------------------------------------
[Pr Epoch : 3/20]
Pr_Src_cls_loss	: 1.7486
-------------------------------------
[Pr Epoch : 4/20]
Pr_Src_cls_loss	: 1.7378
-------------------------------------
[Pr Epoch : 5/20]
Pr_Src_cls_loss	: 1.7297
-------------------------------------
[Pr Epoch : 6/20]
Pr_Src_cls_loss	: 1.7235
-------------------------------------
[Pr Epoch : 7/20]
Pr_Src_cls_loss	: 1.7182
-------------------------------------
[Pr Epoch : 8/20]
Pr_Src_cls_loss	: 1.7139
-------------------------------------
[Pr Epoch : 9/20]
Pr_Src_cls_loss	: 1.7101
-------------------------------------
[Pr Epoch : 10/20]
Pr_Src_cls_loss	: 1.7069
-------------------------------------
[Pr Epoch : 11/20]
Pr_Src_cls_loss	: 1.7040
-------------------------------------
[Pr Epoch : 12/20]
Pr_Src_cls_loss	: 1.7014
-------------------------------------
[Pr Epoch : 13/20]
Pr_Src_cls_loss	: 1.6990
-------------------------------------
[Pr Epoch : 14/20]
Pr_Src_cls_loss	: 1.6969
-------------------------------------
[Pr Epoch : 15/20]
Pr_Src_cls_loss	: 1.6949
-------------------------------------
[Pr Epoch : 16/20]
Pr_Src_cls_loss	: 1.6931
-------------------------------------
[Pr Epoch : 17/20]
Pr_Src_cls_loss	: 1.6914
-------------------------------------
[Pr Epoch : 18/20]
Pr_Src_cls_loss	: 1.6898
-------------------------------------
[Pr Epoch : 19/20]
Pr_Src_cls_loss	: 1.6883
-------------------------------------
[Pr Epoch : 20/20]
Pr_Src_cls_loss	: 1.6869
-------------------------------------
[Epoch : 1/20]
Pr_Src_cls_loss	: 1.6869
Total_loss	: 1.9949
Ent Loss	: -0.0969
Src_cls_loss	: 1.6503
Neighbors Clustering 	: 0.4415
-------------------------------------
[Epoch : 2/20]
Pr_Src_cls_loss	: 1.6869
Total_loss	: 2.0234
Ent Loss	: -0.0969
Src_cls_loss	: 1.6401
Neighbors Clustering 	: 0.4802
-------------------------------------
[Epoch : 3/20]
Pr_Src_cls_loss	: 1.6869
Total_loss	: 2.0348
Ent Loss	: -0.0969
Src_cls_loss	: 1.6302
Neighbors Clustering 	: 0.5015
-------------------------------------
[Epoch : 4/20]
Pr_Src_cls_loss	: 1.6869
Total_loss	: 2.0390
Ent Loss	: -0.0968
Src_cls_loss	: 1.6204
Neighbors Clustering 	: 0.5155
-------------------------------------
[Epoch : 5/20]
Pr_Src_cls_loss	: 1.6869
Total_loss	: 2.0381
Ent Loss	: -0.0968
Src_cls_loss	: 1.6104
Neighbors Clustering 	: 0.5246
-------------------------------------
[Epoch : 6/20]
Pr_Src_cls_loss	: 1.6869
Total_loss	: 2.0349
Ent Loss	: -0.0968
Src_cls_loss	: 1.6002
Neighbors Clustering 	: 0.5315
-------------------------------------
[Epoch : 7/20]
Pr_Src_cls_loss	: 1.6869
Total_loss	: 2.0301
Ent Loss	: -0.0968
Src_cls_loss	: 1.5902
Neighbors Clustering 	: 0.5367
-------------------------------------
[Epoch : 8/20]
Pr_Src_cls_loss	: 1.6869
Total_loss	: 2.0238
Ent Loss	: -0.0967
Src_cls_loss	: 1.5800
Neighbors Clustering 	: 0.5405
-------------------------------------
[Epoch : 9/20]
Pr_Src_cls_loss	: 1.6869
Total_loss	: 2.0160
Ent Loss	: -0.0967
Src_cls_loss	: 1.5699
Neighbors Clustering 	: 0.5428
-------------------------------------
[Epoch : 10/20]
Pr_Src_cls_loss	: 1.6869
Total_loss	: 2.0077
Ent Loss	: -0.0967
Src_cls_loss	: 1.5598
Neighbors Clustering 	: 0.5446
-------------------------------------
[Epoch : 11/20]
Pr_Src_cls_loss	: 1.6869
Total_loss	: 1.9982
Ent Loss	: -0.0967
Src_cls_loss	: 1.5496
Neighbors Clustering 	: 0.5452
-------------------------------------
[Epoch : 12/20]
Pr_Src_cls_loss	: 1.6869
Total_loss	: 1.9884
Ent Loss	: -0.0967
Src_cls_loss	: 1.5396
Neighbors Clustering 	: 0.5455
-------------------------------------
[Epoch : 13/20]
Pr_Src_cls_loss	: 1.6869
Total_loss	: 1.9781
Ent Loss	: -0.0967
Src_cls_loss	: 1.5294
Neighbors Clustering 	: 0.5454
-------------------------------------
[Epoch : 14/20]
Pr_Src_cls_loss	: 1.6869
Total_loss	: 1.9681
Ent Loss	: -0.0967
Src_cls_loss	: 1.5193
Neighbors Clustering 	: 0.5455
-------------------------------------
[Epoch : 15/20]
Pr_Src_cls_loss	: 1.6869
Total_loss	: 1.9579
Ent Loss	: -0.0967
Src_cls_loss	: 1.5090
Neighbors Clustering 	: 0.5456
-------------------------------------
[Epoch : 16/20]
Pr_Src_cls_loss	: 1.6869
Total_loss	: 1.9480
Ent Loss	: -0.0967
Src_cls_loss	: 1.4988
Neighbors Clustering 	: 0.5459
-------------------------------------
[Epoch : 17/20]
Pr_Src_cls_loss	: 1.6869
Total_loss	: 1.9382
Ent Loss	: -0.0967
Src_cls_loss	: 1.4886
Neighbors Clustering 	: 0.5463
-------------------------------------
[Epoch : 18/20]
Pr_Src_cls_loss	: 1.6869
Total_loss	: 1.9285
Ent Loss	: -0.0967
Src_cls_loss	: 1.4784
Neighbors Clustering 	: 0.5467
-------------------------------------
[Epoch : 19/20]
Pr_Src_cls_loss	: 1.6869
Total_loss	: 1.9187
Ent Loss	: -0.0966
Src_cls_loss	: 1.4682
Neighbors Clustering 	: 0.5471
-------------------------------------
[Epoch : 20/20]
Pr_Src_cls_loss	: 1.6869
Total_loss	: 1.9090
Ent Loss	: -0.0966
Src_cls_loss	: 1.4581
Neighbors Clustering 	: 0.5476
-------------------------------------
H_score: 0.0000, OS* (acc_c): 0.0000, UNK (acc_p): 1.0000, acc_mix: 0.2616, F1: 0.1085
Uploading logs from: /mnt/data/home/tp2474/OpenSet-AdaTime/experiments_logs/curriculum/MHEALTH to RealWorld_UniDA_hard_n3_fno_mean/DANCE_UniDA_hard_n3_fno_mean/MHEALTH_to_RealWorld_run_2
🏃 View run DANCE_run_2 at: http://127.0.0.1:5001/#/experiments/814425868998510608/runs/afb4d63668ca492490c0d33f75d886b5
🧪 View experiment at: http://127.0.0.1:5001/#/experiments/814425868998510608
=============================================
Dataset: MHEALTH to RealWorld_UniDA_hard_n3_fno_mean
Method:  DANCE
=============================================
Source: MHEALTH ---> Target: RealWorld
Run ID: 3
=============================================
[Pr Epoch : 1/20]
Pr_Src_cls_loss	: 1.8058
-------------------------------------
[Pr Epoch : 2/20]
Pr_Src_cls_loss	: 1.7755
-------------------------------------
[Pr Epoch : 3/20]
Pr_Src_cls_loss	: 1.7596
-------------------------------------
[Pr Epoch : 4/20]
Pr_Src_cls_loss	: 1.7492
-------------------------------------
[Pr Epoch : 5/20]
Pr_Src_cls_loss	: 1.7415
-------------------------------------
[Pr Epoch : 6/20]
Pr_Src_cls_loss	: 1.7354
-------------------------------------
[Pr Epoch : 7/20]
Pr_Src_cls_loss	: 1.7304
-------------------------------------
[Pr Epoch : 8/20]
Pr_Src_cls_loss	: 1.7261
-------------------------------------
[Pr Epoch : 9/20]
Pr_Src_cls_loss	: 1.7222
-------------------------------------
[Pr Epoch : 10/20]
Pr_Src_cls_loss	: 1.7189
-------------------------------------
[Pr Epoch : 11/20]
Pr_Src_cls_loss	: 1.7159
-------------------------------------
[Pr Epoch : 12/20]
Pr_Src_cls_loss	: 1.7132
-------------------------------------
[Pr Epoch : 13/20]
Pr_Src_cls_loss	: 1.7107
-------------------------------------
[Pr Epoch : 14/20]
Pr_Src_cls_loss	: 1.7085
-------------------------------------
[Pr Epoch : 15/20]
Pr_Src_cls_loss	: 1.7065
-------------------------------------
[Pr Epoch : 16/20]
Pr_Src_cls_loss	: 1.7047
-------------------------------------
[Pr Epoch : 17/20]
Pr_Src_cls_loss	: 1.7029
-------------------------------------
[Pr Epoch : 18/20]
Pr_Src_cls_loss	: 1.7013
-------------------------------------
[Pr Epoch : 19/20]
Pr_Src_cls_loss	: 1.6997
-------------------------------------
[Pr Epoch : 20/20]
Pr_Src_cls_loss	: 1.6983
-------------------------------------
[Epoch : 1/20]
Pr_Src_cls_loss	: 1.6983
Total_loss	: 1.9994
Ent Loss	: -0.0970
Src_cls_loss	: 1.6594
Neighbors Clustering 	: 0.4369
-------------------------------------
[Epoch : 2/20]
Pr_Src_cls_loss	: 1.6983
Total_loss	: 2.0292
Ent Loss	: -0.0969
Src_cls_loss	: 1.6492
Neighbors Clustering 	: 0.4769
-------------------------------------
[Epoch : 3/20]
Pr_Src_cls_loss	: 1.6983
Total_loss	: 2.0411
Ent Loss	: -0.0969
Src_cls_loss	: 1.6390
Neighbors Clustering 	: 0.4990
-------------------------------------
[Epoch : 4/20]
Pr_Src_cls_loss	: 1.6983
Total_loss	: 2.0466
Ent Loss	: -0.0969
Src_cls_loss	: 1.6289
Neighbors Clustering 	: 0.5146
-------------------------------------
[Epoch : 5/20]
Pr_Src_cls_loss	: 1.6983
Total_loss	: 2.0475
Ent Loss	: -0.0969
Src_cls_loss	: 1.6186
Neighbors Clustering 	: 0.5257
-------------------------------------
[Epoch : 6/20]
Pr_Src_cls_loss	: 1.6983
Total_loss	: 2.0462
Ent Loss	: -0.0968
Src_cls_loss	: 1.6083
Neighbors Clustering 	: 0.5347
-------------------------------------
[Epoch : 7/20]
Pr_Src_cls_loss	: 1.6983
Total_loss	: 2.0421
Ent Loss	: -0.0968
Src_cls_loss	: 1.5980
Neighbors Clustering 	: 0.5409
-------------------------------------
[Epoch : 8/20]
Pr_Src_cls_loss	: 1.6983
Total_loss	: 2.0364
Ent Loss	: -0.0968
Src_cls_loss	: 1.5877
Neighbors Clustering 	: 0.5455
-------------------------------------
[Epoch : 9/20]
Pr_Src_cls_loss	: 1.6983
Total_loss	: 2.0292
Ent Loss	: -0.0968
Src_cls_loss	: 1.5774
Neighbors Clustering 	: 0.5486
-------------------------------------
[Epoch : 10/20]
Pr_Src_cls_loss	: 1.6983
Total_loss	: 2.0208
Ent Loss	: -0.0968
Src_cls_loss	: 1.5671
Neighbors Clustering 	: 0.5505
-------------------------------------
[Epoch : 11/20]
Pr_Src_cls_loss	: 1.6983
Total_loss	: 2.0113
Ent Loss	: -0.0968
Src_cls_loss	: 1.5569
Neighbors Clustering 	: 0.5512
-------------------------------------
[Epoch : 12/20]
Pr_Src_cls_loss	: 1.6983
Total_loss	: 2.0014
Ent Loss	: -0.0968
Src_cls_loss	: 1.5466
Neighbors Clustering 	: 0.5516
-------------------------------------
[Epoch : 13/20]
Pr_Src_cls_loss	: 1.6983
Total_loss	: 1.9913
Ent Loss	: -0.0968
Src_cls_loss	: 1.5363
Neighbors Clustering 	: 0.5518
-------------------------------------
[Epoch : 14/20]
Pr_Src_cls_loss	: 1.6983
Total_loss	: 1.9810
Ent Loss	: -0.0968
Src_cls_loss	: 1.5261
Neighbors Clustering 	: 0.5517
-------------------------------------
[Epoch : 15/20]
Pr_Src_cls_loss	: 1.6983
Total_loss	: 1.9706
Ent Loss	: -0.0968
Src_cls_loss	: 1.5158
Neighbors Clustering 	: 0.5516
-------------------------------------
[Epoch : 16/20]
Pr_Src_cls_loss	: 1.6983
Total_loss	: 1.9603
Ent Loss	: -0.0967
Src_cls_loss	: 1.5054
Neighbors Clustering 	: 0.5516
-------------------------------------
[Epoch : 17/20]
Pr_Src_cls_loss	: 1.6983
Total_loss	: 1.9501
Ent Loss	: -0.0967
Src_cls_loss	: 1.4950
Neighbors Clustering 	: 0.5518
-------------------------------------
[Epoch : 18/20]
Pr_Src_cls_loss	: 1.6983
Total_loss	: 1.9397
Ent Loss	: -0.0967
Src_cls_loss	: 1.4847
Neighbors Clustering 	: 0.5517
-------------------------------------
[Epoch : 19/20]
Pr_Src_cls_loss	: 1.6983
Total_loss	: 1.9299
Ent Loss	: -0.0967
Src_cls_loss	: 1.4745
Neighbors Clustering 	: 0.5522
-------------------------------------
[Epoch : 20/20]
Pr_Src_cls_loss	: 1.6983
Total_loss	: 1.9200
Ent Loss	: -0.0967
Src_cls_loss	: 1.4643
Neighbors Clustering 	: 0.5524
-------------------------------------
H_score: 0.0000, OS* (acc_c): 0.0000, UNK (acc_p): 1.0000, acc_mix: 0.2616, F1: 0.1085
Uploading logs from: /mnt/data/home/tp2474/OpenSet-AdaTime/experiments_logs/curriculum/MHEALTH to RealWorld_UniDA_hard_n3_fno_mean/DANCE_UniDA_hard_n3_fno_mean/MHEALTH_to_RealWorld_run_3
🏃 View run DANCE_run_3 at: http://127.0.0.1:5001/#/experiments/814425868998510608/runs/ff4eea5df85f4c3eb44e6a519662ecc6
🧪 View experiment at: http://127.0.0.1:5001/#/experiments/814425868998510608
=============================================
Dataset: MHEALTH to RealWorld_UniDA_hard_n3_fno_mean
Method:  DANCE
=============================================
Source: MHEALTH ---> Target: RealWorld
Run ID: 4
=============================================
[Pr Epoch : 1/20]
Pr_Src_cls_loss	: 1.7877
-------------------------------------
[Pr Epoch : 2/20]
Pr_Src_cls_loss	: 1.7584
-------------------------------------
[Pr Epoch : 3/20]
Pr_Src_cls_loss	: 1.7434
-------------------------------------
[Pr Epoch : 4/20]
Pr_Src_cls_loss	: 1.7341
-------------------------------------
[Pr Epoch : 5/20]
Pr_Src_cls_loss	: 1.7269
-------------------------------------
[Pr Epoch : 6/20]
Pr_Src_cls_loss	: 1.7215
-------------------------------------
[Pr Epoch : 7/20]
Pr_Src_cls_loss	: 1.7170
-------------------------------------
[Pr Epoch : 8/20]
Pr_Src_cls_loss	: 1.7131
-------------------------------------
[Pr Epoch : 9/20]
Pr_Src_cls_loss	: 1.7096
-------------------------------------
[Pr Epoch : 10/20]
Pr_Src_cls_loss	: 1.7065
-------------------------------------
[Pr Epoch : 11/20]
Pr_Src_cls_loss	: 1.7038
-------------------------------------
[Pr Epoch : 12/20]
Pr_Src_cls_loss	: 1.7013
-------------------------------------
[Pr Epoch : 13/20]
Pr_Src_cls_loss	: 1.6991
-------------------------------------
[Pr Epoch : 14/20]
Pr_Src_cls_loss	: 1.6970
-------------------------------------
[Pr Epoch : 15/20]
Pr_Src_cls_loss	: 1.6952
-------------------------------------
[Pr Epoch : 16/20]
Pr_Src_cls_loss	: 1.6934
-------------------------------------
[Pr Epoch : 17/20]
Pr_Src_cls_loss	: 1.6918
-------------------------------------
[Pr Epoch : 18/20]
Pr_Src_cls_loss	: 1.6903
-------------------------------------
[Pr Epoch : 19/20]
Pr_Src_cls_loss	: 1.6889
-------------------------------------
[Pr Epoch : 20/20]
Pr_Src_cls_loss	: 1.6876
-------------------------------------
[Epoch : 1/20]
Pr_Src_cls_loss	: 1.6876
Total_loss	: 1.9992
Ent Loss	: -0.0969
Src_cls_loss	: 1.6515
Neighbors Clustering 	: 0.4446
-------------------------------------
[Epoch : 2/20]
Pr_Src_cls_loss	: 1.6876
Total_loss	: 2.0246
Ent Loss	: -0.0969
Src_cls_loss	: 1.6414
Neighbors Clustering 	: 0.4801
-------------------------------------
[Epoch : 3/20]
Pr_Src_cls_loss	: 1.6876
Total_loss	: 2.0353
Ent Loss	: -0.0969
Src_cls_loss	: 1.6316
Neighbors Clustering 	: 0.5006
-------------------------------------
[Epoch : 4/20]
Pr_Src_cls_loss	: 1.6876
Total_loss	: 2.0378
Ent Loss	: -0.0968
Src_cls_loss	: 1.6216
Neighbors Clustering 	: 0.5130
-------------------------------------
[Epoch : 5/20]
Pr_Src_cls_loss	: 1.6876
Total_loss	: 2.0364
Ent Loss	: -0.0968
Src_cls_loss	: 1.6116
Neighbors Clustering 	: 0.5216
-------------------------------------
[Epoch : 6/20]
Pr_Src_cls_loss	: 1.6876
Total_loss	: 2.0329
Ent Loss	: -0.0968
Src_cls_loss	: 1.6017
Neighbors Clustering 	: 0.5280
-------------------------------------
[Epoch : 7/20]
Pr_Src_cls_loss	: 1.6876
Total_loss	: 2.0277
Ent Loss	: -0.0968
Src_cls_loss	: 1.5917
Neighbors Clustering 	: 0.5327
-------------------------------------
[Epoch : 8/20]
Pr_Src_cls_loss	: 1.6876
Total_loss	: 2.0220
Ent Loss	: -0.0968
Src_cls_loss	: 1.5817
Neighbors Clustering 	: 0.5371
-------------------------------------
[Epoch : 9/20]
Pr_Src_cls_loss	: 1.6876
Total_loss	: 2.0152
Ent Loss	: -0.0967
Src_cls_loss	: 1.5716
Neighbors Clustering 	: 0.5404
-------------------------------------
[Epoch : 10/20]
Pr_Src_cls_loss	: 1.6876
Total_loss	: 2.0075
Ent Loss	: -0.0967
Src_cls_loss	: 1.5614
Neighbors Clustering 	: 0.5428
-------------------------------------
[Epoch : 11/20]
Pr_Src_cls_loss	: 1.6876
Total_loss	: 1.9993
Ent Loss	: -0.0967
Src_cls_loss	: 1.5513
Neighbors Clustering 	: 0.5448
-------------------------------------
[Epoch : 12/20]
Pr_Src_cls_loss	: 1.6876
Total_loss	: 1.9907
Ent Loss	: -0.0967
Src_cls_loss	: 1.5411
Neighbors Clustering 	: 0.5463
-------------------------------------
[Epoch : 13/20]
Pr_Src_cls_loss	: 1.6876
Total_loss	: 1.9818
Ent Loss	: -0.0967
Src_cls_loss	: 1.5309
Neighbors Clustering 	: 0.5476
-------------------------------------
[Epoch : 14/20]
Pr_Src_cls_loss	: 1.6876
Total_loss	: 1.9728
Ent Loss	: -0.0967
Src_cls_loss	: 1.5207
Neighbors Clustering 	: 0.5489
-------------------------------------
[Epoch : 15/20]
Pr_Src_cls_loss	: 1.6876
Total_loss	: 1.9636
Ent Loss	: -0.0967
Src_cls_loss	: 1.5104
Neighbors Clustering 	: 0.5499
-------------------------------------
[Epoch : 16/20]
Pr_Src_cls_loss	: 1.6876
Total_loss	: 1.9543
Ent Loss	: -0.0967
Src_cls_loss	: 1.5002
Neighbors Clustering 	: 0.5508
-------------------------------------
[Epoch : 17/20]
Pr_Src_cls_loss	: 1.6876
Total_loss	: 1.9449
Ent Loss	: -0.0967
Src_cls_loss	: 1.4900
Neighbors Clustering 	: 0.5515
-------------------------------------
[Epoch : 18/20]
Pr_Src_cls_loss	: 1.6876
Total_loss	: 1.9350
Ent Loss	: -0.0967
Src_cls_loss	: 1.4798
Neighbors Clustering 	: 0.5519
-------------------------------------
[Epoch : 19/20]
Pr_Src_cls_loss	: 1.6876
Total_loss	: 1.9248
Ent Loss	: -0.0966
Src_cls_loss	: 1.4696
Neighbors Clustering 	: 0.5519
-------------------------------------
[Epoch : 20/20]
Pr_Src_cls_loss	: 1.6876
Total_loss	: 1.9148
Ent Loss	: -0.0966
Src_cls_loss	: 1.4595
Neighbors Clustering 	: 0.5520
-------------------------------------
H_score: 0.0000, OS* (acc_c): 0.0000, UNK (acc_p): 1.0000, acc_mix: 0.2616, F1: 0.1085
Uploading logs from: /mnt/data/home/tp2474/OpenSet-AdaTime/experiments_logs/curriculum/MHEALTH to RealWorld_UniDA_hard_n3_fno_mean/DANCE_UniDA_hard_n3_fno_mean/MHEALTH_to_RealWorld_run_4
🏃 View run DANCE_run_4 at: http://127.0.0.1:5001/#/experiments/814425868998510608/runs/9e82891393494288b88f67bc102a5206
🧪 View experiment at: http://127.0.0.1:5001/#/experiments/814425868998510608
==================== [n3 fno_mean] PPOT ====================
[curriculum] scenario=UniDA  strategy=hard  n_unknown=3  rank_variant=fno_mean
[curriculum] source mapping (7 classes): {'Lying down': 'lying', 'Sitting and relaxing': 'sitting', 'Walking': 'walking', 'Running': 'running', 'Climbing stairs': 'Climbing stairs', 'Frontal elevation of arms': 'Frontal elevation of arms', 'Jump front & back': 'Jump front & back'}
[curriculum] target mapping (7 classes): {'lying': 'lying', 'sitting': 'sitting', 'walking': 'walking', 'running': 'running', 'climbingup': 'climbingup', 'jumping': 'jumping', 'climbingdown': 'climbingdown'}
[curriculum] unknowns added (in hard order): src=[Climbing stairs,Frontal elevation of arms,Jump front & back] | trg=[climbingup,jumping,climbingdown]
[scenario] PPOT -> UniDA (uniDA=True)
Unlabeled data shape:  (35510, 150, 18)
Unlabelled Combined shape: (60884, 150, 18)

--- Dataloader Size Check ---
Source Train batches:   29
Target Train batches:   554
-------------------------------

Private classes:  tensor([7., 8., 9.])
=============================================
Dataset: MHEALTH to RealWorld_UniDA_hard_n3_fno_mean
Method:  PPOT
=============================================
Source: MHEALTH ---> Target: RealWorld
Run ID: 0
=============================================
[Pr Epoch : 1/20]
Pr_Src_cls_loss	: 1.8972
-------------------------------------
[Pr Epoch : 2/20]
Pr_Src_cls_loss	: 1.8680
-------------------------------------
[Pr Epoch : 3/20]
Pr_Src_cls_loss	: 1.8470
-------------------------------------
[Pr Epoch : 4/20]
Pr_Src_cls_loss	: 1.8301
-------------------------------------
[Pr Epoch : 5/20]
Pr_Src_cls_loss	: 1.8156
-------------------------------------
[Pr Epoch : 6/20]
Pr_Src_cls_loss	: 1.8027
-------------------------------------
[Pr Epoch : 7/20]
Pr_Src_cls_loss	: 1.7911
-------------------------------------
[Pr Epoch : 8/20]
Pr_Src_cls_loss	: 1.7802
-------------------------------------
[Pr Epoch : 9/20]
Pr_Src_cls_loss	: 1.7701
-------------------------------------
[Pr Epoch : 10/20]
Pr_Src_cls_loss	: 1.7606
-------------------------------------
[Pr Epoch : 11/20]
Pr_Src_cls_loss	: 1.7515
-------------------------------------
[Pr Epoch : 12/20]
Pr_Src_cls_loss	: 1.7428
-------------------------------------
[Pr Epoch : 13/20]
Pr_Src_cls_loss	: 1.7343
-------------------------------------
[Pr Epoch : 14/20]
Pr_Src_cls_loss	: 1.7262
-------------------------------------
[Pr Epoch : 15/20]
Pr_Src_cls_loss	: 1.7183
-------------------------------------
[Pr Epoch : 16/20]
Pr_Src_cls_loss	: 1.7105
-------------------------------------
[Pr Epoch : 17/20]
Pr_Src_cls_loss	: 1.7030
-------------------------------------
[Pr Epoch : 18/20]
Pr_Src_cls_loss	: 1.6955
-------------------------------------
[Pr Epoch : 19/20]
Pr_Src_cls_loss	: 1.6882
-------------------------------------
[Pr Epoch : 20/20]
Pr_Src_cls_loss	: 1.6809
-------------------------------------
[Epoch : 1/20]
Pr_Src_cls_loss	: 1.6809
Total_loss	: 0.2470
OT Loss	: 0.1292
Entropic Loss	: -1.4319
Src_cls_loss	: 1.4851
-------------------------------------
[Epoch : 2/20]
Pr_Src_cls_loss	: 1.6809
Total_loss	: 0.2294
OT Loss	: 0.1255
Entropic Loss	: -1.4262
Src_cls_loss	: 1.4673
-------------------------------------
[Epoch : 3/20]
Pr_Src_cls_loss	: 1.6809
Total_loss	: 0.2004
OT Loss	: 0.1229
Entropic Loss	: -1.4408
Src_cls_loss	: 1.4568
-------------------------------------
[Epoch : 4/20]
Pr_Src_cls_loss	: 1.6809
Total_loss	: 0.2356
OT Loss	: 0.1221
Entropic Loss	: -1.3878
Src_cls_loss	: 1.4402
-------------------------------------
[Epoch : 5/20]
Pr_Src_cls_loss	: 1.6809
Total_loss	: 0.2196
OT Loss	: 0.1218
Entropic Loss	: -1.3890
Src_cls_loss	: 1.4260
-------------------------------------
[Epoch : 6/20]
Pr_Src_cls_loss	: 1.6809
Total_loss	: 0.2122
OT Loss	: 0.1210
Entropic Loss	: -1.3845
Src_cls_loss	: 1.4152
-------------------------------------
[Epoch : 7/20]
Pr_Src_cls_loss	: 1.6809
Total_loss	: 0.2031
OT Loss	: 0.1205
Entropic Loss	: -1.3887
Src_cls_loss	: 1.4111
-------------------------------------
[Epoch : 8/20]
Pr_Src_cls_loss	: 1.6809
Total_loss	: 0.1950
OT Loss	: 0.1194
Entropic Loss	: -1.3849
Src_cls_loss	: 1.4007
-------------------------------------
[Epoch : 9/20]
Pr_Src_cls_loss	: 1.6809
Total_loss	: 0.1824
OT Loss	: 0.1182
Entropic Loss	: -1.3896
Src_cls_loss	: 1.3947
-------------------------------------
[Epoch : 10/20]
Pr_Src_cls_loss	: 1.6809
Total_loss	: 0.1685
OT Loss	: 0.1174
Entropic Loss	: -1.3927
Src_cls_loss	: 1.3850
-------------------------------------
[Epoch : 11/20]
Pr_Src_cls_loss	: 1.6809
Total_loss	: 0.1569
OT Loss	: 0.1171
Entropic Loss	: -1.3956
Src_cls_loss	: 1.3769
-------------------------------------
[Epoch : 12/20]
Pr_Src_cls_loss	: 1.6809
Total_loss	: 0.1451
OT Loss	: 0.1162
Entropic Loss	: -1.3981
Src_cls_loss	: 1.3688
-------------------------------------
[Epoch : 13/20]
Pr_Src_cls_loss	: 1.6809
Total_loss	: 0.1390
OT Loss	: 0.1152
Entropic Loss	: -1.4010
Src_cls_loss	: 1.3672
-------------------------------------
[Epoch : 14/20]
Pr_Src_cls_loss	: 1.6809
Total_loss	: 0.1232
OT Loss	: 0.1145
Entropic Loss	: -1.4073
Src_cls_loss	: 1.3588
-------------------------------------
[Epoch : 15/20]
Pr_Src_cls_loss	: 1.6809
Total_loss	: 0.1160
OT Loss	: 0.1137
Entropic Loss	: -1.4049
Src_cls_loss	: 1.3505
-------------------------------------
[Epoch : 16/20]
Pr_Src_cls_loss	: 1.6809
Total_loss	: 0.1033
OT Loss	: 0.1137
Entropic Loss	: -1.4088
Src_cls_loss	: 1.3415
-------------------------------------
[Epoch : 17/20]
Pr_Src_cls_loss	: 1.6809
Total_loss	: 0.1176
OT Loss	: 0.1135
Entropic Loss	: -1.3865
Src_cls_loss	: 1.3339
-------------------------------------
[Epoch : 18/20]
Pr_Src_cls_loss	: 1.6809
Total_loss	: 0.1083
OT Loss	: 0.1131
Entropic Loss	: -1.3886
Src_cls_loss	: 1.3272
-------------------------------------
[Epoch : 19/20]
Pr_Src_cls_loss	: 1.6809
Total_loss	: 0.0971
OT Loss	: 0.1127
Entropic Loss	: -1.3908
Src_cls_loss	: 1.3189
-------------------------------------
[Epoch : 20/20]
Pr_Src_cls_loss	: 1.6809
Total_loss	: 0.0810
OT Loss	: 0.1121
Entropic Loss	: -1.3982
Src_cls_loss	: 1.3110
-------------------------------------
/mnt/data/home/tp2474/OpenSet-AdaTime/trainers/abstract_trainer.py:331: FutureWarning: The behavior of DataFrame concatenation with empty or all-NA entries is deprecated. In a future version, this will no longer exclude empty or all-NA columns when determining the result dtypes. To retain the old behavior, exclude the relevant entries before the concat operation.
  table = pd.concat([table, results_df], ignore_index=True)
H_score: 0.0000, OS* (acc_c): 0.0000, UNK (acc_p): 1.0000, acc_mix: 0.2616, F1: 0.1085
Uploading logs from: /mnt/data/home/tp2474/OpenSet-AdaTime/experiments_logs/curriculum/MHEALTH to RealWorld_UniDA_hard_n3_fno_mean/PPOT_UniDA_hard_n3_fno_mean/MHEALTH_to_RealWorld_run_0
🏃 View run PPOT_run_0 at: http://127.0.0.1:5001/#/experiments/814425868998510608/runs/efc79522f95c4927a94952ea979bf278
🧪 View experiment at: http://127.0.0.1:5001/#/experiments/814425868998510608
=============================================
Dataset: MHEALTH to RealWorld_UniDA_hard_n3_fno_mean
Method:  PPOT
=============================================
Source: MHEALTH ---> Target: RealWorld
Run ID: 1
=============================================
[Pr Epoch : 1/20]
Pr_Src_cls_loss	: 1.9173
-------------------------------------
[Pr Epoch : 2/20]
Pr_Src_cls_loss	: 1.8872
-------------------------------------
[Pr Epoch : 3/20]
Pr_Src_cls_loss	: 1.8658
-------------------------------------
[Pr Epoch : 4/20]
Pr_Src_cls_loss	: 1.8491
-------------------------------------
[Pr Epoch : 5/20]
Pr_Src_cls_loss	: 1.8352
-------------------------------------
[Pr Epoch : 6/20]
Pr_Src_cls_loss	: 1.8229
-------------------------------------
[Pr Epoch : 7/20]
Pr_Src_cls_loss	: 1.8118
-------------------------------------
[Pr Epoch : 8/20]
Pr_Src_cls_loss	: 1.8015
-------------------------------------
[Pr Epoch : 9/20]
Pr_Src_cls_loss	: 1.7919
-------------------------------------
[Pr Epoch : 10/20]
Pr_Src_cls_loss	: 1.7826
-------------------------------------
[Pr Epoch : 11/20]
Pr_Src_cls_loss	: 1.7741
-------------------------------------
[Pr Epoch : 12/20]
Pr_Src_cls_loss	: 1.7657
-------------------------------------
[Pr Epoch : 13/20]
Pr_Src_cls_loss	: 1.7575
-------------------------------------
[Pr Epoch : 14/20]
Pr_Src_cls_loss	: 1.7496
-------------------------------------
[Pr Epoch : 15/20]
Pr_Src_cls_loss	: 1.7419
-------------------------------------
[Pr Epoch : 16/20]
Pr_Src_cls_loss	: 1.7342
-------------------------------------
[Pr Epoch : 17/20]
Pr_Src_cls_loss	: 1.7267
-------------------------------------
[Pr Epoch : 18/20]
Pr_Src_cls_loss	: 1.7194
-------------------------------------
[Pr Epoch : 19/20]
Pr_Src_cls_loss	: 1.7123
-------------------------------------
[Pr Epoch : 20/20]
Pr_Src_cls_loss	: 1.7052
-------------------------------------
[Epoch : 1/20]
Pr_Src_cls_loss	: 1.7052
Total_loss	: 0.4971
OT Loss	: 0.1489
Entropic Loss	: -1.2688
Src_cls_loss	: 1.5426
-------------------------------------
[Epoch : 2/20]
Pr_Src_cls_loss	: 1.7052
Total_loss	: 0.3901
OT Loss	: 0.1369
Entropic Loss	: -1.3397
Src_cls_loss	: 1.5244
-------------------------------------
[Epoch : 3/20]
Pr_Src_cls_loss	: 1.7052
Total_loss	: 0.3180
OT Loss	: 0.1310
Entropic Loss	: -1.3998
Src_cls_loss	: 1.5213
-------------------------------------
[Epoch : 4/20]
Pr_Src_cls_loss	: 1.7052
Total_loss	: 0.2689
OT Loss	: 0.1279
Entropic Loss	: -1.4202
Src_cls_loss	: 1.4973
-------------------------------------
[Epoch : 5/20]
Pr_Src_cls_loss	: 1.7052
Total_loss	: 0.2151
OT Loss	: 0.1250
Entropic Loss	: -1.4546
Src_cls_loss	: 1.4822
-------------------------------------
[Epoch : 6/20]
Pr_Src_cls_loss	: 1.7052
Total_loss	: 0.1845
OT Loss	: 0.1228
Entropic Loss	: -1.4757
Src_cls_loss	: 1.4759
-------------------------------------
[Epoch : 7/20]
Pr_Src_cls_loss	: 1.7052
Total_loss	: 0.2004
OT Loss	: 0.1218
Entropic Loss	: -1.4463
Src_cls_loss	: 1.4639
-------------------------------------
[Epoch : 8/20]
Pr_Src_cls_loss	: 1.7052
Total_loss	: 0.1690
OT Loss	: 0.1206
Entropic Loss	: -1.4648
Src_cls_loss	: 1.4530
-------------------------------------
[Epoch : 9/20]
Pr_Src_cls_loss	: 1.7052
Total_loss	: 0.1406
OT Loss	: 0.1195
Entropic Loss	: -1.4819
Src_cls_loss	: 1.4432
-------------------------------------
[Epoch : 10/20]
Pr_Src_cls_loss	: 1.7052
Total_loss	: 0.1180
OT Loss	: 0.1185
Entropic Loss	: -1.4991
Src_cls_loss	: 1.4393
-------------------------------------
[Epoch : 11/20]
Pr_Src_cls_loss	: 1.7052
Total_loss	: 0.1076
OT Loss	: 0.1176
Entropic Loss	: -1.4950
Src_cls_loss	: 1.4261
-------------------------------------
[Epoch : 12/20]
Pr_Src_cls_loss	: 1.7052
Total_loss	: 0.0888
OT Loss	: 0.1169
Entropic Loss	: -1.5072
Src_cls_loss	: 1.4206
-------------------------------------
[Epoch : 13/20]
Pr_Src_cls_loss	: 1.7052
Total_loss	: 0.0750
OT Loss	: 0.1162
Entropic Loss	: -1.5116
Src_cls_loss	: 1.4123
-------------------------------------
[Epoch : 14/20]
Pr_Src_cls_loss	: 1.7052
Total_loss	: 0.0689
OT Loss	: 0.1154
Entropic Loss	: -1.5115
Src_cls_loss	: 1.4074
-------------------------------------
[Epoch : 15/20]
Pr_Src_cls_loss	: 1.7052
Total_loss	: 0.0531
OT Loss	: 0.1149
Entropic Loss	: -1.5185
Src_cls_loss	: 1.3992
-------------------------------------
[Epoch : 16/20]
Pr_Src_cls_loss	: 1.7052
Total_loss	: 0.0399
OT Loss	: 0.1144
Entropic Loss	: -1.5220
Src_cls_loss	: 1.3904
-------------------------------------
[Epoch : 17/20]
Pr_Src_cls_loss	: 1.7052
Total_loss	: 0.0308
OT Loss	: 0.1144
Entropic Loss	: -1.5227
Src_cls_loss	: 1.3819
-------------------------------------
[Epoch : 18/20]
Pr_Src_cls_loss	: 1.7052
Total_loss	: 0.0194
OT Loss	: 0.1138
Entropic Loss	: -1.5273
Src_cls_loss	: 1.3761
-------------------------------------
[Epoch : 19/20]
Pr_Src_cls_loss	: 1.7052
Total_loss	: 0.0062
OT Loss	: 0.1131
Entropic Loss	: -1.5346
Src_cls_loss	: 1.3711
-------------------------------------
[Epoch : 20/20]
Pr_Src_cls_loss	: 1.7052
Total_loss	: -0.0087
OT Loss	: 0.1126
Entropic Loss	: -1.5414
Src_cls_loss	: 1.3638
-------------------------------------
H_score: 0.0000, OS* (acc_c): 0.0000, UNK (acc_p): 1.0000, acc_mix: 0.2616, F1: 0.1085
Uploading logs from: /mnt/data/home/tp2474/OpenSet-AdaTime/experiments_logs/curriculum/MHEALTH to RealWorld_UniDA_hard_n3_fno_mean/PPOT_UniDA_hard_n3_fno_mean/MHEALTH_to_RealWorld_run_1
🏃 View run PPOT_run_1 at: http://127.0.0.1:5001/#/experiments/814425868998510608/runs/9608883de5e24237a3bac7d9acda8502
🧪 View experiment at: http://127.0.0.1:5001/#/experiments/814425868998510608
=============================================
Dataset: MHEALTH to RealWorld_UniDA_hard_n3_fno_mean
Method:  PPOT
=============================================
Source: MHEALTH ---> Target: RealWorld
Run ID: 2
=============================================
[Pr Epoch : 1/20]
Pr_Src_cls_loss	: 1.9123
-------------------------------------
[Pr Epoch : 2/20]
Pr_Src_cls_loss	: 1.8846
-------------------------------------
[Pr Epoch : 3/20]
Pr_Src_cls_loss	: 1.8639
-------------------------------------
[Pr Epoch : 4/20]
Pr_Src_cls_loss	: 1.8474
-------------------------------------
[Pr Epoch : 5/20]
Pr_Src_cls_loss	: 1.8334
-------------------------------------
[Pr Epoch : 6/20]
Pr_Src_cls_loss	: 1.8210
-------------------------------------
[Pr Epoch : 7/20]
Pr_Src_cls_loss	: 1.8096
-------------------------------------
[Pr Epoch : 8/20]
Pr_Src_cls_loss	: 1.7992
-------------------------------------
[Pr Epoch : 9/20]
Pr_Src_cls_loss	: 1.7893
-------------------------------------
[Pr Epoch : 10/20]
Pr_Src_cls_loss	: 1.7800
-------------------------------------
[Pr Epoch : 11/20]
Pr_Src_cls_loss	: 1.7709
-------------------------------------
[Pr Epoch : 12/20]
Pr_Src_cls_loss	: 1.7622
-------------------------------------
[Pr Epoch : 13/20]
Pr_Src_cls_loss	: 1.7538
-------------------------------------
[Pr Epoch : 14/20]
Pr_Src_cls_loss	: 1.7455
-------------------------------------
[Pr Epoch : 15/20]
Pr_Src_cls_loss	: 1.7375
-------------------------------------
[Pr Epoch : 16/20]
Pr_Src_cls_loss	: 1.7298
-------------------------------------
[Pr Epoch : 17/20]
Pr_Src_cls_loss	: 1.7223
-------------------------------------
[Pr Epoch : 18/20]
Pr_Src_cls_loss	: 1.7147
-------------------------------------
[Pr Epoch : 19/20]
Pr_Src_cls_loss	: 1.7074
-------------------------------------
[Pr Epoch : 20/20]
Pr_Src_cls_loss	: 1.7001
-------------------------------------
[Epoch : 1/20]
Pr_Src_cls_loss	: 1.7001
Total_loss	: 0.4085
OT Loss	: 0.1367
Entropic Loss	: -1.3381
Src_cls_loss	: 1.5415
-------------------------------------
[Epoch : 2/20]
Pr_Src_cls_loss	: 1.7001
Total_loss	: 0.3381
OT Loss	: 0.1304
Entropic Loss	: -1.3715
Src_cls_loss	: 1.5140
-------------------------------------
[Epoch : 3/20]
Pr_Src_cls_loss	: 1.7001
Total_loss	: 0.3274
OT Loss	: 0.1310
Entropic Loss	: -1.3633
Src_cls_loss	: 1.4942
-------------------------------------
[Epoch : 4/20]
Pr_Src_cls_loss	: 1.7001
Total_loss	: 0.2890
OT Loss	: 0.1279
Entropic Loss	: -1.3883
Src_cls_loss	: 1.4854
-------------------------------------
[Epoch : 5/20]
Pr_Src_cls_loss	: 1.7001
Total_loss	: 0.2694
OT Loss	: 0.1251
Entropic Loss	: -1.3913
Src_cls_loss	: 1.4731
-------------------------------------
[Epoch : 6/20]
Pr_Src_cls_loss	: 1.7001
Total_loss	: 0.2742
OT Loss	: 0.1240
Entropic Loss	: -1.3750
Src_cls_loss	: 1.4632
-------------------------------------
[Epoch : 7/20]
Pr_Src_cls_loss	: 1.7001
Total_loss	: 0.2539
OT Loss	: 0.1230
Entropic Loss	: -1.3832
Src_cls_loss	: 1.4526
-------------------------------------
[Epoch : 8/20]
Pr_Src_cls_loss	: 1.7001
Total_loss	: 0.2457
OT Loss	: 0.1216
Entropic Loss	: -1.3789
Src_cls_loss	: 1.4422
-------------------------------------
[Epoch : 9/20]
Pr_Src_cls_loss	: 1.7001
Total_loss	: 0.2355
OT Loss	: 0.1206
Entropic Loss	: -1.3779
Src_cls_loss	: 1.4326
-------------------------------------
[Epoch : 10/20]
Pr_Src_cls_loss	: 1.7001
Total_loss	: 0.2180
OT Loss	: 0.1201
Entropic Loss	: -1.3853
Src_cls_loss	: 1.4232
-------------------------------------
[Epoch : 11/20]
Pr_Src_cls_loss	: 1.7001
Total_loss	: 0.2081
OT Loss	: 0.1194
Entropic Loss	: -1.3878
Src_cls_loss	: 1.4168
-------------------------------------
[Epoch : 12/20]
Pr_Src_cls_loss	: 1.7001
Total_loss	: 0.2139
OT Loss	: 0.1185
Entropic Loss	: -1.3763
Src_cls_loss	: 1.4124
-------------------------------------
[Epoch : 13/20]
Pr_Src_cls_loss	: 1.7001
Total_loss	: 0.2084
OT Loss	: 0.1179
Entropic Loss	: -1.3712
Src_cls_loss	: 1.4028
-------------------------------------
[Epoch : 14/20]
Pr_Src_cls_loss	: 1.7001
Total_loss	: 0.1946
OT Loss	: 0.1173
Entropic Loss	: -1.3756
Src_cls_loss	: 1.3942
-------------------------------------
[Epoch : 15/20]
Pr_Src_cls_loss	: 1.7001
Total_loss	: 0.1793
OT Loss	: 0.1169
Entropic Loss	: -1.3818
Src_cls_loss	: 1.3859
-------------------------------------
[Epoch : 16/20]
Pr_Src_cls_loss	: 1.7001
Total_loss	: 0.1774
OT Loss	: 0.1166
Entropic Loss	: -1.3761
Src_cls_loss	: 1.3787
-------------------------------------
[Epoch : 17/20]
Pr_Src_cls_loss	: 1.7001
Total_loss	: 0.1591
OT Loss	: 0.1163
Entropic Loss	: -1.3841
Src_cls_loss	: 1.3687
-------------------------------------
[Epoch : 18/20]
Pr_Src_cls_loss	: 1.7001
Total_loss	: 0.1468
OT Loss	: 0.1157
Entropic Loss	: -1.3894
Src_cls_loss	: 1.3627
-------------------------------------
[Epoch : 19/20]
Pr_Src_cls_loss	: 1.7001
Total_loss	: 0.1332
OT Loss	: 0.1151
Entropic Loss	: -1.3949
Src_cls_loss	: 1.3554
-------------------------------------
[Epoch : 20/20]
Pr_Src_cls_loss	: 1.7001
Total_loss	: 0.1168
OT Loss	: 0.1146
Entropic Loss	: -1.4015
Src_cls_loss	: 1.3464
-------------------------------------
H_score: 0.0000, OS* (acc_c): 0.0000, UNK (acc_p): 1.0000, acc_mix: 0.2616, F1: 0.1085
Uploading logs from: /mnt/data/home/tp2474/OpenSet-AdaTime/experiments_logs/curriculum/MHEALTH to RealWorld_UniDA_hard_n3_fno_mean/PPOT_UniDA_hard_n3_fno_mean/MHEALTH_to_RealWorld_run_2
🏃 View run PPOT_run_2 at: http://127.0.0.1:5001/#/experiments/814425868998510608/runs/43f9a9ec34f34e24a86f346e04c33a7a
🧪 View experiment at: http://127.0.0.1:5001/#/experiments/814425868998510608
=============================================
Dataset: MHEALTH to RealWorld_UniDA_hard_n3_fno_mean
Method:  PPOT
=============================================
Source: MHEALTH ---> Target: RealWorld
Run ID: 3
=============================================
[Pr Epoch : 1/20]
Pr_Src_cls_loss	: 1.9005
-------------------------------------
[Pr Epoch : 2/20]
Pr_Src_cls_loss	: 1.8719
-------------------------------------
[Pr Epoch : 3/20]
Pr_Src_cls_loss	: 1.8516
-------------------------------------
[Pr Epoch : 4/20]
Pr_Src_cls_loss	: 1.8353
-------------------------------------
[Pr Epoch : 5/20]
Pr_Src_cls_loss	: 1.8216
-------------------------------------
[Pr Epoch : 6/20]
Pr_Src_cls_loss	: 1.8093
-------------------------------------
[Pr Epoch : 7/20]
Pr_Src_cls_loss	: 1.7982
-------------------------------------
[Pr Epoch : 8/20]
Pr_Src_cls_loss	: 1.7879
-------------------------------------
[Pr Epoch : 9/20]
Pr_Src_cls_loss	: 1.7782
-------------------------------------
[Pr Epoch : 10/20]
Pr_Src_cls_loss	: 1.7690
-------------------------------------
[Pr Epoch : 11/20]
Pr_Src_cls_loss	: 1.7601
-------------------------------------
[Pr Epoch : 12/20]
Pr_Src_cls_loss	: 1.7515
-------------------------------------
[Pr Epoch : 13/20]
Pr_Src_cls_loss	: 1.7432
-------------------------------------
[Pr Epoch : 14/20]
Pr_Src_cls_loss	: 1.7352
-------------------------------------
[Pr Epoch : 15/20]
Pr_Src_cls_loss	: 1.7273
-------------------------------------
[Pr Epoch : 16/20]
Pr_Src_cls_loss	: 1.7197
-------------------------------------
[Pr Epoch : 17/20]
Pr_Src_cls_loss	: 1.7121
-------------------------------------
[Pr Epoch : 18/20]
Pr_Src_cls_loss	: 1.7046
-------------------------------------
[Pr Epoch : 19/20]
Pr_Src_cls_loss	: 1.6974
-------------------------------------
[Pr Epoch : 20/20]
Pr_Src_cls_loss	: 1.6902
-------------------------------------
[Epoch : 1/20]
Pr_Src_cls_loss	: 1.6902
Total_loss	: 0.4813
OT Loss	: 0.1385
Entropic Loss	: -1.2846
Src_cls_loss	: 1.5581
-------------------------------------
[Epoch : 2/20]
Pr_Src_cls_loss	: 1.6902
Total_loss	: 0.4054
OT Loss	: 0.1351
Entropic Loss	: -1.3374
Src_cls_loss	: 1.5402
-------------------------------------
[Epoch : 3/20]
Pr_Src_cls_loss	: 1.6902
Total_loss	: 0.3848
OT Loss	: 0.1332
Entropic Loss	: -1.3399
Src_cls_loss	: 1.5250
-------------------------------------
[Epoch : 4/20]
Pr_Src_cls_loss	: 1.6902
Total_loss	: 0.3779
OT Loss	: 0.1313
Entropic Loss	: -1.3328
Src_cls_loss	: 1.5138
-------------------------------------
[Epoch : 5/20]
Pr_Src_cls_loss	: 1.6902
Total_loss	: 0.3400
OT Loss	: 0.1288
Entropic Loss	: -1.3596
Src_cls_loss	: 1.5063
-------------------------------------
[Epoch : 6/20]
Pr_Src_cls_loss	: 1.6902
Total_loss	: 0.3153
OT Loss	: 0.1271
Entropic Loss	: -1.3703
Src_cls_loss	: 1.4949
-------------------------------------
[Epoch : 7/20]
Pr_Src_cls_loss	: 1.6902
Total_loss	: 0.3257
OT Loss	: 0.1260
Entropic Loss	: -1.3503
Src_cls_loss	: 1.4870
-------------------------------------
[Epoch : 8/20]
Pr_Src_cls_loss	: 1.6902
Total_loss	: 0.3053
OT Loss	: 0.1248
Entropic Loss	: -1.3603
Src_cls_loss	: 1.4785
-------------------------------------
[Epoch : 9/20]
Pr_Src_cls_loss	: 1.6902
Total_loss	: 0.2982
OT Loss	: 0.1236
Entropic Loss	: -1.3576
Src_cls_loss	: 1.4705
-------------------------------------
[Epoch : 10/20]
Pr_Src_cls_loss	: 1.6902
Total_loss	: 0.2824
OT Loss	: 0.1229
Entropic Loss	: -1.3638
Src_cls_loss	: 1.4620
-------------------------------------
[Epoch : 11/20]
Pr_Src_cls_loss	: 1.6902
Total_loss	: 0.2627
OT Loss	: 0.1218
Entropic Loss	: -1.3740
Src_cls_loss	: 1.4540
-------------------------------------
[Epoch : 12/20]
Pr_Src_cls_loss	: 1.6902
Total_loss	: 0.2507
OT Loss	: 0.1210
Entropic Loss	: -1.3766
Src_cls_loss	: 1.4458
-------------------------------------
[Epoch : 13/20]
Pr_Src_cls_loss	: 1.6902
Total_loss	: 0.2339
OT Loss	: 0.1207
Entropic Loss	: -1.3837
Src_cls_loss	: 1.4366
-------------------------------------
[Epoch : 14/20]
Pr_Src_cls_loss	: 1.6902
Total_loss	: 0.2238
OT Loss	: 0.1199
Entropic Loss	: -1.3855
Src_cls_loss	: 1.4294
-------------------------------------
[Epoch : 15/20]
Pr_Src_cls_loss	: 1.6902
Total_loss	: 0.2105
OT Loss	: 0.1195
Entropic Loss	: -1.3897
Src_cls_loss	: 1.4210
-------------------------------------
[Epoch : 16/20]
Pr_Src_cls_loss	: 1.6902
Total_loss	: 0.1972
OT Loss	: 0.1190
Entropic Loss	: -1.3949
Src_cls_loss	: 1.4137
-------------------------------------
[Epoch : 17/20]
Pr_Src_cls_loss	: 1.6902
Total_loss	: 0.1834
OT Loss	: 0.1186
Entropic Loss	: -1.4010
Src_cls_loss	: 1.4066
-------------------------------------
[Epoch : 18/20]
Pr_Src_cls_loss	: 1.6902
Total_loss	: 0.1839
OT Loss	: 0.1183
Entropic Loss	: -1.3925
Src_cls_loss	: 1.3989
-------------------------------------
[Epoch : 19/20]
Pr_Src_cls_loss	: 1.6902
Total_loss	: 0.1766
OT Loss	: 0.1179
Entropic Loss	: -1.3922
Src_cls_loss	: 1.3920
-------------------------------------
[Epoch : 20/20]
Pr_Src_cls_loss	: 1.6902
Total_loss	: 0.1642
OT Loss	: 0.1175
Entropic Loss	: -1.3972
Src_cls_loss	: 1.3852
-------------------------------------
H_score: 0.0000, OS* (acc_c): 0.0000, UNK (acc_p): 1.0000, acc_mix: 0.2616, F1: 0.1085
Uploading logs from: /mnt/data/home/tp2474/OpenSet-AdaTime/experiments_logs/curriculum/MHEALTH to RealWorld_UniDA_hard_n3_fno_mean/PPOT_UniDA_hard_n3_fno_mean/MHEALTH_to_RealWorld_run_3
🏃 View run PPOT_run_3 at: http://127.0.0.1:5001/#/experiments/814425868998510608/runs/8f902e65453d4237896788655fb4080e
🧪 View experiment at: http://127.0.0.1:5001/#/experiments/814425868998510608
=============================================
Dataset: MHEALTH to RealWorld_UniDA_hard_n3_fno_mean
Method:  PPOT
=============================================
Source: MHEALTH ---> Target: RealWorld
Run ID: 4
=============================================
[Pr Epoch : 1/20]
Pr_Src_cls_loss	: 1.9089
-------------------------------------
[Pr Epoch : 2/20]
Pr_Src_cls_loss	: 1.8800
-------------------------------------
[Pr Epoch : 3/20]
Pr_Src_cls_loss	: 1.8586
-------------------------------------
[Pr Epoch : 4/20]
Pr_Src_cls_loss	: 1.8408
-------------------------------------
[Pr Epoch : 5/20]
Pr_Src_cls_loss	: 1.8251
-------------------------------------
[Pr Epoch : 6/20]
Pr_Src_cls_loss	: 1.8113
-------------------------------------
[Pr Epoch : 7/20]
Pr_Src_cls_loss	: 1.7988
-------------------------------------
[Pr Epoch : 8/20]
Pr_Src_cls_loss	: 1.7875
-------------------------------------
[Pr Epoch : 9/20]
Pr_Src_cls_loss	: 1.7769
-------------------------------------
[Pr Epoch : 10/20]
Pr_Src_cls_loss	: 1.7670
-------------------------------------
[Pr Epoch : 11/20]
Pr_Src_cls_loss	: 1.7575
-------------------------------------
[Pr Epoch : 12/20]
Pr_Src_cls_loss	: 1.7486
-------------------------------------
[Pr Epoch : 13/20]
Pr_Src_cls_loss	: 1.7401
-------------------------------------
[Pr Epoch : 14/20]
Pr_Src_cls_loss	: 1.7318
-------------------------------------
[Pr Epoch : 15/20]
Pr_Src_cls_loss	: 1.7237
-------------------------------------
[Pr Epoch : 16/20]
Pr_Src_cls_loss	: 1.7159
-------------------------------------
[Pr Epoch : 17/20]
Pr_Src_cls_loss	: 1.7081
-------------------------------------
[Pr Epoch : 18/20]
Pr_Src_cls_loss	: 1.7006
-------------------------------------
[Pr Epoch : 19/20]
Pr_Src_cls_loss	: 1.6932
-------------------------------------
[Pr Epoch : 20/20]
Pr_Src_cls_loss	: 1.6859
-------------------------------------
[Epoch : 1/20]
Pr_Src_cls_loss	: 1.6859
Total_loss	: 0.1769
OT Loss	: 0.1226
Entropic Loss	: -1.4600
Src_cls_loss	: 1.4530
-------------------------------------
[Epoch : 2/20]
Pr_Src_cls_loss	: 1.6859
Total_loss	: 0.2105
OT Loss	: 0.1236
Entropic Loss	: -1.4190
Src_cls_loss	: 1.4440
-------------------------------------
[Epoch : 3/20]
Pr_Src_cls_loss	: 1.6859
Total_loss	: 0.2167
OT Loss	: 0.1230
Entropic Loss	: -1.3983
Src_cls_loss	: 1.4305
-------------------------------------
[Epoch : 4/20]
Pr_Src_cls_loss	: 1.6859
Total_loss	: 0.2020
OT Loss	: 0.1219
Entropic Loss	: -1.4013
Src_cls_loss	: 1.4206
-------------------------------------
[Epoch : 5/20]
Pr_Src_cls_loss	: 1.6859
Total_loss	: 0.1977
OT Loss	: 0.1218
Entropic Loss	: -1.3933
Src_cls_loss	: 1.4084
-------------------------------------
[Epoch : 6/20]
Pr_Src_cls_loss	: 1.6859
Total_loss	: 0.1938
OT Loss	: 0.1212
Entropic Loss	: -1.3849
Src_cls_loss	: 1.3970
-------------------------------------
[Epoch : 7/20]
Pr_Src_cls_loss	: 1.6859
Total_loss	: 0.1734
OT Loss	: 0.1199
Entropic Loss	: -1.3992
Src_cls_loss	: 1.3927
-------------------------------------
[Epoch : 8/20]
Pr_Src_cls_loss	: 1.6859
Total_loss	: 0.1642
OT Loss	: 0.1189
Entropic Loss	: -1.4003
Src_cls_loss	: 1.3863
-------------------------------------
[Epoch : 9/20]
Pr_Src_cls_loss	: 1.6859
Total_loss	: 0.1482
OT Loss	: 0.1179
Entropic Loss	: -1.4058
Src_cls_loss	: 1.3772
-------------------------------------
[Epoch : 10/20]
Pr_Src_cls_loss	: 1.6859
Total_loss	: 0.1260
OT Loss	: 0.1175
Entropic Loss	: -1.4162
Src_cls_loss	: 1.3660
-------------------------------------
[Epoch : 11/20]
Pr_Src_cls_loss	: 1.6859
Total_loss	: 0.1207
OT Loss	: 0.1170
Entropic Loss	: -1.4152
Src_cls_loss	: 1.3604
-------------------------------------
[Epoch : 12/20]
Pr_Src_cls_loss	: 1.6859
Total_loss	: 0.1108
OT Loss	: 0.1167
Entropic Loss	: -1.4174
Src_cls_loss	: 1.3532
-------------------------------------
[Epoch : 13/20]
Pr_Src_cls_loss	: 1.6859
Total_loss	: 0.0977
OT Loss	: 0.1160
Entropic Loss	: -1.4243
Src_cls_loss	: 1.3480
-------------------------------------
[Epoch : 14/20]
Pr_Src_cls_loss	: 1.6859
Total_loss	: 0.0862
OT Loss	: 0.1159
Entropic Loss	: -1.4279
Src_cls_loss	: 1.3403
-------------------------------------
[Epoch : 15/20]
Pr_Src_cls_loss	: 1.6859
Total_loss	: 0.0735
OT Loss	: 0.1159
Entropic Loss	: -1.4317
Src_cls_loss	: 1.3313
-------------------------------------
[Epoch : 16/20]
Pr_Src_cls_loss	: 1.6859
Total_loss	: 0.0644
OT Loss	: 0.1156
Entropic Loss	: -1.4329
Src_cls_loss	: 1.3239
-------------------------------------
[Epoch : 17/20]
Pr_Src_cls_loss	: 1.6859
Total_loss	: 0.0524
OT Loss	: 0.1150
Entropic Loss	: -1.4383
Src_cls_loss	: 1.3182
-------------------------------------
[Epoch : 18/20]
Pr_Src_cls_loss	: 1.6859
Total_loss	: 0.0482
OT Loss	: 0.1145
Entropic Loss	: -1.4364
Src_cls_loss	: 1.3128
-------------------------------------
[Epoch : 19/20]
Pr_Src_cls_loss	: 1.6859
Total_loss	: 0.0424
OT Loss	: 0.1142
Entropic Loss	: -1.4352
Src_cls_loss	: 1.3063
-------------------------------------
[Epoch : 20/20]
Pr_Src_cls_loss	: 1.6859
Total_loss	: 0.0351
OT Loss	: 0.1136
Entropic Loss	: -1.4368
Src_cls_loss	: 1.3015
-------------------------------------
H_score: 0.0000, OS* (acc_c): 0.0000, UNK (acc_p): 1.0000, acc_mix: 0.2616, F1: 0.1085
Uploading logs from: /mnt/data/home/tp2474/OpenSet-AdaTime/experiments_logs/curriculum/MHEALTH to RealWorld_UniDA_hard_n3_fno_mean/PPOT_UniDA_hard_n3_fno_mean/MHEALTH_to_RealWorld_run_4
🏃 View run PPOT_run_4 at: http://127.0.0.1:5001/#/experiments/814425868998510608/runs/249234b14c9b4fec9a70cce0603ad4b5
🧪 View experiment at: http://127.0.0.1:5001/#/experiments/814425868998510608
==================== [n3 fno_mean] RAINCOAT ====================
[curriculum] scenario=UniDA  strategy=hard  n_unknown=3  rank_variant=fno_mean
[curriculum] source mapping (7 classes): {'Lying down': 'lying', 'Sitting and relaxing': 'sitting', 'Walking': 'walking', 'Running': 'running', 'Climbing stairs': 'Climbing stairs', 'Frontal elevation of arms': 'Frontal elevation of arms', 'Jump front & back': 'Jump front & back'}
[curriculum] target mapping (7 classes): {'lying': 'lying', 'sitting': 'sitting', 'walking': 'walking', 'running': 'running', 'climbingup': 'climbingup', 'jumping': 'jumping', 'climbingdown': 'climbingdown'}
[curriculum] unknowns added (in hard order): src=[Climbing stairs,Frontal elevation of arms,Jump front & back] | trg=[climbingup,jumping,climbingdown]
[scenario] RAINCOAT -> UniDA (uniDA=True)
Unlabeled data shape:  (35510, 150, 18)
Unlabelled Combined shape: (60884, 150, 18)

--- Dataloader Size Check ---
Source Train batches:   29
Target Train batches:   554
-------------------------------

Private classes:  tensor([7., 8., 9.])
=============================================
Dataset: MHEALTH to RealWorld_UniDA_hard_n3_fno_mean
Method:  RAINCOAT
=============================================
Source: MHEALTH ---> Target: RealWorld
Run ID: 0
=============================================
[Align Epoch : 1/20]
Src_cls_loss	: 0.9349
Sink	: 0.7735
Recon	: 24.1194
-------------------------------------
[Align Epoch : 2/20]
Src_cls_loss	: 0.6655
Sink	: 0.7357
Recon	: 23.9592
-------------------------------------
[Align Epoch : 3/20]
Src_cls_loss	: 0.5186
Sink	: 0.6986
Recon	: 23.9625
-------------------------------------
[Align Epoch : 4/20]
Src_cls_loss	: 0.4249
Sink	: 0.6704
Recon	: 23.9446
-------------------------------------
[Align Epoch : 5/20]
Src_cls_loss	: 0.3620
Sink	: 0.6445
Recon	: 23.9115
-------------------------------------
[Align Epoch : 6/20]
Src_cls_loss	: 0.3165
Sink	: 0.6206
Recon	: 23.8969
-------------------------------------
[Align Epoch : 7/20]
Src_cls_loss	: 0.2844
Sink	: 0.5978
Recon	: 23.8464
-------------------------------------
[Align Epoch : 8/20]
Src_cls_loss	: 0.2580
Sink	: 0.5782
Recon	: 23.8483
-------------------------------------
[Align Epoch : 9/20]
Src_cls_loss	: 0.2364
Sink	: 0.5595
Recon	: 23.8278
-------------------------------------
[Align Epoch : 10/20]
Src_cls_loss	: 0.2183
Sink	: 0.5414
Recon	: 23.8010
-------------------------------------
[Align Epoch : 11/20]
Src_cls_loss	: 0.2033
Sink	: 0.5242
Recon	: 23.7750
-------------------------------------
[Align Epoch : 12/20]
Src_cls_loss	: 0.1903
Sink	: 0.5095
Recon	: 23.7539
-------------------------------------
[Align Epoch : 13/20]
Src_cls_loss	: 0.1790
Sink	: 0.4951
Recon	: 23.7282
-------------------------------------
[Align Epoch : 14/20]
Src_cls_loss	: 0.1688
Sink	: 0.4810
Recon	: 23.7011
-------------------------------------
[Align Epoch : 15/20]
Src_cls_loss	: 0.1601
Sink	: 0.4674
Recon	: 23.6798
-------------------------------------
[Align Epoch : 16/20]
Src_cls_loss	: 0.1525
Sink	: 0.4544
Recon	: 23.6576
-------------------------------------
[Align Epoch : 17/20]
Src_cls_loss	: 0.1455
Sink	: 0.4421
Recon	: 23.6296
-------------------------------------
[Align Epoch : 18/20]
Src_cls_loss	: 0.1390
Sink	: 0.4301
Recon	: 23.6084
-------------------------------------
[Align Epoch : 19/20]
Src_cls_loss	: 0.1339
Sink	: 0.4193
Recon	: 23.5909
-------------------------------------
[Align Epoch : 20/20]
Src_cls_loss	: 0.1289
Sink	: 0.4090
Recon	: 23.5683
-------------------------------------
[Correct Epoch : 1/20]
Recon_correct	: 23.0405
-------------------------------------
[Correct Epoch : 2/20]
Recon_correct	: 22.9945
-------------------------------------
[Correct Epoch : 3/20]
Recon_correct	: 22.9800
-------------------------------------
[Correct Epoch : 4/20]
Recon_correct	: 22.9556
-------------------------------------
[Correct Epoch : 5/20]
Recon_correct	: 22.9531
-------------------------------------
[Correct Epoch : 6/20]
Recon_correct	: 22.9297
-------------------------------------
[Correct Epoch : 7/20]
Recon_correct	: 22.9149
-------------------------------------
[Correct Epoch : 8/20]
Recon_correct	: 22.8850
-------------------------------------
[Correct Epoch : 9/20]
Recon_correct	: 22.8669
-------------------------------------
[Correct Epoch : 10/20]
Recon_correct	: 22.8394
-------------------------------------
[Correct Epoch : 11/20]
Recon_correct	: 22.8115
-------------------------------------
[Correct Epoch : 12/20]
Recon_correct	: 22.7899
-------------------------------------
[Correct Epoch : 13/20]
Recon_correct	: 22.7596
-------------------------------------
[Correct Epoch : 14/20]
Recon_correct	: 22.7349
-------------------------------------
[Correct Epoch : 15/20]
Recon_correct	: 22.7086
-------------------------------------
[Correct Epoch : 16/20]
Recon_correct	: 22.6709
-------------------------------------
[Correct Epoch : 17/20]
Recon_correct	: 22.6471
-------------------------------------
[Correct Epoch : 18/20]
Recon_correct	: 22.6186
-------------------------------------
[Correct Epoch : 19/20]
Recon_correct	: 22.5881
-------------------------------------
[Correct Epoch : 20/20]
Recon_correct	: 22.5513
-------------------------------------
/mnt/data/home/tp2474/OpenSet-AdaTime/trainers/abstract_trainer.py:331: FutureWarning: The behavior of DataFrame concatenation with empty or all-NA entries is deprecated. In a future version, this will no longer exclude empty or all-NA columns when determining the result dtypes. To retain the old behavior, exclude the relevant entries before the concat operation.
  table = pd.concat([table, results_df], ignore_index=True)
H_score: 0.0585, OS* (acc_c): 0.1104, UNK (acc_p): 0.0398, acc_mix: 0.0919, F1: 0.1421
Uploading logs from: /mnt/data/home/tp2474/OpenSet-AdaTime/experiments_logs/curriculum/MHEALTH to RealWorld_UniDA_hard_n3_fno_mean/RAINCOAT_UniDA_hard_n3_fno_mean/MHEALTH_to_RealWorld_run_0
🏃 View run RAINCOAT_run_0 at: http://127.0.0.1:5001/#/experiments/814425868998510608/runs/03513cf97d214b06b64ab49354e5b54b
🧪 View experiment at: http://127.0.0.1:5001/#/experiments/814425868998510608
=============================================
Dataset: MHEALTH to RealWorld_UniDA_hard_n3_fno_mean
Method:  RAINCOAT
=============================================
Source: MHEALTH ---> Target: RealWorld
Run ID: 1
=============================================
[Align Epoch : 1/20]
Src_cls_loss	: 0.9250
Sink	: 0.8022
Recon	: 24.0499
-------------------------------------
[Align Epoch : 2/20]
Src_cls_loss	: 0.6404
Sink	: 0.7567
Recon	: 23.9669
-------------------------------------
[Align Epoch : 3/20]
Src_cls_loss	: 0.4918
Sink	: 0.7187
Recon	: 23.9898
-------------------------------------
[Align Epoch : 4/20]
Src_cls_loss	: 0.4024
Sink	: 0.6862
Recon	: 23.9378
-------------------------------------
[Align Epoch : 5/20]
Src_cls_loss	: 0.3434
Sink	: 0.6603
Recon	: 23.8925
-------------------------------------
[Align Epoch : 6/20]
Src_cls_loss	: 0.3005
Sink	: 0.6341
Recon	: 23.8478
-------------------------------------
[Align Epoch : 7/20]
Src_cls_loss	: 0.2679
Sink	: 0.6096
Recon	: 23.8276
-------------------------------------
[Align Epoch : 8/20]
Src_cls_loss	: 0.2419
Sink	: 0.5866
Recon	: 23.8005
-------------------------------------
[Align Epoch : 9/20]
Src_cls_loss	: 0.2213
Sink	: 0.5650
Recon	: 23.7911
-------------------------------------
[Align Epoch : 10/20]
Src_cls_loss	: 0.2041
Sink	: 0.5459
Recon	: 23.7736
-------------------------------------
[Align Epoch : 11/20]
Src_cls_loss	: 0.1896
Sink	: 0.5281
Recon	: 23.7620
-------------------------------------
[Align Epoch : 12/20]
Src_cls_loss	: 0.1776
Sink	: 0.5126
Recon	: 23.7430
-------------------------------------
[Align Epoch : 13/20]
Src_cls_loss	: 0.1673
Sink	: 0.4980
Recon	: 23.7305
-------------------------------------
[Align Epoch : 14/20]
Src_cls_loss	: 0.1580
Sink	: 0.4843
Recon	: 23.7180
-------------------------------------
[Align Epoch : 15/20]
Src_cls_loss	: 0.1497
Sink	: 0.4710
Recon	: 23.6922
-------------------------------------
[Align Epoch : 16/20]
Src_cls_loss	: 0.1425
Sink	: 0.4593
Recon	: 23.6800
-------------------------------------
[Align Epoch : 17/20]
Src_cls_loss	: 0.1358
Sink	: 0.4475
Recon	: 23.6604
-------------------------------------
[Align Epoch : 18/20]
Src_cls_loss	: 0.1300
Sink	: 0.4364
Recon	: 23.6481
-------------------------------------
[Align Epoch : 19/20]
Src_cls_loss	: 0.1249
Sink	: 0.4261
Recon	: 23.6266
-------------------------------------
[Align Epoch : 20/20]
Src_cls_loss	: 0.1203
Sink	: 0.4163
Recon	: 23.6140
-------------------------------------
[Correct Epoch : 1/20]
Recon_correct	: 23.1130
-------------------------------------
[Correct Epoch : 2/20]
Recon_correct	: 23.0326
-------------------------------------
[Correct Epoch : 3/20]
Recon_correct	: 23.0727
-------------------------------------
[Correct Epoch : 4/20]
Recon_correct	: 23.0441
-------------------------------------
[Correct Epoch : 5/20]
Recon_correct	: 23.0078
-------------------------------------
[Correct Epoch : 6/20]
Recon_correct	: 22.9929
-------------------------------------
[Correct Epoch : 7/20]
Recon_correct	: 22.9588
-------------------------------------
[Correct Epoch : 8/20]
Recon_correct	: 22.9086
-------------------------------------
[Correct Epoch : 9/20]
Recon_correct	: 22.8660
-------------------------------------
[Correct Epoch : 10/20]
Recon_correct	: 22.8416
-------------------------------------
[Correct Epoch : 11/20]
Recon_correct	: 22.8115
-------------------------------------
[Correct Epoch : 12/20]
Recon_correct	: 22.7819
-------------------------------------
[Correct Epoch : 13/20]
Recon_correct	: 22.7457
-------------------------------------
[Correct Epoch : 14/20]
Recon_correct	: 22.7075
-------------------------------------
[Correct Epoch : 15/20]
Recon_correct	: 22.6571
-------------------------------------
[Correct Epoch : 16/20]
Recon_correct	: 22.6223
-------------------------------------
[Correct Epoch : 17/20]
Recon_correct	: 22.5982
-------------------------------------
[Correct Epoch : 18/20]
Recon_correct	: 22.5655
-------------------------------------
[Correct Epoch : 19/20]
Recon_correct	: 22.5300
-------------------------------------
[Correct Epoch : 20/20]
Recon_correct	: 22.4944
-------------------------------------
H_score: 0.1570, OS* (acc_c): 0.1188, UNK (acc_p): 0.2317, acc_mix: 0.1483, F1: 0.1444
Uploading logs from: /mnt/data/home/tp2474/OpenSet-AdaTime/experiments_logs/curriculum/MHEALTH to RealWorld_UniDA_hard_n3_fno_mean/RAINCOAT_UniDA_hard_n3_fno_mean/MHEALTH_to_RealWorld_run_1
🏃 View run RAINCOAT_run_1 at: http://127.0.0.1:5001/#/experiments/814425868998510608/runs/58a6734d544d468db061310328e81f31
🧪 View experiment at: http://127.0.0.1:5001/#/experiments/814425868998510608
=============================================
Dataset: MHEALTH to RealWorld_UniDA_hard_n3_fno_mean
Method:  RAINCOAT
=============================================
Source: MHEALTH ---> Target: RealWorld
Run ID: 2
=============================================
[Align Epoch : 1/20]
Src_cls_loss	: 0.9670
Sink	: 0.7949
Recon	: 23.9297
-------------------------------------
[Align Epoch : 2/20]
Src_cls_loss	: 0.6778
Sink	: 0.7530
Recon	: 23.9519
-------------------------------------
[Align Epoch : 3/20]
Src_cls_loss	: 0.5182
Sink	: 0.7284
Recon	: 23.9419
-------------------------------------
[Align Epoch : 4/20]
Src_cls_loss	: 0.4227
Sink	: 0.7010
Recon	: 23.9027
-------------------------------------
[Align Epoch : 5/20]
Src_cls_loss	: 0.3600
Sink	: 0.6746
Recon	: 23.8822
-------------------------------------
[Align Epoch : 6/20]
Src_cls_loss	: 0.3148
Sink	: 0.6505
Recon	: 23.8682
-------------------------------------
[Align Epoch : 7/20]
Src_cls_loss	: 0.2799
Sink	: 0.6287
Recon	: 23.8551
-------------------------------------
[Align Epoch : 8/20]
Src_cls_loss	: 0.2520
Sink	: 0.6089
Recon	: 23.8442
-------------------------------------
[Align Epoch : 9/20]
Src_cls_loss	: 0.2299
Sink	: 0.5888
Recon	: 23.8198
-------------------------------------
[Align Epoch : 10/20]
Src_cls_loss	: 0.2118
Sink	: 0.5702
Recon	: 23.8314
-------------------------------------
[Align Epoch : 11/20]
Src_cls_loss	: 0.1964
Sink	: 0.5533
Recon	: 23.8297
-------------------------------------
[Align Epoch : 12/20]
Src_cls_loss	: 0.1832
Sink	: 0.5367
Recon	: 23.8148
-------------------------------------
[Align Epoch : 13/20]
Src_cls_loss	: 0.1720
Sink	: 0.5216
Recon	: 23.8126
-------------------------------------
[Align Epoch : 14/20]
Src_cls_loss	: 0.1632
Sink	: 0.5090
Recon	: 23.7979
-------------------------------------
[Align Epoch : 15/20]
Src_cls_loss	: 0.1552
Sink	: 0.4970
Recon	: 23.7765
-------------------------------------
[Align Epoch : 16/20]
Src_cls_loss	: 0.1478
Sink	: 0.4850
Recon	: 23.7530
-------------------------------------
[Align Epoch : 17/20]
Src_cls_loss	: 0.1411
Sink	: 0.4737
Recon	: 23.7318
-------------------------------------
[Align Epoch : 18/20]
Src_cls_loss	: 0.1353
Sink	: 0.4624
Recon	: 23.7161
-------------------------------------
[Align Epoch : 19/20]
Src_cls_loss	: 0.1304
Sink	: 0.4517
Recon	: 23.6941
-------------------------------------
[Align Epoch : 20/20]
Src_cls_loss	: 0.1255
Sink	: 0.4418
Recon	: 23.6749
-------------------------------------
[Correct Epoch : 1/20]
Recon_correct	: 22.9657
-------------------------------------
[Correct Epoch : 2/20]
Recon_correct	: 23.0388
-------------------------------------
[Correct Epoch : 3/20]
Recon_correct	: 22.9728
-------------------------------------
[Correct Epoch : 4/20]
Recon_correct	: 22.9332
-------------------------------------
[Correct Epoch : 5/20]
Recon_correct	: 22.8954
-------------------------------------
[Correct Epoch : 6/20]
Recon_correct	: 22.8787
-------------------------------------
[Correct Epoch : 7/20]
Recon_correct	: 22.8684
-------------------------------------
[Correct Epoch : 8/20]
Recon_correct	: 22.8451
-------------------------------------
[Correct Epoch : 9/20]
Recon_correct	: 22.8093
-------------------------------------
[Correct Epoch : 10/20]
Recon_correct	: 22.7676
-------------------------------------
[Correct Epoch : 11/20]
Recon_correct	: 22.7190
-------------------------------------
[Correct Epoch : 12/20]
Recon_correct	: 22.6802
-------------------------------------
[Correct Epoch : 13/20]
Recon_correct	: 22.6435
-------------------------------------
[Correct Epoch : 14/20]
Recon_correct	: 22.6131
-------------------------------------
[Correct Epoch : 15/20]
Recon_correct	: 22.5889
-------------------------------------
[Correct Epoch : 16/20]
Recon_correct	: 22.5615
-------------------------------------
[Correct Epoch : 17/20]
Recon_correct	: 22.5315
-------------------------------------
[Correct Epoch : 18/20]
Recon_correct	: 22.5023
-------------------------------------
[Correct Epoch : 19/20]
Recon_correct	: 22.4667
-------------------------------------
[Correct Epoch : 20/20]
Recon_correct	: 22.4338
-------------------------------------
H_score: 0.0866, OS* (acc_c): 0.1925, UNK (acc_p): 0.0559, acc_mix: 0.1567, F1: 0.1995
Uploading logs from: /mnt/data/home/tp2474/OpenSet-AdaTime/experiments_logs/curriculum/MHEALTH to RealWorld_UniDA_hard_n3_fno_mean/RAINCOAT_UniDA_hard_n3_fno_mean/MHEALTH_to_RealWorld_run_2
🏃 View run RAINCOAT_run_2 at: http://127.0.0.1:5001/#/experiments/814425868998510608/runs/641cb7925e7a437d9b5cbb684eda3045
🧪 View experiment at: http://127.0.0.1:5001/#/experiments/814425868998510608
=============================================
Dataset: MHEALTH to RealWorld_UniDA_hard_n3_fno_mean
Method:  RAINCOAT
=============================================
Source: MHEALTH ---> Target: RealWorld
Run ID: 3
=============================================
[Align Epoch : 1/20]
Src_cls_loss	: 0.9626
Sink	: 0.7785
Recon	: 23.9261
-------------------------------------
[Align Epoch : 2/20]
Src_cls_loss	: 0.6811
Sink	: 0.7403
Recon	: 23.9215
-------------------------------------
[Align Epoch : 3/20]
Src_cls_loss	: 0.5307
Sink	: 0.7029
Recon	: 23.9036
-------------------------------------
[Align Epoch : 4/20]
Src_cls_loss	: 0.4339
Sink	: 0.6721
Recon	: 23.8655
-------------------------------------
[Align Epoch : 5/20]
Src_cls_loss	: 0.3696
Sink	: 0.6439
Recon	: 23.8318
-------------------------------------
[Align Epoch : 6/20]
Src_cls_loss	: 0.3221
Sink	: 0.6195
Recon	: 23.8383
-------------------------------------
[Align Epoch : 7/20]
Src_cls_loss	: 0.2876
Sink	: 0.5983
Recon	: 23.8277
-------------------------------------
[Align Epoch : 8/20]
Src_cls_loss	: 0.2602
Sink	: 0.5777
Recon	: 23.7923
-------------------------------------
[Align Epoch : 9/20]
Src_cls_loss	: 0.2383
Sink	: 0.5587
Recon	: 23.7708
-------------------------------------
[Align Epoch : 10/20]
Src_cls_loss	: 0.2200
Sink	: 0.5408
Recon	: 23.7475
-------------------------------------
[Align Epoch : 11/20]
Src_cls_loss	: 0.2040
Sink	: 0.5239
Recon	: 23.7329
-------------------------------------
[Align Epoch : 12/20]
Src_cls_loss	: 0.1904
Sink	: 0.5079
Recon	: 23.7034
-------------------------------------
[Align Epoch : 13/20]
Src_cls_loss	: 0.1786
Sink	: 0.4927
Recon	: 23.6728
-------------------------------------
[Align Epoch : 14/20]
Src_cls_loss	: 0.1689
Sink	: 0.4794
Recon	: 23.6438
-------------------------------------
[Align Epoch : 15/20]
Src_cls_loss	: 0.1599
Sink	: 0.4659
Recon	: 23.6273
-------------------------------------
[Align Epoch : 16/20]
Src_cls_loss	: 0.1518
Sink	: 0.4531
Recon	: 23.6095
-------------------------------------
[Align Epoch : 17/20]
Src_cls_loss	: 0.1449
Sink	: 0.4410
Recon	: 23.5788
-------------------------------------
[Align Epoch : 18/20]
Src_cls_loss	: 0.1385
Sink	: 0.4294
Recon	: 23.5557
-------------------------------------
[Align Epoch : 19/20]
Src_cls_loss	: 0.1327
Sink	: 0.4185
Recon	: 23.5313
-------------------------------------
[Align Epoch : 20/20]
Src_cls_loss	: 0.1277
Sink	: 0.4082
Recon	: 23.5032
-------------------------------------
[Correct Epoch : 1/20]
Recon_correct	: 22.9114
-------------------------------------
[Correct Epoch : 2/20]
Recon_correct	: 22.9436
-------------------------------------
[Correct Epoch : 3/20]
Recon_correct	: 22.9280
-------------------------------------
[Correct Epoch : 4/20]
Recon_correct	: 22.9017
-------------------------------------
[Correct Epoch : 5/20]
Recon_correct	: 22.8968
-------------------------------------
[Correct Epoch : 6/20]
Recon_correct	: 22.8830
-------------------------------------
[Correct Epoch : 7/20]
Recon_correct	: 22.8521
-------------------------------------
[Correct Epoch : 8/20]
Recon_correct	: 22.8096
-------------------------------------
[Correct Epoch : 9/20]
Recon_correct	: 22.7709
-------------------------------------
[Correct Epoch : 10/20]
Recon_correct	: 22.7487
-------------------------------------
[Correct Epoch : 11/20]
Recon_correct	: 22.7140
-------------------------------------
[Correct Epoch : 12/20]
Recon_correct	: 22.6791
-------------------------------------
[Correct Epoch : 13/20]
Recon_correct	: 22.6472
-------------------------------------
[Correct Epoch : 14/20]
Recon_correct	: 22.6134
-------------------------------------
[Correct Epoch : 15/20]
Recon_correct	: 22.5888
-------------------------------------
[Correct Epoch : 16/20]
Recon_correct	: 22.5565
-------------------------------------
[Correct Epoch : 17/20]
Recon_correct	: 22.5279
-------------------------------------
[Correct Epoch : 18/20]
Recon_correct	: 22.5031
-------------------------------------
[Correct Epoch : 19/20]
Recon_correct	: 22.4671
-------------------------------------
[Correct Epoch : 20/20]
Recon_correct	: 22.4400
-------------------------------------
H_score: 0.0967, OS* (acc_c): 0.1116, UNK (acc_p): 0.0852, acc_mix: 0.1047, F1: 0.1514
Uploading logs from: /mnt/data/home/tp2474/OpenSet-AdaTime/experiments_logs/curriculum/MHEALTH to RealWorld_UniDA_hard_n3_fno_mean/RAINCOAT_UniDA_hard_n3_fno_mean/MHEALTH_to_RealWorld_run_3
🏃 View run RAINCOAT_run_3 at: http://127.0.0.1:5001/#/experiments/814425868998510608/runs/7ea04ad15ed54a18a6cd0b37de484843
🧪 View experiment at: http://127.0.0.1:5001/#/experiments/814425868998510608
=============================================
Dataset: MHEALTH to RealWorld_UniDA_hard_n3_fno_mean
Method:  RAINCOAT
=============================================
Source: MHEALTH ---> Target: RealWorld
Run ID: 4
=============================================
[Align Epoch : 1/20]
Src_cls_loss	: 0.9714
Sink	: 0.7879
Recon	: 24.1197
-------------------------------------
[Align Epoch : 2/20]
Src_cls_loss	: 0.6825
Sink	: 0.7383
Recon	: 23.9724
-------------------------------------
[Align Epoch : 3/20]
Src_cls_loss	: 0.5283
Sink	: 0.6961
Recon	: 23.9233
-------------------------------------
[Align Epoch : 4/20]
Src_cls_loss	: 0.4318
Sink	: 0.6607
Recon	: 23.9146
-------------------------------------
[Align Epoch : 5/20]
Src_cls_loss	: 0.3664
Sink	: 0.6307
Recon	: 23.9060
-------------------------------------
[Align Epoch : 6/20]
Src_cls_loss	: 0.3194
Sink	: 0.6029
Recon	: 23.8959
-------------------------------------
[Align Epoch : 7/20]
Src_cls_loss	: 0.2837
Sink	: 0.5784
Recon	: 23.8864
-------------------------------------
[Align Epoch : 8/20]
Src_cls_loss	: 0.2555
Sink	: 0.5566
Recon	: 23.8627
-------------------------------------
[Align Epoch : 9/20]
Src_cls_loss	: 0.2336
Sink	: 0.5372
Recon	: 23.8590
-------------------------------------
[Align Epoch : 10/20]
Src_cls_loss	: 0.2155
Sink	: 0.5183
Recon	: 23.8304
-------------------------------------
[Align Epoch : 11/20]
Src_cls_loss	: 0.2009
Sink	: 0.5025
Recon	: 23.7959
-------------------------------------
[Align Epoch : 12/20]
Src_cls_loss	: 0.1876
Sink	: 0.4877
Recon	: 23.7757
-------------------------------------
[Align Epoch : 13/20]
Src_cls_loss	: 0.1764
Sink	: 0.4731
Recon	: 23.7631
-------------------------------------
[Align Epoch : 14/20]
Src_cls_loss	: 0.1667
Sink	: 0.4589
Recon	: 23.7377
-------------------------------------
[Align Epoch : 15/20]
Src_cls_loss	: 0.1584
Sink	: 0.4464
Recon	: 23.7078
-------------------------------------
[Align Epoch : 16/20]
Src_cls_loss	: 0.1509
Sink	: 0.4351
Recon	: 23.6774
-------------------------------------
[Align Epoch : 17/20]
Src_cls_loss	: 0.1446
Sink	: 0.4244
Recon	: 23.6486
-------------------------------------
[Align Epoch : 18/20]
Src_cls_loss	: 0.1389
Sink	: 0.4155
Recon	: 23.6293
-------------------------------------
[Align Epoch : 19/20]
Src_cls_loss	: 0.1336
Sink	: 0.4058
Recon	: 23.6028
-------------------------------------
[Align Epoch : 20/20]
Src_cls_loss	: 0.1285
Sink	: 0.3963
Recon	: 23.5937
-------------------------------------
[Correct Epoch : 1/20]
Recon_correct	: 23.0096
-------------------------------------
[Correct Epoch : 2/20]
Recon_correct	: 23.0267
-------------------------------------
[Correct Epoch : 3/20]
Recon_correct	: 23.0016
-------------------------------------
[Correct Epoch : 4/20]
Recon_correct	: 22.9287
-------------------------------------
[Correct Epoch : 5/20]
Recon_correct	: 22.8998
-------------------------------------
[Correct Epoch : 6/20]
Recon_correct	: 22.8468
-------------------------------------
[Correct Epoch : 7/20]
Recon_correct	: 22.7989
-------------------------------------
[Correct Epoch : 8/20]
Recon_correct	: 22.7802
-------------------------------------
[Correct Epoch : 9/20]
Recon_correct	: 22.7506
-------------------------------------
[Correct Epoch : 10/20]
Recon_correct	: 22.7283
-------------------------------------
[Correct Epoch : 11/20]
Recon_correct	: 22.7026
-------------------------------------
[Correct Epoch : 12/20]
Recon_correct	: 22.6640
-------------------------------------
[Correct Epoch : 13/20]
Recon_correct	: 22.6343
-------------------------------------
[Correct Epoch : 14/20]
Recon_correct	: 22.6003
-------------------------------------
[Correct Epoch : 15/20]
Recon_correct	: 22.5804
-------------------------------------
[Correct Epoch : 16/20]
Recon_correct	: 22.5475
-------------------------------------
[Correct Epoch : 17/20]
Recon_correct	: 22.5152
-------------------------------------
[Correct Epoch : 18/20]
Recon_correct	: 22.4948
-------------------------------------
[Correct Epoch : 19/20]
Recon_correct	: 22.4619
-------------------------------------
[Correct Epoch : 20/20]
Recon_correct	: 22.4384
-------------------------------------
H_score: 0.1739, OS* (acc_c): 0.3248, UNK (acc_p): 0.1187, acc_mix: 0.2709, F1: 0.2474
Uploading logs from: /mnt/data/home/tp2474/OpenSet-AdaTime/experiments_logs/curriculum/MHEALTH to RealWorld_UniDA_hard_n3_fno_mean/RAINCOAT_UniDA_hard_n3_fno_mean/MHEALTH_to_RealWorld_run_4
🏃 View run RAINCOAT_run_4 at: http://127.0.0.1:5001/#/experiments/814425868998510608/runs/696f929e24f143f893bee780281049a6
🧪 View experiment at: http://127.0.0.1:5001/#/experiments/814425868998510608
==================== [n3 fno_mean] UniOT ====================
[curriculum] scenario=UniDA  strategy=hard  n_unknown=3  rank_variant=fno_mean
[curriculum] source mapping (7 classes): {'Lying down': 'lying', 'Sitting and relaxing': 'sitting', 'Walking': 'walking', 'Running': 'running', 'Climbing stairs': 'Climbing stairs', 'Frontal elevation of arms': 'Frontal elevation of arms', 'Jump front & back': 'Jump front & back'}
[curriculum] target mapping (7 classes): {'lying': 'lying', 'sitting': 'sitting', 'walking': 'walking', 'running': 'running', 'climbingup': 'climbingup', 'jumping': 'jumping', 'climbingdown': 'climbingdown'}
[curriculum] unknowns added (in hard order): src=[Climbing stairs,Frontal elevation of arms,Jump front & back] | trg=[climbingup,jumping,climbingdown]
[scenario] UniOT -> UniDA (uniDA=True)
Unlabeled data shape:  (35510, 150, 18)
Unlabelled Combined shape: (60884, 150, 18)

--- Dataloader Size Check ---
Source Train batches:   58
Target Train batches:   1109
-------------------------------

Private classes:  tensor([7., 8., 9.])
=============================================
Dataset: MHEALTH to RealWorld_UniDA_hard_n3_fno_mean
Method:  UniOT
=============================================
Source: MHEALTH ---> Target: RealWorld
Run ID: 0
=============================================
[Pr Epoch : 1/20]
Pr_Src_cls_loss	: 0.2737
-------------------------------------
[Pr Epoch : 2/20]
Pr_Src_cls_loss	: 0.1486
-------------------------------------
[Pr Epoch : 3/20]
Pr_Src_cls_loss	: 0.1121
-------------------------------------
[Pr Epoch : 4/20]
Pr_Src_cls_loss	: 0.0865
-------------------------------------
[Pr Epoch : 5/20]
Pr_Src_cls_loss	: 0.0741
-------------------------------------
[Pr Epoch : 6/20]
Pr_Src_cls_loss	: 0.0669
-------------------------------------
[Pr Epoch : 7/20]
Pr_Src_cls_loss	: 0.0576
-------------------------------------
[Pr Epoch : 8/20]
Pr_Src_cls_loss	: 0.0529
-------------------------------------
[Pr Epoch : 9/20]
Pr_Src_cls_loss	: 0.0516
-------------------------------------
[Pr Epoch : 10/20]
Pr_Src_cls_loss	: 0.0483
-------------------------------------
[Pr Epoch : 11/20]
Pr_Src_cls_loss	: 0.0442
-------------------------------------
[Pr Epoch : 12/20]
Pr_Src_cls_loss	: 0.0406
-------------------------------------
[Pr Epoch : 13/20]
Pr_Src_cls_loss	: 0.0375
-------------------------------------
[Pr Epoch : 14/20]
Pr_Src_cls_loss	: 0.0349
-------------------------------------
[Pr Epoch : 15/20]
Pr_Src_cls_loss	: 0.0326
-------------------------------------
[Pr Epoch : 16/20]
Pr_Src_cls_loss	: 0.0305
-------------------------------------
[Pr Epoch : 17/20]
Pr_Src_cls_loss	: 0.0287
-------------------------------------
[Pr Epoch : 18/20]
Pr_Src_cls_loss	: 0.0292
-------------------------------------
[Pr Epoch : 19/20]
Pr_Src_cls_loss	: 0.0294
-------------------------------------
[Pr Epoch : 20/20]
Pr_Src_cls_loss	: 0.0280
-------------------------------------
/mnt/data/home/tp2474/OpenSet-AdaTime/algorithms/algorithms.py:1401: UserWarning: Implicit dimension choice for log_softmax has been deprecated. Change the call to include dim=X as an argument.
  sub_loss_local += -torch.sum(neighbor_Q[i, :] * F.log_softmax(after_cluhead_t[i, :]))
/mnt/data/home/tp2474/OpenSet-AdaTime/algorithms/algorithms.py:1402: UserWarning: Implicit dimension choice for log_softmax has been deprecated. Change the call to include dim=X as an argument.
  sub_loss_local += -torch.sum(anchor_Q[i, :] * F.log_softmax(neighbor_output[i, :]))
[Epoch : 1/20]
Pr_Src_cls_loss	: 0.0280
Total_loss	: 0.0207
loss_cls	: 0.0182
loss_PCD	: 3.8934
loss_CCD	: 0.0073
-------------------------------------
[Epoch : 2/20]
Pr_Src_cls_loss	: 0.0280
Total_loss	: 0.0134
loss_cls	: 0.0117
loss_PCD	: 3.8524
loss_CCD	: 0.0048
-------------------------------------
[Epoch : 3/20]
Pr_Src_cls_loss	: 0.0280
Total_loss	: 0.0136
loss_cls	: 0.0123
loss_PCD	: 3.7615
loss_CCD	: 0.0037
-------------------------------------
[Epoch : 4/20]
Pr_Src_cls_loss	: 0.0280
Total_loss	: 0.0133
loss_cls	: 0.0122
loss_PCD	: 3.7024
loss_CCD	: 0.0031
-------------------------------------
[Epoch : 5/20]
Pr_Src_cls_loss	: 0.0280
Total_loss	: 0.0194
loss_cls	: 0.0182
loss_PCD	: 3.6628
loss_CCD	: 0.0033
-------------------------------------
[Epoch : 6/20]
Pr_Src_cls_loss	: 0.0280
Total_loss	: 0.0239
loss_cls	: 0.0228
loss_PCD	: 3.6492
loss_CCD	: 0.0031
-------------------------------------
[Epoch : 7/20]
Pr_Src_cls_loss	: 0.0280
Total_loss	: 0.0212
loss_cls	: 0.0202
loss_PCD	: 3.6549
loss_CCD	: 0.0028
-------------------------------------
[Epoch : 8/20]
Pr_Src_cls_loss	: 0.0280
Total_loss	: 0.0190
loss_cls	: 0.0180
loss_PCD	: 3.6626
loss_CCD	: 0.0026
-------------------------------------
[Epoch : 9/20]
Pr_Src_cls_loss	: 0.0280
Total_loss	: 0.0178
loss_cls	: 0.0170
loss_PCD	: 3.6717
loss_CCD	: 0.0024
Src_cls_loss	: 0.0000
-------------------------------------
/home/tp2474/miniconda3/envs/myenv/lib/python3.9/site-packages/ot/backend.py:1203: RuntimeWarning: overflow encountered in exp
  return np.exp(a)
/home/tp2474/miniconda3/envs/myenv/lib/python3.9/site-packages/ot/unbalanced/_sinkhorn.py:770: UserWarning: Numerical errors at iteration 0
  warnings.warn("Numerical errors at iteration %s" % i)
[Epoch : 10/20]
Pr_Src_cls_loss	: 0.0280
Total_loss	: 0.0183
loss_cls	: 0.0175
loss_PCD	: 3.6681
loss_CCD	: 0.0022
Src_cls_loss	: 0.0000
-------------------------------------
[Epoch : 11/20]
Pr_Src_cls_loss	: 0.0280
Total_loss	: 0.0186
loss_cls	: 0.0179
loss_PCD	: 3.6778
loss_CCD	: 0.0020
Src_cls_loss	: 0.0000
-------------------------------------
[Epoch : 12/20]
Pr_Src_cls_loss	: 0.0280
Total_loss	: 0.0171
loss_cls	: 0.0165
loss_PCD	: 3.6831
loss_CCD	: 0.0018
Src_cls_loss	: 0.0000
-------------------------------------
[Epoch : 13/20]
Pr_Src_cls_loss	: 0.0280
Total_loss	: 0.0158
loss_cls	: 0.0152
loss_PCD	: 3.6874
loss_CCD	: 0.0017
Src_cls_loss	: 0.0000
-------------------------------------
[Epoch : 14/20]
Pr_Src_cls_loss	: 0.0280
Total_loss	: 0.0149
loss_cls	: 0.0144
loss_PCD	: 3.6904
loss_CCD	: 0.0015
Src_cls_loss	: 0.0000
-------------------------------------
[Epoch : 15/20]
Pr_Src_cls_loss	: 0.0280
Total_loss	: 0.0143
loss_cls	: 0.0138
loss_PCD	: 3.6870
loss_CCD	: 0.0014
Src_cls_loss	: 0.0000
-------------------------------------
[Epoch : 16/20]
Pr_Src_cls_loss	: 0.0280
Total_loss	: 0.0135
loss_cls	: 0.0130
loss_PCD	: 3.6826
loss_CCD	: 0.0013
Src_cls_loss	: 0.0000
-------------------------------------
[Epoch : 17/20]
Pr_Src_cls_loss	: 0.0280
Total_loss	: 0.0136
loss_cls	: 0.0132
loss_PCD	: 3.6823
loss_CCD	: 0.0013
Src_cls_loss	: 0.0000
-------------------------------------
[Epoch : 18/20]
Pr_Src_cls_loss	: 0.0280
Total_loss	: 0.0130
loss_cls	: 0.0126
loss_PCD	: 3.6905
loss_CCD	: 0.0012
Src_cls_loss	: 0.0000
-------------------------------------
[Epoch : 19/20]
Pr_Src_cls_loss	: 0.0280
Total_loss	: 0.0123
loss_cls	: 0.0119
loss_PCD	: 3.6955
loss_CCD	: 0.0011
Src_cls_loss	: 0.0000
-------------------------------------
[Epoch : 20/20]
Pr_Src_cls_loss	: 0.0280
Total_loss	: 0.0118
loss_cls	: 0.0114
loss_PCD	: 3.6979
loss_CCD	: 0.0011
Src_cls_loss	: 0.0000
-------------------------------------
/mnt/data/home/tp2474/OpenSet-AdaTime/trainers/abstract_trainer.py:331: FutureWarning: The behavior of DataFrame concatenation with empty or all-NA entries is deprecated. In a future version, this will no longer exclude empty or all-NA columns when determining the result dtypes. To retain the old behavior, exclude the relevant entries before the concat operation.
  table = pd.concat([table, results_df], ignore_index=True)
H_score: 0.0000, OS* (acc_c): 0.0000, UNK (acc_p): 1.0000, acc_mix: 0.2616, F1: 0.1085
Uploading logs from: /mnt/data/home/tp2474/OpenSet-AdaTime/experiments_logs/curriculum/MHEALTH to RealWorld_UniDA_hard_n3_fno_mean/UniOT_UniDA_hard_n3_fno_mean/MHEALTH_to_RealWorld_run_0
🏃 View run UniOT_run_0 at: http://127.0.0.1:5001/#/experiments/814425868998510608/runs/188843d1d7544e7884e6651eb6fa3cac
🧪 View experiment at: http://127.0.0.1:5001/#/experiments/814425868998510608
=============================================
Dataset: MHEALTH to RealWorld_UniDA_hard_n3_fno_mean
Method:  UniOT
=============================================
Source: MHEALTH ---> Target: RealWorld
Run ID: 1
=============================================
[Pr Epoch : 1/20]
Pr_Src_cls_loss	: 0.3894
-------------------------------------
[Pr Epoch : 2/20]
Pr_Src_cls_loss	: 0.2112
-------------------------------------
[Pr Epoch : 3/20]
Pr_Src_cls_loss	: 0.1480
-------------------------------------
[Pr Epoch : 4/20]
Pr_Src_cls_loss	: 0.1168
-------------------------------------
[Pr Epoch : 5/20]
Pr_Src_cls_loss	: 0.0944
-------------------------------------
[Pr Epoch : 6/20]
Pr_Src_cls_loss	: 0.0790
-------------------------------------
[Pr Epoch : 7/20]
Pr_Src_cls_loss	: 0.0687
-------------------------------------
[Pr Epoch : 8/20]
Pr_Src_cls_loss	: 0.0649
-------------------------------------
[Pr Epoch : 9/20]
Pr_Src_cls_loss	: 0.0594
-------------------------------------
[Pr Epoch : 10/20]
Pr_Src_cls_loss	: 0.0559
-------------------------------------
[Pr Epoch : 11/20]
Pr_Src_cls_loss	: 0.0534
-------------------------------------
[Pr Epoch : 12/20]
Pr_Src_cls_loss	: 0.0498
-------------------------------------
[Pr Epoch : 13/20]
Pr_Src_cls_loss	: 0.0463
-------------------------------------
[Pr Epoch : 14/20]
Pr_Src_cls_loss	: 0.0435
-------------------------------------
[Pr Epoch : 15/20]
Pr_Src_cls_loss	: 0.0407
-------------------------------------
[Pr Epoch : 16/20]
Pr_Src_cls_loss	: 0.0382
-------------------------------------
[Pr Epoch : 17/20]
Pr_Src_cls_loss	: 0.0362
-------------------------------------
[Pr Epoch : 18/20]
Pr_Src_cls_loss	: 0.0344
-------------------------------------
[Pr Epoch : 19/20]
Pr_Src_cls_loss	: 0.0327
-------------------------------------
[Pr Epoch : 20/20]
Pr_Src_cls_loss	: 0.0318
-------------------------------------
[Epoch : 1/20]
Pr_Src_cls_loss	: 0.0318
Total_loss	: 0.0166
loss_cls	: 0.0164
loss_PCD	: 3.6631
loss_CCD	: 0.0007
-------------------------------------
[Epoch : 2/20]
Pr_Src_cls_loss	: 0.0318
Total_loss	: 0.0275
loss_cls	: 0.0273
loss_PCD	: 3.6497
loss_CCD	: 0.0007
-------------------------------------
[Epoch : 3/20]
Pr_Src_cls_loss	: 0.0318
Total_loss	: 0.0244
loss_cls	: 0.0241
loss_PCD	: 3.7394
loss_CCD	: 0.0010
-------------------------------------
[Epoch : 4/20]
Pr_Src_cls_loss	: 0.0318
Total_loss	: 0.0204
loss_cls	: 0.0200
loss_PCD	: 3.7676
loss_CCD	: 0.0010
-------------------------------------
[Epoch : 5/20]
Pr_Src_cls_loss	: 0.0318
Total_loss	: 0.0173
loss_cls	: 0.0170
loss_PCD	: 3.7531
loss_CCD	: 0.0009
-------------------------------------
[Epoch : 6/20]
Pr_Src_cls_loss	: 0.0318
Total_loss	: 0.0161
loss_cls	: 0.0158
loss_PCD	: 3.7417
loss_CCD	: 0.0008
-------------------------------------
[Epoch : 7/20]
Pr_Src_cls_loss	: 0.0318
Total_loss	: 0.0184
loss_cls	: 0.0181
loss_PCD	: 3.7573
loss_CCD	: 0.0008
-------------------------------------
[Epoch : 8/20]
Pr_Src_cls_loss	: 0.0318
Total_loss	: 0.0170
loss_cls	: 0.0167
loss_PCD	: 3.7898
loss_CCD	: 0.0011
-------------------------------------
[Epoch : 9/20]
Pr_Src_cls_loss	: 0.0318
Total_loss	: 0.0152
loss_cls	: 0.0149
loss_PCD	: 3.7907
loss_CCD	: 0.0010
Src_cls_loss	: 0.0000
-------------------------------------
[Epoch : 10/20]
Pr_Src_cls_loss	: 0.0318
Total_loss	: 0.0139
loss_cls	: 0.0136
loss_PCD	: 3.7880
loss_CCD	: 0.0009
Src_cls_loss	: 0.0000
-------------------------------------
[Epoch : 11/20]
Pr_Src_cls_loss	: 0.0318
Total_loss	: 0.0132
loss_cls	: 0.0129
loss_PCD	: 3.7877
loss_CCD	: 0.0009
Src_cls_loss	: 0.0000
-------------------------------------
[Epoch : 12/20]
Pr_Src_cls_loss	: 0.0318
Total_loss	: 0.0122
loss_cls	: 0.0119
loss_PCD	: 3.7851
loss_CCD	: 0.0008
Src_cls_loss	: 0.0000
-------------------------------------
[Epoch : 13/20]
Pr_Src_cls_loss	: 0.0318
Total_loss	: 0.0112
loss_cls	: 0.0110
loss_PCD	: 3.7787
loss_CCD	: 0.0008
Src_cls_loss	: 0.0000
-------------------------------------
[Epoch : 14/20]
Pr_Src_cls_loss	: 0.0318
Total_loss	: 0.0107
loss_cls	: 0.0105
loss_PCD	: 3.7738
loss_CCD	: 0.0008
Src_cls_loss	: 0.0000
-------------------------------------
[Epoch : 15/20]
Pr_Src_cls_loss	: 0.0318
Total_loss	: 0.0103
loss_cls	: 0.0100
loss_PCD	: 3.7577
loss_CCD	: 0.0007
Src_cls_loss	: 0.0000
-------------------------------------
[Epoch : 16/20]
Pr_Src_cls_loss	: 0.0318
Total_loss	: 0.0099
loss_cls	: 0.0097
loss_PCD	: 3.7517
loss_CCD	: 0.0007
Src_cls_loss	: 0.0000
-------------------------------------
[Epoch : 17/20]
Pr_Src_cls_loss	: 0.0318
Total_loss	: 0.0104
loss_cls	: 0.0102
loss_PCD	: 3.7477
loss_CCD	: 0.0007
Src_cls_loss	: 0.0000
-------------------------------------
[Epoch : 18/20]
Pr_Src_cls_loss	: 0.0318
Total_loss	: 0.0113
loss_cls	: 0.0110
loss_PCD	: 3.7334
loss_CCD	: 0.0007
Src_cls_loss	: 0.0000
-------------------------------------
[Epoch : 19/20]
Pr_Src_cls_loss	: 0.0318
Total_loss	: 0.0116
loss_cls	: 0.0114
loss_PCD	: 3.7223
loss_CCD	: 0.0007
Src_cls_loss	: 0.0000
-------------------------------------
[Epoch : 20/20]
Pr_Src_cls_loss	: 0.0318
Total_loss	: 0.0114
loss_cls	: 0.0112
loss_PCD	: 3.7139
loss_CCD	: 0.0007
Src_cls_loss	: 0.0000
-------------------------------------
H_score: 0.3540, OS* (acc_c): 0.2401, UNK (acc_p): 0.6740, acc_mix: 0.3536, F1: 0.2840
Uploading logs from: /mnt/data/home/tp2474/OpenSet-AdaTime/experiments_logs/curriculum/MHEALTH to RealWorld_UniDA_hard_n3_fno_mean/UniOT_UniDA_hard_n3_fno_mean/MHEALTH_to_RealWorld_run_1
🏃 View run UniOT_run_1 at: http://127.0.0.1:5001/#/experiments/814425868998510608/runs/ad7d482670c249dea4b509862a0c74fe
🧪 View experiment at: http://127.0.0.1:5001/#/experiments/814425868998510608
=============================================
Dataset: MHEALTH to RealWorld_UniDA_hard_n3_fno_mean
Method:  UniOT
=============================================
Source: MHEALTH ---> Target: RealWorld
Run ID: 2
=============================================
[Pr Epoch : 1/20]
Pr_Src_cls_loss	: 0.5433
-------------------------------------
[Pr Epoch : 2/20]
Pr_Src_cls_loss	: 0.2850
-------------------------------------
[Pr Epoch : 3/20]
Pr_Src_cls_loss	: 0.2066
-------------------------------------
[Pr Epoch : 4/20]
Pr_Src_cls_loss	: 0.1667
-------------------------------------
[Pr Epoch : 5/20]
Pr_Src_cls_loss	: 0.1359
-------------------------------------
[Pr Epoch : 6/20]
Pr_Src_cls_loss	: 0.1141
-------------------------------------
[Pr Epoch : 7/20]
Pr_Src_cls_loss	: 0.0981
-------------------------------------
[Pr Epoch : 8/20]
Pr_Src_cls_loss	: 0.0862
-------------------------------------
[Pr Epoch : 9/20]
Pr_Src_cls_loss	: 0.0770
-------------------------------------
[Pr Epoch : 10/20]
Pr_Src_cls_loss	: 0.0694
-------------------------------------
[Pr Epoch : 11/20]
Pr_Src_cls_loss	: 0.0632
-------------------------------------
[Pr Epoch : 12/20]
Pr_Src_cls_loss	: 0.0581
-------------------------------------
[Pr Epoch : 13/20]
Pr_Src_cls_loss	: 0.0557
-------------------------------------
[Pr Epoch : 14/20]
Pr_Src_cls_loss	: 0.0561
-------------------------------------
[Pr Epoch : 15/20]
Pr_Src_cls_loss	: 0.0528
-------------------------------------
[Pr Epoch : 16/20]
Pr_Src_cls_loss	: 0.0495
-------------------------------------
[Pr Epoch : 17/20]
Pr_Src_cls_loss	: 0.0469
-------------------------------------
[Pr Epoch : 18/20]
Pr_Src_cls_loss	: 0.0445
-------------------------------------
[Pr Epoch : 19/20]
Pr_Src_cls_loss	: 0.0426
-------------------------------------
[Pr Epoch : 20/20]
Pr_Src_cls_loss	: 0.0405
-------------------------------------
[Epoch : 1/20]
Pr_Src_cls_loss	: 0.0405
Total_loss	: 0.0089
loss_cls	: 0.0079
loss_PCD	: 3.1786
loss_CCD	: 0.0030
-------------------------------------
[Epoch : 2/20]
Pr_Src_cls_loss	: 0.0405
Total_loss	: 0.0177
loss_cls	: 0.0171
loss_PCD	: 3.0766
loss_CCD	: 0.0018
-------------------------------------
[Epoch : 3/20]
Pr_Src_cls_loss	: 0.0405
Total_loss	: 0.0141
loss_cls	: 0.0137
loss_PCD	: 3.0380
loss_CCD	: 0.0013
-------------------------------------
[Epoch : 4/20]
Pr_Src_cls_loss	: 0.0405
Total_loss	: 0.0122
loss_cls	: 0.0118
loss_PCD	: 3.0348
loss_CCD	: 0.0012
-------------------------------------
[Epoch : 5/20]
Pr_Src_cls_loss	: 0.0405
Total_loss	: 0.0099
loss_cls	: 0.0095
loss_PCD	: 3.0412
loss_CCD	: 0.0011
-------------------------------------
[Epoch : 6/20]
Pr_Src_cls_loss	: 0.0405
Total_loss	: 0.0084
loss_cls	: 0.0081
loss_PCD	: 3.0289
loss_CCD	: 0.0009
-------------------------------------
[Epoch : 7/20]
Pr_Src_cls_loss	: 0.0405
Total_loss	: 0.0090
loss_cls	: 0.0087
loss_PCD	: 3.0172
loss_CCD	: 0.0008
-------------------------------------
[Epoch : 8/20]
Pr_Src_cls_loss	: 0.0405
Total_loss	: 0.0195
loss_cls	: 0.0192
loss_PCD	: 3.0311
loss_CCD	: 0.0008
-------------------------------------
[Epoch : 9/20]
Pr_Src_cls_loss	: 0.0405
Total_loss	: 0.0209
loss_cls	: 0.0206
loss_PCD	: 3.0447
loss_CCD	: 0.0009
Src_cls_loss	: 0.0000
-------------------------------------
[Epoch : 10/20]
Pr_Src_cls_loss	: 0.0405
Total_loss	: 0.0216
loss_cls	: 0.0213
loss_PCD	: 3.0740
loss_CCD	: 0.0010
Src_cls_loss	: 0.0000
-------------------------------------
[Epoch : 11/20]
Pr_Src_cls_loss	: 0.0405
Total_loss	: 0.0206
loss_cls	: 0.0202
loss_PCD	: 3.0993
loss_CCD	: 0.0010
Src_cls_loss	: 0.0000
-------------------------------------
[Epoch : 12/20]
Pr_Src_cls_loss	: 0.0405
Total_loss	: 0.0191
loss_cls	: 0.0187
loss_PCD	: 3.1187
loss_CCD	: 0.0010
Src_cls_loss	: 0.0000
-------------------------------------
[Epoch : 13/20]
Pr_Src_cls_loss	: 0.0405
Total_loss	: 0.0179
loss_cls	: 0.0176
loss_PCD	: 3.1300
loss_CCD	: 0.0011
Src_cls_loss	: 0.0000
-------------------------------------
[Epoch : 14/20]
Pr_Src_cls_loss	: 0.0405
Total_loss	: 0.0167
loss_cls	: 0.0163
loss_PCD	: 3.1420
loss_CCD	: 0.0011
Src_cls_loss	: 0.0000
-------------------------------------
[Epoch : 15/20]
Pr_Src_cls_loss	: 0.0405
Total_loss	: 0.0157
loss_cls	: 0.0153
loss_PCD	: 3.1548
loss_CCD	: 0.0011
Src_cls_loss	: 0.0000
-------------------------------------
[Epoch : 16/20]
Pr_Src_cls_loss	: 0.0405
Total_loss	: 0.0148
loss_cls	: 0.0144
loss_PCD	: 3.1649
loss_CCD	: 0.0011
Src_cls_loss	: 0.0000
-------------------------------------
[Epoch : 17/20]
Pr_Src_cls_loss	: 0.0405
Total_loss	: 0.0140
loss_cls	: 0.0136
loss_PCD	: 3.1738
loss_CCD	: 0.0010
Src_cls_loss	: 0.0000
-------------------------------------
[Epoch : 18/20]
Pr_Src_cls_loss	: 0.0405
Total_loss	: 0.0132
loss_cls	: 0.0129
loss_PCD	: 3.1813
loss_CCD	: 0.0010
Src_cls_loss	: 0.0000
-------------------------------------
[Epoch : 19/20]
Pr_Src_cls_loss	: 0.0405
Total_loss	: 0.0125
loss_cls	: 0.0122
loss_PCD	: 3.1889
loss_CCD	: 0.0010
Src_cls_loss	: 0.0000
-------------------------------------
[Epoch : 20/20]
Pr_Src_cls_loss	: 0.0405
Total_loss	: 0.0119
loss_cls	: 0.0116
loss_PCD	: 3.1957
loss_CCD	: 0.0009
Src_cls_loss	: 0.0000
-------------------------------------
H_score: 0.2773, OS* (acc_c): 0.1853, UNK (acc_p): 0.5504, acc_mix: 0.2809, F1: 0.2562
Uploading logs from: /mnt/data/home/tp2474/OpenSet-AdaTime/experiments_logs/curriculum/MHEALTH to RealWorld_UniDA_hard_n3_fno_mean/UniOT_UniDA_hard_n3_fno_mean/MHEALTH_to_RealWorld_run_2
🏃 View run UniOT_run_2 at: http://127.0.0.1:5001/#/experiments/814425868998510608/runs/641521d4e3314069850d0f8b8db8206c
🧪 View experiment at: http://127.0.0.1:5001/#/experiments/814425868998510608
=============================================
Dataset: MHEALTH to RealWorld_UniDA_hard_n3_fno_mean
Method:  UniOT
=============================================
Source: MHEALTH ---> Target: RealWorld
Run ID: 3
=============================================
[Pr Epoch : 1/20]
Pr_Src_cls_loss	: 0.3696
-------------------------------------
[Pr Epoch : 2/20]
Pr_Src_cls_loss	: 0.2068
-------------------------------------
[Pr Epoch : 3/20]
Pr_Src_cls_loss	: 0.1484
-------------------------------------
[Pr Epoch : 4/20]
Pr_Src_cls_loss	: 0.1142
-------------------------------------
[Pr Epoch : 5/20]
Pr_Src_cls_loss	: 0.0938
-------------------------------------
[Pr Epoch : 6/20]
Pr_Src_cls_loss	: 0.0786
-------------------------------------
[Pr Epoch : 7/20]
Pr_Src_cls_loss	: 0.0681
-------------------------------------
[Pr Epoch : 8/20]
Pr_Src_cls_loss	: 0.0598
-------------------------------------
[Pr Epoch : 9/20]
Pr_Src_cls_loss	: 0.0532
-------------------------------------
[Pr Epoch : 10/20]
Pr_Src_cls_loss	: 0.0479
-------------------------------------
[Pr Epoch : 11/20]
Pr_Src_cls_loss	: 0.0436
-------------------------------------
[Pr Epoch : 12/20]
Pr_Src_cls_loss	: 0.0400
-------------------------------------
[Pr Epoch : 13/20]
Pr_Src_cls_loss	: 0.0370
-------------------------------------
[Pr Epoch : 14/20]
Pr_Src_cls_loss	: 0.0369
-------------------------------------
[Pr Epoch : 15/20]
Pr_Src_cls_loss	: 0.0372
-------------------------------------
[Pr Epoch : 16/20]
Pr_Src_cls_loss	: 0.0381
-------------------------------------
[Pr Epoch : 17/20]
Pr_Src_cls_loss	: 0.0366
-------------------------------------
[Pr Epoch : 18/20]
Pr_Src_cls_loss	: 0.0350
-------------------------------------
[Pr Epoch : 19/20]
Pr_Src_cls_loss	: 0.0340
-------------------------------------
[Pr Epoch : 20/20]
Pr_Src_cls_loss	: 0.0325
-------------------------------------
[Epoch : 1/20]
Pr_Src_cls_loss	: 0.0325
Total_loss	: 0.0196
loss_cls	: 0.0192
loss_PCD	: 3.3124
loss_CCD	: 0.0012
-------------------------------------
[Epoch : 2/20]
Pr_Src_cls_loss	: 0.0325
Total_loss	: 0.0170
loss_cls	: 0.0166
loss_PCD	: 3.2169
loss_CCD	: 0.0012
-------------------------------------
[Epoch : 3/20]
Pr_Src_cls_loss	: 0.0325
Total_loss	: 0.0174
loss_cls	: 0.0171
loss_PCD	: 3.1640
loss_CCD	: 0.0009
-------------------------------------
[Epoch : 4/20]
Pr_Src_cls_loss	: 0.0325
Total_loss	: 0.0162
loss_cls	: 0.0159
loss_PCD	: 3.1348
loss_CCD	: 0.0008
-------------------------------------
[Epoch : 5/20]
Pr_Src_cls_loss	: 0.0325
Total_loss	: 0.0215
loss_cls	: 0.0212
loss_PCD	: 3.1315
loss_CCD	: 0.0007
-------------------------------------
[Epoch : 6/20]
Pr_Src_cls_loss	: 0.0325
Total_loss	: 0.0203
loss_cls	: 0.0200
loss_PCD	: 3.1409
loss_CCD	: 0.0007
-------------------------------------
[Epoch : 7/20]
Pr_Src_cls_loss	: 0.0325
Total_loss	: 0.0189
loss_cls	: 0.0186
loss_PCD	: 3.1421
loss_CCD	: 0.0007
-------------------------------------
[Epoch : 8/20]
Pr_Src_cls_loss	: 0.0325
Total_loss	: 0.0166
loss_cls	: 0.0163
loss_PCD	: 3.1404
loss_CCD	: 0.0007
-------------------------------------
[Epoch : 9/20]
Pr_Src_cls_loss	: 0.0325
Total_loss	: 0.0156
loss_cls	: 0.0154
loss_PCD	: 3.1383
loss_CCD	: 0.0006
Src_cls_loss	: 0.0000
-------------------------------------
[Epoch : 10/20]
Pr_Src_cls_loss	: 0.0325
Total_loss	: 0.0141
loss_cls	: 0.0139
loss_PCD	: 3.1408
loss_CCD	: 0.0006
Src_cls_loss	: 0.0000
-------------------------------------
[Epoch : 11/20]
Pr_Src_cls_loss	: 0.0325
Total_loss	: 0.0129
loss_cls	: 0.0127
loss_PCD	: 3.1418
loss_CCD	: 0.0005
Src_cls_loss	: 0.0000
-------------------------------------
[Epoch : 12/20]
Pr_Src_cls_loss	: 0.0325
Total_loss	: 0.0118
loss_cls	: 0.0116
loss_PCD	: 3.1409
loss_CCD	: 0.0005
Src_cls_loss	: 0.0000
-------------------------------------
[Epoch : 13/20]
Pr_Src_cls_loss	: 0.0325
Total_loss	: 0.0109
loss_cls	: 0.0107
loss_PCD	: 3.1405
loss_CCD	: 0.0005
Src_cls_loss	: 0.0000
-------------------------------------
[Epoch : 14/20]
Pr_Src_cls_loss	: 0.0325
Total_loss	: 0.0101
loss_cls	: 0.0100
loss_PCD	: 3.1404
loss_CCD	: 0.0004
Src_cls_loss	: 0.0000
-------------------------------------
[Epoch : 15/20]
Pr_Src_cls_loss	: 0.0325
Total_loss	: 0.0095
loss_cls	: 0.0093
loss_PCD	: 3.1410
loss_CCD	: 0.0004
Src_cls_loss	: 0.0000
-------------------------------------
[Epoch : 16/20]
Pr_Src_cls_loss	: 0.0325
Total_loss	: 0.0089
loss_cls	: 0.0087
loss_PCD	: 3.1418
loss_CCD	: 0.0004
Src_cls_loss	: 0.0000
-------------------------------------
[Epoch : 17/20]
Pr_Src_cls_loss	: 0.0325
Total_loss	: 0.0100
loss_cls	: 0.0099
loss_PCD	: 3.1438
loss_CCD	: 0.0004
Src_cls_loss	: 0.0000
-------------------------------------
[Epoch : 18/20]
Pr_Src_cls_loss	: 0.0325
Total_loss	: 0.0131
loss_cls	: 0.0130
loss_PCD	: 3.1463
loss_CCD	: 0.0004
Src_cls_loss	: 0.0000
-------------------------------------
[Epoch : 19/20]
Pr_Src_cls_loss	: 0.0325
Total_loss	: 0.0138
loss_cls	: 0.0137
loss_PCD	: 3.1479
loss_CCD	: 0.0004
Src_cls_loss	: 0.0000
-------------------------------------
[Epoch : 20/20]
Pr_Src_cls_loss	: 0.0325
Total_loss	: 0.0135
loss_cls	: 0.0134
loss_PCD	: 3.1520
loss_CCD	: 0.0004
Src_cls_loss	: 0.0000
-------------------------------------
H_score: 0.4031, OS* (acc_c): 0.2832, UNK (acc_p): 0.6991, acc_mix: 0.3920, F1: 0.3448
Uploading logs from: /mnt/data/home/tp2474/OpenSet-AdaTime/experiments_logs/curriculum/MHEALTH to RealWorld_UniDA_hard_n3_fno_mean/UniOT_UniDA_hard_n3_fno_mean/MHEALTH_to_RealWorld_run_3
🏃 View run UniOT_run_3 at: http://127.0.0.1:5001/#/experiments/814425868998510608/runs/494d6cfd0f2c48ff9650ffb7713737db
🧪 View experiment at: http://127.0.0.1:5001/#/experiments/814425868998510608
=============================================
Dataset: MHEALTH to RealWorld_UniDA_hard_n3_fno_mean
Method:  UniOT
=============================================
Source: MHEALTH ---> Target: RealWorld
Run ID: 4
=============================================
[Pr Epoch : 1/20]
Pr_Src_cls_loss	: 0.3906
-------------------------------------
[Pr Epoch : 2/20]
Pr_Src_cls_loss	: 0.2369
-------------------------------------
[Pr Epoch : 3/20]
Pr_Src_cls_loss	: 0.1634
-------------------------------------
[Pr Epoch : 4/20]
Pr_Src_cls_loss	: 0.1239
-------------------------------------
[Pr Epoch : 5/20]
Pr_Src_cls_loss	: 0.1043
-------------------------------------
[Pr Epoch : 6/20]
Pr_Src_cls_loss	: 0.0889
-------------------------------------
[Pr Epoch : 7/20]
Pr_Src_cls_loss	: 0.0795
-------------------------------------
[Pr Epoch : 8/20]
Pr_Src_cls_loss	: 0.0699
-------------------------------------
[Pr Epoch : 9/20]
Pr_Src_cls_loss	: 0.0672
-------------------------------------
[Pr Epoch : 10/20]
Pr_Src_cls_loss	: 0.0642
-------------------------------------
[Pr Epoch : 11/20]
Pr_Src_cls_loss	: 0.0602
-------------------------------------
[Pr Epoch : 12/20]
Pr_Src_cls_loss	: 0.0561
-------------------------------------
[Pr Epoch : 13/20]
Pr_Src_cls_loss	: 0.0521
-------------------------------------
[Pr Epoch : 14/20]
Pr_Src_cls_loss	: 0.0486
-------------------------------------
[Pr Epoch : 15/20]
Pr_Src_cls_loss	: 0.0460
-------------------------------------
[Pr Epoch : 16/20]
Pr_Src_cls_loss	: 0.0441
-------------------------------------
[Pr Epoch : 17/20]
Pr_Src_cls_loss	: 0.0419
-------------------------------------
[Pr Epoch : 18/20]
Pr_Src_cls_loss	: 0.0397
-------------------------------------
[Pr Epoch : 19/20]
Pr_Src_cls_loss	: 0.0377
-------------------------------------
[Pr Epoch : 20/20]
Pr_Src_cls_loss	: 0.0358
-------------------------------------
[Epoch : 1/20]
Pr_Src_cls_loss	: 0.0358
Total_loss	: 0.0102
loss_cls	: 0.0085
loss_PCD	: 3.3568
loss_CCD	: 0.0050
-------------------------------------
[Epoch : 2/20]
Pr_Src_cls_loss	: 0.0358
Total_loss	: 0.0090
loss_cls	: 0.0079
loss_PCD	: 3.2714
loss_CCD	: 0.0032
-------------------------------------
[Epoch : 3/20]
Pr_Src_cls_loss	: 0.0358
Total_loss	: 0.0272
loss_cls	: 0.0263
loss_PCD	: 3.2667
loss_CCD	: 0.0027
-------------------------------------
[Epoch : 4/20]
Pr_Src_cls_loss	: 0.0358
Total_loss	: 0.0253
loss_cls	: 0.0245
loss_PCD	: 3.3219
loss_CCD	: 0.0024
-------------------------------------
[Epoch : 5/20]
Pr_Src_cls_loss	: 0.0358
Total_loss	: 0.0215
loss_cls	: 0.0208
loss_PCD	: 3.3639
loss_CCD	: 0.0020
-------------------------------------
[Epoch : 6/20]
Pr_Src_cls_loss	: 0.0358
Total_loss	: 0.0183
loss_cls	: 0.0177
loss_PCD	: 3.3918
loss_CCD	: 0.0018
-------------------------------------
[Epoch : 7/20]
Pr_Src_cls_loss	: 0.0358
Total_loss	: 0.0166
loss_cls	: 0.0160
loss_PCD	: 3.4187
loss_CCD	: 0.0016
-------------------------------------
[Epoch : 8/20]
Pr_Src_cls_loss	: 0.0358
Total_loss	: 0.0146
loss_cls	: 0.0141
loss_PCD	: 3.4364
loss_CCD	: 0.0015
-------------------------------------
[Epoch : 9/20]
Pr_Src_cls_loss	: 0.0358
Total_loss	: 0.0130
loss_cls	: 0.0125
loss_PCD	: 3.4507
loss_CCD	: 0.0014
Src_cls_loss	: 0.0000
-------------------------------------
[Epoch : 10/20]
Pr_Src_cls_loss	: 0.0358
Total_loss	: 0.0122
loss_cls	: 0.0117
loss_PCD	: 3.4728
loss_CCD	: 0.0013
Src_cls_loss	: 0.0000
-------------------------------------
[Epoch : 11/20]
Pr_Src_cls_loss	: 0.0358
Total_loss	: 0.0123
loss_cls	: 0.0119
loss_PCD	: 3.4937
loss_CCD	: 0.0012
Src_cls_loss	: 0.0000
-------------------------------------
[Epoch : 12/20]
Pr_Src_cls_loss	: 0.0358
Total_loss	: 0.0123
loss_cls	: 0.0118
loss_PCD	: 3.5049
loss_CCD	: 0.0012
Src_cls_loss	: 0.0000
-------------------------------------
[Epoch : 13/20]
Pr_Src_cls_loss	: 0.0358
Total_loss	: 0.0117
loss_cls	: 0.0113
loss_PCD	: 3.5096
loss_CCD	: 0.0012
Src_cls_loss	: 0.0000
-------------------------------------
[Epoch : 14/20]
Pr_Src_cls_loss	: 0.0358
Total_loss	: 0.0114
loss_cls	: 0.0110
loss_PCD	: 3.5154
loss_CCD	: 0.0011
Src_cls_loss	: 0.0000
-------------------------------------
[Epoch : 15/20]
Pr_Src_cls_loss	: 0.0358
Total_loss	: 0.0111
loss_cls	: 0.0107
loss_PCD	: 3.5211
loss_CCD	: 0.0011
Src_cls_loss	: 0.0000
-------------------------------------
[Epoch : 16/20]
Pr_Src_cls_loss	: 0.0358
Total_loss	: 0.0112
loss_cls	: 0.0108
loss_PCD	: 3.5242
loss_CCD	: 0.0011
Src_cls_loss	: 0.0000
-------------------------------------
[Epoch : 17/20]
Pr_Src_cls_loss	: 0.0358
Total_loss	: 0.0109
loss_cls	: 0.0106
loss_PCD	: 3.5318
loss_CCD	: 0.0010
Src_cls_loss	: 0.0000
-------------------------------------
[Epoch : 18/20]
Pr_Src_cls_loss	: 0.0358
Total_loss	: 0.0104
loss_cls	: 0.0100
loss_PCD	: 3.5337
loss_CCD	: 0.0010
Src_cls_loss	: 0.0000
-------------------------------------
[Epoch : 19/20]
Pr_Src_cls_loss	: 0.0358
Total_loss	: 0.0101
loss_cls	: 0.0097
loss_PCD	: 3.5318
loss_CCD	: 0.0010
Src_cls_loss	: 0.0000
-------------------------------------
[Epoch : 20/20]
Pr_Src_cls_loss	: 0.0358
Total_loss	: 0.0096
loss_cls	: 0.0093
loss_PCD	: 3.5303
loss_CCD	: 0.0010
Src_cls_loss	: 0.0000
-------------------------------------
H_score: 0.2629, OS* (acc_c): 0.1682, UNK (acc_p): 0.6018, acc_mix: 0.2816, F1: 0.2602
Uploading logs from: /mnt/data/home/tp2474/OpenSet-AdaTime/experiments_logs/curriculum/MHEALTH to RealWorld_UniDA_hard_n3_fno_mean/UniOT_UniDA_hard_n3_fno_mean/MHEALTH_to_RealWorld_run_4
🏃 View run UniOT_run_4 at: http://127.0.0.1:5001/#/experiments/814425868998510608/runs/182ab963964c41a59d8ce5828a55ecb5
🧪 View experiment at: http://127.0.0.1:5001/#/experiments/814425868998510608
==================== [n3 fno_mean] UniJDOT ====================
[curriculum] scenario=UniDA  strategy=hard  n_unknown=3  rank_variant=fno_mean
[curriculum] source mapping (7 classes): {'Lying down': 'lying', 'Sitting and relaxing': 'sitting', 'Walking': 'walking', 'Running': 'running', 'Climbing stairs': 'Climbing stairs', 'Frontal elevation of arms': 'Frontal elevation of arms', 'Jump front & back': 'Jump front & back'}
[curriculum] target mapping (7 classes): {'lying': 'lying', 'sitting': 'sitting', 'walking': 'walking', 'running': 'running', 'climbingup': 'climbingup', 'jumping': 'jumping', 'climbingdown': 'climbingdown'}
[curriculum] unknowns added (in hard order): src=[Climbing stairs,Frontal elevation of arms,Jump front & back] | trg=[climbingup,jumping,climbingdown]
[scenario] UniJDOT -> UniDA (uniDA=True)
Unlabeled data shape:  (35510, 150, 18)
Unlabelled Combined shape: (60884, 150, 18)

--- Dataloader Size Check ---
Source Train batches:   58
Target Train batches:   1109
-------------------------------

Private classes:  tensor([7., 8., 9.])
=============================================
Dataset: MHEALTH to RealWorld_UniDA_hard_n3_fno_mean
Method:  UniJDOT
=============================================
Source: MHEALTH ---> Target: RealWorld
Run ID: 0
=============================================
[Pr Epoch : 1/20]
Pr_Src_cls_loss	: 0.3032
-------------------------------------
[Pr Epoch : 2/20]
Pr_Src_cls_loss	: 0.1619
-------------------------------------
[Pr Epoch : 3/20]
Pr_Src_cls_loss	: 0.1174
-------------------------------------
[Pr Epoch : 4/20]
Pr_Src_cls_loss	: 0.0911
-------------------------------------
[Pr Epoch : 5/20]
Pr_Src_cls_loss	: 0.0749
-------------------------------------
[Pr Epoch : 6/20]
Pr_Src_cls_loss	: 0.0630
-------------------------------------
[Pr Epoch : 7/20]
Pr_Src_cls_loss	: 0.0562
-------------------------------------
[Pr Epoch : 8/20]
Pr_Src_cls_loss	: 0.0493
-------------------------------------
[Pr Epoch : 9/20]
Pr_Src_cls_loss	: 0.0452
-------------------------------------
[Pr Epoch : 10/20]
Pr_Src_cls_loss	: 0.0440
-------------------------------------
[Pr Epoch : 11/20]
Pr_Src_cls_loss	: 0.0417
-------------------------------------
[Pr Epoch : 12/20]
Pr_Src_cls_loss	: 0.0412
-------------------------------------
[Pr Epoch : 13/20]
Pr_Src_cls_loss	: 0.0382
-------------------------------------
[Pr Epoch : 14/20]
Pr_Src_cls_loss	: 0.0369
-------------------------------------
[Pr Epoch : 15/20]
Pr_Src_cls_loss	: 0.0359
-------------------------------------
[Pr Epoch : 16/20]
Pr_Src_cls_loss	: 0.0342
-------------------------------------
[Pr Epoch : 17/20]
Pr_Src_cls_loss	: 0.0324
-------------------------------------
[Pr Epoch : 18/20]
Pr_Src_cls_loss	: 0.0306
-------------------------------------
[Pr Epoch : 19/20]
Pr_Src_cls_loss	: 0.0290
-------------------------------------
[Pr Epoch : 20/20]
Pr_Src_cls_loss	: 0.0276
-------------------------------------
/mnt/data/home/tp2474/OpenSet-AdaTime/algorithms/algorithms.py:1865: UserWarning: Implicit dimension choice for softmax has been deprecated. Change the call to include dim=X as an argument.
  trg_soft_cen = torch.nn.functional.softmax(after_lincls_cen).double()
[Epoch : 1/20]
Pr_Src_cls_loss	: 0.0276
Total_loss	: 0.0664
loss_cls	: 0.0042
loss_align	: 0.0622
-------------------------------------
[Epoch : 2/20]
Pr_Src_cls_loss	: 0.0276
Total_loss	: 0.0625
loss_cls	: 0.0048
loss_align	: 0.0577
-------------------------------------
[Epoch : 3/20]
Pr_Src_cls_loss	: 0.0276
Total_loss	: 0.0634
loss_cls	: 0.0043
loss_align	: 0.0591
-------------------------------------
[Epoch : 4/20]
Pr_Src_cls_loss	: 0.0276
Total_loss	: 0.0672
loss_cls	: 0.0040
loss_align	: 0.0632
-------------------------------------
[Epoch : 5/20]
Pr_Src_cls_loss	: 0.0276
Total_loss	: 0.0705
loss_cls	: 0.0039
loss_align	: 0.0666
-------------------------------------
[Epoch : 6/20]
Pr_Src_cls_loss	: 0.0276
Total_loss	: 0.0727
loss_cls	: 0.0039
loss_align	: 0.0688
-------------------------------------
[Epoch : 7/20]
Pr_Src_cls_loss	: 0.0276
Total_loss	: 0.0748
loss_cls	: 0.0050
loss_align	: 0.0698
-------------------------------------
[Epoch : 8/20]
Pr_Src_cls_loss	: 0.0276
Total_loss	: 0.0772
loss_cls	: 0.0061
loss_align	: 0.0711
-------------------------------------
[Epoch : 9/20]
Pr_Src_cls_loss	: 0.0276
Total_loss	: 0.0764
loss_cls	: 0.0056
loss_align	: 0.0708
Src_cls_loss	: 0.0000
-------------------------------------
[Epoch : 10/20]
Pr_Src_cls_loss	: 0.0276
Total_loss	: 0.0756
loss_cls	: 0.0052
loss_align	: 0.0704
Src_cls_loss	: 0.0000
-------------------------------------
[Epoch : 11/20]
Pr_Src_cls_loss	: 0.0276
Total_loss	: 0.0749
loss_cls	: 0.0048
loss_align	: 0.0702
Src_cls_loss	: 0.0000
-------------------------------------
[Epoch : 12/20]
Pr_Src_cls_loss	: 0.0276
Total_loss	: 0.0738
loss_cls	: 0.0044
loss_align	: 0.0694
Src_cls_loss	: 0.0000
-------------------------------------
[Epoch : 13/20]
Pr_Src_cls_loss	: 0.0276
Total_loss	: 0.0728
loss_cls	: 0.0042
loss_align	: 0.0686
Src_cls_loss	: 0.0000
-------------------------------------
[Epoch : 14/20]
Pr_Src_cls_loss	: 0.0276
Total_loss	: 0.0719
loss_cls	: 0.0040
loss_align	: 0.0679
Src_cls_loss	: 0.0000
-------------------------------------
[Epoch : 15/20]
Pr_Src_cls_loss	: 0.0276
Total_loss	: 0.0712
loss_cls	: 0.0038
loss_align	: 0.0674
Src_cls_loss	: 0.0000
-------------------------------------
[Epoch : 16/20]
Pr_Src_cls_loss	: 0.0276
Total_loss	: 0.0706
loss_cls	: 0.0037
loss_align	: 0.0669
Src_cls_loss	: 0.0000
-------------------------------------
[Epoch : 17/20]
Pr_Src_cls_loss	: 0.0276
Total_loss	: 0.0697
loss_cls	: 0.0036
loss_align	: 0.0662
Src_cls_loss	: 0.0000
-------------------------------------
[Epoch : 18/20]
Pr_Src_cls_loss	: 0.0276
Total_loss	: 0.0688
loss_cls	: 0.0034
loss_align	: 0.0654
Src_cls_loss	: 0.0000
-------------------------------------
[Epoch : 19/20]
Pr_Src_cls_loss	: 0.0276
Total_loss	: 0.0681
loss_cls	: 0.0033
loss_align	: 0.0648
Src_cls_loss	: 0.0000
-------------------------------------
[Epoch : 20/20]
Pr_Src_cls_loss	: 0.0276
Total_loss	: 0.0676
loss_cls	: 0.0034
loss_align	: 0.0642
Src_cls_loss	: 0.0000
-------------------------------------
/mnt/data/home/tp2474/OpenSet-AdaTime/trainers/abstract_trainer.py:331: FutureWarning: The behavior of DataFrame concatenation with empty or all-NA entries is deprecated. In a future version, this will no longer exclude empty or all-NA columns when determining the result dtypes. To retain the old behavior, exclude the relevant entries before the concat operation.
  table = pd.concat([table, results_df], ignore_index=True)

[UniJDOT Debug] final_threshold = 0.5723 conf mean=0.3989 std=0.2059 reject=76.56%
[UniJDOT Eval ALL] n=35510 threshold=0.5723
[UniJDOT Eval ALL] conf: min=0.1432 max=0.6302 mean=0.3633 std=0.2081
[UniJDOT Eval ALL] rejected: 76.59%
[UniJDOT Eval ALL] pred class dist (pre-reject): [3550, 1411, 74, 2907, 20519, 6914, 135]
[UniJDOT Eval ALL] true label dist: [0, 0, 0, 6433, 6894, 6422, 6470, 9291] (last bin = unknown)
H_score: 0.3287, OS* (acc_c): 0.1970, UNK (acc_p): 0.9931, acc_mix: 0.4053, F1: 0.3288
[UniJDOT Eval ALL] n=35510 threshold=0.5723
[UniJDOT Eval ALL] conf: min=0.1432 max=0.6302 mean=0.3633 std=0.2081
[UniJDOT Eval ALL] rejected: 76.59%
[UniJDOT Eval ALL] pred class dist (pre-reject): [3550, 1411, 74, 2907, 20519, 6914, 135]
[UniJDOT Eval ALL] true label dist: [0, 0, 0, 6433, 6894, 6422, 6470, 9291] (last bin = unknown)
Uploading logs from: /mnt/data/home/tp2474/OpenSet-AdaTime/experiments_logs/curriculum/MHEALTH to RealWorld_UniDA_hard_n3_fno_mean/UniJDOT_UniDA_hard_n3_fno_mean/MHEALTH_to_RealWorld_run_0
🏃 View run UniJDOT_run_0 at: http://127.0.0.1:5001/#/experiments/814425868998510608/runs/16247a4b17654c1d80001d7f6b5fff1e
🧪 View experiment at: http://127.0.0.1:5001/#/experiments/814425868998510608
=============================================
Dataset: MHEALTH to RealWorld_UniDA_hard_n3_fno_mean
Method:  UniJDOT
=============================================
Source: MHEALTH ---> Target: RealWorld
Run ID: 1
=============================================
[Pr Epoch : 1/20]
Pr_Src_cls_loss	: 0.4568
-------------------------------------
[Pr Epoch : 2/20]
Pr_Src_cls_loss	: 0.2356
-------------------------------------
[Pr Epoch : 3/20]
Pr_Src_cls_loss	: 0.1705
-------------------------------------
[Pr Epoch : 4/20]
Pr_Src_cls_loss	: 0.1311
-------------------------------------
[Pr Epoch : 5/20]
Pr_Src_cls_loss	: 0.1063
-------------------------------------
[Pr Epoch : 6/20]
Pr_Src_cls_loss	: 0.0895
-------------------------------------
[Pr Epoch : 7/20]
Pr_Src_cls_loss	: 0.0789
-------------------------------------
[Pr Epoch : 8/20]
Pr_Src_cls_loss	: 0.0710
-------------------------------------
[Pr Epoch : 9/20]
Pr_Src_cls_loss	: 0.0645
-------------------------------------
[Pr Epoch : 10/20]
Pr_Src_cls_loss	: 0.0605
-------------------------------------
[Pr Epoch : 11/20]
Pr_Src_cls_loss	: 0.0580
-------------------------------------
[Pr Epoch : 12/20]
Pr_Src_cls_loss	: 0.0539
-------------------------------------
[Pr Epoch : 13/20]
Pr_Src_cls_loss	: 0.0504
-------------------------------------
[Pr Epoch : 14/20]
Pr_Src_cls_loss	: 0.0471
-------------------------------------
[Pr Epoch : 15/20]
Pr_Src_cls_loss	: 0.0440
-------------------------------------
[Pr Epoch : 16/20]
Pr_Src_cls_loss	: 0.0414
-------------------------------------
[Pr Epoch : 17/20]
Pr_Src_cls_loss	: 0.0390
-------------------------------------
[Pr Epoch : 18/20]
Pr_Src_cls_loss	: 0.0368
-------------------------------------
[Pr Epoch : 19/20]
Pr_Src_cls_loss	: 0.0349
-------------------------------------
[Pr Epoch : 20/20]
Pr_Src_cls_loss	: 0.0331
-------------------------------------
/mnt/data/home/tp2474/OpenSet-AdaTime/algorithms/algorithms.py:1865: UserWarning: Implicit dimension choice for softmax has been deprecated. Change the call to include dim=X as an argument.
  trg_soft_cen = torch.nn.functional.softmax(after_lincls_cen).double()
[Epoch : 1/20]
Pr_Src_cls_loss	: 0.0331
Total_loss	: 0.0675
loss_cls	: 0.0049
loss_align	: 0.0625
-------------------------------------
[Epoch : 2/20]
Pr_Src_cls_loss	: 0.0331
Total_loss	: 0.0654
loss_cls	: 0.0063
loss_align	: 0.0590
-------------------------------------
[Epoch : 3/20]
Pr_Src_cls_loss	: 0.0331
Total_loss	: 0.0600
loss_cls	: 0.0048
loss_align	: 0.0552
-------------------------------------
[Epoch : 4/20]
Pr_Src_cls_loss	: 0.0331
Total_loss	: 0.0586
loss_cls	: 0.0046
loss_align	: 0.0540
-------------------------------------
[Epoch : 5/20]
Pr_Src_cls_loss	: 0.0331
Total_loss	: 0.0606
loss_cls	: 0.0043
loss_align	: 0.0562
-------------------------------------
[Epoch : 6/20]
Pr_Src_cls_loss	: 0.0331
Total_loss	: 0.0629
loss_cls	: 0.0039
loss_align	: 0.0590
-------------------------------------
[Epoch : 7/20]
Pr_Src_cls_loss	: 0.0331
Total_loss	: 0.0645
loss_cls	: 0.0037
loss_align	: 0.0608
-------------------------------------
[Epoch : 8/20]
Pr_Src_cls_loss	: 0.0331
Total_loss	: 0.0659
loss_cls	: 0.0037
loss_align	: 0.0622
-------------------------------------
[Epoch : 9/20]
Pr_Src_cls_loss	: 0.0331
Total_loss	: 0.0667
loss_cls	: 0.0037
loss_align	: 0.0630
Src_cls_loss	: 0.0000
-------------------------------------
[Epoch : 10/20]
Pr_Src_cls_loss	: 0.0331
Total_loss	: 0.0675
loss_cls	: 0.0037
loss_align	: 0.0638
Src_cls_loss	: 0.0000
-------------------------------------
[Epoch : 11/20]
Pr_Src_cls_loss	: 0.0331
Total_loss	: 0.0677
loss_cls	: 0.0036
loss_align	: 0.0641
Src_cls_loss	: 0.0000
-------------------------------------
[Epoch : 12/20]
Pr_Src_cls_loss	: 0.0331
Total_loss	: 0.0678
loss_cls	: 0.0036
loss_align	: 0.0642
Src_cls_loss	: 0.0000
-------------------------------------
[Epoch : 13/20]
Pr_Src_cls_loss	: 0.0331
Total_loss	: 0.0678
loss_cls	: 0.0035
loss_align	: 0.0643
Src_cls_loss	: 0.0000
-------------------------------------
[Epoch : 14/20]
Pr_Src_cls_loss	: 0.0331
Total_loss	: 0.0679
loss_cls	: 0.0035
loss_align	: 0.0644
Src_cls_loss	: 0.0000
-------------------------------------
[Epoch : 15/20]
Pr_Src_cls_loss	: 0.0331
Total_loss	: 0.0678
loss_cls	: 0.0034
loss_align	: 0.0644
Src_cls_loss	: 0.0000
-------------------------------------
[Epoch : 16/20]
Pr_Src_cls_loss	: 0.0331
Total_loss	: 0.0675
loss_cls	: 0.0033
loss_align	: 0.0642
Src_cls_loss	: 0.0000
-------------------------------------
[Epoch : 17/20]
Pr_Src_cls_loss	: 0.0331
Total_loss	: 0.0692
loss_cls	: 0.0049
loss_align	: 0.0643
Src_cls_loss	: 0.0000
-------------------------------------
[Epoch : 18/20]
Pr_Src_cls_loss	: 0.0331
Total_loss	: 0.0691
loss_cls	: 0.0049
loss_align	: 0.0641
Src_cls_loss	: 0.0000
-------------------------------------
[Epoch : 19/20]
Pr_Src_cls_loss	: 0.0331
Total_loss	: 0.0686
loss_cls	: 0.0047
loss_align	: 0.0639
Src_cls_loss	: 0.0000
-------------------------------------
[Epoch : 20/20]
Pr_Src_cls_loss	: 0.0331
Total_loss	: 0.0683
loss_cls	: 0.0047
loss_align	: 0.0636
Src_cls_loss	: 0.0000
-------------------------------------

[UniJDOT Debug] final_threshold = 0.4759 conf mean=0.3189 std=0.1929 reject=60.94%
[UniJDOT Eval ALL] n=35510 threshold=0.4759
[UniJDOT Eval ALL] conf: min=0.1440 max=0.7895 mean=0.3189 std=0.1987
[UniJDOT Eval ALL] rejected: 59.96%
[UniJDOT Eval ALL] pred class dist (pre-reject): [121, 5437, 2041, 16758, 5330, 5754, 69]
[UniJDOT Eval ALL] true label dist: [0, 0, 0, 6433, 6894, 6422, 6470, 9291] (last bin = unknown)
H_score: 0.4021, OS* (acc_c): 0.2545, UNK (acc_p): 0.9575, acc_mix: 0.4384, F1: 0.3716
[UniJDOT Eval ALL] n=35510 threshold=0.4759
[UniJDOT Eval ALL] conf: min=0.1440 max=0.7895 mean=0.3189 std=0.1987
[UniJDOT Eval ALL] rejected: 59.96%
[UniJDOT Eval ALL] pred class dist (pre-reject): [121, 5437, 2041, 16758, 5330, 5754, 69]
[UniJDOT Eval ALL] true label dist: [0, 0, 0, 6433, 6894, 6422, 6470, 9291] (last bin = unknown)
Uploading logs from: /mnt/data/home/tp2474/OpenSet-AdaTime/experiments_logs/curriculum/MHEALTH to RealWorld_UniDA_hard_n3_fno_mean/UniJDOT_UniDA_hard_n3_fno_mean/MHEALTH_to_RealWorld_run_1
🏃 View run UniJDOT_run_1 at: http://127.0.0.1:5001/#/experiments/814425868998510608/runs/d50c124c84644d6db3439df9d4cec3d9
🧪 View experiment at: http://127.0.0.1:5001/#/experiments/814425868998510608
=============================================
Dataset: MHEALTH to RealWorld_UniDA_hard_n3_fno_mean
Method:  UniJDOT
=============================================
Source: MHEALTH ---> Target: RealWorld
Run ID: 2
=============================================
[Pr Epoch : 1/20]
Pr_Src_cls_loss	: 0.5698
-------------------------------------
[Pr Epoch : 2/20]
Pr_Src_cls_loss	: 0.3033
-------------------------------------
[Pr Epoch : 3/20]
Pr_Src_cls_loss	: 0.2062
-------------------------------------
[Pr Epoch : 4/20]
Pr_Src_cls_loss	: 0.1565
-------------------------------------
[Pr Epoch : 5/20]
Pr_Src_cls_loss	: 0.1284
-------------------------------------
[Pr Epoch : 6/20]
Pr_Src_cls_loss	: 0.1164
-------------------------------------
[Pr Epoch : 7/20]
Pr_Src_cls_loss	: 0.1023
-------------------------------------
[Pr Epoch : 8/20]
Pr_Src_cls_loss	: 0.0915
-------------------------------------
[Pr Epoch : 9/20]
Pr_Src_cls_loss	: 0.0822
-------------------------------------
[Pr Epoch : 10/20]
Pr_Src_cls_loss	: 0.0750
-------------------------------------
[Pr Epoch : 11/20]
Pr_Src_cls_loss	: 0.0686
-------------------------------------
[Pr Epoch : 12/20]
Pr_Src_cls_loss	: 0.0631
-------------------------------------
[Pr Epoch : 13/20]
Pr_Src_cls_loss	: 0.0597
-------------------------------------
[Pr Epoch : 14/20]
Pr_Src_cls_loss	: 0.0562
-------------------------------------
[Pr Epoch : 15/20]
Pr_Src_cls_loss	: 0.0527
-------------------------------------
[Pr Epoch : 16/20]
Pr_Src_cls_loss	: 0.0495
-------------------------------------
[Pr Epoch : 17/20]
Pr_Src_cls_loss	: 0.0467
-------------------------------------
[Pr Epoch : 18/20]
Pr_Src_cls_loss	: 0.0452
-------------------------------------
[Pr Epoch : 19/20]
Pr_Src_cls_loss	: 0.0431
-------------------------------------
[Pr Epoch : 20/20]
Pr_Src_cls_loss	: 0.0412
-------------------------------------
/mnt/data/home/tp2474/OpenSet-AdaTime/algorithms/algorithms.py:1865: UserWarning: Implicit dimension choice for softmax has been deprecated. Change the call to include dim=X as an argument.
  trg_soft_cen = torch.nn.functional.softmax(after_lincls_cen).double()
[Epoch : 1/20]
Pr_Src_cls_loss	: 0.0412
Total_loss	: 0.0831
loss_cls	: 0.0077
loss_align	: 0.0754
-------------------------------------
[Epoch : 2/20]
Pr_Src_cls_loss	: 0.0412
Total_loss	: 0.0792
loss_cls	: 0.0071
loss_align	: 0.0721
-------------------------------------
[Epoch : 3/20]
Pr_Src_cls_loss	: 0.0412
Total_loss	: 0.0793
loss_cls	: 0.0059
loss_align	: 0.0734
-------------------------------------
[Epoch : 4/20]
Pr_Src_cls_loss	: 0.0412
Total_loss	: 0.0799
loss_cls	: 0.0049
loss_align	: 0.0750
-------------------------------------
[Epoch : 5/20]
Pr_Src_cls_loss	: 0.0412
Total_loss	: 0.0810
loss_cls	: 0.0048
loss_align	: 0.0762
-------------------------------------
[Epoch : 6/20]
Pr_Src_cls_loss	: 0.0412
Total_loss	: 0.0811
loss_cls	: 0.0043
loss_align	: 0.0768
-------------------------------------
[Epoch : 7/20]
Pr_Src_cls_loss	: 0.0412
Total_loss	: 0.0807
loss_cls	: 0.0043
loss_align	: 0.0764
-------------------------------------
[Epoch : 8/20]
Pr_Src_cls_loss	: 0.0412
Total_loss	: 0.0801
loss_cls	: 0.0041
loss_align	: 0.0760
-------------------------------------
[Epoch : 9/20]
Pr_Src_cls_loss	: 0.0412
Total_loss	: 0.0792
loss_cls	: 0.0039
loss_align	: 0.0753
Src_cls_loss	: 0.0000
-------------------------------------
[Epoch : 10/20]
Pr_Src_cls_loss	: 0.0412
Total_loss	: 0.0781
loss_cls	: 0.0036
loss_align	: 0.0744
Src_cls_loss	: 0.0000
-------------------------------------
[Epoch : 11/20]
Pr_Src_cls_loss	: 0.0412
Total_loss	: 0.0775
loss_cls	: 0.0035
loss_align	: 0.0740
Src_cls_loss	: 0.0000
-------------------------------------
[Epoch : 12/20]
Pr_Src_cls_loss	: 0.0412
Total_loss	: 0.0772
loss_cls	: 0.0039
loss_align	: 0.0733
Src_cls_loss	: 0.0000
-------------------------------------
[Epoch : 13/20]
Pr_Src_cls_loss	: 0.0412
Total_loss	: 0.0779
loss_cls	: 0.0052
loss_align	: 0.0728
Src_cls_loss	: 0.0000
-------------------------------------
[Epoch : 14/20]
Pr_Src_cls_loss	: 0.0412
Total_loss	: 0.0772
loss_cls	: 0.0051
loss_align	: 0.0721
Src_cls_loss	: 0.0000
-------------------------------------
[Epoch : 15/20]
Pr_Src_cls_loss	: 0.0412
Total_loss	: 0.0763
loss_cls	: 0.0048
loss_align	: 0.0715
Src_cls_loss	: 0.0000
-------------------------------------
[Epoch : 16/20]
Pr_Src_cls_loss	: 0.0412
Total_loss	: 0.0755
loss_cls	: 0.0046
loss_align	: 0.0709
Src_cls_loss	: 0.0000
-------------------------------------
[Epoch : 17/20]
Pr_Src_cls_loss	: 0.0412
Total_loss	: 0.0748
loss_cls	: 0.0044
loss_align	: 0.0704
Src_cls_loss	: 0.0000
-------------------------------------
[Epoch : 18/20]
Pr_Src_cls_loss	: 0.0412
Total_loss	: 0.0743
loss_cls	: 0.0043
loss_align	: 0.0700
Src_cls_loss	: 0.0000
-------------------------------------
[Epoch : 19/20]
Pr_Src_cls_loss	: 0.0412
Total_loss	: 0.0738
loss_cls	: 0.0042
loss_align	: 0.0696
Src_cls_loss	: 0.0000
-------------------------------------
[Epoch : 20/20]
Pr_Src_cls_loss	: 0.0412
Total_loss	: 0.0733
loss_cls	: 0.0041
loss_align	: 0.0692
Src_cls_loss	: 0.0000
-------------------------------------

[UniJDOT Debug] final_threshold = 0.5609 conf mean=0.3546 std=0.2233 reject=68.75%
[UniJDOT Eval ALL] n=35510 threshold=0.5609
[UniJDOT Eval ALL] conf: min=0.1438 max=0.8368 mean=0.3418 std=0.2207
[UniJDOT Eval ALL] rejected: 66.93%
[UniJDOT Eval ALL] pred class dist (pre-reject): [18623, 6960, 160, 54, 4348, 5317, 48]
[UniJDOT Eval ALL] true label dist: [0, 0, 0, 6433, 6894, 6422, 6470, 9291] (last bin = unknown)
H_score: 0.1678, OS* (acc_c): 0.0964, UNK (acc_p): 0.6450, acc_mix: 0.2400, F1: 0.1798
[UniJDOT Eval ALL] n=35510 threshold=0.5609
[UniJDOT Eval ALL] conf: min=0.1438 max=0.8368 mean=0.3418 std=0.2207
[UniJDOT Eval ALL] rejected: 66.93%
[UniJDOT Eval ALL] pred class dist (pre-reject): [18623, 6960, 160, 54, 4348, 5317, 48]
[UniJDOT Eval ALL] true label dist: [0, 0, 0, 6433, 6894, 6422, 6470, 9291] (last bin = unknown)
Uploading logs from: /mnt/data/home/tp2474/OpenSet-AdaTime/experiments_logs/curriculum/MHEALTH to RealWorld_UniDA_hard_n3_fno_mean/UniJDOT_UniDA_hard_n3_fno_mean/MHEALTH_to_RealWorld_run_2
🏃 View run UniJDOT_run_2 at: http://127.0.0.1:5001/#/experiments/814425868998510608/runs/c331a3f03a2a4518899e14cd1d1283f7
🧪 View experiment at: http://127.0.0.1:5001/#/experiments/814425868998510608
=============================================
Dataset: MHEALTH to RealWorld_UniDA_hard_n3_fno_mean
Method:  UniJDOT
=============================================
Source: MHEALTH ---> Target: RealWorld
Run ID: 3
=============================================
[Pr Epoch : 1/20]
Pr_Src_cls_loss	: 0.3554
-------------------------------------
[Pr Epoch : 2/20]
Pr_Src_cls_loss	: 0.1903
-------------------------------------
[Pr Epoch : 3/20]
Pr_Src_cls_loss	: 0.1300
-------------------------------------
[Pr Epoch : 4/20]
Pr_Src_cls_loss	: 0.1010
-------------------------------------
[Pr Epoch : 5/20]
Pr_Src_cls_loss	: 0.0826
-------------------------------------
[Pr Epoch : 6/20]
Pr_Src_cls_loss	: 0.0713
-------------------------------------
[Pr Epoch : 7/20]
Pr_Src_cls_loss	: 0.0644
-------------------------------------
[Pr Epoch : 8/20]
Pr_Src_cls_loss	: 0.0590
-------------------------------------
[Pr Epoch : 9/20]
Pr_Src_cls_loss	: 0.0536
-------------------------------------
[Pr Epoch : 10/20]
Pr_Src_cls_loss	: 0.0487
-------------------------------------
[Pr Epoch : 11/20]
Pr_Src_cls_loss	: 0.0458
-------------------------------------
[Pr Epoch : 12/20]
Pr_Src_cls_loss	: 0.0423
-------------------------------------
[Pr Epoch : 13/20]
Pr_Src_cls_loss	: 0.0395
-------------------------------------
[Pr Epoch : 14/20]
Pr_Src_cls_loss	: 0.0373
-------------------------------------
[Pr Epoch : 15/20]
Pr_Src_cls_loss	: 0.0348
-------------------------------------
[Pr Epoch : 16/20]
Pr_Src_cls_loss	: 0.0328
-------------------------------------
[Pr Epoch : 17/20]
Pr_Src_cls_loss	: 0.0312
-------------------------------------
[Pr Epoch : 18/20]
Pr_Src_cls_loss	: 0.0296
-------------------------------------
[Pr Epoch : 19/20]
Pr_Src_cls_loss	: 0.0280
-------------------------------------
[Pr Epoch : 20/20]
Pr_Src_cls_loss	: 0.0266
-------------------------------------
/mnt/data/home/tp2474/OpenSet-AdaTime/algorithms/algorithms.py:1865: UserWarning: Implicit dimension choice for softmax has been deprecated. Change the call to include dim=X as an argument.
  trg_soft_cen = torch.nn.functional.softmax(after_lincls_cen).double()
[Epoch : 1/20]
Pr_Src_cls_loss	: 0.0266
Total_loss	: 0.0759
loss_cls	: 0.0067
loss_align	: 0.0692
-------------------------------------
[Epoch : 2/20]
Pr_Src_cls_loss	: 0.0266
Total_loss	: 0.0709
loss_cls	: 0.0059
loss_align	: 0.0650
-------------------------------------
[Epoch : 3/20]
Pr_Src_cls_loss	: 0.0266
Total_loss	: 0.0728
loss_cls	: 0.0054
loss_align	: 0.0674
-------------------------------------
[Epoch : 4/20]
Pr_Src_cls_loss	: 0.0266
Total_loss	: 0.0751
loss_cls	: 0.0048
loss_align	: 0.0702
-------------------------------------
[Epoch : 5/20]
Pr_Src_cls_loss	: 0.0266
Total_loss	: 0.0753
loss_cls	: 0.0044
loss_align	: 0.0709
-------------------------------------
[Epoch : 6/20]
Pr_Src_cls_loss	: 0.0266
Total_loss	: 0.0739
loss_cls	: 0.0039
loss_align	: 0.0699
-------------------------------------
[Epoch : 7/20]
Pr_Src_cls_loss	: 0.0266
Total_loss	: 0.0725
loss_cls	: 0.0035
loss_align	: 0.0690
-------------------------------------
[Epoch : 8/20]
Pr_Src_cls_loss	: 0.0266
Total_loss	: 0.0720
loss_cls	: 0.0032
loss_align	: 0.0688
-------------------------------------
[Epoch : 9/20]
Pr_Src_cls_loss	: 0.0266
Total_loss	: 0.0715
loss_cls	: 0.0031
loss_align	: 0.0684
Src_cls_loss	: 0.0000
-------------------------------------
[Epoch : 10/20]
Pr_Src_cls_loss	: 0.0266
Total_loss	: 0.0709
loss_cls	: 0.0030
loss_align	: 0.0679
Src_cls_loss	: 0.0000
-------------------------------------
[Epoch : 11/20]
Pr_Src_cls_loss	: 0.0266
Total_loss	: 0.0700
loss_cls	: 0.0028
loss_align	: 0.0672
Src_cls_loss	: 0.0000
-------------------------------------
[Epoch : 12/20]
Pr_Src_cls_loss	: 0.0266
Total_loss	: 0.0691
loss_cls	: 0.0026
loss_align	: 0.0664
Src_cls_loss	: 0.0000
-------------------------------------
[Epoch : 13/20]
Pr_Src_cls_loss	: 0.0266
Total_loss	: 0.0682
loss_cls	: 0.0025
loss_align	: 0.0657
Src_cls_loss	: 0.0000
-------------------------------------
[Epoch : 14/20]
Pr_Src_cls_loss	: 0.0266
Total_loss	: 0.0674
loss_cls	: 0.0024
loss_align	: 0.0650
Src_cls_loss	: 0.0000
-------------------------------------
[Epoch : 15/20]
Pr_Src_cls_loss	: 0.0266
Total_loss	: 0.0672
loss_cls	: 0.0029
loss_align	: 0.0643
Src_cls_loss	: 0.0000
-------------------------------------
[Epoch : 16/20]
Pr_Src_cls_loss	: 0.0266
Total_loss	: 0.0666
loss_cls	: 0.0029
loss_align	: 0.0637
Src_cls_loss	: 0.0000
-------------------------------------
[Epoch : 17/20]
Pr_Src_cls_loss	: 0.0266
Total_loss	: 0.0661
loss_cls	: 0.0029
loss_align	: 0.0632
Src_cls_loss	: 0.0000
-------------------------------------
[Epoch : 18/20]
Pr_Src_cls_loss	: 0.0266
Total_loss	: 0.0656
loss_cls	: 0.0030
loss_align	: 0.0627
Src_cls_loss	: 0.0000
-------------------------------------
[Epoch : 19/20]
Pr_Src_cls_loss	: 0.0266
Total_loss	: 0.0654
loss_cls	: 0.0032
loss_align	: 0.0622
Src_cls_loss	: 0.0000
-------------------------------------
[Epoch : 20/20]
Pr_Src_cls_loss	: 0.0266
Total_loss	: 0.0650
loss_cls	: 0.0033
loss_align	: 0.0617
Src_cls_loss	: 0.0000
-------------------------------------

[UniJDOT Debug] final_threshold = 0.5978 conf mean=0.3845 std=0.2275 reject=73.44%
[UniJDOT Eval ALL] n=35510 threshold=0.5978
[UniJDOT Eval ALL] conf: min=0.1441 max=0.7311 mean=0.3533 std=0.2240
[UniJDOT Eval ALL] rejected: 78.45%
[UniJDOT Eval ALL] pred class dist (pre-reject): [3141, 5505, 60, 45, 5733, 3574, 17452]
[UniJDOT Eval ALL] true label dist: [0, 0, 0, 6433, 6894, 6422, 6470, 9291] (last bin = unknown)
H_score: 0.0562, OS* (acc_c): 0.0289, UNK (acc_p): 0.9812, acc_mix: 0.2781, F1: 0.1659
[UniJDOT Eval ALL] n=35510 threshold=0.5978
[UniJDOT Eval ALL] conf: min=0.1441 max=0.7311 mean=0.3533 std=0.2240
[UniJDOT Eval ALL] rejected: 78.45%
[UniJDOT Eval ALL] pred class dist (pre-reject): [3141, 5505, 60, 45, 5733, 3574, 17452]
[UniJDOT Eval ALL] true label dist: [0, 0, 0, 6433, 6894, 6422, 6470, 9291] (last bin = unknown)
Uploading logs from: /mnt/data/home/tp2474/OpenSet-AdaTime/experiments_logs/curriculum/MHEALTH to RealWorld_UniDA_hard_n3_fno_mean/UniJDOT_UniDA_hard_n3_fno_mean/MHEALTH_to_RealWorld_run_3
🏃 View run UniJDOT_run_3 at: http://127.0.0.1:5001/#/experiments/814425868998510608/runs/64203d1d480a4ad0af3b6300eeab2cb3
🧪 View experiment at: http://127.0.0.1:5001/#/experiments/814425868998510608
=============================================
Dataset: MHEALTH to RealWorld_UniDA_hard_n3_fno_mean
Method:  UniJDOT
=============================================
Source: MHEALTH ---> Target: RealWorld
Run ID: 4
=============================================
[Pr Epoch : 1/20]
Pr_Src_cls_loss	: 0.4462
-------------------------------------
[Pr Epoch : 2/20]
Pr_Src_cls_loss	: 0.2402
-------------------------------------
[Pr Epoch : 3/20]
Pr_Src_cls_loss	: 0.1730
-------------------------------------
[Pr Epoch : 4/20]
Pr_Src_cls_loss	: 0.1329
-------------------------------------
[Pr Epoch : 5/20]
Pr_Src_cls_loss	: 0.1089
-------------------------------------
[Pr Epoch : 6/20]
Pr_Src_cls_loss	: 0.0920
-------------------------------------
[Pr Epoch : 7/20]
Pr_Src_cls_loss	: 0.0792
-------------------------------------
[Pr Epoch : 8/20]
Pr_Src_cls_loss	: 0.0695
-------------------------------------
[Pr Epoch : 9/20]
Pr_Src_cls_loss	: 0.0625
-------------------------------------
[Pr Epoch : 10/20]
Pr_Src_cls_loss	: 0.0566
-------------------------------------
[Pr Epoch : 11/20]
Pr_Src_cls_loss	: 0.0517
-------------------------------------
[Pr Epoch : 12/20]
Pr_Src_cls_loss	: 0.0496
-------------------------------------
[Pr Epoch : 13/20]
Pr_Src_cls_loss	: 0.0475
-------------------------------------
[Pr Epoch : 14/20]
Pr_Src_cls_loss	: 0.0451
-------------------------------------
[Pr Epoch : 15/20]
Pr_Src_cls_loss	: 0.0424
-------------------------------------
[Pr Epoch : 16/20]
Pr_Src_cls_loss	: 0.0400
-------------------------------------
[Pr Epoch : 17/20]
Pr_Src_cls_loss	: 0.0396
-------------------------------------
[Pr Epoch : 18/20]
Pr_Src_cls_loss	: 0.0390
-------------------------------------
[Pr Epoch : 19/20]
Pr_Src_cls_loss	: 0.0372
-------------------------------------
[Pr Epoch : 20/20]
Pr_Src_cls_loss	: 0.0355
-------------------------------------
/mnt/data/home/tp2474/OpenSet-AdaTime/algorithms/algorithms.py:1865: UserWarning: Implicit dimension choice for softmax has been deprecated. Change the call to include dim=X as an argument.
  trg_soft_cen = torch.nn.functional.softmax(after_lincls_cen).double()
[Epoch : 1/20]
Pr_Src_cls_loss	: 0.0355
Total_loss	: 0.0688
loss_cls	: 0.0051
loss_align	: 0.0637
-------------------------------------
[Epoch : 2/20]
Pr_Src_cls_loss	: 0.0355
Total_loss	: 0.0686
loss_cls	: 0.0049
loss_align	: 0.0637
-------------------------------------
[Epoch : 3/20]
Pr_Src_cls_loss	: 0.0355
Total_loss	: 0.0718
loss_cls	: 0.0048
loss_align	: 0.0670
-------------------------------------
[Epoch : 4/20]
Pr_Src_cls_loss	: 0.0355
Total_loss	: 0.0745
loss_cls	: 0.0055
loss_align	: 0.0690
-------------------------------------
[Epoch : 5/20]
Pr_Src_cls_loss	: 0.0355
Total_loss	: 0.0750
loss_cls	: 0.0052
loss_align	: 0.0699
-------------------------------------
[Epoch : 6/20]
Pr_Src_cls_loss	: 0.0355
Total_loss	: 0.0748
loss_cls	: 0.0047
loss_align	: 0.0701
-------------------------------------
[Epoch : 7/20]
Pr_Src_cls_loss	: 0.0355
Total_loss	: 0.0742
loss_cls	: 0.0045
loss_align	: 0.0697
-------------------------------------
[Epoch : 8/20]
Pr_Src_cls_loss	: 0.0355
Total_loss	: 0.0744
loss_cls	: 0.0044
loss_align	: 0.0701
-------------------------------------
[Epoch : 9/20]
Pr_Src_cls_loss	: 0.0355
Total_loss	: 0.0742
loss_cls	: 0.0041
loss_align	: 0.0701
Src_cls_loss	: 0.0000
-------------------------------------
[Epoch : 10/20]
Pr_Src_cls_loss	: 0.0355
Total_loss	: 0.0744
loss_cls	: 0.0039
loss_align	: 0.0705
Src_cls_loss	: 0.0000
-------------------------------------
[Epoch : 11/20]
Pr_Src_cls_loss	: 0.0355
Total_loss	: 0.0741
loss_cls	: 0.0038
loss_align	: 0.0703
Src_cls_loss	: 0.0000
-------------------------------------
[Epoch : 12/20]
Pr_Src_cls_loss	: 0.0355
Total_loss	: 0.0739
loss_cls	: 0.0036
loss_align	: 0.0702
Src_cls_loss	: 0.0000
-------------------------------------
[Epoch : 13/20]
Pr_Src_cls_loss	: 0.0355
Total_loss	: 0.0736
loss_cls	: 0.0035
loss_align	: 0.0701
Src_cls_loss	: 0.0000
-------------------------------------
[Epoch : 14/20]
Pr_Src_cls_loss	: 0.0355
Total_loss	: 0.0732
loss_cls	: 0.0035
loss_align	: 0.0697
Src_cls_loss	: 0.0000
-------------------------------------
[Epoch : 15/20]
Pr_Src_cls_loss	: 0.0355
Total_loss	: 0.0731
loss_cls	: 0.0035
loss_align	: 0.0696
Src_cls_loss	: 0.0000
-------------------------------------
[Epoch : 16/20]
Pr_Src_cls_loss	: 0.0355
Total_loss	: 0.0727
loss_cls	: 0.0034
loss_align	: 0.0693
Src_cls_loss	: 0.0000
-------------------------------------
[Epoch : 17/20]
Pr_Src_cls_loss	: 0.0355
Total_loss	: 0.0722
loss_cls	: 0.0033
loss_align	: 0.0689
Src_cls_loss	: 0.0000
-------------------------------------
[Epoch : 18/20]
Pr_Src_cls_loss	: 0.0355
Total_loss	: 0.0715
loss_cls	: 0.0032
loss_align	: 0.0683
Src_cls_loss	: 0.0000
-------------------------------------
[Epoch : 19/20]
Pr_Src_cls_loss	: 0.0355
Total_loss	: 0.0709
loss_cls	: 0.0031
loss_align	: 0.0677
Src_cls_loss	: 0.0000
-------------------------------------
[Epoch : 20/20]
Pr_Src_cls_loss	: 0.0355
Total_loss	: 0.0703
loss_cls	: 0.0030
loss_align	: 0.0673
Src_cls_loss	: 0.0000
-------------------------------------

[UniJDOT Debug] final_threshold = 0.1662 conf mean=0.3297 std=0.2247 reject=54.69%
[UniJDOT Eval ALL] n=35510 threshold=0.1662
[UniJDOT Eval ALL] conf: min=0.1445 max=0.7311 mean=0.3646 std=0.2336
[UniJDOT Eval ALL] rejected: 50.15%
[UniJDOT Eval ALL] pred class dist (pre-reject): [806, 21501, 63, 4070, 41, 9029, 0]
[UniJDOT Eval ALL] true label dist: [0, 0, 0, 6433, 6894, 6422, 6470, 9291] (last bin = unknown)
H_score: 0.1947, OS* (acc_c): 0.1135, UNK (acc_p): 0.6837, acc_mix: 0.2627, F1: 0.1987
[UniJDOT Eval ALL] n=35510 threshold=0.1662
[UniJDOT Eval ALL] conf: min=0.1445 max=0.7311 mean=0.3646 std=0.2336
[UniJDOT Eval ALL] rejected: 50.15%
[UniJDOT Eval ALL] pred class dist (pre-reject): [806, 21501, 63, 4070, 41, 9029, 0]
[UniJDOT Eval ALL] true label dist: [0, 0, 0, 6433, 6894, 6422, 6470, 9291] (last bin = unknown)
Uploading logs from: /mnt/data/home/tp2474/OpenSet-AdaTime/experiments_logs/curriculum/MHEALTH to RealWorld_UniDA_hard_n3_fno_mean/UniJDOT_UniDA_hard_n3_fno_mean/MHEALTH_to_RealWorld_run_4
🏃 View run UniJDOT_run_4 at: http://127.0.0.1:5001/#/experiments/814425868998510608/runs/39cced7990fe4d21a1d3dd9b9661b130
🧪 View experiment at: http://127.0.0.1:5001/#/experiments/814425868998510608
==================== [n3 fno_mean] done ====================
==================== [n4 fno_mean] UDA ====================
[curriculum] scenario=UniDA  strategy=hard  n_unknown=4  rank_variant=fno_mean
[curriculum] source mapping (8 classes): {'Lying down': 'lying', 'Sitting and relaxing': 'sitting', 'Walking': 'walking', 'Running': 'running', 'Climbing stairs': 'Climbing stairs', 'Frontal elevation of arms': 'Frontal elevation of arms', 'Jump front & back': 'Jump front & back', 'Jogging': 'Jogging'}
[curriculum] target mapping (8 classes): {'lying': 'lying', 'sitting': 'sitting', 'walking': 'walking', 'running': 'running', 'climbingup': 'climbingup', 'jumping': 'jumping', 'climbingdown': 'climbingdown', 'standing': 'standing'}
[curriculum] unknowns added (in hard order): src=[Climbing stairs,Frontal elevation of arms,Jump front & back,Jogging] | trg=[climbingup,jumping,climbingdown,standing]
2026/05/11 17:43:52 INFO mlflow.tracking.fluent: Experiment with name 'MHEALTH to RealWorld_UniDA_hard_n4_fno_mean' does not exist. Creating a new experiment.
[scenario] UDA -> UniDA (uniDA=True)
Unlabeled data shape:  (41859, 150, 18)
Unlabelled Combined shape: (71801, 150, 18)

--- Dataloader Size Check ---
Source Train batches:   33
Target Train batches:   654
-------------------------------

Private classes:  tensor([ 8.,  9., 10., 11.])
=============================================
Dataset: MHEALTH to RealWorld_UniDA_hard_n4_fno_mean
Method:  UDA
=============================================
Source: MHEALTH ---> Target: RealWorld
Run ID: 0
=============================================
[Pr Epoch : 1/20]
Pr_Src_cls_loss	: 1.8447
-------------------------------------
[Pr Epoch : 2/20]
Pr_Src_cls_loss	: 1.7128
-------------------------------------
[Pr Epoch : 3/20]
Pr_Src_cls_loss	: 1.5920
-------------------------------------
[Pr Epoch : 4/20]
Pr_Src_cls_loss	: 1.4769
-------------------------------------
[Pr Epoch : 5/20]
Pr_Src_cls_loss	: 1.3698
-------------------------------------
[Pr Epoch : 6/20]
Pr_Src_cls_loss	: 1.2712
-------------------------------------
[Pr Epoch : 7/20]
Pr_Src_cls_loss	: 1.1824
-------------------------------------
[Pr Epoch : 8/20]
Pr_Src_cls_loss	: 1.1020
-------------------------------------
[Pr Epoch : 9/20]
Pr_Src_cls_loss	: 1.0302
-------------------------------------
[Pr Epoch : 10/20]
Pr_Src_cls_loss	: 0.9657
-------------------------------------
[Pr Epoch : 11/20]
Pr_Src_cls_loss	: 0.9080
-------------------------------------
[Pr Epoch : 12/20]
Pr_Src_cls_loss	: 0.8562
-------------------------------------
[Pr Epoch : 13/20]
Pr_Src_cls_loss	: 0.8095
-------------------------------------
[Pr Epoch : 14/20]
Pr_Src_cls_loss	: 0.7672
-------------------------------------
[Pr Epoch : 15/20]
Pr_Src_cls_loss	: 0.7290
-------------------------------------
[Pr Epoch : 16/20]
Pr_Src_cls_loss	: 0.6942
-------------------------------------
[Pr Epoch : 17/20]
Pr_Src_cls_loss	: 0.6623
-------------------------------------
[Pr Epoch : 18/20]
Pr_Src_cls_loss	: 0.6332
-------------------------------------
[Pr Epoch : 19/20]
Pr_Src_cls_loss	: 0.6066
-------------------------------------
[Pr Epoch : 20/20]
Pr_Src_cls_loss	: 0.5820
-------------------------------------
[Epoch : 1/20]
Pr_Src_cls_loss	: 0.5820
Total_loss	: 5.7820
Domain_loss	: 1.3503
Src_cls_loss	: 0.1122
Adv Loss	: 1.3687
-------------------------------------
[Epoch : 2/20]
Pr_Src_cls_loss	: 0.5820
Total_loss	: 5.7621
Domain_loss	: 1.2933
Src_cls_loss	: 0.1251
Adv Loss	: 1.3527
-------------------------------------
[Epoch : 3/20]
Pr_Src_cls_loss	: 0.5820
Total_loss	: 5.7848
Domain_loss	: 1.2296
Src_cls_loss	: 0.1365
Adv Loss	: 1.3487
-------------------------------------
[Epoch : 4/20]
Pr_Src_cls_loss	: 0.5820
Total_loss	: 5.8177
Domain_loss	: 1.1358
Src_cls_loss	: 0.1439
Adv Loss	: 1.3508
-------------------------------------
[Epoch : 5/20]
Pr_Src_cls_loss	: 0.5820
Total_loss	: 5.7947
Domain_loss	: 1.0318
Src_cls_loss	: 0.1469
Adv Loss	: 1.3425
-------------------------------------
[Epoch : 6/20]
Pr_Src_cls_loss	: 0.5820
Total_loss	: 5.7858
Domain_loss	: 0.9444
Src_cls_loss	: 0.1511
Adv Loss	: 1.3366
-------------------------------------
[Epoch : 7/20]
Pr_Src_cls_loss	: 0.5820
Total_loss	: 5.7736
Domain_loss	: 0.8876
Src_cls_loss	: 0.1533
Adv Loss	: 1.3317
-------------------------------------
[Epoch : 8/20]
Pr_Src_cls_loss	: 0.5820
Total_loss	: 5.7860
Domain_loss	: 0.8444
Src_cls_loss	: 0.1559
Adv Loss	: 1.3326
-------------------------------------
[Epoch : 9/20]
Pr_Src_cls_loss	: 0.5820
Total_loss	: 5.7605
Domain_loss	: 0.8132
Src_cls_loss	: 0.1576
Adv Loss	: 1.3247
-------------------------------------
[Epoch : 10/20]
Pr_Src_cls_loss	: 0.5820
Total_loss	: 5.7771
Domain_loss	: 0.7894
Src_cls_loss	: 0.1577
Adv Loss	: 1.3288
-------------------------------------
[Epoch : 11/20]
Pr_Src_cls_loss	: 0.5820
Total_loss	: 5.7585
Domain_loss	: 0.7617
Src_cls_loss	: 0.1534
Adv Loss	: 1.3278
-------------------------------------
[Epoch : 12/20]
Pr_Src_cls_loss	: 0.5820
Total_loss	: 5.7666
Domain_loss	: 0.7347
Src_cls_loss	: 0.1509
Adv Loss	: 1.3319
-------------------------------------
[Epoch : 13/20]
Pr_Src_cls_loss	: 0.5820
Total_loss	: 5.7773
Domain_loss	: 0.7054
Src_cls_loss	: 0.1506
Adv Loss	: 1.3349
-------------------------------------
[Epoch : 14/20]
Pr_Src_cls_loss	: 0.5820
Total_loss	: 5.7615
Domain_loss	: 0.6756
Src_cls_loss	: 0.1499
Adv Loss	: 1.3315
-------------------------------------
[Epoch : 15/20]
Pr_Src_cls_loss	: 0.5820
Total_loss	: 5.7509
Domain_loss	: 0.6503
Src_cls_loss	: 0.1485
Adv Loss	: 1.3300
-------------------------------------
[Epoch : 16/20]
Pr_Src_cls_loss	: 0.5820
Total_loss	: 5.7405
Domain_loss	: 0.6272
Src_cls_loss	: 0.1463
Adv Loss	: 1.3293
-------------------------------------
[Epoch : 17/20]
Pr_Src_cls_loss	: 0.5820
Total_loss	: 5.7293
Domain_loss	: 0.6098
Src_cls_loss	: 0.1469
Adv Loss	: 1.3259
-------------------------------------
[Epoch : 18/20]
Pr_Src_cls_loss	: 0.5820
Total_loss	: 5.7296
Domain_loss	: 0.5933
Src_cls_loss	: 0.1460
Adv Loss	: 1.3267
-------------------------------------
[Epoch : 19/20]
Pr_Src_cls_loss	: 0.5820
Total_loss	: 5.7085
Domain_loss	: 0.5769
Src_cls_loss	: 0.1434
Adv Loss	: 1.3236
-------------------------------------
[Epoch : 20/20]
Pr_Src_cls_loss	: 0.5820
Total_loss	: 5.7152
Domain_loss	: 0.5640
Src_cls_loss	: 0.1432
Adv Loss	: 1.3255
-------------------------------------
/mnt/data/home/tp2474/OpenSet-AdaTime/trainers/abstract_trainer.py:331: FutureWarning: The behavior of DataFrame concatenation with empty or all-NA entries is deprecated. In a future version, this will no longer exclude empty or all-NA columns when determining the result dtypes. To retain the old behavior, exclude the relevant entries before the concat operation.
  table = pd.concat([table, results_df], ignore_index=True)
H_score: 0.3481, OS* (acc_c): 0.3011, UNK (acc_p): 0.4126, acc_mix: 0.3428, F1: 0.3790
Uploading logs from: /mnt/data/home/tp2474/OpenSet-AdaTime/experiments_logs/curriculum/MHEALTH to RealWorld_UniDA_hard_n4_fno_mean/UDA_UniDA_hard_n4_fno_mean/MHEALTH_to_RealWorld_run_0
🏃 View run UDA_run_0 at: http://127.0.0.1:5001/#/experiments/794510956309761169/runs/9ab2669157cd484c9f3d2fa251eaf4eb
🧪 View experiment at: http://127.0.0.1:5001/#/experiments/794510956309761169
=============================================
Dataset: MHEALTH to RealWorld_UniDA_hard_n4_fno_mean
Method:  UDA
=============================================
Source: MHEALTH ---> Target: RealWorld
Run ID: 1
=============================================
[Pr Epoch : 1/20]
Pr_Src_cls_loss	: 1.8705
-------------------------------------
[Pr Epoch : 2/20]
Pr_Src_cls_loss	: 1.7450
-------------------------------------
[Pr Epoch : 3/20]
Pr_Src_cls_loss	: 1.6262
-------------------------------------
[Pr Epoch : 4/20]
Pr_Src_cls_loss	: 1.5127
-------------------------------------
[Pr Epoch : 5/20]
Pr_Src_cls_loss	: 1.4070
-------------------------------------
[Pr Epoch : 6/20]
Pr_Src_cls_loss	: 1.3095
-------------------------------------
[Pr Epoch : 7/20]
Pr_Src_cls_loss	: 1.2212
-------------------------------------
[Pr Epoch : 8/20]
Pr_Src_cls_loss	: 1.1415
-------------------------------------
[Pr Epoch : 9/20]
Pr_Src_cls_loss	: 1.0690
-------------------------------------
[Pr Epoch : 10/20]
Pr_Src_cls_loss	: 1.0036
-------------------------------------
[Pr Epoch : 11/20]
Pr_Src_cls_loss	: 0.9452
-------------------------------------
[Pr Epoch : 12/20]
Pr_Src_cls_loss	: 0.8922
-------------------------------------
[Pr Epoch : 13/20]
Pr_Src_cls_loss	: 0.8443
-------------------------------------
[Pr Epoch : 14/20]
Pr_Src_cls_loss	: 0.8012
-------------------------------------
[Pr Epoch : 15/20]
Pr_Src_cls_loss	: 0.7619
-------------------------------------
[Pr Epoch : 16/20]
Pr_Src_cls_loss	: 0.7261
-------------------------------------
[Pr Epoch : 17/20]
Pr_Src_cls_loss	: 0.6934
-------------------------------------
[Pr Epoch : 18/20]
Pr_Src_cls_loss	: 0.6634
-------------------------------------
[Pr Epoch : 19/20]
Pr_Src_cls_loss	: 0.6357
-------------------------------------
[Pr Epoch : 20/20]
Pr_Src_cls_loss	: 0.6102
-------------------------------------
[Epoch : 1/20]
Pr_Src_cls_loss	: 0.6102
Total_loss	: 5.7928
Domain_loss	: 1.3494
Src_cls_loss	: 0.1154
Adv Loss	: 1.3686
-------------------------------------
[Epoch : 2/20]
Pr_Src_cls_loss	: 0.6102
Total_loss	: 5.7352
Domain_loss	: 1.2651
Src_cls_loss	: 0.1289
Adv Loss	: 1.3427
-------------------------------------
[Epoch : 3/20]
Pr_Src_cls_loss	: 0.6102
Total_loss	: 5.7976
Domain_loss	: 1.1897
Src_cls_loss	: 0.1511
Adv Loss	: 1.3396
-------------------------------------
[Epoch : 4/20]
Pr_Src_cls_loss	: 0.6102
Total_loss	: 5.8603
Domain_loss	: 1.1123
Src_cls_loss	: 0.1665
Adv Loss	: 1.3424
-------------------------------------
[Epoch : 5/20]
Pr_Src_cls_loss	: 0.6102
Total_loss	: 5.8512
Domain_loss	: 1.0377
Src_cls_loss	: 0.1717
Adv Loss	: 1.3357
-------------------------------------
[Epoch : 6/20]
Pr_Src_cls_loss	: 0.6102
Total_loss	: 5.8708
Domain_loss	: 0.9703
Src_cls_loss	: 0.1783
Adv Loss	: 1.3351
-------------------------------------
[Epoch : 7/20]
Pr_Src_cls_loss	: 0.6102
Total_loss	: 5.8369
Domain_loss	: 0.9102
Src_cls_loss	: 0.1781
Adv Loss	: 1.3267
-------------------------------------
[Epoch : 8/20]
Pr_Src_cls_loss	: 0.6102
Total_loss	: 5.7995
Domain_loss	: 0.8654
Src_cls_loss	: 0.1784
Adv Loss	: 1.3170
-------------------------------------
[Epoch : 9/20]
Pr_Src_cls_loss	: 0.6102
Total_loss	: 5.8793
Domain_loss	: 0.8443
Src_cls_loss	: 0.1814
Adv Loss	: 1.3346
-------------------------------------
[Epoch : 10/20]
Pr_Src_cls_loss	: 0.6102
Total_loss	: 5.8425
Domain_loss	: 0.8140
Src_cls_loss	: 0.1798
Adv Loss	: 1.3266
-------------------------------------
[Epoch : 11/20]
Pr_Src_cls_loss	: 0.6102
Total_loss	: 5.8521
Domain_loss	: 0.7896
Src_cls_loss	: 0.1784
Adv Loss	: 1.3302
-------------------------------------
[Epoch : 12/20]
Pr_Src_cls_loss	: 0.6102
Total_loss	: 5.8366
Domain_loss	: 0.7480
Src_cls_loss	: 0.1763
Adv Loss	: 1.3281
-------------------------------------
[Epoch : 13/20]
Pr_Src_cls_loss	: 0.6102
Total_loss	: 5.8028
Domain_loss	: 0.7169
Src_cls_loss	: 0.1733
Adv Loss	: 1.3221
-------------------------------------
[Epoch : 14/20]
Pr_Src_cls_loss	: 0.6102
Total_loss	: 5.7852
Domain_loss	: 0.6902
Src_cls_loss	: 0.1721
Adv Loss	: 1.3187
-------------------------------------
[Epoch : 15/20]
Pr_Src_cls_loss	: 0.6102
Total_loss	: 5.7767
Domain_loss	: 0.6690
Src_cls_loss	: 0.1699
Adv Loss	: 1.3184
-------------------------------------
[Epoch : 16/20]
Pr_Src_cls_loss	: 0.6102
Total_loss	: 5.8074
Domain_loss	: 0.6543
Src_cls_loss	: 0.1723
Adv Loss	: 1.3241
-------------------------------------
[Epoch : 17/20]
Pr_Src_cls_loss	: 0.6102
Total_loss	: 5.8183
Domain_loss	: 0.6320
Src_cls_loss	: 0.1717
Adv Loss	: 1.3274
-------------------------------------
[Epoch : 18/20]
Pr_Src_cls_loss	: 0.6102
Total_loss	: 5.7928
Domain_loss	: 0.6114
Src_cls_loss	: 0.1677
Adv Loss	: 1.3243
-------------------------------------
[Epoch : 19/20]
Pr_Src_cls_loss	: 0.6102
Total_loss	: 5.7828
Domain_loss	: 0.5958
Src_cls_loss	: 0.1664
Adv Loss	: 1.3229
-------------------------------------
[Epoch : 20/20]
Pr_Src_cls_loss	: 0.6102
Total_loss	: 5.7750
Domain_loss	: 0.5835
Src_cls_loss	: 0.1661
Adv Loss	: 1.3212
-------------------------------------
H_score: 0.1397, OS* (acc_c): 0.0835, UNK (acc_p): 0.4268, acc_mix: 0.2118, F1: 0.2175
Uploading logs from: /mnt/data/home/tp2474/OpenSet-AdaTime/experiments_logs/curriculum/MHEALTH to RealWorld_UniDA_hard_n4_fno_mean/UDA_UniDA_hard_n4_fno_mean/MHEALTH_to_RealWorld_run_1
🏃 View run UDA_run_1 at: http://127.0.0.1:5001/#/experiments/794510956309761169/runs/8336d54c858944eabd95ec79c9929398
🧪 View experiment at: http://127.0.0.1:5001/#/experiments/794510956309761169
=============================================
Dataset: MHEALTH to RealWorld_UniDA_hard_n4_fno_mean
Method:  UDA
=============================================
Source: MHEALTH ---> Target: RealWorld
Run ID: 2
=============================================
[Pr Epoch : 1/20]
Pr_Src_cls_loss	: 1.8706
-------------------------------------
[Pr Epoch : 2/20]
Pr_Src_cls_loss	: 1.7416
-------------------------------------
[Pr Epoch : 3/20]
Pr_Src_cls_loss	: 1.6215
-------------------------------------
[Pr Epoch : 4/20]
Pr_Src_cls_loss	: 1.5071
-------------------------------------
[Pr Epoch : 5/20]
Pr_Src_cls_loss	: 1.4012
-------------------------------------
[Pr Epoch : 6/20]
Pr_Src_cls_loss	: 1.3031
-------------------------------------
[Pr Epoch : 7/20]
Pr_Src_cls_loss	: 1.2144
-------------------------------------
[Pr Epoch : 8/20]
Pr_Src_cls_loss	: 1.1339
-------------------------------------
[Pr Epoch : 9/20]
Pr_Src_cls_loss	: 1.0612
-------------------------------------
[Pr Epoch : 10/20]
Pr_Src_cls_loss	: 0.9958
-------------------------------------
[Pr Epoch : 11/20]
Pr_Src_cls_loss	: 0.9369
-------------------------------------
[Pr Epoch : 12/20]
Pr_Src_cls_loss	: 0.8836
-------------------------------------
[Pr Epoch : 13/20]
Pr_Src_cls_loss	: 0.8358
-------------------------------------
[Pr Epoch : 14/20]
Pr_Src_cls_loss	: 0.7923
-------------------------------------
[Pr Epoch : 15/20]
Pr_Src_cls_loss	: 0.7529
-------------------------------------
[Pr Epoch : 16/20]
Pr_Src_cls_loss	: 0.7171
-------------------------------------
[Pr Epoch : 17/20]
Pr_Src_cls_loss	: 0.6844
-------------------------------------
[Pr Epoch : 18/20]
Pr_Src_cls_loss	: 0.6545
-------------------------------------
[Pr Epoch : 19/20]
Pr_Src_cls_loss	: 0.6270
-------------------------------------
[Pr Epoch : 20/20]
Pr_Src_cls_loss	: 0.6016
-------------------------------------
[Epoch : 1/20]
Pr_Src_cls_loss	: 0.6016
Total_loss	: 5.7878
Domain_loss	: 1.3426
Src_cls_loss	: 0.1137
Adv Loss	: 1.3689
-------------------------------------
[Epoch : 2/20]
Pr_Src_cls_loss	: 0.6016
Total_loss	: 5.7344
Domain_loss	: 1.2590
Src_cls_loss	: 0.1215
Adv Loss	: 1.3487
-------------------------------------
[Epoch : 3/20]
Pr_Src_cls_loss	: 0.6016
Total_loss	: 5.7625
Domain_loss	: 1.1414
Src_cls_loss	: 0.1406
Adv Loss	: 1.3396
-------------------------------------
[Epoch : 4/20]
Pr_Src_cls_loss	: 0.6016
Total_loss	: 5.8093
Domain_loss	: 1.0508
Src_cls_loss	: 0.1551
Adv Loss	: 1.3392
-------------------------------------
[Epoch : 5/20]
Pr_Src_cls_loss	: 0.6016
Total_loss	: 5.7782
Domain_loss	: 0.9780
Src_cls_loss	: 0.1568
Adv Loss	: 1.3298
-------------------------------------
[Epoch : 6/20]
Pr_Src_cls_loss	: 0.6016
Total_loss	: 5.7575
Domain_loss	: 0.9311
Src_cls_loss	: 0.1624
Adv Loss	: 1.3199
-------------------------------------
[Epoch : 7/20]
Pr_Src_cls_loss	: 0.6016
Total_loss	: 5.8114
Domain_loss	: 0.9170
Src_cls_loss	: 0.1690
Adv Loss	: 1.3279
-------------------------------------
[Epoch : 8/20]
Pr_Src_cls_loss	: 0.6016
Total_loss	: 5.8085
Domain_loss	: 0.8774
Src_cls_loss	: 0.1701
Adv Loss	: 1.3263
-------------------------------------
[Epoch : 9/20]
Pr_Src_cls_loss	: 0.6016
Total_loss	: 5.8112
Domain_loss	: 0.8460
Src_cls_loss	: 0.1719
Adv Loss	: 1.3254
-------------------------------------
[Epoch : 10/20]
Pr_Src_cls_loss	: 0.6016
Total_loss	: 5.8013
Domain_loss	: 0.8171
Src_cls_loss	: 0.1693
Adv Loss	: 1.3251
-------------------------------------
[Epoch : 11/20]
Pr_Src_cls_loss	: 0.6016
Total_loss	: 5.7582
Domain_loss	: 0.7800
Src_cls_loss	: 0.1653
Adv Loss	: 1.3176
-------------------------------------
[Epoch : 12/20]
Pr_Src_cls_loss	: 0.6016
Total_loss	: 5.7342
Domain_loss	: 0.7647
Src_cls_loss	: 0.1659
Adv Loss	: 1.3110
-------------------------------------
[Epoch : 13/20]
Pr_Src_cls_loss	: 0.6016
Total_loss	: 5.7309
Domain_loss	: 0.7454
Src_cls_loss	: 0.1679
Adv Loss	: 1.3085
-------------------------------------
[Epoch : 14/20]
Pr_Src_cls_loss	: 0.6016
Total_loss	: 5.7170
Domain_loss	: 0.7365
Src_cls_loss	: 0.1674
Adv Loss	: 1.3053
-------------------------------------
[Epoch : 15/20]
Pr_Src_cls_loss	: 0.6016
Total_loss	: 5.7573
Domain_loss	: 0.7307
Src_cls_loss	: 0.1696
Adv Loss	: 1.3137
-------------------------------------
[Epoch : 16/20]
Pr_Src_cls_loss	: 0.6016
Total_loss	: 5.7428
Domain_loss	: 0.7132
Src_cls_loss	: 0.1686
Adv Loss	: 1.3108
-------------------------------------
[Epoch : 17/20]
Pr_Src_cls_loss	: 0.6016
Total_loss	: 5.7438
Domain_loss	: 0.7019
Src_cls_loss	: 0.1662
Adv Loss	: 1.3132
-------------------------------------
[Epoch : 18/20]
Pr_Src_cls_loss	: 0.6016
Total_loss	: 5.7012
Domain_loss	: 0.6817
Src_cls_loss	: 0.1639
Adv Loss	: 1.3044
-------------------------------------
[Epoch : 19/20]
Pr_Src_cls_loss	: 0.6016
Total_loss	: 5.6935
Domain_loss	: 0.6735
Src_cls_loss	: 0.1634
Adv Loss	: 1.3028
-------------------------------------
[Epoch : 20/20]
Pr_Src_cls_loss	: 0.6016
Total_loss	: 5.6951
Domain_loss	: 0.6603
Src_cls_loss	: 0.1631
Adv Loss	: 1.3035
-------------------------------------
H_score: 0.3248, OS* (acc_c): 0.2698, UNK (acc_p): 0.4079, acc_mix: 0.3214, F1: 0.3548
Uploading logs from: /mnt/data/home/tp2474/OpenSet-AdaTime/experiments_logs/curriculum/MHEALTH to RealWorld_UniDA_hard_n4_fno_mean/UDA_UniDA_hard_n4_fno_mean/MHEALTH_to_RealWorld_run_2
🏃 View run UDA_run_2 at: http://127.0.0.1:5001/#/experiments/794510956309761169/runs/90f2e05ab7354fc890a953a551e00f78
🧪 View experiment at: http://127.0.0.1:5001/#/experiments/794510956309761169
=============================================
Dataset: MHEALTH to RealWorld_UniDA_hard_n4_fno_mean
Method:  UDA
=============================================
Source: MHEALTH ---> Target: RealWorld
Run ID: 3
=============================================
[Pr Epoch : 1/20]
Pr_Src_cls_loss	: 1.8642
-------------------------------------
[Pr Epoch : 2/20]
Pr_Src_cls_loss	: 1.7383
-------------------------------------
[Pr Epoch : 3/20]
Pr_Src_cls_loss	: 1.6198
-------------------------------------
[Pr Epoch : 4/20]
Pr_Src_cls_loss	: 1.5076
-------------------------------------
[Pr Epoch : 5/20]
Pr_Src_cls_loss	: 1.4036
-------------------------------------
[Pr Epoch : 6/20]
Pr_Src_cls_loss	: 1.3076
-------------------------------------
[Pr Epoch : 7/20]
Pr_Src_cls_loss	: 1.2201
-------------------------------------
[Pr Epoch : 8/20]
Pr_Src_cls_loss	: 1.1407
-------------------------------------
[Pr Epoch : 9/20]
Pr_Src_cls_loss	: 1.0689
-------------------------------------
[Pr Epoch : 10/20]
Pr_Src_cls_loss	: 1.0039
-------------------------------------
[Pr Epoch : 11/20]
Pr_Src_cls_loss	: 0.9452
-------------------------------------
[Pr Epoch : 12/20]
Pr_Src_cls_loss	: 0.8923
-------------------------------------
[Pr Epoch : 13/20]
Pr_Src_cls_loss	: 0.8443
-------------------------------------
[Pr Epoch : 14/20]
Pr_Src_cls_loss	: 0.8011
-------------------------------------
[Pr Epoch : 15/20]
Pr_Src_cls_loss	: 0.7618
-------------------------------------
[Pr Epoch : 16/20]
Pr_Src_cls_loss	: 0.7261
-------------------------------------
[Pr Epoch : 17/20]
Pr_Src_cls_loss	: 0.6934
-------------------------------------
[Pr Epoch : 18/20]
Pr_Src_cls_loss	: 0.6633
-------------------------------------
[Pr Epoch : 19/20]
Pr_Src_cls_loss	: 0.6357
-------------------------------------
[Pr Epoch : 20/20]
Pr_Src_cls_loss	: 0.6102
-------------------------------------
[Epoch : 1/20]
Pr_Src_cls_loss	: 0.6102
Total_loss	: 5.8199
Domain_loss	: 1.3532
Src_cls_loss	: 0.1274
Adv Loss	: 1.3653
-------------------------------------
[Epoch : 2/20]
Pr_Src_cls_loss	: 0.6102
Total_loss	: 5.8268
Domain_loss	: 1.3158
Src_cls_loss	: 0.1339
Adv Loss	: 1.3616
-------------------------------------
[Epoch : 3/20]
Pr_Src_cls_loss	: 0.6102
Total_loss	: 5.7646
Domain_loss	: 1.2033
Src_cls_loss	: 0.1379
Adv Loss	: 1.3424
-------------------------------------
[Epoch : 4/20]
Pr_Src_cls_loss	: 0.6102
Total_loss	: 5.7951
Domain_loss	: 1.0961
Src_cls_loss	: 0.1503
Adv Loss	: 1.3397
-------------------------------------
[Epoch : 5/20]
Pr_Src_cls_loss	: 0.6102
Total_loss	: 5.7936
Domain_loss	: 0.9932
Src_cls_loss	: 0.1558
Adv Loss	: 1.3346
-------------------------------------
[Epoch : 6/20]
Pr_Src_cls_loss	: 0.6102
Total_loss	: 5.7829
Domain_loss	: 0.9049
Src_cls_loss	: 0.1614
Adv Loss	: 1.3271
-------------------------------------
[Epoch : 7/20]
Pr_Src_cls_loss	: 0.6102
Total_loss	: 5.7876
Domain_loss	: 0.8640
Src_cls_loss	: 0.1699
Adv Loss	: 1.3211
-------------------------------------
[Epoch : 8/20]
Pr_Src_cls_loss	: 0.6102
Total_loss	: 5.8094
Domain_loss	: 0.8231
Src_cls_loss	: 0.1741
Adv Loss	: 1.3231
-------------------------------------
[Epoch : 9/20]
Pr_Src_cls_loss	: 0.6102
Total_loss	: 5.7963
Domain_loss	: 0.8009
Src_cls_loss	: 0.1713
Adv Loss	: 1.3222
-------------------------------------
[Epoch : 10/20]
Pr_Src_cls_loss	: 0.6102
Total_loss	: 5.7918
Domain_loss	: 0.7684
Src_cls_loss	: 0.1733
Adv Loss	: 1.3193
-------------------------------------
[Epoch : 11/20]
Pr_Src_cls_loss	: 0.6102
Total_loss	: 5.7667
Domain_loss	: 0.7473
Src_cls_loss	: 0.1731
Adv Loss	: 1.3131
-------------------------------------
[Epoch : 12/20]
Pr_Src_cls_loss	: 0.6102
Total_loss	: 5.7164
Domain_loss	: 0.7339
Src_cls_loss	: 0.1722
Adv Loss	: 1.3011
-------------------------------------
[Epoch : 13/20]
Pr_Src_cls_loss	: 0.6102
Total_loss	: 5.7821
Domain_loss	: 0.7472
Src_cls_loss	: 0.1781
Adv Loss	: 1.3128
-------------------------------------
[Epoch : 14/20]
Pr_Src_cls_loss	: 0.6102
Total_loss	: 5.8135
Domain_loss	: 0.7294
Src_cls_loss	: 0.1784
Adv Loss	: 1.3205
-------------------------------------
[Epoch : 15/20]
Pr_Src_cls_loss	: 0.6102
Total_loss	: 5.7863
Domain_loss	: 0.7052
Src_cls_loss	: 0.1750
Adv Loss	: 1.3165
-------------------------------------
[Epoch : 16/20]
Pr_Src_cls_loss	: 0.6102
Total_loss	: 5.7938
Domain_loss	: 0.6851
Src_cls_loss	: 0.1734
Adv Loss	: 1.3197
-------------------------------------
[Epoch : 17/20]
Pr_Src_cls_loss	: 0.6102
Total_loss	: 5.7791
Domain_loss	: 0.6656
Src_cls_loss	: 0.1701
Adv Loss	: 1.3188
-------------------------------------
[Epoch : 18/20]
Pr_Src_cls_loss	: 0.6102
Total_loss	: 5.7679
Domain_loss	: 0.6465
Src_cls_loss	: 0.1677
Adv Loss	: 1.3180
-------------------------------------
[Epoch : 19/20]
Pr_Src_cls_loss	: 0.6102
Total_loss	: 5.7576
Domain_loss	: 0.6271
Src_cls_loss	: 0.1658
Adv Loss	: 1.3170
-------------------------------------
[Epoch : 20/20]
Pr_Src_cls_loss	: 0.6102
Total_loss	: 5.7349
Domain_loss	: 0.6109
Src_cls_loss	: 0.1631
Adv Loss	: 1.3136
-------------------------------------
H_score: 0.2130, OS* (acc_c): 0.1419, UNK (acc_p): 0.4263, acc_mix: 0.2482, F1: 0.2723
Uploading logs from: /mnt/data/home/tp2474/OpenSet-AdaTime/experiments_logs/curriculum/MHEALTH to RealWorld_UniDA_hard_n4_fno_mean/UDA_UniDA_hard_n4_fno_mean/MHEALTH_to_RealWorld_run_3
🏃 View run UDA_run_3 at: http://127.0.0.1:5001/#/experiments/794510956309761169/runs/2d64c617b8994bb18491cbe659d9bf18
🧪 View experiment at: http://127.0.0.1:5001/#/experiments/794510956309761169
=============================================
Dataset: MHEALTH to RealWorld_UniDA_hard_n4_fno_mean
Method:  UDA
=============================================
Source: MHEALTH ---> Target: RealWorld
Run ID: 4
=============================================
[Pr Epoch : 1/20]
Pr_Src_cls_loss	: 1.8471
-------------------------------------
[Pr Epoch : 2/20]
Pr_Src_cls_loss	: 1.7173
-------------------------------------
[Pr Epoch : 3/20]
Pr_Src_cls_loss	: 1.5960
-------------------------------------
[Pr Epoch : 4/20]
Pr_Src_cls_loss	: 1.4833
-------------------------------------
[Pr Epoch : 5/20]
Pr_Src_cls_loss	: 1.3789
-------------------------------------
[Pr Epoch : 6/20]
Pr_Src_cls_loss	: 1.2826
-------------------------------------
[Pr Epoch : 7/20]
Pr_Src_cls_loss	: 1.1955
-------------------------------------
[Pr Epoch : 8/20]
Pr_Src_cls_loss	: 1.1165
-------------------------------------
[Pr Epoch : 9/20]
Pr_Src_cls_loss	: 1.0452
-------------------------------------
[Pr Epoch : 10/20]
Pr_Src_cls_loss	: 0.9809
-------------------------------------
[Pr Epoch : 11/20]
Pr_Src_cls_loss	: 0.9230
-------------------------------------
[Pr Epoch : 12/20]
Pr_Src_cls_loss	: 0.8711
-------------------------------------
[Pr Epoch : 13/20]
Pr_Src_cls_loss	: 0.8240
-------------------------------------
[Pr Epoch : 14/20]
Pr_Src_cls_loss	: 0.7813
-------------------------------------
[Pr Epoch : 15/20]
Pr_Src_cls_loss	: 0.7427
-------------------------------------
[Pr Epoch : 16/20]
Pr_Src_cls_loss	: 0.7075
-------------------------------------
[Pr Epoch : 17/20]
Pr_Src_cls_loss	: 0.6754
-------------------------------------
[Pr Epoch : 18/20]
Pr_Src_cls_loss	: 0.6460
-------------------------------------
[Pr Epoch : 19/20]
Pr_Src_cls_loss	: 0.6189
-------------------------------------
[Pr Epoch : 20/20]
Pr_Src_cls_loss	: 0.5940
-------------------------------------
[Epoch : 1/20]
Pr_Src_cls_loss	: 0.5940
Total_loss	: 5.8060
Domain_loss	: 1.3492
Src_cls_loss	: 0.1165
Adv Loss	: 1.3711
-------------------------------------
[Epoch : 2/20]
Pr_Src_cls_loss	: 0.5940
Total_loss	: 5.7676
Domain_loss	: 1.2805
Src_cls_loss	: 0.1261
Adv Loss	: 1.3532
-------------------------------------
[Epoch : 3/20]
Pr_Src_cls_loss	: 0.5940
Total_loss	: 5.7617
Domain_loss	: 1.1976
Src_cls_loss	: 0.1384
Adv Loss	: 1.3413
-------------------------------------
[Epoch : 4/20]
Pr_Src_cls_loss	: 0.5940
Total_loss	: 5.7890
Domain_loss	: 1.1165
Src_cls_loss	: 0.1565
Adv Loss	: 1.3328
-------------------------------------
[Epoch : 5/20]
Pr_Src_cls_loss	: 0.5940
Total_loss	: 5.8331
Domain_loss	: 1.0514
Src_cls_loss	: 0.1686
Adv Loss	: 1.3337
-------------------------------------
[Epoch : 6/20]
Pr_Src_cls_loss	: 0.5940
Total_loss	: 5.8183
Domain_loss	: 0.9721
Src_cls_loss	: 0.1675
Adv Loss	: 1.3309
-------------------------------------
[Epoch : 7/20]
Pr_Src_cls_loss	: 0.5940
Total_loss	: 5.8422
Domain_loss	: 0.9225
Src_cls_loss	: 0.1724
Adv Loss	: 1.3329
-------------------------------------
[Epoch : 8/20]
Pr_Src_cls_loss	: 0.5940
Total_loss	: 5.8231
Domain_loss	: 0.8714
Src_cls_loss	: 0.1737
Adv Loss	: 1.3269
-------------------------------------
[Epoch : 9/20]
Pr_Src_cls_loss	: 0.5940
Total_loss	: 5.7879
Domain_loss	: 0.8338
Src_cls_loss	: 0.1764
Adv Loss	: 1.3157
-------------------------------------
[Epoch : 10/20]
Pr_Src_cls_loss	: 0.5940
Total_loss	: 5.8606
Domain_loss	: 0.8130
Src_cls_loss	: 0.1793
Adv Loss	: 1.3316
-------------------------------------
[Epoch : 11/20]
Pr_Src_cls_loss	: 0.5940
Total_loss	: 5.8136
Domain_loss	: 0.7757
Src_cls_loss	: 0.1751
Adv Loss	: 1.3233
-------------------------------------
[Epoch : 12/20]
Pr_Src_cls_loss	: 0.5940
Total_loss	: 5.8034
Domain_loss	: 0.7509
Src_cls_loss	: 0.1736
Adv Loss	: 1.3220
-------------------------------------
[Epoch : 13/20]
Pr_Src_cls_loss	: 0.5940
Total_loss	: 5.8099
Domain_loss	: 0.7308
Src_cls_loss	: 0.1750
Adv Loss	: 1.3225
-------------------------------------
[Epoch : 14/20]
Pr_Src_cls_loss	: 0.5940
Total_loss	: 5.8055
Domain_loss	: 0.7126
Src_cls_loss	: 0.1736
Adv Loss	: 1.3225
-------------------------------------
[Epoch : 15/20]
Pr_Src_cls_loss	: 0.5940
Total_loss	: 5.7924
Domain_loss	: 0.6936
Src_cls_loss	: 0.1710
Adv Loss	: 1.3214
-------------------------------------
[Epoch : 16/20]
Pr_Src_cls_loss	: 0.5940
Total_loss	: 5.7717
Domain_loss	: 0.6778
Src_cls_loss	: 0.1676
Adv Loss	: 1.3191
-------------------------------------
[Epoch : 17/20]
Pr_Src_cls_loss	: 0.5940
Total_loss	: 5.7673
Domain_loss	: 0.6712
Src_cls_loss	: 0.1663
Adv Loss	: 1.3191
-------------------------------------
[Epoch : 18/20]
Pr_Src_cls_loss	: 0.5940
Total_loss	: 5.7790
Domain_loss	: 0.6569
Src_cls_loss	: 0.1678
Adv Loss	: 1.3207
-------------------------------------
[Epoch : 19/20]
Pr_Src_cls_loss	: 0.5940
Total_loss	: 5.7708
Domain_loss	: 0.6441
Src_cls_loss	: 0.1644
Adv Loss	: 1.3215
-------------------------------------
[Epoch : 20/20]
Pr_Src_cls_loss	: 0.5940
Total_loss	: 5.7591
Domain_loss	: 0.6287
Src_cls_loss	: 0.1609
Adv Loss	: 1.3215
-------------------------------------
H_score: 0.2967, OS* (acc_c): 0.2391, UNK (acc_p): 0.3911, acc_mix: 0.2959, F1: 0.3284
Uploading logs from: /mnt/data/home/tp2474/OpenSet-AdaTime/experiments_logs/curriculum/MHEALTH to RealWorld_UniDA_hard_n4_fno_mean/UDA_UniDA_hard_n4_fno_mean/MHEALTH_to_RealWorld_run_4
🏃 View run UDA_run_4 at: http://127.0.0.1:5001/#/experiments/794510956309761169/runs/b3d49c65096c4446b11d99a2934a8539
🧪 View experiment at: http://127.0.0.1:5001/#/experiments/794510956309761169
==================== [n4 fno_mean] OVANet ====================
[curriculum] scenario=UniDA  strategy=hard  n_unknown=4  rank_variant=fno_mean
[curriculum] source mapping (8 classes): {'Lying down': 'lying', 'Sitting and relaxing': 'sitting', 'Walking': 'walking', 'Running': 'running', 'Climbing stairs': 'Climbing stairs', 'Frontal elevation of arms': 'Frontal elevation of arms', 'Jump front & back': 'Jump front & back', 'Jogging': 'Jogging'}
[curriculum] target mapping (8 classes): {'lying': 'lying', 'sitting': 'sitting', 'walking': 'walking', 'running': 'running', 'climbingup': 'climbingup', 'jumping': 'jumping', 'climbingdown': 'climbingdown', 'standing': 'standing'}
[curriculum] unknowns added (in hard order): src=[Climbing stairs,Frontal elevation of arms,Jump front & back,Jogging] | trg=[climbingup,jumping,climbingdown,standing]
[scenario] OVANet -> UniDA (uniDA=True)
Unlabeled data shape:  (41859, 150, 18)
Unlabelled Combined shape: (71801, 150, 18)

--- Dataloader Size Check ---
Source Train batches:   33
Target Train batches:   654
-------------------------------

Private classes:  tensor([ 8.,  9., 10., 11.])
=============================================
Dataset: MHEALTH to RealWorld_UniDA_hard_n4_fno_mean
Method:  OVANet
=============================================
Source: MHEALTH ---> Target: RealWorld
Run ID: 0
=============================================
[Pr Epoch : 1/20]
Pr_Src_cls_loss	: 1.8470
-------------------------------------
[Pr Epoch : 2/20]
Pr_Src_cls_loss	: 1.7173
-------------------------------------
[Pr Epoch : 3/20]
Pr_Src_cls_loss	: 1.5958
-------------------------------------
[Pr Epoch : 4/20]
Pr_Src_cls_loss	: 1.4814
-------------------------------------
[Pr Epoch : 5/20]
Pr_Src_cls_loss	: 1.3746
-------------------------------------
[Pr Epoch : 6/20]
Pr_Src_cls_loss	: 1.2770
-------------------------------------
[Pr Epoch : 7/20]
Pr_Src_cls_loss	: 1.1882
-------------------------------------
[Pr Epoch : 8/20]
Pr_Src_cls_loss	: 1.1081
-------------------------------------
[Pr Epoch : 9/20]
Pr_Src_cls_loss	: 1.0366
-------------------------------------
[Pr Epoch : 10/20]
Pr_Src_cls_loss	: 0.9720
-------------------------------------
[Pr Epoch : 11/20]
Pr_Src_cls_loss	: 0.9140
-------------------------------------
[Pr Epoch : 12/20]
Pr_Src_cls_loss	: 0.8618
-------------------------------------
[Pr Epoch : 13/20]
Pr_Src_cls_loss	: 0.8148
-------------------------------------
[Pr Epoch : 14/20]
Pr_Src_cls_loss	: 0.7723
-------------------------------------
[Pr Epoch : 15/20]
Pr_Src_cls_loss	: 0.7338
-------------------------------------
[Pr Epoch : 16/20]
Pr_Src_cls_loss	: 0.6987
-------------------------------------
[Pr Epoch : 17/20]
Pr_Src_cls_loss	: 0.6667
-------------------------------------
[Pr Epoch : 18/20]
Pr_Src_cls_loss	: 0.6374
-------------------------------------
[Pr Epoch : 19/20]
Pr_Src_cls_loss	: 0.6105
-------------------------------------
[Pr Epoch : 20/20]
Pr_Src_cls_loss	: 0.5857
-------------------------------------
[Epoch : 1/20]
Pr_Src_cls_loss	: 0.5857
Total_loss	: 1.5068
Open Loss	: 0.7057
Src_cls_loss	: 0.1086
Entropy Open	: 0.6925
-------------------------------------
[Epoch : 2/20]
Pr_Src_cls_loss	: 0.5857
Total_loss	: 1.4940
Open Loss	: 0.6938
Src_cls_loss	: 0.1077
Entropy Open	: 0.6925
-------------------------------------
[Epoch : 3/20]
Pr_Src_cls_loss	: 0.5857
Total_loss	: 1.4840
Open Loss	: 0.6842
Src_cls_loss	: 0.1072
Entropy Open	: 0.6926
-------------------------------------
[Epoch : 4/20]
Pr_Src_cls_loss	: 0.5857
Total_loss	: 1.4744
Open Loss	: 0.6756
Src_cls_loss	: 0.1062
Entropy Open	: 0.6925
-------------------------------------
[Epoch : 5/20]
Pr_Src_cls_loss	: 0.5857
Total_loss	: 1.4652
Open Loss	: 0.6677
Src_cls_loss	: 0.1051
Entropy Open	: 0.6925
-------------------------------------
[Epoch : 6/20]
Pr_Src_cls_loss	: 0.5857
Total_loss	: 1.4568
Open Loss	: 0.6603
Src_cls_loss	: 0.1042
Entropy Open	: 0.6923
-------------------------------------
[Epoch : 7/20]
Pr_Src_cls_loss	: 0.5857
Total_loss	: 1.4487
Open Loss	: 0.6534
Src_cls_loss	: 0.1032
Entropy Open	: 0.6922
-------------------------------------
[Epoch : 8/20]
Pr_Src_cls_loss	: 0.5857
Total_loss	: 1.4408
Open Loss	: 0.6468
Src_cls_loss	: 0.1021
Entropy Open	: 0.6919
-------------------------------------
[Epoch : 9/20]
Pr_Src_cls_loss	: 0.5857
Total_loss	: 1.4330
Open Loss	: 0.6404
Src_cls_loss	: 0.1010
Entropy Open	: 0.6916
-------------------------------------
[Epoch : 10/20]
Pr_Src_cls_loss	: 0.5857
Total_loss	: 1.4254
Open Loss	: 0.6342
Src_cls_loss	: 0.1000
Entropy Open	: 0.6912
-------------------------------------
[Epoch : 11/20]
Pr_Src_cls_loss	: 0.5857
Total_loss	: 1.4178
Open Loss	: 0.6282
Src_cls_loss	: 0.0989
Entropy Open	: 0.6907
-------------------------------------
[Epoch : 12/20]
Pr_Src_cls_loss	: 0.5857
Total_loss	: 1.4103
Open Loss	: 0.6223
Src_cls_loss	: 0.0978
Entropy Open	: 0.6901
-------------------------------------
[Epoch : 13/20]
Pr_Src_cls_loss	: 0.5857
Total_loss	: 1.4028
Open Loss	: 0.6166
Src_cls_loss	: 0.0968
Entropy Open	: 0.6895
-------------------------------------
[Epoch : 14/20]
Pr_Src_cls_loss	: 0.5857
Total_loss	: 1.3955
Open Loss	: 0.6110
Src_cls_loss	: 0.0958
Entropy Open	: 0.6887
-------------------------------------
[Epoch : 15/20]
Pr_Src_cls_loss	: 0.5857
Total_loss	: 1.3881
Open Loss	: 0.6055
Src_cls_loss	: 0.0948
Entropy Open	: 0.6878
-------------------------------------
[Epoch : 16/20]
Pr_Src_cls_loss	: 0.5857
Total_loss	: 1.3808
Open Loss	: 0.6001
Src_cls_loss	: 0.0938
Entropy Open	: 0.6868
-------------------------------------
[Epoch : 17/20]
Pr_Src_cls_loss	: 0.5857
Total_loss	: 1.3733
Open Loss	: 0.5948
Src_cls_loss	: 0.0929
Entropy Open	: 0.6857
-------------------------------------
[Epoch : 18/20]
Pr_Src_cls_loss	: 0.5857
Total_loss	: 1.3661
Open Loss	: 0.5896
Src_cls_loss	: 0.0920
Entropy Open	: 0.6845
-------------------------------------
[Epoch : 19/20]
Pr_Src_cls_loss	: 0.5857
Total_loss	: 1.3587
Open Loss	: 0.5845
Src_cls_loss	: 0.0911
Entropy Open	: 0.6831
-------------------------------------
[Epoch : 20/20]
Pr_Src_cls_loss	: 0.5857
Total_loss	: 1.3513
Open Loss	: 0.5795
Src_cls_loss	: 0.0902
Entropy Open	: 0.6816
-------------------------------------
/mnt/data/home/tp2474/OpenSet-AdaTime/algorithms/algorithms.py:661: UserWarning: Implicit dimension choice for softmax has been deprecated. Change the call to include dim=X as an argument.
  predictions = F.softmax(self.classifier(features))
/mnt/data/home/tp2474/OpenSet-AdaTime/trainers/abstract_trainer.py:331: FutureWarning: The behavior of DataFrame concatenation with empty or all-NA entries is deprecated. In a future version, this will no longer exclude empty or all-NA columns when determining the result dtypes. To retain the old behavior, exclude the relevant entries before the concat operation.
  table = pd.concat([table, results_df], ignore_index=True)
H_score: 0.1931, OS* (acc_c): 0.1157, UNK (acc_p): 0.5832, acc_mix: 0.2904, F1: 0.2954
Uploading logs from: /mnt/data/home/tp2474/OpenSet-AdaTime/experiments_logs/curriculum/MHEALTH to RealWorld_UniDA_hard_n4_fno_mean/OVANet_UniDA_hard_n4_fno_mean/MHEALTH_to_RealWorld_run_0
🏃 View run OVANet_run_0 at: http://127.0.0.1:5001/#/experiments/794510956309761169/runs/e72fe422af28459fbfcfe97c4247dfa5
🧪 View experiment at: http://127.0.0.1:5001/#/experiments/794510956309761169
=============================================
Dataset: MHEALTH to RealWorld_UniDA_hard_n4_fno_mean
Method:  OVANet
=============================================
Source: MHEALTH ---> Target: RealWorld
Run ID: 1
=============================================
[Pr Epoch : 1/20]
Pr_Src_cls_loss	: 1.8700
-------------------------------------
[Pr Epoch : 2/20]
Pr_Src_cls_loss	: 1.7438
-------------------------------------
[Pr Epoch : 3/20]
Pr_Src_cls_loss	: 1.6249
-------------------------------------
[Pr Epoch : 4/20]
Pr_Src_cls_loss	: 1.5118
-------------------------------------
[Pr Epoch : 5/20]
Pr_Src_cls_loss	: 1.4060
-------------------------------------
[Pr Epoch : 6/20]
Pr_Src_cls_loss	: 1.3088
-------------------------------------
[Pr Epoch : 7/20]
Pr_Src_cls_loss	: 1.2205
-------------------------------------
[Pr Epoch : 8/20]
Pr_Src_cls_loss	: 1.1402
-------------------------------------
[Pr Epoch : 9/20]
Pr_Src_cls_loss	: 1.0676
-------------------------------------
[Pr Epoch : 10/20]
Pr_Src_cls_loss	: 1.0028
-------------------------------------
[Pr Epoch : 11/20]
Pr_Src_cls_loss	: 0.9441
-------------------------------------
[Pr Epoch : 12/20]
Pr_Src_cls_loss	: 0.8911
-------------------------------------
[Pr Epoch : 13/20]
Pr_Src_cls_loss	: 0.8431
-------------------------------------
[Pr Epoch : 14/20]
Pr_Src_cls_loss	: 0.7996
-------------------------------------
[Pr Epoch : 15/20]
Pr_Src_cls_loss	: 0.7601
-------------------------------------
[Pr Epoch : 16/20]
Pr_Src_cls_loss	: 0.7241
-------------------------------------
[Pr Epoch : 17/20]
Pr_Src_cls_loss	: 0.6912
-------------------------------------
[Pr Epoch : 18/20]
Pr_Src_cls_loss	: 0.6611
-------------------------------------
[Pr Epoch : 19/20]
Pr_Src_cls_loss	: 0.6333
-------------------------------------
[Pr Epoch : 20/20]
Pr_Src_cls_loss	: 0.6077
-------------------------------------
[Epoch : 1/20]
Pr_Src_cls_loss	: 0.6077
Total_loss	: 1.5227
Open Loss	: 0.7148
Src_cls_loss	: 0.1155
Entropy Open	: 0.6925
-------------------------------------
[Epoch : 2/20]
Pr_Src_cls_loss	: 0.6077
Total_loss	: 1.5101
Open Loss	: 0.7029
Src_cls_loss	: 0.1147
Entropy Open	: 0.6925
-------------------------------------
[Epoch : 3/20]
Pr_Src_cls_loss	: 0.6077
Total_loss	: 1.4994
Open Loss	: 0.6929
Src_cls_loss	: 0.1141
Entropy Open	: 0.6925
-------------------------------------
[Epoch : 4/20]
Pr_Src_cls_loss	: 0.6077
Total_loss	: 1.4895
Open Loss	: 0.6841
Src_cls_loss	: 0.1131
Entropy Open	: 0.6923
-------------------------------------
[Epoch : 5/20]
Pr_Src_cls_loss	: 0.6077
Total_loss	: 1.4803
Open Loss	: 0.6761
Src_cls_loss	: 0.1121
Entropy Open	: 0.6921
-------------------------------------
[Epoch : 6/20]
Pr_Src_cls_loss	: 0.6077
Total_loss	: 1.4716
Open Loss	: 0.6686
Src_cls_loss	: 0.1111
Entropy Open	: 0.6919
-------------------------------------
[Epoch : 7/20]
Pr_Src_cls_loss	: 0.6077
Total_loss	: 1.4629
Open Loss	: 0.6615
Src_cls_loss	: 0.1099
Entropy Open	: 0.6915
-------------------------------------
[Epoch : 8/20]
Pr_Src_cls_loss	: 0.6077
Total_loss	: 1.4543
Open Loss	: 0.6546
Src_cls_loss	: 0.1087
Entropy Open	: 0.6910
-------------------------------------
[Epoch : 9/20]
Pr_Src_cls_loss	: 0.6077
Total_loss	: 1.4460
Open Loss	: 0.6481
Src_cls_loss	: 0.1076
Entropy Open	: 0.6903
-------------------------------------
[Epoch : 10/20]
Pr_Src_cls_loss	: 0.6077
Total_loss	: 1.4378
Open Loss	: 0.6417
Src_cls_loss	: 0.1065
Entropy Open	: 0.6896
-------------------------------------
[Epoch : 11/20]
Pr_Src_cls_loss	: 0.6077
Total_loss	: 1.4297
Open Loss	: 0.6356
Src_cls_loss	: 0.1054
Entropy Open	: 0.6887
-------------------------------------
[Epoch : 12/20]
Pr_Src_cls_loss	: 0.6077
Total_loss	: 1.4215
Open Loss	: 0.6296
Src_cls_loss	: 0.1043
Entropy Open	: 0.6876
-------------------------------------
[Epoch : 13/20]
Pr_Src_cls_loss	: 0.6077
Total_loss	: 1.4133
Open Loss	: 0.6237
Src_cls_loss	: 0.1032
Entropy Open	: 0.6864
-------------------------------------
[Epoch : 14/20]
Pr_Src_cls_loss	: 0.6077
Total_loss	: 1.4051
Open Loss	: 0.6179
Src_cls_loss	: 0.1022
Entropy Open	: 0.6850
-------------------------------------
[Epoch : 15/20]
Pr_Src_cls_loss	: 0.6077
Total_loss	: 1.3968
Open Loss	: 0.6122
Src_cls_loss	: 0.1011
Entropy Open	: 0.6834
-------------------------------------
[Epoch : 16/20]
Pr_Src_cls_loss	: 0.6077
Total_loss	: 1.3885
Open Loss	: 0.6067
Src_cls_loss	: 0.1001
Entropy Open	: 0.6817
-------------------------------------
[Epoch : 17/20]
Pr_Src_cls_loss	: 0.6077
Total_loss	: 1.3801
Open Loss	: 0.6012
Src_cls_loss	: 0.0991
Entropy Open	: 0.6798
-------------------------------------
[Epoch : 18/20]
Pr_Src_cls_loss	: 0.6077
Total_loss	: 1.3718
Open Loss	: 0.5959
Src_cls_loss	: 0.0981
Entropy Open	: 0.6778
-------------------------------------
[Epoch : 19/20]
Pr_Src_cls_loss	: 0.6077
Total_loss	: 1.3633
Open Loss	: 0.5906
Src_cls_loss	: 0.0972
Entropy Open	: 0.6756
-------------------------------------
[Epoch : 20/20]
Pr_Src_cls_loss	: 0.6077
Total_loss	: 1.3548
Open Loss	: 0.5854
Src_cls_loss	: 0.0963
Entropy Open	: 0.6732
-------------------------------------
H_score: 0.0555, OS* (acc_c): 0.0286, UNK (acc_p): 0.9086, acc_mix: 0.3575, F1: 0.2315
Uploading logs from: /mnt/data/home/tp2474/OpenSet-AdaTime/experiments_logs/curriculum/MHEALTH to RealWorld_UniDA_hard_n4_fno_mean/OVANet_UniDA_hard_n4_fno_mean/MHEALTH_to_RealWorld_run_1
🏃 View run OVANet_run_1 at: http://127.0.0.1:5001/#/experiments/794510956309761169/runs/b6c28b6ebd834494aaf924220b29e34a
🧪 View experiment at: http://127.0.0.1:5001/#/experiments/794510956309761169
=============================================
Dataset: MHEALTH to RealWorld_UniDA_hard_n4_fno_mean
Method:  OVANet
=============================================
Source: MHEALTH ---> Target: RealWorld
Run ID: 2
=============================================
[Pr Epoch : 1/20]
Pr_Src_cls_loss	: 1.8743
-------------------------------------
[Pr Epoch : 2/20]
Pr_Src_cls_loss	: 1.7454
-------------------------------------
[Pr Epoch : 3/20]
Pr_Src_cls_loss	: 1.6242
-------------------------------------
[Pr Epoch : 4/20]
Pr_Src_cls_loss	: 1.5089
-------------------------------------
[Pr Epoch : 5/20]
Pr_Src_cls_loss	: 1.4017
-------------------------------------
[Pr Epoch : 6/20]
Pr_Src_cls_loss	: 1.3032
-------------------------------------
[Pr Epoch : 7/20]
Pr_Src_cls_loss	: 1.2138
-------------------------------------
[Pr Epoch : 8/20]
Pr_Src_cls_loss	: 1.1329
-------------------------------------
[Pr Epoch : 9/20]
Pr_Src_cls_loss	: 1.0597
-------------------------------------
[Pr Epoch : 10/20]
Pr_Src_cls_loss	: 0.9939
-------------------------------------
[Pr Epoch : 11/20]
Pr_Src_cls_loss	: 0.9347
-------------------------------------
[Pr Epoch : 12/20]
Pr_Src_cls_loss	: 0.8818
-------------------------------------
[Pr Epoch : 13/20]
Pr_Src_cls_loss	: 0.8339
-------------------------------------
[Pr Epoch : 14/20]
Pr_Src_cls_loss	: 0.7904
-------------------------------------
[Pr Epoch : 15/20]
Pr_Src_cls_loss	: 0.7510
-------------------------------------
[Pr Epoch : 16/20]
Pr_Src_cls_loss	: 0.7152
-------------------------------------
[Pr Epoch : 17/20]
Pr_Src_cls_loss	: 0.6824
-------------------------------------
[Pr Epoch : 18/20]
Pr_Src_cls_loss	: 0.6524
-------------------------------------
[Pr Epoch : 19/20]
Pr_Src_cls_loss	: 0.6249
-------------------------------------
[Pr Epoch : 20/20]
Pr_Src_cls_loss	: 0.5995
-------------------------------------
[Epoch : 1/20]
Pr_Src_cls_loss	: 0.5995
Total_loss	: 1.5283
Open Loss	: 0.7279
Src_cls_loss	: 0.1090
Entropy Open	: 0.6914
-------------------------------------
[Epoch : 2/20]
Pr_Src_cls_loss	: 0.5995
Total_loss	: 1.5152
Open Loss	: 0.7140
Src_cls_loss	: 0.1098
Entropy Open	: 0.6913
-------------------------------------
[Epoch : 3/20]
Pr_Src_cls_loss	: 0.5995
Total_loss	: 1.5031
Open Loss	: 0.7025
Src_cls_loss	: 0.1094
Entropy Open	: 0.6912
-------------------------------------
[Epoch : 4/20]
Pr_Src_cls_loss	: 0.5995
Total_loss	: 1.4918
Open Loss	: 0.6923
Src_cls_loss	: 0.1085
Entropy Open	: 0.6910
-------------------------------------
[Epoch : 5/20]
Pr_Src_cls_loss	: 0.5995
Total_loss	: 1.4813
Open Loss	: 0.6832
Src_cls_loss	: 0.1075
Entropy Open	: 0.6906
-------------------------------------
[Epoch : 6/20]
Pr_Src_cls_loss	: 0.5995
Total_loss	: 1.4712
Open Loss	: 0.6747
Src_cls_loss	: 0.1064
Entropy Open	: 0.6901
-------------------------------------
[Epoch : 7/20]
Pr_Src_cls_loss	: 0.5995
Total_loss	: 1.4615
Open Loss	: 0.6667
Src_cls_loss	: 0.1053
Entropy Open	: 0.6895
-------------------------------------
[Epoch : 8/20]
Pr_Src_cls_loss	: 0.5995
Total_loss	: 1.4521
Open Loss	: 0.6591
Src_cls_loss	: 0.1043
Entropy Open	: 0.6887
-------------------------------------
[Epoch : 9/20]
Pr_Src_cls_loss	: 0.5995
Total_loss	: 1.4429
Open Loss	: 0.6519
Src_cls_loss	: 0.1033
Entropy Open	: 0.6877
-------------------------------------
[Epoch : 10/20]
Pr_Src_cls_loss	: 0.5995
Total_loss	: 1.4337
Open Loss	: 0.6449
Src_cls_loss	: 0.1022
Entropy Open	: 0.6865
-------------------------------------
[Epoch : 11/20]
Pr_Src_cls_loss	: 0.5995
Total_loss	: 1.4246
Open Loss	: 0.6382
Src_cls_loss	: 0.1012
Entropy Open	: 0.6852
-------------------------------------
[Epoch : 12/20]
Pr_Src_cls_loss	: 0.5995
Total_loss	: 1.4154
Open Loss	: 0.6317
Src_cls_loss	: 0.1001
Entropy Open	: 0.6836
-------------------------------------
[Epoch : 13/20]
Pr_Src_cls_loss	: 0.5995
Total_loss	: 1.4063
Open Loss	: 0.6253
Src_cls_loss	: 0.0992
Entropy Open	: 0.6818
-------------------------------------
[Epoch : 14/20]
Pr_Src_cls_loss	: 0.5995
Total_loss	: 1.3971
Open Loss	: 0.6191
Src_cls_loss	: 0.0981
Entropy Open	: 0.6798
-------------------------------------
[Epoch : 15/20]
Pr_Src_cls_loss	: 0.5995
Total_loss	: 1.3879
Open Loss	: 0.6131
Src_cls_loss	: 0.0971
Entropy Open	: 0.6777
-------------------------------------
[Epoch : 16/20]
Pr_Src_cls_loss	: 0.5995
Total_loss	: 1.3787
Open Loss	: 0.6072
Src_cls_loss	: 0.0962
Entropy Open	: 0.6753
-------------------------------------
[Epoch : 17/20]
Pr_Src_cls_loss	: 0.5995
Total_loss	: 1.3694
Open Loss	: 0.6015
Src_cls_loss	: 0.0952
Entropy Open	: 0.6727
-------------------------------------
[Epoch : 18/20]
Pr_Src_cls_loss	: 0.5995
Total_loss	: 1.3602
Open Loss	: 0.5959
Src_cls_loss	: 0.0943
Entropy Open	: 0.6700
-------------------------------------
[Epoch : 19/20]
Pr_Src_cls_loss	: 0.5995
Total_loss	: 1.3508
Open Loss	: 0.5904
Src_cls_loss	: 0.0934
Entropy Open	: 0.6670
-------------------------------------
[Epoch : 20/20]
Pr_Src_cls_loss	: 0.5995
Total_loss	: 1.3414
Open Loss	: 0.5850
Src_cls_loss	: 0.0925
Entropy Open	: 0.6638
-------------------------------------
H_score: 0.0172, OS* (acc_c): 0.0087, UNK (acc_p): 0.8868, acc_mix: 0.3368, F1: 0.2079
Uploading logs from: /mnt/data/home/tp2474/OpenSet-AdaTime/experiments_logs/curriculum/MHEALTH to RealWorld_UniDA_hard_n4_fno_mean/OVANet_UniDA_hard_n4_fno_mean/MHEALTH_to_RealWorld_run_2
🏃 View run OVANet_run_2 at: http://127.0.0.1:5001/#/experiments/794510956309761169/runs/54b8f9e80baf4655a1d473f3846409a9
🧪 View experiment at: http://127.0.0.1:5001/#/experiments/794510956309761169
=============================================
Dataset: MHEALTH to RealWorld_UniDA_hard_n4_fno_mean
Method:  OVANet
=============================================
Source: MHEALTH ---> Target: RealWorld
Run ID: 3
=============================================
[Pr Epoch : 1/20]
Pr_Src_cls_loss	: 1.8616
-------------------------------------
[Pr Epoch : 2/20]
Pr_Src_cls_loss	: 1.7352
-------------------------------------
[Pr Epoch : 3/20]
Pr_Src_cls_loss	: 1.6157
-------------------------------------
[Pr Epoch : 4/20]
Pr_Src_cls_loss	: 1.5026
-------------------------------------
[Pr Epoch : 5/20]
Pr_Src_cls_loss	: 1.3977
-------------------------------------
[Pr Epoch : 6/20]
Pr_Src_cls_loss	: 1.3010
-------------------------------------
[Pr Epoch : 7/20]
Pr_Src_cls_loss	: 1.2131
-------------------------------------
[Pr Epoch : 8/20]
Pr_Src_cls_loss	: 1.1334
-------------------------------------
[Pr Epoch : 9/20]
Pr_Src_cls_loss	: 1.0616
-------------------------------------
[Pr Epoch : 10/20]
Pr_Src_cls_loss	: 0.9969
-------------------------------------
[Pr Epoch : 11/20]
Pr_Src_cls_loss	: 0.9384
-------------------------------------
[Pr Epoch : 12/20]
Pr_Src_cls_loss	: 0.8857
-------------------------------------
[Pr Epoch : 13/20]
Pr_Src_cls_loss	: 0.8379
-------------------------------------
[Pr Epoch : 14/20]
Pr_Src_cls_loss	: 0.7947
-------------------------------------
[Pr Epoch : 15/20]
Pr_Src_cls_loss	: 0.7554
-------------------------------------
[Pr Epoch : 16/20]
Pr_Src_cls_loss	: 0.7195
-------------------------------------
[Pr Epoch : 17/20]
Pr_Src_cls_loss	: 0.6868
-------------------------------------
[Pr Epoch : 18/20]
Pr_Src_cls_loss	: 0.6569
-------------------------------------
[Pr Epoch : 19/20]
Pr_Src_cls_loss	: 0.6293
-------------------------------------
[Pr Epoch : 20/20]
Pr_Src_cls_loss	: 0.6039
-------------------------------------
[Epoch : 1/20]
Pr_Src_cls_loss	: 0.6039
Total_loss	: 1.5096
Open Loss	: 0.7030
Src_cls_loss	: 0.1141
Entropy Open	: 0.6925
-------------------------------------
[Epoch : 2/20]
Pr_Src_cls_loss	: 0.6039
Total_loss	: 1.4978
Open Loss	: 0.6918
Src_cls_loss	: 0.1135
Entropy Open	: 0.6924
-------------------------------------
[Epoch : 3/20]
Pr_Src_cls_loss	: 0.6039
Total_loss	: 1.4877
Open Loss	: 0.6826
Src_cls_loss	: 0.1127
Entropy Open	: 0.6923
-------------------------------------
[Epoch : 4/20]
Pr_Src_cls_loss	: 0.6039
Total_loss	: 1.4784
Open Loss	: 0.6745
Src_cls_loss	: 0.1119
Entropy Open	: 0.6921
-------------------------------------
[Epoch : 5/20]
Pr_Src_cls_loss	: 0.6039
Total_loss	: 1.4695
Open Loss	: 0.6670
Src_cls_loss	: 0.1107
Entropy Open	: 0.6918
-------------------------------------
[Epoch : 6/20]
Pr_Src_cls_loss	: 0.6039
Total_loss	: 1.4609
Open Loss	: 0.6598
Src_cls_loss	: 0.1096
Entropy Open	: 0.6915
-------------------------------------
[Epoch : 7/20]
Pr_Src_cls_loss	: 0.6039
Total_loss	: 1.4524
Open Loss	: 0.6530
Src_cls_loss	: 0.1083
Entropy Open	: 0.6911
-------------------------------------
[Epoch : 8/20]
Pr_Src_cls_loss	: 0.6039
Total_loss	: 1.4441
Open Loss	: 0.6464
Src_cls_loss	: 0.1072
Entropy Open	: 0.6905
-------------------------------------
[Epoch : 9/20]
Pr_Src_cls_loss	: 0.6039
Total_loss	: 1.4361
Open Loss	: 0.6400
Src_cls_loss	: 0.1061
Entropy Open	: 0.6899
-------------------------------------
[Epoch : 10/20]
Pr_Src_cls_loss	: 0.6039
Total_loss	: 1.4280
Open Loss	: 0.6338
Src_cls_loss	: 0.1050
Entropy Open	: 0.6892
-------------------------------------
[Epoch : 11/20]
Pr_Src_cls_loss	: 0.6039
Total_loss	: 1.4200
Open Loss	: 0.6277
Src_cls_loss	: 0.1040
Entropy Open	: 0.6884
-------------------------------------
[Epoch : 12/20]
Pr_Src_cls_loss	: 0.6039
Total_loss	: 1.4120
Open Loss	: 0.6218
Src_cls_loss	: 0.1029
Entropy Open	: 0.6874
-------------------------------------
[Epoch : 13/20]
Pr_Src_cls_loss	: 0.6039
Total_loss	: 1.4041
Open Loss	: 0.6160
Src_cls_loss	: 0.1019
Entropy Open	: 0.6862
-------------------------------------
[Epoch : 14/20]
Pr_Src_cls_loss	: 0.6039
Total_loss	: 1.3961
Open Loss	: 0.6103
Src_cls_loss	: 0.1009
Entropy Open	: 0.6849
-------------------------------------
[Epoch : 15/20]
Pr_Src_cls_loss	: 0.6039
Total_loss	: 1.3881
Open Loss	: 0.6047
Src_cls_loss	: 0.0999
Entropy Open	: 0.6834
-------------------------------------
[Epoch : 16/20]
Pr_Src_cls_loss	: 0.6039
Total_loss	: 1.3799
Open Loss	: 0.5992
Src_cls_loss	: 0.0989
Entropy Open	: 0.6818
-------------------------------------
[Epoch : 17/20]
Pr_Src_cls_loss	: 0.6039
Total_loss	: 1.3717
Open Loss	: 0.5938
Src_cls_loss	: 0.0980
Entropy Open	: 0.6799
-------------------------------------
[Epoch : 18/20]
Pr_Src_cls_loss	: 0.6039
Total_loss	: 1.3633
Open Loss	: 0.5884
Src_cls_loss	: 0.0970
Entropy Open	: 0.6779
-------------------------------------
[Epoch : 19/20]
Pr_Src_cls_loss	: 0.6039
Total_loss	: 1.3548
Open Loss	: 0.5832
Src_cls_loss	: 0.0960
Entropy Open	: 0.6757
-------------------------------------
[Epoch : 20/20]
Pr_Src_cls_loss	: 0.6039
Total_loss	: 1.3463
Open Loss	: 0.5780
Src_cls_loss	: 0.0951
Entropy Open	: 0.6732
-------------------------------------
H_score: 0.0062, OS* (acc_c): 0.0031, UNK (acc_p): 0.9623, acc_mix: 0.3616, F1: 0.2090
Uploading logs from: /mnt/data/home/tp2474/OpenSet-AdaTime/experiments_logs/curriculum/MHEALTH to RealWorld_UniDA_hard_n4_fno_mean/OVANet_UniDA_hard_n4_fno_mean/MHEALTH_to_RealWorld_run_3
🏃 View run OVANet_run_3 at: http://127.0.0.1:5001/#/experiments/794510956309761169/runs/c47c1ae84c2e4cd796e1c3b6dcfd7b82
🧪 View experiment at: http://127.0.0.1:5001/#/experiments/794510956309761169
=============================================
Dataset: MHEALTH to RealWorld_UniDA_hard_n4_fno_mean
Method:  OVANet
=============================================
Source: MHEALTH ---> Target: RealWorld
Run ID: 4
=============================================
[Pr Epoch : 1/20]
Pr_Src_cls_loss	: 1.8494
-------------------------------------
[Pr Epoch : 2/20]
Pr_Src_cls_loss	: 1.7206
-------------------------------------
[Pr Epoch : 3/20]
Pr_Src_cls_loss	: 1.6012
-------------------------------------
[Pr Epoch : 4/20]
Pr_Src_cls_loss	: 1.4879
-------------------------------------
[Pr Epoch : 5/20]
Pr_Src_cls_loss	: 1.3828
-------------------------------------
[Pr Epoch : 6/20]
Pr_Src_cls_loss	: 1.2859
-------------------------------------
[Pr Epoch : 7/20]
Pr_Src_cls_loss	: 1.1982
-------------------------------------
[Pr Epoch : 8/20]
Pr_Src_cls_loss	: 1.1190
-------------------------------------
[Pr Epoch : 9/20]
Pr_Src_cls_loss	: 1.0473
-------------------------------------
[Pr Epoch : 10/20]
Pr_Src_cls_loss	: 0.9830
-------------------------------------
[Pr Epoch : 11/20]
Pr_Src_cls_loss	: 0.9248
-------------------------------------
[Pr Epoch : 12/20]
Pr_Src_cls_loss	: 0.8726
-------------------------------------
[Pr Epoch : 13/20]
Pr_Src_cls_loss	: 0.8255
-------------------------------------
[Pr Epoch : 14/20]
Pr_Src_cls_loss	: 0.7827
-------------------------------------
[Pr Epoch : 15/20]
Pr_Src_cls_loss	: 0.7439
-------------------------------------
[Pr Epoch : 16/20]
Pr_Src_cls_loss	: 0.7085
-------------------------------------
[Pr Epoch : 17/20]
Pr_Src_cls_loss	: 0.6761
-------------------------------------
[Pr Epoch : 18/20]
Pr_Src_cls_loss	: 0.6465
-------------------------------------
[Pr Epoch : 19/20]
Pr_Src_cls_loss	: 0.6193
-------------------------------------
[Pr Epoch : 20/20]
Pr_Src_cls_loss	: 0.5943
-------------------------------------
[Epoch : 1/20]
Pr_Src_cls_loss	: 0.5943
Total_loss	: 1.5237
Open Loss	: 0.7200
Src_cls_loss	: 0.1113
Entropy Open	: 0.6924
-------------------------------------
[Epoch : 2/20]
Pr_Src_cls_loss	: 0.5943
Total_loss	: 1.5094
Open Loss	: 0.7064
Src_cls_loss	: 0.1106
Entropy Open	: 0.6924
-------------------------------------
[Epoch : 3/20]
Pr_Src_cls_loss	: 0.5943
Total_loss	: 1.4973
Open Loss	: 0.6949
Src_cls_loss	: 0.1100
Entropy Open	: 0.6923
-------------------------------------
[Epoch : 4/20]
Pr_Src_cls_loss	: 0.5943
Total_loss	: 1.4862
Open Loss	: 0.6848
Src_cls_loss	: 0.1093
Entropy Open	: 0.6922
-------------------------------------
[Epoch : 5/20]
Pr_Src_cls_loss	: 0.5943
Total_loss	: 1.4758
Open Loss	: 0.6755
Src_cls_loss	: 0.1083
Entropy Open	: 0.6920
-------------------------------------
[Epoch : 6/20]
Pr_Src_cls_loss	: 0.5943
Total_loss	: 1.4658
Open Loss	: 0.6669
Src_cls_loss	: 0.1072
Entropy Open	: 0.6917
-------------------------------------
[Epoch : 7/20]
Pr_Src_cls_loss	: 0.5943
Total_loss	: 1.4562
Open Loss	: 0.6588
Src_cls_loss	: 0.1061
Entropy Open	: 0.6913
-------------------------------------
[Epoch : 8/20]
Pr_Src_cls_loss	: 0.5943
Total_loss	: 1.4469
Open Loss	: 0.6512
Src_cls_loss	: 0.1050
Entropy Open	: 0.6908
-------------------------------------
[Epoch : 9/20]
Pr_Src_cls_loss	: 0.5943
Total_loss	: 1.4379
Open Loss	: 0.6439
Src_cls_loss	: 0.1039
Entropy Open	: 0.6902
-------------------------------------
[Epoch : 10/20]
Pr_Src_cls_loss	: 0.5943
Total_loss	: 1.4292
Open Loss	: 0.6369
Src_cls_loss	: 0.1029
Entropy Open	: 0.6895
-------------------------------------
[Epoch : 11/20]
Pr_Src_cls_loss	: 0.5943
Total_loss	: 1.4206
Open Loss	: 0.6301
Src_cls_loss	: 0.1018
Entropy Open	: 0.6886
-------------------------------------
[Epoch : 12/20]
Pr_Src_cls_loss	: 0.5943
Total_loss	: 1.4122
Open Loss	: 0.6236
Src_cls_loss	: 0.1009
Entropy Open	: 0.6877
-------------------------------------
[Epoch : 13/20]
Pr_Src_cls_loss	: 0.5943
Total_loss	: 1.4037
Open Loss	: 0.6172
Src_cls_loss	: 0.0998
Entropy Open	: 0.6867
-------------------------------------
[Epoch : 14/20]
Pr_Src_cls_loss	: 0.5943
Total_loss	: 1.3954
Open Loss	: 0.6111
Src_cls_loss	: 0.0988
Entropy Open	: 0.6855
-------------------------------------
[Epoch : 15/20]
Pr_Src_cls_loss	: 0.5943
Total_loss	: 1.3870
Open Loss	: 0.6050
Src_cls_loss	: 0.0978
Entropy Open	: 0.6843
-------------------------------------
[Epoch : 16/20]
Pr_Src_cls_loss	: 0.5943
Total_loss	: 1.3787
Open Loss	: 0.5990
Src_cls_loss	: 0.0968
Entropy Open	: 0.6829
-------------------------------------
[Epoch : 17/20]
Pr_Src_cls_loss	: 0.5943
Total_loss	: 1.3704
Open Loss	: 0.5932
Src_cls_loss	: 0.0959
Entropy Open	: 0.6813
-------------------------------------
[Epoch : 18/20]
Pr_Src_cls_loss	: 0.5943
Total_loss	: 1.3621
Open Loss	: 0.5875
Src_cls_loss	: 0.0949
Entropy Open	: 0.6796
-------------------------------------
[Epoch : 19/20]
Pr_Src_cls_loss	: 0.5943
Total_loss	: 1.3537
Open Loss	: 0.5820
Src_cls_loss	: 0.0940
Entropy Open	: 0.6778
-------------------------------------
[Epoch : 20/20]
Pr_Src_cls_loss	: 0.5943
Total_loss	: 1.3453
Open Loss	: 0.5765
Src_cls_loss	: 0.0930
Entropy Open	: 0.6758
-------------------------------------
H_score: 0.1719, OS* (acc_c): 0.0963, UNK (acc_p): 0.7991, acc_mix: 0.3590, F1: 0.3002
Uploading logs from: /mnt/data/home/tp2474/OpenSet-AdaTime/experiments_logs/curriculum/MHEALTH to RealWorld_UniDA_hard_n4_fno_mean/OVANet_UniDA_hard_n4_fno_mean/MHEALTH_to_RealWorld_run_4
🏃 View run OVANet_run_4 at: http://127.0.0.1:5001/#/experiments/794510956309761169/runs/cb437929db074a31a8fa57c61c613e1f
🧪 View experiment at: http://127.0.0.1:5001/#/experiments/794510956309761169
==================== [n4 fno_mean] DANCE ====================
[curriculum] scenario=UniDA  strategy=hard  n_unknown=4  rank_variant=fno_mean
[curriculum] source mapping (8 classes): {'Lying down': 'lying', 'Sitting and relaxing': 'sitting', 'Walking': 'walking', 'Running': 'running', 'Climbing stairs': 'Climbing stairs', 'Frontal elevation of arms': 'Frontal elevation of arms', 'Jump front & back': 'Jump front & back', 'Jogging': 'Jogging'}
[curriculum] target mapping (8 classes): {'lying': 'lying', 'sitting': 'sitting', 'walking': 'walking', 'running': 'running', 'climbingup': 'climbingup', 'jumping': 'jumping', 'climbingdown': 'climbingdown', 'standing': 'standing'}
[curriculum] unknowns added (in hard order): src=[Climbing stairs,Frontal elevation of arms,Jump front & back,Jogging] | trg=[climbingup,jumping,climbingdown,standing]
[scenario] DANCE -> UniDA (uniDA=True)
Unlabeled data shape:  (41859, 150, 18)
Unlabelled Combined shape: (71801, 150, 18)

--- Dataloader Size Check ---
Source Train batches:   33
Target Train batches:   654
-------------------------------

Private classes:  tensor([ 8.,  9., 10., 11.])
=============================================
Dataset: MHEALTH to RealWorld_UniDA_hard_n4_fno_mean
Method:  DANCE
=============================================
Source: MHEALTH ---> Target: RealWorld
Run ID: 0
=============================================
[Pr Epoch : 1/20]
Pr_Src_cls_loss	: 1.9320
-------------------------------------
[Pr Epoch : 2/20]
Pr_Src_cls_loss	: 1.9055
-------------------------------------
[Pr Epoch : 3/20]
Pr_Src_cls_loss	: 1.8906
-------------------------------------
[Pr Epoch : 4/20]
Pr_Src_cls_loss	: 1.8806
-------------------------------------
[Pr Epoch : 5/20]
Pr_Src_cls_loss	: 1.8729
-------------------------------------
[Pr Epoch : 6/20]
Pr_Src_cls_loss	: 1.8668
-------------------------------------
[Pr Epoch : 7/20]
Pr_Src_cls_loss	: 1.8617
-------------------------------------
[Pr Epoch : 8/20]
Pr_Src_cls_loss	: 1.8572
-------------------------------------
[Pr Epoch : 9/20]
Pr_Src_cls_loss	: 1.8535
-------------------------------------
[Pr Epoch : 10/20]
Pr_Src_cls_loss	: 1.8502
-------------------------------------
[Pr Epoch : 11/20]
Pr_Src_cls_loss	: 1.8472
-------------------------------------
[Pr Epoch : 12/20]
Pr_Src_cls_loss	: 1.8445
-------------------------------------
[Pr Epoch : 13/20]
Pr_Src_cls_loss	: 1.8421
-------------------------------------
[Pr Epoch : 14/20]
Pr_Src_cls_loss	: 1.8399
-------------------------------------
[Pr Epoch : 15/20]
Pr_Src_cls_loss	: 1.8379
-------------------------------------
[Pr Epoch : 16/20]
Pr_Src_cls_loss	: 1.8361
-------------------------------------
[Pr Epoch : 17/20]
Pr_Src_cls_loss	: 1.8344
-------------------------------------
[Pr Epoch : 18/20]
Pr_Src_cls_loss	: 1.8328
-------------------------------------
[Pr Epoch : 19/20]
Pr_Src_cls_loss	: 1.8313
-------------------------------------
[Pr Epoch : 20/20]
Pr_Src_cls_loss	: 1.8299
-------------------------------------
/mnt/data/home/tp2474/OpenSet-AdaTime/algorithms/algorithms.py:733: UserWarning: Implicit dimension choice for softmax has been deprecated. Change the call to include dim=X as an argument.
  p = F.softmax(p)
/mnt/data/home/tp2474/OpenSet-AdaTime/algorithms/algorithms.py:737: UserWarning: Implicit dimension choice for softmax has been deprecated. Change the call to include dim=X as an argument.
  p = F.softmax(p)
[Epoch : 1/20]
Pr_Src_cls_loss	: 1.8299
Total_loss	: 2.1209
Ent Loss	: -0.1036
Src_cls_loss	: 1.7907
Neighbors Clustering 	: 0.4339
-------------------------------------
[Epoch : 2/20]
Pr_Src_cls_loss	: 1.8299
Total_loss	: 2.1509
Ent Loss	: -0.1036
Src_cls_loss	: 1.7795
Neighbors Clustering 	: 0.4750
-------------------------------------
[Epoch : 3/20]
Pr_Src_cls_loss	: 1.8299
Total_loss	: 2.1617
Ent Loss	: -0.1036
Src_cls_loss	: 1.7683
Neighbors Clustering 	: 0.4970
-------------------------------------
[Epoch : 4/20]
Pr_Src_cls_loss	: 1.8299
Total_loss	: 2.1653
Ent Loss	: -0.1035
Src_cls_loss	: 1.7571
Neighbors Clustering 	: 0.5118
-------------------------------------
[Epoch : 5/20]
Pr_Src_cls_loss	: 1.8299
Total_loss	: 2.1635
Ent Loss	: -0.1035
Src_cls_loss	: 1.7459
Neighbors Clustering 	: 0.5212
-------------------------------------
[Epoch : 6/20]
Pr_Src_cls_loss	: 1.8299
Total_loss	: 2.1594
Ent Loss	: -0.1035
Src_cls_loss	: 1.7344
Neighbors Clustering 	: 0.5284
-------------------------------------
[Epoch : 7/20]
Pr_Src_cls_loss	: 1.8299
Total_loss	: 2.1528
Ent Loss	: -0.1035
Src_cls_loss	: 1.7229
Neighbors Clustering 	: 0.5333
-------------------------------------
[Epoch : 8/20]
Pr_Src_cls_loss	: 1.8299
Total_loss	: 2.1447
Ent Loss	: -0.1035
Src_cls_loss	: 1.7115
Neighbors Clustering 	: 0.5367
-------------------------------------
[Epoch : 9/20]
Pr_Src_cls_loss	: 1.8299
Total_loss	: 2.1358
Ent Loss	: -0.1034
Src_cls_loss	: 1.7000
Neighbors Clustering 	: 0.5393
-------------------------------------
[Epoch : 10/20]
Pr_Src_cls_loss	: 1.8299
Total_loss	: 2.1255
Ent Loss	: -0.1034
Src_cls_loss	: 1.6885
Neighbors Clustering 	: 0.5403
-------------------------------------
[Epoch : 11/20]
Pr_Src_cls_loss	: 1.8299
Total_loss	: 2.1139
Ent Loss	: -0.1034
Src_cls_loss	: 1.6771
Neighbors Clustering 	: 0.5403
-------------------------------------
[Epoch : 12/20]
Pr_Src_cls_loss	: 1.8299
Total_loss	: 2.1024
Ent Loss	: -0.1034
Src_cls_loss	: 1.6655
Neighbors Clustering 	: 0.5403
-------------------------------------
[Epoch : 13/20]
Pr_Src_cls_loss	: 1.8299
Total_loss	: 2.0911
Ent Loss	: -0.1034
Src_cls_loss	: 1.6539
Neighbors Clustering 	: 0.5406
-------------------------------------
[Epoch : 14/20]
Pr_Src_cls_loss	: 1.8299
Total_loss	: 2.0802
Ent Loss	: -0.1034
Src_cls_loss	: 1.6423
Neighbors Clustering 	: 0.5413
-------------------------------------
[Epoch : 15/20]
Pr_Src_cls_loss	: 1.8299
Total_loss	: 2.0690
Ent Loss	: -0.1034
Src_cls_loss	: 1.6307
Neighbors Clustering 	: 0.5417
-------------------------------------
[Epoch : 16/20]
Pr_Src_cls_loss	: 1.8299
Total_loss	: 2.0579
Ent Loss	: -0.1034
Src_cls_loss	: 1.6192
Neighbors Clustering 	: 0.5421
-------------------------------------
[Epoch : 17/20]
Pr_Src_cls_loss	: 1.8299
Total_loss	: 2.0472
Ent Loss	: -0.1034
Src_cls_loss	: 1.6077
Neighbors Clustering 	: 0.5429
-------------------------------------
[Epoch : 18/20]
Pr_Src_cls_loss	: 1.8299
Total_loss	: 2.0361
Ent Loss	: -0.1034
Src_cls_loss	: 1.5961
Neighbors Clustering 	: 0.5434
-------------------------------------
[Epoch : 19/20]
Pr_Src_cls_loss	: 1.8299
Total_loss	: 2.0253
Ent Loss	: -0.1034
Src_cls_loss	: 1.5845
Neighbors Clustering 	: 0.5441
-------------------------------------
[Epoch : 20/20]
Pr_Src_cls_loss	: 1.8299
Total_loss	: 2.0142
Ent Loss	: -0.1034
Src_cls_loss	: 1.5730
Neighbors Clustering 	: 0.5446
-------------------------------------
/mnt/data/home/tp2474/OpenSet-AdaTime/algorithms/algorithms.py:870: UserWarning: Implicit dimension choice for softmax has been deprecated. Change the call to include dim=X as an argument.
  predictions = F.softmax(self.classifier(features))
/mnt/data/home/tp2474/OpenSet-AdaTime/trainers/abstract_trainer.py:331: FutureWarning: The behavior of DataFrame concatenation with empty or all-NA entries is deprecated. In a future version, this will no longer exclude empty or all-NA columns when determining the result dtypes. To retain the old behavior, exclude the relevant entries before the concat operation.
  table = pd.concat([table, results_df], ignore_index=True)
H_score: 0.0000, OS* (acc_c): 0.0000, UNK (acc_p): 1.0000, acc_mix: 0.3737, F1: 0.2033
Uploading logs from: /mnt/data/home/tp2474/OpenSet-AdaTime/experiments_logs/curriculum/MHEALTH to RealWorld_UniDA_hard_n4_fno_mean/DANCE_UniDA_hard_n4_fno_mean/MHEALTH_to_RealWorld_run_0
🏃 View run DANCE_run_0 at: http://127.0.0.1:5001/#/experiments/794510956309761169/runs/f363765fb1cc4efbad66db8d71761f46
🧪 View experiment at: http://127.0.0.1:5001/#/experiments/794510956309761169
=============================================
Dataset: MHEALTH to RealWorld_UniDA_hard_n4_fno_mean
Method:  DANCE
=============================================
Source: MHEALTH ---> Target: RealWorld
Run ID: 1
=============================================
[Pr Epoch : 1/20]
Pr_Src_cls_loss	: 1.9382
-------------------------------------
[Pr Epoch : 2/20]
Pr_Src_cls_loss	: 1.9103
-------------------------------------
[Pr Epoch : 3/20]
Pr_Src_cls_loss	: 1.8944
-------------------------------------
[Pr Epoch : 4/20]
Pr_Src_cls_loss	: 1.8841
-------------------------------------
[Pr Epoch : 5/20]
Pr_Src_cls_loss	: 1.8764
-------------------------------------
[Pr Epoch : 6/20]
Pr_Src_cls_loss	: 1.8703
-------------------------------------
[Pr Epoch : 7/20]
Pr_Src_cls_loss	: 1.8652
-------------------------------------
[Pr Epoch : 8/20]
Pr_Src_cls_loss	: 1.8608
-------------------------------------
[Pr Epoch : 9/20]
Pr_Src_cls_loss	: 1.8571
-------------------------------------
[Pr Epoch : 10/20]
Pr_Src_cls_loss	: 1.8537
-------------------------------------
[Pr Epoch : 11/20]
Pr_Src_cls_loss	: 1.8508
-------------------------------------
[Pr Epoch : 12/20]
Pr_Src_cls_loss	: 1.8482
-------------------------------------
[Pr Epoch : 13/20]
Pr_Src_cls_loss	: 1.8458
-------------------------------------
[Pr Epoch : 14/20]
Pr_Src_cls_loss	: 1.8437
-------------------------------------
[Pr Epoch : 15/20]
Pr_Src_cls_loss	: 1.8417
-------------------------------------
[Pr Epoch : 16/20]
Pr_Src_cls_loss	: 1.8399
-------------------------------------
[Pr Epoch : 17/20]
Pr_Src_cls_loss	: 1.8381
-------------------------------------
[Pr Epoch : 18/20]
Pr_Src_cls_loss	: 1.8365
-------------------------------------
[Pr Epoch : 19/20]
Pr_Src_cls_loss	: 1.8350
-------------------------------------
[Pr Epoch : 20/20]
Pr_Src_cls_loss	: 1.8336
-------------------------------------
[Epoch : 1/20]
Pr_Src_cls_loss	: 1.8336
Total_loss	: 2.1143
Ent Loss	: -0.1036
Src_cls_loss	: 1.7940
Neighbors Clustering 	: 0.4239
-------------------------------------
[Epoch : 2/20]
Pr_Src_cls_loss	: 1.8336
Total_loss	: 2.1428
Ent Loss	: -0.1036
Src_cls_loss	: 1.7825
Neighbors Clustering 	: 0.4639
-------------------------------------
[Epoch : 3/20]
Pr_Src_cls_loss	: 1.8336
Total_loss	: 2.1560
Ent Loss	: -0.1036
Src_cls_loss	: 1.7709
Neighbors Clustering 	: 0.4886
-------------------------------------
[Epoch : 4/20]
Pr_Src_cls_loss	: 1.8336
Total_loss	: 2.1591
Ent Loss	: -0.1036
Src_cls_loss	: 1.7592
Neighbors Clustering 	: 0.5034
-------------------------------------
[Epoch : 5/20]
Pr_Src_cls_loss	: 1.8336
Total_loss	: 2.1587
Ent Loss	: -0.1036
Src_cls_loss	: 1.7475
Neighbors Clustering 	: 0.5147
-------------------------------------
[Epoch : 6/20]
Pr_Src_cls_loss	: 1.8336
Total_loss	: 2.1545
Ent Loss	: -0.1036
Src_cls_loss	: 1.7360
Neighbors Clustering 	: 0.5220
-------------------------------------
[Epoch : 7/20]
Pr_Src_cls_loss	: 1.8336
Total_loss	: 2.1482
Ent Loss	: -0.1035
Src_cls_loss	: 1.7245
Neighbors Clustering 	: 0.5272
-------------------------------------
[Epoch : 8/20]
Pr_Src_cls_loss	: 1.8336
Total_loss	: 2.1400
Ent Loss	: -0.1035
Src_cls_loss	: 1.7129
Neighbors Clustering 	: 0.5306
-------------------------------------
[Epoch : 9/20]
Pr_Src_cls_loss	: 1.8336
Total_loss	: 2.1315
Ent Loss	: -0.1035
Src_cls_loss	: 1.7012
Neighbors Clustering 	: 0.5338
-------------------------------------
[Epoch : 10/20]
Pr_Src_cls_loss	: 1.8336
Total_loss	: 2.1224
Ent Loss	: -0.1035
Src_cls_loss	: 1.6895
Neighbors Clustering 	: 0.5364
-------------------------------------
[Epoch : 11/20]
Pr_Src_cls_loss	: 1.8336
Total_loss	: 2.1123
Ent Loss	: -0.1035
Src_cls_loss	: 1.6777
Neighbors Clustering 	: 0.5381
-------------------------------------
[Epoch : 12/20]
Pr_Src_cls_loss	: 1.8336
Total_loss	: 2.1021
Ent Loss	: -0.1035
Src_cls_loss	: 1.6659
Neighbors Clustering 	: 0.5397
-------------------------------------
[Epoch : 13/20]
Pr_Src_cls_loss	: 1.8336
Total_loss	: 2.0915
Ent Loss	: -0.1035
Src_cls_loss	: 1.6542
Neighbors Clustering 	: 0.5408
-------------------------------------
[Epoch : 14/20]
Pr_Src_cls_loss	: 1.8336
Total_loss	: 2.0802
Ent Loss	: -0.1035
Src_cls_loss	: 1.6425
Neighbors Clustering 	: 0.5411
-------------------------------------
[Epoch : 15/20]
Pr_Src_cls_loss	: 1.8336
Total_loss	: 2.0688
Ent Loss	: -0.1035
Src_cls_loss	: 1.6308
Neighbors Clustering 	: 0.5414
-------------------------------------
[Epoch : 16/20]
Pr_Src_cls_loss	: 1.8336
Total_loss	: 2.0575
Ent Loss	: -0.1035
Src_cls_loss	: 1.6192
Neighbors Clustering 	: 0.5418
-------------------------------------
[Epoch : 17/20]
Pr_Src_cls_loss	: 1.8336
Total_loss	: 2.0462
Ent Loss	: -0.1034
Src_cls_loss	: 1.6076
Neighbors Clustering 	: 0.5420
-------------------------------------
[Epoch : 18/20]
Pr_Src_cls_loss	: 1.8336
Total_loss	: 2.0349
Ent Loss	: -0.1034
Src_cls_loss	: 1.5960
Neighbors Clustering 	: 0.5423
-------------------------------------
[Epoch : 19/20]
Pr_Src_cls_loss	: 1.8336
Total_loss	: 2.0237
Ent Loss	: -0.1034
Src_cls_loss	: 1.5844
Neighbors Clustering 	: 0.5427
-------------------------------------
[Epoch : 20/20]
Pr_Src_cls_loss	: 1.8336
Total_loss	: 2.0123
Ent Loss	: -0.1034
Src_cls_loss	: 1.5728
Neighbors Clustering 	: 0.5429
-------------------------------------
H_score: 0.0000, OS* (acc_c): 0.0000, UNK (acc_p): 1.0000, acc_mix: 0.3737, F1: 0.2033
Uploading logs from: /mnt/data/home/tp2474/OpenSet-AdaTime/experiments_logs/curriculum/MHEALTH to RealWorld_UniDA_hard_n4_fno_mean/DANCE_UniDA_hard_n4_fno_mean/MHEALTH_to_RealWorld_run_1
🏃 View run DANCE_run_1 at: http://127.0.0.1:5001/#/experiments/794510956309761169/runs/c1e1565f064040369b52f4eefb01d21b
🧪 View experiment at: http://127.0.0.1:5001/#/experiments/794510956309761169
=============================================
Dataset: MHEALTH to RealWorld_UniDA_hard_n4_fno_mean
Method:  DANCE
=============================================
Source: MHEALTH ---> Target: RealWorld
Run ID: 2
=============================================
[Pr Epoch : 1/20]
Pr_Src_cls_loss	: 1.9304
-------------------------------------
[Pr Epoch : 2/20]
Pr_Src_cls_loss	: 1.9020
-------------------------------------
[Pr Epoch : 3/20]
Pr_Src_cls_loss	: 1.8870
-------------------------------------
[Pr Epoch : 4/20]
Pr_Src_cls_loss	: 1.8763
-------------------------------------
[Pr Epoch : 5/20]
Pr_Src_cls_loss	: 1.8681
-------------------------------------
[Pr Epoch : 6/20]
Pr_Src_cls_loss	: 1.8617
-------------------------------------
[Pr Epoch : 7/20]
Pr_Src_cls_loss	: 1.8566
-------------------------------------
[Pr Epoch : 8/20]
Pr_Src_cls_loss	: 1.8522
-------------------------------------
[Pr Epoch : 9/20]
Pr_Src_cls_loss	: 1.8482
-------------------------------------
[Pr Epoch : 10/20]
Pr_Src_cls_loss	: 1.8448
-------------------------------------
[Pr Epoch : 11/20]
Pr_Src_cls_loss	: 1.8417
-------------------------------------
[Pr Epoch : 12/20]
Pr_Src_cls_loss	: 1.8389
-------------------------------------
[Pr Epoch : 13/20]
Pr_Src_cls_loss	: 1.8364
-------------------------------------
[Pr Epoch : 14/20]
Pr_Src_cls_loss	: 1.8342
-------------------------------------
[Pr Epoch : 15/20]
Pr_Src_cls_loss	: 1.8321
-------------------------------------
[Pr Epoch : 16/20]
Pr_Src_cls_loss	: 1.8301
-------------------------------------
[Pr Epoch : 17/20]
Pr_Src_cls_loss	: 1.8283
-------------------------------------
[Pr Epoch : 18/20]
Pr_Src_cls_loss	: 1.8267
-------------------------------------
[Pr Epoch : 19/20]
Pr_Src_cls_loss	: 1.8252
-------------------------------------
[Pr Epoch : 20/20]
Pr_Src_cls_loss	: 1.8237
-------------------------------------
[Epoch : 1/20]
Pr_Src_cls_loss	: 1.8237
Total_loss	: 2.1055
Ent Loss	: -0.1036
Src_cls_loss	: 1.7826
Neighbors Clustering 	: 0.4265
-------------------------------------
[Epoch : 2/20]
Pr_Src_cls_loss	: 1.8237
Total_loss	: 2.1369
Ent Loss	: -0.1035
Src_cls_loss	: 1.7713
Neighbors Clustering 	: 0.4692
-------------------------------------
[Epoch : 3/20]
Pr_Src_cls_loss	: 1.8237
Total_loss	: 2.1520
Ent Loss	: -0.1035
Src_cls_loss	: 1.7597
Neighbors Clustering 	: 0.4958
-------------------------------------
[Epoch : 4/20]
Pr_Src_cls_loss	: 1.8237
Total_loss	: 2.1572
Ent Loss	: -0.1035
Src_cls_loss	: 1.7479
Neighbors Clustering 	: 0.5127
-------------------------------------
[Epoch : 5/20]
Pr_Src_cls_loss	: 1.8237
Total_loss	: 2.1575
Ent Loss	: -0.1035
Src_cls_loss	: 1.7362
Neighbors Clustering 	: 0.5248
-------------------------------------
[Epoch : 6/20]
Pr_Src_cls_loss	: 1.8237
Total_loss	: 2.1548
Ent Loss	: -0.1034
Src_cls_loss	: 1.7245
Neighbors Clustering 	: 0.5337
-------------------------------------
[Epoch : 7/20]
Pr_Src_cls_loss	: 1.8237
Total_loss	: 2.1493
Ent Loss	: -0.1034
Src_cls_loss	: 1.7128
Neighbors Clustering 	: 0.5400
-------------------------------------
[Epoch : 8/20]
Pr_Src_cls_loss	: 1.8237
Total_loss	: 2.1425
Ent Loss	: -0.1034
Src_cls_loss	: 1.7011
Neighbors Clustering 	: 0.5448
-------------------------------------
[Epoch : 9/20]
Pr_Src_cls_loss	: 1.8237
Total_loss	: 2.1345
Ent Loss	: -0.1034
Src_cls_loss	: 1.6895
Neighbors Clustering 	: 0.5484
-------------------------------------
[Epoch : 10/20]
Pr_Src_cls_loss	: 1.8237
Total_loss	: 2.1261
Ent Loss	: -0.1034
Src_cls_loss	: 1.6778
Neighbors Clustering 	: 0.5517
-------------------------------------
[Epoch : 11/20]
Pr_Src_cls_loss	: 1.8237
Total_loss	: 2.1166
Ent Loss	: -0.1034
Src_cls_loss	: 1.6661
Neighbors Clustering 	: 0.5539
-------------------------------------
[Epoch : 12/20]
Pr_Src_cls_loss	: 1.8237
Total_loss	: 2.1061
Ent Loss	: -0.1034
Src_cls_loss	: 1.6545
Neighbors Clustering 	: 0.5550
-------------------------------------
[Epoch : 13/20]
Pr_Src_cls_loss	: 1.8237
Total_loss	: 2.0951
Ent Loss	: -0.1033
Src_cls_loss	: 1.6428
Neighbors Clustering 	: 0.5556
-------------------------------------
[Epoch : 14/20]
Pr_Src_cls_loss	: 1.8237
Total_loss	: 2.0837
Ent Loss	: -0.1033
Src_cls_loss	: 1.6313
Neighbors Clustering 	: 0.5557
-------------------------------------
[Epoch : 15/20]
Pr_Src_cls_loss	: 1.8237
Total_loss	: 2.0717
Ent Loss	: -0.1033
Src_cls_loss	: 1.6197
Neighbors Clustering 	: 0.5553
-------------------------------------
[Epoch : 16/20]
Pr_Src_cls_loss	: 1.8237
Total_loss	: 2.0599
Ent Loss	: -0.1033
Src_cls_loss	: 1.6081
Neighbors Clustering 	: 0.5551
-------------------------------------
[Epoch : 17/20]
Pr_Src_cls_loss	: 1.8237
Total_loss	: 2.0480
Ent Loss	: -0.1033
Src_cls_loss	: 1.5965
Neighbors Clustering 	: 0.5548
-------------------------------------
[Epoch : 18/20]
Pr_Src_cls_loss	: 1.8237
Total_loss	: 2.0364
Ent Loss	: -0.1033
Src_cls_loss	: 1.5850
Neighbors Clustering 	: 0.5547
-------------------------------------
[Epoch : 19/20]
Pr_Src_cls_loss	: 1.8237
Total_loss	: 2.0243
Ent Loss	: -0.1033
Src_cls_loss	: 1.5735
Neighbors Clustering 	: 0.5541
-------------------------------------
[Epoch : 20/20]
Pr_Src_cls_loss	: 1.8237
Total_loss	: 2.0120
Ent Loss	: -0.1033
Src_cls_loss	: 1.5621
Neighbors Clustering 	: 0.5532
-------------------------------------
H_score: 0.0000, OS* (acc_c): 0.0000, UNK (acc_p): 1.0000, acc_mix: 0.3737, F1: 0.2033
Uploading logs from: /mnt/data/home/tp2474/OpenSet-AdaTime/experiments_logs/curriculum/MHEALTH to RealWorld_UniDA_hard_n4_fno_mean/DANCE_UniDA_hard_n4_fno_mean/MHEALTH_to_RealWorld_run_2
🏃 View run DANCE_run_2 at: http://127.0.0.1:5001/#/experiments/794510956309761169/runs/9e3ea1da40ca4eb5ac2d46f602589ff0
🧪 View experiment at: http://127.0.0.1:5001/#/experiments/794510956309761169
=============================================
Dataset: MHEALTH to RealWorld_UniDA_hard_n4_fno_mean
Method:  DANCE
=============================================
Source: MHEALTH ---> Target: RealWorld
Run ID: 3
=============================================
[Pr Epoch : 1/20]
Pr_Src_cls_loss	: 1.9344
-------------------------------------
[Pr Epoch : 2/20]
Pr_Src_cls_loss	: 1.9076
-------------------------------------
[Pr Epoch : 3/20]
Pr_Src_cls_loss	: 1.8930
-------------------------------------
[Pr Epoch : 4/20]
Pr_Src_cls_loss	: 1.8830
-------------------------------------
[Pr Epoch : 5/20]
Pr_Src_cls_loss	: 1.8752
-------------------------------------
[Pr Epoch : 6/20]
Pr_Src_cls_loss	: 1.8692
-------------------------------------
[Pr Epoch : 7/20]
Pr_Src_cls_loss	: 1.8642
-------------------------------------
[Pr Epoch : 8/20]
Pr_Src_cls_loss	: 1.8600
-------------------------------------
[Pr Epoch : 9/20]
Pr_Src_cls_loss	: 1.8562
-------------------------------------
[Pr Epoch : 10/20]
Pr_Src_cls_loss	: 1.8529
-------------------------------------
[Pr Epoch : 11/20]
Pr_Src_cls_loss	: 1.8500
-------------------------------------
[Pr Epoch : 12/20]
Pr_Src_cls_loss	: 1.8474
-------------------------------------
[Pr Epoch : 13/20]
Pr_Src_cls_loss	: 1.8450
-------------------------------------
[Pr Epoch : 14/20]
Pr_Src_cls_loss	: 1.8428
-------------------------------------
[Pr Epoch : 15/20]
Pr_Src_cls_loss	: 1.8408
-------------------------------------
[Pr Epoch : 16/20]
Pr_Src_cls_loss	: 1.8389
-------------------------------------
[Pr Epoch : 17/20]
Pr_Src_cls_loss	: 1.8372
-------------------------------------
[Pr Epoch : 18/20]
Pr_Src_cls_loss	: 1.8357
-------------------------------------
[Pr Epoch : 19/20]
Pr_Src_cls_loss	: 1.8342
-------------------------------------
[Pr Epoch : 20/20]
Pr_Src_cls_loss	: 1.8329
-------------------------------------
[Epoch : 1/20]
Pr_Src_cls_loss	: 1.8329
Total_loss	: 2.1153
Ent Loss	: -0.1037
Src_cls_loss	: 1.7941
Neighbors Clustering 	: 0.4248
-------------------------------------
[Epoch : 2/20]
Pr_Src_cls_loss	: 1.8329
Total_loss	: 2.1430
Ent Loss	: -0.1036
Src_cls_loss	: 1.7828
Neighbors Clustering 	: 0.4639
-------------------------------------
[Epoch : 3/20]
Pr_Src_cls_loss	: 1.8329
Total_loss	: 2.1560
Ent Loss	: -0.1036
Src_cls_loss	: 1.7713
Neighbors Clustering 	: 0.4883
-------------------------------------
[Epoch : 4/20]
Pr_Src_cls_loss	: 1.8329
Total_loss	: 2.1609
Ent Loss	: -0.1036
Src_cls_loss	: 1.7600
Neighbors Clustering 	: 0.5045
-------------------------------------
[Epoch : 5/20]
Pr_Src_cls_loss	: 1.8329
Total_loss	: 2.1616
Ent Loss	: -0.1035
Src_cls_loss	: 1.7484
Neighbors Clustering 	: 0.5168
-------------------------------------
[Epoch : 6/20]
Pr_Src_cls_loss	: 1.8329
Total_loss	: 2.1596
Ent Loss	: -0.1035
Src_cls_loss	: 1.7368
Neighbors Clustering 	: 0.5263
-------------------------------------
[Epoch : 7/20]
Pr_Src_cls_loss	: 1.8329
Total_loss	: 2.1552
Ent Loss	: -0.1035
Src_cls_loss	: 1.7253
Neighbors Clustering 	: 0.5334
-------------------------------------
[Epoch : 8/20]
Pr_Src_cls_loss	: 1.8329
Total_loss	: 2.1489
Ent Loss	: -0.1035
Src_cls_loss	: 1.7137
Neighbors Clustering 	: 0.5387
-------------------------------------
[Epoch : 9/20]
Pr_Src_cls_loss	: 1.8329
Total_loss	: 2.1414
Ent Loss	: -0.1035
Src_cls_loss	: 1.7020
Neighbors Clustering 	: 0.5429
-------------------------------------
[Epoch : 10/20]
Pr_Src_cls_loss	: 1.8329
Total_loss	: 2.1321
Ent Loss	: -0.1035
Src_cls_loss	: 1.6905
Neighbors Clustering 	: 0.5450
-------------------------------------
[Epoch : 11/20]
Pr_Src_cls_loss	: 1.8329
Total_loss	: 2.1207
Ent Loss	: -0.1035
Src_cls_loss	: 1.6791
Neighbors Clustering 	: 0.5451
-------------------------------------
[Epoch : 12/20]
Pr_Src_cls_loss	: 1.8329
Total_loss	: 2.1081
Ent Loss	: -0.1035
Src_cls_loss	: 1.6678
Neighbors Clustering 	: 0.5438
-------------------------------------
[Epoch : 13/20]
Pr_Src_cls_loss	: 1.8329
Total_loss	: 2.0952
Ent Loss	: -0.1035
Src_cls_loss	: 1.6562
Neighbors Clustering 	: 0.5424
-------------------------------------
[Epoch : 14/20]
Pr_Src_cls_loss	: 1.8329
Total_loss	: 2.0830
Ent Loss	: -0.1035
Src_cls_loss	: 1.6447
Neighbors Clustering 	: 0.5418
-------------------------------------
[Epoch : 15/20]
Pr_Src_cls_loss	: 1.8329
Total_loss	: 2.0713
Ent Loss	: -0.1035
Src_cls_loss	: 1.6332
Neighbors Clustering 	: 0.5416
-------------------------------------
[Epoch : 16/20]
Pr_Src_cls_loss	: 1.8329
Total_loss	: 2.0598
Ent Loss	: -0.1035
Src_cls_loss	: 1.6214
Neighbors Clustering 	: 0.5418
-------------------------------------
[Epoch : 17/20]
Pr_Src_cls_loss	: 1.8329
Total_loss	: 2.0485
Ent Loss	: -0.1034
Src_cls_loss	: 1.6098
Neighbors Clustering 	: 0.5421
-------------------------------------
[Epoch : 18/20]
Pr_Src_cls_loss	: 1.8329
Total_loss	: 2.0374
Ent Loss	: -0.1034
Src_cls_loss	: 1.5982
Neighbors Clustering 	: 0.5427
-------------------------------------
[Epoch : 19/20]
Pr_Src_cls_loss	: 1.8329
Total_loss	: 2.0264
Ent Loss	: -0.1034
Src_cls_loss	: 1.5866
Neighbors Clustering 	: 0.5433
-------------------------------------
[Epoch : 20/20]
Pr_Src_cls_loss	: 1.8329
Total_loss	: 2.0155
Ent Loss	: -0.1034
Src_cls_loss	: 1.5750
Neighbors Clustering 	: 0.5439
-------------------------------------
H_score: 0.0000, OS* (acc_c): 0.0000, UNK (acc_p): 1.0000, acc_mix: 0.3737, F1: 0.2033
Uploading logs from: /mnt/data/home/tp2474/OpenSet-AdaTime/experiments_logs/curriculum/MHEALTH to RealWorld_UniDA_hard_n4_fno_mean/DANCE_UniDA_hard_n4_fno_mean/MHEALTH_to_RealWorld_run_3
🏃 View run DANCE_run_3 at: http://127.0.0.1:5001/#/experiments/794510956309761169/runs/506cbcc1fdda4784a5aca8898d782eef
🧪 View experiment at: http://127.0.0.1:5001/#/experiments/794510956309761169
=============================================
Dataset: MHEALTH to RealWorld_UniDA_hard_n4_fno_mean
Method:  DANCE
=============================================
Source: MHEALTH ---> Target: RealWorld
Run ID: 4
=============================================
[Pr Epoch : 1/20]
Pr_Src_cls_loss	: 1.9281
-------------------------------------
[Pr Epoch : 2/20]
Pr_Src_cls_loss	: 1.8997
-------------------------------------
[Pr Epoch : 3/20]
Pr_Src_cls_loss	: 1.8843
-------------------------------------
[Pr Epoch : 4/20]
Pr_Src_cls_loss	: 1.8741
-------------------------------------
[Pr Epoch : 5/20]
Pr_Src_cls_loss	: 1.8665
-------------------------------------
[Pr Epoch : 6/20]
Pr_Src_cls_loss	: 1.8604
-------------------------------------
[Pr Epoch : 7/20]
Pr_Src_cls_loss	: 1.8552
-------------------------------------
[Pr Epoch : 8/20]
Pr_Src_cls_loss	: 1.8507
-------------------------------------
[Pr Epoch : 9/20]
Pr_Src_cls_loss	: 1.8468
-------------------------------------
[Pr Epoch : 10/20]
Pr_Src_cls_loss	: 1.8435
-------------------------------------
[Pr Epoch : 11/20]
Pr_Src_cls_loss	: 1.8404
-------------------------------------
[Pr Epoch : 12/20]
Pr_Src_cls_loss	: 1.8377
-------------------------------------
[Pr Epoch : 13/20]
Pr_Src_cls_loss	: 1.8354
-------------------------------------
[Pr Epoch : 14/20]
Pr_Src_cls_loss	: 1.8332
-------------------------------------
[Pr Epoch : 15/20]
Pr_Src_cls_loss	: 1.8311
-------------------------------------
[Pr Epoch : 16/20]
Pr_Src_cls_loss	: 1.8293
-------------------------------------
[Pr Epoch : 17/20]
Pr_Src_cls_loss	: 1.8276
-------------------------------------
[Pr Epoch : 18/20]
Pr_Src_cls_loss	: 1.8260
-------------------------------------
[Pr Epoch : 19/20]
Pr_Src_cls_loss	: 1.8246
-------------------------------------
[Pr Epoch : 20/20]
Pr_Src_cls_loss	: 1.8232
-------------------------------------
[Epoch : 1/20]
Pr_Src_cls_loss	: 1.8232
Total_loss	: 2.1108
Ent Loss	: -0.1036
Src_cls_loss	: 1.7841
Neighbors Clustering 	: 0.4304
-------------------------------------
[Epoch : 2/20]
Pr_Src_cls_loss	: 1.8232
Total_loss	: 2.1414
Ent Loss	: -0.1036
Src_cls_loss	: 1.7725
Neighbors Clustering 	: 0.4725
-------------------------------------
[Epoch : 3/20]
Pr_Src_cls_loss	: 1.8232
Total_loss	: 2.1533
Ent Loss	: -0.1036
Src_cls_loss	: 1.7607
Neighbors Clustering 	: 0.4961
-------------------------------------
[Epoch : 4/20]
Pr_Src_cls_loss	: 1.8232
Total_loss	: 2.1583
Ent Loss	: -0.1035
Src_cls_loss	: 1.7491
Neighbors Clustering 	: 0.5126
-------------------------------------
[Epoch : 5/20]
Pr_Src_cls_loss	: 1.8232
Total_loss	: 2.1579
Ent Loss	: -0.1035
Src_cls_loss	: 1.7376
Neighbors Clustering 	: 0.5238
-------------------------------------
[Epoch : 6/20]
Pr_Src_cls_loss	: 1.8232
Total_loss	: 2.1548
Ent Loss	: -0.1035
Src_cls_loss	: 1.7260
Neighbors Clustering 	: 0.5323
-------------------------------------
[Epoch : 7/20]
Pr_Src_cls_loss	: 1.8232
Total_loss	: 2.1497
Ent Loss	: -0.1034
Src_cls_loss	: 1.7144
Neighbors Clustering 	: 0.5387
-------------------------------------
[Epoch : 8/20]
Pr_Src_cls_loss	: 1.8232
Total_loss	: 2.1427
Ent Loss	: -0.1034
Src_cls_loss	: 1.7028
Neighbors Clustering 	: 0.5434
-------------------------------------
[Epoch : 9/20]
Pr_Src_cls_loss	: 1.8232
Total_loss	: 2.1348
Ent Loss	: -0.1034
Src_cls_loss	: 1.6911
Neighbors Clustering 	: 0.5471
-------------------------------------
[Epoch : 10/20]
Pr_Src_cls_loss	: 1.8232
Total_loss	: 2.1256
Ent Loss	: -0.1034
Src_cls_loss	: 1.6795
Neighbors Clustering 	: 0.5495
-------------------------------------
[Epoch : 11/20]
Pr_Src_cls_loss	: 1.8232
Total_loss	: 2.1152
Ent Loss	: -0.1034
Src_cls_loss	: 1.6679
Neighbors Clustering 	: 0.5507
-------------------------------------
[Epoch : 12/20]
Pr_Src_cls_loss	: 1.8232
Total_loss	: 2.1036
Ent Loss	: -0.1034
Src_cls_loss	: 1.6566
Neighbors Clustering 	: 0.5505
-------------------------------------
[Epoch : 13/20]
Pr_Src_cls_loss	: 1.8232
Total_loss	: 2.0917
Ent Loss	: -0.1034
Src_cls_loss	: 1.6452
Neighbors Clustering 	: 0.5498
-------------------------------------
[Epoch : 14/20]
Pr_Src_cls_loss	: 1.8232
Total_loss	: 2.0794
Ent Loss	: -0.1034
Src_cls_loss	: 1.6337
Neighbors Clustering 	: 0.5491
-------------------------------------
[Epoch : 15/20]
Pr_Src_cls_loss	: 1.8232
Total_loss	: 2.0676
Ent Loss	: -0.1034
Src_cls_loss	: 1.6223
Neighbors Clustering 	: 0.5486
-------------------------------------
[Epoch : 16/20]
Pr_Src_cls_loss	: 1.8232
Total_loss	: 2.0558
Ent Loss	: -0.1034
Src_cls_loss	: 1.6108
Neighbors Clustering 	: 0.5484
-------------------------------------
[Epoch : 17/20]
Pr_Src_cls_loss	: 1.8232
Total_loss	: 2.0442
Ent Loss	: -0.1034
Src_cls_loss	: 1.5993
Neighbors Clustering 	: 0.5482
-------------------------------------
[Epoch : 18/20]
Pr_Src_cls_loss	: 1.8232
Total_loss	: 2.0326
Ent Loss	: -0.1034
Src_cls_loss	: 1.5878
Neighbors Clustering 	: 0.5481
-------------------------------------
[Epoch : 19/20]
Pr_Src_cls_loss	: 1.8232
Total_loss	: 2.0213
Ent Loss	: -0.1034
Src_cls_loss	: 1.5764
Neighbors Clustering 	: 0.5483
-------------------------------------
[Epoch : 20/20]
Pr_Src_cls_loss	: 1.8232
Total_loss	: 2.0102
Ent Loss	: -0.1033
Src_cls_loss	: 1.5650
Neighbors Clustering 	: 0.5486
-------------------------------------
H_score: 0.0000, OS* (acc_c): 0.0000, UNK (acc_p): 1.0000, acc_mix: 0.3737, F1: 0.2033
Uploading logs from: /mnt/data/home/tp2474/OpenSet-AdaTime/experiments_logs/curriculum/MHEALTH to RealWorld_UniDA_hard_n4_fno_mean/DANCE_UniDA_hard_n4_fno_mean/MHEALTH_to_RealWorld_run_4
🏃 View run DANCE_run_4 at: http://127.0.0.1:5001/#/experiments/794510956309761169/runs/c4fc45cd43c2480fb42033fc71e1cd4b
🧪 View experiment at: http://127.0.0.1:5001/#/experiments/794510956309761169
==================== [n4 fno_mean] PPOT ====================
[curriculum] scenario=UniDA  strategy=hard  n_unknown=4  rank_variant=fno_mean
[curriculum] source mapping (8 classes): {'Lying down': 'lying', 'Sitting and relaxing': 'sitting', 'Walking': 'walking', 'Running': 'running', 'Climbing stairs': 'Climbing stairs', 'Frontal elevation of arms': 'Frontal elevation of arms', 'Jump front & back': 'Jump front & back', 'Jogging': 'Jogging'}
[curriculum] target mapping (8 classes): {'lying': 'lying', 'sitting': 'sitting', 'walking': 'walking', 'running': 'running', 'climbingup': 'climbingup', 'jumping': 'jumping', 'climbingdown': 'climbingdown', 'standing': 'standing'}
[curriculum] unknowns added (in hard order): src=[Climbing stairs,Frontal elevation of arms,Jump front & back,Jogging] | trg=[climbingup,jumping,climbingdown,standing]
[scenario] PPOT -> UniDA (uniDA=True)
Unlabeled data shape:  (41859, 150, 18)
Unlabelled Combined shape: (71801, 150, 18)

--- Dataloader Size Check ---
Source Train batches:   33
Target Train batches:   654
-------------------------------

Private classes:  tensor([ 8.,  9., 10., 11.])
=============================================
Dataset: MHEALTH to RealWorld_UniDA_hard_n4_fno_mean
Method:  PPOT
=============================================
Source: MHEALTH ---> Target: RealWorld
Run ID: 0
=============================================
[Pr Epoch : 1/20]
Pr_Src_cls_loss	: 2.0281
-------------------------------------
[Pr Epoch : 2/20]
Pr_Src_cls_loss	: 1.9965
-------------------------------------
[Pr Epoch : 3/20]
Pr_Src_cls_loss	: 1.9739
-------------------------------------
[Pr Epoch : 4/20]
Pr_Src_cls_loss	: 1.9559
-------------------------------------
[Pr Epoch : 5/20]
Pr_Src_cls_loss	: 1.9406
-------------------------------------
[Pr Epoch : 6/20]
Pr_Src_cls_loss	: 1.9269
-------------------------------------
[Pr Epoch : 7/20]
Pr_Src_cls_loss	: 1.9145
-------------------------------------
[Pr Epoch : 8/20]
Pr_Src_cls_loss	: 1.9031
-------------------------------------
[Pr Epoch : 9/20]
Pr_Src_cls_loss	: 1.8924
-------------------------------------
[Pr Epoch : 10/20]
Pr_Src_cls_loss	: 1.8824
-------------------------------------
[Pr Epoch : 11/20]
Pr_Src_cls_loss	: 1.8728
-------------------------------------
[Pr Epoch : 12/20]
Pr_Src_cls_loss	: 1.8634
-------------------------------------
[Pr Epoch : 13/20]
Pr_Src_cls_loss	: 1.8545
-------------------------------------
[Pr Epoch : 14/20]
Pr_Src_cls_loss	: 1.8458
-------------------------------------
[Pr Epoch : 15/20]
Pr_Src_cls_loss	: 1.8374
-------------------------------------
[Pr Epoch : 16/20]
Pr_Src_cls_loss	: 1.8292
-------------------------------------
[Pr Epoch : 17/20]
Pr_Src_cls_loss	: 1.8210
-------------------------------------
[Pr Epoch : 18/20]
Pr_Src_cls_loss	: 1.8131
-------------------------------------
[Pr Epoch : 19/20]
Pr_Src_cls_loss	: 1.8053
-------------------------------------
[Pr Epoch : 20/20]
Pr_Src_cls_loss	: 1.7975
-------------------------------------
[Epoch : 1/20]
Pr_Src_cls_loss	: 1.7975
Total_loss	: 0.4966
OT Loss	: 0.1405
Entropic Loss	: -1.3118
Src_cls_loss	: 1.5976
-------------------------------------
[Epoch : 2/20]
Pr_Src_cls_loss	: 1.7975
Total_loss	: 0.5731
OT Loss	: 0.1356
Entropic Loss	: -1.2081
Src_cls_loss	: 1.5777
-------------------------------------
[Epoch : 3/20]
Pr_Src_cls_loss	: 1.7975
Total_loss	: 0.4855
OT Loss	: 0.1332
Entropic Loss	: -1.2836
Src_cls_loss	: 1.5693
-------------------------------------
[Epoch : 4/20]
Pr_Src_cls_loss	: 1.7975
Total_loss	: 0.4546
OT Loss	: 0.1313
Entropic Loss	: -1.3046
Src_cls_loss	: 1.5621
-------------------------------------
[Epoch : 5/20]
Pr_Src_cls_loss	: 1.7975
Total_loss	: 0.4211
OT Loss	: 0.1299
Entropic Loss	: -1.3277
Src_cls_loss	: 1.5540
-------------------------------------
[Epoch : 6/20]
Pr_Src_cls_loss	: 1.7975
Total_loss	: 0.4156
OT Loss	: 0.1295
Entropic Loss	: -1.3225
Src_cls_loss	: 1.5438
-------------------------------------
[Epoch : 7/20]
Pr_Src_cls_loss	: 1.7975
Total_loss	: 0.4220
OT Loss	: 0.1284
Entropic Loss	: -1.3037
Src_cls_loss	: 1.5332
-------------------------------------
[Epoch : 8/20]
Pr_Src_cls_loss	: 1.7975
Total_loss	: 0.4070
OT Loss	: 0.1275
Entropic Loss	: -1.3080
Src_cls_loss	: 1.5237
-------------------------------------
[Epoch : 9/20]
Pr_Src_cls_loss	: 1.7975
Total_loss	: 0.4186
OT Loss	: 0.1270
Entropic Loss	: -1.2884
Src_cls_loss	: 1.5164
-------------------------------------
[Epoch : 10/20]
Pr_Src_cls_loss	: 1.7975
Total_loss	: 0.4025
OT Loss	: 0.1263
Entropic Loss	: -1.2958
Src_cls_loss	: 1.5088
-------------------------------------
[Epoch : 11/20]
Pr_Src_cls_loss	: 1.7975
Total_loss	: 0.3922
OT Loss	: 0.1258
Entropic Loss	: -1.2974
Src_cls_loss	: 1.5009
-------------------------------------
[Epoch : 12/20]
Pr_Src_cls_loss	: 1.7975
Total_loss	: 0.3928
OT Loss	: 0.1255
Entropic Loss	: -1.2877
Src_cls_loss	: 1.4923
-------------------------------------
[Epoch : 13/20]
Pr_Src_cls_loss	: 1.7975
Total_loss	: 0.3791
OT Loss	: 0.1249
Entropic Loss	: -1.2907
Src_cls_loss	: 1.4824
-------------------------------------
[Epoch : 14/20]
Pr_Src_cls_loss	: 1.7975
Total_loss	: 0.3717
OT Loss	: 0.1244
Entropic Loss	: -1.2872
Src_cls_loss	: 1.4724
-------------------------------------
[Epoch : 15/20]
Pr_Src_cls_loss	: 1.7975
Total_loss	: 0.3662
OT Loss	: 0.1241
Entropic Loss	: -1.2855
Src_cls_loss	: 1.4655
-------------------------------------
[Epoch : 16/20]
Pr_Src_cls_loss	: 1.7975
Total_loss	: 0.3516
OT Loss	: 0.1237
Entropic Loss	: -1.2910
Src_cls_loss	: 1.4571
-------------------------------------
[Epoch : 17/20]
Pr_Src_cls_loss	: 1.7975
Total_loss	: 0.3659
OT Loss	: 0.1231
Entropic Loss	: -1.2664
Src_cls_loss	: 1.4477
-------------------------------------
[Epoch : 18/20]
Pr_Src_cls_loss	: 1.7975
Total_loss	: 0.3662
OT Loss	: 0.1227
Entropic Loss	: -1.2574
Src_cls_loss	: 1.4397
-------------------------------------
[Epoch : 19/20]
Pr_Src_cls_loss	: 1.7975
Total_loss	: 0.3599
OT Loss	: 0.1222
Entropic Loss	: -1.2565
Src_cls_loss	: 1.4332
-------------------------------------
[Epoch : 20/20]
Pr_Src_cls_loss	: 1.7975
Total_loss	: 0.3466
OT Loss	: 0.1218
Entropic Loss	: -1.2610
Src_cls_loss	: 1.4250
-------------------------------------
/mnt/data/home/tp2474/OpenSet-AdaTime/trainers/abstract_trainer.py:331: FutureWarning: The behavior of DataFrame concatenation with empty or all-NA entries is deprecated. In a future version, this will no longer exclude empty or all-NA columns when determining the result dtypes. To retain the old behavior, exclude the relevant entries before the concat operation.
  table = pd.concat([table, results_df], ignore_index=True)
H_score: 0.0000, OS* (acc_c): 0.0000, UNK (acc_p): 1.0000, acc_mix: 0.3737, F1: 0.2033
Uploading logs from: /mnt/data/home/tp2474/OpenSet-AdaTime/experiments_logs/curriculum/MHEALTH to RealWorld_UniDA_hard_n4_fno_mean/PPOT_UniDA_hard_n4_fno_mean/MHEALTH_to_RealWorld_run_0
🏃 View run PPOT_run_0 at: http://127.0.0.1:5001/#/experiments/794510956309761169/runs/23cdef7efef149ada610282d937038d1
🧪 View experiment at: http://127.0.0.1:5001/#/experiments/794510956309761169
=============================================
Dataset: MHEALTH to RealWorld_UniDA_hard_n4_fno_mean
Method:  PPOT
=============================================
Source: MHEALTH ---> Target: RealWorld
Run ID: 1
=============================================
[Pr Epoch : 1/20]
Pr_Src_cls_loss	: 2.0414
-------------------------------------
[Pr Epoch : 2/20]
Pr_Src_cls_loss	: 2.0131
-------------------------------------
[Pr Epoch : 3/20]
Pr_Src_cls_loss	: 1.9923
-------------------------------------
[Pr Epoch : 4/20]
Pr_Src_cls_loss	: 1.9756
-------------------------------------
[Pr Epoch : 5/20]
Pr_Src_cls_loss	: 1.9614
-------------------------------------
[Pr Epoch : 6/20]
Pr_Src_cls_loss	: 1.9487
-------------------------------------
[Pr Epoch : 7/20]
Pr_Src_cls_loss	: 1.9371
-------------------------------------
[Pr Epoch : 8/20]
Pr_Src_cls_loss	: 1.9264
-------------------------------------
[Pr Epoch : 9/20]
Pr_Src_cls_loss	: 1.9165
-------------------------------------
[Pr Epoch : 10/20]
Pr_Src_cls_loss	: 1.9071
-------------------------------------
[Pr Epoch : 11/20]
Pr_Src_cls_loss	: 1.8979
-------------------------------------
[Pr Epoch : 12/20]
Pr_Src_cls_loss	: 1.8889
-------------------------------------
[Pr Epoch : 13/20]
Pr_Src_cls_loss	: 1.8802
-------------------------------------
[Pr Epoch : 14/20]
Pr_Src_cls_loss	: 1.8716
-------------------------------------
[Pr Epoch : 15/20]
Pr_Src_cls_loss	: 1.8632
-------------------------------------
[Pr Epoch : 16/20]
Pr_Src_cls_loss	: 1.8549
-------------------------------------
[Pr Epoch : 17/20]
Pr_Src_cls_loss	: 1.8469
-------------------------------------
[Pr Epoch : 18/20]
Pr_Src_cls_loss	: 1.8390
-------------------------------------
[Pr Epoch : 19/20]
Pr_Src_cls_loss	: 1.8311
-------------------------------------
[Pr Epoch : 20/20]
Pr_Src_cls_loss	: 1.8235
-------------------------------------
[Epoch : 1/20]
Pr_Src_cls_loss	: 1.8235
Total_loss	: 0.4469
OT Loss	: 0.1412
Entropic Loss	: -1.3690
Src_cls_loss	: 1.6041
-------------------------------------
[Epoch : 2/20]
Pr_Src_cls_loss	: 1.8235
Total_loss	: 0.3941
OT Loss	: 0.1340
Entropic Loss	: -1.3962
Src_cls_loss	: 1.5894
-------------------------------------
[Epoch : 3/20]
Pr_Src_cls_loss	: 1.8235
Total_loss	: 0.3780
OT Loss	: 0.1321
Entropic Loss	: -1.3970
Src_cls_loss	: 1.5768
-------------------------------------
[Epoch : 4/20]
Pr_Src_cls_loss	: 1.8235
Total_loss	: 0.4216
OT Loss	: 0.1303
Entropic Loss	: -1.3450
Src_cls_loss	: 1.5712
-------------------------------------
[Epoch : 5/20]
Pr_Src_cls_loss	: 1.8235
Total_loss	: 0.4125
OT Loss	: 0.1288
Entropic Loss	: -1.3467
Src_cls_loss	: 1.5659
-------------------------------------
[Epoch : 6/20]
Pr_Src_cls_loss	: 1.8235
Total_loss	: 0.3858
OT Loss	: 0.1273
Entropic Loss	: -1.3601
Src_cls_loss	: 1.5550
-------------------------------------
[Epoch : 7/20]
Pr_Src_cls_loss	: 1.8235
Total_loss	: 0.4457
OT Loss	: 0.1268
Entropic Loss	: -1.2944
Src_cls_loss	: 1.5498
-------------------------------------
[Epoch : 8/20]
Pr_Src_cls_loss	: 1.8235
Total_loss	: 0.4204
OT Loss	: 0.1265
Entropic Loss	: -1.3091
Src_cls_loss	: 1.5397
-------------------------------------
[Epoch : 9/20]
Pr_Src_cls_loss	: 1.8235
Total_loss	: 0.4174
OT Loss	: 0.1258
Entropic Loss	: -1.3040
Src_cls_loss	: 1.5327
-------------------------------------
[Epoch : 10/20]
Pr_Src_cls_loss	: 1.8235
Total_loss	: 0.3880
OT Loss	: 0.1245
Entropic Loss	: -1.3244
Src_cls_loss	: 1.5257
-------------------------------------
[Epoch : 11/20]
Pr_Src_cls_loss	: 1.8235
Total_loss	: 0.3801
OT Loss	: 0.1235
Entropic Loss	: -1.3204
Src_cls_loss	: 1.5154
-------------------------------------
[Epoch : 12/20]
Pr_Src_cls_loss	: 1.8235
Total_loss	: 0.3630
OT Loss	: 0.1231
Entropic Loss	: -1.3312
Src_cls_loss	: 1.5095
-------------------------------------
[Epoch : 13/20]
Pr_Src_cls_loss	: 1.8235
Total_loss	: 0.3646
OT Loss	: 0.1224
Entropic Loss	: -1.3258
Src_cls_loss	: 1.5068
-------------------------------------
[Epoch : 14/20]
Pr_Src_cls_loss	: 1.8235
Total_loss	: 0.3650
OT Loss	: 0.1218
Entropic Loss	: -1.3168
Src_cls_loss	: 1.4991
-------------------------------------
[Epoch : 15/20]
Pr_Src_cls_loss	: 1.8235
Total_loss	: 0.3963
OT Loss	: 0.1215
Entropic Loss	: -1.2768
Src_cls_loss	: 1.4909
-------------------------------------
[Epoch : 16/20]
Pr_Src_cls_loss	: 1.8235
Total_loss	: 0.3843
OT Loss	: 0.1211
Entropic Loss	: -1.2800
Src_cls_loss	: 1.4827
-------------------------------------
[Epoch : 17/20]
Pr_Src_cls_loss	: 1.8235
Total_loss	: 0.3644
OT Loss	: 0.1203
Entropic Loss	: -1.2902
Src_cls_loss	: 1.4741
-------------------------------------
[Epoch : 18/20]
Pr_Src_cls_loss	: 1.8235
Total_loss	: 0.3451
OT Loss	: 0.1198
Entropic Loss	: -1.3010
Src_cls_loss	: 1.4664
-------------------------------------
[Epoch : 19/20]
Pr_Src_cls_loss	: 1.8235
Total_loss	: 0.3446
OT Loss	: 0.1195
Entropic Loss	: -1.2931
Src_cls_loss	: 1.4584
-------------------------------------
[Epoch : 20/20]
Pr_Src_cls_loss	: 1.8235
Total_loss	: 0.3393
OT Loss	: 0.1189
Entropic Loss	: -1.2891
Src_cls_loss	: 1.4500
-------------------------------------
H_score: 0.0000, OS* (acc_c): 0.0000, UNK (acc_p): 1.0000, acc_mix: 0.3737, F1: 0.2033
Uploading logs from: /mnt/data/home/tp2474/OpenSet-AdaTime/experiments_logs/curriculum/MHEALTH to RealWorld_UniDA_hard_n4_fno_mean/PPOT_UniDA_hard_n4_fno_mean/MHEALTH_to_RealWorld_run_1
🏃 View run PPOT_run_1 at: http://127.0.0.1:5001/#/experiments/794510956309761169/runs/6b2925ce1f574956b004a45e232175d6
🧪 View experiment at: http://127.0.0.1:5001/#/experiments/794510956309761169
=============================================
Dataset: MHEALTH to RealWorld_UniDA_hard_n4_fno_mean
Method:  PPOT
=============================================
Source: MHEALTH ---> Target: RealWorld
Run ID: 2
=============================================
[Pr Epoch : 1/20]
Pr_Src_cls_loss	: 2.0470
-------------------------------------
[Pr Epoch : 2/20]
Pr_Src_cls_loss	: 2.0163
-------------------------------------
[Pr Epoch : 3/20]
Pr_Src_cls_loss	: 1.9939
-------------------------------------
[Pr Epoch : 4/20]
Pr_Src_cls_loss	: 1.9763
-------------------------------------
[Pr Epoch : 5/20]
Pr_Src_cls_loss	: 1.9612
-------------------------------------
[Pr Epoch : 6/20]
Pr_Src_cls_loss	: 1.9481
-------------------------------------
[Pr Epoch : 7/20]
Pr_Src_cls_loss	: 1.9359
-------------------------------------
[Pr Epoch : 8/20]
Pr_Src_cls_loss	: 1.9248
-------------------------------------
[Pr Epoch : 9/20]
Pr_Src_cls_loss	: 1.9141
-------------------------------------
[Pr Epoch : 10/20]
Pr_Src_cls_loss	: 1.9038
-------------------------------------
[Pr Epoch : 11/20]
Pr_Src_cls_loss	: 1.8941
-------------------------------------
[Pr Epoch : 12/20]
Pr_Src_cls_loss	: 1.8846
-------------------------------------
[Pr Epoch : 13/20]
Pr_Src_cls_loss	: 1.8756
-------------------------------------
[Pr Epoch : 14/20]
Pr_Src_cls_loss	: 1.8667
-------------------------------------
[Pr Epoch : 15/20]
Pr_Src_cls_loss	: 1.8580
-------------------------------------
[Pr Epoch : 16/20]
Pr_Src_cls_loss	: 1.8498
-------------------------------------
[Pr Epoch : 17/20]
Pr_Src_cls_loss	: 1.8416
-------------------------------------
[Pr Epoch : 18/20]
Pr_Src_cls_loss	: 1.8336
-------------------------------------
[Pr Epoch : 19/20]
Pr_Src_cls_loss	: 1.8257
-------------------------------------
[Pr Epoch : 20/20]
Pr_Src_cls_loss	: 1.8179
-------------------------------------
[Epoch : 1/20]
Pr_Src_cls_loss	: 1.8179
Total_loss	: 0.5363
OT Loss	: 0.1367
Entropic Loss	: -1.3058
Src_cls_loss	: 1.6370
-------------------------------------
[Epoch : 2/20]
Pr_Src_cls_loss	: 1.8179
Total_loss	: 0.4865
OT Loss	: 0.1321
Entropic Loss	: -1.3216
Src_cls_loss	: 1.6100
-------------------------------------
[Epoch : 3/20]
Pr_Src_cls_loss	: 1.8179
Total_loss	: 0.4903
OT Loss	: 0.1292
Entropic Loss	: -1.3047
Src_cls_loss	: 1.6011
-------------------------------------
[Epoch : 4/20]
Pr_Src_cls_loss	: 1.8179
Total_loss	: 0.5091
OT Loss	: 0.1268
Entropic Loss	: -1.2796
Src_cls_loss	: 1.5985
-------------------------------------
[Epoch : 5/20]
Pr_Src_cls_loss	: 1.8179
Total_loss	: 0.4885
OT Loss	: 0.1251
Entropic Loss	: -1.2843
Src_cls_loss	: 1.5852
-------------------------------------
[Epoch : 6/20]
Pr_Src_cls_loss	: 1.8179
Total_loss	: 0.4472
OT Loss	: 0.1248
Entropic Loss	: -1.3133
Src_cls_loss	: 1.5734
-------------------------------------
[Epoch : 7/20]
Pr_Src_cls_loss	: 1.8179
Total_loss	: 0.4329
OT Loss	: 0.1235
Entropic Loss	: -1.3150
Src_cls_loss	: 1.5627
-------------------------------------
[Epoch : 8/20]
Pr_Src_cls_loss	: 1.8179
Total_loss	: 0.4418
OT Loss	: 0.1220
Entropic Loss	: -1.2972
Src_cls_loss	: 1.5560
-------------------------------------
[Epoch : 9/20]
Pr_Src_cls_loss	: 1.8179
Total_loss	: 0.4524
OT Loss	: 0.1215
Entropic Loss	: -1.2760
Src_cls_loss	: 1.5461
-------------------------------------
[Epoch : 10/20]
Pr_Src_cls_loss	: 1.8179
Total_loss	: 0.4313
OT Loss	: 0.1204
Entropic Loss	: -1.2862
Src_cls_loss	: 1.5369
-------------------------------------
[Epoch : 11/20]
Pr_Src_cls_loss	: 1.8179
Total_loss	: 0.4437
OT Loss	: 0.1200
Entropic Loss	: -1.2652
Src_cls_loss	: 1.5289
-------------------------------------
[Epoch : 12/20]
Pr_Src_cls_loss	: 1.8179
Total_loss	: 0.4449
OT Loss	: 0.1194
Entropic Loss	: -1.2581
Src_cls_loss	: 1.5239
-------------------------------------
[Epoch : 13/20]
Pr_Src_cls_loss	: 1.8179
Total_loss	: 0.4325
OT Loss	: 0.1186
Entropic Loss	: -1.2620
Src_cls_loss	: 1.5167
-------------------------------------
[Epoch : 14/20]
Pr_Src_cls_loss	: 1.8179
Total_loss	: 0.4350
OT Loss	: 0.1176
Entropic Loss	: -1.2545
Src_cls_loss	: 1.5131
-------------------------------------
[Epoch : 15/20]
Pr_Src_cls_loss	: 1.8179
Total_loss	: 0.4212
OT Loss	: 0.1174
Entropic Loss	: -1.2594
Src_cls_loss	: 1.5045
-------------------------------------
[Epoch : 16/20]
Pr_Src_cls_loss	: 1.8179
Total_loss	: 0.4158
OT Loss	: 0.1168
Entropic Loss	: -1.2553
Src_cls_loss	: 1.4960
-------------------------------------
[Epoch : 17/20]
Pr_Src_cls_loss	: 1.8179
Total_loss	: 0.4111
OT Loss	: 0.1166
Entropic Loss	: -1.2531
Src_cls_loss	: 1.4893
-------------------------------------
[Epoch : 18/20]
Pr_Src_cls_loss	: 1.8179
Total_loss	: 0.3994
OT Loss	: 0.1162
Entropic Loss	: -1.2559
Src_cls_loss	: 1.4810
-------------------------------------
[Epoch : 19/20]
Pr_Src_cls_loss	: 1.8179
Total_loss	: 0.3915
OT Loss	: 0.1156
Entropic Loss	: -1.2566
Src_cls_loss	: 1.4747
-------------------------------------
[Epoch : 20/20]
Pr_Src_cls_loss	: 1.8179
Total_loss	: 0.3805
OT Loss	: 0.1153
Entropic Loss	: -1.2594
Src_cls_loss	: 1.4670
-------------------------------------
H_score: 0.0000, OS* (acc_c): 0.0000, UNK (acc_p): 1.0000, acc_mix: 0.3737, F1: 0.2033
Uploading logs from: /mnt/data/home/tp2474/OpenSet-AdaTime/experiments_logs/curriculum/MHEALTH to RealWorld_UniDA_hard_n4_fno_mean/PPOT_UniDA_hard_n4_fno_mean/MHEALTH_to_RealWorld_run_2
🏃 View run PPOT_run_2 at: http://127.0.0.1:5001/#/experiments/794510956309761169/runs/67f4a10eb8f44825a97dbb67ad8e4baf
🧪 View experiment at: http://127.0.0.1:5001/#/experiments/794510956309761169
=============================================
Dataset: MHEALTH to RealWorld_UniDA_hard_n4_fno_mean
Method:  PPOT
=============================================
Source: MHEALTH ---> Target: RealWorld
Run ID: 3
=============================================
[Pr Epoch : 1/20]
Pr_Src_cls_loss	: 2.0317
-------------------------------------
[Pr Epoch : 2/20]
Pr_Src_cls_loss	: 2.0021
-------------------------------------
[Pr Epoch : 3/20]
Pr_Src_cls_loss	: 1.9814
-------------------------------------
[Pr Epoch : 4/20]
Pr_Src_cls_loss	: 1.9649
-------------------------------------
[Pr Epoch : 5/20]
Pr_Src_cls_loss	: 1.9510
-------------------------------------
[Pr Epoch : 6/20]
Pr_Src_cls_loss	: 1.9387
-------------------------------------
[Pr Epoch : 7/20]
Pr_Src_cls_loss	: 1.9275
-------------------------------------
[Pr Epoch : 8/20]
Pr_Src_cls_loss	: 1.9169
-------------------------------------
[Pr Epoch : 9/20]
Pr_Src_cls_loss	: 1.9070
-------------------------------------
[Pr Epoch : 10/20]
Pr_Src_cls_loss	: 1.8975
-------------------------------------
[Pr Epoch : 11/20]
Pr_Src_cls_loss	: 1.8884
-------------------------------------
[Pr Epoch : 12/20]
Pr_Src_cls_loss	: 1.8797
-------------------------------------
[Pr Epoch : 13/20]
Pr_Src_cls_loss	: 1.8711
-------------------------------------
[Pr Epoch : 14/20]
Pr_Src_cls_loss	: 1.8627
-------------------------------------
[Pr Epoch : 15/20]
Pr_Src_cls_loss	: 1.8545
-------------------------------------
[Pr Epoch : 16/20]
Pr_Src_cls_loss	: 1.8464
-------------------------------------
[Pr Epoch : 17/20]
Pr_Src_cls_loss	: 1.8384
-------------------------------------
[Pr Epoch : 18/20]
Pr_Src_cls_loss	: 1.8306
-------------------------------------
[Pr Epoch : 19/20]
Pr_Src_cls_loss	: 1.8229
-------------------------------------
[Pr Epoch : 20/20]
Pr_Src_cls_loss	: 1.8152
-------------------------------------
[Epoch : 1/20]
Pr_Src_cls_loss	: 1.8152
Total_loss	: 0.6305
OT Loss	: 0.1483
Entropic Loss	: -1.1996
Src_cls_loss	: 1.6077
-------------------------------------
[Epoch : 2/20]
Pr_Src_cls_loss	: 1.8152
Total_loss	: 0.5847
OT Loss	: 0.1453
Entropic Loss	: -1.2297
Src_cls_loss	: 1.5964
-------------------------------------
[Epoch : 3/20]
Pr_Src_cls_loss	: 1.8152
Total_loss	: 0.5826
OT Loss	: 0.1409
Entropic Loss	: -1.2087
Src_cls_loss	: 1.5800
-------------------------------------
[Epoch : 4/20]
Pr_Src_cls_loss	: 1.8152
Total_loss	: 0.5792
OT Loss	: 0.1384
Entropic Loss	: -1.2040
Src_cls_loss	: 1.5756
-------------------------------------
[Epoch : 5/20]
Pr_Src_cls_loss	: 1.8152
Total_loss	: 0.5422
OT Loss	: 0.1361
Entropic Loss	: -1.2337
Src_cls_loss	: 1.5718
-------------------------------------
[Epoch : 6/20]
Pr_Src_cls_loss	: 1.8152
Total_loss	: 0.5149
OT Loss	: 0.1343
Entropic Loss	: -1.2483
Src_cls_loss	: 1.5618
-------------------------------------
[Epoch : 7/20]
Pr_Src_cls_loss	: 1.8152
Total_loss	: 0.4965
OT Loss	: 0.1331
Entropic Loss	: -1.2565
Src_cls_loss	: 1.5533
-------------------------------------
[Epoch : 8/20]
Pr_Src_cls_loss	: 1.8152
Total_loss	: 0.4950
OT Loss	: 0.1316
Entropic Loss	: -1.2486
Src_cls_loss	: 1.5462
-------------------------------------
[Epoch : 9/20]
Pr_Src_cls_loss	: 1.8152
Total_loss	: 0.4735
OT Loss	: 0.1306
Entropic Loss	: -1.2637
Src_cls_loss	: 1.5414
-------------------------------------
[Epoch : 10/20]
Pr_Src_cls_loss	: 1.8152
Total_loss	: 0.4510
OT Loss	: 0.1294
Entropic Loss	: -1.2780
Src_cls_loss	: 1.5349
-------------------------------------
[Epoch : 11/20]
Pr_Src_cls_loss	: 1.8152
Total_loss	: 0.4670
OT Loss	: 0.1290
Entropic Loss	: -1.2561
Src_cls_loss	: 1.5296
-------------------------------------
[Epoch : 12/20]
Pr_Src_cls_loss	: 1.8152
Total_loss	: 0.4550
OT Loss	: 0.1282
Entropic Loss	: -1.2606
Src_cls_loss	: 1.5232
-------------------------------------
[Epoch : 13/20]
Pr_Src_cls_loss	: 1.8152
Total_loss	: 0.4404
OT Loss	: 0.1270
Entropic Loss	: -1.2671
Src_cls_loss	: 1.5169
-------------------------------------
[Epoch : 14/20]
Pr_Src_cls_loss	: 1.8152
Total_loss	: 0.4253
OT Loss	: 0.1260
Entropic Loss	: -1.2740
Src_cls_loss	: 1.5103
-------------------------------------
[Epoch : 15/20]
Pr_Src_cls_loss	: 1.8152
Total_loss	: 0.4260
OT Loss	: 0.1253
Entropic Loss	: -1.2653
Src_cls_loss	: 1.5033
-------------------------------------
[Epoch : 16/20]
Pr_Src_cls_loss	: 1.8152
Total_loss	: 0.4123
OT Loss	: 0.1244
Entropic Loss	: -1.2721
Src_cls_loss	: 1.4978
-------------------------------------
[Epoch : 17/20]
Pr_Src_cls_loss	: 1.8152
Total_loss	: 0.3931
OT Loss	: 0.1238
Entropic Loss	: -1.2824
Src_cls_loss	: 1.4899
-------------------------------------
[Epoch : 18/20]
Pr_Src_cls_loss	: 1.8152
Total_loss	: 0.3738
OT Loss	: 0.1230
Entropic Loss	: -1.2943
Src_cls_loss	: 1.4835
-------------------------------------
[Epoch : 19/20]
Pr_Src_cls_loss	: 1.8152
Total_loss	: 0.3768
OT Loss	: 0.1227
Entropic Loss	: -1.2854
Src_cls_loss	: 1.4781
-------------------------------------
[Epoch : 20/20]
Pr_Src_cls_loss	: 1.8152
Total_loss	: 0.3681
OT Loss	: 0.1219
Entropic Loss	: -1.2871
Src_cls_loss	: 1.4723
-------------------------------------
H_score: 0.0000, OS* (acc_c): 0.0000, UNK (acc_p): 1.0000, acc_mix: 0.3737, F1: 0.2033
Uploading logs from: /mnt/data/home/tp2474/OpenSet-AdaTime/experiments_logs/curriculum/MHEALTH to RealWorld_UniDA_hard_n4_fno_mean/PPOT_UniDA_hard_n4_fno_mean/MHEALTH_to_RealWorld_run_3
🏃 View run PPOT_run_3 at: http://127.0.0.1:5001/#/experiments/794510956309761169/runs/6e9ca1432fca435b9520d9ad7858e5b9
🧪 View experiment at: http://127.0.0.1:5001/#/experiments/794510956309761169
=============================================
Dataset: MHEALTH to RealWorld_UniDA_hard_n4_fno_mean
Method:  PPOT
=============================================
Source: MHEALTH ---> Target: RealWorld
Run ID: 4
=============================================
[Pr Epoch : 1/20]
Pr_Src_cls_loss	: 2.0263
-------------------------------------
[Pr Epoch : 2/20]
Pr_Src_cls_loss	: 1.9962
-------------------------------------
[Pr Epoch : 3/20]
Pr_Src_cls_loss	: 1.9741
-------------------------------------
[Pr Epoch : 4/20]
Pr_Src_cls_loss	: 1.9566
-------------------------------------
[Pr Epoch : 5/20]
Pr_Src_cls_loss	: 1.9414
-------------------------------------
[Pr Epoch : 6/20]
Pr_Src_cls_loss	: 1.9278
-------------------------------------
[Pr Epoch : 7/20]
Pr_Src_cls_loss	: 1.9155
-------------------------------------
[Pr Epoch : 8/20]
Pr_Src_cls_loss	: 1.9042
-------------------------------------
[Pr Epoch : 9/20]
Pr_Src_cls_loss	: 1.8936
-------------------------------------
[Pr Epoch : 10/20]
Pr_Src_cls_loss	: 1.8834
-------------------------------------
[Pr Epoch : 11/20]
Pr_Src_cls_loss	: 1.8737
-------------------------------------
[Pr Epoch : 12/20]
Pr_Src_cls_loss	: 1.8644
-------------------------------------
[Pr Epoch : 13/20]
Pr_Src_cls_loss	: 1.8554
-------------------------------------
[Pr Epoch : 14/20]
Pr_Src_cls_loss	: 1.8467
-------------------------------------
[Pr Epoch : 15/20]
Pr_Src_cls_loss	: 1.8383
-------------------------------------
[Pr Epoch : 16/20]
Pr_Src_cls_loss	: 1.8300
-------------------------------------
[Pr Epoch : 17/20]
Pr_Src_cls_loss	: 1.8219
-------------------------------------
[Pr Epoch : 18/20]
Pr_Src_cls_loss	: 1.8139
-------------------------------------
[Pr Epoch : 19/20]
Pr_Src_cls_loss	: 1.8061
-------------------------------------
[Pr Epoch : 20/20]
Pr_Src_cls_loss	: 1.7984
-------------------------------------
[Epoch : 1/20]
Pr_Src_cls_loss	: 1.7984
Total_loss	: 0.4569
OT Loss	: 0.1420
Entropic Loss	: -1.3685
Src_cls_loss	: 1.6124
-------------------------------------
[Epoch : 2/20]
Pr_Src_cls_loss	: 1.7984
Total_loss	: 0.4270
OT Loss	: 0.1353
Entropic Loss	: -1.3618
Src_cls_loss	: 1.5859
-------------------------------------
[Epoch : 3/20]
Pr_Src_cls_loss	: 1.7984
Total_loss	: 0.3965
OT Loss	: 0.1328
Entropic Loss	: -1.3738
Src_cls_loss	: 1.5711
-------------------------------------
[Epoch : 4/20]
Pr_Src_cls_loss	: 1.7984
Total_loss	: 0.3644
OT Loss	: 0.1310
Entropic Loss	: -1.3917
Src_cls_loss	: 1.5596
-------------------------------------
[Epoch : 5/20]
Pr_Src_cls_loss	: 1.7984
Total_loss	: 0.3992
OT Loss	: 0.1305
Entropic Loss	: -1.3496
Src_cls_loss	: 1.5530
-------------------------------------
[Epoch : 6/20]
Pr_Src_cls_loss	: 1.7984
Total_loss	: 0.3714
OT Loss	: 0.1290
Entropic Loss	: -1.3637
Src_cls_loss	: 1.5416
-------------------------------------
[Epoch : 7/20]
Pr_Src_cls_loss	: 1.7984
Total_loss	: 0.3452
OT Loss	: 0.1275
Entropic Loss	: -1.3772
Src_cls_loss	: 1.5311
-------------------------------------
[Epoch : 8/20]
Pr_Src_cls_loss	: 1.7984
Total_loss	: 0.3530
OT Loss	: 0.1265
Entropic Loss	: -1.3586
Src_cls_loss	: 1.5218
-------------------------------------
[Epoch : 9/20]
Pr_Src_cls_loss	: 1.7984
Total_loss	: 0.3520
OT Loss	: 0.1256
Entropic Loss	: -1.3502
Src_cls_loss	: 1.5139
-------------------------------------
[Epoch : 10/20]
Pr_Src_cls_loss	: 1.7984
Total_loss	: 0.3634
OT Loss	: 0.1253
Entropic Loss	: -1.3289
Src_cls_loss	: 1.5043
-------------------------------------
[Epoch : 11/20]
Pr_Src_cls_loss	: 1.7984
Total_loss	: 0.3514
OT Loss	: 0.1245
Entropic Loss	: -1.3323
Src_cls_loss	: 1.4970
-------------------------------------
[Epoch : 12/20]
Pr_Src_cls_loss	: 1.7984
Total_loss	: 0.3403
OT Loss	: 0.1238
Entropic Loss	: -1.3321
Src_cls_loss	: 1.4867
-------------------------------------
[Epoch : 13/20]
Pr_Src_cls_loss	: 1.7984
Total_loss	: 0.3173
OT Loss	: 0.1232
Entropic Loss	: -1.3463
Src_cls_loss	: 1.4788
-------------------------------------
[Epoch : 14/20]
Pr_Src_cls_loss	: 1.7984
Total_loss	: 0.3110
OT Loss	: 0.1227
Entropic Loss	: -1.3477
Src_cls_loss	: 1.4747
-------------------------------------
[Epoch : 15/20]
Pr_Src_cls_loss	: 1.7984
Total_loss	: 0.2942
OT Loss	: 0.1222
Entropic Loss	: -1.3570
Src_cls_loss	: 1.4679
-------------------------------------
[Epoch : 16/20]
Pr_Src_cls_loss	: 1.7984
Total_loss	: 0.2912
OT Loss	: 0.1217
Entropic Loss	: -1.3499
Src_cls_loss	: 1.4587
-------------------------------------
[Epoch : 17/20]
Pr_Src_cls_loss	: 1.7984
Total_loss	: 0.2835
OT Loss	: 0.1213
Entropic Loss	: -1.3500
Src_cls_loss	: 1.4516
-------------------------------------
[Epoch : 18/20]
Pr_Src_cls_loss	: 1.7984
Total_loss	: 0.2678
OT Loss	: 0.1206
Entropic Loss	: -1.3574
Src_cls_loss	: 1.4442
-------------------------------------
[Epoch : 19/20]
Pr_Src_cls_loss	: 1.7984
Total_loss	: 0.2557
OT Loss	: 0.1200
Entropic Loss	: -1.3612
Src_cls_loss	: 1.4369
-------------------------------------
[Epoch : 20/20]
Pr_Src_cls_loss	: 1.7984
Total_loss	: 0.2478
OT Loss	: 0.1196
Entropic Loss	: -1.3620
Src_cls_loss	: 1.4305
-------------------------------------
H_score: 0.0000, OS* (acc_c): 0.0000, UNK (acc_p): 1.0000, acc_mix: 0.3737, F1: 0.2033
Uploading logs from: /mnt/data/home/tp2474/OpenSet-AdaTime/experiments_logs/curriculum/MHEALTH to RealWorld_UniDA_hard_n4_fno_mean/PPOT_UniDA_hard_n4_fno_mean/MHEALTH_to_RealWorld_run_4
🏃 View run PPOT_run_4 at: http://127.0.0.1:5001/#/experiments/794510956309761169/runs/a6b145342bfe4852a09f5aa79ac1726f
🧪 View experiment at: http://127.0.0.1:5001/#/experiments/794510956309761169
==================== [n4 fno_mean] RAINCOAT ====================
[curriculum] scenario=UniDA  strategy=hard  n_unknown=4  rank_variant=fno_mean
[curriculum] source mapping (8 classes): {'Lying down': 'lying', 'Sitting and relaxing': 'sitting', 'Walking': 'walking', 'Running': 'running', 'Climbing stairs': 'Climbing stairs', 'Frontal elevation of arms': 'Frontal elevation of arms', 'Jump front & back': 'Jump front & back', 'Jogging': 'Jogging'}
[curriculum] target mapping (8 classes): {'lying': 'lying', 'sitting': 'sitting', 'walking': 'walking', 'running': 'running', 'climbingup': 'climbingup', 'jumping': 'jumping', 'climbingdown': 'climbingdown', 'standing': 'standing'}
[curriculum] unknowns added (in hard order): src=[Climbing stairs,Frontal elevation of arms,Jump front & back,Jogging] | trg=[climbingup,jumping,climbingdown,standing]
[scenario] RAINCOAT -> UniDA (uniDA=True)
Unlabeled data shape:  (41859, 150, 18)
Unlabelled Combined shape: (71801, 150, 18)

--- Dataloader Size Check ---
Source Train batches:   33
Target Train batches:   654
-------------------------------

Private classes:  tensor([ 8.,  9., 10., 11.])
=============================================
Dataset: MHEALTH to RealWorld_UniDA_hard_n4_fno_mean
Method:  RAINCOAT
=============================================
Source: MHEALTH ---> Target: RealWorld
Run ID: 0
=============================================
[Align Epoch : 1/20]
Src_cls_loss	: 1.0161
Sink	: 0.7363
Recon	: 23.9369
-------------------------------------
[Align Epoch : 2/20]
Src_cls_loss	: 0.7497
Sink	: 0.6882
Recon	: 23.9346
-------------------------------------
[Align Epoch : 3/20]
Src_cls_loss	: 0.5996
Sink	: 0.6600
Recon	: 23.9278
-------------------------------------
[Align Epoch : 4/20]
Src_cls_loss	: 0.4999
Sink	: 0.6339
Recon	: 23.8852
-------------------------------------
[Align Epoch : 5/20]
Src_cls_loss	: 0.4299
Sink	: 0.6076
Recon	: 23.8636
-------------------------------------
[Align Epoch : 6/20]
Src_cls_loss	: 0.3785
Sink	: 0.5837
Recon	: 23.8294
-------------------------------------
[Align Epoch : 7/20]
Src_cls_loss	: 0.3387
Sink	: 0.5638
Recon	: 23.8380
-------------------------------------
[Align Epoch : 8/20]
Src_cls_loss	: 0.3070
Sink	: 0.5447
Recon	: 23.7942
-------------------------------------
[Align Epoch : 9/20]
Src_cls_loss	: 0.2819
Sink	: 0.5278
Recon	: 23.7886
-------------------------------------
[Align Epoch : 10/20]
Src_cls_loss	: 0.2607
Sink	: 0.5113
Recon	: 23.7733
-------------------------------------
[Align Epoch : 11/20]
Src_cls_loss	: 0.2427
Sink	: 0.4955
Recon	: 23.7597
-------------------------------------
[Align Epoch : 12/20]
Src_cls_loss	: 0.2275
Sink	: 0.4812
Recon	: 23.7239
-------------------------------------
[Align Epoch : 13/20]
Src_cls_loss	: 0.2140
Sink	: 0.4675
Recon	: 23.7053
-------------------------------------
[Align Epoch : 14/20]
Src_cls_loss	: 0.2030
Sink	: 0.4546
Recon	: 23.6844
-------------------------------------
[Align Epoch : 15/20]
Src_cls_loss	: 0.1926
Sink	: 0.4419
Recon	: 23.6687
-------------------------------------
[Align Epoch : 16/20]
Src_cls_loss	: 0.1834
Sink	: 0.4301
Recon	: 23.6644
-------------------------------------
[Align Epoch : 17/20]
Src_cls_loss	: 0.1752
Sink	: 0.4189
Recon	: 23.6516
-------------------------------------
[Align Epoch : 18/20]
Src_cls_loss	: 0.1677
Sink	: 0.4085
Recon	: 23.6293
-------------------------------------
[Align Epoch : 19/20]
Src_cls_loss	: 0.1607
Sink	: 0.3983
Recon	: 23.6165
-------------------------------------
[Align Epoch : 20/20]
Src_cls_loss	: 0.1545
Sink	: 0.3890
Recon	: 23.5968
-------------------------------------
[Correct Epoch : 1/20]
Recon_correct	: 23.2299
-------------------------------------
[Correct Epoch : 2/20]
Recon_correct	: 23.1118
-------------------------------------
[Correct Epoch : 3/20]
Recon_correct	: 23.1054
-------------------------------------
[Correct Epoch : 4/20]
Recon_correct	: 23.0840
-------------------------------------
[Correct Epoch : 5/20]
Recon_correct	: 23.0038
-------------------------------------
[Correct Epoch : 6/20]
Recon_correct	: 22.9585
-------------------------------------
[Correct Epoch : 7/20]
Recon_correct	: 22.9500
-------------------------------------
[Correct Epoch : 8/20]
Recon_correct	: 22.9095
-------------------------------------
[Correct Epoch : 9/20]
Recon_correct	: 22.8671
-------------------------------------
[Correct Epoch : 10/20]
Recon_correct	: 22.8494
-------------------------------------
[Correct Epoch : 11/20]
Recon_correct	: 22.8114
-------------------------------------
[Correct Epoch : 12/20]
Recon_correct	: 22.7801
-------------------------------------
[Correct Epoch : 13/20]
Recon_correct	: 22.7420
-------------------------------------
[Correct Epoch : 14/20]
Recon_correct	: 22.7023
-------------------------------------
[Correct Epoch : 15/20]
Recon_correct	: 22.6632
-------------------------------------
[Correct Epoch : 16/20]
Recon_correct	: 22.6222
-------------------------------------
[Correct Epoch : 17/20]
Recon_correct	: 22.5906
-------------------------------------
[Correct Epoch : 18/20]
Recon_correct	: 22.5546
-------------------------------------
[Correct Epoch : 19/20]
Recon_correct	: 22.5189
-------------------------------------
[Correct Epoch : 20/20]
Recon_correct	: 22.4895
-------------------------------------
/mnt/data/home/tp2474/OpenSet-AdaTime/trainers/abstract_trainer.py:331: FutureWarning: The behavior of DataFrame concatenation with empty or all-NA entries is deprecated. In a future version, this will no longer exclude empty or all-NA columns when determining the result dtypes. To retain the old behavior, exclude the relevant entries before the concat operation.
  table = pd.concat([table, results_df], ignore_index=True)
H_score: 0.0307, OS* (acc_c): 0.0160, UNK (acc_p): 0.3726, acc_mix: 0.1493, F1: 0.1456
Uploading logs from: /mnt/data/home/tp2474/OpenSet-AdaTime/experiments_logs/curriculum/MHEALTH to RealWorld_UniDA_hard_n4_fno_mean/RAINCOAT_UniDA_hard_n4_fno_mean/MHEALTH_to_RealWorld_run_0
🏃 View run RAINCOAT_run_0 at: http://127.0.0.1:5001/#/experiments/794510956309761169/runs/bf810ad3a55243c6ac365b33de0d0f3f
🧪 View experiment at: http://127.0.0.1:5001/#/experiments/794510956309761169
=============================================
Dataset: MHEALTH to RealWorld_UniDA_hard_n4_fno_mean
Method:  RAINCOAT
=============================================
Source: MHEALTH ---> Target: RealWorld
Run ID: 1
=============================================
[Align Epoch : 1/20]
Src_cls_loss	: 1.0219
Sink	: 0.8095
Recon	: 23.9143
-------------------------------------
[Align Epoch : 2/20]
Src_cls_loss	: 0.7274
Sink	: 0.7631
Recon	: 23.9774
-------------------------------------
[Align Epoch : 3/20]
Src_cls_loss	: 0.5709
Sink	: 0.7338
Recon	: 23.8911
-------------------------------------
[Align Epoch : 4/20]
Src_cls_loss	: 0.4720
Sink	: 0.7082
Recon	: 23.8906
-------------------------------------
[Align Epoch : 5/20]
Src_cls_loss	: 0.4051
Sink	: 0.6810
Recon	: 23.8777
-------------------------------------
[Align Epoch : 6/20]
Src_cls_loss	: 0.3538
Sink	: 0.6589
Recon	: 23.8655
-------------------------------------
[Align Epoch : 7/20]
Src_cls_loss	: 0.3160
Sink	: 0.6358
Recon	: 23.8484
-------------------------------------
[Align Epoch : 8/20]
Src_cls_loss	: 0.2857
Sink	: 0.6134
Recon	: 23.8349
-------------------------------------
[Align Epoch : 9/20]
Src_cls_loss	: 0.2620
Sink	: 0.5924
Recon	: 23.7895
-------------------------------------
[Align Epoch : 10/20]
Src_cls_loss	: 0.2420
Sink	: 0.5726
Recon	: 23.7642
-------------------------------------
[Align Epoch : 11/20]
Src_cls_loss	: 0.2259
Sink	: 0.5545
Recon	: 23.7332
-------------------------------------
[Align Epoch : 12/20]
Src_cls_loss	: 0.2131
Sink	: 0.5373
Recon	: 23.7062
-------------------------------------
[Align Epoch : 13/20]
Src_cls_loss	: 0.2008
Sink	: 0.5200
Recon	: 23.6784
-------------------------------------
[Align Epoch : 14/20]
Src_cls_loss	: 0.1902
Sink	: 0.5036
Recon	: 23.6572
-------------------------------------
[Align Epoch : 15/20]
Src_cls_loss	: 0.1805
Sink	: 0.4884
Recon	: 23.6255
-------------------------------------
[Align Epoch : 16/20]
Src_cls_loss	: 0.1724
Sink	: 0.4743
Recon	: 23.5933
-------------------------------------
[Align Epoch : 17/20]
Src_cls_loss	: 0.1643
Sink	: 0.4607
Recon	: 23.5748
-------------------------------------
[Align Epoch : 18/20]
Src_cls_loss	: 0.1574
Sink	: 0.4473
Recon	: 23.5614
-------------------------------------
[Align Epoch : 19/20]
Src_cls_loss	: 0.1509
Sink	: 0.4349
Recon	: 23.5475
-------------------------------------
[Align Epoch : 20/20]
Src_cls_loss	: 0.1448
Sink	: 0.4237
Recon	: 23.5255
-------------------------------------
[Correct Epoch : 1/20]
Recon_correct	: 23.1583
-------------------------------------
[Correct Epoch : 2/20]
Recon_correct	: 23.0192
-------------------------------------
[Correct Epoch : 3/20]
Recon_correct	: 22.9578
-------------------------------------
[Correct Epoch : 4/20]
Recon_correct	: 22.8880
-------------------------------------
[Correct Epoch : 5/20]
Recon_correct	: 22.8158
-------------------------------------
[Correct Epoch : 6/20]
Recon_correct	: 22.7637
-------------------------------------
[Correct Epoch : 7/20]
Recon_correct	: 22.7228
-------------------------------------
[Correct Epoch : 8/20]
Recon_correct	: 22.6742
-------------------------------------
[Correct Epoch : 9/20]
Recon_correct	: 22.6365
-------------------------------------
[Correct Epoch : 10/20]
Recon_correct	: 22.6076
-------------------------------------
[Correct Epoch : 11/20]
Recon_correct	: 22.5784
-------------------------------------
[Correct Epoch : 12/20]
Recon_correct	: 22.5317
-------------------------------------
[Correct Epoch : 13/20]
Recon_correct	: 22.5016
-------------------------------------
[Correct Epoch : 14/20]
Recon_correct	: 22.4666
-------------------------------------
[Correct Epoch : 15/20]
Recon_correct	: 22.4447
-------------------------------------
[Correct Epoch : 16/20]
Recon_correct	: 22.4045
-------------------------------------
[Correct Epoch : 17/20]
Recon_correct	: 22.3725
-------------------------------------
[Correct Epoch : 18/20]
Recon_correct	: 22.3520
-------------------------------------
[Correct Epoch : 19/20]
Recon_correct	: 22.3251
-------------------------------------
[Correct Epoch : 20/20]
Recon_correct	: 22.2950
-------------------------------------
H_score: 0.0908, OS* (acc_c): 0.0670, UNK (acc_p): 0.1410, acc_mix: 0.0946, F1: 0.1409
Uploading logs from: /mnt/data/home/tp2474/OpenSet-AdaTime/experiments_logs/curriculum/MHEALTH to RealWorld_UniDA_hard_n4_fno_mean/RAINCOAT_UniDA_hard_n4_fno_mean/MHEALTH_to_RealWorld_run_1
🏃 View run RAINCOAT_run_1 at: http://127.0.0.1:5001/#/experiments/794510956309761169/runs/20561568702f4bfa9bf2159c5685440d
🧪 View experiment at: http://127.0.0.1:5001/#/experiments/794510956309761169
=============================================
Dataset: MHEALTH to RealWorld_UniDA_hard_n4_fno_mean
Method:  RAINCOAT
=============================================
Source: MHEALTH ---> Target: RealWorld
Run ID: 2
=============================================
[Align Epoch : 1/20]
Src_cls_loss	: 1.1306
Sink	: 0.7949
Recon	: 23.9304
-------------------------------------
[Align Epoch : 2/20]
Src_cls_loss	: 0.7932
Sink	: 0.7534
Recon	: 23.9583
-------------------------------------
[Align Epoch : 3/20]
Src_cls_loss	: 0.6145
Sink	: 0.7191
Recon	: 23.9412
-------------------------------------
[Align Epoch : 4/20]
Src_cls_loss	: 0.5038
Sink	: 0.6892
Recon	: 23.9298
-------------------------------------
[Align Epoch : 5/20]
Src_cls_loss	: 0.4267
Sink	: 0.6635
Recon	: 23.9189
-------------------------------------
[Align Epoch : 6/20]
Src_cls_loss	: 0.3726
Sink	: 0.6389
Recon	: 23.9007
-------------------------------------
[Align Epoch : 7/20]
Src_cls_loss	: 0.3320
Sink	: 0.6164
Recon	: 23.8554
-------------------------------------
[Align Epoch : 8/20]
Src_cls_loss	: 0.2989
Sink	: 0.5944
Recon	: 23.8303
-------------------------------------
[Align Epoch : 9/20]
Src_cls_loss	: 0.2731
Sink	: 0.5730
Recon	: 23.8015
-------------------------------------
[Align Epoch : 10/20]
Src_cls_loss	: 0.2522
Sink	: 0.5543
Recon	: 23.7928
-------------------------------------
[Align Epoch : 11/20]
Src_cls_loss	: 0.2343
Sink	: 0.5372
Recon	: 23.7571
-------------------------------------
[Align Epoch : 12/20]
Src_cls_loss	: 0.2190
Sink	: 0.5203
Recon	: 23.7309
-------------------------------------
[Align Epoch : 13/20]
Src_cls_loss	: 0.2054
Sink	: 0.5034
Recon	: 23.7244
-------------------------------------
[Align Epoch : 14/20]
Src_cls_loss	: 0.1942
Sink	: 0.4888
Recon	: 23.6966
-------------------------------------
[Align Epoch : 15/20]
Src_cls_loss	: 0.1838
Sink	: 0.4741
Recon	: 23.6846
-------------------------------------
[Align Epoch : 16/20]
Src_cls_loss	: 0.1746
Sink	: 0.4604
Recon	: 23.6601
-------------------------------------
[Align Epoch : 17/20]
Src_cls_loss	: 0.1663
Sink	: 0.4470
Recon	: 23.6368
-------------------------------------
[Align Epoch : 18/20]
Src_cls_loss	: 0.1589
Sink	: 0.4345
Recon	: 23.6204
-------------------------------------
[Align Epoch : 19/20]
Src_cls_loss	: 0.1522
Sink	: 0.4224
Recon	: 23.6083
-------------------------------------
[Align Epoch : 20/20]
Src_cls_loss	: 0.1462
Sink	: 0.4110
Recon	: 23.5887
-------------------------------------
[Correct Epoch : 1/20]
Recon_correct	: 23.2262
-------------------------------------
[Correct Epoch : 2/20]
Recon_correct	: 23.1291
-------------------------------------
[Correct Epoch : 3/20]
Recon_correct	: 23.0580
-------------------------------------
[Correct Epoch : 4/20]
Recon_correct	: 22.9932
-------------------------------------
[Correct Epoch : 5/20]
Recon_correct	: 22.9628
-------------------------------------
[Correct Epoch : 6/20]
Recon_correct	: 22.9246
-------------------------------------
[Correct Epoch : 7/20]
Recon_correct	: 22.8872
-------------------------------------
[Correct Epoch : 8/20]
Recon_correct	: 22.8331
-------------------------------------
[Correct Epoch : 9/20]
Recon_correct	: 22.7962
-------------------------------------
[Correct Epoch : 10/20]
Recon_correct	: 22.7767
-------------------------------------
[Correct Epoch : 11/20]
Recon_correct	: 22.7339
-------------------------------------
[Correct Epoch : 12/20]
Recon_correct	: 22.6939
-------------------------------------
[Correct Epoch : 13/20]
Recon_correct	: 22.6695
-------------------------------------
[Correct Epoch : 14/20]
Recon_correct	: 22.6216
-------------------------------------
[Correct Epoch : 15/20]
Recon_correct	: 22.5797
-------------------------------------
[Correct Epoch : 16/20]
Recon_correct	: 22.5512
-------------------------------------
[Correct Epoch : 17/20]
Recon_correct	: 22.5115
-------------------------------------
[Correct Epoch : 18/20]
Recon_correct	: 22.4753
-------------------------------------
[Correct Epoch : 19/20]
Recon_correct	: 22.4477
-------------------------------------
[Correct Epoch : 20/20]
Recon_correct	: 22.4156
-------------------------------------
H_score: 0.1930, OS* (acc_c): 0.1832, UNK (acc_p): 0.2039, acc_mix: 0.1910, F1: 0.2225
Uploading logs from: /mnt/data/home/tp2474/OpenSet-AdaTime/experiments_logs/curriculum/MHEALTH to RealWorld_UniDA_hard_n4_fno_mean/RAINCOAT_UniDA_hard_n4_fno_mean/MHEALTH_to_RealWorld_run_2
🏃 View run RAINCOAT_run_2 at: http://127.0.0.1:5001/#/experiments/794510956309761169/runs/2fd007bfca294465a23709808bc9ece2
🧪 View experiment at: http://127.0.0.1:5001/#/experiments/794510956309761169
=============================================
Dataset: MHEALTH to RealWorld_UniDA_hard_n4_fno_mean
Method:  RAINCOAT
=============================================
Source: MHEALTH ---> Target: RealWorld
Run ID: 3
=============================================
[Align Epoch : 1/20]
Src_cls_loss	: 0.9690
Sink	: 0.7950
Recon	: 24.0803
-------------------------------------
[Align Epoch : 2/20]
Src_cls_loss	: 0.6834
Sink	: 0.7473
Recon	: 23.9209
-------------------------------------
[Align Epoch : 3/20]
Src_cls_loss	: 0.5311
Sink	: 0.7151
Recon	: 23.8806
-------------------------------------
[Align Epoch : 4/20]
Src_cls_loss	: 0.4370
Sink	: 0.6897
Recon	: 23.8404
-------------------------------------
[Align Epoch : 5/20]
Src_cls_loss	: 0.3737
Sink	: 0.6640
Recon	: 23.8475
-------------------------------------
[Align Epoch : 6/20]
Src_cls_loss	: 0.3287
Sink	: 0.6387
Recon	: 23.8305
-------------------------------------
[Align Epoch : 7/20]
Src_cls_loss	: 0.2943
Sink	: 0.6152
Recon	: 23.8080
-------------------------------------
[Align Epoch : 8/20]
Src_cls_loss	: 0.2673
Sink	: 0.5945
Recon	: 23.7900
-------------------------------------
[Align Epoch : 9/20]
Src_cls_loss	: 0.2451
Sink	: 0.5749
Recon	: 23.7863
-------------------------------------
[Align Epoch : 10/20]
Src_cls_loss	: 0.2270
Sink	: 0.5547
Recon	: 23.7692
-------------------------------------
[Align Epoch : 11/20]
Src_cls_loss	: 0.2109
Sink	: 0.5359
Recon	: 23.7397
-------------------------------------
[Align Epoch : 12/20]
Src_cls_loss	: 0.1975
Sink	: 0.5182
Recon	: 23.7300
-------------------------------------
[Align Epoch : 13/20]
Src_cls_loss	: 0.1865
Sink	: 0.5022
Recon	: 23.6959
-------------------------------------
[Align Epoch : 14/20]
Src_cls_loss	: 0.1764
Sink	: 0.4866
Recon	: 23.6831
-------------------------------------
[Align Epoch : 15/20]
Src_cls_loss	: 0.1673
Sink	: 0.4717
Recon	: 23.6723
-------------------------------------
[Align Epoch : 16/20]
Src_cls_loss	: 0.1592
Sink	: 0.4581
Recon	: 23.6607
-------------------------------------
[Align Epoch : 17/20]
Src_cls_loss	: 0.1518
Sink	: 0.4446
Recon	: 23.6393
-------------------------------------
[Align Epoch : 18/20]
Src_cls_loss	: 0.1452
Sink	: 0.4323
Recon	: 23.6254
-------------------------------------
[Align Epoch : 19/20]
Src_cls_loss	: 0.1396
Sink	: 0.4206
Recon	: 23.6039
-------------------------------------
[Align Epoch : 20/20]
Src_cls_loss	: 0.1341
Sink	: 0.4095
Recon	: 23.5911
-------------------------------------
[Correct Epoch : 1/20]
Recon_correct	: 23.2651
-------------------------------------
[Correct Epoch : 2/20]
Recon_correct	: 23.1752
-------------------------------------
[Correct Epoch : 3/20]
Recon_correct	: 23.0910
-------------------------------------
[Correct Epoch : 4/20]
Recon_correct	: 23.0760
-------------------------------------
[Correct Epoch : 5/20]
Recon_correct	: 23.0243
-------------------------------------
[Correct Epoch : 6/20]
Recon_correct	: 22.9832
-------------------------------------
[Correct Epoch : 7/20]
Recon_correct	: 22.9542
-------------------------------------
[Correct Epoch : 8/20]
Recon_correct	: 22.9381
-------------------------------------
[Correct Epoch : 9/20]
Recon_correct	: 22.9051
-------------------------------------
[Correct Epoch : 10/20]
Recon_correct	: 22.8747
-------------------------------------
[Correct Epoch : 11/20]
Recon_correct	: 22.8426
-------------------------------------
[Correct Epoch : 12/20]
Recon_correct	: 22.8152
-------------------------------------
[Correct Epoch : 13/20]
Recon_correct	: 22.7769
-------------------------------------
[Correct Epoch : 14/20]
Recon_correct	: 22.7470
-------------------------------------
[Correct Epoch : 15/20]
Recon_correct	: 22.7118
-------------------------------------
[Correct Epoch : 16/20]
Recon_correct	: 22.6783
-------------------------------------
[Correct Epoch : 17/20]
Recon_correct	: 22.6624
-------------------------------------
[Correct Epoch : 18/20]
Recon_correct	: 22.6333
-------------------------------------
[Correct Epoch : 19/20]
Recon_correct	: 22.6036
-------------------------------------
[Correct Epoch : 20/20]
Recon_correct	: 22.5760
-------------------------------------
H_score: 0.1168, OS* (acc_c): 0.0717, UNK (acc_p): 0.3149, acc_mix: 0.1626, F1: 0.2063
Uploading logs from: /mnt/data/home/tp2474/OpenSet-AdaTime/experiments_logs/curriculum/MHEALTH to RealWorld_UniDA_hard_n4_fno_mean/RAINCOAT_UniDA_hard_n4_fno_mean/MHEALTH_to_RealWorld_run_3
🏃 View run RAINCOAT_run_3 at: http://127.0.0.1:5001/#/experiments/794510956309761169/runs/e4168bc934f347069338e647088c972e
🧪 View experiment at: http://127.0.0.1:5001/#/experiments/794510956309761169
=============================================
Dataset: MHEALTH to RealWorld_UniDA_hard_n4_fno_mean
Method:  RAINCOAT
=============================================
Source: MHEALTH ---> Target: RealWorld
Run ID: 4
=============================================
[Align Epoch : 1/20]
Src_cls_loss	: 1.0607
Sink	: 0.7872
Recon	: 23.9535
-------------------------------------
[Align Epoch : 2/20]
Src_cls_loss	: 0.7434
Sink	: 0.7331
Recon	: 23.9773
-------------------------------------
[Align Epoch : 3/20]
Src_cls_loss	: 0.5775
Sink	: 0.6910
Recon	: 23.9765
-------------------------------------
[Align Epoch : 4/20]
Src_cls_loss	: 0.4764
Sink	: 0.6577
Recon	: 23.9248
-------------------------------------
[Align Epoch : 5/20]
Src_cls_loss	: 0.4085
Sink	: 0.6268
Recon	: 23.9185
-------------------------------------
[Align Epoch : 6/20]
Src_cls_loss	: 0.3590
Sink	: 0.6024
Recon	: 23.9186
-------------------------------------
[Align Epoch : 7/20]
Src_cls_loss	: 0.3221
Sink	: 0.5790
Recon	: 23.9081
-------------------------------------
[Align Epoch : 8/20]
Src_cls_loss	: 0.2914
Sink	: 0.5561
Recon	: 23.8893
-------------------------------------
[Align Epoch : 9/20]
Src_cls_loss	: 0.2666
Sink	: 0.5355
Recon	: 23.8768
-------------------------------------
[Align Epoch : 10/20]
Src_cls_loss	: 0.2464
Sink	: 0.5169
Recon	: 23.8617
-------------------------------------
[Align Epoch : 11/20]
Src_cls_loss	: 0.2302
Sink	: 0.5004
Recon	: 23.8404
-------------------------------------
[Align Epoch : 12/20]
Src_cls_loss	: 0.2157
Sink	: 0.4839
Recon	: 23.8021
-------------------------------------
[Align Epoch : 13/20]
Src_cls_loss	: 0.2037
Sink	: 0.4683
Recon	: 23.7733
-------------------------------------
[Align Epoch : 14/20]
Src_cls_loss	: 0.1931
Sink	: 0.4544
Recon	: 23.7641
-------------------------------------
[Align Epoch : 15/20]
Src_cls_loss	: 0.1833
Sink	: 0.4414
Recon	: 23.7483
-------------------------------------
[Align Epoch : 16/20]
Src_cls_loss	: 0.1745
Sink	: 0.4288
Recon	: 23.7370
-------------------------------------
[Align Epoch : 17/20]
Src_cls_loss	: 0.1667
Sink	: 0.4164
Recon	: 23.7074
-------------------------------------
[Align Epoch : 18/20]
Src_cls_loss	: 0.1599
Sink	: 0.4052
Recon	: 23.6890
-------------------------------------
[Align Epoch : 19/20]
Src_cls_loss	: 0.1535
Sink	: 0.3946
Recon	: 23.6633
-------------------------------------
[Align Epoch : 20/20]
Src_cls_loss	: 0.1476
Sink	: 0.3841
Recon	: 23.6355
-------------------------------------
[Correct Epoch : 1/20]
Recon_correct	: 23.1250
-------------------------------------
[Correct Epoch : 2/20]
Recon_correct	: 23.1317
-------------------------------------
[Correct Epoch : 3/20]
Recon_correct	: 23.0682
-------------------------------------
[Correct Epoch : 4/20]
Recon_correct	: 23.0002
-------------------------------------
[Correct Epoch : 5/20]
Recon_correct	: 22.9893
-------------------------------------
[Correct Epoch : 6/20]
Recon_correct	: 22.9520
-------------------------------------
[Correct Epoch : 7/20]
Recon_correct	: 22.8951
-------------------------------------
[Correct Epoch : 8/20]
Recon_correct	: 22.8435
-------------------------------------
[Correct Epoch : 9/20]
Recon_correct	: 22.8167
-------------------------------------
[Correct Epoch : 10/20]
Recon_correct	: 22.7865
-------------------------------------
[Correct Epoch : 11/20]
Recon_correct	: 22.7424
-------------------------------------
[Correct Epoch : 12/20]
Recon_correct	: 22.6983
-------------------------------------
[Correct Epoch : 13/20]
Recon_correct	: 22.6583
-------------------------------------
[Correct Epoch : 14/20]
Recon_correct	: 22.6070
-------------------------------------
[Correct Epoch : 15/20]
Recon_correct	: 22.5802
-------------------------------------
[Correct Epoch : 16/20]
Recon_correct	: 22.5602
-------------------------------------
[Correct Epoch : 17/20]
Recon_correct	: 22.5335
-------------------------------------
[Correct Epoch : 18/20]
Recon_correct	: 22.4978
-------------------------------------
[Correct Epoch : 19/20]
Recon_correct	: 22.4680
-------------------------------------
[Correct Epoch : 20/20]
Recon_correct	: 22.4428
-------------------------------------
H_score: 0.0331, OS* (acc_c): 0.0259, UNK (acc_p): 0.0459, acc_mix: 0.0334, F1: 0.0447
Uploading logs from: /mnt/data/home/tp2474/OpenSet-AdaTime/experiments_logs/curriculum/MHEALTH to RealWorld_UniDA_hard_n4_fno_mean/RAINCOAT_UniDA_hard_n4_fno_mean/MHEALTH_to_RealWorld_run_4
🏃 View run RAINCOAT_run_4 at: http://127.0.0.1:5001/#/experiments/794510956309761169/runs/79f2f8191c314b2d8340b23b6f3cf764
🧪 View experiment at: http://127.0.0.1:5001/#/experiments/794510956309761169
==================== [n4 fno_mean] UniOT ====================
[curriculum] scenario=UniDA  strategy=hard  n_unknown=4  rank_variant=fno_mean
[curriculum] source mapping (8 classes): {'Lying down': 'lying', 'Sitting and relaxing': 'sitting', 'Walking': 'walking', 'Running': 'running', 'Climbing stairs': 'Climbing stairs', 'Frontal elevation of arms': 'Frontal elevation of arms', 'Jump front & back': 'Jump front & back', 'Jogging': 'Jogging'}
[curriculum] target mapping (8 classes): {'lying': 'lying', 'sitting': 'sitting', 'walking': 'walking', 'running': 'running', 'climbingup': 'climbingup', 'jumping': 'jumping', 'climbingdown': 'climbingdown', 'standing': 'standing'}
[curriculum] unknowns added (in hard order): src=[Climbing stairs,Frontal elevation of arms,Jump front & back,Jogging] | trg=[climbingup,jumping,climbingdown,standing]
[scenario] UniOT -> UniDA (uniDA=True)
Unlabeled data shape:  (41859, 150, 18)
Unlabelled Combined shape: (71801, 150, 18)

--- Dataloader Size Check ---
Source Train batches:   67
Target Train batches:   1308
-------------------------------

Private classes:  tensor([ 8.,  9., 10., 11.])
=============================================
Dataset: MHEALTH to RealWorld_UniDA_hard_n4_fno_mean
Method:  UniOT
=============================================
Source: MHEALTH ---> Target: RealWorld
Run ID: 0
=============================================
[Pr Epoch : 1/20]
Pr_Src_cls_loss	: 0.3717
-------------------------------------
[Pr Epoch : 2/20]
Pr_Src_cls_loss	: 0.2136
-------------------------------------
[Pr Epoch : 3/20]
Pr_Src_cls_loss	: 0.1489
-------------------------------------
[Pr Epoch : 4/20]
Pr_Src_cls_loss	: 0.1153
-------------------------------------
[Pr Epoch : 5/20]
Pr_Src_cls_loss	: 0.0933
-------------------------------------
[Pr Epoch : 6/20]
Pr_Src_cls_loss	: 0.0797
-------------------------------------
[Pr Epoch : 7/20]
Pr_Src_cls_loss	: 0.0700
-------------------------------------
[Pr Epoch : 8/20]
Pr_Src_cls_loss	: 0.0645
-------------------------------------
[Pr Epoch : 9/20]
Pr_Src_cls_loss	: 0.0615
-------------------------------------
[Pr Epoch : 10/20]
Pr_Src_cls_loss	: 0.0560
-------------------------------------
[Pr Epoch : 11/20]
Pr_Src_cls_loss	: 0.0529
-------------------------------------
[Pr Epoch : 12/20]
Pr_Src_cls_loss	: 0.0490
-------------------------------------
[Pr Epoch : 13/20]
Pr_Src_cls_loss	: 0.0453
-------------------------------------
[Pr Epoch : 14/20]
Pr_Src_cls_loss	: 0.0421
-------------------------------------
[Pr Epoch : 15/20]
Pr_Src_cls_loss	: 0.0393
-------------------------------------
[Pr Epoch : 16/20]
Pr_Src_cls_loss	: 0.0369
-------------------------------------
[Pr Epoch : 17/20]
Pr_Src_cls_loss	: 0.0347
-------------------------------------
[Pr Epoch : 18/20]
Pr_Src_cls_loss	: 0.0328
-------------------------------------
[Pr Epoch : 19/20]
Pr_Src_cls_loss	: 0.0311
-------------------------------------
[Pr Epoch : 20/20]
Pr_Src_cls_loss	: 0.0295
-------------------------------------
/mnt/data/home/tp2474/OpenSet-AdaTime/algorithms/algorithms.py:1401: UserWarning: Implicit dimension choice for log_softmax has been deprecated. Change the call to include dim=X as an argument.
  sub_loss_local += -torch.sum(neighbor_Q[i, :] * F.log_softmax(after_cluhead_t[i, :]))
/mnt/data/home/tp2474/OpenSet-AdaTime/algorithms/algorithms.py:1402: UserWarning: Implicit dimension choice for log_softmax has been deprecated. Change the call to include dim=X as an argument.
  sub_loss_local += -torch.sum(anchor_Q[i, :] * F.log_softmax(neighbor_output[i, :]))
[Epoch : 1/20]
Pr_Src_cls_loss	: 0.0295
Total_loss	: 0.0311
loss_cls	: 0.0301
loss_PCD	: 3.3560
loss_CCD	: 0.0029
-------------------------------------
[Epoch : 2/20]
Pr_Src_cls_loss	: 0.0295
Total_loss	: 0.0272
loss_cls	: 0.0265
loss_PCD	: 3.3498
loss_CCD	: 0.0019
-------------------------------------
[Epoch : 3/20]
Pr_Src_cls_loss	: 0.0295
Total_loss	: 0.0216
loss_cls	: 0.0210
loss_PCD	: 3.4075
loss_CCD	: 0.0019
-------------------------------------
[Epoch : 4/20]
Pr_Src_cls_loss	: 0.0295
Total_loss	: 0.0198
loss_cls	: 0.0190
loss_PCD	: 3.3871
loss_CCD	: 0.0024
-------------------------------------
[Epoch : 5/20]
Pr_Src_cls_loss	: 0.0295
Total_loss	: 0.0206
loss_cls	: 0.0198
loss_PCD	: 3.3446
loss_CCD	: 0.0022
-------------------------------------
[Epoch : 6/20]
Pr_Src_cls_loss	: 0.0295
Total_loss	: 0.0240
loss_cls	: 0.0232
loss_PCD	: 3.3382
loss_CCD	: 0.0024
-------------------------------------
/home/tp2474/miniconda3/envs/myenv/lib/python3.9/site-packages/ot/backend.py:1203: RuntimeWarning: overflow encountered in exp
  return np.exp(a)
/home/tp2474/miniconda3/envs/myenv/lib/python3.9/site-packages/ot/unbalanced/_sinkhorn.py:770: UserWarning: Numerical errors at iteration 0
  warnings.warn("Numerical errors at iteration %s" % i)
[Epoch : 7/20]
Pr_Src_cls_loss	: 0.0295
Total_loss	: 0.0215
loss_cls	: 0.0207
loss_PCD	: 3.3715
loss_CCD	: 0.0022
-------------------------------------
[Epoch : 8/20]
Pr_Src_cls_loss	: 0.0295
Total_loss	: 0.0189
loss_cls	: 0.0182
loss_PCD	: 3.3791
loss_CCD	: 0.0019
-------------------------------------
[Epoch : 9/20]
Pr_Src_cls_loss	: 0.0295
Total_loss	: 0.0169
loss_cls	: 0.0163
loss_PCD	: 3.3869
loss_CCD	: 0.0017
Src_cls_loss	: 0.0000
-------------------------------------
[Epoch : 10/20]
Pr_Src_cls_loss	: 0.0295
Total_loss	: 0.0159
loss_cls	: 0.0153
loss_PCD	: 3.3988
loss_CCD	: 0.0015
Src_cls_loss	: 0.0000
-------------------------------------
[Epoch : 11/20]
Pr_Src_cls_loss	: 0.0295
Total_loss	: 0.0145
loss_cls	: 0.0141
loss_PCD	: 3.4116
loss_CCD	: 0.0014
Src_cls_loss	: 0.0000
-------------------------------------
[Epoch : 12/20]
Pr_Src_cls_loss	: 0.0295
Total_loss	: 0.0145
loss_cls	: 0.0140
loss_PCD	: 3.4234
loss_CCD	: 0.0013
Src_cls_loss	: 0.0000
-------------------------------------
[Epoch : 13/20]
Pr_Src_cls_loss	: 0.0295
Total_loss	: 0.0134
loss_cls	: 0.0130
loss_PCD	: 3.4466
loss_CCD	: 0.0012
Src_cls_loss	: 0.0000
-------------------------------------
[Epoch : 14/20]
Pr_Src_cls_loss	: 0.0295
Total_loss	: 0.0126
loss_cls	: 0.0122
loss_PCD	: 3.4640
loss_CCD	: 0.0011
Src_cls_loss	: 0.0000
-------------------------------------
[Epoch : 15/20]
Pr_Src_cls_loss	: 0.0295
Total_loss	: 0.0123
loss_cls	: 0.0119
loss_PCD	: 3.4822
loss_CCD	: 0.0010
Src_cls_loss	: 0.0000
-------------------------------------
[Epoch : 16/20]
Pr_Src_cls_loss	: 0.0295
Total_loss	: 0.0129
loss_cls	: 0.0126
loss_PCD	: 3.4804
loss_CCD	: 0.0010
Src_cls_loss	: 0.0000
-------------------------------------
[Epoch : 17/20]
Pr_Src_cls_loss	: 0.0295
Total_loss	: 0.0132
loss_cls	: 0.0129
loss_PCD	: 3.4707
loss_CCD	: 0.0009
Src_cls_loss	: 0.0000
-------------------------------------
[Epoch : 18/20]
Pr_Src_cls_loss	: 0.0295
Total_loss	: 0.0126
loss_cls	: 0.0123
loss_PCD	: 3.4657
loss_CCD	: 0.0009
Src_cls_loss	: 0.0000
-------------------------------------
[Epoch : 19/20]
Pr_Src_cls_loss	: 0.0295
Total_loss	: 0.0123
loss_cls	: 0.0120
loss_PCD	: 3.4634
loss_CCD	: 0.0008
Src_cls_loss	: 0.0000
-------------------------------------
[Epoch : 20/20]
Pr_Src_cls_loss	: 0.0295
Total_loss	: 0.0121
loss_cls	: 0.0118
loss_PCD	: 3.4601
loss_CCD	: 0.0008
Src_cls_loss	: 0.0000
-------------------------------------
/mnt/data/home/tp2474/OpenSet-AdaTime/trainers/abstract_trainer.py:331: FutureWarning: The behavior of DataFrame concatenation with empty or all-NA entries is deprecated. In a future version, this will no longer exclude empty or all-NA columns when determining the result dtypes. To retain the old behavior, exclude the relevant entries before the concat operation.
  table = pd.concat([table, results_df], ignore_index=True)
H_score: 0.0000, OS* (acc_c): 0.0000, UNK (acc_p): 1.0000, acc_mix: 0.3737, F1: 0.2033
Uploading logs from: /mnt/data/home/tp2474/OpenSet-AdaTime/experiments_logs/curriculum/MHEALTH to RealWorld_UniDA_hard_n4_fno_mean/UniOT_UniDA_hard_n4_fno_mean/MHEALTH_to_RealWorld_run_0
🏃 View run UniOT_run_0 at: http://127.0.0.1:5001/#/experiments/794510956309761169/runs/ee56785b80a347608f1cb7dbb4926728
🧪 View experiment at: http://127.0.0.1:5001/#/experiments/794510956309761169
=============================================
Dataset: MHEALTH to RealWorld_UniDA_hard_n4_fno_mean
Method:  UniOT
=============================================
Source: MHEALTH ---> Target: RealWorld
Run ID: 1
=============================================
[Pr Epoch : 1/20]
Pr_Src_cls_loss	: 0.4726
-------------------------------------
[Pr Epoch : 2/20]
Pr_Src_cls_loss	: 0.2505
-------------------------------------
[Pr Epoch : 3/20]
Pr_Src_cls_loss	: 0.1725
-------------------------------------
[Pr Epoch : 4/20]
Pr_Src_cls_loss	: 0.1302
-------------------------------------
[Pr Epoch : 5/20]
Pr_Src_cls_loss	: 0.1053
-------------------------------------
[Pr Epoch : 6/20]
Pr_Src_cls_loss	: 0.0913
-------------------------------------
[Pr Epoch : 7/20]
Pr_Src_cls_loss	: 0.0846
-------------------------------------
[Pr Epoch : 8/20]
Pr_Src_cls_loss	: 0.0762
-------------------------------------
[Pr Epoch : 9/20]
Pr_Src_cls_loss	: 0.0691
-------------------------------------
[Pr Epoch : 10/20]
Pr_Src_cls_loss	: 0.0651
-------------------------------------
[Pr Epoch : 11/20]
Pr_Src_cls_loss	: 0.0609
-------------------------------------
[Pr Epoch : 12/20]
Pr_Src_cls_loss	: 0.0568
-------------------------------------
[Pr Epoch : 13/20]
Pr_Src_cls_loss	: 0.0537
-------------------------------------
[Pr Epoch : 14/20]
Pr_Src_cls_loss	: 0.0502
-------------------------------------
[Pr Epoch : 15/20]
Pr_Src_cls_loss	: 0.0473
-------------------------------------
[Pr Epoch : 16/20]
Pr_Src_cls_loss	: 0.0446
-------------------------------------
[Pr Epoch : 17/20]
Pr_Src_cls_loss	: 0.0421
-------------------------------------
[Pr Epoch : 18/20]
Pr_Src_cls_loss	: 0.0398
-------------------------------------
[Pr Epoch : 19/20]
Pr_Src_cls_loss	: 0.0377
-------------------------------------
[Pr Epoch : 20/20]
Pr_Src_cls_loss	: 0.0359
-------------------------------------
[Epoch : 1/20]
Pr_Src_cls_loss	: 0.0359
Total_loss	: 0.0108
loss_cls	: 0.0097
loss_PCD	: 3.1536
loss_CCD	: 0.0032
-------------------------------------
[Epoch : 2/20]
Pr_Src_cls_loss	: 0.0359
Total_loss	: 0.0144
loss_cls	: 0.0139
loss_PCD	: 3.0803
loss_CCD	: 0.0016
-------------------------------------
[Epoch : 3/20]
Pr_Src_cls_loss	: 0.0359
Total_loss	: 0.0111
loss_cls	: 0.0107
loss_PCD	: 3.0876
loss_CCD	: 0.0011
-------------------------------------
[Epoch : 4/20]
Pr_Src_cls_loss	: 0.0359
Total_loss	: 0.0119
loss_cls	: 0.0116
loss_PCD	: 3.1185
loss_CCD	: 0.0008
-------------------------------------
[Epoch : 5/20]
Pr_Src_cls_loss	: 0.0359
Total_loss	: 0.0165
loss_cls	: 0.0163
loss_PCD	: 3.1698
loss_CCD	: 0.0006
-------------------------------------
[Epoch : 6/20]
Pr_Src_cls_loss	: 0.0359
Total_loss	: 0.0184
loss_cls	: 0.0183
loss_PCD	: 3.2373
loss_CCD	: 0.0005
-------------------------------------
[Epoch : 7/20]
Pr_Src_cls_loss	: 0.0359
Total_loss	: 0.0172
loss_cls	: 0.0171
loss_PCD	: 3.2968
loss_CCD	: 0.0005
-------------------------------------
[Epoch : 8/20]
Pr_Src_cls_loss	: 0.0359
Total_loss	: 0.0151
loss_cls	: 0.0150
loss_PCD	: 3.3218
loss_CCD	: 0.0004
-------------------------------------
[Epoch : 9/20]
Pr_Src_cls_loss	: 0.0359
Total_loss	: 0.0136
loss_cls	: 0.0135
loss_PCD	: 3.3470
loss_CCD	: 0.0004
Src_cls_loss	: 0.0000
-------------------------------------
[Epoch : 10/20]
Pr_Src_cls_loss	: 0.0359
Total_loss	: 0.0123
loss_cls	: 0.0122
loss_PCD	: 3.3641
loss_CCD	: 0.0003
Src_cls_loss	: 0.0000
-------------------------------------
[Epoch : 11/20]
Pr_Src_cls_loss	: 0.0359
Total_loss	: 0.0112
loss_cls	: 0.0111
loss_PCD	: 3.3720
loss_CCD	: 0.0003
Src_cls_loss	: 0.0000
-------------------------------------
[Epoch : 12/20]
Pr_Src_cls_loss	: 0.0359
Total_loss	: 0.0110
loss_cls	: 0.0109
loss_PCD	: 3.3769
loss_CCD	: 0.0003
Src_cls_loss	: 0.0000
-------------------------------------
[Epoch : 13/20]
Pr_Src_cls_loss	: 0.0359
Total_loss	: 0.0113
loss_cls	: 0.0112
loss_PCD	: 3.3876
loss_CCD	: 0.0002
Src_cls_loss	: 0.0000
-------------------------------------
[Epoch : 14/20]
Pr_Src_cls_loss	: 0.0359
Total_loss	: 0.0109
loss_cls	: 0.0108
loss_PCD	: 3.4174
loss_CCD	: 0.0002
Src_cls_loss	: 0.0000
-------------------------------------
[Epoch : 15/20]
Pr_Src_cls_loss	: 0.0359
Total_loss	: 0.0103
loss_cls	: 0.0102
loss_PCD	: 3.4454
loss_CCD	: 0.0002
Src_cls_loss	: 0.0000
-------------------------------------
[Epoch : 16/20]
Pr_Src_cls_loss	: 0.0359
Total_loss	: 0.0097
loss_cls	: 0.0096
loss_PCD	: 3.4630
loss_CCD	: 0.0002
Src_cls_loss	: 0.0000
-------------------------------------
[Epoch : 17/20]
Pr_Src_cls_loss	: 0.0359
Total_loss	: 0.0091
loss_cls	: 0.0091
loss_PCD	: 3.4792
loss_CCD	: 0.0002
Src_cls_loss	: 0.0000
-------------------------------------
[Epoch : 18/20]
Pr_Src_cls_loss	: 0.0359
Total_loss	: 0.0088
loss_cls	: 0.0088
loss_PCD	: 3.4934
loss_CCD	: 0.0002
Src_cls_loss	: 0.0000
-------------------------------------
[Epoch : 19/20]
Pr_Src_cls_loss	: 0.0359
Total_loss	: 0.0087
loss_cls	: 0.0087
loss_PCD	: 3.5106
loss_CCD	: 0.0002
Src_cls_loss	: 0.0000
-------------------------------------
[Epoch : 20/20]
Pr_Src_cls_loss	: 0.0359
Total_loss	: 0.0101
loss_cls	: 0.0100
loss_PCD	: 3.5185
loss_CCD	: 0.0002
Src_cls_loss	: 0.0000
-------------------------------------
H_score: 0.0000, OS* (acc_c): 0.0000, UNK (acc_p): 1.0000, acc_mix: 0.3737, F1: 0.2033
Uploading logs from: /mnt/data/home/tp2474/OpenSet-AdaTime/experiments_logs/curriculum/MHEALTH to RealWorld_UniDA_hard_n4_fno_mean/UniOT_UniDA_hard_n4_fno_mean/MHEALTH_to_RealWorld_run_1
🏃 View run UniOT_run_1 at: http://127.0.0.1:5001/#/experiments/794510956309761169/runs/039941de2a084c54a0dac414e3388845
🧪 View experiment at: http://127.0.0.1:5001/#/experiments/794510956309761169
=============================================
Dataset: MHEALTH to RealWorld_UniDA_hard_n4_fno_mean
Method:  UniOT
=============================================
Source: MHEALTH ---> Target: RealWorld
Run ID: 2
=============================================
[Pr Epoch : 1/20]
Pr_Src_cls_loss	: 0.3919
-------------------------------------
[Pr Epoch : 2/20]
Pr_Src_cls_loss	: 0.2135
-------------------------------------
[Pr Epoch : 3/20]
Pr_Src_cls_loss	: 0.1565
-------------------------------------
[Pr Epoch : 4/20]
Pr_Src_cls_loss	: 0.1234
-------------------------------------
[Pr Epoch : 5/20]
Pr_Src_cls_loss	: 0.1007
-------------------------------------
[Pr Epoch : 6/20]
Pr_Src_cls_loss	: 0.0848
-------------------------------------
[Pr Epoch : 7/20]
Pr_Src_cls_loss	: 0.0740
-------------------------------------
[Pr Epoch : 8/20]
Pr_Src_cls_loss	: 0.0690
-------------------------------------
[Pr Epoch : 9/20]
Pr_Src_cls_loss	: 0.0683
-------------------------------------
[Pr Epoch : 10/20]
Pr_Src_cls_loss	: 0.0624
-------------------------------------
[Pr Epoch : 11/20]
Pr_Src_cls_loss	: 0.0568
-------------------------------------
[Pr Epoch : 12/20]
Pr_Src_cls_loss	: 0.0523
-------------------------------------
[Pr Epoch : 13/20]
Pr_Src_cls_loss	: 0.0483
-------------------------------------
[Pr Epoch : 14/20]
Pr_Src_cls_loss	: 0.0449
-------------------------------------
[Pr Epoch : 15/20]
Pr_Src_cls_loss	: 0.0419
-------------------------------------
[Pr Epoch : 16/20]
Pr_Src_cls_loss	: 0.0393
-------------------------------------
[Pr Epoch : 17/20]
Pr_Src_cls_loss	: 0.0370
-------------------------------------
[Pr Epoch : 18/20]
Pr_Src_cls_loss	: 0.0350
-------------------------------------
[Pr Epoch : 19/20]
Pr_Src_cls_loss	: 0.0331
-------------------------------------
[Pr Epoch : 20/20]
Pr_Src_cls_loss	: 0.0315
-------------------------------------
[Epoch : 1/20]
Pr_Src_cls_loss	: 0.0315
Total_loss	: 0.0277
loss_cls	: 0.0269
loss_PCD	: 3.3874
loss_CCD	: 0.0024
-------------------------------------
[Epoch : 2/20]
Pr_Src_cls_loss	: 0.0315
Total_loss	: 0.0209
loss_cls	: 0.0201
loss_PCD	: 3.4266
loss_CCD	: 0.0022
-------------------------------------
[Epoch : 3/20]
Pr_Src_cls_loss	: 0.0315
Total_loss	: 0.0176
loss_cls	: 0.0167
loss_PCD	: 3.3809
loss_CCD	: 0.0026
-------------------------------------
[Epoch : 4/20]
Pr_Src_cls_loss	: 0.0315
Total_loss	: 0.0138
loss_cls	: 0.0130
loss_PCD	: 3.3463
loss_CCD	: 0.0021
-------------------------------------
[Epoch : 5/20]
Pr_Src_cls_loss	: 0.0315
Total_loss	: 0.0133
loss_cls	: 0.0126
loss_PCD	: 3.3414
loss_CCD	: 0.0018
-------------------------------------
[Epoch : 6/20]
Pr_Src_cls_loss	: 0.0315
Total_loss	: 0.0209
loss_cls	: 0.0203
loss_PCD	: 3.3598
loss_CCD	: 0.0016
-------------------------------------
[Epoch : 7/20]
Pr_Src_cls_loss	: 0.0315
Total_loss	: 0.0246
loss_cls	: 0.0240
loss_PCD	: 3.3969
loss_CCD	: 0.0016
-------------------------------------
[Epoch : 8/20]
Pr_Src_cls_loss	: 0.0315
Total_loss	: 0.0252
loss_cls	: 0.0246
loss_PCD	: 3.4244
loss_CCD	: 0.0017
-------------------------------------
[Epoch : 9/20]
Pr_Src_cls_loss	: 0.0315
Total_loss	: 0.0231
loss_cls	: 0.0225
loss_PCD	: 3.4377
loss_CCD	: 0.0017
Src_cls_loss	: 0.0000
-------------------------------------
[Epoch : 10/20]
Pr_Src_cls_loss	: 0.0315
Total_loss	: 0.0211
loss_cls	: 0.0205
loss_PCD	: 3.4525
loss_CCD	: 0.0016
Src_cls_loss	: 0.0000
-------------------------------------
[Epoch : 11/20]
Pr_Src_cls_loss	: 0.0315
Total_loss	: 0.0193
loss_cls	: 0.0188
loss_PCD	: 3.4611
loss_CCD	: 0.0015
Src_cls_loss	: 0.0000
-------------------------------------
[Epoch : 12/20]
Pr_Src_cls_loss	: 0.0315
Total_loss	: 0.0186
loss_cls	: 0.0181
loss_PCD	: 3.4667
loss_CCD	: 0.0014
Src_cls_loss	: 0.0000
-------------------------------------
[Epoch : 13/20]
Pr_Src_cls_loss	: 0.0315
Total_loss	: 0.0200
loss_cls	: 0.0196
loss_PCD	: 3.4740
loss_CCD	: 0.0013
Src_cls_loss	: 0.0000
-------------------------------------
[Epoch : 14/20]
Pr_Src_cls_loss	: 0.0315
Total_loss	: 0.0195
loss_cls	: 0.0191
loss_PCD	: 3.4766
loss_CCD	: 0.0013
Src_cls_loss	: 0.0000
-------------------------------------
[Epoch : 15/20]
Pr_Src_cls_loss	: 0.0315
Total_loss	: 0.0185
loss_cls	: 0.0181
loss_PCD	: 3.4890
loss_CCD	: 0.0012
Src_cls_loss	: 0.0000
-------------------------------------
[Epoch : 16/20]
Pr_Src_cls_loss	: 0.0315
Total_loss	: 0.0174
loss_cls	: 0.0170
loss_PCD	: 3.4890
loss_CCD	: 0.0012
Src_cls_loss	: 0.0000
-------------------------------------
[Epoch : 17/20]
Pr_Src_cls_loss	: 0.0315
Total_loss	: 0.0164
loss_cls	: 0.0160
loss_PCD	: 3.4909
loss_CCD	: 0.0011
Src_cls_loss	: 0.0000
-------------------------------------
[Epoch : 18/20]
Pr_Src_cls_loss	: 0.0315
Total_loss	: 0.0156
loss_cls	: 0.0153
loss_PCD	: 3.4952
loss_CCD	: 0.0010
Src_cls_loss	: 0.0000
-------------------------------------
[Epoch : 19/20]
Pr_Src_cls_loss	: 0.0315
Total_loss	: 0.0154
loss_cls	: 0.0151
loss_PCD	: 3.4989
loss_CCD	: 0.0010
Src_cls_loss	: 0.0000
-------------------------------------
[Epoch : 20/20]
Pr_Src_cls_loss	: 0.0315
Total_loss	: 0.0154
loss_cls	: 0.0151
loss_PCD	: 3.5035
loss_CCD	: 0.0010
Src_cls_loss	: 0.0000
-------------------------------------
H_score: 0.1636, OS* (acc_c): 0.0948, UNK (acc_p): 0.5983, acc_mix: 0.2829, F1: 0.2368
Uploading logs from: /mnt/data/home/tp2474/OpenSet-AdaTime/experiments_logs/curriculum/MHEALTH to RealWorld_UniDA_hard_n4_fno_mean/UniOT_UniDA_hard_n4_fno_mean/MHEALTH_to_RealWorld_run_2
🏃 View run UniOT_run_2 at: http://127.0.0.1:5001/#/experiments/794510956309761169/runs/c21709cf60ec4bd5a1399d15b86cb5b3
🧪 View experiment at: http://127.0.0.1:5001/#/experiments/794510956309761169
=============================================
Dataset: MHEALTH to RealWorld_UniDA_hard_n4_fno_mean
Method:  UniOT
=============================================
Source: MHEALTH ---> Target: RealWorld
Run ID: 3
=============================================
[Pr Epoch : 1/20]
Pr_Src_cls_loss	: 0.5624
-------------------------------------
[Pr Epoch : 2/20]
Pr_Src_cls_loss	: 0.3024
-------------------------------------
[Pr Epoch : 3/20]
Pr_Src_cls_loss	: 0.2109
-------------------------------------
[Pr Epoch : 4/20]
Pr_Src_cls_loss	: 0.1612
-------------------------------------
[Pr Epoch : 5/20]
Pr_Src_cls_loss	: 0.1310
-------------------------------------
[Pr Epoch : 6/20]
Pr_Src_cls_loss	: 0.1103
-------------------------------------
[Pr Epoch : 7/20]
Pr_Src_cls_loss	: 0.0947
-------------------------------------
[Pr Epoch : 8/20]
Pr_Src_cls_loss	: 0.0841
-------------------------------------
[Pr Epoch : 9/20]
Pr_Src_cls_loss	: 0.0766
-------------------------------------
[Pr Epoch : 10/20]
Pr_Src_cls_loss	: 0.0738
-------------------------------------
[Pr Epoch : 11/20]
Pr_Src_cls_loss	: 0.0694
-------------------------------------
[Pr Epoch : 12/20]
Pr_Src_cls_loss	: 0.0638
-------------------------------------
[Pr Epoch : 13/20]
Pr_Src_cls_loss	: 0.0589
-------------------------------------
[Pr Epoch : 14/20]
Pr_Src_cls_loss	: 0.0550
-------------------------------------
[Pr Epoch : 15/20]
Pr_Src_cls_loss	: 0.0515
-------------------------------------
[Pr Epoch : 16/20]
Pr_Src_cls_loss	: 0.0484
-------------------------------------
[Pr Epoch : 17/20]
Pr_Src_cls_loss	: 0.0456
-------------------------------------
[Pr Epoch : 18/20]
Pr_Src_cls_loss	: 0.0430
-------------------------------------
[Pr Epoch : 19/20]
Pr_Src_cls_loss	: 0.0408
-------------------------------------
[Pr Epoch : 20/20]
Pr_Src_cls_loss	: 0.0388
-------------------------------------
[Epoch : 1/20]
Pr_Src_cls_loss	: 0.0388
Total_loss	: 0.0306
loss_cls	: 0.0292
loss_PCD	: 3.3809
loss_CCD	: 0.0040
-------------------------------------
[Epoch : 2/20]
Pr_Src_cls_loss	: 0.0388
Total_loss	: 0.0243
loss_cls	: 0.0233
loss_PCD	: 3.2912
loss_CCD	: 0.0029
-------------------------------------
[Epoch : 3/20]
Pr_Src_cls_loss	: 0.0388
Total_loss	: 0.0202
loss_cls	: 0.0193
loss_PCD	: 3.2404
loss_CCD	: 0.0025
-------------------------------------
[Epoch : 4/20]
Pr_Src_cls_loss	: 0.0388
Total_loss	: 0.0155
loss_cls	: 0.0148
loss_PCD	: 3.1950
loss_CCD	: 0.0022
-------------------------------------
[Epoch : 5/20]
Pr_Src_cls_loss	: 0.0388
Total_loss	: 0.0129
loss_cls	: 0.0122
loss_PCD	: 3.1685
loss_CCD	: 0.0020
-------------------------------------
[Epoch : 6/20]
Pr_Src_cls_loss	: 0.0388
Total_loss	: 0.0111
loss_cls	: 0.0105
loss_PCD	: 3.1406
loss_CCD	: 0.0018
-------------------------------------
[Epoch : 7/20]
Pr_Src_cls_loss	: 0.0388
Total_loss	: 0.0132
loss_cls	: 0.0126
loss_PCD	: 3.1406
loss_CCD	: 0.0017
-------------------------------------
[Epoch : 8/20]
Pr_Src_cls_loss	: 0.0388
Total_loss	: 0.0165
loss_cls	: 0.0159
loss_PCD	: 3.1664
loss_CCD	: 0.0016
-------------------------------------
[Epoch : 9/20]
Pr_Src_cls_loss	: 0.0388
Total_loss	: 0.0191
loss_cls	: 0.0186
loss_PCD	: 3.2108
loss_CCD	: 0.0015
Src_cls_loss	: 0.0000
-------------------------------------
[Epoch : 10/20]
Pr_Src_cls_loss	: 0.0388
Total_loss	: 0.0191
loss_cls	: 0.0186
loss_PCD	: 3.2461
loss_CCD	: 0.0014
Src_cls_loss	: 0.0000
-------------------------------------
[Epoch : 11/20]
Pr_Src_cls_loss	: 0.0388
Total_loss	: 0.0182
loss_cls	: 0.0177
loss_PCD	: 3.2674
loss_CCD	: 0.0013
Src_cls_loss	: 0.0000
-------------------------------------
[Epoch : 12/20]
Pr_Src_cls_loss	: 0.0388
Total_loss	: 0.0172
loss_cls	: 0.0168
loss_PCD	: 3.2874
loss_CCD	: 0.0013
Src_cls_loss	: 0.0000
-------------------------------------
[Epoch : 13/20]
Pr_Src_cls_loss	: 0.0388
Total_loss	: 0.0161
loss_cls	: 0.0157
loss_PCD	: 3.3081
loss_CCD	: 0.0012
Src_cls_loss	: 0.0000
-------------------------------------
[Epoch : 14/20]
Pr_Src_cls_loss	: 0.0388
Total_loss	: 0.0167
loss_cls	: 0.0163
loss_PCD	: 3.3245
loss_CCD	: 0.0012
Src_cls_loss	: 0.0000
-------------------------------------
[Epoch : 15/20]
Pr_Src_cls_loss	: 0.0388
Total_loss	: 0.0161
loss_cls	: 0.0157
loss_PCD	: 3.3378
loss_CCD	: 0.0013
Src_cls_loss	: 0.0000
-------------------------------------
[Epoch : 16/20]
Pr_Src_cls_loss	: 0.0388
Total_loss	: 0.0152
loss_cls	: 0.0148
loss_PCD	: 3.3434
loss_CCD	: 0.0012
Src_cls_loss	: 0.0000
-------------------------------------
[Epoch : 17/20]
Pr_Src_cls_loss	: 0.0388
Total_loss	: 0.0151
loss_cls	: 0.0147
loss_PCD	: 3.3551
loss_CCD	: 0.0012
Src_cls_loss	: 0.0000
-------------------------------------
[Epoch : 18/20]
Pr_Src_cls_loss	: 0.0388
Total_loss	: 0.0147
loss_cls	: 0.0143
loss_PCD	: 3.3724
loss_CCD	: 0.0011
Src_cls_loss	: 0.0000
-------------------------------------
[Epoch : 19/20]
Pr_Src_cls_loss	: 0.0388
Total_loss	: 0.0140
loss_cls	: 0.0136
loss_PCD	: 3.3862
loss_CCD	: 0.0011
Src_cls_loss	: 0.0000
-------------------------------------
[Epoch : 20/20]
Pr_Src_cls_loss	: 0.0388
Total_loss	: 0.0133
loss_cls	: 0.0129
loss_PCD	: 3.3966
loss_CCD	: 0.0011
Src_cls_loss	: 0.0000
-------------------------------------
H_score: 0.1085, OS* (acc_c): 0.0600, UNK (acc_p): 0.5712, acc_mix: 0.2510, F1: 0.2227
Uploading logs from: /mnt/data/home/tp2474/OpenSet-AdaTime/experiments_logs/curriculum/MHEALTH to RealWorld_UniDA_hard_n4_fno_mean/UniOT_UniDA_hard_n4_fno_mean/MHEALTH_to_RealWorld_run_3
🏃 View run UniOT_run_3 at: http://127.0.0.1:5001/#/experiments/794510956309761169/runs/84a6d0438e434f689f8669fa18ad92f6
🧪 View experiment at: http://127.0.0.1:5001/#/experiments/794510956309761169
=============================================
Dataset: MHEALTH to RealWorld_UniDA_hard_n4_fno_mean
Method:  UniOT
=============================================
Source: MHEALTH ---> Target: RealWorld
Run ID: 4
=============================================
[Pr Epoch : 1/20]
Pr_Src_cls_loss	: 0.3957
-------------------------------------
[Pr Epoch : 2/20]
Pr_Src_cls_loss	: 0.2137
-------------------------------------
[Pr Epoch : 3/20]
Pr_Src_cls_loss	: 0.1490
-------------------------------------
[Pr Epoch : 4/20]
Pr_Src_cls_loss	: 0.1202
-------------------------------------
[Pr Epoch : 5/20]
Pr_Src_cls_loss	: 0.1043
-------------------------------------
[Pr Epoch : 6/20]
Pr_Src_cls_loss	: 0.0893
-------------------------------------
[Pr Epoch : 7/20]
Pr_Src_cls_loss	: 0.0768
-------------------------------------
[Pr Epoch : 8/20]
Pr_Src_cls_loss	: 0.0674
-------------------------------------
[Pr Epoch : 9/20]
Pr_Src_cls_loss	: 0.0600
-------------------------------------
[Pr Epoch : 10/20]
Pr_Src_cls_loss	: 0.0542
-------------------------------------
[Pr Epoch : 11/20]
Pr_Src_cls_loss	: 0.0493
-------------------------------------
[Pr Epoch : 12/20]
Pr_Src_cls_loss	: 0.0452
-------------------------------------
[Pr Epoch : 13/20]
Pr_Src_cls_loss	: 0.0433
-------------------------------------
[Pr Epoch : 14/20]
Pr_Src_cls_loss	: 0.0434
-------------------------------------
[Pr Epoch : 15/20]
Pr_Src_cls_loss	: 0.0443
-------------------------------------
[Pr Epoch : 16/20]
Pr_Src_cls_loss	: 0.0420
-------------------------------------
[Pr Epoch : 17/20]
Pr_Src_cls_loss	: 0.0399
-------------------------------------
[Pr Epoch : 18/20]
Pr_Src_cls_loss	: 0.0387
-------------------------------------
[Pr Epoch : 19/20]
Pr_Src_cls_loss	: 0.0372
-------------------------------------
[Pr Epoch : 20/20]
Pr_Src_cls_loss	: 0.0356
-------------------------------------
[Epoch : 1/20]
Pr_Src_cls_loss	: 0.0356
Total_loss	: 0.0176
loss_cls	: 0.0173
loss_PCD	: 3.2547
loss_CCD	: 0.0009
-------------------------------------
[Epoch : 2/20]
Pr_Src_cls_loss	: 0.0356
Total_loss	: 0.0119
loss_cls	: 0.0116
loss_PCD	: 3.2743
loss_CCD	: 0.0008
-------------------------------------
[Epoch : 3/20]
Pr_Src_cls_loss	: 0.0356
Total_loss	: 0.0128
loss_cls	: 0.0125
loss_PCD	: 3.2471
loss_CCD	: 0.0011
-------------------------------------
[Epoch : 4/20]
Pr_Src_cls_loss	: 0.0356
Total_loss	: 0.0146
loss_cls	: 0.0142
loss_PCD	: 3.2519
loss_CCD	: 0.0009
-------------------------------------
[Epoch : 5/20]
Pr_Src_cls_loss	: 0.0356
Total_loss	: 0.0175
loss_cls	: 0.0172
loss_PCD	: 3.2394
loss_CCD	: 0.0009
-------------------------------------
[Epoch : 6/20]
Pr_Src_cls_loss	: 0.0356
Total_loss	: 0.0183
loss_cls	: 0.0180
loss_PCD	: 3.2326
loss_CCD	: 0.0009
-------------------------------------
[Epoch : 7/20]
Pr_Src_cls_loss	: 0.0356
Total_loss	: 0.0181
loss_cls	: 0.0179
loss_PCD	: 3.2175
loss_CCD	: 0.0008
-------------------------------------
[Epoch : 8/20]
Pr_Src_cls_loss	: 0.0356
Total_loss	: 0.0169
loss_cls	: 0.0167
loss_PCD	: 3.2154
loss_CCD	: 0.0008
-------------------------------------
[Epoch : 9/20]
Pr_Src_cls_loss	: 0.0356
Total_loss	: 0.0152
loss_cls	: 0.0149
loss_PCD	: 3.2179
loss_CCD	: 0.0008
Src_cls_loss	: 0.0000
-------------------------------------
[Epoch : 10/20]
Pr_Src_cls_loss	: 0.0356
Total_loss	: 0.0146
loss_cls	: 0.0144
loss_PCD	: 3.2197
loss_CCD	: 0.0008
Src_cls_loss	: 0.0000
-------------------------------------
[Epoch : 11/20]
Pr_Src_cls_loss	: 0.0356
Total_loss	: 0.0133
loss_cls	: 0.0131
loss_PCD	: 3.2245
loss_CCD	: 0.0007
Src_cls_loss	: 0.0000
-------------------------------------
[Epoch : 12/20]
Pr_Src_cls_loss	: 0.0356
Total_loss	: 0.0124
loss_cls	: 0.0122
loss_PCD	: 3.2301
loss_CCD	: 0.0007
Src_cls_loss	: 0.0000
-------------------------------------
[Epoch : 13/20]
Pr_Src_cls_loss	: 0.0356
Total_loss	: 0.0115
loss_cls	: 0.0113
loss_PCD	: 3.2347
loss_CCD	: 0.0006
Src_cls_loss	: 0.0000
-------------------------------------
[Epoch : 14/20]
Pr_Src_cls_loss	: 0.0356
Total_loss	: 0.0107
loss_cls	: 0.0105
loss_PCD	: 3.2379
loss_CCD	: 0.0006
Src_cls_loss	: 0.0000
-------------------------------------
[Epoch : 15/20]
Pr_Src_cls_loss	: 0.0356
Total_loss	: 0.0104
loss_cls	: 0.0102
loss_PCD	: 3.2411
loss_CCD	: 0.0006
Src_cls_loss	: 0.0000
-------------------------------------
[Epoch : 16/20]
Pr_Src_cls_loss	: 0.0356
Total_loss	: 0.0100
loss_cls	: 0.0098
loss_PCD	: 3.2431
loss_CCD	: 0.0006
Src_cls_loss	: 0.0000
-------------------------------------
[Epoch : 17/20]
Pr_Src_cls_loss	: 0.0356
Total_loss	: 0.0103
loss_cls	: 0.0101
loss_PCD	: 3.2480
loss_CCD	: 0.0005
Src_cls_loss	: 0.0000
-------------------------------------
[Epoch : 18/20]
Pr_Src_cls_loss	: 0.0356
Total_loss	: 0.0102
loss_cls	: 0.0100
loss_PCD	: 3.2497
loss_CCD	: 0.0005
Src_cls_loss	: 0.0000
-------------------------------------
[Epoch : 19/20]
Pr_Src_cls_loss	: 0.0356
Total_loss	: 0.0101
loss_cls	: 0.0099
loss_PCD	: 3.2545
loss_CCD	: 0.0005
Src_cls_loss	: 0.0000
-------------------------------------
[Epoch : 20/20]
Pr_Src_cls_loss	: 0.0356
Total_loss	: 0.0098
loss_cls	: 0.0097
loss_PCD	: 3.2663
loss_CCD	: 0.0005
Src_cls_loss	: 0.0000
-------------------------------------
H_score: 0.2553, OS* (acc_c): 0.1620, UNK (acc_p): 0.6020, acc_mix: 0.3264, F1: 0.2768
Uploading logs from: /mnt/data/home/tp2474/OpenSet-AdaTime/experiments_logs/curriculum/MHEALTH to RealWorld_UniDA_hard_n4_fno_mean/UniOT_UniDA_hard_n4_fno_mean/MHEALTH_to_RealWorld_run_4
🏃 View run UniOT_run_4 at: http://127.0.0.1:5001/#/experiments/794510956309761169/runs/b6b8a32c418a43108f9c6252fb0b66bc
🧪 View experiment at: http://127.0.0.1:5001/#/experiments/794510956309761169
==================== [n4 fno_mean] UniJDOT ====================
[curriculum] scenario=UniDA  strategy=hard  n_unknown=4  rank_variant=fno_mean
[curriculum] source mapping (8 classes): {'Lying down': 'lying', 'Sitting and relaxing': 'sitting', 'Walking': 'walking', 'Running': 'running', 'Climbing stairs': 'Climbing stairs', 'Frontal elevation of arms': 'Frontal elevation of arms', 'Jump front & back': 'Jump front & back', 'Jogging': 'Jogging'}
[curriculum] target mapping (8 classes): {'lying': 'lying', 'sitting': 'sitting', 'walking': 'walking', 'running': 'running', 'climbingup': 'climbingup', 'jumping': 'jumping', 'climbingdown': 'climbingdown', 'standing': 'standing'}
[curriculum] unknowns added (in hard order): src=[Climbing stairs,Frontal elevation of arms,Jump front & back,Jogging] | trg=[climbingup,jumping,climbingdown,standing]
[scenario] UniJDOT -> UniDA (uniDA=True)
Unlabeled data shape:  (41859, 150, 18)
Unlabelled Combined shape: (71801, 150, 18)

--- Dataloader Size Check ---
Source Train batches:   67
Target Train batches:   1308
-------------------------------

Private classes:  tensor([ 8.,  9., 10., 11.])
=============================================
Dataset: MHEALTH to RealWorld_UniDA_hard_n4_fno_mean
Method:  UniJDOT
=============================================
Source: MHEALTH ---> Target: RealWorld
Run ID: 0
=============================================
[Pr Epoch : 1/20]
Pr_Src_cls_loss	: 0.3811
-------------------------------------
[Pr Epoch : 2/20]
Pr_Src_cls_loss	: 0.2105
-------------------------------------
[Pr Epoch : 3/20]
Pr_Src_cls_loss	: 0.1456
-------------------------------------
[Pr Epoch : 4/20]
Pr_Src_cls_loss	: 0.1120
-------------------------------------
[Pr Epoch : 5/20]
Pr_Src_cls_loss	: 0.0921
-------------------------------------
[Pr Epoch : 6/20]
Pr_Src_cls_loss	: 0.0823
-------------------------------------
[Pr Epoch : 7/20]
Pr_Src_cls_loss	: 0.0756
-------------------------------------
[Pr Epoch : 8/20]
Pr_Src_cls_loss	: 0.0670
-------------------------------------
[Pr Epoch : 9/20]
Pr_Src_cls_loss	: 0.0604
-------------------------------------
[Pr Epoch : 10/20]
Pr_Src_cls_loss	: 0.0564
-------------------------------------
[Pr Epoch : 11/20]
Pr_Src_cls_loss	: 0.0515
-------------------------------------
[Pr Epoch : 12/20]
Pr_Src_cls_loss	: 0.0474
-------------------------------------
[Pr Epoch : 13/20]
Pr_Src_cls_loss	: 0.0443
-------------------------------------
[Pr Epoch : 14/20]
Pr_Src_cls_loss	: 0.0413
-------------------------------------
[Pr Epoch : 15/20]
Pr_Src_cls_loss	: 0.0386
-------------------------------------
[Pr Epoch : 16/20]
Pr_Src_cls_loss	: 0.0362
-------------------------------------
[Pr Epoch : 17/20]
Pr_Src_cls_loss	: 0.0341
-------------------------------------
[Pr Epoch : 18/20]
Pr_Src_cls_loss	: 0.0322
-------------------------------------
[Pr Epoch : 19/20]
Pr_Src_cls_loss	: 0.0305
-------------------------------------
[Pr Epoch : 20/20]
Pr_Src_cls_loss	: 0.0290
-------------------------------------
/mnt/data/home/tp2474/OpenSet-AdaTime/algorithms/algorithms.py:1865: UserWarning: Implicit dimension choice for softmax has been deprecated. Change the call to include dim=X as an argument.
  trg_soft_cen = torch.nn.functional.softmax(after_lincls_cen).double()
[Epoch : 1/20]
Pr_Src_cls_loss	: 0.0290
Total_loss	: 0.0641
loss_cls	: 0.0042
loss_align	: 0.0599
-------------------------------------
[Epoch : 2/20]
Pr_Src_cls_loss	: 0.0290
Total_loss	: 0.0631
loss_cls	: 0.0057
loss_align	: 0.0574
-------------------------------------
[Epoch : 3/20]
Pr_Src_cls_loss	: 0.0290
Total_loss	: 0.0663
loss_cls	: 0.0061
loss_align	: 0.0603
-------------------------------------
[Epoch : 4/20]
Pr_Src_cls_loss	: 0.0290
Total_loss	: 0.0718
loss_cls	: 0.0070
loss_align	: 0.0648
-------------------------------------
[Epoch : 5/20]
Pr_Src_cls_loss	: 0.0290
Total_loss	: 0.0717
loss_cls	: 0.0066
loss_align	: 0.0651
-------------------------------------
[Epoch : 6/20]
Pr_Src_cls_loss	: 0.0290
Total_loss	: 0.0716
loss_cls	: 0.0060
loss_align	: 0.0656
-------------------------------------
[Epoch : 7/20]
Pr_Src_cls_loss	: 0.0290
Total_loss	: 0.0721
loss_cls	: 0.0056
loss_align	: 0.0665
-------------------------------------
[Epoch : 8/20]
Pr_Src_cls_loss	: 0.0290
Total_loss	: 0.0717
loss_cls	: 0.0053
loss_align	: 0.0665
-------------------------------------
[Epoch : 9/20]
Pr_Src_cls_loss	: 0.0290
Total_loss	: 0.0720
loss_cls	: 0.0056
loss_align	: 0.0664
Src_cls_loss	: 0.0000
-------------------------------------
[Epoch : 10/20]
Pr_Src_cls_loss	: 0.0290
Total_loss	: 0.0715
loss_cls	: 0.0056
loss_align	: 0.0660
Src_cls_loss	: 0.0000
-------------------------------------
[Epoch : 11/20]
Pr_Src_cls_loss	: 0.0290
Total_loss	: 0.0705
loss_cls	: 0.0052
loss_align	: 0.0653
Src_cls_loss	: 0.0000
-------------------------------------
[Epoch : 12/20]
Pr_Src_cls_loss	: 0.0290
Total_loss	: 0.0704
loss_cls	: 0.0055
loss_align	: 0.0650
Src_cls_loss	: 0.0000
-------------------------------------
[Epoch : 13/20]
Pr_Src_cls_loss	: 0.0290
Total_loss	: 0.0697
loss_cls	: 0.0053
loss_align	: 0.0644
Src_cls_loss	: 0.0000
-------------------------------------
[Epoch : 14/20]
Pr_Src_cls_loss	: 0.0290
Total_loss	: 0.0688
loss_cls	: 0.0051
loss_align	: 0.0637
Src_cls_loss	: 0.0000
-------------------------------------
[Epoch : 15/20]
Pr_Src_cls_loss	: 0.0290
Total_loss	: 0.0678
loss_cls	: 0.0050
loss_align	: 0.0628
Src_cls_loss	: 0.0000
-------------------------------------
[Epoch : 16/20]
Pr_Src_cls_loss	: 0.0290
Total_loss	: 0.0669
loss_cls	: 0.0048
loss_align	: 0.0621
Src_cls_loss	: 0.0000
-------------------------------------
[Epoch : 17/20]
Pr_Src_cls_loss	: 0.0290
Total_loss	: 0.0660
loss_cls	: 0.0046
loss_align	: 0.0614
Src_cls_loss	: 0.0000
-------------------------------------
[Epoch : 18/20]
Pr_Src_cls_loss	: 0.0290
Total_loss	: 0.0652
loss_cls	: 0.0044
loss_align	: 0.0608
Src_cls_loss	: 0.0000
-------------------------------------
[Epoch : 19/20]
Pr_Src_cls_loss	: 0.0290
Total_loss	: 0.0645
loss_cls	: 0.0042
loss_align	: 0.0603
Src_cls_loss	: 0.0000
-------------------------------------
[Epoch : 20/20]
Pr_Src_cls_loss	: 0.0290
Total_loss	: 0.0639
loss_cls	: 0.0042
loss_align	: 0.0597
Src_cls_loss	: 0.0000
-------------------------------------
/mnt/data/home/tp2474/OpenSet-AdaTime/trainers/abstract_trainer.py:331: FutureWarning: The behavior of DataFrame concatenation with empty or all-NA entries is deprecated. In a future version, this will no longer exclude empty or all-NA columns when determining the result dtypes. To retain the old behavior, exclude the relevant entries before the concat operation.
  table = pd.concat([table, results_df], ignore_index=True)

[UniJDOT Debug] final_threshold = 0.2127 conf mean=0.2645 std=0.1558 reject=56.25%
[UniJDOT Eval ALL] n=41859 threshold=0.2127
[UniJDOT Eval ALL] conf: min=0.1267 max=0.5199 mean=0.2543 std=0.1456
[UniJDOT Eval ALL] rejected: 54.56%
[UniJDOT Eval ALL] pred class dist (pre-reject): [6826, 7155, 21169, 46, 28, 8, 6397, 230]
[UniJDOT Eval ALL] true label dist: [0, 0, 0, 0, 6433, 6894, 6422, 6467, 15643] (last bin = unknown)
H_score: 0.1723, OS* (acc_c): 0.0998, UNK (acc_p): 0.6279, acc_mix: 0.2972, F1: 0.2547
[UniJDOT Eval ALL] n=41859 threshold=0.2127
[UniJDOT Eval ALL] conf: min=0.1267 max=0.5199 mean=0.2543 std=0.1456
[UniJDOT Eval ALL] rejected: 54.56%
[UniJDOT Eval ALL] pred class dist (pre-reject): [6826, 7155, 21169, 46, 28, 8, 6397, 230]
[UniJDOT Eval ALL] true label dist: [0, 0, 0, 0, 6433, 6894, 6422, 6467, 15643] (last bin = unknown)
Uploading logs from: /mnt/data/home/tp2474/OpenSet-AdaTime/experiments_logs/curriculum/MHEALTH to RealWorld_UniDA_hard_n4_fno_mean/UniJDOT_UniDA_hard_n4_fno_mean/MHEALTH_to_RealWorld_run_0
🏃 View run UniJDOT_run_0 at: http://127.0.0.1:5001/#/experiments/794510956309761169/runs/cd2fe93baad7419e9e3ea71ddbe71293
🧪 View experiment at: http://127.0.0.1:5001/#/experiments/794510956309761169
=============================================
Dataset: MHEALTH to RealWorld_UniDA_hard_n4_fno_mean
Method:  UniJDOT
=============================================
Source: MHEALTH ---> Target: RealWorld
Run ID: 1
=============================================
[Pr Epoch : 1/20]
Pr_Src_cls_loss	: 0.5239
-------------------------------------
[Pr Epoch : 2/20]
Pr_Src_cls_loss	: 0.2746
-------------------------------------
[Pr Epoch : 3/20]
Pr_Src_cls_loss	: 0.1923
-------------------------------------
[Pr Epoch : 4/20]
Pr_Src_cls_loss	: 0.1464
-------------------------------------
[Pr Epoch : 5/20]
Pr_Src_cls_loss	: 0.1196
-------------------------------------
[Pr Epoch : 6/20]
Pr_Src_cls_loss	: 0.1069
-------------------------------------
[Pr Epoch : 7/20]
Pr_Src_cls_loss	: 0.0977
-------------------------------------
[Pr Epoch : 8/20]
Pr_Src_cls_loss	: 0.0885
-------------------------------------
[Pr Epoch : 9/20]
Pr_Src_cls_loss	: 0.0804
-------------------------------------
[Pr Epoch : 10/20]
Pr_Src_cls_loss	: 0.0730
-------------------------------------
[Pr Epoch : 11/20]
Pr_Src_cls_loss	: 0.0674
-------------------------------------
[Pr Epoch : 12/20]
Pr_Src_cls_loss	: 0.0636
-------------------------------------
[Pr Epoch : 13/20]
Pr_Src_cls_loss	: 0.0594
-------------------------------------
[Pr Epoch : 14/20]
Pr_Src_cls_loss	: 0.0556
-------------------------------------
[Pr Epoch : 15/20]
Pr_Src_cls_loss	: 0.0519
-------------------------------------
[Pr Epoch : 16/20]
Pr_Src_cls_loss	: 0.0487
-------------------------------------
[Pr Epoch : 17/20]
Pr_Src_cls_loss	: 0.0460
-------------------------------------
[Pr Epoch : 18/20]
Pr_Src_cls_loss	: 0.0435
-------------------------------------
[Pr Epoch : 19/20]
Pr_Src_cls_loss	: 0.0413
-------------------------------------
[Pr Epoch : 20/20]
Pr_Src_cls_loss	: 0.0392
-------------------------------------
/mnt/data/home/tp2474/OpenSet-AdaTime/algorithms/algorithms.py:1865: UserWarning: Implicit dimension choice for softmax has been deprecated. Change the call to include dim=X as an argument.
  trg_soft_cen = torch.nn.functional.softmax(after_lincls_cen).double()
[Epoch : 1/20]
Pr_Src_cls_loss	: 0.0392
Total_loss	: 0.0665
loss_cls	: 0.0052
loss_align	: 0.0613
-------------------------------------
[Epoch : 2/20]
Pr_Src_cls_loss	: 0.0392
Total_loss	: 0.0634
loss_cls	: 0.0056
loss_align	: 0.0578
-------------------------------------
[Epoch : 3/20]
Pr_Src_cls_loss	: 0.0392
Total_loss	: 0.0689
loss_cls	: 0.0058
loss_align	: 0.0631
-------------------------------------
[Epoch : 4/20]
Pr_Src_cls_loss	: 0.0392
Total_loss	: 0.0707
loss_cls	: 0.0054
loss_align	: 0.0654
-------------------------------------
[Epoch : 5/20]
Pr_Src_cls_loss	: 0.0392
Total_loss	: 0.0713
loss_cls	: 0.0050
loss_align	: 0.0664
-------------------------------------
[Epoch : 6/20]
Pr_Src_cls_loss	: 0.0392
Total_loss	: 0.0718
loss_cls	: 0.0045
loss_align	: 0.0672
-------------------------------------
[Epoch : 7/20]
Pr_Src_cls_loss	: 0.0392
Total_loss	: 0.0719
loss_cls	: 0.0043
loss_align	: 0.0676
-------------------------------------
[Epoch : 8/20]
Pr_Src_cls_loss	: 0.0392
Total_loss	: 0.0718
loss_cls	: 0.0040
loss_align	: 0.0678
-------------------------------------
[Epoch : 9/20]
Pr_Src_cls_loss	: 0.0392
Total_loss	: 0.0714
loss_cls	: 0.0036
loss_align	: 0.0677
Src_cls_loss	: 0.0000
-------------------------------------
[Epoch : 10/20]
Pr_Src_cls_loss	: 0.0392
Total_loss	: 0.0709
loss_cls	: 0.0034
loss_align	: 0.0674
Src_cls_loss	: 0.0000
-------------------------------------
[Epoch : 11/20]
Pr_Src_cls_loss	: 0.0392
Total_loss	: 0.0703
loss_cls	: 0.0033
loss_align	: 0.0670
Src_cls_loss	: 0.0000
-------------------------------------
[Epoch : 12/20]
Pr_Src_cls_loss	: 0.0392
Total_loss	: 0.0701
loss_cls	: 0.0036
loss_align	: 0.0665
Src_cls_loss	: 0.0000
-------------------------------------
[Epoch : 13/20]
Pr_Src_cls_loss	: 0.0392
Total_loss	: 0.0692
loss_cls	: 0.0034
loss_align	: 0.0657
Src_cls_loss	: 0.0000
-------------------------------------
[Epoch : 14/20]
Pr_Src_cls_loss	: 0.0392
Total_loss	: 0.0682
loss_cls	: 0.0033
loss_align	: 0.0649
Src_cls_loss	: 0.0000
-------------------------------------
[Epoch : 15/20]
Pr_Src_cls_loss	: 0.0392
Total_loss	: 0.0675
loss_cls	: 0.0034
loss_align	: 0.0641
Src_cls_loss	: 0.0000
-------------------------------------
[Epoch : 16/20]
Pr_Src_cls_loss	: 0.0392
Total_loss	: 0.0672
loss_cls	: 0.0037
loss_align	: 0.0634
Src_cls_loss	: 0.0000
-------------------------------------
[Epoch : 17/20]
Pr_Src_cls_loss	: 0.0392
Total_loss	: 0.0665
loss_cls	: 0.0038
loss_align	: 0.0627
Src_cls_loss	: 0.0000
-------------------------------------
[Epoch : 18/20]
Pr_Src_cls_loss	: 0.0392
Total_loss	: 0.0659
loss_cls	: 0.0039
loss_align	: 0.0620
Src_cls_loss	: 0.0000
-------------------------------------
[Epoch : 19/20]
Pr_Src_cls_loss	: 0.0392
Total_loss	: 0.0653
loss_cls	: 0.0040
loss_align	: 0.0613
Src_cls_loss	: 0.0000
-------------------------------------
[Epoch : 20/20]
Pr_Src_cls_loss	: 0.0392
Total_loss	: 0.0648
loss_cls	: 0.0040
loss_align	: 0.0608
Src_cls_loss	: 0.0000
-------------------------------------

[UniJDOT Debug] final_threshold = 0.2352 conf mean=0.2739 std=0.1680 reject=56.25%
[UniJDOT Eval ALL] n=41859 threshold=0.2352
[UniJDOT Eval ALL] conf: min=0.1277 max=0.6582 mean=0.2856 std=0.1718
[UniJDOT Eval ALL] rejected: 54.59%
[UniJDOT Eval ALL] pred class dist (pre-reject): [495, 350, 0, 20851, 3887, 5005, 5808, 5463]
[UniJDOT Eval ALL] true label dist: [0, 0, 0, 0, 6433, 6894, 6422, 6467, 15643] (last bin = unknown)
H_score: 0.3397, OS* (acc_c): 0.2154, UNK (acc_p): 0.8036, acc_mix: 0.4352, F1: 0.4038
[UniJDOT Eval ALL] n=41859 threshold=0.2352
[UniJDOT Eval ALL] conf: min=0.1277 max=0.6582 mean=0.2856 std=0.1718
[UniJDOT Eval ALL] rejected: 54.59%
[UniJDOT Eval ALL] pred class dist (pre-reject): [495, 350, 0, 20851, 3887, 5005, 5808, 5463]
[UniJDOT Eval ALL] true label dist: [0, 0, 0, 0, 6433, 6894, 6422, 6467, 15643] (last bin = unknown)
Uploading logs from: /mnt/data/home/tp2474/OpenSet-AdaTime/experiments_logs/curriculum/MHEALTH to RealWorld_UniDA_hard_n4_fno_mean/UniJDOT_UniDA_hard_n4_fno_mean/MHEALTH_to_RealWorld_run_1
🏃 View run UniJDOT_run_1 at: http://127.0.0.1:5001/#/experiments/794510956309761169/runs/d4c0bb8fb1fe4c42826109336b1ee6e3
🧪 View experiment at: http://127.0.0.1:5001/#/experiments/794510956309761169
=============================================
Dataset: MHEALTH to RealWorld_UniDA_hard_n4_fno_mean
Method:  UniJDOT
=============================================
Source: MHEALTH ---> Target: RealWorld
Run ID: 2
=============================================
[Pr Epoch : 1/20]
Pr_Src_cls_loss	: 0.3961
-------------------------------------
[Pr Epoch : 2/20]
Pr_Src_cls_loss	: 0.2193
-------------------------------------
[Pr Epoch : 3/20]
Pr_Src_cls_loss	: 0.1540
-------------------------------------
[Pr Epoch : 4/20]
Pr_Src_cls_loss	: 0.1183
-------------------------------------
[Pr Epoch : 5/20]
Pr_Src_cls_loss	: 0.1012
-------------------------------------
[Pr Epoch : 6/20]
Pr_Src_cls_loss	: 0.0864
-------------------------------------
[Pr Epoch : 7/20]
Pr_Src_cls_loss	: 0.0767
-------------------------------------
[Pr Epoch : 8/20]
Pr_Src_cls_loss	: 0.0718
-------------------------------------
[Pr Epoch : 9/20]
Pr_Src_cls_loss	: 0.0665
-------------------------------------
[Pr Epoch : 10/20]
Pr_Src_cls_loss	: 0.0615
-------------------------------------
[Pr Epoch : 11/20]
Pr_Src_cls_loss	: 0.0572
-------------------------------------
[Pr Epoch : 12/20]
Pr_Src_cls_loss	: 0.0531
-------------------------------------
[Pr Epoch : 13/20]
Pr_Src_cls_loss	: 0.0492
-------------------------------------
[Pr Epoch : 14/20]
Pr_Src_cls_loss	: 0.0457
-------------------------------------
[Pr Epoch : 15/20]
Pr_Src_cls_loss	: 0.0427
-------------------------------------
[Pr Epoch : 16/20]
Pr_Src_cls_loss	: 0.0400
-------------------------------------
[Pr Epoch : 17/20]
Pr_Src_cls_loss	: 0.0377
-------------------------------------
[Pr Epoch : 18/20]
Pr_Src_cls_loss	: 0.0356
-------------------------------------
[Pr Epoch : 19/20]
Pr_Src_cls_loss	: 0.0339
-------------------------------------
[Pr Epoch : 20/20]
Pr_Src_cls_loss	: 0.0322
-------------------------------------
/mnt/data/home/tp2474/OpenSet-AdaTime/algorithms/algorithms.py:1865: UserWarning: Implicit dimension choice for softmax has been deprecated. Change the call to include dim=X as an argument.
  trg_soft_cen = torch.nn.functional.softmax(after_lincls_cen).double()
[Epoch : 1/20]
Pr_Src_cls_loss	: 0.0322
Total_loss	: 0.0850
loss_cls	: 0.0173
loss_align	: 0.0677
-------------------------------------
[Epoch : 2/20]
Pr_Src_cls_loss	: 0.0322
Total_loss	: 0.0714
loss_cls	: 0.0102
loss_align	: 0.0613
-------------------------------------
[Epoch : 3/20]
Pr_Src_cls_loss	: 0.0322
Total_loss	: 0.0631
loss_cls	: 0.0077
loss_align	: 0.0554
-------------------------------------
[Epoch : 4/20]
Pr_Src_cls_loss	: 0.0322
Total_loss	: 0.0587
loss_cls	: 0.0079
loss_align	: 0.0508
-------------------------------------
[Epoch : 5/20]
Pr_Src_cls_loss	: 0.0322
Total_loss	: 0.0562
loss_cls	: 0.0071
loss_align	: 0.0491
-------------------------------------
[Epoch : 6/20]
Pr_Src_cls_loss	: 0.0322
Total_loss	: 0.0585
loss_cls	: 0.0065
loss_align	: 0.0519
-------------------------------------
[Epoch : 7/20]
Pr_Src_cls_loss	: 0.0322
Total_loss	: 0.0607
loss_cls	: 0.0060
loss_align	: 0.0547
-------------------------------------
[Epoch : 8/20]
Pr_Src_cls_loss	: 0.0322
Total_loss	: 0.0619
loss_cls	: 0.0055
loss_align	: 0.0564
-------------------------------------
[Epoch : 9/20]
Pr_Src_cls_loss	: 0.0322
Total_loss	: 0.0629
loss_cls	: 0.0051
loss_align	: 0.0578
Src_cls_loss	: 0.0000
-------------------------------------
[Epoch : 10/20]
Pr_Src_cls_loss	: 0.0322
Total_loss	: 0.0633
loss_cls	: 0.0047
loss_align	: 0.0586
Src_cls_loss	: 0.0000
-------------------------------------
[Epoch : 11/20]
Pr_Src_cls_loss	: 0.0322
Total_loss	: 0.0640
loss_cls	: 0.0047
loss_align	: 0.0593
Src_cls_loss	: 0.0000
-------------------------------------
[Epoch : 12/20]
Pr_Src_cls_loss	: 0.0322
Total_loss	: 0.0642
loss_cls	: 0.0046
loss_align	: 0.0596
Src_cls_loss	: 0.0000
-------------------------------------
[Epoch : 13/20]
Pr_Src_cls_loss	: 0.0322
Total_loss	: 0.0642
loss_cls	: 0.0047
loss_align	: 0.0596
Src_cls_loss	: 0.0000
-------------------------------------
[Epoch : 14/20]
Pr_Src_cls_loss	: 0.0322
Total_loss	: 0.0640
loss_cls	: 0.0045
loss_align	: 0.0595
Src_cls_loss	: 0.0000
-------------------------------------
[Epoch : 15/20]
Pr_Src_cls_loss	: 0.0322
Total_loss	: 0.0638
loss_cls	: 0.0045
loss_align	: 0.0593
Src_cls_loss	: 0.0000
-------------------------------------
[Epoch : 16/20]
Pr_Src_cls_loss	: 0.0322
Total_loss	: 0.0633
loss_cls	: 0.0044
loss_align	: 0.0590
Src_cls_loss	: 0.0000
-------------------------------------
[Epoch : 17/20]
Pr_Src_cls_loss	: 0.0322
Total_loss	: 0.0629
loss_cls	: 0.0043
loss_align	: 0.0586
Src_cls_loss	: 0.0000
-------------------------------------
[Epoch : 18/20]
Pr_Src_cls_loss	: 0.0322
Total_loss	: 0.0623
loss_cls	: 0.0042
loss_align	: 0.0581
Src_cls_loss	: 0.0000
-------------------------------------
[Epoch : 19/20]
Pr_Src_cls_loss	: 0.0322
Total_loss	: 0.0617
loss_cls	: 0.0041
loss_align	: 0.0576
Src_cls_loss	: 0.0000
-------------------------------------
[Epoch : 20/20]
Pr_Src_cls_loss	: 0.0322
Total_loss	: 0.0612
loss_cls	: 0.0041
loss_align	: 0.0571
Src_cls_loss	: 0.0000
-------------------------------------

[UniJDOT Debug] final_threshold = 0.1275 conf mean=0.2694 std=0.1789 reject=57.81%
[UniJDOT Eval ALL] n=41859 threshold=0.1275
[UniJDOT Eval ALL] conf: min=0.1264 max=0.5186 mean=0.2813 std=0.1740
[UniJDOT Eval ALL] rejected: 52.53%
[UniJDOT Eval ALL] pred class dist (pre-reject): [67, 5349, 2787, 44, 6953, 443, 7084, 19132]
[UniJDOT Eval ALL] true label dist: [0, 0, 0, 0, 6433, 6894, 6422, 6467, 15643] (last bin = unknown)
H_score: 0.4851, OS* (acc_c): 0.3988, UNK (acc_p): 0.6190, acc_mix: 0.4811, F1: 0.4374
[UniJDOT Eval ALL] n=41859 threshold=0.1275
[UniJDOT Eval ALL] conf: min=0.1264 max=0.5186 mean=0.2813 std=0.1740
[UniJDOT Eval ALL] rejected: 52.53%
[UniJDOT Eval ALL] pred class dist (pre-reject): [67, 5349, 2787, 44, 6953, 443, 7084, 19132]
[UniJDOT Eval ALL] true label dist: [0, 0, 0, 0, 6433, 6894, 6422, 6467, 15643] (last bin = unknown)
Uploading logs from: /mnt/data/home/tp2474/OpenSet-AdaTime/experiments_logs/curriculum/MHEALTH to RealWorld_UniDA_hard_n4_fno_mean/UniJDOT_UniDA_hard_n4_fno_mean/MHEALTH_to_RealWorld_run_2
🏃 View run UniJDOT_run_2 at: http://127.0.0.1:5001/#/experiments/794510956309761169/runs/e08b41a0178546eb9f1f8d0fc3f1caa9
🧪 View experiment at: http://127.0.0.1:5001/#/experiments/794510956309761169
=============================================
Dataset: MHEALTH to RealWorld_UniDA_hard_n4_fno_mean
Method:  UniJDOT
=============================================
Source: MHEALTH ---> Target: RealWorld
Run ID: 3
=============================================
[Pr Epoch : 1/20]
Pr_Src_cls_loss	: 0.5972
-------------------------------------
[Pr Epoch : 2/20]
Pr_Src_cls_loss	: 0.3220
-------------------------------------
[Pr Epoch : 3/20]
Pr_Src_cls_loss	: 0.2255
-------------------------------------
[Pr Epoch : 4/20]
Pr_Src_cls_loss	: 0.1700
-------------------------------------
[Pr Epoch : 5/20]
Pr_Src_cls_loss	: 0.1365
-------------------------------------
[Pr Epoch : 6/20]
Pr_Src_cls_loss	: 0.1138
-------------------------------------
[Pr Epoch : 7/20]
Pr_Src_cls_loss	: 0.0977
-------------------------------------
[Pr Epoch : 8/20]
Pr_Src_cls_loss	: 0.0856
-------------------------------------
[Pr Epoch : 9/20]
Pr_Src_cls_loss	: 0.0778
-------------------------------------
[Pr Epoch : 10/20]
Pr_Src_cls_loss	: 0.0732
-------------------------------------
[Pr Epoch : 11/20]
Pr_Src_cls_loss	: 0.0755
-------------------------------------
[Pr Epoch : 12/20]
Pr_Src_cls_loss	: 0.0703
-------------------------------------
[Pr Epoch : 13/20]
Pr_Src_cls_loss	: 0.0655
-------------------------------------
[Pr Epoch : 14/20]
Pr_Src_cls_loss	: 0.0612
-------------------------------------
[Pr Epoch : 15/20]
Pr_Src_cls_loss	: 0.0572
-------------------------------------
[Pr Epoch : 16/20]
Pr_Src_cls_loss	: 0.0536
-------------------------------------
[Pr Epoch : 17/20]
Pr_Src_cls_loss	: 0.0505
-------------------------------------
[Pr Epoch : 18/20]
Pr_Src_cls_loss	: 0.0477
-------------------------------------
[Pr Epoch : 19/20]
Pr_Src_cls_loss	: 0.0452
-------------------------------------
[Pr Epoch : 20/20]
Pr_Src_cls_loss	: 0.0429
-------------------------------------
/mnt/data/home/tp2474/OpenSet-AdaTime/algorithms/algorithms.py:1865: UserWarning: Implicit dimension choice for softmax has been deprecated. Change the call to include dim=X as an argument.
  trg_soft_cen = torch.nn.functional.softmax(after_lincls_cen).double()
[Epoch : 1/20]
Pr_Src_cls_loss	: 0.0429
Total_loss	: 0.0640
loss_cls	: 0.0076
loss_align	: 0.0564
-------------------------------------
[Epoch : 2/20]
Pr_Src_cls_loss	: 0.0429
Total_loss	: 0.0581
loss_cls	: 0.0056
loss_align	: 0.0526
-------------------------------------
[Epoch : 3/20]
Pr_Src_cls_loss	: 0.0429
Total_loss	: 0.0562
loss_cls	: 0.0050
loss_align	: 0.0512
-------------------------------------
[Epoch : 4/20]
Pr_Src_cls_loss	: 0.0429
Total_loss	: 0.0569
loss_cls	: 0.0043
loss_align	: 0.0526
-------------------------------------
[Epoch : 5/20]
Pr_Src_cls_loss	: 0.0429
Total_loss	: 0.0593
loss_cls	: 0.0038
loss_align	: 0.0555
-------------------------------------
[Epoch : 6/20]
Pr_Src_cls_loss	: 0.0429
Total_loss	: 0.0631
loss_cls	: 0.0034
loss_align	: 0.0597
-------------------------------------
[Epoch : 7/20]
Pr_Src_cls_loss	: 0.0429
Total_loss	: 0.0660
loss_cls	: 0.0034
loss_align	: 0.0625
-------------------------------------
[Epoch : 8/20]
Pr_Src_cls_loss	: 0.0429
Total_loss	: 0.0671
loss_cls	: 0.0032
loss_align	: 0.0639
-------------------------------------
[Epoch : 9/20]
Pr_Src_cls_loss	: 0.0429
Total_loss	: 0.0678
loss_cls	: 0.0029
loss_align	: 0.0649
Src_cls_loss	: 0.0000
-------------------------------------
[Epoch : 10/20]
Pr_Src_cls_loss	: 0.0429
Total_loss	: 0.0680
loss_cls	: 0.0028
loss_align	: 0.0653
Src_cls_loss	: 0.0000
-------------------------------------
[Epoch : 11/20]
Pr_Src_cls_loss	: 0.0429
Total_loss	: 0.0681
loss_cls	: 0.0027
loss_align	: 0.0654
Src_cls_loss	: 0.0000
-------------------------------------
[Epoch : 12/20]
Pr_Src_cls_loss	: 0.0429
Total_loss	: 0.0679
loss_cls	: 0.0027
loss_align	: 0.0652
Src_cls_loss	: 0.0000
-------------------------------------
[Epoch : 13/20]
Pr_Src_cls_loss	: 0.0429
Total_loss	: 0.0685
loss_cls	: 0.0033
loss_align	: 0.0653
Src_cls_loss	: 0.0000
-------------------------------------
[Epoch : 14/20]
Pr_Src_cls_loss	: 0.0429
Total_loss	: 0.0686
loss_cls	: 0.0033
loss_align	: 0.0652
Src_cls_loss	: 0.0000
-------------------------------------
[Epoch : 15/20]
Pr_Src_cls_loss	: 0.0429
Total_loss	: 0.0681
loss_cls	: 0.0031
loss_align	: 0.0649
Src_cls_loss	: 0.0000
-------------------------------------
[Epoch : 16/20]
Pr_Src_cls_loss	: 0.0429
Total_loss	: 0.0675
loss_cls	: 0.0030
loss_align	: 0.0645
Src_cls_loss	: 0.0000
-------------------------------------
[Epoch : 17/20]
Pr_Src_cls_loss	: 0.0429
Total_loss	: 0.0670
loss_cls	: 0.0029
loss_align	: 0.0641
Src_cls_loss	: 0.0000
-------------------------------------
[Epoch : 18/20]
Pr_Src_cls_loss	: 0.0429
Total_loss	: 0.0666
loss_cls	: 0.0027
loss_align	: 0.0638
Src_cls_loss	: 0.0000
-------------------------------------
[Epoch : 19/20]
Pr_Src_cls_loss	: 0.0429
Total_loss	: 0.0660
loss_cls	: 0.0026
loss_align	: 0.0634
Src_cls_loss	: 0.0000
-------------------------------------
[Epoch : 20/20]
Pr_Src_cls_loss	: 0.0429
Total_loss	: 0.0657
loss_cls	: 0.0027
loss_align	: 0.0630
Src_cls_loss	: 0.0000
-------------------------------------

[UniJDOT Debug] final_threshold = 0.1265 conf mean=0.2684 std=0.1887 reject=60.94%
[UniJDOT Eval ALL] n=41859 threshold=0.1265
[UniJDOT Eval ALL] conf: min=0.1255 max=0.8075 mean=0.2977 std=0.1931
[UniJDOT Eval ALL] rejected: 51.65%
[UniJDOT Eval ALL] pred class dist (pre-reject): [742, 7751, 2, 1711, 111, 6072, 25445, 25]
[UniJDOT Eval ALL] true label dist: [0, 0, 0, 0, 6433, 6894, 6422, 6467, 15643] (last bin = unknown)
H_score: 0.4289, OS* (acc_c): 0.3013, UNK (acc_p): 0.7438, acc_mix: 0.4667, F1: 0.4345
[UniJDOT Eval ALL] n=41859 threshold=0.1265
[UniJDOT Eval ALL] conf: min=0.1255 max=0.8075 mean=0.2977 std=0.1931
[UniJDOT Eval ALL] rejected: 51.65%
[UniJDOT Eval ALL] pred class dist (pre-reject): [742, 7751, 2, 1711, 111, 6072, 25445, 25]
[UniJDOT Eval ALL] true label dist: [0, 0, 0, 0, 6433, 6894, 6422, 6467, 15643] (last bin = unknown)
Uploading logs from: /mnt/data/home/tp2474/OpenSet-AdaTime/experiments_logs/curriculum/MHEALTH to RealWorld_UniDA_hard_n4_fno_mean/UniJDOT_UniDA_hard_n4_fno_mean/MHEALTH_to_RealWorld_run_3
🏃 View run UniJDOT_run_3 at: http://127.0.0.1:5001/#/experiments/794510956309761169/runs/0842cc01e69f4df68fe1380ede96c2ca
🧪 View experiment at: http://127.0.0.1:5001/#/experiments/794510956309761169
=============================================
Dataset: MHEALTH to RealWorld_UniDA_hard_n4_fno_mean
Method:  UniJDOT
=============================================
Source: MHEALTH ---> Target: RealWorld
Run ID: 4
=============================================
[Pr Epoch : 1/20]
Pr_Src_cls_loss	: 0.3816
-------------------------------------
[Pr Epoch : 2/20]
Pr_Src_cls_loss	: 0.2071
-------------------------------------
[Pr Epoch : 3/20]
Pr_Src_cls_loss	: 0.1399
-------------------------------------
[Pr Epoch : 4/20]
Pr_Src_cls_loss	: 0.1073
-------------------------------------
[Pr Epoch : 5/20]
Pr_Src_cls_loss	: 0.0946
-------------------------------------
[Pr Epoch : 6/20]
Pr_Src_cls_loss	: 0.0813
-------------------------------------
[Pr Epoch : 7/20]
Pr_Src_cls_loss	: 0.0762
-------------------------------------
[Pr Epoch : 8/20]
Pr_Src_cls_loss	: 0.0680
-------------------------------------
[Pr Epoch : 9/20]
Pr_Src_cls_loss	: 0.0609
-------------------------------------
[Pr Epoch : 10/20]
Pr_Src_cls_loss	: 0.0549
-------------------------------------
[Pr Epoch : 11/20]
Pr_Src_cls_loss	: 0.0506
-------------------------------------
[Pr Epoch : 12/20]
Pr_Src_cls_loss	: 0.0466
-------------------------------------
[Pr Epoch : 13/20]
Pr_Src_cls_loss	: 0.0431
-------------------------------------
[Pr Epoch : 14/20]
Pr_Src_cls_loss	: 0.0401
-------------------------------------
[Pr Epoch : 15/20]
Pr_Src_cls_loss	: 0.0374
-------------------------------------
[Pr Epoch : 16/20]
Pr_Src_cls_loss	: 0.0351
-------------------------------------
[Pr Epoch : 17/20]
Pr_Src_cls_loss	: 0.0343
-------------------------------------
[Pr Epoch : 18/20]
Pr_Src_cls_loss	: 0.0354
-------------------------------------
[Pr Epoch : 19/20]
Pr_Src_cls_loss	: 0.0346
-------------------------------------
[Pr Epoch : 20/20]
Pr_Src_cls_loss	: 0.0338
-------------------------------------
/mnt/data/home/tp2474/OpenSet-AdaTime/algorithms/algorithms.py:1865: UserWarning: Implicit dimension choice for softmax has been deprecated. Change the call to include dim=X as an argument.
  trg_soft_cen = torch.nn.functional.softmax(after_lincls_cen).double()
[Epoch : 1/20]
Pr_Src_cls_loss	: 0.0338
Total_loss	: 0.0688
loss_cls	: 0.0091
loss_align	: 0.0597
-------------------------------------
[Epoch : 2/20]
Pr_Src_cls_loss	: 0.0338
Total_loss	: 0.0625
loss_cls	: 0.0084
loss_align	: 0.0541
-------------------------------------
[Epoch : 3/20]
Pr_Src_cls_loss	: 0.0338
Total_loss	: 0.0578
loss_cls	: 0.0066
loss_align	: 0.0512
-------------------------------------
[Epoch : 4/20]
Pr_Src_cls_loss	: 0.0338
Total_loss	: 0.0620
loss_cls	: 0.0063
loss_align	: 0.0558
-------------------------------------
[Epoch : 5/20]
Pr_Src_cls_loss	: 0.0338
Total_loss	: 0.0656
loss_cls	: 0.0061
loss_align	: 0.0595
-------------------------------------
[Epoch : 6/20]
Pr_Src_cls_loss	: 0.0338
Total_loss	: 0.0671
loss_cls	: 0.0056
loss_align	: 0.0615
-------------------------------------
[Epoch : 7/20]
Pr_Src_cls_loss	: 0.0338
Total_loss	: 0.0673
loss_cls	: 0.0052
loss_align	: 0.0621
-------------------------------------
[Epoch : 8/20]
Pr_Src_cls_loss	: 0.0338
Total_loss	: 0.0684
loss_cls	: 0.0056
loss_align	: 0.0627
-------------------------------------
[Epoch : 9/20]
Pr_Src_cls_loss	: 0.0338
Total_loss	: 0.0688
loss_cls	: 0.0057
loss_align	: 0.0630
Src_cls_loss	: 0.0000
-------------------------------------
[Epoch : 10/20]
Pr_Src_cls_loss	: 0.0338
Total_loss	: 0.0686
loss_cls	: 0.0053
loss_align	: 0.0633
Src_cls_loss	: 0.0000
-------------------------------------
[Epoch : 11/20]
Pr_Src_cls_loss	: 0.0338
Total_loss	: 0.0683
loss_cls	: 0.0050
loss_align	: 0.0634
Src_cls_loss	: 0.0000
-------------------------------------
[Epoch : 12/20]
Pr_Src_cls_loss	: 0.0338
Total_loss	: 0.0683
loss_cls	: 0.0049
loss_align	: 0.0634
Src_cls_loss	: 0.0000
-------------------------------------
[Epoch : 13/20]
Pr_Src_cls_loss	: 0.0338
Total_loss	: 0.0678
loss_cls	: 0.0046
loss_align	: 0.0631
Src_cls_loss	: 0.0000
-------------------------------------
[Epoch : 14/20]
Pr_Src_cls_loss	: 0.0338
Total_loss	: 0.0673
loss_cls	: 0.0046
loss_align	: 0.0627
Src_cls_loss	: 0.0000
-------------------------------------
[Epoch : 15/20]
Pr_Src_cls_loss	: 0.0338
Total_loss	: 0.0665
loss_cls	: 0.0043
loss_align	: 0.0622
Src_cls_loss	: 0.0000
-------------------------------------
[Epoch : 16/20]
Pr_Src_cls_loss	: 0.0338
Total_loss	: 0.0658
loss_cls	: 0.0041
loss_align	: 0.0617
Src_cls_loss	: 0.0000
-------------------------------------
[Epoch : 17/20]
Pr_Src_cls_loss	: 0.0338
Total_loss	: 0.0652
loss_cls	: 0.0040
loss_align	: 0.0613
Src_cls_loss	: 0.0000
-------------------------------------
[Epoch : 18/20]
Pr_Src_cls_loss	: 0.0338
Total_loss	: 0.0649
loss_cls	: 0.0039
loss_align	: 0.0610
Src_cls_loss	: 0.0000
-------------------------------------
[Epoch : 19/20]
Pr_Src_cls_loss	: 0.0338
Total_loss	: 0.0646
loss_cls	: 0.0039
loss_align	: 0.0607
Src_cls_loss	: 0.0000
-------------------------------------
[Epoch : 20/20]
Pr_Src_cls_loss	: 0.0338
Total_loss	: 0.0641
loss_cls	: 0.0037
loss_align	: 0.0604
Src_cls_loss	: 0.0000
-------------------------------------

[UniJDOT Debug] final_threshold = 0.1275 conf mean=0.2673 std=0.1923 reject=57.81%
[UniJDOT Eval ALL] n=41859 threshold=0.1275
[UniJDOT Eval ALL] conf: min=0.1262 max=0.6695 mean=0.2812 std=0.1924
[UniJDOT Eval ALL] rejected: 53.91%
[UniJDOT Eval ALL] pred class dist (pre-reject): [1427, 295, 32, 50, 26105, 4787, 8692, 471]
[UniJDOT Eval ALL] true label dist: [0, 0, 0, 0, 6433, 6894, 6422, 6467, 15643] (last bin = unknown)
H_score: 0.4144, OS* (acc_c): 0.2942, UNK (acc_p): 0.7004, acc_mix: 0.4460, F1: 0.3990
[UniJDOT Eval ALL] n=41859 threshold=0.1275
[UniJDOT Eval ALL] conf: min=0.1262 max=0.6695 mean=0.2812 std=0.1924
[UniJDOT Eval ALL] rejected: 53.91%
[UniJDOT Eval ALL] pred class dist (pre-reject): [1427, 295, 32, 50, 26105, 4787, 8692, 471]
[UniJDOT Eval ALL] true label dist: [0, 0, 0, 0, 6433, 6894, 6422, 6467, 15643] (last bin = unknown)
Uploading logs from: /mnt/data/home/tp2474/OpenSet-AdaTime/experiments_logs/curriculum/MHEALTH to RealWorld_UniDA_hard_n4_fno_mean/UniJDOT_UniDA_hard_n4_fno_mean/MHEALTH_to_RealWorld_run_4
🏃 View run UniJDOT_run_4 at: http://127.0.0.1:5001/#/experiments/794510956309761169/runs/bdabbf1a982c49e9aba8230ac4d4fb69
🧪 View experiment at: http://127.0.0.1:5001/#/experiments/794510956309761169
==================== [n4 fno_mean] done ====================
run_curriculum_mhealth_realworld_mean.sh: line 26: o: command not found
