==================== [n1 fno_mean] RAINCOAT ====================
[curriculum] scenario=UniDA  strategy=hard  n_unknown=1  rank_variant=fno_mean
[curriculum] source mapping (5 classes): {'lying': 'lying', 'sitting': 'sitting', 'walking': 'walking', 'running': 'running', 'climbingup': 'climbingup'}
[curriculum] target mapping (5 classes): {'lying': 'lying', 'sitting': 'sitting', 'walking': 'walking', 'running': 'running', 'other (transient activities)': 'other (transient activities)'}
[curriculum] unknowns added (in hard order): src=[climbingup] | trg=[other (transient activities)]
[scenario] RAINCOAT -> UniDA (uniDA=True)
Unlabeled data shape:  (10947, 150, 18)
Unlabelled Combined shape: (18238, 150, 18)

--- Dataloader Size Check ---
Source Train batches:   344
Target Train batches:   171
-------------------------------

Private classes:  tensor([5.])
=============================================
Dataset: RealWorld to Pamap2_UniDA_hard_n1_fno_mean
Method:  RAINCOAT
=============================================
Source: RealWorld ---> Target: Pamap2
Run ID: 0
=============================================
[Align Epoch : 1/20]
Src_cls_loss	: 0.4770
Sink	: 0.5549
Recon	: 23.1006
-------------------------------------
[Align Epoch : 2/20]
Src_cls_loss	: 0.3784
Sink	: 0.4642
Recon	: 22.9335
-------------------------------------
[Align Epoch : 3/20]
Src_cls_loss	: 0.3306
Sink	: 0.4000
Recon	: 22.7195
-------------------------------------
[Align Epoch : 4/20]
Src_cls_loss	: 0.2960
Sink	: 0.3506
Recon	: 22.4755
-------------------------------------
[Align Epoch : 5/20]
Src_cls_loss	: 0.2723
Sink	: 0.3116
Recon	: 22.2400
-------------------------------------
[Align Epoch : 6/20]
Src_cls_loss	: 0.2531
Sink	: 0.2817
Recon	: 22.0219
-------------------------------------
[Align Epoch : 7/20]
Src_cls_loss	: 0.2382
Sink	: 0.2585
Recon	: 21.8330
-------------------------------------
[Align Epoch : 8/20]
Src_cls_loss	: 0.2257
Sink	: 0.2417
Recon	: 21.6427
-------------------------------------
[Align Epoch : 9/20]
Src_cls_loss	: 0.2151
Sink	: 0.2296
Recon	: 21.4738
-------------------------------------
[Align Epoch : 10/20]
Src_cls_loss	: 0.2063
Sink	: 0.2214
Recon	: 21.2972
-------------------------------------
[Align Epoch : 11/20]
Src_cls_loss	: 0.1985
Sink	: 0.2157
Recon	: 21.1282
-------------------------------------
[Align Epoch : 12/20]
Src_cls_loss	: 0.1914
Sink	: 0.2118
Recon	: 20.9633
-------------------------------------
[Align Epoch : 13/20]
Src_cls_loss	: 0.1852
Sink	: 0.2093
Recon	: 20.8079
-------------------------------------
[Align Epoch : 14/20]
Src_cls_loss	: 0.1800
Sink	: 0.2082
Recon	: 20.6505
-------------------------------------
[Align Epoch : 15/20]
Src_cls_loss	: 0.1749
Sink	: 0.2081
Recon	: 20.5003
-------------------------------------
[Align Epoch : 16/20]
Src_cls_loss	: 0.1700
Sink	: 0.2089
Recon	: 20.3546
-------------------------------------
[Align Epoch : 17/20]
Src_cls_loss	: 0.1656
Sink	: 0.2108
Recon	: 20.2126
-------------------------------------
[Align Epoch : 18/20]
Src_cls_loss	: 0.1614
Sink	: 0.2135
Recon	: 20.0713
-------------------------------------
[Align Epoch : 19/20]
Src_cls_loss	: 0.1575
Sink	: 0.2169
Recon	: 19.9338
-------------------------------------
[Align Epoch : 20/20]
Src_cls_loss	: 0.1538
Sink	: 0.2206
Recon	: 19.8024
-------------------------------------
[Correct Epoch : 1/20]
Recon_correct	: 16.9344
-------------------------------------
[Correct Epoch : 2/20]
Recon_correct	: 16.8562
-------------------------------------
[Correct Epoch : 3/20]
Recon_correct	: 16.7206
-------------------------------------
[Correct Epoch : 4/20]
Recon_correct	: 16.6011
-------------------------------------
[Correct Epoch : 5/20]
Recon_correct	: 16.4851
-------------------------------------
[Correct Epoch : 6/20]
Recon_correct	: 16.3716
-------------------------------------
[Correct Epoch : 7/20]
Recon_correct	: 16.2612
-------------------------------------
[Correct Epoch : 8/20]
Recon_correct	: 16.1456
-------------------------------------
[Correct Epoch : 9/20]
Recon_correct	: 16.0326
-------------------------------------
[Correct Epoch : 10/20]
Recon_correct	: 15.9324
-------------------------------------
[Correct Epoch : 11/20]
Recon_correct	: 15.8395
-------------------------------------
[Correct Epoch : 12/20]
Recon_correct	: 15.7500
-------------------------------------
[Correct Epoch : 13/20]
Recon_correct	: 15.6622
-------------------------------------
[Correct Epoch : 14/20]
Recon_correct	: 15.5780
-------------------------------------
[Correct Epoch : 15/20]
Recon_correct	: 15.4931
-------------------------------------
[Correct Epoch : 16/20]
Recon_correct	: 15.4092
-------------------------------------
[Correct Epoch : 17/20]
Recon_correct	: 15.3284
-------------------------------------
[Correct Epoch : 18/20]
Recon_correct	: 15.2485
-------------------------------------
[Correct Epoch : 19/20]
Recon_correct	: 15.1702
-------------------------------------
[Correct Epoch : 20/20]
Recon_correct	: 15.0976
-------------------------------------
/mnt/data/home/tp2474/OpenSet-AdaTime/trainers/abstract_trainer.py:331: FutureWarning: The behavior of DataFrame concatenation with empty or all-NA entries is deprecated. In a future version, this will no longer exclude empty or all-NA columns when determining the result dtypes. To retain the old behavior, exclude the relevant entries before the concat operation.
  table = pd.concat([table, results_df], ignore_index=True)
H_score: 0.2305, OS* (acc_c): 0.2197, UNK (acc_p): 0.2424, acc_mix: 0.2325, F1: 0.2542
Uploading logs from: /mnt/data/home/tp2474/OpenSet-AdaTime/experiments_logs/curriculum/RealWorld to Pamap2_UniDA_hard_n1_fno_mean/RAINCOAT_UniDA_hard_n1_fno_mean/RealWorld_to_Pamap2_run_0
🏃 View run RAINCOAT_run_0 at: http://127.0.0.1:5001/#/experiments/575334350422004563/runs/ecda981a8f3344cc85e184dcb809cd0c
🧪 View experiment at: http://127.0.0.1:5001/#/experiments/575334350422004563
=============================================
Dataset: RealWorld to Pamap2_UniDA_hard_n1_fno_mean
Method:  RAINCOAT
=============================================
Source: RealWorld ---> Target: Pamap2
Run ID: 1
=============================================
[Align Epoch : 1/20]
Src_cls_loss	: 0.4371
Sink	: 0.6166
Recon	: 23.1865
-------------------------------------
[Align Epoch : 2/20]
Src_cls_loss	: 0.3357
Sink	: 0.5109
Recon	: 22.9532
-------------------------------------
[Align Epoch : 3/20]
Src_cls_loss	: 0.2913
Sink	: 0.4367
Recon	: 22.7159
-------------------------------------
[Align Epoch : 4/20]
Src_cls_loss	: 0.2652
Sink	: 0.3815
Recon	: 22.4931
-------------------------------------
[Align Epoch : 5/20]
Src_cls_loss	: 0.2446
Sink	: 0.3386
Recon	: 22.2769
-------------------------------------
[Align Epoch : 6/20]
Src_cls_loss	: 0.2295
Sink	: 0.3053
Recon	: 22.0746
-------------------------------------
[Align Epoch : 7/20]
Src_cls_loss	: 0.2165
Sink	: 0.2792
Recon	: 21.8865
-------------------------------------
[Align Epoch : 8/20]
Src_cls_loss	: 0.2071
Sink	: 0.2585
Recon	: 21.7174
-------------------------------------
[Align Epoch : 9/20]
Src_cls_loss	: 0.1987
Sink	: 0.2425
Recon	: 21.5485
-------------------------------------
[Align Epoch : 10/20]
Src_cls_loss	: 0.1911
Sink	: 0.2305
Recon	: 21.3871
-------------------------------------
[Align Epoch : 11/20]
Src_cls_loss	: 0.1844
Sink	: 0.2216
Recon	: 21.2356
-------------------------------------
[Align Epoch : 12/20]
Src_cls_loss	: 0.1792
Sink	: 0.2161
Recon	: 21.0846
-------------------------------------
[Align Epoch : 13/20]
Src_cls_loss	: 0.1745
Sink	: 0.2140
Recon	: 20.9304
-------------------------------------
[Align Epoch : 14/20]
Src_cls_loss	: 0.1699
Sink	: 0.2143
Recon	: 20.7723
-------------------------------------
[Align Epoch : 15/20]
Src_cls_loss	: 0.1655
Sink	: 0.2158
Recon	: 20.6112
-------------------------------------
[Align Epoch : 16/20]
Src_cls_loss	: 0.1610
Sink	: 0.2176
Recon	: 20.4527
-------------------------------------
[Align Epoch : 17/20]
Src_cls_loss	: 0.1572
Sink	: 0.2202
Recon	: 20.3015
-------------------------------------
[Align Epoch : 18/20]
Src_cls_loss	: 0.1536
Sink	: 0.2233
Recon	: 20.1521
-------------------------------------
[Align Epoch : 19/20]
Src_cls_loss	: 0.1499
Sink	: 0.2268
Recon	: 20.0100
-------------------------------------
[Align Epoch : 20/20]
Src_cls_loss	: 0.1465
Sink	: 0.2306
Recon	: 19.8704
-------------------------------------
[Correct Epoch : 1/20]
Recon_correct	: 16.9257
-------------------------------------
[Correct Epoch : 2/20]
Recon_correct	: 16.8097
-------------------------------------
[Correct Epoch : 3/20]
Recon_correct	: 16.6915
-------------------------------------
[Correct Epoch : 4/20]
Recon_correct	: 16.5752
-------------------------------------
[Correct Epoch : 5/20]
Recon_correct	: 16.4557
-------------------------------------
[Correct Epoch : 6/20]
Recon_correct	: 16.3407
-------------------------------------
[Correct Epoch : 7/20]
Recon_correct	: 16.2282
-------------------------------------
[Correct Epoch : 8/20]
Recon_correct	: 16.1228
-------------------------------------
[Correct Epoch : 9/20]
Recon_correct	: 16.0241
-------------------------------------
[Correct Epoch : 10/20]
Recon_correct	: 15.9259
-------------------------------------
[Correct Epoch : 11/20]
Recon_correct	: 15.8288
-------------------------------------
[Correct Epoch : 12/20]
Recon_correct	: 15.7386
-------------------------------------
[Correct Epoch : 13/20]
Recon_correct	: 15.6526
-------------------------------------
[Correct Epoch : 14/20]
Recon_correct	: 15.5680
-------------------------------------
[Correct Epoch : 15/20]
Recon_correct	: 15.4898
-------------------------------------
[Correct Epoch : 16/20]
Recon_correct	: 15.4130
-------------------------------------
[Correct Epoch : 17/20]
Recon_correct	: 15.3418
-------------------------------------
[Correct Epoch : 18/20]
Recon_correct	: 15.2706
-------------------------------------
[Correct Epoch : 19/20]
Recon_correct	: 15.2066
-------------------------------------
[Correct Epoch : 20/20]
Recon_correct	: 15.1402
-------------------------------------
H_score: 0.2891, OS* (acc_c): 0.3587, UNK (acc_p): 0.2422, acc_mix: 0.2929, F1: 0.2823
Uploading logs from: /mnt/data/home/tp2474/OpenSet-AdaTime/experiments_logs/curriculum/RealWorld to Pamap2_UniDA_hard_n1_fno_mean/RAINCOAT_UniDA_hard_n1_fno_mean/RealWorld_to_Pamap2_run_1
🏃 View run RAINCOAT_run_1 at: http://127.0.0.1:5001/#/experiments/575334350422004563/runs/e9d94c05c0b7452bbba224ecfed86bdc
🧪 View experiment at: http://127.0.0.1:5001/#/experiments/575334350422004563
=============================================
Dataset: RealWorld to Pamap2_UniDA_hard_n1_fno_mean
Method:  RAINCOAT
=============================================
Source: RealWorld ---> Target: Pamap2
Run ID: 2
=============================================
[Align Epoch : 1/20]
Src_cls_loss	: 0.4641
Sink	: 0.5917
Recon	: 23.1178
-------------------------------------
[Align Epoch : 2/20]
Src_cls_loss	: 0.3677
Sink	: 0.4886
Recon	: 22.9035
-------------------------------------
[Align Epoch : 3/20]
Src_cls_loss	: 0.3169
Sink	: 0.4160
Recon	: 22.6608
-------------------------------------
[Align Epoch : 4/20]
Src_cls_loss	: 0.2851
Sink	: 0.3619
Recon	: 22.4169
-------------------------------------
[Align Epoch : 5/20]
Src_cls_loss	: 0.2635
Sink	: 0.3214
Recon	: 22.1917
-------------------------------------
[Align Epoch : 6/20]
Src_cls_loss	: 0.2467
Sink	: 0.2908
Recon	: 21.9625
-------------------------------------
[Align Epoch : 7/20]
Src_cls_loss	: 0.2320
Sink	: 0.2667
Recon	: 21.7618
-------------------------------------
[Align Epoch : 8/20]
Src_cls_loss	: 0.2210
Sink	: 0.2478
Recon	: 21.5662
-------------------------------------
[Align Epoch : 9/20]
Src_cls_loss	: 0.2106
Sink	: 0.2333
Recon	: 21.3840
-------------------------------------
[Align Epoch : 10/20]
Src_cls_loss	: 0.2018
Sink	: 0.2228
Recon	: 21.2091
-------------------------------------
[Align Epoch : 11/20]
Src_cls_loss	: 0.1941
Sink	: 0.2156
Recon	: 21.0363
-------------------------------------
[Align Epoch : 12/20]
Src_cls_loss	: 0.1873
Sink	: 0.2109
Recon	: 20.8701
-------------------------------------
[Align Epoch : 13/20]
Src_cls_loss	: 0.1811
Sink	: 0.2090
Recon	: 20.7092
-------------------------------------
[Align Epoch : 14/20]
Src_cls_loss	: 0.1756
Sink	: 0.2094
Recon	: 20.5426
-------------------------------------
[Align Epoch : 15/20]
Src_cls_loss	: 0.1705
Sink	: 0.2117
Recon	: 20.3818
-------------------------------------
[Align Epoch : 16/20]
Src_cls_loss	: 0.1659
Sink	: 0.2148
Recon	: 20.2187
-------------------------------------
[Align Epoch : 17/20]
Src_cls_loss	: 0.1615
Sink	: 0.2186
Recon	: 20.0586
-------------------------------------
[Align Epoch : 18/20]
Src_cls_loss	: 0.1573
Sink	: 0.2229
Recon	: 19.9011
-------------------------------------
[Align Epoch : 19/20]
Src_cls_loss	: 0.1536
Sink	: 0.2275
Recon	: 19.7499
-------------------------------------
[Align Epoch : 20/20]
Src_cls_loss	: 0.1501
Sink	: 0.2321
Recon	: 19.6083
-------------------------------------
[Correct Epoch : 1/20]
Recon_correct	: 16.4954
-------------------------------------
[Correct Epoch : 2/20]
Recon_correct	: 16.3326
-------------------------------------
[Correct Epoch : 3/20]
Recon_correct	: 16.2123
-------------------------------------
[Correct Epoch : 4/20]
Recon_correct	: 16.0665
-------------------------------------
[Correct Epoch : 5/20]
Recon_correct	: 15.9502
-------------------------------------
[Correct Epoch : 6/20]
Recon_correct	: 15.8220
-------------------------------------
[Correct Epoch : 7/20]
Recon_correct	: 15.7108
-------------------------------------
[Correct Epoch : 8/20]
Recon_correct	: 15.6034
-------------------------------------
[Correct Epoch : 9/20]
Recon_correct	: 15.5029
-------------------------------------
[Correct Epoch : 10/20]
Recon_correct	: 15.4093
-------------------------------------
[Correct Epoch : 11/20]
Recon_correct	: 15.3182
-------------------------------------
[Correct Epoch : 12/20]
Recon_correct	: 15.2281
-------------------------------------
[Correct Epoch : 13/20]
Recon_correct	: 15.1383
-------------------------------------
[Correct Epoch : 14/20]
Recon_correct	: 15.0532
-------------------------------------
[Correct Epoch : 15/20]
Recon_correct	: 14.9742
-------------------------------------
[Correct Epoch : 16/20]
Recon_correct	: 14.8987
-------------------------------------
[Correct Epoch : 17/20]
Recon_correct	: 14.8233
-------------------------------------
[Correct Epoch : 18/20]
Recon_correct	: 14.7537
-------------------------------------
[Correct Epoch : 19/20]
Recon_correct	: 14.6832
-------------------------------------
[Correct Epoch : 20/20]
Recon_correct	: 14.6160
-------------------------------------
H_score: 0.1742, OS* (acc_c): 0.2938, UNK (acc_p): 0.1238, acc_mix: 0.1978, F1: 0.1877
Uploading logs from: /mnt/data/home/tp2474/OpenSet-AdaTime/experiments_logs/curriculum/RealWorld to Pamap2_UniDA_hard_n1_fno_mean/RAINCOAT_UniDA_hard_n1_fno_mean/RealWorld_to_Pamap2_run_2
🏃 View run RAINCOAT_run_2 at: http://127.0.0.1:5001/#/experiments/575334350422004563/runs/c1b0f6558f97436099eb2d4fcd98040f
🧪 View experiment at: http://127.0.0.1:5001/#/experiments/575334350422004563
=============================================
Dataset: RealWorld to Pamap2_UniDA_hard_n1_fno_mean
Method:  RAINCOAT
=============================================
Source: RealWorld ---> Target: Pamap2
Run ID: 3
=============================================
[Align Epoch : 1/20]
Src_cls_loss	: 0.4646
Sink	: 0.5596
Recon	: 23.1649
-------------------------------------
[Align Epoch : 2/20]
Src_cls_loss	: 0.3696
Sink	: 0.4585
Recon	: 22.9207
-------------------------------------
[Align Epoch : 3/20]
Src_cls_loss	: 0.3216
Sink	: 0.3898
Recon	: 22.6463
-------------------------------------
[Align Epoch : 4/20]
Src_cls_loss	: 0.2903
Sink	: 0.3392
Recon	: 22.3957
-------------------------------------
[Align Epoch : 5/20]
Src_cls_loss	: 0.2689
Sink	: 0.3000
Recon	: 22.1722
-------------------------------------
[Align Epoch : 6/20]
Src_cls_loss	: 0.2527
Sink	: 0.2710
Recon	: 21.9514
-------------------------------------
[Align Epoch : 7/20]
Src_cls_loss	: 0.2384
Sink	: 0.2488
Recon	: 21.7465
-------------------------------------
[Align Epoch : 8/20]
Src_cls_loss	: 0.2270
Sink	: 0.2316
Recon	: 21.5502
-------------------------------------
[Align Epoch : 9/20]
Src_cls_loss	: 0.2167
Sink	: 0.2186
Recon	: 21.3713
-------------------------------------
[Align Epoch : 10/20]
Src_cls_loss	: 0.2084
Sink	: 0.2091
Recon	: 21.2026
-------------------------------------
[Align Epoch : 11/20]
Src_cls_loss	: 0.2009
Sink	: 0.2030
Recon	: 21.0346
-------------------------------------
[Align Epoch : 12/20]
Src_cls_loss	: 0.1937
Sink	: 0.1994
Recon	: 20.8683
-------------------------------------
[Align Epoch : 13/20]
Src_cls_loss	: 0.1871
Sink	: 0.1985
Recon	: 20.7049
-------------------------------------
[Align Epoch : 14/20]
Src_cls_loss	: 0.1815
Sink	: 0.1999
Recon	: 20.5425
-------------------------------------
[Align Epoch : 15/20]
Src_cls_loss	: 0.1765
Sink	: 0.2031
Recon	: 20.3800
-------------------------------------
[Align Epoch : 16/20]
Src_cls_loss	: 0.1716
Sink	: 0.2069
Recon	: 20.2206
-------------------------------------
[Align Epoch : 17/20]
Src_cls_loss	: 0.1671
Sink	: 0.2114
Recon	: 20.0611
-------------------------------------
[Align Epoch : 18/20]
Src_cls_loss	: 0.1629
Sink	: 0.2164
Recon	: 19.9040
-------------------------------------
[Align Epoch : 19/20]
Src_cls_loss	: 0.1590
Sink	: 0.2215
Recon	: 19.7550
-------------------------------------
[Align Epoch : 20/20]
Src_cls_loss	: 0.1555
Sink	: 0.2268
Recon	: 19.6085
-------------------------------------
[Correct Epoch : 1/20]
Recon_correct	: 16.4964
-------------------------------------
[Correct Epoch : 2/20]
Recon_correct	: 16.3498
-------------------------------------
[Correct Epoch : 3/20]
Recon_correct	: 16.2034
-------------------------------------
[Correct Epoch : 4/20]
Recon_correct	: 16.0888
-------------------------------------
[Correct Epoch : 5/20]
Recon_correct	: 15.9731
-------------------------------------
[Correct Epoch : 6/20]
Recon_correct	: 15.8681
-------------------------------------
[Correct Epoch : 7/20]
Recon_correct	: 15.7614
-------------------------------------
[Correct Epoch : 8/20]
Recon_correct	: 15.6636
-------------------------------------
[Correct Epoch : 9/20]
Recon_correct	: 15.5714
-------------------------------------
[Correct Epoch : 10/20]
Recon_correct	: 15.4728
-------------------------------------
[Correct Epoch : 11/20]
Recon_correct	: 15.3780
-------------------------------------
[Correct Epoch : 12/20]
Recon_correct	: 15.2910
-------------------------------------
[Correct Epoch : 13/20]
Recon_correct	: 15.2037
-------------------------------------
[Correct Epoch : 14/20]
Recon_correct	: 15.1199
-------------------------------------
[Correct Epoch : 15/20]
Recon_correct	: 15.0387
-------------------------------------
[Correct Epoch : 16/20]
Recon_correct	: 14.9592
-------------------------------------
[Correct Epoch : 17/20]
Recon_correct	: 14.8850
-------------------------------------
[Correct Epoch : 18/20]
Recon_correct	: 14.8108
-------------------------------------
[Correct Epoch : 19/20]
Recon_correct	: 14.7399
-------------------------------------
[Correct Epoch : 20/20]
Recon_correct	: 14.6740
-------------------------------------
H_score: 0.1639, OS* (acc_c): 0.1182, UNK (acc_p): 0.2671, acc_mix: 0.2023, F1: 0.2462
Uploading logs from: /mnt/data/home/tp2474/OpenSet-AdaTime/experiments_logs/curriculum/RealWorld to Pamap2_UniDA_hard_n1_fno_mean/RAINCOAT_UniDA_hard_n1_fno_mean/RealWorld_to_Pamap2_run_3
🏃 View run RAINCOAT_run_3 at: http://127.0.0.1:5001/#/experiments/575334350422004563/runs/0dc58008acce474e9dd716f9c82e13ff
🧪 View experiment at: http://127.0.0.1:5001/#/experiments/575334350422004563
=============================================
Dataset: RealWorld to Pamap2_UniDA_hard_n1_fno_mean
Method:  RAINCOAT
=============================================
Source: RealWorld ---> Target: Pamap2
Run ID: 4
=============================================
[Align Epoch : 1/20]
Src_cls_loss	: 0.4582
Sink	: 0.5874
Recon	: 23.1850
-------------------------------------
[Align Epoch : 2/20]
Src_cls_loss	: 0.3614
Sink	: 0.4895
Recon	: 22.9278
-------------------------------------
[Align Epoch : 3/20]
Src_cls_loss	: 0.3149
Sink	: 0.4206
Recon	: 22.6661
-------------------------------------
[Align Epoch : 4/20]
Src_cls_loss	: 0.2816
Sink	: 0.3682
Recon	: 22.4267
-------------------------------------
[Align Epoch : 5/20]
Src_cls_loss	: 0.2575
Sink	: 0.3275
Recon	: 22.1976
-------------------------------------
[Align Epoch : 6/20]
Src_cls_loss	: 0.2399
Sink	: 0.2972
Recon	: 21.9969
-------------------------------------
[Align Epoch : 7/20]
Src_cls_loss	: 0.2273
Sink	: 0.2744
Recon	: 21.7979
-------------------------------------
[Align Epoch : 8/20]
Src_cls_loss	: 0.2168
Sink	: 0.2571
Recon	: 21.6042
-------------------------------------
[Align Epoch : 9/20]
Src_cls_loss	: 0.2080
Sink	: 0.2429
Recon	: 21.4176
-------------------------------------
[Align Epoch : 10/20]
Src_cls_loss	: 0.1996
Sink	: 0.2318
Recon	: 21.2345
-------------------------------------
[Align Epoch : 11/20]
Src_cls_loss	: 0.1921
Sink	: 0.2232
Recon	: 21.0635
-------------------------------------
[Align Epoch : 12/20]
Src_cls_loss	: 0.1852
Sink	: 0.2169
Recon	: 20.9000
-------------------------------------
[Align Epoch : 13/20]
Src_cls_loss	: 0.1796
Sink	: 0.2127
Recon	: 20.7414
-------------------------------------
[Align Epoch : 14/20]
Src_cls_loss	: 0.1740
Sink	: 0.2109
Recon	: 20.5880
-------------------------------------
[Align Epoch : 15/20]
Src_cls_loss	: 0.1691
Sink	: 0.2118
Recon	: 20.4322
-------------------------------------
[Align Epoch : 16/20]
Src_cls_loss	: 0.1651
Sink	: 0.2143
Recon	: 20.2772
-------------------------------------
[Align Epoch : 17/20]
Src_cls_loss	: 0.1610
Sink	: 0.2181
Recon	: 20.1171
-------------------------------------
[Align Epoch : 18/20]
Src_cls_loss	: 0.1574
Sink	: 0.2226
Recon	: 19.9576
-------------------------------------
[Align Epoch : 19/20]
Src_cls_loss	: 0.1538
Sink	: 0.2274
Recon	: 19.8005
-------------------------------------
[Align Epoch : 20/20]
Src_cls_loss	: 0.1501
Sink	: 0.2322
Recon	: 19.6503
-------------------------------------
[Correct Epoch : 1/20]
Recon_correct	: 16.4644
-------------------------------------
[Correct Epoch : 2/20]
Recon_correct	: 16.2513
-------------------------------------
[Correct Epoch : 3/20]
Recon_correct	: 16.0993
-------------------------------------
[Correct Epoch : 4/20]
Recon_correct	: 15.9641
-------------------------------------
[Correct Epoch : 5/20]
Recon_correct	: 15.8360
-------------------------------------
[Correct Epoch : 6/20]
Recon_correct	: 15.7182
-------------------------------------
[Correct Epoch : 7/20]
Recon_correct	: 15.6032
-------------------------------------
[Correct Epoch : 8/20]
Recon_correct	: 15.4969
-------------------------------------
[Correct Epoch : 9/20]
Recon_correct	: 15.3917
-------------------------------------
[Correct Epoch : 10/20]
Recon_correct	: 15.2893
-------------------------------------
[Correct Epoch : 11/20]
Recon_correct	: 15.1954
-------------------------------------
[Correct Epoch : 12/20]
Recon_correct	: 15.1108
-------------------------------------
[Correct Epoch : 13/20]
Recon_correct	: 15.0278
-------------------------------------
[Correct Epoch : 14/20]
Recon_correct	: 14.9436
-------------------------------------
[Correct Epoch : 15/20]
Recon_correct	: 14.8620
-------------------------------------
[Correct Epoch : 16/20]
Recon_correct	: 14.7894
-------------------------------------
[Correct Epoch : 17/20]
Recon_correct	: 14.7133
-------------------------------------
[Correct Epoch : 18/20]
Recon_correct	: 14.6408
-------------------------------------
[Correct Epoch : 19/20]
Recon_correct	: 14.5696
-------------------------------------
[Correct Epoch : 20/20]
Recon_correct	: 14.5041
-------------------------------------
H_score: 0.3023, OS* (acc_c): 0.2904, UNK (acc_p): 0.3151, acc_mix: 0.3044, F1: 0.2981
Uploading logs from: /mnt/data/home/tp2474/OpenSet-AdaTime/experiments_logs/curriculum/RealWorld to Pamap2_UniDA_hard_n1_fno_mean/RAINCOAT_UniDA_hard_n1_fno_mean/RealWorld_to_Pamap2_run_4
🏃 View run RAINCOAT_run_4 at: http://127.0.0.1:5001/#/experiments/575334350422004563/runs/7dd084b8b83c4f51bf6c66655a82869b
🧪 View experiment at: http://127.0.0.1:5001/#/experiments/575334350422004563
==================== [n1 fno_mean] UDA ====================
[curriculum] scenario=UniDA  strategy=hard  n_unknown=1  rank_variant=fno_mean
[curriculum] source mapping (5 classes): {'lying': 'lying', 'sitting': 'sitting', 'walking': 'walking', 'running': 'running', 'climbingup': 'climbingup'}
[curriculum] target mapping (5 classes): {'lying': 'lying', 'sitting': 'sitting', 'walking': 'walking', 'running': 'running', 'other (transient activities)': 'other (transient activities)'}
[curriculum] unknowns added (in hard order): src=[climbingup] | trg=[other (transient activities)]
[scenario] UDA -> UniDA (uniDA=True)
Unlabeled data shape:  (10947, 150, 18)
Unlabelled Combined shape: (18238, 150, 18)

--- Dataloader Size Check ---
Source Train batches:   344
Target Train batches:   171
-------------------------------

Private classes:  tensor([5.])
=============================================
Dataset: RealWorld to Pamap2_UniDA_hard_n1_fno_mean
Method:  UDA
=============================================
Source: RealWorld ---> Target: Pamap2
Run ID: 0
=============================================
[Pr Epoch : 1/20]
Pr_Src_cls_loss	: 0.7504
-------------------------------------
[Pr Epoch : 2/20]
Pr_Src_cls_loss	: 0.4918
-------------------------------------
[Pr Epoch : 3/20]
Pr_Src_cls_loss	: 0.3738
-------------------------------------
[Pr Epoch : 4/20]
Pr_Src_cls_loss	: 0.3065
-------------------------------------
[Pr Epoch : 5/20]
Pr_Src_cls_loss	: 0.2613
-------------------------------------
[Pr Epoch : 6/20]
Pr_Src_cls_loss	: 0.2290
-------------------------------------
[Pr Epoch : 7/20]
Pr_Src_cls_loss	: 0.2051
-------------------------------------
[Pr Epoch : 8/20]
Pr_Src_cls_loss	: 0.1856
-------------------------------------
[Pr Epoch : 9/20]
Pr_Src_cls_loss	: 0.1703
-------------------------------------
[Pr Epoch : 10/20]
Pr_Src_cls_loss	: 0.1577
-------------------------------------
[Pr Epoch : 11/20]
Pr_Src_cls_loss	: 0.1469
-------------------------------------
[Pr Epoch : 12/20]
Pr_Src_cls_loss	: 0.1378
-------------------------------------
[Pr Epoch : 13/20]
Pr_Src_cls_loss	: 0.1297
-------------------------------------
[Pr Epoch : 14/20]
Pr_Src_cls_loss	: 0.1229
-------------------------------------
[Pr Epoch : 15/20]
Pr_Src_cls_loss	: 0.1168
-------------------------------------
[Pr Epoch : 16/20]
Pr_Src_cls_loss	: 0.1115
-------------------------------------
[Pr Epoch : 17/20]
Pr_Src_cls_loss	: 0.1066
-------------------------------------
[Pr Epoch : 18/20]
Pr_Src_cls_loss	: 0.1023
-------------------------------------
[Pr Epoch : 19/20]
Pr_Src_cls_loss	: 0.0982
-------------------------------------
[Pr Epoch : 20/20]
Pr_Src_cls_loss	: 0.0949
-------------------------------------
[Epoch : 1/20]
Pr_Src_cls_loss	: 0.0949
Total_loss	: 5.6335
Domain_loss	: 1.0499
Src_cls_loss	: 0.0959
Adv Loss	: 1.3449
-------------------------------------
[Epoch : 2/20]
Pr_Src_cls_loss	: 0.0949
Total_loss	: 5.5684
Domain_loss	: 0.8104
Src_cls_loss	: 0.1061
Adv Loss	: 1.3197
-------------------------------------
[Epoch : 3/20]
Pr_Src_cls_loss	: 0.0949
Total_loss	: 5.5833
Domain_loss	: 0.7296
Src_cls_loss	: 0.1152
Adv Loss	: 1.3157
-------------------------------------
[Epoch : 4/20]
Pr_Src_cls_loss	: 0.0949
Total_loss	: 5.5640
Domain_loss	: 0.6372
Src_cls_loss	: 0.1146
Adv Loss	: 1.3114
-------------------------------------
[Epoch : 5/20]
Pr_Src_cls_loss	: 0.0949
Total_loss	: 5.5424
Domain_loss	: 0.5792
Src_cls_loss	: 0.1133
Adv Loss	: 1.3070
-------------------------------------
[Epoch : 6/20]
Pr_Src_cls_loss	: 0.0949
Total_loss	: 5.5494
Domain_loss	: 0.5381
Src_cls_loss	: 0.1125
Adv Loss	: 1.3095
-------------------------------------
[Epoch : 7/20]
Pr_Src_cls_loss	: 0.0949
Total_loss	: 5.5464
Domain_loss	: 0.4907
Src_cls_loss	: 0.1087
Adv Loss	: 1.3119
-------------------------------------
[Epoch : 8/20]
Pr_Src_cls_loss	: 0.0949
Total_loss	: 5.5460
Domain_loss	: 0.4563
Src_cls_loss	: 0.1054
Adv Loss	: 1.3146
-------------------------------------
[Epoch : 9/20]
Pr_Src_cls_loss	: 0.0949
Total_loss	: 5.5421
Domain_loss	: 0.4291
Src_cls_loss	: 0.1036
Adv Loss	: 1.3152
-------------------------------------
[Epoch : 10/20]
Pr_Src_cls_loss	: 0.0949
Total_loss	: 5.5383
Domain_loss	: 0.4062
Src_cls_loss	: 0.1023
Adv Loss	: 1.3154
-------------------------------------
[Epoch : 11/20]
Pr_Src_cls_loss	: 0.0949
Total_loss	: 5.5373
Domain_loss	: 0.3871
Src_cls_loss	: 0.1006
Adv Loss	: 1.3165
-------------------------------------
[Epoch : 12/20]
Pr_Src_cls_loss	: 0.0949
Total_loss	: 5.5370
Domain_loss	: 0.3684
Src_cls_loss	: 0.0989
Adv Loss	: 1.3179
-------------------------------------
[Epoch : 13/20]
Pr_Src_cls_loss	: 0.0949
Total_loss	: 5.5334
Domain_loss	: 0.3543
Src_cls_loss	: 0.0971
Adv Loss	: 1.3185
-------------------------------------
[Epoch : 14/20]
Pr_Src_cls_loss	: 0.0949
Total_loss	: 5.5359
Domain_loss	: 0.3431
Src_cls_loss	: 0.0965
Adv Loss	: 1.3196
-------------------------------------
[Epoch : 15/20]
Pr_Src_cls_loss	: 0.0949
Total_loss	: 5.5354
Domain_loss	: 0.3308
Src_cls_loss	: 0.0956
Adv Loss	: 1.3203
-------------------------------------
[Epoch : 16/20]
Pr_Src_cls_loss	: 0.0949
Total_loss	: 5.5384
Domain_loss	: 0.3238
Src_cls_loss	: 0.0951
Adv Loss	: 1.3214
-------------------------------------
[Epoch : 17/20]
Pr_Src_cls_loss	: 0.0949
Total_loss	: 5.5298
Domain_loss	: 0.3169
Src_cls_loss	: 0.0944
Adv Loss	: 1.3198
-------------------------------------
[Epoch : 18/20]
Pr_Src_cls_loss	: 0.0949
Total_loss	: 5.5285
Domain_loss	: 0.3092
Src_cls_loss	: 0.0937
Adv Loss	: 1.3201
-------------------------------------
[Epoch : 19/20]
Pr_Src_cls_loss	: 0.0949
Total_loss	: 5.5338
Domain_loss	: 0.3006
Src_cls_loss	: 0.0927
Adv Loss	: 1.3223
-------------------------------------
[Epoch : 20/20]
Pr_Src_cls_loss	: 0.0949
Total_loss	: 5.5362
Domain_loss	: 0.2925
Src_cls_loss	: 0.0919
Adv Loss	: 1.3236
-------------------------------------
/mnt/data/home/tp2474/OpenSet-AdaTime/trainers/abstract_trainer.py:331: FutureWarning: The behavior of DataFrame concatenation with empty or all-NA entries is deprecated. In a future version, this will no longer exclude empty or all-NA columns when determining the result dtypes. To retain the old behavior, exclude the relevant entries before the concat operation.
  table = pd.concat([table, results_df], ignore_index=True)
H_score: 0.4204, OS* (acc_c): 0.6636, UNK (acc_p): 0.3077, acc_mix: 0.4625, F1: 0.4705
Uploading logs from: /mnt/data/home/tp2474/OpenSet-AdaTime/experiments_logs/curriculum/RealWorld to Pamap2_UniDA_hard_n1_fno_mean/UDA_UniDA_hard_n1_fno_mean/RealWorld_to_Pamap2_run_0
🏃 View run UDA_run_0 at: http://127.0.0.1:5001/#/experiments/575334350422004563/runs/1203a60e6000454aad254cf489380799
🧪 View experiment at: http://127.0.0.1:5001/#/experiments/575334350422004563
=============================================
Dataset: RealWorld to Pamap2_UniDA_hard_n1_fno_mean
Method:  UDA
=============================================
Source: RealWorld ---> Target: Pamap2
Run ID: 1
=============================================
[Pr Epoch : 1/20]
Pr_Src_cls_loss	: 0.7655
-------------------------------------
[Pr Epoch : 2/20]
Pr_Src_cls_loss	: 0.4990
-------------------------------------
[Pr Epoch : 3/20]
Pr_Src_cls_loss	: 0.3804
-------------------------------------
[Pr Epoch : 4/20]
Pr_Src_cls_loss	: 0.3120
-------------------------------------
[Pr Epoch : 5/20]
Pr_Src_cls_loss	: 0.2664
-------------------------------------
[Pr Epoch : 6/20]
Pr_Src_cls_loss	: 0.2338
-------------------------------------
[Pr Epoch : 7/20]
Pr_Src_cls_loss	: 0.2092
-------------------------------------
[Pr Epoch : 8/20]
Pr_Src_cls_loss	: 0.1898
-------------------------------------
[Pr Epoch : 9/20]
Pr_Src_cls_loss	: 0.1739
-------------------------------------
[Pr Epoch : 10/20]
Pr_Src_cls_loss	: 0.1614
-------------------------------------
[Pr Epoch : 11/20]
Pr_Src_cls_loss	: 0.1508
-------------------------------------
[Pr Epoch : 12/20]
Pr_Src_cls_loss	: 0.1414
-------------------------------------
[Pr Epoch : 13/20]
Pr_Src_cls_loss	: 0.1333
-------------------------------------
[Pr Epoch : 14/20]
Pr_Src_cls_loss	: 0.1262
-------------------------------------
[Pr Epoch : 15/20]
Pr_Src_cls_loss	: 0.1203
-------------------------------------
[Pr Epoch : 16/20]
Pr_Src_cls_loss	: 0.1146
-------------------------------------
[Pr Epoch : 17/20]
Pr_Src_cls_loss	: 0.1098
-------------------------------------
[Pr Epoch : 18/20]
Pr_Src_cls_loss	: 0.1052
-------------------------------------
[Pr Epoch : 19/20]
Pr_Src_cls_loss	: 0.1010
-------------------------------------
[Pr Epoch : 20/20]
Pr_Src_cls_loss	: 0.0973
-------------------------------------
[Epoch : 1/20]
Pr_Src_cls_loss	: 0.0973
Total_loss	: 5.5728
Domain_loss	: 0.9838
Src_cls_loss	: 0.1055
Adv Loss	: 1.3214
-------------------------------------
[Epoch : 2/20]
Pr_Src_cls_loss	: 0.0973
Total_loss	: 5.5788
Domain_loss	: 0.7903
Src_cls_loss	: 0.1113
Adv Loss	: 1.3180
-------------------------------------
[Epoch : 3/20]
Pr_Src_cls_loss	: 0.0973
Total_loss	: 5.5626
Domain_loss	: 0.6744
Src_cls_loss	: 0.1130
Adv Loss	: 1.3124
-------------------------------------
[Epoch : 4/20]
Pr_Src_cls_loss	: 0.0973
Total_loss	: 5.5777
Domain_loss	: 0.5776
Src_cls_loss	: 0.1120
Adv Loss	: 1.3171
-------------------------------------
[Epoch : 5/20]
Pr_Src_cls_loss	: 0.0973
Total_loss	: 5.5735
Domain_loss	: 0.5194
Src_cls_loss	: 0.1105
Adv Loss	: 1.3173
-------------------------------------
[Epoch : 6/20]
Pr_Src_cls_loss	: 0.0973
Total_loss	: 5.5669
Domain_loss	: 0.4633
Src_cls_loss	: 0.1067
Adv Loss	: 1.3189
-------------------------------------
[Epoch : 7/20]
Pr_Src_cls_loss	: 0.0973
Total_loss	: 5.5678
Domain_loss	: 0.4288
Src_cls_loss	: 0.1052
Adv Loss	: 1.3203
-------------------------------------
[Epoch : 8/20]
Pr_Src_cls_loss	: 0.0973
Total_loss	: 5.5707
Domain_loss	: 0.4044
Src_cls_loss	: 0.1042
Adv Loss	: 1.3219
-------------------------------------
[Epoch : 9/20]
Pr_Src_cls_loss	: 0.0973
Total_loss	: 5.5700
Domain_loss	: 0.3798
Src_cls_loss	: 0.1021
Adv Loss	: 1.3235
-------------------------------------
[Epoch : 10/20]
Pr_Src_cls_loss	: 0.0973
Total_loss	: 5.5692
Domain_loss	: 0.3565
Src_cls_loss	: 0.0997
Adv Loss	: 1.3254
-------------------------------------
[Epoch : 11/20]
Pr_Src_cls_loss	: 0.0973
Total_loss	: 5.5649
Domain_loss	: 0.3352
Src_cls_loss	: 0.0973
Adv Loss	: 1.3263
-------------------------------------
[Epoch : 12/20]
Pr_Src_cls_loss	: 0.0973
Total_loss	: 5.5593
Domain_loss	: 0.3186
Src_cls_loss	: 0.0955
Adv Loss	: 1.3264
-------------------------------------
[Epoch : 13/20]
Pr_Src_cls_loss	: 0.0973
Total_loss	: 5.5590
Domain_loss	: 0.3059
Src_cls_loss	: 0.0941
Adv Loss	: 1.3275
-------------------------------------
[Epoch : 14/20]
Pr_Src_cls_loss	: 0.0973
Total_loss	: 5.5571
Domain_loss	: 0.2946
Src_cls_loss	: 0.0927
Adv Loss	: 1.3282
-------------------------------------
[Epoch : 15/20]
Pr_Src_cls_loss	: 0.0973
Total_loss	: 5.5582
Domain_loss	: 0.2853
Src_cls_loss	: 0.0914
Adv Loss	: 1.3296
-------------------------------------
[Epoch : 16/20]
Pr_Src_cls_loss	: 0.0973
Total_loss	: 5.5609
Domain_loss	: 0.2767
Src_cls_loss	: 0.0906
Adv Loss	: 1.3310
-------------------------------------
[Epoch : 17/20]
Pr_Src_cls_loss	: 0.0973
Total_loss	: 5.5599
Domain_loss	: 0.2690
Src_cls_loss	: 0.0898
Adv Loss	: 1.3314
-------------------------------------
[Epoch : 18/20]
Pr_Src_cls_loss	: 0.0973
Total_loss	: 5.5586
Domain_loss	: 0.2633
Src_cls_loss	: 0.0887
Adv Loss	: 1.3320
-------------------------------------
[Epoch : 19/20]
Pr_Src_cls_loss	: 0.0973
Total_loss	: 5.5606
Domain_loss	: 0.2558
Src_cls_loss	: 0.0878
Adv Loss	: 1.3332
-------------------------------------
[Epoch : 20/20]
Pr_Src_cls_loss	: 0.0973
Total_loss	: 5.5625
Domain_loss	: 0.2485
Src_cls_loss	: 0.0868
Adv Loss	: 1.3346
-------------------------------------
H_score: 0.4321, OS* (acc_c): 0.6117, UNK (acc_p): 0.3340, acc_mix: 0.4548, F1: 0.4733
Uploading logs from: /mnt/data/home/tp2474/OpenSet-AdaTime/experiments_logs/curriculum/RealWorld to Pamap2_UniDA_hard_n1_fno_mean/UDA_UniDA_hard_n1_fno_mean/RealWorld_to_Pamap2_run_1
🏃 View run UDA_run_1 at: http://127.0.0.1:5001/#/experiments/575334350422004563/runs/0fcb40c05b66428f95b0941b7317c6c7
🧪 View experiment at: http://127.0.0.1:5001/#/experiments/575334350422004563
=============================================
Dataset: RealWorld to Pamap2_UniDA_hard_n1_fno_mean
Method:  UDA
=============================================
Source: RealWorld ---> Target: Pamap2
Run ID: 2
=============================================
[Pr Epoch : 1/20]
Pr_Src_cls_loss	: 0.7439
-------------------------------------
[Pr Epoch : 2/20]
Pr_Src_cls_loss	: 0.4847
-------------------------------------
[Pr Epoch : 3/20]
Pr_Src_cls_loss	: 0.3681
-------------------------------------
[Pr Epoch : 4/20]
Pr_Src_cls_loss	: 0.3016
-------------------------------------
[Pr Epoch : 5/20]
Pr_Src_cls_loss	: 0.2572
-------------------------------------
[Pr Epoch : 6/20]
Pr_Src_cls_loss	: 0.2261
-------------------------------------
[Pr Epoch : 7/20]
Pr_Src_cls_loss	: 0.2020
-------------------------------------
[Pr Epoch : 8/20]
Pr_Src_cls_loss	: 0.1830
-------------------------------------
[Pr Epoch : 9/20]
Pr_Src_cls_loss	: 0.1680
-------------------------------------
[Pr Epoch : 10/20]
Pr_Src_cls_loss	: 0.1556
-------------------------------------
[Pr Epoch : 11/20]
Pr_Src_cls_loss	: 0.1451
-------------------------------------
[Pr Epoch : 12/20]
Pr_Src_cls_loss	: 0.1361
-------------------------------------
[Pr Epoch : 13/20]
Pr_Src_cls_loss	: 0.1284
-------------------------------------
[Pr Epoch : 14/20]
Pr_Src_cls_loss	: 0.1218
-------------------------------------
[Pr Epoch : 15/20]
Pr_Src_cls_loss	: 0.1155
-------------------------------------
[Pr Epoch : 16/20]
Pr_Src_cls_loss	: 0.1102
-------------------------------------
[Pr Epoch : 17/20]
Pr_Src_cls_loss	: 0.1053
-------------------------------------
[Pr Epoch : 18/20]
Pr_Src_cls_loss	: 0.1009
-------------------------------------
[Pr Epoch : 19/20]
Pr_Src_cls_loss	: 0.0970
-------------------------------------
[Pr Epoch : 20/20]
Pr_Src_cls_loss	: 0.0935
-------------------------------------
[Epoch : 1/20]
Pr_Src_cls_loss	: 0.0935
Total_loss	: 5.6312
Domain_loss	: 1.0341
Src_cls_loss	: 0.0979
Adv Loss	: 1.3426
-------------------------------------
[Epoch : 2/20]
Pr_Src_cls_loss	: 0.0935
Total_loss	: 5.6545
Domain_loss	: 0.7888
Src_cls_loss	: 0.1172
Adv Loss	: 1.3321
-------------------------------------
[Epoch : 3/20]
Pr_Src_cls_loss	: 0.0935
Total_loss	: 5.6152
Domain_loss	: 0.6435
Src_cls_loss	: 0.1135
Adv Loss	: 1.3253
-------------------------------------
[Epoch : 4/20]
Pr_Src_cls_loss	: 0.0935
Total_loss	: 5.5998
Domain_loss	: 0.5634
Src_cls_loss	: 0.1121
Adv Loss	: 1.3226
-------------------------------------
[Epoch : 5/20]
Pr_Src_cls_loss	: 0.0935
Total_loss	: 5.5820
Domain_loss	: 0.5083
Src_cls_loss	: 0.1109
Adv Loss	: 1.3191
-------------------------------------
[Epoch : 6/20]
Pr_Src_cls_loss	: 0.0935
Total_loss	: 5.5673
Domain_loss	: 0.4635
Src_cls_loss	: 0.1090
Adv Loss	: 1.3170
-------------------------------------
[Epoch : 7/20]
Pr_Src_cls_loss	: 0.0935
Total_loss	: 5.5619
Domain_loss	: 0.4268
Src_cls_loss	: 0.1057
Adv Loss	: 1.3184
-------------------------------------
[Epoch : 8/20]
Pr_Src_cls_loss	: 0.0935
Total_loss	: 5.5611
Domain_loss	: 0.4005
Src_cls_loss	: 0.1036
Adv Loss	: 1.3200
-------------------------------------
[Epoch : 9/20]
Pr_Src_cls_loss	: 0.0935
Total_loss	: 5.5547
Domain_loss	: 0.3773
Src_cls_loss	: 0.1015
Adv Loss	: 1.3202
-------------------------------------
[Epoch : 10/20]
Pr_Src_cls_loss	: 0.0935
Total_loss	: 5.5574
Domain_loss	: 0.3543
Src_cls_loss	: 0.0999
Adv Loss	: 1.3222
-------------------------------------
[Epoch : 11/20]
Pr_Src_cls_loss	: 0.0935
Total_loss	: 5.5581
Domain_loss	: 0.3371
Src_cls_loss	: 0.0984
Adv Loss	: 1.3237
-------------------------------------
[Epoch : 12/20]
Pr_Src_cls_loss	: 0.0935
Total_loss	: 5.5583
Domain_loss	: 0.3234
Src_cls_loss	: 0.0972
Adv Loss	: 1.3247
-------------------------------------
[Epoch : 13/20]
Pr_Src_cls_loss	: 0.0935
Total_loss	: 5.5604
Domain_loss	: 0.3111
Src_cls_loss	: 0.0960
Adv Loss	: 1.3262
-------------------------------------
[Epoch : 14/20]
Pr_Src_cls_loss	: 0.0935
Total_loss	: 5.5614
Domain_loss	: 0.2998
Src_cls_loss	: 0.0951
Adv Loss	: 1.3273
-------------------------------------
[Epoch : 15/20]
Pr_Src_cls_loss	: 0.0935
Total_loss	: 5.5613
Domain_loss	: 0.2877
Src_cls_loss	: 0.0939
Adv Loss	: 1.3283
-------------------------------------
[Epoch : 16/20]
Pr_Src_cls_loss	: 0.0935
Total_loss	: 5.5601
Domain_loss	: 0.2803
Src_cls_loss	: 0.0931
Adv Loss	: 1.3287
-------------------------------------
[Epoch : 17/20]
Pr_Src_cls_loss	: 0.0935
Total_loss	: 5.5625
Domain_loss	: 0.2742
Src_cls_loss	: 0.0925
Adv Loss	: 1.3298
-------------------------------------
[Epoch : 18/20]
Pr_Src_cls_loss	: 0.0935
Total_loss	: 5.5615
Domain_loss	: 0.2664
Src_cls_loss	: 0.0917
Adv Loss	: 1.3302
-------------------------------------
[Epoch : 19/20]
Pr_Src_cls_loss	: 0.0935
Total_loss	: 5.5589
Domain_loss	: 0.2595
Src_cls_loss	: 0.0907
Adv Loss	: 1.3304
-------------------------------------
[Epoch : 20/20]
Pr_Src_cls_loss	: 0.0935
Total_loss	: 5.5643
Domain_loss	: 0.2538
Src_cls_loss	: 0.0902
Adv Loss	: 1.3322
-------------------------------------
H_score: 0.4027, OS* (acc_c): 0.5231, UNK (acc_p): 0.3274, acc_mix: 0.4125, F1: 0.4346
Uploading logs from: /mnt/data/home/tp2474/OpenSet-AdaTime/experiments_logs/curriculum/RealWorld to Pamap2_UniDA_hard_n1_fno_mean/UDA_UniDA_hard_n1_fno_mean/RealWorld_to_Pamap2_run_2
🏃 View run UDA_run_2 at: http://127.0.0.1:5001/#/experiments/575334350422004563/runs/df7f2f1a27a34ccd9c17ee7b644b2ab2
🧪 View experiment at: http://127.0.0.1:5001/#/experiments/575334350422004563
=============================================
Dataset: RealWorld to Pamap2_UniDA_hard_n1_fno_mean
Method:  UDA
=============================================
Source: RealWorld ---> Target: Pamap2
Run ID: 3
=============================================
[Pr Epoch : 1/20]
Pr_Src_cls_loss	: 0.7395
-------------------------------------
[Pr Epoch : 2/20]
Pr_Src_cls_loss	: 0.4847
-------------------------------------
[Pr Epoch : 3/20]
Pr_Src_cls_loss	: 0.3696
-------------------------------------
[Pr Epoch : 4/20]
Pr_Src_cls_loss	: 0.3030
-------------------------------------
[Pr Epoch : 5/20]
Pr_Src_cls_loss	: 0.2594
-------------------------------------
[Pr Epoch : 6/20]
Pr_Src_cls_loss	: 0.2277
-------------------------------------
[Pr Epoch : 7/20]
Pr_Src_cls_loss	: 0.2039
-------------------------------------
[Pr Epoch : 8/20]
Pr_Src_cls_loss	: 0.1851
-------------------------------------
[Pr Epoch : 9/20]
Pr_Src_cls_loss	: 0.1699
-------------------------------------
[Pr Epoch : 10/20]
Pr_Src_cls_loss	: 0.1573
-------------------------------------
[Pr Epoch : 11/20]
Pr_Src_cls_loss	: 0.1465
-------------------------------------
[Pr Epoch : 12/20]
Pr_Src_cls_loss	: 0.1376
-------------------------------------
[Pr Epoch : 13/20]
Pr_Src_cls_loss	: 0.1298
-------------------------------------
[Pr Epoch : 14/20]
Pr_Src_cls_loss	: 0.1231
-------------------------------------
[Pr Epoch : 15/20]
Pr_Src_cls_loss	: 0.1169
-------------------------------------
[Pr Epoch : 16/20]
Pr_Src_cls_loss	: 0.1116
-------------------------------------
[Pr Epoch : 17/20]
Pr_Src_cls_loss	: 0.1068
-------------------------------------
[Pr Epoch : 18/20]
Pr_Src_cls_loss	: 0.1024
-------------------------------------
[Pr Epoch : 19/20]
Pr_Src_cls_loss	: 0.0983
-------------------------------------
[Pr Epoch : 20/20]
Pr_Src_cls_loss	: 0.0947
-------------------------------------
[Epoch : 1/20]
Pr_Src_cls_loss	: 0.0947
Total_loss	: 5.6479
Domain_loss	: 1.0521
Src_cls_loss	: 0.1071
Adv Loss	: 1.3390
-------------------------------------
[Epoch : 2/20]
Pr_Src_cls_loss	: 0.0947
Total_loss	: 5.5958
Domain_loss	: 0.8552
Src_cls_loss	: 0.1105
Adv Loss	: 1.3229
-------------------------------------
[Epoch : 3/20]
Pr_Src_cls_loss	: 0.0947
Total_loss	: 5.5675
Domain_loss	: 0.7177
Src_cls_loss	: 0.1139
Adv Loss	: 1.3129
-------------------------------------
[Epoch : 4/20]
Pr_Src_cls_loss	: 0.0947
Total_loss	: 5.5619
Domain_loss	: 0.6243
Src_cls_loss	: 0.1123
Adv Loss	: 1.3128
-------------------------------------
[Epoch : 5/20]
Pr_Src_cls_loss	: 0.0947
Total_loss	: 5.5676
Domain_loss	: 0.5617
Src_cls_loss	: 0.1123
Adv Loss	: 1.3143
-------------------------------------
[Epoch : 6/20]
Pr_Src_cls_loss	: 0.0947
Total_loss	: 5.5586
Domain_loss	: 0.5030
Src_cls_loss	: 0.1086
Adv Loss	: 1.3152
-------------------------------------
[Epoch : 7/20]
Pr_Src_cls_loss	: 0.0947
Total_loss	: 5.5615
Domain_loss	: 0.4577
Src_cls_loss	: 0.1052
Adv Loss	: 1.3187
-------------------------------------
[Epoch : 8/20]
Pr_Src_cls_loss	: 0.0947
Total_loss	: 5.5603
Domain_loss	: 0.4225
Src_cls_loss	: 0.1032
Adv Loss	: 1.3201
-------------------------------------
[Epoch : 9/20]
Pr_Src_cls_loss	: 0.0947
Total_loss	: 5.5667
Domain_loss	: 0.3958
Src_cls_loss	: 0.1009
Adv Loss	: 1.3237
-------------------------------------
[Epoch : 10/20]
Pr_Src_cls_loss	: 0.0947
Total_loss	: 5.5675
Domain_loss	: 0.3735
Src_cls_loss	: 0.0988
Adv Loss	: 1.3257
-------------------------------------
[Epoch : 11/20]
Pr_Src_cls_loss	: 0.0947
Total_loss	: 5.5649
Domain_loss	: 0.3561
Src_cls_loss	: 0.0976
Adv Loss	: 1.3261
-------------------------------------
[Epoch : 12/20]
Pr_Src_cls_loss	: 0.0947
Total_loss	: 5.5653
Domain_loss	: 0.3394
Src_cls_loss	: 0.0966
Adv Loss	: 1.3270
-------------------------------------
[Epoch : 13/20]
Pr_Src_cls_loss	: 0.0947
Total_loss	: 5.5654
Domain_loss	: 0.3261
Src_cls_loss	: 0.0956
Adv Loss	: 1.3279
-------------------------------------
[Epoch : 14/20]
Pr_Src_cls_loss	: 0.0947
Total_loss	: 5.5637
Domain_loss	: 0.3156
Src_cls_loss	: 0.0948
Adv Loss	: 1.3281
-------------------------------------
[Epoch : 15/20]
Pr_Src_cls_loss	: 0.0947
Total_loss	: 5.5640
Domain_loss	: 0.3054
Src_cls_loss	: 0.0936
Adv Loss	: 1.3292
-------------------------------------
[Epoch : 16/20]
Pr_Src_cls_loss	: 0.0947
Total_loss	: 5.5670
Domain_loss	: 0.2962
Src_cls_loss	: 0.0927
Adv Loss	: 1.3308
-------------------------------------
[Epoch : 17/20]
Pr_Src_cls_loss	: 0.0947
Total_loss	: 5.5619
Domain_loss	: 0.2867
Src_cls_loss	: 0.0913
Adv Loss	: 1.3306
-------------------------------------
[Epoch : 18/20]
Pr_Src_cls_loss	: 0.0947
Total_loss	: 5.5610
Domain_loss	: 0.2804
Src_cls_loss	: 0.0906
Adv Loss	: 1.3310
-------------------------------------
[Epoch : 19/20]
Pr_Src_cls_loss	: 0.0947
Total_loss	: 5.5624
Domain_loss	: 0.2728
Src_cls_loss	: 0.0900
Adv Loss	: 1.3319
-------------------------------------
[Epoch : 20/20]
Pr_Src_cls_loss	: 0.0947
Total_loss	: 5.5613
Domain_loss	: 0.2666
Src_cls_loss	: 0.0890
Adv Loss	: 1.3324
-------------------------------------
H_score: 0.4533, OS* (acc_c): 0.5309, UNK (acc_p): 0.3955, acc_mix: 0.4544, F1: 0.4823
Uploading logs from: /mnt/data/home/tp2474/OpenSet-AdaTime/experiments_logs/curriculum/RealWorld to Pamap2_UniDA_hard_n1_fno_mean/UDA_UniDA_hard_n1_fno_mean/RealWorld_to_Pamap2_run_3
🏃 View run UDA_run_3 at: http://127.0.0.1:5001/#/experiments/575334350422004563/runs/70e97eff72ec41a2a771dbd2ad17a220
🧪 View experiment at: http://127.0.0.1:5001/#/experiments/575334350422004563
=============================================
Dataset: RealWorld to Pamap2_UniDA_hard_n1_fno_mean
Method:  UDA
=============================================
Source: RealWorld ---> Target: Pamap2
Run ID: 4
=============================================
[Pr Epoch : 1/20]
Pr_Src_cls_loss	: 0.7412
-------------------------------------
[Pr Epoch : 2/20]
Pr_Src_cls_loss	: 0.4837
-------------------------------------
[Pr Epoch : 3/20]
Pr_Src_cls_loss	: 0.3691
-------------------------------------
[Pr Epoch : 4/20]
Pr_Src_cls_loss	: 0.3023
-------------------------------------
[Pr Epoch : 5/20]
Pr_Src_cls_loss	: 0.2589
-------------------------------------
[Pr Epoch : 6/20]
Pr_Src_cls_loss	: 0.2270
-------------------------------------
[Pr Epoch : 7/20]
Pr_Src_cls_loss	: 0.2028
-------------------------------------
[Pr Epoch : 8/20]
Pr_Src_cls_loss	: 0.1840
-------------------------------------
[Pr Epoch : 9/20]
Pr_Src_cls_loss	: 0.1689
-------------------------------------
[Pr Epoch : 10/20]
Pr_Src_cls_loss	: 0.1561
-------------------------------------
[Pr Epoch : 11/20]
Pr_Src_cls_loss	: 0.1460
-------------------------------------
[Pr Epoch : 12/20]
Pr_Src_cls_loss	: 0.1371
-------------------------------------
[Pr Epoch : 13/20]
Pr_Src_cls_loss	: 0.1295
-------------------------------------
[Pr Epoch : 14/20]
Pr_Src_cls_loss	: 0.1226
-------------------------------------
[Pr Epoch : 15/20]
Pr_Src_cls_loss	: 0.1164
-------------------------------------
[Pr Epoch : 16/20]
Pr_Src_cls_loss	: 0.1109
-------------------------------------
[Pr Epoch : 17/20]
Pr_Src_cls_loss	: 0.1062
-------------------------------------
[Pr Epoch : 18/20]
Pr_Src_cls_loss	: 0.1018
-------------------------------------
[Pr Epoch : 19/20]
Pr_Src_cls_loss	: 0.0978
-------------------------------------
[Pr Epoch : 20/20]
Pr_Src_cls_loss	: 0.0942
-------------------------------------
[Epoch : 1/20]
Pr_Src_cls_loss	: 0.0942
Total_loss	: 5.5913
Domain_loss	: 1.0526
Src_cls_loss	: 0.0963
Adv Loss	: 1.3339
-------------------------------------
[Epoch : 2/20]
Pr_Src_cls_loss	: 0.0942
Total_loss	: 5.5721
Domain_loss	: 0.8314
Src_cls_loss	: 0.1121
Adv Loss	: 1.3156
-------------------------------------
[Epoch : 3/20]
Pr_Src_cls_loss	: 0.0942
Total_loss	: 5.5763
Domain_loss	: 0.6845
Src_cls_loss	: 0.1102
Adv Loss	: 1.3183
-------------------------------------
[Epoch : 4/20]
Pr_Src_cls_loss	: 0.0942
Total_loss	: 5.5639
Domain_loss	: 0.5842
Src_cls_loss	: 0.1083
Adv Loss	: 1.3167
-------------------------------------
[Epoch : 5/20]
Pr_Src_cls_loss	: 0.0942
Total_loss	: 5.5594
Domain_loss	: 0.5201
Src_cls_loss	: 0.1073
Adv Loss	: 1.3165
-------------------------------------
[Epoch : 6/20]
Pr_Src_cls_loss	: 0.0942
Total_loss	: 5.5526
Domain_loss	: 0.4784
Src_cls_loss	: 0.1056
Adv Loss	: 1.3162
-------------------------------------
[Epoch : 7/20]
Pr_Src_cls_loss	: 0.0942
Total_loss	: 5.5496
Domain_loss	: 0.4440
Src_cls_loss	: 0.1035
Adv Loss	: 1.3172
-------------------------------------
[Epoch : 8/20]
Pr_Src_cls_loss	: 0.0942
Total_loss	: 5.5365
Domain_loss	: 0.4201
Src_cls_loss	: 0.1012
Adv Loss	: 1.3158
-------------------------------------
[Epoch : 9/20]
Pr_Src_cls_loss	: 0.0942
Total_loss	: 5.5373
Domain_loss	: 0.3982
Src_cls_loss	: 0.0999
Adv Loss	: 1.3172
-------------------------------------
[Epoch : 10/20]
Pr_Src_cls_loss	: 0.0942
Total_loss	: 5.5399
Domain_loss	: 0.3822
Src_cls_loss	: 0.0992
Adv Loss	: 1.3183
-------------------------------------
[Epoch : 11/20]
Pr_Src_cls_loss	: 0.0942
Total_loss	: 5.5334
Domain_loss	: 0.3655
Src_cls_loss	: 0.0981
Adv Loss	: 1.3177
-------------------------------------
[Epoch : 12/20]
Pr_Src_cls_loss	: 0.0942
Total_loss	: 5.5401
Domain_loss	: 0.3517
Src_cls_loss	: 0.0975
Adv Loss	: 1.3199
-------------------------------------
[Epoch : 13/20]
Pr_Src_cls_loss	: 0.0942
Total_loss	: 5.5407
Domain_loss	: 0.3395
Src_cls_loss	: 0.0968
Adv Loss	: 1.3206
-------------------------------------
[Epoch : 14/20]
Pr_Src_cls_loss	: 0.0942
Total_loss	: 5.5437
Domain_loss	: 0.3295
Src_cls_loss	: 0.0963
Adv Loss	: 1.3218
-------------------------------------
[Epoch : 15/20]
Pr_Src_cls_loss	: 0.0942
Total_loss	: 5.5499
Domain_loss	: 0.3202
Src_cls_loss	: 0.0956
Adv Loss	: 1.3240
-------------------------------------
[Epoch : 16/20]
Pr_Src_cls_loss	: 0.0942
Total_loss	: 5.5518
Domain_loss	: 0.3121
Src_cls_loss	: 0.0948
Adv Loss	: 1.3251
-------------------------------------
[Epoch : 17/20]
Pr_Src_cls_loss	: 0.0942
Total_loss	: 5.5543
Domain_loss	: 0.3030
Src_cls_loss	: 0.0941
Adv Loss	: 1.3264
-------------------------------------
[Epoch : 18/20]
Pr_Src_cls_loss	: 0.0942
Total_loss	: 5.5597
Domain_loss	: 0.2955
Src_cls_loss	: 0.0934
Adv Loss	: 1.3283
-------------------------------------
[Epoch : 19/20]
Pr_Src_cls_loss	: 0.0942
Total_loss	: 5.5620
Domain_loss	: 0.2864
Src_cls_loss	: 0.0925
Adv Loss	: 1.3297
-------------------------------------
[Epoch : 20/20]
Pr_Src_cls_loss	: 0.0942
Total_loss	: 5.5656
Domain_loss	: 0.2798
Src_cls_loss	: 0.0918
Adv Loss	: 1.3311
-------------------------------------
H_score: 0.4291, OS* (acc_c): 0.5271, UNK (acc_p): 0.3618, acc_mix: 0.4337, F1: 0.4516
Uploading logs from: /mnt/data/home/tp2474/OpenSet-AdaTime/experiments_logs/curriculum/RealWorld to Pamap2_UniDA_hard_n1_fno_mean/UDA_UniDA_hard_n1_fno_mean/RealWorld_to_Pamap2_run_4
🏃 View run UDA_run_4 at: http://127.0.0.1:5001/#/experiments/575334350422004563/runs/31a7e24c1c634ba6b0672ca58200e30f
🧪 View experiment at: http://127.0.0.1:5001/#/experiments/575334350422004563
==================== [n1 fno_mean] OVANet ====================
[curriculum] scenario=UniDA  strategy=hard  n_unknown=1  rank_variant=fno_mean
[curriculum] source mapping (5 classes): {'lying': 'lying', 'sitting': 'sitting', 'walking': 'walking', 'running': 'running', 'climbingup': 'climbingup'}
[curriculum] target mapping (5 classes): {'lying': 'lying', 'sitting': 'sitting', 'walking': 'walking', 'running': 'running', 'other (transient activities)': 'other (transient activities)'}
[curriculum] unknowns added (in hard order): src=[climbingup] | trg=[other (transient activities)]
[scenario] OVANet -> UniDA (uniDA=True)
Unlabeled data shape:  (10947, 150, 18)
Unlabelled Combined shape: (18238, 150, 18)

--- Dataloader Size Check ---
Source Train batches:   344
Target Train batches:   171
-------------------------------

Private classes:  tensor([5.])
=============================================
Dataset: RealWorld to Pamap2_UniDA_hard_n1_fno_mean
Method:  OVANet
=============================================
Source: RealWorld ---> Target: Pamap2
Run ID: 0
=============================================
[Pr Epoch : 1/20]
Pr_Src_cls_loss	: 0.7451
-------------------------------------
[Pr Epoch : 2/20]
Pr_Src_cls_loss	: 0.4866
-------------------------------------
[Pr Epoch : 3/20]
Pr_Src_cls_loss	: 0.3698
-------------------------------------
[Pr Epoch : 4/20]
Pr_Src_cls_loss	: 0.3020
-------------------------------------
[Pr Epoch : 5/20]
Pr_Src_cls_loss	: 0.2570
-------------------------------------
[Pr Epoch : 6/20]
Pr_Src_cls_loss	: 0.2248
-------------------------------------
[Pr Epoch : 7/20]
Pr_Src_cls_loss	: 0.2002
-------------------------------------
[Pr Epoch : 8/20]
Pr_Src_cls_loss	: 0.1810
-------------------------------------
[Pr Epoch : 9/20]
Pr_Src_cls_loss	: 0.1654
-------------------------------------
[Pr Epoch : 10/20]
Pr_Src_cls_loss	: 0.1523
-------------------------------------
[Pr Epoch : 11/20]
Pr_Src_cls_loss	: 0.1413
-------------------------------------
[Pr Epoch : 12/20]
Pr_Src_cls_loss	: 0.1318
-------------------------------------
[Pr Epoch : 13/20]
Pr_Src_cls_loss	: 0.1234
-------------------------------------
[Pr Epoch : 14/20]
Pr_Src_cls_loss	: 0.1161
-------------------------------------
[Pr Epoch : 15/20]
Pr_Src_cls_loss	: 0.1099
-------------------------------------
[Pr Epoch : 16/20]
Pr_Src_cls_loss	: 0.1041
-------------------------------------
[Pr Epoch : 17/20]
Pr_Src_cls_loss	: 0.0990
-------------------------------------
[Pr Epoch : 18/20]
Pr_Src_cls_loss	: 0.0946
-------------------------------------
[Pr Epoch : 19/20]
Pr_Src_cls_loss	: 0.0903
-------------------------------------
[Pr Epoch : 20/20]
Pr_Src_cls_loss	: 0.0866
-------------------------------------
[Epoch : 1/20]
Pr_Src_cls_loss	: 0.0866
Total_loss	: 1.3401
Open Loss	: 0.6401
Src_cls_loss	: 0.0088
Entropy Open	: 0.6912
-------------------------------------
[Epoch : 2/20]
Pr_Src_cls_loss	: 0.0866
Total_loss	: 1.2756
Open Loss	: 0.5827
Src_cls_loss	: 0.0082
Entropy Open	: 0.6847
-------------------------------------
[Epoch : 3/20]
Pr_Src_cls_loss	: 0.0866
Total_loss	: 1.2108
Open Loss	: 0.5319
Src_cls_loss	: 0.0085
Entropy Open	: 0.6704
-------------------------------------
[Epoch : 4/20]
Pr_Src_cls_loss	: 0.0866
Total_loss	: 1.1422
Open Loss	: 0.4866
Src_cls_loss	: 0.0086
Entropy Open	: 0.6470
-------------------------------------
[Epoch : 5/20]
Pr_Src_cls_loss	: 0.0866
Total_loss	: 1.0724
Open Loss	: 0.4471
Src_cls_loss	: 0.0089
Entropy Open	: 0.6164
-------------------------------------
[Epoch : 6/20]
Pr_Src_cls_loss	: 0.0866
Total_loss	: 1.0046
Open Loss	: 0.4127
Src_cls_loss	: 0.0092
Entropy Open	: 0.5826
-------------------------------------
[Epoch : 7/20]
Pr_Src_cls_loss	: 0.0866
Total_loss	: 0.9411
Open Loss	: 0.3829
Src_cls_loss	: 0.0095
Entropy Open	: 0.5486
-------------------------------------
[Epoch : 8/20]
Pr_Src_cls_loss	: 0.0866
Total_loss	: 0.8825
Open Loss	: 0.3567
Src_cls_loss	: 0.0096
Entropy Open	: 0.5162
-------------------------------------
[Epoch : 9/20]
Pr_Src_cls_loss	: 0.0866
Total_loss	: 0.8290
Open Loss	: 0.3336
Src_cls_loss	: 0.0098
Entropy Open	: 0.4857
-------------------------------------
[Epoch : 10/20]
Pr_Src_cls_loss	: 0.0866
Total_loss	: 0.7802
Open Loss	: 0.3130
Src_cls_loss	: 0.0099
Entropy Open	: 0.4573
-------------------------------------
[Epoch : 11/20]
Pr_Src_cls_loss	: 0.0866
Total_loss	: 0.7357
Open Loss	: 0.2946
Src_cls_loss	: 0.0099
Entropy Open	: 0.4312
-------------------------------------
[Epoch : 12/20]
Pr_Src_cls_loss	: 0.0866
Total_loss	: 0.6954
Open Loss	: 0.2782
Src_cls_loss	: 0.0100
Entropy Open	: 0.4073
-------------------------------------
[Epoch : 13/20]
Pr_Src_cls_loss	: 0.0866
Total_loss	: 0.6590
Open Loss	: 0.2634
Src_cls_loss	: 0.0101
Entropy Open	: 0.3855
-------------------------------------
[Epoch : 14/20]
Pr_Src_cls_loss	: 0.0866
Total_loss	: 0.6256
Open Loss	: 0.2500
Src_cls_loss	: 0.0101
Entropy Open	: 0.3655
-------------------------------------
[Epoch : 15/20]
Pr_Src_cls_loss	: 0.0866
Total_loss	: 0.5952
Open Loss	: 0.2378
Src_cls_loss	: 0.0101
Entropy Open	: 0.3473
-------------------------------------
[Epoch : 16/20]
Pr_Src_cls_loss	: 0.0866
Total_loss	: 0.5675
Open Loss	: 0.2267
Src_cls_loss	: 0.0101
Entropy Open	: 0.3307
-------------------------------------
[Epoch : 17/20]
Pr_Src_cls_loss	: 0.0866
Total_loss	: 0.5422
Open Loss	: 0.2166
Src_cls_loss	: 0.0102
Entropy Open	: 0.3154
-------------------------------------
[Epoch : 18/20]
Pr_Src_cls_loss	: 0.0866
Total_loss	: 0.5187
Open Loss	: 0.2073
Src_cls_loss	: 0.0101
Entropy Open	: 0.3014
-------------------------------------
[Epoch : 19/20]
Pr_Src_cls_loss	: 0.0866
Total_loss	: 0.4972
Open Loss	: 0.1987
Src_cls_loss	: 0.0101
Entropy Open	: 0.2884
-------------------------------------
[Epoch : 20/20]
Pr_Src_cls_loss	: 0.0866
Total_loss	: 0.4773
Open Loss	: 0.1907
Src_cls_loss	: 0.0100
Entropy Open	: 0.2765
-------------------------------------
/mnt/data/home/tp2474/OpenSet-AdaTime/algorithms/algorithms.py:661: UserWarning: Implicit dimension choice for softmax has been deprecated. Change the call to include dim=X as an argument.
  predictions = F.softmax(self.classifier(features))
/mnt/data/home/tp2474/OpenSet-AdaTime/trainers/abstract_trainer.py:331: FutureWarning: The behavior of DataFrame concatenation with empty or all-NA entries is deprecated. In a future version, this will no longer exclude empty or all-NA columns when determining the result dtypes. To retain the old behavior, exclude the relevant entries before the concat operation.
  table = pd.concat([table, results_df], ignore_index=True)
H_score: 0.1249, OS* (acc_c): 0.5890, UNK (acc_p): 0.0698, acc_mix: 0.2957, F1: 0.2356
Uploading logs from: /mnt/data/home/tp2474/OpenSet-AdaTime/experiments_logs/curriculum/RealWorld to Pamap2_UniDA_hard_n1_fno_mean/OVANet_UniDA_hard_n1_fno_mean/RealWorld_to_Pamap2_run_0
🏃 View run OVANet_run_0 at: http://127.0.0.1:5001/#/experiments/575334350422004563/runs/ff981ca13c664cccbcaeba90ea80a047
🧪 View experiment at: http://127.0.0.1:5001/#/experiments/575334350422004563
=============================================
Dataset: RealWorld to Pamap2_UniDA_hard_n1_fno_mean
Method:  OVANet
=============================================
Source: RealWorld ---> Target: Pamap2
Run ID: 1
=============================================
[Pr Epoch : 1/20]
Pr_Src_cls_loss	: 0.7565
-------------------------------------
[Pr Epoch : 2/20]
Pr_Src_cls_loss	: 0.4935
-------------------------------------
[Pr Epoch : 3/20]
Pr_Src_cls_loss	: 0.3747
-------------------------------------
[Pr Epoch : 4/20]
Pr_Src_cls_loss	: 0.3064
-------------------------------------
[Pr Epoch : 5/20]
Pr_Src_cls_loss	: 0.2606
-------------------------------------
[Pr Epoch : 6/20]
Pr_Src_cls_loss	: 0.2285
-------------------------------------
[Pr Epoch : 7/20]
Pr_Src_cls_loss	: 0.2035
-------------------------------------
[Pr Epoch : 8/20]
Pr_Src_cls_loss	: 0.1840
-------------------------------------
[Pr Epoch : 9/20]
Pr_Src_cls_loss	: 0.1683
-------------------------------------
[Pr Epoch : 10/20]
Pr_Src_cls_loss	: 0.1552
-------------------------------------
[Pr Epoch : 11/20]
Pr_Src_cls_loss	: 0.1440
-------------------------------------
[Pr Epoch : 12/20]
Pr_Src_cls_loss	: 0.1345
-------------------------------------
[Pr Epoch : 13/20]
Pr_Src_cls_loss	: 0.1263
-------------------------------------
[Pr Epoch : 14/20]
Pr_Src_cls_loss	: 0.1191
-------------------------------------
[Pr Epoch : 15/20]
Pr_Src_cls_loss	: 0.1126
-------------------------------------
[Pr Epoch : 16/20]
Pr_Src_cls_loss	: 0.1068
-------------------------------------
[Pr Epoch : 17/20]
Pr_Src_cls_loss	: 0.1017
-------------------------------------
[Pr Epoch : 18/20]
Pr_Src_cls_loss	: 0.0971
-------------------------------------
[Pr Epoch : 19/20]
Pr_Src_cls_loss	: 0.0928
-------------------------------------
[Pr Epoch : 20/20]
Pr_Src_cls_loss	: 0.0890
-------------------------------------
[Epoch : 1/20]
Pr_Src_cls_loss	: 0.0890
Total_loss	: 1.3539
Open Loss	: 0.6492
Src_cls_loss	: 0.0132
Entropy Open	: 0.6915
-------------------------------------
[Epoch : 2/20]
Pr_Src_cls_loss	: 0.0890
Total_loss	: 1.2899
Open Loss	: 0.5927
Src_cls_loss	: 0.0122
Entropy Open	: 0.6851
-------------------------------------
[Epoch : 3/20]
Pr_Src_cls_loss	: 0.0890
Total_loss	: 1.2245
Open Loss	: 0.5426
Src_cls_loss	: 0.0121
Entropy Open	: 0.6699
-------------------------------------
[Epoch : 4/20]
Pr_Src_cls_loss	: 0.0890
Total_loss	: 1.1550
Open Loss	: 0.4982
Src_cls_loss	: 0.0121
Entropy Open	: 0.6446
-------------------------------------
[Epoch : 5/20]
Pr_Src_cls_loss	: 0.0890
Total_loss	: 1.0833
Open Loss	: 0.4595
Src_cls_loss	: 0.0123
Entropy Open	: 0.6116
-------------------------------------
[Epoch : 6/20]
Pr_Src_cls_loss	: 0.0890
Total_loss	: 1.0130
Open Loss	: 0.4255
Src_cls_loss	: 0.0123
Entropy Open	: 0.5752
-------------------------------------
[Epoch : 7/20]
Pr_Src_cls_loss	: 0.0890
Total_loss	: 0.9470
Open Loss	: 0.3958
Src_cls_loss	: 0.0125
Entropy Open	: 0.5387
-------------------------------------
[Epoch : 8/20]
Pr_Src_cls_loss	: 0.0890
Total_loss	: 0.8860
Open Loss	: 0.3694
Src_cls_loss	: 0.0126
Entropy Open	: 0.5039
-------------------------------------
[Epoch : 9/20]
Pr_Src_cls_loss	: 0.0890
Total_loss	: 0.8304
Open Loss	: 0.3461
Src_cls_loss	: 0.0127
Entropy Open	: 0.4716
-------------------------------------
[Epoch : 10/20]
Pr_Src_cls_loss	: 0.0890
Total_loss	: 0.7802
Open Loss	: 0.3253
Src_cls_loss	: 0.0128
Entropy Open	: 0.4421
-------------------------------------
[Epoch : 11/20]
Pr_Src_cls_loss	: 0.0890
Total_loss	: 0.7350
Open Loss	: 0.3067
Src_cls_loss	: 0.0129
Entropy Open	: 0.4153
-------------------------------------
[Epoch : 12/20]
Pr_Src_cls_loss	: 0.0890
Total_loss	: 0.6942
Open Loss	: 0.2901
Src_cls_loss	: 0.0129
Entropy Open	: 0.3912
-------------------------------------
[Epoch : 13/20]
Pr_Src_cls_loss	: 0.0890
Total_loss	: 0.6572
Open Loss	: 0.2750
Src_cls_loss	: 0.0129
Entropy Open	: 0.3693
-------------------------------------
[Epoch : 14/20]
Pr_Src_cls_loss	: 0.0890
Total_loss	: 0.6237
Open Loss	: 0.2613
Src_cls_loss	: 0.0128
Entropy Open	: 0.3496
-------------------------------------
[Epoch : 15/20]
Pr_Src_cls_loss	: 0.0890
Total_loss	: 0.5932
Open Loss	: 0.2488
Src_cls_loss	: 0.0128
Entropy Open	: 0.3316
-------------------------------------
[Epoch : 16/20]
Pr_Src_cls_loss	: 0.0890
Total_loss	: 0.5655
Open Loss	: 0.2375
Src_cls_loss	: 0.0127
Entropy Open	: 0.3153
-------------------------------------
[Epoch : 17/20]
Pr_Src_cls_loss	: 0.0890
Total_loss	: 0.5402
Open Loss	: 0.2271
Src_cls_loss	: 0.0127
Entropy Open	: 0.3004
-------------------------------------
[Epoch : 18/20]
Pr_Src_cls_loss	: 0.0890
Total_loss	: 0.5168
Open Loss	: 0.2175
Src_cls_loss	: 0.0126
Entropy Open	: 0.2868
-------------------------------------
[Epoch : 19/20]
Pr_Src_cls_loss	: 0.0890
Total_loss	: 0.4955
Open Loss	: 0.2087
Src_cls_loss	: 0.0125
Entropy Open	: 0.2743
-------------------------------------
[Epoch : 20/20]
Pr_Src_cls_loss	: 0.0890
Total_loss	: 0.4757
Open Loss	: 0.2005
Src_cls_loss	: 0.0124
Entropy Open	: 0.2627
-------------------------------------
H_score: 0.0569, OS* (acc_c): 0.5842, UNK (acc_p): 0.0299, acc_mix: 0.2710, F1: 0.1890
Uploading logs from: /mnt/data/home/tp2474/OpenSet-AdaTime/experiments_logs/curriculum/RealWorld to Pamap2_UniDA_hard_n1_fno_mean/OVANet_UniDA_hard_n1_fno_mean/RealWorld_to_Pamap2_run_1
🏃 View run OVANet_run_1 at: http://127.0.0.1:5001/#/experiments/575334350422004563/runs/95e9af60f25b43abbac7358063a03a18
🧪 View experiment at: http://127.0.0.1:5001/#/experiments/575334350422004563
=============================================
Dataset: RealWorld to Pamap2_UniDA_hard_n1_fno_mean
Method:  OVANet
=============================================
Source: RealWorld ---> Target: Pamap2
Run ID: 2
=============================================
[Pr Epoch : 1/20]
Pr_Src_cls_loss	: 0.7343
-------------------------------------
[Pr Epoch : 2/20]
Pr_Src_cls_loss	: 0.4784
-------------------------------------
[Pr Epoch : 3/20]
Pr_Src_cls_loss	: 0.3637
-------------------------------------
[Pr Epoch : 4/20]
Pr_Src_cls_loss	: 0.2964
-------------------------------------
[Pr Epoch : 5/20]
Pr_Src_cls_loss	: 0.2523
-------------------------------------
[Pr Epoch : 6/20]
Pr_Src_cls_loss	: 0.2205
-------------------------------------
[Pr Epoch : 7/20]
Pr_Src_cls_loss	: 0.1966
-------------------------------------
[Pr Epoch : 8/20]
Pr_Src_cls_loss	: 0.1777
-------------------------------------
[Pr Epoch : 9/20]
Pr_Src_cls_loss	: 0.1620
-------------------------------------
[Pr Epoch : 10/20]
Pr_Src_cls_loss	: 0.1494
-------------------------------------
[Pr Epoch : 11/20]
Pr_Src_cls_loss	: 0.1388
-------------------------------------
[Pr Epoch : 12/20]
Pr_Src_cls_loss	: 0.1294
-------------------------------------
[Pr Epoch : 13/20]
Pr_Src_cls_loss	: 0.1217
-------------------------------------
[Pr Epoch : 14/20]
Pr_Src_cls_loss	: 0.1147
-------------------------------------
[Pr Epoch : 15/20]
Pr_Src_cls_loss	: 0.1086
-------------------------------------
[Pr Epoch : 16/20]
Pr_Src_cls_loss	: 0.1031
-------------------------------------
[Pr Epoch : 17/20]
Pr_Src_cls_loss	: 0.0982
-------------------------------------
[Pr Epoch : 18/20]
Pr_Src_cls_loss	: 0.0936
-------------------------------------
[Pr Epoch : 19/20]
Pr_Src_cls_loss	: 0.0896
-------------------------------------
[Pr Epoch : 20/20]
Pr_Src_cls_loss	: 0.0860
-------------------------------------
[Epoch : 1/20]
Pr_Src_cls_loss	: 0.0860
Total_loss	: 1.3465
Open Loss	: 0.6429
Src_cls_loss	: 0.0128
Entropy Open	: 0.6907
-------------------------------------
[Epoch : 2/20]
Pr_Src_cls_loss	: 0.0860
Total_loss	: 1.2778
Open Loss	: 0.5839
Src_cls_loss	: 0.0116
Entropy Open	: 0.6823
-------------------------------------
[Epoch : 3/20]
Pr_Src_cls_loss	: 0.0860
Total_loss	: 1.2084
Open Loss	: 0.5322
Src_cls_loss	: 0.0114
Entropy Open	: 0.6649
-------------------------------------
[Epoch : 4/20]
Pr_Src_cls_loss	: 0.0860
Total_loss	: 1.1368
Open Loss	: 0.4871
Src_cls_loss	: 0.0113
Entropy Open	: 0.6384
-------------------------------------
[Epoch : 5/20]
Pr_Src_cls_loss	: 0.0860
Total_loss	: 1.0657
Open Loss	: 0.4481
Src_cls_loss	: 0.0115
Entropy Open	: 0.6061
-------------------------------------
[Epoch : 6/20]
Pr_Src_cls_loss	: 0.0860
Total_loss	: 0.9981
Open Loss	: 0.4146
Src_cls_loss	: 0.0115
Entropy Open	: 0.5720
-------------------------------------
[Epoch : 7/20]
Pr_Src_cls_loss	: 0.0860
Total_loss	: 0.9354
Open Loss	: 0.3853
Src_cls_loss	: 0.0117
Entropy Open	: 0.5384
-------------------------------------
[Epoch : 8/20]
Pr_Src_cls_loss	: 0.0860
Total_loss	: 0.8780
Open Loss	: 0.3595
Src_cls_loss	: 0.0117
Entropy Open	: 0.5067
-------------------------------------
[Epoch : 9/20]
Pr_Src_cls_loss	: 0.0860
Total_loss	: 0.8258
Open Loss	: 0.3367
Src_cls_loss	: 0.0118
Entropy Open	: 0.4773
-------------------------------------
[Epoch : 10/20]
Pr_Src_cls_loss	: 0.0860
Total_loss	: 0.7783
Open Loss	: 0.3164
Src_cls_loss	: 0.0117
Entropy Open	: 0.4501
-------------------------------------
[Epoch : 11/20]
Pr_Src_cls_loss	: 0.0860
Total_loss	: 0.7352
Open Loss	: 0.2983
Src_cls_loss	: 0.0117
Entropy Open	: 0.4252
-------------------------------------
[Epoch : 12/20]
Pr_Src_cls_loss	: 0.0860
Total_loss	: 0.6959
Open Loss	: 0.2819
Src_cls_loss	: 0.0117
Entropy Open	: 0.4023
-------------------------------------
[Epoch : 13/20]
Pr_Src_cls_loss	: 0.0860
Total_loss	: 0.6601
Open Loss	: 0.2672
Src_cls_loss	: 0.0116
Entropy Open	: 0.3814
-------------------------------------
[Epoch : 14/20]
Pr_Src_cls_loss	: 0.0860
Total_loss	: 0.6275
Open Loss	: 0.2539
Src_cls_loss	: 0.0116
Entropy Open	: 0.3621
-------------------------------------
[Epoch : 15/20]
Pr_Src_cls_loss	: 0.0860
Total_loss	: 0.5977
Open Loss	: 0.2417
Src_cls_loss	: 0.0116
Entropy Open	: 0.3444
-------------------------------------
[Epoch : 16/20]
Pr_Src_cls_loss	: 0.0860
Total_loss	: 0.5704
Open Loss	: 0.2306
Src_cls_loss	: 0.0115
Entropy Open	: 0.3282
-------------------------------------
[Epoch : 17/20]
Pr_Src_cls_loss	: 0.0860
Total_loss	: 0.5452
Open Loss	: 0.2204
Src_cls_loss	: 0.0115
Entropy Open	: 0.3133
-------------------------------------
[Epoch : 18/20]
Pr_Src_cls_loss	: 0.0860
Total_loss	: 0.5221
Open Loss	: 0.2111
Src_cls_loss	: 0.0115
Entropy Open	: 0.2996
-------------------------------------
[Epoch : 19/20]
Pr_Src_cls_loss	: 0.0860
Total_loss	: 0.5009
Open Loss	: 0.2025
Src_cls_loss	: 0.0114
Entropy Open	: 0.2869
-------------------------------------
[Epoch : 20/20]
Pr_Src_cls_loss	: 0.0860
Total_loss	: 0.4812
Open Loss	: 0.1946
Src_cls_loss	: 0.0114
Entropy Open	: 0.2752
-------------------------------------
H_score: 0.1996, OS* (acc_c): 0.5972, UNK (acc_p): 0.1198, acc_mix: 0.3275, F1: 0.2793
Uploading logs from: /mnt/data/home/tp2474/OpenSet-AdaTime/experiments_logs/curriculum/RealWorld to Pamap2_UniDA_hard_n1_fno_mean/OVANet_UniDA_hard_n1_fno_mean/RealWorld_to_Pamap2_run_2
🏃 View run OVANet_run_2 at: http://127.0.0.1:5001/#/experiments/575334350422004563/runs/0e1ca36122ea4b6ab4451f69a60831f6
🧪 View experiment at: http://127.0.0.1:5001/#/experiments/575334350422004563
=============================================
Dataset: RealWorld to Pamap2_UniDA_hard_n1_fno_mean
Method:  OVANet
=============================================
Source: RealWorld ---> Target: Pamap2
Run ID: 3
=============================================
[Pr Epoch : 1/20]
Pr_Src_cls_loss	: 0.7472
-------------------------------------
[Pr Epoch : 2/20]
Pr_Src_cls_loss	: 0.4881
-------------------------------------
[Pr Epoch : 3/20]
Pr_Src_cls_loss	: 0.3707
-------------------------------------
[Pr Epoch : 4/20]
Pr_Src_cls_loss	: 0.3025
-------------------------------------
[Pr Epoch : 5/20]
Pr_Src_cls_loss	: 0.2577
-------------------------------------
[Pr Epoch : 6/20]
Pr_Src_cls_loss	: 0.2251
-------------------------------------
[Pr Epoch : 7/20]
Pr_Src_cls_loss	: 0.2007
-------------------------------------
[Pr Epoch : 8/20]
Pr_Src_cls_loss	: 0.1813
-------------------------------------
[Pr Epoch : 9/20]
Pr_Src_cls_loss	: 0.1659
-------------------------------------
[Pr Epoch : 10/20]
Pr_Src_cls_loss	: 0.1527
-------------------------------------
[Pr Epoch : 11/20]
Pr_Src_cls_loss	: 0.1419
-------------------------------------
[Pr Epoch : 12/20]
Pr_Src_cls_loss	: 0.1325
-------------------------------------
[Pr Epoch : 13/20]
Pr_Src_cls_loss	: 0.1244
-------------------------------------
[Pr Epoch : 14/20]
Pr_Src_cls_loss	: 0.1175
-------------------------------------
[Pr Epoch : 15/20]
Pr_Src_cls_loss	: 0.1111
-------------------------------------
[Pr Epoch : 16/20]
Pr_Src_cls_loss	: 0.1056
-------------------------------------
[Pr Epoch : 17/20]
Pr_Src_cls_loss	: 0.1006
-------------------------------------
[Pr Epoch : 18/20]
Pr_Src_cls_loss	: 0.0959
-------------------------------------
[Pr Epoch : 19/20]
Pr_Src_cls_loss	: 0.0918
-------------------------------------
[Pr Epoch : 20/20]
Pr_Src_cls_loss	: 0.0881
-------------------------------------
[Epoch : 1/20]
Pr_Src_cls_loss	: 0.0881
Total_loss	: 1.3431
Open Loss	: 0.6421
Src_cls_loss	: 0.0096
Entropy Open	: 0.6913
-------------------------------------
[Epoch : 2/20]
Pr_Src_cls_loss	: 0.0881
Total_loss	: 1.2795
Open Loss	: 0.5854
Src_cls_loss	: 0.0097
Entropy Open	: 0.6844
-------------------------------------
[Epoch : 3/20]
Pr_Src_cls_loss	: 0.0881
Total_loss	: 1.2134
Open Loss	: 0.5346
Src_cls_loss	: 0.0098
Entropy Open	: 0.6690
-------------------------------------
[Epoch : 4/20]
Pr_Src_cls_loss	: 0.0881
Total_loss	: 1.1429
Open Loss	: 0.4898
Src_cls_loss	: 0.0102
Entropy Open	: 0.6429
-------------------------------------
[Epoch : 5/20]
Pr_Src_cls_loss	: 0.0881
Total_loss	: 1.0706
Open Loss	: 0.4508
Src_cls_loss	: 0.0106
Entropy Open	: 0.6093
-------------------------------------
[Epoch : 6/20]
Pr_Src_cls_loss	: 0.0881
Total_loss	: 1.0008
Open Loss	: 0.4168
Src_cls_loss	: 0.0109
Entropy Open	: 0.5731
-------------------------------------
[Epoch : 7/20]
Pr_Src_cls_loss	: 0.0881
Total_loss	: 0.9362
Open Loss	: 0.3873
Src_cls_loss	: 0.0112
Entropy Open	: 0.5377
-------------------------------------
[Epoch : 8/20]
Pr_Src_cls_loss	: 0.0881
Total_loss	: 0.8769
Open Loss	: 0.3613
Src_cls_loss	: 0.0113
Entropy Open	: 0.5043
-------------------------------------
[Epoch : 9/20]
Pr_Src_cls_loss	: 0.0881
Total_loss	: 0.8232
Open Loss	: 0.3384
Src_cls_loss	: 0.0114
Entropy Open	: 0.4735
-------------------------------------
[Epoch : 10/20]
Pr_Src_cls_loss	: 0.0881
Total_loss	: 0.7749
Open Loss	: 0.3181
Src_cls_loss	: 0.0115
Entropy Open	: 0.4453
-------------------------------------
[Epoch : 11/20]
Pr_Src_cls_loss	: 0.0881
Total_loss	: 0.7312
Open Loss	: 0.2999
Src_cls_loss	: 0.0116
Entropy Open	: 0.4197
-------------------------------------
[Epoch : 12/20]
Pr_Src_cls_loss	: 0.0881
Total_loss	: 0.6915
Open Loss	: 0.2835
Src_cls_loss	: 0.0116
Entropy Open	: 0.3964
-------------------------------------
[Epoch : 13/20]
Pr_Src_cls_loss	: 0.0881
Total_loss	: 0.6558
Open Loss	: 0.2688
Src_cls_loss	: 0.0117
Entropy Open	: 0.3753
-------------------------------------
[Epoch : 14/20]
Pr_Src_cls_loss	: 0.0881
Total_loss	: 0.6232
Open Loss	: 0.2554
Src_cls_loss	: 0.0117
Entropy Open	: 0.3561
-------------------------------------
[Epoch : 15/20]
Pr_Src_cls_loss	: 0.0881
Total_loss	: 0.5934
Open Loss	: 0.2432
Src_cls_loss	: 0.0116
Entropy Open	: 0.3386
-------------------------------------
[Epoch : 16/20]
Pr_Src_cls_loss	: 0.0881
Total_loss	: 0.5663
Open Loss	: 0.2320
Src_cls_loss	: 0.0116
Entropy Open	: 0.3226
-------------------------------------
[Epoch : 17/20]
Pr_Src_cls_loss	: 0.0881
Total_loss	: 0.5414
Open Loss	: 0.2219
Src_cls_loss	: 0.0116
Entropy Open	: 0.3079
-------------------------------------
[Epoch : 18/20]
Pr_Src_cls_loss	: 0.0881
Total_loss	: 0.5183
Open Loss	: 0.2124
Src_cls_loss	: 0.0115
Entropy Open	: 0.2944
-------------------------------------
[Epoch : 19/20]
Pr_Src_cls_loss	: 0.0881
Total_loss	: 0.4971
Open Loss	: 0.2037
Src_cls_loss	: 0.0114
Entropy Open	: 0.2820
-------------------------------------
[Epoch : 20/20]
Pr_Src_cls_loss	: 0.0881
Total_loss	: 0.4775
Open Loss	: 0.1956
Src_cls_loss	: 0.0114
Entropy Open	: 0.2705
-------------------------------------
H_score: 0.3033, OS* (acc_c): 0.3948, UNK (acc_p): 0.2462, acc_mix: 0.3109, F1: 0.3306
Uploading logs from: /mnt/data/home/tp2474/OpenSet-AdaTime/experiments_logs/curriculum/RealWorld to Pamap2_UniDA_hard_n1_fno_mean/OVANet_UniDA_hard_n1_fno_mean/RealWorld_to_Pamap2_run_3
🏃 View run OVANet_run_3 at: http://127.0.0.1:5001/#/experiments/575334350422004563/runs/febbcf239c3d43e8a7bcbe343eb83db9
🧪 View experiment at: http://127.0.0.1:5001/#/experiments/575334350422004563
=============================================
Dataset: RealWorld to Pamap2_UniDA_hard_n1_fno_mean
Method:  OVANet
=============================================
Source: RealWorld ---> Target: Pamap2
Run ID: 4
=============================================
[Pr Epoch : 1/20]
Pr_Src_cls_loss	: 0.7340
-------------------------------------
[Pr Epoch : 2/20]
Pr_Src_cls_loss	: 0.4788
-------------------------------------
[Pr Epoch : 3/20]
Pr_Src_cls_loss	: 0.3648
-------------------------------------
[Pr Epoch : 4/20]
Pr_Src_cls_loss	: 0.2984
-------------------------------------
[Pr Epoch : 5/20]
Pr_Src_cls_loss	: 0.2538
-------------------------------------
[Pr Epoch : 6/20]
Pr_Src_cls_loss	: 0.2219
-------------------------------------
[Pr Epoch : 7/20]
Pr_Src_cls_loss	: 0.1977
-------------------------------------
[Pr Epoch : 8/20]
Pr_Src_cls_loss	: 0.1789
-------------------------------------
[Pr Epoch : 9/20]
Pr_Src_cls_loss	: 0.1632
-------------------------------------
[Pr Epoch : 10/20]
Pr_Src_cls_loss	: 0.1505
-------------------------------------
[Pr Epoch : 11/20]
Pr_Src_cls_loss	: 0.1398
-------------------------------------
[Pr Epoch : 12/20]
Pr_Src_cls_loss	: 0.1306
-------------------------------------
[Pr Epoch : 13/20]
Pr_Src_cls_loss	: 0.1226
-------------------------------------
[Pr Epoch : 14/20]
Pr_Src_cls_loss	: 0.1154
-------------------------------------
[Pr Epoch : 15/20]
Pr_Src_cls_loss	: 0.1093
-------------------------------------
[Pr Epoch : 16/20]
Pr_Src_cls_loss	: 0.1038
-------------------------------------
[Pr Epoch : 17/20]
Pr_Src_cls_loss	: 0.0989
-------------------------------------
[Pr Epoch : 18/20]
Pr_Src_cls_loss	: 0.0944
-------------------------------------
[Pr Epoch : 19/20]
Pr_Src_cls_loss	: 0.0903
-------------------------------------
[Pr Epoch : 20/20]
Pr_Src_cls_loss	: 0.0866
-------------------------------------
[Epoch : 1/20]
Pr_Src_cls_loss	: 0.0866
Total_loss	: 1.3370
Open Loss	: 0.6356
Src_cls_loss	: 0.0104
Entropy Open	: 0.6910
-------------------------------------
[Epoch : 2/20]
Pr_Src_cls_loss	: 0.0866
Total_loss	: 1.2690
Open Loss	: 0.5768
Src_cls_loss	: 0.0094
Entropy Open	: 0.6829
-------------------------------------
[Epoch : 3/20]
Pr_Src_cls_loss	: 0.0866
Total_loss	: 1.1985
Open Loss	: 0.5240
Src_cls_loss	: 0.0093
Entropy Open	: 0.6653
-------------------------------------
[Epoch : 4/20]
Pr_Src_cls_loss	: 0.0866
Total_loss	: 1.1257
Open Loss	: 0.4778
Src_cls_loss	: 0.0096
Entropy Open	: 0.6382
-------------------------------------
[Epoch : 5/20]
Pr_Src_cls_loss	: 0.0866
Total_loss	: 1.0533
Open Loss	: 0.4379
Src_cls_loss	: 0.0099
Entropy Open	: 0.6055
-------------------------------------
[Epoch : 6/20]
Pr_Src_cls_loss	: 0.0866
Total_loss	: 0.9847
Open Loss	: 0.4035
Src_cls_loss	: 0.0101
Entropy Open	: 0.5710
-------------------------------------
[Epoch : 7/20]
Pr_Src_cls_loss	: 0.0866
Total_loss	: 0.9213
Open Loss	: 0.3737
Src_cls_loss	: 0.0103
Entropy Open	: 0.5373
-------------------------------------
[Epoch : 8/20]
Pr_Src_cls_loss	: 0.0866
Total_loss	: 0.8637
Open Loss	: 0.3477
Src_cls_loss	: 0.0104
Entropy Open	: 0.5057
-------------------------------------
[Epoch : 9/20]
Pr_Src_cls_loss	: 0.0866
Total_loss	: 0.8120
Open Loss	: 0.3248
Src_cls_loss	: 0.0107
Entropy Open	: 0.4765
-------------------------------------
[Epoch : 10/20]
Pr_Src_cls_loss	: 0.0866
Total_loss	: 0.7651
Open Loss	: 0.3046
Src_cls_loss	: 0.0107
Entropy Open	: 0.4497
-------------------------------------
[Epoch : 11/20]
Pr_Src_cls_loss	: 0.0866
Total_loss	: 0.7227
Open Loss	: 0.2867
Src_cls_loss	: 0.0109
Entropy Open	: 0.4252
-------------------------------------
[Epoch : 12/20]
Pr_Src_cls_loss	: 0.0866
Total_loss	: 0.6842
Open Loss	: 0.2706
Src_cls_loss	: 0.0108
Entropy Open	: 0.4027
-------------------------------------
[Epoch : 13/20]
Pr_Src_cls_loss	: 0.0866
Total_loss	: 0.6492
Open Loss	: 0.2562
Src_cls_loss	: 0.0108
Entropy Open	: 0.3822
-------------------------------------
[Epoch : 14/20]
Pr_Src_cls_loss	: 0.0866
Total_loss	: 0.6173
Open Loss	: 0.2431
Src_cls_loss	: 0.0108
Entropy Open	: 0.3634
-------------------------------------
[Epoch : 15/20]
Pr_Src_cls_loss	: 0.0866
Total_loss	: 0.5883
Open Loss	: 0.2313
Src_cls_loss	: 0.0108
Entropy Open	: 0.3461
-------------------------------------
[Epoch : 16/20]
Pr_Src_cls_loss	: 0.0866
Total_loss	: 0.5617
Open Loss	: 0.2206
Src_cls_loss	: 0.0108
Entropy Open	: 0.3302
-------------------------------------
[Epoch : 17/20]
Pr_Src_cls_loss	: 0.0866
Total_loss	: 0.5372
Open Loss	: 0.2107
Src_cls_loss	: 0.0108
Entropy Open	: 0.3156
-------------------------------------
[Epoch : 18/20]
Pr_Src_cls_loss	: 0.0866
Total_loss	: 0.5146
Open Loss	: 0.2017
Src_cls_loss	: 0.0108
Entropy Open	: 0.3021
-------------------------------------
[Epoch : 19/20]
Pr_Src_cls_loss	: 0.0866
Total_loss	: 0.4938
Open Loss	: 0.1934
Src_cls_loss	: 0.0108
Entropy Open	: 0.2897
-------------------------------------
[Epoch : 20/20]
Pr_Src_cls_loss	: 0.0866
Total_loss	: 0.4745
Open Loss	: 0.1857
Src_cls_loss	: 0.0108
Entropy Open	: 0.2781
-------------------------------------
H_score: 0.4477, OS* (acc_c): 0.5775, UNK (acc_p): 0.3656, acc_mix: 0.4578, F1: 0.4233
Uploading logs from: /mnt/data/home/tp2474/OpenSet-AdaTime/experiments_logs/curriculum/RealWorld to Pamap2_UniDA_hard_n1_fno_mean/OVANet_UniDA_hard_n1_fno_mean/RealWorld_to_Pamap2_run_4
🏃 View run OVANet_run_4 at: http://127.0.0.1:5001/#/experiments/575334350422004563/runs/f805d64fe68d4c87a5b821b24238cb8d
🧪 View experiment at: http://127.0.0.1:5001/#/experiments/575334350422004563
==================== [n1 fno_mean] DANCE ====================
[curriculum] scenario=UniDA  strategy=hard  n_unknown=1  rank_variant=fno_mean
[curriculum] source mapping (5 classes): {'lying': 'lying', 'sitting': 'sitting', 'walking': 'walking', 'running': 'running', 'climbingup': 'climbingup'}
[curriculum] target mapping (5 classes): {'lying': 'lying', 'sitting': 'sitting', 'walking': 'walking', 'running': 'running', 'other (transient activities)': 'other (transient activities)'}
[curriculum] unknowns added (in hard order): src=[climbingup] | trg=[other (transient activities)]
[scenario] DANCE -> UniDA (uniDA=True)
Unlabeled data shape:  (10947, 150, 18)
Unlabelled Combined shape: (18238, 150, 18)

--- Dataloader Size Check ---
Source Train batches:   344
Target Train batches:   171
-------------------------------

Private classes:  tensor([5.])
=============================================
Dataset: RealWorld to Pamap2_UniDA_hard_n1_fno_mean
Method:  DANCE
=============================================
Source: RealWorld ---> Target: Pamap2
Run ID: 0
=============================================
[Pr Epoch : 1/20]
Pr_Src_cls_loss	: 1.4133
-------------------------------------
[Pr Epoch : 2/20]
Pr_Src_cls_loss	: 1.3953
-------------------------------------
[Pr Epoch : 3/20]
Pr_Src_cls_loss	: 1.3863
-------------------------------------
[Pr Epoch : 4/20]
Pr_Src_cls_loss	: 1.3809
-------------------------------------
[Pr Epoch : 5/20]
Pr_Src_cls_loss	: 1.3773
-------------------------------------
[Pr Epoch : 6/20]
Pr_Src_cls_loss	: 1.3747
-------------------------------------
[Pr Epoch : 7/20]
Pr_Src_cls_loss	: 1.3726
-------------------------------------
[Pr Epoch : 8/20]
Pr_Src_cls_loss	: 1.3710
-------------------------------------
[Pr Epoch : 9/20]
Pr_Src_cls_loss	: 1.3697
-------------------------------------
[Pr Epoch : 10/20]
Pr_Src_cls_loss	: 1.3686
-------------------------------------
[Pr Epoch : 11/20]
Pr_Src_cls_loss	: 1.3676
-------------------------------------
[Pr Epoch : 12/20]
Pr_Src_cls_loss	: 1.3667
-------------------------------------
[Pr Epoch : 13/20]
Pr_Src_cls_loss	: 1.3659
-------------------------------------
[Pr Epoch : 14/20]
Pr_Src_cls_loss	: 1.3652
-------------------------------------
[Pr Epoch : 15/20]
Pr_Src_cls_loss	: 1.3646
-------------------------------------
[Pr Epoch : 16/20]
Pr_Src_cls_loss	: 1.3639
-------------------------------------
[Pr Epoch : 17/20]
Pr_Src_cls_loss	: 1.3634
-------------------------------------
[Pr Epoch : 18/20]
Pr_Src_cls_loss	: 1.3629
-------------------------------------
[Pr Epoch : 19/20]
Pr_Src_cls_loss	: 1.3624
-------------------------------------
[Pr Epoch : 20/20]
Pr_Src_cls_loss	: 1.3620
-------------------------------------
/mnt/data/home/tp2474/OpenSet-AdaTime/algorithms/algorithms.py:733: UserWarning: Implicit dimension choice for softmax has been deprecated. Change the call to include dim=X as an argument.
  p = F.softmax(p)
/mnt/data/home/tp2474/OpenSet-AdaTime/algorithms/algorithms.py:737: UserWarning: Implicit dimension choice for softmax has been deprecated. Change the call to include dim=X as an argument.
  p = F.softmax(p)
[Epoch : 1/20]
Pr_Src_cls_loss	: 1.3620
Total_loss	: 1.7268
Ent Loss	: -0.0795
Src_cls_loss	: 1.2460
Neighbors Clustering 	: 0.5604
-------------------------------------
[Epoch : 2/20]
Pr_Src_cls_loss	: 1.3620
Total_loss	: 1.6138
Ent Loss	: -0.0790
Src_cls_loss	: 1.1424
Neighbors Clustering 	: 0.5504
-------------------------------------
[Epoch : 3/20]
Pr_Src_cls_loss	: 1.3620
Total_loss	: 1.5065
Ent Loss	: -0.0784
Src_cls_loss	: 1.0470
Neighbors Clustering 	: 0.5379
-------------------------------------
[Epoch : 4/20]
Pr_Src_cls_loss	: 1.3620
Total_loss	: 1.4111
Ent Loss	: -0.0777
Src_cls_loss	: 0.9612
Neighbors Clustering 	: 0.5276
-------------------------------------
[Epoch : 5/20]
Pr_Src_cls_loss	: 1.3620
Total_loss	: 1.3262
Ent Loss	: -0.0772
Src_cls_loss	: 0.8851
Neighbors Clustering 	: 0.5184
-------------------------------------
[Epoch : 6/20]
Pr_Src_cls_loss	: 1.3620
Total_loss	: 1.2516
Ent Loss	: -0.0767
Src_cls_loss	: 0.8176
Neighbors Clustering 	: 0.5106
-------------------------------------
[Epoch : 7/20]
Pr_Src_cls_loss	: 1.3620
Total_loss	: 1.1855
Ent Loss	: -0.0763
Src_cls_loss	: 0.7583
Neighbors Clustering 	: 0.5035
-------------------------------------
[Epoch : 8/20]
Pr_Src_cls_loss	: 1.3620
Total_loss	: 1.1271
Ent Loss	: -0.0759
Src_cls_loss	: 0.7059
Neighbors Clustering 	: 0.4971
-------------------------------------
[Epoch : 9/20]
Pr_Src_cls_loss	: 1.3620
Total_loss	: 1.0751
Ent Loss	: -0.0756
Src_cls_loss	: 0.6594
Neighbors Clustering 	: 0.4913
-------------------------------------
[Epoch : 10/20]
Pr_Src_cls_loss	: 1.3620
Total_loss	: 1.0289
Ent Loss	: -0.0753
Src_cls_loss	: 0.6181
Neighbors Clustering 	: 0.4862
-------------------------------------
[Epoch : 11/20]
Pr_Src_cls_loss	: 1.3620
Total_loss	: 0.9876
Ent Loss	: -0.0751
Src_cls_loss	: 0.5811
Neighbors Clustering 	: 0.4815
-------------------------------------
[Epoch : 12/20]
Pr_Src_cls_loss	: 1.3620
Total_loss	: 0.9506
Ent Loss	: -0.0748
Src_cls_loss	: 0.5481
Neighbors Clustering 	: 0.4774
-------------------------------------
[Epoch : 13/20]
Pr_Src_cls_loss	: 1.3620
Total_loss	: 0.9175
Ent Loss	: -0.0746
Src_cls_loss	: 0.5183
Neighbors Clustering 	: 0.4738
-------------------------------------
[Epoch : 14/20]
Pr_Src_cls_loss	: 1.3620
Total_loss	: 0.8874
Ent Loss	: -0.0745
Src_cls_loss	: 0.4914
Neighbors Clustering 	: 0.4705
-------------------------------------
[Epoch : 15/20]
Pr_Src_cls_loss	: 1.3620
Total_loss	: nan
Ent Loss	: nan
Src_cls_loss	: nan
Neighbors Clustering 	: nan
-------------------------------------
[Epoch : 16/20]
Pr_Src_cls_loss	: 1.3620
Total_loss	: nan
Ent Loss	: nan
Src_cls_loss	: nan
Neighbors Clustering 	: nan
-------------------------------------
[Epoch : 17/20]
Pr_Src_cls_loss	: 1.3620
Total_loss	: nan
Ent Loss	: nan
Src_cls_loss	: nan
Neighbors Clustering 	: nan
-------------------------------------
[Epoch : 18/20]
Pr_Src_cls_loss	: 1.3620
Total_loss	: nan
Ent Loss	: nan
Src_cls_loss	: nan
Neighbors Clustering 	: nan
-------------------------------------
[Epoch : 19/20]
Pr_Src_cls_loss	: 1.3620
Total_loss	: nan
Ent Loss	: nan
Src_cls_loss	: nan
Neighbors Clustering 	: nan
-------------------------------------
[Epoch : 20/20]
Pr_Src_cls_loss	: 1.3620
Total_loss	: nan
Ent Loss	: nan
Src_cls_loss	: nan
Neighbors Clustering 	: nan
-------------------------------------
/mnt/data/home/tp2474/OpenSet-AdaTime/algorithms/algorithms.py:870: UserWarning: Implicit dimension choice for softmax has been deprecated. Change the call to include dim=X as an argument.
  predictions = F.softmax(self.classifier(features))
/mnt/data/home/tp2474/OpenSet-AdaTime/trainers/abstract_trainer.py:331: FutureWarning: The behavior of DataFrame concatenation with empty or all-NA entries is deprecated. In a future version, this will no longer exclude empty or all-NA columns when determining the result dtypes. To retain the old behavior, exclude the relevant entries before the concat operation.
  table = pd.concat([table, results_df], ignore_index=True)
H_score: 0.0000, OS* (acc_c): 0.0000, UNK (acc_p): 0.0000, acc_mix: 0.0000, F1: 0.0000
Uploading logs from: /mnt/data/home/tp2474/OpenSet-AdaTime/experiments_logs/curriculum/RealWorld to Pamap2_UniDA_hard_n1_fno_mean/DANCE_UniDA_hard_n1_fno_mean/RealWorld_to_Pamap2_run_0
🏃 View run DANCE_run_0 at: http://127.0.0.1:5001/#/experiments/575334350422004563/runs/cb5293917c66422e8389155743e6beaa
🧪 View experiment at: http://127.0.0.1:5001/#/experiments/575334350422004563
=============================================
Dataset: RealWorld to Pamap2_UniDA_hard_n1_fno_mean
Method:  DANCE
=============================================
Source: RealWorld ---> Target: Pamap2
Run ID: 1
=============================================
[Pr Epoch : 1/20]
Pr_Src_cls_loss	: 1.3989
-------------------------------------
[Pr Epoch : 2/20]
Pr_Src_cls_loss	: 1.3804
-------------------------------------
[Pr Epoch : 3/20]
Pr_Src_cls_loss	: 1.3713
-------------------------------------
[Pr Epoch : 4/20]
Pr_Src_cls_loss	: 1.3659
-------------------------------------
[Pr Epoch : 5/20]
Pr_Src_cls_loss	: 1.3623
-------------------------------------
[Pr Epoch : 6/20]
Pr_Src_cls_loss	: 1.3596
-------------------------------------
[Pr Epoch : 7/20]
Pr_Src_cls_loss	: 1.3575
-------------------------------------
[Pr Epoch : 8/20]
Pr_Src_cls_loss	: 1.3558
-------------------------------------
[Pr Epoch : 9/20]
Pr_Src_cls_loss	: 1.3545
-------------------------------------
[Pr Epoch : 10/20]
Pr_Src_cls_loss	: 1.3534
-------------------------------------
[Pr Epoch : 11/20]
Pr_Src_cls_loss	: 1.3524
-------------------------------------
[Pr Epoch : 12/20]
Pr_Src_cls_loss	: 1.3516
-------------------------------------
[Pr Epoch : 13/20]
Pr_Src_cls_loss	: 1.3508
-------------------------------------
[Pr Epoch : 14/20]
Pr_Src_cls_loss	: 1.3501
-------------------------------------
[Pr Epoch : 15/20]
Pr_Src_cls_loss	: 1.3495
-------------------------------------
[Pr Epoch : 16/20]
Pr_Src_cls_loss	: 1.3489
-------------------------------------
[Pr Epoch : 17/20]
Pr_Src_cls_loss	: 1.3484
-------------------------------------
[Pr Epoch : 18/20]
Pr_Src_cls_loss	: 1.3480
-------------------------------------
[Pr Epoch : 19/20]
Pr_Src_cls_loss	: 1.3475
-------------------------------------
[Pr Epoch : 20/20]
Pr_Src_cls_loss	: 1.3471
-------------------------------------
[Epoch : 1/20]
Pr_Src_cls_loss	: 1.3471
Total_loss	: 1.7103
Ent Loss	: -0.0794
Src_cls_loss	: 1.2317
Neighbors Clustering 	: 0.5581
-------------------------------------
[Epoch : 2/20]
Pr_Src_cls_loss	: 1.3471
Total_loss	: 1.5890
Ent Loss	: -0.0790
Src_cls_loss	: 1.1304
Neighbors Clustering 	: 0.5376
-------------------------------------
[Epoch : 3/20]
Pr_Src_cls_loss	: 1.3471
Total_loss	: 1.4781
Ent Loss	: -0.0785
Src_cls_loss	: 1.0362
Neighbors Clustering 	: 0.5203
-------------------------------------
[Epoch : 4/20]
Pr_Src_cls_loss	: 1.3471
Total_loss	: 1.3811
Ent Loss	: -0.0779
Src_cls_loss	: 0.9517
Neighbors Clustering 	: 0.5073
-------------------------------------
[Epoch : 5/20]
Pr_Src_cls_loss	: 1.3471
Total_loss	: 1.2957
Ent Loss	: -0.0775
Src_cls_loss	: 0.8766
Neighbors Clustering 	: 0.4965
-------------------------------------
[Epoch : 6/20]
Pr_Src_cls_loss	: 1.3471
Total_loss	: 1.2204
Ent Loss	: -0.0771
Src_cls_loss	: 0.8103
Neighbors Clustering 	: 0.4871
-------------------------------------
[Epoch : 7/20]
Pr_Src_cls_loss	: 1.3471
Total_loss	: 1.1549
Ent Loss	: -0.0767
Src_cls_loss	: 0.7518
Neighbors Clustering 	: 0.4799
-------------------------------------
[Epoch : 8/20]
Pr_Src_cls_loss	: 1.3471
Total_loss	: 1.0972
Ent Loss	: -0.0764
Src_cls_loss	: 0.7000
Neighbors Clustering 	: 0.4736
-------------------------------------
[Epoch : 9/20]
Pr_Src_cls_loss	: 1.3471
Total_loss	: 1.0462
Ent Loss	: -0.0761
Src_cls_loss	: 0.6541
Neighbors Clustering 	: 0.4683
-------------------------------------
[Epoch : 10/20]
Pr_Src_cls_loss	: 1.3471
Total_loss	: nan
Ent Loss	: nan
Src_cls_loss	: nan
Neighbors Clustering 	: nan
-------------------------------------
[Epoch : 11/20]
Pr_Src_cls_loss	: 1.3471
Total_loss	: nan
Ent Loss	: nan
Src_cls_loss	: nan
Neighbors Clustering 	: nan
-------------------------------------
[Epoch : 12/20]
Pr_Src_cls_loss	: 1.3471
Total_loss	: nan
Ent Loss	: nan
Src_cls_loss	: nan
Neighbors Clustering 	: nan
-------------------------------------
[Epoch : 13/20]
Pr_Src_cls_loss	: 1.3471
Total_loss	: nan
Ent Loss	: nan
Src_cls_loss	: nan
Neighbors Clustering 	: nan
-------------------------------------
[Epoch : 14/20]
Pr_Src_cls_loss	: 1.3471
Total_loss	: nan
Ent Loss	: nan
Src_cls_loss	: nan
Neighbors Clustering 	: nan
-------------------------------------
[Epoch : 15/20]
Pr_Src_cls_loss	: 1.3471
Total_loss	: nan
Ent Loss	: nan
Src_cls_loss	: nan
Neighbors Clustering 	: nan
-------------------------------------
[Epoch : 16/20]
Pr_Src_cls_loss	: 1.3471
Total_loss	: nan
Ent Loss	: nan
Src_cls_loss	: nan
Neighbors Clustering 	: nan
-------------------------------------
[Epoch : 17/20]
Pr_Src_cls_loss	: 1.3471
Total_loss	: nan
Ent Loss	: nan
Src_cls_loss	: nan
Neighbors Clustering 	: nan
-------------------------------------
[Epoch : 18/20]
Pr_Src_cls_loss	: 1.3471
Total_loss	: nan
Ent Loss	: nan
Src_cls_loss	: nan
Neighbors Clustering 	: nan
-------------------------------------
[Epoch : 19/20]
Pr_Src_cls_loss	: 1.3471
Total_loss	: nan
Ent Loss	: nan
Src_cls_loss	: nan
Neighbors Clustering 	: nan
-------------------------------------
[Epoch : 20/20]
Pr_Src_cls_loss	: 1.3471
Total_loss	: nan
Ent Loss	: nan
Src_cls_loss	: nan
Neighbors Clustering 	: nan
-------------------------------------
H_score: 0.0000, OS* (acc_c): 0.0000, UNK (acc_p): 0.0000, acc_mix: 0.0000, F1: 0.0000
Uploading logs from: /mnt/data/home/tp2474/OpenSet-AdaTime/experiments_logs/curriculum/RealWorld to Pamap2_UniDA_hard_n1_fno_mean/DANCE_UniDA_hard_n1_fno_mean/RealWorld_to_Pamap2_run_1
🏃 View run DANCE_run_1 at: http://127.0.0.1:5001/#/experiments/575334350422004563/runs/0e35f93bbe5549f3b277a5b47a2143dd
🧪 View experiment at: http://127.0.0.1:5001/#/experiments/575334350422004563
=============================================
Dataset: RealWorld to Pamap2_UniDA_hard_n1_fno_mean
Method:  DANCE
=============================================
Source: RealWorld ---> Target: Pamap2
Run ID: 2
=============================================
[Pr Epoch : 1/20]
Pr_Src_cls_loss	: 1.4012
-------------------------------------
[Pr Epoch : 2/20]
Pr_Src_cls_loss	: 1.3833
-------------------------------------
[Pr Epoch : 3/20]
Pr_Src_cls_loss	: 1.3745
-------------------------------------
[Pr Epoch : 4/20]
Pr_Src_cls_loss	: 1.3692
-------------------------------------
[Pr Epoch : 5/20]
Pr_Src_cls_loss	: 1.3655
-------------------------------------
[Pr Epoch : 6/20]
Pr_Src_cls_loss	: 1.3630
-------------------------------------
[Pr Epoch : 7/20]
Pr_Src_cls_loss	: 1.3609
-------------------------------------
[Pr Epoch : 8/20]
Pr_Src_cls_loss	: 1.3591
-------------------------------------
[Pr Epoch : 9/20]
Pr_Src_cls_loss	: 1.3576
-------------------------------------
[Pr Epoch : 10/20]
Pr_Src_cls_loss	: 1.3562
-------------------------------------
[Pr Epoch : 11/20]
Pr_Src_cls_loss	: 1.3550
-------------------------------------
[Pr Epoch : 12/20]
Pr_Src_cls_loss	: 1.3539
-------------------------------------
[Pr Epoch : 13/20]
Pr_Src_cls_loss	: 1.3529
-------------------------------------
[Pr Epoch : 14/20]
Pr_Src_cls_loss	: 1.3521
-------------------------------------
[Pr Epoch : 15/20]
Pr_Src_cls_loss	: 1.3513
-------------------------------------
[Pr Epoch : 16/20]
Pr_Src_cls_loss	: 1.3505
-------------------------------------
[Pr Epoch : 17/20]
Pr_Src_cls_loss	: 1.3499
-------------------------------------
[Pr Epoch : 18/20]
Pr_Src_cls_loss	: 1.3493
-------------------------------------
[Pr Epoch : 19/20]
Pr_Src_cls_loss	: 1.3487
-------------------------------------
[Pr Epoch : 20/20]
Pr_Src_cls_loss	: 1.3482
-------------------------------------
[Epoch : 1/20]
Pr_Src_cls_loss	: 1.3482
Total_loss	: 1.7267
Ent Loss	: -0.0792
Src_cls_loss	: 1.2266
Neighbors Clustering 	: 0.5793
-------------------------------------
[Epoch : 2/20]
Pr_Src_cls_loss	: 1.3482
Total_loss	: 1.6116
Ent Loss	: -0.0785
Src_cls_loss	: 1.1210
Neighbors Clustering 	: 0.5691
-------------------------------------
[Epoch : 3/20]
Pr_Src_cls_loss	: 1.3482
Total_loss	: 1.5034
Ent Loss	: -0.0776
Src_cls_loss	: 1.0243
Neighbors Clustering 	: 0.5568
-------------------------------------
[Epoch : 4/20]
Pr_Src_cls_loss	: 1.3482
Total_loss	: 1.4067
Ent Loss	: -0.0769
Src_cls_loss	: 0.9379
Neighbors Clustering 	: 0.5456
-------------------------------------
[Epoch : 5/20]
Pr_Src_cls_loss	: 1.3482
Total_loss	: 1.3214
Ent Loss	: -0.0763
Src_cls_loss	: 0.8616
Neighbors Clustering 	: 0.5361
-------------------------------------
[Epoch : 6/20]
Pr_Src_cls_loss	: 1.3482
Total_loss	: 1.2465
Ent Loss	: -0.0758
Src_cls_loss	: 0.7945
Neighbors Clustering 	: 0.5278
-------------------------------------
[Epoch : 7/20]
Pr_Src_cls_loss	: 1.3482
Total_loss	: 1.1804
Ent Loss	: -0.0754
Src_cls_loss	: 0.7354
Neighbors Clustering 	: 0.5204
-------------------------------------
[Epoch : 8/20]
Pr_Src_cls_loss	: 1.3482
Total_loss	: 1.1221
Ent Loss	: -0.0750
Src_cls_loss	: 0.6835
Neighbors Clustering 	: 0.5136
-------------------------------------
[Epoch : 9/20]
Pr_Src_cls_loss	: 1.3482
Total_loss	: 1.0706
Ent Loss	: -0.0747
Src_cls_loss	: 0.6377
Neighbors Clustering 	: 0.5076
-------------------------------------
[Epoch : 10/20]
Pr_Src_cls_loss	: 1.3482
Total_loss	: 1.0249
Ent Loss	: -0.0744
Src_cls_loss	: 0.5971
Neighbors Clustering 	: 0.5022
-------------------------------------
[Epoch : 11/20]
Pr_Src_cls_loss	: 1.3482
Total_loss	: 0.9841
Ent Loss	: -0.0742
Src_cls_loss	: 0.5610
Neighbors Clustering 	: 0.4973
-------------------------------------
[Epoch : 12/20]
Pr_Src_cls_loss	: 1.3482
Total_loss	: 0.9473
Ent Loss	: -0.0740
Src_cls_loss	: 0.5287
Neighbors Clustering 	: 0.4925
-------------------------------------
[Epoch : 13/20]
Pr_Src_cls_loss	: 1.3482
Total_loss	: 0.9141
Ent Loss	: -0.0738
Src_cls_loss	: 0.4997
Neighbors Clustering 	: 0.4882
-------------------------------------
[Epoch : 14/20]
Pr_Src_cls_loss	: 1.3482
Total_loss	: 0.8840
Ent Loss	: -0.0736
Src_cls_loss	: 0.4735
Neighbors Clustering 	: 0.4842
-------------------------------------
[Epoch : 15/20]
Pr_Src_cls_loss	: 1.3482
Total_loss	: 0.8566
Ent Loss	: -0.0735
Src_cls_loss	: 0.4498
Neighbors Clustering 	: 0.4803
-------------------------------------
[Epoch : 16/20]
Pr_Src_cls_loss	: 1.3482
Total_loss	: 0.8317
Ent Loss	: -0.0733
Src_cls_loss	: 0.4282
Neighbors Clustering 	: 0.4767
-------------------------------------
[Epoch : 17/20]
Pr_Src_cls_loss	: 1.3482
Total_loss	: 0.8087
Ent Loss	: -0.0732
Src_cls_loss	: 0.4086
Neighbors Clustering 	: 0.4733
-------------------------------------
[Epoch : 18/20]
Pr_Src_cls_loss	: 1.3482
Total_loss	: 0.7876
Ent Loss	: -0.0731
Src_cls_loss	: 0.3906
Neighbors Clustering 	: 0.4701
-------------------------------------
[Epoch : 19/20]
Pr_Src_cls_loss	: 1.3482
Total_loss	: 0.7682
Ent Loss	: -0.0730
Src_cls_loss	: 0.3741
Neighbors Clustering 	: 0.4670
-------------------------------------
[Epoch : 20/20]
Pr_Src_cls_loss	: 1.3482
Total_loss	: 0.7501
Ent Loss	: -0.0729
Src_cls_loss	: 0.3588
Neighbors Clustering 	: 0.4641
-------------------------------------
H_score: 0.2569, OS* (acc_c): 0.1489, UNK (acc_p): 0.9366, acc_mix: 0.5940, F1: 0.5084
Uploading logs from: /mnt/data/home/tp2474/OpenSet-AdaTime/experiments_logs/curriculum/RealWorld to Pamap2_UniDA_hard_n1_fno_mean/DANCE_UniDA_hard_n1_fno_mean/RealWorld_to_Pamap2_run_2
🏃 View run DANCE_run_2 at: http://127.0.0.1:5001/#/experiments/575334350422004563/runs/64f67a88467945859088d161be3ea75d
🧪 View experiment at: http://127.0.0.1:5001/#/experiments/575334350422004563
=============================================
Dataset: RealWorld to Pamap2_UniDA_hard_n1_fno_mean
Method:  DANCE
=============================================
Source: RealWorld ---> Target: Pamap2
Run ID: 3
=============================================
[Pr Epoch : 1/20]
Pr_Src_cls_loss	: 1.4192
-------------------------------------
[Pr Epoch : 2/20]
Pr_Src_cls_loss	: 1.4019
-------------------------------------
[Pr Epoch : 3/20]
Pr_Src_cls_loss	: 1.3933
-------------------------------------
[Pr Epoch : 4/20]
Pr_Src_cls_loss	: 1.3883
-------------------------------------
[Pr Epoch : 5/20]
Pr_Src_cls_loss	: 1.3849
-------------------------------------
[Pr Epoch : 6/20]
Pr_Src_cls_loss	: 1.3823
-------------------------------------
[Pr Epoch : 7/20]
Pr_Src_cls_loss	: 1.3803
-------------------------------------
[Pr Epoch : 8/20]
Pr_Src_cls_loss	: 1.3787
-------------------------------------
[Pr Epoch : 9/20]
Pr_Src_cls_loss	: 1.3774
-------------------------------------
[Pr Epoch : 10/20]
Pr_Src_cls_loss	: 1.3762
-------------------------------------
[Pr Epoch : 11/20]
Pr_Src_cls_loss	: 1.3753
-------------------------------------
[Pr Epoch : 12/20]
Pr_Src_cls_loss	: 1.3744
-------------------------------------
[Pr Epoch : 13/20]
Pr_Src_cls_loss	: 1.3736
-------------------------------------
[Pr Epoch : 14/20]
Pr_Src_cls_loss	: 1.3729
-------------------------------------
[Pr Epoch : 15/20]
Pr_Src_cls_loss	: 1.3723
-------------------------------------
[Pr Epoch : 16/20]
Pr_Src_cls_loss	: 1.3717
-------------------------------------
[Pr Epoch : 17/20]
Pr_Src_cls_loss	: 1.3712
-------------------------------------
[Pr Epoch : 18/20]
Pr_Src_cls_loss	: 1.3707
-------------------------------------
[Pr Epoch : 19/20]
Pr_Src_cls_loss	: 1.3703
-------------------------------------
[Pr Epoch : 20/20]
Pr_Src_cls_loss	: 1.3699
-------------------------------------
[Epoch : 1/20]
Pr_Src_cls_loss	: 1.3699
Total_loss	: 1.7366
Ent Loss	: -0.0796
Src_cls_loss	: 1.2552
Neighbors Clustering 	: 0.5610
-------------------------------------
[Epoch : 2/20]
Pr_Src_cls_loss	: 1.3699
Total_loss	: 1.6184
Ent Loss	: -0.0790
Src_cls_loss	: 1.1508
Neighbors Clustering 	: 0.5466
-------------------------------------
[Epoch : 3/20]
Pr_Src_cls_loss	: 1.3699
Total_loss	: 1.5073
Ent Loss	: -0.0785
Src_cls_loss	: 1.0551
Neighbors Clustering 	: 0.5307
-------------------------------------
[Epoch : 4/20]
Pr_Src_cls_loss	: 1.3699
Total_loss	: 1.4082
Ent Loss	: -0.0780
Src_cls_loss	: 0.9690
Neighbors Clustering 	: 0.5172
-------------------------------------
[Epoch : 5/20]
Pr_Src_cls_loss	: 1.3699
Total_loss	: 1.3204
Ent Loss	: -0.0775
Src_cls_loss	: 0.8925
Neighbors Clustering 	: 0.5054
-------------------------------------
[Epoch : 6/20]
Pr_Src_cls_loss	: 1.3699
Total_loss	: 1.2427
Ent Loss	: -0.0771
Src_cls_loss	: 0.8246
Neighbors Clustering 	: 0.4952
-------------------------------------
[Epoch : 7/20]
Pr_Src_cls_loss	: 1.3699
Total_loss	: 1.1746
Ent Loss	: -0.0768
Src_cls_loss	: 0.7648
Neighbors Clustering 	: 0.4866
-------------------------------------
[Epoch : 8/20]
Pr_Src_cls_loss	: 1.3699
Total_loss	: 1.1144
Ent Loss	: -0.0765
Src_cls_loss	: 0.7120
Neighbors Clustering 	: 0.4789
-------------------------------------
[Epoch : 9/20]
Pr_Src_cls_loss	: 1.3699
Total_loss	: 1.0614
Ent Loss	: -0.0762
Src_cls_loss	: 0.6653
Neighbors Clustering 	: 0.4724
-------------------------------------
[Epoch : 10/20]
Pr_Src_cls_loss	: 1.3699
Total_loss	: nan
Ent Loss	: nan
Src_cls_loss	: nan
Neighbors Clustering 	: nan
-------------------------------------
[Epoch : 11/20]
Pr_Src_cls_loss	: 1.3699
Total_loss	: nan
Ent Loss	: nan
Src_cls_loss	: nan
Neighbors Clustering 	: nan
-------------------------------------
[Epoch : 12/20]
Pr_Src_cls_loss	: 1.3699
Total_loss	: nan
Ent Loss	: nan
Src_cls_loss	: nan
Neighbors Clustering 	: nan
-------------------------------------
[Epoch : 13/20]
Pr_Src_cls_loss	: 1.3699
Total_loss	: nan
Ent Loss	: nan
Src_cls_loss	: nan
Neighbors Clustering 	: nan
-------------------------------------
[Epoch : 14/20]
Pr_Src_cls_loss	: 1.3699
Total_loss	: nan
Ent Loss	: nan
Src_cls_loss	: nan
Neighbors Clustering 	: nan
-------------------------------------
[Epoch : 15/20]
Pr_Src_cls_loss	: 1.3699
Total_loss	: nan
Ent Loss	: nan
Src_cls_loss	: nan
Neighbors Clustering 	: nan
-------------------------------------
[Epoch : 16/20]
Pr_Src_cls_loss	: 1.3699
Total_loss	: nan
Ent Loss	: nan
Src_cls_loss	: nan
Neighbors Clustering 	: nan
-------------------------------------
[Epoch : 17/20]
Pr_Src_cls_loss	: 1.3699
Total_loss	: nan
Ent Loss	: nan
Src_cls_loss	: nan
Neighbors Clustering 	: nan
-------------------------------------
[Epoch : 18/20]
Pr_Src_cls_loss	: 1.3699
Total_loss	: nan
Ent Loss	: nan
Src_cls_loss	: nan
Neighbors Clustering 	: nan
-------------------------------------
[Epoch : 19/20]
Pr_Src_cls_loss	: 1.3699
Total_loss	: nan
Ent Loss	: nan
Src_cls_loss	: nan
Neighbors Clustering 	: nan
-------------------------------------
[Epoch : 20/20]
Pr_Src_cls_loss	: 1.3699
Total_loss	: nan
Ent Loss	: nan
Src_cls_loss	: nan
Neighbors Clustering 	: nan
-------------------------------------
H_score: 0.0000, OS* (acc_c): 0.0000, UNK (acc_p): 0.0000, acc_mix: 0.0000, F1: 0.0000
Uploading logs from: /mnt/data/home/tp2474/OpenSet-AdaTime/experiments_logs/curriculum/RealWorld to Pamap2_UniDA_hard_n1_fno_mean/DANCE_UniDA_hard_n1_fno_mean/RealWorld_to_Pamap2_run_3
🏃 View run DANCE_run_3 at: http://127.0.0.1:5001/#/experiments/575334350422004563/runs/2ca82cc420394184906e82c0ac493a1f
🧪 View experiment at: http://127.0.0.1:5001/#/experiments/575334350422004563
=============================================
Dataset: RealWorld to Pamap2_UniDA_hard_n1_fno_mean
Method:  DANCE
=============================================
Source: RealWorld ---> Target: Pamap2
Run ID: 4
=============================================
[Pr Epoch : 1/20]
Pr_Src_cls_loss	: 1.3941
-------------------------------------
[Pr Epoch : 2/20]
Pr_Src_cls_loss	: 1.3761
-------------------------------------
[Pr Epoch : 3/20]
Pr_Src_cls_loss	: 1.3668
-------------------------------------
[Pr Epoch : 4/20]
Pr_Src_cls_loss	: 1.3610
-------------------------------------
[Pr Epoch : 5/20]
Pr_Src_cls_loss	: 1.3572
-------------------------------------
[Pr Epoch : 6/20]
Pr_Src_cls_loss	: 1.3544
-------------------------------------
[Pr Epoch : 7/20]
Pr_Src_cls_loss	: 1.3522
-------------------------------------
[Pr Epoch : 8/20]
Pr_Src_cls_loss	: 1.3503
-------------------------------------
[Pr Epoch : 9/20]
Pr_Src_cls_loss	: 1.3486
-------------------------------------
[Pr Epoch : 10/20]
Pr_Src_cls_loss	: 1.3472
-------------------------------------
[Pr Epoch : 11/20]
Pr_Src_cls_loss	: 1.3460
-------------------------------------
[Pr Epoch : 12/20]
Pr_Src_cls_loss	: 1.3448
-------------------------------------
[Pr Epoch : 13/20]
Pr_Src_cls_loss	: 1.3438
-------------------------------------
[Pr Epoch : 14/20]
Pr_Src_cls_loss	: 1.3429
-------------------------------------
[Pr Epoch : 15/20]
Pr_Src_cls_loss	: 1.3421
-------------------------------------
[Pr Epoch : 16/20]
Pr_Src_cls_loss	: 1.3413
-------------------------------------
[Pr Epoch : 17/20]
Pr_Src_cls_loss	: 1.3406
-------------------------------------
[Pr Epoch : 18/20]
Pr_Src_cls_loss	: 1.3400
-------------------------------------
[Pr Epoch : 19/20]
Pr_Src_cls_loss	: 1.3395
-------------------------------------
[Pr Epoch : 20/20]
Pr_Src_cls_loss	: 1.3390
-------------------------------------
[Epoch : 1/20]
Pr_Src_cls_loss	: 1.3390
Total_loss	: 1.6966
Ent Loss	: -0.0793
Src_cls_loss	: 1.2165
Neighbors Clustering 	: 0.5594
-------------------------------------
[Epoch : 2/20]
Pr_Src_cls_loss	: 1.3390
Total_loss	: 1.5847
Ent Loss	: -0.0787
Src_cls_loss	: 1.1110
Neighbors Clustering 	: 0.5524
-------------------------------------
[Epoch : 3/20]
Pr_Src_cls_loss	: 1.3390
Total_loss	: 1.4780
Ent Loss	: -0.0780
Src_cls_loss	: 1.0150
Neighbors Clustering 	: 0.5409
-------------------------------------
[Epoch : 4/20]
Pr_Src_cls_loss	: 1.3390
Total_loss	: 1.3840
Ent Loss	: -0.0773
Src_cls_loss	: 0.9296
Neighbors Clustering 	: 0.5317
-------------------------------------
[Epoch : 5/20]
Pr_Src_cls_loss	: 1.3390
Total_loss	: 1.3004
Ent Loss	: -0.0767
Src_cls_loss	: 0.8542
Neighbors Clustering 	: 0.5229
-------------------------------------
[Epoch : 6/20]
Pr_Src_cls_loss	: 1.3390
Total_loss	: 1.2276
Ent Loss	: -0.0762
Src_cls_loss	: 0.7877
Neighbors Clustering 	: 0.5160
-------------------------------------
[Epoch : 7/20]
Pr_Src_cls_loss	: 1.3390
Total_loss	: 1.1633
Ent Loss	: -0.0758
Src_cls_loss	: 0.7294
Neighbors Clustering 	: 0.5097
-------------------------------------
[Epoch : 8/20]
Pr_Src_cls_loss	: 1.3390
Total_loss	: 1.1065
Ent Loss	: -0.0754
Src_cls_loss	: 0.6780
Neighbors Clustering 	: 0.5039
-------------------------------------
[Epoch : 9/20]
Pr_Src_cls_loss	: 1.3390
Total_loss	: 1.0564
Ent Loss	: -0.0751
Src_cls_loss	: 0.6328
Neighbors Clustering 	: 0.4987
-------------------------------------
[Epoch : 10/20]
Pr_Src_cls_loss	: 1.3390
Total_loss	: 1.0116
Ent Loss	: -0.0748
Src_cls_loss	: 0.5926
Neighbors Clustering 	: 0.4939
-------------------------------------
[Epoch : 11/20]
Pr_Src_cls_loss	: 1.3390
Total_loss	: 0.9715
Ent Loss	: -0.0746
Src_cls_loss	: 0.5568
Neighbors Clustering 	: 0.4893
-------------------------------------
[Epoch : 12/20]
Pr_Src_cls_loss	: 1.3390
Total_loss	: 0.9355
Ent Loss	: -0.0743
Src_cls_loss	: 0.5247
Neighbors Clustering 	: 0.4851
-------------------------------------
[Epoch : 13/20]
Pr_Src_cls_loss	: 1.3390
Total_loss	: 0.9033
Ent Loss	: -0.0742
Src_cls_loss	: 0.4960
Neighbors Clustering 	: 0.4814
-------------------------------------
[Epoch : 14/20]
Pr_Src_cls_loss	: 1.3390
Total_loss	: 0.8740
Ent Loss	: -0.0740
Src_cls_loss	: 0.4702
Neighbors Clustering 	: 0.4777
-------------------------------------
[Epoch : 15/20]
Pr_Src_cls_loss	: 1.3390
Total_loss	: 0.8474
Ent Loss	: -0.0738
Src_cls_loss	: 0.4468
Neighbors Clustering 	: 0.4744
-------------------------------------
[Epoch : 16/20]
Pr_Src_cls_loss	: 1.3390
Total_loss	: 0.8230
Ent Loss	: -0.0736
Src_cls_loss	: 0.4254
Neighbors Clustering 	: 0.4713
-------------------------------------
[Epoch : 17/20]
Pr_Src_cls_loss	: 1.3390
Total_loss	: 0.8007
Ent Loss	: -0.0735
Src_cls_loss	: 0.4059
Neighbors Clustering 	: 0.4683
-------------------------------------
[Epoch : 18/20]
Pr_Src_cls_loss	: 1.3390
Total_loss	: 0.7802
Ent Loss	: -0.0734
Src_cls_loss	: 0.3881
Neighbors Clustering 	: 0.4655
-------------------------------------
[Epoch : 19/20]
Pr_Src_cls_loss	: 1.3390
Total_loss	: 0.7614
Ent Loss	: -0.0733
Src_cls_loss	: 0.3718
Neighbors Clustering 	: 0.4629
-------------------------------------
[Epoch : 20/20]
Pr_Src_cls_loss	: 1.3390
Total_loss	: 0.7438
Ent Loss	: -0.0732
Src_cls_loss	: 0.3567
Neighbors Clustering 	: 0.4603
-------------------------------------
H_score: 0.1304, OS* (acc_c): 0.0701, UNK (acc_p): 0.9238, acc_mix: 0.5525, F1: 0.4426
Uploading logs from: /mnt/data/home/tp2474/OpenSet-AdaTime/experiments_logs/curriculum/RealWorld to Pamap2_UniDA_hard_n1_fno_mean/DANCE_UniDA_hard_n1_fno_mean/RealWorld_to_Pamap2_run_4
🏃 View run DANCE_run_4 at: http://127.0.0.1:5001/#/experiments/575334350422004563/runs/349b86ea014143448b53aabc2e7f9ee8
🧪 View experiment at: http://127.0.0.1:5001/#/experiments/575334350422004563
==================== [n1 fno_mean] PPOT ====================
[curriculum] scenario=UniDA  strategy=hard  n_unknown=1  rank_variant=fno_mean
[curriculum] source mapping (5 classes): {'lying': 'lying', 'sitting': 'sitting', 'walking': 'walking', 'running': 'running', 'climbingup': 'climbingup'}
[curriculum] target mapping (5 classes): {'lying': 'lying', 'sitting': 'sitting', 'walking': 'walking', 'running': 'running', 'other (transient activities)': 'other (transient activities)'}
[curriculum] unknowns added (in hard order): src=[climbingup] | trg=[other (transient activities)]
[scenario] PPOT -> UniDA (uniDA=True)
Unlabeled data shape:  (10947, 150, 18)
Unlabelled Combined shape: (18238, 150, 18)

--- Dataloader Size Check ---
Source Train batches:   344
Target Train batches:   171
-------------------------------

Private classes:  tensor([5.])
=============================================
Dataset: RealWorld to Pamap2_UniDA_hard_n1_fno_mean
Method:  PPOT
=============================================
Source: RealWorld ---> Target: Pamap2
Run ID: 0
=============================================
[Pr Epoch : 1/20]
Pr_Src_cls_loss	: 1.4395
-------------------------------------
[Pr Epoch : 2/20]
Pr_Src_cls_loss	: 1.3682
-------------------------------------
[Pr Epoch : 3/20]
Pr_Src_cls_loss	: 1.3052
-------------------------------------
[Pr Epoch : 4/20]
Pr_Src_cls_loss	: 1.2466
-------------------------------------
[Pr Epoch : 5/20]
Pr_Src_cls_loss	: 1.1921
-------------------------------------
[Pr Epoch : 6/20]
Pr_Src_cls_loss	: 1.1413
-------------------------------------
[Pr Epoch : 7/20]
Pr_Src_cls_loss	: 1.0936
-------------------------------------
[Pr Epoch : 8/20]
Pr_Src_cls_loss	: 1.0488
-------------------------------------
[Pr Epoch : 9/20]
Pr_Src_cls_loss	: 1.0066
-------------------------------------
[Pr Epoch : 10/20]
Pr_Src_cls_loss	: 0.9669
-------------------------------------
[Pr Epoch : 11/20]
Pr_Src_cls_loss	: 0.9295
-------------------------------------
[Pr Epoch : 12/20]
Pr_Src_cls_loss	: 0.8944
-------------------------------------
[Pr Epoch : 13/20]
Pr_Src_cls_loss	: 0.8612
-------------------------------------
[Pr Epoch : 14/20]
Pr_Src_cls_loss	: 0.8300
-------------------------------------
[Pr Epoch : 15/20]
Pr_Src_cls_loss	: 0.8006
-------------------------------------
[Pr Epoch : 16/20]
Pr_Src_cls_loss	: 0.7728
-------------------------------------
[Pr Epoch : 17/20]
Pr_Src_cls_loss	: 0.7465
-------------------------------------
[Pr Epoch : 18/20]
Pr_Src_cls_loss	: 0.7217
-------------------------------------
[Pr Epoch : 19/20]
Pr_Src_cls_loss	: 0.6981
-------------------------------------
[Pr Epoch : 20/20]
Pr_Src_cls_loss	: 0.6758
-------------------------------------
[Epoch : 1/20]
Pr_Src_cls_loss	: 0.6758
Total_loss	: -0.2545
OT Loss	: 0.2531
Entropic Loss	: -0.9332
Src_cls_loss	: 0.2989
-------------------------------------
[Epoch : 2/20]
Pr_Src_cls_loss	: 0.6758
Total_loss	: -0.3618
OT Loss	: 0.2401
Entropic Loss	: -0.9617
Src_cls_loss	: 0.2398
-------------------------------------
[Epoch : 3/20]
Pr_Src_cls_loss	: 0.6758
Total_loss	: -0.4459
OT Loss	: 0.2504
Entropic Loss	: -1.0512
Src_cls_loss	: 0.2297
-------------------------------------
[Epoch : 4/20]
Pr_Src_cls_loss	: 0.6758
Total_loss	: -0.4784
OT Loss	: 0.2440
Entropic Loss	: -1.0683
Src_cls_loss	: 0.2240
-------------------------------------
[Epoch : 5/20]
Pr_Src_cls_loss	: 0.6758
Total_loss	: -0.4548
OT Loss	: 0.2621
Entropic Loss	: -1.0672
Src_cls_loss	: 0.2193
-------------------------------------
[Epoch : 6/20]
Pr_Src_cls_loss	: 0.6758
Total_loss	: -0.4423
OT Loss	: 0.2550
Entropic Loss	: -1.0381
Src_cls_loss	: 0.2134
-------------------------------------
[Epoch : 7/20]
Pr_Src_cls_loss	: 0.6758
Total_loss	: -0.4457
OT Loss	: 0.2524
Entropic Loss	: -1.0274
Src_cls_loss	: 0.2030
-------------------------------------
[Epoch : 8/20]
Pr_Src_cls_loss	: 0.6758
Total_loss	: -0.4515
OT Loss	: 0.2502
Entropic Loss	: -1.0192
Src_cls_loss	: 0.1924
-------------------------------------
[Epoch : 9/20]
Pr_Src_cls_loss	: 0.6758
Total_loss	: -0.4581
OT Loss	: 0.2499
Entropic Loss	: -1.0170
Src_cls_loss	: 0.1841
-------------------------------------
[Epoch : 10/20]
Pr_Src_cls_loss	: 0.6758
Total_loss	: -0.4512
OT Loss	: 0.2442
Entropic Loss	: -0.9971
Src_cls_loss	: 0.1795
-------------------------------------
[Epoch : 11/20]
Pr_Src_cls_loss	: 0.6758
Total_loss	: -0.4463
OT Loss	: 0.2443
Entropic Loss	: -0.9930
Src_cls_loss	: 0.1802
-------------------------------------
[Epoch : 12/20]
Pr_Src_cls_loss	: 0.6758
Total_loss	: -0.4517
OT Loss	: 0.2424
Entropic Loss	: -0.9908
Src_cls_loss	: 0.1755
-------------------------------------
[Epoch : 13/20]
Pr_Src_cls_loss	: 0.6758
Total_loss	: -0.4371
OT Loss	: 0.2435
Entropic Loss	: -0.9757
Src_cls_loss	: 0.1734
-------------------------------------
[Epoch : 14/20]
Pr_Src_cls_loss	: 0.6758
Total_loss	: -0.4281
OT Loss	: 0.2467
Entropic Loss	: -0.9683
Src_cls_loss	: 0.1701
-------------------------------------
[Epoch : 15/20]
Pr_Src_cls_loss	: 0.6758
Total_loss	: -0.4249
OT Loss	: 0.2456
Entropic Loss	: -0.9597
Src_cls_loss	: 0.1665
-------------------------------------
[Epoch : 16/20]
Pr_Src_cls_loss	: 0.6758
Total_loss	: -0.4181
OT Loss	: 0.2431
Entropic Loss	: -0.9467
Src_cls_loss	: 0.1640
-------------------------------------
[Epoch : 17/20]
Pr_Src_cls_loss	: 0.6758
Total_loss	: -0.4194
OT Loss	: 0.2434
Entropic Loss	: -0.9488
Src_cls_loss	: 0.1642
-------------------------------------
[Epoch : 18/20]
Pr_Src_cls_loss	: 0.6758
Total_loss	: -0.4156
OT Loss	: 0.2446
Entropic Loss	: -0.9439
Src_cls_loss	: 0.1615
-------------------------------------
[Epoch : 19/20]
Pr_Src_cls_loss	: 0.6758
Total_loss	: -0.4199
OT Loss	: 0.2453
Entropic Loss	: -0.9446
Src_cls_loss	: 0.1566
-------------------------------------
[Epoch : 20/20]
Pr_Src_cls_loss	: 0.6758
Total_loss	: -0.4182
OT Loss	: 0.2438
Entropic Loss	: -0.9376
Src_cls_loss	: 0.1536
-------------------------------------
/mnt/data/home/tp2474/OpenSet-AdaTime/trainers/abstract_trainer.py:331: FutureWarning: The behavior of DataFrame concatenation with empty or all-NA entries is deprecated. In a future version, this will no longer exclude empty or all-NA columns when determining the result dtypes. To retain the old behavior, exclude the relevant entries before the concat operation.
  table = pd.concat([table, results_df], ignore_index=True)
H_score: 0.4898, OS* (acc_c): 0.5378, UNK (acc_p): 0.4496, acc_mix: 0.4880, F1: 0.5325
Uploading logs from: /mnt/data/home/tp2474/OpenSet-AdaTime/experiments_logs/curriculum/RealWorld to Pamap2_UniDA_hard_n1_fno_mean/PPOT_UniDA_hard_n1_fno_mean/RealWorld_to_Pamap2_run_0
🏃 View run PPOT_run_0 at: http://127.0.0.1:5001/#/experiments/575334350422004563/runs/30fd96faae7840bbb1249179270a12c9
🧪 View experiment at: http://127.0.0.1:5001/#/experiments/575334350422004563
=============================================
Dataset: RealWorld to Pamap2_UniDA_hard_n1_fno_mean
Method:  PPOT
=============================================
Source: RealWorld ---> Target: Pamap2
Run ID: 1
=============================================
[Pr Epoch : 1/20]
Pr_Src_cls_loss	: 1.4430
-------------------------------------
[Pr Epoch : 2/20]
Pr_Src_cls_loss	: 1.3768
-------------------------------------
[Pr Epoch : 3/20]
Pr_Src_cls_loss	: 1.3177
-------------------------------------
[Pr Epoch : 4/20]
Pr_Src_cls_loss	: 1.2613
-------------------------------------
[Pr Epoch : 5/20]
Pr_Src_cls_loss	: 1.2080
-------------------------------------
[Pr Epoch : 6/20]
Pr_Src_cls_loss	: 1.1574
-------------------------------------
[Pr Epoch : 7/20]
Pr_Src_cls_loss	: 1.1096
-------------------------------------
[Pr Epoch : 8/20]
Pr_Src_cls_loss	: 1.0646
-------------------------------------
[Pr Epoch : 9/20]
Pr_Src_cls_loss	: 1.0222
-------------------------------------
[Pr Epoch : 10/20]
Pr_Src_cls_loss	: 0.9822
-------------------------------------
[Pr Epoch : 11/20]
Pr_Src_cls_loss	: 0.9445
-------------------------------------
[Pr Epoch : 12/20]
Pr_Src_cls_loss	: 0.9089
-------------------------------------
[Pr Epoch : 13/20]
Pr_Src_cls_loss	: 0.8753
-------------------------------------
[Pr Epoch : 14/20]
Pr_Src_cls_loss	: 0.8436
-------------------------------------
[Pr Epoch : 15/20]
Pr_Src_cls_loss	: 0.8136
-------------------------------------
[Pr Epoch : 16/20]
Pr_Src_cls_loss	: 0.7852
-------------------------------------
[Pr Epoch : 17/20]
Pr_Src_cls_loss	: 0.7584
-------------------------------------
[Pr Epoch : 18/20]
Pr_Src_cls_loss	: 0.7330
-------------------------------------
[Pr Epoch : 19/20]
Pr_Src_cls_loss	: 0.7091
-------------------------------------
[Pr Epoch : 20/20]
Pr_Src_cls_loss	: 0.6864
-------------------------------------
[Epoch : 1/20]
Pr_Src_cls_loss	: 0.6864
Total_loss	: -0.5326
OT Loss	: 0.2675
Entropic Loss	: -1.1814
Src_cls_loss	: 0.2476
-------------------------------------
[Epoch : 2/20]
Pr_Src_cls_loss	: 0.6864
Total_loss	: -0.4806
OT Loss	: 0.2583
Entropic Loss	: -1.0990
Src_cls_loss	: 0.2310
-------------------------------------
[Epoch : 3/20]
Pr_Src_cls_loss	: 0.6864
Total_loss	: -0.4467
OT Loss	: 0.2626
Entropic Loss	: -1.0655
Src_cls_loss	: 0.2249
-------------------------------------
[Epoch : 4/20]
Pr_Src_cls_loss	: 0.6864
Total_loss	: -0.4067
OT Loss	: 0.2540
Entropic Loss	: -1.0218
Src_cls_loss	: 0.2341
-------------------------------------
[Epoch : 5/20]
Pr_Src_cls_loss	: 0.6864
Total_loss	: -0.2700
OT Loss	: 0.2752
Entropic Loss	: -0.9247
Src_cls_loss	: 0.2418
-------------------------------------
[Epoch : 6/20]
Pr_Src_cls_loss	: 0.6864
Total_loss	: -0.2436
OT Loss	: 0.2686
Entropic Loss	: -0.8798
Src_cls_loss	: 0.2332
-------------------------------------
[Epoch : 7/20]
Pr_Src_cls_loss	: 0.6864
Total_loss	: -0.2500
OT Loss	: 0.2621
Entropic Loss	: -0.8667
Src_cls_loss	: 0.2235
-------------------------------------
[Epoch : 8/20]
Pr_Src_cls_loss	: 0.6864
Total_loss	: -0.2451
OT Loss	: 0.2611
Entropic Loss	: -0.8531
Src_cls_loss	: 0.2163
-------------------------------------
[Epoch : 9/20]
Pr_Src_cls_loss	: 0.6864
Total_loss	: -0.2447
OT Loss	: 0.2556
Entropic Loss	: -0.8355
Src_cls_loss	: 0.2075
-------------------------------------
[Epoch : 10/20]
Pr_Src_cls_loss	: 0.6864
Total_loss	: -0.2440
OT Loss	: 0.2540
Entropic Loss	: -0.8259
Src_cls_loss	: 0.2009
-------------------------------------
[Epoch : 11/20]
Pr_Src_cls_loss	: 0.6864
Total_loss	: -0.2355
OT Loss	: 0.2493
Entropic Loss	: -0.8061
Src_cls_loss	: 0.1966
-------------------------------------
[Epoch : 12/20]
Pr_Src_cls_loss	: 0.6864
Total_loss	: -0.2274
OT Loss	: 0.2459
Entropic Loss	: -0.7878
Src_cls_loss	: 0.1916
-------------------------------------
[Epoch : 13/20]
Pr_Src_cls_loss	: 0.6864
Total_loss	: -0.2101
OT Loss	: 0.2531
Entropic Loss	: -0.7760
Src_cls_loss	: 0.1863
-------------------------------------
[Epoch : 14/20]
Pr_Src_cls_loss	: 0.6864
Total_loss	: -0.2127
OT Loss	: 0.2523
Entropic Loss	: -0.7728
Src_cls_loss	: 0.1816
-------------------------------------
[Epoch : 15/20]
Pr_Src_cls_loss	: 0.6864
Total_loss	: -0.2124
OT Loss	: 0.2537
Entropic Loss	: -0.7716
Src_cls_loss	: 0.1786
-------------------------------------
[Epoch : 16/20]
Pr_Src_cls_loss	: 0.6864
Total_loss	: -0.2156
OT Loss	: 0.2497
Entropic Loss	: -0.7630
Src_cls_loss	: 0.1729
-------------------------------------
[Epoch : 17/20]
Pr_Src_cls_loss	: 0.6864
Total_loss	: -0.2253
OT Loss	: 0.2481
Entropic Loss	: -0.7663
Src_cls_loss	: 0.1689
-------------------------------------
[Epoch : 18/20]
Pr_Src_cls_loss	: 0.6864
Total_loss	: -0.2248
OT Loss	: 0.2457
Entropic Loss	: -0.7602
Src_cls_loss	: 0.1669
-------------------------------------
[Epoch : 19/20]
Pr_Src_cls_loss	: 0.6864
Total_loss	: -0.2319
OT Loss	: 0.2450
Entropic Loss	: -0.7609
Src_cls_loss	: 0.1615
-------------------------------------
[Epoch : 20/20]
Pr_Src_cls_loss	: 0.6864
Total_loss	: -0.2384
OT Loss	: 0.2453
Entropic Loss	: -0.7632
Src_cls_loss	: 0.1569
-------------------------------------
H_score: 0.4763, OS* (acc_c): 0.6073, UNK (acc_p): 0.3918, acc_mix: 0.4855, F1: 0.5389
Uploading logs from: /mnt/data/home/tp2474/OpenSet-AdaTime/experiments_logs/curriculum/RealWorld to Pamap2_UniDA_hard_n1_fno_mean/PPOT_UniDA_hard_n1_fno_mean/RealWorld_to_Pamap2_run_1
🏃 View run PPOT_run_1 at: http://127.0.0.1:5001/#/experiments/575334350422004563/runs/bcc85bf70b8e46b4b8df6dca362defa5
🧪 View experiment at: http://127.0.0.1:5001/#/experiments/575334350422004563
=============================================
Dataset: RealWorld to Pamap2_UniDA_hard_n1_fno_mean
Method:  PPOT
=============================================
Source: RealWorld ---> Target: Pamap2
Run ID: 2
=============================================
[Pr Epoch : 1/20]
Pr_Src_cls_loss	: 1.4379
-------------------------------------
[Pr Epoch : 2/20]
Pr_Src_cls_loss	: 1.3672
-------------------------------------
[Pr Epoch : 3/20]
Pr_Src_cls_loss	: 1.3049
-------------------------------------
[Pr Epoch : 4/20]
Pr_Src_cls_loss	: 1.2465
-------------------------------------
[Pr Epoch : 5/20]
Pr_Src_cls_loss	: 1.1919
-------------------------------------
[Pr Epoch : 6/20]
Pr_Src_cls_loss	: 1.1406
-------------------------------------
[Pr Epoch : 7/20]
Pr_Src_cls_loss	: 1.0923
-------------------------------------
[Pr Epoch : 8/20]
Pr_Src_cls_loss	: 1.0470
-------------------------------------
[Pr Epoch : 9/20]
Pr_Src_cls_loss	: 1.0043
-------------------------------------
[Pr Epoch : 10/20]
Pr_Src_cls_loss	: 0.9643
-------------------------------------
[Pr Epoch : 11/20]
Pr_Src_cls_loss	: 0.9266
-------------------------------------
[Pr Epoch : 12/20]
Pr_Src_cls_loss	: 0.8910
-------------------------------------
[Pr Epoch : 13/20]
Pr_Src_cls_loss	: 0.8575
-------------------------------------
[Pr Epoch : 14/20]
Pr_Src_cls_loss	: 0.8260
-------------------------------------
[Pr Epoch : 15/20]
Pr_Src_cls_loss	: 0.7962
-------------------------------------
[Pr Epoch : 16/20]
Pr_Src_cls_loss	: 0.7681
-------------------------------------
[Pr Epoch : 17/20]
Pr_Src_cls_loss	: 0.7416
-------------------------------------
[Pr Epoch : 18/20]
Pr_Src_cls_loss	: 0.7166
-------------------------------------
[Pr Epoch : 19/20]
Pr_Src_cls_loss	: 0.6928
-------------------------------------
[Pr Epoch : 20/20]
Pr_Src_cls_loss	: 0.6704
-------------------------------------
[Epoch : 1/20]
Pr_Src_cls_loss	: 0.6704
Total_loss	: -0.6055
OT Loss	: 0.2408
Entropic Loss	: -1.2541
Src_cls_loss	: 0.2875
-------------------------------------
[Epoch : 2/20]
Pr_Src_cls_loss	: 0.6704
Total_loss	: -0.6143
OT Loss	: 0.2362
Entropic Loss	: -1.2629
Src_cls_loss	: 0.2942
-------------------------------------
[Epoch : 3/20]
Pr_Src_cls_loss	: 0.6704
Total_loss	: -0.6226
OT Loss	: 0.2301
Entropic Loss	: -1.2366
Src_cls_loss	: 0.2689
-------------------------------------
[Epoch : 4/20]
Pr_Src_cls_loss	: 0.6704
Total_loss	: -0.6157
OT Loss	: 0.2289
Entropic Loss	: -1.2293
Src_cls_loss	: 0.2702
-------------------------------------
[Epoch : 5/20]
Pr_Src_cls_loss	: 0.6704
Total_loss	: -0.6522
OT Loss	: 0.2252
Entropic Loss	: -1.2484
Src_cls_loss	: 0.2584
-------------------------------------
[Epoch : 6/20]
Pr_Src_cls_loss	: 0.6704
Total_loss	: -0.6588
OT Loss	: 0.2291
Entropic Loss	: -1.2478
Src_cls_loss	: 0.2454
-------------------------------------
[Epoch : 7/20]
Pr_Src_cls_loss	: 0.6704
Total_loss	: -0.6740
OT Loss	: 0.2300
Entropic Loss	: -1.2475
Src_cls_loss	: 0.2284
-------------------------------------
[Epoch : 8/20]
Pr_Src_cls_loss	: 0.6704
Total_loss	: -0.6938
OT Loss	: 0.2260
Entropic Loss	: -1.2523
Src_cls_loss	: 0.2195
-------------------------------------
[Epoch : 9/20]
Pr_Src_cls_loss	: 0.6704
Total_loss	: -0.6996
OT Loss	: 0.2239
Entropic Loss	: -1.2491
Src_cls_loss	: 0.2136
-------------------------------------
[Epoch : 10/20]
Pr_Src_cls_loss	: 0.6704
Total_loss	: -0.7087
OT Loss	: 0.2254
Entropic Loss	: -1.2540
Src_cls_loss	: 0.2073
-------------------------------------
[Epoch : 11/20]
Pr_Src_cls_loss	: 0.6704
Total_loss	: -0.7097
OT Loss	: 0.2288
Entropic Loss	: -1.2545
Src_cls_loss	: 0.2015
-------------------------------------
[Epoch : 12/20]
Pr_Src_cls_loss	: 0.6704
Total_loss	: -0.7233
OT Loss	: 0.2314
Entropic Loss	: -1.2630
Src_cls_loss	: 0.1926
-------------------------------------
[Epoch : 13/20]
Pr_Src_cls_loss	: 0.6704
Total_loss	: -0.7355
OT Loss	: 0.2282
Entropic Loss	: -1.2642
Src_cls_loss	: 0.1865
-------------------------------------
[Epoch : 14/20]
Pr_Src_cls_loss	: 0.6704
Total_loss	: -0.7398
OT Loss	: 0.2294
Entropic Loss	: -1.2646
Src_cls_loss	: 0.1808
-------------------------------------
[Epoch : 15/20]
Pr_Src_cls_loss	: 0.6704
Total_loss	: -0.7598
OT Loss	: 0.2268
Entropic Loss	: -1.2770
Src_cls_loss	: 0.1771
-------------------------------------
[Epoch : 16/20]
Pr_Src_cls_loss	: 0.6704
Total_loss	: -0.7696
OT Loss	: 0.2279
Entropic Loss	: -1.2830
Src_cls_loss	: 0.1715
-------------------------------------
[Epoch : 17/20]
Pr_Src_cls_loss	: 0.6704
Total_loss	: -0.7786
OT Loss	: 0.2248
Entropic Loss	: -1.2839
Src_cls_loss	: 0.1681
-------------------------------------
[Epoch : 18/20]
Pr_Src_cls_loss	: 0.6704
Total_loss	: -0.7922
OT Loss	: 0.2235
Entropic Loss	: -1.2894
Src_cls_loss	: 0.1620
-------------------------------------
[Epoch : 19/20]
Pr_Src_cls_loss	: 0.6704
Total_loss	: -0.8013
OT Loss	: 0.2224
Entropic Loss	: -1.2944
Src_cls_loss	: 0.1593
-------------------------------------
[Epoch : 20/20]
Pr_Src_cls_loss	: 0.6704
Total_loss	: -0.8116
OT Loss	: 0.2211
Entropic Loss	: -1.2986
Src_cls_loss	: 0.1553
-------------------------------------
H_score: 0.4737, OS* (acc_c): 0.4259, UNK (acc_p): 0.5335, acc_mix: 0.4867, F1: 0.5204
Uploading logs from: /mnt/data/home/tp2474/OpenSet-AdaTime/experiments_logs/curriculum/RealWorld to Pamap2_UniDA_hard_n1_fno_mean/PPOT_UniDA_hard_n1_fno_mean/RealWorld_to_Pamap2_run_2
🏃 View run PPOT_run_2 at: http://127.0.0.1:5001/#/experiments/575334350422004563/runs/b1a24141e447443aa9713ef1b786e21a
🧪 View experiment at: http://127.0.0.1:5001/#/experiments/575334350422004563
=============================================
Dataset: RealWorld to Pamap2_UniDA_hard_n1_fno_mean
Method:  PPOT
=============================================
Source: RealWorld ---> Target: Pamap2
Run ID: 3
=============================================
[Pr Epoch : 1/20]
Pr_Src_cls_loss	: 1.4299
-------------------------------------
[Pr Epoch : 2/20]
Pr_Src_cls_loss	: 1.3577
-------------------------------------
[Pr Epoch : 3/20]
Pr_Src_cls_loss	: 1.2940
-------------------------------------
[Pr Epoch : 4/20]
Pr_Src_cls_loss	: 1.2354
-------------------------------------
[Pr Epoch : 5/20]
Pr_Src_cls_loss	: 1.1814
-------------------------------------
[Pr Epoch : 6/20]
Pr_Src_cls_loss	: 1.1308
-------------------------------------
[Pr Epoch : 7/20]
Pr_Src_cls_loss	: 1.0832
-------------------------------------
[Pr Epoch : 8/20]
Pr_Src_cls_loss	: 1.0386
-------------------------------------
[Pr Epoch : 9/20]
Pr_Src_cls_loss	: 0.9966
-------------------------------------
[Pr Epoch : 10/20]
Pr_Src_cls_loss	: 0.9571
-------------------------------------
[Pr Epoch : 11/20]
Pr_Src_cls_loss	: 0.9199
-------------------------------------
[Pr Epoch : 12/20]
Pr_Src_cls_loss	: 0.8850
-------------------------------------
[Pr Epoch : 13/20]
Pr_Src_cls_loss	: 0.8520
-------------------------------------
[Pr Epoch : 14/20]
Pr_Src_cls_loss	: 0.8208
-------------------------------------
[Pr Epoch : 15/20]
Pr_Src_cls_loss	: 0.7915
-------------------------------------
[Pr Epoch : 16/20]
Pr_Src_cls_loss	: 0.7639
-------------------------------------
[Pr Epoch : 17/20]
Pr_Src_cls_loss	: 0.7378
-------------------------------------
[Pr Epoch : 18/20]
Pr_Src_cls_loss	: 0.7131
-------------------------------------
[Pr Epoch : 19/20]
Pr_Src_cls_loss	: 0.6897
-------------------------------------
[Pr Epoch : 20/20]
Pr_Src_cls_loss	: 0.6676
-------------------------------------
[Epoch : 1/20]
Pr_Src_cls_loss	: 0.6676
Total_loss	: -0.6007
OT Loss	: 0.2676
Entropic Loss	: -1.2670
Src_cls_loss	: 0.2649
-------------------------------------
[Epoch : 2/20]
Pr_Src_cls_loss	: 0.6676
Total_loss	: -0.6587
OT Loss	: 0.2657
Entropic Loss	: -1.2837
Src_cls_loss	: 0.2265
-------------------------------------
[Epoch : 3/20]
Pr_Src_cls_loss	: 0.6676
Total_loss	: -0.6413
OT Loss	: 0.2624
Entropic Loss	: -1.2643
Src_cls_loss	: 0.2295
-------------------------------------
[Epoch : 4/20]
Pr_Src_cls_loss	: 0.6676
Total_loss	: -0.6534
OT Loss	: 0.2518
Entropic Loss	: -1.2471
Src_cls_loss	: 0.2161
-------------------------------------
[Epoch : 5/20]
Pr_Src_cls_loss	: 0.6676
Total_loss	: -0.6244
OT Loss	: 0.2528
Entropic Loss	: -1.2148
Src_cls_loss	: 0.2111
-------------------------------------
[Epoch : 6/20]
Pr_Src_cls_loss	: 0.6676
Total_loss	: -0.6322
OT Loss	: 0.2478
Entropic Loss	: -1.2112
Src_cls_loss	: 0.2073
-------------------------------------
[Epoch : 7/20]
Pr_Src_cls_loss	: 0.6676
Total_loss	: -0.6405
OT Loss	: 0.2480
Entropic Loss	: -1.2142
Src_cls_loss	: 0.2017
-------------------------------------
[Epoch : 8/20]
Pr_Src_cls_loss	: 0.6676
Total_loss	: -0.6514
OT Loss	: 0.2451
Entropic Loss	: -1.2153
Src_cls_loss	: 0.1962
-------------------------------------
[Epoch : 9/20]
Pr_Src_cls_loss	: 0.6676
Total_loss	: -0.6164
OT Loss	: 0.2511
Entropic Loss	: -1.1837
Src_cls_loss	: 0.1908
-------------------------------------
[Epoch : 10/20]
Pr_Src_cls_loss	: 0.6676
Total_loss	: -0.6121
OT Loss	: 0.2513
Entropic Loss	: -1.1716
Src_cls_loss	: 0.1825
-------------------------------------
[Epoch : 11/20]
Pr_Src_cls_loss	: 0.6676
Total_loss	: -0.6138
OT Loss	: 0.2451
Entropic Loss	: -1.1561
Src_cls_loss	: 0.1747
-------------------------------------
[Epoch : 12/20]
Pr_Src_cls_loss	: 0.6676
Total_loss	: -0.6206
OT Loss	: 0.2441
Entropic Loss	: -1.1560
Src_cls_loss	: 0.1692
-------------------------------------
[Epoch : 13/20]
Pr_Src_cls_loss	: 0.6676
Total_loss	: -0.6230
OT Loss	: 0.2470
Entropic Loss	: -1.1568
Src_cls_loss	: 0.1633
-------------------------------------
[Epoch : 14/20]
Pr_Src_cls_loss	: 0.6676
Total_loss	: -0.6280
OT Loss	: 0.2470
Entropic Loss	: -1.1554
Src_cls_loss	: 0.1569
-------------------------------------
[Epoch : 15/20]
Pr_Src_cls_loss	: 0.6676
Total_loss	: -0.6422
OT Loss	: 0.2452
Entropic Loss	: -1.1637
Src_cls_loss	: 0.1538
-------------------------------------
[Epoch : 16/20]
Pr_Src_cls_loss	: 0.6676
Total_loss	: -0.6099
OT Loss	: 0.2539
Entropic Loss	: -1.1441
Src_cls_loss	: 0.1534
-------------------------------------
[Epoch : 17/20]
Pr_Src_cls_loss	: 0.6676
Total_loss	: -0.6282
OT Loss	: 0.2503
Entropic Loss	: -1.1520
Src_cls_loss	: 0.1483
-------------------------------------
[Epoch : 18/20]
Pr_Src_cls_loss	: 0.6676
Total_loss	: -0.6397
OT Loss	: 0.2491
Entropic Loss	: -1.1587
Src_cls_loss	: 0.1454
-------------------------------------
[Epoch : 19/20]
Pr_Src_cls_loss	: 0.6676
Total_loss	: -0.6431
OT Loss	: 0.2503
Entropic Loss	: -1.1615
Src_cls_loss	: 0.1429
-------------------------------------
[Epoch : 20/20]
Pr_Src_cls_loss	: 0.6676
Total_loss	: -0.6637
OT Loss	: 0.2468
Entropic Loss	: -1.1728
Src_cls_loss	: 0.1389
-------------------------------------
H_score: 0.4825, OS* (acc_c): 0.4469, UNK (acc_p): 0.5243, acc_mix: 0.4906, F1: 0.5284
Uploading logs from: /mnt/data/home/tp2474/OpenSet-AdaTime/experiments_logs/curriculum/RealWorld to Pamap2_UniDA_hard_n1_fno_mean/PPOT_UniDA_hard_n1_fno_mean/RealWorld_to_Pamap2_run_3
🏃 View run PPOT_run_3 at: http://127.0.0.1:5001/#/experiments/575334350422004563/runs/3843c7f048394cc3b2d1c6a5baec1293
🧪 View experiment at: http://127.0.0.1:5001/#/experiments/575334350422004563
=============================================
Dataset: RealWorld to Pamap2_UniDA_hard_n1_fno_mean
Method:  PPOT
=============================================
Source: RealWorld ---> Target: Pamap2
Run ID: 4
=============================================
[Pr Epoch : 1/20]
Pr_Src_cls_loss	: 1.4335
-------------------------------------
[Pr Epoch : 2/20]
Pr_Src_cls_loss	: 1.3620
-------------------------------------
[Pr Epoch : 3/20]
Pr_Src_cls_loss	: 1.2995
-------------------------------------
[Pr Epoch : 4/20]
Pr_Src_cls_loss	: 1.2415
-------------------------------------
[Pr Epoch : 5/20]
Pr_Src_cls_loss	: 1.1872
-------------------------------------
[Pr Epoch : 6/20]
Pr_Src_cls_loss	: 1.1360
-------------------------------------
[Pr Epoch : 7/20]
Pr_Src_cls_loss	: 1.0879
-------------------------------------
[Pr Epoch : 8/20]
Pr_Src_cls_loss	: 1.0427
-------------------------------------
[Pr Epoch : 9/20]
Pr_Src_cls_loss	: 1.0004
-------------------------------------
[Pr Epoch : 10/20]
Pr_Src_cls_loss	: 0.9606
-------------------------------------
[Pr Epoch : 11/20]
Pr_Src_cls_loss	: 0.9230
-------------------------------------
[Pr Epoch : 12/20]
Pr_Src_cls_loss	: 0.8876
-------------------------------------
[Pr Epoch : 13/20]
Pr_Src_cls_loss	: 0.8543
-------------------------------------
[Pr Epoch : 14/20]
Pr_Src_cls_loss	: 0.8229
-------------------------------------
[Pr Epoch : 15/20]
Pr_Src_cls_loss	: 0.7934
-------------------------------------
[Pr Epoch : 16/20]
Pr_Src_cls_loss	: 0.7655
-------------------------------------
[Pr Epoch : 17/20]
Pr_Src_cls_loss	: 0.7391
-------------------------------------
[Pr Epoch : 18/20]
Pr_Src_cls_loss	: 0.7141
-------------------------------------
[Pr Epoch : 19/20]
Pr_Src_cls_loss	: 0.6906
-------------------------------------
[Pr Epoch : 20/20]
Pr_Src_cls_loss	: 0.6683
-------------------------------------
[Epoch : 1/20]
Pr_Src_cls_loss	: 0.6683
Total_loss	: -0.4830
OT Loss	: 0.3026
Entropic Loss	: -1.1896
Src_cls_loss	: 0.2527
-------------------------------------
[Epoch : 2/20]
Pr_Src_cls_loss	: 0.6683
Total_loss	: -0.5091
OT Loss	: 0.2756
Entropic Loss	: -1.1600
Src_cls_loss	: 0.2374
-------------------------------------
[Epoch : 3/20]
Pr_Src_cls_loss	: 0.6683
Total_loss	: -0.5727
OT Loss	: 0.2574
Entropic Loss	: -1.1815
Src_cls_loss	: 0.2227
-------------------------------------
[Epoch : 4/20]
Pr_Src_cls_loss	: 0.6683
Total_loss	: -0.6090
OT Loss	: 0.2504
Entropic Loss	: -1.2002
Src_cls_loss	: 0.2156
-------------------------------------
[Epoch : 5/20]
Pr_Src_cls_loss	: 0.6683
Total_loss	: -0.6264
OT Loss	: 0.2491
Entropic Loss	: -1.2074
Src_cls_loss	: 0.2074
-------------------------------------
[Epoch : 6/20]
Pr_Src_cls_loss	: 0.6683
Total_loss	: -0.6213
OT Loss	: 0.2498
Entropic Loss	: -1.1986
Src_cls_loss	: 0.2026
-------------------------------------
[Epoch : 7/20]
Pr_Src_cls_loss	: 0.6683
Total_loss	: -0.6109
OT Loss	: 0.2457
Entropic Loss	: -1.1726
Src_cls_loss	: 0.1932
-------------------------------------
[Epoch : 8/20]
Pr_Src_cls_loss	: 0.6683
Total_loss	: -0.6360
OT Loss	: 0.2455
Entropic Loss	: -1.1890
Src_cls_loss	: 0.1848
-------------------------------------
[Epoch : 9/20]
Pr_Src_cls_loss	: 0.6683
Total_loss	: -0.6411
OT Loss	: 0.2494
Entropic Loss	: -1.1942
Src_cls_loss	: 0.1790
-------------------------------------
[Epoch : 10/20]
Pr_Src_cls_loss	: 0.6683
Total_loss	: -0.6599
OT Loss	: 0.2475
Entropic Loss	: -1.2051
Src_cls_loss	: 0.1739
-------------------------------------
[Epoch : 11/20]
Pr_Src_cls_loss	: 0.6683
Total_loss	: -0.6612
OT Loss	: 0.2480
Entropic Loss	: -1.2031
Src_cls_loss	: 0.1698
-------------------------------------
[Epoch : 12/20]
Pr_Src_cls_loss	: 0.6683
Total_loss	: -0.6627
OT Loss	: 0.2496
Entropic Loss	: -1.2019
Src_cls_loss	: 0.1648
-------------------------------------
[Epoch : 13/20]
Pr_Src_cls_loss	: 0.6683
Total_loss	: -0.6677
OT Loss	: 0.2506
Entropic Loss	: -1.2038
Src_cls_loss	: 0.1602
-------------------------------------
[Epoch : 14/20]
Pr_Src_cls_loss	: 0.6683
Total_loss	: -0.6757
OT Loss	: 0.2467
Entropic Loss	: -1.2006
Src_cls_loss	: 0.1549
-------------------------------------
[Epoch : 15/20]
Pr_Src_cls_loss	: 0.6683
Total_loss	: -0.6900
OT Loss	: 0.2445
Entropic Loss	: -1.2117
Src_cls_loss	: 0.1549
-------------------------------------
[Epoch : 16/20]
Pr_Src_cls_loss	: 0.6683
Total_loss	: -0.6969
OT Loss	: 0.2423
Entropic Loss	: -1.2113
Src_cls_loss	: 0.1510
-------------------------------------
[Epoch : 17/20]
Pr_Src_cls_loss	: 0.6683
Total_loss	: -0.6969
OT Loss	: 0.2426
Entropic Loss	: -1.2137
Src_cls_loss	: 0.1529
-------------------------------------
[Epoch : 18/20]
Pr_Src_cls_loss	: 0.6683
Total_loss	: -0.6990
OT Loss	: 0.2424
Entropic Loss	: -1.2140
Src_cls_loss	: 0.1515
-------------------------------------
[Epoch : 19/20]
Pr_Src_cls_loss	: 0.6683
Total_loss	: -0.7073
OT Loss	: 0.2382
Entropic Loss	: -1.2133
Src_cls_loss	: 0.1487
-------------------------------------
[Epoch : 20/20]
Pr_Src_cls_loss	: 0.6683
Total_loss	: -0.7152
OT Loss	: 0.2352
Entropic Loss	: -1.2142
Src_cls_loss	: 0.1462
-------------------------------------
H_score: 0.5600, OS* (acc_c): 0.5958, UNK (acc_p): 0.5284, acc_mix: 0.5577, F1: 0.6032
Uploading logs from: /mnt/data/home/tp2474/OpenSet-AdaTime/experiments_logs/curriculum/RealWorld to Pamap2_UniDA_hard_n1_fno_mean/PPOT_UniDA_hard_n1_fno_mean/RealWorld_to_Pamap2_run_4
🏃 View run PPOT_run_4 at: http://127.0.0.1:5001/#/experiments/575334350422004563/runs/d3ba8db48c31451f9b430a37cfe444e2
🧪 View experiment at: http://127.0.0.1:5001/#/experiments/575334350422004563
==================== [n1 fno_mean] UniOT ====================
[curriculum] scenario=UniDA  strategy=hard  n_unknown=1  rank_variant=fno_mean
[curriculum] source mapping (5 classes): {'lying': 'lying', 'sitting': 'sitting', 'walking': 'walking', 'running': 'running', 'climbingup': 'climbingup'}
[curriculum] target mapping (5 classes): {'lying': 'lying', 'sitting': 'sitting', 'walking': 'walking', 'running': 'running', 'other (transient activities)': 'other (transient activities)'}
[curriculum] unknowns added (in hard order): src=[climbingup] | trg=[other (transient activities)]
[scenario] UniOT -> UniDA (uniDA=True)
Unlabeled data shape:  (10947, 150, 18)
Unlabelled Combined shape: (18238, 150, 18)

--- Dataloader Size Check ---
Source Train batches:   688
Target Train batches:   342
-------------------------------

Private classes:  tensor([5.])
=============================================
Dataset: RealWorld to Pamap2_UniDA_hard_n1_fno_mean
Method:  UniOT
=============================================
Source: RealWorld ---> Target: Pamap2
Run ID: 0
=============================================
[Pr Epoch : 1/20]
Pr_Src_cls_loss	: 0.2113
-------------------------------------
[Pr Epoch : 2/20]
Pr_Src_cls_loss	: 0.1659
-------------------------------------
[Pr Epoch : 3/20]
Pr_Src_cls_loss	: 0.1419
-------------------------------------
[Pr Epoch : 4/20]
Pr_Src_cls_loss	: 0.1272
-------------------------------------
[Pr Epoch : 5/20]
Pr_Src_cls_loss	: 0.1165
-------------------------------------
[Pr Epoch : 6/20]
Pr_Src_cls_loss	: 0.1090
-------------------------------------
[Pr Epoch : 7/20]
Pr_Src_cls_loss	: 0.1038
-------------------------------------
[Pr Epoch : 8/20]
Pr_Src_cls_loss	: 0.0987
-------------------------------------
[Pr Epoch : 9/20]
Pr_Src_cls_loss	: 0.0943
-------------------------------------
[Pr Epoch : 10/20]
Pr_Src_cls_loss	: 0.0908
-------------------------------------
[Pr Epoch : 11/20]
Pr_Src_cls_loss	: 0.0874
-------------------------------------
[Pr Epoch : 12/20]
Pr_Src_cls_loss	: 0.0847
-------------------------------------
[Pr Epoch : 13/20]
Pr_Src_cls_loss	: 0.0820
-------------------------------------
[Pr Epoch : 14/20]
Pr_Src_cls_loss	: 0.0797
-------------------------------------
[Pr Epoch : 15/20]
Pr_Src_cls_loss	: 0.0778
-------------------------------------
[Pr Epoch : 16/20]
Pr_Src_cls_loss	: 0.0758
-------------------------------------
[Pr Epoch : 17/20]
Pr_Src_cls_loss	: 0.0741
-------------------------------------
[Pr Epoch : 18/20]
Pr_Src_cls_loss	: 0.0725
-------------------------------------
[Pr Epoch : 19/20]
Pr_Src_cls_loss	: 0.0710
-------------------------------------
[Pr Epoch : 20/20]
Pr_Src_cls_loss	: 0.0696
-------------------------------------
/mnt/data/home/tp2474/OpenSet-AdaTime/algorithms/algorithms.py:1401: UserWarning: Implicit dimension choice for log_softmax has been deprecated. Change the call to include dim=X as an argument.
  sub_loss_local += -torch.sum(neighbor_Q[i, :] * F.log_softmax(after_cluhead_t[i, :]))
/mnt/data/home/tp2474/OpenSet-AdaTime/algorithms/algorithms.py:1402: UserWarning: Implicit dimension choice for log_softmax has been deprecated. Change the call to include dim=X as an argument.
  sub_loss_local += -torch.sum(anchor_Q[i, :] * F.log_softmax(neighbor_output[i, :]))
[Epoch : 1/20]
Pr_Src_cls_loss	: 0.0696
Total_loss	: 0.0454
loss_cls	: 0.0448
loss_PCD	: 3.8531
loss_CCD	: 0.0015
-------------------------------------
[Epoch : 2/20]
Pr_Src_cls_loss	: 0.0696
Total_loss	: 0.0428
loss_cls	: 0.0423
loss_PCD	: 3.9018
loss_CCD	: 0.0013
-------------------------------------
[Epoch : 3/20]
Pr_Src_cls_loss	: 0.0696
Total_loss	: 0.0417
loss_cls	: 0.0413
loss_PCD	: 3.9388
loss_CCD	: 0.0011
-------------------------------------
[Epoch : 4/20]
Pr_Src_cls_loss	: 0.0696
Total_loss	: 0.0417
loss_cls	: 0.0413
loss_PCD	: 3.9621
loss_CCD	: 0.0010
-------------------------------------
[Epoch : 5/20]
Pr_Src_cls_loss	: 0.0696
Total_loss	: 0.0411
loss_cls	: 0.0407
loss_PCD	: 3.9628
loss_CCD	: 0.0010
-------------------------------------
[Epoch : 6/20]
Pr_Src_cls_loss	: 0.0696
Total_loss	: 0.0409
loss_cls	: 0.0406
loss_PCD	: 3.9731
loss_CCD	: 0.0010
-------------------------------------
[Epoch : 7/20]
Pr_Src_cls_loss	: 0.0696
Total_loss	: 0.0404
loss_cls	: 0.0400
loss_PCD	: 3.9819
loss_CCD	: 0.0009
-------------------------------------
[Epoch : 8/20]
Pr_Src_cls_loss	: 0.0696
Total_loss	: 0.0401
loss_cls	: 0.0397
loss_PCD	: 3.9840
loss_CCD	: 0.0009
-------------------------------------
[Epoch : 9/20]
Pr_Src_cls_loss	: 0.0696
Total_loss	: 0.0398
loss_cls	: 0.0395
loss_PCD	: 3.9806
loss_CCD	: 0.0009
Src_cls_loss	: 0.0000
-------------------------------------
[Epoch : 10/20]
Pr_Src_cls_loss	: 0.0696
Total_loss	: 0.0396
loss_cls	: 0.0393
loss_PCD	: 3.9781
loss_CCD	: 0.0009
Src_cls_loss	: 0.0000
-------------------------------------
[Epoch : 11/20]
Pr_Src_cls_loss	: 0.0696
Total_loss	: 0.0391
loss_cls	: 0.0388
loss_PCD	: 3.9754
loss_CCD	: 0.0008
Src_cls_loss	: 0.0000
-------------------------------------
[Epoch : 12/20]
Pr_Src_cls_loss	: 0.0696
Total_loss	: 0.0389
loss_cls	: 0.0386
loss_PCD	: 3.9733
loss_CCD	: 0.0008
Src_cls_loss	: 0.0000
-------------------------------------
[Epoch : 13/20]
Pr_Src_cls_loss	: 0.0696
Total_loss	: 0.0388
loss_cls	: 0.0385
loss_PCD	: 3.9746
loss_CCD	: 0.0008
Src_cls_loss	: 0.0000
-------------------------------------
[Epoch : 14/20]
Pr_Src_cls_loss	: 0.0696
Total_loss	: 0.0387
loss_cls	: 0.0384
loss_PCD	: 3.9744
loss_CCD	: 0.0008
Src_cls_loss	: 0.0000
-------------------------------------
[Epoch : 15/20]
Pr_Src_cls_loss	: 0.0696
Total_loss	: 0.0382
loss_cls	: 0.0380
loss_PCD	: 3.9694
loss_CCD	: 0.0008
Src_cls_loss	: 0.0000
-------------------------------------
[Epoch : 16/20]
Pr_Src_cls_loss	: 0.0696
Total_loss	: 0.0383
loss_cls	: 0.0380
loss_PCD	: 3.9704
loss_CCD	: 0.0008
Src_cls_loss	: 0.0000
-------------------------------------
[Epoch : 17/20]
Pr_Src_cls_loss	: 0.0696
Total_loss	: 0.0381
loss_cls	: 0.0378
loss_PCD	: 3.9698
loss_CCD	: 0.0008
Src_cls_loss	: 0.0000
-------------------------------------
[Epoch : 18/20]
Pr_Src_cls_loss	: 0.0696
Total_loss	: 0.0378
loss_cls	: 0.0375
loss_PCD	: 3.9703
loss_CCD	: 0.0008
Src_cls_loss	: 0.0000
-------------------------------------
[Epoch : 19/20]
Pr_Src_cls_loss	: 0.0696
Total_loss	: 0.0377
loss_cls	: 0.0374
loss_PCD	: 3.9711
loss_CCD	: 0.0008
Src_cls_loss	: 0.0000
-------------------------------------
[Epoch : 20/20]
Pr_Src_cls_loss	: 0.0696
Total_loss	: 0.0376
loss_cls	: 0.0374
loss_PCD	: 3.9736
loss_CCD	: 0.0008
Src_cls_loss	: 0.0000
-------------------------------------
/mnt/data/home/tp2474/OpenSet-AdaTime/trainers/abstract_trainer.py:331: FutureWarning: The behavior of DataFrame concatenation with empty or all-NA entries is deprecated. In a future version, this will no longer exclude empty or all-NA columns when determining the result dtypes. To retain the old behavior, exclude the relevant entries before the concat operation.
  table = pd.concat([table, results_df], ignore_index=True)
H_score: 0.6066, OS* (acc_c): 0.5374, UNK (acc_p): 0.6962, acc_mix: 0.6271, F1: 0.6065
Uploading logs from: /mnt/data/home/tp2474/OpenSet-AdaTime/experiments_logs/curriculum/RealWorld to Pamap2_UniDA_hard_n1_fno_mean/UniOT_UniDA_hard_n1_fno_mean/RealWorld_to_Pamap2_run_0
🏃 View run UniOT_run_0 at: http://127.0.0.1:5001/#/experiments/575334350422004563/runs/2f2ac5e6e48a43f898b0051544ca867c
🧪 View experiment at: http://127.0.0.1:5001/#/experiments/575334350422004563
=============================================
Dataset: RealWorld to Pamap2_UniDA_hard_n1_fno_mean
Method:  UniOT
=============================================
Source: RealWorld ---> Target: Pamap2
Run ID: 1
=============================================
[Pr Epoch : 1/20]
Pr_Src_cls_loss	: 0.2173
-------------------------------------
[Pr Epoch : 2/20]
Pr_Src_cls_loss	: 0.1691
-------------------------------------
[Pr Epoch : 3/20]
Pr_Src_cls_loss	: 0.1459
-------------------------------------
[Pr Epoch : 4/20]
Pr_Src_cls_loss	: 0.1294
-------------------------------------
[Pr Epoch : 5/20]
Pr_Src_cls_loss	: 0.1197
-------------------------------------
[Pr Epoch : 6/20]
Pr_Src_cls_loss	: 0.1123
-------------------------------------
[Pr Epoch : 7/20]
Pr_Src_cls_loss	: 0.1046
-------------------------------------
[Pr Epoch : 8/20]
Pr_Src_cls_loss	: 0.0997
-------------------------------------
[Pr Epoch : 9/20]
Pr_Src_cls_loss	: 0.0946
-------------------------------------
[Pr Epoch : 10/20]
Pr_Src_cls_loss	: 0.0909
-------------------------------------
[Pr Epoch : 11/20]
Pr_Src_cls_loss	: 0.0879
-------------------------------------
[Pr Epoch : 12/20]
Pr_Src_cls_loss	: 0.0852
-------------------------------------
[Pr Epoch : 13/20]
Pr_Src_cls_loss	: 0.0826
-------------------------------------
[Pr Epoch : 14/20]
Pr_Src_cls_loss	: 0.0803
-------------------------------------
[Pr Epoch : 15/20]
Pr_Src_cls_loss	: 0.0780
-------------------------------------
[Pr Epoch : 16/20]
Pr_Src_cls_loss	: 0.0759
-------------------------------------
[Pr Epoch : 17/20]
Pr_Src_cls_loss	: 0.0743
-------------------------------------
[Pr Epoch : 18/20]
Pr_Src_cls_loss	: 0.0727
-------------------------------------
[Pr Epoch : 19/20]
Pr_Src_cls_loss	: 0.0710
-------------------------------------
[Pr Epoch : 20/20]
Pr_Src_cls_loss	: 0.0695
-------------------------------------
[Epoch : 1/20]
Pr_Src_cls_loss	: 0.0695
Total_loss	: 0.0464
loss_cls	: 0.0462
loss_PCD	: 3.3371
loss_CCD	: 0.0006
-------------------------------------
[Epoch : 2/20]
Pr_Src_cls_loss	: 0.0695
Total_loss	: 0.0414
loss_cls	: 0.0412
loss_PCD	: 3.3563
loss_CCD	: 0.0006
-------------------------------------
[Epoch : 3/20]
Pr_Src_cls_loss	: 0.0695
Total_loss	: 0.0427
loss_cls	: 0.0423
loss_PCD	: 3.4088
loss_CCD	: 0.0009
-------------------------------------
[Epoch : 4/20]
Pr_Src_cls_loss	: 0.0695
Total_loss	: 0.0422
loss_cls	: 0.0419
loss_PCD	: 3.4406
loss_CCD	: 0.0010
-------------------------------------
[Epoch : 5/20]
Pr_Src_cls_loss	: 0.0695
Total_loss	: 0.0417
loss_cls	: 0.0414
loss_PCD	: 3.4597
loss_CCD	: 0.0009
-------------------------------------
[Epoch : 6/20]
Pr_Src_cls_loss	: 0.0695
Total_loss	: 0.0413
loss_cls	: 0.0410
loss_PCD	: 3.4773
loss_CCD	: 0.0008
-------------------------------------
[Epoch : 7/20]
Pr_Src_cls_loss	: 0.0695
Total_loss	: 0.0410
loss_cls	: 0.0408
loss_PCD	: 3.4924
loss_CCD	: 0.0007
-------------------------------------
[Epoch : 8/20]
Pr_Src_cls_loss	: 0.0695
Total_loss	: 0.0407
loss_cls	: 0.0405
loss_PCD	: 3.5082
loss_CCD	: 0.0007
-------------------------------------
/home/tp2474/miniconda3/envs/myenv/lib/python3.9/site-packages/ot/backend.py:1203: RuntimeWarning: overflow encountered in exp
  return np.exp(a)
/home/tp2474/miniconda3/envs/myenv/lib/python3.9/site-packages/ot/unbalanced/_sinkhorn.py:770: UserWarning: Numerical errors at iteration 0
  warnings.warn("Numerical errors at iteration %s" % i)
[Epoch : 9/20]
Pr_Src_cls_loss	: 0.0695
Total_loss	: 0.0402
loss_cls	: 0.0400
loss_PCD	: 3.5138
loss_CCD	: 0.0006
Src_cls_loss	: 0.0000
-------------------------------------
[Epoch : 10/20]
Pr_Src_cls_loss	: 0.0695
Total_loss	: 0.0399
loss_cls	: 0.0397
loss_PCD	: 3.5143
loss_CCD	: 0.0006
Src_cls_loss	: 0.0000
-------------------------------------
[Epoch : 11/20]
Pr_Src_cls_loss	: 0.0695
Total_loss	: 0.0395
loss_cls	: 0.0393
loss_PCD	: 3.5154
loss_CCD	: 0.0005
Src_cls_loss	: 0.0000
-------------------------------------
[Epoch : 12/20]
Pr_Src_cls_loss	: 0.0695
Total_loss	: 0.0396
loss_cls	: 0.0394
loss_PCD	: 3.5195
loss_CCD	: 0.0005
Src_cls_loss	: 0.0000
-------------------------------------
[Epoch : 13/20]
Pr_Src_cls_loss	: 0.0695
Total_loss	: 0.0395
loss_cls	: 0.0393
loss_PCD	: 3.5210
loss_CCD	: 0.0004
Src_cls_loss	: 0.0000
-------------------------------------
[Epoch : 14/20]
Pr_Src_cls_loss	: 0.0695
Total_loss	: 0.0391
loss_cls	: 0.0389
loss_PCD	: 3.5235
loss_CCD	: 0.0004
Src_cls_loss	: 0.0000
-------------------------------------
[Epoch : 15/20]
Pr_Src_cls_loss	: 0.0695
Total_loss	: 0.0387
loss_cls	: 0.0386
loss_PCD	: 3.5254
loss_CCD	: 0.0004
Src_cls_loss	: 0.0000
-------------------------------------
[Epoch : 16/20]
Pr_Src_cls_loss	: 0.0695
Total_loss	: 0.0385
loss_cls	: 0.0384
loss_PCD	: 3.5280
loss_CCD	: 0.0004
Src_cls_loss	: 0.0000
-------------------------------------
[Epoch : 17/20]
Pr_Src_cls_loss	: 0.0695
Total_loss	: 0.0384
loss_cls	: 0.0383
loss_PCD	: 3.5301
loss_CCD	: 0.0003
Src_cls_loss	: 0.0000
-------------------------------------
[Epoch : 18/20]
Pr_Src_cls_loss	: 0.0695
Total_loss	: 0.0384
loss_cls	: 0.0383
loss_PCD	: 3.5332
loss_CCD	: 0.0003
Src_cls_loss	: 0.0000
-------------------------------------
[Epoch : 19/20]
Pr_Src_cls_loss	: 0.0695
Total_loss	: 0.0381
loss_cls	: 0.0380
loss_PCD	: 3.5359
loss_CCD	: 0.0003
Src_cls_loss	: 0.0000
-------------------------------------
[Epoch : 20/20]
Pr_Src_cls_loss	: 0.0695
Total_loss	: 0.0377
loss_cls	: 0.0376
loss_PCD	: 3.5377
loss_CCD	: 0.0003
Src_cls_loss	: 0.0000
-------------------------------------
H_score: 0.0000, OS* (acc_c): 0.0000, UNK (acc_p): 1.0000, acc_mix: 0.5650, F1: 0.4079
Uploading logs from: /mnt/data/home/tp2474/OpenSet-AdaTime/experiments_logs/curriculum/RealWorld to Pamap2_UniDA_hard_n1_fno_mean/UniOT_UniDA_hard_n1_fno_mean/RealWorld_to_Pamap2_run_1
🏃 View run UniOT_run_1 at: http://127.0.0.1:5001/#/experiments/575334350422004563/runs/345ea46ac7e8494e90c92e35dd8e6523
🧪 View experiment at: http://127.0.0.1:5001/#/experiments/575334350422004563
=============================================
Dataset: RealWorld to Pamap2_UniDA_hard_n1_fno_mean
Method:  UniOT
=============================================
Source: RealWorld ---> Target: Pamap2
Run ID: 2
=============================================
[Pr Epoch : 1/20]
Pr_Src_cls_loss	: 0.2161
-------------------------------------
[Pr Epoch : 2/20]
Pr_Src_cls_loss	: 0.1678
-------------------------------------
[Pr Epoch : 3/20]
Pr_Src_cls_loss	: 0.1446
-------------------------------------
[Pr Epoch : 4/20]
Pr_Src_cls_loss	: 0.1292
-------------------------------------
[Pr Epoch : 5/20]
Pr_Src_cls_loss	: 0.1203
-------------------------------------
[Pr Epoch : 6/20]
Pr_Src_cls_loss	: 0.1126
-------------------------------------
[Pr Epoch : 7/20]
Pr_Src_cls_loss	: 0.1064
-------------------------------------
[Pr Epoch : 8/20]
Pr_Src_cls_loss	: 0.1012
-------------------------------------
[Pr Epoch : 9/20]
Pr_Src_cls_loss	: 0.0967
-------------------------------------
[Pr Epoch : 10/20]
Pr_Src_cls_loss	: 0.0934
-------------------------------------
[Pr Epoch : 11/20]
Pr_Src_cls_loss	: 0.0898
-------------------------------------
[Pr Epoch : 12/20]
Pr_Src_cls_loss	: 0.0871
-------------------------------------
[Pr Epoch : 13/20]
Pr_Src_cls_loss	: 0.0846
-------------------------------------
[Pr Epoch : 14/20]
Pr_Src_cls_loss	: 0.0820
-------------------------------------
[Pr Epoch : 15/20]
Pr_Src_cls_loss	: 0.0798
-------------------------------------
[Pr Epoch : 16/20]
Pr_Src_cls_loss	: 0.0777
-------------------------------------
[Pr Epoch : 17/20]
Pr_Src_cls_loss	: 0.0760
-------------------------------------
[Pr Epoch : 18/20]
Pr_Src_cls_loss	: 0.0740
-------------------------------------
[Pr Epoch : 19/20]
Pr_Src_cls_loss	: 0.0726
-------------------------------------
[Pr Epoch : 20/20]
Pr_Src_cls_loss	: 0.0712
-------------------------------------
[Epoch : 1/20]
Pr_Src_cls_loss	: 0.0712
Total_loss	: 0.0463
loss_cls	: 0.0462
loss_PCD	: 4.5388
loss_CCD	: 0.0002
-------------------------------------
[Epoch : 2/20]
Pr_Src_cls_loss	: 0.0712
Total_loss	: 0.0427
loss_cls	: 0.0426
loss_PCD	: 4.5230
loss_CCD	: 0.0003
-------------------------------------
[Epoch : 3/20]
Pr_Src_cls_loss	: 0.0712
Total_loss	: 0.0413
loss_cls	: 0.0412
loss_PCD	: 4.4974
loss_CCD	: 0.0003
-------------------------------------
[Epoch : 4/20]
Pr_Src_cls_loss	: 0.0712
Total_loss	: 0.0418
loss_cls	: 0.0417
loss_PCD	: 4.4862
loss_CCD	: 0.0002
-------------------------------------
[Epoch : 5/20]
Pr_Src_cls_loss	: 0.0712
Total_loss	: 0.0417
loss_cls	: 0.0416
loss_PCD	: 4.4994
loss_CCD	: 0.0003
-------------------------------------
[Epoch : 6/20]
Pr_Src_cls_loss	: 0.0712
Total_loss	: 0.0410
loss_cls	: 0.0409
loss_PCD	: 4.4980
loss_CCD	: 0.0002
-------------------------------------
[Epoch : 7/20]
Pr_Src_cls_loss	: 0.0712
Total_loss	: 0.0409
loss_cls	: 0.0408
loss_PCD	: 4.5013
loss_CCD	: 0.0002
-------------------------------------
[Epoch : 8/20]
Pr_Src_cls_loss	: 0.0712
Total_loss	: 0.0405
loss_cls	: 0.0404
loss_PCD	: 4.5042
loss_CCD	: 0.0002
-------------------------------------
[Epoch : 9/20]
Pr_Src_cls_loss	: 0.0712
Total_loss	: 0.0399
loss_cls	: 0.0398
loss_PCD	: 4.5025
loss_CCD	: 0.0002
Src_cls_loss	: 0.0000
-------------------------------------
[Epoch : 10/20]
Pr_Src_cls_loss	: 0.0712
Total_loss	: 0.0397
loss_cls	: 0.0397
loss_PCD	: 4.4962
loss_CCD	: 0.0002
Src_cls_loss	: 0.0000
-------------------------------------
[Epoch : 11/20]
Pr_Src_cls_loss	: 0.0712
Total_loss	: 0.0394
loss_cls	: 0.0393
loss_PCD	: 4.4903
loss_CCD	: 0.0002
Src_cls_loss	: 0.0000
-------------------------------------
[Epoch : 12/20]
Pr_Src_cls_loss	: 0.0712
Total_loss	: 0.0392
loss_cls	: 0.0391
loss_PCD	: 4.4872
loss_CCD	: 0.0002
Src_cls_loss	: 0.0000
-------------------------------------
[Epoch : 13/20]
Pr_Src_cls_loss	: 0.0712
Total_loss	: 0.0391
loss_cls	: 0.0390
loss_PCD	: 4.4822
loss_CCD	: 0.0002
Src_cls_loss	: 0.0000
-------------------------------------
[Epoch : 14/20]
Pr_Src_cls_loss	: 0.0712
Total_loss	: 0.0391
loss_cls	: 0.0390
loss_PCD	: 4.4827
loss_CCD	: 0.0002
Src_cls_loss	: 0.0000
-------------------------------------
[Epoch : 15/20]
Pr_Src_cls_loss	: 0.0712
Total_loss	: 0.0390
loss_cls	: 0.0389
loss_PCD	: 4.4831
loss_CCD	: 0.0002
Src_cls_loss	: 0.0000
-------------------------------------
[Epoch : 16/20]
Pr_Src_cls_loss	: 0.0712
Total_loss	: 0.0388
loss_cls	: 0.0387
loss_PCD	: 4.4855
loss_CCD	: 0.0002
Src_cls_loss	: 0.0000
-------------------------------------
[Epoch : 17/20]
Pr_Src_cls_loss	: 0.0712
Total_loss	: 0.0387
loss_cls	: 0.0386
loss_PCD	: 4.4844
loss_CCD	: 0.0002
Src_cls_loss	: 0.0000
-------------------------------------
[Epoch : 18/20]
Pr_Src_cls_loss	: 0.0712
Total_loss	: 0.0384
loss_cls	: 0.0384
loss_PCD	: 4.4864
loss_CCD	: 0.0002
Src_cls_loss	: 0.0000
-------------------------------------
[Epoch : 19/20]
Pr_Src_cls_loss	: 0.0712
Total_loss	: 0.0383
loss_cls	: 0.0382
loss_PCD	: 4.4859
loss_CCD	: 0.0002
Src_cls_loss	: 0.0000
-------------------------------------
[Epoch : 20/20]
Pr_Src_cls_loss	: 0.0712
Total_loss	: 0.0380
loss_cls	: 0.0379
loss_PCD	: 4.4837
loss_CCD	: 0.0002
Src_cls_loss	: 0.0000
-------------------------------------
H_score: 0.4787, OS* (acc_c): 0.3364, UNK (acc_p): 0.8296, acc_mix: 0.6151, F1: 0.5699
Uploading logs from: /mnt/data/home/tp2474/OpenSet-AdaTime/experiments_logs/curriculum/RealWorld to Pamap2_UniDA_hard_n1_fno_mean/UniOT_UniDA_hard_n1_fno_mean/RealWorld_to_Pamap2_run_2
🏃 View run UniOT_run_2 at: http://127.0.0.1:5001/#/experiments/575334350422004563/runs/df5e1e72115149ba861c516e6e7a8730
🧪 View experiment at: http://127.0.0.1:5001/#/experiments/575334350422004563
=============================================
Dataset: RealWorld to Pamap2_UniDA_hard_n1_fno_mean
Method:  UniOT
=============================================
Source: RealWorld ---> Target: Pamap2
Run ID: 3
=============================================
[Pr Epoch : 1/20]
Pr_Src_cls_loss	: 0.2017
-------------------------------------
[Pr Epoch : 2/20]
Pr_Src_cls_loss	: 0.1635
-------------------------------------
[Pr Epoch : 3/20]
Pr_Src_cls_loss	: 0.1402
-------------------------------------
[Pr Epoch : 4/20]
Pr_Src_cls_loss	: 0.1262
-------------------------------------
[Pr Epoch : 5/20]
Pr_Src_cls_loss	: 0.1160
-------------------------------------
[Pr Epoch : 6/20]
Pr_Src_cls_loss	: 0.1084
-------------------------------------
[Pr Epoch : 7/20]
Pr_Src_cls_loss	: 0.1031
-------------------------------------
[Pr Epoch : 8/20]
Pr_Src_cls_loss	: 0.0977
-------------------------------------
[Pr Epoch : 9/20]
Pr_Src_cls_loss	: 0.0939
-------------------------------------
[Pr Epoch : 10/20]
Pr_Src_cls_loss	: 0.0903
-------------------------------------
[Pr Epoch : 11/20]
Pr_Src_cls_loss	: 0.0875
-------------------------------------
[Pr Epoch : 12/20]
Pr_Src_cls_loss	: 0.0845
-------------------------------------
[Pr Epoch : 13/20]
Pr_Src_cls_loss	: 0.0821
-------------------------------------
[Pr Epoch : 14/20]
Pr_Src_cls_loss	: 0.0800
-------------------------------------
[Pr Epoch : 15/20]
Pr_Src_cls_loss	: 0.0778
-------------------------------------
[Pr Epoch : 16/20]
Pr_Src_cls_loss	: 0.0759
-------------------------------------
[Pr Epoch : 17/20]
Pr_Src_cls_loss	: 0.0742
-------------------------------------
[Pr Epoch : 18/20]
Pr_Src_cls_loss	: 0.0725
-------------------------------------
[Pr Epoch : 19/20]
Pr_Src_cls_loss	: 0.0709
-------------------------------------
[Pr Epoch : 20/20]
Pr_Src_cls_loss	: 0.0697
-------------------------------------
[Epoch : 1/20]
Pr_Src_cls_loss	: 0.0697
Total_loss	: 0.0439
loss_cls	: 0.0432
loss_PCD	: 3.4043
loss_CCD	: 0.0020
-------------------------------------
[Epoch : 2/20]
Pr_Src_cls_loss	: 0.0697
Total_loss	: 0.0430
loss_cls	: 0.0424
loss_PCD	: 3.4540
loss_CCD	: 0.0017
-------------------------------------
[Epoch : 3/20]
Pr_Src_cls_loss	: 0.0697
Total_loss	: 0.0432
loss_cls	: 0.0427
loss_PCD	: 3.4935
loss_CCD	: 0.0014
-------------------------------------
[Epoch : 4/20]
Pr_Src_cls_loss	: 0.0697
Total_loss	: 0.0423
loss_cls	: 0.0418
loss_PCD	: 3.5150
loss_CCD	: 0.0013
-------------------------------------
[Epoch : 5/20]
Pr_Src_cls_loss	: 0.0697
Total_loss	: 0.0422
loss_cls	: 0.0418
loss_PCD	: 3.5357
loss_CCD	: 0.0011
-------------------------------------
[Epoch : 6/20]
Pr_Src_cls_loss	: 0.0697
Total_loss	: 0.0416
loss_cls	: 0.0412
loss_PCD	: 3.5573
loss_CCD	: 0.0011
-------------------------------------
[Epoch : 7/20]
Pr_Src_cls_loss	: 0.0697
Total_loss	: 0.0415
loss_cls	: 0.0412
loss_PCD	: 3.5782
loss_CCD	: 0.0010
-------------------------------------
[Epoch : 8/20]
Pr_Src_cls_loss	: 0.0697
Total_loss	: 0.0409
loss_cls	: 0.0406
loss_PCD	: 3.5942
loss_CCD	: 0.0009
-------------------------------------
[Epoch : 9/20]
Pr_Src_cls_loss	: 0.0697
Total_loss	: 0.0406
loss_cls	: 0.0403
loss_PCD	: 3.6072
loss_CCD	: 0.0009
Src_cls_loss	: 0.0000
-------------------------------------
[Epoch : 10/20]
Pr_Src_cls_loss	: 0.0697
Total_loss	: 0.0403
loss_cls	: 0.0400
loss_PCD	: 3.6210
loss_CCD	: 0.0009
Src_cls_loss	: 0.0000
-------------------------------------
[Epoch : 11/20]
Pr_Src_cls_loss	: 0.0697
Total_loss	: 0.0401
loss_cls	: 0.0398
loss_PCD	: 3.6364
loss_CCD	: 0.0008
Src_cls_loss	: 0.0000
-------------------------------------
[Epoch : 12/20]
Pr_Src_cls_loss	: 0.0697
Total_loss	: 0.0400
loss_cls	: 0.0397
loss_PCD	: 3.6493
loss_CCD	: 0.0008
Src_cls_loss	: 0.0000
-------------------------------------
[Epoch : 13/20]
Pr_Src_cls_loss	: 0.0697
Total_loss	: 0.0401
loss_cls	: 0.0398
loss_PCD	: 3.6603
loss_CCD	: 0.0008
Src_cls_loss	: 0.0000
-------------------------------------
[Epoch : 14/20]
Pr_Src_cls_loss	: 0.0697
Total_loss	: 0.0397
loss_cls	: 0.0394
loss_PCD	: 3.6719
loss_CCD	: 0.0008
Src_cls_loss	: 0.0000
-------------------------------------
[Epoch : 15/20]
Pr_Src_cls_loss	: 0.0697
Total_loss	: 0.0394
loss_cls	: 0.0391
loss_PCD	: 3.6827
loss_CCD	: 0.0008
Src_cls_loss	: 0.0000
-------------------------------------
[Epoch : 16/20]
Pr_Src_cls_loss	: 0.0697
Total_loss	: 0.0395
loss_cls	: 0.0392
loss_PCD	: 3.6933
loss_CCD	: 0.0007
Src_cls_loss	: 0.0000
-------------------------------------
[Epoch : 17/20]
Pr_Src_cls_loss	: 0.0697
Total_loss	: 0.0392
loss_cls	: 0.0389
loss_PCD	: 3.7020
loss_CCD	: 0.0007
Src_cls_loss	: 0.0000
-------------------------------------
[Epoch : 18/20]
Pr_Src_cls_loss	: 0.0697
Total_loss	: 0.0389
loss_cls	: 0.0386
loss_PCD	: 3.7106
loss_CCD	: 0.0007
Src_cls_loss	: 0.0000
-------------------------------------
[Epoch : 19/20]
Pr_Src_cls_loss	: 0.0697
Total_loss	: 0.0388
loss_cls	: 0.0386
loss_PCD	: 3.7212
loss_CCD	: 0.0007
Src_cls_loss	: 0.0000
-------------------------------------
[Epoch : 20/20]
Pr_Src_cls_loss	: 0.0697
Total_loss	: 0.0386
loss_cls	: 0.0384
loss_PCD	: 3.7289
loss_CCD	: 0.0007
Src_cls_loss	: 0.0000
-------------------------------------
H_score: 0.3420, OS* (acc_c): 0.2180, UNK (acc_p): 0.7939, acc_mix: 0.5433, F1: 0.5333
Uploading logs from: /mnt/data/home/tp2474/OpenSet-AdaTime/experiments_logs/curriculum/RealWorld to Pamap2_UniDA_hard_n1_fno_mean/UniOT_UniDA_hard_n1_fno_mean/RealWorld_to_Pamap2_run_3
🏃 View run UniOT_run_3 at: http://127.0.0.1:5001/#/experiments/575334350422004563/runs/82e19a4686dd4826a70df24c4d6c57d3
🧪 View experiment at: http://127.0.0.1:5001/#/experiments/575334350422004563
=============================================
Dataset: RealWorld to Pamap2_UniDA_hard_n1_fno_mean
Method:  UniOT
=============================================
Source: RealWorld ---> Target: Pamap2
Run ID: 4
=============================================
[Pr Epoch : 1/20]
Pr_Src_cls_loss	: 0.2074
-------------------------------------
[Pr Epoch : 2/20]
Pr_Src_cls_loss	: 0.1604
-------------------------------------
[Pr Epoch : 3/20]
Pr_Src_cls_loss	: 0.1393
-------------------------------------
[Pr Epoch : 4/20]
Pr_Src_cls_loss	: 0.1257
-------------------------------------
[Pr Epoch : 5/20]
Pr_Src_cls_loss	: 0.1154
-------------------------------------
[Pr Epoch : 6/20]
Pr_Src_cls_loss	: 0.1087
-------------------------------------
[Pr Epoch : 7/20]
Pr_Src_cls_loss	: 0.1030
-------------------------------------
[Pr Epoch : 8/20]
Pr_Src_cls_loss	: 0.0980
-------------------------------------
[Pr Epoch : 9/20]
Pr_Src_cls_loss	: 0.0938
-------------------------------------
[Pr Epoch : 10/20]
Pr_Src_cls_loss	: 0.0906
-------------------------------------
[Pr Epoch : 11/20]
Pr_Src_cls_loss	: 0.0875
-------------------------------------
[Pr Epoch : 12/20]
Pr_Src_cls_loss	: 0.0848
-------------------------------------
[Pr Epoch : 13/20]
Pr_Src_cls_loss	: 0.0822
-------------------------------------
[Pr Epoch : 14/20]
Pr_Src_cls_loss	: 0.0800
-------------------------------------
[Pr Epoch : 15/20]
Pr_Src_cls_loss	: 0.0777
-------------------------------------
[Pr Epoch : 16/20]
Pr_Src_cls_loss	: 0.0758
-------------------------------------
[Pr Epoch : 17/20]
Pr_Src_cls_loss	: 0.0740
-------------------------------------
[Pr Epoch : 18/20]
Pr_Src_cls_loss	: 0.0727
-------------------------------------
[Pr Epoch : 19/20]
Pr_Src_cls_loss	: 0.0712
-------------------------------------
[Pr Epoch : 20/20]
Pr_Src_cls_loss	: 0.0698
-------------------------------------
[Epoch : 1/20]
Pr_Src_cls_loss	: 0.0698
Total_loss	: 0.0476
loss_cls	: 0.0471
loss_PCD	: 3.8273
loss_CCD	: 0.0015
-------------------------------------
[Epoch : 2/20]
Pr_Src_cls_loss	: 0.0698
Total_loss	: 0.0428
loss_cls	: 0.0425
loss_PCD	: 3.9241
loss_CCD	: 0.0010
-------------------------------------
[Epoch : 3/20]
Pr_Src_cls_loss	: 0.0698
Total_loss	: 0.0433
loss_cls	: 0.0430
loss_PCD	: 3.9486
loss_CCD	: 0.0008
-------------------------------------
[Epoch : 4/20]
Pr_Src_cls_loss	: 0.0698
Total_loss	: 0.0426
loss_cls	: 0.0423
loss_PCD	: 3.9764
loss_CCD	: 0.0007
-------------------------------------
[Epoch : 5/20]
Pr_Src_cls_loss	: 0.0698
Total_loss	: 0.0427
loss_cls	: 0.0425
loss_PCD	: 4.0047
loss_CCD	: 0.0007
-------------------------------------
[Epoch : 6/20]
Pr_Src_cls_loss	: 0.0698
Total_loss	: 0.0422
loss_cls	: 0.0420
loss_PCD	: 4.0226
loss_CCD	: 0.0007
-------------------------------------
[Epoch : 7/20]
Pr_Src_cls_loss	: 0.0698
Total_loss	: 0.0419
loss_cls	: 0.0417
loss_PCD	: 4.0302
loss_CCD	: 0.0006
-------------------------------------
[Epoch : 8/20]
Pr_Src_cls_loss	: 0.0698
Total_loss	: 0.0415
loss_cls	: 0.0413
loss_PCD	: 4.0360
loss_CCD	: 0.0006
-------------------------------------
[Epoch : 9/20]
Pr_Src_cls_loss	: 0.0698
Total_loss	: 0.0409
loss_cls	: 0.0407
loss_PCD	: 4.0397
loss_CCD	: 0.0006
Src_cls_loss	: 0.0000
-------------------------------------
[Epoch : 10/20]
Pr_Src_cls_loss	: 0.0698
Total_loss	: 0.0409
loss_cls	: 0.0407
loss_PCD	: 4.0462
loss_CCD	: 0.0005
Src_cls_loss	: 0.0000
-------------------------------------
[Epoch : 11/20]
Pr_Src_cls_loss	: 0.0698
Total_loss	: 0.0405
loss_cls	: 0.0403
loss_PCD	: 4.0522
loss_CCD	: 0.0005
Src_cls_loss	: 0.0000
-------------------------------------
[Epoch : 12/20]
Pr_Src_cls_loss	: 0.0698
Total_loss	: 0.0402
loss_cls	: 0.0400
loss_PCD	: 4.0554
loss_CCD	: 0.0005
Src_cls_loss	: 0.0000
-------------------------------------
[Epoch : 13/20]
Pr_Src_cls_loss	: 0.0698
Total_loss	: 0.0399
loss_cls	: 0.0398
loss_PCD	: 4.0571
loss_CCD	: 0.0005
Src_cls_loss	: 0.0000
-------------------------------------
[Epoch : 14/20]
Pr_Src_cls_loss	: 0.0698
Total_loss	: 0.0399
loss_cls	: 0.0398
loss_PCD	: 4.0650
loss_CCD	: 0.0005
Src_cls_loss	: 0.0000
-------------------------------------
[Epoch : 15/20]
Pr_Src_cls_loss	: 0.0698
Total_loss	: 0.0396
loss_cls	: 0.0394
loss_PCD	: 4.0678
loss_CCD	: 0.0005
Src_cls_loss	: 0.0000
-------------------------------------
[Epoch : 16/20]
Pr_Src_cls_loss	: 0.0698
Total_loss	: 0.0393
loss_cls	: 0.0392
loss_PCD	: 4.0683
loss_CCD	: 0.0004
Src_cls_loss	: 0.0000
-------------------------------------
[Epoch : 17/20]
Pr_Src_cls_loss	: 0.0698
Total_loss	: 0.0390
loss_cls	: 0.0388
loss_PCD	: 4.0690
loss_CCD	: 0.0004
Src_cls_loss	: 0.0000
-------------------------------------
[Epoch : 18/20]
Pr_Src_cls_loss	: 0.0698
Total_loss	: 0.0389
loss_cls	: 0.0387
loss_PCD	: 4.0655
loss_CCD	: 0.0004
Src_cls_loss	: 0.0000
-------------------------------------
[Epoch : 19/20]
Pr_Src_cls_loss	: 0.0698
Total_loss	: 0.0387
loss_cls	: 0.0386
loss_PCD	: 4.0664
loss_CCD	: 0.0004
Src_cls_loss	: 0.0000
-------------------------------------
[Epoch : 20/20]
Pr_Src_cls_loss	: 0.0698
Total_loss	: 0.0385
loss_cls	: 0.0384
loss_PCD	: 4.0681
loss_CCD	: 0.0004
Src_cls_loss	: 0.0000
-------------------------------------
H_score: 0.4789, OS* (acc_c): 0.3415, UNK (acc_p): 0.8015, acc_mix: 0.6014, F1: 0.5600
Uploading logs from: /mnt/data/home/tp2474/OpenSet-AdaTime/experiments_logs/curriculum/RealWorld to Pamap2_UniDA_hard_n1_fno_mean/UniOT_UniDA_hard_n1_fno_mean/RealWorld_to_Pamap2_run_4
🏃 View run UniOT_run_4 at: http://127.0.0.1:5001/#/experiments/575334350422004563/runs/56e358a9aff24e11a2350529a0241ec4
🧪 View experiment at: http://127.0.0.1:5001/#/experiments/575334350422004563
==================== [n1 fno_mean] UniJDOT ====================
[curriculum] scenario=UniDA  strategy=hard  n_unknown=1  rank_variant=fno_mean
[curriculum] source mapping (5 classes): {'lying': 'lying', 'sitting': 'sitting', 'walking': 'walking', 'running': 'running', 'climbingup': 'climbingup'}
[curriculum] target mapping (5 classes): {'lying': 'lying', 'sitting': 'sitting', 'walking': 'walking', 'running': 'running', 'other (transient activities)': 'other (transient activities)'}
[curriculum] unknowns added (in hard order): src=[climbingup] | trg=[other (transient activities)]
[scenario] UniJDOT -> UniDA (uniDA=True)
Unlabeled data shape:  (10947, 150, 18)
Unlabelled Combined shape: (18238, 150, 18)

--- Dataloader Size Check ---
Source Train batches:   688
Target Train batches:   342
-------------------------------

Private classes:  tensor([5.])
=============================================
Dataset: RealWorld to Pamap2_UniDA_hard_n1_fno_mean
Method:  UniJDOT
=============================================
Source: RealWorld ---> Target: Pamap2
Run ID: 0
=============================================
[Pr Epoch : 1/20]
Pr_Src_cls_loss	: 0.2163
-------------------------------------
[Pr Epoch : 2/20]
Pr_Src_cls_loss	: 0.1645
-------------------------------------
[Pr Epoch : 3/20]
Pr_Src_cls_loss	: 0.1394
-------------------------------------
[Pr Epoch : 4/20]
Pr_Src_cls_loss	: 0.1236
-------------------------------------
[Pr Epoch : 5/20]
Pr_Src_cls_loss	: 0.1125
-------------------------------------
[Pr Epoch : 6/20]
Pr_Src_cls_loss	: 0.1047
-------------------------------------
[Pr Epoch : 7/20]
Pr_Src_cls_loss	: 0.0974
-------------------------------------
[Pr Epoch : 8/20]
Pr_Src_cls_loss	: 0.0923
-------------------------------------
[Pr Epoch : 9/20]
Pr_Src_cls_loss	: 0.0878
-------------------------------------
[Pr Epoch : 10/20]
Pr_Src_cls_loss	: 0.0838
-------------------------------------
[Pr Epoch : 11/20]
Pr_Src_cls_loss	: 0.0803
-------------------------------------
[Pr Epoch : 12/20]
Pr_Src_cls_loss	: 0.0775
-------------------------------------
[Pr Epoch : 13/20]
Pr_Src_cls_loss	: 0.0748
-------------------------------------
[Pr Epoch : 14/20]
Pr_Src_cls_loss	: 0.0722
-------------------------------------
[Pr Epoch : 15/20]
Pr_Src_cls_loss	: 0.0698
-------------------------------------
[Pr Epoch : 16/20]
Pr_Src_cls_loss	: 0.0678
-------------------------------------
[Pr Epoch : 17/20]
Pr_Src_cls_loss	: 0.0659
-------------------------------------
[Pr Epoch : 18/20]
Pr_Src_cls_loss	: 0.0642
-------------------------------------
[Pr Epoch : 19/20]
Pr_Src_cls_loss	: 0.0627
-------------------------------------
[Pr Epoch : 20/20]
Pr_Src_cls_loss	: 0.0610
-------------------------------------
/mnt/data/home/tp2474/OpenSet-AdaTime/algorithms/algorithms.py:1865: UserWarning: Implicit dimension choice for softmax has been deprecated. Change the call to include dim=X as an argument.
  trg_soft_cen = torch.nn.functional.softmax(after_lincls_cen).double()
[Epoch : 1/20]
Pr_Src_cls_loss	: 0.0610
Total_loss	: 0.0519
loss_cls	: 0.0165
loss_align	: 0.0354
-------------------------------------
[Epoch : 2/20]
Pr_Src_cls_loss	: 0.0610
Total_loss	: 0.0466
loss_cls	: 0.0163
loss_align	: 0.0304
-------------------------------------
[Epoch : 3/20]
Pr_Src_cls_loss	: 0.0610
Total_loss	: 0.0472
loss_cls	: 0.0180
loss_align	: 0.0292
-------------------------------------
[Epoch : 4/20]
Pr_Src_cls_loss	: 0.0610
Total_loss	: 0.0463
loss_cls	: 0.0180
loss_align	: 0.0283
-------------------------------------
[Epoch : 5/20]
Pr_Src_cls_loss	: 0.0610
Total_loss	: 0.0446
loss_cls	: 0.0174
loss_align	: 0.0272
-------------------------------------
[Epoch : 6/20]
Pr_Src_cls_loss	: 0.0610
Total_loss	: 0.0438
loss_cls	: 0.0171
loss_align	: 0.0267
-------------------------------------
[Epoch : 7/20]
Pr_Src_cls_loss	: 0.0610
Total_loss	: 0.0425
loss_cls	: 0.0165
loss_align	: 0.0259
-------------------------------------
[Epoch : 8/20]
Pr_Src_cls_loss	: 0.0610
Total_loss	: 0.0421
loss_cls	: 0.0166
loss_align	: 0.0255
-------------------------------------
[Epoch : 9/20]
Pr_Src_cls_loss	: 0.0610
Total_loss	: 0.0412
loss_cls	: 0.0162
loss_align	: 0.0250
Src_cls_loss	: 0.0000
-------------------------------------
[Epoch : 10/20]
Pr_Src_cls_loss	: 0.0610
Total_loss	: 0.0408
loss_cls	: 0.0162
loss_align	: 0.0246
Src_cls_loss	: 0.0000
-------------------------------------
[Epoch : 11/20]
Pr_Src_cls_loss	: 0.0610
Total_loss	: 0.0405
loss_cls	: 0.0163
loss_align	: 0.0242
Src_cls_loss	: 0.0000
-------------------------------------
[Epoch : 12/20]
Pr_Src_cls_loss	: 0.0610
Total_loss	: 0.0401
loss_cls	: 0.0162
loss_align	: 0.0239
Src_cls_loss	: 0.0000
-------------------------------------
[Epoch : 13/20]
Pr_Src_cls_loss	: 0.0610
Total_loss	: 0.0396
loss_cls	: 0.0160
loss_align	: 0.0236
Src_cls_loss	: 0.0000
-------------------------------------
[Epoch : 14/20]
Pr_Src_cls_loss	: 0.0610
Total_loss	: 0.0393
loss_cls	: 0.0160
loss_align	: 0.0233
Src_cls_loss	: 0.0000
-------------------------------------
[Epoch : 15/20]
Pr_Src_cls_loss	: 0.0610
Total_loss	: 0.0390
loss_cls	: 0.0159
loss_align	: 0.0231
Src_cls_loss	: 0.0000
-------------------------------------
[Epoch : 16/20]
Pr_Src_cls_loss	: 0.0610
Total_loss	: 0.0389
loss_cls	: 0.0159
loss_align	: 0.0230
Src_cls_loss	: 0.0000
-------------------------------------
[Epoch : 17/20]
Pr_Src_cls_loss	: 0.0610
Total_loss	: 0.0386
loss_cls	: 0.0159
loss_align	: 0.0228
Src_cls_loss	: 0.0000
-------------------------------------
[Epoch : 18/20]
Pr_Src_cls_loss	: 0.0610
Total_loss	: 0.0383
loss_cls	: 0.0157
loss_align	: 0.0226
Src_cls_loss	: 0.0000
-------------------------------------
[Epoch : 19/20]
Pr_Src_cls_loss	: 0.0610
Total_loss	: 0.0380
loss_cls	: 0.0156
loss_align	: 0.0224
Src_cls_loss	: 0.0000
-------------------------------------
[Epoch : 20/20]
Pr_Src_cls_loss	: 0.0610
Total_loss	: 0.0379
loss_cls	: 0.0157
loss_align	: 0.0223
Src_cls_loss	: 0.0000
-------------------------------------
/mnt/data/home/tp2474/OpenSet-AdaTime/trainers/abstract_trainer.py:331: FutureWarning: The behavior of DataFrame concatenation with empty or all-NA entries is deprecated. In a future version, this will no longer exclude empty or all-NA columns when determining the result dtypes. To retain the old behavior, exclude the relevant entries before the concat operation.
  table = pd.concat([table, results_df], ignore_index=True)

[UniJDOT Debug] final_threshold = 0.6627 conf mean=0.6114 std=0.2314 reject=40.62%
[UniJDOT Eval ALL] n=10947 threshold=0.6627
[UniJDOT Eval ALL] conf: min=0.2014 max=0.8534 mean=0.5451 std=0.2641
[UniJDOT Eval ALL] rejected: 47.44%
[UniJDOT Eval ALL] pred class dist (pre-reject): [3123, 1872, 1191, 2046, 2715]
[UniJDOT Eval ALL] true label dist: [0, 1284, 653, 1233, 1592, 6185] (last bin = unknown)
H_score: 0.6659, OS* (acc_c): 0.6747, UNK (acc_p): 0.6574, acc_mix: 0.6649, F1: 0.6727
[UniJDOT Eval ALL] n=10947 threshold=0.6627
[UniJDOT Eval ALL] conf: min=0.2014 max=0.8534 mean=0.5451 std=0.2641
[UniJDOT Eval ALL] rejected: 47.44%
[UniJDOT Eval ALL] pred class dist (pre-reject): [3123, 1872, 1191, 2046, 2715]
[UniJDOT Eval ALL] true label dist: [0, 1284, 653, 1233, 1592, 6185] (last bin = unknown)
Uploading logs from: /mnt/data/home/tp2474/OpenSet-AdaTime/experiments_logs/curriculum/RealWorld to Pamap2_UniDA_hard_n1_fno_mean/UniJDOT_UniDA_hard_n1_fno_mean/RealWorld_to_Pamap2_run_0
🏃 View run UniJDOT_run_0 at: http://127.0.0.1:5001/#/experiments/575334350422004563/runs/657a7c80ba3547d990eed86957cf7ce7
🧪 View experiment at: http://127.0.0.1:5001/#/experiments/575334350422004563
=============================================
Dataset: RealWorld to Pamap2_UniDA_hard_n1_fno_mean
Method:  UniJDOT
=============================================
Source: RealWorld ---> Target: Pamap2
Run ID: 1
=============================================
[Pr Epoch : 1/20]
Pr_Src_cls_loss	: 0.2278
-------------------------------------
[Pr Epoch : 2/20]
Pr_Src_cls_loss	: 0.1670
-------------------------------------
[Pr Epoch : 3/20]
Pr_Src_cls_loss	: 0.1427
-------------------------------------
[Pr Epoch : 4/20]
Pr_Src_cls_loss	: 0.1265
-------------------------------------
[Pr Epoch : 5/20]
Pr_Src_cls_loss	: 0.1150
-------------------------------------
[Pr Epoch : 6/20]
Pr_Src_cls_loss	: 0.1061
-------------------------------------
[Pr Epoch : 7/20]
Pr_Src_cls_loss	: 0.1002
-------------------------------------
[Pr Epoch : 8/20]
Pr_Src_cls_loss	: 0.0946
-------------------------------------
[Pr Epoch : 9/20]
Pr_Src_cls_loss	: 0.0894
-------------------------------------
[Pr Epoch : 10/20]
Pr_Src_cls_loss	: 0.0852
-------------------------------------
[Pr Epoch : 11/20]
Pr_Src_cls_loss	: 0.0818
-------------------------------------
[Pr Epoch : 12/20]
Pr_Src_cls_loss	: 0.0786
-------------------------------------
[Pr Epoch : 13/20]
Pr_Src_cls_loss	: 0.0757
-------------------------------------
[Pr Epoch : 14/20]
Pr_Src_cls_loss	: 0.0729
-------------------------------------
[Pr Epoch : 15/20]
Pr_Src_cls_loss	: 0.0704
-------------------------------------
[Pr Epoch : 16/20]
Pr_Src_cls_loss	: 0.0683
-------------------------------------
[Pr Epoch : 17/20]
Pr_Src_cls_loss	: 0.0661
-------------------------------------
[Pr Epoch : 18/20]
Pr_Src_cls_loss	: 0.0644
-------------------------------------
[Pr Epoch : 19/20]
Pr_Src_cls_loss	: 0.0628
-------------------------------------
[Pr Epoch : 20/20]
Pr_Src_cls_loss	: 0.0610
-------------------------------------
/mnt/data/home/tp2474/OpenSet-AdaTime/algorithms/algorithms.py:1865: UserWarning: Implicit dimension choice for softmax has been deprecated. Change the call to include dim=X as an argument.
  trg_soft_cen = torch.nn.functional.softmax(after_lincls_cen).double()
[Epoch : 1/20]
Pr_Src_cls_loss	: 0.0610
Total_loss	: 0.0494
loss_cls	: 0.0172
loss_align	: 0.0321
-------------------------------------
[Epoch : 2/20]
Pr_Src_cls_loss	: 0.0610
Total_loss	: 0.0436
loss_cls	: 0.0174
loss_align	: 0.0261
-------------------------------------
[Epoch : 3/20]
Pr_Src_cls_loss	: 0.0610
Total_loss	: 0.0406
loss_cls	: 0.0173
loss_align	: 0.0233
-------------------------------------
[Epoch : 4/20]
Pr_Src_cls_loss	: 0.0610
Total_loss	: 0.0392
loss_cls	: 0.0169
loss_align	: 0.0223
-------------------------------------
[Epoch : 5/20]
Pr_Src_cls_loss	: 0.0610
Total_loss	: 0.0398
loss_cls	: 0.0175
loss_align	: 0.0223
-------------------------------------
[Epoch : 6/20]
Pr_Src_cls_loss	: 0.0610
Total_loss	: 0.0402
loss_cls	: 0.0180
loss_align	: 0.0221
-------------------------------------
[Epoch : 7/20]
Pr_Src_cls_loss	: 0.0610
Total_loss	: 0.0404
loss_cls	: 0.0185
loss_align	: 0.0219
-------------------------------------
[Epoch : 8/20]
Pr_Src_cls_loss	: 0.0610
Total_loss	: 0.0407
loss_cls	: 0.0190
loss_align	: 0.0217
-------------------------------------
[Epoch : 9/20]
Pr_Src_cls_loss	: 0.0610
Total_loss	: 0.0410
loss_cls	: 0.0195
loss_align	: 0.0214
Src_cls_loss	: 0.0000
-------------------------------------
[Epoch : 10/20]
Pr_Src_cls_loss	: 0.0610
Total_loss	: 0.0408
loss_cls	: 0.0198
loss_align	: 0.0210
Src_cls_loss	: 0.0000
-------------------------------------
[Epoch : 11/20]
Pr_Src_cls_loss	: 0.0610
Total_loss	: 0.0414
loss_cls	: 0.0206
loss_align	: 0.0208
Src_cls_loss	: 0.0000
-------------------------------------
[Epoch : 12/20]
Pr_Src_cls_loss	: 0.0610
Total_loss	: 0.0415
loss_cls	: 0.0209
loss_align	: 0.0206
Src_cls_loss	: 0.0000
-------------------------------------
[Epoch : 13/20]
Pr_Src_cls_loss	: 0.0610
Total_loss	: 0.0416
loss_cls	: 0.0212
loss_align	: 0.0204
Src_cls_loss	: 0.0000
-------------------------------------
[Epoch : 14/20]
Pr_Src_cls_loss	: 0.0610
Total_loss	: 0.0418
loss_cls	: 0.0216
loss_align	: 0.0202
Src_cls_loss	: 0.0000
-------------------------------------
[Epoch : 15/20]
Pr_Src_cls_loss	: 0.0610
Total_loss	: 0.0416
loss_cls	: 0.0218
loss_align	: 0.0198
Src_cls_loss	: 0.0000
-------------------------------------
[Epoch : 16/20]
Pr_Src_cls_loss	: 0.0610
Total_loss	: 0.0411
loss_cls	: 0.0218
loss_align	: 0.0193
Src_cls_loss	: 0.0000
-------------------------------------
[Epoch : 17/20]
Pr_Src_cls_loss	: 0.0610
Total_loss	: 0.0407
loss_cls	: 0.0218
loss_align	: 0.0189
Src_cls_loss	: 0.0000
-------------------------------------
[Epoch : 18/20]
Pr_Src_cls_loss	: 0.0610
Total_loss	: 0.0402
loss_cls	: 0.0217
loss_align	: 0.0185
Src_cls_loss	: 0.0000
-------------------------------------
[Epoch : 19/20]
Pr_Src_cls_loss	: 0.0610
Total_loss	: 0.0396
loss_cls	: 0.0215
loss_align	: 0.0181
Src_cls_loss	: 0.0000
-------------------------------------
[Epoch : 20/20]
Pr_Src_cls_loss	: 0.0610
Total_loss	: 0.0391
loss_cls	: 0.0214
loss_align	: 0.0177
Src_cls_loss	: 0.0000
-------------------------------------

[UniJDOT Debug] final_threshold = 0.7207 conf mean=0.8111 std=0.1468 reject=18.75%
[UniJDOT Eval ALL] n=10947 threshold=0.7207
[UniJDOT Eval ALL] conf: min=0.2041 max=0.9140 mean=0.7822 std=0.1761
[UniJDOT Eval ALL] rejected: 22.58%
[UniJDOT Eval ALL] pred class dist (pre-reject): [708, 2528, 1450, 3237, 3024]
[UniJDOT Eval ALL] true label dist: [0, 1284, 653, 1233, 1592, 6185] (last bin = unknown)
H_score: 0.4646, OS* (acc_c): 0.8055, UNK (acc_p): 0.3264, acc_mix: 0.5348, F1: 0.5340
[UniJDOT Eval ALL] n=10947 threshold=0.7207
[UniJDOT Eval ALL] conf: min=0.2041 max=0.9140 mean=0.7822 std=0.1761
[UniJDOT Eval ALL] rejected: 22.58%
[UniJDOT Eval ALL] pred class dist (pre-reject): [708, 2528, 1450, 3237, 3024]
[UniJDOT Eval ALL] true label dist: [0, 1284, 653, 1233, 1592, 6185] (last bin = unknown)
Uploading logs from: /mnt/data/home/tp2474/OpenSet-AdaTime/experiments_logs/curriculum/RealWorld to Pamap2_UniDA_hard_n1_fno_mean/UniJDOT_UniDA_hard_n1_fno_mean/RealWorld_to_Pamap2_run_1
🏃 View run UniJDOT_run_1 at: http://127.0.0.1:5001/#/experiments/575334350422004563/runs/4075a767379e4ef2a0bc6fa20230417d
🧪 View experiment at: http://127.0.0.1:5001/#/experiments/575334350422004563
=============================================
Dataset: RealWorld to Pamap2_UniDA_hard_n1_fno_mean
Method:  UniJDOT
=============================================
Source: RealWorld ---> Target: Pamap2
Run ID: 2
=============================================
[Pr Epoch : 1/20]
Pr_Src_cls_loss	: 0.2170
-------------------------------------
[Pr Epoch : 2/20]
Pr_Src_cls_loss	: 0.1668
-------------------------------------
[Pr Epoch : 3/20]
Pr_Src_cls_loss	: 0.1424
-------------------------------------
[Pr Epoch : 4/20]
Pr_Src_cls_loss	: 0.1272
-------------------------------------
[Pr Epoch : 5/20]
Pr_Src_cls_loss	: 0.1154
-------------------------------------
[Pr Epoch : 6/20]
Pr_Src_cls_loss	: 0.1078
-------------------------------------
[Pr Epoch : 7/20]
Pr_Src_cls_loss	: 0.1011
-------------------------------------
[Pr Epoch : 8/20]
Pr_Src_cls_loss	: 0.0958
-------------------------------------
[Pr Epoch : 9/20]
Pr_Src_cls_loss	: 0.0909
-------------------------------------
[Pr Epoch : 10/20]
Pr_Src_cls_loss	: 0.0873
-------------------------------------
[Pr Epoch : 11/20]
Pr_Src_cls_loss	: 0.0834
-------------------------------------
[Pr Epoch : 12/20]
Pr_Src_cls_loss	: 0.0803
-------------------------------------
[Pr Epoch : 13/20]
Pr_Src_cls_loss	: 0.0775
-------------------------------------
[Pr Epoch : 14/20]
Pr_Src_cls_loss	: 0.0748
-------------------------------------
[Pr Epoch : 15/20]
Pr_Src_cls_loss	: 0.0727
-------------------------------------
[Pr Epoch : 16/20]
Pr_Src_cls_loss	: 0.0703
-------------------------------------
[Pr Epoch : 17/20]
Pr_Src_cls_loss	: 0.0683
-------------------------------------
[Pr Epoch : 18/20]
Pr_Src_cls_loss	: 0.0665
-------------------------------------
[Pr Epoch : 19/20]
Pr_Src_cls_loss	: 0.0647
-------------------------------------
[Pr Epoch : 20/20]
Pr_Src_cls_loss	: 0.0632
-------------------------------------
/mnt/data/home/tp2474/OpenSet-AdaTime/algorithms/algorithms.py:1865: UserWarning: Implicit dimension choice for softmax has been deprecated. Change the call to include dim=X as an argument.
  trg_soft_cen = torch.nn.functional.softmax(after_lincls_cen).double()
[Epoch : 1/20]
Pr_Src_cls_loss	: 0.0632
Total_loss	: 0.0633
loss_cls	: 0.0183
loss_align	: 0.0450
-------------------------------------
[Epoch : 2/20]
Pr_Src_cls_loss	: 0.0632
Total_loss	: 0.0588
loss_cls	: 0.0191
loss_align	: 0.0398
-------------------------------------
[Epoch : 3/20]
Pr_Src_cls_loss	: 0.0632
Total_loss	: 0.0563
loss_cls	: 0.0189
loss_align	: 0.0374
-------------------------------------
[Epoch : 4/20]
Pr_Src_cls_loss	: 0.0632
Total_loss	: 0.0540
loss_cls	: 0.0182
loss_align	: 0.0357
-------------------------------------
[Epoch : 5/20]
Pr_Src_cls_loss	: 0.0632
Total_loss	: 0.0529
loss_cls	: 0.0181
loss_align	: 0.0348
-------------------------------------
[Epoch : 6/20]
Pr_Src_cls_loss	: 0.0632
Total_loss	: 0.0516
loss_cls	: 0.0177
loss_align	: 0.0340
-------------------------------------
[Epoch : 7/20]
Pr_Src_cls_loss	: 0.0632
Total_loss	: 0.0505
loss_cls	: 0.0172
loss_align	: 0.0333
-------------------------------------
[Epoch : 8/20]
Pr_Src_cls_loss	: 0.0632
Total_loss	: 0.0497
loss_cls	: 0.0170
loss_align	: 0.0327
-------------------------------------
[Epoch : 9/20]
Pr_Src_cls_loss	: 0.0632
Total_loss	: 0.0490
loss_cls	: 0.0168
loss_align	: 0.0321
Src_cls_loss	: 0.0000
-------------------------------------
[Epoch : 10/20]
Pr_Src_cls_loss	: 0.0632
Total_loss	: 0.0486
loss_cls	: 0.0168
loss_align	: 0.0318
Src_cls_loss	: 0.0000
-------------------------------------
[Epoch : 11/20]
Pr_Src_cls_loss	: 0.0632
Total_loss	: 0.0482
loss_cls	: 0.0167
loss_align	: 0.0315
Src_cls_loss	: 0.0000
-------------------------------------
[Epoch : 12/20]
Pr_Src_cls_loss	: 0.0632
Total_loss	: 0.0478
loss_cls	: 0.0166
loss_align	: 0.0312
Src_cls_loss	: 0.0000
-------------------------------------
[Epoch : 13/20]
Pr_Src_cls_loss	: 0.0632
Total_loss	: 0.0474
loss_cls	: 0.0164
loss_align	: 0.0310
Src_cls_loss	: 0.0000
-------------------------------------
[Epoch : 14/20]
Pr_Src_cls_loss	: 0.0632
Total_loss	: 0.0470
loss_cls	: 0.0162
loss_align	: 0.0308
Src_cls_loss	: 0.0000
-------------------------------------
[Epoch : 15/20]
Pr_Src_cls_loss	: 0.0632
Total_loss	: 0.0467
loss_cls	: 0.0161
loss_align	: 0.0306
Src_cls_loss	: 0.0000
-------------------------------------
[Epoch : 16/20]
Pr_Src_cls_loss	: 0.0632
Total_loss	: 0.0463
loss_cls	: 0.0159
loss_align	: 0.0304
Src_cls_loss	: 0.0000
-------------------------------------
[Epoch : 17/20]
Pr_Src_cls_loss	: 0.0632
Total_loss	: 0.0461
loss_cls	: 0.0159
loss_align	: 0.0303
Src_cls_loss	: 0.0000
-------------------------------------
[Epoch : 18/20]
Pr_Src_cls_loss	: 0.0632
Total_loss	: 0.0459
loss_cls	: 0.0158
loss_align	: 0.0302
Src_cls_loss	: 0.0000
-------------------------------------
[Epoch : 19/20]
Pr_Src_cls_loss	: 0.0632
Total_loss	: 0.0457
loss_cls	: 0.0157
loss_align	: 0.0300
Src_cls_loss	: 0.0000
-------------------------------------
[Epoch : 20/20]
Pr_Src_cls_loss	: 0.0632
Total_loss	: 0.0454
loss_cls	: 0.0156
loss_align	: 0.0299
Src_cls_loss	: 0.0000
-------------------------------------

[UniJDOT Debug] final_threshold = 0.6719 conf mean=0.4802 std=0.2546 reject=54.69%
[UniJDOT Eval ALL] n=10947 threshold=0.6719
[UniJDOT Eval ALL] conf: min=0.2007 max=0.7654 mean=0.4929 std=0.2436
[UniJDOT Eval ALL] rejected: 55.28%
[UniJDOT Eval ALL] pred class dist (pre-reject): [3633, 1482, 1208, 2156, 2468]
[UniJDOT Eval ALL] true label dist: [0, 1284, 653, 1233, 1592, 6185] (last bin = unknown)
H_score: 0.6076, OS* (acc_c): 0.5420, UNK (acc_p): 0.6914, acc_mix: 0.6264, F1: 0.6306
[UniJDOT Eval ALL] n=10947 threshold=0.6719
[UniJDOT Eval ALL] conf: min=0.2007 max=0.7654 mean=0.4929 std=0.2436
[UniJDOT Eval ALL] rejected: 55.28%
[UniJDOT Eval ALL] pred class dist (pre-reject): [3633, 1482, 1208, 2156, 2468]
[UniJDOT Eval ALL] true label dist: [0, 1284, 653, 1233, 1592, 6185] (last bin = unknown)
Uploading logs from: /mnt/data/home/tp2474/OpenSet-AdaTime/experiments_logs/curriculum/RealWorld to Pamap2_UniDA_hard_n1_fno_mean/UniJDOT_UniDA_hard_n1_fno_mean/RealWorld_to_Pamap2_run_2
🏃 View run UniJDOT_run_2 at: http://127.0.0.1:5001/#/experiments/575334350422004563/runs/c4987e78dbed438483ae2932c320f909
🧪 View experiment at: http://127.0.0.1:5001/#/experiments/575334350422004563
=============================================
Dataset: RealWorld to Pamap2_UniDA_hard_n1_fno_mean
Method:  UniJDOT
=============================================
Source: RealWorld ---> Target: Pamap2
Run ID: 3
=============================================
[Pr Epoch : 1/20]
Pr_Src_cls_loss	: 0.2050
-------------------------------------
[Pr Epoch : 2/20]
Pr_Src_cls_loss	: 0.1599
-------------------------------------
[Pr Epoch : 3/20]
Pr_Src_cls_loss	: 0.1356
-------------------------------------
[Pr Epoch : 4/20]
Pr_Src_cls_loss	: 0.1212
-------------------------------------
[Pr Epoch : 5/20]
Pr_Src_cls_loss	: 0.1111
-------------------------------------
[Pr Epoch : 6/20]
Pr_Src_cls_loss	: 0.1030
-------------------------------------
[Pr Epoch : 7/20]
Pr_Src_cls_loss	: 0.0971
-------------------------------------
[Pr Epoch : 8/20]
Pr_Src_cls_loss	: 0.0918
-------------------------------------
[Pr Epoch : 9/20]
Pr_Src_cls_loss	: 0.0876
-------------------------------------
[Pr Epoch : 10/20]
Pr_Src_cls_loss	: 0.0840
-------------------------------------
[Pr Epoch : 11/20]
Pr_Src_cls_loss	: 0.0810
-------------------------------------
[Pr Epoch : 12/20]
Pr_Src_cls_loss	: 0.0777
-------------------------------------
[Pr Epoch : 13/20]
Pr_Src_cls_loss	: 0.0752
-------------------------------------
[Pr Epoch : 14/20]
Pr_Src_cls_loss	: 0.0729
-------------------------------------
[Pr Epoch : 15/20]
Pr_Src_cls_loss	: 0.0709
-------------------------------------
[Pr Epoch : 16/20]
Pr_Src_cls_loss	: 0.0689
-------------------------------------
[Pr Epoch : 17/20]
Pr_Src_cls_loss	: 0.0669
-------------------------------------
[Pr Epoch : 18/20]
Pr_Src_cls_loss	: 0.0653
-------------------------------------
[Pr Epoch : 19/20]
Pr_Src_cls_loss	: 0.0637
-------------------------------------
[Pr Epoch : 20/20]
Pr_Src_cls_loss	: 0.0622
-------------------------------------
/mnt/data/home/tp2474/OpenSet-AdaTime/algorithms/algorithms.py:1865: UserWarning: Implicit dimension choice for softmax has been deprecated. Change the call to include dim=X as an argument.
  trg_soft_cen = torch.nn.functional.softmax(after_lincls_cen).double()
[Epoch : 1/20]
Pr_Src_cls_loss	: 0.0622
Total_loss	: 0.0537
loss_cls	: 0.0190
loss_align	: 0.0348
-------------------------------------
[Epoch : 2/20]
Pr_Src_cls_loss	: 0.0622
Total_loss	: 0.0469
loss_cls	: 0.0187
loss_align	: 0.0282
-------------------------------------
[Epoch : 3/20]
Pr_Src_cls_loss	: 0.0622
Total_loss	: 0.0454
loss_cls	: 0.0184
loss_align	: 0.0271
-------------------------------------
[Epoch : 4/20]
Pr_Src_cls_loss	: 0.0622
Total_loss	: 0.0457
loss_cls	: 0.0189
loss_align	: 0.0267
-------------------------------------
[Epoch : 5/20]
Pr_Src_cls_loss	: 0.0622
Total_loss	: 0.0448
loss_cls	: 0.0187
loss_align	: 0.0261
-------------------------------------
[Epoch : 6/20]
Pr_Src_cls_loss	: 0.0622
Total_loss	: 0.0439
loss_cls	: 0.0186
loss_align	: 0.0254
-------------------------------------
[Epoch : 7/20]
Pr_Src_cls_loss	: 0.0622
Total_loss	: 0.0433
loss_cls	: 0.0184
loss_align	: 0.0249
-------------------------------------
[Epoch : 8/20]
Pr_Src_cls_loss	: 0.0622
Total_loss	: 0.0428
loss_cls	: 0.0183
loss_align	: 0.0245
-------------------------------------
[Epoch : 9/20]
Pr_Src_cls_loss	: 0.0622
Total_loss	: 0.0421
loss_cls	: 0.0181
loss_align	: 0.0241
Src_cls_loss	: 0.0000
-------------------------------------
[Epoch : 10/20]
Pr_Src_cls_loss	: 0.0622
Total_loss	: 0.0414
loss_cls	: 0.0177
loss_align	: 0.0237
Src_cls_loss	: 0.0000
-------------------------------------
[Epoch : 11/20]
Pr_Src_cls_loss	: 0.0622
Total_loss	: 0.0412
loss_cls	: 0.0178
loss_align	: 0.0234
Src_cls_loss	: 0.0000
-------------------------------------
[Epoch : 12/20]
Pr_Src_cls_loss	: 0.0622
Total_loss	: 0.0411
loss_cls	: 0.0178
loss_align	: 0.0232
Src_cls_loss	: 0.0000
-------------------------------------
[Epoch : 13/20]
Pr_Src_cls_loss	: 0.0622
Total_loss	: 0.0407
loss_cls	: 0.0177
loss_align	: 0.0230
Src_cls_loss	: 0.0000
-------------------------------------
[Epoch : 14/20]
Pr_Src_cls_loss	: 0.0622
Total_loss	: 0.0404
loss_cls	: 0.0177
loss_align	: 0.0227
Src_cls_loss	: 0.0000
-------------------------------------
[Epoch : 15/20]
Pr_Src_cls_loss	: 0.0622
Total_loss	: 0.0401
loss_cls	: 0.0177
loss_align	: 0.0224
Src_cls_loss	: 0.0000
-------------------------------------
[Epoch : 16/20]
Pr_Src_cls_loss	: 0.0622
Total_loss	: 0.0398
loss_cls	: 0.0175
loss_align	: 0.0223
Src_cls_loss	: 0.0000
-------------------------------------
[Epoch : 17/20]
Pr_Src_cls_loss	: 0.0622
Total_loss	: 0.0395
loss_cls	: 0.0174
loss_align	: 0.0221
Src_cls_loss	: 0.0000
-------------------------------------
[Epoch : 18/20]
Pr_Src_cls_loss	: 0.0622
Total_loss	: 0.0393
loss_cls	: 0.0174
loss_align	: 0.0220
Src_cls_loss	: 0.0000
-------------------------------------
[Epoch : 19/20]
Pr_Src_cls_loss	: 0.0622
Total_loss	: 0.0390
loss_cls	: 0.0172
loss_align	: 0.0218
Src_cls_loss	: 0.0000
-------------------------------------
[Epoch : 20/20]
Pr_Src_cls_loss	: 0.0622
Total_loss	: 0.0389
loss_cls	: 0.0172
loss_align	: 0.0217
Src_cls_loss	: 0.0000
-------------------------------------

[UniJDOT Debug] final_threshold = 0.3960 conf mean=0.4744 std=0.2792 reject=53.12%
[UniJDOT Eval ALL] n=10947 threshold=0.3960
[UniJDOT Eval ALL] conf: min=0.2062 max=0.8660 mean=0.5334 std=0.2832
[UniJDOT Eval ALL] rejected: 44.53%
[UniJDOT Eval ALL] pred class dist (pre-reject): [614, 1764, 1167, 5571, 1831]
[UniJDOT Eval ALL] true label dist: [0, 1284, 653, 1233, 1592, 6185] (last bin = unknown)
H_score: 0.6200, OS* (acc_c): 0.6462, UNK (acc_p): 0.5958, acc_mix: 0.6177, F1: 0.6350
[UniJDOT Eval ALL] n=10947 threshold=0.3960
[UniJDOT Eval ALL] conf: min=0.2062 max=0.8660 mean=0.5334 std=0.2832
[UniJDOT Eval ALL] rejected: 44.53%
[UniJDOT Eval ALL] pred class dist (pre-reject): [614, 1764, 1167, 5571, 1831]
[UniJDOT Eval ALL] true label dist: [0, 1284, 653, 1233, 1592, 6185] (last bin = unknown)
Uploading logs from: /mnt/data/home/tp2474/OpenSet-AdaTime/experiments_logs/curriculum/RealWorld to Pamap2_UniDA_hard_n1_fno_mean/UniJDOT_UniDA_hard_n1_fno_mean/RealWorld_to_Pamap2_run_3
🏃 View run UniJDOT_run_3 at: http://127.0.0.1:5001/#/experiments/575334350422004563/runs/3e9dbb320ae14f1ca52ef80ebafe16e5
🧪 View experiment at: http://127.0.0.1:5001/#/experiments/575334350422004563
=============================================
Dataset: RealWorld to Pamap2_UniDA_hard_n1_fno_mean
Method:  UniJDOT
=============================================
Source: RealWorld ---> Target: Pamap2
Run ID: 4
=============================================
[Pr Epoch : 1/20]
Pr_Src_cls_loss	: 0.2055
-------------------------------------
[Pr Epoch : 2/20]
Pr_Src_cls_loss	: 0.1623
-------------------------------------
[Pr Epoch : 3/20]
Pr_Src_cls_loss	: 0.1390
-------------------------------------
[Pr Epoch : 4/20]
Pr_Src_cls_loss	: 0.1240
-------------------------------------
[Pr Epoch : 5/20]
Pr_Src_cls_loss	: 0.1124
-------------------------------------
[Pr Epoch : 6/20]
Pr_Src_cls_loss	: 0.1051
-------------------------------------
[Pr Epoch : 7/20]
Pr_Src_cls_loss	: 0.0986
-------------------------------------
[Pr Epoch : 8/20]
Pr_Src_cls_loss	: 0.0934
-------------------------------------
[Pr Epoch : 9/20]
Pr_Src_cls_loss	: 0.0893
-------------------------------------
[Pr Epoch : 10/20]
Pr_Src_cls_loss	: 0.0854
-------------------------------------
[Pr Epoch : 11/20]
Pr_Src_cls_loss	: 0.0821
-------------------------------------
[Pr Epoch : 12/20]
Pr_Src_cls_loss	: 0.0790
-------------------------------------
[Pr Epoch : 13/20]
Pr_Src_cls_loss	: 0.0759
-------------------------------------
[Pr Epoch : 14/20]
Pr_Src_cls_loss	: 0.0736
-------------------------------------
[Pr Epoch : 15/20]
Pr_Src_cls_loss	: 0.0712
-------------------------------------
[Pr Epoch : 16/20]
Pr_Src_cls_loss	: 0.0692
-------------------------------------
[Pr Epoch : 17/20]
Pr_Src_cls_loss	: 0.0674
-------------------------------------
[Pr Epoch : 18/20]
Pr_Src_cls_loss	: 0.0659
-------------------------------------
[Pr Epoch : 19/20]
Pr_Src_cls_loss	: 0.0642
-------------------------------------
[Pr Epoch : 20/20]
Pr_Src_cls_loss	: 0.0625
-------------------------------------
/mnt/data/home/tp2474/OpenSet-AdaTime/algorithms/algorithms.py:1865: UserWarning: Implicit dimension choice for softmax has been deprecated. Change the call to include dim=X as an argument.
  trg_soft_cen = torch.nn.functional.softmax(after_lincls_cen).double()
[Epoch : 1/20]
Pr_Src_cls_loss	: 0.0625
Total_loss	: 0.0554
loss_cls	: 0.0190
loss_align	: 0.0364
-------------------------------------
[Epoch : 2/20]
Pr_Src_cls_loss	: 0.0625
Total_loss	: 0.0472
loss_cls	: 0.0182
loss_align	: 0.0289
-------------------------------------
[Epoch : 3/20]
Pr_Src_cls_loss	: 0.0625
Total_loss	: 0.0463
loss_cls	: 0.0189
loss_align	: 0.0274
-------------------------------------
[Epoch : 4/20]
Pr_Src_cls_loss	: 0.0625
Total_loss	: 0.0452
loss_cls	: 0.0188
loss_align	: 0.0264
-------------------------------------
[Epoch : 5/20]
Pr_Src_cls_loss	: 0.0625
Total_loss	: 0.0439
loss_cls	: 0.0186
loss_align	: 0.0253
-------------------------------------
[Epoch : 6/20]
Pr_Src_cls_loss	: 0.0625
Total_loss	: 0.0427
loss_cls	: 0.0182
loss_align	: 0.0245
-------------------------------------
[Epoch : 7/20]
Pr_Src_cls_loss	: 0.0625
Total_loss	: 0.0421
loss_cls	: 0.0182
loss_align	: 0.0239
-------------------------------------
[Epoch : 8/20]
Pr_Src_cls_loss	: 0.0625
Total_loss	: 0.0413
loss_cls	: 0.0180
loss_align	: 0.0234
-------------------------------------
[Epoch : 9/20]
Pr_Src_cls_loss	: 0.0625
Total_loss	: 0.0409
loss_cls	: 0.0180
loss_align	: 0.0230
Src_cls_loss	: 0.0000
-------------------------------------
[Epoch : 10/20]
Pr_Src_cls_loss	: 0.0625
Total_loss	: 0.0402
loss_cls	: 0.0176
loss_align	: 0.0225
Src_cls_loss	: 0.0000
-------------------------------------
[Epoch : 11/20]
Pr_Src_cls_loss	: 0.0625
Total_loss	: 0.0397
loss_cls	: 0.0175
loss_align	: 0.0222
Src_cls_loss	: 0.0000
-------------------------------------
[Epoch : 12/20]
Pr_Src_cls_loss	: 0.0625
Total_loss	: 0.0394
loss_cls	: 0.0174
loss_align	: 0.0220
Src_cls_loss	: 0.0000
-------------------------------------
[Epoch : 13/20]
Pr_Src_cls_loss	: 0.0625
Total_loss	: 0.0393
loss_cls	: 0.0174
loss_align	: 0.0218
Src_cls_loss	: 0.0000
-------------------------------------
[Epoch : 14/20]
Pr_Src_cls_loss	: 0.0625
Total_loss	: 0.0391
loss_cls	: 0.0174
loss_align	: 0.0217
Src_cls_loss	: 0.0000
-------------------------------------
[Epoch : 15/20]
Pr_Src_cls_loss	: 0.0625
Total_loss	: 0.0387
loss_cls	: 0.0172
loss_align	: 0.0215
Src_cls_loss	: 0.0000
-------------------------------------
[Epoch : 16/20]
Pr_Src_cls_loss	: 0.0625
Total_loss	: 0.0384
loss_cls	: 0.0171
loss_align	: 0.0213
Src_cls_loss	: 0.0000
-------------------------------------
[Epoch : 17/20]
Pr_Src_cls_loss	: 0.0625
Total_loss	: 0.0381
loss_cls	: 0.0169
loss_align	: 0.0212
Src_cls_loss	: 0.0000
-------------------------------------
[Epoch : 18/20]
Pr_Src_cls_loss	: 0.0625
Total_loss	: 0.0379
loss_cls	: 0.0169
loss_align	: 0.0210
Src_cls_loss	: 0.0000
-------------------------------------
[Epoch : 19/20]
Pr_Src_cls_loss	: 0.0625
Total_loss	: 0.0378
loss_cls	: 0.0169
loss_align	: 0.0209
Src_cls_loss	: 0.0000
-------------------------------------
[Epoch : 20/20]
Pr_Src_cls_loss	: 0.0625
Total_loss	: 0.0377
loss_cls	: 0.0169
loss_align	: 0.0208
Src_cls_loss	: 0.0000
-------------------------------------

[UniJDOT Debug] final_threshold = 0.7350 conf mean=0.5483 std=0.2391 reject=64.06%
[UniJDOT Eval ALL] n=10947 threshold=0.7350
[UniJDOT Eval ALL] conf: min=0.2006 max=0.7977 mean=0.5116 std=0.2423
[UniJDOT Eval ALL] rejected: 71.58%
[UniJDOT Eval ALL] pred class dist (pre-reject): [3110, 1515, 928, 2813, 2581]
[UniJDOT Eval ALL] true label dist: [0, 1284, 653, 1233, 1592, 6185] (last bin = unknown)
H_score: 0.6672, OS* (acc_c): 0.5281, UNK (acc_p): 0.9056, acc_mix: 0.7414, F1: 0.6953
[UniJDOT Eval ALL] n=10947 threshold=0.7350
[UniJDOT Eval ALL] conf: min=0.2006 max=0.7977 mean=0.5116 std=0.2423
[UniJDOT Eval ALL] rejected: 71.58%
[UniJDOT Eval ALL] pred class dist (pre-reject): [3110, 1515, 928, 2813, 2581]
[UniJDOT Eval ALL] true label dist: [0, 1284, 653, 1233, 1592, 6185] (last bin = unknown)
Uploading logs from: /mnt/data/home/tp2474/OpenSet-AdaTime/experiments_logs/curriculum/RealWorld to Pamap2_UniDA_hard_n1_fno_mean/UniJDOT_UniDA_hard_n1_fno_mean/RealWorld_to_Pamap2_run_4
🏃 View run UniJDOT_run_4 at: http://127.0.0.1:5001/#/experiments/575334350422004563/runs/383102bf72374ce89583aa3e5c9ca18d
🧪 View experiment at: http://127.0.0.1:5001/#/experiments/575334350422004563
==================== [n1 fno_mean] done ====================
==================== [n2 fno_mean] RAINCOAT ====================
[curriculum] scenario=UniDA  strategy=hard  n_unknown=2  rank_variant=fno_mean
[curriculum] source mapping (6 classes): {'lying': 'lying', 'sitting': 'sitting', 'walking': 'walking', 'running': 'running', 'climbingup': 'climbingup', 'jumping': 'jumping'}
[curriculum] target mapping (6 classes): {'lying': 'lying', 'sitting': 'sitting', 'walking': 'walking', 'running': 'running', 'other (transient activities)': 'other (transient activities)', 'ascending stairs': 'ascending stairs'}
[curriculum] unknowns added (in hard order): src=[climbingup,jumping] | trg=[other (transient activities),ascending stairs]
2026/05/10 22:00:23 INFO mlflow.tracking.fluent: Experiment with name 'RealWorld to Pamap2_UniDA_hard_n2_fno_mean' does not exist. Creating a new experiment.
[scenario] RAINCOAT -> UniDA (uniDA=True)
Unlabeled data shape:  (11730, 150, 18)
Unlabelled Combined shape: (19515, 150, 18)

--- Dataloader Size Check ---
Source Train batches:   355
Target Train batches:   183
-------------------------------

Private classes:  tensor([6., 7.])
=============================================
Dataset: RealWorld to Pamap2_UniDA_hard_n2_fno_mean
Method:  RAINCOAT
=============================================
Source: RealWorld ---> Target: Pamap2
Run ID: 0
=============================================
[Align Epoch : 1/20]
Src_cls_loss	: 0.5303
Sink	: 0.5461
Recon	: 23.2012
-------------------------------------
[Align Epoch : 2/20]
Src_cls_loss	: 0.4086
Sink	: 0.4486
Recon	: 22.9461
-------------------------------------
[Align Epoch : 3/20]
Src_cls_loss	: 0.3497
Sink	: 0.3831
Recon	: 22.7080
-------------------------------------
[Align Epoch : 4/20]
Src_cls_loss	: 0.3124
Sink	: 0.3346
Recon	: 22.4489
-------------------------------------
[Align Epoch : 5/20]
Src_cls_loss	: 0.2865
Sink	: 0.2976
Recon	: 22.2075
-------------------------------------
[Align Epoch : 6/20]
Src_cls_loss	: 0.2684
Sink	: 0.2701
Recon	: 21.9883
-------------------------------------
[Align Epoch : 7/20]
Src_cls_loss	: 0.2528
Sink	: 0.2497
Recon	: 21.7705
-------------------------------------
[Align Epoch : 8/20]
Src_cls_loss	: 0.2404
Sink	: 0.2344
Recon	: 21.5623
-------------------------------------
[Align Epoch : 9/20]
Src_cls_loss	: 0.2302
Sink	: 0.2235
Recon	: 21.3613
-------------------------------------
[Align Epoch : 10/20]
Src_cls_loss	: 0.2201
Sink	: 0.2155
Recon	: 21.1790
-------------------------------------
[Align Epoch : 11/20]
Src_cls_loss	: 0.2114
Sink	: 0.2108
Recon	: 21.0056
-------------------------------------
[Align Epoch : 12/20]
Src_cls_loss	: 0.2043
Sink	: 0.2095
Recon	: 20.8326
-------------------------------------
[Align Epoch : 13/20]
Src_cls_loss	: 0.1977
Sink	: 0.2109
Recon	: 20.6591
-------------------------------------
[Align Epoch : 14/20]
Src_cls_loss	: 0.1917
Sink	: 0.2136
Recon	: 20.4789
-------------------------------------
[Align Epoch : 15/20]
Src_cls_loss	: 0.1863
Sink	: 0.2169
Recon	: 20.3077
-------------------------------------
[Align Epoch : 16/20]
Src_cls_loss	: 0.1813
Sink	: 0.2208
Recon	: 20.1432
-------------------------------------
[Align Epoch : 17/20]
Src_cls_loss	: 0.1766
Sink	: 0.2249
Recon	: 19.9817
-------------------------------------
[Align Epoch : 18/20]
Src_cls_loss	: 0.1720
Sink	: 0.2298
Recon	: 19.8259
-------------------------------------
[Align Epoch : 19/20]
Src_cls_loss	: 0.1679
Sink	: 0.2346
Recon	: 19.6723
-------------------------------------
[Align Epoch : 20/20]
Src_cls_loss	: 0.1639
Sink	: 0.2394
Recon	: 19.5203
-------------------------------------
[Correct Epoch : 1/20]
Recon_correct	: 16.3426
-------------------------------------
[Correct Epoch : 2/20]
Recon_correct	: 16.1796
-------------------------------------
[Correct Epoch : 3/20]
Recon_correct	: 16.0494
-------------------------------------
[Correct Epoch : 4/20]
Recon_correct	: 15.9306
-------------------------------------
[Correct Epoch : 5/20]
Recon_correct	: 15.8125
-------------------------------------
[Correct Epoch : 6/20]
Recon_correct	: 15.6992
-------------------------------------
[Correct Epoch : 7/20]
Recon_correct	: 15.5869
-------------------------------------
[Correct Epoch : 8/20]
Recon_correct	: 15.4861
-------------------------------------
[Correct Epoch : 9/20]
Recon_correct	: 15.3829
-------------------------------------
[Correct Epoch : 10/20]
Recon_correct	: 15.2857
-------------------------------------
[Correct Epoch : 11/20]
Recon_correct	: 15.1971
-------------------------------------
[Correct Epoch : 12/20]
Recon_correct	: 15.1077
-------------------------------------
[Correct Epoch : 13/20]
Recon_correct	: 15.0301
-------------------------------------
[Correct Epoch : 14/20]
Recon_correct	: 14.9581
-------------------------------------
[Correct Epoch : 15/20]
Recon_correct	: 14.8834
-------------------------------------
[Correct Epoch : 16/20]
Recon_correct	: 14.8114
-------------------------------------
[Correct Epoch : 17/20]
Recon_correct	: 14.7448
-------------------------------------
[Correct Epoch : 18/20]
Recon_correct	: 14.6818
-------------------------------------
[Correct Epoch : 19/20]
Recon_correct	: 14.6193
-------------------------------------
[Correct Epoch : 20/20]
Recon_correct	: 14.5606
-------------------------------------
/mnt/data/home/tp2474/OpenSet-AdaTime/trainers/abstract_trainer.py:331: FutureWarning: The behavior of DataFrame concatenation with empty or all-NA entries is deprecated. In a future version, this will no longer exclude empty or all-NA columns when determining the result dtypes. To retain the old behavior, exclude the relevant entries before the concat operation.
  table = pd.concat([table, results_df], ignore_index=True)
H_score: 0.1364, OS* (acc_c): 0.2041, UNK (acc_p): 0.1025, acc_mix: 0.1437, F1: 0.1630
Uploading logs from: /mnt/data/home/tp2474/OpenSet-AdaTime/experiments_logs/curriculum/RealWorld to Pamap2_UniDA_hard_n2_fno_mean/RAINCOAT_UniDA_hard_n2_fno_mean/RealWorld_to_Pamap2_run_0
🏃 View run RAINCOAT_run_0 at: http://127.0.0.1:5001/#/experiments/163788618564821517/runs/076eee91abf94090b863c6a5d30336b2
🧪 View experiment at: http://127.0.0.1:5001/#/experiments/163788618564821517
=============================================
Dataset: RealWorld to Pamap2_UniDA_hard_n2_fno_mean
Method:  RAINCOAT
=============================================
Source: RealWorld ---> Target: Pamap2
Run ID: 1
=============================================
[Align Epoch : 1/20]
Src_cls_loss	: 0.5188
Sink	: 0.6040
Recon	: 23.2060
-------------------------------------
[Align Epoch : 2/20]
Src_cls_loss	: 0.3932
Sink	: 0.5054
Recon	: 22.9442
-------------------------------------
[Align Epoch : 3/20]
Src_cls_loss	: 0.3333
Sink	: 0.4375
Recon	: 22.6747
-------------------------------------
[Align Epoch : 4/20]
Src_cls_loss	: 0.2974
Sink	: 0.3844
Recon	: 22.4306
-------------------------------------
[Align Epoch : 5/20]
Src_cls_loss	: 0.2722
Sink	: 0.3442
Recon	: 22.2062
-------------------------------------
[Align Epoch : 6/20]
Src_cls_loss	: 0.2531
Sink	: 0.3133
Recon	: 21.9759
-------------------------------------
[Align Epoch : 7/20]
Src_cls_loss	: 0.2387
Sink	: 0.2899
Recon	: 21.7529
-------------------------------------
[Align Epoch : 8/20]
Src_cls_loss	: 0.2267
Sink	: 0.2715
Recon	: 21.5454
-------------------------------------
[Align Epoch : 9/20]
Src_cls_loss	: 0.2164
Sink	: 0.2567
Recon	: 21.3549
-------------------------------------
[Align Epoch : 10/20]
Src_cls_loss	: 0.2076
Sink	: 0.2453
Recon	: 21.1736
-------------------------------------
[Align Epoch : 11/20]
Src_cls_loss	: 0.2001
Sink	: 0.2365
Recon	: 21.0024
-------------------------------------
[Align Epoch : 12/20]
Src_cls_loss	: 0.1928
Sink	: 0.2310
Recon	: 20.8401
-------------------------------------
[Align Epoch : 13/20]
Src_cls_loss	: 0.1866
Sink	: 0.2287
Recon	: 20.6805
-------------------------------------
[Align Epoch : 14/20]
Src_cls_loss	: 0.1808
Sink	: 0.2289
Recon	: 20.5194
-------------------------------------
[Align Epoch : 15/20]
Src_cls_loss	: 0.1755
Sink	: 0.2308
Recon	: 20.3588
-------------------------------------
[Align Epoch : 16/20]
Src_cls_loss	: 0.1705
Sink	: 0.2340
Recon	: 20.1967
-------------------------------------
[Align Epoch : 17/20]
Src_cls_loss	: 0.1660
Sink	: 0.2377
Recon	: 20.0381
-------------------------------------
[Align Epoch : 18/20]
Src_cls_loss	: 0.1617
Sink	: 0.2418
Recon	: 19.8839
-------------------------------------
[Align Epoch : 19/20]
Src_cls_loss	: 0.1579
Sink	: 0.2461
Recon	: 19.7355
-------------------------------------
[Align Epoch : 20/20]
Src_cls_loss	: 0.1542
Sink	: 0.2506
Recon	: 19.5900
-------------------------------------
[Correct Epoch : 1/20]
Recon_correct	: 16.5284
-------------------------------------
[Correct Epoch : 2/20]
Recon_correct	: 16.3794
-------------------------------------
[Correct Epoch : 3/20]
Recon_correct	: 16.2488
-------------------------------------
[Correct Epoch : 4/20]
Recon_correct	: 16.1311
-------------------------------------
[Correct Epoch : 5/20]
Recon_correct	: 16.0116
-------------------------------------
[Correct Epoch : 6/20]
Recon_correct	: 15.8967
-------------------------------------
[Correct Epoch : 7/20]
Recon_correct	: 15.7940
-------------------------------------
[Correct Epoch : 8/20]
Recon_correct	: 15.6889
-------------------------------------
[Correct Epoch : 9/20]
Recon_correct	: 15.5921
-------------------------------------
[Correct Epoch : 10/20]
Recon_correct	: 15.4968
-------------------------------------
[Correct Epoch : 11/20]
Recon_correct	: 15.4066
-------------------------------------
[Correct Epoch : 12/20]
Recon_correct	: 15.3175
-------------------------------------
[Correct Epoch : 13/20]
Recon_correct	: 15.2370
-------------------------------------
[Correct Epoch : 14/20]
Recon_correct	: 15.1558
-------------------------------------
[Correct Epoch : 15/20]
Recon_correct	: 15.0788
-------------------------------------
[Correct Epoch : 16/20]
Recon_correct	: 15.0011
-------------------------------------
[Correct Epoch : 17/20]
Recon_correct	: 14.9325
-------------------------------------
[Correct Epoch : 18/20]
Recon_correct	: 14.8636
-------------------------------------
[Correct Epoch : 19/20]
Recon_correct	: 14.7988
-------------------------------------
[Correct Epoch : 20/20]
Recon_correct	: 14.7363
-------------------------------------
H_score: 0.1540, OS* (acc_c): 0.3095, UNK (acc_p): 0.1025, acc_mix: 0.1865, F1: 0.1791
Uploading logs from: /mnt/data/home/tp2474/OpenSet-AdaTime/experiments_logs/curriculum/RealWorld to Pamap2_UniDA_hard_n2_fno_mean/RAINCOAT_UniDA_hard_n2_fno_mean/RealWorld_to_Pamap2_run_1
🏃 View run RAINCOAT_run_1 at: http://127.0.0.1:5001/#/experiments/163788618564821517/runs/727bdf87362f4a3583014086c11b3a0c
🧪 View experiment at: http://127.0.0.1:5001/#/experiments/163788618564821517
=============================================
Dataset: RealWorld to Pamap2_UniDA_hard_n2_fno_mean
Method:  RAINCOAT
=============================================
Source: RealWorld ---> Target: Pamap2
Run ID: 2
=============================================
[Align Epoch : 1/20]
Src_cls_loss	: 0.5320
Sink	: 0.6000
Recon	: 23.2292
-------------------------------------
[Align Epoch : 2/20]
Src_cls_loss	: 0.4065
Sink	: 0.4958
Recon	: 22.9702
-------------------------------------
[Align Epoch : 3/20]
Src_cls_loss	: 0.3498
Sink	: 0.4211
Recon	: 22.7301
-------------------------------------
[Align Epoch : 4/20]
Src_cls_loss	: 0.3121
Sink	: 0.3659
Recon	: 22.4829
-------------------------------------
[Align Epoch : 5/20]
Src_cls_loss	: 0.2879
Sink	: 0.3238
Recon	: 22.2546
-------------------------------------
[Align Epoch : 6/20]
Src_cls_loss	: 0.2692
Sink	: 0.2922
Recon	: 22.0265
-------------------------------------
[Align Epoch : 7/20]
Src_cls_loss	: 0.2537
Sink	: 0.2689
Recon	: 21.8184
-------------------------------------
[Align Epoch : 8/20]
Src_cls_loss	: 0.2406
Sink	: 0.2510
Recon	: 21.6091
-------------------------------------
[Align Epoch : 9/20]
Src_cls_loss	: 0.2295
Sink	: 0.2371
Recon	: 21.4165
-------------------------------------
[Align Epoch : 10/20]
Src_cls_loss	: 0.2196
Sink	: 0.2265
Recon	: 21.2366
-------------------------------------
[Align Epoch : 11/20]
Src_cls_loss	: 0.2107
Sink	: 0.2193
Recon	: 21.0659
-------------------------------------
[Align Epoch : 12/20]
Src_cls_loss	: 0.2031
Sink	: 0.2153
Recon	: 20.9023
-------------------------------------
[Align Epoch : 13/20]
Src_cls_loss	: 0.1962
Sink	: 0.2147
Recon	: 20.7376
-------------------------------------
[Align Epoch : 14/20]
Src_cls_loss	: 0.1899
Sink	: 0.2163
Recon	: 20.5689
-------------------------------------
[Align Epoch : 15/20]
Src_cls_loss	: 0.1843
Sink	: 0.2195
Recon	: 20.3961
-------------------------------------
[Align Epoch : 16/20]
Src_cls_loss	: 0.1790
Sink	: 0.2234
Recon	: 20.2298
-------------------------------------
[Align Epoch : 17/20]
Src_cls_loss	: 0.1745
Sink	: 0.2277
Recon	: 20.0662
-------------------------------------
[Align Epoch : 18/20]
Src_cls_loss	: 0.1700
Sink	: 0.2325
Recon	: 19.9070
-------------------------------------
[Align Epoch : 19/20]
Src_cls_loss	: 0.1659
Sink	: 0.2374
Recon	: 19.7530
-------------------------------------
[Align Epoch : 20/20]
Src_cls_loss	: 0.1619
Sink	: 0.2423
Recon	: 19.5989
-------------------------------------
[Correct Epoch : 1/20]
Recon_correct	: 16.5114
-------------------------------------
[Correct Epoch : 2/20]
Recon_correct	: 16.3457
-------------------------------------
[Correct Epoch : 3/20]
Recon_correct	: 16.1760
-------------------------------------
[Correct Epoch : 4/20]
Recon_correct	: 16.0510
-------------------------------------
[Correct Epoch : 5/20]
Recon_correct	: 15.9274
-------------------------------------
[Correct Epoch : 6/20]
Recon_correct	: 15.8190
-------------------------------------
[Correct Epoch : 7/20]
Recon_correct	: 15.7073
-------------------------------------
[Correct Epoch : 8/20]
Recon_correct	: 15.5967
-------------------------------------
[Correct Epoch : 9/20]
Recon_correct	: 15.4992
-------------------------------------
[Correct Epoch : 10/20]
Recon_correct	: 15.4109
-------------------------------------
[Correct Epoch : 11/20]
Recon_correct	: 15.3223
-------------------------------------
[Correct Epoch : 12/20]
Recon_correct	: 15.2396
-------------------------------------
[Correct Epoch : 13/20]
Recon_correct	: 15.1516
-------------------------------------
[Correct Epoch : 14/20]
Recon_correct	: 15.0713
-------------------------------------
[Correct Epoch : 15/20]
Recon_correct	: 14.9967
-------------------------------------
[Correct Epoch : 16/20]
Recon_correct	: 14.9257
-------------------------------------
[Correct Epoch : 17/20]
Recon_correct	: 14.8555
-------------------------------------
[Correct Epoch : 18/20]
Recon_correct	: 14.7867
-------------------------------------
[Correct Epoch : 19/20]
Recon_correct	: 14.7229
-------------------------------------
[Correct Epoch : 20/20]
Recon_correct	: 14.6581
-------------------------------------
H_score: 0.1268, OS* (acc_c): 0.1678, UNK (acc_p): 0.1019, acc_mix: 0.1286, F1: 0.1563
Uploading logs from: /mnt/data/home/tp2474/OpenSet-AdaTime/experiments_logs/curriculum/RealWorld to Pamap2_UniDA_hard_n2_fno_mean/RAINCOAT_UniDA_hard_n2_fno_mean/RealWorld_to_Pamap2_run_2
🏃 View run RAINCOAT_run_2 at: http://127.0.0.1:5001/#/experiments/163788618564821517/runs/cb14e11966be48fc837f860ed8c85701
🧪 View experiment at: http://127.0.0.1:5001/#/experiments/163788618564821517
=============================================
Dataset: RealWorld to Pamap2_UniDA_hard_n2_fno_mean
Method:  RAINCOAT
=============================================
Source: RealWorld ---> Target: Pamap2
Run ID: 3
=============================================
[Align Epoch : 1/20]
Src_cls_loss	: 0.5116
Sink	: 0.5817
Recon	: 23.2361
-------------------------------------
[Align Epoch : 2/20]
Src_cls_loss	: 0.3935
Sink	: 0.4827
Recon	: 22.9613
-------------------------------------
[Align Epoch : 3/20]
Src_cls_loss	: 0.3385
Sink	: 0.4131
Recon	: 22.7124
-------------------------------------
[Align Epoch : 4/20]
Src_cls_loss	: 0.3045
Sink	: 0.3592
Recon	: 22.4632
-------------------------------------
[Align Epoch : 5/20]
Src_cls_loss	: 0.2804
Sink	: 0.3186
Recon	: 22.2455
-------------------------------------
[Align Epoch : 6/20]
Src_cls_loss	: 0.2634
Sink	: 0.2879
Recon	: 22.0256
-------------------------------------
[Align Epoch : 7/20]
Src_cls_loss	: 0.2491
Sink	: 0.2649
Recon	: 21.8149
-------------------------------------
[Align Epoch : 8/20]
Src_cls_loss	: 0.2375
Sink	: 0.2471
Recon	: 21.6089
-------------------------------------
[Align Epoch : 9/20]
Src_cls_loss	: 0.2273
Sink	: 0.2334
Recon	: 21.4127
-------------------------------------
[Align Epoch : 10/20]
Src_cls_loss	: 0.2180
Sink	: 0.2229
Recon	: 21.2357
-------------------------------------
[Align Epoch : 11/20]
Src_cls_loss	: 0.2096
Sink	: 0.2151
Recon	: 21.0683
-------------------------------------
[Align Epoch : 12/20]
Src_cls_loss	: 0.2019
Sink	: 0.2095
Recon	: 20.9094
-------------------------------------
[Align Epoch : 13/20]
Src_cls_loss	: 0.1951
Sink	: 0.2063
Recon	: 20.7652
-------------------------------------
[Align Epoch : 14/20]
Src_cls_loss	: 0.1890
Sink	: 0.2059
Recon	: 20.6096
-------------------------------------
[Align Epoch : 15/20]
Src_cls_loss	: 0.1835
Sink	: 0.2080
Recon	: 20.4550
-------------------------------------
[Align Epoch : 16/20]
Src_cls_loss	: 0.1786
Sink	: 0.2120
Recon	: 20.2969
-------------------------------------
[Align Epoch : 17/20]
Src_cls_loss	: 0.1739
Sink	: 0.2169
Recon	: 20.1389
-------------------------------------
[Align Epoch : 18/20]
Src_cls_loss	: 0.1697
Sink	: 0.2221
Recon	: 19.9815
-------------------------------------
[Align Epoch : 19/20]
Src_cls_loss	: 0.1656
Sink	: 0.2275
Recon	: 19.8220
-------------------------------------
[Align Epoch : 20/20]
Src_cls_loss	: 0.1616
Sink	: 0.2331
Recon	: 19.6687
-------------------------------------
[Correct Epoch : 1/20]
Recon_correct	: 16.4261
-------------------------------------
[Correct Epoch : 2/20]
Recon_correct	: 16.2604
-------------------------------------
[Correct Epoch : 3/20]
Recon_correct	: 16.1462
-------------------------------------
[Correct Epoch : 4/20]
Recon_correct	: 16.0397
-------------------------------------
[Correct Epoch : 5/20]
Recon_correct	: 15.9066
-------------------------------------
[Correct Epoch : 6/20]
Recon_correct	: 15.8010
-------------------------------------
[Correct Epoch : 7/20]
Recon_correct	: 15.7000
-------------------------------------
[Correct Epoch : 8/20]
Recon_correct	: 15.5994
-------------------------------------
[Correct Epoch : 9/20]
Recon_correct	: 15.4997
-------------------------------------
[Correct Epoch : 10/20]
Recon_correct	: 15.4061
-------------------------------------
[Correct Epoch : 11/20]
Recon_correct	: 15.3217
-------------------------------------
[Correct Epoch : 12/20]
Recon_correct	: 15.2362
-------------------------------------
[Correct Epoch : 13/20]
Recon_correct	: 15.1494
-------------------------------------
[Correct Epoch : 14/20]
Recon_correct	: 15.0757
-------------------------------------
[Correct Epoch : 15/20]
Recon_correct	: 14.9962
-------------------------------------
[Correct Epoch : 16/20]
Recon_correct	: 14.9212
-------------------------------------
[Correct Epoch : 17/20]
Recon_correct	: 14.8490
-------------------------------------
[Correct Epoch : 18/20]
Recon_correct	: 14.7840
-------------------------------------
[Correct Epoch : 19/20]
Recon_correct	: 14.7186
-------------------------------------
[Correct Epoch : 20/20]
Recon_correct	: 14.6571
-------------------------------------
H_score: 0.1133, OS* (acc_c): 0.0670, UNK (acc_p): 0.3682, acc_mix: 0.2459, F1: 0.2814
Uploading logs from: /mnt/data/home/tp2474/OpenSet-AdaTime/experiments_logs/curriculum/RealWorld to Pamap2_UniDA_hard_n2_fno_mean/RAINCOAT_UniDA_hard_n2_fno_mean/RealWorld_to_Pamap2_run_3
🏃 View run RAINCOAT_run_3 at: http://127.0.0.1:5001/#/experiments/163788618564821517/runs/6f5601b4b37d420483feaebfff153480
🧪 View experiment at: http://127.0.0.1:5001/#/experiments/163788618564821517
=============================================
Dataset: RealWorld to Pamap2_UniDA_hard_n2_fno_mean
Method:  RAINCOAT
=============================================
Source: RealWorld ---> Target: Pamap2
Run ID: 4
=============================================
[Align Epoch : 1/20]
Src_cls_loss	: 0.5198
Sink	: 0.5747
Recon	: 23.2240
-------------------------------------
[Align Epoch : 2/20]
Src_cls_loss	: 0.3969
Sink	: 0.4769
Recon	: 22.9538
-------------------------------------
[Align Epoch : 3/20]
Src_cls_loss	: 0.3361
Sink	: 0.4114
Recon	: 22.6968
-------------------------------------
[Align Epoch : 4/20]
Src_cls_loss	: 0.2991
Sink	: 0.3611
Recon	: 22.4554
-------------------------------------
[Align Epoch : 5/20]
Src_cls_loss	: 0.2727
Sink	: 0.3222
Recon	: 22.2324
-------------------------------------
[Align Epoch : 6/20]
Src_cls_loss	: 0.2546
Sink	: 0.2936
Recon	: 22.0235
-------------------------------------
[Align Epoch : 7/20]
Src_cls_loss	: 0.2398
Sink	: 0.2718
Recon	: 21.8250
-------------------------------------
[Align Epoch : 8/20]
Src_cls_loss	: 0.2289
Sink	: 0.2553
Recon	: 21.6211
-------------------------------------
[Align Epoch : 9/20]
Src_cls_loss	: 0.2184
Sink	: 0.2419
Recon	: 21.4319
-------------------------------------
[Align Epoch : 10/20]
Src_cls_loss	: 0.2104
Sink	: 0.2315
Recon	: 21.2501
-------------------------------------
[Align Epoch : 11/20]
Src_cls_loss	: 0.2022
Sink	: 0.2236
Recon	: 21.0846
-------------------------------------
[Align Epoch : 12/20]
Src_cls_loss	: 0.1955
Sink	: 0.2177
Recon	: 20.9262
-------------------------------------
[Align Epoch : 13/20]
Src_cls_loss	: 0.1894
Sink	: 0.2141
Recon	: 20.7721
-------------------------------------
[Align Epoch : 14/20]
Src_cls_loss	: 0.1834
Sink	: 0.2120
Recon	: 20.6244
-------------------------------------
[Align Epoch : 15/20]
Src_cls_loss	: 0.1784
Sink	: 0.2118
Recon	: 20.4795
-------------------------------------
[Align Epoch : 16/20]
Src_cls_loss	: 0.1734
Sink	: 0.2125
Recon	: 20.3386
-------------------------------------
[Align Epoch : 17/20]
Src_cls_loss	: 0.1689
Sink	: 0.2144
Recon	: 20.2034
-------------------------------------
[Align Epoch : 18/20]
Src_cls_loss	: 0.1650
Sink	: 0.2170
Recon	: 20.0698
-------------------------------------
[Align Epoch : 19/20]
Src_cls_loss	: 0.1609
Sink	: 0.2200
Recon	: 19.9395
-------------------------------------
[Align Epoch : 20/20]
Src_cls_loss	: 0.1572
Sink	: 0.2231
Recon	: 19.8089
-------------------------------------
[Correct Epoch : 1/20]
Recon_correct	: 17.0820
-------------------------------------
[Correct Epoch : 2/20]
Recon_correct	: 16.8853
-------------------------------------
[Correct Epoch : 3/20]
Recon_correct	: 16.7485
-------------------------------------
[Correct Epoch : 4/20]
Recon_correct	: 16.6097
-------------------------------------
[Correct Epoch : 5/20]
Recon_correct	: 16.4932
-------------------------------------
[Correct Epoch : 6/20]
Recon_correct	: 16.3809
-------------------------------------
[Correct Epoch : 7/20]
Recon_correct	: 16.2705
-------------------------------------
[Correct Epoch : 8/20]
Recon_correct	: 16.1599
-------------------------------------
[Correct Epoch : 9/20]
Recon_correct	: 16.0637
-------------------------------------
[Correct Epoch : 10/20]
Recon_correct	: 15.9741
-------------------------------------
[Correct Epoch : 11/20]
Recon_correct	: 15.8888
-------------------------------------
[Correct Epoch : 12/20]
Recon_correct	: 15.8042
-------------------------------------
[Correct Epoch : 13/20]
Recon_correct	: 15.7264
-------------------------------------
[Correct Epoch : 14/20]
Recon_correct	: 15.6492
-------------------------------------
[Correct Epoch : 15/20]
Recon_correct	: 15.5790
-------------------------------------
[Correct Epoch : 16/20]
Recon_correct	: 15.5112
-------------------------------------
[Correct Epoch : 17/20]
Recon_correct	: 15.4454
-------------------------------------
[Correct Epoch : 18/20]
Recon_correct	: 15.3813
-------------------------------------
[Correct Epoch : 19/20]
Recon_correct	: 15.3189
-------------------------------------
[Correct Epoch : 20/20]
Recon_correct	: 15.2597
-------------------------------------
/home/tp2474/miniconda3/envs/myenv/lib/python3.9/site-packages/diptest/diptest.py:170: UserWarning: Dip test is not valid for n <= 3
  warnings.warn("Dip test is not valid for n <= 3", stacklevel=1)
/home/tp2474/miniconda3/envs/myenv/lib/python3.9/site-packages/diptest/diptest.py:170: UserWarning: Dip test is not valid for n <= 3
  warnings.warn("Dip test is not valid for n <= 3", stacklevel=1)
H_score: 0.2753, OS* (acc_c): 0.3760, UNK (acc_p): 0.2172, acc_mix: 0.2817, F1: 0.2683
Uploading logs from: /mnt/data/home/tp2474/OpenSet-AdaTime/experiments_logs/curriculum/RealWorld to Pamap2_UniDA_hard_n2_fno_mean/RAINCOAT_UniDA_hard_n2_fno_mean/RealWorld_to_Pamap2_run_4
🏃 View run RAINCOAT_run_4 at: http://127.0.0.1:5001/#/experiments/163788618564821517/runs/974de329e2b84919a98c380290b1c8c6
🧪 View experiment at: http://127.0.0.1:5001/#/experiments/163788618564821517
==================== [n2 fno_mean] UDA ====================
[curriculum] scenario=UniDA  strategy=hard  n_unknown=2  rank_variant=fno_mean
[curriculum] source mapping (6 classes): {'lying': 'lying', 'sitting': 'sitting', 'walking': 'walking', 'running': 'running', 'climbingup': 'climbingup', 'jumping': 'jumping'}
[curriculum] target mapping (6 classes): {'lying': 'lying', 'sitting': 'sitting', 'walking': 'walking', 'running': 'running', 'other (transient activities)': 'other (transient activities)', 'ascending stairs': 'ascending stairs'}
[curriculum] unknowns added (in hard order): src=[climbingup,jumping] | trg=[other (transient activities),ascending stairs]
[scenario] UDA -> UniDA (uniDA=True)
Unlabeled data shape:  (11730, 150, 18)
Unlabelled Combined shape: (19515, 150, 18)

--- Dataloader Size Check ---
Source Train batches:   355
Target Train batches:   183
-------------------------------

Private classes:  tensor([6., 7.])
=============================================
Dataset: RealWorld to Pamap2_UniDA_hard_n2_fno_mean
Method:  UDA
=============================================
Source: RealWorld ---> Target: Pamap2
Run ID: 0
=============================================
[Pr Epoch : 1/20]
Pr_Src_cls_loss	: 0.8321
-------------------------------------
[Pr Epoch : 2/20]
Pr_Src_cls_loss	: 0.5460
-------------------------------------
[Pr Epoch : 3/20]
Pr_Src_cls_loss	: 0.4153
-------------------------------------
[Pr Epoch : 4/20]
Pr_Src_cls_loss	: 0.3400
-------------------------------------
[Pr Epoch : 5/20]
Pr_Src_cls_loss	: 0.2894
-------------------------------------
[Pr Epoch : 6/20]
Pr_Src_cls_loss	: 0.2537
-------------------------------------
[Pr Epoch : 7/20]
Pr_Src_cls_loss	: 0.2266
-------------------------------------
[Pr Epoch : 8/20]
Pr_Src_cls_loss	: 0.2049
-------------------------------------
[Pr Epoch : 9/20]
Pr_Src_cls_loss	: 0.1878
-------------------------------------
[Pr Epoch : 10/20]
Pr_Src_cls_loss	: 0.1737
-------------------------------------
[Pr Epoch : 11/20]
Pr_Src_cls_loss	: 0.1618
-------------------------------------
[Pr Epoch : 12/20]
Pr_Src_cls_loss	: 0.1517
-------------------------------------
[Pr Epoch : 13/20]
Pr_Src_cls_loss	: 0.1430
-------------------------------------
[Pr Epoch : 14/20]
Pr_Src_cls_loss	: 0.1351
-------------------------------------
[Pr Epoch : 15/20]
Pr_Src_cls_loss	: 0.1285
-------------------------------------
[Pr Epoch : 16/20]
Pr_Src_cls_loss	: 0.1225
-------------------------------------
[Pr Epoch : 17/20]
Pr_Src_cls_loss	: 0.1171
-------------------------------------
[Pr Epoch : 18/20]
Pr_Src_cls_loss	: 0.1124
-------------------------------------
[Pr Epoch : 19/20]
Pr_Src_cls_loss	: 0.1080
-------------------------------------
[Pr Epoch : 20/20]
Pr_Src_cls_loss	: 0.1040
-------------------------------------
[Epoch : 1/20]
Pr_Src_cls_loss	: 0.1040
Total_loss	: 5.6440
Domain_loss	: 1.0434
Src_cls_loss	: 0.1111
Adv Loss	: 1.3346
-------------------------------------
[Epoch : 2/20]
Pr_Src_cls_loss	: 0.1040
Total_loss	: 5.6085
Domain_loss	: 0.7684
Src_cls_loss	: 0.1163
Adv Loss	: 1.3212
-------------------------------------
[Epoch : 3/20]
Pr_Src_cls_loss	: 0.1040
Total_loss	: 5.6112
Domain_loss	: 0.6462
Src_cls_loss	: 0.1193
Adv Loss	: 1.3194
-------------------------------------
[Epoch : 4/20]
Pr_Src_cls_loss	: 0.1040
Total_loss	: 5.5962
Domain_loss	: 0.5621
Src_cls_loss	: 0.1166
Adv Loss	: 1.3178
-------------------------------------
[Epoch : 5/20]
Pr_Src_cls_loss	: 0.1040
Total_loss	: 5.5831
Domain_loss	: 0.5023
Src_cls_loss	: 0.1131
Adv Loss	: 1.3175
-------------------------------------
[Epoch : 6/20]
Pr_Src_cls_loss	: 0.1040
Total_loss	: 5.5759
Domain_loss	: 0.4600
Src_cls_loss	: 0.1102
Adv Loss	: 1.3182
-------------------------------------
[Epoch : 7/20]
Pr_Src_cls_loss	: 0.1040
Total_loss	: 5.5761
Domain_loss	: 0.4226
Src_cls_loss	: 0.1079
Adv Loss	: 1.3202
-------------------------------------
[Epoch : 8/20]
Pr_Src_cls_loss	: 0.1040
Total_loss	: 5.5663
Domain_loss	: 0.3941
Src_cls_loss	: 0.1061
Adv Loss	: 1.3192
-------------------------------------
[Epoch : 9/20]
Pr_Src_cls_loss	: 0.1040
Total_loss	: 5.5684
Domain_loss	: 0.3709
Src_cls_loss	: 0.1049
Adv Loss	: 1.3207
-------------------------------------
[Epoch : 10/20]
Pr_Src_cls_loss	: 0.1040
Total_loss	: 5.5684
Domain_loss	: 0.3517
Src_cls_loss	: 0.1034
Adv Loss	: 1.3220
-------------------------------------
[Epoch : 11/20]
Pr_Src_cls_loss	: 0.1040
Total_loss	: 5.5689
Domain_loss	: 0.3321
Src_cls_loss	: 0.1021
Adv Loss	: 1.3233
-------------------------------------
[Epoch : 12/20]
Pr_Src_cls_loss	: 0.1040
Total_loss	: 5.5655
Domain_loss	: 0.3169
Src_cls_loss	: 0.1008
Adv Loss	: 1.3235
-------------------------------------
[Epoch : 13/20]
Pr_Src_cls_loss	: 0.1040
Total_loss	: 5.5648
Domain_loss	: 0.3054
Src_cls_loss	: 0.0997
Adv Loss	: 1.3243
-------------------------------------
[Epoch : 14/20]
Pr_Src_cls_loss	: 0.1040
Total_loss	: 5.5660
Domain_loss	: 0.2943
Src_cls_loss	: 0.0984
Adv Loss	: 1.3256
-------------------------------------
[Epoch : 15/20]
Pr_Src_cls_loss	: 0.1040
Total_loss	: 5.5619
Domain_loss	: 0.2829
Src_cls_loss	: 0.0968
Adv Loss	: 1.3259
-------------------------------------
[Epoch : 16/20]
Pr_Src_cls_loss	: 0.1040
Total_loss	: 5.5629
Domain_loss	: 0.2739
Src_cls_loss	: 0.0956
Adv Loss	: 1.3273
-------------------------------------
[Epoch : 17/20]
Pr_Src_cls_loss	: 0.1040
Total_loss	: 5.5594
Domain_loss	: 0.2662
Src_cls_loss	: 0.0943
Adv Loss	: 1.3275
-------------------------------------
[Epoch : 18/20]
Pr_Src_cls_loss	: 0.1040
Total_loss	: 5.5627
Domain_loss	: 0.2597
Src_cls_loss	: 0.0937
Adv Loss	: 1.3288
-------------------------------------
[Epoch : 19/20]
Pr_Src_cls_loss	: 0.1040
Total_loss	: 5.5649
Domain_loss	: 0.2527
Src_cls_loss	: 0.0928
Adv Loss	: 1.3302
-------------------------------------
[Epoch : 20/20]
Pr_Src_cls_loss	: 0.1040
Total_loss	: 5.5691
Domain_loss	: 0.2448
Src_cls_loss	: 0.0917
Adv Loss	: 1.3322
-------------------------------------
/mnt/data/home/tp2474/OpenSet-AdaTime/trainers/abstract_trainer.py:331: FutureWarning: The behavior of DataFrame concatenation with empty or all-NA entries is deprecated. In a future version, this will no longer exclude empty or all-NA columns when determining the result dtypes. To retain the old behavior, exclude the relevant entries before the concat operation.
  table = pd.concat([table, results_df], ignore_index=True)
H_score: 0.4056, OS* (acc_c): 0.4986, UNK (acc_p): 0.3418, acc_mix: 0.4055, F1: 0.4316
Uploading logs from: /mnt/data/home/tp2474/OpenSet-AdaTime/experiments_logs/curriculum/RealWorld to Pamap2_UniDA_hard_n2_fno_mean/UDA_UniDA_hard_n2_fno_mean/RealWorld_to_Pamap2_run_0
🏃 View run UDA_run_0 at: http://127.0.0.1:5001/#/experiments/163788618564821517/runs/7c34159eee844a79aa514577329e1c50
🧪 View experiment at: http://127.0.0.1:5001/#/experiments/163788618564821517
=============================================
Dataset: RealWorld to Pamap2_UniDA_hard_n2_fno_mean
Method:  UDA
=============================================
Source: RealWorld ---> Target: Pamap2
Run ID: 1
=============================================
[Pr Epoch : 1/20]
Pr_Src_cls_loss	: 0.8455
-------------------------------------
[Pr Epoch : 2/20]
Pr_Src_cls_loss	: 0.5546
-------------------------------------
[Pr Epoch : 3/20]
Pr_Src_cls_loss	: 0.4204
-------------------------------------
[Pr Epoch : 4/20]
Pr_Src_cls_loss	: 0.3433
-------------------------------------
[Pr Epoch : 5/20]
Pr_Src_cls_loss	: 0.2924
-------------------------------------
[Pr Epoch : 6/20]
Pr_Src_cls_loss	: 0.2558
-------------------------------------
[Pr Epoch : 7/20]
Pr_Src_cls_loss	: 0.2290
-------------------------------------
[Pr Epoch : 8/20]
Pr_Src_cls_loss	: 0.2079
-------------------------------------
[Pr Epoch : 9/20]
Pr_Src_cls_loss	: 0.1908
-------------------------------------
[Pr Epoch : 10/20]
Pr_Src_cls_loss	: 0.1763
-------------------------------------
[Pr Epoch : 11/20]
Pr_Src_cls_loss	: 0.1640
-------------------------------------
[Pr Epoch : 12/20]
Pr_Src_cls_loss	: 0.1536
-------------------------------------
[Pr Epoch : 13/20]
Pr_Src_cls_loss	: 0.1448
-------------------------------------
[Pr Epoch : 14/20]
Pr_Src_cls_loss	: 0.1370
-------------------------------------
[Pr Epoch : 15/20]
Pr_Src_cls_loss	: 0.1303
-------------------------------------
[Pr Epoch : 16/20]
Pr_Src_cls_loss	: 0.1240
-------------------------------------
[Pr Epoch : 17/20]
Pr_Src_cls_loss	: 0.1186
-------------------------------------
[Pr Epoch : 18/20]
Pr_Src_cls_loss	: 0.1135
-------------------------------------
[Pr Epoch : 19/20]
Pr_Src_cls_loss	: 0.1090
-------------------------------------
[Pr Epoch : 20/20]
Pr_Src_cls_loss	: 0.1050
-------------------------------------
[Epoch : 1/20]
Pr_Src_cls_loss	: 0.1050
Total_loss	: 5.5730
Domain_loss	: 1.0915
Src_cls_loss	: 0.1016
Adv Loss	: 1.3247
-------------------------------------
[Epoch : 2/20]
Pr_Src_cls_loss	: 0.1050
Total_loss	: 5.5620
Domain_loss	: 0.9156
Src_cls_loss	: 0.1154
Adv Loss	: 1.3102
-------------------------------------
[Epoch : 3/20]
Pr_Src_cls_loss	: 0.1050
Total_loss	: 5.5587
Domain_loss	: 0.7835
Src_cls_loss	: 0.1149
Adv Loss	: 1.3098
-------------------------------------
[Epoch : 4/20]
Pr_Src_cls_loss	: 0.1050
Total_loss	: 5.5637
Domain_loss	: 0.6726
Src_cls_loss	: 0.1136
Adv Loss	: 1.3122
-------------------------------------
[Epoch : 5/20]
Pr_Src_cls_loss	: 0.1050
Total_loss	: 5.5630
Domain_loss	: 0.5959
Src_cls_loss	: 0.1106
Adv Loss	: 1.3145
-------------------------------------
[Epoch : 6/20]
Pr_Src_cls_loss	: 0.1050
Total_loss	: 5.5536
Domain_loss	: 0.5417
Src_cls_loss	: 0.1081
Adv Loss	: 1.3143
-------------------------------------
[Epoch : 7/20]
Pr_Src_cls_loss	: 0.1050
Total_loss	: 5.5539
Domain_loss	: 0.4975
Src_cls_loss	: 0.1055
Adv Loss	: 1.3166
-------------------------------------
[Epoch : 8/20]
Pr_Src_cls_loss	: 0.1050
Total_loss	: 5.5522
Domain_loss	: 0.4646
Src_cls_loss	: 0.1042
Adv Loss	: 1.3172
-------------------------------------
[Epoch : 9/20]
Pr_Src_cls_loss	: 0.1050
Total_loss	: 5.5499
Domain_loss	: 0.4381
Src_cls_loss	: 0.1028
Adv Loss	: 1.3178
-------------------------------------
[Epoch : 10/20]
Pr_Src_cls_loss	: 0.1050
Total_loss	: 5.5515
Domain_loss	: 0.4153
Src_cls_loss	: 0.1021
Adv Loss	: 1.3188
-------------------------------------
[Epoch : 11/20]
Pr_Src_cls_loss	: 0.1050
Total_loss	: 5.5589
Domain_loss	: 0.3940
Src_cls_loss	: 0.1017
Adv Loss	: 1.3210
-------------------------------------
[Epoch : 12/20]
Pr_Src_cls_loss	: 0.1050
Total_loss	: 5.5661
Domain_loss	: 0.3726
Src_cls_loss	: 0.1004
Adv Loss	: 1.3240
-------------------------------------
[Epoch : 13/20]
Pr_Src_cls_loss	: 0.1050
Total_loss	: 5.5672
Domain_loss	: 0.3570
Src_cls_loss	: 0.0992
Adv Loss	: 1.3253
-------------------------------------
[Epoch : 14/20]
Pr_Src_cls_loss	: 0.1050
Total_loss	: 5.5645
Domain_loss	: 0.3425
Src_cls_loss	: 0.0982
Adv Loss	: 1.3254
-------------------------------------
[Epoch : 15/20]
Pr_Src_cls_loss	: 0.1050
Total_loss	: 5.5683
Domain_loss	: 0.3325
Src_cls_loss	: 0.0976
Adv Loss	: 1.3269
-------------------------------------
[Epoch : 16/20]
Pr_Src_cls_loss	: 0.1050
Total_loss	: 5.5691
Domain_loss	: 0.3213
Src_cls_loss	: 0.0967
Adv Loss	: 1.3279
-------------------------------------
[Epoch : 17/20]
Pr_Src_cls_loss	: 0.1050
Total_loss	: 5.5704
Domain_loss	: 0.3095
Src_cls_loss	: 0.0954
Adv Loss	: 1.3293
-------------------------------------
[Epoch : 18/20]
Pr_Src_cls_loss	: 0.1050
Total_loss	: 5.5674
Domain_loss	: 0.2986
Src_cls_loss	: 0.0944
Adv Loss	: 1.3294
-------------------------------------
[Epoch : 19/20]
Pr_Src_cls_loss	: 0.1050
Total_loss	: 5.5696
Domain_loss	: 0.2909
Src_cls_loss	: 0.0938
Adv Loss	: 1.3304
-------------------------------------
[Epoch : 20/20]
Pr_Src_cls_loss	: 0.1050
Total_loss	: 5.5720
Domain_loss	: 0.2835
Src_cls_loss	: 0.0932
Adv Loss	: 1.3316
-------------------------------------
H_score: 0.4548, OS* (acc_c): 0.5347, UNK (acc_p): 0.3957, acc_mix: 0.4522, F1: 0.4897
Uploading logs from: /mnt/data/home/tp2474/OpenSet-AdaTime/experiments_logs/curriculum/RealWorld to Pamap2_UniDA_hard_n2_fno_mean/UDA_UniDA_hard_n2_fno_mean/RealWorld_to_Pamap2_run_1
🏃 View run UDA_run_1 at: http://127.0.0.1:5001/#/experiments/163788618564821517/runs/f202ef0c9e364177a682692fde848df1
🧪 View experiment at: http://127.0.0.1:5001/#/experiments/163788618564821517
=============================================
Dataset: RealWorld to Pamap2_UniDA_hard_n2_fno_mean
Method:  UDA
=============================================
Source: RealWorld ---> Target: Pamap2
Run ID: 2
=============================================
[Pr Epoch : 1/20]
Pr_Src_cls_loss	: 0.8394
-------------------------------------
[Pr Epoch : 2/20]
Pr_Src_cls_loss	: 0.5501
-------------------------------------
[Pr Epoch : 3/20]
Pr_Src_cls_loss	: 0.4170
-------------------------------------
[Pr Epoch : 4/20]
Pr_Src_cls_loss	: 0.3399
-------------------------------------
[Pr Epoch : 5/20]
Pr_Src_cls_loss	: 0.2891
-------------------------------------
[Pr Epoch : 6/20]
Pr_Src_cls_loss	: 0.2534
-------------------------------------
[Pr Epoch : 7/20]
Pr_Src_cls_loss	: 0.2264
-------------------------------------
[Pr Epoch : 8/20]
Pr_Src_cls_loss	: 0.2051
-------------------------------------
[Pr Epoch : 9/20]
Pr_Src_cls_loss	: 0.1880
-------------------------------------
[Pr Epoch : 10/20]
Pr_Src_cls_loss	: 0.1742
-------------------------------------
[Pr Epoch : 11/20]
Pr_Src_cls_loss	: 0.1623
-------------------------------------
[Pr Epoch : 12/20]
Pr_Src_cls_loss	: 0.1522
-------------------------------------
[Pr Epoch : 13/20]
Pr_Src_cls_loss	: 0.1434
-------------------------------------
[Pr Epoch : 14/20]
Pr_Src_cls_loss	: 0.1358
-------------------------------------
[Pr Epoch : 15/20]
Pr_Src_cls_loss	: 0.1289
-------------------------------------
[Pr Epoch : 16/20]
Pr_Src_cls_loss	: 0.1231
-------------------------------------
[Pr Epoch : 17/20]
Pr_Src_cls_loss	: 0.1178
-------------------------------------
[Pr Epoch : 18/20]
Pr_Src_cls_loss	: 0.1128
-------------------------------------
[Pr Epoch : 19/20]
Pr_Src_cls_loss	: 0.1085
-------------------------------------
[Pr Epoch : 20/20]
Pr_Src_cls_loss	: 0.1044
-------------------------------------
[Epoch : 1/20]
Pr_Src_cls_loss	: 0.1044
Total_loss	: 5.6426
Domain_loss	: 1.0119
Src_cls_loss	: 0.1129
Adv Loss	: 1.3328
-------------------------------------
[Epoch : 2/20]
Pr_Src_cls_loss	: 0.1044
Total_loss	: 5.5878
Domain_loss	: 0.7875
Src_cls_loss	: 0.1135
Adv Loss	: 1.3184
-------------------------------------
[Epoch : 3/20]
Pr_Src_cls_loss	: 0.1044
Total_loss	: 5.5401
Domain_loss	: 0.6727
Src_cls_loss	: 0.1135
Adv Loss	: 1.3063
-------------------------------------
[Epoch : 4/20]
Pr_Src_cls_loss	: 0.1044
Total_loss	: 5.5439
Domain_loss	: 0.6024
Src_cls_loss	: 0.1138
Adv Loss	: 1.3070
-------------------------------------
[Epoch : 5/20]
Pr_Src_cls_loss	: 0.1044
Total_loss	: 5.5466
Domain_loss	: 0.5456
Src_cls_loss	: 0.1140
Adv Loss	: 1.3075
-------------------------------------
[Epoch : 6/20]
Pr_Src_cls_loss	: 0.1044
Total_loss	: 5.5358
Domain_loss	: 0.5033
Src_cls_loss	: 0.1128
Adv Loss	: 1.3058
-------------------------------------
[Epoch : 7/20]
Pr_Src_cls_loss	: 0.1044
Total_loss	: 5.5462
Domain_loss	: 0.4736
Src_cls_loss	: 0.1125
Adv Loss	: 1.3087
-------------------------------------
[Epoch : 8/20]
Pr_Src_cls_loss	: 0.1044
Total_loss	: 5.5442
Domain_loss	: 0.4478
Src_cls_loss	: 0.1112
Adv Loss	: 1.3093
-------------------------------------
[Epoch : 9/20]
Pr_Src_cls_loss	: 0.1044
Total_loss	: 5.5501
Domain_loss	: 0.4237
Src_cls_loss	: 0.1098
Adv Loss	: 1.3120
-------------------------------------
[Epoch : 10/20]
Pr_Src_cls_loss	: 0.1044
Total_loss	: 5.5552
Domain_loss	: 0.4040
Src_cls_loss	: 0.1086
Adv Loss	: 1.3143
-------------------------------------
[Epoch : 11/20]
Pr_Src_cls_loss	: 0.1044
Total_loss	: 5.5506
Domain_loss	: 0.3831
Src_cls_loss	: 0.1070
Adv Loss	: 1.3144
-------------------------------------
[Epoch : 12/20]
Pr_Src_cls_loss	: 0.1044
Total_loss	: 5.5574
Domain_loss	: 0.3638
Src_cls_loss	: 0.1052
Adv Loss	: 1.3177
-------------------------------------
[Epoch : 13/20]
Pr_Src_cls_loss	: 0.1044
Total_loss	: 5.5551
Domain_loss	: 0.3469
Src_cls_loss	: 0.1037
Adv Loss	: 1.3184
-------------------------------------
[Epoch : 14/20]
Pr_Src_cls_loss	: 0.1044
Total_loss	: 5.5640
Domain_loss	: 0.3329
Src_cls_loss	: 0.1023
Adv Loss	: 1.3219
-------------------------------------
[Epoch : 15/20]
Pr_Src_cls_loss	: 0.1044
Total_loss	: 5.5713
Domain_loss	: 0.3196
Src_cls_loss	: 0.1011
Adv Loss	: 1.3247
-------------------------------------
[Epoch : 16/20]
Pr_Src_cls_loss	: 0.1044
Total_loss	: 5.5699
Domain_loss	: 0.3073
Src_cls_loss	: 0.0996
Adv Loss	: 1.3256
-------------------------------------
/pytorch/aten/src/ATen/native/cuda/Loss.cu:90: operator(): block: [0,0,0], thread: [32,0,0] Assertion `input_val >= zero && input_val <= one` failed.
/pytorch/aten/src/ATen/native/cuda/Loss.cu:90: operator(): block: [0,0,0], thread: [33,0,0] Assertion `input_val >= zero && input_val <= one` failed.
/pytorch/aten/src/ATen/native/cuda/Loss.cu:90: operator(): block: [0,0,0], thread: [34,0,0] Assertion `input_val >= zero && input_val <= one` failed.
/pytorch/aten/src/ATen/native/cuda/Loss.cu:90: operator(): block: [0,0,0], thread: [35,0,0] Assertion `input_val >= zero && input_val <= one` failed.
/pytorch/aten/src/ATen/native/cuda/Loss.cu:90: operator(): block: [0,0,0], thread: [36,0,0] Assertion `input_val >= zero && input_val <= one` failed.
/pytorch/aten/src/ATen/native/cuda/Loss.cu:90: operator(): block: [0,0,0], thread: [37,0,0] Assertion `input_val >= zero && input_val <= one` failed.
/pytorch/aten/src/ATen/native/cuda/Loss.cu:90: operator(): block: [0,0,0], thread: [38,0,0] Assertion `input_val >= zero && input_val <= one` failed.
/pytorch/aten/src/ATen/native/cuda/Loss.cu:90: operator(): block: [0,0,0], thread: [39,0,0] Assertion `input_val >= zero && input_val <= one` failed.
/pytorch/aten/src/ATen/native/cuda/Loss.cu:90: operator(): block: [0,0,0], thread: [40,0,0] Assertion `input_val >= zero && input_val <= one` failed.
/pytorch/aten/src/ATen/native/cuda/Loss.cu:90: operator(): block: [0,0,0], thread: [41,0,0] Assertion `input_val >= zero && input_val <= one` failed.
/pytorch/aten/src/ATen/native/cuda/Loss.cu:90: operator(): block: [0,0,0], thread: [42,0,0] Assertion `input_val >= zero && input_val <= one` failed.
/pytorch/aten/src/ATen/native/cuda/Loss.cu:90: operator(): block: [0,0,0], thread: [43,0,0] Assertion `input_val >= zero && input_val <= one` failed.
/pytorch/aten/src/ATen/native/cuda/Loss.cu:90: operator(): block: [0,0,0], thread: [44,0,0] Assertion `input_val >= zero && input_val <= one` failed.
/pytorch/aten/src/ATen/native/cuda/Loss.cu:90: operator(): block: [0,0,0], thread: [45,0,0] Assertion `input_val >= zero && input_val <= one` failed.
/pytorch/aten/src/ATen/native/cuda/Loss.cu:90: operator(): block: [0,0,0], thread: [46,0,0] Assertion `input_val >= zero && input_val <= one` failed.
/pytorch/aten/src/ATen/native/cuda/Loss.cu:90: operator(): block: [0,0,0], thread: [47,0,0] Assertion `input_val >= zero && input_val <= one` failed.
/pytorch/aten/src/ATen/native/cuda/Loss.cu:90: operator(): block: [0,0,0], thread: [48,0,0] Assertion `input_val >= zero && input_val <= one` failed.
/pytorch/aten/src/ATen/native/cuda/Loss.cu:90: operator(): block: [0,0,0], thread: [49,0,0] Assertion `input_val >= zero && input_val <= one` failed.
/pytorch/aten/src/ATen/native/cuda/Loss.cu:90: operator(): block: [0,0,0], thread: [50,0,0] Assertion `input_val >= zero && input_val <= one` failed.
/pytorch/aten/src/ATen/native/cuda/Loss.cu:90: operator(): block: [0,0,0], thread: [51,0,0] Assertion `input_val >= zero && input_val <= one` failed.
/pytorch/aten/src/ATen/native/cuda/Loss.cu:90: operator(): block: [0,0,0], thread: [52,0,0] Assertion `input_val >= zero && input_val <= one` failed.
/pytorch/aten/src/ATen/native/cuda/Loss.cu:90: operator(): block: [0,0,0], thread: [53,0,0] Assertion `input_val >= zero && input_val <= one` failed.
/pytorch/aten/src/ATen/native/cuda/Loss.cu:90: operator(): block: [0,0,0], thread: [54,0,0] Assertion `input_val >= zero && input_val <= one` failed.
/pytorch/aten/src/ATen/native/cuda/Loss.cu:90: operator(): block: [0,0,0], thread: [55,0,0] Assertion `input_val >= zero && input_val <= one` failed.
/pytorch/aten/src/ATen/native/cuda/Loss.cu:90: operator(): block: [0,0,0], thread: [56,0,0] Assertion `input_val >= zero && input_val <= one` failed.
/pytorch/aten/src/ATen/native/cuda/Loss.cu:90: operator(): block: [0,0,0], thread: [57,0,0] Assertion `input_val >= zero && input_val <= one` failed.
/pytorch/aten/src/ATen/native/cuda/Loss.cu:90: operator(): block: [0,0,0], thread: [58,0,0] Assertion `input_val >= zero && input_val <= one` failed.
/pytorch/aten/src/ATen/native/cuda/Loss.cu:90: operator(): block: [0,0,0], thread: [59,0,0] Assertion `input_val >= zero && input_val <= one` failed.
/pytorch/aten/src/ATen/native/cuda/Loss.cu:90: operator(): block: [0,0,0], thread: [60,0,0] Assertion `input_val >= zero && input_val <= one` failed.
/pytorch/aten/src/ATen/native/cuda/Loss.cu:90: operator(): block: [0,0,0], thread: [61,0,0] Assertion `input_val >= zero && input_val <= one` failed.
/pytorch/aten/src/ATen/native/cuda/Loss.cu:90: operator(): block: [0,0,0], thread: [62,0,0] Assertion `input_val >= zero && input_val <= one` failed.
/pytorch/aten/src/ATen/native/cuda/Loss.cu:90: operator(): block: [0,0,0], thread: [63,0,0] Assertion `input_val >= zero && input_val <= one` failed.
/pytorch/aten/src/ATen/native/cuda/Loss.cu:90: operator(): block: [0,0,0], thread: [0,0,0] Assertion `input_val >= zero && input_val <= one` failed.
/pytorch/aten/src/ATen/native/cuda/Loss.cu:90: operator(): block: [0,0,0], thread: [1,0,0] Assertion `input_val >= zero && input_val <= one` failed.
/pytorch/aten/src/ATen/native/cuda/Loss.cu:90: operator(): block: [0,0,0], thread: [2,0,0] Assertion `input_val >= zero && input_val <= one` failed.
/pytorch/aten/src/ATen/native/cuda/Loss.cu:90: operator(): block: [0,0,0], thread: [3,0,0] Assertion `input_val >= zero && input_val <= one` failed.
/pytorch/aten/src/ATen/native/cuda/Loss.cu:90: operator(): block: [0,0,0], thread: [4,0,0] Assertion `input_val >= zero && input_val <= one` failed.
/pytorch/aten/src/ATen/native/cuda/Loss.cu:90: operator(): block: [0,0,0], thread: [5,0,0] Assertion `input_val >= zero && input_val <= one` failed.
/pytorch/aten/src/ATen/native/cuda/Loss.cu:90: operator(): block: [0,0,0], thread: [6,0,0] Assertion `input_val >= zero && input_val <= one` failed.
/pytorch/aten/src/ATen/native/cuda/Loss.cu:90: operator(): block: [0,0,0], thread: [7,0,0] Assertion `input_val >= zero && input_val <= one` failed.
/pytorch/aten/src/ATen/native/cuda/Loss.cu:90: operator(): block: [0,0,0], thread: [8,0,0] Assertion `input_val >= zero && input_val <= one` failed.
/pytorch/aten/src/ATen/native/cuda/Loss.cu:90: operator(): block: [0,0,0], thread: [9,0,0] Assertion `input_val >= zero && input_val <= one` failed.
/pytorch/aten/src/ATen/native/cuda/Loss.cu:90: operator(): block: [0,0,0], thread: [10,0,0] Assertion `input_val >= zero && input_val <= one` failed.
/pytorch/aten/src/ATen/native/cuda/Loss.cu:90: operator(): block: [0,0,0], thread: [11,0,0] Assertion `input_val >= zero && input_val <= one` failed.
/pytorch/aten/src/ATen/native/cuda/Loss.cu:90: operator(): block: [0,0,0], thread: [12,0,0] Assertion `input_val >= zero && input_val <= one` failed.
/pytorch/aten/src/ATen/native/cuda/Loss.cu:90: operator(): block: [0,0,0], thread: [13,0,0] Assertion `input_val >= zero && input_val <= one` failed.
/pytorch/aten/src/ATen/native/cuda/Loss.cu:90: operator(): block: [0,0,0], thread: [14,0,0] Assertion `input_val >= zero && input_val <= one` failed.
/pytorch/aten/src/ATen/native/cuda/Loss.cu:90: operator(): block: [0,0,0], thread: [15,0,0] Assertion `input_val >= zero && input_val <= one` failed.
/pytorch/aten/src/ATen/native/cuda/Loss.cu:90: operator(): block: [0,0,0], thread: [16,0,0] Assertion `input_val >= zero && input_val <= one` failed.
/pytorch/aten/src/ATen/native/cuda/Loss.cu:90: operator(): block: [0,0,0], thread: [17,0,0] Assertion `input_val >= zero && input_val <= one` failed.
/pytorch/aten/src/ATen/native/cuda/Loss.cu:90: operator(): block: [0,0,0], thread: [18,0,0] Assertion `input_val >= zero && input_val <= one` failed.
/pytorch/aten/src/ATen/native/cuda/Loss.cu:90: operator(): block: [0,0,0], thread: [19,0,0] Assertion `input_val >= zero && input_val <= one` failed.
/pytorch/aten/src/ATen/native/cuda/Loss.cu:90: operator(): block: [0,0,0], thread: [20,0,0] Assertion `input_val >= zero && input_val <= one` failed.
/pytorch/aten/src/ATen/native/cuda/Loss.cu:90: operator(): block: [0,0,0], thread: [21,0,0] Assertion `input_val >= zero && input_val <= one` failed.
/pytorch/aten/src/ATen/native/cuda/Loss.cu:90: operator(): block: [0,0,0], thread: [22,0,0] Assertion `input_val >= zero && input_val <= one` failed.
/pytorch/aten/src/ATen/native/cuda/Loss.cu:90: operator(): block: [0,0,0], thread: [23,0,0] Assertion `input_val >= zero && input_val <= one` failed.
/pytorch/aten/src/ATen/native/cuda/Loss.cu:90: operator(): block: [0,0,0], thread: [24,0,0] Assertion `input_val >= zero && input_val <= one` failed.
/pytorch/aten/src/ATen/native/cuda/Loss.cu:90: operator(): block: [0,0,0], thread: [25,0,0] Assertion `input_val >= zero && input_val <= one` failed.
/pytorch/aten/src/ATen/native/cuda/Loss.cu:90: operator(): block: [0,0,0], thread: [26,0,0] Assertion `input_val >= zero && input_val <= one` failed.
/pytorch/aten/src/ATen/native/cuda/Loss.cu:90: operator(): block: [0,0,0], thread: [27,0,0] Assertion `input_val >= zero && input_val <= one` failed.
/pytorch/aten/src/ATen/native/cuda/Loss.cu:90: operator(): block: [0,0,0], thread: [28,0,0] Assertion `input_val >= zero && input_val <= one` failed.
/pytorch/aten/src/ATen/native/cuda/Loss.cu:90: operator(): block: [0,0,0], thread: [29,0,0] Assertion `input_val >= zero && input_val <= one` failed.
/pytorch/aten/src/ATen/native/cuda/Loss.cu:90: operator(): block: [0,0,0], thread: [30,0,0] Assertion `input_val >= zero && input_val <= one` failed.
/pytorch/aten/src/ATen/native/cuda/Loss.cu:90: operator(): block: [0,0,0], thread: [31,0,0] Assertion `input_val >= zero && input_val <= one` failed.
🏃 View run UDA_run_2 at: http://127.0.0.1:5001/#/experiments/163788618564821517/runs/026828d64e07464eaac4e99c7ae3f239
🧪 View experiment at: http://127.0.0.1:5001/#/experiments/163788618564821517
Traceback (most recent call last):
  File "/mnt/data/home/tp2474/OpenSet-AdaTime/run_curriculum.py", line 286, in <module>
    main()
  File "/mnt/data/home/tp2474/OpenSet-AdaTime/run_curriculum.py", line 282, in main
    trainer.fit()
  File "/mnt/data/home/tp2474/OpenSet-AdaTime/trainers/train.py", line 62, in fit
    self.last_model, self.best_model = self.algorithm.update(
  File "/mnt/data/home/tp2474/OpenSet-AdaTime/algorithms/algorithms.py", line 369, in update
    self.training_epoch(src_loader, trg_loader, avg_meter, epoch)
  File "/mnt/data/home/tp2474/OpenSet-AdaTime/algorithms/algorithms.py", line 448, in training_epoch
    losses = {'Total_loss': loss.item(), 'Domain_loss': domain_loss.item(), 'Src_cls_loss': src_cls_loss.item(),
RuntimeError: CUDA error: device-side assert triggered
CUDA kernel errors might be asynchronously reported at some other API call, so the stacktrace below might be incorrect.
For debugging consider passing CUDA_LAUNCH_BLOCKING=1
Compile with `TORCH_USE_CUDA_DSA` to enable device-side assertions.

[n2 fno_mean] UDA FAILED — continuing
==================== [n2 fno_mean] OVANet ====================
[curriculum] scenario=UniDA  strategy=hard  n_unknown=2  rank_variant=fno_mean
[curriculum] source mapping (6 classes): {'lying': 'lying', 'sitting': 'sitting', 'walking': 'walking', 'running': 'running', 'climbingup': 'climbingup', 'jumping': 'jumping'}
[curriculum] target mapping (6 classes): {'lying': 'lying', 'sitting': 'sitting', 'walking': 'walking', 'running': 'running', 'other (transient activities)': 'other (transient activities)', 'ascending stairs': 'ascending stairs'}
[curriculum] unknowns added (in hard order): src=[climbingup,jumping] | trg=[other (transient activities),ascending stairs]
[scenario] OVANet -> UniDA (uniDA=True)
Unlabeled data shape:  (11730, 150, 18)
Unlabelled Combined shape: (19515, 150, 18)

--- Dataloader Size Check ---
Source Train batches:   355
Target Train batches:   183
-------------------------------

Private classes:  tensor([6., 7.])
=============================================
Dataset: RealWorld to Pamap2_UniDA_hard_n2_fno_mean
Method:  OVANet
=============================================
Source: RealWorld ---> Target: Pamap2
Run ID: 0
=============================================
[Pr Epoch : 1/20]
Pr_Src_cls_loss	: 0.8339
-------------------------------------
[Pr Epoch : 2/20]
Pr_Src_cls_loss	: 0.5466
-------------------------------------
[Pr Epoch : 3/20]
Pr_Src_cls_loss	: 0.4130
-------------------------------------
[Pr Epoch : 4/20]
Pr_Src_cls_loss	: 0.3365
-------------------------------------
[Pr Epoch : 5/20]
Pr_Src_cls_loss	: 0.2857
-------------------------------------
[Pr Epoch : 6/20]
Pr_Src_cls_loss	: 0.2497
-------------------------------------
[Pr Epoch : 7/20]
Pr_Src_cls_loss	: 0.2223
-------------------------------------
[Pr Epoch : 8/20]
Pr_Src_cls_loss	: 0.2003
-------------------------------------
[Pr Epoch : 9/20]
Pr_Src_cls_loss	: 0.1829
-------------------------------------
[Pr Epoch : 10/20]
Pr_Src_cls_loss	: 0.1682
-------------------------------------
[Pr Epoch : 11/20]
Pr_Src_cls_loss	: 0.1557
-------------------------------------
[Pr Epoch : 12/20]
Pr_Src_cls_loss	: 0.1452
-------------------------------------
[Pr Epoch : 13/20]
Pr_Src_cls_loss	: 0.1362
-------------------------------------
[Pr Epoch : 14/20]
Pr_Src_cls_loss	: 0.1281
-------------------------------------
[Pr Epoch : 15/20]
Pr_Src_cls_loss	: 0.1210
-------------------------------------
[Pr Epoch : 16/20]
Pr_Src_cls_loss	: 0.1149
-------------------------------------
[Pr Epoch : 17/20]
Pr_Src_cls_loss	: 0.1092
-------------------------------------
[Pr Epoch : 18/20]
Pr_Src_cls_loss	: 0.1041
-------------------------------------
[Pr Epoch : 19/20]
Pr_Src_cls_loss	: 0.0994
-------------------------------------
[Pr Epoch : 20/20]
Pr_Src_cls_loss	: 0.0953
-------------------------------------
[Epoch : 1/20]
Pr_Src_cls_loss	: 0.0953
Total_loss	: 1.3340
Open Loss	: 0.6340
Src_cls_loss	: 0.0101
Entropy Open	: 0.6899
-------------------------------------
[Epoch : 2/20]
Pr_Src_cls_loss	: 0.0953
Total_loss	: 1.2649
Open Loss	: 0.5765
Src_cls_loss	: 0.0101
Entropy Open	: 0.6783
-------------------------------------
[Epoch : 3/20]
Pr_Src_cls_loss	: 0.0953
Total_loss	: 1.1902
Open Loss	: 0.5268
Src_cls_loss	: 0.0102
Entropy Open	: 0.6532
-------------------------------------
[Epoch : 4/20]
Pr_Src_cls_loss	: 0.0953
Total_loss	: 1.1119
Open Loss	: 0.4842
Src_cls_loss	: 0.0105
Entropy Open	: 0.6172
-------------------------------------
[Epoch : 5/20]
Pr_Src_cls_loss	: 0.0953
Total_loss	: 1.0359
Open Loss	: 0.4475
Src_cls_loss	: 0.0108
Entropy Open	: 0.5776
-------------------------------------
[Epoch : 6/20]
Pr_Src_cls_loss	: 0.0953
Total_loss	: 0.9653
Open Loss	: 0.4157
Src_cls_loss	: 0.0110
Entropy Open	: 0.5386
-------------------------------------
[Epoch : 7/20]
Pr_Src_cls_loss	: 0.0953
Total_loss	: 0.9012
Open Loss	: 0.3881
Src_cls_loss	: 0.0112
Entropy Open	: 0.5019
-------------------------------------
[Epoch : 8/20]
Pr_Src_cls_loss	: 0.0953
Total_loss	: 0.8436
Open Loss	: 0.3641
Src_cls_loss	: 0.0114
Entropy Open	: 0.4682
-------------------------------------
[Epoch : 9/20]
Pr_Src_cls_loss	: 0.0953
Total_loss	: 0.7915
Open Loss	: 0.3426
Src_cls_loss	: 0.0114
Entropy Open	: 0.4375
-------------------------------------
[Epoch : 10/20]
Pr_Src_cls_loss	: 0.0953
Total_loss	: 0.7447
Open Loss	: 0.3234
Src_cls_loss	: 0.0115
Entropy Open	: 0.4098
-------------------------------------
[Epoch : 11/20]
Pr_Src_cls_loss	: 0.0953
Total_loss	: 0.7027
Open Loss	: 0.3062
Src_cls_loss	: 0.0116
Entropy Open	: 0.3849
-------------------------------------
[Epoch : 12/20]
Pr_Src_cls_loss	: 0.0953
Total_loss	: 0.6647
Open Loss	: 0.2906
Src_cls_loss	: 0.0116
Entropy Open	: 0.3625
-------------------------------------
[Epoch : 13/20]
Pr_Src_cls_loss	: 0.0953
Total_loss	: 0.6303
Open Loss	: 0.2763
Src_cls_loss	: 0.0117
Entropy Open	: 0.3423
-------------------------------------
[Epoch : 14/20]
Pr_Src_cls_loss	: 0.0953
Total_loss	: 0.5990
Open Loss	: 0.2633
Src_cls_loss	: 0.0117
Entropy Open	: 0.3240
-------------------------------------
[Epoch : 15/20]
Pr_Src_cls_loss	: 0.0953
Total_loss	: 0.5704
Open Loss	: 0.2513
Src_cls_loss	: 0.0117
Entropy Open	: 0.3074
-------------------------------------
[Epoch : 16/20]
Pr_Src_cls_loss	: 0.0953
Total_loss	: 0.5444
Open Loss	: 0.2403
Src_cls_loss	: 0.0117
Entropy Open	: 0.2924
-------------------------------------
[Epoch : 17/20]
Pr_Src_cls_loss	: 0.0953
Total_loss	: 0.5205
Open Loss	: 0.2302
Src_cls_loss	: 0.0117
Entropy Open	: 0.2786
-------------------------------------
[Epoch : 18/20]
Pr_Src_cls_loss	: 0.0953
Total_loss	: 0.4986
Open Loss	: 0.2209
Src_cls_loss	: 0.0117
Entropy Open	: 0.2660
-------------------------------------
[Epoch : 19/20]
Pr_Src_cls_loss	: 0.0953
Total_loss	: 0.4783
Open Loss	: 0.2122
Src_cls_loss	: 0.0117
Entropy Open	: 0.2544
-------------------------------------
[Epoch : 20/20]
Pr_Src_cls_loss	: 0.0953
Total_loss	: 0.4596
Open Loss	: 0.2042
Src_cls_loss	: 0.0117
Entropy Open	: 0.2437
-------------------------------------
/mnt/data/home/tp2474/OpenSet-AdaTime/algorithms/algorithms.py:661: UserWarning: Implicit dimension choice for softmax has been deprecated. Change the call to include dim=X as an argument.
  predictions = F.softmax(self.classifier(features))
/mnt/data/home/tp2474/OpenSet-AdaTime/trainers/abstract_trainer.py:331: FutureWarning: The behavior of DataFrame concatenation with empty or all-NA entries is deprecated. In a future version, this will no longer exclude empty or all-NA columns when determining the result dtypes. To retain the old behavior, exclude the relevant entries before the concat operation.
  table = pd.concat([table, results_df], ignore_index=True)
H_score: 0.5094, OS* (acc_c): 0.3489, UNK (acc_p): 0.9430, acc_mix: 0.7018, F1: 0.6185
Uploading logs from: /mnt/data/home/tp2474/OpenSet-AdaTime/experiments_logs/curriculum/RealWorld to Pamap2_UniDA_hard_n2_fno_mean/OVANet_UniDA_hard_n2_fno_mean/RealWorld_to_Pamap2_run_0
🏃 View run OVANet_run_0 at: http://127.0.0.1:5001/#/experiments/163788618564821517/runs/8c8d2fc0dfb34c318fa6e9c266e98421
🧪 View experiment at: http://127.0.0.1:5001/#/experiments/163788618564821517
=============================================
Dataset: RealWorld to Pamap2_UniDA_hard_n2_fno_mean
Method:  OVANet
=============================================
Source: RealWorld ---> Target: Pamap2
Run ID: 1
=============================================
[Pr Epoch : 1/20]
Pr_Src_cls_loss	: 0.8371
-------------------------------------
[Pr Epoch : 2/20]
Pr_Src_cls_loss	: 0.5468
-------------------------------------
[Pr Epoch : 3/20]
Pr_Src_cls_loss	: 0.4142
-------------------------------------
[Pr Epoch : 4/20]
Pr_Src_cls_loss	: 0.3371
-------------------------------------
[Pr Epoch : 5/20]
Pr_Src_cls_loss	: 0.2860
-------------------------------------
[Pr Epoch : 6/20]
Pr_Src_cls_loss	: 0.2497
-------------------------------------
[Pr Epoch : 7/20]
Pr_Src_cls_loss	: 0.2220
-------------------------------------
[Pr Epoch : 8/20]
Pr_Src_cls_loss	: 0.2003
-------------------------------------
[Pr Epoch : 9/20]
Pr_Src_cls_loss	: 0.1830
-------------------------------------
[Pr Epoch : 10/20]
Pr_Src_cls_loss	: 0.1687
-------------------------------------
[Pr Epoch : 11/20]
Pr_Src_cls_loss	: 0.1565
-------------------------------------
[Pr Epoch : 12/20]
Pr_Src_cls_loss	: 0.1459
-------------------------------------
[Pr Epoch : 13/20]
Pr_Src_cls_loss	: 0.1368
-------------------------------------
[Pr Epoch : 14/20]
Pr_Src_cls_loss	: 0.1290
-------------------------------------
[Pr Epoch : 15/20]
Pr_Src_cls_loss	: 0.1218
-------------------------------------
[Pr Epoch : 16/20]
Pr_Src_cls_loss	: 0.1155
-------------------------------------
[Pr Epoch : 17/20]
Pr_Src_cls_loss	: 0.1100
-------------------------------------
[Pr Epoch : 18/20]
Pr_Src_cls_loss	: 0.1051
-------------------------------------
[Pr Epoch : 19/20]
Pr_Src_cls_loss	: 0.1005
-------------------------------------
[Pr Epoch : 20/20]
Pr_Src_cls_loss	: 0.0963
-------------------------------------
[Epoch : 1/20]
Pr_Src_cls_loss	: 0.0963
Total_loss	: 1.3320
Open Loss	: 0.6338
Src_cls_loss	: 0.0094
Entropy Open	: 0.6888
-------------------------------------
[Epoch : 2/20]
Pr_Src_cls_loss	: 0.0963
Total_loss	: 1.2608
Open Loss	: 0.5764
Src_cls_loss	: 0.0099
Entropy Open	: 0.6744
-------------------------------------
[Epoch : 3/20]
Pr_Src_cls_loss	: 0.0963
Total_loss	: 1.1849
Open Loss	: 0.5275
Src_cls_loss	: 0.0104
Entropy Open	: 0.6471
-------------------------------------
[Epoch : 4/20]
Pr_Src_cls_loss	: 0.0963
Total_loss	: 1.1073
Open Loss	: 0.4846
Src_cls_loss	: 0.0109
Entropy Open	: 0.6118
-------------------------------------
[Epoch : 5/20]
Pr_Src_cls_loss	: 0.0963
Total_loss	: 1.0324
Open Loss	: 0.4473
Src_cls_loss	: 0.0114
Entropy Open	: 0.5737
-------------------------------------
[Epoch : 6/20]
Pr_Src_cls_loss	: 0.0963
Total_loss	: 0.9628
Open Loss	: 0.4147
Src_cls_loss	: 0.0116
Entropy Open	: 0.5365
-------------------------------------
[Epoch : 7/20]
Pr_Src_cls_loss	: 0.0963
Total_loss	: 0.8996
Open Loss	: 0.3861
Src_cls_loss	: 0.0118
Entropy Open	: 0.5017
-------------------------------------
[Epoch : 8/20]
Pr_Src_cls_loss	: 0.0963
Total_loss	: 0.8425
Open Loss	: 0.3607
Src_cls_loss	: 0.0120
Entropy Open	: 0.4698
-------------------------------------
[Epoch : 9/20]
Pr_Src_cls_loss	: 0.0963
Total_loss	: 0.7910
Open Loss	: 0.3382
Src_cls_loss	: 0.0121
Entropy Open	: 0.4407
-------------------------------------
[Epoch : 10/20]
Pr_Src_cls_loss	: 0.0963
Total_loss	: 0.7445
Open Loss	: 0.3181
Src_cls_loss	: 0.0122
Entropy Open	: 0.4142
-------------------------------------
[Epoch : 11/20]
Pr_Src_cls_loss	: 0.0963
Total_loss	: 0.7026
Open Loss	: 0.3001
Src_cls_loss	: 0.0123
Entropy Open	: 0.3902
-------------------------------------
[Epoch : 12/20]
Pr_Src_cls_loss	: 0.0963
Total_loss	: 0.6648
Open Loss	: 0.2840
Src_cls_loss	: 0.0125
Entropy Open	: 0.3684
-------------------------------------
[Epoch : 13/20]
Pr_Src_cls_loss	: 0.0963
Total_loss	: 0.6304
Open Loss	: 0.2694
Src_cls_loss	: 0.0125
Entropy Open	: 0.3485
-------------------------------------
[Epoch : 14/20]
Pr_Src_cls_loss	: 0.0963
Total_loss	: 0.5989
Open Loss	: 0.2560
Src_cls_loss	: 0.0124
Entropy Open	: 0.3304
-------------------------------------
[Epoch : 15/20]
Pr_Src_cls_loss	: 0.0963
Total_loss	: 0.5702
Open Loss	: 0.2439
Src_cls_loss	: 0.0124
Entropy Open	: 0.3138
-------------------------------------
[Epoch : 16/20]
Pr_Src_cls_loss	: 0.0963
Total_loss	: 0.5440
Open Loss	: 0.2329
Src_cls_loss	: 0.0124
Entropy Open	: 0.2987
-------------------------------------
[Epoch : 17/20]
Pr_Src_cls_loss	: 0.0963
Total_loss	: 0.5201
Open Loss	: 0.2228
Src_cls_loss	: 0.0124
Entropy Open	: 0.2848
-------------------------------------
[Epoch : 18/20]
Pr_Src_cls_loss	: 0.0963
Total_loss	: 0.4980
Open Loss	: 0.2135
Src_cls_loss	: 0.0124
Entropy Open	: 0.2721
-------------------------------------
[Epoch : 19/20]
Pr_Src_cls_loss	: 0.0963
Total_loss	: 0.4776
Open Loss	: 0.2049
Src_cls_loss	: 0.0123
Entropy Open	: 0.2604
-------------------------------------
[Epoch : 20/20]
Pr_Src_cls_loss	: 0.0963
Total_loss	: 0.4588
Open Loss	: 0.1969
Src_cls_loss	: 0.0123
Entropy Open	: 0.2496
-------------------------------------
H_score: 0.0803, OS* (acc_c): 0.5650, UNK (acc_p): 0.0432, acc_mix: 0.2551, F1: 0.1957
Uploading logs from: /mnt/data/home/tp2474/OpenSet-AdaTime/experiments_logs/curriculum/RealWorld to Pamap2_UniDA_hard_n2_fno_mean/OVANet_UniDA_hard_n2_fno_mean/RealWorld_to_Pamap2_run_1
🏃 View run OVANet_run_1 at: http://127.0.0.1:5001/#/experiments/163788618564821517/runs/9dc70903b2ba4d93bf1c2321f11186f4
🧪 View experiment at: http://127.0.0.1:5001/#/experiments/163788618564821517
=============================================
Dataset: RealWorld to Pamap2_UniDA_hard_n2_fno_mean
Method:  OVANet
=============================================
Source: RealWorld ---> Target: Pamap2
Run ID: 2
=============================================
[Pr Epoch : 1/20]
Pr_Src_cls_loss	: 0.8298
-------------------------------------
[Pr Epoch : 2/20]
Pr_Src_cls_loss	: 0.5426
-------------------------------------
[Pr Epoch : 3/20]
Pr_Src_cls_loss	: 0.4105
-------------------------------------
[Pr Epoch : 4/20]
Pr_Src_cls_loss	: 0.3344
-------------------------------------
[Pr Epoch : 5/20]
Pr_Src_cls_loss	: 0.2838
-------------------------------------
[Pr Epoch : 6/20]
Pr_Src_cls_loss	: 0.2483
-------------------------------------
[Pr Epoch : 7/20]
Pr_Src_cls_loss	: 0.2208
-------------------------------------
[Pr Epoch : 8/20]
Pr_Src_cls_loss	: 0.1990
-------------------------------------
[Pr Epoch : 9/20]
Pr_Src_cls_loss	: 0.1815
-------------------------------------
[Pr Epoch : 10/20]
Pr_Src_cls_loss	: 0.1669
-------------------------------------
[Pr Epoch : 11/20]
Pr_Src_cls_loss	: 0.1551
-------------------------------------
[Pr Epoch : 12/20]
Pr_Src_cls_loss	: 0.1447
-------------------------------------
[Pr Epoch : 13/20]
Pr_Src_cls_loss	: 0.1356
-------------------------------------
[Pr Epoch : 14/20]
Pr_Src_cls_loss	: 0.1276
-------------------------------------
[Pr Epoch : 15/20]
Pr_Src_cls_loss	: 0.1206
-------------------------------------
[Pr Epoch : 16/20]
Pr_Src_cls_loss	: 0.1144
-------------------------------------
[Pr Epoch : 17/20]
Pr_Src_cls_loss	: 0.1089
-------------------------------------
[Pr Epoch : 18/20]
Pr_Src_cls_loss	: 0.1038
-------------------------------------
[Pr Epoch : 19/20]
Pr_Src_cls_loss	: 0.0994
-------------------------------------
[Pr Epoch : 20/20]
Pr_Src_cls_loss	: 0.0953
-------------------------------------
[Epoch : 1/20]
Pr_Src_cls_loss	: 0.0953
Total_loss	: 1.3480
Open Loss	: 0.6480
Src_cls_loss	: 0.0099
Entropy Open	: 0.6901
-------------------------------------
[Epoch : 2/20]
Pr_Src_cls_loss	: 0.0953
Total_loss	: 1.2766
Open Loss	: 0.5881
Src_cls_loss	: 0.0098
Entropy Open	: 0.6787
-------------------------------------
[Epoch : 3/20]
Pr_Src_cls_loss	: 0.0953
Total_loss	: 1.2005
Open Loss	: 0.5361
Src_cls_loss	: 0.0102
Entropy Open	: 0.6542
-------------------------------------
[Epoch : 4/20]
Pr_Src_cls_loss	: 0.0953
Total_loss	: 1.1210
Open Loss	: 0.4910
Src_cls_loss	: 0.0108
Entropy Open	: 0.6193
-------------------------------------
[Epoch : 5/20]
Pr_Src_cls_loss	: 0.0953
Total_loss	: 1.0433
Open Loss	: 0.4521
Src_cls_loss	: 0.0109
Entropy Open	: 0.5803
-------------------------------------
[Epoch : 6/20]
Pr_Src_cls_loss	: 0.0953
Total_loss	: 0.9713
Open Loss	: 0.4186
Src_cls_loss	: 0.0112
Entropy Open	: 0.5415
-------------------------------------
[Epoch : 7/20]
Pr_Src_cls_loss	: 0.0953
Total_loss	: 0.9063
Open Loss	: 0.3898
Src_cls_loss	: 0.0115
Entropy Open	: 0.5051
-------------------------------------
[Epoch : 8/20]
Pr_Src_cls_loss	: 0.0953
Total_loss	: 0.8481
Open Loss	: 0.3645
Src_cls_loss	: 0.0116
Entropy Open	: 0.4720
-------------------------------------
[Epoch : 9/20]
Pr_Src_cls_loss	: 0.0953
Total_loss	: 0.7960
Open Loss	: 0.3420
Src_cls_loss	: 0.0117
Entropy Open	: 0.4422
-------------------------------------
[Epoch : 10/20]
Pr_Src_cls_loss	: 0.0953
Total_loss	: 0.7493
Open Loss	: 0.3220
Src_cls_loss	: 0.0118
Entropy Open	: 0.4155
-------------------------------------
[Epoch : 11/20]
Pr_Src_cls_loss	: 0.0953
Total_loss	: 0.7076
Open Loss	: 0.3042
Src_cls_loss	: 0.0119
Entropy Open	: 0.3915
-------------------------------------
[Epoch : 12/20]
Pr_Src_cls_loss	: 0.0953
Total_loss	: 0.6694
Open Loss	: 0.2879
Src_cls_loss	: 0.0119
Entropy Open	: 0.3696
-------------------------------------
[Epoch : 13/20]
Pr_Src_cls_loss	: 0.0953
Total_loss	: 0.6349
Open Loss	: 0.2732
Src_cls_loss	: 0.0120
Entropy Open	: 0.3497
-------------------------------------
[Epoch : 14/20]
Pr_Src_cls_loss	: 0.0953
Total_loss	: 0.6033
Open Loss	: 0.2598
Src_cls_loss	: 0.0120
Entropy Open	: 0.3315
-------------------------------------
[Epoch : 15/20]
Pr_Src_cls_loss	: 0.0953
Total_loss	: 0.5746
Open Loss	: 0.2476
Src_cls_loss	: 0.0121
Entropy Open	: 0.3149
-------------------------------------
[Epoch : 16/20]
Pr_Src_cls_loss	: 0.0953
Total_loss	: 0.5483
Open Loss	: 0.2365
Src_cls_loss	: 0.0121
Entropy Open	: 0.2996
-------------------------------------
[Epoch : 17/20]
Pr_Src_cls_loss	: 0.0953
Total_loss	: 0.5239
Open Loss	: 0.2263
Src_cls_loss	: 0.0121
Entropy Open	: 0.2855
-------------------------------------
[Epoch : 18/20]
Pr_Src_cls_loss	: 0.0953
Total_loss	: 0.5016
Open Loss	: 0.2168
Src_cls_loss	: 0.0121
Entropy Open	: 0.2726
-------------------------------------
[Epoch : 19/20]
Pr_Src_cls_loss	: 0.0953
Total_loss	: 0.4809
Open Loss	: 0.2080
Src_cls_loss	: 0.0121
Entropy Open	: 0.2608
-------------------------------------
[Epoch : 20/20]
Pr_Src_cls_loss	: 0.0953
Total_loss	: 0.4618
Open Loss	: 0.1999
Src_cls_loss	: 0.0121
Entropy Open	: 0.2498
-------------------------------------
H_score: 0.3357, OS* (acc_c): 0.3011, UNK (acc_p): 0.3794, acc_mix: 0.3476, F1: 0.3782
Uploading logs from: /mnt/data/home/tp2474/OpenSet-AdaTime/experiments_logs/curriculum/RealWorld to Pamap2_UniDA_hard_n2_fno_mean/OVANet_UniDA_hard_n2_fno_mean/RealWorld_to_Pamap2_run_2
🏃 View run OVANet_run_2 at: http://127.0.0.1:5001/#/experiments/163788618564821517/runs/81f41708932b4e6dabd46b61c8cb094c
🧪 View experiment at: http://127.0.0.1:5001/#/experiments/163788618564821517
=============================================
Dataset: RealWorld to Pamap2_UniDA_hard_n2_fno_mean
Method:  OVANet
=============================================
Source: RealWorld ---> Target: Pamap2
Run ID: 3
=============================================
[Pr Epoch : 1/20]
Pr_Src_cls_loss	: 0.8363
-------------------------------------
[Pr Epoch : 2/20]
Pr_Src_cls_loss	: 0.5504
-------------------------------------
[Pr Epoch : 3/20]
Pr_Src_cls_loss	: 0.4176
-------------------------------------
[Pr Epoch : 4/20]
Pr_Src_cls_loss	: 0.3406
-------------------------------------
[Pr Epoch : 5/20]
Pr_Src_cls_loss	: 0.2895
-------------------------------------
[Pr Epoch : 6/20]
Pr_Src_cls_loss	: 0.2532
-------------------------------------
[Pr Epoch : 7/20]
Pr_Src_cls_loss	: 0.2258
-------------------------------------
[Pr Epoch : 8/20]
Pr_Src_cls_loss	: 0.2039
-------------------------------------
[Pr Epoch : 9/20]
Pr_Src_cls_loss	: 0.1861
-------------------------------------
[Pr Epoch : 10/20]
Pr_Src_cls_loss	: 0.1715
-------------------------------------
[Pr Epoch : 11/20]
Pr_Src_cls_loss	: 0.1591
-------------------------------------
[Pr Epoch : 12/20]
Pr_Src_cls_loss	: 0.1487
-------------------------------------
[Pr Epoch : 13/20]
Pr_Src_cls_loss	: 0.1395
-------------------------------------
[Pr Epoch : 14/20]
Pr_Src_cls_loss	: 0.1316
-------------------------------------
[Pr Epoch : 15/20]
Pr_Src_cls_loss	: 0.1245
-------------------------------------
[Pr Epoch : 16/20]
Pr_Src_cls_loss	: 0.1181
-------------------------------------
[Pr Epoch : 17/20]
Pr_Src_cls_loss	: 0.1123
-------------------------------------
[Pr Epoch : 18/20]
Pr_Src_cls_loss	: 0.1072
-------------------------------------
[Pr Epoch : 19/20]
Pr_Src_cls_loss	: 0.1024
-------------------------------------
[Pr Epoch : 20/20]
Pr_Src_cls_loss	: 0.0981
-------------------------------------
[Epoch : 1/20]
Pr_Src_cls_loss	: 0.0981
Total_loss	: 1.3286
Open Loss	: 0.6315
Src_cls_loss	: 0.0106
Entropy Open	: 0.6865
-------------------------------------
[Epoch : 2/20]
Pr_Src_cls_loss	: 0.0981
Total_loss	: 1.2537
Open Loss	: 0.5758
Src_cls_loss	: 0.0102
Entropy Open	: 0.6677
-------------------------------------
[Epoch : 3/20]
Pr_Src_cls_loss	: 0.0981
Total_loss	: 1.1754
Open Loss	: 0.5274
Src_cls_loss	: 0.0108
Entropy Open	: 0.6371
-------------------------------------
[Epoch : 4/20]
Pr_Src_cls_loss	: 0.0981
Total_loss	: 1.0964
Open Loss	: 0.4854
Src_cls_loss	: 0.0112
Entropy Open	: 0.5998
-------------------------------------
[Epoch : 5/20]
Pr_Src_cls_loss	: 0.0981
Total_loss	: 1.0213
Open Loss	: 0.4490
Src_cls_loss	: 0.0116
Entropy Open	: 0.5606
-------------------------------------
[Epoch : 6/20]
Pr_Src_cls_loss	: 0.0981
Total_loss	: 0.9522
Open Loss	: 0.4175
Src_cls_loss	: 0.0118
Entropy Open	: 0.5229
-------------------------------------
[Epoch : 7/20]
Pr_Src_cls_loss	: 0.0981
Total_loss	: 0.8902
Open Loss	: 0.3900
Src_cls_loss	: 0.0122
Entropy Open	: 0.4880
-------------------------------------
[Epoch : 8/20]
Pr_Src_cls_loss	: 0.0981
Total_loss	: 0.8345
Open Loss	: 0.3658
Src_cls_loss	: 0.0124
Entropy Open	: 0.4564
-------------------------------------
[Epoch : 9/20]
Pr_Src_cls_loss	: 0.0981
Total_loss	: 0.7847
Open Loss	: 0.3442
Src_cls_loss	: 0.0125
Entropy Open	: 0.4280
-------------------------------------
[Epoch : 10/20]
Pr_Src_cls_loss	: 0.0981
Total_loss	: 0.7396
Open Loss	: 0.3247
Src_cls_loss	: 0.0125
Entropy Open	: 0.4023
-------------------------------------
[Epoch : 11/20]
Pr_Src_cls_loss	: 0.0981
Total_loss	: 0.6987
Open Loss	: 0.3072
Src_cls_loss	: 0.0126
Entropy Open	: 0.3789
-------------------------------------
[Epoch : 12/20]
Pr_Src_cls_loss	: 0.0981
Total_loss	: 0.6613
Open Loss	: 0.2913
Src_cls_loss	: 0.0126
Entropy Open	: 0.3574
-------------------------------------
[Epoch : 13/20]
Pr_Src_cls_loss	: 0.0981
Total_loss	: 0.6274
Open Loss	: 0.2767
Src_cls_loss	: 0.0127
Entropy Open	: 0.3379
-------------------------------------
[Epoch : 14/20]
Pr_Src_cls_loss	: 0.0981
Total_loss	: 0.5963
Open Loss	: 0.2634
Src_cls_loss	: 0.0127
Entropy Open	: 0.3202
-------------------------------------
[Epoch : 15/20]
Pr_Src_cls_loss	: 0.0981
Total_loss	: 0.5679
Open Loss	: 0.2513
Src_cls_loss	: 0.0127
Entropy Open	: 0.3039
-------------------------------------
[Epoch : 16/20]
Pr_Src_cls_loss	: 0.0981
Total_loss	: 0.5419
Open Loss	: 0.2401
Src_cls_loss	: 0.0126
Entropy Open	: 0.2891
-------------------------------------
[Epoch : 17/20]
Pr_Src_cls_loss	: 0.0981
Total_loss	: 0.5180
Open Loss	: 0.2299
Src_cls_loss	: 0.0126
Entropy Open	: 0.2755
-------------------------------------
[Epoch : 18/20]
Pr_Src_cls_loss	: 0.0981
Total_loss	: 0.4961
Open Loss	: 0.2204
Src_cls_loss	: 0.0126
Entropy Open	: 0.2630
-------------------------------------
[Epoch : 19/20]
Pr_Src_cls_loss	: 0.0981
Total_loss	: 0.4758
Open Loss	: 0.2117
Src_cls_loss	: 0.0126
Entropy Open	: 0.2516
-------------------------------------
[Epoch : 20/20]
Pr_Src_cls_loss	: 0.0981
Total_loss	: 0.4572
Open Loss	: 0.2036
Src_cls_loss	: 0.0126
Entropy Open	: 0.2410
-------------------------------------
H_score: 0.3558, OS* (acc_c): 0.2585, UNK (acc_p): 0.5708, acc_mix: 0.4440, F1: 0.4453
Uploading logs from: /mnt/data/home/tp2474/OpenSet-AdaTime/experiments_logs/curriculum/RealWorld to Pamap2_UniDA_hard_n2_fno_mean/OVANet_UniDA_hard_n2_fno_mean/RealWorld_to_Pamap2_run_3
🏃 View run OVANet_run_3 at: http://127.0.0.1:5001/#/experiments/163788618564821517/runs/e47ba434eda84c9a82b9a38bed735387
🧪 View experiment at: http://127.0.0.1:5001/#/experiments/163788618564821517
=============================================
Dataset: RealWorld to Pamap2_UniDA_hard_n2_fno_mean
Method:  OVANet
=============================================
Source: RealWorld ---> Target: Pamap2
Run ID: 4
=============================================
[Pr Epoch : 1/20]
Pr_Src_cls_loss	: 0.8302
-------------------------------------
[Pr Epoch : 2/20]
Pr_Src_cls_loss	: 0.5445
-------------------------------------
[Pr Epoch : 3/20]
Pr_Src_cls_loss	: 0.4126
-------------------------------------
[Pr Epoch : 4/20]
Pr_Src_cls_loss	: 0.3360
-------------------------------------
[Pr Epoch : 5/20]
Pr_Src_cls_loss	: 0.2851
-------------------------------------
[Pr Epoch : 6/20]
Pr_Src_cls_loss	: 0.2493
-------------------------------------
[Pr Epoch : 7/20]
Pr_Src_cls_loss	: 0.2215
-------------------------------------
[Pr Epoch : 8/20]
Pr_Src_cls_loss	: 0.1998
-------------------------------------
[Pr Epoch : 9/20]
Pr_Src_cls_loss	: 0.1824
-------------------------------------
[Pr Epoch : 10/20]
Pr_Src_cls_loss	: 0.1680
-------------------------------------
[Pr Epoch : 11/20]
Pr_Src_cls_loss	: 0.1557
-------------------------------------
[Pr Epoch : 12/20]
Pr_Src_cls_loss	: 0.1452
-------------------------------------
[Pr Epoch : 13/20]
Pr_Src_cls_loss	: 0.1361
-------------------------------------
[Pr Epoch : 14/20]
Pr_Src_cls_loss	: 0.1281
-------------------------------------
[Pr Epoch : 15/20]
Pr_Src_cls_loss	: 0.1211
-------------------------------------
[Pr Epoch : 16/20]
Pr_Src_cls_loss	: 0.1151
-------------------------------------
[Pr Epoch : 17/20]
Pr_Src_cls_loss	: 0.1096
-------------------------------------
[Pr Epoch : 18/20]
Pr_Src_cls_loss	: 0.1044
-------------------------------------
[Pr Epoch : 19/20]
Pr_Src_cls_loss	: 0.0998
-------------------------------------
[Pr Epoch : 20/20]
Pr_Src_cls_loss	: 0.0955
-------------------------------------
[Epoch : 1/20]
Pr_Src_cls_loss	: 0.0955
Total_loss	: 1.3370
Open Loss	: 0.6380
Src_cls_loss	: 0.0095
Entropy Open	: 0.6895
-------------------------------------
[Epoch : 2/20]
Pr_Src_cls_loss	: 0.0955
Total_loss	: 1.2631
Open Loss	: 0.5789
Src_cls_loss	: 0.0093
Entropy Open	: 0.6749
-------------------------------------
[Epoch : 3/20]
Pr_Src_cls_loss	: 0.0955
Total_loss	: 1.1855
Open Loss	: 0.5279
Src_cls_loss	: 0.0096
Entropy Open	: 0.6480
-------------------------------------
[Epoch : 4/20]
Pr_Src_cls_loss	: 0.0955
Total_loss	: 1.1071
Open Loss	: 0.4834
Src_cls_loss	: 0.0099
Entropy Open	: 0.6138
-------------------------------------
[Epoch : 5/20]
Pr_Src_cls_loss	: 0.0955
Total_loss	: 1.0322
Open Loss	: 0.4452
Src_cls_loss	: 0.0102
Entropy Open	: 0.5767
-------------------------------------
[Epoch : 6/20]
Pr_Src_cls_loss	: 0.0955
Total_loss	: 0.9630
Open Loss	: 0.4121
Src_cls_loss	: 0.0106
Entropy Open	: 0.5403
-------------------------------------
[Epoch : 7/20]
Pr_Src_cls_loss	: 0.0955
Total_loss	: 0.9003
Open Loss	: 0.3833
Src_cls_loss	: 0.0109
Entropy Open	: 0.5062
-------------------------------------
[Epoch : 8/20]
Pr_Src_cls_loss	: 0.0955
Total_loss	: 0.8441
Open Loss	: 0.3579
Src_cls_loss	: 0.0111
Entropy Open	: 0.4751
-------------------------------------
[Epoch : 9/20]
Pr_Src_cls_loss	: 0.0955
Total_loss	: 0.7938
Open Loss	: 0.3354
Src_cls_loss	: 0.0112
Entropy Open	: 0.4471
-------------------------------------
[Epoch : 10/20]
Pr_Src_cls_loss	: 0.0955
Total_loss	: 0.7485
Open Loss	: 0.3154
Src_cls_loss	: 0.0113
Entropy Open	: 0.4218
-------------------------------------
[Epoch : 11/20]
Pr_Src_cls_loss	: 0.0955
Total_loss	: 0.7078
Open Loss	: 0.2974
Src_cls_loss	: 0.0114
Entropy Open	: 0.3990
-------------------------------------
[Epoch : 12/20]
Pr_Src_cls_loss	: 0.0955
Total_loss	: 0.6709
Open Loss	: 0.2812
Src_cls_loss	: 0.0114
Entropy Open	: 0.3783
-------------------------------------
[Epoch : 13/20]
Pr_Src_cls_loss	: 0.0955
Total_loss	: 0.6375
Open Loss	: 0.2666
Src_cls_loss	: 0.0115
Entropy Open	: 0.3594
-------------------------------------
[Epoch : 14/20]
Pr_Src_cls_loss	: 0.0955
Total_loss	: 0.6070
Open Loss	: 0.2534
Src_cls_loss	: 0.0116
Entropy Open	: 0.3420
-------------------------------------
[Epoch : 15/20]
Pr_Src_cls_loss	: 0.0955
Total_loss	: 0.5791
Open Loss	: 0.2413
Src_cls_loss	: 0.0116
Entropy Open	: 0.3262
-------------------------------------
[Epoch : 16/20]
Pr_Src_cls_loss	: 0.0955
Total_loss	: 0.5535
Open Loss	: 0.2303
Src_cls_loss	: 0.0116
Entropy Open	: 0.3116
-------------------------------------
[Epoch : 17/20]
Pr_Src_cls_loss	: 0.0955
Total_loss	: 0.5298
Open Loss	: 0.2201
Src_cls_loss	: 0.0116
Entropy Open	: 0.2981
-------------------------------------
[Epoch : 18/20]
Pr_Src_cls_loss	: 0.0955
Total_loss	: 0.5081
Open Loss	: 0.2108
Src_cls_loss	: 0.0116
Entropy Open	: 0.2856
-------------------------------------
[Epoch : 19/20]
Pr_Src_cls_loss	: 0.0955
Total_loss	: 0.4880
Open Loss	: 0.2022
Src_cls_loss	: 0.0116
Entropy Open	: 0.2741
-------------------------------------
[Epoch : 20/20]
Pr_Src_cls_loss	: 0.0955
Total_loss	: 0.4693
Open Loss	: 0.1943
Src_cls_loss	: 0.0116
Entropy Open	: 0.2635
-------------------------------------
H_score: 0.4295, OS* (acc_c): 0.5280, UNK (acc_p): 0.3620, acc_mix: 0.4294, F1: 0.4126
Uploading logs from: /mnt/data/home/tp2474/OpenSet-AdaTime/experiments_logs/curriculum/RealWorld to Pamap2_UniDA_hard_n2_fno_mean/OVANet_UniDA_hard_n2_fno_mean/RealWorld_to_Pamap2_run_4
🏃 View run OVANet_run_4 at: http://127.0.0.1:5001/#/experiments/163788618564821517/runs/664468575c6b4c6d845b126f1d7ad3f3
🧪 View experiment at: http://127.0.0.1:5001/#/experiments/163788618564821517
==================== [n2 fno_mean] DANCE ====================
[curriculum] scenario=UniDA  strategy=hard  n_unknown=2  rank_variant=fno_mean
[curriculum] source mapping (6 classes): {'lying': 'lying', 'sitting': 'sitting', 'walking': 'walking', 'running': 'running', 'climbingup': 'climbingup', 'jumping': 'jumping'}
[curriculum] target mapping (6 classes): {'lying': 'lying', 'sitting': 'sitting', 'walking': 'walking', 'running': 'running', 'other (transient activities)': 'other (transient activities)', 'ascending stairs': 'ascending stairs'}
[curriculum] unknowns added (in hard order): src=[climbingup,jumping] | trg=[other (transient activities),ascending stairs]
[scenario] DANCE -> UniDA (uniDA=True)
Unlabeled data shape:  (11730, 150, 18)
Unlabelled Combined shape: (19515, 150, 18)

--- Dataloader Size Check ---
Source Train batches:   355
Target Train batches:   183
-------------------------------

Private classes:  tensor([6., 7.])
=============================================
Dataset: RealWorld to Pamap2_UniDA_hard_n2_fno_mean
Method:  DANCE
=============================================
Source: RealWorld ---> Target: Pamap2
Run ID: 0
=============================================
[Pr Epoch : 1/20]
Pr_Src_cls_loss	: 1.5847
-------------------------------------
[Pr Epoch : 2/20]
Pr_Src_cls_loss	: 1.5654
-------------------------------------
[Pr Epoch : 3/20]
Pr_Src_cls_loss	: 1.5562
-------------------------------------
[Pr Epoch : 4/20]
Pr_Src_cls_loss	: 1.5505
-------------------------------------
[Pr Epoch : 5/20]
Pr_Src_cls_loss	: 1.5466
-------------------------------------
[Pr Epoch : 6/20]
Pr_Src_cls_loss	: 1.5437
-------------------------------------
[Pr Epoch : 7/20]
Pr_Src_cls_loss	: 1.5414
-------------------------------------
[Pr Epoch : 8/20]
Pr_Src_cls_loss	: 1.5395
-------------------------------------
[Pr Epoch : 9/20]
Pr_Src_cls_loss	: 1.5378
-------------------------------------
[Pr Epoch : 10/20]
Pr_Src_cls_loss	: 1.5363
-------------------------------------
[Pr Epoch : 11/20]
Pr_Src_cls_loss	: 1.5351
-------------------------------------
[Pr Epoch : 12/20]
Pr_Src_cls_loss	: 1.5340
-------------------------------------
[Pr Epoch : 13/20]
Pr_Src_cls_loss	: 1.5330
-------------------------------------
[Pr Epoch : 14/20]
Pr_Src_cls_loss	: 1.5322
-------------------------------------
[Pr Epoch : 15/20]
Pr_Src_cls_loss	: 1.5314
-------------------------------------
[Pr Epoch : 16/20]
Pr_Src_cls_loss	: 1.5307
-------------------------------------
[Pr Epoch : 17/20]
Pr_Src_cls_loss	: 1.5301
-------------------------------------
[Pr Epoch : 18/20]
Pr_Src_cls_loss	: 1.5295
-------------------------------------
[Pr Epoch : 19/20]
Pr_Src_cls_loss	: 1.5290
-------------------------------------
[Pr Epoch : 20/20]
Pr_Src_cls_loss	: 1.5285
-------------------------------------
/mnt/data/home/tp2474/OpenSet-AdaTime/algorithms/algorithms.py:733: UserWarning: Implicit dimension choice for softmax has been deprecated. Change the call to include dim=X as an argument.
  p = F.softmax(p)
/mnt/data/home/tp2474/OpenSet-AdaTime/algorithms/algorithms.py:737: UserWarning: Implicit dimension choice for softmax has been deprecated. Change the call to include dim=X as an argument.
  p = F.softmax(p)
[Epoch : 1/20]
Pr_Src_cls_loss	: 1.5285
Total_loss	: 1.8874
Ent Loss	: -0.0884
Src_cls_loss	: 1.3976
Neighbors Clustering 	: 0.5782
-------------------------------------
[Epoch : 2/20]
Pr_Src_cls_loss	: 1.5285
Total_loss	: 1.7642
Ent Loss	: -0.0877
Src_cls_loss	: 1.2813
Neighbors Clustering 	: 0.5706
-------------------------------------
[Epoch : 3/20]
Pr_Src_cls_loss	: 1.5285
Total_loss	: 1.6447
Ent Loss	: -0.0870
Src_cls_loss	: 1.1742
Neighbors Clustering 	: 0.5576
-------------------------------------
[Epoch : 4/20]
Pr_Src_cls_loss	: 1.5285
Total_loss	: 1.5369
Ent Loss	: -0.0862
Src_cls_loss	: 1.0776
Neighbors Clustering 	: 0.5455
-------------------------------------
[Epoch : 5/20]
Pr_Src_cls_loss	: 1.5285
Total_loss	: 1.4420
Ent Loss	: -0.0854
Src_cls_loss	: 0.9921
Neighbors Clustering 	: 0.5353
-------------------------------------
[Epoch : 6/20]
Pr_Src_cls_loss	: 1.5285
Total_loss	: 1.3587
Ent Loss	: -0.0847
Src_cls_loss	: 0.9164
Neighbors Clustering 	: 0.5270
-------------------------------------
[Epoch : 7/20]
Pr_Src_cls_loss	: 1.5285
Total_loss	: 1.2849
Ent Loss	: -0.0841
Src_cls_loss	: 0.8496
Neighbors Clustering 	: 0.5195
-------------------------------------
[Epoch : 8/20]
Pr_Src_cls_loss	: 1.5285
Total_loss	: 1.2197
Ent Loss	: -0.0835
Src_cls_loss	: 0.7906
Neighbors Clustering 	: 0.5125
-------------------------------------
[Epoch : 9/20]
Pr_Src_cls_loss	: 1.5285
Total_loss	: 1.1616
Ent Loss	: -0.0830
Src_cls_loss	: 0.7384
Neighbors Clustering 	: 0.5062
-------------------------------------
[Epoch : 10/20]
Pr_Src_cls_loss	: 1.5285
Total_loss	: 1.1098
Ent Loss	: -0.0826
Src_cls_loss	: 0.6918
Neighbors Clustering 	: 0.5005
-------------------------------------
[Epoch : 11/20]
Pr_Src_cls_loss	: 1.5285
Total_loss	: 1.0637
Ent Loss	: -0.0822
Src_cls_loss	: 0.6504
Neighbors Clustering 	: 0.4954
-------------------------------------
[Epoch : 12/20]
Pr_Src_cls_loss	: 1.5285
Total_loss	: 1.0218
Ent Loss	: -0.0818
Src_cls_loss	: 0.6133
Neighbors Clustering 	: 0.4903
-------------------------------------
[Epoch : 13/20]
Pr_Src_cls_loss	: 1.5285
Total_loss	: 0.9842
Ent Loss	: -0.0815
Src_cls_loss	: 0.5799
Neighbors Clustering 	: 0.4858
-------------------------------------
[Epoch : 14/20]
Pr_Src_cls_loss	: 1.5285
Total_loss	: 0.9500
Ent Loss	: -0.0812
Src_cls_loss	: 0.5496
Neighbors Clustering 	: 0.4815
-------------------------------------
[Epoch : 15/20]
Pr_Src_cls_loss	: 1.5285
Total_loss	: 0.9187
Ent Loss	: -0.0810
Src_cls_loss	: 0.5222
Neighbors Clustering 	: 0.4774
-------------------------------------
[Epoch : 16/20]
Pr_Src_cls_loss	: 1.5285
Total_loss	: 0.8901
Ent Loss	: -0.0807
Src_cls_loss	: 0.4973
Neighbors Clustering 	: 0.4736
-------------------------------------
[Epoch : 17/20]
Pr_Src_cls_loss	: 1.5285
Total_loss	: 0.8639
Ent Loss	: -0.0805
Src_cls_loss	: 0.4745
Neighbors Clustering 	: 0.4700
-------------------------------------
[Epoch : 18/20]
Pr_Src_cls_loss	: 1.5285
Total_loss	: 0.8398
Ent Loss	: -0.0803
Src_cls_loss	: 0.4536
Neighbors Clustering 	: 0.4665
-------------------------------------
[Epoch : 19/20]
Pr_Src_cls_loss	: 1.5285
Total_loss	: 0.8175
Ent Loss	: -0.0802
Src_cls_loss	: 0.4344
Neighbors Clustering 	: 0.4633
-------------------------------------
[Epoch : 20/20]
Pr_Src_cls_loss	: 1.5285
Total_loss	: 0.7967
Ent Loss	: -0.0800
Src_cls_loss	: 0.4167
Neighbors Clustering 	: 0.4600
-------------------------------------
/mnt/data/home/tp2474/OpenSet-AdaTime/algorithms/algorithms.py:870: UserWarning: Implicit dimension choice for softmax has been deprecated. Change the call to include dim=X as an argument.
  predictions = F.softmax(self.classifier(features))
/mnt/data/home/tp2474/OpenSet-AdaTime/trainers/abstract_trainer.py:331: FutureWarning: The behavior of DataFrame concatenation with empty or all-NA entries is deprecated. In a future version, this will no longer exclude empty or all-NA columns when determining the result dtypes. To retain the old behavior, exclude the relevant entries before the concat operation.
  table = pd.concat([table, results_df], ignore_index=True)
H_score: 0.1193, OS* (acc_c): 0.0636, UNK (acc_p): 0.9568, acc_mix: 0.5941, F1: 0.4825
Uploading logs from: /mnt/data/home/tp2474/OpenSet-AdaTime/experiments_logs/curriculum/RealWorld to Pamap2_UniDA_hard_n2_fno_mean/DANCE_UniDA_hard_n2_fno_mean/RealWorld_to_Pamap2_run_0
🏃 View run DANCE_run_0 at: http://127.0.0.1:5001/#/experiments/163788618564821517/runs/cbe3610f0c9f408885ffadcbd39bfb44
🧪 View experiment at: http://127.0.0.1:5001/#/experiments/163788618564821517
=============================================
Dataset: RealWorld to Pamap2_UniDA_hard_n2_fno_mean
Method:  DANCE
=============================================
Source: RealWorld ---> Target: Pamap2
Run ID: 1
=============================================
[Pr Epoch : 1/20]
Pr_Src_cls_loss	: 1.5820
-------------------------------------
[Pr Epoch : 2/20]
Pr_Src_cls_loss	: 1.5621
-------------------------------------
[Pr Epoch : 3/20]
Pr_Src_cls_loss	: 1.5526
-------------------------------------
[Pr Epoch : 4/20]
Pr_Src_cls_loss	: 1.5471
-------------------------------------
[Pr Epoch : 5/20]
Pr_Src_cls_loss	: 1.5432
-------------------------------------
[Pr Epoch : 6/20]
Pr_Src_cls_loss	: 1.5404
-------------------------------------
[Pr Epoch : 7/20]
Pr_Src_cls_loss	: 1.5383
-------------------------------------
[Pr Epoch : 8/20]
Pr_Src_cls_loss	: 1.5365
-------------------------------------
[Pr Epoch : 9/20]
Pr_Src_cls_loss	: 1.5351
-------------------------------------
[Pr Epoch : 10/20]
Pr_Src_cls_loss	: 1.5338
-------------------------------------
[Pr Epoch : 11/20]
Pr_Src_cls_loss	: 1.5327
-------------------------------------
[Pr Epoch : 12/20]
Pr_Src_cls_loss	: 1.5317
-------------------------------------
[Pr Epoch : 13/20]
Pr_Src_cls_loss	: 1.5309
-------------------------------------
[Pr Epoch : 14/20]
Pr_Src_cls_loss	: 1.5301
-------------------------------------
[Pr Epoch : 15/20]
Pr_Src_cls_loss	: 1.5294
-------------------------------------
[Pr Epoch : 16/20]
Pr_Src_cls_loss	: 1.5287
-------------------------------------
[Pr Epoch : 17/20]
Pr_Src_cls_loss	: 1.5281
-------------------------------------
[Pr Epoch : 18/20]
Pr_Src_cls_loss	: 1.5275
-------------------------------------
[Pr Epoch : 19/20]
Pr_Src_cls_loss	: 1.5270
-------------------------------------
[Pr Epoch : 20/20]
Pr_Src_cls_loss	: 1.5265
-------------------------------------
[Epoch : 1/20]
Pr_Src_cls_loss	: 1.5265
Total_loss	: 1.8815
Ent Loss	: -0.0885
Src_cls_loss	: 1.3992
Neighbors Clustering 	: 0.5709
-------------------------------------
[Epoch : 2/20]
Pr_Src_cls_loss	: 1.5265
Total_loss	: 1.7600
Ent Loss	: -0.0879
Src_cls_loss	: 1.2843
Neighbors Clustering 	: 0.5635
-------------------------------------
[Epoch : 3/20]
Pr_Src_cls_loss	: 1.5265
Total_loss	: 1.6434
Ent Loss	: -0.0871
Src_cls_loss	: 1.1774
Neighbors Clustering 	: 0.5531
-------------------------------------
[Epoch : 4/20]
Pr_Src_cls_loss	: 1.5265
Total_loss	: 1.5372
Ent Loss	: -0.0862
Src_cls_loss	: 1.0807
Neighbors Clustering 	: 0.5427
-------------------------------------
[Epoch : 5/20]
Pr_Src_cls_loss	: 1.5265
Total_loss	: 1.4426
Ent Loss	: -0.0854
Src_cls_loss	: 0.9952
Neighbors Clustering 	: 0.5329
-------------------------------------
[Epoch : 6/20]
Pr_Src_cls_loss	: 1.5265
Total_loss	: 1.3593
Ent Loss	: -0.0847
Src_cls_loss	: 0.9197
Neighbors Clustering 	: 0.5243
-------------------------------------
[Epoch : 7/20]
Pr_Src_cls_loss	: 1.5265
Total_loss	: 1.2854
Ent Loss	: -0.0841
Src_cls_loss	: 0.8529
Neighbors Clustering 	: 0.5166
-------------------------------------
[Epoch : 8/20]
Pr_Src_cls_loss	: 1.5265
Total_loss	: 1.2202
Ent Loss	: -0.0835
Src_cls_loss	: 0.7941
Neighbors Clustering 	: 0.5097
-------------------------------------
[Epoch : 9/20]
Pr_Src_cls_loss	: 1.5265
Total_loss	: 1.1623
Ent Loss	: -0.0830
Src_cls_loss	: 0.7420
Neighbors Clustering 	: 0.5033
-------------------------------------
[Epoch : 10/20]
Pr_Src_cls_loss	: 1.5265
Total_loss	: 1.1107
Ent Loss	: -0.0826
Src_cls_loss	: 0.6956
Neighbors Clustering 	: 0.4977
-------------------------------------
[Epoch : 11/20]
Pr_Src_cls_loss	: 1.5265
Total_loss	: 1.0646
Ent Loss	: -0.0822
Src_cls_loss	: 0.6542
Neighbors Clustering 	: 0.4925
-------------------------------------
[Epoch : 12/20]
Pr_Src_cls_loss	: 1.5265
Total_loss	: 1.0230
Ent Loss	: -0.0818
Src_cls_loss	: 0.6173
Neighbors Clustering 	: 0.4876
-------------------------------------
[Epoch : 13/20]
Pr_Src_cls_loss	: 1.5265
Total_loss	: 0.9854
Ent Loss	: -0.0815
Src_cls_loss	: 0.5839
Neighbors Clustering 	: 0.4829
-------------------------------------
[Epoch : 14/20]
Pr_Src_cls_loss	: 1.5265
Total_loss	: 0.9511
Ent Loss	: -0.0812
Src_cls_loss	: 0.5538
Neighbors Clustering 	: 0.4785
-------------------------------------
[Epoch : 15/20]
Pr_Src_cls_loss	: 1.5265
Total_loss	: 0.9200
Ent Loss	: -0.0810
Src_cls_loss	: 0.5265
Neighbors Clustering 	: 0.4745
-------------------------------------
[Epoch : 16/20]
Pr_Src_cls_loss	: 1.5265
Total_loss	: 0.8915
Ent Loss	: -0.0807
Src_cls_loss	: 0.5016
Neighbors Clustering 	: 0.4706
-------------------------------------
[Epoch : 17/20]
Pr_Src_cls_loss	: 1.5265
Total_loss	: 0.8654
Ent Loss	: -0.0805
Src_cls_loss	: 0.4788
Neighbors Clustering 	: 0.4670
-------------------------------------
[Epoch : 18/20]
Pr_Src_cls_loss	: 1.5265
Total_loss	: 0.8414
Ent Loss	: -0.0803
Src_cls_loss	: 0.4580
Neighbors Clustering 	: 0.4637
-------------------------------------
[Epoch : 19/20]
Pr_Src_cls_loss	: 1.5265
Total_loss	: 0.8192
Ent Loss	: -0.0801
Src_cls_loss	: 0.4388
Neighbors Clustering 	: 0.4605
-------------------------------------
[Epoch : 20/20]
Pr_Src_cls_loss	: 1.5265
Total_loss	: 0.7988
Ent Loss	: -0.0799
Src_cls_loss	: 0.4211
Neighbors Clustering 	: 0.4576
-------------------------------------
H_score: 0.0571, OS* (acc_c): 0.0294, UNK (acc_p): 0.9681, acc_mix: 0.5870, F1: 0.4592
Uploading logs from: /mnt/data/home/tp2474/OpenSet-AdaTime/experiments_logs/curriculum/RealWorld to Pamap2_UniDA_hard_n2_fno_mean/DANCE_UniDA_hard_n2_fno_mean/RealWorld_to_Pamap2_run_1
🏃 View run DANCE_run_1 at: http://127.0.0.1:5001/#/experiments/163788618564821517/runs/2ef6edd60c2d48e0923a43fc580235ef
🧪 View experiment at: http://127.0.0.1:5001/#/experiments/163788618564821517
=============================================
Dataset: RealWorld to Pamap2_UniDA_hard_n2_fno_mean
Method:  DANCE
=============================================
Source: RealWorld ---> Target: Pamap2
Run ID: 2
=============================================
[Pr Epoch : 1/20]
Pr_Src_cls_loss	: 1.5826
-------------------------------------
[Pr Epoch : 2/20]
Pr_Src_cls_loss	: 1.5617
-------------------------------------
[Pr Epoch : 3/20]
Pr_Src_cls_loss	: 1.5517
-------------------------------------
[Pr Epoch : 4/20]
Pr_Src_cls_loss	: 1.5458
-------------------------------------
[Pr Epoch : 5/20]
Pr_Src_cls_loss	: 1.5418
-------------------------------------
[Pr Epoch : 6/20]
Pr_Src_cls_loss	: 1.5388
-------------------------------------
[Pr Epoch : 7/20]
Pr_Src_cls_loss	: 1.5364
-------------------------------------
[Pr Epoch : 8/20]
Pr_Src_cls_loss	: 1.5344
-------------------------------------
[Pr Epoch : 9/20]
Pr_Src_cls_loss	: 1.5327
-------------------------------------
[Pr Epoch : 10/20]
Pr_Src_cls_loss	: 1.5312
-------------------------------------
[Pr Epoch : 11/20]
Pr_Src_cls_loss	: 1.5299
-------------------------------------
[Pr Epoch : 12/20]
Pr_Src_cls_loss	: 1.5288
-------------------------------------
[Pr Epoch : 13/20]
Pr_Src_cls_loss	: 1.5278
-------------------------------------
[Pr Epoch : 14/20]
Pr_Src_cls_loss	: 1.5269
-------------------------------------
[Pr Epoch : 15/20]
Pr_Src_cls_loss	: 1.5261
-------------------------------------
[Pr Epoch : 16/20]
Pr_Src_cls_loss	: 1.5254
-------------------------------------
[Pr Epoch : 17/20]
Pr_Src_cls_loss	: 1.5247
-------------------------------------
[Pr Epoch : 18/20]
Pr_Src_cls_loss	: 1.5241
-------------------------------------
[Pr Epoch : 19/20]
Pr_Src_cls_loss	: 1.5235
-------------------------------------
[Pr Epoch : 20/20]
Pr_Src_cls_loss	: 1.5229
-------------------------------------
[Epoch : 1/20]
Pr_Src_cls_loss	: 1.5229
Total_loss	: 1.8752
Ent Loss	: -0.0885
Src_cls_loss	: 1.3904
Neighbors Clustering 	: 0.5733
-------------------------------------
[Epoch : 2/20]
Pr_Src_cls_loss	: 1.5229
Total_loss	: 1.7523
Ent Loss	: -0.0878
Src_cls_loss	: 1.2741
Neighbors Clustering 	: 0.5660
-------------------------------------
[Epoch : 3/20]
Pr_Src_cls_loss	: 1.5229
Total_loss	: 1.6351
Ent Loss	: -0.0869
Src_cls_loss	: 1.1668
Neighbors Clustering 	: 0.5553
-------------------------------------
[Epoch : 4/20]
Pr_Src_cls_loss	: 1.5229
Total_loss	: 1.5298
Ent Loss	: -0.0860
Src_cls_loss	: 1.0703
Neighbors Clustering 	: 0.5455
-------------------------------------
[Epoch : 5/20]
Pr_Src_cls_loss	: 1.5229
Total_loss	: 1.4369
Ent Loss	: -0.0851
Src_cls_loss	: 0.9847
Neighbors Clustering 	: 0.5374
-------------------------------------
[Epoch : 6/20]
Pr_Src_cls_loss	: 1.5229
Total_loss	: 1.3549
Ent Loss	: -0.0842
Src_cls_loss	: 0.9093
Neighbors Clustering 	: 0.5298
-------------------------------------
[Epoch : 7/20]
Pr_Src_cls_loss	: 1.5229
Total_loss	: 1.2828
Ent Loss	: -0.0835
Src_cls_loss	: 0.8429
Neighbors Clustering 	: 0.5233
-------------------------------------
[Epoch : 8/20]
Pr_Src_cls_loss	: 1.5229
Total_loss	: 1.2189
Ent Loss	: -0.0829
Src_cls_loss	: 0.7846
Neighbors Clustering 	: 0.5172
-------------------------------------
[Epoch : 9/20]
Pr_Src_cls_loss	: 1.5229
Total_loss	: 1.1620
Ent Loss	: -0.0823
Src_cls_loss	: 0.7327
Neighbors Clustering 	: 0.5116
-------------------------------------
[Epoch : 10/20]
Pr_Src_cls_loss	: 1.5229
Total_loss	: 1.1115
Ent Loss	: -0.0818
Src_cls_loss	: 0.6869
Neighbors Clustering 	: 0.5065
-------------------------------------
[Epoch : 11/20]
Pr_Src_cls_loss	: 1.5229
Total_loss	: 1.0660
Ent Loss	: -0.0814
Src_cls_loss	: 0.6459
Neighbors Clustering 	: 0.5015
-------------------------------------
[Epoch : 12/20]
Pr_Src_cls_loss	: 1.5229
Total_loss	: 1.0253
Ent Loss	: -0.0810
Src_cls_loss	: 0.6093
Neighbors Clustering 	: 0.4970
-------------------------------------
[Epoch : 13/20]
Pr_Src_cls_loss	: 1.5229
Total_loss	: 0.9880
Ent Loss	: -0.0807
Src_cls_loss	: 0.5763
Neighbors Clustering 	: 0.4923
-------------------------------------
[Epoch : 14/20]
Pr_Src_cls_loss	: 1.5229
Total_loss	: 0.9543
Ent Loss	: -0.0804
Src_cls_loss	: 0.5467
Neighbors Clustering 	: 0.4880
-------------------------------------
[Epoch : 15/20]
Pr_Src_cls_loss	: 1.5229
Total_loss	: 0.9237
Ent Loss	: -0.0801
Src_cls_loss	: 0.5198
Neighbors Clustering 	: 0.4840
-------------------------------------
[Epoch : 16/20]
Pr_Src_cls_loss	: 1.5229
Total_loss	: 0.8955
Ent Loss	: -0.0799
Src_cls_loss	: 0.4953
Neighbors Clustering 	: 0.4801
-------------------------------------
[Epoch : 17/20]
Pr_Src_cls_loss	: 1.5229
Total_loss	: 0.8696
Ent Loss	: -0.0797
Src_cls_loss	: 0.4729
Neighbors Clustering 	: 0.4764
-------------------------------------
[Epoch : 18/20]
Pr_Src_cls_loss	: 1.5229
Total_loss	: 0.8458
Ent Loss	: -0.0794
Src_cls_loss	: 0.4524
Neighbors Clustering 	: 0.4728
-------------------------------------
[Epoch : 19/20]
Pr_Src_cls_loss	: 1.5229
Total_loss	: 0.8237
Ent Loss	: -0.0792
Src_cls_loss	: 0.4336
Neighbors Clustering 	: 0.4693
-------------------------------------
[Epoch : 20/20]
Pr_Src_cls_loss	: 1.5229
Total_loss	: 0.8033
Ent Loss	: -0.0790
Src_cls_loss	: 0.4162
Neighbors Clustering 	: 0.4661
-------------------------------------
H_score: 0.0765, OS* (acc_c): 0.0399, UNK (acc_p): 0.9374, acc_mix: 0.5730, F1: 0.4584
Uploading logs from: /mnt/data/home/tp2474/OpenSet-AdaTime/experiments_logs/curriculum/RealWorld to Pamap2_UniDA_hard_n2_fno_mean/DANCE_UniDA_hard_n2_fno_mean/RealWorld_to_Pamap2_run_2
🏃 View run DANCE_run_2 at: http://127.0.0.1:5001/#/experiments/163788618564821517/runs/a821a4f26f614160bf65b7ae825d8104
🧪 View experiment at: http://127.0.0.1:5001/#/experiments/163788618564821517
=============================================
Dataset: RealWorld to Pamap2_UniDA_hard_n2_fno_mean
Method:  DANCE
=============================================
Source: RealWorld ---> Target: Pamap2
Run ID: 3
=============================================
[Pr Epoch : 1/20]
Pr_Src_cls_loss	: 1.5905
-------------------------------------
[Pr Epoch : 2/20]
Pr_Src_cls_loss	: 1.5714
-------------------------------------
[Pr Epoch : 3/20]
Pr_Src_cls_loss	: 1.5621
-------------------------------------
[Pr Epoch : 4/20]
Pr_Src_cls_loss	: 1.5563
-------------------------------------
[Pr Epoch : 5/20]
Pr_Src_cls_loss	: 1.5524
-------------------------------------
[Pr Epoch : 6/20]
Pr_Src_cls_loss	: 1.5494
-------------------------------------
[Pr Epoch : 7/20]
Pr_Src_cls_loss	: 1.5470
-------------------------------------
[Pr Epoch : 8/20]
Pr_Src_cls_loss	: 1.5449
-------------------------------------
[Pr Epoch : 9/20]
Pr_Src_cls_loss	: 1.5432
-------------------------------------
[Pr Epoch : 10/20]
Pr_Src_cls_loss	: 1.5417
-------------------------------------
[Pr Epoch : 11/20]
Pr_Src_cls_loss	: 1.5404
-------------------------------------
[Pr Epoch : 12/20]
Pr_Src_cls_loss	: 1.5392
-------------------------------------
[Pr Epoch : 13/20]
Pr_Src_cls_loss	: 1.5382
-------------------------------------
[Pr Epoch : 14/20]
Pr_Src_cls_loss	: 1.5373
-------------------------------------
[Pr Epoch : 15/20]
Pr_Src_cls_loss	: 1.5364
-------------------------------------
[Pr Epoch : 16/20]
Pr_Src_cls_loss	: 1.5357
-------------------------------------
[Pr Epoch : 17/20]
Pr_Src_cls_loss	: 1.5350
-------------------------------------
[Pr Epoch : 18/20]
Pr_Src_cls_loss	: 1.5344
-------------------------------------
[Pr Epoch : 19/20]
Pr_Src_cls_loss	: 1.5338
-------------------------------------
[Pr Epoch : 20/20]
Pr_Src_cls_loss	: 1.5333
-------------------------------------
[Epoch : 1/20]
Pr_Src_cls_loss	: 1.5333
Total_loss	: 1.8974
Ent Loss	: -0.0886
Src_cls_loss	: 1.4033
Neighbors Clustering 	: 0.5827
-------------------------------------
[Epoch : 2/20]
Pr_Src_cls_loss	: 1.5333
Total_loss	: 1.7765
Ent Loss	: -0.0878
Src_cls_loss	: 1.2891
Neighbors Clustering 	: 0.5753
-------------------------------------
[Epoch : 3/20]
Pr_Src_cls_loss	: 1.5333
Total_loss	: 1.6587
Ent Loss	: -0.0870
Src_cls_loss	: 1.1826
Neighbors Clustering 	: 0.5630
-------------------------------------
[Epoch : 4/20]
Pr_Src_cls_loss	: 1.5333
Total_loss	: 1.5530
Ent Loss	: -0.0860
Src_cls_loss	: 1.0864
Neighbors Clustering 	: 0.5527
-------------------------------------
[Epoch : 5/20]
Pr_Src_cls_loss	: 1.5333
Total_loss	: 1.4584
Ent Loss	: -0.0851
Src_cls_loss	: 1.0005
Neighbors Clustering 	: 0.5429
-------------------------------------
[Epoch : 6/20]
Pr_Src_cls_loss	: 1.5333
Total_loss	: 1.3749
Ent Loss	: -0.0842
Src_cls_loss	: 0.9245
Neighbors Clustering 	: 0.5346
-------------------------------------
[Epoch : 7/20]
Pr_Src_cls_loss	: 1.5333
Total_loss	: 1.3013
Ent Loss	: -0.0835
Src_cls_loss	: 0.8574
Neighbors Clustering 	: 0.5273
-------------------------------------
[Epoch : 8/20]
Pr_Src_cls_loss	: 1.5333
Total_loss	: 1.2360
Ent Loss	: -0.0828
Src_cls_loss	: 0.7979
Neighbors Clustering 	: 0.5209
-------------------------------------
[Epoch : 9/20]
Pr_Src_cls_loss	: 1.5333
Total_loss	: 1.1783
Ent Loss	: -0.0823
Src_cls_loss	: 0.7453
Neighbors Clustering 	: 0.5152
-------------------------------------
[Epoch : 10/20]
Pr_Src_cls_loss	: 1.5333
Total_loss	: 1.1265
Ent Loss	: -0.0818
Src_cls_loss	: 0.6985
Neighbors Clustering 	: 0.5098
-------------------------------------
[Epoch : 11/20]
Pr_Src_cls_loss	: 1.5333
Total_loss	: 1.0804
Ent Loss	: -0.0813
Src_cls_loss	: 0.6567
Neighbors Clustering 	: 0.5050
-------------------------------------
[Epoch : 12/20]
Pr_Src_cls_loss	: 1.5333
Total_loss	: 1.0391
Ent Loss	: -0.0810
Src_cls_loss	: 0.6194
Neighbors Clustering 	: 0.5006
-------------------------------------
[Epoch : 13/20]
Pr_Src_cls_loss	: 1.5333
Total_loss	: 1.0017
Ent Loss	: -0.0807
Src_cls_loss	: 0.5858
Neighbors Clustering 	: 0.4966
-------------------------------------
[Epoch : 14/20]
Pr_Src_cls_loss	: 1.5333
Total_loss	: 0.9678
Ent Loss	: -0.0804
Src_cls_loss	: 0.5554
Neighbors Clustering 	: 0.4927
-------------------------------------
[Epoch : 15/20]
Pr_Src_cls_loss	: 1.5333
Total_loss	: 0.9368
Ent Loss	: -0.0801
Src_cls_loss	: 0.5279
Neighbors Clustering 	: 0.4890
-------------------------------------
[Epoch : 16/20]
Pr_Src_cls_loss	: 1.5333
Total_loss	: 0.9084
Ent Loss	: -0.0799
Src_cls_loss	: 0.5029
Neighbors Clustering 	: 0.4854
-------------------------------------
[Epoch : 17/20]
Pr_Src_cls_loss	: 1.5333
Total_loss	: 0.8824
Ent Loss	: -0.0796
Src_cls_loss	: 0.4801
Neighbors Clustering 	: 0.4820
-------------------------------------
[Epoch : 18/20]
Pr_Src_cls_loss	: 1.5333
Total_loss	: 0.8583
Ent Loss	: -0.0794
Src_cls_loss	: 0.4591
Neighbors Clustering 	: 0.4786
-------------------------------------
[Epoch : 19/20]
Pr_Src_cls_loss	: 1.5333
Total_loss	: 0.8360
Ent Loss	: -0.0793
Src_cls_loss	: 0.4399
Neighbors Clustering 	: 0.4753
-------------------------------------
[Epoch : 20/20]
Pr_Src_cls_loss	: 1.5333
Total_loss	: 0.8153
Ent Loss	: -0.0791
Src_cls_loss	: 0.4222
Neighbors Clustering 	: 0.4722
-------------------------------------
H_score: 0.0738, OS* (acc_c): 0.0384, UNK (acc_p): 0.9308, acc_mix: 0.5685, F1: 0.4537
Uploading logs from: /mnt/data/home/tp2474/OpenSet-AdaTime/experiments_logs/curriculum/RealWorld to Pamap2_UniDA_hard_n2_fno_mean/DANCE_UniDA_hard_n2_fno_mean/RealWorld_to_Pamap2_run_3
🏃 View run DANCE_run_3 at: http://127.0.0.1:5001/#/experiments/163788618564821517/runs/0884a1ddf61649ff8336cbb7a179bedc
🧪 View experiment at: http://127.0.0.1:5001/#/experiments/163788618564821517
=============================================
Dataset: RealWorld to Pamap2_UniDA_hard_n2_fno_mean
Method:  DANCE
=============================================
Source: RealWorld ---> Target: Pamap2
Run ID: 4
=============================================
[Pr Epoch : 1/20]
Pr_Src_cls_loss	: 1.5823
-------------------------------------
[Pr Epoch : 2/20]
Pr_Src_cls_loss	: 1.5614
-------------------------------------
[Pr Epoch : 3/20]
Pr_Src_cls_loss	: 1.5510
-------------------------------------
[Pr Epoch : 4/20]
Pr_Src_cls_loss	: 1.5448
-------------------------------------
[Pr Epoch : 5/20]
Pr_Src_cls_loss	: 1.5404
-------------------------------------
[Pr Epoch : 6/20]
Pr_Src_cls_loss	: 1.5371
-------------------------------------
[Pr Epoch : 7/20]
Pr_Src_cls_loss	: 1.5344
-------------------------------------
[Pr Epoch : 8/20]
Pr_Src_cls_loss	: 1.5323
-------------------------------------
[Pr Epoch : 9/20]
Pr_Src_cls_loss	: 1.5304
-------------------------------------
[Pr Epoch : 10/20]
Pr_Src_cls_loss	: 1.5289
-------------------------------------
[Pr Epoch : 11/20]
Pr_Src_cls_loss	: 1.5275
-------------------------------------
[Pr Epoch : 12/20]
Pr_Src_cls_loss	: 1.5263
-------------------------------------
[Pr Epoch : 13/20]
Pr_Src_cls_loss	: 1.5252
-------------------------------------
[Pr Epoch : 14/20]
Pr_Src_cls_loss	: 1.5243
-------------------------------------
[Pr Epoch : 15/20]
Pr_Src_cls_loss	: 1.5234
-------------------------------------
[Pr Epoch : 16/20]
Pr_Src_cls_loss	: 1.5226
-------------------------------------
[Pr Epoch : 17/20]
Pr_Src_cls_loss	: 1.5219
-------------------------------------
[Pr Epoch : 18/20]
Pr_Src_cls_loss	: 1.5212
-------------------------------------
[Pr Epoch : 19/20]
Pr_Src_cls_loss	: 1.5206
-------------------------------------
[Pr Epoch : 20/20]
Pr_Src_cls_loss	: 1.5201
-------------------------------------
[Epoch : 1/20]
Pr_Src_cls_loss	: 1.5201
Total_loss	: 1.8784
Ent Loss	: -0.0885
Src_cls_loss	: 1.3881
Neighbors Clustering 	: 0.5788
-------------------------------------
[Epoch : 2/20]
Pr_Src_cls_loss	: 1.5201
Total_loss	: 1.7473
Ent Loss	: -0.0880
Src_cls_loss	: 1.2716
Neighbors Clustering 	: 0.5636
-------------------------------------
[Epoch : 3/20]
Pr_Src_cls_loss	: 1.5201
Total_loss	: 1.6259
Ent Loss	: -0.0873
Src_cls_loss	: 1.1643
Neighbors Clustering 	: 0.5489
-------------------------------------
[Epoch : 4/20]
Pr_Src_cls_loss	: 1.5201
Total_loss	: 1.5183
Ent Loss	: -0.0866
Src_cls_loss	: 1.0675
Neighbors Clustering 	: 0.5374
-------------------------------------
[Epoch : 5/20]
Pr_Src_cls_loss	: 1.5201
Total_loss	: 1.4233
Ent Loss	: -0.0859
Src_cls_loss	: 0.9815
Neighbors Clustering 	: 0.5277
-------------------------------------
[Epoch : 6/20]
Pr_Src_cls_loss	: 1.5201
Total_loss	: 1.3398
Ent Loss	: -0.0853
Src_cls_loss	: 0.9057
Neighbors Clustering 	: 0.5195
-------------------------------------
[Epoch : 7/20]
Pr_Src_cls_loss	: 1.5201
Total_loss	: 1.2659
Ent Loss	: -0.0848
Src_cls_loss	: 0.8387
Neighbors Clustering 	: 0.5120
-------------------------------------
[Epoch : 8/20]
Pr_Src_cls_loss	: 1.5201
Total_loss	: 1.2010
Ent Loss	: -0.0843
Src_cls_loss	: 0.7797
Neighbors Clustering 	: 0.5056
-------------------------------------
[Epoch : 9/20]
Pr_Src_cls_loss	: 1.5201
Total_loss	: 1.1433
Ent Loss	: -0.0839
Src_cls_loss	: 0.7275
Neighbors Clustering 	: 0.4997
-------------------------------------
[Epoch : 10/20]
Pr_Src_cls_loss	: 1.5201
Total_loss	: 1.0919
Ent Loss	: -0.0835
Src_cls_loss	: 0.6810
Neighbors Clustering 	: 0.4945
-------------------------------------
[Epoch : 11/20]
Pr_Src_cls_loss	: 1.5201
Total_loss	: 1.0460
Ent Loss	: -0.0832
Src_cls_loss	: 0.6398
Neighbors Clustering 	: 0.4894
-------------------------------------
[Epoch : 12/20]
Pr_Src_cls_loss	: 1.5201
Total_loss	: 1.0049
Ent Loss	: -0.0829
Src_cls_loss	: 0.6028
Neighbors Clustering 	: 0.4850
-------------------------------------
[Epoch : 13/20]
Pr_Src_cls_loss	: 1.5201
Total_loss	: 0.9678
Ent Loss	: -0.0827
Src_cls_loss	: 0.5696
Neighbors Clustering 	: 0.4809
-------------------------------------
[Epoch : 14/20]
Pr_Src_cls_loss	: 1.5201
Total_loss	: 0.9344
Ent Loss	: -0.0824
Src_cls_loss	: 0.5397
Neighbors Clustering 	: 0.4771
-------------------------------------
[Epoch : 15/20]
Pr_Src_cls_loss	: 1.5201
Total_loss	: 0.9038
Ent Loss	: -0.0822
Src_cls_loss	: 0.5125
Neighbors Clustering 	: 0.4735
-------------------------------------
[Epoch : 16/20]
Pr_Src_cls_loss	: 1.5201
Total_loss	: 0.8759
Ent Loss	: -0.0820
Src_cls_loss	: 0.4880
Neighbors Clustering 	: 0.4699
-------------------------------------
[Epoch : 17/20]
Pr_Src_cls_loss	: 1.5201
Total_loss	: 0.8504
Ent Loss	: -0.0818
Src_cls_loss	: 0.4655
Neighbors Clustering 	: 0.4667
-------------------------------------
[Epoch : 18/20]
Pr_Src_cls_loss	: 1.5201
Total_loss	: 0.8270
Ent Loss	: -0.0816
Src_cls_loss	: 0.4450
Neighbors Clustering 	: 0.4636
-------------------------------------
[Epoch : 19/20]
Pr_Src_cls_loss	: 1.5201
Total_loss	: 0.8053
Ent Loss	: -0.0814
Src_cls_loss	: 0.4260
Neighbors Clustering 	: 0.4606
-------------------------------------
[Epoch : 20/20]
Pr_Src_cls_loss	: 1.5201
Total_loss	: 0.7852
Ent Loss	: -0.0812
Src_cls_loss	: 0.4086
Neighbors Clustering 	: 0.4578
-------------------------------------
H_score: 0.0874, OS* (acc_c): 0.0458, UNK (acc_p): 0.9595, acc_mix: 0.5885, F1: 0.4694
Uploading logs from: /mnt/data/home/tp2474/OpenSet-AdaTime/experiments_logs/curriculum/RealWorld to Pamap2_UniDA_hard_n2_fno_mean/DANCE_UniDA_hard_n2_fno_mean/RealWorld_to_Pamap2_run_4
🏃 View run DANCE_run_4 at: http://127.0.0.1:5001/#/experiments/163788618564821517/runs/7eb62787c93a47e9874ce2d63afdd929
🧪 View experiment at: http://127.0.0.1:5001/#/experiments/163788618564821517
==================== [n2 fno_mean] PPOT ====================
[curriculum] scenario=UniDA  strategy=hard  n_unknown=2  rank_variant=fno_mean
[curriculum] source mapping (6 classes): {'lying': 'lying', 'sitting': 'sitting', 'walking': 'walking', 'running': 'running', 'climbingup': 'climbingup', 'jumping': 'jumping'}
[curriculum] target mapping (6 classes): {'lying': 'lying', 'sitting': 'sitting', 'walking': 'walking', 'running': 'running', 'other (transient activities)': 'other (transient activities)', 'ascending stairs': 'ascending stairs'}
[curriculum] unknowns added (in hard order): src=[climbingup,jumping] | trg=[other (transient activities),ascending stairs]
[scenario] PPOT -> UniDA (uniDA=True)
Unlabeled data shape:  (11730, 150, 18)
Unlabelled Combined shape: (19515, 150, 18)

--- Dataloader Size Check ---
Source Train batches:   355
Target Train batches:   183
-------------------------------

Private classes:  tensor([6., 7.])
=============================================
Dataset: RealWorld to Pamap2_UniDA_hard_n2_fno_mean
Method:  PPOT
=============================================
Source: RealWorld ---> Target: Pamap2
Run ID: 0
=============================================
[Pr Epoch : 1/20]
Pr_Src_cls_loss	: 1.6123
-------------------------------------
[Pr Epoch : 2/20]
Pr_Src_cls_loss	: 1.5326
-------------------------------------
[Pr Epoch : 3/20]
Pr_Src_cls_loss	: 1.4627
-------------------------------------
[Pr Epoch : 4/20]
Pr_Src_cls_loss	: 1.3974
-------------------------------------
[Pr Epoch : 5/20]
Pr_Src_cls_loss	: 1.3366
-------------------------------------
[Pr Epoch : 6/20]
Pr_Src_cls_loss	: 1.2794
-------------------------------------
[Pr Epoch : 7/20]
Pr_Src_cls_loss	: 1.2256
-------------------------------------
[Pr Epoch : 8/20]
Pr_Src_cls_loss	: 1.1752
-------------------------------------
[Pr Epoch : 9/20]
Pr_Src_cls_loss	: 1.1278
-------------------------------------
[Pr Epoch : 10/20]
Pr_Src_cls_loss	: 1.0832
-------------------------------------
[Pr Epoch : 11/20]
Pr_Src_cls_loss	: 1.0413
-------------------------------------
[Pr Epoch : 12/20]
Pr_Src_cls_loss	: 1.0019
-------------------------------------
[Pr Epoch : 13/20]
Pr_Src_cls_loss	: 0.9648
-------------------------------------
[Pr Epoch : 14/20]
Pr_Src_cls_loss	: 0.9298
-------------------------------------
[Pr Epoch : 15/20]
Pr_Src_cls_loss	: 0.8967
-------------------------------------
[Pr Epoch : 16/20]
Pr_Src_cls_loss	: 0.8656
-------------------------------------
[Pr Epoch : 17/20]
Pr_Src_cls_loss	: 0.8362
-------------------------------------
[Pr Epoch : 18/20]
Pr_Src_cls_loss	: 0.8084
-------------------------------------
[Pr Epoch : 19/20]
Pr_Src_cls_loss	: 0.7822
-------------------------------------
[Pr Epoch : 20/20]
Pr_Src_cls_loss	: 0.7573
-------------------------------------
[Epoch : 1/20]
Pr_Src_cls_loss	: 0.7573
Total_loss	: -0.8028
OT Loss	: 0.2685
Entropic Loss	: -1.4377
Src_cls_loss	: 0.2321
-------------------------------------
[Epoch : 2/20]
Pr_Src_cls_loss	: 0.7573
Total_loss	: -0.8503
OT Loss	: 0.2430
Entropic Loss	: -1.4251
Src_cls_loss	: 0.2103
-------------------------------------
[Epoch : 3/20]
Pr_Src_cls_loss	: 0.7573
Total_loss	: -0.8907
OT Loss	: 0.2328
Entropic Loss	: -1.4473
Src_cls_loss	: 0.2075
-------------------------------------
[Epoch : 4/20]
Pr_Src_cls_loss	: 0.7573
Total_loss	: -0.8980
OT Loss	: 0.2298
Entropic Loss	: -1.4590
Src_cls_loss	: 0.2163
-------------------------------------
[Epoch : 5/20]
Pr_Src_cls_loss	: 0.7573
Total_loss	: -0.9344
OT Loss	: 0.2183
Entropic Loss	: -1.4793
Src_cls_loss	: 0.2174
-------------------------------------
[Epoch : 6/20]
Pr_Src_cls_loss	: 0.7573
Total_loss	: -0.9795
OT Loss	: 0.2100
Entropic Loss	: -1.5025
Src_cls_loss	: 0.2079
-------------------------------------
[Epoch : 7/20]
Pr_Src_cls_loss	: 0.7573
Total_loss	: -0.9998
OT Loss	: 0.2044
Entropic Loss	: -1.5102
Src_cls_loss	: 0.2038
-------------------------------------
[Epoch : 8/20]
Pr_Src_cls_loss	: 0.7573
Total_loss	: -0.9954
OT Loss	: 0.2063
Entropic Loss	: -1.5058
Src_cls_loss	: 0.2009
-------------------------------------
[Epoch : 9/20]
Pr_Src_cls_loss	: 0.7573
Total_loss	: -0.9864
OT Loss	: 0.2083
Entropic Loss	: -1.4953
Src_cls_loss	: 0.1965
-------------------------------------
[Epoch : 10/20]
Pr_Src_cls_loss	: 0.7573
Total_loss	: -0.9678
OT Loss	: 0.2104
Entropic Loss	: -1.4792
Src_cls_loss	: 0.1958
-------------------------------------
[Epoch : 11/20]
Pr_Src_cls_loss	: 0.7573
Total_loss	: -0.9767
OT Loss	: 0.2100
Entropic Loss	: -1.4856
Src_cls_loss	: 0.1938
-------------------------------------
[Epoch : 12/20]
Pr_Src_cls_loss	: 0.7573
Total_loss	: -0.9621
OT Loss	: 0.2176
Entropic Loss	: -1.4790
Src_cls_loss	: 0.1906
-------------------------------------
[Epoch : 13/20]
Pr_Src_cls_loss	: 0.7573
Total_loss	: -0.9443
OT Loss	: 0.2176
Entropic Loss	: -1.4606
Src_cls_loss	: 0.1898
-------------------------------------
[Epoch : 14/20]
Pr_Src_cls_loss	: 0.7573
Total_loss	: -0.9486
OT Loss	: 0.2166
Entropic Loss	: -1.4634
Src_cls_loss	: 0.1898
-------------------------------------
[Epoch : 15/20]
Pr_Src_cls_loss	: 0.7573
Total_loss	: -0.9550
OT Loss	: 0.2186
Entropic Loss	: -1.4706
Src_cls_loss	: 0.1877
-------------------------------------
[Epoch : 16/20]
Pr_Src_cls_loss	: 0.7573
Total_loss	: -0.9419
OT Loss	: 0.2251
Entropic Loss	: -1.4614
Src_cls_loss	: 0.1819
-------------------------------------
[Epoch : 17/20]
Pr_Src_cls_loss	: 0.7573
Total_loss	: -0.9418
OT Loss	: 0.2268
Entropic Loss	: -1.4625
Src_cls_loss	: 0.1806
-------------------------------------
[Epoch : 18/20]
Pr_Src_cls_loss	: 0.7573
Total_loss	: -0.9401
OT Loss	: 0.2273
Entropic Loss	: -1.4574
Src_cls_loss	: 0.1764
-------------------------------------
[Epoch : 19/20]
Pr_Src_cls_loss	: 0.7573
Total_loss	: -0.9360
OT Loss	: 0.2360
Entropic Loss	: -1.4625
Src_cls_loss	: 0.1724
-------------------------------------
[Epoch : 20/20]
Pr_Src_cls_loss	: 0.7573
Total_loss	: -0.9357
OT Loss	: 0.2376
Entropic Loss	: -1.4611
Src_cls_loss	: 0.1691
-------------------------------------
/mnt/data/home/tp2474/OpenSet-AdaTime/trainers/abstract_trainer.py:331: FutureWarning: The behavior of DataFrame concatenation with empty or all-NA entries is deprecated. In a future version, this will no longer exclude empty or all-NA columns when determining the result dtypes. To retain the old behavior, exclude the relevant entries before the concat operation.
  table = pd.concat([table, results_df], ignore_index=True)
H_score: 0.4903, OS* (acc_c): 0.4197, UNK (acc_p): 0.5895, acc_mix: 0.5205, F1: 0.5829
Uploading logs from: /mnt/data/home/tp2474/OpenSet-AdaTime/experiments_logs/curriculum/RealWorld to Pamap2_UniDA_hard_n2_fno_mean/PPOT_UniDA_hard_n2_fno_mean/RealWorld_to_Pamap2_run_0
🏃 View run PPOT_run_0 at: http://127.0.0.1:5001/#/experiments/163788618564821517/runs/bfce4bb4c8494786af5316b8fd87b828
🧪 View experiment at: http://127.0.0.1:5001/#/experiments/163788618564821517
=============================================
Dataset: RealWorld to Pamap2_UniDA_hard_n2_fno_mean
Method:  PPOT
=============================================
Source: RealWorld ---> Target: Pamap2
Run ID: 1
=============================================
[Pr Epoch : 1/20]
Pr_Src_cls_loss	: 1.6197
-------------------------------------
[Pr Epoch : 2/20]
Pr_Src_cls_loss	: 1.5412
-------------------------------------
[Pr Epoch : 3/20]
Pr_Src_cls_loss	: 1.4713
-------------------------------------
[Pr Epoch : 4/20]
Pr_Src_cls_loss	: 1.4055
-------------------------------------
[Pr Epoch : 5/20]
Pr_Src_cls_loss	: 1.3439
-------------------------------------
[Pr Epoch : 6/20]
Pr_Src_cls_loss	: 1.2861
-------------------------------------
[Pr Epoch : 7/20]
Pr_Src_cls_loss	: 1.2318
-------------------------------------
[Pr Epoch : 8/20]
Pr_Src_cls_loss	: 1.1809
-------------------------------------
[Pr Epoch : 9/20]
Pr_Src_cls_loss	: 1.1329
-------------------------------------
[Pr Epoch : 10/20]
Pr_Src_cls_loss	: 1.0879
-------------------------------------
[Pr Epoch : 11/20]
Pr_Src_cls_loss	: 1.0456
-------------------------------------
[Pr Epoch : 12/20]
Pr_Src_cls_loss	: 1.0058
-------------------------------------
[Pr Epoch : 13/20]
Pr_Src_cls_loss	: 0.9683
-------------------------------------
[Pr Epoch : 14/20]
Pr_Src_cls_loss	: 0.9331
-------------------------------------
[Pr Epoch : 15/20]
Pr_Src_cls_loss	: 0.8999
-------------------------------------
[Pr Epoch : 16/20]
Pr_Src_cls_loss	: 0.8686
-------------------------------------
[Pr Epoch : 17/20]
Pr_Src_cls_loss	: 0.8391
-------------------------------------
[Pr Epoch : 18/20]
Pr_Src_cls_loss	: 0.8113
-------------------------------------
[Pr Epoch : 19/20]
Pr_Src_cls_loss	: 0.7849
-------------------------------------
[Pr Epoch : 20/20]
Pr_Src_cls_loss	: 0.7599
-------------------------------------
[Epoch : 1/20]
Pr_Src_cls_loss	: 0.7599
Total_loss	: -0.4202
OT Loss	: 0.2738
Entropic Loss	: -1.0527
Src_cls_loss	: 0.2218
-------------------------------------
[Epoch : 2/20]
Pr_Src_cls_loss	: 0.7599
Total_loss	: -0.3906
OT Loss	: 0.2654
Entropic Loss	: -1.0339
Src_cls_loss	: 0.2452
-------------------------------------
[Epoch : 3/20]
Pr_Src_cls_loss	: 0.7599
Total_loss	: -0.4066
OT Loss	: 0.2595
Entropic Loss	: -1.0488
Src_cls_loss	: 0.2529
-------------------------------------
[Epoch : 4/20]
Pr_Src_cls_loss	: 0.7599
Total_loss	: -0.4572
OT Loss	: 0.2495
Entropic Loss	: -1.0763
Src_cls_loss	: 0.2448
-------------------------------------
[Epoch : 5/20]
Pr_Src_cls_loss	: 0.7599
Total_loss	: -0.4792
OT Loss	: 0.2436
Entropic Loss	: -1.0724
Src_cls_loss	: 0.2276
-------------------------------------
[Epoch : 6/20]
Pr_Src_cls_loss	: 0.7599
Total_loss	: -0.4989
OT Loss	: 0.2385
Entropic Loss	: -1.0726
Src_cls_loss	: 0.2159
-------------------------------------
[Epoch : 7/20]
Pr_Src_cls_loss	: 0.7599
Total_loss	: -0.4881
OT Loss	: 0.2341
Entropic Loss	: -1.0560
Src_cls_loss	: 0.2167
-------------------------------------
[Epoch : 8/20]
Pr_Src_cls_loss	: 0.7599
Total_loss	: -0.4695
OT Loss	: 0.2349
Entropic Loss	: -1.0402
Src_cls_loss	: 0.2183
-------------------------------------
[Epoch : 9/20]
Pr_Src_cls_loss	: 0.7599
Total_loss	: -0.4636
OT Loss	: 0.2398
Entropic Loss	: -1.0384
Src_cls_loss	: 0.2151
-------------------------------------
[Epoch : 10/20]
Pr_Src_cls_loss	: 0.7599
Total_loss	: -0.4491
OT Loss	: 0.2401
Entropic Loss	: -1.0168
Src_cls_loss	: 0.2076
-------------------------------------
[Epoch : 11/20]
Pr_Src_cls_loss	: 0.7599
Total_loss	: -0.4580
OT Loss	: 0.2398
Entropic Loss	: -1.0190
Src_cls_loss	: 0.2013
-------------------------------------
[Epoch : 12/20]
Pr_Src_cls_loss	: 0.7599
Total_loss	: -0.4382
OT Loss	: 0.2433
Entropic Loss	: -1.0027
Src_cls_loss	: 0.1997
-------------------------------------
[Epoch : 13/20]
Pr_Src_cls_loss	: 0.7599
Total_loss	: -0.4436
OT Loss	: 0.2432
Entropic Loss	: -1.0083
Src_cls_loss	: 0.1998
-------------------------------------
[Epoch : 14/20]
Pr_Src_cls_loss	: 0.7599
Total_loss	: -0.4324
OT Loss	: 0.2451
Entropic Loss	: -0.9951
Src_cls_loss	: 0.1951
-------------------------------------
[Epoch : 15/20]
Pr_Src_cls_loss	: 0.7599
Total_loss	: -0.4041
OT Loss	: 0.2499
Entropic Loss	: -0.9800
Src_cls_loss	: 0.2011
-------------------------------------
[Epoch : 16/20]
Pr_Src_cls_loss	: 0.7599
Total_loss	: -0.3983
OT Loss	: 0.2512
Entropic Loss	: -0.9736
Src_cls_loss	: 0.1986
-------------------------------------
[Epoch : 17/20]
Pr_Src_cls_loss	: 0.7599
Total_loss	: -0.3777
OT Loss	: 0.2547
Entropic Loss	: -0.9534
Src_cls_loss	: 0.1936
-------------------------------------
[Epoch : 18/20]
Pr_Src_cls_loss	: 0.7599
Total_loss	: -0.3556
OT Loss	: 0.2589
Entropic Loss	: -0.9354
Src_cls_loss	: 0.1914
-------------------------------------
[Epoch : 19/20]
Pr_Src_cls_loss	: 0.7599
Total_loss	: -0.3617
OT Loss	: 0.2592
Entropic Loss	: -0.9355
Src_cls_loss	: 0.1850
-------------------------------------
[Epoch : 20/20]
Pr_Src_cls_loss	: 0.7599
Total_loss	: -0.3577
OT Loss	: 0.2639
Entropic Loss	: -0.9349
Src_cls_loss	: 0.1812
-------------------------------------
H_score: 0.3960, OS* (acc_c): 0.2803, UNK (acc_p): 0.6746, acc_mix: 0.5145, F1: 0.5584
Uploading logs from: /mnt/data/home/tp2474/OpenSet-AdaTime/experiments_logs/curriculum/RealWorld to Pamap2_UniDA_hard_n2_fno_mean/PPOT_UniDA_hard_n2_fno_mean/RealWorld_to_Pamap2_run_1
🏃 View run PPOT_run_1 at: http://127.0.0.1:5001/#/experiments/163788618564821517/runs/749a9db34da64a73bfe7ab095cd9a6ad
🧪 View experiment at: http://127.0.0.1:5001/#/experiments/163788618564821517
=============================================
Dataset: RealWorld to Pamap2_UniDA_hard_n2_fno_mean
Method:  PPOT
=============================================
Source: RealWorld ---> Target: Pamap2
Run ID: 2
=============================================
[Pr Epoch : 1/20]
Pr_Src_cls_loss	: 1.6220
-------------------------------------
[Pr Epoch : 2/20]
Pr_Src_cls_loss	: 1.5417
-------------------------------------
[Pr Epoch : 3/20]
Pr_Src_cls_loss	: 1.4703
-------------------------------------
[Pr Epoch : 4/20]
Pr_Src_cls_loss	: 1.4039
-------------------------------------
[Pr Epoch : 5/20]
Pr_Src_cls_loss	: 1.3419
-------------------------------------
[Pr Epoch : 6/20]
Pr_Src_cls_loss	: 1.2837
-------------------------------------
[Pr Epoch : 7/20]
Pr_Src_cls_loss	: 1.2290
-------------------------------------
[Pr Epoch : 8/20]
Pr_Src_cls_loss	: 1.1778
-------------------------------------
[Pr Epoch : 9/20]
Pr_Src_cls_loss	: 1.1298
-------------------------------------
[Pr Epoch : 10/20]
Pr_Src_cls_loss	: 1.0847
-------------------------------------
[Pr Epoch : 11/20]
Pr_Src_cls_loss	: 1.0424
-------------------------------------
[Pr Epoch : 12/20]
Pr_Src_cls_loss	: 1.0026
-------------------------------------
[Pr Epoch : 13/20]
Pr_Src_cls_loss	: 0.9651
-------------------------------------
[Pr Epoch : 14/20]
Pr_Src_cls_loss	: 0.9298
-------------------------------------
[Pr Epoch : 15/20]
Pr_Src_cls_loss	: 0.8966
-------------------------------------
[Pr Epoch : 16/20]
Pr_Src_cls_loss	: 0.8651
-------------------------------------
[Pr Epoch : 17/20]
Pr_Src_cls_loss	: 0.8355
-------------------------------------
[Pr Epoch : 18/20]
Pr_Src_cls_loss	: 0.8076
-------------------------------------
[Pr Epoch : 19/20]
Pr_Src_cls_loss	: 0.7812
-------------------------------------
[Pr Epoch : 20/20]
Pr_Src_cls_loss	: 0.7562
-------------------------------------
[Epoch : 1/20]
Pr_Src_cls_loss	: 0.7562
Total_loss	: -0.4023
OT Loss	: 0.2971
Entropic Loss	: -1.1108
Src_cls_loss	: 0.2629
-------------------------------------
[Epoch : 2/20]
Pr_Src_cls_loss	: 0.7562
Total_loss	: -0.4893
OT Loss	: 0.2675
Entropic Loss	: -1.1396
Src_cls_loss	: 0.2490
-------------------------------------
[Epoch : 3/20]
Pr_Src_cls_loss	: 0.7562
Total_loss	: -0.5676
OT Loss	: 0.2498
Entropic Loss	: -1.1984
Src_cls_loss	: 0.2561
-------------------------------------
[Epoch : 4/20]
Pr_Src_cls_loss	: 0.7562
Total_loss	: -0.5684
OT Loss	: 0.2405
Entropic Loss	: -1.1856
Src_cls_loss	: 0.2565
-------------------------------------
[Epoch : 5/20]
Pr_Src_cls_loss	: 0.7562
Total_loss	: -0.5833
OT Loss	: 0.2344
Entropic Loss	: -1.1840
Src_cls_loss	: 0.2490
-------------------------------------
[Epoch : 6/20]
Pr_Src_cls_loss	: 0.7562
Total_loss	: -0.5995
OT Loss	: 0.2314
Entropic Loss	: -1.1803
Src_cls_loss	: 0.2337
-------------------------------------
[Epoch : 7/20]
Pr_Src_cls_loss	: 0.7562
Total_loss	: -0.5886
OT Loss	: 0.2330
Entropic Loss	: -1.1661
Src_cls_loss	: 0.2280
-------------------------------------
[Epoch : 8/20]
Pr_Src_cls_loss	: 0.7562
Total_loss	: -0.5993
OT Loss	: 0.2328
Entropic Loss	: -1.1668
Src_cls_loss	: 0.2183
-------------------------------------
[Epoch : 9/20]
Pr_Src_cls_loss	: 0.7562
Total_loss	: -0.6008
OT Loss	: 0.2344
Entropic Loss	: -1.1690
Src_cls_loss	: 0.2166
-------------------------------------
[Epoch : 10/20]
Pr_Src_cls_loss	: 0.7562
Total_loss	: -0.6106
OT Loss	: 0.2352
Entropic Loss	: -1.1697
Src_cls_loss	: 0.2063
-------------------------------------
[Epoch : 11/20]
Pr_Src_cls_loss	: 0.7562
Total_loss	: -0.5854
OT Loss	: 0.2384
Entropic Loss	: -1.1443
Src_cls_loss	: 0.2013
-------------------------------------
[Epoch : 12/20]
Pr_Src_cls_loss	: 0.7562
Total_loss	: -0.5839
OT Loss	: 0.2395
Entropic Loss	: -1.1390
Src_cls_loss	: 0.1958
-------------------------------------
[Epoch : 13/20]
Pr_Src_cls_loss	: 0.7562
Total_loss	: -0.5737
OT Loss	: 0.2405
Entropic Loss	: -1.1349
Src_cls_loss	: 0.2004
-------------------------------------
[Epoch : 14/20]
Pr_Src_cls_loss	: 0.7562
Total_loss	: -0.5637
OT Loss	: 0.2463
Entropic Loss	: -1.1270
Src_cls_loss	: 0.1939
-------------------------------------
[Epoch : 15/20]
Pr_Src_cls_loss	: 0.7562
Total_loss	: -0.5540
OT Loss	: 0.2497
Entropic Loss	: -1.1149
Src_cls_loss	: 0.1862
-------------------------------------
[Epoch : 16/20]
Pr_Src_cls_loss	: 0.7562
Total_loss	: -0.5302
OT Loss	: 0.2527
Entropic Loss	: -1.0913
Src_cls_loss	: 0.1820
-------------------------------------
[Epoch : 17/20]
Pr_Src_cls_loss	: 0.7562
Total_loss	: -0.5262
OT Loss	: 0.2535
Entropic Loss	: -1.0859
Src_cls_loss	: 0.1794
-------------------------------------
[Epoch : 18/20]
Pr_Src_cls_loss	: 0.7562
Total_loss	: -0.5235
OT Loss	: 0.2547
Entropic Loss	: -1.0824
Src_cls_loss	: 0.1768
-------------------------------------
[Epoch : 19/20]
Pr_Src_cls_loss	: 0.7562
Total_loss	: -0.5176
OT Loss	: 0.2554
Entropic Loss	: -1.0752
Src_cls_loss	: 0.1744
-------------------------------------
[Epoch : 20/20]
Pr_Src_cls_loss	: 0.7562
Total_loss	: -0.5267
OT Loss	: 0.2554
Entropic Loss	: -1.0789
Src_cls_loss	: 0.1692
-------------------------------------
H_score: 0.5503, OS* (acc_c): 0.4791, UNK (acc_p): 0.6465, acc_mix: 0.5785, F1: 0.6457
Uploading logs from: /mnt/data/home/tp2474/OpenSet-AdaTime/experiments_logs/curriculum/RealWorld to Pamap2_UniDA_hard_n2_fno_mean/PPOT_UniDA_hard_n2_fno_mean/RealWorld_to_Pamap2_run_2
🏃 View run PPOT_run_2 at: http://127.0.0.1:5001/#/experiments/163788618564821517/runs/ed597fe352c34bc091839c5969c22dc4
🧪 View experiment at: http://127.0.0.1:5001/#/experiments/163788618564821517
=============================================
Dataset: RealWorld to Pamap2_UniDA_hard_n2_fno_mean
Method:  PPOT
=============================================
Source: RealWorld ---> Target: Pamap2
Run ID: 3
=============================================
[Pr Epoch : 1/20]
Pr_Src_cls_loss	: 1.5976
-------------------------------------
[Pr Epoch : 2/20]
Pr_Src_cls_loss	: 1.5195
-------------------------------------
[Pr Epoch : 3/20]
Pr_Src_cls_loss	: 1.4500
-------------------------------------
[Pr Epoch : 4/20]
Pr_Src_cls_loss	: 1.3859
-------------------------------------
[Pr Epoch : 5/20]
Pr_Src_cls_loss	: 1.3257
-------------------------------------
[Pr Epoch : 6/20]
Pr_Src_cls_loss	: 1.2693
-------------------------------------
[Pr Epoch : 7/20]
Pr_Src_cls_loss	: 1.2163
-------------------------------------
[Pr Epoch : 8/20]
Pr_Src_cls_loss	: 1.1667
-------------------------------------
[Pr Epoch : 9/20]
Pr_Src_cls_loss	: 1.1200
-------------------------------------
[Pr Epoch : 10/20]
Pr_Src_cls_loss	: 1.0762
-------------------------------------
[Pr Epoch : 11/20]
Pr_Src_cls_loss	: 1.0348
-------------------------------------
[Pr Epoch : 12/20]
Pr_Src_cls_loss	: 0.9962
-------------------------------------
[Pr Epoch : 13/20]
Pr_Src_cls_loss	: 0.9595
-------------------------------------
[Pr Epoch : 14/20]
Pr_Src_cls_loss	: 0.9249
-------------------------------------
[Pr Epoch : 15/20]
Pr_Src_cls_loss	: 0.8924
-------------------------------------
[Pr Epoch : 16/20]
Pr_Src_cls_loss	: 0.8617
-------------------------------------
[Pr Epoch : 17/20]
Pr_Src_cls_loss	: 0.8326
-------------------------------------
[Pr Epoch : 18/20]
Pr_Src_cls_loss	: 0.8052
-------------------------------------
[Pr Epoch : 19/20]
Pr_Src_cls_loss	: 0.7792
-------------------------------------
[Pr Epoch : 20/20]
Pr_Src_cls_loss	: 0.7546
-------------------------------------
[Epoch : 1/20]
Pr_Src_cls_loss	: 0.7546
Total_loss	: -0.4395
OT Loss	: 0.2936
Entropic Loss	: -1.1105
Src_cls_loss	: 0.2305
-------------------------------------
[Epoch : 2/20]
Pr_Src_cls_loss	: 0.7546
Total_loss	: -0.3684
OT Loss	: 0.2680
Entropic Loss	: -1.0217
Src_cls_loss	: 0.2513
-------------------------------------
[Epoch : 3/20]
Pr_Src_cls_loss	: 0.7546
Total_loss	: -0.3863
OT Loss	: 0.2599
Entropic Loss	: -1.0217
Src_cls_loss	: 0.2456
-------------------------------------
[Epoch : 4/20]
Pr_Src_cls_loss	: 0.7546
Total_loss	: -0.3787
OT Loss	: 0.2459
Entropic Loss	: -1.0492
Src_cls_loss	: 0.3016
-------------------------------------
[Epoch : 5/20]
Pr_Src_cls_loss	: 0.7546
Total_loss	: -0.3671
OT Loss	: 0.2367
Entropic Loss	: -1.0273
Src_cls_loss	: 0.3052
-------------------------------------
[Epoch : 6/20]
Pr_Src_cls_loss	: 0.7546
Total_loss	: -0.3581
OT Loss	: 0.2353
Entropic Loss	: -1.0135
Src_cls_loss	: 0.3024
-------------------------------------
[Epoch : 7/20]
Pr_Src_cls_loss	: 0.7546
Total_loss	: -0.3684
OT Loss	: 0.2358
Entropic Loss	: -1.0135
Src_cls_loss	: 0.2914
-------------------------------------
[Epoch : 8/20]
Pr_Src_cls_loss	: 0.7546
Total_loss	: -0.3613
OT Loss	: 0.2369
Entropic Loss	: -1.0034
Src_cls_loss	: 0.2868
-------------------------------------
[Epoch : 9/20]
Pr_Src_cls_loss	: 0.7546
Total_loss	: -0.3497
OT Loss	: 0.2383
Entropic Loss	: -0.9897
Src_cls_loss	: 0.2825
-------------------------------------
[Epoch : 10/20]
Pr_Src_cls_loss	: 0.7546
Total_loss	: -0.3354
OT Loss	: 0.2396
Entropic Loss	: -0.9679
Src_cls_loss	: 0.2731
-------------------------------------
[Epoch : 11/20]
Pr_Src_cls_loss	: 0.7546
Total_loss	: -0.2864
OT Loss	: 0.2454
Entropic Loss	: -0.9245
Src_cls_loss	: 0.2700
-------------------------------------
[Epoch : 12/20]
Pr_Src_cls_loss	: 0.7546
Total_loss	: -0.2564
OT Loss	: 0.2475
Entropic Loss	: -0.8926
Src_cls_loss	: 0.2649
-------------------------------------
[Epoch : 13/20]
Pr_Src_cls_loss	: 0.7546
Total_loss	: -0.2504
OT Loss	: 0.2478
Entropic Loss	: -0.8771
Src_cls_loss	: 0.2549
-------------------------------------
[Epoch : 14/20]
Pr_Src_cls_loss	: 0.7546
Total_loss	: -0.2340
OT Loss	: 0.2477
Entropic Loss	: -0.8565
Src_cls_loss	: 0.2509
-------------------------------------
[Epoch : 15/20]
Pr_Src_cls_loss	: 0.7546
Total_loss	: -0.2105
OT Loss	: 0.2547
Entropic Loss	: -0.8369
Src_cls_loss	: 0.2443
-------------------------------------
[Epoch : 16/20]
Pr_Src_cls_loss	: 0.7546
Total_loss	: -0.2069
OT Loss	: 0.2540
Entropic Loss	: -0.8243
Src_cls_loss	: 0.2364
-------------------------------------
[Epoch : 17/20]
Pr_Src_cls_loss	: 0.7546
Total_loss	: -0.1824
OT Loss	: 0.2589
Entropic Loss	: -0.8062
Src_cls_loss	: 0.2355
-------------------------------------
[Epoch : 18/20]
Pr_Src_cls_loss	: 0.7546
Total_loss	: -0.1790
OT Loss	: 0.2595
Entropic Loss	: -0.7987
Src_cls_loss	: 0.2304
-------------------------------------
[Epoch : 19/20]
Pr_Src_cls_loss	: 0.7546
Total_loss	: -0.1593
OT Loss	: 0.2655
Entropic Loss	: -0.7820
Src_cls_loss	: 0.2244
-------------------------------------
[Epoch : 20/20]
Pr_Src_cls_loss	: 0.7546
Total_loss	: -0.1509
OT Loss	: 0.2679
Entropic Loss	: -0.7733
Src_cls_loss	: 0.2205
-------------------------------------
H_score: 0.4133, OS* (acc_c): 0.3670, UNK (acc_p): 0.4731, acc_mix: 0.4300, F1: 0.5271
Uploading logs from: /mnt/data/home/tp2474/OpenSet-AdaTime/experiments_logs/curriculum/RealWorld to Pamap2_UniDA_hard_n2_fno_mean/PPOT_UniDA_hard_n2_fno_mean/RealWorld_to_Pamap2_run_3
🏃 View run PPOT_run_3 at: http://127.0.0.1:5001/#/experiments/163788618564821517/runs/8bbb9722a7584ea58be791ab527d164b
🧪 View experiment at: http://127.0.0.1:5001/#/experiments/163788618564821517
=============================================
Dataset: RealWorld to Pamap2_UniDA_hard_n2_fno_mean
Method:  PPOT
=============================================
Source: RealWorld ---> Target: Pamap2
Run ID: 4
=============================================
[Pr Epoch : 1/20]
Pr_Src_cls_loss	: 1.6057
-------------------------------------
[Pr Epoch : 2/20]
Pr_Src_cls_loss	: 1.5261
-------------------------------------
[Pr Epoch : 3/20]
Pr_Src_cls_loss	: 1.4559
-------------------------------------
[Pr Epoch : 4/20]
Pr_Src_cls_loss	: 1.3911
-------------------------------------
[Pr Epoch : 5/20]
Pr_Src_cls_loss	: 1.3304
-------------------------------------
[Pr Epoch : 6/20]
Pr_Src_cls_loss	: 1.2734
-------------------------------------
[Pr Epoch : 7/20]
Pr_Src_cls_loss	: 1.2198
-------------------------------------
[Pr Epoch : 8/20]
Pr_Src_cls_loss	: 1.1696
-------------------------------------
[Pr Epoch : 9/20]
Pr_Src_cls_loss	: 1.1225
-------------------------------------
[Pr Epoch : 10/20]
Pr_Src_cls_loss	: 1.0782
-------------------------------------
[Pr Epoch : 11/20]
Pr_Src_cls_loss	: 1.0364
-------------------------------------
[Pr Epoch : 12/20]
Pr_Src_cls_loss	: 0.9972
-------------------------------------
[Pr Epoch : 13/20]
Pr_Src_cls_loss	: 0.9603
-------------------------------------
[Pr Epoch : 14/20]
Pr_Src_cls_loss	: 0.9255
-------------------------------------
[Pr Epoch : 15/20]
Pr_Src_cls_loss	: 0.8927
-------------------------------------
[Pr Epoch : 16/20]
Pr_Src_cls_loss	: 0.8619
-------------------------------------
[Pr Epoch : 17/20]
Pr_Src_cls_loss	: 0.8327
-------------------------------------
[Pr Epoch : 18/20]
Pr_Src_cls_loss	: 0.8052
-------------------------------------
[Pr Epoch : 19/20]
Pr_Src_cls_loss	: 0.7791
-------------------------------------
[Pr Epoch : 20/20]
Pr_Src_cls_loss	: 0.7544
-------------------------------------
[Epoch : 1/20]
Pr_Src_cls_loss	: 0.7544
Total_loss	: -0.4427
OT Loss	: 0.3206
Entropic Loss	: -1.1864
Src_cls_loss	: 0.2627
-------------------------------------
[Epoch : 2/20]
Pr_Src_cls_loss	: 0.7544
Total_loss	: -0.5220
OT Loss	: 0.2781
Entropic Loss	: -1.1867
Src_cls_loss	: 0.2476
-------------------------------------
[Epoch : 3/20]
Pr_Src_cls_loss	: 0.7544
Total_loss	: -0.5092
OT Loss	: 0.2665
Entropic Loss	: -1.1722
Src_cls_loss	: 0.2632
-------------------------------------
[Epoch : 4/20]
Pr_Src_cls_loss	: 0.7544
Total_loss	: -0.5485
OT Loss	: 0.2581
Entropic Loss	: -1.1894
Src_cls_loss	: 0.2537
-------------------------------------
[Epoch : 5/20]
Pr_Src_cls_loss	: 0.7544
Total_loss	: -0.5950
OT Loss	: 0.2479
Entropic Loss	: -1.2030
Src_cls_loss	: 0.2362
-------------------------------------
[Epoch : 6/20]
Pr_Src_cls_loss	: 0.7544
Total_loss	: -0.6231
OT Loss	: 0.2413
Entropic Loss	: -1.2229
Src_cls_loss	: 0.2379
-------------------------------------
[Epoch : 7/20]
Pr_Src_cls_loss	: 0.7544
Total_loss	: -0.6152
OT Loss	: 0.2430
Entropic Loss	: -1.2078
Src_cls_loss	: 0.2281
-------------------------------------
[Epoch : 8/20]
Pr_Src_cls_loss	: 0.7544
Total_loss	: -0.6070
OT Loss	: 0.2429
Entropic Loss	: -1.1864
Src_cls_loss	: 0.2150
-------------------------------------
[Epoch : 9/20]
Pr_Src_cls_loss	: 0.7544
Total_loss	: -0.5933
OT Loss	: 0.2459
Entropic Loss	: -1.1736
Src_cls_loss	: 0.2114
-------------------------------------
[Epoch : 10/20]
Pr_Src_cls_loss	: 0.7544
Total_loss	: -0.5967
OT Loss	: 0.2467
Entropic Loss	: -1.1720
Src_cls_loss	: 0.2053
-------------------------------------
[Epoch : 11/20]
Pr_Src_cls_loss	: 0.7544
Total_loss	: -0.5865
OT Loss	: 0.2479
Entropic Loss	: -1.1545
Src_cls_loss	: 0.1962
-------------------------------------
[Epoch : 12/20]
Pr_Src_cls_loss	: 0.7544
Total_loss	: -0.5891
OT Loss	: 0.2472
Entropic Loss	: -1.1550
Src_cls_loss	: 0.1951
-------------------------------------
[Epoch : 13/20]
Pr_Src_cls_loss	: 0.7544
Total_loss	: -0.5740
OT Loss	: 0.2497
Entropic Loss	: -1.1400
Src_cls_loss	: 0.1914
-------------------------------------
[Epoch : 14/20]
Pr_Src_cls_loss	: 0.7544
Total_loss	: -0.5492
OT Loss	: 0.2537
Entropic Loss	: -1.1238
Src_cls_loss	: 0.1941
-------------------------------------
[Epoch : 15/20]
Pr_Src_cls_loss	: 0.7544
Total_loss	: -0.5420
OT Loss	: 0.2550
Entropic Loss	: -1.1155
Src_cls_loss	: 0.1909
-------------------------------------
[Epoch : 16/20]
Pr_Src_cls_loss	: 0.7544
Total_loss	: -0.5311
OT Loss	: 0.2552
Entropic Loss	: -1.1017
Src_cls_loss	: 0.1877
-------------------------------------
[Epoch : 17/20]
Pr_Src_cls_loss	: 0.7544
Total_loss	: -0.5133
OT Loss	: 0.2577
Entropic Loss	: -1.0822
Src_cls_loss	: 0.1823
-------------------------------------
[Epoch : 18/20]
Pr_Src_cls_loss	: 0.7544
Total_loss	: -0.4958
OT Loss	: 0.2592
Entropic Loss	: -1.0648
Src_cls_loss	: 0.1802
-------------------------------------
[Epoch : 19/20]
Pr_Src_cls_loss	: 0.7544
Total_loss	: -0.4853
OT Loss	: 0.2598
Entropic Loss	: -1.0527
Src_cls_loss	: 0.1777
-------------------------------------
[Epoch : 20/20]
Pr_Src_cls_loss	: 0.7544
Total_loss	: -0.4875
OT Loss	: 0.2593
Entropic Loss	: -1.0511
Src_cls_loss	: 0.1746
-------------------------------------
H_score: 0.4572, OS* (acc_c): 0.3588, UNK (acc_p): 0.6300, acc_mix: 0.5199, F1: 0.5753
Uploading logs from: /mnt/data/home/tp2474/OpenSet-AdaTime/experiments_logs/curriculum/RealWorld to Pamap2_UniDA_hard_n2_fno_mean/PPOT_UniDA_hard_n2_fno_mean/RealWorld_to_Pamap2_run_4
🏃 View run PPOT_run_4 at: http://127.0.0.1:5001/#/experiments/163788618564821517/runs/f7e45c4b0115448181c9a5d149edcc72
🧪 View experiment at: http://127.0.0.1:5001/#/experiments/163788618564821517
==================== [n2 fno_mean] UniOT ====================
[curriculum] scenario=UniDA  strategy=hard  n_unknown=2  rank_variant=fno_mean
[curriculum] source mapping (6 classes): {'lying': 'lying', 'sitting': 'sitting', 'walking': 'walking', 'running': 'running', 'climbingup': 'climbingup', 'jumping': 'jumping'}
[curriculum] target mapping (6 classes): {'lying': 'lying', 'sitting': 'sitting', 'walking': 'walking', 'running': 'running', 'other (transient activities)': 'other (transient activities)', 'ascending stairs': 'ascending stairs'}
[curriculum] unknowns added (in hard order): src=[climbingup,jumping] | trg=[other (transient activities),ascending stairs]
[scenario] UniOT -> UniDA (uniDA=True)
Unlabeled data shape:  (11730, 150, 18)
Unlabelled Combined shape: (19515, 150, 18)

--- Dataloader Size Check ---
Source Train batches:   710
Target Train batches:   366
-------------------------------

Private classes:  tensor([6., 7.])
=============================================
Dataset: RealWorld to Pamap2_UniDA_hard_n2_fno_mean
Method:  UniOT
=============================================
Source: RealWorld ---> Target: Pamap2
Run ID: 0
=============================================
[Pr Epoch : 1/20]
Pr_Src_cls_loss	: 0.2343
-------------------------------------
[Pr Epoch : 2/20]
Pr_Src_cls_loss	: 0.1834
-------------------------------------
[Pr Epoch : 3/20]
Pr_Src_cls_loss	: 0.1542
-------------------------------------
[Pr Epoch : 4/20]
Pr_Src_cls_loss	: 0.1388
-------------------------------------
[Pr Epoch : 5/20]
Pr_Src_cls_loss	: 0.1271
-------------------------------------
[Pr Epoch : 6/20]
Pr_Src_cls_loss	: 0.1190
-------------------------------------
[Pr Epoch : 7/20]
Pr_Src_cls_loss	: 0.1124
-------------------------------------
[Pr Epoch : 8/20]
Pr_Src_cls_loss	: 0.1066
-------------------------------------
[Pr Epoch : 9/20]
Pr_Src_cls_loss	: 0.1017
-------------------------------------
[Pr Epoch : 10/20]
Pr_Src_cls_loss	: 0.0973
-------------------------------------
[Pr Epoch : 11/20]
Pr_Src_cls_loss	: 0.0942
-------------------------------------
[Pr Epoch : 12/20]
Pr_Src_cls_loss	: 0.0909
-------------------------------------
[Pr Epoch : 13/20]
Pr_Src_cls_loss	: 0.0882
-------------------------------------
[Pr Epoch : 14/20]
Pr_Src_cls_loss	: 0.0856
-------------------------------------
[Pr Epoch : 15/20]
Pr_Src_cls_loss	: 0.0834
-------------------------------------
[Pr Epoch : 16/20]
Pr_Src_cls_loss	: 0.0811
-------------------------------------
[Pr Epoch : 17/20]
Pr_Src_cls_loss	: 0.0792
-------------------------------------
[Pr Epoch : 18/20]
Pr_Src_cls_loss	: 0.0774
-------------------------------------
[Pr Epoch : 19/20]
Pr_Src_cls_loss	: 0.0758
-------------------------------------
[Pr Epoch : 20/20]
Pr_Src_cls_loss	: 0.0742
-------------------------------------
/mnt/data/home/tp2474/OpenSet-AdaTime/algorithms/algorithms.py:1401: UserWarning: Implicit dimension choice for log_softmax has been deprecated. Change the call to include dim=X as an argument.
  sub_loss_local += -torch.sum(neighbor_Q[i, :] * F.log_softmax(after_cluhead_t[i, :]))
/mnt/data/home/tp2474/OpenSet-AdaTime/algorithms/algorithms.py:1402: UserWarning: Implicit dimension choice for log_softmax has been deprecated. Change the call to include dim=X as an argument.
  sub_loss_local += -torch.sum(anchor_Q[i, :] * F.log_softmax(neighbor_output[i, :]))
[Epoch : 1/20]
Pr_Src_cls_loss	: 0.0742
Total_loss	: 0.0484
loss_cls	: 0.0473
loss_PCD	: 4.0535
loss_CCD	: 0.0032
-------------------------------------
/home/tp2474/miniconda3/envs/myenv/lib/python3.9/site-packages/ot/backend.py:1203: RuntimeWarning: overflow encountered in exp
  return np.exp(a)
/home/tp2474/miniconda3/envs/myenv/lib/python3.9/site-packages/ot/unbalanced/_sinkhorn.py:770: UserWarning: Numerical errors at iteration 0
  warnings.warn("Numerical errors at iteration %s" % i)
[Epoch : 2/20]
Pr_Src_cls_loss	: 0.0742
Total_loss	: 0.0466
loss_cls	: 0.0459
loss_PCD	: 4.0963
loss_CCD	: 0.0019
-------------------------------------
[Epoch : 3/20]
Pr_Src_cls_loss	: 0.0742
Total_loss	: 0.0452
loss_cls	: 0.0448
loss_PCD	: 4.1531
loss_CCD	: 0.0013
-------------------------------------
[Epoch : 4/20]
Pr_Src_cls_loss	: 0.0742
Total_loss	: 0.0440
loss_cls	: 0.0437
loss_PCD	: 4.1921
loss_CCD	: 0.0010
-------------------------------------
[Epoch : 5/20]
Pr_Src_cls_loss	: 0.0742
Total_loss	: 0.0440
loss_cls	: 0.0437
loss_PCD	: 4.2218
loss_CCD	: 0.0008
-------------------------------------
[Epoch : 6/20]
Pr_Src_cls_loss	: 0.0742
Total_loss	: 0.0432
loss_cls	: 0.0429
loss_PCD	: 4.2457
loss_CCD	: 0.0006
-------------------------------------
[Epoch : 7/20]
Pr_Src_cls_loss	: 0.0742
Total_loss	: 0.0429
loss_cls	: 0.0427
loss_PCD	: 4.2704
loss_CCD	: 0.0006
-------------------------------------
[Epoch : 8/20]
Pr_Src_cls_loss	: 0.0742
Total_loss	: 0.0428
loss_cls	: 0.0426
loss_PCD	: 4.2967
loss_CCD	: 0.0005
-------------------------------------
[Epoch : 9/20]
Pr_Src_cls_loss	: 0.0742
Total_loss	: 0.0422
loss_cls	: 0.0421
loss_PCD	: 4.3116
loss_CCD	: 0.0004
Src_cls_loss	: 0.0000
-------------------------------------
[Epoch : 10/20]
Pr_Src_cls_loss	: 0.0742
Total_loss	: 0.0417
loss_cls	: 0.0415
loss_PCD	: 4.3198
loss_CCD	: 0.0004
Src_cls_loss	: 0.0000
-------------------------------------
[Epoch : 11/20]
Pr_Src_cls_loss	: 0.0742
Total_loss	: 0.0412
loss_cls	: 0.0411
loss_PCD	: 4.3283
loss_CCD	: 0.0004
Src_cls_loss	: 0.0000
-------------------------------------
[Epoch : 12/20]
Pr_Src_cls_loss	: 0.0742
Total_loss	: 0.0408
loss_cls	: 0.0407
loss_PCD	: 4.3371
loss_CCD	: 0.0003
Src_cls_loss	: 0.0000
-------------------------------------
[Epoch : 13/20]
Pr_Src_cls_loss	: 0.0742
Total_loss	: 0.0406
loss_cls	: 0.0405
loss_PCD	: 4.3391
loss_CCD	: 0.0003
Src_cls_loss	: 0.0000
-------------------------------------
[Epoch : 14/20]
Pr_Src_cls_loss	: 0.0742
Total_loss	: 0.0405
loss_cls	: 0.0404
loss_PCD	: 4.3454
loss_CCD	: 0.0003
Src_cls_loss	: 0.0000
-------------------------------------
[Epoch : 15/20]
Pr_Src_cls_loss	: 0.0742
Total_loss	: 0.0400
loss_cls	: 0.0399
loss_PCD	: 4.3490
loss_CCD	: 0.0003
Src_cls_loss	: 0.0000
-------------------------------------
[Epoch : 16/20]
Pr_Src_cls_loss	: 0.0742
Total_loss	: 0.0399
loss_cls	: 0.0398
loss_PCD	: 4.3505
loss_CCD	: 0.0002
Src_cls_loss	: 0.0000
-------------------------------------
[Epoch : 17/20]
Pr_Src_cls_loss	: 0.0742
Total_loss	: 0.0396
loss_cls	: 0.0395
loss_PCD	: 4.3480
loss_CCD	: 0.0002
Src_cls_loss	: 0.0000
-------------------------------------
[Epoch : 18/20]
Pr_Src_cls_loss	: 0.0742
Total_loss	: 0.0393
loss_cls	: 0.0393
loss_PCD	: 4.3504
loss_CCD	: 0.0002
Src_cls_loss	: 0.0000
-------------------------------------
[Epoch : 19/20]
Pr_Src_cls_loss	: 0.0742
Total_loss	: 0.0391
loss_cls	: 0.0390
loss_PCD	: 4.3514
loss_CCD	: 0.0002
Src_cls_loss	: 0.0000
-------------------------------------
[Epoch : 20/20]
Pr_Src_cls_loss	: 0.0742
Total_loss	: 0.0390
loss_cls	: 0.0389
loss_PCD	: 4.3550
loss_CCD	: 0.0002
Src_cls_loss	: 0.0000
-------------------------------------
/mnt/data/home/tp2474/OpenSet-AdaTime/trainers/abstract_trainer.py:331: FutureWarning: The behavior of DataFrame concatenation with empty or all-NA entries is deprecated. In a future version, this will no longer exclude empty or all-NA columns when determining the result dtypes. To retain the old behavior, exclude the relevant entries before the concat operation.
  table = pd.concat([table, results_df], ignore_index=True)
H_score: 0.0000, OS* (acc_c): 0.0000, UNK (acc_p): 1.0000, acc_mix: 0.5939, F1: 0.4426
Uploading logs from: /mnt/data/home/tp2474/OpenSet-AdaTime/experiments_logs/curriculum/RealWorld to Pamap2_UniDA_hard_n2_fno_mean/UniOT_UniDA_hard_n2_fno_mean/RealWorld_to_Pamap2_run_0
🏃 View run UniOT_run_0 at: http://127.0.0.1:5001/#/experiments/163788618564821517/runs/6e3d8056f78542b5ac5067f5a06c11ae
🧪 View experiment at: http://127.0.0.1:5001/#/experiments/163788618564821517
=============================================
Dataset: RealWorld to Pamap2_UniDA_hard_n2_fno_mean
Method:  UniOT
=============================================
Source: RealWorld ---> Target: Pamap2
Run ID: 1
=============================================
[Pr Epoch : 1/20]
Pr_Src_cls_loss	: 0.2244
-------------------------------------
[Pr Epoch : 2/20]
Pr_Src_cls_loss	: 0.1712
-------------------------------------
[Pr Epoch : 3/20]
Pr_Src_cls_loss	: 0.1478
-------------------------------------
[Pr Epoch : 4/20]
Pr_Src_cls_loss	: 0.1342
-------------------------------------
[Pr Epoch : 5/20]
Pr_Src_cls_loss	: 0.1235
-------------------------------------
[Pr Epoch : 6/20]
Pr_Src_cls_loss	: 0.1161
-------------------------------------
[Pr Epoch : 7/20]
Pr_Src_cls_loss	: 0.1101
-------------------------------------
[Pr Epoch : 8/20]
Pr_Src_cls_loss	: 0.1048
-------------------------------------
[Pr Epoch : 9/20]
Pr_Src_cls_loss	: 0.1011
-------------------------------------
[Pr Epoch : 10/20]
Pr_Src_cls_loss	: 0.0972
-------------------------------------
[Pr Epoch : 11/20]
Pr_Src_cls_loss	: 0.0937
-------------------------------------
[Pr Epoch : 12/20]
Pr_Src_cls_loss	: 0.0909
-------------------------------------
[Pr Epoch : 13/20]
Pr_Src_cls_loss	: 0.0884
-------------------------------------
[Pr Epoch : 14/20]
Pr_Src_cls_loss	: 0.0860
-------------------------------------
[Pr Epoch : 15/20]
Pr_Src_cls_loss	: 0.0840
-------------------------------------
[Pr Epoch : 16/20]
Pr_Src_cls_loss	: 0.0818
-------------------------------------
[Pr Epoch : 17/20]
Pr_Src_cls_loss	: 0.0798
-------------------------------------
[Pr Epoch : 18/20]
Pr_Src_cls_loss	: 0.0783
-------------------------------------
[Pr Epoch : 19/20]
Pr_Src_cls_loss	: 0.0766
-------------------------------------
[Pr Epoch : 20/20]
Pr_Src_cls_loss	: 0.0751
-------------------------------------
[Epoch : 1/20]
Pr_Src_cls_loss	: 0.0751
Total_loss	: 0.0491
loss_cls	: 0.0487
loss_PCD	: 3.5488
loss_CCD	: 0.0012
-------------------------------------
[Epoch : 2/20]
Pr_Src_cls_loss	: 0.0751
Total_loss	: 0.0479
loss_cls	: 0.0476
loss_PCD	: 3.6100
loss_CCD	: 0.0010
-------------------------------------
[Epoch : 3/20]
Pr_Src_cls_loss	: 0.0751
Total_loss	: 0.0465
loss_cls	: 0.0462
loss_PCD	: 3.6587
loss_CCD	: 0.0010
-------------------------------------
[Epoch : 4/20]
Pr_Src_cls_loss	: 0.0751
Total_loss	: 0.0451
loss_cls	: 0.0448
loss_PCD	: 3.6731
loss_CCD	: 0.0009
-------------------------------------
[Epoch : 5/20]
Pr_Src_cls_loss	: 0.0751
Total_loss	: 0.0444
loss_cls	: 0.0441
loss_PCD	: 3.6887
loss_CCD	: 0.0008
-------------------------------------
[Epoch : 6/20]
Pr_Src_cls_loss	: 0.0751
Total_loss	: 0.0443
loss_cls	: 0.0440
loss_PCD	: 3.7051
loss_CCD	: 0.0008
-------------------------------------
[Epoch : 7/20]
Pr_Src_cls_loss	: 0.0751
Total_loss	: 0.0443
loss_cls	: 0.0440
loss_PCD	: 3.7253
loss_CCD	: 0.0007
-------------------------------------
[Epoch : 8/20]
Pr_Src_cls_loss	: 0.0751
Total_loss	: 0.0442
loss_cls	: 0.0440
loss_PCD	: 3.7476
loss_CCD	: 0.0007
-------------------------------------
[Epoch : 9/20]
Pr_Src_cls_loss	: 0.0751
Total_loss	: 0.0442
loss_cls	: 0.0439
loss_PCD	: 3.7662
loss_CCD	: 0.0007
Src_cls_loss	: 0.0000
-------------------------------------
[Epoch : 10/20]
Pr_Src_cls_loss	: 0.0751
Total_loss	: 0.0439
loss_cls	: 0.0436
loss_PCD	: 3.7787
loss_CCD	: 0.0007
Src_cls_loss	: 0.0000
-------------------------------------
[Epoch : 11/20]
Pr_Src_cls_loss	: 0.0751
Total_loss	: 0.0437
loss_cls	: 0.0435
loss_PCD	: 3.7966
loss_CCD	: 0.0007
Src_cls_loss	: 0.0000
-------------------------------------
[Epoch : 12/20]
Pr_Src_cls_loss	: 0.0751
Total_loss	: 0.0433
loss_cls	: 0.0430
loss_PCD	: 3.8126
loss_CCD	: 0.0007
Src_cls_loss	: 0.0000
-------------------------------------
[Epoch : 13/20]
Pr_Src_cls_loss	: 0.0751
Total_loss	: 0.0428
loss_cls	: 0.0426
loss_PCD	: 3.8260
loss_CCD	: 0.0007
Src_cls_loss	: 0.0000
-------------------------------------
[Epoch : 14/20]
Pr_Src_cls_loss	: 0.0751
Total_loss	: 0.0425
loss_cls	: 0.0423
loss_PCD	: 3.8395
loss_CCD	: 0.0007
Src_cls_loss	: 0.0000
-------------------------------------
[Epoch : 15/20]
Pr_Src_cls_loss	: 0.0751
Total_loss	: 0.0422
loss_cls	: 0.0419
loss_PCD	: 3.8534
loss_CCD	: 0.0007
Src_cls_loss	: 0.0000
-------------------------------------
[Epoch : 16/20]
Pr_Src_cls_loss	: 0.0751
Total_loss	: 0.0419
loss_cls	: 0.0417
loss_PCD	: 3.8661
loss_CCD	: 0.0007
Src_cls_loss	: 0.0000
-------------------------------------
[Epoch : 17/20]
Pr_Src_cls_loss	: 0.0751
Total_loss	: 0.0419
loss_cls	: 0.0416
loss_PCD	: 3.8835
loss_CCD	: 0.0007
Src_cls_loss	: 0.0000
-------------------------------------
[Epoch : 18/20]
Pr_Src_cls_loss	: 0.0751
Total_loss	: 0.0416
loss_cls	: 0.0414
loss_PCD	: 3.9003
loss_CCD	: 0.0007
Src_cls_loss	: 0.0000
-------------------------------------
[Epoch : 19/20]
Pr_Src_cls_loss	: 0.0751
Total_loss	: 0.0415
loss_cls	: 0.0413
loss_PCD	: 3.9179
loss_CCD	: 0.0007
Src_cls_loss	: 0.0000
-------------------------------------
[Epoch : 20/20]
Pr_Src_cls_loss	: 0.0751
Total_loss	: 0.0413
loss_cls	: 0.0410
loss_PCD	: 3.9337
loss_CCD	: 0.0007
Src_cls_loss	: 0.0000
-------------------------------------
H_score: 0.6713, OS* (acc_c): 0.5963, UNK (acc_p): 0.7680, acc_mix: 0.6983, F1: 0.6839
Uploading logs from: /mnt/data/home/tp2474/OpenSet-AdaTime/experiments_logs/curriculum/RealWorld to Pamap2_UniDA_hard_n2_fno_mean/UniOT_UniDA_hard_n2_fno_mean/RealWorld_to_Pamap2_run_1
🏃 View run UniOT_run_1 at: http://127.0.0.1:5001/#/experiments/163788618564821517/runs/6ee5385ee899408eba4875dcd0128a66
🧪 View experiment at: http://127.0.0.1:5001/#/experiments/163788618564821517
=============================================
Dataset: RealWorld to Pamap2_UniDA_hard_n2_fno_mean
Method:  UniOT
=============================================
Source: RealWorld ---> Target: Pamap2
Run ID: 2
=============================================
[Pr Epoch : 1/20]
Pr_Src_cls_loss	: 0.2359
-------------------------------------
[Pr Epoch : 2/20]
Pr_Src_cls_loss	: 0.1789
-------------------------------------
[Pr Epoch : 3/20]
Pr_Src_cls_loss	: 0.1532
-------------------------------------
[Pr Epoch : 4/20]
Pr_Src_cls_loss	: 0.1374
-------------------------------------
[Pr Epoch : 5/20]
Pr_Src_cls_loss	: 0.1252
-------------------------------------
[Pr Epoch : 6/20]
Pr_Src_cls_loss	: 0.1168
-------------------------------------
[Pr Epoch : 7/20]
Pr_Src_cls_loss	: 0.1100
-------------------------------------
[Pr Epoch : 8/20]
Pr_Src_cls_loss	: 0.1047
-------------------------------------
[Pr Epoch : 9/20]
Pr_Src_cls_loss	: 0.0998
-------------------------------------
[Pr Epoch : 10/20]
Pr_Src_cls_loss	: 0.0965
-------------------------------------
[Pr Epoch : 11/20]
Pr_Src_cls_loss	: 0.0932
-------------------------------------
[Pr Epoch : 12/20]
Pr_Src_cls_loss	: 0.0899
-------------------------------------
[Pr Epoch : 13/20]
Pr_Src_cls_loss	: 0.0874
-------------------------------------
[Pr Epoch : 14/20]
Pr_Src_cls_loss	: 0.0850
-------------------------------------
[Pr Epoch : 15/20]
Pr_Src_cls_loss	: 0.0828
-------------------------------------
[Pr Epoch : 16/20]
Pr_Src_cls_loss	: 0.0808
-------------------------------------
[Pr Epoch : 17/20]
Pr_Src_cls_loss	: 0.0791
-------------------------------------
[Pr Epoch : 18/20]
Pr_Src_cls_loss	: 0.0774
-------------------------------------
[Pr Epoch : 19/20]
Pr_Src_cls_loss	: 0.0760
-------------------------------------
[Pr Epoch : 20/20]
Pr_Src_cls_loss	: 0.0745
-------------------------------------
[Epoch : 1/20]
Pr_Src_cls_loss	: 0.0745
Total_loss	: 0.0445
loss_cls	: 0.0444
loss_PCD	: 4.1754
loss_CCD	: 0.0003
-------------------------------------
[Epoch : 2/20]
Pr_Src_cls_loss	: 0.0745
Total_loss	: 0.0446
loss_cls	: 0.0446
loss_PCD	: 4.2137
loss_CCD	: 0.0002
-------------------------------------
[Epoch : 3/20]
Pr_Src_cls_loss	: 0.0745
Total_loss	: 0.0441
loss_cls	: 0.0441
loss_PCD	: 4.2645
loss_CCD	: 0.0001
-------------------------------------
[Epoch : 4/20]
Pr_Src_cls_loss	: 0.0745
Total_loss	: 0.0432
loss_cls	: 0.0432
loss_PCD	: 4.2963
loss_CCD	: 0.0001
-------------------------------------
[Epoch : 5/20]
Pr_Src_cls_loss	: 0.0745
Total_loss	: 0.0434
loss_cls	: 0.0434
loss_PCD	: 4.3219
loss_CCD	: 0.0001
-------------------------------------
[Epoch : 6/20]
Pr_Src_cls_loss	: 0.0745
Total_loss	: 0.0432
loss_cls	: 0.0432
loss_PCD	: 4.3478
loss_CCD	: 0.0001
-------------------------------------
[Epoch : 7/20]
Pr_Src_cls_loss	: 0.0745
Total_loss	: 0.0430
loss_cls	: 0.0430
loss_PCD	: 4.3623
loss_CCD	: 0.0000
-------------------------------------
[Epoch : 8/20]
Pr_Src_cls_loss	: 0.0745
Total_loss	: 0.0426
loss_cls	: 0.0426
loss_PCD	: 4.3677
loss_CCD	: 0.0000
-------------------------------------
[Epoch : 9/20]
Pr_Src_cls_loss	: 0.0745
Total_loss	: 0.0424
loss_cls	: 0.0424
loss_PCD	: 4.3702
loss_CCD	: 0.0000
Src_cls_loss	: 0.0000
-------------------------------------
[Epoch : 10/20]
Pr_Src_cls_loss	: 0.0745
Total_loss	: 0.0421
loss_cls	: 0.0420
loss_PCD	: 4.3780
loss_CCD	: 0.0000
Src_cls_loss	: 0.0000
-------------------------------------
[Epoch : 11/20]
Pr_Src_cls_loss	: 0.0745
Total_loss	: 0.0419
loss_cls	: 0.0419
loss_PCD	: 4.3797
loss_CCD	: 0.0000
Src_cls_loss	: 0.0000
-------------------------------------
[Epoch : 12/20]
Pr_Src_cls_loss	: 0.0745
Total_loss	: 0.0415
loss_cls	: 0.0415
loss_PCD	: 4.3876
loss_CCD	: 0.0000
Src_cls_loss	: 0.0000
-------------------------------------
[Epoch : 13/20]
Pr_Src_cls_loss	: 0.0745
Total_loss	: 0.0412
loss_cls	: 0.0412
loss_PCD	: 4.3856
loss_CCD	: 0.0000
Src_cls_loss	: 0.0000
-------------------------------------
[Epoch : 14/20]
Pr_Src_cls_loss	: 0.0745
Total_loss	: 0.0409
loss_cls	: 0.0408
loss_PCD	: 4.3918
loss_CCD	: 0.0000
Src_cls_loss	: 0.0000
-------------------------------------
[Epoch : 15/20]
Pr_Src_cls_loss	: 0.0745
Total_loss	: 0.0408
loss_cls	: 0.0408
loss_PCD	: 4.3945
loss_CCD	: 0.0000
Src_cls_loss	: 0.0000
-------------------------------------
[Epoch : 16/20]
Pr_Src_cls_loss	: 0.0745
Total_loss	: 0.0408
loss_cls	: 0.0407
loss_PCD	: 4.3967
loss_CCD	: 0.0000
Src_cls_loss	: 0.0000
-------------------------------------
[Epoch : 17/20]
Pr_Src_cls_loss	: 0.0745
Total_loss	: 0.0406
loss_cls	: 0.0406
loss_PCD	: 4.3957
loss_CCD	: 0.0000
Src_cls_loss	: 0.0000
-------------------------------------
[Epoch : 18/20]
Pr_Src_cls_loss	: 0.0745
Total_loss	: 0.0403
loss_cls	: 0.0403
loss_PCD	: 4.3929
loss_CCD	: 0.0000
Src_cls_loss	: 0.0000
-------------------------------------
[Epoch : 19/20]
Pr_Src_cls_loss	: 0.0745
Total_loss	: 0.0402
loss_cls	: 0.0402
loss_PCD	: 4.3856
loss_CCD	: 0.0000
Src_cls_loss	: 0.0000
-------------------------------------
[Epoch : 20/20]
Pr_Src_cls_loss	: 0.0745
Total_loss	: 0.0401
loss_cls	: 0.0401
loss_PCD	: 4.3783
loss_CCD	: 0.0000
Src_cls_loss	: 0.0000
-------------------------------------
H_score: 0.0000, OS* (acc_c): 0.0000, UNK (acc_p): 1.0000, acc_mix: 0.5939, F1: 0.4426
Uploading logs from: /mnt/data/home/tp2474/OpenSet-AdaTime/experiments_logs/curriculum/RealWorld to Pamap2_UniDA_hard_n2_fno_mean/UniOT_UniDA_hard_n2_fno_mean/RealWorld_to_Pamap2_run_2
🏃 View run UniOT_run_2 at: http://127.0.0.1:5001/#/experiments/163788618564821517/runs/1a3ece757e3d43df9905dec6c2538e63
🧪 View experiment at: http://127.0.0.1:5001/#/experiments/163788618564821517
=============================================
Dataset: RealWorld to Pamap2_UniDA_hard_n2_fno_mean
Method:  UniOT
=============================================
Source: RealWorld ---> Target: Pamap2
Run ID: 3
=============================================
[Pr Epoch : 1/20]
Pr_Src_cls_loss	: 0.2228
-------------------------------------
[Pr Epoch : 2/20]
Pr_Src_cls_loss	: 0.1699
-------------------------------------
[Pr Epoch : 3/20]
Pr_Src_cls_loss	: 0.1466
-------------------------------------
[Pr Epoch : 4/20]
Pr_Src_cls_loss	: 0.1316
-------------------------------------
[Pr Epoch : 5/20]
Pr_Src_cls_loss	: 0.1212
-------------------------------------
[Pr Epoch : 6/20]
Pr_Src_cls_loss	: 0.1126
-------------------------------------
[Pr Epoch : 7/20]
Pr_Src_cls_loss	: 0.1068
-------------------------------------
[Pr Epoch : 8/20]
Pr_Src_cls_loss	: 0.1020
-------------------------------------
[Pr Epoch : 9/20]
Pr_Src_cls_loss	: 0.0975
-------------------------------------
[Pr Epoch : 10/20]
Pr_Src_cls_loss	: 0.0936
-------------------------------------
[Pr Epoch : 11/20]
Pr_Src_cls_loss	: 0.0903
-------------------------------------
[Pr Epoch : 12/20]
Pr_Src_cls_loss	: 0.0877
-------------------------------------
[Pr Epoch : 13/20]
Pr_Src_cls_loss	: 0.0854
-------------------------------------
[Pr Epoch : 14/20]
Pr_Src_cls_loss	: 0.0829
-------------------------------------
[Pr Epoch : 15/20]
Pr_Src_cls_loss	: 0.0805
-------------------------------------
[Pr Epoch : 16/20]
Pr_Src_cls_loss	: 0.0788
-------------------------------------
[Pr Epoch : 17/20]
Pr_Src_cls_loss	: 0.0769
-------------------------------------
[Pr Epoch : 18/20]
Pr_Src_cls_loss	: 0.0753
-------------------------------------
[Pr Epoch : 19/20]
Pr_Src_cls_loss	: 0.0739
-------------------------------------
[Pr Epoch : 20/20]
Pr_Src_cls_loss	: 0.0723
-------------------------------------
[Epoch : 1/20]
Pr_Src_cls_loss	: 0.0723
Total_loss	: 0.0472
loss_cls	: 0.0470
loss_PCD	: 4.1078
loss_CCD	: 0.0005
-------------------------------------
[Epoch : 2/20]
Pr_Src_cls_loss	: 0.0723
Total_loss	: 0.0458
loss_cls	: 0.0457
loss_PCD	: 4.1447
loss_CCD	: 0.0002
-------------------------------------
[Epoch : 3/20]
Pr_Src_cls_loss	: 0.0723
Total_loss	: 0.0446
loss_cls	: 0.0445
loss_PCD	: 4.1499
loss_CCD	: 0.0002
-------------------------------------
[Epoch : 4/20]
Pr_Src_cls_loss	: 0.0723
Total_loss	: 0.0438
loss_cls	: 0.0438
loss_PCD	: 4.1549
loss_CCD	: 0.0001
-------------------------------------
[Epoch : 5/20]
Pr_Src_cls_loss	: 0.0723
Total_loss	: 0.0430
loss_cls	: 0.0429
loss_PCD	: 4.1391
loss_CCD	: 0.0001
-------------------------------------
[Epoch : 6/20]
Pr_Src_cls_loss	: 0.0723
Total_loss	: 0.0435
loss_cls	: 0.0434
loss_PCD	: 4.1393
loss_CCD	: 0.0001
-------------------------------------
[Epoch : 7/20]
Pr_Src_cls_loss	: 0.0723
Total_loss	: 0.0429
loss_cls	: 0.0429
loss_PCD	: 4.1247
loss_CCD	: 0.0001
-------------------------------------
[Epoch : 8/20]
Pr_Src_cls_loss	: 0.0723
Total_loss	: 0.0422
loss_cls	: 0.0422
loss_PCD	: 4.1254
loss_CCD	: 0.0001
-------------------------------------
[Epoch : 9/20]
Pr_Src_cls_loss	: 0.0723
Total_loss	: 0.0425
loss_cls	: 0.0425
loss_PCD	: 4.1268
loss_CCD	: 0.0001
Src_cls_loss	: 0.0000
-------------------------------------
[Epoch : 10/20]
Pr_Src_cls_loss	: 0.0723
Total_loss	: 0.0418
loss_cls	: 0.0418
loss_PCD	: 4.1211
loss_CCD	: 0.0000
Src_cls_loss	: 0.0000
-------------------------------------
[Epoch : 11/20]
Pr_Src_cls_loss	: 0.0723
Total_loss	: 0.0416
loss_cls	: 0.0415
loss_PCD	: 4.1178
loss_CCD	: 0.0000
Src_cls_loss	: 0.0000
-------------------------------------
[Epoch : 12/20]
Pr_Src_cls_loss	: 0.0723
Total_loss	: 0.0414
loss_cls	: 0.0414
loss_PCD	: 4.1156
loss_CCD	: 0.0000
Src_cls_loss	: 0.0000
-------------------------------------
[Epoch : 13/20]
Pr_Src_cls_loss	: 0.0723
Total_loss	: 0.0412
loss_cls	: 0.0412
loss_PCD	: 4.1089
loss_CCD	: 0.0000
Src_cls_loss	: 0.0000
-------------------------------------
[Epoch : 14/20]
Pr_Src_cls_loss	: 0.0723
Total_loss	: 0.0412
loss_cls	: 0.0412
loss_PCD	: 4.1087
loss_CCD	: 0.0000
Src_cls_loss	: 0.0000
-------------------------------------
[Epoch : 15/20]
Pr_Src_cls_loss	: 0.0723
Total_loss	: 0.0410
loss_cls	: 0.0410
loss_PCD	: 4.1075
loss_CCD	: 0.0000
Src_cls_loss	: 0.0000
-------------------------------------
[Epoch : 16/20]
Pr_Src_cls_loss	: 0.0723
Total_loss	: 0.0408
loss_cls	: 0.0408
loss_PCD	: 4.1067
loss_CCD	: 0.0000
Src_cls_loss	: 0.0000
-------------------------------------
[Epoch : 17/20]
Pr_Src_cls_loss	: 0.0723
Total_loss	: 0.0406
loss_cls	: 0.0406
loss_PCD	: 4.1027
loss_CCD	: 0.0000
Src_cls_loss	: 0.0000
-------------------------------------
[Epoch : 18/20]
Pr_Src_cls_loss	: 0.0723
Total_loss	: 0.0403
loss_cls	: 0.0403
loss_PCD	: 4.0982
loss_CCD	: 0.0000
Src_cls_loss	: 0.0000
-------------------------------------
[Epoch : 19/20]
Pr_Src_cls_loss	: 0.0723
Total_loss	: 0.0402
loss_cls	: 0.0402
loss_PCD	: 4.0919
loss_CCD	: 0.0000
Src_cls_loss	: 0.0000
-------------------------------------
[Epoch : 20/20]
Pr_Src_cls_loss	: 0.0723
Total_loss	: 0.0401
loss_cls	: 0.0401
loss_PCD	: 4.0856
loss_CCD	: 0.0000
Src_cls_loss	: 0.0000
-------------------------------------
H_score: 0.0000, OS* (acc_c): 0.0000, UNK (acc_p): 1.0000, acc_mix: 0.5939, F1: 0.4426
Uploading logs from: /mnt/data/home/tp2474/OpenSet-AdaTime/experiments_logs/curriculum/RealWorld to Pamap2_UniDA_hard_n2_fno_mean/UniOT_UniDA_hard_n2_fno_mean/RealWorld_to_Pamap2_run_3
🏃 View run UniOT_run_3 at: http://127.0.0.1:5001/#/experiments/163788618564821517/runs/6a7f0b6655aa45f6af4124bfc618bf32
🧪 View experiment at: http://127.0.0.1:5001/#/experiments/163788618564821517
=============================================
Dataset: RealWorld to Pamap2_UniDA_hard_n2_fno_mean
Method:  UniOT
=============================================
Source: RealWorld ---> Target: Pamap2
Run ID: 4
=============================================
[Pr Epoch : 1/20]
Pr_Src_cls_loss	: 0.2175
-------------------------------------
[Pr Epoch : 2/20]
Pr_Src_cls_loss	: 0.1688
-------------------------------------
[Pr Epoch : 3/20]
Pr_Src_cls_loss	: 0.1480
-------------------------------------
[Pr Epoch : 4/20]
Pr_Src_cls_loss	: 0.1332
-------------------------------------
[Pr Epoch : 5/20]
Pr_Src_cls_loss	: 0.1246
-------------------------------------
[Pr Epoch : 6/20]
Pr_Src_cls_loss	: 0.1169
-------------------------------------
[Pr Epoch : 7/20]
Pr_Src_cls_loss	: 0.1104
-------------------------------------
[Pr Epoch : 8/20]
Pr_Src_cls_loss	: 0.1050
-------------------------------------
[Pr Epoch : 9/20]
Pr_Src_cls_loss	: 0.1010
-------------------------------------
[Pr Epoch : 10/20]
Pr_Src_cls_loss	: 0.0969
-------------------------------------
[Pr Epoch : 11/20]
Pr_Src_cls_loss	: 0.0935
-------------------------------------
[Pr Epoch : 12/20]
Pr_Src_cls_loss	: 0.0903
-------------------------------------
[Pr Epoch : 13/20]
Pr_Src_cls_loss	: 0.0876
-------------------------------------
[Pr Epoch : 14/20]
Pr_Src_cls_loss	: 0.0849
-------------------------------------
[Pr Epoch : 15/20]
Pr_Src_cls_loss	: 0.0826
-------------------------------------
[Pr Epoch : 16/20]
Pr_Src_cls_loss	: 0.0805
-------------------------------------
[Pr Epoch : 17/20]
Pr_Src_cls_loss	: 0.0788
-------------------------------------
[Pr Epoch : 18/20]
Pr_Src_cls_loss	: 0.0771
-------------------------------------
[Pr Epoch : 19/20]
Pr_Src_cls_loss	: 0.0755
-------------------------------------
[Pr Epoch : 20/20]
Pr_Src_cls_loss	: 0.0739
-------------------------------------
[Epoch : 1/20]
Pr_Src_cls_loss	: 0.0739
Total_loss	: 0.0497
loss_cls	: 0.0492
loss_PCD	: 3.9122
loss_CCD	: 0.0015
-------------------------------------
[Epoch : 2/20]
Pr_Src_cls_loss	: 0.0739
Total_loss	: 0.0473
loss_cls	: 0.0468
loss_PCD	: 3.9762
loss_CCD	: 0.0012
-------------------------------------
[Epoch : 3/20]
Pr_Src_cls_loss	: 0.0739
Total_loss	: 0.0454
loss_cls	: 0.0450
loss_PCD	: 3.9742
loss_CCD	: 0.0010
-------------------------------------
[Epoch : 4/20]
Pr_Src_cls_loss	: 0.0739
Total_loss	: 0.0445
loss_cls	: 0.0442
loss_PCD	: 3.9796
loss_CCD	: 0.0009
-------------------------------------
[Epoch : 5/20]
Pr_Src_cls_loss	: 0.0739
Total_loss	: 0.0448
loss_cls	: 0.0445
loss_PCD	: 3.9927
loss_CCD	: 0.0009
-------------------------------------
[Epoch : 6/20]
Pr_Src_cls_loss	: 0.0739
Total_loss	: 0.0444
loss_cls	: 0.0441
loss_PCD	: 3.9919
loss_CCD	: 0.0009
-------------------------------------
[Epoch : 7/20]
Pr_Src_cls_loss	: 0.0739
Total_loss	: 0.0436
loss_cls	: 0.0433
loss_PCD	: 3.9927
loss_CCD	: 0.0008
-------------------------------------
[Epoch : 8/20]
Pr_Src_cls_loss	: 0.0739
Total_loss	: 0.0434
loss_cls	: 0.0431
loss_PCD	: 3.9907
loss_CCD	: 0.0008
-------------------------------------
[Epoch : 9/20]
Pr_Src_cls_loss	: 0.0739
Total_loss	: 0.0431
loss_cls	: 0.0429
loss_PCD	: 3.9953
loss_CCD	: 0.0008
Src_cls_loss	: 0.0000
-------------------------------------
[Epoch : 10/20]
Pr_Src_cls_loss	: 0.0739
Total_loss	: 0.0430
loss_cls	: 0.0427
loss_PCD	: 3.9998
loss_CCD	: 0.0008
Src_cls_loss	: 0.0000
-------------------------------------
[Epoch : 11/20]
Pr_Src_cls_loss	: 0.0739
Total_loss	: 0.0424
loss_cls	: 0.0422
loss_PCD	: 4.0019
loss_CCD	: 0.0007
Src_cls_loss	: 0.0000
-------------------------------------
[Epoch : 12/20]
Pr_Src_cls_loss	: 0.0739
Total_loss	: 0.0420
loss_cls	: 0.0418
loss_PCD	: 4.0052
loss_CCD	: 0.0007
Src_cls_loss	: 0.0000
-------------------------------------
[Epoch : 13/20]
Pr_Src_cls_loss	: 0.0739
Total_loss	: 0.0420
loss_cls	: 0.0417
loss_PCD	: 4.0065
loss_CCD	: 0.0007
Src_cls_loss	: 0.0000
-------------------------------------
[Epoch : 14/20]
Pr_Src_cls_loss	: 0.0739
Total_loss	: 0.0418
loss_cls	: 0.0415
loss_PCD	: 4.0063
loss_CCD	: 0.0007
Src_cls_loss	: 0.0000
-------------------------------------
[Epoch : 15/20]
Pr_Src_cls_loss	: 0.0739
Total_loss	: 0.0416
loss_cls	: 0.0413
loss_PCD	: 4.0026
loss_CCD	: 0.0007
Src_cls_loss	: 0.0000
-------------------------------------
[Epoch : 16/20]
Pr_Src_cls_loss	: 0.0739
Total_loss	: 0.0414
loss_cls	: 0.0411
loss_PCD	: 4.0001
loss_CCD	: 0.0007
Src_cls_loss	: 0.0000
-------------------------------------
[Epoch : 17/20]
Pr_Src_cls_loss	: 0.0739
Total_loss	: 0.0412
loss_cls	: 0.0410
loss_PCD	: 4.0013
loss_CCD	: 0.0007
Src_cls_loss	: 0.0000
-------------------------------------
[Epoch : 18/20]
Pr_Src_cls_loss	: 0.0739
Total_loss	: 0.0411
loss_cls	: 0.0409
loss_PCD	: 4.0042
loss_CCD	: 0.0007
Src_cls_loss	: 0.0000
-------------------------------------
[Epoch : 19/20]
Pr_Src_cls_loss	: 0.0739
Total_loss	: 0.0408
loss_cls	: 0.0406
loss_PCD	: 4.0048
loss_CCD	: 0.0007
Src_cls_loss	: 0.0000
-------------------------------------
[Epoch : 20/20]
Pr_Src_cls_loss	: 0.0739
Total_loss	: 0.0407
loss_cls	: 0.0404
loss_PCD	: 4.0045
loss_CCD	: 0.0007
Src_cls_loss	: 0.0000
-------------------------------------
H_score: 0.6526, OS* (acc_c): 0.5769, UNK (acc_p): 0.7510, acc_mix: 0.6803, F1: 0.6582
Uploading logs from: /mnt/data/home/tp2474/OpenSet-AdaTime/experiments_logs/curriculum/RealWorld to Pamap2_UniDA_hard_n2_fno_mean/UniOT_UniDA_hard_n2_fno_mean/RealWorld_to_Pamap2_run_4
🏃 View run UniOT_run_4 at: http://127.0.0.1:5001/#/experiments/163788618564821517/runs/63dc3ca4786242e79ffbc3a6b8dc248f
🧪 View experiment at: http://127.0.0.1:5001/#/experiments/163788618564821517
==================== [n2 fno_mean] UniJDOT ====================
[curriculum] scenario=UniDA  strategy=hard  n_unknown=2  rank_variant=fno_mean
[curriculum] source mapping (6 classes): {'lying': 'lying', 'sitting': 'sitting', 'walking': 'walking', 'running': 'running', 'climbingup': 'climbingup', 'jumping': 'jumping'}
[curriculum] target mapping (6 classes): {'lying': 'lying', 'sitting': 'sitting', 'walking': 'walking', 'running': 'running', 'other (transient activities)': 'other (transient activities)', 'ascending stairs': 'ascending stairs'}
[curriculum] unknowns added (in hard order): src=[climbingup,jumping] | trg=[other (transient activities),ascending stairs]
[scenario] UniJDOT -> UniDA (uniDA=True)
Unlabeled data shape:  (11730, 150, 18)
Unlabelled Combined shape: (19515, 150, 18)

--- Dataloader Size Check ---
Source Train batches:   710
Target Train batches:   366
-------------------------------

Private classes:  tensor([6., 7.])
=============================================
Dataset: RealWorld to Pamap2_UniDA_hard_n2_fno_mean
Method:  UniJDOT
=============================================
Source: RealWorld ---> Target: Pamap2
Run ID: 0
=============================================
[Pr Epoch : 1/20]
Pr_Src_cls_loss	: 0.2396
-------------------------------------
[Pr Epoch : 2/20]
Pr_Src_cls_loss	: 0.1806
-------------------------------------
[Pr Epoch : 3/20]
Pr_Src_cls_loss	: 0.1523
-------------------------------------
[Pr Epoch : 4/20]
Pr_Src_cls_loss	: 0.1358
-------------------------------------
[Pr Epoch : 5/20]
Pr_Src_cls_loss	: 0.1230
-------------------------------------
[Pr Epoch : 6/20]
Pr_Src_cls_loss	: 0.1133
-------------------------------------
[Pr Epoch : 7/20]
Pr_Src_cls_loss	: 0.1065
-------------------------------------
[Pr Epoch : 8/20]
Pr_Src_cls_loss	: 0.0999
-------------------------------------
[Pr Epoch : 9/20]
Pr_Src_cls_loss	: 0.0947
-------------------------------------
[Pr Epoch : 10/20]
Pr_Src_cls_loss	: 0.0907
-------------------------------------
[Pr Epoch : 11/20]
Pr_Src_cls_loss	: 0.0867
-------------------------------------
[Pr Epoch : 12/20]
Pr_Src_cls_loss	: 0.0831
-------------------------------------
[Pr Epoch : 13/20]
Pr_Src_cls_loss	: 0.0800
-------------------------------------
[Pr Epoch : 14/20]
Pr_Src_cls_loss	: 0.0773
-------------------------------------
[Pr Epoch : 15/20]
Pr_Src_cls_loss	: 0.0749
-------------------------------------
[Pr Epoch : 16/20]
Pr_Src_cls_loss	: 0.0724
-------------------------------------
[Pr Epoch : 17/20]
Pr_Src_cls_loss	: 0.0703
-------------------------------------
[Pr Epoch : 18/20]
Pr_Src_cls_loss	: 0.0684
-------------------------------------
[Pr Epoch : 19/20]
Pr_Src_cls_loss	: 0.0665
-------------------------------------
[Pr Epoch : 20/20]
Pr_Src_cls_loss	: 0.0650
-------------------------------------
/mnt/data/home/tp2474/OpenSet-AdaTime/algorithms/algorithms.py:1865: UserWarning: Implicit dimension choice for softmax has been deprecated. Change the call to include dim=X as an argument.
  trg_soft_cen = torch.nn.functional.softmax(after_lincls_cen).double()
[Epoch : 1/20]
Pr_Src_cls_loss	: 0.0650
Total_loss	: 0.0565
loss_cls	: 0.0180
loss_align	: 0.0385
-------------------------------------
[Epoch : 2/20]
Pr_Src_cls_loss	: 0.0650
Total_loss	: 0.0511
loss_cls	: 0.0189
loss_align	: 0.0322
-------------------------------------
[Epoch : 3/20]
Pr_Src_cls_loss	: 0.0650
Total_loss	: 0.0491
loss_cls	: 0.0194
loss_align	: 0.0297
-------------------------------------
[Epoch : 4/20]
Pr_Src_cls_loss	: 0.0650
Total_loss	: 0.0485
loss_cls	: 0.0202
loss_align	: 0.0283
-------------------------------------
[Epoch : 5/20]
Pr_Src_cls_loss	: 0.0650
Total_loss	: 0.0466
loss_cls	: 0.0196
loss_align	: 0.0270
-------------------------------------
[Epoch : 6/20]
Pr_Src_cls_loss	: 0.0650
Total_loss	: 0.0450
loss_cls	: 0.0192
loss_align	: 0.0258
-------------------------------------
[Epoch : 7/20]
Pr_Src_cls_loss	: 0.0650
Total_loss	: 0.0439
loss_cls	: 0.0188
loss_align	: 0.0250
-------------------------------------
[Epoch : 8/20]
Pr_Src_cls_loss	: 0.0650
Total_loss	: 0.0428
loss_cls	: 0.0184
loss_align	: 0.0244
-------------------------------------
[Epoch : 9/20]
Pr_Src_cls_loss	: 0.0650
Total_loss	: 0.0420
loss_cls	: 0.0182
loss_align	: 0.0238
Src_cls_loss	: 0.0000
-------------------------------------
[Epoch : 10/20]
Pr_Src_cls_loss	: 0.0650
Total_loss	: 0.0414
loss_cls	: 0.0181
loss_align	: 0.0233
Src_cls_loss	: 0.0000
-------------------------------------
[Epoch : 11/20]
Pr_Src_cls_loss	: 0.0650
Total_loss	: 0.0408
loss_cls	: 0.0178
loss_align	: 0.0230
Src_cls_loss	: 0.0000
-------------------------------------
[Epoch : 12/20]
Pr_Src_cls_loss	: 0.0650
Total_loss	: 0.0401
loss_cls	: 0.0175
loss_align	: 0.0226
Src_cls_loss	: 0.0000
-------------------------------------
[Epoch : 13/20]
Pr_Src_cls_loss	: 0.0650
Total_loss	: 0.0396
loss_cls	: 0.0173
loss_align	: 0.0223
Src_cls_loss	: 0.0000
-------------------------------------
[Epoch : 14/20]
Pr_Src_cls_loss	: 0.0650
Total_loss	: 0.0392
loss_cls	: 0.0172
loss_align	: 0.0221
Src_cls_loss	: 0.0000
-------------------------------------
[Epoch : 15/20]
Pr_Src_cls_loss	: 0.0650
Total_loss	: 0.0390
loss_cls	: 0.0171
loss_align	: 0.0219
Src_cls_loss	: 0.0000
-------------------------------------
[Epoch : 16/20]
Pr_Src_cls_loss	: 0.0650
Total_loss	: 0.0387
loss_cls	: 0.0169
loss_align	: 0.0217
Src_cls_loss	: 0.0000
-------------------------------------
[Epoch : 17/20]
Pr_Src_cls_loss	: 0.0650
Total_loss	: 0.0384
loss_cls	: 0.0169
loss_align	: 0.0216
Src_cls_loss	: 0.0000
-------------------------------------
[Epoch : 18/20]
Pr_Src_cls_loss	: 0.0650
Total_loss	: 0.0382
loss_cls	: 0.0167
loss_align	: 0.0214
Src_cls_loss	: 0.0000
-------------------------------------
[Epoch : 19/20]
Pr_Src_cls_loss	: 0.0650
Total_loss	: 0.0377
loss_cls	: 0.0165
loss_align	: 0.0212
Src_cls_loss	: 0.0000
-------------------------------------
[Epoch : 20/20]
Pr_Src_cls_loss	: 0.0650
Total_loss	: 0.0374
loss_cls	: 0.0163
loss_align	: 0.0210
Src_cls_loss	: 0.0000
-------------------------------------
/mnt/data/home/tp2474/OpenSet-AdaTime/trainers/abstract_trainer.py:331: FutureWarning: The behavior of DataFrame concatenation with empty or all-NA entries is deprecated. In a future version, this will no longer exclude empty or all-NA columns when determining the result dtypes. To retain the old behavior, exclude the relevant entries before the concat operation.
  table = pd.concat([table, results_df], ignore_index=True)

[UniJDOT Debug] final_threshold = 0.6192 conf mean=0.4772 std=0.2221 reject=48.44%
[UniJDOT Eval ALL] n=11730 threshold=0.6192
[UniJDOT Eval ALL] conf: min=0.1685 max=0.7629 mean=0.4749 std=0.2158
[UniJDOT Eval ALL] rejected: 52.28%
[UniJDOT Eval ALL] pred class dist (pre-reject): [660, 50, 2517, 3694, 2566, 2243]
[UniJDOT Eval ALL] true label dist: [0, 0, 1284, 654, 1233, 1592, 6967] (last bin = unknown)
H_score: 0.6737, OS* (acc_c): 0.6215, UNK (acc_p): 0.7356, acc_mix: 0.6893, F1: 0.6919
[UniJDOT Eval ALL] n=11730 threshold=0.6192
[UniJDOT Eval ALL] conf: min=0.1685 max=0.7629 mean=0.4749 std=0.2158
[UniJDOT Eval ALL] rejected: 52.28%
[UniJDOT Eval ALL] pred class dist (pre-reject): [660, 50, 2517, 3694, 2566, 2243]
[UniJDOT Eval ALL] true label dist: [0, 0, 1284, 654, 1233, 1592, 6967] (last bin = unknown)
Uploading logs from: /mnt/data/home/tp2474/OpenSet-AdaTime/experiments_logs/curriculum/RealWorld to Pamap2_UniDA_hard_n2_fno_mean/UniJDOT_UniDA_hard_n2_fno_mean/RealWorld_to_Pamap2_run_0
🏃 View run UniJDOT_run_0 at: http://127.0.0.1:5001/#/experiments/163788618564821517/runs/2b44c18eaab94f009f01031e9cbfff1c
🧪 View experiment at: http://127.0.0.1:5001/#/experiments/163788618564821517
=============================================
Dataset: RealWorld to Pamap2_UniDA_hard_n2_fno_mean
Method:  UniJDOT
=============================================
Source: RealWorld ---> Target: Pamap2
Run ID: 1
=============================================
[Pr Epoch : 1/20]
Pr_Src_cls_loss	: 0.2285
-------------------------------------
[Pr Epoch : 2/20]
Pr_Src_cls_loss	: 0.1747
-------------------------------------
[Pr Epoch : 3/20]
Pr_Src_cls_loss	: 0.1478
-------------------------------------
[Pr Epoch : 4/20]
Pr_Src_cls_loss	: 0.1316
-------------------------------------
[Pr Epoch : 5/20]
Pr_Src_cls_loss	: 0.1191
-------------------------------------
[Pr Epoch : 6/20]
Pr_Src_cls_loss	: 0.1118
-------------------------------------
[Pr Epoch : 7/20]
Pr_Src_cls_loss	: 0.1048
-------------------------------------
[Pr Epoch : 8/20]
Pr_Src_cls_loss	: 0.0988
-------------------------------------
[Pr Epoch : 9/20]
Pr_Src_cls_loss	: 0.0947
-------------------------------------
[Pr Epoch : 10/20]
Pr_Src_cls_loss	: 0.0906
-------------------------------------
[Pr Epoch : 11/20]
Pr_Src_cls_loss	: 0.0867
-------------------------------------
[Pr Epoch : 12/20]
Pr_Src_cls_loss	: 0.0837
-------------------------------------
[Pr Epoch : 13/20]
Pr_Src_cls_loss	: 0.0810
-------------------------------------
[Pr Epoch : 14/20]
Pr_Src_cls_loss	: 0.0782
-------------------------------------
[Pr Epoch : 15/20]
Pr_Src_cls_loss	: 0.0757
-------------------------------------
[Pr Epoch : 16/20]
Pr_Src_cls_loss	: 0.0736
-------------------------------------
[Pr Epoch : 17/20]
Pr_Src_cls_loss	: 0.0720
-------------------------------------
[Pr Epoch : 18/20]
Pr_Src_cls_loss	: 0.0700
-------------------------------------
[Pr Epoch : 19/20]
Pr_Src_cls_loss	: 0.0681
-------------------------------------
[Pr Epoch : 20/20]
Pr_Src_cls_loss	: 0.0665
-------------------------------------
/mnt/data/home/tp2474/OpenSet-AdaTime/algorithms/algorithms.py:1865: UserWarning: Implicit dimension choice for softmax has been deprecated. Change the call to include dim=X as an argument.
  trg_soft_cen = torch.nn.functional.softmax(after_lincls_cen).double()
[Epoch : 1/20]
Pr_Src_cls_loss	: 0.0665
Total_loss	: 0.0541
loss_cls	: 0.0195
loss_align	: 0.0347
-------------------------------------
[Epoch : 2/20]
Pr_Src_cls_loss	: 0.0665
Total_loss	: 0.0532
loss_cls	: 0.0197
loss_align	: 0.0335
-------------------------------------
[Epoch : 3/20]
Pr_Src_cls_loss	: 0.0665
Total_loss	: 0.0518
loss_cls	: 0.0191
loss_align	: 0.0327
-------------------------------------
[Epoch : 4/20]
Pr_Src_cls_loss	: 0.0665
Total_loss	: 0.0513
loss_cls	: 0.0194
loss_align	: 0.0319
-------------------------------------
[Epoch : 5/20]
Pr_Src_cls_loss	: 0.0665
Total_loss	: 0.0504
loss_cls	: 0.0190
loss_align	: 0.0314
-------------------------------------
[Epoch : 6/20]
Pr_Src_cls_loss	: 0.0665
Total_loss	: 0.0497
loss_cls	: 0.0189
loss_align	: 0.0308
-------------------------------------
[Epoch : 7/20]
Pr_Src_cls_loss	: 0.0665
Total_loss	: 0.0494
loss_cls	: 0.0189
loss_align	: 0.0305
-------------------------------------
[Epoch : 8/20]
Pr_Src_cls_loss	: 0.0665
Total_loss	: 0.0487
loss_cls	: 0.0186
loss_align	: 0.0301
-------------------------------------
[Epoch : 9/20]
Pr_Src_cls_loss	: 0.0665
Total_loss	: 0.0482
loss_cls	: 0.0183
loss_align	: 0.0298
Src_cls_loss	: 0.0000
-------------------------------------
[Epoch : 10/20]
Pr_Src_cls_loss	: 0.0665
Total_loss	: 0.0476
loss_cls	: 0.0180
loss_align	: 0.0296
Src_cls_loss	: 0.0000
-------------------------------------
[Epoch : 11/20]
Pr_Src_cls_loss	: 0.0665
Total_loss	: 0.0471
loss_cls	: 0.0177
loss_align	: 0.0294
Src_cls_loss	: 0.0000
-------------------------------------
[Epoch : 12/20]
Pr_Src_cls_loss	: 0.0665
Total_loss	: 0.0469
loss_cls	: 0.0176
loss_align	: 0.0293
Src_cls_loss	: 0.0000
-------------------------------------
[Epoch : 13/20]
Pr_Src_cls_loss	: 0.0665
Total_loss	: 0.0467
loss_cls	: 0.0175
loss_align	: 0.0291
Src_cls_loss	: 0.0000
-------------------------------------
[Epoch : 14/20]
Pr_Src_cls_loss	: 0.0665
Total_loss	: 0.0464
loss_cls	: 0.0174
loss_align	: 0.0290
Src_cls_loss	: 0.0000
-------------------------------------
[Epoch : 15/20]
Pr_Src_cls_loss	: 0.0665
Total_loss	: 0.0462
loss_cls	: 0.0173
loss_align	: 0.0289
Src_cls_loss	: 0.0000
-------------------------------------
[Epoch : 16/20]
Pr_Src_cls_loss	: 0.0665
Total_loss	: 0.0459
loss_cls	: 0.0171
loss_align	: 0.0288
Src_cls_loss	: 0.0000
-------------------------------------
[Epoch : 17/20]
Pr_Src_cls_loss	: 0.0665
Total_loss	: 0.0457
loss_cls	: 0.0170
loss_align	: 0.0287
Src_cls_loss	: 0.0000
-------------------------------------
[Epoch : 18/20]
Pr_Src_cls_loss	: 0.0665
Total_loss	: 0.0453
loss_cls	: 0.0168
loss_align	: 0.0285
Src_cls_loss	: 0.0000
-------------------------------------
[Epoch : 19/20]
Pr_Src_cls_loss	: 0.0665
Total_loss	: 0.0452
loss_cls	: 0.0168
loss_align	: 0.0284
Src_cls_loss	: 0.0000
-------------------------------------
[Epoch : 20/20]
Pr_Src_cls_loss	: 0.0665
Total_loss	: 0.0453
loss_cls	: 0.0169
loss_align	: 0.0284
Src_cls_loss	: 0.0000
-------------------------------------

[UniJDOT Debug] final_threshold = 0.6026 conf mean=0.4617 std=0.2039 reject=51.56%
[UniJDOT Eval ALL] n=11730 threshold=0.6026
[UniJDOT Eval ALL] conf: min=0.1730 max=0.7620 mean=0.4132 std=0.1993
[UniJDOT Eval ALL] rejected: 71.12%
[UniJDOT Eval ALL] pred class dist (pre-reject): [890, 2916, 2251, 1097, 2370, 2206]
[UniJDOT Eval ALL] true label dist: [0, 0, 1284, 654, 1233, 1592, 6967] (last bin = unknown)
H_score: 0.4904, OS* (acc_c): 0.3586, UNK (acc_p): 0.7752, acc_mix: 0.6061, F1: 0.5698
[UniJDOT Eval ALL] n=11730 threshold=0.6026
[UniJDOT Eval ALL] conf: min=0.1730 max=0.7620 mean=0.4132 std=0.1993
[UniJDOT Eval ALL] rejected: 71.12%
[UniJDOT Eval ALL] pred class dist (pre-reject): [890, 2916, 2251, 1097, 2370, 2206]
[UniJDOT Eval ALL] true label dist: [0, 0, 1284, 654, 1233, 1592, 6967] (last bin = unknown)
Uploading logs from: /mnt/data/home/tp2474/OpenSet-AdaTime/experiments_logs/curriculum/RealWorld to Pamap2_UniDA_hard_n2_fno_mean/UniJDOT_UniDA_hard_n2_fno_mean/RealWorld_to_Pamap2_run_1
🏃 View run UniJDOT_run_1 at: http://127.0.0.1:5001/#/experiments/163788618564821517/runs/d2f1ac62bb404da3b546a5d129a1506e
🧪 View experiment at: http://127.0.0.1:5001/#/experiments/163788618564821517
=============================================
Dataset: RealWorld to Pamap2_UniDA_hard_n2_fno_mean
Method:  UniJDOT
=============================================
Source: RealWorld ---> Target: Pamap2
Run ID: 2
=============================================
[Pr Epoch : 1/20]
Pr_Src_cls_loss	: 0.2353
-------------------------------------
[Pr Epoch : 2/20]
Pr_Src_cls_loss	: 0.1756
-------------------------------------
[Pr Epoch : 3/20]
Pr_Src_cls_loss	: 0.1488
-------------------------------------
[Pr Epoch : 4/20]
Pr_Src_cls_loss	: 0.1320
-------------------------------------
[Pr Epoch : 5/20]
Pr_Src_cls_loss	: 0.1204
-------------------------------------
[Pr Epoch : 6/20]
Pr_Src_cls_loss	: 0.1113
-------------------------------------
[Pr Epoch : 7/20]
Pr_Src_cls_loss	: 0.1041
-------------------------------------
[Pr Epoch : 8/20]
Pr_Src_cls_loss	: 0.0978
-------------------------------------
[Pr Epoch : 9/20]
Pr_Src_cls_loss	: 0.0931
-------------------------------------
[Pr Epoch : 10/20]
Pr_Src_cls_loss	: 0.0890
-------------------------------------
[Pr Epoch : 11/20]
Pr_Src_cls_loss	: 0.0854
-------------------------------------
[Pr Epoch : 12/20]
Pr_Src_cls_loss	: 0.0817
-------------------------------------
[Pr Epoch : 13/20]
Pr_Src_cls_loss	: 0.0791
-------------------------------------
[Pr Epoch : 14/20]
Pr_Src_cls_loss	: 0.0762
-------------------------------------
[Pr Epoch : 15/20]
Pr_Src_cls_loss	: 0.0739
-------------------------------------
[Pr Epoch : 16/20]
Pr_Src_cls_loss	: 0.0718
-------------------------------------
[Pr Epoch : 17/20]
Pr_Src_cls_loss	: 0.0695
-------------------------------------
[Pr Epoch : 18/20]
Pr_Src_cls_loss	: 0.0676
-------------------------------------
[Pr Epoch : 19/20]
Pr_Src_cls_loss	: 0.0660
-------------------------------------
[Pr Epoch : 20/20]
Pr_Src_cls_loss	: 0.0642
-------------------------------------
/mnt/data/home/tp2474/OpenSet-AdaTime/algorithms/algorithms.py:1865: UserWarning: Implicit dimension choice for softmax has been deprecated. Change the call to include dim=X as an argument.
  trg_soft_cen = torch.nn.functional.softmax(after_lincls_cen).double()
[Epoch : 1/20]
Pr_Src_cls_loss	: 0.0642
Total_loss	: 0.0529
loss_cls	: 0.0171
loss_align	: 0.0358
-------------------------------------
[Epoch : 2/20]
Pr_Src_cls_loss	: 0.0642
Total_loss	: 0.0456
loss_cls	: 0.0175
loss_align	: 0.0280
-------------------------------------
[Epoch : 3/20]
Pr_Src_cls_loss	: 0.0642
Total_loss	: 0.0447
loss_cls	: 0.0189
loss_align	: 0.0258
-------------------------------------
[Epoch : 4/20]
Pr_Src_cls_loss	: 0.0642
Total_loss	: 0.0446
loss_cls	: 0.0193
loss_align	: 0.0252
-------------------------------------
[Epoch : 5/20]
Pr_Src_cls_loss	: 0.0642
Total_loss	: 0.0441
loss_cls	: 0.0198
loss_align	: 0.0243
-------------------------------------
[Epoch : 6/20]
Pr_Src_cls_loss	: 0.0642
Total_loss	: 0.0439
loss_cls	: 0.0204
loss_align	: 0.0234
-------------------------------------
[Epoch : 7/20]
Pr_Src_cls_loss	: 0.0642
Total_loss	: 0.0432
loss_cls	: 0.0206
loss_align	: 0.0226
-------------------------------------
[Epoch : 8/20]
Pr_Src_cls_loss	: 0.0642
Total_loss	: 0.0433
loss_cls	: 0.0213
loss_align	: 0.0220
-------------------------------------
[Epoch : 9/20]
Pr_Src_cls_loss	: 0.0642
Total_loss	: 0.0437
loss_cls	: 0.0220
loss_align	: 0.0216
Src_cls_loss	: 0.0000
-------------------------------------
[Epoch : 10/20]
Pr_Src_cls_loss	: 0.0642
Total_loss	: 0.0436
loss_cls	: 0.0224
loss_align	: 0.0212
Src_cls_loss	: 0.0000
-------------------------------------
[Epoch : 11/20]
Pr_Src_cls_loss	: 0.0642
Total_loss	: 0.0435
loss_cls	: 0.0227
loss_align	: 0.0208
Src_cls_loss	: 0.0000
-------------------------------------
[Epoch : 12/20]
Pr_Src_cls_loss	: 0.0642
Total_loss	: 0.0427
loss_cls	: 0.0224
loss_align	: 0.0203
Src_cls_loss	: 0.0000
-------------------------------------
[Epoch : 13/20]
Pr_Src_cls_loss	: 0.0642
Total_loss	: 0.0421
loss_cls	: 0.0222
loss_align	: 0.0199
Src_cls_loss	: 0.0000
-------------------------------------
[Epoch : 14/20]
Pr_Src_cls_loss	: 0.0642
Total_loss	: 0.0418
loss_cls	: 0.0223
loss_align	: 0.0194
Src_cls_loss	: 0.0000
-------------------------------------
[Epoch : 15/20]
Pr_Src_cls_loss	: 0.0642
Total_loss	: 0.0414
loss_cls	: 0.0223
loss_align	: 0.0191
Src_cls_loss	: 0.0000
-------------------------------------
[Epoch : 16/20]
Pr_Src_cls_loss	: 0.0642
Total_loss	: 0.0407
loss_cls	: 0.0221
loss_align	: 0.0186
Src_cls_loss	: 0.0000
-------------------------------------
[Epoch : 17/20]
Pr_Src_cls_loss	: 0.0642
Total_loss	: 0.0402
loss_cls	: 0.0219
loss_align	: 0.0182
Src_cls_loss	: 0.0000
-------------------------------------
[Epoch : 18/20]
Pr_Src_cls_loss	: 0.0642
Total_loss	: 0.0397
loss_cls	: 0.0217
loss_align	: 0.0180
Src_cls_loss	: 0.0000
-------------------------------------
[Epoch : 19/20]
Pr_Src_cls_loss	: 0.0642
Total_loss	: 0.0391
loss_cls	: 0.0214
loss_align	: 0.0177
Src_cls_loss	: 0.0000
-------------------------------------
[Epoch : 20/20]
Pr_Src_cls_loss	: 0.0642
Total_loss	: 0.0387
loss_cls	: 0.0211
loss_align	: 0.0175
Src_cls_loss	: 0.0000
-------------------------------------

[UniJDOT Debug] final_threshold = 0.7472 conf mean=0.5621 std=0.2546 reject=59.38%
[UniJDOT Eval ALL] n=11730 threshold=0.7472
[UniJDOT Eval ALL] conf: min=0.1683 max=0.8007 mean=0.5414 std=0.2669
[UniJDOT Eval ALL] rejected: 62.31%
[UniJDOT Eval ALL] pred class dist (pre-reject): [1204, 26, 2753, 3005, 2419, 2323]
[UniJDOT Eval ALL] true label dist: [0, 0, 1284, 654, 1233, 1592, 6967] (last bin = unknown)
H_score: 0.5259, OS* (acc_c): 0.4159, UNK (acc_p): 0.7151, acc_mix: 0.5936, F1: 0.5636
[UniJDOT Eval ALL] n=11730 threshold=0.7472
[UniJDOT Eval ALL] conf: min=0.1683 max=0.8007 mean=0.5414 std=0.2669
[UniJDOT Eval ALL] rejected: 62.31%
[UniJDOT Eval ALL] pred class dist (pre-reject): [1204, 26, 2753, 3005, 2419, 2323]
[UniJDOT Eval ALL] true label dist: [0, 0, 1284, 654, 1233, 1592, 6967] (last bin = unknown)
Uploading logs from: /mnt/data/home/tp2474/OpenSet-AdaTime/experiments_logs/curriculum/RealWorld to Pamap2_UniDA_hard_n2_fno_mean/UniJDOT_UniDA_hard_n2_fno_mean/RealWorld_to_Pamap2_run_2
🏃 View run UniJDOT_run_2 at: http://127.0.0.1:5001/#/experiments/163788618564821517/runs/3ea35d6c45a14f4db70124960124347f
🧪 View experiment at: http://127.0.0.1:5001/#/experiments/163788618564821517
=============================================
Dataset: RealWorld to Pamap2_UniDA_hard_n2_fno_mean
Method:  UniJDOT
=============================================
Source: RealWorld ---> Target: Pamap2
Run ID: 3
=============================================
[Pr Epoch : 1/20]
Pr_Src_cls_loss	: 0.2151
-------------------------------------
[Pr Epoch : 2/20]
Pr_Src_cls_loss	: 0.1663
-------------------------------------
[Pr Epoch : 3/20]
Pr_Src_cls_loss	: 0.1417
-------------------------------------
[Pr Epoch : 4/20]
Pr_Src_cls_loss	: 0.1251
-------------------------------------
[Pr Epoch : 5/20]
Pr_Src_cls_loss	: 0.1142
-------------------------------------
[Pr Epoch : 6/20]
Pr_Src_cls_loss	: 0.1070
-------------------------------------
[Pr Epoch : 7/20]
Pr_Src_cls_loss	: 0.1003
-------------------------------------
[Pr Epoch : 8/20]
Pr_Src_cls_loss	: 0.0944
-------------------------------------
[Pr Epoch : 9/20]
Pr_Src_cls_loss	: 0.0900
-------------------------------------
[Pr Epoch : 10/20]
Pr_Src_cls_loss	: 0.0862
-------------------------------------
[Pr Epoch : 11/20]
Pr_Src_cls_loss	: 0.0824
-------------------------------------
[Pr Epoch : 12/20]
Pr_Src_cls_loss	: 0.0793
-------------------------------------
[Pr Epoch : 13/20]
Pr_Src_cls_loss	: 0.0764
-------------------------------------
[Pr Epoch : 14/20]
Pr_Src_cls_loss	: 0.0739
-------------------------------------
[Pr Epoch : 15/20]
Pr_Src_cls_loss	: 0.0718
-------------------------------------
[Pr Epoch : 16/20]
Pr_Src_cls_loss	: 0.0698
-------------------------------------
[Pr Epoch : 17/20]
Pr_Src_cls_loss	: 0.0679
-------------------------------------
[Pr Epoch : 18/20]
Pr_Src_cls_loss	: 0.0661
-------------------------------------
[Pr Epoch : 19/20]
Pr_Src_cls_loss	: 0.0646
-------------------------------------
[Pr Epoch : 20/20]
Pr_Src_cls_loss	: 0.0629
-------------------------------------
/mnt/data/home/tp2474/OpenSet-AdaTime/algorithms/algorithms.py:1865: UserWarning: Implicit dimension choice for softmax has been deprecated. Change the call to include dim=X as an argument.
  trg_soft_cen = torch.nn.functional.softmax(after_lincls_cen).double()
[Epoch : 1/20]
Pr_Src_cls_loss	: 0.0629
Total_loss	: 0.0530
loss_cls	: 0.0161
loss_align	: 0.0369
-------------------------------------
[Epoch : 2/20]
Pr_Src_cls_loss	: 0.0629
Total_loss	: 0.0503
loss_cls	: 0.0180
loss_align	: 0.0323
-------------------------------------
[Epoch : 3/20]
Pr_Src_cls_loss	: 0.0629
Total_loss	: 0.0481
loss_cls	: 0.0185
loss_align	: 0.0296
-------------------------------------
[Epoch : 4/20]
Pr_Src_cls_loss	: 0.0629
Total_loss	: 0.0462
loss_cls	: 0.0183
loss_align	: 0.0279
-------------------------------------
[Epoch : 5/20]
Pr_Src_cls_loss	: 0.0629
Total_loss	: 0.0446
loss_cls	: 0.0179
loss_align	: 0.0267
-------------------------------------
[Epoch : 6/20]
Pr_Src_cls_loss	: 0.0629
Total_loss	: 0.0435
loss_cls	: 0.0177
loss_align	: 0.0258
-------------------------------------
[Epoch : 7/20]
Pr_Src_cls_loss	: 0.0629
Total_loss	: 0.0427
loss_cls	: 0.0176
loss_align	: 0.0251
-------------------------------------
[Epoch : 8/20]
Pr_Src_cls_loss	: 0.0629
Total_loss	: 0.0417
loss_cls	: 0.0173
loss_align	: 0.0244
-------------------------------------
[Epoch : 9/20]
Pr_Src_cls_loss	: 0.0629
Total_loss	: 0.0410
loss_cls	: 0.0170
loss_align	: 0.0239
Src_cls_loss	: 0.0000
-------------------------------------
[Epoch : 10/20]
Pr_Src_cls_loss	: 0.0629
Total_loss	: 0.0403
loss_cls	: 0.0168
loss_align	: 0.0235
Src_cls_loss	: 0.0000
-------------------------------------
[Epoch : 11/20]
Pr_Src_cls_loss	: 0.0629
Total_loss	: 0.0397
loss_cls	: 0.0166
loss_align	: 0.0231
Src_cls_loss	: 0.0000
-------------------------------------
[Epoch : 12/20]
Pr_Src_cls_loss	: 0.0629
Total_loss	: 0.0391
loss_cls	: 0.0164
loss_align	: 0.0227
Src_cls_loss	: 0.0000
-------------------------------------
[Epoch : 13/20]
Pr_Src_cls_loss	: 0.0629
Total_loss	: 0.0388
loss_cls	: 0.0164
loss_align	: 0.0224
Src_cls_loss	: 0.0000
-------------------------------------
[Epoch : 14/20]
Pr_Src_cls_loss	: 0.0629
Total_loss	: 0.0387
loss_cls	: 0.0164
loss_align	: 0.0223
Src_cls_loss	: 0.0000
-------------------------------------
[Epoch : 15/20]
Pr_Src_cls_loss	: 0.0629
Total_loss	: 0.0383
loss_cls	: 0.0163
loss_align	: 0.0221
Src_cls_loss	: 0.0000
-------------------------------------
[Epoch : 16/20]
Pr_Src_cls_loss	: 0.0629
Total_loss	: 0.0381
loss_cls	: 0.0162
loss_align	: 0.0219
Src_cls_loss	: 0.0000
-------------------------------------
[Epoch : 17/20]
Pr_Src_cls_loss	: 0.0629
Total_loss	: 0.0380
loss_cls	: 0.0162
loss_align	: 0.0218
Src_cls_loss	: 0.0000
-------------------------------------
[Epoch : 18/20]
Pr_Src_cls_loss	: 0.0629
Total_loss	: 0.0378
loss_cls	: 0.0162
loss_align	: 0.0217
Src_cls_loss	: 0.0000
-------------------------------------
[Epoch : 19/20]
Pr_Src_cls_loss	: 0.0629
Total_loss	: 0.0376
loss_cls	: 0.0161
loss_align	: 0.0216
Src_cls_loss	: 0.0000
-------------------------------------
[Epoch : 20/20]
Pr_Src_cls_loss	: 0.0629
Total_loss	: 0.0374
loss_cls	: 0.0160
loss_align	: 0.0214
Src_cls_loss	: 0.0000
-------------------------------------

[UniJDOT Debug] final_threshold = 0.5769 conf mean=0.4321 std=0.2178 reject=53.12%
[UniJDOT Eval ALL] n=11730 threshold=0.5769
[UniJDOT Eval ALL] conf: min=0.1672 max=0.9761 mean=0.4369 std=0.2179
[UniJDOT Eval ALL] rejected: 48.97%
[UniJDOT Eval ALL] pred class dist (pre-reject): [1011, 2400, 1912, 1305, 2408, 2694]
[UniJDOT Eval ALL] true label dist: [0, 0, 1284, 654, 1233, 1592, 6967] (last bin = unknown)
H_score: 0.7244, OS* (acc_c): 0.7548, UNK (acc_p): 0.6964, acc_mix: 0.7201, F1: 0.7269
[UniJDOT Eval ALL] n=11730 threshold=0.5769
[UniJDOT Eval ALL] conf: min=0.1672 max=0.9761 mean=0.4369 std=0.2179
[UniJDOT Eval ALL] rejected: 48.97%
[UniJDOT Eval ALL] pred class dist (pre-reject): [1011, 2400, 1912, 1305, 2408, 2694]
[UniJDOT Eval ALL] true label dist: [0, 0, 1284, 654, 1233, 1592, 6967] (last bin = unknown)
Uploading logs from: /mnt/data/home/tp2474/OpenSet-AdaTime/experiments_logs/curriculum/RealWorld to Pamap2_UniDA_hard_n2_fno_mean/UniJDOT_UniDA_hard_n2_fno_mean/RealWorld_to_Pamap2_run_3
🏃 View run UniJDOT_run_3 at: http://127.0.0.1:5001/#/experiments/163788618564821517/runs/2ba1f4f70ac34d35b438b0706183ac0b
🧪 View experiment at: http://127.0.0.1:5001/#/experiments/163788618564821517
=============================================
Dataset: RealWorld to Pamap2_UniDA_hard_n2_fno_mean
Method:  UniJDOT
=============================================
Source: RealWorld ---> Target: Pamap2
Run ID: 4
=============================================
[Pr Epoch : 1/20]
Pr_Src_cls_loss	: 0.2185
-------------------------------------
[Pr Epoch : 2/20]
Pr_Src_cls_loss	: 0.1687
-------------------------------------
[Pr Epoch : 3/20]
Pr_Src_cls_loss	: 0.1448
-------------------------------------
[Pr Epoch : 4/20]
Pr_Src_cls_loss	: 0.1304
-------------------------------------
[Pr Epoch : 5/20]
Pr_Src_cls_loss	: 0.1195
-------------------------------------
[Pr Epoch : 6/20]
Pr_Src_cls_loss	: 0.1106
-------------------------------------
[Pr Epoch : 7/20]
Pr_Src_cls_loss	: 0.1039
-------------------------------------
[Pr Epoch : 8/20]
Pr_Src_cls_loss	: 0.0982
-------------------------------------
[Pr Epoch : 9/20]
Pr_Src_cls_loss	: 0.0936
-------------------------------------
[Pr Epoch : 10/20]
Pr_Src_cls_loss	: 0.0893
-------------------------------------
[Pr Epoch : 11/20]
Pr_Src_cls_loss	: 0.0857
-------------------------------------
[Pr Epoch : 12/20]
Pr_Src_cls_loss	: 0.0827
-------------------------------------
[Pr Epoch : 13/20]
Pr_Src_cls_loss	: 0.0799
-------------------------------------
[Pr Epoch : 14/20]
Pr_Src_cls_loss	: 0.0772
-------------------------------------
[Pr Epoch : 15/20]
Pr_Src_cls_loss	: 0.0748
-------------------------------------
[Pr Epoch : 16/20]
Pr_Src_cls_loss	: 0.0727
-------------------------------------
[Pr Epoch : 17/20]
Pr_Src_cls_loss	: 0.0707
-------------------------------------
[Pr Epoch : 18/20]
Pr_Src_cls_loss	: 0.0687
-------------------------------------
[Pr Epoch : 19/20]
Pr_Src_cls_loss	: 0.0668
-------------------------------------
[Pr Epoch : 20/20]
Pr_Src_cls_loss	: 0.0653
-------------------------------------
/mnt/data/home/tp2474/OpenSet-AdaTime/algorithms/algorithms.py:1865: UserWarning: Implicit dimension choice for softmax has been deprecated. Change the call to include dim=X as an argument.
  trg_soft_cen = torch.nn.functional.softmax(after_lincls_cen).double()
[Epoch : 1/20]
Pr_Src_cls_loss	: 0.0653
Total_loss	: 0.0584
loss_cls	: 0.0188
loss_align	: 0.0396
-------------------------------------
[Epoch : 2/20]
Pr_Src_cls_loss	: 0.0653
Total_loss	: 0.0564
loss_cls	: 0.0198
loss_align	: 0.0367
-------------------------------------
[Epoch : 3/20]
Pr_Src_cls_loss	: 0.0653
Total_loss	: 0.0543
loss_cls	: 0.0187
loss_align	: 0.0356
-------------------------------------
[Epoch : 4/20]
Pr_Src_cls_loss	: 0.0653
Total_loss	: 0.0530
loss_cls	: 0.0188
loss_align	: 0.0342
-------------------------------------
[Epoch : 5/20]
Pr_Src_cls_loss	: 0.0653
Total_loss	: 0.0520
loss_cls	: 0.0187
loss_align	: 0.0333
-------------------------------------
[Epoch : 6/20]
Pr_Src_cls_loss	: 0.0653
Total_loss	: 0.0512
loss_cls	: 0.0187
loss_align	: 0.0325
-------------------------------------
[Epoch : 7/20]
Pr_Src_cls_loss	: 0.0653
Total_loss	: 0.0504
loss_cls	: 0.0185
loss_align	: 0.0319
-------------------------------------
[Epoch : 8/20]
Pr_Src_cls_loss	: 0.0653
Total_loss	: 0.0493
loss_cls	: 0.0180
loss_align	: 0.0313
-------------------------------------
[Epoch : 9/20]
Pr_Src_cls_loss	: 0.0653
Total_loss	: 0.0486
loss_cls	: 0.0178
loss_align	: 0.0308
Src_cls_loss	: 0.0000
-------------------------------------
[Epoch : 10/20]
Pr_Src_cls_loss	: 0.0653
Total_loss	: 0.0480
loss_cls	: 0.0176
loss_align	: 0.0304
Src_cls_loss	: 0.0000
-------------------------------------
[Epoch : 11/20]
Pr_Src_cls_loss	: 0.0653
Total_loss	: 0.0475
loss_cls	: 0.0175
loss_align	: 0.0300
Src_cls_loss	: 0.0000
-------------------------------------
[Epoch : 12/20]
Pr_Src_cls_loss	: 0.0653
Total_loss	: 0.0472
loss_cls	: 0.0175
loss_align	: 0.0297
Src_cls_loss	: 0.0000
-------------------------------------
[Epoch : 13/20]
Pr_Src_cls_loss	: 0.0653
Total_loss	: 0.0470
loss_cls	: 0.0175
loss_align	: 0.0295
Src_cls_loss	: 0.0000
-------------------------------------
[Epoch : 14/20]
Pr_Src_cls_loss	: 0.0653
Total_loss	: 0.0467
loss_cls	: 0.0174
loss_align	: 0.0294
Src_cls_loss	: 0.0000
-------------------------------------
[Epoch : 15/20]
Pr_Src_cls_loss	: 0.0653
Total_loss	: 0.0464
loss_cls	: 0.0172
loss_align	: 0.0292
Src_cls_loss	: 0.0000
-------------------------------------
[Epoch : 16/20]
Pr_Src_cls_loss	: 0.0653
Total_loss	: 0.0462
loss_cls	: 0.0171
loss_align	: 0.0291
Src_cls_loss	: 0.0000
-------------------------------------
[Epoch : 17/20]
Pr_Src_cls_loss	: 0.0653
Total_loss	: 0.0459
loss_cls	: 0.0170
loss_align	: 0.0289
Src_cls_loss	: 0.0000
-------------------------------------
[Epoch : 18/20]
Pr_Src_cls_loss	: 0.0653
Total_loss	: 0.0457
loss_cls	: 0.0169
loss_align	: 0.0288
Src_cls_loss	: 0.0000
-------------------------------------
[Epoch : 19/20]
Pr_Src_cls_loss	: 0.0653
Total_loss	: 0.0455
loss_cls	: 0.0168
loss_align	: 0.0287
Src_cls_loss	: 0.0000
-------------------------------------
[Epoch : 20/20]
Pr_Src_cls_loss	: 0.0653
Total_loss	: 0.0455
loss_cls	: 0.0168
loss_align	: 0.0287
Src_cls_loss	: 0.0000
-------------------------------------

[UniJDOT Debug] final_threshold = 0.2741 conf mean=0.3695 std=0.1785 reject=50.00%
[UniJDOT Eval ALL] n=11730 threshold=0.2741
[UniJDOT Eval ALL] conf: min=0.1689 max=0.7222 mean=0.4200 std=0.1862
[UniJDOT Eval ALL] rejected: 36.06%
[UniJDOT Eval ALL] pred class dist (pre-reject): [2817, 52, 2186, 1551, 2293, 2831]
[UniJDOT Eval ALL] true label dist: [0, 0, 1284, 654, 1233, 1592, 6967] (last bin = unknown)
H_score: 0.5811, OS* (acc_c): 0.7237, UNK (acc_p): 0.4854, acc_mix: 0.5822, F1: 0.5961
[UniJDOT Eval ALL] n=11730 threshold=0.2741
[UniJDOT Eval ALL] conf: min=0.1689 max=0.7222 mean=0.4200 std=0.1862
[UniJDOT Eval ALL] rejected: 36.06%
[UniJDOT Eval ALL] pred class dist (pre-reject): [2817, 52, 2186, 1551, 2293, 2831]
[UniJDOT Eval ALL] true label dist: [0, 0, 1284, 654, 1233, 1592, 6967] (last bin = unknown)
Uploading logs from: /mnt/data/home/tp2474/OpenSet-AdaTime/experiments_logs/curriculum/RealWorld to Pamap2_UniDA_hard_n2_fno_mean/UniJDOT_UniDA_hard_n2_fno_mean/RealWorld_to_Pamap2_run_4
🏃 View run UniJDOT_run_4 at: http://127.0.0.1:5001/#/experiments/163788618564821517/runs/22a1ffd1c5a3425bbefc89ec20fea0aa
🧪 View experiment at: http://127.0.0.1:5001/#/experiments/163788618564821517
==================== [n2 fno_mean] done ====================
==================== [n3 fno_mean] RAINCOAT ====================
[curriculum] scenario=UniDA  strategy=hard  n_unknown=3  rank_variant=fno_mean
[curriculum] source mapping (7 classes): {'lying': 'lying', 'sitting': 'sitting', 'walking': 'walking', 'running': 'running', 'climbingup': 'climbingup', 'jumping': 'jumping', 'climbingdown': 'climbingdown'}
[curriculum] target mapping (7 classes): {'lying': 'lying', 'sitting': 'sitting', 'walking': 'walking', 'running': 'running', 'other (transient activities)': 'other (transient activities)', 'ascending stairs': 'ascending stairs', 'descending stairs': 'descending stairs'}
[curriculum] unknowns added (in hard order): src=[climbingup,jumping,climbingdown] | trg=[other (transient activities),ascending stairs,descending stairs]
2026/05/11 02:43:16 INFO mlflow.tracking.fluent: Experiment with name 'RealWorld to Pamap2_UniDA_hard_n3_fno_mean' does not exist. Creating a new experiment.
[scenario] RAINCOAT -> UniDA (uniDA=True)
Unlabeled data shape:  (12430, 150, 18)
Unlabelled Combined shape: (20684, 150, 18)

--- Dataloader Size Check ---
Source Train batches:   396
Target Train batches:   194
-------------------------------

Private classes:  tensor([7., 8., 9.])
=============================================
Dataset: RealWorld to Pamap2_UniDA_hard_n3_fno_mean
Method:  RAINCOAT
=============================================
Source: RealWorld ---> Target: Pamap2
Run ID: 0
=============================================
[Align Epoch : 1/20]
Src_cls_loss	: 0.6617
Sink	: 0.5435
Recon	: 23.3308
-------------------------------------
[Align Epoch : 2/20]
Src_cls_loss	: 0.5140
Sink	: 0.4542
Recon	: 23.0984
-------------------------------------
[Align Epoch : 3/20]
Src_cls_loss	: 0.4403
Sink	: 0.3908
Recon	: 22.8412
-------------------------------------
[Align Epoch : 4/20]
Src_cls_loss	: 0.3939
Sink	: 0.3425
Recon	: 22.5962
-------------------------------------
[Align Epoch : 5/20]
Src_cls_loss	: 0.3602
Sink	: 0.3058
Recon	: 22.3739
-------------------------------------
[Align Epoch : 6/20]
Src_cls_loss	: 0.3354
Sink	: 0.2786
Recon	: 22.1519
-------------------------------------
[Align Epoch : 7/20]
Src_cls_loss	: 0.3149
Sink	: 0.2583
Recon	: 21.9411
-------------------------------------
[Align Epoch : 8/20]
Src_cls_loss	: 0.2979
Sink	: 0.2432
Recon	: 21.7319
-------------------------------------
[Align Epoch : 9/20]
Src_cls_loss	: 0.2838
Sink	: 0.2318
Recon	: 21.5362
-------------------------------------
[Align Epoch : 10/20]
Src_cls_loss	: 0.2712
Sink	: 0.2237
Recon	: 21.3544
-------------------------------------
[Align Epoch : 11/20]
Src_cls_loss	: 0.2597
Sink	: 0.2191
Recon	: 21.1780
-------------------------------------
[Align Epoch : 12/20]
Src_cls_loss	: 0.2499
Sink	: 0.2178
Recon	: 21.0079
-------------------------------------
[Align Epoch : 13/20]
Src_cls_loss	: 0.2414
Sink	: 0.2188
Recon	: 20.8350
-------------------------------------
[Align Epoch : 14/20]
Src_cls_loss	: 0.2336
Sink	: 0.2214
Recon	: 20.6642
-------------------------------------
[Align Epoch : 15/20]
Src_cls_loss	: 0.2268
Sink	: 0.2251
Recon	: 20.4977
-------------------------------------
[Align Epoch : 16/20]
Src_cls_loss	: 0.2203
Sink	: 0.2291
Recon	: 20.3331
-------------------------------------
[Align Epoch : 17/20]
Src_cls_loss	: 0.2143
Sink	: 0.2332
Recon	: 20.1726
-------------------------------------
[Align Epoch : 18/20]
Src_cls_loss	: 0.2084
Sink	: 0.2377
Recon	: 20.0187
-------------------------------------
[Align Epoch : 19/20]
Src_cls_loss	: 0.2031
Sink	: 0.2425
Recon	: 19.8703
-------------------------------------
[Align Epoch : 20/20]
Src_cls_loss	: 0.1984
Sink	: 0.2473
Recon	: 19.7270
-------------------------------------
[Correct Epoch : 1/20]
Recon_correct	: 16.6993
-------------------------------------
[Correct Epoch : 2/20]
Recon_correct	: 16.5381
-------------------------------------
[Correct Epoch : 3/20]
Recon_correct	: 16.4003
-------------------------------------
[Correct Epoch : 4/20]
Recon_correct	: 16.2803
-------------------------------------
[Correct Epoch : 5/20]
Recon_correct	: 16.1583
-------------------------------------
[Correct Epoch : 6/20]
Recon_correct	: 16.0436
-------------------------------------
[Correct Epoch : 7/20]
Recon_correct	: 15.9259
-------------------------------------
[Correct Epoch : 8/20]
Recon_correct	: 15.8245
-------------------------------------
[Correct Epoch : 9/20]
Recon_correct	: 15.7208
-------------------------------------
[Correct Epoch : 10/20]
Recon_correct	: 15.6204
-------------------------------------
[Correct Epoch : 11/20]
Recon_correct	: 15.5320
-------------------------------------
[Correct Epoch : 12/20]
Recon_correct	: 15.4445
-------------------------------------
[Correct Epoch : 13/20]
Recon_correct	: 15.3656
-------------------------------------
[Correct Epoch : 14/20]
Recon_correct	: 15.2873
-------------------------------------
[Correct Epoch : 15/20]
Recon_correct	: 15.2145
-------------------------------------
[Correct Epoch : 16/20]
Recon_correct	: 15.1447
-------------------------------------
[Correct Epoch : 17/20]
Recon_correct	: 15.0738
-------------------------------------
[Correct Epoch : 18/20]
Recon_correct	: 15.0095
-------------------------------------
[Correct Epoch : 19/20]
Recon_correct	: 14.9458
-------------------------------------
[Correct Epoch : 20/20]
Recon_correct	: 14.8877
-------------------------------------
/mnt/data/home/tp2474/OpenSet-AdaTime/trainers/abstract_trainer.py:331: FutureWarning: The behavior of DataFrame concatenation with empty or all-NA entries is deprecated. In a future version, this will no longer exclude empty or all-NA columns when determining the result dtypes. To retain the old behavior, exclude the relevant entries before the concat operation.
  table = pd.concat([table, results_df], ignore_index=True)
H_score: 0.2043, OS* (acc_c): 0.1925, UNK (acc_p): 0.2176, acc_mix: 0.2080, F1: 0.2612
Uploading logs from: /mnt/data/home/tp2474/OpenSet-AdaTime/experiments_logs/curriculum/RealWorld to Pamap2_UniDA_hard_n3_fno_mean/RAINCOAT_UniDA_hard_n3_fno_mean/RealWorld_to_Pamap2_run_0
🏃 View run RAINCOAT_run_0 at: http://127.0.0.1:5001/#/experiments/315617689137372120/runs/60567eeb90b043d1ba43f507bb857a2f
🧪 View experiment at: http://127.0.0.1:5001/#/experiments/315617689137372120
=============================================
Dataset: RealWorld to Pamap2_UniDA_hard_n3_fno_mean
Method:  RAINCOAT
=============================================
Source: RealWorld ---> Target: Pamap2
Run ID: 1
=============================================
[Align Epoch : 1/20]
Src_cls_loss	: 0.6321
Sink	: 0.5930
Recon	: 23.3208
-------------------------------------
[Align Epoch : 2/20]
Src_cls_loss	: 0.4858
Sink	: 0.4977
Recon	: 23.0916
-------------------------------------
[Align Epoch : 3/20]
Src_cls_loss	: 0.4108
Sink	: 0.4291
Recon	: 22.8414
-------------------------------------
[Align Epoch : 4/20]
Src_cls_loss	: 0.3661
Sink	: 0.3801
Recon	: 22.6079
-------------------------------------
[Align Epoch : 5/20]
Src_cls_loss	: 0.3328
Sink	: 0.3427
Recon	: 22.3677
-------------------------------------
[Align Epoch : 6/20]
Src_cls_loss	: 0.3104
Sink	: 0.3141
Recon	: 22.1388
-------------------------------------
[Align Epoch : 7/20]
Src_cls_loss	: 0.2924
Sink	: 0.2925
Recon	: 21.9213
-------------------------------------
[Align Epoch : 8/20]
Src_cls_loss	: 0.2772
Sink	: 0.2756
Recon	: 21.7129
-------------------------------------
[Align Epoch : 9/20]
Src_cls_loss	: 0.2646
Sink	: 0.2619
Recon	: 21.5215
-------------------------------------
[Align Epoch : 10/20]
Src_cls_loss	: 0.2529
Sink	: 0.2511
Recon	: 21.3497
-------------------------------------
[Align Epoch : 11/20]
Src_cls_loss	: 0.2425
Sink	: 0.2431
Recon	: 21.1749
-------------------------------------
[Align Epoch : 12/20]
Src_cls_loss	: 0.2336
Sink	: 0.2384
Recon	: 21.0124
-------------------------------------
[Align Epoch : 13/20]
Src_cls_loss	: 0.2255
Sink	: 0.2366
Recon	: 20.8504
-------------------------------------
[Align Epoch : 14/20]
Src_cls_loss	: 0.2180
Sink	: 0.2376
Recon	: 20.6849
-------------------------------------
[Align Epoch : 15/20]
Src_cls_loss	: 0.2115
Sink	: 0.2403
Recon	: 20.5189
-------------------------------------
[Align Epoch : 16/20]
Src_cls_loss	: 0.2055
Sink	: 0.2437
Recon	: 20.3506
-------------------------------------
[Align Epoch : 17/20]
Src_cls_loss	: 0.2000
Sink	: 0.2475
Recon	: 20.1880
-------------------------------------
[Align Epoch : 18/20]
Src_cls_loss	: 0.1946
Sink	: 0.2514
Recon	: 20.0328
-------------------------------------
[Align Epoch : 19/20]
Src_cls_loss	: 0.1902
Sink	: 0.2554
Recon	: 19.8806
-------------------------------------
[Align Epoch : 20/20]
Src_cls_loss	: 0.1857
Sink	: 0.2596
Recon	: 19.7333
-------------------------------------
[Correct Epoch : 1/20]
Recon_correct	: 16.6172
-------------------------------------
[Correct Epoch : 2/20]
Recon_correct	: 16.5151
-------------------------------------
[Correct Epoch : 3/20]
Recon_correct	: 16.3779
-------------------------------------
[Correct Epoch : 4/20]
Recon_correct	: 16.2428
-------------------------------------
[Correct Epoch : 5/20]
Recon_correct	: 16.1171
-------------------------------------
[Correct Epoch : 6/20]
Recon_correct	: 16.0098
-------------------------------------
[Correct Epoch : 7/20]
Recon_correct	: 15.9048
-------------------------------------
[Correct Epoch : 8/20]
Recon_correct	: 15.7905
-------------------------------------
[Correct Epoch : 9/20]
Recon_correct	: 15.6800
-------------------------------------
[Correct Epoch : 10/20]
Recon_correct	: 15.5881
-------------------------------------
[Correct Epoch : 11/20]
Recon_correct	: 15.5008
-------------------------------------
[Correct Epoch : 12/20]
Recon_correct	: 15.4165
-------------------------------------
[Correct Epoch : 13/20]
Recon_correct	: 15.3358
-------------------------------------
[Correct Epoch : 14/20]
Recon_correct	: 15.2544
-------------------------------------
[Correct Epoch : 15/20]
Recon_correct	: 15.1804
-------------------------------------
[Correct Epoch : 16/20]
Recon_correct	: 15.1108
-------------------------------------
[Correct Epoch : 17/20]
Recon_correct	: 15.0430
-------------------------------------
[Correct Epoch : 18/20]
Recon_correct	: 14.9798
-------------------------------------
[Correct Epoch : 19/20]
Recon_correct	: 14.9193
-------------------------------------
[Correct Epoch : 20/20]
Recon_correct	: 14.8594
-------------------------------------
H_score: 0.2931, OS* (acc_c): 0.2718, UNK (acc_p): 0.3179, acc_mix: 0.3002, F1: 0.3142
Uploading logs from: /mnt/data/home/tp2474/OpenSet-AdaTime/experiments_logs/curriculum/RealWorld to Pamap2_UniDA_hard_n3_fno_mean/RAINCOAT_UniDA_hard_n3_fno_mean/RealWorld_to_Pamap2_run_1
🏃 View run RAINCOAT_run_1 at: http://127.0.0.1:5001/#/experiments/315617689137372120/runs/85d6ac308e6d4c4db7ddaffbcd415942
🧪 View experiment at: http://127.0.0.1:5001/#/experiments/315617689137372120
=============================================
Dataset: RealWorld to Pamap2_UniDA_hard_n3_fno_mean
Method:  RAINCOAT
=============================================
Source: RealWorld ---> Target: Pamap2
Run ID: 2
=============================================
[Align Epoch : 1/20]
Src_cls_loss	: 0.6684
Sink	: 0.5944
Recon	: 23.3683
-------------------------------------
[Align Epoch : 2/20]
Src_cls_loss	: 0.5067
Sink	: 0.4865
Recon	: 23.1193
-------------------------------------
[Align Epoch : 3/20]
Src_cls_loss	: 0.4306
Sink	: 0.4129
Recon	: 22.8938
-------------------------------------
[Align Epoch : 4/20]
Src_cls_loss	: 0.3825
Sink	: 0.3600
Recon	: 22.6636
-------------------------------------
[Align Epoch : 5/20]
Src_cls_loss	: 0.3501
Sink	: 0.3206
Recon	: 22.4475
-------------------------------------
[Align Epoch : 6/20]
Src_cls_loss	: 0.3256
Sink	: 0.2913
Recon	: 22.2335
-------------------------------------
[Align Epoch : 7/20]
Src_cls_loss	: 0.3046
Sink	: 0.2685
Recon	: 22.0264
-------------------------------------
[Align Epoch : 8/20]
Src_cls_loss	: 0.2891
Sink	: 0.2506
Recon	: 21.8329
-------------------------------------
[Align Epoch : 9/20]
Src_cls_loss	: 0.2752
Sink	: 0.2375
Recon	: 21.6559
-------------------------------------
[Align Epoch : 10/20]
Src_cls_loss	: 0.2628
Sink	: 0.2278
Recon	: 21.4907
-------------------------------------
[Align Epoch : 11/20]
Src_cls_loss	: 0.2523
Sink	: 0.2211
Recon	: 21.3304
-------------------------------------
[Align Epoch : 12/20]
Src_cls_loss	: 0.2428
Sink	: 0.2172
Recon	: 21.1755
-------------------------------------
[Align Epoch : 13/20]
Src_cls_loss	: 0.2341
Sink	: 0.2158
Recon	: 21.0289
-------------------------------------
[Align Epoch : 14/20]
Src_cls_loss	: 0.2262
Sink	: 0.2167
Recon	: 20.8819
-------------------------------------
[Align Epoch : 15/20]
Src_cls_loss	: 0.2190
Sink	: 0.2194
Recon	: 20.7300
-------------------------------------
[Align Epoch : 16/20]
Src_cls_loss	: 0.2126
Sink	: 0.2230
Recon	: 20.5798
-------------------------------------
[Align Epoch : 17/20]
Src_cls_loss	: 0.2067
Sink	: 0.2268
Recon	: 20.4263
-------------------------------------
[Align Epoch : 18/20]
Src_cls_loss	: 0.2013
Sink	: 0.2305
Recon	: 20.2826
-------------------------------------
[Align Epoch : 19/20]
Src_cls_loss	: 0.1962
Sink	: 0.2344
Recon	: 20.1442
-------------------------------------
[Align Epoch : 20/20]
Src_cls_loss	: 0.1913
Sink	: 0.2382
Recon	: 20.0101
-------------------------------------
[Correct Epoch : 1/20]
Recon_correct	: 17.1971
-------------------------------------
[Correct Epoch : 2/20]
Recon_correct	: 17.0337
-------------------------------------
[Correct Epoch : 3/20]
Recon_correct	: 16.8924
-------------------------------------
[Correct Epoch : 4/20]
Recon_correct	: 16.7697
-------------------------------------
[Correct Epoch : 5/20]
Recon_correct	: 16.6478
-------------------------------------
[Correct Epoch : 6/20]
Recon_correct	: 16.5402
-------------------------------------
[Correct Epoch : 7/20]
Recon_correct	: 16.4309
-------------------------------------
[Correct Epoch : 8/20]
Recon_correct	: 16.3290
-------------------------------------
[Correct Epoch : 9/20]
Recon_correct	: 16.2309
-------------------------------------
[Correct Epoch : 10/20]
Recon_correct	: 16.1388
-------------------------------------
[Correct Epoch : 11/20]
Recon_correct	: 16.0474
-------------------------------------
[Correct Epoch : 12/20]
Recon_correct	: 15.9648
-------------------------------------
[Correct Epoch : 13/20]
Recon_correct	: 15.8882
-------------------------------------
[Correct Epoch : 14/20]
Recon_correct	: 15.8119
-------------------------------------
[Correct Epoch : 15/20]
Recon_correct	: 15.7373
-------------------------------------
[Correct Epoch : 16/20]
Recon_correct	: 15.6672
-------------------------------------
[Correct Epoch : 17/20]
Recon_correct	: 15.5971
-------------------------------------
[Correct Epoch : 18/20]
Recon_correct	: 15.5329
-------------------------------------
[Correct Epoch : 19/20]
Recon_correct	: 15.4710
-------------------------------------
[Correct Epoch : 20/20]
Recon_correct	: 15.4132
-------------------------------------
H_score: 0.2490, OS* (acc_c): 0.2592, UNK (acc_p): 0.2396, acc_mix: 0.2471, F1: 0.3160
Uploading logs from: /mnt/data/home/tp2474/OpenSet-AdaTime/experiments_logs/curriculum/RealWorld to Pamap2_UniDA_hard_n3_fno_mean/RAINCOAT_UniDA_hard_n3_fno_mean/RealWorld_to_Pamap2_run_2
🏃 View run RAINCOAT_run_2 at: http://127.0.0.1:5001/#/experiments/315617689137372120/runs/64937b41ec4c40108ef1bc7d7d613531
🧪 View experiment at: http://127.0.0.1:5001/#/experiments/315617689137372120
=============================================
Dataset: RealWorld to Pamap2_UniDA_hard_n3_fno_mean
Method:  RAINCOAT
=============================================
Source: RealWorld ---> Target: Pamap2
Run ID: 3
=============================================
[Align Epoch : 1/20]
Src_cls_loss	: 0.6574
Sink	: 0.6071
Recon	: 23.3370
-------------------------------------
[Align Epoch : 2/20]
Src_cls_loss	: 0.5050
Sink	: 0.5015
Recon	: 23.0830
-------------------------------------
[Align Epoch : 3/20]
Src_cls_loss	: 0.4285
Sink	: 0.4285
Recon	: 22.8390
-------------------------------------
[Align Epoch : 4/20]
Src_cls_loss	: 0.3826
Sink	: 0.3732
Recon	: 22.5986
-------------------------------------
[Align Epoch : 5/20]
Src_cls_loss	: 0.3507
Sink	: 0.3323
Recon	: 22.3713
-------------------------------------
[Align Epoch : 6/20]
Src_cls_loss	: 0.3262
Sink	: 0.3021
Recon	: 22.1571
-------------------------------------
[Align Epoch : 7/20]
Src_cls_loss	: 0.3072
Sink	: 0.2791
Recon	: 21.9388
-------------------------------------
[Align Epoch : 8/20]
Src_cls_loss	: 0.2913
Sink	: 0.2616
Recon	: 21.7389
-------------------------------------
[Align Epoch : 9/20]
Src_cls_loss	: 0.2774
Sink	: 0.2482
Recon	: 21.5514
-------------------------------------
[Align Epoch : 10/20]
Src_cls_loss	: 0.2649
Sink	: 0.2384
Recon	: 21.3666
-------------------------------------
[Align Epoch : 11/20]
Src_cls_loss	: 0.2536
Sink	: 0.2316
Recon	: 21.1935
-------------------------------------
[Align Epoch : 12/20]
Src_cls_loss	: 0.2443
Sink	: 0.2282
Recon	: 21.0287
-------------------------------------
[Align Epoch : 13/20]
Src_cls_loss	: 0.2355
Sink	: 0.2272
Recon	: 20.8673
-------------------------------------
[Align Epoch : 14/20]
Src_cls_loss	: 0.2280
Sink	: 0.2285
Recon	: 20.7067
-------------------------------------
[Align Epoch : 15/20]
Src_cls_loss	: 0.2212
Sink	: 0.2316
Recon	: 20.5438
-------------------------------------
[Align Epoch : 16/20]
Src_cls_loss	: 0.2148
Sink	: 0.2355
Recon	: 20.3804
-------------------------------------
[Align Epoch : 17/20]
Src_cls_loss	: 0.2090
Sink	: 0.2396
Recon	: 20.2221
-------------------------------------
[Align Epoch : 18/20]
Src_cls_loss	: 0.2036
Sink	: 0.2440
Recon	: 20.0682
-------------------------------------
[Align Epoch : 19/20]
Src_cls_loss	: 0.1986
Sink	: 0.2485
Recon	: 19.9194
-------------------------------------
[Align Epoch : 20/20]
Src_cls_loss	: 0.1936
Sink	: 0.2531
Recon	: 19.7759
-------------------------------------
[Correct Epoch : 1/20]
Recon_correct	: 16.7410
-------------------------------------
[Correct Epoch : 2/20]
Recon_correct	: 16.5811
-------------------------------------
[Correct Epoch : 3/20]
Recon_correct	: 16.4371
-------------------------------------
[Correct Epoch : 4/20]
Recon_correct	: 16.3117
-------------------------------------
[Correct Epoch : 5/20]
Recon_correct	: 16.1852
-------------------------------------
[Correct Epoch : 6/20]
Recon_correct	: 16.0822
-------------------------------------
[Correct Epoch : 7/20]
Recon_correct	: 15.9745
-------------------------------------
[Correct Epoch : 8/20]
Recon_correct	: 15.8791
-------------------------------------
[Correct Epoch : 9/20]
Recon_correct	: 15.7794
-------------------------------------
[Correct Epoch : 10/20]
Recon_correct	: 15.6834
-------------------------------------
[Correct Epoch : 11/20]
Recon_correct	: 15.5949
-------------------------------------
[Correct Epoch : 12/20]
Recon_correct	: 15.5038
-------------------------------------
[Correct Epoch : 13/20]
Recon_correct	: 15.4217
-------------------------------------
[Correct Epoch : 14/20]
Recon_correct	: 15.3424
-------------------------------------
[Correct Epoch : 15/20]
Recon_correct	: 15.2686
-------------------------------------
[Correct Epoch : 16/20]
Recon_correct	: 15.1945
-------------------------------------
[Correct Epoch : 17/20]
Recon_correct	: 15.1284
-------------------------------------
[Correct Epoch : 18/20]
Recon_correct	: 15.0626
-------------------------------------
[Correct Epoch : 19/20]
Recon_correct	: 15.0008
-------------------------------------
[Correct Epoch : 20/20]
Recon_correct	: 14.9410
-------------------------------------
H_score: 0.1389, OS* (acc_c): 0.2120, UNK (acc_p): 0.1033, acc_mix: 0.1450, F1: 0.1785
Uploading logs from: /mnt/data/home/tp2474/OpenSet-AdaTime/experiments_logs/curriculum/RealWorld to Pamap2_UniDA_hard_n3_fno_mean/RAINCOAT_UniDA_hard_n3_fno_mean/RealWorld_to_Pamap2_run_3
🏃 View run RAINCOAT_run_3 at: http://127.0.0.1:5001/#/experiments/315617689137372120/runs/f4406635e5b342eb8d5b50b40cc8cebd
🧪 View experiment at: http://127.0.0.1:5001/#/experiments/315617689137372120
=============================================
Dataset: RealWorld to Pamap2_UniDA_hard_n3_fno_mean
Method:  RAINCOAT
=============================================
Source: RealWorld ---> Target: Pamap2
Run ID: 4
=============================================
[Align Epoch : 1/20]
Src_cls_loss	: 0.6297
Sink	: 0.5798
Recon	: 23.3573
-------------------------------------
[Align Epoch : 2/20]
Src_cls_loss	: 0.4735
Sink	: 0.4810
Recon	: 23.0997
-------------------------------------
[Align Epoch : 3/20]
Src_cls_loss	: 0.4049
Sink	: 0.4122
Recon	: 22.8628
-------------------------------------
[Align Epoch : 4/20]
Src_cls_loss	: 0.3599
Sink	: 0.3592
Recon	: 22.6212
-------------------------------------
[Align Epoch : 5/20]
Src_cls_loss	: 0.3285
Sink	: 0.3210
Recon	: 22.4036
-------------------------------------
[Align Epoch : 6/20]
Src_cls_loss	: 0.3046
Sink	: 0.2929
Recon	: 22.1958
-------------------------------------
[Align Epoch : 7/20]
Src_cls_loss	: 0.2873
Sink	: 0.2726
Recon	: 21.9939
-------------------------------------
[Align Epoch : 8/20]
Src_cls_loss	: 0.2730
Sink	: 0.2579
Recon	: 21.7950
-------------------------------------
[Align Epoch : 9/20]
Src_cls_loss	: 0.2612
Sink	: 0.2463
Recon	: 21.5993
-------------------------------------
[Align Epoch : 10/20]
Src_cls_loss	: 0.2506
Sink	: 0.2377
Recon	: 21.4180
-------------------------------------
[Align Epoch : 11/20]
Src_cls_loss	: 0.2407
Sink	: 0.2319
Recon	: 21.2469
-------------------------------------
[Align Epoch : 12/20]
Src_cls_loss	: 0.2326
Sink	: 0.2288
Recon	: 21.0755
-------------------------------------
[Align Epoch : 13/20]
Src_cls_loss	: 0.2246
Sink	: 0.2287
Recon	: 20.9027
-------------------------------------
[Align Epoch : 14/20]
Src_cls_loss	: 0.2182
Sink	: 0.2312
Recon	: 20.7253
-------------------------------------
[Align Epoch : 15/20]
Src_cls_loss	: 0.2120
Sink	: 0.2348
Recon	: 20.5516
-------------------------------------
[Align Epoch : 16/20]
Src_cls_loss	: 0.2062
Sink	: 0.2390
Recon	: 20.3803
-------------------------------------
[Align Epoch : 17/20]
Src_cls_loss	: 0.2011
Sink	: 0.2434
Recon	: 20.2113
-------------------------------------
[Align Epoch : 18/20]
Src_cls_loss	: 0.1961
Sink	: 0.2481
Recon	: 20.0518
-------------------------------------
[Align Epoch : 19/20]
Src_cls_loss	: 0.1915
Sink	: 0.2527
Recon	: 19.8966
-------------------------------------
[Align Epoch : 20/20]
Src_cls_loss	: 0.1874
Sink	: 0.2573
Recon	: 19.7471
-------------------------------------
[Correct Epoch : 1/20]
Recon_correct	: 16.6297
-------------------------------------
[Correct Epoch : 2/20]
Recon_correct	: 16.4464
-------------------------------------
[Correct Epoch : 3/20]
Recon_correct	: 16.3173
-------------------------------------
[Correct Epoch : 4/20]
Recon_correct	: 16.1967
-------------------------------------
[Correct Epoch : 5/20]
Recon_correct	: 16.0758
-------------------------------------
[Correct Epoch : 6/20]
Recon_correct	: 15.9647
-------------------------------------
[Correct Epoch : 7/20]
Recon_correct	: 15.8497
-------------------------------------
[Correct Epoch : 8/20]
Recon_correct	: 15.7501
-------------------------------------
[Correct Epoch : 9/20]
Recon_correct	: 15.6487
-------------------------------------
[Correct Epoch : 10/20]
Recon_correct	: 15.5549
-------------------------------------
[Correct Epoch : 11/20]
Recon_correct	: 15.4682
-------------------------------------
[Correct Epoch : 12/20]
Recon_correct	: 15.3808
-------------------------------------
[Correct Epoch : 13/20]
Recon_correct	: 15.3004
-------------------------------------
[Correct Epoch : 14/20]
Recon_correct	: 15.2260
-------------------------------------
[Correct Epoch : 15/20]
Recon_correct	: 15.1537
-------------------------------------
[Correct Epoch : 16/20]
Recon_correct	: 15.0823
-------------------------------------
[Correct Epoch : 17/20]
Recon_correct	: 15.0172
-------------------------------------
[Correct Epoch : 18/20]
Recon_correct	: 14.9571
-------------------------------------
[Correct Epoch : 19/20]
Recon_correct	: 14.9003
-------------------------------------
[Correct Epoch : 20/20]
Recon_correct	: 14.8425
-------------------------------------
H_score: 0.3357, OS* (acc_c): 0.3604, UNK (acc_p): 0.3142, acc_mix: 0.3319, F1: 0.3279
Uploading logs from: /mnt/data/home/tp2474/OpenSet-AdaTime/experiments_logs/curriculum/RealWorld to Pamap2_UniDA_hard_n3_fno_mean/RAINCOAT_UniDA_hard_n3_fno_mean/RealWorld_to_Pamap2_run_4
🏃 View run RAINCOAT_run_4 at: http://127.0.0.1:5001/#/experiments/315617689137372120/runs/66f2b6f7a8df4aa3a41ddb1775559262
🧪 View experiment at: http://127.0.0.1:5001/#/experiments/315617689137372120
==================== [n3 fno_mean] UDA ====================
[curriculum] scenario=UniDA  strategy=hard  n_unknown=3  rank_variant=fno_mean
[curriculum] source mapping (7 classes): {'lying': 'lying', 'sitting': 'sitting', 'walking': 'walking', 'running': 'running', 'climbingup': 'climbingup', 'jumping': 'jumping', 'climbingdown': 'climbingdown'}
[curriculum] target mapping (7 classes): {'lying': 'lying', 'sitting': 'sitting', 'walking': 'walking', 'running': 'running', 'other (transient activities)': 'other (transient activities)', 'ascending stairs': 'ascending stairs', 'descending stairs': 'descending stairs'}
[curriculum] unknowns added (in hard order): src=[climbingup,jumping,climbingdown] | trg=[other (transient activities),ascending stairs,descending stairs]
[scenario] UDA -> UniDA (uniDA=True)
Unlabeled data shape:  (12430, 150, 18)
Unlabelled Combined shape: (20684, 150, 18)

--- Dataloader Size Check ---
Source Train batches:   396
Target Train batches:   194
-------------------------------

Private classes:  tensor([7., 8., 9.])
=============================================
Dataset: RealWorld to Pamap2_UniDA_hard_n3_fno_mean
Method:  UDA
=============================================
Source: RealWorld ---> Target: Pamap2
Run ID: 0
=============================================
[Pr Epoch : 1/20]
Pr_Src_cls_loss	: 0.9308
-------------------------------------
[Pr Epoch : 2/20]
Pr_Src_cls_loss	: 0.6174
-------------------------------------
[Pr Epoch : 3/20]
Pr_Src_cls_loss	: 0.4717
-------------------------------------
[Pr Epoch : 4/20]
Pr_Src_cls_loss	: 0.3864
-------------------------------------
[Pr Epoch : 5/20]
Pr_Src_cls_loss	: 0.3296
-------------------------------------
[Pr Epoch : 6/20]
Pr_Src_cls_loss	: 0.2891
-------------------------------------
[Pr Epoch : 7/20]
Pr_Src_cls_loss	: 0.2585
-------------------------------------
[Pr Epoch : 8/20]
Pr_Src_cls_loss	: 0.2346
-------------------------------------
[Pr Epoch : 9/20]
Pr_Src_cls_loss	: 0.2153
-------------------------------------
[Pr Epoch : 10/20]
Pr_Src_cls_loss	: 0.1993
-------------------------------------
[Pr Epoch : 11/20]
Pr_Src_cls_loss	: 0.1857
-------------------------------------
[Pr Epoch : 12/20]
Pr_Src_cls_loss	: 0.1743
-------------------------------------
[Pr Epoch : 13/20]
Pr_Src_cls_loss	: 0.1644
-------------------------------------
[Pr Epoch : 14/20]
Pr_Src_cls_loss	: 0.1556
-------------------------------------
[Pr Epoch : 15/20]
Pr_Src_cls_loss	: 0.1480
-------------------------------------
[Pr Epoch : 16/20]
Pr_Src_cls_loss	: 0.1411
-------------------------------------
[Pr Epoch : 17/20]
Pr_Src_cls_loss	: 0.1351
-------------------------------------
[Pr Epoch : 18/20]
Pr_Src_cls_loss	: 0.1296
-------------------------------------
[Pr Epoch : 19/20]
Pr_Src_cls_loss	: 0.1248
-------------------------------------
[Pr Epoch : 20/20]
Pr_Src_cls_loss	: 0.1202
-------------------------------------
[Epoch : 1/20]
Pr_Src_cls_loss	: 0.1202
Total_loss	: 5.7094
Domain_loss	: 1.0444
Src_cls_loss	: 0.1347
Adv Loss	: 1.3312
-------------------------------------
[Epoch : 2/20]
Pr_Src_cls_loss	: 0.1202
Total_loss	: 5.7048
Domain_loss	: 0.7963
Src_cls_loss	: 0.1405
Adv Loss	: 1.3251
-------------------------------------
[Epoch : 3/20]
Pr_Src_cls_loss	: 0.1202
Total_loss	: 5.6547
Domain_loss	: 0.6709
Src_cls_loss	: 0.1381
Adv Loss	: 1.3144
-------------------------------------
[Epoch : 4/20]
Pr_Src_cls_loss	: 0.1202
Total_loss	: 5.6553
Domain_loss	: 0.5798
Src_cls_loss	: 0.1364
Adv Loss	: 1.3160
-------------------------------------
[Epoch : 5/20]
Pr_Src_cls_loss	: 0.1202
Total_loss	: 5.6468
Domain_loss	: 0.5175
Src_cls_loss	: 0.1320
Adv Loss	: 1.3176
-------------------------------------
[Epoch : 6/20]
Pr_Src_cls_loss	: 0.1202
Total_loss	: 5.6376
Domain_loss	: 0.4725
Src_cls_loss	: 0.1297
Adv Loss	: 1.3172
-------------------------------------
[Epoch : 7/20]
Pr_Src_cls_loss	: 0.1202
Total_loss	: 5.6389
Domain_loss	: 0.4412
Src_cls_loss	: 0.1289
Adv Loss	: 1.3182
-------------------------------------
[Epoch : 8/20]
Pr_Src_cls_loss	: 0.1202
Total_loss	: 5.6337
Domain_loss	: 0.4120
Src_cls_loss	: 0.1261
Adv Loss	: 1.3193
-------------------------------------
[Epoch : 9/20]
Pr_Src_cls_loss	: 0.1202
Total_loss	: 5.6295
Domain_loss	: 0.3868
Src_cls_loss	: 0.1238
Adv Loss	: 1.3202
-------------------------------------
[Epoch : 10/20]
Pr_Src_cls_loss	: 0.1202
Total_loss	: 5.6304
Domain_loss	: 0.3669
Src_cls_loss	: 0.1215
Adv Loss	: 1.3224
-------------------------------------
[Epoch : 11/20]
Pr_Src_cls_loss	: 0.1202
Total_loss	: 5.6223
Domain_loss	: 0.3488
Src_cls_loss	: 0.1199
Adv Loss	: 1.3216
-------------------------------------
[Epoch : 12/20]
Pr_Src_cls_loss	: 0.1202
Total_loss	: 5.6234
Domain_loss	: 0.3364
Src_cls_loss	: 0.1188
Adv Loss	: 1.3229
-------------------------------------
[Epoch : 13/20]
Pr_Src_cls_loss	: 0.1202
Total_loss	: 5.6219
Domain_loss	: 0.3223
Src_cls_loss	: 0.1171
Adv Loss	: 1.3240
-------------------------------------
[Epoch : 14/20]
Pr_Src_cls_loss	: 0.1202
Total_loss	: 5.6206
Domain_loss	: 0.3087
Src_cls_loss	: 0.1153
Adv Loss	: 1.3251
-------------------------------------
[Epoch : 15/20]
Pr_Src_cls_loss	: 0.1202
Total_loss	: 5.6172
Domain_loss	: 0.2988
Src_cls_loss	: 0.1139
Adv Loss	: 1.3254
-------------------------------------
[Epoch : 16/20]
Pr_Src_cls_loss	: 0.1202
Total_loss	: 5.6149
Domain_loss	: 0.2891
Src_cls_loss	: 0.1127
Adv Loss	: 1.3259
-------------------------------------
[Epoch : 17/20]
Pr_Src_cls_loss	: 0.1202
Total_loss	: 5.6145
Domain_loss	: 0.2803
Src_cls_loss	: 0.1115
Adv Loss	: 1.3268
-------------------------------------
[Epoch : 18/20]
Pr_Src_cls_loss	: 0.1202
Total_loss	: 5.6168
Domain_loss	: 0.2724
Src_cls_loss	: 0.1107
Adv Loss	: 1.3281
-------------------------------------
[Epoch : 19/20]
Pr_Src_cls_loss	: 0.1202
Total_loss	: 5.6168
Domain_loss	: 0.2656
Src_cls_loss	: 0.1100
Adv Loss	: 1.3287
-------------------------------------
[Epoch : 20/20]
Pr_Src_cls_loss	: 0.1202
Total_loss	: 5.6207
Domain_loss	: 0.2586
Src_cls_loss	: 0.1091
Adv Loss	: 1.3304
-------------------------------------
/mnt/data/home/tp2474/OpenSet-AdaTime/trainers/abstract_trainer.py:331: FutureWarning: The behavior of DataFrame concatenation with empty or all-NA entries is deprecated. In a future version, this will no longer exclude empty or all-NA columns when determining the result dtypes. To retain the old behavior, exclude the relevant entries before the concat operation.
  table = pd.concat([table, results_df], ignore_index=True)
H_score: 0.4758, OS* (acc_c): 0.6285, UNK (acc_p): 0.3829, acc_mix: 0.4770, F1: 0.5158
Uploading logs from: /mnt/data/home/tp2474/OpenSet-AdaTime/experiments_logs/curriculum/RealWorld to Pamap2_UniDA_hard_n3_fno_mean/UDA_UniDA_hard_n3_fno_mean/RealWorld_to_Pamap2_run_0
🏃 View run UDA_run_0 at: http://127.0.0.1:5001/#/experiments/315617689137372120/runs/32481d68bad941069486d8cc4756b0bd
🧪 View experiment at: http://127.0.0.1:5001/#/experiments/315617689137372120
=============================================
Dataset: RealWorld to Pamap2_UniDA_hard_n3_fno_mean
Method:  UDA
=============================================
Source: RealWorld ---> Target: Pamap2
Run ID: 1
=============================================
[Pr Epoch : 1/20]
Pr_Src_cls_loss	: 0.9554
-------------------------------------
[Pr Epoch : 2/20]
Pr_Src_cls_loss	: 0.6312
-------------------------------------
[Pr Epoch : 3/20]
Pr_Src_cls_loss	: 0.4810
-------------------------------------
[Pr Epoch : 4/20]
Pr_Src_cls_loss	: 0.3935
-------------------------------------
[Pr Epoch : 5/20]
Pr_Src_cls_loss	: 0.3353
-------------------------------------
[Pr Epoch : 6/20]
Pr_Src_cls_loss	: 0.2938
-------------------------------------
[Pr Epoch : 7/20]
Pr_Src_cls_loss	: 0.2623
-------------------------------------
[Pr Epoch : 8/20]
Pr_Src_cls_loss	: 0.2374
-------------------------------------
[Pr Epoch : 9/20]
Pr_Src_cls_loss	: 0.2174
-------------------------------------
[Pr Epoch : 10/20]
Pr_Src_cls_loss	: 0.2009
-------------------------------------
[Pr Epoch : 11/20]
Pr_Src_cls_loss	: 0.1874
-------------------------------------
[Pr Epoch : 12/20]
Pr_Src_cls_loss	: 0.1754
-------------------------------------
[Pr Epoch : 13/20]
Pr_Src_cls_loss	: 0.1654
-------------------------------------
[Pr Epoch : 14/20]
Pr_Src_cls_loss	: 0.1566
-------------------------------------
[Pr Epoch : 15/20]
Pr_Src_cls_loss	: 0.1487
-------------------------------------
[Pr Epoch : 16/20]
Pr_Src_cls_loss	: 0.1420
-------------------------------------
[Pr Epoch : 17/20]
Pr_Src_cls_loss	: 0.1359
-------------------------------------
[Pr Epoch : 18/20]
Pr_Src_cls_loss	: 0.1303
-------------------------------------
[Pr Epoch : 19/20]
Pr_Src_cls_loss	: 0.1253
-------------------------------------
[Pr Epoch : 20/20]
Pr_Src_cls_loss	: 0.1208
-------------------------------------
[Epoch : 1/20]
Pr_Src_cls_loss	: 0.1208
Total_loss	: 5.6383
Domain_loss	: 0.9878
Src_cls_loss	: 0.1286
Adv Loss	: 1.3184
-------------------------------------
[Epoch : 2/20]
Pr_Src_cls_loss	: 0.1208
Total_loss	: 5.6338
Domain_loss	: 0.8221
Src_cls_loss	: 0.1360
Adv Loss	: 1.3110
-------------------------------------
[Epoch : 3/20]
Pr_Src_cls_loss	: 0.1208
Total_loss	: 5.6345
Domain_loss	: 0.7102
Src_cls_loss	: 0.1382
Adv Loss	: 1.3092
-------------------------------------
[Epoch : 4/20]
Pr_Src_cls_loss	: 0.1208
Total_loss	: 5.6394
Domain_loss	: 0.6047
Src_cls_loss	: 0.1349
Adv Loss	: 1.3133
-------------------------------------
[Epoch : 5/20]
Pr_Src_cls_loss	: 0.1208
Total_loss	: 5.6250
Domain_loss	: 0.5367
Src_cls_loss	: 0.1309
Adv Loss	: 1.3131
-------------------------------------
[Epoch : 6/20]
Pr_Src_cls_loss	: 0.1208
Total_loss	: 5.6162
Domain_loss	: 0.4981
Src_cls_loss	: 0.1292
Adv Loss	: 1.3122
-------------------------------------
[Epoch : 7/20]
Pr_Src_cls_loss	: 0.1208
Total_loss	: 5.6054
Domain_loss	: 0.4623
Src_cls_loss	: 0.1275
Adv Loss	: 1.3110
-------------------------------------
[Epoch : 8/20]
Pr_Src_cls_loss	: 0.1208
Total_loss	: 5.5984
Domain_loss	: 0.4368
Src_cls_loss	: 0.1261
Adv Loss	: 1.3104
-------------------------------------
[Epoch : 9/20]
Pr_Src_cls_loss	: 0.1208
Total_loss	: 5.6021
Domain_loss	: 0.4120
Src_cls_loss	: 0.1241
Adv Loss	: 1.3130
-------------------------------------
[Epoch : 10/20]
Pr_Src_cls_loss	: 0.1208
Total_loss	: 5.5970
Domain_loss	: 0.3905
Src_cls_loss	: 0.1221
Adv Loss	: 1.3134
-------------------------------------
[Epoch : 11/20]
Pr_Src_cls_loss	: 0.1208
Total_loss	: 5.5919
Domain_loss	: 0.3748
Src_cls_loss	: 0.1209
Adv Loss	: 1.3131
-------------------------------------
[Epoch : 12/20]
Pr_Src_cls_loss	: 0.1208
Total_loss	: 5.5951
Domain_loss	: 0.3616
Src_cls_loss	: 0.1195
Adv Loss	: 1.3152
-------------------------------------
[Epoch : 13/20]
Pr_Src_cls_loss	: 0.1208
Total_loss	: 5.5960
Domain_loss	: 0.3485
Src_cls_loss	: 0.1178
Adv Loss	: 1.3168
-------------------------------------
[Epoch : 14/20]
Pr_Src_cls_loss	: 0.1208
Total_loss	: 5.5927
Domain_loss	: 0.3369
Src_cls_loss	: 0.1164
Adv Loss	: 1.3172
-------------------------------------
[Epoch : 15/20]
Pr_Src_cls_loss	: 0.1208
Total_loss	: 5.5910
Domain_loss	: 0.3249
Src_cls_loss	: 0.1152
Adv Loss	: 1.3177
-------------------------------------
[Epoch : 16/20]
Pr_Src_cls_loss	: 0.1208
Total_loss	: 5.5934
Domain_loss	: 0.3140
Src_cls_loss	: 0.1142
Adv Loss	: 1.3192
-------------------------------------
[Epoch : 17/20]
Pr_Src_cls_loss	: 0.1208
Total_loss	: 5.5970
Domain_loss	: 0.3027
Src_cls_loss	: 0.1129
Adv Loss	: 1.3212
-------------------------------------
[Epoch : 18/20]
Pr_Src_cls_loss	: 0.1208
Total_loss	: 5.5998
Domain_loss	: 0.2939
Src_cls_loss	: 0.1118
Adv Loss	: 1.3229
-------------------------------------
[Epoch : 19/20]
Pr_Src_cls_loss	: 0.1208
Total_loss	: 5.6045
Domain_loss	: 0.2838
Src_cls_loss	: 0.1104
Adv Loss	: 1.3252
-------------------------------------
[Epoch : 20/20]
Pr_Src_cls_loss	: 0.1208
Total_loss	: 5.6058
Domain_loss	: 0.2748
Src_cls_loss	: 0.1090
Adv Loss	: 1.3267
-------------------------------------
H_score: 0.4312, OS* (acc_c): 0.4616, UNK (acc_p): 0.4046, acc_mix: 0.4265, F1: 0.4692
Uploading logs from: /mnt/data/home/tp2474/OpenSet-AdaTime/experiments_logs/curriculum/RealWorld to Pamap2_UniDA_hard_n3_fno_mean/UDA_UniDA_hard_n3_fno_mean/RealWorld_to_Pamap2_run_1
🏃 View run UDA_run_1 at: http://127.0.0.1:5001/#/experiments/315617689137372120/runs/b7637b9cef84432e830108b2fd4ee1b3
🧪 View experiment at: http://127.0.0.1:5001/#/experiments/315617689137372120
=============================================
Dataset: RealWorld to Pamap2_UniDA_hard_n3_fno_mean
Method:  UDA
=============================================
Source: RealWorld ---> Target: Pamap2
Run ID: 2
=============================================
[Pr Epoch : 1/20]
Pr_Src_cls_loss	: 0.9497
-------------------------------------
[Pr Epoch : 2/20]
Pr_Src_cls_loss	: 0.6307
-------------------------------------
[Pr Epoch : 3/20]
Pr_Src_cls_loss	: 0.4812
-------------------------------------
[Pr Epoch : 4/20]
Pr_Src_cls_loss	: 0.3932
-------------------------------------
[Pr Epoch : 5/20]
Pr_Src_cls_loss	: 0.3358
-------------------------------------
[Pr Epoch : 6/20]
Pr_Src_cls_loss	: 0.2943
-------------------------------------
[Pr Epoch : 7/20]
Pr_Src_cls_loss	: 0.2628
-------------------------------------
[Pr Epoch : 8/20]
Pr_Src_cls_loss	: 0.2381
-------------------------------------
[Pr Epoch : 9/20]
Pr_Src_cls_loss	: 0.2180
-------------------------------------
[Pr Epoch : 10/20]
Pr_Src_cls_loss	: 0.2016
-------------------------------------
[Pr Epoch : 11/20]
Pr_Src_cls_loss	: 0.1877
-------------------------------------
[Pr Epoch : 12/20]
Pr_Src_cls_loss	: 0.1763
-------------------------------------
[Pr Epoch : 13/20]
Pr_Src_cls_loss	: 0.1663
-------------------------------------
[Pr Epoch : 14/20]
Pr_Src_cls_loss	: 0.1576
-------------------------------------
[Pr Epoch : 15/20]
Pr_Src_cls_loss	: 0.1500
-------------------------------------
[Pr Epoch : 16/20]
Pr_Src_cls_loss	: 0.1429
-------------------------------------
[Pr Epoch : 17/20]
Pr_Src_cls_loss	: 0.1369
-------------------------------------
[Pr Epoch : 18/20]
Pr_Src_cls_loss	: 0.1314
-------------------------------------
[Pr Epoch : 19/20]
Pr_Src_cls_loss	: 0.1265
-------------------------------------
[Pr Epoch : 20/20]
Pr_Src_cls_loss	: 0.1219
-------------------------------------
[Epoch : 1/20]
Pr_Src_cls_loss	: 0.1219
Total_loss	: 5.6523
Domain_loss	: 0.9581
Src_cls_loss	: 0.1308
Adv Loss	: 1.3200
-------------------------------------
[Epoch : 2/20]
Pr_Src_cls_loss	: 0.1219
Total_loss	: 5.6863
Domain_loss	: 0.7070
Src_cls_loss	: 0.1364
Adv Loss	: 1.3239
-------------------------------------
[Epoch : 3/20]
Pr_Src_cls_loss	: 0.1219
Total_loss	: 5.6598
Domain_loss	: 0.5922
Src_cls_loss	: 0.1364
Adv Loss	: 1.3172
-------------------------------------
[Epoch : 4/20]
Pr_Src_cls_loss	: 0.1219
Total_loss	: 5.6287
Domain_loss	: 0.5243
Src_cls_loss	: 0.1348
Adv Loss	: 1.3107
-------------------------------------
[Epoch : 5/20]
Pr_Src_cls_loss	: 0.1219
Total_loss	: 5.6187
Domain_loss	: 0.4725
Src_cls_loss	: 0.1314
Adv Loss	: 1.3110
-------------------------------------
[Epoch : 6/20]
Pr_Src_cls_loss	: 0.1219
Total_loss	: 5.6166
Domain_loss	: 0.4344
Src_cls_loss	: 0.1285
Adv Loss	: 1.3129
-------------------------------------
[Epoch : 7/20]
Pr_Src_cls_loss	: 0.1219
Total_loss	: 5.6230
Domain_loss	: 0.4035
Src_cls_loss	: 0.1266
Adv Loss	: 1.3162
-------------------------------------
[Epoch : 8/20]
Pr_Src_cls_loss	: 0.1219
Total_loss	: 5.6185
Domain_loss	: 0.3782
Src_cls_loss	: 0.1241
Adv Loss	: 1.3171
-------------------------------------
[Epoch : 9/20]
Pr_Src_cls_loss	: 0.1219
Total_loss	: 5.6254
Domain_loss	: 0.3551
Src_cls_loss	: 0.1225
Adv Loss	: 1.3203
-------------------------------------
[Epoch : 10/20]
Pr_Src_cls_loss	: 0.1219
Total_loss	: 5.6257
Domain_loss	: 0.3347
Src_cls_loss	: 0.1207
Adv Loss	: 1.3219
-------------------------------------
[Epoch : 11/20]
Pr_Src_cls_loss	: 0.1219
Total_loss	: 5.6262
Domain_loss	: 0.3186
Src_cls_loss	: 0.1188
Adv Loss	: 1.3236
-------------------------------------
[Epoch : 12/20]
Pr_Src_cls_loss	: 0.1219
Total_loss	: 5.6272
Domain_loss	: 0.3057
Src_cls_loss	: 0.1174
Adv Loss	: 1.3250
-------------------------------------
[Epoch : 13/20]
Pr_Src_cls_loss	: 0.1219
Total_loss	: 5.6294
Domain_loss	: 0.2941
Src_cls_loss	: 0.1160
Adv Loss	: 1.3268
-------------------------------------
[Epoch : 14/20]
Pr_Src_cls_loss	: 0.1219
Total_loss	: 5.6273
Domain_loss	: 0.2847
Src_cls_loss	: 0.1145
Adv Loss	: 1.3275
-------------------------------------
[Epoch : 15/20]
Pr_Src_cls_loss	: 0.1219
Total_loss	: 5.6228
Domain_loss	: 0.2754
Src_cls_loss	: 0.1128
Adv Loss	: 1.3278
-------------------------------------
[Epoch : 16/20]
Pr_Src_cls_loss	: 0.1219
Total_loss	: 5.6205
Domain_loss	: 0.2687
Src_cls_loss	: 0.1119
Adv Loss	: 1.3280
-------------------------------------
[Epoch : 17/20]
Pr_Src_cls_loss	: 0.1219
Total_loss	: 5.6225
Domain_loss	: 0.2618
Src_cls_loss	: 0.1113
Adv Loss	: 1.3291
-------------------------------------
[Epoch : 18/20]
Pr_Src_cls_loss	: 0.1219
Total_loss	: 5.6252
Domain_loss	: 0.2548
Src_cls_loss	: 0.1105
Adv Loss	: 1.3304
-------------------------------------
[Epoch : 19/20]
Pr_Src_cls_loss	: 0.1219
Total_loss	: 5.6282
Domain_loss	: 0.2472
Src_cls_loss	: 0.1095
Adv Loss	: 1.3320
-------------------------------------
[Epoch : 20/20]
Pr_Src_cls_loss	: 0.1219
Total_loss	: 5.6303
Domain_loss	: 0.2419
Src_cls_loss	: 0.1084
Adv Loss	: 1.3334
-------------------------------------
H_score: 0.4084, OS* (acc_c): 0.4845, UNK (acc_p): 0.3530, acc_mix: 0.4034, F1: 0.4345
Uploading logs from: /mnt/data/home/tp2474/OpenSet-AdaTime/experiments_logs/curriculum/RealWorld to Pamap2_UniDA_hard_n3_fno_mean/UDA_UniDA_hard_n3_fno_mean/RealWorld_to_Pamap2_run_2
🏃 View run UDA_run_2 at: http://127.0.0.1:5001/#/experiments/315617689137372120/runs/6f305fe29475420ebca059c17afa34a8
🧪 View experiment at: http://127.0.0.1:5001/#/experiments/315617689137372120
=============================================
Dataset: RealWorld to Pamap2_UniDA_hard_n3_fno_mean
Method:  UDA
=============================================
Source: RealWorld ---> Target: Pamap2
Run ID: 3
=============================================
[Pr Epoch : 1/20]
Pr_Src_cls_loss	: 0.9470
-------------------------------------
[Pr Epoch : 2/20]
Pr_Src_cls_loss	: 0.6274
-------------------------------------
[Pr Epoch : 3/20]
Pr_Src_cls_loss	: 0.4790
-------------------------------------
[Pr Epoch : 4/20]
Pr_Src_cls_loss	: 0.3922
-------------------------------------
[Pr Epoch : 5/20]
Pr_Src_cls_loss	: 0.3354
-------------------------------------
[Pr Epoch : 6/20]
Pr_Src_cls_loss	: 0.2947
-------------------------------------
[Pr Epoch : 7/20]
Pr_Src_cls_loss	: 0.2642
-------------------------------------
[Pr Epoch : 8/20]
Pr_Src_cls_loss	: 0.2395
-------------------------------------
[Pr Epoch : 9/20]
Pr_Src_cls_loss	: 0.2200
-------------------------------------
[Pr Epoch : 10/20]
Pr_Src_cls_loss	: 0.2039
-------------------------------------
[Pr Epoch : 11/20]
Pr_Src_cls_loss	: 0.1901
-------------------------------------
[Pr Epoch : 12/20]
Pr_Src_cls_loss	: 0.1782
-------------------------------------
[Pr Epoch : 13/20]
Pr_Src_cls_loss	: 0.1684
-------------------------------------
[Pr Epoch : 14/20]
Pr_Src_cls_loss	: 0.1596
-------------------------------------
[Pr Epoch : 15/20]
Pr_Src_cls_loss	: 0.1520
-------------------------------------
[Pr Epoch : 16/20]
Pr_Src_cls_loss	: 0.1450
-------------------------------------
[Pr Epoch : 17/20]
Pr_Src_cls_loss	: 0.1390
-------------------------------------
[Pr Epoch : 18/20]
Pr_Src_cls_loss	: 0.1334
-------------------------------------
[Pr Epoch : 19/20]
Pr_Src_cls_loss	: 0.1283
-------------------------------------
[Pr Epoch : 20/20]
Pr_Src_cls_loss	: 0.1236
-------------------------------------
[Epoch : 1/20]
Pr_Src_cls_loss	: 0.1236
Total_loss	: 5.7233
Domain_loss	: 0.9936
Src_cls_loss	: 0.1357
Adv Loss	: 1.3338
-------------------------------------
[Epoch : 2/20]
Pr_Src_cls_loss	: 0.1236
Total_loss	: 5.7077
Domain_loss	: 0.7664
Src_cls_loss	: 0.1429
Adv Loss	: 1.3238
-------------------------------------
[Epoch : 3/20]
Pr_Src_cls_loss	: 0.1236
Total_loss	: 5.6828
Domain_loss	: 0.6415
Src_cls_loss	: 0.1422
Adv Loss	: 1.3181
-------------------------------------
[Epoch : 4/20]
Pr_Src_cls_loss	: 0.1236
Total_loss	: 5.6666
Domain_loss	: 0.5548
Src_cls_loss	: 0.1414
Adv Loss	: 1.3146
-------------------------------------
[Epoch : 5/20]
Pr_Src_cls_loss	: 0.1236
Total_loss	: 5.6558
Domain_loss	: 0.5122
Src_cls_loss	: 0.1394
Adv Loss	: 1.3136
-------------------------------------
[Epoch : 6/20]
Pr_Src_cls_loss	: 0.1236
Total_loss	: 5.6506
Domain_loss	: 0.4799
Src_cls_loss	: 0.1372
Adv Loss	: 1.3142
-------------------------------------
[Epoch : 7/20]
Pr_Src_cls_loss	: 0.1236
Total_loss	: 5.6460
Domain_loss	: 0.4387
Src_cls_loss	: 0.1336
Adv Loss	: 1.3160
-------------------------------------
[Epoch : 8/20]
Pr_Src_cls_loss	: 0.1236
Total_loss	: 5.6416
Domain_loss	: 0.4140
Src_cls_loss	: 0.1306
Adv Loss	: 1.3175
-------------------------------------
[Epoch : 9/20]
Pr_Src_cls_loss	: 0.1236
Total_loss	: 5.6415
Domain_loss	: 0.3918
Src_cls_loss	: 0.1280
Adv Loss	: 1.3196
-------------------------------------
[Epoch : 10/20]
Pr_Src_cls_loss	: 0.1236
Total_loss	: 5.6375
Domain_loss	: 0.3709
Src_cls_loss	: 0.1253
Adv Loss	: 1.3210
-------------------------------------
[Epoch : 11/20]
Pr_Src_cls_loss	: 0.1236
Total_loss	: 5.6370
Domain_loss	: 0.3525
Src_cls_loss	: 0.1233
Adv Loss	: 1.3225
-------------------------------------
[Epoch : 12/20]
Pr_Src_cls_loss	: 0.1236
Total_loss	: 5.6300
Domain_loss	: 0.3391
Src_cls_loss	: 0.1216
Adv Loss	: 1.3222
-------------------------------------
[Epoch : 13/20]
Pr_Src_cls_loss	: 0.1236
Total_loss	: 5.6286
Domain_loss	: 0.3273
Src_cls_loss	: 0.1197
Adv Loss	: 1.3235
-------------------------------------
[Epoch : 14/20]
Pr_Src_cls_loss	: 0.1236
Total_loss	: 5.6305
Domain_loss	: 0.3153
Src_cls_loss	: 0.1183
Adv Loss	: 1.3251
-------------------------------------
[Epoch : 15/20]
Pr_Src_cls_loss	: 0.1236
Total_loss	: 5.6263
Domain_loss	: 0.3041
Src_cls_loss	: 0.1165
Adv Loss	: 1.3256
-------------------------------------
[Epoch : 16/20]
Pr_Src_cls_loss	: 0.1236
Total_loss	: 5.6317
Domain_loss	: 0.2947
Src_cls_loss	: 0.1150
Adv Loss	: 1.3282
-------------------------------------
[Epoch : 17/20]
Pr_Src_cls_loss	: 0.1236
Total_loss	: 5.6320
Domain_loss	: 0.2850
Src_cls_loss	: 0.1135
Adv Loss	: 1.3296
-------------------------------------
[Epoch : 18/20]
Pr_Src_cls_loss	: 0.1236
Total_loss	: 5.6321
Domain_loss	: 0.2765
Src_cls_loss	: 0.1119
Adv Loss	: 1.3309
-------------------------------------
[Epoch : 19/20]
Pr_Src_cls_loss	: 0.1236
Total_loss	: 5.6337
Domain_loss	: 0.2687
Src_cls_loss	: 0.1105
Adv Loss	: 1.3325
-------------------------------------
[Epoch : 20/20]
Pr_Src_cls_loss	: 0.1236
Total_loss	: 5.6332
Domain_loss	: 0.2605
Src_cls_loss	: 0.1090
Adv Loss	: 1.3337
-------------------------------------
H_score: 0.4614, OS* (acc_c): 0.5691, UNK (acc_p): 0.3879, acc_mix: 0.4574, F1: 0.4922
Uploading logs from: /mnt/data/home/tp2474/OpenSet-AdaTime/experiments_logs/curriculum/RealWorld to Pamap2_UniDA_hard_n3_fno_mean/UDA_UniDA_hard_n3_fno_mean/RealWorld_to_Pamap2_run_3
🏃 View run UDA_run_3 at: http://127.0.0.1:5001/#/experiments/315617689137372120/runs/470e7cd1064243e396ecf7570c6b2cc6
🧪 View experiment at: http://127.0.0.1:5001/#/experiments/315617689137372120
=============================================
Dataset: RealWorld to Pamap2_UniDA_hard_n3_fno_mean
Method:  UDA
=============================================
Source: RealWorld ---> Target: Pamap2
Run ID: 4
=============================================
[Pr Epoch : 1/20]
Pr_Src_cls_loss	: 0.9458
-------------------------------------
[Pr Epoch : 2/20]
Pr_Src_cls_loss	: 0.6294
-------------------------------------
[Pr Epoch : 3/20]
Pr_Src_cls_loss	: 0.4803
-------------------------------------
[Pr Epoch : 4/20]
Pr_Src_cls_loss	: 0.3930
-------------------------------------
[Pr Epoch : 5/20]
Pr_Src_cls_loss	: 0.3360
-------------------------------------
[Pr Epoch : 6/20]
Pr_Src_cls_loss	: 0.2951
-------------------------------------
[Pr Epoch : 7/20]
Pr_Src_cls_loss	: 0.2635
-------------------------------------
[Pr Epoch : 8/20]
Pr_Src_cls_loss	: 0.2388
-------------------------------------
[Pr Epoch : 9/20]
Pr_Src_cls_loss	: 0.2190
-------------------------------------
[Pr Epoch : 10/20]
Pr_Src_cls_loss	: 0.2026
-------------------------------------
[Pr Epoch : 11/20]
Pr_Src_cls_loss	: 0.1890
-------------------------------------
[Pr Epoch : 12/20]
Pr_Src_cls_loss	: 0.1772
-------------------------------------
[Pr Epoch : 13/20]
Pr_Src_cls_loss	: 0.1669
-------------------------------------
[Pr Epoch : 14/20]
Pr_Src_cls_loss	: 0.1579
-------------------------------------
[Pr Epoch : 15/20]
Pr_Src_cls_loss	: 0.1501
-------------------------------------
[Pr Epoch : 16/20]
Pr_Src_cls_loss	: 0.1431
-------------------------------------
[Pr Epoch : 17/20]
Pr_Src_cls_loss	: 0.1369
-------------------------------------
[Pr Epoch : 18/20]
Pr_Src_cls_loss	: 0.1313
-------------------------------------
[Pr Epoch : 19/20]
Pr_Src_cls_loss	: 0.1263
-------------------------------------
[Pr Epoch : 20/20]
Pr_Src_cls_loss	: 0.1217
-------------------------------------
[Epoch : 1/20]
Pr_Src_cls_loss	: 0.1217
Total_loss	: 5.6723
Domain_loss	: 1.0440
Src_cls_loss	: 0.1243
Adv Loss	: 1.3306
-------------------------------------
[Epoch : 2/20]
Pr_Src_cls_loss	: 0.1217
Total_loss	: 5.6573
Domain_loss	: 0.8278
Src_cls_loss	: 0.1366
Adv Loss	: 1.3164
-------------------------------------
[Epoch : 3/20]
Pr_Src_cls_loss	: 0.1217
Total_loss	: 5.6493
Domain_loss	: 0.6899
Src_cls_loss	: 0.1350
Adv Loss	: 1.3157
-------------------------------------
[Epoch : 4/20]
Pr_Src_cls_loss	: 0.1217
Total_loss	: 5.6536
Domain_loss	: 0.5936
Src_cls_loss	: 0.1325
Adv Loss	: 1.3189
-------------------------------------
[Epoch : 5/20]
Pr_Src_cls_loss	: 0.1217
Total_loss	: 5.6400
Domain_loss	: 0.5328
Src_cls_loss	: 0.1307
Adv Loss	: 1.3170
-------------------------------------
[Epoch : 6/20]
Pr_Src_cls_loss	: 0.1217
Total_loss	: 5.6352
Domain_loss	: 0.4898
Src_cls_loss	: 0.1285
Adv Loss	: 1.3177
-------------------------------------
[Epoch : 7/20]
Pr_Src_cls_loss	: 0.1217
Total_loss	: 5.6273
Domain_loss	: 0.4468
Src_cls_loss	: 0.1250
Adv Loss	: 1.3186
-------------------------------------
[Epoch : 8/20]
Pr_Src_cls_loss	: 0.1217
Total_loss	: 5.6109
Domain_loss	: 0.4151
Src_cls_loss	: 0.1214
Adv Loss	: 1.3175
-------------------------------------
[Epoch : 9/20]
Pr_Src_cls_loss	: 0.1217
Total_loss	: 5.6080
Domain_loss	: 0.3938
Src_cls_loss	: 0.1192
Adv Loss	: 1.3187
-------------------------------------
[Epoch : 10/20]
Pr_Src_cls_loss	: 0.1217
Total_loss	: 5.6049
Domain_loss	: 0.3779
Src_cls_loss	: 0.1179
Adv Loss	: 1.3190
-------------------------------------
[Epoch : 11/20]
Pr_Src_cls_loss	: 0.1217
Total_loss	: 5.6090
Domain_loss	: 0.3629
Src_cls_loss	: 0.1172
Adv Loss	: 1.3207
-------------------------------------
[Epoch : 12/20]
Pr_Src_cls_loss	: 0.1217
Total_loss	: 5.6066
Domain_loss	: 0.3468
Src_cls_loss	: 0.1160
Adv Loss	: 1.3210
-------------------------------------
[Epoch : 13/20]
Pr_Src_cls_loss	: 0.1217
Total_loss	: 5.6012
Domain_loss	: 0.3335
Src_cls_loss	: 0.1145
Adv Loss	: 1.3209
-------------------------------------
[Epoch : 14/20]
Pr_Src_cls_loss	: 0.1217
Total_loss	: 5.6039
Domain_loss	: 0.3205
Src_cls_loss	: 0.1132
Adv Loss	: 1.3227
-------------------------------------
[Epoch : 15/20]
Pr_Src_cls_loss	: 0.1217
Total_loss	: 5.5997
Domain_loss	: 0.3084
Src_cls_loss	: 0.1116
Adv Loss	: 1.3230
-------------------------------------
[Epoch : 16/20]
Pr_Src_cls_loss	: 0.1217
Total_loss	: 5.6018
Domain_loss	: 0.2982
Src_cls_loss	: 0.1100
Adv Loss	: 1.3249
-------------------------------------
[Epoch : 17/20]
Pr_Src_cls_loss	: 0.1217
Total_loss	: 5.5995
Domain_loss	: 0.2893
Src_cls_loss	: 0.1088
Adv Loss	: 1.3253
-------------------------------------
[Epoch : 18/20]
Pr_Src_cls_loss	: 0.1217
Total_loss	: 5.5974
Domain_loss	: 0.2799
Src_cls_loss	: 0.1072
Adv Loss	: 1.3261
-------------------------------------
[Epoch : 19/20]
Pr_Src_cls_loss	: 0.1217
Total_loss	: 5.5958
Domain_loss	: 0.2726
Src_cls_loss	: 0.1059
Adv Loss	: 1.3269
-------------------------------------
[Epoch : 20/20]
Pr_Src_cls_loss	: 0.1217
Total_loss	: 5.5965
Domain_loss	: 0.2652
Src_cls_loss	: 0.1046
Adv Loss	: 1.3281
-------------------------------------
H_score: 0.4287, OS* (acc_c): 0.5565, UNK (acc_p): 0.3487, acc_mix: 0.4283, F1: 0.4635
Uploading logs from: /mnt/data/home/tp2474/OpenSet-AdaTime/experiments_logs/curriculum/RealWorld to Pamap2_UniDA_hard_n3_fno_mean/UDA_UniDA_hard_n3_fno_mean/RealWorld_to_Pamap2_run_4
🏃 View run UDA_run_4 at: http://127.0.0.1:5001/#/experiments/315617689137372120/runs/ae7ed954d25943079e8d08f6c5bc8861
🧪 View experiment at: http://127.0.0.1:5001/#/experiments/315617689137372120
==================== [n3 fno_mean] OVANet ====================
[curriculum] scenario=UniDA  strategy=hard  n_unknown=3  rank_variant=fno_mean
[curriculum] source mapping (7 classes): {'lying': 'lying', 'sitting': 'sitting', 'walking': 'walking', 'running': 'running', 'climbingup': 'climbingup', 'jumping': 'jumping', 'climbingdown': 'climbingdown'}
[curriculum] target mapping (7 classes): {'lying': 'lying', 'sitting': 'sitting', 'walking': 'walking', 'running': 'running', 'other (transient activities)': 'other (transient activities)', 'ascending stairs': 'ascending stairs', 'descending stairs': 'descending stairs'}
[curriculum] unknowns added (in hard order): src=[climbingup,jumping,climbingdown] | trg=[other (transient activities),ascending stairs,descending stairs]
[scenario] OVANet -> UniDA (uniDA=True)
Unlabeled data shape:  (12430, 150, 18)
Unlabelled Combined shape: (20684, 150, 18)

--- Dataloader Size Check ---
Source Train batches:   396
Target Train batches:   194
-------------------------------

Private classes:  tensor([7., 8., 9.])
=============================================
Dataset: RealWorld to Pamap2_UniDA_hard_n3_fno_mean
Method:  OVANet
=============================================
Source: RealWorld ---> Target: Pamap2
Run ID: 0
=============================================
[Pr Epoch : 1/20]
Pr_Src_cls_loss	: 0.9330
-------------------------------------
[Pr Epoch : 2/20]
Pr_Src_cls_loss	: 0.6183
-------------------------------------
[Pr Epoch : 3/20]
Pr_Src_cls_loss	: 0.4709
-------------------------------------
[Pr Epoch : 4/20]
Pr_Src_cls_loss	: 0.3844
-------------------------------------
[Pr Epoch : 5/20]
Pr_Src_cls_loss	: 0.3271
-------------------------------------
[Pr Epoch : 6/20]
Pr_Src_cls_loss	: 0.2855
-------------------------------------
[Pr Epoch : 7/20]
Pr_Src_cls_loss	: 0.2545
-------------------------------------
[Pr Epoch : 8/20]
Pr_Src_cls_loss	: 0.2296
-------------------------------------
[Pr Epoch : 9/20]
Pr_Src_cls_loss	: 0.2093
-------------------------------------
[Pr Epoch : 10/20]
Pr_Src_cls_loss	: 0.1926
-------------------------------------
[Pr Epoch : 11/20]
Pr_Src_cls_loss	: 0.1787
-------------------------------------
[Pr Epoch : 12/20]
Pr_Src_cls_loss	: 0.1666
-------------------------------------
[Pr Epoch : 13/20]
Pr_Src_cls_loss	: 0.1563
-------------------------------------
[Pr Epoch : 14/20]
Pr_Src_cls_loss	: 0.1472
-------------------------------------
[Pr Epoch : 15/20]
Pr_Src_cls_loss	: 0.1393
-------------------------------------
[Pr Epoch : 16/20]
Pr_Src_cls_loss	: 0.1321
-------------------------------------
[Pr Epoch : 17/20]
Pr_Src_cls_loss	: 0.1256
-------------------------------------
[Pr Epoch : 18/20]
Pr_Src_cls_loss	: 0.1196
-------------------------------------
[Pr Epoch : 19/20]
Pr_Src_cls_loss	: 0.1145
-------------------------------------
[Pr Epoch : 20/20]
Pr_Src_cls_loss	: 0.1097
-------------------------------------
[Epoch : 1/20]
Pr_Src_cls_loss	: 0.1097
Total_loss	: 1.3574
Open Loss	: 0.6544
Src_cls_loss	: 0.0116
Entropy Open	: 0.6915
-------------------------------------
[Epoch : 2/20]
Pr_Src_cls_loss	: 0.1097
Total_loss	: 1.2921
Open Loss	: 0.5983
Src_cls_loss	: 0.0113
Entropy Open	: 0.6825
-------------------------------------
[Epoch : 3/20]
Pr_Src_cls_loss	: 0.1097
Total_loss	: 1.2194
Open Loss	: 0.5489
Src_cls_loss	: 0.0115
Entropy Open	: 0.6591
-------------------------------------
[Epoch : 4/20]
Pr_Src_cls_loss	: 0.1097
Total_loss	: 1.1382
Open Loss	: 0.5061
Src_cls_loss	: 0.0117
Entropy Open	: 0.6204
-------------------------------------
[Epoch : 5/20]
Pr_Src_cls_loss	: 0.1097
Total_loss	: 1.0565
Open Loss	: 0.4695
Src_cls_loss	: 0.0121
Entropy Open	: 0.5749
-------------------------------------
[Epoch : 6/20]
Pr_Src_cls_loss	: 0.1097
Total_loss	: 0.9803
Open Loss	: 0.4374
Src_cls_loss	: 0.0125
Entropy Open	: 0.5304
-------------------------------------
[Epoch : 7/20]
Pr_Src_cls_loss	: 0.1097
Total_loss	: 0.9117
Open Loss	: 0.4092
Src_cls_loss	: 0.0128
Entropy Open	: 0.4897
-------------------------------------
[Epoch : 8/20]
Pr_Src_cls_loss	: 0.1097
Total_loss	: 0.8506
Open Loss	: 0.3842
Src_cls_loss	: 0.0130
Entropy Open	: 0.4534
-------------------------------------
[Epoch : 9/20]
Pr_Src_cls_loss	: 0.1097
Total_loss	: 0.7960
Open Loss	: 0.3616
Src_cls_loss	: 0.0132
Entropy Open	: 0.4211
-------------------------------------
[Epoch : 10/20]
Pr_Src_cls_loss	: 0.1097
Total_loss	: 0.7473
Open Loss	: 0.3414
Src_cls_loss	: 0.0133
Entropy Open	: 0.3927
-------------------------------------
[Epoch : 11/20]
Pr_Src_cls_loss	: 0.1097
Total_loss	: 0.7039
Open Loss	: 0.3231
Src_cls_loss	: 0.0134
Entropy Open	: 0.3674
-------------------------------------
[Epoch : 12/20]
Pr_Src_cls_loss	: 0.1097
Total_loss	: 0.6650
Open Loss	: 0.3066
Src_cls_loss	: 0.0135
Entropy Open	: 0.3449
-------------------------------------
[Epoch : 13/20]
Pr_Src_cls_loss	: 0.1097
Total_loss	: 0.6298
Open Loss	: 0.2915
Src_cls_loss	: 0.0135
Entropy Open	: 0.3248
-------------------------------------
[Epoch : 14/20]
Pr_Src_cls_loss	: 0.1097
Total_loss	: 0.5980
Open Loss	: 0.2778
Src_cls_loss	: 0.0135
Entropy Open	: 0.3067
-------------------------------------
[Epoch : 15/20]
Pr_Src_cls_loss	: 0.1097
Total_loss	: 0.5693
Open Loss	: 0.2653
Src_cls_loss	: 0.0135
Entropy Open	: 0.2905
-------------------------------------
[Epoch : 16/20]
Pr_Src_cls_loss	: 0.1097
Total_loss	: 0.5431
Open Loss	: 0.2538
Src_cls_loss	: 0.0135
Entropy Open	: 0.2757
-------------------------------------
[Epoch : 17/20]
Pr_Src_cls_loss	: 0.1097
Total_loss	: 0.5191
Open Loss	: 0.2432
Src_cls_loss	: 0.0135
Entropy Open	: 0.2624
-------------------------------------
[Epoch : 18/20]
Pr_Src_cls_loss	: 0.1097
Total_loss	: 0.4970
Open Loss	: 0.2333
Src_cls_loss	: 0.0135
Entropy Open	: 0.2502
-------------------------------------
[Epoch : 19/20]
Pr_Src_cls_loss	: 0.1097
Total_loss	: 0.4767
Open Loss	: 0.2242
Src_cls_loss	: 0.0134
Entropy Open	: 0.2390
-------------------------------------
[Epoch : 20/20]
Pr_Src_cls_loss	: 0.1097
Total_loss	: 0.4579
Open Loss	: 0.2157
Src_cls_loss	: 0.0134
Entropy Open	: 0.2288
-------------------------------------
/mnt/data/home/tp2474/OpenSet-AdaTime/algorithms/algorithms.py:661: UserWarning: Implicit dimension choice for softmax has been deprecated. Change the call to include dim=X as an argument.
  predictions = F.softmax(self.classifier(features))
/mnt/data/home/tp2474/OpenSet-AdaTime/trainers/abstract_trainer.py:331: FutureWarning: The behavior of DataFrame concatenation with empty or all-NA entries is deprecated. In a future version, this will no longer exclude empty or all-NA columns when determining the result dtypes. To retain the old behavior, exclude the relevant entries before the concat operation.
  table = pd.concat([table, results_df], ignore_index=True)
H_score: 0.3374, OS* (acc_c): 0.3440, UNK (acc_p): 0.3309, acc_mix: 0.3360, F1: 0.3674
Uploading logs from: /mnt/data/home/tp2474/OpenSet-AdaTime/experiments_logs/curriculum/RealWorld to Pamap2_UniDA_hard_n3_fno_mean/OVANet_UniDA_hard_n3_fno_mean/RealWorld_to_Pamap2_run_0
🏃 View run OVANet_run_0 at: http://127.0.0.1:5001/#/experiments/315617689137372120/runs/48dd66b05e7042dd894a0433e645b87d
🧪 View experiment at: http://127.0.0.1:5001/#/experiments/315617689137372120
=============================================
Dataset: RealWorld to Pamap2_UniDA_hard_n3_fno_mean
Method:  OVANet
=============================================
Source: RealWorld ---> Target: Pamap2
Run ID: 1
=============================================
[Pr Epoch : 1/20]
Pr_Src_cls_loss	: 0.9533
-------------------------------------
[Pr Epoch : 2/20]
Pr_Src_cls_loss	: 0.6297
-------------------------------------
[Pr Epoch : 3/20]
Pr_Src_cls_loss	: 0.4772
-------------------------------------
[Pr Epoch : 4/20]
Pr_Src_cls_loss	: 0.3885
-------------------------------------
[Pr Epoch : 5/20]
Pr_Src_cls_loss	: 0.3299
-------------------------------------
[Pr Epoch : 6/20]
Pr_Src_cls_loss	: 0.2880
-------------------------------------
[Pr Epoch : 7/20]
Pr_Src_cls_loss	: 0.2566
-------------------------------------
[Pr Epoch : 8/20]
Pr_Src_cls_loss	: 0.2317
-------------------------------------
[Pr Epoch : 9/20]
Pr_Src_cls_loss	: 0.2113
-------------------------------------
[Pr Epoch : 10/20]
Pr_Src_cls_loss	: 0.1946
-------------------------------------
[Pr Epoch : 11/20]
Pr_Src_cls_loss	: 0.1804
-------------------------------------
[Pr Epoch : 12/20]
Pr_Src_cls_loss	: 0.1682
-------------------------------------
[Pr Epoch : 13/20]
Pr_Src_cls_loss	: 0.1577
-------------------------------------
[Pr Epoch : 14/20]
Pr_Src_cls_loss	: 0.1483
-------------------------------------
[Pr Epoch : 15/20]
Pr_Src_cls_loss	: 0.1403
-------------------------------------
[Pr Epoch : 16/20]
Pr_Src_cls_loss	: 0.1330
-------------------------------------
[Pr Epoch : 17/20]
Pr_Src_cls_loss	: 0.1266
-------------------------------------
[Pr Epoch : 18/20]
Pr_Src_cls_loss	: 0.1206
-------------------------------------
[Pr Epoch : 19/20]
Pr_Src_cls_loss	: 0.1152
-------------------------------------
[Pr Epoch : 20/20]
Pr_Src_cls_loss	: 0.1103
-------------------------------------
[Epoch : 1/20]
Pr_Src_cls_loss	: 0.1103
Total_loss	: 1.3412
Open Loss	: 0.6404
Src_cls_loss	: 0.0104
Entropy Open	: 0.6904
-------------------------------------
[Epoch : 2/20]
Pr_Src_cls_loss	: 0.1103
Total_loss	: 1.2724
Open Loss	: 0.5844
Src_cls_loss	: 0.0105
Entropy Open	: 0.6775
-------------------------------------
[Epoch : 3/20]
Pr_Src_cls_loss	: 0.1103
Total_loss	: 1.1936
Open Loss	: 0.5355
Src_cls_loss	: 0.0107
Entropy Open	: 0.6475
-------------------------------------
[Epoch : 4/20]
Pr_Src_cls_loss	: 0.1103
Total_loss	: 1.1097
Open Loss	: 0.4930
Src_cls_loss	: 0.0112
Entropy Open	: 0.6056
-------------------------------------
[Epoch : 5/20]
Pr_Src_cls_loss	: 0.1103
Total_loss	: 1.0280
Open Loss	: 0.4563
Src_cls_loss	: 0.0116
Entropy Open	: 0.5602
-------------------------------------
[Epoch : 6/20]
Pr_Src_cls_loss	: 0.1103
Total_loss	: 0.9530
Open Loss	: 0.4244
Src_cls_loss	: 0.0119
Entropy Open	: 0.5167
-------------------------------------
[Epoch : 7/20]
Pr_Src_cls_loss	: 0.1103
Total_loss	: 0.8858
Open Loss	: 0.3964
Src_cls_loss	: 0.0122
Entropy Open	: 0.4772
-------------------------------------
[Epoch : 8/20]
Pr_Src_cls_loss	: 0.1103
Total_loss	: 0.8261
Open Loss	: 0.3715
Src_cls_loss	: 0.0125
Entropy Open	: 0.4421
-------------------------------------
[Epoch : 9/20]
Pr_Src_cls_loss	: 0.1103
Total_loss	: 0.7730
Open Loss	: 0.3494
Src_cls_loss	: 0.0127
Entropy Open	: 0.4110
-------------------------------------
[Epoch : 10/20]
Pr_Src_cls_loss	: 0.1103
Total_loss	: 0.7255
Open Loss	: 0.3294
Src_cls_loss	: 0.0128
Entropy Open	: 0.3833
-------------------------------------
[Epoch : 11/20]
Pr_Src_cls_loss	: 0.1103
Total_loss	: 0.6833
Open Loss	: 0.3116
Src_cls_loss	: 0.0129
Entropy Open	: 0.3588
-------------------------------------
[Epoch : 12/20]
Pr_Src_cls_loss	: 0.1103
Total_loss	: 0.6453
Open Loss	: 0.2954
Src_cls_loss	: 0.0130
Entropy Open	: 0.3369
-------------------------------------
[Epoch : 13/20]
Pr_Src_cls_loss	: 0.1103
Total_loss	: 0.6110
Open Loss	: 0.2807
Src_cls_loss	: 0.0130
Entropy Open	: 0.3173
-------------------------------------
[Epoch : 14/20]
Pr_Src_cls_loss	: 0.1103
Total_loss	: 0.5802
Open Loss	: 0.2673
Src_cls_loss	: 0.0131
Entropy Open	: 0.2998
-------------------------------------
[Epoch : 15/20]
Pr_Src_cls_loss	: 0.1103
Total_loss	: 0.5521
Open Loss	: 0.2551
Src_cls_loss	: 0.0131
Entropy Open	: 0.2839
-------------------------------------
[Epoch : 16/20]
Pr_Src_cls_loss	: 0.1103
Total_loss	: 0.5265
Open Loss	: 0.2439
Src_cls_loss	: 0.0131
Entropy Open	: 0.2695
-------------------------------------
[Epoch : 17/20]
Pr_Src_cls_loss	: 0.1103
Total_loss	: 0.5032
Open Loss	: 0.2336
Src_cls_loss	: 0.0131
Entropy Open	: 0.2565
-------------------------------------
[Epoch : 18/20]
Pr_Src_cls_loss	: 0.1103
Total_loss	: 0.4818
Open Loss	: 0.2242
Src_cls_loss	: 0.0131
Entropy Open	: 0.2446
-------------------------------------
[Epoch : 19/20]
Pr_Src_cls_loss	: 0.1103
Total_loss	: 0.4621
Open Loss	: 0.2154
Src_cls_loss	: 0.0130
Entropy Open	: 0.2337
-------------------------------------
[Epoch : 20/20]
Pr_Src_cls_loss	: 0.1103
Total_loss	: 0.4439
Open Loss	: 0.2072
Src_cls_loss	: 0.0130
Entropy Open	: 0.2236
-------------------------------------
H_score: 0.3361, OS* (acc_c): 0.3411, UNK (acc_p): 0.3312, acc_mix: 0.3350, F1: 0.3727
Uploading logs from: /mnt/data/home/tp2474/OpenSet-AdaTime/experiments_logs/curriculum/RealWorld to Pamap2_UniDA_hard_n3_fno_mean/OVANet_UniDA_hard_n3_fno_mean/RealWorld_to_Pamap2_run_1
🏃 View run OVANet_run_1 at: http://127.0.0.1:5001/#/experiments/315617689137372120/runs/73e898e9ef6a4b75960c7392dd2459a1
🧪 View experiment at: http://127.0.0.1:5001/#/experiments/315617689137372120
=============================================
Dataset: RealWorld to Pamap2_UniDA_hard_n3_fno_mean
Method:  OVANet
=============================================
Source: RealWorld ---> Target: Pamap2
Run ID: 2
=============================================
[Pr Epoch : 1/20]
Pr_Src_cls_loss	: 0.9588
-------------------------------------
[Pr Epoch : 2/20]
Pr_Src_cls_loss	: 0.6351
-------------------------------------
[Pr Epoch : 3/20]
Pr_Src_cls_loss	: 0.4822
-------------------------------------
[Pr Epoch : 4/20]
Pr_Src_cls_loss	: 0.3925
-------------------------------------
[Pr Epoch : 5/20]
Pr_Src_cls_loss	: 0.3332
-------------------------------------
[Pr Epoch : 6/20]
Pr_Src_cls_loss	: 0.2906
-------------------------------------
[Pr Epoch : 7/20]
Pr_Src_cls_loss	: 0.2584
-------------------------------------
[Pr Epoch : 8/20]
Pr_Src_cls_loss	: 0.2329
-------------------------------------
[Pr Epoch : 9/20]
Pr_Src_cls_loss	: 0.2126
-------------------------------------
[Pr Epoch : 10/20]
Pr_Src_cls_loss	: 0.1955
-------------------------------------
[Pr Epoch : 11/20]
Pr_Src_cls_loss	: 0.1812
-------------------------------------
[Pr Epoch : 12/20]
Pr_Src_cls_loss	: 0.1690
-------------------------------------
[Pr Epoch : 13/20]
Pr_Src_cls_loss	: 0.1584
-------------------------------------
[Pr Epoch : 14/20]
Pr_Src_cls_loss	: 0.1492
-------------------------------------
[Pr Epoch : 15/20]
Pr_Src_cls_loss	: 0.1409
-------------------------------------
[Pr Epoch : 16/20]
Pr_Src_cls_loss	: 0.1339
-------------------------------------
[Pr Epoch : 17/20]
Pr_Src_cls_loss	: 0.1273
-------------------------------------
[Pr Epoch : 18/20]
Pr_Src_cls_loss	: 0.1214
-------------------------------------
[Pr Epoch : 19/20]
Pr_Src_cls_loss	: 0.1160
-------------------------------------
[Pr Epoch : 20/20]
Pr_Src_cls_loss	: 0.1111
-------------------------------------
[Epoch : 1/20]
Pr_Src_cls_loss	: 0.1111
Total_loss	: 1.3487
Open Loss	: 0.6460
Src_cls_loss	: 0.0133
Entropy Open	: 0.6893
-------------------------------------
[Epoch : 2/20]
Pr_Src_cls_loss	: 0.1111
Total_loss	: 1.2761
Open Loss	: 0.5910
Src_cls_loss	: 0.0121
Entropy Open	: 0.6730
-------------------------------------
[Epoch : 3/20]
Pr_Src_cls_loss	: 0.1111
Total_loss	: 1.1950
Open Loss	: 0.5429
Src_cls_loss	: 0.0119
Entropy Open	: 0.6403
-------------------------------------
[Epoch : 4/20]
Pr_Src_cls_loss	: 0.1111
Total_loss	: 1.1104
Open Loss	: 0.5010
Src_cls_loss	: 0.0121
Entropy Open	: 0.5973
-------------------------------------
[Epoch : 5/20]
Pr_Src_cls_loss	: 0.1111
Total_loss	: 1.0288
Open Loss	: 0.4646
Src_cls_loss	: 0.0123
Entropy Open	: 0.5519
-------------------------------------
[Epoch : 6/20]
Pr_Src_cls_loss	: 0.1111
Total_loss	: 0.9545
Open Loss	: 0.4329
Src_cls_loss	: 0.0125
Entropy Open	: 0.5090
-------------------------------------
[Epoch : 7/20]
Pr_Src_cls_loss	: 0.1111
Total_loss	: 0.8880
Open Loss	: 0.4050
Src_cls_loss	: 0.0126
Entropy Open	: 0.4703
-------------------------------------
[Epoch : 8/20]
Pr_Src_cls_loss	: 0.1111
Total_loss	: 0.8294
Open Loss	: 0.3804
Src_cls_loss	: 0.0129
Entropy Open	: 0.4361
-------------------------------------
[Epoch : 9/20]
Pr_Src_cls_loss	: 0.1111
Total_loss	: 0.7772
Open Loss	: 0.3583
Src_cls_loss	: 0.0130
Entropy Open	: 0.4059
-------------------------------------
[Epoch : 10/20]
Pr_Src_cls_loss	: 0.1111
Total_loss	: 0.7307
Open Loss	: 0.3384
Src_cls_loss	: 0.0131
Entropy Open	: 0.3792
-------------------------------------
[Epoch : 11/20]
Pr_Src_cls_loss	: 0.1111
Total_loss	: 0.6890
Open Loss	: 0.3205
Src_cls_loss	: 0.0131
Entropy Open	: 0.3554
-------------------------------------
[Epoch : 12/20]
Pr_Src_cls_loss	: 0.1111
Total_loss	: 0.6515
Open Loss	: 0.3043
Src_cls_loss	: 0.0131
Entropy Open	: 0.3340
-------------------------------------
[Epoch : 13/20]
Pr_Src_cls_loss	: 0.1111
Total_loss	: 0.6176
Open Loss	: 0.2896
Src_cls_loss	: 0.0131
Entropy Open	: 0.3149
-------------------------------------
[Epoch : 14/20]
Pr_Src_cls_loss	: 0.1111
Total_loss	: 0.5869
Open Loss	: 0.2762
Src_cls_loss	: 0.0132
Entropy Open	: 0.2975
-------------------------------------
[Epoch : 15/20]
Pr_Src_cls_loss	: 0.1111
Total_loss	: 0.5589
Open Loss	: 0.2640
Src_cls_loss	: 0.0132
Entropy Open	: 0.2818
-------------------------------------
[Epoch : 16/20]
Pr_Src_cls_loss	: 0.1111
Total_loss	: 0.5333
Open Loss	: 0.2527
Src_cls_loss	: 0.0132
Entropy Open	: 0.2675
-------------------------------------
[Epoch : 17/20]
Pr_Src_cls_loss	: 0.1111
Total_loss	: 0.5098
Open Loss	: 0.2422
Src_cls_loss	: 0.0132
Entropy Open	: 0.2544
-------------------------------------
[Epoch : 18/20]
Pr_Src_cls_loss	: 0.1111
Total_loss	: 0.4881
Open Loss	: 0.2325
Src_cls_loss	: 0.0131
Entropy Open	: 0.2425
-------------------------------------
[Epoch : 19/20]
Pr_Src_cls_loss	: 0.1111
Total_loss	: 0.4681
Open Loss	: 0.2235
Src_cls_loss	: 0.0131
Entropy Open	: 0.2316
-------------------------------------
[Epoch : 20/20]
Pr_Src_cls_loss	: 0.1111
Total_loss	: 0.4497
Open Loss	: 0.2151
Src_cls_loss	: 0.0130
Entropy Open	: 0.2215
-------------------------------------
H_score: 0.3870, OS* (acc_c): 0.2429, UNK (acc_p): 0.9524, acc_mix: 0.6805, F1: 0.5930
Uploading logs from: /mnt/data/home/tp2474/OpenSet-AdaTime/experiments_logs/curriculum/RealWorld to Pamap2_UniDA_hard_n3_fno_mean/OVANet_UniDA_hard_n3_fno_mean/RealWorld_to_Pamap2_run_2
🏃 View run OVANet_run_2 at: http://127.0.0.1:5001/#/experiments/315617689137372120/runs/70b5fb69183d48c88e270ce1cae2ff1a
🧪 View experiment at: http://127.0.0.1:5001/#/experiments/315617689137372120
=============================================
Dataset: RealWorld to Pamap2_UniDA_hard_n3_fno_mean
Method:  OVANet
=============================================
Source: RealWorld ---> Target: Pamap2
Run ID: 3
=============================================
[Pr Epoch : 1/20]
Pr_Src_cls_loss	: 0.9551
-------------------------------------
[Pr Epoch : 2/20]
Pr_Src_cls_loss	: 0.6329
-------------------------------------
[Pr Epoch : 3/20]
Pr_Src_cls_loss	: 0.4821
-------------------------------------
[Pr Epoch : 4/20]
Pr_Src_cls_loss	: 0.3935
-------------------------------------
[Pr Epoch : 5/20]
Pr_Src_cls_loss	: 0.3355
-------------------------------------
[Pr Epoch : 6/20]
Pr_Src_cls_loss	: 0.2932
-------------------------------------
[Pr Epoch : 7/20]
Pr_Src_cls_loss	: 0.2609
-------------------------------------
[Pr Epoch : 8/20]
Pr_Src_cls_loss	: 0.2355
-------------------------------------
[Pr Epoch : 9/20]
Pr_Src_cls_loss	: 0.2152
-------------------------------------
[Pr Epoch : 10/20]
Pr_Src_cls_loss	: 0.1983
-------------------------------------
[Pr Epoch : 11/20]
Pr_Src_cls_loss	: 0.1840
-------------------------------------
[Pr Epoch : 12/20]
Pr_Src_cls_loss	: 0.1716
-------------------------------------
[Pr Epoch : 13/20]
Pr_Src_cls_loss	: 0.1611
-------------------------------------
[Pr Epoch : 14/20]
Pr_Src_cls_loss	: 0.1517
-------------------------------------
[Pr Epoch : 15/20]
Pr_Src_cls_loss	: 0.1434
-------------------------------------
[Pr Epoch : 16/20]
Pr_Src_cls_loss	: 0.1361
-------------------------------------
[Pr Epoch : 17/20]
Pr_Src_cls_loss	: 0.1296
-------------------------------------
[Pr Epoch : 18/20]
Pr_Src_cls_loss	: 0.1235
-------------------------------------
[Pr Epoch : 19/20]
Pr_Src_cls_loss	: 0.1181
-------------------------------------
[Pr Epoch : 20/20]
Pr_Src_cls_loss	: 0.1132
-------------------------------------
[Epoch : 1/20]
Pr_Src_cls_loss	: 0.1132
Total_loss	: 1.3460
Open Loss	: 0.6439
Src_cls_loss	: 0.0123
Entropy Open	: 0.6898
-------------------------------------
[Epoch : 2/20]
Pr_Src_cls_loss	: 0.1132
Total_loss	: 1.2760
Open Loss	: 0.5899
Src_cls_loss	: 0.0119
Entropy Open	: 0.6742
-------------------------------------
[Epoch : 3/20]
Pr_Src_cls_loss	: 0.1132
Total_loss	: 1.1955
Open Loss	: 0.5425
Src_cls_loss	: 0.0120
Entropy Open	: 0.6410
-------------------------------------
[Epoch : 4/20]
Pr_Src_cls_loss	: 0.1132
Total_loss	: 1.1109
Open Loss	: 0.5009
Src_cls_loss	: 0.0123
Entropy Open	: 0.5977
-------------------------------------
[Epoch : 5/20]
Pr_Src_cls_loss	: 0.1132
Total_loss	: 1.0302
Open Loss	: 0.4651
Src_cls_loss	: 0.0129
Entropy Open	: 0.5522
-------------------------------------
[Epoch : 6/20]
Pr_Src_cls_loss	: 0.1132
Total_loss	: 0.9564
Open Loss	: 0.4340
Src_cls_loss	: 0.0133
Entropy Open	: 0.5091
-------------------------------------
[Epoch : 7/20]
Pr_Src_cls_loss	: 0.1132
Total_loss	: 0.8902
Open Loss	: 0.4068
Src_cls_loss	: 0.0134
Entropy Open	: 0.4699
-------------------------------------
[Epoch : 8/20]
Pr_Src_cls_loss	: 0.1132
Total_loss	: 0.8313
Open Loss	: 0.3827
Src_cls_loss	: 0.0136
Entropy Open	: 0.4350
-------------------------------------
[Epoch : 9/20]
Pr_Src_cls_loss	: 0.1132
Total_loss	: 0.7789
Open Loss	: 0.3612
Src_cls_loss	: 0.0136
Entropy Open	: 0.4041
-------------------------------------
[Epoch : 10/20]
Pr_Src_cls_loss	: 0.1132
Total_loss	: 0.7321
Open Loss	: 0.3418
Src_cls_loss	: 0.0136
Entropy Open	: 0.3766
-------------------------------------
[Epoch : 11/20]
Pr_Src_cls_loss	: 0.1132
Total_loss	: 0.6902
Open Loss	: 0.3243
Src_cls_loss	: 0.0137
Entropy Open	: 0.3522
-------------------------------------
[Epoch : 12/20]
Pr_Src_cls_loss	: 0.1132
Total_loss	: 0.6527
Open Loss	: 0.3085
Src_cls_loss	: 0.0138
Entropy Open	: 0.3304
-------------------------------------
[Epoch : 13/20]
Pr_Src_cls_loss	: 0.1132
Total_loss	: 0.6185
Open Loss	: 0.2939
Src_cls_loss	: 0.0137
Entropy Open	: 0.3109
-------------------------------------
[Epoch : 14/20]
Pr_Src_cls_loss	: 0.1132
Total_loss	: 0.5875
Open Loss	: 0.2805
Src_cls_loss	: 0.0137
Entropy Open	: 0.2933
-------------------------------------
[Epoch : 15/20]
Pr_Src_cls_loss	: 0.1132
Total_loss	: 0.5593
Open Loss	: 0.2682
Src_cls_loss	: 0.0137
Entropy Open	: 0.2775
-------------------------------------
[Epoch : 16/20]
Pr_Src_cls_loss	: 0.1132
Total_loss	: 0.5337
Open Loss	: 0.2569
Src_cls_loss	: 0.0137
Entropy Open	: 0.2631
-------------------------------------
[Epoch : 17/20]
Pr_Src_cls_loss	: 0.1132
Total_loss	: 0.5102
Open Loss	: 0.2465
Src_cls_loss	: 0.0137
Entropy Open	: 0.2500
-------------------------------------
[Epoch : 18/20]
Pr_Src_cls_loss	: 0.1132
Total_loss	: 0.4886
Open Loss	: 0.2368
Src_cls_loss	: 0.0137
Entropy Open	: 0.2382
-------------------------------------
[Epoch : 19/20]
Pr_Src_cls_loss	: 0.1132
Total_loss	: 0.4686
Open Loss	: 0.2277
Src_cls_loss	: 0.0136
Entropy Open	: 0.2273
-------------------------------------
[Epoch : 20/20]
Pr_Src_cls_loss	: 0.1132
Total_loss	: 0.4502
Open Loss	: 0.2193
Src_cls_loss	: 0.0136
Entropy Open	: 0.2173
-------------------------------------
H_score: 0.0399, OS* (acc_c): 0.0204, UNK (acc_p): 0.9736, acc_mix: 0.6083, F1: 0.4786
Uploading logs from: /mnt/data/home/tp2474/OpenSet-AdaTime/experiments_logs/curriculum/RealWorld to Pamap2_UniDA_hard_n3_fno_mean/OVANet_UniDA_hard_n3_fno_mean/RealWorld_to_Pamap2_run_3
🏃 View run OVANet_run_3 at: http://127.0.0.1:5001/#/experiments/315617689137372120/runs/5889de4f63c24863b2ef93762809206d
🧪 View experiment at: http://127.0.0.1:5001/#/experiments/315617689137372120
=============================================
Dataset: RealWorld to Pamap2_UniDA_hard_n3_fno_mean
Method:  OVANet
=============================================
Source: RealWorld ---> Target: Pamap2
Run ID: 4
=============================================
[Pr Epoch : 1/20]
Pr_Src_cls_loss	: 0.9418
-------------------------------------
[Pr Epoch : 2/20]
Pr_Src_cls_loss	: 0.6240
-------------------------------------
[Pr Epoch : 3/20]
Pr_Src_cls_loss	: 0.4751
-------------------------------------
[Pr Epoch : 4/20]
Pr_Src_cls_loss	: 0.3885
-------------------------------------
[Pr Epoch : 5/20]
Pr_Src_cls_loss	: 0.3307
-------------------------------------
[Pr Epoch : 6/20]
Pr_Src_cls_loss	: 0.2893
-------------------------------------
[Pr Epoch : 7/20]
Pr_Src_cls_loss	: 0.2578
-------------------------------------
[Pr Epoch : 8/20]
Pr_Src_cls_loss	: 0.2330
-------------------------------------
[Pr Epoch : 9/20]
Pr_Src_cls_loss	: 0.2125
-------------------------------------
[Pr Epoch : 10/20]
Pr_Src_cls_loss	: 0.1959
-------------------------------------
[Pr Epoch : 11/20]
Pr_Src_cls_loss	: 0.1815
-------------------------------------
[Pr Epoch : 12/20]
Pr_Src_cls_loss	: 0.1694
-------------------------------------
[Pr Epoch : 13/20]
Pr_Src_cls_loss	: 0.1590
-------------------------------------
[Pr Epoch : 14/20]
Pr_Src_cls_loss	: 0.1496
-------------------------------------
[Pr Epoch : 15/20]
Pr_Src_cls_loss	: 0.1417
-------------------------------------
[Pr Epoch : 16/20]
Pr_Src_cls_loss	: 0.1343
-------------------------------------
[Pr Epoch : 17/20]
Pr_Src_cls_loss	: 0.1277
-------------------------------------
[Pr Epoch : 18/20]
Pr_Src_cls_loss	: 0.1217
-------------------------------------
[Pr Epoch : 19/20]
Pr_Src_cls_loss	: 0.1163
-------------------------------------
[Pr Epoch : 20/20]
Pr_Src_cls_loss	: 0.1114
-------------------------------------
[Epoch : 1/20]
Pr_Src_cls_loss	: 0.1114
Total_loss	: 1.3446
Open Loss	: 0.6439
Src_cls_loss	: 0.0115
Entropy Open	: 0.6892
-------------------------------------
[Epoch : 2/20]
Pr_Src_cls_loss	: 0.1114
Total_loss	: 1.2723
Open Loss	: 0.5886
Src_cls_loss	: 0.0112
Entropy Open	: 0.6725
-------------------------------------
[Epoch : 3/20]
Pr_Src_cls_loss	: 0.1114
Total_loss	: 1.1943
Open Loss	: 0.5404
Src_cls_loss	: 0.0114
Entropy Open	: 0.6425
-------------------------------------
[Epoch : 4/20]
Pr_Src_cls_loss	: 0.1114
Total_loss	: 1.1129
Open Loss	: 0.4982
Src_cls_loss	: 0.0115
Entropy Open	: 0.6031
-------------------------------------
[Epoch : 5/20]
Pr_Src_cls_loss	: 0.1114
Total_loss	: 1.0337
Open Loss	: 0.4619
Src_cls_loss	: 0.0118
Entropy Open	: 0.5599
-------------------------------------
[Epoch : 6/20]
Pr_Src_cls_loss	: 0.1114
Total_loss	: 0.9605
Open Loss	: 0.4303
Src_cls_loss	: 0.0121
Entropy Open	: 0.5180
-------------------------------------
[Epoch : 7/20]
Pr_Src_cls_loss	: 0.1114
Total_loss	: 0.8947
Open Loss	: 0.4027
Src_cls_loss	: 0.0124
Entropy Open	: 0.4796
-------------------------------------
[Epoch : 8/20]
Pr_Src_cls_loss	: 0.1114
Total_loss	: 0.8360
Open Loss	: 0.3783
Src_cls_loss	: 0.0126
Entropy Open	: 0.4451
-------------------------------------
[Epoch : 9/20]
Pr_Src_cls_loss	: 0.1114
Total_loss	: 0.7839
Open Loss	: 0.3567
Src_cls_loss	: 0.0128
Entropy Open	: 0.4145
-------------------------------------
[Epoch : 10/20]
Pr_Src_cls_loss	: 0.1114
Total_loss	: 0.7376
Open Loss	: 0.3373
Src_cls_loss	: 0.0130
Entropy Open	: 0.3874
-------------------------------------
[Epoch : 11/20]
Pr_Src_cls_loss	: 0.1114
Total_loss	: 0.6960
Open Loss	: 0.3197
Src_cls_loss	: 0.0131
Entropy Open	: 0.3632
-------------------------------------
[Epoch : 12/20]
Pr_Src_cls_loss	: 0.1114
Total_loss	: 0.6586
Open Loss	: 0.3037
Src_cls_loss	: 0.0132
Entropy Open	: 0.3416
-------------------------------------
[Epoch : 13/20]
Pr_Src_cls_loss	: 0.1114
Total_loss	: 0.6248
Open Loss	: 0.2892
Src_cls_loss	: 0.0133
Entropy Open	: 0.3223
-------------------------------------
[Epoch : 14/20]
Pr_Src_cls_loss	: 0.1114
Total_loss	: 0.5941
Open Loss	: 0.2759
Src_cls_loss	: 0.0134
Entropy Open	: 0.3049
-------------------------------------
[Epoch : 15/20]
Pr_Src_cls_loss	: 0.1114
Total_loss	: 0.5661
Open Loss	: 0.2636
Src_cls_loss	: 0.0134
Entropy Open	: 0.2891
-------------------------------------
[Epoch : 16/20]
Pr_Src_cls_loss	: 0.1114
Total_loss	: 0.5405
Open Loss	: 0.2523
Src_cls_loss	: 0.0134
Entropy Open	: 0.2748
-------------------------------------
[Epoch : 17/20]
Pr_Src_cls_loss	: 0.1114
Total_loss	: 0.5170
Open Loss	: 0.2419
Src_cls_loss	: 0.0134
Entropy Open	: 0.2618
-------------------------------------
[Epoch : 18/20]
Pr_Src_cls_loss	: 0.1114
Total_loss	: 0.4955
Open Loss	: 0.2323
Src_cls_loss	: 0.0134
Entropy Open	: 0.2499
-------------------------------------
[Epoch : 19/20]
Pr_Src_cls_loss	: 0.1114
Total_loss	: 0.4757
Open Loss	: 0.2233
Src_cls_loss	: 0.0134
Entropy Open	: 0.2389
-------------------------------------
[Epoch : 20/20]
Pr_Src_cls_loss	: 0.1114
Total_loss	: 0.4572
Open Loss	: 0.2150
Src_cls_loss	: 0.0133
Entropy Open	: 0.2289
-------------------------------------
H_score: 0.2219, OS* (acc_c): 0.1293, UNK (acc_p): 0.7816, acc_mix: 0.5316, F1: 0.4431
Uploading logs from: /mnt/data/home/tp2474/OpenSet-AdaTime/experiments_logs/curriculum/RealWorld to Pamap2_UniDA_hard_n3_fno_mean/OVANet_UniDA_hard_n3_fno_mean/RealWorld_to_Pamap2_run_4
🏃 View run OVANet_run_4 at: http://127.0.0.1:5001/#/experiments/315617689137372120/runs/46115c2f67f845b9b9cbc924f4618ad3
🧪 View experiment at: http://127.0.0.1:5001/#/experiments/315617689137372120
==================== [n3 fno_mean] DANCE ====================
[curriculum] scenario=UniDA  strategy=hard  n_unknown=3  rank_variant=fno_mean
[curriculum] source mapping (7 classes): {'lying': 'lying', 'sitting': 'sitting', 'walking': 'walking', 'running': 'running', 'climbingup': 'climbingup', 'jumping': 'jumping', 'climbingdown': 'climbingdown'}
[curriculum] target mapping (7 classes): {'lying': 'lying', 'sitting': 'sitting', 'walking': 'walking', 'running': 'running', 'other (transient activities)': 'other (transient activities)', 'ascending stairs': 'ascending stairs', 'descending stairs': 'descending stairs'}
[curriculum] unknowns added (in hard order): src=[climbingup,jumping,climbingdown] | trg=[other (transient activities),ascending stairs,descending stairs]
[scenario] DANCE -> UniDA (uniDA=True)
Unlabeled data shape:  (12430, 150, 18)
Unlabelled Combined shape: (20684, 150, 18)

--- Dataloader Size Check ---
Source Train batches:   396
Target Train batches:   194
-------------------------------

Private classes:  tensor([7., 8., 9.])
=============================================
Dataset: RealWorld to Pamap2_UniDA_hard_n3_fno_mean
Method:  DANCE
=============================================
Source: RealWorld ---> Target: Pamap2
Run ID: 0
=============================================
[Pr Epoch : 1/20]
Pr_Src_cls_loss	: 1.7442
-------------------------------------
[Pr Epoch : 2/20]
Pr_Src_cls_loss	: 1.7235
-------------------------------------
[Pr Epoch : 3/20]
Pr_Src_cls_loss	: 1.7136
-------------------------------------
[Pr Epoch : 4/20]
Pr_Src_cls_loss	: 1.7078
-------------------------------------
[Pr Epoch : 5/20]
Pr_Src_cls_loss	: 1.7038
-------------------------------------
[Pr Epoch : 6/20]
Pr_Src_cls_loss	: 1.7009
-------------------------------------
[Pr Epoch : 7/20]
Pr_Src_cls_loss	: 1.6985
-------------------------------------
[Pr Epoch : 8/20]
Pr_Src_cls_loss	: 1.6965
-------------------------------------
[Pr Epoch : 9/20]
Pr_Src_cls_loss	: 1.6949
-------------------------------------
[Pr Epoch : 10/20]
Pr_Src_cls_loss	: 1.6935
-------------------------------------
[Pr Epoch : 11/20]
Pr_Src_cls_loss	: 1.6923
-------------------------------------
[Pr Epoch : 12/20]
Pr_Src_cls_loss	: 1.6912
-------------------------------------
[Pr Epoch : 13/20]
Pr_Src_cls_loss	: 1.6903
-------------------------------------
[Pr Epoch : 14/20]
Pr_Src_cls_loss	: 1.6894
-------------------------------------
[Pr Epoch : 15/20]
Pr_Src_cls_loss	: 1.6886
-------------------------------------
[Pr Epoch : 16/20]
Pr_Src_cls_loss	: 1.6879
-------------------------------------
[Pr Epoch : 17/20]
Pr_Src_cls_loss	: 1.6873
-------------------------------------
[Pr Epoch : 18/20]
Pr_Src_cls_loss	: 1.6867
-------------------------------------
[Pr Epoch : 19/20]
Pr_Src_cls_loss	: 1.6861
-------------------------------------
[Pr Epoch : 20/20]
Pr_Src_cls_loss	: 1.6855
-------------------------------------
/mnt/data/home/tp2474/OpenSet-AdaTime/algorithms/algorithms.py:733: UserWarning: Implicit dimension choice for softmax has been deprecated. Change the call to include dim=X as an argument.
  p = F.softmax(p)
/mnt/data/home/tp2474/OpenSet-AdaTime/algorithms/algorithms.py:737: UserWarning: Implicit dimension choice for softmax has been deprecated. Change the call to include dim=X as an argument.
  p = F.softmax(p)
[Epoch : 1/20]
Pr_Src_cls_loss	: 1.6855
Total_loss	: 2.0130
Ent Loss	: -0.0964
Src_cls_loss	: 1.5416
Neighbors Clustering 	: 0.5678
-------------------------------------
[Epoch : 2/20]
Pr_Src_cls_loss	: 1.6855
Total_loss	: 1.8748
Ent Loss	: -0.0956
Src_cls_loss	: 1.4105
Neighbors Clustering 	: 0.5599
-------------------------------------
[Epoch : 3/20]
Pr_Src_cls_loss	: 1.6855
Total_loss	: 1.7427
Ent Loss	: -0.0947
Src_cls_loss	: 1.2890
Neighbors Clustering 	: 0.5484
-------------------------------------
[Epoch : 4/20]
Pr_Src_cls_loss	: 1.6855
Total_loss	: 1.6246
Ent Loss	: -0.0937
Src_cls_loss	: 1.1801
Neighbors Clustering 	: 0.5382
-------------------------------------
[Epoch : 5/20]
Pr_Src_cls_loss	: 1.6855
Total_loss	: 1.5203
Ent Loss	: -0.0927
Src_cls_loss	: 1.0837
Neighbors Clustering 	: 0.5293
-------------------------------------
[Epoch : 6/20]
Pr_Src_cls_loss	: 1.6855
Total_loss	: 1.4285
Ent Loss	: -0.0918
Src_cls_loss	: 0.9991
Neighbors Clustering 	: 0.5213
-------------------------------------
[Epoch : 7/20]
Pr_Src_cls_loss	: 1.6855
Total_loss	: 1.3477
Ent Loss	: -0.0910
Src_cls_loss	: 0.9246
Neighbors Clustering 	: 0.5141
-------------------------------------
[Epoch : 8/20]
Pr_Src_cls_loss	: 1.6855
Total_loss	: 1.2763
Ent Loss	: -0.0903
Src_cls_loss	: 0.8590
Neighbors Clustering 	: 0.5076
-------------------------------------
[Epoch : 9/20]
Pr_Src_cls_loss	: 1.6855
Total_loss	: 1.2132
Ent Loss	: -0.0897
Src_cls_loss	: 0.8011
Neighbors Clustering 	: 0.5017
-------------------------------------
[Epoch : 10/20]
Pr_Src_cls_loss	: 1.6855
Total_loss	: 1.1568
Ent Loss	: -0.0891
Src_cls_loss	: 0.7498
Neighbors Clustering 	: 0.4961
-------------------------------------
[Epoch : 11/20]
Pr_Src_cls_loss	: 1.6855
Total_loss	: 1.1065
Ent Loss	: -0.0887
Src_cls_loss	: 0.7043
Neighbors Clustering 	: 0.4909
-------------------------------------
[Epoch : 12/20]
Pr_Src_cls_loss	: 1.6855
Total_loss	: 1.0613
Ent Loss	: -0.0882
Src_cls_loss	: 0.6635
Neighbors Clustering 	: 0.4860
-------------------------------------
[Epoch : 13/20]
Pr_Src_cls_loss	: 1.6855
Total_loss	: 1.0205
Ent Loss	: -0.0879
Src_cls_loss	: 0.6269
Neighbors Clustering 	: 0.4815
-------------------------------------
[Epoch : 14/20]
Pr_Src_cls_loss	: 1.6855
Total_loss	: 0.9835
Ent Loss	: -0.0876
Src_cls_loss	: 0.5940
Neighbors Clustering 	: 0.4772
-------------------------------------
[Epoch : 15/20]
Pr_Src_cls_loss	: 1.6855
Total_loss	: 0.9498
Ent Loss	: -0.0873
Src_cls_loss	: 0.5641
Neighbors Clustering 	: 0.4731
-------------------------------------
[Epoch : 16/20]
Pr_Src_cls_loss	: 1.6855
Total_loss	: 0.9191
Ent Loss	: -0.0871
Src_cls_loss	: 0.5370
Neighbors Clustering 	: 0.4692
-------------------------------------
[Epoch : 17/20]
Pr_Src_cls_loss	: 1.6855
Total_loss	: 0.8908
Ent Loss	: -0.0869
Src_cls_loss	: 0.5122
Neighbors Clustering 	: 0.4655
-------------------------------------
[Epoch : 18/20]
Pr_Src_cls_loss	: 1.6855
Total_loss	: 0.8649
Ent Loss	: -0.0867
Src_cls_loss	: 0.4896
Neighbors Clustering 	: 0.4620
-------------------------------------
[Epoch : 19/20]
Pr_Src_cls_loss	: 1.6855
Total_loss	: 0.8409
Ent Loss	: -0.0865
Src_cls_loss	: 0.4688
Neighbors Clustering 	: 0.4587
-------------------------------------
[Epoch : 20/20]
Pr_Src_cls_loss	: 1.6855
Total_loss	: 0.8187
Ent Loss	: -0.0864
Src_cls_loss	: 0.4496
Neighbors Clustering 	: 0.4555
-------------------------------------
/mnt/data/home/tp2474/OpenSet-AdaTime/algorithms/algorithms.py:870: UserWarning: Implicit dimension choice for softmax has been deprecated. Change the call to include dim=X as an argument.
  predictions = F.softmax(self.classifier(features))
/mnt/data/home/tp2474/OpenSet-AdaTime/trainers/abstract_trainer.py:331: FutureWarning: The behavior of DataFrame concatenation with empty or all-NA entries is deprecated. In a future version, this will no longer exclude empty or all-NA columns when determining the result dtypes. To retain the old behavior, exclude the relevant entries before the concat operation.
  table = pd.concat([table, results_df], ignore_index=True)
H_score: 0.1737, OS* (acc_c): 0.0953, UNK (acc_p): 0.9797, acc_mix: 0.6407, F1: 0.5371
Uploading logs from: /mnt/data/home/tp2474/OpenSet-AdaTime/experiments_logs/curriculum/RealWorld to Pamap2_UniDA_hard_n3_fno_mean/DANCE_UniDA_hard_n3_fno_mean/RealWorld_to_Pamap2_run_0
🏃 View run DANCE_run_0 at: http://127.0.0.1:5001/#/experiments/315617689137372120/runs/dff86ab6c74d45fea74ad451f5ec9d8b
🧪 View experiment at: http://127.0.0.1:5001/#/experiments/315617689137372120
=============================================
Dataset: RealWorld to Pamap2_UniDA_hard_n3_fno_mean
Method:  DANCE
=============================================
Source: RealWorld ---> Target: Pamap2
Run ID: 1
=============================================
[Pr Epoch : 1/20]
Pr_Src_cls_loss	: 1.7469
-------------------------------------
[Pr Epoch : 2/20]
Pr_Src_cls_loss	: 1.7262
-------------------------------------
[Pr Epoch : 3/20]
Pr_Src_cls_loss	: 1.7162
-------------------------------------
[Pr Epoch : 4/20]
Pr_Src_cls_loss	: 1.7103
-------------------------------------
[Pr Epoch : 5/20]
Pr_Src_cls_loss	: 1.7064
-------------------------------------
[Pr Epoch : 6/20]
Pr_Src_cls_loss	: 1.7035
-------------------------------------
[Pr Epoch : 7/20]
Pr_Src_cls_loss	: 1.7012
-------------------------------------
[Pr Epoch : 8/20]
Pr_Src_cls_loss	: 1.6993
-------------------------------------
[Pr Epoch : 9/20]
Pr_Src_cls_loss	: 1.6977
-------------------------------------
[Pr Epoch : 10/20]
Pr_Src_cls_loss	: 1.6963
-------------------------------------
[Pr Epoch : 11/20]
Pr_Src_cls_loss	: 1.6951
-------------------------------------
[Pr Epoch : 12/20]
Pr_Src_cls_loss	: 1.6940
-------------------------------------
[Pr Epoch : 13/20]
Pr_Src_cls_loss	: 1.6929
-------------------------------------
[Pr Epoch : 14/20]
Pr_Src_cls_loss	: 1.6920
-------------------------------------
[Pr Epoch : 15/20]
Pr_Src_cls_loss	: 1.6911
-------------------------------------
[Pr Epoch : 16/20]
Pr_Src_cls_loss	: 1.6903
-------------------------------------
[Pr Epoch : 17/20]
Pr_Src_cls_loss	: 1.6896
-------------------------------------
[Pr Epoch : 18/20]
Pr_Src_cls_loss	: 1.6889
-------------------------------------
[Pr Epoch : 19/20]
Pr_Src_cls_loss	: 1.6883
-------------------------------------
[Pr Epoch : 20/20]
Pr_Src_cls_loss	: 1.6876
-------------------------------------
[Epoch : 1/20]
Pr_Src_cls_loss	: 1.6876
Total_loss	: 2.0189
Ent Loss	: -0.0963
Src_cls_loss	: 1.5435
Neighbors Clustering 	: 0.5717
-------------------------------------
[Epoch : 2/20]
Pr_Src_cls_loss	: 1.6876
Total_loss	: 1.8839
Ent Loss	: -0.0955
Src_cls_loss	: 1.4159
Neighbors Clustering 	: 0.5635
-------------------------------------
[Epoch : 3/20]
Pr_Src_cls_loss	: 1.6876
Total_loss	: 1.7567
Ent Loss	: -0.0946
Src_cls_loss	: 1.2983
Neighbors Clustering 	: 0.5530
-------------------------------------
[Epoch : 4/20]
Pr_Src_cls_loss	: 1.6876
Total_loss	: 1.6421
Ent Loss	: -0.0935
Src_cls_loss	: 1.1923
Neighbors Clustering 	: 0.5433
-------------------------------------
[Epoch : 5/20]
Pr_Src_cls_loss	: 1.6876
Total_loss	: 1.5411
Ent Loss	: -0.0925
Src_cls_loss	: 1.0980
Neighbors Clustering 	: 0.5356
-------------------------------------
[Epoch : 6/20]
Pr_Src_cls_loss	: 1.6876
Total_loss	: 1.4515
Ent Loss	: -0.0915
Src_cls_loss	: 1.0145
Neighbors Clustering 	: 0.5284
-------------------------------------
[Epoch : 7/20]
Pr_Src_cls_loss	: 1.6876
Total_loss	: 1.3725
Ent Loss	: -0.0906
Src_cls_loss	: 0.9410
Neighbors Clustering 	: 0.5221
-------------------------------------
[Epoch : 8/20]
Pr_Src_cls_loss	: 1.6876
Total_loss	: 1.3026
Ent Loss	: -0.0898
Src_cls_loss	: 0.8759
Neighbors Clustering 	: 0.5165
-------------------------------------
[Epoch : 9/20]
Pr_Src_cls_loss	: 1.6876
Total_loss	: 1.2404
Ent Loss	: -0.0891
Src_cls_loss	: 0.8183
Neighbors Clustering 	: 0.5112
-------------------------------------
[Epoch : 10/20]
Pr_Src_cls_loss	: 1.6876
Total_loss	: 1.1849
Ent Loss	: -0.0885
Src_cls_loss	: 0.7671
Neighbors Clustering 	: 0.5063
-------------------------------------
[Epoch : 11/20]
Pr_Src_cls_loss	: 1.6876
Total_loss	: 1.1349
Ent Loss	: -0.0880
Src_cls_loss	: 0.7213
Neighbors Clustering 	: 0.5016
-------------------------------------
[Epoch : 12/20]
Pr_Src_cls_loss	: 1.6876
Total_loss	: 1.0902
Ent Loss	: -0.0875
Src_cls_loss	: 0.6805
Neighbors Clustering 	: 0.4971
-------------------------------------
[Epoch : 13/20]
Pr_Src_cls_loss	: 1.6876
Total_loss	: 1.0494
Ent Loss	: -0.0871
Src_cls_loss	: 0.6437
Neighbors Clustering 	: 0.4929
-------------------------------------
[Epoch : 14/20]
Pr_Src_cls_loss	: 1.6876
Total_loss	: 1.0124
Ent Loss	: -0.0868
Src_cls_loss	: 0.6102
Neighbors Clustering 	: 0.4889
-------------------------------------
[Epoch : 15/20]
Pr_Src_cls_loss	: 1.6876
Total_loss	: 0.9788
Ent Loss	: -0.0864
Src_cls_loss	: 0.5801
Neighbors Clustering 	: 0.4852
-------------------------------------
[Epoch : 16/20]
Pr_Src_cls_loss	: 1.6876
Total_loss	: 0.9484
Ent Loss	: -0.0861
Src_cls_loss	: 0.5527
Neighbors Clustering 	: 0.4818
-------------------------------------
[Epoch : 17/20]
Pr_Src_cls_loss	: 1.6876
Total_loss	: 0.9204
Ent Loss	: -0.0859
Src_cls_loss	: 0.5275
Neighbors Clustering 	: 0.4787
-------------------------------------
[Epoch : 18/20]
Pr_Src_cls_loss	: 1.6876
Total_loss	: nan
Ent Loss	: nan
Src_cls_loss	: nan
Neighbors Clustering 	: nan
-------------------------------------
[Epoch : 19/20]
Pr_Src_cls_loss	: 1.6876
Total_loss	: nan
Ent Loss	: nan
Src_cls_loss	: nan
Neighbors Clustering 	: nan
-------------------------------------
[Epoch : 20/20]
Pr_Src_cls_loss	: 1.6876
Total_loss	: nan
Ent Loss	: nan
Src_cls_loss	: nan
Neighbors Clustering 	: nan
-------------------------------------
H_score: 0.0000, OS* (acc_c): 0.0000, UNK (acc_p): 0.0000, acc_mix: 0.0000, F1: 0.0000
Uploading logs from: /mnt/data/home/tp2474/OpenSet-AdaTime/experiments_logs/curriculum/RealWorld to Pamap2_UniDA_hard_n3_fno_mean/DANCE_UniDA_hard_n3_fno_mean/RealWorld_to_Pamap2_run_1
🏃 View run DANCE_run_1 at: http://127.0.0.1:5001/#/experiments/315617689137372120/runs/1585238aee474de7ab56d11c2ab8e86e
🧪 View experiment at: http://127.0.0.1:5001/#/experiments/315617689137372120
=============================================
Dataset: RealWorld to Pamap2_UniDA_hard_n3_fno_mean
Method:  DANCE
=============================================
Source: RealWorld ---> Target: Pamap2
Run ID: 2
=============================================
[Pr Epoch : 1/20]
Pr_Src_cls_loss	: 1.7395
-------------------------------------
[Pr Epoch : 2/20]
Pr_Src_cls_loss	: 1.7182
-------------------------------------
[Pr Epoch : 3/20]
Pr_Src_cls_loss	: 1.7079
-------------------------------------
[Pr Epoch : 4/20]
Pr_Src_cls_loss	: 1.7016
-------------------------------------
[Pr Epoch : 5/20]
Pr_Src_cls_loss	: 1.6971
-------------------------------------
[Pr Epoch : 6/20]
Pr_Src_cls_loss	: 1.6937
-------------------------------------
[Pr Epoch : 7/20]
Pr_Src_cls_loss	: 1.6910
-------------------------------------
[Pr Epoch : 8/20]
Pr_Src_cls_loss	: 1.6888
-------------------------------------
[Pr Epoch : 9/20]
Pr_Src_cls_loss	: 1.6869
-------------------------------------
[Pr Epoch : 10/20]
Pr_Src_cls_loss	: 1.6853
-------------------------------------
[Pr Epoch : 11/20]
Pr_Src_cls_loss	: 1.6839
-------------------------------------
[Pr Epoch : 12/20]
Pr_Src_cls_loss	: 1.6826
-------------------------------------
[Pr Epoch : 13/20]
Pr_Src_cls_loss	: 1.6815
-------------------------------------
[Pr Epoch : 14/20]
Pr_Src_cls_loss	: 1.6806
-------------------------------------
[Pr Epoch : 15/20]
Pr_Src_cls_loss	: 1.6796
-------------------------------------
[Pr Epoch : 16/20]
Pr_Src_cls_loss	: 1.6788
-------------------------------------
[Pr Epoch : 17/20]
Pr_Src_cls_loss	: 1.6781
-------------------------------------
[Pr Epoch : 18/20]
Pr_Src_cls_loss	: 1.6774
-------------------------------------
[Pr Epoch : 19/20]
Pr_Src_cls_loss	: 1.6767
-------------------------------------
[Pr Epoch : 20/20]
Pr_Src_cls_loss	: 1.6761
-------------------------------------
[Epoch : 1/20]
Pr_Src_cls_loss	: 1.6761
Total_loss	: 2.0187
Ent Loss	: -0.0962
Src_cls_loss	: 1.5323
Neighbors Clustering 	: 0.5827
-------------------------------------
[Epoch : 2/20]
Pr_Src_cls_loss	: 1.6761
Total_loss	: 1.8788
Ent Loss	: -0.0956
Src_cls_loss	: 1.4047
Neighbors Clustering 	: 0.5696
-------------------------------------
[Epoch : 3/20]
Pr_Src_cls_loss	: 1.6761
Total_loss	: 1.7468
Ent Loss	: -0.0947
Src_cls_loss	: 1.2861
Neighbors Clustering 	: 0.5555
-------------------------------------
[Epoch : 4/20]
Pr_Src_cls_loss	: 1.6761
Total_loss	: 1.6297
Ent Loss	: -0.0938
Src_cls_loss	: 1.1790
Neighbors Clustering 	: 0.5445
-------------------------------------
[Epoch : 5/20]
Pr_Src_cls_loss	: 1.6761
Total_loss	: 1.5260
Ent Loss	: -0.0929
Src_cls_loss	: 1.0838
Neighbors Clustering 	: 0.5351
-------------------------------------
[Epoch : 6/20]
Pr_Src_cls_loss	: 1.6761
Total_loss	: 1.4352
Ent Loss	: -0.0920
Src_cls_loss	: 1.0001
Neighbors Clustering 	: 0.5271
-------------------------------------
[Epoch : 7/20]
Pr_Src_cls_loss	: 1.6761
Total_loss	: 1.3554
Ent Loss	: -0.0912
Src_cls_loss	: 0.9262
Neighbors Clustering 	: 0.5204
-------------------------------------
[Epoch : 8/20]
Pr_Src_cls_loss	: 1.6761
Total_loss	: 1.2852
Ent Loss	: -0.0905
Src_cls_loss	: 0.8612
Neighbors Clustering 	: 0.5145
-------------------------------------
[Epoch : 9/20]
Pr_Src_cls_loss	: 1.6761
Total_loss	: 1.2227
Ent Loss	: -0.0899
Src_cls_loss	: 0.8038
Neighbors Clustering 	: 0.5089
-------------------------------------
[Epoch : 10/20]
Pr_Src_cls_loss	: 1.6761
Total_loss	: 1.1674
Ent Loss	: -0.0894
Src_cls_loss	: 0.7530
Neighbors Clustering 	: 0.5038
-------------------------------------
[Epoch : 11/20]
Pr_Src_cls_loss	: 1.6761
Total_loss	: 1.1175
Ent Loss	: -0.0889
Src_cls_loss	: 0.7075
Neighbors Clustering 	: 0.4989
-------------------------------------
[Epoch : 12/20]
Pr_Src_cls_loss	: 1.6761
Total_loss	: 1.0728
Ent Loss	: -0.0885
Src_cls_loss	: 0.6669
Neighbors Clustering 	: 0.4944
-------------------------------------
[Epoch : 13/20]
Pr_Src_cls_loss	: 1.6761
Total_loss	: 1.0325
Ent Loss	: -0.0881
Src_cls_loss	: 0.6305
Neighbors Clustering 	: 0.4902
-------------------------------------
[Epoch : 14/20]
Pr_Src_cls_loss	: 1.6761
Total_loss	: 0.9959
Ent Loss	: -0.0877
Src_cls_loss	: 0.5976
Neighbors Clustering 	: 0.4861
-------------------------------------
[Epoch : 15/20]
Pr_Src_cls_loss	: 1.6761
Total_loss	: 0.9624
Ent Loss	: -0.0874
Src_cls_loss	: 0.5678
Neighbors Clustering 	: 0.4821
-------------------------------------
[Epoch : 16/20]
Pr_Src_cls_loss	: 1.6761
Total_loss	: 0.9318
Ent Loss	: -0.0871
Src_cls_loss	: 0.5405
Neighbors Clustering 	: 0.4784
-------------------------------------
[Epoch : 17/20]
Pr_Src_cls_loss	: 1.6761
Total_loss	: 0.9038
Ent Loss	: -0.0869
Src_cls_loss	: 0.5157
Neighbors Clustering 	: 0.4750
-------------------------------------
[Epoch : 18/20]
Pr_Src_cls_loss	: 1.6761
Total_loss	: 0.8780
Ent Loss	: -0.0866
Src_cls_loss	: 0.4930
Neighbors Clustering 	: 0.4716
-------------------------------------
[Epoch : 19/20]
Pr_Src_cls_loss	: 1.6761
Total_loss	: 0.8543
Ent Loss	: -0.0864
Src_cls_loss	: 0.4723
Neighbors Clustering 	: 0.4684
-------------------------------------
[Epoch : 20/20]
Pr_Src_cls_loss	: 1.6761
Total_loss	: 0.8322
Ent Loss	: -0.0862
Src_cls_loss	: 0.4530
Neighbors Clustering 	: 0.4653
-------------------------------------
H_score: 0.3618, OS* (acc_c): 0.2236, UNK (acc_p): 0.9481, acc_mix: 0.6704, F1: 0.5892
Uploading logs from: /mnt/data/home/tp2474/OpenSet-AdaTime/experiments_logs/curriculum/RealWorld to Pamap2_UniDA_hard_n3_fno_mean/DANCE_UniDA_hard_n3_fno_mean/RealWorld_to_Pamap2_run_2
🏃 View run DANCE_run_2 at: http://127.0.0.1:5001/#/experiments/315617689137372120/runs/68c13038bfe54f60acee81ad8b3eecd7
🧪 View experiment at: http://127.0.0.1:5001/#/experiments/315617689137372120
=============================================
Dataset: RealWorld to Pamap2_UniDA_hard_n3_fno_mean
Method:  DANCE
=============================================
Source: RealWorld ---> Target: Pamap2
Run ID: 3
=============================================
[Pr Epoch : 1/20]
Pr_Src_cls_loss	: 1.7524
-------------------------------------
[Pr Epoch : 2/20]
Pr_Src_cls_loss	: 1.7308
-------------------------------------
[Pr Epoch : 3/20]
Pr_Src_cls_loss	: 1.7203
-------------------------------------
[Pr Epoch : 4/20]
Pr_Src_cls_loss	: 1.7141
-------------------------------------
[Pr Epoch : 5/20]
Pr_Src_cls_loss	: 1.7099
-------------------------------------
[Pr Epoch : 6/20]
Pr_Src_cls_loss	: 1.7067
-------------------------------------
[Pr Epoch : 7/20]
Pr_Src_cls_loss	: 1.7041
-------------------------------------
[Pr Epoch : 8/20]
Pr_Src_cls_loss	: 1.7020
-------------------------------------
[Pr Epoch : 9/20]
Pr_Src_cls_loss	: 1.7001
-------------------------------------
[Pr Epoch : 10/20]
Pr_Src_cls_loss	: 1.6986
-------------------------------------
[Pr Epoch : 11/20]
Pr_Src_cls_loss	: 1.6972
-------------------------------------
[Pr Epoch : 12/20]
Pr_Src_cls_loss	: 1.6961
-------------------------------------
[Pr Epoch : 13/20]
Pr_Src_cls_loss	: 1.6950
-------------------------------------
[Pr Epoch : 14/20]
Pr_Src_cls_loss	: 1.6941
-------------------------------------
[Pr Epoch : 15/20]
Pr_Src_cls_loss	: 1.6932
-------------------------------------
[Pr Epoch : 16/20]
Pr_Src_cls_loss	: 1.6924
-------------------------------------
[Pr Epoch : 17/20]
Pr_Src_cls_loss	: 1.6917
-------------------------------------
[Pr Epoch : 18/20]
Pr_Src_cls_loss	: 1.6911
-------------------------------------
[Pr Epoch : 19/20]
Pr_Src_cls_loss	: 1.6905
-------------------------------------
[Pr Epoch : 20/20]
Pr_Src_cls_loss	: 1.6899
-------------------------------------
[Epoch : 1/20]
Pr_Src_cls_loss	: 1.6899
Total_loss	: 2.0302
Ent Loss	: -0.0964
Src_cls_loss	: 1.5457
Neighbors Clustering 	: 0.5809
-------------------------------------
[Epoch : 2/20]
Pr_Src_cls_loss	: 1.6899
Total_loss	: 1.8932
Ent Loss	: -0.0957
Src_cls_loss	: 1.4173
Neighbors Clustering 	: 0.5716
-------------------------------------
[Epoch : 3/20]
Pr_Src_cls_loss	: 1.6899
Total_loss	: 1.7622
Ent Loss	: -0.0948
Src_cls_loss	: 1.2978
Neighbors Clustering 	: 0.5592
-------------------------------------
[Epoch : 4/20]
Pr_Src_cls_loss	: 1.6899
Total_loss	: 1.6445
Ent Loss	: -0.0939
Src_cls_loss	: 1.1896
Neighbors Clustering 	: 0.5488
-------------------------------------
[Epoch : 5/20]
Pr_Src_cls_loss	: 1.6899
Total_loss	: 1.5404
Ent Loss	: -0.0930
Src_cls_loss	: 1.0938
Neighbors Clustering 	: 0.5395
-------------------------------------
[Epoch : 6/20]
Pr_Src_cls_loss	: 1.6899
Total_loss	: 1.4482
Ent Loss	: -0.0921
Src_cls_loss	: 1.0090
Neighbors Clustering 	: 0.5313
-------------------------------------
[Epoch : 7/20]
Pr_Src_cls_loss	: 1.6899
Total_loss	: 1.3669
Ent Loss	: -0.0913
Src_cls_loss	: 0.9341
Neighbors Clustering 	: 0.5240
-------------------------------------
[Epoch : 8/20]
Pr_Src_cls_loss	: 1.6899
Total_loss	: 1.2949
Ent Loss	: -0.0905
Src_cls_loss	: 0.8682
Neighbors Clustering 	: 0.5171
-------------------------------------
[Epoch : 9/20]
Pr_Src_cls_loss	: 1.6899
Total_loss	: 1.2311
Ent Loss	: -0.0899
Src_cls_loss	: 0.8101
Neighbors Clustering 	: 0.5109
-------------------------------------
[Epoch : 10/20]
Pr_Src_cls_loss	: 1.6899
Total_loss	: 1.1743
Ent Loss	: -0.0893
Src_cls_loss	: 0.7585
Neighbors Clustering 	: 0.5051
-------------------------------------
[Epoch : 11/20]
Pr_Src_cls_loss	: 1.6899
Total_loss	: 1.1230
Ent Loss	: -0.0888
Src_cls_loss	: 0.7124
Neighbors Clustering 	: 0.4994
-------------------------------------
[Epoch : 12/20]
Pr_Src_cls_loss	: 1.6899
Total_loss	: 1.0771
Ent Loss	: -0.0884
Src_cls_loss	: 0.6712
Neighbors Clustering 	: 0.4942
-------------------------------------
[Epoch : 13/20]
Pr_Src_cls_loss	: 1.6899
Total_loss	: 1.0359
Ent Loss	: -0.0880
Src_cls_loss	: 0.6344
Neighbors Clustering 	: 0.4894
-------------------------------------
[Epoch : 14/20]
Pr_Src_cls_loss	: 1.6899
Total_loss	: 0.9984
Ent Loss	: -0.0876
Src_cls_loss	: 0.6011
Neighbors Clustering 	: 0.4849
-------------------------------------
[Epoch : 15/20]
Pr_Src_cls_loss	: 1.6899
Total_loss	: 0.9644
Ent Loss	: -0.0873
Src_cls_loss	: 0.5709
Neighbors Clustering 	: 0.4807
-------------------------------------
[Epoch : 16/20]
Pr_Src_cls_loss	: 1.6899
Total_loss	: 0.9333
Ent Loss	: -0.0870
Src_cls_loss	: 0.5436
Neighbors Clustering 	: 0.4767
-------------------------------------
[Epoch : 17/20]
Pr_Src_cls_loss	: 1.6899
Total_loss	: 0.9050
Ent Loss	: -0.0867
Src_cls_loss	: 0.5187
Neighbors Clustering 	: 0.4730
-------------------------------------
[Epoch : 18/20]
Pr_Src_cls_loss	: 1.6899
Total_loss	: 0.8789
Ent Loss	: -0.0864
Src_cls_loss	: 0.4958
Neighbors Clustering 	: 0.4695
-------------------------------------
[Epoch : 19/20]
Pr_Src_cls_loss	: 1.6899
Total_loss	: 0.8548
Ent Loss	: -0.0862
Src_cls_loss	: 0.4748
Neighbors Clustering 	: 0.4662
-------------------------------------
[Epoch : 20/20]
Pr_Src_cls_loss	: 1.6899
Total_loss	: 0.8325
Ent Loss	: -0.0860
Src_cls_loss	: 0.4554
Neighbors Clustering 	: 0.4631
-------------------------------------
H_score: 0.0483, OS* (acc_c): 0.0248, UNK (acc_p): 0.9785, acc_mix: 0.6130, F1: 0.4840
Uploading logs from: /mnt/data/home/tp2474/OpenSet-AdaTime/experiments_logs/curriculum/RealWorld to Pamap2_UniDA_hard_n3_fno_mean/DANCE_UniDA_hard_n3_fno_mean/RealWorld_to_Pamap2_run_3
🏃 View run DANCE_run_3 at: http://127.0.0.1:5001/#/experiments/315617689137372120/runs/c5e3fb01e6424944ab7cb80e076a18f3
🧪 View experiment at: http://127.0.0.1:5001/#/experiments/315617689137372120
=============================================
Dataset: RealWorld to Pamap2_UniDA_hard_n3_fno_mean
Method:  DANCE
=============================================
Source: RealWorld ---> Target: Pamap2
Run ID: 4
=============================================
[Pr Epoch : 1/20]
Pr_Src_cls_loss	: 1.7427
-------------------------------------
[Pr Epoch : 2/20]
Pr_Src_cls_loss	: 1.7215
-------------------------------------
[Pr Epoch : 3/20]
Pr_Src_cls_loss	: 1.7115
-------------------------------------
[Pr Epoch : 4/20]
Pr_Src_cls_loss	: 1.7053
-------------------------------------
[Pr Epoch : 5/20]
Pr_Src_cls_loss	: 1.7012
-------------------------------------
[Pr Epoch : 6/20]
Pr_Src_cls_loss	: 1.6982
-------------------------------------
[Pr Epoch : 7/20]
Pr_Src_cls_loss	: 1.6958
-------------------------------------
[Pr Epoch : 8/20]
Pr_Src_cls_loss	: 1.6938
-------------------------------------
[Pr Epoch : 9/20]
Pr_Src_cls_loss	: 1.6921
-------------------------------------
[Pr Epoch : 10/20]
Pr_Src_cls_loss	: 1.6907
-------------------------------------
[Pr Epoch : 11/20]
Pr_Src_cls_loss	: 1.6894
-------------------------------------
[Pr Epoch : 12/20]
Pr_Src_cls_loss	: 1.6883
-------------------------------------
[Pr Epoch : 13/20]
Pr_Src_cls_loss	: 1.6873
-------------------------------------
[Pr Epoch : 14/20]
Pr_Src_cls_loss	: 1.6864
-------------------------------------
[Pr Epoch : 15/20]
Pr_Src_cls_loss	: 1.6855
-------------------------------------
[Pr Epoch : 16/20]
Pr_Src_cls_loss	: 1.6847
-------------------------------------
[Pr Epoch : 17/20]
Pr_Src_cls_loss	: 1.6840
-------------------------------------
[Pr Epoch : 18/20]
Pr_Src_cls_loss	: 1.6833
-------------------------------------
[Pr Epoch : 19/20]
Pr_Src_cls_loss	: 1.6826
-------------------------------------
[Pr Epoch : 20/20]
Pr_Src_cls_loss	: 1.6820
-------------------------------------
[Epoch : 1/20]
Pr_Src_cls_loss	: 1.6820
Total_loss	: 2.0217
Ent Loss	: -0.0963
Src_cls_loss	: 1.5377
Neighbors Clustering 	: 0.5804
-------------------------------------
[Epoch : 2/20]
Pr_Src_cls_loss	: 1.6820
Total_loss	: 1.8789
Ent Loss	: -0.0956
Src_cls_loss	: 1.4098
Neighbors Clustering 	: 0.5647
-------------------------------------
[Epoch : 3/20]
Pr_Src_cls_loss	: 1.6820
Total_loss	: 1.7483
Ent Loss	: -0.0948
Src_cls_loss	: 1.2916
Neighbors Clustering 	: 0.5515
-------------------------------------
[Epoch : 4/20]
Pr_Src_cls_loss	: 1.6820
Total_loss	: 1.6303
Ent Loss	: -0.0939
Src_cls_loss	: 1.1850
Neighbors Clustering 	: 0.5392
-------------------------------------
[Epoch : 5/20]
Pr_Src_cls_loss	: 1.6820
Total_loss	: 1.5266
Ent Loss	: -0.0930
Src_cls_loss	: 1.0904
Neighbors Clustering 	: 0.5292
-------------------------------------
[Epoch : 6/20]
Pr_Src_cls_loss	: 1.6820
Total_loss	: 1.4354
Ent Loss	: -0.0922
Src_cls_loss	: 1.0069
Neighbors Clustering 	: 0.5206
-------------------------------------
[Epoch : 7/20]
Pr_Src_cls_loss	: 1.6820
Total_loss	: 1.3552
Ent Loss	: -0.0914
Src_cls_loss	: 0.9332
Neighbors Clustering 	: 0.5134
-------------------------------------
[Epoch : 8/20]
Pr_Src_cls_loss	: 1.6820
Total_loss	: 1.2839
Ent Loss	: -0.0908
Src_cls_loss	: 0.8683
Neighbors Clustering 	: 0.5064
-------------------------------------
[Epoch : 9/20]
Pr_Src_cls_loss	: 1.6820
Total_loss	: 1.2207
Ent Loss	: -0.0902
Src_cls_loss	: 0.8110
Neighbors Clustering 	: 0.5000
-------------------------------------
[Epoch : 10/20]
Pr_Src_cls_loss	: 1.6820
Total_loss	: 1.1643
Ent Loss	: -0.0897
Src_cls_loss	: 0.7601
Neighbors Clustering 	: 0.4940
-------------------------------------
[Epoch : 11/20]
Pr_Src_cls_loss	: 1.6820
Total_loss	: 1.1138
Ent Loss	: -0.0893
Src_cls_loss	: 0.7144
Neighbors Clustering 	: 0.4886
-------------------------------------
[Epoch : 12/20]
Pr_Src_cls_loss	: 1.6820
Total_loss	: 1.0685
Ent Loss	: -0.0889
Src_cls_loss	: 0.6737
Neighbors Clustering 	: 0.4836
-------------------------------------
[Epoch : 13/20]
Pr_Src_cls_loss	: 1.6820
Total_loss	: 1.0275
Ent Loss	: -0.0885
Src_cls_loss	: 0.6371
Neighbors Clustering 	: 0.4789
-------------------------------------
[Epoch : 14/20]
Pr_Src_cls_loss	: 1.6820
Total_loss	: 0.9905
Ent Loss	: -0.0881
Src_cls_loss	: 0.6042
Neighbors Clustering 	: 0.4745
-------------------------------------
[Epoch : 15/20]
Pr_Src_cls_loss	: 1.6820
Total_loss	: 0.9568
Ent Loss	: -0.0878
Src_cls_loss	: 0.5742
Neighbors Clustering 	: 0.4703
-------------------------------------
[Epoch : 16/20]
Pr_Src_cls_loss	: 1.6820
Total_loss	: 0.9260
Ent Loss	: -0.0875
Src_cls_loss	: 0.5469
Neighbors Clustering 	: 0.4666
-------------------------------------
[Epoch : 17/20]
Pr_Src_cls_loss	: 1.6820
Total_loss	: nan
Ent Loss	: nan
Src_cls_loss	: nan
Neighbors Clustering 	: nan
-------------------------------------
[Epoch : 18/20]
Pr_Src_cls_loss	: 1.6820
Total_loss	: nan
Ent Loss	: nan
Src_cls_loss	: nan
Neighbors Clustering 	: nan
-------------------------------------
[Epoch : 19/20]
Pr_Src_cls_loss	: 1.6820
Total_loss	: nan
Ent Loss	: nan
Src_cls_loss	: nan
Neighbors Clustering 	: nan
-------------------------------------
[Epoch : 20/20]
Pr_Src_cls_loss	: 1.6820
Total_loss	: nan
Ent Loss	: nan
Src_cls_loss	: nan
Neighbors Clustering 	: nan
-------------------------------------
H_score: 0.0000, OS* (acc_c): 0.0000, UNK (acc_p): 0.0000, acc_mix: 0.0000, F1: 0.0000
Uploading logs from: /mnt/data/home/tp2474/OpenSet-AdaTime/experiments_logs/curriculum/RealWorld to Pamap2_UniDA_hard_n3_fno_mean/DANCE_UniDA_hard_n3_fno_mean/RealWorld_to_Pamap2_run_4
🏃 View run DANCE_run_4 at: http://127.0.0.1:5001/#/experiments/315617689137372120/runs/f0de22ba622c4dd58085e802b6ab298c
🧪 View experiment at: http://127.0.0.1:5001/#/experiments/315617689137372120
==================== [n3 fno_mean] PPOT ====================
[curriculum] scenario=UniDA  strategy=hard  n_unknown=3  rank_variant=fno_mean
[curriculum] source mapping (7 classes): {'lying': 'lying', 'sitting': 'sitting', 'walking': 'walking', 'running': 'running', 'climbingup': 'climbingup', 'jumping': 'jumping', 'climbingdown': 'climbingdown'}
[curriculum] target mapping (7 classes): {'lying': 'lying', 'sitting': 'sitting', 'walking': 'walking', 'running': 'running', 'other (transient activities)': 'other (transient activities)', 'ascending stairs': 'ascending stairs', 'descending stairs': 'descending stairs'}
[curriculum] unknowns added (in hard order): src=[climbingup,jumping,climbingdown] | trg=[other (transient activities),ascending stairs,descending stairs]
[scenario] PPOT -> UniDA (uniDA=True)
Unlabeled data shape:  (12430, 150, 18)
Unlabelled Combined shape: (20684, 150, 18)

--- Dataloader Size Check ---
Source Train batches:   396
Target Train batches:   194
-------------------------------

Private classes:  tensor([7., 8., 9.])
=============================================
Dataset: RealWorld to Pamap2_UniDA_hard_n3_fno_mean
Method:  PPOT
=============================================
Source: RealWorld ---> Target: Pamap2
Run ID: 0
=============================================
[Pr Epoch : 1/20]
Pr_Src_cls_loss	: 1.7607
-------------------------------------
[Pr Epoch : 2/20]
Pr_Src_cls_loss	: 1.6785
-------------------------------------
[Pr Epoch : 3/20]
Pr_Src_cls_loss	: 1.6044
-------------------------------------
[Pr Epoch : 4/20]
Pr_Src_cls_loss	: 1.5351
-------------------------------------
[Pr Epoch : 5/20]
Pr_Src_cls_loss	: 1.4698
-------------------------------------
[Pr Epoch : 6/20]
Pr_Src_cls_loss	: 1.4085
-------------------------------------
[Pr Epoch : 7/20]
Pr_Src_cls_loss	: 1.3509
-------------------------------------
[Pr Epoch : 8/20]
Pr_Src_cls_loss	: 1.2967
-------------------------------------
[Pr Epoch : 9/20]
Pr_Src_cls_loss	: 1.2458
-------------------------------------
[Pr Epoch : 10/20]
Pr_Src_cls_loss	: 1.1978
-------------------------------------
[Pr Epoch : 11/20]
Pr_Src_cls_loss	: 1.1524
-------------------------------------
[Pr Epoch : 12/20]
Pr_Src_cls_loss	: 1.1097
-------------------------------------
[Pr Epoch : 13/20]
Pr_Src_cls_loss	: 1.0692
-------------------------------------
[Pr Epoch : 14/20]
Pr_Src_cls_loss	: 1.0311
-------------------------------------
[Pr Epoch : 15/20]
Pr_Src_cls_loss	: 0.9951
-------------------------------------
[Pr Epoch : 16/20]
Pr_Src_cls_loss	: 0.9612
-------------------------------------
[Pr Epoch : 17/20]
Pr_Src_cls_loss	: 0.9290
-------------------------------------
[Pr Epoch : 18/20]
Pr_Src_cls_loss	: 0.8986
-------------------------------------
[Pr Epoch : 19/20]
Pr_Src_cls_loss	: 0.8698
-------------------------------------
[Pr Epoch : 20/20]
Pr_Src_cls_loss	: 0.8426
-------------------------------------
[Epoch : 1/20]
Pr_Src_cls_loss	: 0.8426
Total_loss	: -0.6446
OT Loss	: 0.2540
Entropic Loss	: -1.3328
Src_cls_loss	: 0.3071
-------------------------------------
[Epoch : 2/20]
Pr_Src_cls_loss	: 0.8426
Total_loss	: -0.6124
OT Loss	: 0.2640
Entropic Loss	: -1.3020
Src_cls_loss	: 0.2936
-------------------------------------
[Epoch : 3/20]
Pr_Src_cls_loss	: 0.8426
Total_loss	: -0.5796
OT Loss	: 0.2571
Entropic Loss	: -1.2675
Src_cls_loss	: 0.3024
-------------------------------------
[Epoch : 4/20]
Pr_Src_cls_loss	: 0.8426
Total_loss	: -0.5530
OT Loss	: 0.2517
Entropic Loss	: -1.2458
Src_cls_loss	: 0.3152
-------------------------------------
[Epoch : 5/20]
Pr_Src_cls_loss	: 0.8426
Total_loss	: -0.5697
OT Loss	: 0.2483
Entropic Loss	: -1.2444
Src_cls_loss	: 0.3023
-------------------------------------
[Epoch : 6/20]
Pr_Src_cls_loss	: 0.8426
Total_loss	: -0.6061
OT Loss	: 0.2438
Entropic Loss	: -1.2527
Src_cls_loss	: 0.2809
-------------------------------------
[Epoch : 7/20]
Pr_Src_cls_loss	: 0.8426
Total_loss	: -0.6083
OT Loss	: 0.2413
Entropic Loss	: -1.2390
Src_cls_loss	: 0.2687
-------------------------------------
[Epoch : 8/20]
Pr_Src_cls_loss	: 0.8426
Total_loss	: -0.5762
OT Loss	: 0.2448
Entropic Loss	: -1.2193
Src_cls_loss	: 0.2758
-------------------------------------
[Epoch : 9/20]
Pr_Src_cls_loss	: 0.8426
Total_loss	: -0.5733
OT Loss	: 0.2467
Entropic Loss	: -1.2081
Src_cls_loss	: 0.2647
-------------------------------------
[Epoch : 10/20]
Pr_Src_cls_loss	: 0.8426
Total_loss	: -0.5561
OT Loss	: 0.2471
Entropic Loss	: -1.1804
Src_cls_loss	: 0.2537
-------------------------------------
[Epoch : 11/20]
Pr_Src_cls_loss	: 0.8426
Total_loss	: -0.5497
OT Loss	: 0.2495
Entropic Loss	: -1.1777
Src_cls_loss	: 0.2539
-------------------------------------
[Epoch : 12/20]
Pr_Src_cls_loss	: 0.8426
Total_loss	: -0.5513
OT Loss	: 0.2527
Entropic Loss	: -1.1771
Src_cls_loss	: 0.2467
-------------------------------------
[Epoch : 13/20]
Pr_Src_cls_loss	: 0.8426
Total_loss	: -0.5394
OT Loss	: 0.2559
Entropic Loss	: -1.1686
Src_cls_loss	: 0.2453
-------------------------------------
[Epoch : 14/20]
Pr_Src_cls_loss	: 0.8426
Total_loss	: -0.5501
OT Loss	: 0.2577
Entropic Loss	: -1.1732
Src_cls_loss	: 0.2366
-------------------------------------
[Epoch : 15/20]
Pr_Src_cls_loss	: 0.8426
Total_loss	: -0.5304
OT Loss	: 0.2602
Entropic Loss	: -1.1545
Src_cls_loss	: 0.2338
-------------------------------------
[Epoch : 16/20]
Pr_Src_cls_loss	: 0.8426
Total_loss	: -0.5174
OT Loss	: 0.2601
Entropic Loss	: -1.1351
Src_cls_loss	: 0.2276
-------------------------------------
[Epoch : 17/20]
Pr_Src_cls_loss	: 0.8426
Total_loss	: -0.5052
OT Loss	: 0.2611
Entropic Loss	: -1.1195
Src_cls_loss	: 0.2225
-------------------------------------
[Epoch : 18/20]
Pr_Src_cls_loss	: 0.8426
Total_loss	: -0.4971
OT Loss	: 0.2633
Entropic Loss	: -1.1135
Src_cls_loss	: 0.2214
-------------------------------------
[Epoch : 19/20]
Pr_Src_cls_loss	: 0.8426
Total_loss	: -0.4867
OT Loss	: 0.2656
Entropic Loss	: -1.1023
Src_cls_loss	: 0.2173
-------------------------------------
[Epoch : 20/20]
Pr_Src_cls_loss	: 0.8426
Total_loss	: -0.4795
OT Loss	: 0.2665
Entropic Loss	: -1.0945
Src_cls_loss	: 0.2152
-------------------------------------
/mnt/data/home/tp2474/OpenSet-AdaTime/trainers/abstract_trainer.py:331: FutureWarning: The behavior of DataFrame concatenation with empty or all-NA entries is deprecated. In a future version, this will no longer exclude empty or all-NA columns when determining the result dtypes. To retain the old behavior, exclude the relevant entries before the concat operation.
  table = pd.concat([table, results_df], ignore_index=True)
H_score: 0.4091, OS* (acc_c): 0.3241, UNK (acc_p): 0.5547, acc_mix: 0.4663, F1: 0.5321
Uploading logs from: /mnt/data/home/tp2474/OpenSet-AdaTime/experiments_logs/curriculum/RealWorld to Pamap2_UniDA_hard_n3_fno_mean/PPOT_UniDA_hard_n3_fno_mean/RealWorld_to_Pamap2_run_0
🏃 View run PPOT_run_0 at: http://127.0.0.1:5001/#/experiments/315617689137372120/runs/000801c0dd994fac8db5a7ef36829058
🧪 View experiment at: http://127.0.0.1:5001/#/experiments/315617689137372120
=============================================
Dataset: RealWorld to Pamap2_UniDA_hard_n3_fno_mean
Method:  PPOT
=============================================
Source: RealWorld ---> Target: Pamap2
Run ID: 1
=============================================
[Pr Epoch : 1/20]
Pr_Src_cls_loss	: 1.7880
-------------------------------------
[Pr Epoch : 2/20]
Pr_Src_cls_loss	: 1.7044
-------------------------------------
[Pr Epoch : 3/20]
Pr_Src_cls_loss	: 1.6288
-------------------------------------
[Pr Epoch : 4/20]
Pr_Src_cls_loss	: 1.5579
-------------------------------------
[Pr Epoch : 5/20]
Pr_Src_cls_loss	: 1.4916
-------------------------------------
[Pr Epoch : 6/20]
Pr_Src_cls_loss	: 1.4294
-------------------------------------
[Pr Epoch : 7/20]
Pr_Src_cls_loss	: 1.3713
-------------------------------------
[Pr Epoch : 8/20]
Pr_Src_cls_loss	: 1.3169
-------------------------------------
[Pr Epoch : 9/20]
Pr_Src_cls_loss	: 1.2655
-------------------------------------
[Pr Epoch : 10/20]
Pr_Src_cls_loss	: 1.2172
-------------------------------------
[Pr Epoch : 11/20]
Pr_Src_cls_loss	: 1.1717
-------------------------------------
[Pr Epoch : 12/20]
Pr_Src_cls_loss	: 1.1287
-------------------------------------
[Pr Epoch : 13/20]
Pr_Src_cls_loss	: 1.0883
-------------------------------------
[Pr Epoch : 14/20]
Pr_Src_cls_loss	: 1.0501
-------------------------------------
[Pr Epoch : 15/20]
Pr_Src_cls_loss	: 1.0139
-------------------------------------
[Pr Epoch : 16/20]
Pr_Src_cls_loss	: 0.9798
-------------------------------------
[Pr Epoch : 17/20]
Pr_Src_cls_loss	: 0.9475
-------------------------------------
[Pr Epoch : 18/20]
Pr_Src_cls_loss	: 0.9169
-------------------------------------
[Pr Epoch : 19/20]
Pr_Src_cls_loss	: 0.8879
-------------------------------------
[Pr Epoch : 20/20]
Pr_Src_cls_loss	: 0.8604
-------------------------------------
[Epoch : 1/20]
Pr_Src_cls_loss	: 0.8604
Total_loss	: -0.7242
OT Loss	: 0.2320
Entropic Loss	: -1.3427
Src_cls_loss	: 0.2705
-------------------------------------
[Epoch : 2/20]
Pr_Src_cls_loss	: 0.8604
Total_loss	: -0.6810
OT Loss	: 0.2445
Entropic Loss	: -1.2995
Src_cls_loss	: 0.2517
-------------------------------------
[Epoch : 3/20]
Pr_Src_cls_loss	: 0.8604
Total_loss	: -0.6099
OT Loss	: 0.2404
Entropic Loss	: -1.2420
Src_cls_loss	: 0.2715
-------------------------------------
[Epoch : 4/20]
Pr_Src_cls_loss	: 0.8604
Total_loss	: -0.5630
OT Loss	: 0.2375
Entropic Loss	: -1.2090
Src_cls_loss	: 0.2898
-------------------------------------
[Epoch : 5/20]
Pr_Src_cls_loss	: 0.8604
Total_loss	: -0.5212
OT Loss	: 0.2316
Entropic Loss	: -1.1656
Src_cls_loss	: 0.2970
-------------------------------------
[Epoch : 6/20]
Pr_Src_cls_loss	: 0.8604
Total_loss	: -0.5602
OT Loss	: 0.2234
Entropic Loss	: -1.1804
Src_cls_loss	: 0.2851
-------------------------------------
[Epoch : 7/20]
Pr_Src_cls_loss	: 0.8604
Total_loss	: -0.5515
OT Loss	: 0.2246
Entropic Loss	: -1.1573
Src_cls_loss	: 0.2689
-------------------------------------
[Epoch : 8/20]
Pr_Src_cls_loss	: 0.8604
Total_loss	: -0.5079
OT Loss	: 0.2315
Entropic Loss	: -1.1180
Src_cls_loss	: 0.2629
-------------------------------------
[Epoch : 9/20]
Pr_Src_cls_loss	: 0.8604
Total_loss	: -0.4867
OT Loss	: 0.2352
Entropic Loss	: -1.0925
Src_cls_loss	: 0.2530
-------------------------------------
[Epoch : 10/20]
Pr_Src_cls_loss	: 0.8604
Total_loss	: -0.4596
OT Loss	: 0.2405
Entropic Loss	: -1.0680
Src_cls_loss	: 0.2477
-------------------------------------
[Epoch : 11/20]
Pr_Src_cls_loss	: 0.8604
Total_loss	: -0.4037
OT Loss	: 0.2459
Entropic Loss	: -1.0329
Src_cls_loss	: 0.2603
-------------------------------------
[Epoch : 12/20]
Pr_Src_cls_loss	: 0.8604
Total_loss	: -0.3819
OT Loss	: 0.2496
Entropic Loss	: -1.0134
Src_cls_loss	: 0.2570
-------------------------------------
[Epoch : 13/20]
Pr_Src_cls_loss	: 0.8604
Total_loss	: -0.3700
OT Loss	: 0.2522
Entropic Loss	: -0.9992
Src_cls_loss	: 0.2508
-------------------------------------
[Epoch : 14/20]
Pr_Src_cls_loss	: 0.8604
Total_loss	: -0.3568
OT Loss	: 0.2537
Entropic Loss	: -0.9822
Src_cls_loss	: 0.2448
-------------------------------------
[Epoch : 15/20]
Pr_Src_cls_loss	: 0.8604
Total_loss	: -0.3305
OT Loss	: 0.2565
Entropic Loss	: -0.9577
Src_cls_loss	: 0.2424
-------------------------------------
[Epoch : 16/20]
Pr_Src_cls_loss	: 0.8604
Total_loss	: -0.3216
OT Loss	: 0.2603
Entropic Loss	: -0.9494
Src_cls_loss	: 0.2374
-------------------------------------
[Epoch : 17/20]
Pr_Src_cls_loss	: 0.8604
Total_loss	: -0.3087
OT Loss	: 0.2652
Entropic Loss	: -0.9385
Src_cls_loss	: 0.2321
-------------------------------------
[Epoch : 18/20]
Pr_Src_cls_loss	: 0.8604
Total_loss	: -0.2976
OT Loss	: 0.2666
Entropic Loss	: -0.9249
Src_cls_loss	: 0.2274
-------------------------------------
[Epoch : 19/20]
Pr_Src_cls_loss	: 0.8604
Total_loss	: -0.2806
OT Loss	: 0.2684
Entropic Loss	: -0.9079
Src_cls_loss	: 0.2247
-------------------------------------
[Epoch : 20/20]
Pr_Src_cls_loss	: 0.8604
Total_loss	: -0.2649
OT Loss	: 0.2713
Entropic Loss	: -0.8909
Src_cls_loss	: 0.2190
-------------------------------------
H_score: 0.3524, OS* (acc_c): 0.2750, UNK (acc_p): 0.4905, acc_mix: 0.4079, F1: 0.4847
Uploading logs from: /mnt/data/home/tp2474/OpenSet-AdaTime/experiments_logs/curriculum/RealWorld to Pamap2_UniDA_hard_n3_fno_mean/PPOT_UniDA_hard_n3_fno_mean/RealWorld_to_Pamap2_run_1
🏃 View run PPOT_run_1 at: http://127.0.0.1:5001/#/experiments/315617689137372120/runs/f54f95620f2b41c0a1b8d515f07f3491
🧪 View experiment at: http://127.0.0.1:5001/#/experiments/315617689137372120
=============================================
Dataset: RealWorld to Pamap2_UniDA_hard_n3_fno_mean
Method:  PPOT
=============================================
Source: RealWorld ---> Target: Pamap2
Run ID: 2
=============================================
[Pr Epoch : 1/20]
Pr_Src_cls_loss	: 1.7703
-------------------------------------
[Pr Epoch : 2/20]
Pr_Src_cls_loss	: 1.6897
-------------------------------------
[Pr Epoch : 3/20]
Pr_Src_cls_loss	: 1.6170
-------------------------------------
[Pr Epoch : 4/20]
Pr_Src_cls_loss	: 1.5486
-------------------------------------
[Pr Epoch : 5/20]
Pr_Src_cls_loss	: 1.4842
-------------------------------------
[Pr Epoch : 6/20]
Pr_Src_cls_loss	: 1.4239
-------------------------------------
[Pr Epoch : 7/20]
Pr_Src_cls_loss	: 1.3672
-------------------------------------
[Pr Epoch : 8/20]
Pr_Src_cls_loss	: 1.3139
-------------------------------------
[Pr Epoch : 9/20]
Pr_Src_cls_loss	: 1.2637
-------------------------------------
[Pr Epoch : 10/20]
Pr_Src_cls_loss	: 1.2164
-------------------------------------
[Pr Epoch : 11/20]
Pr_Src_cls_loss	: 1.1717
-------------------------------------
[Pr Epoch : 12/20]
Pr_Src_cls_loss	: 1.1294
-------------------------------------
[Pr Epoch : 13/20]
Pr_Src_cls_loss	: 1.0894
-------------------------------------
[Pr Epoch : 14/20]
Pr_Src_cls_loss	: 1.0515
-------------------------------------
[Pr Epoch : 15/20]
Pr_Src_cls_loss	: 1.0157
-------------------------------------
[Pr Epoch : 16/20]
Pr_Src_cls_loss	: 0.9817
-------------------------------------
[Pr Epoch : 17/20]
Pr_Src_cls_loss	: 0.9495
-------------------------------------
[Pr Epoch : 18/20]
Pr_Src_cls_loss	: 0.9191
-------------------------------------
[Pr Epoch : 19/20]
Pr_Src_cls_loss	: 0.8901
-------------------------------------
[Pr Epoch : 20/20]
Pr_Src_cls_loss	: 0.8626
-------------------------------------
[Epoch : 1/20]
Pr_Src_cls_loss	: 0.8626
Total_loss	: -1.1558
OT Loss	: 0.2042
Entropic Loss	: -1.6632
Src_cls_loss	: 0.2011
-------------------------------------
[Epoch : 2/20]
Pr_Src_cls_loss	: 0.8626
Total_loss	: -1.1491
OT Loss	: 0.2081
Entropic Loss	: -1.6972
Src_cls_loss	: 0.2359
-------------------------------------
[Epoch : 3/20]
Pr_Src_cls_loss	: 0.8626
Total_loss	: -1.1101
OT Loss	: 0.2131
Entropic Loss	: -1.6546
Src_cls_loss	: 0.2249
-------------------------------------
[Epoch : 4/20]
Pr_Src_cls_loss	: 0.8626
Total_loss	: -1.0703
OT Loss	: 0.2208
Entropic Loss	: -1.6241
Src_cls_loss	: 0.2224
-------------------------------------
[Epoch : 5/20]
Pr_Src_cls_loss	: 0.8626
Total_loss	: -0.9025
OT Loss	: 0.2302
Entropic Loss	: -1.4764
Src_cls_loss	: 0.2287
-------------------------------------
[Epoch : 6/20]
Pr_Src_cls_loss	: 0.8626
Total_loss	: -0.7591
OT Loss	: 0.2286
Entropic Loss	: -1.3610
Src_cls_loss	: 0.2590
-------------------------------------
[Epoch : 7/20]
Pr_Src_cls_loss	: 0.8626
Total_loss	: -0.6841
OT Loss	: 0.2252
Entropic Loss	: -1.2796
Src_cls_loss	: 0.2577
-------------------------------------
[Epoch : 8/20]
Pr_Src_cls_loss	: 0.8626
Total_loss	: -0.6253
OT Loss	: 0.2198
Entropic Loss	: -1.2220
Src_cls_loss	: 0.2670
-------------------------------------
[Epoch : 9/20]
Pr_Src_cls_loss	: 0.8626
Total_loss	: -0.6191
OT Loss	: 0.2119
Entropic Loss	: -1.2157
Src_cls_loss	: 0.2786
-------------------------------------
[Epoch : 10/20]
Pr_Src_cls_loss	: 0.8626
Total_loss	: -0.5836
OT Loss	: 0.2090
Entropic Loss	: -1.1736
Src_cls_loss	: 0.2764
-------------------------------------
[Epoch : 11/20]
Pr_Src_cls_loss	: 0.8626
Total_loss	: -0.5797
OT Loss	: 0.2096
Entropic Loss	: -1.1689
Src_cls_loss	: 0.2748
-------------------------------------
[Epoch : 12/20]
Pr_Src_cls_loss	: 0.8626
Total_loss	: -0.5493
OT Loss	: 0.2138
Entropic Loss	: -1.1390
Src_cls_loss	: 0.2690
-------------------------------------
[Epoch : 13/20]
Pr_Src_cls_loss	: 0.8626
Total_loss	: -0.4907
OT Loss	: 0.2238
Entropic Loss	: -1.0885
Src_cls_loss	: 0.2621
-------------------------------------
[Epoch : 14/20]
Pr_Src_cls_loss	: 0.8626
Total_loss	: -0.4722
OT Loss	: 0.2259
Entropic Loss	: -1.0703
Src_cls_loss	: 0.2593
-------------------------------------
[Epoch : 15/20]
Pr_Src_cls_loss	: 0.8626
Total_loss	: -0.4205
OT Loss	: 0.2334
Entropic Loss	: -1.0246
Src_cls_loss	: 0.2539
-------------------------------------
[Epoch : 16/20]
Pr_Src_cls_loss	: 0.8626
Total_loss	: -0.3941
OT Loss	: 0.2382
Entropic Loss	: -0.9995
Src_cls_loss	: 0.2481
-------------------------------------
[Epoch : 17/20]
Pr_Src_cls_loss	: 0.8626
Total_loss	: -0.3731
OT Loss	: 0.2418
Entropic Loss	: -0.9795
Src_cls_loss	: 0.2438
-------------------------------------
[Epoch : 18/20]
Pr_Src_cls_loss	: 0.8626
Total_loss	: -0.3563
OT Loss	: 0.2471
Entropic Loss	: -0.9640
Src_cls_loss	: 0.2371
-------------------------------------
[Epoch : 19/20]
Pr_Src_cls_loss	: 0.8626
Total_loss	: -0.3467
OT Loss	: 0.2478
Entropic Loss	: -0.9498
Src_cls_loss	: 0.2314
-------------------------------------
[Epoch : 20/20]
Pr_Src_cls_loss	: 0.8626
Total_loss	: -0.3266
OT Loss	: 0.2523
Entropic Loss	: -0.9346
Src_cls_loss	: 0.2295
-------------------------------------
H_score: 0.4763, OS* (acc_c): 0.4007, UNK (acc_p): 0.5870, acc_mix: 0.5156, F1: 0.5956
Uploading logs from: /mnt/data/home/tp2474/OpenSet-AdaTime/experiments_logs/curriculum/RealWorld to Pamap2_UniDA_hard_n3_fno_mean/PPOT_UniDA_hard_n3_fno_mean/RealWorld_to_Pamap2_run_2
🏃 View run PPOT_run_2 at: http://127.0.0.1:5001/#/experiments/315617689137372120/runs/47f52eeed513470a8fbb0ac3ee7769ea
🧪 View experiment at: http://127.0.0.1:5001/#/experiments/315617689137372120
=============================================
Dataset: RealWorld to Pamap2_UniDA_hard_n3_fno_mean
Method:  PPOT
=============================================
Source: RealWorld ---> Target: Pamap2
Run ID: 3
=============================================
[Pr Epoch : 1/20]
Pr_Src_cls_loss	: 1.7640
-------------------------------------
[Pr Epoch : 2/20]
Pr_Src_cls_loss	: 1.6822
-------------------------------------
[Pr Epoch : 3/20]
Pr_Src_cls_loss	: 1.6083
-------------------------------------
[Pr Epoch : 4/20]
Pr_Src_cls_loss	: 1.5398
-------------------------------------
[Pr Epoch : 5/20]
Pr_Src_cls_loss	: 1.4754
-------------------------------------
[Pr Epoch : 6/20]
Pr_Src_cls_loss	: 1.4152
-------------------------------------
[Pr Epoch : 7/20]
Pr_Src_cls_loss	: 1.3585
-------------------------------------
[Pr Epoch : 8/20]
Pr_Src_cls_loss	: 1.3053
-------------------------------------
[Pr Epoch : 9/20]
Pr_Src_cls_loss	: 1.2551
-------------------------------------
[Pr Epoch : 10/20]
Pr_Src_cls_loss	: 1.2079
-------------------------------------
[Pr Epoch : 11/20]
Pr_Src_cls_loss	: 1.1632
-------------------------------------
[Pr Epoch : 12/20]
Pr_Src_cls_loss	: 1.1210
-------------------------------------
[Pr Epoch : 13/20]
Pr_Src_cls_loss	: 1.0811
-------------------------------------
[Pr Epoch : 14/20]
Pr_Src_cls_loss	: 1.0434
-------------------------------------
[Pr Epoch : 15/20]
Pr_Src_cls_loss	: 1.0077
-------------------------------------
[Pr Epoch : 16/20]
Pr_Src_cls_loss	: 0.9738
-------------------------------------
[Pr Epoch : 17/20]
Pr_Src_cls_loss	: 0.9418
-------------------------------------
[Pr Epoch : 18/20]
Pr_Src_cls_loss	: 0.9115
-------------------------------------
[Pr Epoch : 19/20]
Pr_Src_cls_loss	: 0.8827
-------------------------------------
[Pr Epoch : 20/20]
Pr_Src_cls_loss	: 0.8555
-------------------------------------
[Epoch : 1/20]
Pr_Src_cls_loss	: 0.8555
Total_loss	: -0.8224
OT Loss	: 0.2526
Entropic Loss	: -1.4694
Src_cls_loss	: 0.2681
-------------------------------------
[Epoch : 2/20]
Pr_Src_cls_loss	: 0.8555
Total_loss	: -0.6217
OT Loss	: 0.2528
Entropic Loss	: -1.3105
Src_cls_loss	: 0.3096
-------------------------------------
[Epoch : 3/20]
Pr_Src_cls_loss	: 0.8555
Total_loss	: -0.5232
OT Loss	: 0.2665
Entropic Loss	: -1.2193
Src_cls_loss	: 0.2964
-------------------------------------
[Epoch : 4/20]
Pr_Src_cls_loss	: 0.8555
Total_loss	: -0.4981
OT Loss	: 0.2655
Entropic Loss	: -1.1850
Src_cls_loss	: 0.2886
-------------------------------------
[Epoch : 5/20]
Pr_Src_cls_loss	: 0.8555
Total_loss	: -0.4730
OT Loss	: 0.2553
Entropic Loss	: -1.1196
Src_cls_loss	: 0.2635
-------------------------------------
[Epoch : 6/20]
Pr_Src_cls_loss	: 0.8555
Total_loss	: -0.4986
OT Loss	: 0.2459
Entropic Loss	: -1.1232
Src_cls_loss	: 0.2559
-------------------------------------
[Epoch : 7/20]
Pr_Src_cls_loss	: 0.8555
Total_loss	: -0.4541
OT Loss	: 0.2445
Entropic Loss	: -1.0673
Src_cls_loss	: 0.2465
-------------------------------------
[Epoch : 8/20]
Pr_Src_cls_loss	: 0.8555
Total_loss	: -0.4438
OT Loss	: 0.2416
Entropic Loss	: -1.0606
Src_cls_loss	: 0.2544
-------------------------------------
[Epoch : 9/20]
Pr_Src_cls_loss	: 0.8555
Total_loss	: -0.4506
OT Loss	: 0.2405
Entropic Loss	: -1.0608
Src_cls_loss	: 0.2494
-------------------------------------
[Epoch : 10/20]
Pr_Src_cls_loss	: 0.8555
Total_loss	: -0.4470
OT Loss	: 0.2411
Entropic Loss	: -1.0453
Src_cls_loss	: 0.2367
-------------------------------------
[Epoch : 11/20]
Pr_Src_cls_loss	: 0.8555
Total_loss	: -0.4288
OT Loss	: 0.2440
Entropic Loss	: -1.0312
Src_cls_loss	: 0.2365
-------------------------------------
[Epoch : 12/20]
Pr_Src_cls_loss	: 0.8555
Total_loss	: -0.4093
OT Loss	: 0.2443
Entropic Loss	: -1.0067
Src_cls_loss	: 0.2310
-------------------------------------
[Epoch : 13/20]
Pr_Src_cls_loss	: 0.8555
Total_loss	: -0.3992
OT Loss	: 0.2446
Entropic Loss	: -0.9910
Src_cls_loss	: 0.2249
-------------------------------------
[Epoch : 14/20]
Pr_Src_cls_loss	: 0.8555
Total_loss	: -0.3861
OT Loss	: 0.2486
Entropic Loss	: -0.9853
Src_cls_loss	: 0.2263
-------------------------------------
[Epoch : 15/20]
Pr_Src_cls_loss	: 0.8555
Total_loss	: -0.3732
OT Loss	: 0.2511
Entropic Loss	: -0.9742
Src_cls_loss	: 0.2244
-------------------------------------
[Epoch : 16/20]
Pr_Src_cls_loss	: 0.8555
Total_loss	: -0.3712
OT Loss	: 0.2518
Entropic Loss	: -0.9713
Src_cls_loss	: 0.2225
-------------------------------------
[Epoch : 17/20]
Pr_Src_cls_loss	: 0.8555
Total_loss	: -0.3552
OT Loss	: 0.2545
Entropic Loss	: -0.9647
Src_cls_loss	: 0.2277
-------------------------------------
[Epoch : 18/20]
Pr_Src_cls_loss	: 0.8555
Total_loss	: -0.3449
OT Loss	: 0.2579
Entropic Loss	: -0.9607
Src_cls_loss	: 0.2291
-------------------------------------
[Epoch : 19/20]
Pr_Src_cls_loss	: 0.8555
Total_loss	: -0.3382
OT Loss	: 0.2593
Entropic Loss	: -0.9525
Src_cls_loss	: 0.2254
-------------------------------------
[Epoch : 20/20]
Pr_Src_cls_loss	: 0.8555
Total_loss	: -0.3498
OT Loss	: 0.2602
Entropic Loss	: -0.9586
Src_cls_loss	: 0.2185
-------------------------------------
H_score: 0.3546, OS* (acc_c): 0.2647, UNK (acc_p): 0.5372, acc_mix: 0.4327, F1: 0.4918
Uploading logs from: /mnt/data/home/tp2474/OpenSet-AdaTime/experiments_logs/curriculum/RealWorld to Pamap2_UniDA_hard_n3_fno_mean/PPOT_UniDA_hard_n3_fno_mean/RealWorld_to_Pamap2_run_3
🏃 View run PPOT_run_3 at: http://127.0.0.1:5001/#/experiments/315617689137372120/runs/b055db23aee047fbbfbb26565f7d5c01
🧪 View experiment at: http://127.0.0.1:5001/#/experiments/315617689137372120
=============================================
Dataset: RealWorld to Pamap2_UniDA_hard_n3_fno_mean
Method:  PPOT
=============================================
Source: RealWorld ---> Target: Pamap2
Run ID: 4
=============================================
[Pr Epoch : 1/20]
Pr_Src_cls_loss	: 1.7640
-------------------------------------
[Pr Epoch : 2/20]
Pr_Src_cls_loss	: 1.6818
-------------------------------------
[Pr Epoch : 3/20]
Pr_Src_cls_loss	: 1.6085
-------------------------------------
[Pr Epoch : 4/20]
Pr_Src_cls_loss	: 1.5404
-------------------------------------
[Pr Epoch : 5/20]
Pr_Src_cls_loss	: 1.4762
-------------------------------------
[Pr Epoch : 6/20]
Pr_Src_cls_loss	: 1.4157
-------------------------------------
[Pr Epoch : 7/20]
Pr_Src_cls_loss	: 1.3587
-------------------------------------
[Pr Epoch : 8/20]
Pr_Src_cls_loss	: 1.3049
-------------------------------------
[Pr Epoch : 9/20]
Pr_Src_cls_loss	: 1.2542
-------------------------------------
[Pr Epoch : 10/20]
Pr_Src_cls_loss	: 1.2064
-------------------------------------
[Pr Epoch : 11/20]
Pr_Src_cls_loss	: 1.1614
-------------------------------------
[Pr Epoch : 12/20]
Pr_Src_cls_loss	: 1.1189
-------------------------------------
[Pr Epoch : 13/20]
Pr_Src_cls_loss	: 1.0788
-------------------------------------
[Pr Epoch : 14/20]
Pr_Src_cls_loss	: 1.0409
-------------------------------------
[Pr Epoch : 15/20]
Pr_Src_cls_loss	: 1.0051
-------------------------------------
[Pr Epoch : 16/20]
Pr_Src_cls_loss	: 0.9711
-------------------------------------
[Pr Epoch : 17/20]
Pr_Src_cls_loss	: 0.9391
-------------------------------------
[Pr Epoch : 18/20]
Pr_Src_cls_loss	: 0.9087
-------------------------------------
[Pr Epoch : 19/20]
Pr_Src_cls_loss	: 0.8800
-------------------------------------
[Pr Epoch : 20/20]
Pr_Src_cls_loss	: 0.8526
-------------------------------------
[Epoch : 1/20]
Pr_Src_cls_loss	: 0.8526
Total_loss	: -1.0429
OT Loss	: 0.2394
Entropic Loss	: -1.6207
Src_cls_loss	: 0.2187
-------------------------------------
[Epoch : 2/20]
Pr_Src_cls_loss	: 0.8526
Total_loss	: -1.0014
OT Loss	: 0.2366
Entropic Loss	: -1.5701
Src_cls_loss	: 0.2139
-------------------------------------
[Epoch : 3/20]
Pr_Src_cls_loss	: 0.8526
Total_loss	: -1.0565
OT Loss	: 0.2300
Entropic Loss	: -1.6154
Src_cls_loss	: 0.2138
-------------------------------------
[Epoch : 4/20]
Pr_Src_cls_loss	: 0.8526
Total_loss	: -1.0890
OT Loss	: 0.2305
Entropic Loss	: -1.6547
Src_cls_loss	: 0.2200
-------------------------------------
[Epoch : 5/20]
Pr_Src_cls_loss	: 0.8526
Total_loss	: -1.0568
OT Loss	: 0.2374
Entropic Loss	: -1.6393
Src_cls_loss	: 0.2263
-------------------------------------
[Epoch : 6/20]
Pr_Src_cls_loss	: 0.8526
Total_loss	: -0.9930
OT Loss	: 0.2463
Entropic Loss	: -1.5888
Src_cls_loss	: 0.2264
-------------------------------------
[Epoch : 7/20]
Pr_Src_cls_loss	: 0.8526
Total_loss	: -0.8325
OT Loss	: 0.2423
Entropic Loss	: -1.4314
Src_cls_loss	: 0.2354
-------------------------------------
[Epoch : 8/20]
Pr_Src_cls_loss	: 0.8526
Total_loss	: -0.7361
OT Loss	: 0.2367
Entropic Loss	: -1.3305
Src_cls_loss	: 0.2393
-------------------------------------
[Epoch : 9/20]
Pr_Src_cls_loss	: 0.8526
Total_loss	: -0.6700
OT Loss	: 0.2343
Entropic Loss	: -1.2664
Src_cls_loss	: 0.2449
-------------------------------------
[Epoch : 10/20]
Pr_Src_cls_loss	: 0.8526
Total_loss	: -0.6345
OT Loss	: 0.2310
Entropic Loss	: -1.2222
Src_cls_loss	: 0.2411
-------------------------------------
[Epoch : 11/20]
Pr_Src_cls_loss	: 0.8526
Total_loss	: -0.6217
OT Loss	: 0.2275
Entropic Loss	: -1.1994
Src_cls_loss	: 0.2365
-------------------------------------
[Epoch : 12/20]
Pr_Src_cls_loss	: 0.8526
Total_loss	: -0.5732
OT Loss	: 0.2315
Entropic Loss	: -1.1609
Src_cls_loss	: 0.2405
-------------------------------------
[Epoch : 13/20]
Pr_Src_cls_loss	: 0.8526
Total_loss	: -0.5529
OT Loss	: 0.2337
Entropic Loss	: -1.1395
Src_cls_loss	: 0.2360
-------------------------------------
[Epoch : 14/20]
Pr_Src_cls_loss	: 0.8526
Total_loss	: -0.4900
OT Loss	: 0.2431
Entropic Loss	: -1.0851
Src_cls_loss	: 0.2303
-------------------------------------
[Epoch : 15/20]
Pr_Src_cls_loss	: 0.8526
Total_loss	: -0.4476
OT Loss	: 0.2474
Entropic Loss	: -1.0474
Src_cls_loss	: 0.2287
-------------------------------------
[Epoch : 16/20]
Pr_Src_cls_loss	: 0.8526
Total_loss	: -0.4218
OT Loss	: 0.2510
Entropic Loss	: -1.0238
Src_cls_loss	: 0.2254
-------------------------------------
[Epoch : 17/20]
Pr_Src_cls_loss	: 0.8526
Total_loss	: -0.3945
OT Loss	: 0.2568
Entropic Loss	: -0.9987
Src_cls_loss	: 0.2190
-------------------------------------
[Epoch : 18/20]
Pr_Src_cls_loss	: 0.8526
Total_loss	: -0.3794
OT Loss	: 0.2589
Entropic Loss	: -0.9814
Src_cls_loss	: 0.2137
-------------------------------------
[Epoch : 19/20]
Pr_Src_cls_loss	: 0.8526
Total_loss	: -0.3762
OT Loss	: 0.2609
Entropic Loss	: -0.9791
Src_cls_loss	: 0.2116
-------------------------------------
[Epoch : 20/20]
Pr_Src_cls_loss	: 0.8526
Total_loss	: -0.3576
OT Loss	: 0.2625
Entropic Loss	: -0.9632
Src_cls_loss	: 0.2119
-------------------------------------
H_score: 0.4519, OS* (acc_c): 0.3543, UNK (acc_p): 0.6238, acc_mix: 0.5205, F1: 0.6134
Uploading logs from: /mnt/data/home/tp2474/OpenSet-AdaTime/experiments_logs/curriculum/RealWorld to Pamap2_UniDA_hard_n3_fno_mean/PPOT_UniDA_hard_n3_fno_mean/RealWorld_to_Pamap2_run_4
🏃 View run PPOT_run_4 at: http://127.0.0.1:5001/#/experiments/315617689137372120/runs/c58c1d92ff154e3190d775eeae7f1680
🧪 View experiment at: http://127.0.0.1:5001/#/experiments/315617689137372120
==================== [n3 fno_mean] UniOT ====================
[curriculum] scenario=UniDA  strategy=hard  n_unknown=3  rank_variant=fno_mean
[curriculum] source mapping (7 classes): {'lying': 'lying', 'sitting': 'sitting', 'walking': 'walking', 'running': 'running', 'climbingup': 'climbingup', 'jumping': 'jumping', 'climbingdown': 'climbingdown'}
[curriculum] target mapping (7 classes): {'lying': 'lying', 'sitting': 'sitting', 'walking': 'walking', 'running': 'running', 'other (transient activities)': 'other (transient activities)', 'ascending stairs': 'ascending stairs', 'descending stairs': 'descending stairs'}
[curriculum] unknowns added (in hard order): src=[climbingup,jumping,climbingdown] | trg=[other (transient activities),ascending stairs,descending stairs]
[scenario] UniOT -> UniDA (uniDA=True)
Unlabeled data shape:  (12430, 150, 18)
Unlabelled Combined shape: (20684, 150, 18)

--- Dataloader Size Check ---
Source Train batches:   792
Target Train batches:   388
-------------------------------

Private classes:  tensor([7., 8., 9.])
=============================================
Dataset: RealWorld to Pamap2_UniDA_hard_n3_fno_mean
Method:  UniOT
=============================================
Source: RealWorld ---> Target: Pamap2
Run ID: 0
=============================================
[Pr Epoch : 1/20]
Pr_Src_cls_loss	: 0.2600
-------------------------------------
[Pr Epoch : 2/20]
Pr_Src_cls_loss	: 0.1999
-------------------------------------
[Pr Epoch : 3/20]
Pr_Src_cls_loss	: 0.1707
-------------------------------------
[Pr Epoch : 4/20]
Pr_Src_cls_loss	: 0.1544
-------------------------------------
[Pr Epoch : 5/20]
Pr_Src_cls_loss	: 0.1424
-------------------------------------
[Pr Epoch : 6/20]
Pr_Src_cls_loss	: 0.1344
-------------------------------------
[Pr Epoch : 7/20]
Pr_Src_cls_loss	: 0.1270
-------------------------------------
[Pr Epoch : 8/20]
Pr_Src_cls_loss	: 0.1213
-------------------------------------
[Pr Epoch : 9/20]
Pr_Src_cls_loss	: 0.1168
-------------------------------------
[Pr Epoch : 10/20]
Pr_Src_cls_loss	: 0.1123
-------------------------------------
[Pr Epoch : 11/20]
Pr_Src_cls_loss	: 0.1085
-------------------------------------
[Pr Epoch : 12/20]
Pr_Src_cls_loss	: 0.1053
-------------------------------------
[Pr Epoch : 13/20]
Pr_Src_cls_loss	: 0.1024
-------------------------------------
[Pr Epoch : 14/20]
Pr_Src_cls_loss	: 0.0996
-------------------------------------
[Pr Epoch : 15/20]
Pr_Src_cls_loss	: 0.0970
-------------------------------------
[Pr Epoch : 16/20]
Pr_Src_cls_loss	: 0.0947
-------------------------------------
[Pr Epoch : 17/20]
Pr_Src_cls_loss	: 0.0927
-------------------------------------
[Pr Epoch : 18/20]
Pr_Src_cls_loss	: 0.0907
-------------------------------------
[Pr Epoch : 19/20]
Pr_Src_cls_loss	: 0.0887
-------------------------------------
[Pr Epoch : 20/20]
Pr_Src_cls_loss	: 0.0870
-------------------------------------
/mnt/data/home/tp2474/OpenSet-AdaTime/algorithms/algorithms.py:1401: UserWarning: Implicit dimension choice for log_softmax has been deprecated. Change the call to include dim=X as an argument.
  sub_loss_local += -torch.sum(neighbor_Q[i, :] * F.log_softmax(after_cluhead_t[i, :]))
/mnt/data/home/tp2474/OpenSet-AdaTime/algorithms/algorithms.py:1402: UserWarning: Implicit dimension choice for log_softmax has been deprecated. Change the call to include dim=X as an argument.
  sub_loss_local += -torch.sum(anchor_Q[i, :] * F.log_softmax(neighbor_output[i, :]))
[Epoch : 1/20]
Pr_Src_cls_loss	: 0.0870
Total_loss	: 0.0574
loss_cls	: 0.0570
loss_PCD	: 3.7370
loss_CCD	: 0.0014
-------------------------------------
[Epoch : 2/20]
Pr_Src_cls_loss	: 0.0870
Total_loss	: 0.0541
loss_cls	: 0.0536
loss_PCD	: 3.7396
loss_CCD	: 0.0015
-------------------------------------
[Epoch : 3/20]
Pr_Src_cls_loss	: 0.0870
Total_loss	: 0.0530
loss_cls	: 0.0526
loss_PCD	: 3.7220
loss_CCD	: 0.0012
-------------------------------------
[Epoch : 4/20]
Pr_Src_cls_loss	: 0.0870
Total_loss	: 0.0530
loss_cls	: 0.0526
loss_PCD	: 3.7128
loss_CCD	: 0.0010
-------------------------------------
[Epoch : 5/20]
Pr_Src_cls_loss	: 0.0870
Total_loss	: 0.0520
loss_cls	: 0.0517
loss_PCD	: 3.7062
loss_CCD	: 0.0009
-------------------------------------
[Epoch : 6/20]
Pr_Src_cls_loss	: 0.0870
Total_loss	: 0.0514
loss_cls	: 0.0511
loss_PCD	: 3.6929
loss_CCD	: 0.0009
-------------------------------------
[Epoch : 7/20]
Pr_Src_cls_loss	: 0.0870
Total_loss	: 0.0507
loss_cls	: 0.0503
loss_PCD	: 3.6752
loss_CCD	: 0.0009
-------------------------------------
[Epoch : 8/20]
Pr_Src_cls_loss	: 0.0870
Total_loss	: 0.0503
loss_cls	: 0.0500
loss_PCD	: 3.6718
loss_CCD	: 0.0009
-------------------------------------
[Epoch : 9/20]
Pr_Src_cls_loss	: 0.0870
Total_loss	: 0.0503
loss_cls	: 0.0500
loss_PCD	: 3.6685
loss_CCD	: 0.0008
Src_cls_loss	: 0.0000
-------------------------------------
[Epoch : 10/20]
Pr_Src_cls_loss	: 0.0870
Total_loss	: 0.0500
loss_cls	: 0.0497
loss_PCD	: 3.6656
loss_CCD	: 0.0009
Src_cls_loss	: 0.0000
-------------------------------------
[Epoch : 11/20]
Pr_Src_cls_loss	: 0.0870
Total_loss	: 0.0502
loss_cls	: 0.0498
loss_PCD	: 3.6643
loss_CCD	: 0.0009
Src_cls_loss	: 0.0000
-------------------------------------
[Epoch : 12/20]
Pr_Src_cls_loss	: 0.0870
Total_loss	: 0.0499
loss_cls	: 0.0496
loss_PCD	: 3.6578
loss_CCD	: 0.0009
Src_cls_loss	: 0.0000
-------------------------------------
[Epoch : 13/20]
Pr_Src_cls_loss	: 0.0870
Total_loss	: 0.0495
loss_cls	: 0.0492
loss_PCD	: 3.6530
loss_CCD	: 0.0009
Src_cls_loss	: 0.0000
-------------------------------------
[Epoch : 14/20]
Pr_Src_cls_loss	: 0.0870
Total_loss	: 0.0493
loss_cls	: 0.0490
loss_PCD	: 3.6493
loss_CCD	: 0.0009
Src_cls_loss	: 0.0000
-------------------------------------
[Epoch : 15/20]
Pr_Src_cls_loss	: 0.0870
Total_loss	: 0.0491
loss_cls	: 0.0488
loss_PCD	: 3.6448
loss_CCD	: 0.0009
Src_cls_loss	: 0.0000
-------------------------------------
[Epoch : 16/20]
Pr_Src_cls_loss	: 0.0870
Total_loss	: 0.0488
loss_cls	: 0.0485
loss_PCD	: 3.6421
loss_CCD	: 0.0009
Src_cls_loss	: 0.0000
-------------------------------------
[Epoch : 17/20]
Pr_Src_cls_loss	: 0.0870
Total_loss	: 0.0486
loss_cls	: 0.0483
loss_PCD	: 3.6408
loss_CCD	: 0.0009
Src_cls_loss	: 0.0000
-------------------------------------
[Epoch : 18/20]
Pr_Src_cls_loss	: 0.0870
Total_loss	: 0.0482
loss_cls	: 0.0479
loss_PCD	: 3.6385
loss_CCD	: 0.0009
Src_cls_loss	: 0.0000
-------------------------------------
[Epoch : 19/20]
Pr_Src_cls_loss	: 0.0870
Total_loss	: 0.0480
loss_cls	: 0.0476
loss_PCD	: 3.6357
loss_CCD	: 0.0009
Src_cls_loss	: 0.0000
-------------------------------------
[Epoch : 20/20]
Pr_Src_cls_loss	: 0.0870
Total_loss	: 0.0477
loss_cls	: 0.0474
loss_PCD	: 3.6353
loss_CCD	: 0.0009
Src_cls_loss	: 0.0000
-------------------------------------
/mnt/data/home/tp2474/OpenSet-AdaTime/trainers/abstract_trainer.py:331: FutureWarning: The behavior of DataFrame concatenation with empty or all-NA entries is deprecated. In a future version, this will no longer exclude empty or all-NA columns when determining the result dtypes. To retain the old behavior, exclude the relevant entries before the concat operation.
  table = pd.concat([table, results_df], ignore_index=True)
H_score: 0.5605, OS* (acc_c): 0.4322, UNK (acc_p): 0.7970, acc_mix: 0.6572, F1: 0.6314
Uploading logs from: /mnt/data/home/tp2474/OpenSet-AdaTime/experiments_logs/curriculum/RealWorld to Pamap2_UniDA_hard_n3_fno_mean/UniOT_UniDA_hard_n3_fno_mean/RealWorld_to_Pamap2_run_0
🏃 View run UniOT_run_0 at: http://127.0.0.1:5001/#/experiments/315617689137372120/runs/a841b418546d4199bdf684ee9be23937
🧪 View experiment at: http://127.0.0.1:5001/#/experiments/315617689137372120
=============================================
Dataset: RealWorld to Pamap2_UniDA_hard_n3_fno_mean
Method:  UniOT
=============================================
Source: RealWorld ---> Target: Pamap2
Run ID: 1
=============================================
[Pr Epoch : 1/20]
Pr_Src_cls_loss	: 0.2823
-------------------------------------
[Pr Epoch : 2/20]
Pr_Src_cls_loss	: 0.2163
-------------------------------------
[Pr Epoch : 3/20]
Pr_Src_cls_loss	: 0.1832
-------------------------------------
[Pr Epoch : 4/20]
Pr_Src_cls_loss	: 0.1637
-------------------------------------
[Pr Epoch : 5/20]
Pr_Src_cls_loss	: 0.1503
-------------------------------------
[Pr Epoch : 6/20]
Pr_Src_cls_loss	: 0.1407
-------------------------------------
[Pr Epoch : 7/20]
Pr_Src_cls_loss	: 0.1326
-------------------------------------
[Pr Epoch : 8/20]
Pr_Src_cls_loss	: 0.1261
-------------------------------------
[Pr Epoch : 9/20]
Pr_Src_cls_loss	: 0.1205
-------------------------------------
[Pr Epoch : 10/20]
Pr_Src_cls_loss	: 0.1160
-------------------------------------
[Pr Epoch : 11/20]
Pr_Src_cls_loss	: 0.1116
-------------------------------------
[Pr Epoch : 12/20]
Pr_Src_cls_loss	: 0.1076
-------------------------------------
[Pr Epoch : 13/20]
Pr_Src_cls_loss	: 0.1042
-------------------------------------
[Pr Epoch : 14/20]
Pr_Src_cls_loss	: 0.1013
-------------------------------------
[Pr Epoch : 15/20]
Pr_Src_cls_loss	: 0.0987
-------------------------------------
[Pr Epoch : 16/20]
Pr_Src_cls_loss	: 0.0962
-------------------------------------
[Pr Epoch : 17/20]
Pr_Src_cls_loss	: 0.0941
-------------------------------------
[Pr Epoch : 18/20]
Pr_Src_cls_loss	: 0.0921
-------------------------------------
[Pr Epoch : 19/20]
Pr_Src_cls_loss	: 0.0903
-------------------------------------
[Pr Epoch : 20/20]
Pr_Src_cls_loss	: 0.0885
-------------------------------------
/home/tp2474/miniconda3/envs/myenv/lib/python3.9/site-packages/ot/backend.py:1203: RuntimeWarning: overflow encountered in exp
  return np.exp(a)
/home/tp2474/miniconda3/envs/myenv/lib/python3.9/site-packages/ot/unbalanced/_sinkhorn.py:770: UserWarning: Numerical errors at iteration 0
  warnings.warn("Numerical errors at iteration %s" % i)
[Epoch : 1/20]
Pr_Src_cls_loss	: 0.0885
Total_loss	: 0.0541
loss_cls	: 0.0540
loss_PCD	: 4.0866
loss_CCD	: 0.0002
-------------------------------------
[Epoch : 2/20]
Pr_Src_cls_loss	: 0.0885
Total_loss	: 0.0520
loss_cls	: 0.0520
loss_PCD	: 4.1744
loss_CCD	: 0.0001
-------------------------------------
[Epoch : 3/20]
Pr_Src_cls_loss	: 0.0885
Total_loss	: 0.0512
loss_cls	: 0.0512
loss_PCD	: 4.2169
loss_CCD	: 0.0001
-------------------------------------
[Epoch : 4/20]
Pr_Src_cls_loss	: 0.0885
Total_loss	: 0.0506
loss_cls	: 0.0506
loss_PCD	: 4.2337
loss_CCD	: 0.0000
-------------------------------------
[Epoch : 5/20]
Pr_Src_cls_loss	: 0.0885
Total_loss	: 0.0504
loss_cls	: 0.0504
loss_PCD	: 4.2499
loss_CCD	: 0.0000
-------------------------------------
[Epoch : 6/20]
Pr_Src_cls_loss	: 0.0885
Total_loss	: 0.0501
loss_cls	: 0.0501
loss_PCD	: 4.2552
loss_CCD	: 0.0000
-------------------------------------
[Epoch : 7/20]
Pr_Src_cls_loss	: 0.0885
Total_loss	: 0.0502
loss_cls	: 0.0502
loss_PCD	: 4.2590
loss_CCD	: 0.0000
-------------------------------------
[Epoch : 8/20]
Pr_Src_cls_loss	: 0.0885
Total_loss	: 0.0499
loss_cls	: 0.0499
loss_PCD	: 4.2730
loss_CCD	: 0.0000
-------------------------------------
[Epoch : 9/20]
Pr_Src_cls_loss	: 0.0885
Total_loss	: 0.0498
loss_cls	: 0.0498
loss_PCD	: 4.2840
loss_CCD	: 0.0000
Src_cls_loss	: 0.0000
-------------------------------------
[Epoch : 10/20]
Pr_Src_cls_loss	: 0.0885
Total_loss	: 0.0496
loss_cls	: 0.0496
loss_PCD	: 4.2939
loss_CCD	: 0.0000
Src_cls_loss	: 0.0000
-------------------------------------
[Epoch : 11/20]
Pr_Src_cls_loss	: 0.0885
Total_loss	: 0.0494
loss_cls	: 0.0494
loss_PCD	: 4.2989
loss_CCD	: 0.0000
Src_cls_loss	: 0.0000
-------------------------------------
[Epoch : 12/20]
Pr_Src_cls_loss	: 0.0885
Total_loss	: 0.0491
loss_cls	: 0.0491
loss_PCD	: 4.2974
loss_CCD	: 0.0000
Src_cls_loss	: 0.0000
-------------------------------------
[Epoch : 13/20]
Pr_Src_cls_loss	: 0.0885
Total_loss	: 0.0490
loss_cls	: 0.0490
loss_PCD	: 4.3029
loss_CCD	: 0.0000
Src_cls_loss	: 0.0000
-------------------------------------
[Epoch : 14/20]
Pr_Src_cls_loss	: 0.0885
Total_loss	: 0.0487
loss_cls	: 0.0487
loss_PCD	: 4.3139
loss_CCD	: 0.0000
Src_cls_loss	: 0.0000
-------------------------------------
[Epoch : 15/20]
Pr_Src_cls_loss	: 0.0885
Total_loss	: 0.0485
loss_cls	: 0.0485
loss_PCD	: 4.3180
loss_CCD	: 0.0000
Src_cls_loss	: 0.0000
-------------------------------------
[Epoch : 16/20]
Pr_Src_cls_loss	: 0.0885
Total_loss	: 0.0481
loss_cls	: 0.0481
loss_PCD	: 4.3229
loss_CCD	: 0.0000
Src_cls_loss	: 0.0000
-------------------------------------
[Epoch : 17/20]
Pr_Src_cls_loss	: 0.0885
Total_loss	: 0.0480
loss_cls	: 0.0480
loss_PCD	: 4.3279
loss_CCD	: 0.0000
Src_cls_loss	: 0.0000
-------------------------------------
[Epoch : 18/20]
Pr_Src_cls_loss	: 0.0885
Total_loss	: 0.0479
loss_cls	: 0.0478
loss_PCD	: 4.3312
loss_CCD	: 0.0000
Src_cls_loss	: 0.0000
-------------------------------------
[Epoch : 19/20]
Pr_Src_cls_loss	: 0.0885
Total_loss	: 0.0477
loss_cls	: 0.0477
loss_PCD	: 4.3357
loss_CCD	: 0.0000
Src_cls_loss	: 0.0000
-------------------------------------
[Epoch : 20/20]
Pr_Src_cls_loss	: 0.0885
Total_loss	: 0.0476
loss_cls	: 0.0476
loss_PCD	: 4.3392
loss_CCD	: 0.0000
Src_cls_loss	: 0.0000
-------------------------------------
H_score: 0.0000, OS* (acc_c): 0.0000, UNK (acc_p): 1.0000, acc_mix: 0.6167, F1: 0.4705
Uploading logs from: /mnt/data/home/tp2474/OpenSet-AdaTime/experiments_logs/curriculum/RealWorld to Pamap2_UniDA_hard_n3_fno_mean/UniOT_UniDA_hard_n3_fno_mean/RealWorld_to_Pamap2_run_1
🏃 View run UniOT_run_1 at: http://127.0.0.1:5001/#/experiments/315617689137372120/runs/e8bf93b8b43c4b08b679efb3bcb16136
🧪 View experiment at: http://127.0.0.1:5001/#/experiments/315617689137372120
=============================================
Dataset: RealWorld to Pamap2_UniDA_hard_n3_fno_mean
Method:  UniOT
=============================================
Source: RealWorld ---> Target: Pamap2
Run ID: 2
=============================================
[Pr Epoch : 1/20]
Pr_Src_cls_loss	: 0.2941
-------------------------------------
[Pr Epoch : 2/20]
Pr_Src_cls_loss	: 0.2220
-------------------------------------
[Pr Epoch : 3/20]
Pr_Src_cls_loss	: 0.1885
-------------------------------------
[Pr Epoch : 4/20]
Pr_Src_cls_loss	: 0.1696
-------------------------------------
[Pr Epoch : 5/20]
Pr_Src_cls_loss	: 0.1540
-------------------------------------
[Pr Epoch : 6/20]
Pr_Src_cls_loss	: 0.1438
-------------------------------------
[Pr Epoch : 7/20]
Pr_Src_cls_loss	: 0.1354
-------------------------------------
[Pr Epoch : 8/20]
Pr_Src_cls_loss	: 0.1285
-------------------------------------
[Pr Epoch : 9/20]
Pr_Src_cls_loss	: 0.1226
-------------------------------------
[Pr Epoch : 10/20]
Pr_Src_cls_loss	: 0.1174
-------------------------------------
[Pr Epoch : 11/20]
Pr_Src_cls_loss	: 0.1137
-------------------------------------
[Pr Epoch : 12/20]
Pr_Src_cls_loss	: 0.1096
-------------------------------------
[Pr Epoch : 13/20]
Pr_Src_cls_loss	: 0.1065
-------------------------------------
[Pr Epoch : 14/20]
Pr_Src_cls_loss	: 0.1035
-------------------------------------
[Pr Epoch : 15/20]
Pr_Src_cls_loss	: 0.1008
-------------------------------------
[Pr Epoch : 16/20]
Pr_Src_cls_loss	: 0.0983
-------------------------------------
[Pr Epoch : 17/20]
Pr_Src_cls_loss	: 0.0961
-------------------------------------
[Pr Epoch : 18/20]
Pr_Src_cls_loss	: 0.0940
-------------------------------------
[Pr Epoch : 19/20]
Pr_Src_cls_loss	: 0.0920
-------------------------------------
[Pr Epoch : 20/20]
Pr_Src_cls_loss	: 0.0902
-------------------------------------
[Epoch : 1/20]
Pr_Src_cls_loss	: 0.0902
Total_loss	: 0.0608
loss_cls	: 0.0596
loss_PCD	: 4.6265
loss_CCD	: 0.0033
-------------------------------------
[Epoch : 2/20]
Pr_Src_cls_loss	: 0.0902
Total_loss	: 0.0598
loss_cls	: 0.0589
loss_PCD	: 4.6591
loss_CCD	: 0.0026
-------------------------------------
[Epoch : 3/20]
Pr_Src_cls_loss	: 0.0902
Total_loss	: 0.0580
loss_cls	: 0.0572
loss_PCD	: 4.6802
loss_CCD	: 0.0023
-------------------------------------
[Epoch : 4/20]
Pr_Src_cls_loss	: 0.0902
Total_loss	: 0.0566
loss_cls	: 0.0559
loss_PCD	: 4.6902
loss_CCD	: 0.0021
-------------------------------------
[Epoch : 5/20]
Pr_Src_cls_loss	: 0.0902
Total_loss	: 0.0559
loss_cls	: 0.0552
loss_PCD	: 4.7020
loss_CCD	: 0.0019
-------------------------------------
[Epoch : 6/20]
Pr_Src_cls_loss	: 0.0902
Total_loss	: 0.0554
loss_cls	: 0.0548
loss_PCD	: 4.6971
loss_CCD	: 0.0018
-------------------------------------
[Epoch : 7/20]
Pr_Src_cls_loss	: 0.0902
Total_loss	: 0.0546
loss_cls	: 0.0540
loss_PCD	: 4.6890
loss_CCD	: 0.0017
-------------------------------------
[Epoch : 8/20]
Pr_Src_cls_loss	: 0.0902
Total_loss	: 0.0541
loss_cls	: 0.0535
loss_PCD	: 4.6900
loss_CCD	: 0.0016
-------------------------------------
[Epoch : 9/20]
Pr_Src_cls_loss	: 0.0902
Total_loss	: 0.0540
loss_cls	: 0.0535
loss_PCD	: 4.6847
loss_CCD	: 0.0015
Src_cls_loss	: 0.0000
-------------------------------------
[Epoch : 10/20]
Pr_Src_cls_loss	: 0.0902
Total_loss	: 0.0537
loss_cls	: 0.0532
loss_PCD	: 4.6766
loss_CCD	: 0.0015
Src_cls_loss	: 0.0000
-------------------------------------
[Epoch : 11/20]
Pr_Src_cls_loss	: 0.0902
Total_loss	: 0.0530
loss_cls	: 0.0525
loss_PCD	: 4.6699
loss_CCD	: 0.0015
Src_cls_loss	: 0.0000
-------------------------------------
[Epoch : 12/20]
Pr_Src_cls_loss	: 0.0902
Total_loss	: 0.0533
loss_cls	: 0.0528
loss_PCD	: 4.6626
loss_CCD	: 0.0014
Src_cls_loss	: 0.0000
-------------------------------------
[Epoch : 13/20]
Pr_Src_cls_loss	: 0.0902
Total_loss	: 0.0528
loss_cls	: 0.0523
loss_PCD	: 4.6593
loss_CCD	: 0.0014
Src_cls_loss	: 0.0000
-------------------------------------
[Epoch : 14/20]
Pr_Src_cls_loss	: 0.0902
Total_loss	: 0.0527
loss_cls	: 0.0522
loss_PCD	: 4.6510
loss_CCD	: 0.0014
Src_cls_loss	: 0.0000
-------------------------------------
[Epoch : 15/20]
Pr_Src_cls_loss	: 0.0902
Total_loss	: 0.0521
loss_cls	: 0.0516
loss_PCD	: 4.6415
loss_CCD	: 0.0013
Src_cls_loss	: 0.0000
-------------------------------------
[Epoch : 16/20]
Pr_Src_cls_loss	: 0.0902
Total_loss	: 0.0519
loss_cls	: 0.0514
loss_PCD	: 4.6327
loss_CCD	: 0.0013
Src_cls_loss	: 0.0000
-------------------------------------
[Epoch : 17/20]
Pr_Src_cls_loss	: 0.0902
Total_loss	: 0.0517
loss_cls	: 0.0513
loss_PCD	: 4.6208
loss_CCD	: 0.0013
Src_cls_loss	: 0.0000
-------------------------------------
[Epoch : 18/20]
Pr_Src_cls_loss	: 0.0902
Total_loss	: 0.0514
loss_cls	: 0.0510
loss_PCD	: 4.6107
loss_CCD	: 0.0012
Src_cls_loss	: 0.0000
-------------------------------------
[Epoch : 19/20]
Pr_Src_cls_loss	: 0.0902
Total_loss	: 0.0510
loss_cls	: 0.0506
loss_PCD	: 4.5969
loss_CCD	: 0.0012
Src_cls_loss	: 0.0000
-------------------------------------
[Epoch : 20/20]
Pr_Src_cls_loss	: 0.0902
Total_loss	: 0.0508
loss_cls	: 0.0504
loss_PCD	: 4.5816
loss_CCD	: 0.0012
Src_cls_loss	: 0.0000
-------------------------------------
H_score: 0.6491, OS* (acc_c): 0.5202, UNK (acc_p): 0.8629, acc_mix: 0.7315, F1: 0.6998
Uploading logs from: /mnt/data/home/tp2474/OpenSet-AdaTime/experiments_logs/curriculum/RealWorld to Pamap2_UniDA_hard_n3_fno_mean/UniOT_UniDA_hard_n3_fno_mean/RealWorld_to_Pamap2_run_2
🏃 View run UniOT_run_2 at: http://127.0.0.1:5001/#/experiments/315617689137372120/runs/c27d55aef15c4e0d845c40ed32a40f70
🧪 View experiment at: http://127.0.0.1:5001/#/experiments/315617689137372120
=============================================
Dataset: RealWorld to Pamap2_UniDA_hard_n3_fno_mean
Method:  UniOT
=============================================
Source: RealWorld ---> Target: Pamap2
Run ID: 3
=============================================
[Pr Epoch : 1/20]
Pr_Src_cls_loss	: 0.2609
-------------------------------------
[Pr Epoch : 2/20]
Pr_Src_cls_loss	: 0.2028
-------------------------------------
[Pr Epoch : 3/20]
Pr_Src_cls_loss	: 0.1742
-------------------------------------
[Pr Epoch : 4/20]
Pr_Src_cls_loss	: 0.1569
-------------------------------------
[Pr Epoch : 5/20]
Pr_Src_cls_loss	: 0.1446
-------------------------------------
[Pr Epoch : 6/20]
Pr_Src_cls_loss	: 0.1360
-------------------------------------
[Pr Epoch : 7/20]
Pr_Src_cls_loss	: 0.1285
-------------------------------------
[Pr Epoch : 8/20]
Pr_Src_cls_loss	: 0.1226
-------------------------------------
[Pr Epoch : 9/20]
Pr_Src_cls_loss	: 0.1176
-------------------------------------
[Pr Epoch : 10/20]
Pr_Src_cls_loss	: 0.1137
-------------------------------------
[Pr Epoch : 11/20]
Pr_Src_cls_loss	: 0.1100
-------------------------------------
[Pr Epoch : 12/20]
Pr_Src_cls_loss	: 0.1067
-------------------------------------
[Pr Epoch : 13/20]
Pr_Src_cls_loss	: 0.1035
-------------------------------------
[Pr Epoch : 14/20]
Pr_Src_cls_loss	: 0.1007
-------------------------------------
[Pr Epoch : 15/20]
Pr_Src_cls_loss	: 0.0981
-------------------------------------
[Pr Epoch : 16/20]
Pr_Src_cls_loss	: 0.0956
-------------------------------------
[Pr Epoch : 17/20]
Pr_Src_cls_loss	: 0.0934
-------------------------------------
[Pr Epoch : 18/20]
Pr_Src_cls_loss	: 0.0913
-------------------------------------
[Pr Epoch : 19/20]
Pr_Src_cls_loss	: 0.0896
-------------------------------------
[Pr Epoch : 20/20]
Pr_Src_cls_loss	: 0.0878
-------------------------------------
[Epoch : 1/20]
Pr_Src_cls_loss	: 0.0878
Total_loss	: 0.0596
loss_cls	: 0.0589
loss_PCD	: 4.2029
loss_CCD	: 0.0019
-------------------------------------
[Epoch : 2/20]
Pr_Src_cls_loss	: 0.0878
Total_loss	: 0.0558
loss_cls	: 0.0552
loss_PCD	: 4.2092
loss_CCD	: 0.0016
-------------------------------------
[Epoch : 3/20]
Pr_Src_cls_loss	: 0.0878
Total_loss	: 0.0551
loss_cls	: 0.0545
loss_PCD	: 4.2197
loss_CCD	: 0.0015
-------------------------------------
[Epoch : 4/20]
Pr_Src_cls_loss	: 0.0878
Total_loss	: 0.0544
loss_cls	: 0.0540
loss_PCD	: 4.2244
loss_CCD	: 0.0013
-------------------------------------
[Epoch : 5/20]
Pr_Src_cls_loss	: 0.0878
Total_loss	: 0.0533
loss_cls	: 0.0528
loss_PCD	: 4.2337
loss_CCD	: 0.0013
-------------------------------------
[Epoch : 6/20]
Pr_Src_cls_loss	: 0.0878
Total_loss	: 0.0539
loss_cls	: 0.0534
loss_PCD	: 4.2384
loss_CCD	: 0.0013
-------------------------------------
[Epoch : 7/20]
Pr_Src_cls_loss	: 0.0878
Total_loss	: 0.0535
loss_cls	: 0.0530
loss_PCD	: 4.2323
loss_CCD	: 0.0013
-------------------------------------
[Epoch : 8/20]
Pr_Src_cls_loss	: 0.0878
Total_loss	: 0.0528
loss_cls	: 0.0523
loss_PCD	: 4.2189
loss_CCD	: 0.0013
-------------------------------------
[Epoch : 9/20]
Pr_Src_cls_loss	: 0.0878
Total_loss	: 0.0527
loss_cls	: 0.0523
loss_PCD	: 4.2149
loss_CCD	: 0.0012
Src_cls_loss	: 0.0000
-------------------------------------
[Epoch : 10/20]
Pr_Src_cls_loss	: 0.0878
Total_loss	: 0.0522
loss_cls	: 0.0518
loss_PCD	: 4.2099
loss_CCD	: 0.0012
Src_cls_loss	: 0.0000
-------------------------------------
[Epoch : 11/20]
Pr_Src_cls_loss	: 0.0878
Total_loss	: 0.0520
loss_cls	: 0.0516
loss_PCD	: 4.2069
loss_CCD	: 0.0011
Src_cls_loss	: 0.0000
-------------------------------------
[Epoch : 12/20]
Pr_Src_cls_loss	: 0.0878
Total_loss	: 0.0517
loss_cls	: 0.0513
loss_PCD	: 4.2007
loss_CCD	: 0.0011
Src_cls_loss	: 0.0000
-------------------------------------
[Epoch : 13/20]
Pr_Src_cls_loss	: 0.0878
Total_loss	: 0.0512
loss_cls	: 0.0508
loss_PCD	: 4.1928
loss_CCD	: 0.0011
Src_cls_loss	: 0.0000
-------------------------------------
[Epoch : 14/20]
Pr_Src_cls_loss	: 0.0878
Total_loss	: 0.0510
loss_cls	: 0.0506
loss_PCD	: 4.1900
loss_CCD	: 0.0010
Src_cls_loss	: 0.0000
-------------------------------------
[Epoch : 15/20]
Pr_Src_cls_loss	: 0.0878
Total_loss	: 0.0508
loss_cls	: 0.0505
loss_PCD	: 4.1876
loss_CCD	: 0.0010
Src_cls_loss	: 0.0000
-------------------------------------
[Epoch : 16/20]
Pr_Src_cls_loss	: 0.0878
Total_loss	: 0.0509
loss_cls	: 0.0505
loss_PCD	: 4.1873
loss_CCD	: 0.0010
Src_cls_loss	: 0.0000
-------------------------------------
[Epoch : 17/20]
Pr_Src_cls_loss	: 0.0878
Total_loss	: 0.0504
loss_cls	: 0.0501
loss_PCD	: 4.1873
loss_CCD	: 0.0010
Src_cls_loss	: 0.0000
-------------------------------------
[Epoch : 18/20]
Pr_Src_cls_loss	: 0.0878
Total_loss	: 0.0501
loss_cls	: 0.0498
loss_PCD	: 4.1873
loss_CCD	: 0.0010
Src_cls_loss	: 0.0000
-------------------------------------
[Epoch : 19/20]
Pr_Src_cls_loss	: 0.0878
Total_loss	: 0.0499
loss_cls	: 0.0496
loss_PCD	: 4.1877
loss_CCD	: 0.0010
Src_cls_loss	: 0.0000
-------------------------------------
[Epoch : 20/20]
Pr_Src_cls_loss	: 0.0878
Total_loss	: 0.0497
loss_cls	: 0.0493
loss_PCD	: 4.1875
loss_CCD	: 0.0010
Src_cls_loss	: 0.0000
-------------------------------------
H_score: 0.6634, OS* (acc_c): 0.5791, UNK (acc_p): 0.7763, acc_mix: 0.7007, F1: 0.6841
Uploading logs from: /mnt/data/home/tp2474/OpenSet-AdaTime/experiments_logs/curriculum/RealWorld to Pamap2_UniDA_hard_n3_fno_mean/UniOT_UniDA_hard_n3_fno_mean/RealWorld_to_Pamap2_run_3
🏃 View run UniOT_run_3 at: http://127.0.0.1:5001/#/experiments/315617689137372120/runs/b869d108f271436c9bb9856a18da684f
🧪 View experiment at: http://127.0.0.1:5001/#/experiments/315617689137372120
=============================================
Dataset: RealWorld to Pamap2_UniDA_hard_n3_fno_mean
Method:  UniOT
=============================================
Source: RealWorld ---> Target: Pamap2
Run ID: 4
=============================================
[Pr Epoch : 1/20]
Pr_Src_cls_loss	: 0.2838
-------------------------------------
[Pr Epoch : 2/20]
Pr_Src_cls_loss	: 0.2179
-------------------------------------
[Pr Epoch : 3/20]
Pr_Src_cls_loss	: 0.1849
-------------------------------------
[Pr Epoch : 4/20]
Pr_Src_cls_loss	: 0.1642
-------------------------------------
[Pr Epoch : 5/20]
Pr_Src_cls_loss	: 0.1497
-------------------------------------
[Pr Epoch : 6/20]
Pr_Src_cls_loss	: 0.1393
-------------------------------------
[Pr Epoch : 7/20]
Pr_Src_cls_loss	: 0.1313
-------------------------------------
[Pr Epoch : 8/20]
Pr_Src_cls_loss	: 0.1246
-------------------------------------
[Pr Epoch : 9/20]
Pr_Src_cls_loss	: 0.1192
-------------------------------------
[Pr Epoch : 10/20]
Pr_Src_cls_loss	: 0.1149
-------------------------------------
[Pr Epoch : 11/20]
Pr_Src_cls_loss	: 0.1106
-------------------------------------
[Pr Epoch : 12/20]
Pr_Src_cls_loss	: 0.1069
-------------------------------------
[Pr Epoch : 13/20]
Pr_Src_cls_loss	: 0.1036
-------------------------------------
[Pr Epoch : 14/20]
Pr_Src_cls_loss	: 0.1004
-------------------------------------
[Pr Epoch : 15/20]
Pr_Src_cls_loss	: 0.0977
-------------------------------------
[Pr Epoch : 16/20]
Pr_Src_cls_loss	: 0.0955
-------------------------------------
[Pr Epoch : 17/20]
Pr_Src_cls_loss	: 0.0933
-------------------------------------
[Pr Epoch : 18/20]
Pr_Src_cls_loss	: 0.0913
-------------------------------------
[Pr Epoch : 19/20]
Pr_Src_cls_loss	: 0.0895
-------------------------------------
[Pr Epoch : 20/20]
Pr_Src_cls_loss	: 0.0876
-------------------------------------
[Epoch : 1/20]
Pr_Src_cls_loss	: 0.0876
Total_loss	: 0.0595
loss_cls	: 0.0583
loss_PCD	: 3.4046
loss_CCD	: 0.0035
-------------------------------------
[Epoch : 2/20]
Pr_Src_cls_loss	: 0.0876
Total_loss	: 0.0563
loss_cls	: 0.0553
loss_PCD	: 3.4272
loss_CCD	: 0.0028
-------------------------------------
[Epoch : 3/20]
Pr_Src_cls_loss	: 0.0876
Total_loss	: 0.0545
loss_cls	: 0.0536
loss_PCD	: 3.4203
loss_CCD	: 0.0024
-------------------------------------
[Epoch : 4/20]
Pr_Src_cls_loss	: 0.0876
Total_loss	: 0.0545
loss_cls	: 0.0538
loss_PCD	: 3.4104
loss_CCD	: 0.0022
-------------------------------------
[Epoch : 5/20]
Pr_Src_cls_loss	: 0.0876
Total_loss	: 0.0539
loss_cls	: 0.0532
loss_PCD	: 3.3974
loss_CCD	: 0.0020
-------------------------------------
[Epoch : 6/20]
Pr_Src_cls_loss	: 0.0876
Total_loss	: 0.0534
loss_cls	: 0.0528
loss_PCD	: 3.3974
loss_CCD	: 0.0018
-------------------------------------
[Epoch : 7/20]
Pr_Src_cls_loss	: 0.0876
Total_loss	: 0.0531
loss_cls	: 0.0525
loss_PCD	: 3.4022
loss_CCD	: 0.0018
-------------------------------------
[Epoch : 8/20]
Pr_Src_cls_loss	: 0.0876
Total_loss	: 0.0526
loss_cls	: 0.0520
loss_PCD	: 3.3998
loss_CCD	: 0.0017
-------------------------------------
[Epoch : 9/20]
Pr_Src_cls_loss	: 0.0876
Total_loss	: 0.0524
loss_cls	: 0.0518
loss_PCD	: 3.4038
loss_CCD	: 0.0016
Src_cls_loss	: 0.0000
-------------------------------------
[Epoch : 10/20]
Pr_Src_cls_loss	: 0.0876
Total_loss	: 0.0521
loss_cls	: 0.0515
loss_PCD	: 3.4086
loss_CCD	: 0.0016
Src_cls_loss	: 0.0000
-------------------------------------
[Epoch : 11/20]
Pr_Src_cls_loss	: 0.0876
Total_loss	: 0.0516
loss_cls	: 0.0510
loss_PCD	: 3.4112
loss_CCD	: 0.0015
Src_cls_loss	: 0.0000
-------------------------------------
[Epoch : 12/20]
Pr_Src_cls_loss	: 0.0876
Total_loss	: 0.0514
loss_cls	: 0.0509
loss_PCD	: 3.4174
loss_CCD	: 0.0015
Src_cls_loss	: 0.0000
-------------------------------------
[Epoch : 13/20]
Pr_Src_cls_loss	: 0.0876
Total_loss	: 0.0514
loss_cls	: 0.0509
loss_PCD	: 3.4224
loss_CCD	: 0.0014
Src_cls_loss	: 0.0000
-------------------------------------
[Epoch : 14/20]
Pr_Src_cls_loss	: 0.0876
Total_loss	: 0.0512
loss_cls	: 0.0507
loss_PCD	: 3.4262
loss_CCD	: 0.0014
Src_cls_loss	: 0.0000
-------------------------------------
[Epoch : 15/20]
Pr_Src_cls_loss	: 0.0876
Total_loss	: 0.0507
loss_cls	: 0.0503
loss_PCD	: 3.4295
loss_CCD	: 0.0014
Src_cls_loss	: 0.0000
-------------------------------------
[Epoch : 16/20]
Pr_Src_cls_loss	: 0.0876
Total_loss	: 0.0506
loss_cls	: 0.0501
loss_PCD	: 3.4355
loss_CCD	: 0.0014
Src_cls_loss	: 0.0000
-------------------------------------
[Epoch : 17/20]
Pr_Src_cls_loss	: 0.0876
Total_loss	: 0.0503
loss_cls	: 0.0499
loss_PCD	: 3.4414
loss_CCD	: 0.0013
Src_cls_loss	: 0.0000
-------------------------------------
[Epoch : 18/20]
Pr_Src_cls_loss	: 0.0876
Total_loss	: 0.0501
loss_cls	: 0.0496
loss_PCD	: 3.4462
loss_CCD	: 0.0013
Src_cls_loss	: 0.0000
-------------------------------------
[Epoch : 19/20]
Pr_Src_cls_loss	: 0.0876
Total_loss	: 0.0497
loss_cls	: 0.0492
loss_PCD	: 3.4483
loss_CCD	: 0.0013
Src_cls_loss	: 0.0000
-------------------------------------
[Epoch : 20/20]
Pr_Src_cls_loss	: 0.0876
Total_loss	: 0.0496
loss_cls	: 0.0492
loss_PCD	: 3.4547
loss_CCD	: 0.0013
Src_cls_loss	: 0.0000
-------------------------------------
H_score: 0.4438, OS* (acc_c): 0.3176, UNK (acc_p): 0.7364, acc_mix: 0.5759, F1: 0.5104
Uploading logs from: /mnt/data/home/tp2474/OpenSet-AdaTime/experiments_logs/curriculum/RealWorld to Pamap2_UniDA_hard_n3_fno_mean/UniOT_UniDA_hard_n3_fno_mean/RealWorld_to_Pamap2_run_4
🏃 View run UniOT_run_4 at: http://127.0.0.1:5001/#/experiments/315617689137372120/runs/514a6d54705e49d0a118e2a8e91b60b3
🧪 View experiment at: http://127.0.0.1:5001/#/experiments/315617689137372120
==================== [n3 fno_mean] UniJDOT ====================
[curriculum] scenario=UniDA  strategy=hard  n_unknown=3  rank_variant=fno_mean
[curriculum] source mapping (7 classes): {'lying': 'lying', 'sitting': 'sitting', 'walking': 'walking', 'running': 'running', 'climbingup': 'climbingup', 'jumping': 'jumping', 'climbingdown': 'climbingdown'}
[curriculum] target mapping (7 classes): {'lying': 'lying', 'sitting': 'sitting', 'walking': 'walking', 'running': 'running', 'other (transient activities)': 'other (transient activities)', 'ascending stairs': 'ascending stairs', 'descending stairs': 'descending stairs'}
[curriculum] unknowns added (in hard order): src=[climbingup,jumping,climbingdown] | trg=[other (transient activities),ascending stairs,descending stairs]
[scenario] UniJDOT -> UniDA (uniDA=True)
Unlabeled data shape:  (12430, 150, 18)
Unlabelled Combined shape: (20684, 150, 18)

--- Dataloader Size Check ---
Source Train batches:   792
Target Train batches:   388
-------------------------------

Private classes:  tensor([7., 8., 9.])
=============================================
Dataset: RealWorld to Pamap2_UniDA_hard_n3_fno_mean
Method:  UniJDOT
=============================================
Source: RealWorld ---> Target: Pamap2
Run ID: 0
=============================================
[Pr Epoch : 1/20]
Pr_Src_cls_loss	: 0.2611
-------------------------------------
[Pr Epoch : 2/20]
Pr_Src_cls_loss	: 0.2006
-------------------------------------
[Pr Epoch : 3/20]
Pr_Src_cls_loss	: 0.1724
-------------------------------------
[Pr Epoch : 4/20]
Pr_Src_cls_loss	: 0.1543
-------------------------------------
[Pr Epoch : 5/20]
Pr_Src_cls_loss	: 0.1409
-------------------------------------
[Pr Epoch : 6/20]
Pr_Src_cls_loss	: 0.1306
-------------------------------------
[Pr Epoch : 7/20]
Pr_Src_cls_loss	: 0.1228
-------------------------------------
[Pr Epoch : 8/20]
Pr_Src_cls_loss	: 0.1164
-------------------------------------
[Pr Epoch : 9/20]
Pr_Src_cls_loss	: 0.1102
-------------------------------------
[Pr Epoch : 10/20]
Pr_Src_cls_loss	: 0.1055
-------------------------------------
[Pr Epoch : 11/20]
Pr_Src_cls_loss	: 0.1014
-------------------------------------
[Pr Epoch : 12/20]
Pr_Src_cls_loss	: 0.0980
-------------------------------------
[Pr Epoch : 13/20]
Pr_Src_cls_loss	: 0.0943
-------------------------------------
[Pr Epoch : 14/20]
Pr_Src_cls_loss	: 0.0911
-------------------------------------
[Pr Epoch : 15/20]
Pr_Src_cls_loss	: 0.0883
-------------------------------------
[Pr Epoch : 16/20]
Pr_Src_cls_loss	: 0.0856
-------------------------------------
[Pr Epoch : 17/20]
Pr_Src_cls_loss	: 0.0836
-------------------------------------
[Pr Epoch : 18/20]
Pr_Src_cls_loss	: 0.0813
-------------------------------------
[Pr Epoch : 19/20]
Pr_Src_cls_loss	: 0.0790
-------------------------------------
[Pr Epoch : 20/20]
Pr_Src_cls_loss	: 0.0773
-------------------------------------
/mnt/data/home/tp2474/OpenSet-AdaTime/algorithms/algorithms.py:1865: UserWarning: Implicit dimension choice for softmax has been deprecated. Change the call to include dim=X as an argument.
  trg_soft_cen = torch.nn.functional.softmax(after_lincls_cen).double()
[Epoch : 1/20]
Pr_Src_cls_loss	: 0.0773
Total_loss	: 0.0677
loss_cls	: 0.0243
loss_align	: 0.0433
-------------------------------------
[Epoch : 2/20]
Pr_Src_cls_loss	: 0.0773
Total_loss	: 0.0615
loss_cls	: 0.0250
loss_align	: 0.0365
-------------------------------------
[Epoch : 3/20]
Pr_Src_cls_loss	: 0.0773
Total_loss	: 0.0573
loss_cls	: 0.0244
loss_align	: 0.0329
-------------------------------------
[Epoch : 4/20]
Pr_Src_cls_loss	: 0.0773
Total_loss	: 0.0547
loss_cls	: 0.0240
loss_align	: 0.0306
-------------------------------------
[Epoch : 5/20]
Pr_Src_cls_loss	: 0.0773
Total_loss	: 0.0530
loss_cls	: 0.0236
loss_align	: 0.0294
-------------------------------------
[Epoch : 6/20]
Pr_Src_cls_loss	: 0.0773
Total_loss	: 0.0513
loss_cls	: 0.0231
loss_align	: 0.0283
-------------------------------------
[Epoch : 7/20]
Pr_Src_cls_loss	: 0.0773
Total_loss	: 0.0502
loss_cls	: 0.0228
loss_align	: 0.0274
-------------------------------------
[Epoch : 8/20]
Pr_Src_cls_loss	: 0.0773
Total_loss	: 0.0494
loss_cls	: 0.0227
loss_align	: 0.0267
-------------------------------------
[Epoch : 9/20]
Pr_Src_cls_loss	: 0.0773
Total_loss	: 0.0487
loss_cls	: 0.0224
loss_align	: 0.0263
Src_cls_loss	: 0.0000
-------------------------------------
[Epoch : 10/20]
Pr_Src_cls_loss	: 0.0773
Total_loss	: 0.0481
loss_cls	: 0.0222
loss_align	: 0.0259
Src_cls_loss	: 0.0000
-------------------------------------
[Epoch : 11/20]
Pr_Src_cls_loss	: 0.0773
Total_loss	: 0.0473
loss_cls	: 0.0219
loss_align	: 0.0255
Src_cls_loss	: 0.0000
-------------------------------------
[Epoch : 12/20]
Pr_Src_cls_loss	: 0.0773
Total_loss	: 0.0469
loss_cls	: 0.0217
loss_align	: 0.0252
Src_cls_loss	: 0.0000
-------------------------------------
[Epoch : 13/20]
Pr_Src_cls_loss	: 0.0773
Total_loss	: 0.0464
loss_cls	: 0.0214
loss_align	: 0.0250
Src_cls_loss	: 0.0000
-------------------------------------
[Epoch : 14/20]
Pr_Src_cls_loss	: 0.0773
Total_loss	: 0.0461
loss_cls	: 0.0213
loss_align	: 0.0248
Src_cls_loss	: 0.0000
-------------------------------------
[Epoch : 15/20]
Pr_Src_cls_loss	: 0.0773
Total_loss	: 0.0460
loss_cls	: 0.0213
loss_align	: 0.0247
Src_cls_loss	: 0.0000
-------------------------------------
[Epoch : 16/20]
Pr_Src_cls_loss	: 0.0773
Total_loss	: 0.0457
loss_cls	: 0.0212
loss_align	: 0.0246
Src_cls_loss	: 0.0000
-------------------------------------
[Epoch : 17/20]
Pr_Src_cls_loss	: 0.0773
Total_loss	: 0.0454
loss_cls	: 0.0210
loss_align	: 0.0244
Src_cls_loss	: 0.0000
-------------------------------------
[Epoch : 18/20]
Pr_Src_cls_loss	: 0.0773
Total_loss	: 0.0451
loss_cls	: 0.0209
loss_align	: 0.0242
Src_cls_loss	: 0.0000
-------------------------------------
[Epoch : 19/20]
Pr_Src_cls_loss	: 0.0773
Total_loss	: 0.0448
loss_cls	: 0.0208
loss_align	: 0.0240
Src_cls_loss	: 0.0000
-------------------------------------
[Epoch : 20/20]
Pr_Src_cls_loss	: 0.0773
Total_loss	: 0.0447
loss_cls	: 0.0207
loss_align	: 0.0239
Src_cls_loss	: 0.0000
-------------------------------------
/mnt/data/home/tp2474/OpenSet-AdaTime/trainers/abstract_trainer.py:331: FutureWarning: The behavior of DataFrame concatenation with empty or all-NA entries is deprecated. In a future version, this will no longer exclude empty or all-NA columns when determining the result dtypes. To retain the old behavior, exclude the relevant entries before the concat operation.
  table = pd.concat([table, results_df], ignore_index=True)

[UniJDOT Debug] final_threshold = 0.4695 conf mean=0.3548 std=0.1574 reject=51.56%
[UniJDOT Eval ALL] n=12430 threshold=0.4695
[UniJDOT Eval ALL] conf: min=0.1480 max=0.8434 mean=0.3430 std=0.1578
[UniJDOT Eval ALL] rejected: 55.70%
[UniJDOT Eval ALL] pred class dist (pre-reject): [3435, 927, 97, 2521, 1109, 2657, 1684]
[UniJDOT Eval ALL] true label dist: [0, 0, 0, 1284, 654, 1233, 1593, 7666] (last bin = unknown)
H_score: 0.6375, OS* (acc_c): 0.5894, UNK (acc_p): 0.6941, acc_mix: 0.6540, F1: 0.6659
[UniJDOT Eval ALL] n=12430 threshold=0.4695
[UniJDOT Eval ALL] conf: min=0.1480 max=0.8434 mean=0.3430 std=0.1578
[UniJDOT Eval ALL] rejected: 55.70%
[UniJDOT Eval ALL] pred class dist (pre-reject): [3435, 927, 97, 2521, 1109, 2657, 1684]
[UniJDOT Eval ALL] true label dist: [0, 0, 0, 1284, 654, 1233, 1593, 7666] (last bin = unknown)
Uploading logs from: /mnt/data/home/tp2474/OpenSet-AdaTime/experiments_logs/curriculum/RealWorld to Pamap2_UniDA_hard_n3_fno_mean/UniJDOT_UniDA_hard_n3_fno_mean/RealWorld_to_Pamap2_run_0
🏃 View run UniJDOT_run_0 at: http://127.0.0.1:5001/#/experiments/315617689137372120/runs/e9944d327ca243b6884b65329ee3c3ea
🧪 View experiment at: http://127.0.0.1:5001/#/experiments/315617689137372120
=============================================
Dataset: RealWorld to Pamap2_UniDA_hard_n3_fno_mean
Method:  UniJDOT
=============================================
Source: RealWorld ---> Target: Pamap2
Run ID: 1
=============================================
[Pr Epoch : 1/20]
Pr_Src_cls_loss	: 0.2808
-------------------------------------
[Pr Epoch : 2/20]
Pr_Src_cls_loss	: 0.2107
-------------------------------------
[Pr Epoch : 3/20]
Pr_Src_cls_loss	: 0.1785
-------------------------------------
[Pr Epoch : 4/20]
Pr_Src_cls_loss	: 0.1574
-------------------------------------
[Pr Epoch : 5/20]
Pr_Src_cls_loss	: 0.1435
-------------------------------------
[Pr Epoch : 6/20]
Pr_Src_cls_loss	: 0.1327
-------------------------------------
[Pr Epoch : 7/20]
Pr_Src_cls_loss	: 0.1252
-------------------------------------
[Pr Epoch : 8/20]
Pr_Src_cls_loss	: 0.1183
-------------------------------------
[Pr Epoch : 9/20]
Pr_Src_cls_loss	: 0.1119
-------------------------------------
[Pr Epoch : 10/20]
Pr_Src_cls_loss	: 0.1065
-------------------------------------
[Pr Epoch : 11/20]
Pr_Src_cls_loss	: 0.1021
-------------------------------------
[Pr Epoch : 12/20]
Pr_Src_cls_loss	: 0.0981
-------------------------------------
[Pr Epoch : 13/20]
Pr_Src_cls_loss	: 0.0949
-------------------------------------
[Pr Epoch : 14/20]
Pr_Src_cls_loss	: 0.0917
-------------------------------------
[Pr Epoch : 15/20]
Pr_Src_cls_loss	: 0.0889
-------------------------------------
[Pr Epoch : 16/20]
Pr_Src_cls_loss	: 0.0863
-------------------------------------
[Pr Epoch : 17/20]
Pr_Src_cls_loss	: 0.0838
-------------------------------------
[Pr Epoch : 18/20]
Pr_Src_cls_loss	: 0.0815
-------------------------------------
[Pr Epoch : 19/20]
Pr_Src_cls_loss	: 0.0795
-------------------------------------
[Pr Epoch : 20/20]
Pr_Src_cls_loss	: 0.0776
-------------------------------------
/mnt/data/home/tp2474/OpenSet-AdaTime/algorithms/algorithms.py:1865: UserWarning: Implicit dimension choice for softmax has been deprecated. Change the call to include dim=X as an argument.
  trg_soft_cen = torch.nn.functional.softmax(after_lincls_cen).double()
[Epoch : 1/20]
Pr_Src_cls_loss	: 0.0776
Total_loss	: 0.0687
loss_cls	: 0.0226
loss_align	: 0.0461
-------------------------------------
[Epoch : 2/20]
Pr_Src_cls_loss	: 0.0776
Total_loss	: 0.0617
loss_cls	: 0.0227
loss_align	: 0.0390
-------------------------------------
[Epoch : 3/20]
Pr_Src_cls_loss	: 0.0776
Total_loss	: 0.0589
loss_cls	: 0.0246
loss_align	: 0.0343
-------------------------------------
[Epoch : 4/20]
Pr_Src_cls_loss	: 0.0776
Total_loss	: 0.0552
loss_cls	: 0.0245
loss_align	: 0.0307
-------------------------------------
[Epoch : 5/20]
Pr_Src_cls_loss	: 0.0776
Total_loss	: 0.0525
loss_cls	: 0.0242
loss_align	: 0.0283
-------------------------------------
[Epoch : 6/20]
Pr_Src_cls_loss	: 0.0776
Total_loss	: 0.0506
loss_cls	: 0.0239
loss_align	: 0.0267
-------------------------------------
[Epoch : 7/20]
Pr_Src_cls_loss	: 0.0776
Total_loss	: 0.0497
loss_cls	: 0.0242
loss_align	: 0.0255
-------------------------------------
[Epoch : 8/20]
Pr_Src_cls_loss	: 0.0776
Total_loss	: 0.0489
loss_cls	: 0.0244
loss_align	: 0.0246
-------------------------------------
[Epoch : 9/20]
Pr_Src_cls_loss	: 0.0776
Total_loss	: 0.0481
loss_cls	: 0.0244
loss_align	: 0.0238
Src_cls_loss	: 0.0000
-------------------------------------
[Epoch : 10/20]
Pr_Src_cls_loss	: 0.0776
Total_loss	: 0.0481
loss_cls	: 0.0249
loss_align	: 0.0232
Src_cls_loss	: 0.0000
-------------------------------------
[Epoch : 11/20]
Pr_Src_cls_loss	: 0.0776
Total_loss	: 0.0485
loss_cls	: 0.0258
loss_align	: 0.0228
Src_cls_loss	: 0.0000
-------------------------------------
[Epoch : 12/20]
Pr_Src_cls_loss	: 0.0776
Total_loss	: 0.0483
loss_cls	: 0.0259
loss_align	: 0.0223
Src_cls_loss	: 0.0000
-------------------------------------
[Epoch : 13/20]
Pr_Src_cls_loss	: 0.0776
Total_loss	: 0.0479
loss_cls	: 0.0260
loss_align	: 0.0218
Src_cls_loss	: 0.0000
-------------------------------------
[Epoch : 14/20]
Pr_Src_cls_loss	: 0.0776
Total_loss	: 0.0473
loss_cls	: 0.0259
loss_align	: 0.0213
Src_cls_loss	: 0.0000
-------------------------------------
[Epoch : 15/20]
Pr_Src_cls_loss	: 0.0776
Total_loss	: 0.0464
loss_cls	: 0.0256
loss_align	: 0.0208
Src_cls_loss	: 0.0000
-------------------------------------
[Epoch : 16/20]
Pr_Src_cls_loss	: 0.0776
Total_loss	: 0.0458
loss_cls	: 0.0254
loss_align	: 0.0204
Src_cls_loss	: 0.0000
-------------------------------------
[Epoch : 17/20]
Pr_Src_cls_loss	: 0.0776
Total_loss	: 0.0452
loss_cls	: 0.0251
loss_align	: 0.0201
Src_cls_loss	: 0.0000
-------------------------------------
[Epoch : 18/20]
Pr_Src_cls_loss	: 0.0776
Total_loss	: 0.0447
loss_cls	: 0.0249
loss_align	: 0.0198
Src_cls_loss	: 0.0000
-------------------------------------
[Epoch : 19/20]
Pr_Src_cls_loss	: 0.0776
Total_loss	: 0.0444
loss_cls	: 0.0247
loss_align	: 0.0196
Src_cls_loss	: 0.0000
-------------------------------------
[Epoch : 20/20]
Pr_Src_cls_loss	: 0.0776
Total_loss	: 0.0440
loss_cls	: 0.0246
loss_align	: 0.0195
Src_cls_loss	: 0.0000
-------------------------------------

[UniJDOT Debug] final_threshold = 0.4769 conf mean=0.4063 std=0.2136 reject=51.56%
[UniJDOT Eval ALL] n=12430 threshold=0.4769
[UniJDOT Eval ALL] conf: min=0.1451 max=0.7453 mean=0.4308 std=0.2145
[UniJDOT Eval ALL] rejected: 45.23%
[UniJDOT Eval ALL] pred class dist (pre-reject): [696, 1404, 13, 5952, 868, 1554, 1943]
[UniJDOT Eval ALL] true label dist: [0, 0, 0, 1284, 654, 1233, 1593, 7666] (last bin = unknown)
H_score: 0.4881, OS* (acc_c): 0.4234, UNK (acc_p): 0.5762, acc_mix: 0.5176, F1: 0.5503
[UniJDOT Eval ALL] n=12430 threshold=0.4769
[UniJDOT Eval ALL] conf: min=0.1451 max=0.7453 mean=0.4308 std=0.2145
[UniJDOT Eval ALL] rejected: 45.23%
[UniJDOT Eval ALL] pred class dist (pre-reject): [696, 1404, 13, 5952, 868, 1554, 1943]
[UniJDOT Eval ALL] true label dist: [0, 0, 0, 1284, 654, 1233, 1593, 7666] (last bin = unknown)
Uploading logs from: /mnt/data/home/tp2474/OpenSet-AdaTime/experiments_logs/curriculum/RealWorld to Pamap2_UniDA_hard_n3_fno_mean/UniJDOT_UniDA_hard_n3_fno_mean/RealWorld_to_Pamap2_run_1
🏃 View run UniJDOT_run_1 at: http://127.0.0.1:5001/#/experiments/315617689137372120/runs/e67d9e9c375e4caa965e050e2e6f2f56
🧪 View experiment at: http://127.0.0.1:5001/#/experiments/315617689137372120
=============================================
Dataset: RealWorld to Pamap2_UniDA_hard_n3_fno_mean
Method:  UniJDOT
=============================================
Source: RealWorld ---> Target: Pamap2
Run ID: 2
=============================================
[Pr Epoch : 1/20]
Pr_Src_cls_loss	: 0.2867
-------------------------------------
[Pr Epoch : 2/20]
Pr_Src_cls_loss	: 0.2165
-------------------------------------
[Pr Epoch : 3/20]
Pr_Src_cls_loss	: 0.1812
-------------------------------------
[Pr Epoch : 4/20]
Pr_Src_cls_loss	: 0.1603
-------------------------------------
[Pr Epoch : 5/20]
Pr_Src_cls_loss	: 0.1452
-------------------------------------
[Pr Epoch : 6/20]
Pr_Src_cls_loss	: 0.1342
-------------------------------------
[Pr Epoch : 7/20]
Pr_Src_cls_loss	: 0.1258
-------------------------------------
[Pr Epoch : 8/20]
Pr_Src_cls_loss	: 0.1181
-------------------------------------
[Pr Epoch : 9/20]
Pr_Src_cls_loss	: 0.1118
-------------------------------------
[Pr Epoch : 10/20]
Pr_Src_cls_loss	: 0.1071
-------------------------------------
[Pr Epoch : 11/20]
Pr_Src_cls_loss	: 0.1025
-------------------------------------
[Pr Epoch : 12/20]
Pr_Src_cls_loss	: 0.0988
-------------------------------------
[Pr Epoch : 13/20]
Pr_Src_cls_loss	: 0.0954
-------------------------------------
[Pr Epoch : 14/20]
Pr_Src_cls_loss	: 0.0922
-------------------------------------
[Pr Epoch : 15/20]
Pr_Src_cls_loss	: 0.0895
-------------------------------------
[Pr Epoch : 16/20]
Pr_Src_cls_loss	: 0.0868
-------------------------------------
[Pr Epoch : 17/20]
Pr_Src_cls_loss	: 0.0844
-------------------------------------
[Pr Epoch : 18/20]
Pr_Src_cls_loss	: 0.0820
-------------------------------------
[Pr Epoch : 19/20]
Pr_Src_cls_loss	: 0.0799
-------------------------------------
[Pr Epoch : 20/20]
Pr_Src_cls_loss	: 0.0779
-------------------------------------
/mnt/data/home/tp2474/OpenSet-AdaTime/algorithms/algorithms.py:1865: UserWarning: Implicit dimension choice for softmax has been deprecated. Change the call to include dim=X as an argument.
  trg_soft_cen = torch.nn.functional.softmax(after_lincls_cen).double()
[Epoch : 1/20]
Pr_Src_cls_loss	: 0.0779
Total_loss	: 0.0651
loss_cls	: 0.0226
loss_align	: 0.0425
-------------------------------------
[Epoch : 2/20]
Pr_Src_cls_loss	: 0.0779
Total_loss	: 0.0601
loss_cls	: 0.0228
loss_align	: 0.0373
-------------------------------------
[Epoch : 3/20]
Pr_Src_cls_loss	: 0.0779
Total_loss	: 0.0581
loss_cls	: 0.0236
loss_align	: 0.0344
-------------------------------------
[Epoch : 4/20]
Pr_Src_cls_loss	: 0.0779
Total_loss	: 0.0556
loss_cls	: 0.0232
loss_align	: 0.0324
-------------------------------------
[Epoch : 5/20]
Pr_Src_cls_loss	: 0.0779
Total_loss	: 0.0541
loss_cls	: 0.0232
loss_align	: 0.0309
-------------------------------------
[Epoch : 6/20]
Pr_Src_cls_loss	: 0.0779
Total_loss	: 0.0530
loss_cls	: 0.0231
loss_align	: 0.0299
-------------------------------------
[Epoch : 7/20]
Pr_Src_cls_loss	: 0.0779
Total_loss	: 0.0515
loss_cls	: 0.0225
loss_align	: 0.0289
-------------------------------------
[Epoch : 8/20]
Pr_Src_cls_loss	: 0.0779
Total_loss	: 0.0509
loss_cls	: 0.0225
loss_align	: 0.0283
-------------------------------------
[Epoch : 9/20]
Pr_Src_cls_loss	: 0.0779
Total_loss	: 0.0499
loss_cls	: 0.0222
loss_align	: 0.0277
Src_cls_loss	: 0.0000
-------------------------------------
[Epoch : 10/20]
Pr_Src_cls_loss	: 0.0779
Total_loss	: 0.0493
loss_cls	: 0.0221
loss_align	: 0.0272
Src_cls_loss	: 0.0000
-------------------------------------
[Epoch : 11/20]
Pr_Src_cls_loss	: 0.0779
Total_loss	: 0.0487
loss_cls	: 0.0219
loss_align	: 0.0268
Src_cls_loss	: 0.0000
-------------------------------------
[Epoch : 12/20]
Pr_Src_cls_loss	: 0.0779
Total_loss	: 0.0486
loss_cls	: 0.0220
loss_align	: 0.0266
Src_cls_loss	: 0.0000
-------------------------------------
[Epoch : 13/20]
Pr_Src_cls_loss	: 0.0779
Total_loss	: 0.0480
loss_cls	: 0.0218
loss_align	: 0.0262
Src_cls_loss	: 0.0000
-------------------------------------
[Epoch : 14/20]
Pr_Src_cls_loss	: 0.0779
Total_loss	: 0.0478
loss_cls	: 0.0218
loss_align	: 0.0259
Src_cls_loss	: 0.0000
-------------------------------------
[Epoch : 15/20]
Pr_Src_cls_loss	: 0.0779
Total_loss	: 0.0474
loss_cls	: 0.0217
loss_align	: 0.0258
Src_cls_loss	: 0.0000
-------------------------------------
[Epoch : 16/20]
Pr_Src_cls_loss	: 0.0779
Total_loss	: 0.0470
loss_cls	: 0.0215
loss_align	: 0.0255
Src_cls_loss	: 0.0000
-------------------------------------
[Epoch : 17/20]
Pr_Src_cls_loss	: 0.0779
Total_loss	: 0.0466
loss_cls	: 0.0213
loss_align	: 0.0252
Src_cls_loss	: 0.0000
-------------------------------------
[Epoch : 18/20]
Pr_Src_cls_loss	: 0.0779
Total_loss	: 0.0462
loss_cls	: 0.0212
loss_align	: 0.0250
Src_cls_loss	: 0.0000
-------------------------------------
[Epoch : 19/20]
Pr_Src_cls_loss	: 0.0779
Total_loss	: 0.0460
loss_cls	: 0.0211
loss_align	: 0.0249
Src_cls_loss	: 0.0000
-------------------------------------
[Epoch : 20/20]
Pr_Src_cls_loss	: 0.0779
Total_loss	: 0.0457
loss_cls	: 0.0210
loss_align	: 0.0247
Src_cls_loss	: 0.0000
-------------------------------------

[UniJDOT Debug] final_threshold = 0.4898 conf mean=0.3530 std=0.1788 reject=64.06%
[UniJDOT Eval ALL] n=12430 threshold=0.4898
[UniJDOT Eval ALL] conf: min=0.1450 max=0.6431 mean=0.3610 std=0.1746
[UniJDOT Eval ALL] rejected: 61.22%
[UniJDOT Eval ALL] pred class dist (pre-reject): [1091, 326, 8, 2403, 4225, 2674, 1703]
[UniJDOT Eval ALL] true label dist: [0, 0, 0, 1284, 654, 1233, 1593, 7666] (last bin = unknown)
H_score: 0.6317, OS* (acc_c): 0.5315, UNK (acc_p): 0.7785, acc_mix: 0.6838, F1: 0.6822
[UniJDOT Eval ALL] n=12430 threshold=0.4898
[UniJDOT Eval ALL] conf: min=0.1450 max=0.6431 mean=0.3610 std=0.1746
[UniJDOT Eval ALL] rejected: 61.22%
[UniJDOT Eval ALL] pred class dist (pre-reject): [1091, 326, 8, 2403, 4225, 2674, 1703]
[UniJDOT Eval ALL] true label dist: [0, 0, 0, 1284, 654, 1233, 1593, 7666] (last bin = unknown)
Uploading logs from: /mnt/data/home/tp2474/OpenSet-AdaTime/experiments_logs/curriculum/RealWorld to Pamap2_UniDA_hard_n3_fno_mean/UniJDOT_UniDA_hard_n3_fno_mean/RealWorld_to_Pamap2_run_2
🏃 View run UniJDOT_run_2 at: http://127.0.0.1:5001/#/experiments/315617689137372120/runs/6c0fb47c33324da49681bd004489b068
🧪 View experiment at: http://127.0.0.1:5001/#/experiments/315617689137372120
=============================================
Dataset: RealWorld to Pamap2_UniDA_hard_n3_fno_mean
Method:  UniJDOT
=============================================
Source: RealWorld ---> Target: Pamap2
Run ID: 3
=============================================
[Pr Epoch : 1/20]
Pr_Src_cls_loss	: 0.2586
-------------------------------------
[Pr Epoch : 2/20]
Pr_Src_cls_loss	: 0.1985
-------------------------------------
[Pr Epoch : 3/20]
Pr_Src_cls_loss	: 0.1702
-------------------------------------
[Pr Epoch : 4/20]
Pr_Src_cls_loss	: 0.1512
-------------------------------------
[Pr Epoch : 5/20]
Pr_Src_cls_loss	: 0.1393
-------------------------------------
[Pr Epoch : 6/20]
Pr_Src_cls_loss	: 0.1287
-------------------------------------
[Pr Epoch : 7/20]
Pr_Src_cls_loss	: 0.1210
-------------------------------------
[Pr Epoch : 8/20]
Pr_Src_cls_loss	: 0.1143
-------------------------------------
[Pr Epoch : 9/20]
Pr_Src_cls_loss	: 0.1085
-------------------------------------
[Pr Epoch : 10/20]
Pr_Src_cls_loss	: 0.1036
-------------------------------------
[Pr Epoch : 11/20]
Pr_Src_cls_loss	: 0.0993
-------------------------------------
[Pr Epoch : 12/20]
Pr_Src_cls_loss	: 0.0955
-------------------------------------
[Pr Epoch : 13/20]
Pr_Src_cls_loss	: 0.0920
-------------------------------------
[Pr Epoch : 14/20]
Pr_Src_cls_loss	: 0.0889
-------------------------------------
[Pr Epoch : 15/20]
Pr_Src_cls_loss	: 0.0861
-------------------------------------
[Pr Epoch : 16/20]
Pr_Src_cls_loss	: 0.0837
-------------------------------------
[Pr Epoch : 17/20]
Pr_Src_cls_loss	: 0.0813
-------------------------------------
[Pr Epoch : 18/20]
Pr_Src_cls_loss	: 0.0793
-------------------------------------
[Pr Epoch : 19/20]
Pr_Src_cls_loss	: 0.0773
-------------------------------------
[Pr Epoch : 20/20]
Pr_Src_cls_loss	: 0.0755
-------------------------------------
/mnt/data/home/tp2474/OpenSet-AdaTime/algorithms/algorithms.py:1865: UserWarning: Implicit dimension choice for softmax has been deprecated. Change the call to include dim=X as an argument.
  trg_soft_cen = torch.nn.functional.softmax(after_lincls_cen).double()
[Epoch : 1/20]
Pr_Src_cls_loss	: 0.0755
Total_loss	: 0.0641
loss_cls	: 0.0230
loss_align	: 0.0411
-------------------------------------
[Epoch : 2/20]
Pr_Src_cls_loss	: 0.0755
Total_loss	: 0.0601
loss_cls	: 0.0240
loss_align	: 0.0361
-------------------------------------
[Epoch : 3/20]
Pr_Src_cls_loss	: 0.0755
Total_loss	: 0.0558
loss_cls	: 0.0244
loss_align	: 0.0314
-------------------------------------
[Epoch : 4/20]
Pr_Src_cls_loss	: 0.0755
Total_loss	: 0.0537
loss_cls	: 0.0251
loss_align	: 0.0286
-------------------------------------
[Epoch : 5/20]
Pr_Src_cls_loss	: 0.0755
Total_loss	: 0.0523
loss_cls	: 0.0253
loss_align	: 0.0270
-------------------------------------
[Epoch : 6/20]
Pr_Src_cls_loss	: 0.0755
Total_loss	: 0.0507
loss_cls	: 0.0250
loss_align	: 0.0258
-------------------------------------
[Epoch : 7/20]
Pr_Src_cls_loss	: 0.0755
Total_loss	: 0.0497
loss_cls	: 0.0249
loss_align	: 0.0248
-------------------------------------
[Epoch : 8/20]
Pr_Src_cls_loss	: 0.0755
Total_loss	: 0.0486
loss_cls	: 0.0247
loss_align	: 0.0239
-------------------------------------
[Epoch : 9/20]
Pr_Src_cls_loss	: 0.0755
Total_loss	: 0.0480
loss_cls	: 0.0247
loss_align	: 0.0233
Src_cls_loss	: 0.0000
-------------------------------------
[Epoch : 10/20]
Pr_Src_cls_loss	: 0.0755
Total_loss	: 0.0471
loss_cls	: 0.0245
loss_align	: 0.0226
Src_cls_loss	: 0.0000
-------------------------------------
[Epoch : 11/20]
Pr_Src_cls_loss	: 0.0755
Total_loss	: 0.0465
loss_cls	: 0.0245
loss_align	: 0.0220
Src_cls_loss	: 0.0000
-------------------------------------
[Epoch : 12/20]
Pr_Src_cls_loss	: 0.0755
Total_loss	: 0.0458
loss_cls	: 0.0245
loss_align	: 0.0213
Src_cls_loss	: 0.0000
-------------------------------------
[Epoch : 13/20]
Pr_Src_cls_loss	: 0.0755
Total_loss	: 0.0452
loss_cls	: 0.0245
loss_align	: 0.0208
Src_cls_loss	: 0.0000
-------------------------------------
[Epoch : 14/20]
Pr_Src_cls_loss	: 0.0755
Total_loss	: 0.0450
loss_cls	: 0.0247
loss_align	: 0.0203
Src_cls_loss	: 0.0000
-------------------------------------
[Epoch : 15/20]
Pr_Src_cls_loss	: 0.0755
Total_loss	: 0.0450
loss_cls	: 0.0250
loss_align	: 0.0199
Src_cls_loss	: 0.0000
-------------------------------------
[Epoch : 16/20]
Pr_Src_cls_loss	: 0.0755
Total_loss	: 0.0448
loss_cls	: 0.0252
loss_align	: 0.0196
Src_cls_loss	: 0.0000
-------------------------------------
[Epoch : 17/20]
Pr_Src_cls_loss	: 0.0755
Total_loss	: 0.0443
loss_cls	: 0.0250
loss_align	: 0.0193
Src_cls_loss	: 0.0000
-------------------------------------
[Epoch : 18/20]
Pr_Src_cls_loss	: 0.0755
Total_loss	: 0.0441
loss_cls	: 0.0251
loss_align	: 0.0189
Src_cls_loss	: 0.0000
-------------------------------------
[Epoch : 19/20]
Pr_Src_cls_loss	: 0.0755
Total_loss	: 0.0439
loss_cls	: 0.0252
loss_align	: 0.0187
Src_cls_loss	: 0.0000
-------------------------------------
[Epoch : 20/20]
Pr_Src_cls_loss	: 0.0755
Total_loss	: 0.0435
loss_cls	: 0.0251
loss_align	: 0.0184
Src_cls_loss	: 0.0000
-------------------------------------

[UniJDOT Debug] final_threshold = 0.8674 conf mean=0.6685 std=0.3150 reject=40.62%
[UniJDOT Eval ALL] n=12430 threshold=0.8674
[UniJDOT Eval ALL] conf: min=0.1494 max=0.9434 mean=0.5888 std=0.3426
[UniJDOT Eval ALL] rejected: 50.28%
[UniJDOT Eval ALL] pred class dist (pre-reject): [3730, 401, 7, 3918, 662, 2166, 1546]
[UniJDOT Eval ALL] true label dist: [0, 0, 0, 1284, 654, 1233, 1593, 7666] (last bin = unknown)
H_score: 0.5157, OS* (acc_c): 0.4482, UNK (acc_p): 0.6072, acc_mix: 0.5463, F1: 0.5554
[UniJDOT Eval ALL] n=12430 threshold=0.8674
[UniJDOT Eval ALL] conf: min=0.1494 max=0.9434 mean=0.5888 std=0.3426
[UniJDOT Eval ALL] rejected: 50.28%
[UniJDOT Eval ALL] pred class dist (pre-reject): [3730, 401, 7, 3918, 662, 2166, 1546]
[UniJDOT Eval ALL] true label dist: [0, 0, 0, 1284, 654, 1233, 1593, 7666] (last bin = unknown)
Uploading logs from: /mnt/data/home/tp2474/OpenSet-AdaTime/experiments_logs/curriculum/RealWorld to Pamap2_UniDA_hard_n3_fno_mean/UniJDOT_UniDA_hard_n3_fno_mean/RealWorld_to_Pamap2_run_3
🏃 View run UniJDOT_run_3 at: http://127.0.0.1:5001/#/experiments/315617689137372120/runs/a4e3523b7bf041a68f623ad7e24873c0
🧪 View experiment at: http://127.0.0.1:5001/#/experiments/315617689137372120
=============================================
Dataset: RealWorld to Pamap2_UniDA_hard_n3_fno_mean
Method:  UniJDOT
=============================================
Source: RealWorld ---> Target: Pamap2
Run ID: 4
=============================================
[Pr Epoch : 1/20]
Pr_Src_cls_loss	: 0.2902
-------------------------------------
[Pr Epoch : 2/20]
Pr_Src_cls_loss	: 0.2177
-------------------------------------
[Pr Epoch : 3/20]
Pr_Src_cls_loss	: 0.1839
-------------------------------------
[Pr Epoch : 4/20]
Pr_Src_cls_loss	: 0.1624
-------------------------------------
[Pr Epoch : 5/20]
Pr_Src_cls_loss	: 0.1477
-------------------------------------
[Pr Epoch : 6/20]
Pr_Src_cls_loss	: 0.1368
-------------------------------------
[Pr Epoch : 7/20]
Pr_Src_cls_loss	: 0.1283
-------------------------------------
[Pr Epoch : 8/20]
Pr_Src_cls_loss	: 0.1208
-------------------------------------
[Pr Epoch : 9/20]
Pr_Src_cls_loss	: 0.1149
-------------------------------------
[Pr Epoch : 10/20]
Pr_Src_cls_loss	: 0.1098
-------------------------------------
[Pr Epoch : 11/20]
Pr_Src_cls_loss	: 0.1052
-------------------------------------
[Pr Epoch : 12/20]
Pr_Src_cls_loss	: 0.1011
-------------------------------------
[Pr Epoch : 13/20]
Pr_Src_cls_loss	: 0.0974
-------------------------------------
[Pr Epoch : 14/20]
Pr_Src_cls_loss	: 0.0939
-------------------------------------
[Pr Epoch : 15/20]
Pr_Src_cls_loss	: 0.0909
-------------------------------------
[Pr Epoch : 16/20]
Pr_Src_cls_loss	: 0.0883
-------------------------------------
[Pr Epoch : 17/20]
Pr_Src_cls_loss	: 0.0858
-------------------------------------
[Pr Epoch : 18/20]
Pr_Src_cls_loss	: 0.0834
-------------------------------------
[Pr Epoch : 19/20]
Pr_Src_cls_loss	: 0.0811
-------------------------------------
[Pr Epoch : 20/20]
Pr_Src_cls_loss	: 0.0792
-------------------------------------
/mnt/data/home/tp2474/OpenSet-AdaTime/algorithms/algorithms.py:1865: UserWarning: Implicit dimension choice for softmax has been deprecated. Change the call to include dim=X as an argument.
  trg_soft_cen = torch.nn.functional.softmax(after_lincls_cen).double()
[Epoch : 1/20]
Pr_Src_cls_loss	: 0.0792
Total_loss	: 0.0692
loss_cls	: 0.0247
loss_align	: 0.0445
-------------------------------------
[Epoch : 2/20]
Pr_Src_cls_loss	: 0.0792
Total_loss	: 0.0655
loss_cls	: 0.0250
loss_align	: 0.0405
-------------------------------------
[Epoch : 3/20]
Pr_Src_cls_loss	: 0.0792
Total_loss	: 0.0633
loss_cls	: 0.0252
loss_align	: 0.0381
-------------------------------------
[Epoch : 4/20]
Pr_Src_cls_loss	: 0.0792
Total_loss	: 0.0604
loss_cls	: 0.0250
loss_align	: 0.0354
-------------------------------------
[Epoch : 5/20]
Pr_Src_cls_loss	: 0.0792
Total_loss	: 0.0599
loss_cls	: 0.0262
loss_align	: 0.0337
-------------------------------------
[Epoch : 6/20]
Pr_Src_cls_loss	: 0.0792
Total_loss	: 0.0592
loss_cls	: 0.0271
loss_align	: 0.0321
-------------------------------------
[Epoch : 7/20]
Pr_Src_cls_loss	: 0.0792
Total_loss	: 0.0597
loss_cls	: 0.0285
loss_align	: 0.0312
-------------------------------------
[Epoch : 8/20]
Pr_Src_cls_loss	: 0.0792
Total_loss	: 0.0590
loss_cls	: 0.0287
loss_align	: 0.0303
-------------------------------------
[Epoch : 9/20]
Pr_Src_cls_loss	: 0.0792
Total_loss	: 0.0580
loss_cls	: 0.0287
loss_align	: 0.0293
Src_cls_loss	: 0.0000
-------------------------------------
[Epoch : 10/20]
Pr_Src_cls_loss	: 0.0792
Total_loss	: 0.0566
loss_cls	: 0.0286
loss_align	: 0.0281
Src_cls_loss	: 0.0000
-------------------------------------
[Epoch : 11/20]
Pr_Src_cls_loss	: 0.0792
Total_loss	: 0.0551
loss_cls	: 0.0284
loss_align	: 0.0268
Src_cls_loss	: 0.0000
-------------------------------------
[Epoch : 12/20]
Pr_Src_cls_loss	: 0.0792
Total_loss	: 0.0536
loss_cls	: 0.0281
loss_align	: 0.0255
Src_cls_loss	: 0.0000
-------------------------------------
[Epoch : 13/20]
Pr_Src_cls_loss	: 0.0792
Total_loss	: 0.0526
loss_cls	: 0.0281
loss_align	: 0.0244
Src_cls_loss	: 0.0000
-------------------------------------
[Epoch : 14/20]
Pr_Src_cls_loss	: 0.0792
Total_loss	: 0.0514
loss_cls	: 0.0280
loss_align	: 0.0235
Src_cls_loss	: 0.0000
-------------------------------------
[Epoch : 15/20]
Pr_Src_cls_loss	: 0.0792
Total_loss	: 0.0506
loss_cls	: 0.0279
loss_align	: 0.0227
Src_cls_loss	: 0.0000
-------------------------------------
[Epoch : 16/20]
Pr_Src_cls_loss	: 0.0792
Total_loss	: 0.0497
loss_cls	: 0.0278
loss_align	: 0.0219
Src_cls_loss	: 0.0000
-------------------------------------
[Epoch : 17/20]
Pr_Src_cls_loss	: 0.0792
Total_loss	: 0.0488
loss_cls	: 0.0276
loss_align	: 0.0212
Src_cls_loss	: 0.0000
-------------------------------------
[Epoch : 18/20]
Pr_Src_cls_loss	: 0.0792
Total_loss	: 0.0480
loss_cls	: 0.0275
loss_align	: 0.0205
Src_cls_loss	: 0.0000
-------------------------------------
[Epoch : 19/20]
Pr_Src_cls_loss	: 0.0792
Total_loss	: 0.0473
loss_cls	: 0.0274
loss_align	: 0.0200
Src_cls_loss	: 0.0000
-------------------------------------
[Epoch : 20/20]
Pr_Src_cls_loss	: 0.0792
Total_loss	: 0.0468
loss_cls	: 0.0273
loss_align	: 0.0195
Src_cls_loss	: 0.0000
-------------------------------------

[UniJDOT Debug] final_threshold = 0.4720 conf mean=0.5974 std=0.1905 reject=23.44%
[UniJDOT Eval ALL] n=12430 threshold=0.4720
[UniJDOT Eval ALL] conf: min=0.1666 max=0.8427 mean=0.5935 std=0.1835
[UniJDOT Eval ALL] rejected: 24.77%
[UniJDOT Eval ALL] pred class dist (pre-reject): [1118, 1110, 14, 3907, 672, 2777, 2832]
[UniJDOT Eval ALL] true label dist: [0, 0, 0, 1284, 654, 1233, 1593, 7666] (last bin = unknown)
H_score: 0.4436, OS* (acc_c): 0.6648, UNK (acc_p): 0.3329, acc_mix: 0.4601, F1: 0.4917
[UniJDOT Eval ALL] n=12430 threshold=0.4720
[UniJDOT Eval ALL] conf: min=0.1666 max=0.8427 mean=0.5935 std=0.1835
[UniJDOT Eval ALL] rejected: 24.77%
[UniJDOT Eval ALL] pred class dist (pre-reject): [1118, 1110, 14, 3907, 672, 2777, 2832]
[UniJDOT Eval ALL] true label dist: [0, 0, 0, 1284, 654, 1233, 1593, 7666] (last bin = unknown)
Uploading logs from: /mnt/data/home/tp2474/OpenSet-AdaTime/experiments_logs/curriculum/RealWorld to Pamap2_UniDA_hard_n3_fno_mean/UniJDOT_UniDA_hard_n3_fno_mean/RealWorld_to_Pamap2_run_4
🏃 View run UniJDOT_run_4 at: http://127.0.0.1:5001/#/experiments/315617689137372120/runs/57c76bd0000745cb8668a5f3ee5e601f
🧪 View experiment at: http://127.0.0.1:5001/#/experiments/315617689137372120
==================== [n3 fno_mean] done ====================
==================== [n4 fno_mean] RAINCOAT ====================
[curriculum] scenario=UniDA  strategy=hard  n_unknown=4  rank_variant=fno_mean
[curriculum] source mapping (8 classes): {'lying': 'lying', 'sitting': 'sitting', 'walking': 'walking', 'running': 'running', 'climbingup': 'climbingup', 'jumping': 'jumping', 'climbingdown': 'climbingdown', 'standing': 'standing'}
[curriculum] target mapping (8 classes): {'lying': 'lying', 'sitting': 'sitting', 'walking': 'walking', 'running': 'running', 'other (transient activities)': 'other (transient activities)', 'ascending stairs': 'ascending stairs', 'descending stairs': 'descending stairs', 'vacuum cleaning': 'vacuum cleaning'}
[curriculum] unknowns added (in hard order): src=[climbingup,jumping,climbingdown,standing] | trg=[other (transient activities),ascending stairs,descending stairs,vacuum cleaning]
2026/05/11 07:19:38 INFO mlflow.tracking.fluent: Experiment with name 'RealWorld to Pamap2_UniDA_hard_n4_fno_mean' does not exist. Creating a new experiment.
[scenario] RAINCOAT -> UniDA (uniDA=True)
Unlabeled data shape:  (13598, 150, 18)
Unlabelled Combined shape: (22651, 150, 18)

--- Dataloader Size Check ---
Source Train batches:   467
Target Train batches:   212
-------------------------------

Private classes:  tensor([ 8.,  9., 10., 11.])
=============================================
Dataset: RealWorld to Pamap2_UniDA_hard_n4_fno_mean
Method:  RAINCOAT
=============================================
Source: RealWorld ---> Target: Pamap2
Run ID: 0
=============================================
[Align Epoch : 1/20]
Src_cls_loss	: 0.7444
Sink	: 0.5446
Recon	: 22.9958
-------------------------------------
[Align Epoch : 2/20]
Src_cls_loss	: 0.5844
Sink	: 0.4497
Recon	: 22.7274
-------------------------------------
[Align Epoch : 3/20]
Src_cls_loss	: 0.5055
Sink	: 0.3835
Recon	: 22.4573
-------------------------------------
[Align Epoch : 4/20]
Src_cls_loss	: 0.4578
Sink	: 0.3360
Recon	: 22.1809
-------------------------------------
[Align Epoch : 5/20]
Src_cls_loss	: 0.4248
Sink	: 0.3010
Recon	: 21.9142
-------------------------------------
[Align Epoch : 6/20]
Src_cls_loss	: 0.3981
Sink	: 0.2760
Recon	: 21.6733
-------------------------------------
[Align Epoch : 7/20]
Src_cls_loss	: 0.3781
Sink	: 0.2580
Recon	: 21.4501
-------------------------------------
[Align Epoch : 8/20]
Src_cls_loss	: 0.3604
Sink	: 0.2451
Recon	: 21.2433
-------------------------------------
[Align Epoch : 9/20]
Src_cls_loss	: 0.3450
Sink	: 0.2368
Recon	: 21.0472
-------------------------------------
[Align Epoch : 10/20]
Src_cls_loss	: 0.3320
Sink	: 0.2322
Recon	: 20.8597
-------------------------------------
[Align Epoch : 11/20]
Src_cls_loss	: 0.3200
Sink	: 0.2312
Recon	: 20.6800
-------------------------------------
[Align Epoch : 12/20]
Src_cls_loss	: 0.3096
Sink	: 0.2323
Recon	: 20.5035
-------------------------------------
[Align Epoch : 13/20]
Src_cls_loss	: 0.3001
Sink	: 0.2362
Recon	: 20.3250
-------------------------------------
[Align Epoch : 14/20]
Src_cls_loss	: 0.2913
Sink	: 0.2411
Recon	: 20.1450
-------------------------------------
[Align Epoch : 15/20]
Src_cls_loss	: 0.2835
Sink	: 0.2466
Recon	: 19.9633
-------------------------------------
[Align Epoch : 16/20]
Src_cls_loss	: 0.2764
Sink	: 0.2522
Recon	: 19.7931
-------------------------------------
[Align Epoch : 17/20]
Src_cls_loss	: 0.2701
Sink	: 0.2577
Recon	: 19.6293
-------------------------------------
[Align Epoch : 18/20]
Src_cls_loss	: 0.2636
Sink	: 0.2631
Recon	: 19.4709
-------------------------------------
[Align Epoch : 19/20]
Src_cls_loss	: 0.2579
Sink	: 0.2682
Recon	: 19.3192
-------------------------------------
[Align Epoch : 20/20]
Src_cls_loss	: 0.2522
Sink	: 0.2734
Recon	: 19.1736
-------------------------------------
[Correct Epoch : 1/20]
Recon_correct	: 16.1219
-------------------------------------
[Correct Epoch : 2/20]
Recon_correct	: 15.9826
-------------------------------------
[Correct Epoch : 3/20]
Recon_correct	: 15.8606
-------------------------------------
[Correct Epoch : 4/20]
Recon_correct	: 15.7491
-------------------------------------
[Correct Epoch : 5/20]
Recon_correct	: 15.6356
-------------------------------------
[Correct Epoch : 6/20]
Recon_correct	: 15.5317
-------------------------------------
[Correct Epoch : 7/20]
Recon_correct	: 15.4344
-------------------------------------
[Correct Epoch : 8/20]
Recon_correct	: 15.3461
-------------------------------------
[Correct Epoch : 9/20]
Recon_correct	: 15.2532
-------------------------------------
[Correct Epoch : 10/20]
Recon_correct	: 15.1644
-------------------------------------
[Correct Epoch : 11/20]
Recon_correct	: 15.0805
-------------------------------------
[Correct Epoch : 12/20]
Recon_correct	: 15.0031
-------------------------------------
[Correct Epoch : 13/20]
Recon_correct	: 14.9252
-------------------------------------
[Correct Epoch : 14/20]
Recon_correct	: 14.8500
-------------------------------------
[Correct Epoch : 15/20]
Recon_correct	: 14.7851
-------------------------------------
[Correct Epoch : 16/20]
Recon_correct	: 14.7202
-------------------------------------
[Correct Epoch : 17/20]
Recon_correct	: 14.6577
-------------------------------------
[Correct Epoch : 18/20]
Recon_correct	: 14.5988
-------------------------------------
[Correct Epoch : 19/20]
Recon_correct	: 14.5400
-------------------------------------
[Correct Epoch : 20/20]
Recon_correct	: 14.4843
-------------------------------------
/mnt/data/home/tp2474/OpenSet-AdaTime/trainers/abstract_trainer.py:331: FutureWarning: The behavior of DataFrame concatenation with empty or all-NA entries is deprecated. In a future version, this will no longer exclude empty or all-NA columns when determining the result dtypes. To retain the old behavior, exclude the relevant entries before the concat operation.
  table = pd.concat([table, results_df], ignore_index=True)
H_score: 0.1602, OS* (acc_c): 0.1399, UNK (acc_p): 0.1874, acc_mix: 0.1708, F1: 0.2424
Uploading logs from: /mnt/data/home/tp2474/OpenSet-AdaTime/experiments_logs/curriculum/RealWorld to Pamap2_UniDA_hard_n4_fno_mean/RAINCOAT_UniDA_hard_n4_fno_mean/RealWorld_to_Pamap2_run_0
🏃 View run RAINCOAT_run_0 at: http://127.0.0.1:5001/#/experiments/184677581363591778/runs/503959e9feab4e77a796e8f4b4f4110f
🧪 View experiment at: http://127.0.0.1:5001/#/experiments/184677581363591778
=============================================
Dataset: RealWorld to Pamap2_UniDA_hard_n4_fno_mean
Method:  RAINCOAT
=============================================
Source: RealWorld ---> Target: Pamap2
Run ID: 1
=============================================
[Align Epoch : 1/20]
Src_cls_loss	: 0.7004
Sink	: 0.5998
Recon	: 22.9657
-------------------------------------
[Align Epoch : 2/20]
Src_cls_loss	: 0.5520
Sink	: 0.4919
Recon	: 22.7175
-------------------------------------
[Align Epoch : 3/20]
Src_cls_loss	: 0.4780
Sink	: 0.4191
Recon	: 22.4756
-------------------------------------
[Align Epoch : 4/20]
Src_cls_loss	: 0.4344
Sink	: 0.3667
Recon	: 22.2335
-------------------------------------
[Align Epoch : 5/20]
Src_cls_loss	: 0.4036
Sink	: 0.3283
Recon	: 21.9874
-------------------------------------
[Align Epoch : 6/20]
Src_cls_loss	: 0.3811
Sink	: 0.3013
Recon	: 21.7538
-------------------------------------
[Align Epoch : 7/20]
Src_cls_loss	: 0.3630
Sink	: 0.2826
Recon	: 21.5318
-------------------------------------
[Align Epoch : 8/20]
Src_cls_loss	: 0.3461
Sink	: 0.2678
Recon	: 21.3260
-------------------------------------
[Align Epoch : 9/20]
Src_cls_loss	: 0.3325
Sink	: 0.2574
Recon	: 21.1286
-------------------------------------
[Align Epoch : 10/20]
Src_cls_loss	: 0.3205
Sink	: 0.2511
Recon	: 20.9347
-------------------------------------
[Align Epoch : 11/20]
Src_cls_loss	: 0.3097
Sink	: 0.2483
Recon	: 20.7480
-------------------------------------
[Align Epoch : 12/20]
Src_cls_loss	: 0.2998
Sink	: 0.2484
Recon	: 20.5621
-------------------------------------
[Align Epoch : 13/20]
Src_cls_loss	: 0.2909
Sink	: 0.2516
Recon	: 20.3757
-------------------------------------
[Align Epoch : 14/20]
Src_cls_loss	: 0.2833
Sink	: 0.2565
Recon	: 20.1865
-------------------------------------
[Align Epoch : 15/20]
Src_cls_loss	: 0.2760
Sink	: 0.2616
Recon	: 19.9971
-------------------------------------
[Align Epoch : 16/20]
Src_cls_loss	: 0.2695
Sink	: 0.2665
Recon	: 19.8146
-------------------------------------
[Align Epoch : 17/20]
Src_cls_loss	: 0.2631
Sink	: 0.2715
Recon	: 19.6359
-------------------------------------
[Align Epoch : 18/20]
Src_cls_loss	: 0.2571
Sink	: 0.2763
Recon	: 19.4701
-------------------------------------
[Align Epoch : 19/20]
Src_cls_loss	: 0.2515
Sink	: 0.2809
Recon	: 19.3120
-------------------------------------
[Align Epoch : 20/20]
Src_cls_loss	: 0.2464
Sink	: 0.2854
Recon	: 19.1613
-------------------------------------
[Correct Epoch : 1/20]
Recon_correct	: 15.9759
-------------------------------------
[Correct Epoch : 2/20]
Recon_correct	: 15.8569
-------------------------------------
[Correct Epoch : 3/20]
Recon_correct	: 15.7280
-------------------------------------
[Correct Epoch : 4/20]
Recon_correct	: 15.6304
-------------------------------------
[Correct Epoch : 5/20]
Recon_correct	: 15.5182
-------------------------------------
[Correct Epoch : 6/20]
Recon_correct	: 15.4096
-------------------------------------
[Correct Epoch : 7/20]
Recon_correct	: 15.3123
-------------------------------------
[Correct Epoch : 8/20]
Recon_correct	: 15.2210
-------------------------------------
[Correct Epoch : 9/20]
Recon_correct	: 15.1277
-------------------------------------
[Correct Epoch : 10/20]
Recon_correct	: 15.0346
-------------------------------------
[Correct Epoch : 11/20]
Recon_correct	: 14.9592
-------------------------------------
[Correct Epoch : 12/20]
Recon_correct	: 14.8814
-------------------------------------
[Correct Epoch : 13/20]
Recon_correct	: 14.8060
-------------------------------------
[Correct Epoch : 14/20]
Recon_correct	: 14.7352
-------------------------------------
[Correct Epoch : 15/20]
Recon_correct	: 14.6687
-------------------------------------
[Correct Epoch : 16/20]
Recon_correct	: 14.6053
-------------------------------------
[Correct Epoch : 17/20]
Recon_correct	: 14.5461
-------------------------------------
[Correct Epoch : 18/20]
Recon_correct	: 14.4901
-------------------------------------
[Correct Epoch : 19/20]
Recon_correct	: 14.4370
-------------------------------------
[Correct Epoch : 20/20]
Recon_correct	: 14.3820
-------------------------------------
H_score: 0.2460, OS* (acc_c): 0.2382, UNK (acc_p): 0.2543, acc_mix: 0.2486, F1: 0.2815
Uploading logs from: /mnt/data/home/tp2474/OpenSet-AdaTime/experiments_logs/curriculum/RealWorld to Pamap2_UniDA_hard_n4_fno_mean/RAINCOAT_UniDA_hard_n4_fno_mean/RealWorld_to_Pamap2_run_1
🏃 View run RAINCOAT_run_1 at: http://127.0.0.1:5001/#/experiments/184677581363591778/runs/62465adadc3e4b9b9e8ca331bd302247
🧪 View experiment at: http://127.0.0.1:5001/#/experiments/184677581363591778
=============================================
Dataset: RealWorld to Pamap2_UniDA_hard_n4_fno_mean
Method:  RAINCOAT
=============================================
Source: RealWorld ---> Target: Pamap2
Run ID: 2
=============================================
[Align Epoch : 1/20]
Src_cls_loss	: 0.7211
Sink	: 0.6193
Recon	: 22.9600
-------------------------------------
[Align Epoch : 2/20]
Src_cls_loss	: 0.5581
Sink	: 0.5222
Recon	: 22.7185
-------------------------------------
[Align Epoch : 3/20]
Src_cls_loss	: 0.4842
Sink	: 0.4461
Recon	: 22.4641
-------------------------------------
[Align Epoch : 4/20]
Src_cls_loss	: 0.4394
Sink	: 0.3892
Recon	: 22.2112
-------------------------------------
[Align Epoch : 5/20]
Src_cls_loss	: 0.4069
Sink	: 0.3462
Recon	: 21.9604
-------------------------------------
[Align Epoch : 6/20]
Src_cls_loss	: 0.3809
Sink	: 0.3143
Recon	: 21.7329
-------------------------------------
[Align Epoch : 7/20]
Src_cls_loss	: 0.3615
Sink	: 0.2908
Recon	: 21.5201
-------------------------------------
[Align Epoch : 8/20]
Src_cls_loss	: 0.3439
Sink	: 0.2738
Recon	: 21.3166
-------------------------------------
[Align Epoch : 9/20]
Src_cls_loss	: 0.3292
Sink	: 0.2618
Recon	: 21.1214
-------------------------------------
[Align Epoch : 10/20]
Src_cls_loss	: 0.3167
Sink	: 0.2539
Recon	: 20.9355
-------------------------------------
[Align Epoch : 11/20]
Src_cls_loss	: 0.3060
Sink	: 0.2500
Recon	: 20.7522
-------------------------------------
[Align Epoch : 12/20]
Src_cls_loss	: 0.2961
Sink	: 0.2486
Recon	: 20.5727
-------------------------------------
[Align Epoch : 13/20]
Src_cls_loss	: 0.2871
Sink	: 0.2498
Recon	: 20.3933
-------------------------------------
[Align Epoch : 14/20]
Src_cls_loss	: 0.2788
Sink	: 0.2534
Recon	: 20.2091
-------------------------------------
[Align Epoch : 15/20]
Src_cls_loss	: 0.2714
Sink	: 0.2580
Recon	: 20.0255
-------------------------------------
[Align Epoch : 16/20]
Src_cls_loss	: 0.2646
Sink	: 0.2628
Recon	: 19.8442
-------------------------------------
[Align Epoch : 17/20]
Src_cls_loss	: 0.2583
Sink	: 0.2677
Recon	: 19.6712
-------------------------------------
[Align Epoch : 18/20]
Src_cls_loss	: 0.2518
Sink	: 0.2724
Recon	: 19.5091
-------------------------------------
[Align Epoch : 19/20]
Src_cls_loss	: 0.2461
Sink	: 0.2772
Recon	: 19.3512
-------------------------------------
[Align Epoch : 20/20]
Src_cls_loss	: 0.2407
Sink	: 0.2818
Recon	: 19.1990
-------------------------------------
[Correct Epoch : 1/20]
Recon_correct	: 16.0274
-------------------------------------
[Correct Epoch : 2/20]
Recon_correct	: 15.9176
-------------------------------------
[Correct Epoch : 3/20]
Recon_correct	: 15.7960
-------------------------------------
[Correct Epoch : 4/20]
Recon_correct	: 15.6886
-------------------------------------
[Correct Epoch : 5/20]
Recon_correct	: 15.5743
-------------------------------------
[Correct Epoch : 6/20]
Recon_correct	: 15.4635
-------------------------------------
[Correct Epoch : 7/20]
Recon_correct	: 15.3657
-------------------------------------
[Correct Epoch : 8/20]
Recon_correct	: 15.2573
-------------------------------------
[Correct Epoch : 9/20]
Recon_correct	: 15.1609
-------------------------------------
[Correct Epoch : 10/20]
Recon_correct	: 15.0766
-------------------------------------
[Correct Epoch : 11/20]
Recon_correct	: 14.9952
-------------------------------------
[Correct Epoch : 12/20]
Recon_correct	: 14.9168
-------------------------------------
[Correct Epoch : 13/20]
Recon_correct	: 14.8432
-------------------------------------
[Correct Epoch : 14/20]
Recon_correct	: 14.7731
-------------------------------------
[Correct Epoch : 15/20]
Recon_correct	: 14.7012
-------------------------------------
[Correct Epoch : 16/20]
Recon_correct	: 14.6318
-------------------------------------
[Correct Epoch : 17/20]
Recon_correct	: 14.5697
-------------------------------------
[Correct Epoch : 18/20]
Recon_correct	: 14.5100
-------------------------------------
[Correct Epoch : 19/20]
Recon_correct	: 14.4543
-------------------------------------
[Correct Epoch : 20/20]
Recon_correct	: 14.4009
-------------------------------------
H_score: 0.1598, OS* (acc_c): 0.1199, UNK (acc_p): 0.2392, acc_mix: 0.1975, F1: 0.2455
Uploading logs from: /mnt/data/home/tp2474/OpenSet-AdaTime/experiments_logs/curriculum/RealWorld to Pamap2_UniDA_hard_n4_fno_mean/RAINCOAT_UniDA_hard_n4_fno_mean/RealWorld_to_Pamap2_run_2
🏃 View run RAINCOAT_run_2 at: http://127.0.0.1:5001/#/experiments/184677581363591778/runs/fc8a302247b34a68a2003387306c075b
🧪 View experiment at: http://127.0.0.1:5001/#/experiments/184677581363591778
=============================================
Dataset: RealWorld to Pamap2_UniDA_hard_n4_fno_mean
Method:  RAINCOAT
=============================================
Source: RealWorld ---> Target: Pamap2
Run ID: 3
=============================================
[Align Epoch : 1/20]
Src_cls_loss	: 0.6853
Sink	: 0.6039
Recon	: 23.0595
-------------------------------------
[Align Epoch : 2/20]
Src_cls_loss	: 0.5501
Sink	: 0.5034
Recon	: 22.7711
-------------------------------------
[Align Epoch : 3/20]
Src_cls_loss	: 0.4830
Sink	: 0.4273
Recon	: 22.5031
-------------------------------------
[Align Epoch : 4/20]
Src_cls_loss	: 0.4370
Sink	: 0.3714
Recon	: 22.2493
-------------------------------------
[Align Epoch : 5/20]
Src_cls_loss	: 0.4046
Sink	: 0.3305
Recon	: 22.0167
-------------------------------------
[Align Epoch : 6/20]
Src_cls_loss	: 0.3813
Sink	: 0.3002
Recon	: 21.7969
-------------------------------------
[Align Epoch : 7/20]
Src_cls_loss	: 0.3627
Sink	: 0.2781
Recon	: 21.5741
-------------------------------------
[Align Epoch : 8/20]
Src_cls_loss	: 0.3465
Sink	: 0.2624
Recon	: 21.3610
-------------------------------------
[Align Epoch : 9/20]
Src_cls_loss	: 0.3322
Sink	: 0.2516
Recon	: 21.1634
-------------------------------------
[Align Epoch : 10/20]
Src_cls_loss	: 0.3205
Sink	: 0.2454
Recon	: 20.9722
-------------------------------------
[Align Epoch : 11/20]
Src_cls_loss	: 0.3102
Sink	: 0.2428
Recon	: 20.7807
-------------------------------------
[Align Epoch : 12/20]
Src_cls_loss	: 0.3007
Sink	: 0.2435
Recon	: 20.5940
-------------------------------------
[Align Epoch : 13/20]
Src_cls_loss	: 0.2924
Sink	: 0.2465
Recon	: 20.4078
-------------------------------------
[Align Epoch : 14/20]
Src_cls_loss	: 0.2839
Sink	: 0.2510
Recon	: 20.2179
-------------------------------------
[Align Epoch : 15/20]
Src_cls_loss	: 0.2762
Sink	: 0.2560
Recon	: 20.0285
-------------------------------------
[Align Epoch : 16/20]
Src_cls_loss	: 0.2693
Sink	: 0.2612
Recon	: 19.8480
-------------------------------------
[Align Epoch : 17/20]
Src_cls_loss	: 0.2628
Sink	: 0.2661
Recon	: 19.6741
-------------------------------------
[Align Epoch : 18/20]
Src_cls_loss	: 0.2566
Sink	: 0.2711
Recon	: 19.5113
-------------------------------------
[Align Epoch : 19/20]
Src_cls_loss	: 0.2511
Sink	: 0.2758
Recon	: 19.3531
-------------------------------------
[Align Epoch : 20/20]
Src_cls_loss	: 0.2454
Sink	: 0.2805
Recon	: 19.2052
-------------------------------------
[Correct Epoch : 1/20]
Recon_correct	: 16.0704
-------------------------------------
[Correct Epoch : 2/20]
Recon_correct	: 15.9451
-------------------------------------
[Correct Epoch : 3/20]
Recon_correct	: 15.8157
-------------------------------------
[Correct Epoch : 4/20]
Recon_correct	: 15.6965
-------------------------------------
[Correct Epoch : 5/20]
Recon_correct	: 15.5921
-------------------------------------
[Correct Epoch : 6/20]
Recon_correct	: 15.4812
-------------------------------------
[Correct Epoch : 7/20]
Recon_correct	: 15.3767
-------------------------------------
[Correct Epoch : 8/20]
Recon_correct	: 15.2793
-------------------------------------
[Correct Epoch : 9/20]
Recon_correct	: 15.1856
-------------------------------------
[Correct Epoch : 10/20]
Recon_correct	: 15.1038
-------------------------------------
[Correct Epoch : 11/20]
Recon_correct	: 15.0168
-------------------------------------
[Correct Epoch : 12/20]
Recon_correct	: 14.9366
-------------------------------------
[Correct Epoch : 13/20]
Recon_correct	: 14.8553
-------------------------------------
[Correct Epoch : 14/20]
Recon_correct	: 14.7823
-------------------------------------
[Correct Epoch : 15/20]
Recon_correct	: 14.7162
-------------------------------------
[Correct Epoch : 16/20]
Recon_correct	: 14.6513
-------------------------------------
[Correct Epoch : 17/20]
Recon_correct	: 14.5909
-------------------------------------
[Correct Epoch : 18/20]
Recon_correct	: 14.5325
-------------------------------------
[Correct Epoch : 19/20]
Recon_correct	: 14.4765
-------------------------------------
[Correct Epoch : 20/20]
Recon_correct	: 14.4257
-------------------------------------
H_score: 0.0933, OS* (acc_c): 0.1054, UNK (acc_p): 0.0837, acc_mix: 0.0913, F1: 0.1263
Uploading logs from: /mnt/data/home/tp2474/OpenSet-AdaTime/experiments_logs/curriculum/RealWorld to Pamap2_UniDA_hard_n4_fno_mean/RAINCOAT_UniDA_hard_n4_fno_mean/RealWorld_to_Pamap2_run_3
🏃 View run RAINCOAT_run_3 at: http://127.0.0.1:5001/#/experiments/184677581363591778/runs/06123000eb604b928cdfed027058d829
🧪 View experiment at: http://127.0.0.1:5001/#/experiments/184677581363591778
=============================================
Dataset: RealWorld to Pamap2_UniDA_hard_n4_fno_mean
Method:  RAINCOAT
=============================================
Source: RealWorld ---> Target: Pamap2
Run ID: 4
=============================================
[Align Epoch : 1/20]
Src_cls_loss	: 0.6873
Sink	: 0.5749
Recon	: 22.9802
-------------------------------------
[Align Epoch : 2/20]
Src_cls_loss	: 0.5398
Sink	: 0.4744
Recon	: 22.7089
-------------------------------------
[Align Epoch : 3/20]
Src_cls_loss	: 0.4682
Sink	: 0.4034
Recon	: 22.4632
-------------------------------------
[Align Epoch : 4/20]
Src_cls_loss	: 0.4231
Sink	: 0.3532
Recon	: 22.2121
-------------------------------------
[Align Epoch : 5/20]
Src_cls_loss	: 0.3912
Sink	: 0.3176
Recon	: 21.9693
-------------------------------------
[Align Epoch : 6/20]
Src_cls_loss	: 0.3672
Sink	: 0.2924
Recon	: 21.7390
-------------------------------------
[Align Epoch : 7/20]
Src_cls_loss	: 0.3480
Sink	: 0.2745
Recon	: 21.5232
-------------------------------------
[Align Epoch : 8/20]
Src_cls_loss	: 0.3319
Sink	: 0.2619
Recon	: 21.3080
-------------------------------------
[Align Epoch : 9/20]
Src_cls_loss	: 0.3184
Sink	: 0.2538
Recon	: 21.0997
-------------------------------------
[Align Epoch : 10/20]
Src_cls_loss	: 0.3060
Sink	: 0.2496
Recon	: 20.8992
-------------------------------------
[Align Epoch : 11/20]
Src_cls_loss	: 0.2951
Sink	: 0.2484
Recon	: 20.7010
-------------------------------------
[Align Epoch : 12/20]
Src_cls_loss	: 0.2860
Sink	: 0.2501
Recon	: 20.5053
-------------------------------------
[Align Epoch : 13/20]
Src_cls_loss	: 0.2774
Sink	: 0.2536
Recon	: 20.3124
-------------------------------------
[Align Epoch : 14/20]
Src_cls_loss	: 0.2693
Sink	: 0.2583
Recon	: 20.1186
-------------------------------------
[Align Epoch : 15/20]
Src_cls_loss	: 0.2621
Sink	: 0.2629
Recon	: 19.9337
-------------------------------------
[Align Epoch : 16/20]
Src_cls_loss	: 0.2554
Sink	: 0.2675
Recon	: 19.7575
-------------------------------------
[Align Epoch : 17/20]
Src_cls_loss	: 0.2491
Sink	: 0.2724
Recon	: 19.5864
-------------------------------------
[Align Epoch : 18/20]
Src_cls_loss	: 0.2431
Sink	: 0.2770
Recon	: 19.4226
-------------------------------------
[Align Epoch : 19/20]
Src_cls_loss	: 0.2377
Sink	: 0.2816
Recon	: 19.2668
-------------------------------------
[Align Epoch : 20/20]
Src_cls_loss	: 0.2327
Sink	: 0.2861
Recon	: 19.1192
-------------------------------------
[Correct Epoch : 1/20]
Recon_correct	: 15.9350
-------------------------------------
[Correct Epoch : 2/20]
Recon_correct	: 15.8076
-------------------------------------
[Correct Epoch : 3/20]
Recon_correct	: 15.7071
-------------------------------------
[Correct Epoch : 4/20]
Recon_correct	: 15.6046
-------------------------------------
[Correct Epoch : 5/20]
Recon_correct	: 15.4854
-------------------------------------
[Correct Epoch : 6/20]
Recon_correct	: 15.3806
-------------------------------------
[Correct Epoch : 7/20]
Recon_correct	: 15.2793
-------------------------------------
[Correct Epoch : 8/20]
Recon_correct	: 15.1858
-------------------------------------
[Correct Epoch : 9/20]
Recon_correct	: 15.0909
-------------------------------------
[Correct Epoch : 10/20]
Recon_correct	: 15.0036
-------------------------------------
[Correct Epoch : 11/20]
Recon_correct	: 14.9254
-------------------------------------
[Correct Epoch : 12/20]
Recon_correct	: 14.8442
-------------------------------------
[Correct Epoch : 13/20]
Recon_correct	: 14.7660
-------------------------------------
[Correct Epoch : 14/20]
Recon_correct	: 14.6993
-------------------------------------
[Correct Epoch : 15/20]
Recon_correct	: 14.6329
-------------------------------------
[Correct Epoch : 16/20]
Recon_correct	: 14.5713
-------------------------------------
[Correct Epoch : 17/20]
Recon_correct	: 14.5115
-------------------------------------
[Correct Epoch : 18/20]
Recon_correct	: 14.4569
-------------------------------------
[Correct Epoch : 19/20]
Recon_correct	: 14.4049
-------------------------------------
[Correct Epoch : 20/20]
Recon_correct	: 14.3535
-------------------------------------
H_score: 0.2616, OS* (acc_c): 0.2527, UNK (acc_p): 0.2712, acc_mix: 0.2647, F1: 0.2907
Uploading logs from: /mnt/data/home/tp2474/OpenSet-AdaTime/experiments_logs/curriculum/RealWorld to Pamap2_UniDA_hard_n4_fno_mean/RAINCOAT_UniDA_hard_n4_fno_mean/RealWorld_to_Pamap2_run_4
🏃 View run RAINCOAT_run_4 at: http://127.0.0.1:5001/#/experiments/184677581363591778/runs/6a6d03c960f14bf289dcf0960f27907c
🧪 View experiment at: http://127.0.0.1:5001/#/experiments/184677581363591778
==================== [n4 fno_mean] UDA ====================
[curriculum] scenario=UniDA  strategy=hard  n_unknown=4  rank_variant=fno_mean
[curriculum] source mapping (8 classes): {'lying': 'lying', 'sitting': 'sitting', 'walking': 'walking', 'running': 'running', 'climbingup': 'climbingup', 'jumping': 'jumping', 'climbingdown': 'climbingdown', 'standing': 'standing'}
[curriculum] target mapping (8 classes): {'lying': 'lying', 'sitting': 'sitting', 'walking': 'walking', 'running': 'running', 'other (transient activities)': 'other (transient activities)', 'ascending stairs': 'ascending stairs', 'descending stairs': 'descending stairs', 'vacuum cleaning': 'vacuum cleaning'}
[curriculum] unknowns added (in hard order): src=[climbingup,jumping,climbingdown,standing] | trg=[other (transient activities),ascending stairs,descending stairs,vacuum cleaning]
[scenario] UDA -> UniDA (uniDA=True)
Unlabeled data shape:  (13598, 150, 18)
Unlabelled Combined shape: (22651, 150, 18)

--- Dataloader Size Check ---
Source Train batches:   467
Target Train batches:   212
-------------------------------

Private classes:  tensor([ 8.,  9., 10., 11.])
=============================================
Dataset: RealWorld to Pamap2_UniDA_hard_n4_fno_mean
Method:  UDA
=============================================
Source: RealWorld ---> Target: Pamap2
Run ID: 0
=============================================
[Pr Epoch : 1/20]
Pr_Src_cls_loss	: 0.9812
-------------------------------------
[Pr Epoch : 2/20]
Pr_Src_cls_loss	: 0.6566
-------------------------------------
[Pr Epoch : 3/20]
Pr_Src_cls_loss	: 0.5067
-------------------------------------
[Pr Epoch : 4/20]
Pr_Src_cls_loss	: 0.4193
-------------------------------------
[Pr Epoch : 5/20]
Pr_Src_cls_loss	: 0.3618
-------------------------------------
[Pr Epoch : 6/20]
Pr_Src_cls_loss	: 0.3200
-------------------------------------
[Pr Epoch : 7/20]
Pr_Src_cls_loss	: 0.2877
-------------------------------------
[Pr Epoch : 8/20]
Pr_Src_cls_loss	: 0.2624
-------------------------------------
[Pr Epoch : 9/20]
Pr_Src_cls_loss	: 0.2420
-------------------------------------
[Pr Epoch : 10/20]
Pr_Src_cls_loss	: 0.2251
-------------------------------------
[Pr Epoch : 11/20]
Pr_Src_cls_loss	: 0.2109
-------------------------------------
[Pr Epoch : 12/20]
Pr_Src_cls_loss	: 0.1985
-------------------------------------
[Pr Epoch : 13/20]
Pr_Src_cls_loss	: 0.1876
-------------------------------------
[Pr Epoch : 14/20]
Pr_Src_cls_loss	: 0.1782
-------------------------------------
[Pr Epoch : 15/20]
Pr_Src_cls_loss	: 0.1700
-------------------------------------
[Pr Epoch : 16/20]
Pr_Src_cls_loss	: 0.1628
-------------------------------------
[Pr Epoch : 17/20]
Pr_Src_cls_loss	: 0.1563
-------------------------------------
[Pr Epoch : 18/20]
Pr_Src_cls_loss	: 0.1503
-------------------------------------
[Pr Epoch : 19/20]
Pr_Src_cls_loss	: 0.1448
-------------------------------------
[Pr Epoch : 20/20]
Pr_Src_cls_loss	: 0.1399
-------------------------------------
[Epoch : 1/20]
Pr_Src_cls_loss	: 0.1399
Total_loss	: 5.7333
Domain_loss	: 0.9145
Src_cls_loss	: 0.1621
Adv Loss	: 1.3140
-------------------------------------
[Epoch : 2/20]
Pr_Src_cls_loss	: 0.1399
Total_loss	: 5.7528
Domain_loss	: 0.7310
Src_cls_loss	: 0.1746
Adv Loss	: 1.3083
-------------------------------------
[Epoch : 3/20]
Pr_Src_cls_loss	: 0.1399
Total_loss	: 5.7226
Domain_loss	: 0.6210
Src_cls_loss	: 0.1701
Adv Loss	: 1.3045
-------------------------------------
[Epoch : 4/20]
Pr_Src_cls_loss	: 0.1399
Total_loss	: 5.7129
Domain_loss	: 0.5495
Src_cls_loss	: 0.1668
Adv Loss	: 1.3049
-------------------------------------
[Epoch : 5/20]
Pr_Src_cls_loss	: 0.1399
Total_loss	: 5.7012
Domain_loss	: 0.5014
Src_cls_loss	: 0.1640
Adv Loss	: 1.3043
-------------------------------------
[Epoch : 6/20]
Pr_Src_cls_loss	: 0.1399
Total_loss	: 5.6955
Domain_loss	: 0.4594
Src_cls_loss	: 0.1612
Adv Loss	: 1.3052
-------------------------------------
[Epoch : 7/20]
Pr_Src_cls_loss	: 0.1399
Total_loss	: 5.6932
Domain_loss	: 0.4302
Src_cls_loss	: 0.1582
Adv Loss	: 1.3071
-------------------------------------
[Epoch : 8/20]
Pr_Src_cls_loss	: 0.1399
Total_loss	: 5.6955
Domain_loss	: 0.4069
Src_cls_loss	: 0.1559
Adv Loss	: 1.3097
-------------------------------------
[Epoch : 9/20]
Pr_Src_cls_loss	: 0.1399
Total_loss	: 5.6981
Domain_loss	: 0.3832
Src_cls_loss	: 0.1535
Adv Loss	: 1.3124
-------------------------------------
[Epoch : 10/20]
Pr_Src_cls_loss	: 0.1399
Total_loss	: 5.6952
Domain_loss	: 0.3636
Src_cls_loss	: 0.1503
Adv Loss	: 1.3143
-------------------------------------
[Epoch : 11/20]
Pr_Src_cls_loss	: 0.1399
Total_loss	: 5.6930
Domain_loss	: 0.3483
Src_cls_loss	: 0.1478
Adv Loss	: 1.3159
-------------------------------------
[Epoch : 12/20]
Pr_Src_cls_loss	: 0.1399
Total_loss	: 5.6940
Domain_loss	: 0.3339
Src_cls_loss	: 0.1456
Adv Loss	: 1.3180
-------------------------------------
[Epoch : 13/20]
Pr_Src_cls_loss	: 0.1399
Total_loss	: 5.6950
Domain_loss	: 0.3195
Src_cls_loss	: 0.1432
Adv Loss	: 1.3204
-------------------------------------
[Epoch : 14/20]
Pr_Src_cls_loss	: 0.1399
Total_loss	: 5.6942
Domain_loss	: 0.3068
Src_cls_loss	: 0.1410
Adv Loss	: 1.3220
-------------------------------------
[Epoch : 15/20]
Pr_Src_cls_loss	: 0.1399
Total_loss	: 5.6967
Domain_loss	: 0.2956
Src_cls_loss	: 0.1391
Adv Loss	: 1.3242
-------------------------------------
[Epoch : 16/20]
Pr_Src_cls_loss	: 0.1399
Total_loss	: 5.6946
Domain_loss	: 0.2861
Src_cls_loss	: 0.1371
Adv Loss	: 1.3254
-------------------------------------
[Epoch : 17/20]
Pr_Src_cls_loss	: 0.1399
Total_loss	: 5.6940
Domain_loss	: 0.2781
Src_cls_loss	: 0.1353
Adv Loss	: 1.3268
-------------------------------------
/pytorch/aten/src/ATen/native/cuda/Loss.cu:90: operator(): block: [0,0,0], thread: [0,0,0] Assertion `input_val >= zero && input_val <= one` failed.
/pytorch/aten/src/ATen/native/cuda/Loss.cu:90: operator(): block: [0,0,0], thread: [1,0,0] Assertion `input_val >= zero && input_val <= one` failed.
/pytorch/aten/src/ATen/native/cuda/Loss.cu:90: operator(): block: [0,0,0], thread: [2,0,0] Assertion `input_val >= zero && input_val <= one` failed.
/pytorch/aten/src/ATen/native/cuda/Loss.cu:90: operator(): block: [0,0,0], thread: [3,0,0] Assertion `input_val >= zero && input_val <= one` failed.
/pytorch/aten/src/ATen/native/cuda/Loss.cu:90: operator(): block: [0,0,0], thread: [4,0,0] Assertion `input_val >= zero && input_val <= one` failed.
/pytorch/aten/src/ATen/native/cuda/Loss.cu:90: operator(): block: [0,0,0], thread: [5,0,0] Assertion `input_val >= zero && input_val <= one` failed.
/pytorch/aten/src/ATen/native/cuda/Loss.cu:90: operator(): block: [0,0,0], thread: [6,0,0] Assertion `input_val >= zero && input_val <= one` failed.
/pytorch/aten/src/ATen/native/cuda/Loss.cu:90: operator(): block: [0,0,0], thread: [7,0,0] Assertion `input_val >= zero && input_val <= one` failed.
/pytorch/aten/src/ATen/native/cuda/Loss.cu:90: operator(): block: [0,0,0], thread: [8,0,0] Assertion `input_val >= zero && input_val <= one` failed.
/pytorch/aten/src/ATen/native/cuda/Loss.cu:90: operator(): block: [0,0,0], thread: [9,0,0] Assertion `input_val >= zero && input_val <= one` failed.
/pytorch/aten/src/ATen/native/cuda/Loss.cu:90: operator(): block: [0,0,0], thread: [10,0,0] Assertion `input_val >= zero && input_val <= one` failed.
/pytorch/aten/src/ATen/native/cuda/Loss.cu:90: operator(): block: [0,0,0], thread: [11,0,0] Assertion `input_val >= zero && input_val <= one` failed.
/pytorch/aten/src/ATen/native/cuda/Loss.cu:90: operator(): block: [0,0,0], thread: [12,0,0] Assertion `input_val >= zero && input_val <= one` failed.
/pytorch/aten/src/ATen/native/cuda/Loss.cu:90: operator(): block: [0,0,0], thread: [13,0,0] Assertion `input_val >= zero && input_val <= one` failed.
/pytorch/aten/src/ATen/native/cuda/Loss.cu:90: operator(): block: [0,0,0], thread: [14,0,0] Assertion `input_val >= zero && input_val <= one` failed.
/pytorch/aten/src/ATen/native/cuda/Loss.cu:90: operator(): block: [0,0,0], thread: [15,0,0] Assertion `input_val >= zero && input_val <= one` failed.
/pytorch/aten/src/ATen/native/cuda/Loss.cu:90: operator(): block: [0,0,0], thread: [16,0,0] Assertion `input_val >= zero && input_val <= one` failed.
/pytorch/aten/src/ATen/native/cuda/Loss.cu:90: operator(): block: [0,0,0], thread: [17,0,0] Assertion `input_val >= zero && input_val <= one` failed.
/pytorch/aten/src/ATen/native/cuda/Loss.cu:90: operator(): block: [0,0,0], thread: [18,0,0] Assertion `input_val >= zero && input_val <= one` failed.
/pytorch/aten/src/ATen/native/cuda/Loss.cu:90: operator(): block: [0,0,0], thread: [19,0,0] Assertion `input_val >= zero && input_val <= one` failed.
/pytorch/aten/src/ATen/native/cuda/Loss.cu:90: operator(): block: [0,0,0], thread: [20,0,0] Assertion `input_val >= zero && input_val <= one` failed.
/pytorch/aten/src/ATen/native/cuda/Loss.cu:90: operator(): block: [0,0,0], thread: [21,0,0] Assertion `input_val >= zero && input_val <= one` failed.
/pytorch/aten/src/ATen/native/cuda/Loss.cu:90: operator(): block: [0,0,0], thread: [22,0,0] Assertion `input_val >= zero && input_val <= one` failed.
/pytorch/aten/src/ATen/native/cuda/Loss.cu:90: operator(): block: [0,0,0], thread: [23,0,0] Assertion `input_val >= zero && input_val <= one` failed.
/pytorch/aten/src/ATen/native/cuda/Loss.cu:90: operator(): block: [0,0,0], thread: [24,0,0] Assertion `input_val >= zero && input_val <= one` failed.
/pytorch/aten/src/ATen/native/cuda/Loss.cu:90: operator(): block: [0,0,0], thread: [25,0,0] Assertion `input_val >= zero && input_val <= one` failed.
/pytorch/aten/src/ATen/native/cuda/Loss.cu:90: operator(): block: [0,0,0], thread: [26,0,0] Assertion `input_val >= zero && input_val <= one` failed.
/pytorch/aten/src/ATen/native/cuda/Loss.cu:90: operator(): block: [0,0,0], thread: [27,0,0] Assertion `input_val >= zero && input_val <= one` failed.
/pytorch/aten/src/ATen/native/cuda/Loss.cu:90: operator(): block: [0,0,0], thread: [28,0,0] Assertion `input_val >= zero && input_val <= one` failed.
/pytorch/aten/src/ATen/native/cuda/Loss.cu:90: operator(): block: [0,0,0], thread: [29,0,0] Assertion `input_val >= zero && input_val <= one` failed.
/pytorch/aten/src/ATen/native/cuda/Loss.cu:90: operator(): block: [0,0,0], thread: [30,0,0] Assertion `input_val >= zero && input_val <= one` failed.
/pytorch/aten/src/ATen/native/cuda/Loss.cu:90: operator(): block: [0,0,0], thread: [31,0,0] Assertion `input_val >= zero && input_val <= one` failed.
/pytorch/aten/src/ATen/native/cuda/Loss.cu:90: operator(): block: [0,0,0], thread: [32,0,0] Assertion `input_val >= zero && input_val <= one` failed.
/pytorch/aten/src/ATen/native/cuda/Loss.cu:90: operator(): block: [0,0,0], thread: [33,0,0] Assertion `input_val >= zero && input_val <= one` failed.
/pytorch/aten/src/ATen/native/cuda/Loss.cu:90: operator(): block: [0,0,0], thread: [34,0,0] Assertion `input_val >= zero && input_val <= one` failed.
/pytorch/aten/src/ATen/native/cuda/Loss.cu:90: operator(): block: [0,0,0], thread: [35,0,0] Assertion `input_val >= zero && input_val <= one` failed.
/pytorch/aten/src/ATen/native/cuda/Loss.cu:90: operator(): block: [0,0,0], thread: [36,0,0] Assertion `input_val >= zero && input_val <= one` failed.
/pytorch/aten/src/ATen/native/cuda/Loss.cu:90: operator(): block: [0,0,0], thread: [37,0,0] Assertion `input_val >= zero && input_val <= one` failed.
/pytorch/aten/src/ATen/native/cuda/Loss.cu:90: operator(): block: [0,0,0], thread: [38,0,0] Assertion `input_val >= zero && input_val <= one` failed.
/pytorch/aten/src/ATen/native/cuda/Loss.cu:90: operator(): block: [0,0,0], thread: [39,0,0] Assertion `input_val >= zero && input_val <= one` failed.
/pytorch/aten/src/ATen/native/cuda/Loss.cu:90: operator(): block: [0,0,0], thread: [40,0,0] Assertion `input_val >= zero && input_val <= one` failed.
/pytorch/aten/src/ATen/native/cuda/Loss.cu:90: operator(): block: [0,0,0], thread: [41,0,0] Assertion `input_val >= zero && input_val <= one` failed.
/pytorch/aten/src/ATen/native/cuda/Loss.cu:90: operator(): block: [0,0,0], thread: [42,0,0] Assertion `input_val >= zero && input_val <= one` failed.
/pytorch/aten/src/ATen/native/cuda/Loss.cu:90: operator(): block: [0,0,0], thread: [43,0,0] Assertion `input_val >= zero && input_val <= one` failed.
/pytorch/aten/src/ATen/native/cuda/Loss.cu:90: operator(): block: [0,0,0], thread: [44,0,0] Assertion `input_val >= zero && input_val <= one` failed.
/pytorch/aten/src/ATen/native/cuda/Loss.cu:90: operator(): block: [0,0,0], thread: [45,0,0] Assertion `input_val >= zero && input_val <= one` failed.
/pytorch/aten/src/ATen/native/cuda/Loss.cu:90: operator(): block: [0,0,0], thread: [46,0,0] Assertion `input_val >= zero && input_val <= one` failed.
/pytorch/aten/src/ATen/native/cuda/Loss.cu:90: operator(): block: [0,0,0], thread: [47,0,0] Assertion `input_val >= zero && input_val <= one` failed.
/pytorch/aten/src/ATen/native/cuda/Loss.cu:90: operator(): block: [0,0,0], thread: [48,0,0] Assertion `input_val >= zero && input_val <= one` failed.
/pytorch/aten/src/ATen/native/cuda/Loss.cu:90: operator(): block: [0,0,0], thread: [49,0,0] Assertion `input_val >= zero && input_val <= one` failed.
/pytorch/aten/src/ATen/native/cuda/Loss.cu:90: operator(): block: [0,0,0], thread: [50,0,0] Assertion `input_val >= zero && input_val <= one` failed.
/pytorch/aten/src/ATen/native/cuda/Loss.cu:90: operator(): block: [0,0,0], thread: [51,0,0] Assertion `input_val >= zero && input_val <= one` failed.
/pytorch/aten/src/ATen/native/cuda/Loss.cu:90: operator(): block: [0,0,0], thread: [52,0,0] Assertion `input_val >= zero && input_val <= one` failed.
/pytorch/aten/src/ATen/native/cuda/Loss.cu:90: operator(): block: [0,0,0], thread: [53,0,0] Assertion `input_val >= zero && input_val <= one` failed.
/pytorch/aten/src/ATen/native/cuda/Loss.cu:90: operator(): block: [0,0,0], thread: [54,0,0] Assertion `input_val >= zero && input_val <= one` failed.
/pytorch/aten/src/ATen/native/cuda/Loss.cu:90: operator(): block: [0,0,0], thread: [55,0,0] Assertion `input_val >= zero && input_val <= one` failed.
/pytorch/aten/src/ATen/native/cuda/Loss.cu:90: operator(): block: [0,0,0], thread: [56,0,0] Assertion `input_val >= zero && input_val <= one` failed.
/pytorch/aten/src/ATen/native/cuda/Loss.cu:90: operator(): block: [0,0,0], thread: [57,0,0] Assertion `input_val >= zero && input_val <= one` failed.
/pytorch/aten/src/ATen/native/cuda/Loss.cu:90: operator(): block: [0,0,0], thread: [58,0,0] Assertion `input_val >= zero && input_val <= one` failed.
/pytorch/aten/src/ATen/native/cuda/Loss.cu:90: operator(): block: [0,0,0], thread: [59,0,0] Assertion `input_val >= zero && input_val <= one` failed.
/pytorch/aten/src/ATen/native/cuda/Loss.cu:90: operator(): block: [0,0,0], thread: [60,0,0] Assertion `input_val >= zero && input_val <= one` failed.
/pytorch/aten/src/ATen/native/cuda/Loss.cu:90: operator(): block: [0,0,0], thread: [61,0,0] Assertion `input_val >= zero && input_val <= one` failed.
/pytorch/aten/src/ATen/native/cuda/Loss.cu:90: operator(): block: [0,0,0], thread: [62,0,0] Assertion `input_val >= zero && input_val <= one` failed.
/pytorch/aten/src/ATen/native/cuda/Loss.cu:90: operator(): block: [0,0,0], thread: [63,0,0] Assertion `input_val >= zero && input_val <= one` failed.
🏃 View run UDA_run_0 at: http://127.0.0.1:5001/#/experiments/184677581363591778/runs/24a990454a0c4ec9a0884b2934829e49
🧪 View experiment at: http://127.0.0.1:5001/#/experiments/184677581363591778
Traceback (most recent call last):
  File "/mnt/data/home/tp2474/OpenSet-AdaTime/run_curriculum.py", line 286, in <module>
    main()
  File "/mnt/data/home/tp2474/OpenSet-AdaTime/run_curriculum.py", line 282, in main
    trainer.fit()
  File "/mnt/data/home/tp2474/OpenSet-AdaTime/trainers/train.py", line 62, in fit
    self.last_model, self.best_model = self.algorithm.update(
  File "/mnt/data/home/tp2474/OpenSet-AdaTime/algorithms/algorithms.py", line 369, in update
    self.training_epoch(src_loader, trg_loader, avg_meter, epoch)
  File "/mnt/data/home/tp2474/OpenSet-AdaTime/algorithms/algorithms.py", line 444, in training_epoch
    domain_loss.backward()
  File "/home/tp2474/miniconda3/envs/myenv/lib/python3.9/site-packages/torch/_tensor.py", line 648, in backward
    torch.autograd.backward(
  File "/home/tp2474/miniconda3/envs/myenv/lib/python3.9/site-packages/torch/autograd/__init__.py", line 353, in backward
    _engine_run_backward(
  File "/home/tp2474/miniconda3/envs/myenv/lib/python3.9/site-packages/torch/autograd/graph.py", line 824, in _engine_run_backward
    return Variable._execution_engine.run_backward(  # Calls into the C++ engine to run the backward pass
RuntimeError: CUDA error: device-side assert triggered
CUDA kernel errors might be asynchronously reported at some other API call, so the stacktrace below might be incorrect.
For debugging consider passing CUDA_LAUNCH_BLOCKING=1
Compile with `TORCH_USE_CUDA_DSA` to enable device-side assertions.

[n4 fno_mean] UDA FAILED — continuing
==================== [n4 fno_mean] OVANet ====================
[curriculum] scenario=UniDA  strategy=hard  n_unknown=4  rank_variant=fno_mean
[curriculum] source mapping (8 classes): {'lying': 'lying', 'sitting': 'sitting', 'walking': 'walking', 'running': 'running', 'climbingup': 'climbingup', 'jumping': 'jumping', 'climbingdown': 'climbingdown', 'standing': 'standing'}
[curriculum] target mapping (8 classes): {'lying': 'lying', 'sitting': 'sitting', 'walking': 'walking', 'running': 'running', 'other (transient activities)': 'other (transient activities)', 'ascending stairs': 'ascending stairs', 'descending stairs': 'descending stairs', 'vacuum cleaning': 'vacuum cleaning'}
[curriculum] unknowns added (in hard order): src=[climbingup,jumping,climbingdown,standing] | trg=[other (transient activities),ascending stairs,descending stairs,vacuum cleaning]
[scenario] OVANet -> UniDA (uniDA=True)
Unlabeled data shape:  (13598, 150, 18)
Unlabelled Combined shape: (22651, 150, 18)

--- Dataloader Size Check ---
Source Train batches:   467
Target Train batches:   212
-------------------------------

Private classes:  tensor([ 8.,  9., 10., 11.])
=============================================
Dataset: RealWorld to Pamap2_UniDA_hard_n4_fno_mean
Method:  OVANet
=============================================
Source: RealWorld ---> Target: Pamap2
Run ID: 0
=============================================
[Pr Epoch : 1/20]
Pr_Src_cls_loss	: 0.9806
-------------------------------------
[Pr Epoch : 2/20]
Pr_Src_cls_loss	: 0.6548
-------------------------------------
[Pr Epoch : 3/20]
Pr_Src_cls_loss	: 0.5045
-------------------------------------
[Pr Epoch : 4/20]
Pr_Src_cls_loss	: 0.4159
-------------------------------------
[Pr Epoch : 5/20]
Pr_Src_cls_loss	: 0.3570
-------------------------------------
[Pr Epoch : 6/20]
Pr_Src_cls_loss	: 0.3138
-------------------------------------
[Pr Epoch : 7/20]
Pr_Src_cls_loss	: 0.2810
-------------------------------------
[Pr Epoch : 8/20]
Pr_Src_cls_loss	: 0.2548
-------------------------------------
[Pr Epoch : 9/20]
Pr_Src_cls_loss	: 0.2336
-------------------------------------
[Pr Epoch : 10/20]
Pr_Src_cls_loss	: 0.2161
-------------------------------------
[Pr Epoch : 11/20]
Pr_Src_cls_loss	: 0.2009
-------------------------------------
[Pr Epoch : 12/20]
Pr_Src_cls_loss	: 0.1880
-------------------------------------
[Pr Epoch : 13/20]
Pr_Src_cls_loss	: 0.1769
-------------------------------------
[Pr Epoch : 14/20]
Pr_Src_cls_loss	: 0.1670
-------------------------------------
[Pr Epoch : 15/20]
Pr_Src_cls_loss	: 0.1582
-------------------------------------
[Pr Epoch : 16/20]
Pr_Src_cls_loss	: 0.1505
-------------------------------------
[Pr Epoch : 17/20]
Pr_Src_cls_loss	: 0.1434
-------------------------------------
[Pr Epoch : 18/20]
Pr_Src_cls_loss	: 0.1371
-------------------------------------
[Pr Epoch : 19/20]
Pr_Src_cls_loss	: 0.1312
-------------------------------------
[Pr Epoch : 20/20]
Pr_Src_cls_loss	: 0.1258
-------------------------------------
[Epoch : 1/20]
Pr_Src_cls_loss	: 0.1258
Total_loss	: 1.3405
Open Loss	: 0.6362
Src_cls_loss	: 0.0137
Entropy Open	: 0.6906
-------------------------------------
[Epoch : 2/20]
Pr_Src_cls_loss	: 0.1258
Total_loss	: 1.2716
Open Loss	: 0.5820
Src_cls_loss	: 0.0132
Entropy Open	: 0.6764
-------------------------------------
[Epoch : 3/20]
Pr_Src_cls_loss	: 0.1258
Total_loss	: 1.1894
Open Loss	: 0.5343
Src_cls_loss	: 0.0135
Entropy Open	: 0.6417
-------------------------------------
[Epoch : 4/20]
Pr_Src_cls_loss	: 0.1258
Total_loss	: 1.1000
Open Loss	: 0.4934
Src_cls_loss	: 0.0140
Entropy Open	: 0.5926
-------------------------------------
[Epoch : 5/20]
Pr_Src_cls_loss	: 0.1258
Total_loss	: 1.0139
Open Loss	: 0.4587
Src_cls_loss	: 0.0146
Entropy Open	: 0.5406
-------------------------------------
[Epoch : 6/20]
Pr_Src_cls_loss	: 0.1258
Total_loss	: 0.9357
Open Loss	: 0.4284
Src_cls_loss	: 0.0148
Entropy Open	: 0.4924
-------------------------------------
[Epoch : 7/20]
Pr_Src_cls_loss	: 0.1258
Total_loss	: 0.8669
Open Loss	: 0.4018
Src_cls_loss	: 0.0151
Entropy Open	: 0.4500
-------------------------------------
[Epoch : 8/20]
Pr_Src_cls_loss	: 0.1258
Total_loss	: 0.8066
Open Loss	: 0.3780
Src_cls_loss	: 0.0154
Entropy Open	: 0.4132
-------------------------------------
[Epoch : 9/20]
Pr_Src_cls_loss	: 0.1258
Total_loss	: 0.7535
Open Loss	: 0.3566
Src_cls_loss	: 0.0156
Entropy Open	: 0.3813
-------------------------------------
[Epoch : 10/20]
Pr_Src_cls_loss	: 0.1258
Total_loss	: 0.7067
Open Loss	: 0.3373
Src_cls_loss	: 0.0158
Entropy Open	: 0.3537
-------------------------------------
[Epoch : 11/20]
Pr_Src_cls_loss	: 0.1258
Total_loss	: 0.6653
Open Loss	: 0.3199
Src_cls_loss	: 0.0160
Entropy Open	: 0.3295
-------------------------------------
[Epoch : 12/20]
Pr_Src_cls_loss	: 0.1258
Total_loss	: 0.6282
Open Loss	: 0.3040
Src_cls_loss	: 0.0160
Entropy Open	: 0.3082
-------------------------------------
[Epoch : 13/20]
Pr_Src_cls_loss	: 0.1258
Total_loss	: 0.5949
Open Loss	: 0.2896
Src_cls_loss	: 0.0161
Entropy Open	: 0.2893
-------------------------------------
[Epoch : 14/20]
Pr_Src_cls_loss	: 0.1258
Total_loss	: 0.5649
Open Loss	: 0.2763
Src_cls_loss	: 0.0161
Entropy Open	: 0.2725
-------------------------------------
[Epoch : 15/20]
Pr_Src_cls_loss	: 0.1258
Total_loss	: 0.5379
Open Loss	: 0.2642
Src_cls_loss	: 0.0162
Entropy Open	: 0.2574
-------------------------------------
[Epoch : 16/20]
Pr_Src_cls_loss	: 0.1258
Total_loss	: 0.5131
Open Loss	: 0.2530
Src_cls_loss	: 0.0162
Entropy Open	: 0.2438
-------------------------------------
[Epoch : 17/20]
Pr_Src_cls_loss	: 0.1258
Total_loss	: 0.4906
Open Loss	: 0.2428
Src_cls_loss	: 0.0163
Entropy Open	: 0.2316
-------------------------------------
[Epoch : 18/20]
Pr_Src_cls_loss	: 0.1258
Total_loss	: 0.4700
Open Loss	: 0.2332
Src_cls_loss	: 0.0163
Entropy Open	: 0.2205
-------------------------------------
[Epoch : 19/20]
Pr_Src_cls_loss	: 0.1258
Total_loss	: 0.4512
Open Loss	: 0.2245
Src_cls_loss	: 0.0164
Entropy Open	: 0.2103
-------------------------------------
[Epoch : 20/20]
Pr_Src_cls_loss	: 0.1258
Total_loss	: 0.4338
Open Loss	: 0.2163
Src_cls_loss	: 0.0164
Entropy Open	: 0.2010
-------------------------------------
/mnt/data/home/tp2474/OpenSet-AdaTime/algorithms/algorithms.py:661: UserWarning: Implicit dimension choice for softmax has been deprecated. Change the call to include dim=X as an argument.
  predictions = F.softmax(self.classifier(features))
/mnt/data/home/tp2474/OpenSet-AdaTime/trainers/abstract_trainer.py:331: FutureWarning: The behavior of DataFrame concatenation with empty or all-NA entries is deprecated. In a future version, this will no longer exclude empty or all-NA columns when determining the result dtypes. To retain the old behavior, exclude the relevant entries before the concat operation.
  table = pd.concat([table, results_df], ignore_index=True)
H_score: 0.1744, OS* (acc_c): 0.0958, UNK (acc_p): 0.9717, acc_mix: 0.6650, F1: 0.5512
Uploading logs from: /mnt/data/home/tp2474/OpenSet-AdaTime/experiments_logs/curriculum/RealWorld to Pamap2_UniDA_hard_n4_fno_mean/OVANet_UniDA_hard_n4_fno_mean/RealWorld_to_Pamap2_run_0
🏃 View run OVANet_run_0 at: http://127.0.0.1:5001/#/experiments/184677581363591778/runs/2538336aa84b40468d20b23b7f94ff51
🧪 View experiment at: http://127.0.0.1:5001/#/experiments/184677581363591778
=============================================
Dataset: RealWorld to Pamap2_UniDA_hard_n4_fno_mean
Method:  OVANet
=============================================
Source: RealWorld ---> Target: Pamap2
Run ID: 1
=============================================
[Pr Epoch : 1/20]
Pr_Src_cls_loss	: 0.9884
-------------------------------------
[Pr Epoch : 2/20]
Pr_Src_cls_loss	: 0.6592
-------------------------------------
[Pr Epoch : 3/20]
Pr_Src_cls_loss	: 0.5074
-------------------------------------
[Pr Epoch : 4/20]
Pr_Src_cls_loss	: 0.4182
-------------------------------------
[Pr Epoch : 5/20]
Pr_Src_cls_loss	: 0.3578
-------------------------------------
[Pr Epoch : 6/20]
Pr_Src_cls_loss	: 0.3147
-------------------------------------
[Pr Epoch : 7/20]
Pr_Src_cls_loss	: 0.2816
-------------------------------------
[Pr Epoch : 8/20]
Pr_Src_cls_loss	: 0.2555
-------------------------------------
[Pr Epoch : 9/20]
Pr_Src_cls_loss	: 0.2343
-------------------------------------
[Pr Epoch : 10/20]
Pr_Src_cls_loss	: 0.2167
-------------------------------------
[Pr Epoch : 11/20]
Pr_Src_cls_loss	: 0.2019
-------------------------------------
[Pr Epoch : 12/20]
Pr_Src_cls_loss	: 0.1889
-------------------------------------
[Pr Epoch : 13/20]
Pr_Src_cls_loss	: 0.1775
-------------------------------------
[Pr Epoch : 14/20]
Pr_Src_cls_loss	: 0.1676
-------------------------------------
[Pr Epoch : 15/20]
Pr_Src_cls_loss	: 0.1588
-------------------------------------
[Pr Epoch : 16/20]
Pr_Src_cls_loss	: 0.1510
-------------------------------------
[Pr Epoch : 17/20]
Pr_Src_cls_loss	: 0.1441
-------------------------------------
[Pr Epoch : 18/20]
Pr_Src_cls_loss	: 0.1377
-------------------------------------
[Pr Epoch : 19/20]
Pr_Src_cls_loss	: 0.1318
-------------------------------------
[Pr Epoch : 20/20]
Pr_Src_cls_loss	: 0.1265
-------------------------------------
[Epoch : 1/20]
Pr_Src_cls_loss	: 0.1265
Total_loss	: 1.3566
Open Loss	: 0.6501
Src_cls_loss	: 0.0165
Entropy Open	: 0.6900
-------------------------------------
[Epoch : 2/20]
Pr_Src_cls_loss	: 0.1265
Total_loss	: 1.2821
Open Loss	: 0.5918
Src_cls_loss	: 0.0158
Entropy Open	: 0.6746
-------------------------------------
[Epoch : 3/20]
Pr_Src_cls_loss	: 0.1265
Total_loss	: 1.1954
Open Loss	: 0.5407
Src_cls_loss	: 0.0154
Entropy Open	: 0.6393
-------------------------------------
[Epoch : 4/20]
Pr_Src_cls_loss	: 0.1265
Total_loss	: 1.1030
Open Loss	: 0.4970
Src_cls_loss	: 0.0156
Entropy Open	: 0.5904
-------------------------------------
[Epoch : 5/20]
Pr_Src_cls_loss	: 0.1265
Total_loss	: 1.0157
Open Loss	: 0.4603
Src_cls_loss	: 0.0160
Entropy Open	: 0.5394
-------------------------------------
[Epoch : 6/20]
Pr_Src_cls_loss	: 0.1265
Total_loss	: 0.9371
Open Loss	: 0.4287
Src_cls_loss	: 0.0161
Entropy Open	: 0.4923
-------------------------------------
[Epoch : 7/20]
Pr_Src_cls_loss	: 0.1265
Total_loss	: 0.8681
Open Loss	: 0.4011
Src_cls_loss	: 0.0163
Entropy Open	: 0.4507
-------------------------------------
[Epoch : 8/20]
Pr_Src_cls_loss	: 0.1265
Total_loss	: 0.8079
Open Loss	: 0.3768
Src_cls_loss	: 0.0165
Entropy Open	: 0.4146
-------------------------------------
[Epoch : 9/20]
Pr_Src_cls_loss	: 0.1265
Total_loss	: 0.7547
Open Loss	: 0.3550
Src_cls_loss	: 0.0166
Entropy Open	: 0.3831
-------------------------------------
[Epoch : 10/20]
Pr_Src_cls_loss	: 0.1265
Total_loss	: 0.7079
Open Loss	: 0.3355
Src_cls_loss	: 0.0167
Entropy Open	: 0.3556
-------------------------------------
[Epoch : 11/20]
Pr_Src_cls_loss	: 0.1265
Total_loss	: 0.6663
Open Loss	: 0.3180
Src_cls_loss	: 0.0168
Entropy Open	: 0.3315
-------------------------------------
[Epoch : 12/20]
Pr_Src_cls_loss	: 0.1265
Total_loss	: 0.6291
Open Loss	: 0.3021
Src_cls_loss	: 0.0168
Entropy Open	: 0.3101
-------------------------------------
[Epoch : 13/20]
Pr_Src_cls_loss	: 0.1265
Total_loss	: 0.5958
Open Loss	: 0.2877
Src_cls_loss	: 0.0169
Entropy Open	: 0.2911
-------------------------------------
[Epoch : 14/20]
Pr_Src_cls_loss	: 0.1265
Total_loss	: 0.5656
Open Loss	: 0.2745
Src_cls_loss	: 0.0169
Entropy Open	: 0.2742
-------------------------------------
[Epoch : 15/20]
Pr_Src_cls_loss	: 0.1265
Total_loss	: 0.5384
Open Loss	: 0.2625
Src_cls_loss	: 0.0169
Entropy Open	: 0.2590
-------------------------------------
[Epoch : 16/20]
Pr_Src_cls_loss	: 0.1265
Total_loss	: 0.5135
Open Loss	: 0.2513
Src_cls_loss	: 0.0169
Entropy Open	: 0.2453
-------------------------------------
[Epoch : 17/20]
Pr_Src_cls_loss	: 0.1265
Total_loss	: 0.4908
Open Loss	: 0.2410
Src_cls_loss	: 0.0169
Entropy Open	: 0.2329
-------------------------------------
[Epoch : 18/20]
Pr_Src_cls_loss	: 0.1265
Total_loss	: 0.4700
Open Loss	: 0.2315
Src_cls_loss	: 0.0169
Entropy Open	: 0.2216
-------------------------------------
[Epoch : 19/20]
Pr_Src_cls_loss	: 0.1265
Total_loss	: 0.4509
Open Loss	: 0.2227
Src_cls_loss	: 0.0169
Entropy Open	: 0.2114
-------------------------------------
[Epoch : 20/20]
Pr_Src_cls_loss	: 0.1265
Total_loss	: 0.4332
Open Loss	: 0.2144
Src_cls_loss	: 0.0168
Entropy Open	: 0.2020
-------------------------------------
H_score: 0.0431, OS* (acc_c): 0.0221, UNK (acc_p): 0.9790, acc_mix: 0.6439, F1: 0.5212
Uploading logs from: /mnt/data/home/tp2474/OpenSet-AdaTime/experiments_logs/curriculum/RealWorld to Pamap2_UniDA_hard_n4_fno_mean/OVANet_UniDA_hard_n4_fno_mean/RealWorld_to_Pamap2_run_1
🏃 View run OVANet_run_1 at: http://127.0.0.1:5001/#/experiments/184677581363591778/runs/ba07d9b4b4864db6b22f562450eb68ef
🧪 View experiment at: http://127.0.0.1:5001/#/experiments/184677581363591778
=============================================
Dataset: RealWorld to Pamap2_UniDA_hard_n4_fno_mean
Method:  OVANet
=============================================
Source: RealWorld ---> Target: Pamap2
Run ID: 2
=============================================
[Pr Epoch : 1/20]
Pr_Src_cls_loss	: 0.9882
-------------------------------------
[Pr Epoch : 2/20]
Pr_Src_cls_loss	: 0.6591
-------------------------------------
[Pr Epoch : 3/20]
Pr_Src_cls_loss	: 0.5059
-------------------------------------
[Pr Epoch : 4/20]
Pr_Src_cls_loss	: 0.4159
-------------------------------------
[Pr Epoch : 5/20]
Pr_Src_cls_loss	: 0.3563
-------------------------------------
[Pr Epoch : 6/20]
Pr_Src_cls_loss	: 0.3132
-------------------------------------
[Pr Epoch : 7/20]
Pr_Src_cls_loss	: 0.2803
-------------------------------------
[Pr Epoch : 8/20]
Pr_Src_cls_loss	: 0.2543
-------------------------------------
[Pr Epoch : 9/20]
Pr_Src_cls_loss	: 0.2331
-------------------------------------
[Pr Epoch : 10/20]
Pr_Src_cls_loss	: 0.2153
-------------------------------------
[Pr Epoch : 11/20]
Pr_Src_cls_loss	: 0.2003
-------------------------------------
[Pr Epoch : 12/20]
Pr_Src_cls_loss	: 0.1874
-------------------------------------
[Pr Epoch : 13/20]
Pr_Src_cls_loss	: 0.1761
-------------------------------------
[Pr Epoch : 14/20]
Pr_Src_cls_loss	: 0.1664
-------------------------------------
[Pr Epoch : 15/20]
Pr_Src_cls_loss	: 0.1575
-------------------------------------
[Pr Epoch : 16/20]
Pr_Src_cls_loss	: 0.1497
-------------------------------------
[Pr Epoch : 17/20]
Pr_Src_cls_loss	: 0.1427
-------------------------------------
[Pr Epoch : 18/20]
Pr_Src_cls_loss	: 0.1362
-------------------------------------
[Pr Epoch : 19/20]
Pr_Src_cls_loss	: 0.1303
-------------------------------------
[Pr Epoch : 20/20]
Pr_Src_cls_loss	: 0.1251
-------------------------------------
[Epoch : 1/20]
Pr_Src_cls_loss	: 0.1251
Total_loss	: 1.3561
Open Loss	: 0.6537
Src_cls_loss	: 0.0154
Entropy Open	: 0.6870
-------------------------------------
[Epoch : 2/20]
Pr_Src_cls_loss	: 0.1251
Total_loss	: 1.2726
Open Loss	: 0.5948
Src_cls_loss	: 0.0150
Entropy Open	: 0.6627
-------------------------------------
[Epoch : 3/20]
Pr_Src_cls_loss	: 0.1251
Total_loss	: 1.1787
Open Loss	: 0.5445
Src_cls_loss	: 0.0149
Entropy Open	: 0.6194
-------------------------------------
[Epoch : 4/20]
Pr_Src_cls_loss	: 0.1251
Total_loss	: 1.0841
Open Loss	: 0.5011
Src_cls_loss	: 0.0150
Entropy Open	: 0.5680
-------------------------------------
[Epoch : 5/20]
Pr_Src_cls_loss	: 0.1251
Total_loss	: 0.9969
Open Loss	: 0.4639
Src_cls_loss	: 0.0152
Entropy Open	: 0.5178
-------------------------------------
[Epoch : 6/20]
Pr_Src_cls_loss	: 0.1251
Total_loss	: 0.9203
Open Loss	: 0.4320
Src_cls_loss	: 0.0156
Entropy Open	: 0.4726
-------------------------------------
[Epoch : 7/20]
Pr_Src_cls_loss	: 0.1251
Total_loss	: 0.8528
Open Loss	: 0.4039
Src_cls_loss	: 0.0158
Entropy Open	: 0.4331
-------------------------------------
[Epoch : 8/20]
Pr_Src_cls_loss	: 0.1251
Total_loss	: 0.7938
Open Loss	: 0.3791
Src_cls_loss	: 0.0160
Entropy Open	: 0.3987
-------------------------------------
[Epoch : 9/20]
Pr_Src_cls_loss	: 0.1251
Total_loss	: 0.7418
Open Loss	: 0.3570
Src_cls_loss	: 0.0161
Entropy Open	: 0.3687
-------------------------------------
[Epoch : 10/20]
Pr_Src_cls_loss	: 0.1251
Total_loss	: 0.6958
Open Loss	: 0.3372
Src_cls_loss	: 0.0161
Entropy Open	: 0.3424
-------------------------------------
[Epoch : 11/20]
Pr_Src_cls_loss	: 0.1251
Total_loss	: 0.6550
Open Loss	: 0.3194
Src_cls_loss	: 0.0162
Entropy Open	: 0.3194
-------------------------------------
[Epoch : 12/20]
Pr_Src_cls_loss	: 0.1251
Total_loss	: 0.6184
Open Loss	: 0.3032
Src_cls_loss	: 0.0162
Entropy Open	: 0.2989
-------------------------------------
[Epoch : 13/20]
Pr_Src_cls_loss	: 0.1251
Total_loss	: 0.5856
Open Loss	: 0.2886
Src_cls_loss	: 0.0162
Entropy Open	: 0.2808
-------------------------------------
[Epoch : 14/20]
Pr_Src_cls_loss	: 0.1251
Total_loss	: 0.5561
Open Loss	: 0.2752
Src_cls_loss	: 0.0163
Entropy Open	: 0.2646
-------------------------------------
[Epoch : 15/20]
Pr_Src_cls_loss	: 0.1251
Total_loss	: 0.5294
Open Loss	: 0.2630
Src_cls_loss	: 0.0163
Entropy Open	: 0.2501
-------------------------------------
[Epoch : 16/20]
Pr_Src_cls_loss	: 0.1251
Total_loss	: 0.5050
Open Loss	: 0.2518
Src_cls_loss	: 0.0163
Entropy Open	: 0.2370
-------------------------------------
[Epoch : 17/20]
Pr_Src_cls_loss	: 0.1251
Total_loss	: 0.4829
Open Loss	: 0.2415
Src_cls_loss	: 0.0163
Entropy Open	: 0.2251
-------------------------------------
[Epoch : 18/20]
Pr_Src_cls_loss	: 0.1251
Total_loss	: 0.4625
Open Loss	: 0.2319
Src_cls_loss	: 0.0163
Entropy Open	: 0.2143
-------------------------------------
[Epoch : 19/20]
Pr_Src_cls_loss	: 0.1251
Total_loss	: 0.4440
Open Loss	: 0.2231
Src_cls_loss	: 0.0163
Entropy Open	: 0.2045
-------------------------------------
[Epoch : 20/20]
Pr_Src_cls_loss	: 0.1251
Total_loss	: 0.4268
Open Loss	: 0.2150
Src_cls_loss	: 0.0163
Entropy Open	: 0.1955
-------------------------------------
H_score: 0.0622, OS* (acc_c): 0.0321, UNK (acc_p): 0.9697, acc_mix: 0.6414, F1: 0.5250
Uploading logs from: /mnt/data/home/tp2474/OpenSet-AdaTime/experiments_logs/curriculum/RealWorld to Pamap2_UniDA_hard_n4_fno_mean/OVANet_UniDA_hard_n4_fno_mean/RealWorld_to_Pamap2_run_2
🏃 View run OVANet_run_2 at: http://127.0.0.1:5001/#/experiments/184677581363591778/runs/e9976feb901a49b2b9ba54bf5c70fe0d
🧪 View experiment at: http://127.0.0.1:5001/#/experiments/184677581363591778
=============================================
Dataset: RealWorld to Pamap2_UniDA_hard_n4_fno_mean
Method:  OVANet
=============================================
Source: RealWorld ---> Target: Pamap2
Run ID: 3
=============================================
[Pr Epoch : 1/20]
Pr_Src_cls_loss	: 0.9974
-------------------------------------
[Pr Epoch : 2/20]
Pr_Src_cls_loss	: 0.6657
-------------------------------------
[Pr Epoch : 3/20]
Pr_Src_cls_loss	: 0.5122
-------------------------------------
[Pr Epoch : 4/20]
Pr_Src_cls_loss	: 0.4219
-------------------------------------
[Pr Epoch : 5/20]
Pr_Src_cls_loss	: 0.3620
-------------------------------------
[Pr Epoch : 6/20]
Pr_Src_cls_loss	: 0.3191
-------------------------------------
[Pr Epoch : 7/20]
Pr_Src_cls_loss	: 0.2860
-------------------------------------
[Pr Epoch : 8/20]
Pr_Src_cls_loss	: 0.2596
-------------------------------------
[Pr Epoch : 9/20]
Pr_Src_cls_loss	: 0.2381
-------------------------------------
[Pr Epoch : 10/20]
Pr_Src_cls_loss	: 0.2203
-------------------------------------
[Pr Epoch : 11/20]
Pr_Src_cls_loss	: 0.2050
-------------------------------------
[Pr Epoch : 12/20]
Pr_Src_cls_loss	: 0.1917
-------------------------------------
[Pr Epoch : 13/20]
Pr_Src_cls_loss	: 0.1805
-------------------------------------
[Pr Epoch : 14/20]
Pr_Src_cls_loss	: 0.1705
-------------------------------------
[Pr Epoch : 15/20]
Pr_Src_cls_loss	: 0.1616
-------------------------------------
[Pr Epoch : 16/20]
Pr_Src_cls_loss	: 0.1536
-------------------------------------
[Pr Epoch : 17/20]
Pr_Src_cls_loss	: 0.1464
-------------------------------------
[Pr Epoch : 18/20]
Pr_Src_cls_loss	: 0.1398
-------------------------------------
[Pr Epoch : 19/20]
Pr_Src_cls_loss	: 0.1339
-------------------------------------
[Pr Epoch : 20/20]
Pr_Src_cls_loss	: 0.1285
-------------------------------------
[Epoch : 1/20]
Pr_Src_cls_loss	: 0.1285
Total_loss	: 1.3449
Open Loss	: 0.6394
Src_cls_loss	: 0.0164
Entropy Open	: 0.6890
-------------------------------------
[Epoch : 2/20]
Pr_Src_cls_loss	: 0.1285
Total_loss	: 1.2726
Open Loss	: 0.5844
Src_cls_loss	: 0.0158
Entropy Open	: 0.6724
-------------------------------------
[Epoch : 3/20]
Pr_Src_cls_loss	: 0.1285
Total_loss	: 1.1868
Open Loss	: 0.5363
Src_cls_loss	: 0.0158
Entropy Open	: 0.6346
-------------------------------------
[Epoch : 4/20]
Pr_Src_cls_loss	: 0.1285
Total_loss	: 1.0950
Open Loss	: 0.4956
Src_cls_loss	: 0.0159
Entropy Open	: 0.5835
-------------------------------------
[Epoch : 5/20]
Pr_Src_cls_loss	: 0.1285
Total_loss	: 1.0087
Open Loss	: 0.4609
Src_cls_loss	: 0.0165
Entropy Open	: 0.5313
-------------------------------------
[Epoch : 6/20]
Pr_Src_cls_loss	: 0.1285
Total_loss	: 0.9314
Open Loss	: 0.4307
Src_cls_loss	: 0.0167
Entropy Open	: 0.4840
-------------------------------------
[Epoch : 7/20]
Pr_Src_cls_loss	: 0.1285
Total_loss	: 0.8637
Open Loss	: 0.4040
Src_cls_loss	: 0.0170
Entropy Open	: 0.4427
-------------------------------------
[Epoch : 8/20]
Pr_Src_cls_loss	: 0.1285
Total_loss	: 0.8040
Open Loss	: 0.3800
Src_cls_loss	: 0.0170
Entropy Open	: 0.4070
-------------------------------------
[Epoch : 9/20]
Pr_Src_cls_loss	: 0.1285
Total_loss	: 0.7516
Open Loss	: 0.3585
Src_cls_loss	: 0.0170
Entropy Open	: 0.3760
-------------------------------------
[Epoch : 10/20]
Pr_Src_cls_loss	: 0.1285
Total_loss	: 0.7053
Open Loss	: 0.3393
Src_cls_loss	: 0.0171
Entropy Open	: 0.3490
-------------------------------------
[Epoch : 11/20]
Pr_Src_cls_loss	: 0.1285
Total_loss	: 0.6642
Open Loss	: 0.3218
Src_cls_loss	: 0.0171
Entropy Open	: 0.3252
-------------------------------------
[Epoch : 12/20]
Pr_Src_cls_loss	: 0.1285
Total_loss	: 0.6273
Open Loss	: 0.3059
Src_cls_loss	: 0.0171
Entropy Open	: 0.3043
-------------------------------------
[Epoch : 13/20]
Pr_Src_cls_loss	: 0.1285
Total_loss	: 0.5941
Open Loss	: 0.2914
Src_cls_loss	: 0.0171
Entropy Open	: 0.2856
-------------------------------------
[Epoch : 14/20]
Pr_Src_cls_loss	: 0.1285
Total_loss	: 0.5642
Open Loss	: 0.2782
Src_cls_loss	: 0.0171
Entropy Open	: 0.2690
-------------------------------------
[Epoch : 15/20]
Pr_Src_cls_loss	: 0.1285
Total_loss	: 0.5373
Open Loss	: 0.2661
Src_cls_loss	: 0.0171
Entropy Open	: 0.2541
-------------------------------------
[Epoch : 16/20]
Pr_Src_cls_loss	: 0.1285
Total_loss	: 0.5126
Open Loss	: 0.2549
Src_cls_loss	: 0.0171
Entropy Open	: 0.2406
-------------------------------------
[Epoch : 17/20]
Pr_Src_cls_loss	: 0.1285
Total_loss	: 0.4901
Open Loss	: 0.2445
Src_cls_loss	: 0.0171
Entropy Open	: 0.2285
-------------------------------------
[Epoch : 18/20]
Pr_Src_cls_loss	: 0.1285
Total_loss	: 0.4695
Open Loss	: 0.2350
Src_cls_loss	: 0.0171
Entropy Open	: 0.2175
-------------------------------------
[Epoch : 19/20]
Pr_Src_cls_loss	: 0.1285
Total_loss	: 0.4506
Open Loss	: 0.2261
Src_cls_loss	: 0.0171
Entropy Open	: 0.2074
-------------------------------------
[Epoch : 20/20]
Pr_Src_cls_loss	: 0.1285
Total_loss	: 0.4332
Open Loss	: 0.2179
Src_cls_loss	: 0.0170
Entropy Open	: 0.1982
-------------------------------------
H_score: 0.0411, OS* (acc_c): 0.0210, UNK (acc_p): 0.9642, acc_mix: 0.6340, F1: 0.5149
Uploading logs from: /mnt/data/home/tp2474/OpenSet-AdaTime/experiments_logs/curriculum/RealWorld to Pamap2_UniDA_hard_n4_fno_mean/OVANet_UniDA_hard_n4_fno_mean/RealWorld_to_Pamap2_run_3
🏃 View run OVANet_run_3 at: http://127.0.0.1:5001/#/experiments/184677581363591778/runs/85fcdce26149447aa0ef0718298a7b1a
🧪 View experiment at: http://127.0.0.1:5001/#/experiments/184677581363591778
=============================================
Dataset: RealWorld to Pamap2_UniDA_hard_n4_fno_mean
Method:  OVANet
=============================================
Source: RealWorld ---> Target: Pamap2
Run ID: 4
=============================================
[Pr Epoch : 1/20]
Pr_Src_cls_loss	: 0.9823
-------------------------------------
[Pr Epoch : 2/20]
Pr_Src_cls_loss	: 0.6538
-------------------------------------
[Pr Epoch : 3/20]
Pr_Src_cls_loss	: 0.5029
-------------------------------------
[Pr Epoch : 4/20]
Pr_Src_cls_loss	: 0.4155
-------------------------------------
[Pr Epoch : 5/20]
Pr_Src_cls_loss	: 0.3575
-------------------------------------
[Pr Epoch : 6/20]
Pr_Src_cls_loss	: 0.3148
-------------------------------------
[Pr Epoch : 7/20]
Pr_Src_cls_loss	: 0.2820
-------------------------------------
[Pr Epoch : 8/20]
Pr_Src_cls_loss	: 0.2563
-------------------------------------
[Pr Epoch : 9/20]
Pr_Src_cls_loss	: 0.2350
-------------------------------------
[Pr Epoch : 10/20]
Pr_Src_cls_loss	: 0.2174
-------------------------------------
[Pr Epoch : 11/20]
Pr_Src_cls_loss	: 0.2025
-------------------------------------
[Pr Epoch : 12/20]
Pr_Src_cls_loss	: 0.1894
-------------------------------------
[Pr Epoch : 13/20]
Pr_Src_cls_loss	: 0.1780
-------------------------------------
[Pr Epoch : 14/20]
Pr_Src_cls_loss	: 0.1681
-------------------------------------
[Pr Epoch : 15/20]
Pr_Src_cls_loss	: 0.1593
-------------------------------------
[Pr Epoch : 16/20]
Pr_Src_cls_loss	: 0.1514
-------------------------------------
[Pr Epoch : 17/20]
Pr_Src_cls_loss	: 0.1441
-------------------------------------
[Pr Epoch : 18/20]
Pr_Src_cls_loss	: 0.1378
-------------------------------------
[Pr Epoch : 19/20]
Pr_Src_cls_loss	: 0.1318
-------------------------------------
[Pr Epoch : 20/20]
Pr_Src_cls_loss	: 0.1266
-------------------------------------
[Epoch : 1/20]
Pr_Src_cls_loss	: 0.1266
Total_loss	: 1.3501
Open Loss	: 0.6462
Src_cls_loss	: 0.0150
Entropy Open	: 0.6889
-------------------------------------
[Epoch : 2/20]
Pr_Src_cls_loss	: 0.1266
Total_loss	: 1.2731
Open Loss	: 0.5905
Src_cls_loss	: 0.0145
Entropy Open	: 0.6681
-------------------------------------
[Epoch : 3/20]
Pr_Src_cls_loss	: 0.1266
Total_loss	: 1.1863
Open Loss	: 0.5420
Src_cls_loss	: 0.0147
Entropy Open	: 0.6296
-------------------------------------
[Epoch : 4/20]
Pr_Src_cls_loss	: 0.1266
Total_loss	: 1.0966
Open Loss	: 0.5002
Src_cls_loss	: 0.0148
Entropy Open	: 0.5816
-------------------------------------
[Epoch : 5/20]
Pr_Src_cls_loss	: 0.1266
Total_loss	: 1.0120
Open Loss	: 0.4643
Src_cls_loss	: 0.0152
Entropy Open	: 0.5325
-------------------------------------
[Epoch : 6/20]
Pr_Src_cls_loss	: 0.1266
Total_loss	: 0.9356
Open Loss	: 0.4331
Src_cls_loss	: 0.0154
Entropy Open	: 0.4871
-------------------------------------
[Epoch : 7/20]
Pr_Src_cls_loss	: 0.1266
Total_loss	: 0.8684
Open Loss	: 0.4057
Src_cls_loss	: 0.0158
Entropy Open	: 0.4468
-------------------------------------
[Epoch : 8/20]
Pr_Src_cls_loss	: 0.1266
Total_loss	: 0.8089
Open Loss	: 0.3813
Src_cls_loss	: 0.0160
Entropy Open	: 0.4116
-------------------------------------
[Epoch : 9/20]
Pr_Src_cls_loss	: 0.1266
Total_loss	: 0.7565
Open Loss	: 0.3595
Src_cls_loss	: 0.0161
Entropy Open	: 0.3809
-------------------------------------
[Epoch : 10/20]
Pr_Src_cls_loss	: 0.1266
Total_loss	: 0.7098
Open Loss	: 0.3399
Src_cls_loss	: 0.0161
Entropy Open	: 0.3538
-------------------------------------
[Epoch : 11/20]
Pr_Src_cls_loss	: 0.1266
Total_loss	: 0.6686
Open Loss	: 0.3225
Src_cls_loss	: 0.0162
Entropy Open	: 0.3299
-------------------------------------
[Epoch : 12/20]
Pr_Src_cls_loss	: 0.1266
Total_loss	: 0.6315
Open Loss	: 0.3066
Src_cls_loss	: 0.0163
Entropy Open	: 0.3086
-------------------------------------
[Epoch : 13/20]
Pr_Src_cls_loss	: 0.1266
Total_loss	: 0.5981
Open Loss	: 0.2921
Src_cls_loss	: 0.0163
Entropy Open	: 0.2896
-------------------------------------
[Epoch : 14/20]
Pr_Src_cls_loss	: 0.1266
Total_loss	: 0.5679
Open Loss	: 0.2789
Src_cls_loss	: 0.0163
Entropy Open	: 0.2727
-------------------------------------
[Epoch : 15/20]
Pr_Src_cls_loss	: 0.1266
Total_loss	: 0.5406
Open Loss	: 0.2667
Src_cls_loss	: 0.0163
Entropy Open	: 0.2575
-------------------------------------
[Epoch : 16/20]
Pr_Src_cls_loss	: 0.1266
Total_loss	: 0.5159
Open Loss	: 0.2556
Src_cls_loss	: 0.0164
Entropy Open	: 0.2438
-------------------------------------
[Epoch : 17/20]
Pr_Src_cls_loss	: 0.1266
Total_loss	: 0.4932
Open Loss	: 0.2453
Src_cls_loss	: 0.0164
Entropy Open	: 0.2315
-------------------------------------
[Epoch : 18/20]
Pr_Src_cls_loss	: 0.1266
Total_loss	: 0.4725
Open Loss	: 0.2358
Src_cls_loss	: 0.0164
Entropy Open	: 0.2202
-------------------------------------
[Epoch : 19/20]
Pr_Src_cls_loss	: 0.1266
Total_loss	: 0.4535
Open Loss	: 0.2270
Src_cls_loss	: 0.0165
Entropy Open	: 0.2100
-------------------------------------
[Epoch : 20/20]
Pr_Src_cls_loss	: 0.1266
Total_loss	: 0.4360
Open Loss	: 0.2188
Src_cls_loss	: 0.0165
Entropy Open	: 0.2006
-------------------------------------
H_score: 0.0017, OS* (acc_c): 0.0008, UNK (acc_p): 0.9782, acc_mix: 0.6360, F1: 0.5061
Uploading logs from: /mnt/data/home/tp2474/OpenSet-AdaTime/experiments_logs/curriculum/RealWorld to Pamap2_UniDA_hard_n4_fno_mean/OVANet_UniDA_hard_n4_fno_mean/RealWorld_to_Pamap2_run_4
🏃 View run OVANet_run_4 at: http://127.0.0.1:5001/#/experiments/184677581363591778/runs/c6d9fd7e11bc4966959aad9f27930f2d
🧪 View experiment at: http://127.0.0.1:5001/#/experiments/184677581363591778
==================== [n4 fno_mean] DANCE ====================
[curriculum] scenario=UniDA  strategy=hard  n_unknown=4  rank_variant=fno_mean
[curriculum] source mapping (8 classes): {'lying': 'lying', 'sitting': 'sitting', 'walking': 'walking', 'running': 'running', 'climbingup': 'climbingup', 'jumping': 'jumping', 'climbingdown': 'climbingdown', 'standing': 'standing'}
[curriculum] target mapping (8 classes): {'lying': 'lying', 'sitting': 'sitting', 'walking': 'walking', 'running': 'running', 'other (transient activities)': 'other (transient activities)', 'ascending stairs': 'ascending stairs', 'descending stairs': 'descending stairs', 'vacuum cleaning': 'vacuum cleaning'}
[curriculum] unknowns added (in hard order): src=[climbingup,jumping,climbingdown,standing] | trg=[other (transient activities),ascending stairs,descending stairs,vacuum cleaning]
[scenario] DANCE -> UniDA (uniDA=True)
Unlabeled data shape:  (13598, 150, 18)
Unlabelled Combined shape: (22651, 150, 18)

--- Dataloader Size Check ---
Source Train batches:   467
Target Train batches:   212
-------------------------------

Private classes:  tensor([ 8.,  9., 10., 11.])
=============================================
Dataset: RealWorld to Pamap2_UniDA_hard_n4_fno_mean
Method:  DANCE
=============================================
Source: RealWorld ---> Target: Pamap2
Run ID: 0
=============================================
[Pr Epoch : 1/20]
Pr_Src_cls_loss	: 1.8813
-------------------------------------
[Pr Epoch : 2/20]
Pr_Src_cls_loss	: 1.8627
-------------------------------------
[Pr Epoch : 3/20]
Pr_Src_cls_loss	: 1.8540
-------------------------------------
[Pr Epoch : 4/20]
Pr_Src_cls_loss	: 1.8489
-------------------------------------
[Pr Epoch : 5/20]
Pr_Src_cls_loss	: 1.8453
-------------------------------------
[Pr Epoch : 6/20]
Pr_Src_cls_loss	: 1.8426
-------------------------------------
[Pr Epoch : 7/20]
Pr_Src_cls_loss	: 1.8404
-------------------------------------
[Pr Epoch : 8/20]
Pr_Src_cls_loss	: 1.8386
-------------------------------------
[Pr Epoch : 9/20]
Pr_Src_cls_loss	: 1.8370
-------------------------------------
[Pr Epoch : 10/20]
Pr_Src_cls_loss	: 1.8357
-------------------------------------
[Pr Epoch : 11/20]
Pr_Src_cls_loss	: 1.8346
-------------------------------------
[Pr Epoch : 12/20]
Pr_Src_cls_loss	: 1.8336
-------------------------------------
[Pr Epoch : 13/20]
Pr_Src_cls_loss	: 1.8327
-------------------------------------
[Pr Epoch : 14/20]
Pr_Src_cls_loss	: 1.8319
-------------------------------------
[Pr Epoch : 15/20]
Pr_Src_cls_loss	: 1.8312
-------------------------------------
[Pr Epoch : 16/20]
Pr_Src_cls_loss	: 1.8305
-------------------------------------
[Pr Epoch : 17/20]
Pr_Src_cls_loss	: 1.8299
-------------------------------------
[Pr Epoch : 18/20]
Pr_Src_cls_loss	: 1.8293
-------------------------------------
[Pr Epoch : 19/20]
Pr_Src_cls_loss	: 1.8288
-------------------------------------
[Pr Epoch : 20/20]
Pr_Src_cls_loss	: 1.8283
-------------------------------------
/mnt/data/home/tp2474/OpenSet-AdaTime/algorithms/algorithms.py:733: UserWarning: Implicit dimension choice for softmax has been deprecated. Change the call to include dim=X as an argument.
  p = F.softmax(p)
/mnt/data/home/tp2474/OpenSet-AdaTime/algorithms/algorithms.py:737: UserWarning: Implicit dimension choice for softmax has been deprecated. Change the call to include dim=X as an argument.
  p = F.softmax(p)
[Epoch : 1/20]
Pr_Src_cls_loss	: 1.8283
Total_loss	: 2.1397
Ent Loss	: -0.1031
Src_cls_loss	: 1.6685
Neighbors Clustering 	: 0.5743
-------------------------------------
[Epoch : 2/20]
Pr_Src_cls_loss	: 1.8283
Total_loss	: 1.9835
Ent Loss	: -0.1023
Src_cls_loss	: 1.5203
Neighbors Clustering 	: 0.5655
-------------------------------------
[Epoch : 3/20]
Pr_Src_cls_loss	: 1.8283
Total_loss	: 1.8376
Ent Loss	: -0.1013
Src_cls_loss	: 1.3845
Neighbors Clustering 	: 0.5543
-------------------------------------
[Epoch : 4/20]
Pr_Src_cls_loss	: 1.8283
Total_loss	: 1.7069
Ent Loss	: -0.1002
Src_cls_loss	: 1.2629
Neighbors Clustering 	: 0.5442
-------------------------------------
[Epoch : 5/20]
Pr_Src_cls_loss	: 1.8283
Total_loss	: 1.5919
Ent Loss	: -0.0991
Src_cls_loss	: 1.1561
Neighbors Clustering 	: 0.5349
-------------------------------------
[Epoch : 6/20]
Pr_Src_cls_loss	: 1.8283
Total_loss	: 1.4906
Ent Loss	: -0.0981
Src_cls_loss	: 1.0626
Neighbors Clustering 	: 0.5261
-------------------------------------
[Epoch : 7/20]
Pr_Src_cls_loss	: 1.8283
Total_loss	: 1.4015
Ent Loss	: -0.0973
Src_cls_loss	: 0.9810
Neighbors Clustering 	: 0.5178
-------------------------------------
[Epoch : 8/20]
Pr_Src_cls_loss	: 1.8283
Total_loss	: 1.3229
Ent Loss	: -0.0967
Src_cls_loss	: 0.9095
Neighbors Clustering 	: 0.5101
-------------------------------------
[Epoch : 9/20]
Pr_Src_cls_loss	: 1.8283
Total_loss	: 1.2536
Ent Loss	: -0.0961
Src_cls_loss	: 0.8465
Neighbors Clustering 	: 0.5031
-------------------------------------
[Epoch : 10/20]
Pr_Src_cls_loss	: 1.8283
Total_loss	: 1.1927
Ent Loss	: -0.0956
Src_cls_loss	: 0.7913
Neighbors Clustering 	: 0.4969
-------------------------------------
[Epoch : 11/20]
Pr_Src_cls_loss	: 1.8283
Total_loss	: 1.1385
Ent Loss	: -0.0952
Src_cls_loss	: 0.7423
Neighbors Clustering 	: 0.4914
-------------------------------------
[Epoch : 12/20]
Pr_Src_cls_loss	: 1.8283
Total_loss	: nan
Ent Loss	: nan
Src_cls_loss	: nan
Neighbors Clustering 	: nan
-------------------------------------
[Epoch : 13/20]
Pr_Src_cls_loss	: 1.8283
Total_loss	: nan
Ent Loss	: nan
Src_cls_loss	: nan
Neighbors Clustering 	: nan
-------------------------------------
[Epoch : 14/20]
Pr_Src_cls_loss	: 1.8283
Total_loss	: nan
Ent Loss	: nan
Src_cls_loss	: nan
Neighbors Clustering 	: nan
-------------------------------------
[Epoch : 15/20]
Pr_Src_cls_loss	: 1.8283
Total_loss	: nan
Ent Loss	: nan
Src_cls_loss	: nan
Neighbors Clustering 	: nan
-------------------------------------
[Epoch : 16/20]
Pr_Src_cls_loss	: 1.8283
Total_loss	: nan
Ent Loss	: nan
Src_cls_loss	: nan
Neighbors Clustering 	: nan
-------------------------------------
[Epoch : 17/20]
Pr_Src_cls_loss	: 1.8283
Total_loss	: nan
Ent Loss	: nan
Src_cls_loss	: nan
Neighbors Clustering 	: nan
-------------------------------------
[Epoch : 18/20]
Pr_Src_cls_loss	: 1.8283
Total_loss	: nan
Ent Loss	: nan
Src_cls_loss	: nan
Neighbors Clustering 	: nan
-------------------------------------
[Epoch : 19/20]
Pr_Src_cls_loss	: 1.8283
Total_loss	: nan
Ent Loss	: nan
Src_cls_loss	: nan
Neighbors Clustering 	: nan
-------------------------------------
[Epoch : 20/20]
Pr_Src_cls_loss	: 1.8283
Total_loss	: nan
Ent Loss	: nan
Src_cls_loss	: nan
Neighbors Clustering 	: nan
-------------------------------------
/mnt/data/home/tp2474/OpenSet-AdaTime/algorithms/algorithms.py:870: UserWarning: Implicit dimension choice for softmax has been deprecated. Change the call to include dim=X as an argument.
  predictions = F.softmax(self.classifier(features))
/mnt/data/home/tp2474/OpenSet-AdaTime/trainers/abstract_trainer.py:331: FutureWarning: The behavior of DataFrame concatenation with empty or all-NA entries is deprecated. In a future version, this will no longer exclude empty or all-NA columns when determining the result dtypes. To retain the old behavior, exclude the relevant entries before the concat operation.
  table = pd.concat([table, results_df], ignore_index=True)
H_score: 0.0000, OS* (acc_c): 0.0000, UNK (acc_p): 0.0000, acc_mix: 0.0000, F1: 0.0000
Uploading logs from: /mnt/data/home/tp2474/OpenSet-AdaTime/experiments_logs/curriculum/RealWorld to Pamap2_UniDA_hard_n4_fno_mean/DANCE_UniDA_hard_n4_fno_mean/RealWorld_to_Pamap2_run_0
🏃 View run DANCE_run_0 at: http://127.0.0.1:5001/#/experiments/184677581363591778/runs/654e33b7d50c4bb9896af9082aaacdb3
🧪 View experiment at: http://127.0.0.1:5001/#/experiments/184677581363591778
=============================================
Dataset: RealWorld to Pamap2_UniDA_hard_n4_fno_mean
Method:  DANCE
=============================================
Source: RealWorld ---> Target: Pamap2
Run ID: 1
=============================================
[Pr Epoch : 1/20]
Pr_Src_cls_loss	: 1.8891
-------------------------------------
[Pr Epoch : 2/20]
Pr_Src_cls_loss	: 1.8692
-------------------------------------
[Pr Epoch : 3/20]
Pr_Src_cls_loss	: 1.8597
-------------------------------------
[Pr Epoch : 4/20]
Pr_Src_cls_loss	: 1.8540
-------------------------------------
[Pr Epoch : 5/20]
Pr_Src_cls_loss	: 1.8499
-------------------------------------
[Pr Epoch : 6/20]
Pr_Src_cls_loss	: 1.8468
-------------------------------------
[Pr Epoch : 7/20]
Pr_Src_cls_loss	: 1.8444
-------------------------------------
[Pr Epoch : 8/20]
Pr_Src_cls_loss	: 1.8424
-------------------------------------
[Pr Epoch : 9/20]
Pr_Src_cls_loss	: 1.8408
-------------------------------------
[Pr Epoch : 10/20]
Pr_Src_cls_loss	: 1.8394
-------------------------------------
[Pr Epoch : 11/20]
Pr_Src_cls_loss	: 1.8382
-------------------------------------
[Pr Epoch : 12/20]
Pr_Src_cls_loss	: 1.8371
-------------------------------------
[Pr Epoch : 13/20]
Pr_Src_cls_loss	: 1.8362
-------------------------------------
[Pr Epoch : 14/20]
Pr_Src_cls_loss	: 1.8354
-------------------------------------
[Pr Epoch : 15/20]
Pr_Src_cls_loss	: 1.8346
-------------------------------------
[Pr Epoch : 16/20]
Pr_Src_cls_loss	: 1.8339
-------------------------------------
[Pr Epoch : 17/20]
Pr_Src_cls_loss	: 1.8332
-------------------------------------
[Pr Epoch : 18/20]
Pr_Src_cls_loss	: 1.8326
-------------------------------------
[Pr Epoch : 19/20]
Pr_Src_cls_loss	: 1.8320
-------------------------------------
[Pr Epoch : 20/20]
Pr_Src_cls_loss	: 1.8315
-------------------------------------
[Epoch : 1/20]
Pr_Src_cls_loss	: 1.8315
Total_loss	: 2.1459
Ent Loss	: -0.1030
Src_cls_loss	: 1.6672
Neighbors Clustering 	: 0.5816
-------------------------------------
[Epoch : 2/20]
Pr_Src_cls_loss	: 1.8315
Total_loss	: 1.9892
Ent Loss	: -0.1021
Src_cls_loss	: 1.5163
Neighbors Clustering 	: 0.5750
-------------------------------------
[Epoch : 3/20]
Pr_Src_cls_loss	: 1.8315
Total_loss	: 1.8395
Ent Loss	: -0.1010
Src_cls_loss	: 1.3782
Neighbors Clustering 	: 0.5623
-------------------------------------
[Epoch : 4/20]
Pr_Src_cls_loss	: 1.8315
Total_loss	: 1.7057
Ent Loss	: -0.0998
Src_cls_loss	: 1.2550
Neighbors Clustering 	: 0.5505
-------------------------------------
[Epoch : 5/20]
Pr_Src_cls_loss	: 1.8315
Total_loss	: 1.5880
Ent Loss	: -0.0987
Src_cls_loss	: 1.1470
Neighbors Clustering 	: 0.5397
-------------------------------------
[Epoch : 6/20]
Pr_Src_cls_loss	: 1.8315
Total_loss	: 1.4851
Ent Loss	: -0.0976
Src_cls_loss	: 1.0524
Neighbors Clustering 	: 0.5303
-------------------------------------
[Epoch : 7/20]
Pr_Src_cls_loss	: 1.8315
Total_loss	: 1.3952
Ent Loss	: -0.0967
Src_cls_loss	: 0.9701
Neighbors Clustering 	: 0.5217
-------------------------------------
[Epoch : 8/20]
Pr_Src_cls_loss	: 1.8315
Total_loss	: 1.3166
Ent Loss	: -0.0959
Src_cls_loss	: 0.8984
Neighbors Clustering 	: 0.5140
-------------------------------------
[Epoch : 9/20]
Pr_Src_cls_loss	: 1.8315
Total_loss	: 1.2474
Ent Loss	: -0.0951
Src_cls_loss	: 0.8353
Neighbors Clustering 	: 0.5072
-------------------------------------
[Epoch : 10/20]
Pr_Src_cls_loss	: 1.8315
Total_loss	: 1.1861
Ent Loss	: -0.0945
Src_cls_loss	: 0.7798
Neighbors Clustering 	: 0.5009
-------------------------------------
[Epoch : 11/20]
Pr_Src_cls_loss	: 1.8315
Total_loss	: 1.1318
Ent Loss	: -0.0940
Src_cls_loss	: 0.7306
Neighbors Clustering 	: 0.4952
-------------------------------------
[Epoch : 12/20]
Pr_Src_cls_loss	: 1.8315
Total_loss	: 1.0836
Ent Loss	: -0.0935
Src_cls_loss	: 0.6869
Neighbors Clustering 	: 0.4901
-------------------------------------
[Epoch : 13/20]
Pr_Src_cls_loss	: 1.8315
Total_loss	: 1.0402
Ent Loss	: -0.0930
Src_cls_loss	: 0.6480
Neighbors Clustering 	: 0.4853
-------------------------------------
[Epoch : 14/20]
Pr_Src_cls_loss	: 1.8315
Total_loss	: 1.0012
Ent Loss	: -0.0926
Src_cls_loss	: 0.6129
Neighbors Clustering 	: 0.4809
-------------------------------------
[Epoch : 15/20]
Pr_Src_cls_loss	: 1.8315
Total_loss	: 0.9659
Ent Loss	: -0.0922
Src_cls_loss	: 0.5813
Neighbors Clustering 	: 0.4768
-------------------------------------
[Epoch : 16/20]
Pr_Src_cls_loss	: 1.8315
Total_loss	: 0.9337
Ent Loss	: -0.0919
Src_cls_loss	: 0.5526
Neighbors Clustering 	: 0.4730
-------------------------------------
[Epoch : 17/20]
Pr_Src_cls_loss	: 1.8315
Total_loss	: 0.9045
Ent Loss	: -0.0916
Src_cls_loss	: 0.5267
Neighbors Clustering 	: 0.4693
-------------------------------------
[Epoch : 18/20]
Pr_Src_cls_loss	: 1.8315
Total_loss	: 0.8777
Ent Loss	: -0.0913
Src_cls_loss	: 0.5031
Neighbors Clustering 	: 0.4659
-------------------------------------
[Epoch : 19/20]
Pr_Src_cls_loss	: 1.8315
Total_loss	: 0.8531
Ent Loss	: -0.0910
Src_cls_loss	: 0.4814
Neighbors Clustering 	: 0.4626
-------------------------------------
[Epoch : 20/20]
Pr_Src_cls_loss	: 1.8315
Total_loss	: 0.8304
Ent Loss	: -0.0907
Src_cls_loss	: 0.4616
Neighbors Clustering 	: 0.4596
-------------------------------------
H_score: 0.0840, OS* (acc_c): 0.0439, UNK (acc_p): 0.9833, acc_mix: 0.6544, F1: 0.5403
Uploading logs from: /mnt/data/home/tp2474/OpenSet-AdaTime/experiments_logs/curriculum/RealWorld to Pamap2_UniDA_hard_n4_fno_mean/DANCE_UniDA_hard_n4_fno_mean/RealWorld_to_Pamap2_run_1
🏃 View run DANCE_run_1 at: http://127.0.0.1:5001/#/experiments/184677581363591778/runs/4d06415ce8354bb894290bc8f5d31349
🧪 View experiment at: http://127.0.0.1:5001/#/experiments/184677581363591778
=============================================
Dataset: RealWorld to Pamap2_UniDA_hard_n4_fno_mean
Method:  DANCE
=============================================
Source: RealWorld ---> Target: Pamap2
Run ID: 2
=============================================
[Pr Epoch : 1/20]
Pr_Src_cls_loss	: 1.8780
-------------------------------------
[Pr Epoch : 2/20]
Pr_Src_cls_loss	: 1.8593
-------------------------------------
[Pr Epoch : 3/20]
Pr_Src_cls_loss	: 1.8502
-------------------------------------
[Pr Epoch : 4/20]
Pr_Src_cls_loss	: 1.8447
-------------------------------------
[Pr Epoch : 5/20]
Pr_Src_cls_loss	: 1.8407
-------------------------------------
[Pr Epoch : 6/20]
Pr_Src_cls_loss	: 1.8377
-------------------------------------
[Pr Epoch : 7/20]
Pr_Src_cls_loss	: 1.8353
-------------------------------------
[Pr Epoch : 8/20]
Pr_Src_cls_loss	: 1.8333
-------------------------------------
[Pr Epoch : 9/20]
Pr_Src_cls_loss	: 1.8315
-------------------------------------
[Pr Epoch : 10/20]
Pr_Src_cls_loss	: 1.8300
-------------------------------------
[Pr Epoch : 11/20]
Pr_Src_cls_loss	: 1.8287
-------------------------------------
[Pr Epoch : 12/20]
Pr_Src_cls_loss	: 1.8275
-------------------------------------
[Pr Epoch : 13/20]
Pr_Src_cls_loss	: 1.8264
-------------------------------------
[Pr Epoch : 14/20]
Pr_Src_cls_loss	: 1.8255
-------------------------------------
[Pr Epoch : 15/20]
Pr_Src_cls_loss	: 1.8246
-------------------------------------
[Pr Epoch : 16/20]
Pr_Src_cls_loss	: 1.8238
-------------------------------------
[Pr Epoch : 17/20]
Pr_Src_cls_loss	: 1.8230
-------------------------------------
[Pr Epoch : 18/20]
Pr_Src_cls_loss	: 1.8223
-------------------------------------
[Pr Epoch : 19/20]
Pr_Src_cls_loss	: 1.8217
-------------------------------------
[Pr Epoch : 20/20]
Pr_Src_cls_loss	: 1.8211
-------------------------------------
[Epoch : 1/20]
Pr_Src_cls_loss	: 1.8211
Total_loss	: 2.1481
Ent Loss	: -0.1030
Src_cls_loss	: 1.6566
Neighbors Clustering 	: 0.5945
-------------------------------------
[Epoch : 2/20]
Pr_Src_cls_loss	: 1.8211
Total_loss	: 1.9853
Ent Loss	: -0.1021
Src_cls_loss	: 1.5084
Neighbors Clustering 	: 0.5790
-------------------------------------
[Epoch : 3/20]
Pr_Src_cls_loss	: 1.8211
Total_loss	: 1.8346
Ent Loss	: -0.1011
Src_cls_loss	: 1.3725
Neighbors Clustering 	: 0.5632
-------------------------------------
[Epoch : 4/20]
Pr_Src_cls_loss	: 1.8211
Total_loss	: 1.7014
Ent Loss	: -0.1000
Src_cls_loss	: 1.2511
Neighbors Clustering 	: 0.5503
-------------------------------------
[Epoch : 5/20]
Pr_Src_cls_loss	: 1.8211
Total_loss	: 1.5846
Ent Loss	: -0.0989
Src_cls_loss	: 1.1441
Neighbors Clustering 	: 0.5394
-------------------------------------
[Epoch : 6/20]
Pr_Src_cls_loss	: 1.8211
Total_loss	: 1.4824
Ent Loss	: -0.0979
Src_cls_loss	: 1.0503
Neighbors Clustering 	: 0.5299
-------------------------------------
[Epoch : 7/20]
Pr_Src_cls_loss	: 1.8211
Total_loss	: 1.3934
Ent Loss	: -0.0969
Src_cls_loss	: 0.9687
Neighbors Clustering 	: 0.5217
-------------------------------------
[Epoch : 8/20]
Pr_Src_cls_loss	: 1.8211
Total_loss	: 1.3155
Ent Loss	: -0.0962
Src_cls_loss	: 0.8973
Neighbors Clustering 	: 0.5144
-------------------------------------
[Epoch : 9/20]
Pr_Src_cls_loss	: 1.8211
Total_loss	: 1.2467
Ent Loss	: -0.0955
Src_cls_loss	: 0.8344
Neighbors Clustering 	: 0.5078
-------------------------------------
[Epoch : 10/20]
Pr_Src_cls_loss	: 1.8211
Total_loss	: 1.1859
Ent Loss	: -0.0948
Src_cls_loss	: 0.7790
Neighbors Clustering 	: 0.5018
-------------------------------------
[Epoch : 11/20]
Pr_Src_cls_loss	: 1.8211
Total_loss	: 1.1320
Ent Loss	: -0.0943
Src_cls_loss	: 0.7301
Neighbors Clustering 	: 0.4962
-------------------------------------
[Epoch : 12/20]
Pr_Src_cls_loss	: 1.8211
Total_loss	: 1.0838
Ent Loss	: -0.0938
Src_cls_loss	: 0.6866
Neighbors Clustering 	: 0.4910
-------------------------------------
[Epoch : 13/20]
Pr_Src_cls_loss	: 1.8211
Total_loss	: 1.0405
Ent Loss	: -0.0934
Src_cls_loss	: 0.6477
Neighbors Clustering 	: 0.4862
-------------------------------------
[Epoch : 14/20]
Pr_Src_cls_loss	: 1.8211
Total_loss	: 1.0015
Ent Loss	: -0.0930
Src_cls_loss	: 0.6128
Neighbors Clustering 	: 0.4817
-------------------------------------
[Epoch : 15/20]
Pr_Src_cls_loss	: 1.8211
Total_loss	: 0.9662
Ent Loss	: -0.0926
Src_cls_loss	: 0.5813
Neighbors Clustering 	: 0.4775
-------------------------------------
[Epoch : 16/20]
Pr_Src_cls_loss	: 1.8211
Total_loss	: 0.9342
Ent Loss	: -0.0923
Src_cls_loss	: 0.5529
Neighbors Clustering 	: 0.4736
-------------------------------------
[Epoch : 17/20]
Pr_Src_cls_loss	: 1.8211
Total_loss	: 0.9049
Ent Loss	: -0.0920
Src_cls_loss	: 0.5269
Neighbors Clustering 	: 0.4700
-------------------------------------
[Epoch : 18/20]
Pr_Src_cls_loss	: 1.8211
Total_loss	: 0.8783
Ent Loss	: -0.0917
Src_cls_loss	: 0.5034
Neighbors Clustering 	: 0.4666
-------------------------------------
[Epoch : 19/20]
Pr_Src_cls_loss	: 1.8211
Total_loss	: 0.8538
Ent Loss	: -0.0914
Src_cls_loss	: 0.4818
Neighbors Clustering 	: 0.4634
-------------------------------------
[Epoch : 20/20]
Pr_Src_cls_loss	: 1.8211
Total_loss	: 0.8311
Ent Loss	: -0.0911
Src_cls_loss	: 0.4619
Neighbors Clustering 	: 0.4603
-------------------------------------
H_score: 0.2201, OS* (acc_c): 0.1241, UNK (acc_p): 0.9709, acc_mix: 0.6744, F1: 0.5820
Uploading logs from: /mnt/data/home/tp2474/OpenSet-AdaTime/experiments_logs/curriculum/RealWorld to Pamap2_UniDA_hard_n4_fno_mean/DANCE_UniDA_hard_n4_fno_mean/RealWorld_to_Pamap2_run_2
🏃 View run DANCE_run_2 at: http://127.0.0.1:5001/#/experiments/184677581363591778/runs/528cc9b514694e0d9f45cb164fb1a698
🧪 View experiment at: http://127.0.0.1:5001/#/experiments/184677581363591778
=============================================
Dataset: RealWorld to Pamap2_UniDA_hard_n4_fno_mean
Method:  DANCE
=============================================
Source: RealWorld ---> Target: Pamap2
Run ID: 3
=============================================
[Pr Epoch : 1/20]
Pr_Src_cls_loss	: 1.8863
-------------------------------------
[Pr Epoch : 2/20]
Pr_Src_cls_loss	: 1.8674
-------------------------------------
[Pr Epoch : 3/20]
Pr_Src_cls_loss	: 1.8585
-------------------------------------
[Pr Epoch : 4/20]
Pr_Src_cls_loss	: 1.8533
-------------------------------------
[Pr Epoch : 5/20]
Pr_Src_cls_loss	: 1.8497
-------------------------------------
[Pr Epoch : 6/20]
Pr_Src_cls_loss	: 1.8470
-------------------------------------
[Pr Epoch : 7/20]
Pr_Src_cls_loss	: 1.8450
-------------------------------------
[Pr Epoch : 8/20]
Pr_Src_cls_loss	: 1.8434
-------------------------------------
[Pr Epoch : 9/20]
Pr_Src_cls_loss	: 1.8419
-------------------------------------
[Pr Epoch : 10/20]
Pr_Src_cls_loss	: 1.8407
-------------------------------------
[Pr Epoch : 11/20]
Pr_Src_cls_loss	: 1.8396
-------------------------------------
[Pr Epoch : 12/20]
Pr_Src_cls_loss	: 1.8385
-------------------------------------
[Pr Epoch : 13/20]
Pr_Src_cls_loss	: 1.8376
-------------------------------------
[Pr Epoch : 14/20]
Pr_Src_cls_loss	: 1.8368
-------------------------------------
[Pr Epoch : 15/20]
Pr_Src_cls_loss	: 1.8360
-------------------------------------
[Pr Epoch : 16/20]
Pr_Src_cls_loss	: 1.8353
-------------------------------------
[Pr Epoch : 17/20]
Pr_Src_cls_loss	: 1.8347
-------------------------------------
[Pr Epoch : 18/20]
Pr_Src_cls_loss	: 1.8341
-------------------------------------
[Pr Epoch : 19/20]
Pr_Src_cls_loss	: 1.8335
-------------------------------------
[Pr Epoch : 20/20]
Pr_Src_cls_loss	: 1.8330
-------------------------------------
[Epoch : 1/20]
Pr_Src_cls_loss	: 1.8330
Total_loss	: 2.1692
Ent Loss	: -0.1030
Src_cls_loss	: 1.6698
Neighbors Clustering 	: 0.6023
-------------------------------------
[Epoch : 2/20]
Pr_Src_cls_loss	: 1.8330
Total_loss	: 2.0067
Ent Loss	: -0.1021
Src_cls_loss	: 1.5199
Neighbors Clustering 	: 0.5889
-------------------------------------
[Epoch : 3/20]
Pr_Src_cls_loss	: 1.8330
Total_loss	: 1.8547
Ent Loss	: -0.1010
Src_cls_loss	: 1.3817
Neighbors Clustering 	: 0.5739
-------------------------------------
[Epoch : 4/20]
Pr_Src_cls_loss	: 1.8330
Total_loss	: 1.7186
Ent Loss	: -0.1000
Src_cls_loss	: 1.2582
Neighbors Clustering 	: 0.5604
-------------------------------------
[Epoch : 5/20]
Pr_Src_cls_loss	: 1.8330
Total_loss	: 1.6005
Ent Loss	: -0.0990
Src_cls_loss	: 1.1501
Neighbors Clustering 	: 0.5494
-------------------------------------
[Epoch : 6/20]
Pr_Src_cls_loss	: 1.8330
Total_loss	: 1.4968
Ent Loss	: -0.0981
Src_cls_loss	: 1.0555
Neighbors Clustering 	: 0.5393
-------------------------------------
[Epoch : 7/20]
Pr_Src_cls_loss	: 1.8330
Total_loss	: 1.4065
Ent Loss	: -0.0973
Src_cls_loss	: 0.9732
Neighbors Clustering 	: 0.5306
-------------------------------------
[Epoch : 8/20]
Pr_Src_cls_loss	: 1.8330
Total_loss	: 1.3275
Ent Loss	: -0.0966
Src_cls_loss	: 0.9012
Neighbors Clustering 	: 0.5228
-------------------------------------
[Epoch : 9/20]
Pr_Src_cls_loss	: 1.8330
Total_loss	: 1.2584
Ent Loss	: -0.0959
Src_cls_loss	: 0.8384
Neighbors Clustering 	: 0.5159
-------------------------------------
[Epoch : 10/20]
Pr_Src_cls_loss	: 1.8330
Total_loss	: 1.1976
Ent Loss	: -0.0953
Src_cls_loss	: 0.7830
Neighbors Clustering 	: 0.5099
-------------------------------------
[Epoch : 11/20]
Pr_Src_cls_loss	: 1.8330
Total_loss	: 1.1435
Ent Loss	: -0.0947
Src_cls_loss	: 0.7340
Neighbors Clustering 	: 0.5042
-------------------------------------
[Epoch : 12/20]
Pr_Src_cls_loss	: 1.8330
Total_loss	: 1.0952
Ent Loss	: -0.0942
Src_cls_loss	: 0.6904
Neighbors Clustering 	: 0.4990
-------------------------------------
[Epoch : 13/20]
Pr_Src_cls_loss	: 1.8330
Total_loss	: 1.0519
Ent Loss	: -0.0938
Src_cls_loss	: 0.6515
Neighbors Clustering 	: 0.4941
-------------------------------------
[Epoch : 14/20]
Pr_Src_cls_loss	: 1.8330
Total_loss	: 1.0130
Ent Loss	: -0.0933
Src_cls_loss	: 0.6168
Neighbors Clustering 	: 0.4896
-------------------------------------
[Epoch : 15/20]
Pr_Src_cls_loss	: 1.8330
Total_loss	: 0.9776
Ent Loss	: -0.0930
Src_cls_loss	: 0.5853
Neighbors Clustering 	: 0.4852
-------------------------------------
[Epoch : 16/20]
Pr_Src_cls_loss	: 1.8330
Total_loss	: 0.9454
Ent Loss	: -0.0926
Src_cls_loss	: 0.5568
Neighbors Clustering 	: 0.4812
-------------------------------------
[Epoch : 17/20]
Pr_Src_cls_loss	: 1.8330
Total_loss	: 0.9161
Ent Loss	: -0.0923
Src_cls_loss	: 0.5309
Neighbors Clustering 	: 0.4775
-------------------------------------
[Epoch : 18/20]
Pr_Src_cls_loss	: 1.8330
Total_loss	: 0.8893
Ent Loss	: -0.0920
Src_cls_loss	: 0.5074
Neighbors Clustering 	: 0.4739
-------------------------------------
[Epoch : 19/20]
Pr_Src_cls_loss	: 1.8330
Total_loss	: 0.8645
Ent Loss	: -0.0917
Src_cls_loss	: 0.4859
Neighbors Clustering 	: 0.4704
-------------------------------------
[Epoch : 20/20]
Pr_Src_cls_loss	: 1.8330
Total_loss	: 0.8417
Ent Loss	: -0.0915
Src_cls_loss	: 0.4661
Neighbors Clustering 	: 0.4671
-------------------------------------
H_score: 0.0355, OS* (acc_c): 0.0181, UNK (acc_p): 0.9697, acc_mix: 0.6365, F1: 0.5165
Uploading logs from: /mnt/data/home/tp2474/OpenSet-AdaTime/experiments_logs/curriculum/RealWorld to Pamap2_UniDA_hard_n4_fno_mean/DANCE_UniDA_hard_n4_fno_mean/RealWorld_to_Pamap2_run_3
🏃 View run DANCE_run_3 at: http://127.0.0.1:5001/#/experiments/184677581363591778/runs/78ce6981c2e94e8594998397c397d42b
🧪 View experiment at: http://127.0.0.1:5001/#/experiments/184677581363591778
=============================================
Dataset: RealWorld to Pamap2_UniDA_hard_n4_fno_mean
Method:  DANCE
=============================================
Source: RealWorld ---> Target: Pamap2
Run ID: 4
=============================================
[Pr Epoch : 1/20]
Pr_Src_cls_loss	: 1.8694
-------------------------------------
[Pr Epoch : 2/20]
Pr_Src_cls_loss	: 1.8500
-------------------------------------
[Pr Epoch : 3/20]
Pr_Src_cls_loss	: 1.8410
-------------------------------------
[Pr Epoch : 4/20]
Pr_Src_cls_loss	: 1.8356
-------------------------------------
[Pr Epoch : 5/20]
Pr_Src_cls_loss	: 1.8320
-------------------------------------
[Pr Epoch : 6/20]
Pr_Src_cls_loss	: 1.8293
-------------------------------------
[Pr Epoch : 7/20]
Pr_Src_cls_loss	: 1.8271
-------------------------------------
[Pr Epoch : 8/20]
Pr_Src_cls_loss	: 1.8254
-------------------------------------
[Pr Epoch : 9/20]
Pr_Src_cls_loss	: 1.8239
-------------------------------------
[Pr Epoch : 10/20]
Pr_Src_cls_loss	: 1.8225
-------------------------------------
[Pr Epoch : 11/20]
Pr_Src_cls_loss	: 1.8213
-------------------------------------
[Pr Epoch : 12/20]
Pr_Src_cls_loss	: 1.8203
-------------------------------------
[Pr Epoch : 13/20]
Pr_Src_cls_loss	: 1.8193
-------------------------------------
[Pr Epoch : 14/20]
Pr_Src_cls_loss	: 1.8184
-------------------------------------
[Pr Epoch : 15/20]
Pr_Src_cls_loss	: 1.8176
-------------------------------------
[Pr Epoch : 16/20]
Pr_Src_cls_loss	: 1.8169
-------------------------------------
[Pr Epoch : 17/20]
Pr_Src_cls_loss	: 1.8163
-------------------------------------
[Pr Epoch : 18/20]
Pr_Src_cls_loss	: 1.8156
-------------------------------------
[Pr Epoch : 19/20]
Pr_Src_cls_loss	: 1.8151
-------------------------------------
[Pr Epoch : 20/20]
Pr_Src_cls_loss	: 1.8145
-------------------------------------
[Epoch : 1/20]
Pr_Src_cls_loss	: 1.8145
Total_loss	: 2.1216
Ent Loss	: -0.1029
Src_cls_loss	: 1.6506
Neighbors Clustering 	: 0.5740
-------------------------------------
[Epoch : 2/20]
Pr_Src_cls_loss	: 1.8145
Total_loss	: 1.9576
Ent Loss	: -0.1021
Src_cls_loss	: 1.5028
Neighbors Clustering 	: 0.5569
-------------------------------------
[Epoch : 3/20]
Pr_Src_cls_loss	: 1.8145
Total_loss	: 1.8070
Ent Loss	: -0.1011
Src_cls_loss	: 1.3669
Neighbors Clustering 	: 0.5413
-------------------------------------
[Epoch : 4/20]
Pr_Src_cls_loss	: 1.8145
Total_loss	: 1.6742
Ent Loss	: -0.1000
Src_cls_loss	: 1.2455
Neighbors Clustering 	: 0.5288
-------------------------------------
[Epoch : 5/20]
Pr_Src_cls_loss	: 1.8145
Total_loss	: 1.5585
Ent Loss	: -0.0989
Src_cls_loss	: 1.1389
Neighbors Clustering 	: 0.5185
-------------------------------------
[Epoch : 6/20]
Pr_Src_cls_loss	: 1.8145
Total_loss	: 1.4579
Ent Loss	: -0.0978
Src_cls_loss	: 1.0459
Neighbors Clustering 	: 0.5098
-------------------------------------
[Epoch : 7/20]
Pr_Src_cls_loss	: 1.8145
Total_loss	: 1.3698
Ent Loss	: -0.0970
Src_cls_loss	: 0.9648
Neighbors Clustering 	: 0.5020
-------------------------------------
[Epoch : 8/20]
Pr_Src_cls_loss	: 1.8145
Total_loss	: 1.2927
Ent Loss	: -0.0962
Src_cls_loss	: 0.8937
Neighbors Clustering 	: 0.4952
-------------------------------------
[Epoch : 9/20]
Pr_Src_cls_loss	: 1.8145
Total_loss	: 1.2247
Ent Loss	: -0.0956
Src_cls_loss	: 0.8314
Neighbors Clustering 	: 0.4888
-------------------------------------
[Epoch : 10/20]
Pr_Src_cls_loss	: 1.8145
Total_loss	: 1.1645
Ent Loss	: -0.0950
Src_cls_loss	: 0.7766
Neighbors Clustering 	: 0.4829
-------------------------------------
[Epoch : 11/20]
Pr_Src_cls_loss	: 1.8145
Total_loss	: 1.1112
Ent Loss	: -0.0945
Src_cls_loss	: 0.7280
Neighbors Clustering 	: 0.4778
-------------------------------------
[Epoch : 12/20]
Pr_Src_cls_loss	: 1.8145
Total_loss	: 1.0638
Ent Loss	: -0.0941
Src_cls_loss	: 0.6848
Neighbors Clustering 	: 0.4730
-------------------------------------
[Epoch : 13/20]
Pr_Src_cls_loss	: 1.8145
Total_loss	: 1.0211
Ent Loss	: -0.0937
Src_cls_loss	: 0.6460
Neighbors Clustering 	: 0.4687
-------------------------------------
[Epoch : 14/20]
Pr_Src_cls_loss	: 1.8145
Total_loss	: 0.9826
Ent Loss	: -0.0933
Src_cls_loss	: 0.6112
Neighbors Clustering 	: 0.4647
-------------------------------------
[Epoch : 15/20]
Pr_Src_cls_loss	: 1.8145
Total_loss	: 0.9480
Ent Loss	: -0.0930
Src_cls_loss	: 0.5799
Neighbors Clustering 	: 0.4611
-------------------------------------
[Epoch : 16/20]
Pr_Src_cls_loss	: 1.8145
Total_loss	: 0.9166
Ent Loss	: -0.0926
Src_cls_loss	: 0.5515
Neighbors Clustering 	: 0.4578
-------------------------------------
[Epoch : 17/20]
Pr_Src_cls_loss	: 1.8145
Total_loss	: nan
Ent Loss	: nan
Src_cls_loss	: nan
Neighbors Clustering 	: nan
-------------------------------------
[Epoch : 18/20]
Pr_Src_cls_loss	: 1.8145
Total_loss	: nan
Ent Loss	: nan
Src_cls_loss	: nan
Neighbors Clustering 	: nan
-------------------------------------
[Epoch : 19/20]
Pr_Src_cls_loss	: 1.8145
Total_loss	: nan
Ent Loss	: nan
Src_cls_loss	: nan
Neighbors Clustering 	: nan
-------------------------------------
[Epoch : 20/20]
Pr_Src_cls_loss	: 1.8145
Total_loss	: nan
Ent Loss	: nan
Src_cls_loss	: nan
Neighbors Clustering 	: nan
-------------------------------------
H_score: 0.0000, OS* (acc_c): 0.0000, UNK (acc_p): 0.0000, acc_mix: 0.0000, F1: 0.0000
Uploading logs from: /mnt/data/home/tp2474/OpenSet-AdaTime/experiments_logs/curriculum/RealWorld to Pamap2_UniDA_hard_n4_fno_mean/DANCE_UniDA_hard_n4_fno_mean/RealWorld_to_Pamap2_run_4
🏃 View run DANCE_run_4 at: http://127.0.0.1:5001/#/experiments/184677581363591778/runs/c38f542f7660432fbb613d4465d02f28
🧪 View experiment at: http://127.0.0.1:5001/#/experiments/184677581363591778
==================== [n4 fno_mean] PPOT ====================
[curriculum] scenario=UniDA  strategy=hard  n_unknown=4  rank_variant=fno_mean
[curriculum] source mapping (8 classes): {'lying': 'lying', 'sitting': 'sitting', 'walking': 'walking', 'running': 'running', 'climbingup': 'climbingup', 'jumping': 'jumping', 'climbingdown': 'climbingdown', 'standing': 'standing'}
[curriculum] target mapping (8 classes): {'lying': 'lying', 'sitting': 'sitting', 'walking': 'walking', 'running': 'running', 'other (transient activities)': 'other (transient activities)', 'ascending stairs': 'ascending stairs', 'descending stairs': 'descending stairs', 'vacuum cleaning': 'vacuum cleaning'}
[curriculum] unknowns added (in hard order): src=[climbingup,jumping,climbingdown,standing] | trg=[other (transient activities),ascending stairs,descending stairs,vacuum cleaning]
[scenario] PPOT -> UniDA (uniDA=True)
Unlabeled data shape:  (13598, 150, 18)
Unlabelled Combined shape: (22651, 150, 18)

--- Dataloader Size Check ---
Source Train batches:   467
Target Train batches:   212
-------------------------------

Private classes:  tensor([ 8.,  9., 10., 11.])
=============================================
Dataset: RealWorld to Pamap2_UniDA_hard_n4_fno_mean
Method:  PPOT
=============================================
Source: RealWorld ---> Target: Pamap2
Run ID: 0
=============================================
[Pr Epoch : 1/20]
Pr_Src_cls_loss	: 1.8916
-------------------------------------
[Pr Epoch : 2/20]
Pr_Src_cls_loss	: 1.7966
-------------------------------------
[Pr Epoch : 3/20]
Pr_Src_cls_loss	: 1.7118
-------------------------------------
[Pr Epoch : 4/20]
Pr_Src_cls_loss	: 1.6334
-------------------------------------
[Pr Epoch : 5/20]
Pr_Src_cls_loss	: 1.5603
-------------------------------------
[Pr Epoch : 6/20]
Pr_Src_cls_loss	: 1.4918
-------------------------------------
[Pr Epoch : 7/20]
Pr_Src_cls_loss	: 1.4275
-------------------------------------
[Pr Epoch : 8/20]
Pr_Src_cls_loss	: 1.3674
-------------------------------------
[Pr Epoch : 9/20]
Pr_Src_cls_loss	: 1.3109
-------------------------------------
[Pr Epoch : 10/20]
Pr_Src_cls_loss	: 1.2581
-------------------------------------
[Pr Epoch : 11/20]
Pr_Src_cls_loss	: 1.2083
-------------------------------------
[Pr Epoch : 12/20]
Pr_Src_cls_loss	: 1.1617
-------------------------------------
[Pr Epoch : 13/20]
Pr_Src_cls_loss	: 1.1179
-------------------------------------
[Pr Epoch : 14/20]
Pr_Src_cls_loss	: 1.0766
-------------------------------------
[Pr Epoch : 15/20]
Pr_Src_cls_loss	: 1.0378
-------------------------------------
[Pr Epoch : 16/20]
Pr_Src_cls_loss	: 1.0012
-------------------------------------
[Pr Epoch : 17/20]
Pr_Src_cls_loss	: 0.9668
-------------------------------------
[Pr Epoch : 18/20]
Pr_Src_cls_loss	: 0.9344
-------------------------------------
[Pr Epoch : 19/20]
Pr_Src_cls_loss	: 0.9037
-------------------------------------
[Pr Epoch : 20/20]
Pr_Src_cls_loss	: 0.8747
-------------------------------------
[Epoch : 1/20]
Pr_Src_cls_loss	: 0.8747
Total_loss	: -1.0867
OT Loss	: 0.2359
Entropic Loss	: -1.6332
Src_cls_loss	: 0.1926
-------------------------------------
[Epoch : 2/20]
Pr_Src_cls_loss	: 0.8747
Total_loss	: -0.9863
OT Loss	: 0.2599
Entropic Loss	: -1.6236
Src_cls_loss	: 0.2474
-------------------------------------
[Epoch : 3/20]
Pr_Src_cls_loss	: 0.8747
Total_loss	: -0.9940
OT Loss	: 0.2608
Entropic Loss	: -1.6213
Src_cls_loss	: 0.2360
-------------------------------------
[Epoch : 4/20]
Pr_Src_cls_loss	: 0.8747
Total_loss	: -0.9925
OT Loss	: 0.2533
Entropic Loss	: -1.6040
Src_cls_loss	: 0.2316
-------------------------------------
[Epoch : 5/20]
Pr_Src_cls_loss	: 0.8747
Total_loss	: -1.0310
OT Loss	: 0.2547
Entropic Loss	: -1.6490
Src_cls_loss	: 0.2361
-------------------------------------
[Epoch : 6/20]
Pr_Src_cls_loss	: 0.8747
Total_loss	: -1.0707
OT Loss	: 0.2521
Entropic Loss	: -1.6914
Src_cls_loss	: 0.2426
-------------------------------------
[Epoch : 7/20]
Pr_Src_cls_loss	: 0.8747
Total_loss	: -1.0716
OT Loss	: 0.2528
Entropic Loss	: -1.6965
Src_cls_loss	: 0.2457
-------------------------------------
[Epoch : 8/20]
Pr_Src_cls_loss	: 0.8747
Total_loss	: -1.1055
OT Loss	: 0.2495
Entropic Loss	: -1.7169
Src_cls_loss	: 0.2371
-------------------------------------
[Epoch : 9/20]
Pr_Src_cls_loss	: 0.8747
Total_loss	: -1.1328
OT Loss	: 0.2470
Entropic Loss	: -1.7348
Src_cls_loss	: 0.2315
-------------------------------------
[Epoch : 10/20]
Pr_Src_cls_loss	: 0.8747
Total_loss	: -1.1479
OT Loss	: 0.2460
Entropic Loss	: -1.7452
Src_cls_loss	: 0.2283
-------------------------------------
[Epoch : 11/20]
Pr_Src_cls_loss	: 0.8747
Total_loss	: -1.1449
OT Loss	: 0.2452
Entropic Loss	: -1.7320
Src_cls_loss	: 0.2194
-------------------------------------
[Epoch : 12/20]
Pr_Src_cls_loss	: 0.8747
Total_loss	: -1.1566
OT Loss	: 0.2464
Entropic Loss	: -1.7418
Src_cls_loss	: 0.2156
-------------------------------------
[Epoch : 13/20]
Pr_Src_cls_loss	: 0.8747
Total_loss	: -1.1741
OT Loss	: 0.2452
Entropic Loss	: -1.7541
Src_cls_loss	: 0.2122
-------------------------------------
[Epoch : 14/20]
Pr_Src_cls_loss	: 0.8747
Total_loss	: -1.1692
OT Loss	: 0.2475
Entropic Loss	: -1.7516
Src_cls_loss	: 0.2112
-------------------------------------
[Epoch : 15/20]
Pr_Src_cls_loss	: 0.8747
Total_loss	: -1.1871
OT Loss	: 0.2468
Entropic Loss	: -1.7675
Src_cls_loss	: 0.2102
-------------------------------------
[Epoch : 16/20]
Pr_Src_cls_loss	: 0.8747
Total_loss	: -1.1902
OT Loss	: 0.2467
Entropic Loss	: -1.7658
Src_cls_loss	: 0.2056
-------------------------------------
[Epoch : 17/20]
Pr_Src_cls_loss	: 0.8747
Total_loss	: -1.2038
OT Loss	: 0.2486
Entropic Loss	: -1.7755
Src_cls_loss	: 0.1989
-------------------------------------
[Epoch : 18/20]
Pr_Src_cls_loss	: 0.8747
Total_loss	: -1.2033
OT Loss	: 0.2508
Entropic Loss	: -1.7763
Src_cls_loss	: 0.1968
-------------------------------------
[Epoch : 19/20]
Pr_Src_cls_loss	: 0.8747
Total_loss	: -1.2110
OT Loss	: 0.2525
Entropic Loss	: -1.7843
Src_cls_loss	: 0.1946
-------------------------------------
[Epoch : 20/20]
Pr_Src_cls_loss	: 0.8747
Total_loss	: -1.2126
OT Loss	: 0.2512
Entropic Loss	: -1.7816
Src_cls_loss	: 0.1923
-------------------------------------
/mnt/data/home/tp2474/OpenSet-AdaTime/trainers/abstract_trainer.py:331: FutureWarning: The behavior of DataFrame concatenation with empty or all-NA entries is deprecated. In a future version, this will no longer exclude empty or all-NA columns when determining the result dtypes. To retain the old behavior, exclude the relevant entries before the concat operation.
  table = pd.concat([table, results_df], ignore_index=True)
H_score: 0.5330, OS* (acc_c): 0.4308, UNK (acc_p): 0.6988, acc_mix: 0.6049, F1: 0.6675
Uploading logs from: /mnt/data/home/tp2474/OpenSet-AdaTime/experiments_logs/curriculum/RealWorld to Pamap2_UniDA_hard_n4_fno_mean/PPOT_UniDA_hard_n4_fno_mean/RealWorld_to_Pamap2_run_0
🏃 View run PPOT_run_0 at: http://127.0.0.1:5001/#/experiments/184677581363591778/runs/bebd55fd93df492cbf69f0034310334d
🧪 View experiment at: http://127.0.0.1:5001/#/experiments/184677581363591778
=============================================
Dataset: RealWorld to Pamap2_UniDA_hard_n4_fno_mean
Method:  PPOT
=============================================
Source: RealWorld ---> Target: Pamap2
Run ID: 1
=============================================
[Pr Epoch : 1/20]
Pr_Src_cls_loss	: 1.9050
-------------------------------------
[Pr Epoch : 2/20]
Pr_Src_cls_loss	: 1.8107
-------------------------------------
[Pr Epoch : 3/20]
Pr_Src_cls_loss	: 1.7261
-------------------------------------
[Pr Epoch : 4/20]
Pr_Src_cls_loss	: 1.6478
-------------------------------------
[Pr Epoch : 5/20]
Pr_Src_cls_loss	: 1.5749
-------------------------------------
[Pr Epoch : 6/20]
Pr_Src_cls_loss	: 1.5064
-------------------------------------
[Pr Epoch : 7/20]
Pr_Src_cls_loss	: 1.4420
-------------------------------------
[Pr Epoch : 8/20]
Pr_Src_cls_loss	: 1.3817
-------------------------------------
[Pr Epoch : 9/20]
Pr_Src_cls_loss	: 1.3250
-------------------------------------
[Pr Epoch : 10/20]
Pr_Src_cls_loss	: 1.2717
-------------------------------------
[Pr Epoch : 11/20]
Pr_Src_cls_loss	: 1.2216
-------------------------------------
[Pr Epoch : 12/20]
Pr_Src_cls_loss	: 1.1744
-------------------------------------
[Pr Epoch : 13/20]
Pr_Src_cls_loss	: 1.1298
-------------------------------------
[Pr Epoch : 14/20]
Pr_Src_cls_loss	: 1.0880
-------------------------------------
[Pr Epoch : 15/20]
Pr_Src_cls_loss	: 1.0485
-------------------------------------
[Pr Epoch : 16/20]
Pr_Src_cls_loss	: 1.0113
-------------------------------------
[Pr Epoch : 17/20]
Pr_Src_cls_loss	: 0.9763
-------------------------------------
[Pr Epoch : 18/20]
Pr_Src_cls_loss	: 0.9433
-------------------------------------
[Pr Epoch : 19/20]
Pr_Src_cls_loss	: 0.9121
-------------------------------------
[Pr Epoch : 20/20]
Pr_Src_cls_loss	: 0.8827
-------------------------------------
[Epoch : 1/20]
Pr_Src_cls_loss	: 0.8827
Total_loss	: -0.3449
OT Loss	: 0.3552
Entropic Loss	: -1.1438
Src_cls_loss	: 0.2660
-------------------------------------
[Epoch : 2/20]
Pr_Src_cls_loss	: 0.8827
Total_loss	: -0.5431
OT Loss	: 0.3110
Entropic Loss	: -1.2450
Src_cls_loss	: 0.2353
-------------------------------------
[Epoch : 3/20]
Pr_Src_cls_loss	: 0.8827
Total_loss	: -0.5305
OT Loss	: 0.2913
Entropic Loss	: -1.2232
Src_cls_loss	: 0.2558
-------------------------------------
[Epoch : 4/20]
Pr_Src_cls_loss	: 0.8827
Total_loss	: -0.5168
OT Loss	: 0.2645
Entropic Loss	: -1.1834
Src_cls_loss	: 0.2698
-------------------------------------
[Epoch : 5/20]
Pr_Src_cls_loss	: 0.8827
Total_loss	: -0.5280
OT Loss	: 0.2501
Entropic Loss	: -1.1922
Src_cls_loss	: 0.2890
-------------------------------------
[Epoch : 6/20]
Pr_Src_cls_loss	: 0.8827
Total_loss	: -0.5253
OT Loss	: 0.2335
Entropic Loss	: -1.1709
Src_cls_loss	: 0.2954
-------------------------------------
[Epoch : 7/20]
Pr_Src_cls_loss	: 0.8827
Total_loss	: -0.5149
OT Loss	: 0.2255
Entropic Loss	: -1.1372
Src_cls_loss	: 0.2840
-------------------------------------
[Epoch : 8/20]
Pr_Src_cls_loss	: 0.8827
Total_loss	: -0.5248
OT Loss	: 0.2257
Entropic Loss	: -1.1372
Src_cls_loss	: 0.2738
-------------------------------------
[Epoch : 9/20]
Pr_Src_cls_loss	: 0.8827
Total_loss	: -0.5032
OT Loss	: 0.2289
Entropic Loss	: -1.1178
Src_cls_loss	: 0.2713
-------------------------------------
[Epoch : 10/20]
Pr_Src_cls_loss	: 0.8827
Total_loss	: -0.5061
OT Loss	: 0.2296
Entropic Loss	: -1.1091
Src_cls_loss	: 0.2587
-------------------------------------
[Epoch : 11/20]
Pr_Src_cls_loss	: 0.8827
Total_loss	: -0.4385
OT Loss	: 0.2379
Entropic Loss	: -1.0480
Src_cls_loss	: 0.2527
-------------------------------------
[Epoch : 12/20]
Pr_Src_cls_loss	: 0.8827
Total_loss	: -0.4561
OT Loss	: 0.2421
Entropic Loss	: -1.0623
Src_cls_loss	: 0.2431
-------------------------------------
[Epoch : 13/20]
Pr_Src_cls_loss	: 0.8827
Total_loss	: -0.4958
OT Loss	: 0.2393
Entropic Loss	: -1.0906
Src_cls_loss	: 0.2359
-------------------------------------
[Epoch : 14/20]
Pr_Src_cls_loss	: 0.8827
Total_loss	: -0.5262
OT Loss	: 0.2393
Entropic Loss	: -1.1221
Src_cls_loss	: 0.2369
-------------------------------------
[Epoch : 15/20]
Pr_Src_cls_loss	: 0.8827
Total_loss	: -0.5460
OT Loss	: 0.2388
Entropic Loss	: -1.1351
Src_cls_loss	: 0.2309
-------------------------------------
[Epoch : 16/20]
Pr_Src_cls_loss	: 0.8827
Total_loss	: -0.5690
OT Loss	: 0.2430
Entropic Loss	: -1.1603
Src_cls_loss	: 0.2268
-------------------------------------
[Epoch : 17/20]
Pr_Src_cls_loss	: 0.8827
Total_loss	: -0.5814
OT Loss	: 0.2454
Entropic Loss	: -1.1738
Src_cls_loss	: 0.2242
-------------------------------------
[Epoch : 18/20]
Pr_Src_cls_loss	: 0.8827
Total_loss	: -0.5883
OT Loss	: 0.2486
Entropic Loss	: -1.1801
Src_cls_loss	: 0.2190
-------------------------------------
[Epoch : 19/20]
Pr_Src_cls_loss	: 0.8827
Total_loss	: -0.5949
OT Loss	: 0.2504
Entropic Loss	: -1.1883
Src_cls_loss	: 0.2178
-------------------------------------
[Epoch : 20/20]
Pr_Src_cls_loss	: 0.8827
Total_loss	: -0.6074
OT Loss	: 0.2514
Entropic Loss	: -1.1965
Src_cls_loss	: 0.2121
-------------------------------------
H_score: 0.4950, OS* (acc_c): 0.3806, UNK (acc_p): 0.7076, acc_mix: 0.5931, F1: 0.6525
Uploading logs from: /mnt/data/home/tp2474/OpenSet-AdaTime/experiments_logs/curriculum/RealWorld to Pamap2_UniDA_hard_n4_fno_mean/PPOT_UniDA_hard_n4_fno_mean/RealWorld_to_Pamap2_run_1
🏃 View run PPOT_run_1 at: http://127.0.0.1:5001/#/experiments/184677581363591778/runs/f0c3a5028197446abab73755b7e8e5d6
🧪 View experiment at: http://127.0.0.1:5001/#/experiments/184677581363591778
=============================================
Dataset: RealWorld to Pamap2_UniDA_hard_n4_fno_mean
Method:  PPOT
=============================================
Source: RealWorld ---> Target: Pamap2
Run ID: 2
=============================================
[Pr Epoch : 1/20]
Pr_Src_cls_loss	: 1.8893
-------------------------------------
[Pr Epoch : 2/20]
Pr_Src_cls_loss	: 1.7963
-------------------------------------
[Pr Epoch : 3/20]
Pr_Src_cls_loss	: 1.7136
-------------------------------------
[Pr Epoch : 4/20]
Pr_Src_cls_loss	: 1.6359
-------------------------------------
[Pr Epoch : 5/20]
Pr_Src_cls_loss	: 1.5632
-------------------------------------
[Pr Epoch : 6/20]
Pr_Src_cls_loss	: 1.4954
-------------------------------------
[Pr Epoch : 7/20]
Pr_Src_cls_loss	: 1.4316
-------------------------------------
[Pr Epoch : 8/20]
Pr_Src_cls_loss	: 1.3720
-------------------------------------
[Pr Epoch : 9/20]
Pr_Src_cls_loss	: 1.3159
-------------------------------------
[Pr Epoch : 10/20]
Pr_Src_cls_loss	: 1.2632
-------------------------------------
[Pr Epoch : 11/20]
Pr_Src_cls_loss	: 1.2137
-------------------------------------
[Pr Epoch : 12/20]
Pr_Src_cls_loss	: 1.1672
-------------------------------------
[Pr Epoch : 13/20]
Pr_Src_cls_loss	: 1.1234
-------------------------------------
[Pr Epoch : 14/20]
Pr_Src_cls_loss	: 1.0821
-------------------------------------
[Pr Epoch : 15/20]
Pr_Src_cls_loss	: 1.0432
-------------------------------------
[Pr Epoch : 16/20]
Pr_Src_cls_loss	: 1.0066
-------------------------------------
[Pr Epoch : 17/20]
Pr_Src_cls_loss	: 0.9720
-------------------------------------
[Pr Epoch : 18/20]
Pr_Src_cls_loss	: 0.9394
-------------------------------------
[Pr Epoch : 19/20]
Pr_Src_cls_loss	: 0.9087
-------------------------------------
[Pr Epoch : 20/20]
Pr_Src_cls_loss	: 0.8795
-------------------------------------
[Epoch : 1/20]
Pr_Src_cls_loss	: 0.8795
Total_loss	: -1.2015
OT Loss	: 0.2261
Entropic Loss	: -1.7235
Src_cls_loss	: 0.1829
-------------------------------------
[Epoch : 2/20]
Pr_Src_cls_loss	: 0.8795
Total_loss	: -1.1144
OT Loss	: 0.2363
Entropic Loss	: -1.6849
Src_cls_loss	: 0.2160
-------------------------------------
[Epoch : 3/20]
Pr_Src_cls_loss	: 0.8795
Total_loss	: -1.0630
OT Loss	: 0.2425
Entropic Loss	: -1.6765
Src_cls_loss	: 0.2497
-------------------------------------
[Epoch : 4/20]
Pr_Src_cls_loss	: 0.8795
Total_loss	: -1.1014
OT Loss	: 0.2341
Entropic Loss	: -1.7009
Src_cls_loss	: 0.2483
-------------------------------------
[Epoch : 5/20]
Pr_Src_cls_loss	: 0.8795
Total_loss	: -1.0695
OT Loss	: 0.2339
Entropic Loss	: -1.6761
Src_cls_loss	: 0.2558
-------------------------------------
[Epoch : 6/20]
Pr_Src_cls_loss	: 0.8795
Total_loss	: -1.0713
OT Loss	: 0.2380
Entropic Loss	: -1.6689
Src_cls_loss	: 0.2407
-------------------------------------
[Epoch : 7/20]
Pr_Src_cls_loss	: 0.8795
Total_loss	: -1.0666
OT Loss	: 0.2388
Entropic Loss	: -1.6622
Src_cls_loss	: 0.2374
-------------------------------------
[Epoch : 8/20]
Pr_Src_cls_loss	: 0.8795
Total_loss	: -1.0336
OT Loss	: 0.2398
Entropic Loss	: -1.6302
Src_cls_loss	: 0.2369
-------------------------------------
[Epoch : 9/20]
Pr_Src_cls_loss	: 0.8795
Total_loss	: -1.0074
OT Loss	: 0.2410
Entropic Loss	: -1.5976
Src_cls_loss	: 0.2287
-------------------------------------
[Epoch : 10/20]
Pr_Src_cls_loss	: 0.8795
Total_loss	: -0.9618
OT Loss	: 0.2400
Entropic Loss	: -1.5504
Src_cls_loss	: 0.2286
-------------------------------------
[Epoch : 11/20]
Pr_Src_cls_loss	: 0.8795
Total_loss	: -0.9544
OT Loss	: 0.2380
Entropic Loss	: -1.5370
Src_cls_loss	: 0.2255
-------------------------------------
[Epoch : 12/20]
Pr_Src_cls_loss	: 0.8795
Total_loss	: -0.9274
OT Loss	: 0.2389
Entropic Loss	: -1.5092
Src_cls_loss	: 0.2234
-------------------------------------
[Epoch : 13/20]
Pr_Src_cls_loss	: 0.8795
Total_loss	: -0.8992
OT Loss	: 0.2384
Entropic Loss	: -1.4788
Src_cls_loss	: 0.2220
-------------------------------------
[Epoch : 14/20]
Pr_Src_cls_loss	: 0.8795
Total_loss	: -0.9029
OT Loss	: 0.2372
Entropic Loss	: -1.4743
Src_cls_loss	: 0.2156
-------------------------------------
[Epoch : 15/20]
Pr_Src_cls_loss	: 0.8795
Total_loss	: -0.8994
OT Loss	: 0.2363
Entropic Loss	: -1.4624
Src_cls_loss	: 0.2085
-------------------------------------
[Epoch : 16/20]
Pr_Src_cls_loss	: 0.8795
Total_loss	: -0.9090
OT Loss	: 0.2357
Entropic Loss	: -1.4676
Src_cls_loss	: 0.2050
-------------------------------------
[Epoch : 17/20]
Pr_Src_cls_loss	: 0.8795
Total_loss	: -0.8999
OT Loss	: 0.2342
Entropic Loss	: -1.4524
Src_cls_loss	: 0.2012
-------------------------------------
[Epoch : 18/20]
Pr_Src_cls_loss	: 0.8795
Total_loss	: -0.9114
OT Loss	: 0.2347
Entropic Loss	: -1.4616
Src_cls_loss	: 0.1981
-------------------------------------
[Epoch : 19/20]
Pr_Src_cls_loss	: 0.8795
Total_loss	: -0.9072
OT Loss	: 0.2341
Entropic Loss	: -1.4577
Src_cls_loss	: 0.1993
-------------------------------------
[Epoch : 20/20]
Pr_Src_cls_loss	: 0.8795
Total_loss	: -0.9066
OT Loss	: 0.2342
Entropic Loss	: -1.4563
Src_cls_loss	: 0.1984
-------------------------------------
H_score: 0.6914, OS* (acc_c): 0.6034, UNK (acc_p): 0.8094, acc_mix: 0.7373, F1: 0.7441
Uploading logs from: /mnt/data/home/tp2474/OpenSet-AdaTime/experiments_logs/curriculum/RealWorld to Pamap2_UniDA_hard_n4_fno_mean/PPOT_UniDA_hard_n4_fno_mean/RealWorld_to_Pamap2_run_2
🏃 View run PPOT_run_2 at: http://127.0.0.1:5001/#/experiments/184677581363591778/runs/00693ecca24042e790cf25c2f4f14246
🧪 View experiment at: http://127.0.0.1:5001/#/experiments/184677581363591778
=============================================
Dataset: RealWorld to Pamap2_UniDA_hard_n4_fno_mean
Method:  PPOT
=============================================
Source: RealWorld ---> Target: Pamap2
Run ID: 3
=============================================
[Pr Epoch : 1/20]
Pr_Src_cls_loss	: 1.9008
-------------------------------------
[Pr Epoch : 2/20]
Pr_Src_cls_loss	: 1.8058
-------------------------------------
[Pr Epoch : 3/20]
Pr_Src_cls_loss	: 1.7220
-------------------------------------
[Pr Epoch : 4/20]
Pr_Src_cls_loss	: 1.6446
-------------------------------------
[Pr Epoch : 5/20]
Pr_Src_cls_loss	: 1.5730
-------------------------------------
[Pr Epoch : 6/20]
Pr_Src_cls_loss	: 1.5054
-------------------------------------
[Pr Epoch : 7/20]
Pr_Src_cls_loss	: 1.4421
-------------------------------------
[Pr Epoch : 8/20]
Pr_Src_cls_loss	: 1.3823
-------------------------------------
[Pr Epoch : 9/20]
Pr_Src_cls_loss	: 1.3261
-------------------------------------
[Pr Epoch : 10/20]
Pr_Src_cls_loss	: 1.2731
-------------------------------------
[Pr Epoch : 11/20]
Pr_Src_cls_loss	: 1.2233
-------------------------------------
[Pr Epoch : 12/20]
Pr_Src_cls_loss	: 1.1764
-------------------------------------
[Pr Epoch : 13/20]
Pr_Src_cls_loss	: 1.1321
-------------------------------------
[Pr Epoch : 14/20]
Pr_Src_cls_loss	: 1.0905
-------------------------------------
[Pr Epoch : 15/20]
Pr_Src_cls_loss	: 1.0511
-------------------------------------
[Pr Epoch : 16/20]
Pr_Src_cls_loss	: 1.0141
-------------------------------------
[Pr Epoch : 17/20]
Pr_Src_cls_loss	: 0.9791
-------------------------------------
[Pr Epoch : 18/20]
Pr_Src_cls_loss	: 0.9462
-------------------------------------
[Pr Epoch : 19/20]
Pr_Src_cls_loss	: 0.9150
-------------------------------------
[Pr Epoch : 20/20]
Pr_Src_cls_loss	: 0.8856
-------------------------------------
[Epoch : 1/20]
Pr_Src_cls_loss	: 0.8856
Total_loss	: -0.8150
OT Loss	: 0.2468
Entropic Loss	: -1.4085
Src_cls_loss	: 0.2234
-------------------------------------
[Epoch : 2/20]
Pr_Src_cls_loss	: 0.8856
Total_loss	: -0.6861
OT Loss	: 0.2576
Entropic Loss	: -1.2930
Src_cls_loss	: 0.2205
-------------------------------------
[Epoch : 3/20]
Pr_Src_cls_loss	: 0.8856
Total_loss	: -0.5678
OT Loss	: 0.2473
Entropic Loss	: -1.2138
Src_cls_loss	: 0.2750
-------------------------------------
[Epoch : 4/20]
Pr_Src_cls_loss	: 0.8856
Total_loss	: -0.5216
OT Loss	: 0.2349
Entropic Loss	: -1.1457
Src_cls_loss	: 0.2717
-------------------------------------
[Epoch : 5/20]
Pr_Src_cls_loss	: 0.8856
Total_loss	: -0.5110
OT Loss	: 0.2233
Entropic Loss	: -1.1355
Src_cls_loss	: 0.2896
-------------------------------------
[Epoch : 6/20]
Pr_Src_cls_loss	: 0.8856
Total_loss	: -0.5763
OT Loss	: 0.2113
Entropic Loss	: -1.1645
Src_cls_loss	: 0.2712
-------------------------------------
[Epoch : 7/20]
Pr_Src_cls_loss	: 0.8856
Total_loss	: -0.5570
OT Loss	: 0.2101
Entropic Loss	: -1.1490
Src_cls_loss	: 0.2769
-------------------------------------
[Epoch : 8/20]
Pr_Src_cls_loss	: 0.8856
Total_loss	: -0.5250
OT Loss	: 0.2158
Entropic Loss	: -1.1205
Src_cls_loss	: 0.2716
-------------------------------------
[Epoch : 9/20]
Pr_Src_cls_loss	: 0.8856
Total_loss	: -0.4737
OT Loss	: 0.2218
Entropic Loss	: -1.0803
Src_cls_loss	: 0.2740
-------------------------------------
[Epoch : 10/20]
Pr_Src_cls_loss	: 0.8856
Total_loss	: -0.4593
OT Loss	: 0.2242
Entropic Loss	: -1.0573
Src_cls_loss	: 0.2616
-------------------------------------
[Epoch : 11/20]
Pr_Src_cls_loss	: 0.8856
Total_loss	: -0.4544
OT Loss	: 0.2287
Entropic Loss	: -1.0531
Src_cls_loss	: 0.2557
-------------------------------------
[Epoch : 12/20]
Pr_Src_cls_loss	: 0.8856
Total_loss	: -0.4587
OT Loss	: 0.2328
Entropic Loss	: -1.0581
Src_cls_loss	: 0.2501
-------------------------------------
[Epoch : 13/20]
Pr_Src_cls_loss	: 0.8856
Total_loss	: -0.4451
OT Loss	: 0.2384
Entropic Loss	: -1.0469
Src_cls_loss	: 0.2441
-------------------------------------
[Epoch : 14/20]
Pr_Src_cls_loss	: 0.8856
Total_loss	: -0.4366
OT Loss	: 0.2436
Entropic Loss	: -1.0409
Src_cls_loss	: 0.2389
-------------------------------------
[Epoch : 15/20]
Pr_Src_cls_loss	: 0.8856
Total_loss	: -0.4219
OT Loss	: 0.2467
Entropic Loss	: -1.0305
Src_cls_loss	: 0.2386
-------------------------------------
[Epoch : 16/20]
Pr_Src_cls_loss	: 0.8856
Total_loss	: -0.4038
OT Loss	: 0.2492
Entropic Loss	: -1.0137
Src_cls_loss	: 0.2361
-------------------------------------
[Epoch : 17/20]
Pr_Src_cls_loss	: 0.8856
Total_loss	: -0.3813
OT Loss	: 0.2529
Entropic Loss	: -0.9972
Src_cls_loss	: 0.2365
-------------------------------------
[Epoch : 18/20]
Pr_Src_cls_loss	: 0.8856
Total_loss	: -0.3603
OT Loss	: 0.2561
Entropic Loss	: -0.9785
Src_cls_loss	: 0.2341
-------------------------------------
[Epoch : 19/20]
Pr_Src_cls_loss	: 0.8856
Total_loss	: -0.3492
OT Loss	: 0.2583
Entropic Loss	: -0.9679
Src_cls_loss	: 0.2314
-------------------------------------
[Epoch : 20/20]
Pr_Src_cls_loss	: 0.8856
Total_loss	: -0.3188
OT Loss	: 0.2625
Entropic Loss	: -0.9467
Src_cls_loss	: 0.2342
-------------------------------------
H_score: 0.5815, OS* (acc_c): 0.4808, UNK (acc_p): 0.7357, acc_mix: 0.6464, F1: 0.6917
Uploading logs from: /mnt/data/home/tp2474/OpenSet-AdaTime/experiments_logs/curriculum/RealWorld to Pamap2_UniDA_hard_n4_fno_mean/PPOT_UniDA_hard_n4_fno_mean/RealWorld_to_Pamap2_run_3
🏃 View run PPOT_run_3 at: http://127.0.0.1:5001/#/experiments/184677581363591778/runs/3d73a0ad0648428e98f91afdf55f5ae2
🧪 View experiment at: http://127.0.0.1:5001/#/experiments/184677581363591778
=============================================
Dataset: RealWorld to Pamap2_UniDA_hard_n4_fno_mean
Method:  PPOT
=============================================
Source: RealWorld ---> Target: Pamap2
Run ID: 4
=============================================
[Pr Epoch : 1/20]
Pr_Src_cls_loss	: 1.8935
-------------------------------------
[Pr Epoch : 2/20]
Pr_Src_cls_loss	: 1.7989
-------------------------------------
[Pr Epoch : 3/20]
Pr_Src_cls_loss	: 1.7141
-------------------------------------
[Pr Epoch : 4/20]
Pr_Src_cls_loss	: 1.6358
-------------------------------------
[Pr Epoch : 5/20]
Pr_Src_cls_loss	: 1.5624
-------------------------------------
[Pr Epoch : 6/20]
Pr_Src_cls_loss	: 1.4938
-------------------------------------
[Pr Epoch : 7/20]
Pr_Src_cls_loss	: 1.4292
-------------------------------------
[Pr Epoch : 8/20]
Pr_Src_cls_loss	: 1.3684
-------------------------------------
[Pr Epoch : 9/20]
Pr_Src_cls_loss	: 1.3114
-------------------------------------
[Pr Epoch : 10/20]
Pr_Src_cls_loss	: 1.2578
-------------------------------------
[Pr Epoch : 11/20]
Pr_Src_cls_loss	: 1.2075
-------------------------------------
[Pr Epoch : 12/20]
Pr_Src_cls_loss	: 1.1602
-------------------------------------
[Pr Epoch : 13/20]
Pr_Src_cls_loss	: 1.1158
-------------------------------------
[Pr Epoch : 14/20]
Pr_Src_cls_loss	: 1.0741
-------------------------------------
[Pr Epoch : 15/20]
Pr_Src_cls_loss	: 1.0349
-------------------------------------
[Pr Epoch : 16/20]
Pr_Src_cls_loss	: 0.9980
-------------------------------------
[Pr Epoch : 17/20]
Pr_Src_cls_loss	: 0.9632
-------------------------------------
[Pr Epoch : 18/20]
Pr_Src_cls_loss	: 0.9305
-------------------------------------
[Pr Epoch : 19/20]
Pr_Src_cls_loss	: 0.8995
-------------------------------------
[Pr Epoch : 20/20]
Pr_Src_cls_loss	: 0.8703
-------------------------------------
[Epoch : 1/20]
Pr_Src_cls_loss	: 0.8703
Total_loss	: -1.0911
OT Loss	: 0.2291
Entropic Loss	: -1.6335
Src_cls_loss	: 0.1988
-------------------------------------
[Epoch : 2/20]
Pr_Src_cls_loss	: 0.8703
Total_loss	: -0.9836
OT Loss	: 0.2346
Entropic Loss	: -1.6154
Src_cls_loss	: 0.2798
-------------------------------------
[Epoch : 3/20]
Pr_Src_cls_loss	: 0.8703
Total_loss	: -1.0921
OT Loss	: 0.2276
Entropic Loss	: -1.7006
Src_cls_loss	: 0.2671
-------------------------------------
[Epoch : 4/20]
Pr_Src_cls_loss	: 0.8703
Total_loss	: -1.1597
OT Loss	: 0.2247
Entropic Loss	: -1.7536
Src_cls_loss	: 0.2568
-------------------------------------
[Epoch : 5/20]
Pr_Src_cls_loss	: 0.8703
Total_loss	: -1.0908
OT Loss	: 0.2404
Entropic Loss	: -1.7236
Src_cls_loss	: 0.2721
-------------------------------------
[Epoch : 6/20]
Pr_Src_cls_loss	: 0.8703
Total_loss	: -1.0975
OT Loss	: 0.2496
Entropic Loss	: -1.7414
Src_cls_loss	: 0.2695
-------------------------------------
[Epoch : 7/20]
Pr_Src_cls_loss	: 0.8703
Total_loss	: -1.1016
OT Loss	: 0.2511
Entropic Loss	: -1.7539
Src_cls_loss	: 0.2756
-------------------------------------
[Epoch : 8/20]
Pr_Src_cls_loss	: 0.8703
Total_loss	: -1.0851
OT Loss	: 0.2534
Entropic Loss	: -1.7518
Src_cls_loss	: 0.2866
-------------------------------------
[Epoch : 9/20]
Pr_Src_cls_loss	: 0.8703
Total_loss	: -1.0848
OT Loss	: 0.2582
Entropic Loss	: -1.7521
Src_cls_loss	: 0.2800
-------------------------------------
[Epoch : 10/20]
Pr_Src_cls_loss	: 0.8703
Total_loss	: -1.0858
OT Loss	: 0.2579
Entropic Loss	: -1.7365
Src_cls_loss	: 0.2639
-------------------------------------
[Epoch : 11/20]
Pr_Src_cls_loss	: 0.8703
Total_loss	: -1.0880
OT Loss	: 0.2580
Entropic Loss	: -1.7300
Src_cls_loss	: 0.2551
-------------------------------------
[Epoch : 12/20]
Pr_Src_cls_loss	: 0.8703
Total_loss	: -1.1008
OT Loss	: 0.2577
Entropic Loss	: -1.7316
Src_cls_loss	: 0.2443
-------------------------------------
[Epoch : 13/20]
Pr_Src_cls_loss	: 0.8703
Total_loss	: -1.1005
OT Loss	: 0.2562
Entropic Loss	: -1.7234
Src_cls_loss	: 0.2386
-------------------------------------
[Epoch : 14/20]
Pr_Src_cls_loss	: 0.8703
Total_loss	: -1.0887
OT Loss	: 0.2557
Entropic Loss	: -1.7029
Src_cls_loss	: 0.2305
-------------------------------------
[Epoch : 15/20]
Pr_Src_cls_loss	: 0.8703
Total_loss	: -1.0781
OT Loss	: 0.2558
Entropic Loss	: -1.6895
Src_cls_loss	: 0.2277
-------------------------------------
[Epoch : 16/20]
Pr_Src_cls_loss	: 0.8703
Total_loss	: -1.0839
OT Loss	: 0.2555
Entropic Loss	: -1.6897
Src_cls_loss	: 0.2225
-------------------------------------
[Epoch : 17/20]
Pr_Src_cls_loss	: 0.8703
Total_loss	: -1.0768
OT Loss	: 0.2548
Entropic Loss	: -1.6764
Src_cls_loss	: 0.2174
-------------------------------------
[Epoch : 18/20]
Pr_Src_cls_loss	: 0.8703
Total_loss	: -1.0735
OT Loss	: 0.2549
Entropic Loss	: -1.6688
Src_cls_loss	: 0.2130
-------------------------------------
[Epoch : 19/20]
Pr_Src_cls_loss	: 0.8703
Total_loss	: -1.0718
OT Loss	: 0.2542
Entropic Loss	: -1.6616
Src_cls_loss	: 0.2086
-------------------------------------
[Epoch : 20/20]
Pr_Src_cls_loss	: 0.8703
Total_loss	: -1.0721
OT Loss	: 0.2545
Entropic Loss	: -1.6572
Src_cls_loss	: 0.2032
-------------------------------------
H_score: 0.4575, OS* (acc_c): 0.3365, UNK (acc_p): 0.7145, acc_mix: 0.5821, F1: 0.6154
Uploading logs from: /mnt/data/home/tp2474/OpenSet-AdaTime/experiments_logs/curriculum/RealWorld to Pamap2_UniDA_hard_n4_fno_mean/PPOT_UniDA_hard_n4_fno_mean/RealWorld_to_Pamap2_run_4
🏃 View run PPOT_run_4 at: http://127.0.0.1:5001/#/experiments/184677581363591778/runs/06b8e40bd0c14576a3c5b306e5603964
🧪 View experiment at: http://127.0.0.1:5001/#/experiments/184677581363591778
==================== [n4 fno_mean] UniOT ====================
[curriculum] scenario=UniDA  strategy=hard  n_unknown=4  rank_variant=fno_mean
[curriculum] source mapping (8 classes): {'lying': 'lying', 'sitting': 'sitting', 'walking': 'walking', 'running': 'running', 'climbingup': 'climbingup', 'jumping': 'jumping', 'climbingdown': 'climbingdown', 'standing': 'standing'}
[curriculum] target mapping (8 classes): {'lying': 'lying', 'sitting': 'sitting', 'walking': 'walking', 'running': 'running', 'other (transient activities)': 'other (transient activities)', 'ascending stairs': 'ascending stairs', 'descending stairs': 'descending stairs', 'vacuum cleaning': 'vacuum cleaning'}
[curriculum] unknowns added (in hard order): src=[climbingup,jumping,climbingdown,standing] | trg=[other (transient activities),ascending stairs,descending stairs,vacuum cleaning]
[scenario] UniOT -> UniDA (uniDA=True)
Unlabeled data shape:  (13598, 150, 18)
Unlabelled Combined shape: (22651, 150, 18)

--- Dataloader Size Check ---
Source Train batches:   935
Target Train batches:   424
-------------------------------

Private classes:  tensor([ 8.,  9., 10., 11.])
=============================================
Dataset: RealWorld to Pamap2_UniDA_hard_n4_fno_mean
Method:  UniOT
=============================================
Source: RealWorld ---> Target: Pamap2
Run ID: 0
=============================================
[Pr Epoch : 1/20]
Pr_Src_cls_loss	: 0.3258
-------------------------------------
[Pr Epoch : 2/20]
Pr_Src_cls_loss	: 0.2649
-------------------------------------
[Pr Epoch : 3/20]
Pr_Src_cls_loss	: 0.2305
-------------------------------------
[Pr Epoch : 4/20]
Pr_Src_cls_loss	: 0.2095
-------------------------------------
[Pr Epoch : 5/20]
Pr_Src_cls_loss	: 0.1930
-------------------------------------
[Pr Epoch : 6/20]
Pr_Src_cls_loss	: 0.1810
-------------------------------------
[Pr Epoch : 7/20]
Pr_Src_cls_loss	: 0.1709
-------------------------------------
[Pr Epoch : 8/20]
Pr_Src_cls_loss	: 0.1633
-------------------------------------
[Pr Epoch : 9/20]
Pr_Src_cls_loss	: 0.1560
-------------------------------------
[Pr Epoch : 10/20]
Pr_Src_cls_loss	: 0.1499
-------------------------------------
[Pr Epoch : 11/20]
Pr_Src_cls_loss	: 0.1447
-------------------------------------
[Pr Epoch : 12/20]
Pr_Src_cls_loss	: 0.1399
-------------------------------------
[Pr Epoch : 13/20]
Pr_Src_cls_loss	: 0.1357
-------------------------------------
[Pr Epoch : 14/20]
Pr_Src_cls_loss	: 0.1320
-------------------------------------
[Pr Epoch : 15/20]
Pr_Src_cls_loss	: 0.1284
-------------------------------------
[Pr Epoch : 16/20]
Pr_Src_cls_loss	: 0.1254
-------------------------------------
[Pr Epoch : 17/20]
Pr_Src_cls_loss	: 0.1223
-------------------------------------
[Pr Epoch : 18/20]
Pr_Src_cls_loss	: 0.1199
-------------------------------------
[Pr Epoch : 19/20]
Pr_Src_cls_loss	: 0.1174
-------------------------------------
[Pr Epoch : 20/20]
Pr_Src_cls_loss	: 0.1150
-------------------------------------
/mnt/data/home/tp2474/OpenSet-AdaTime/algorithms/algorithms.py:1401: UserWarning: Implicit dimension choice for log_softmax has been deprecated. Change the call to include dim=X as an argument.
  sub_loss_local += -torch.sum(neighbor_Q[i, :] * F.log_softmax(after_cluhead_t[i, :]))
/mnt/data/home/tp2474/OpenSet-AdaTime/algorithms/algorithms.py:1402: UserWarning: Implicit dimension choice for log_softmax has been deprecated. Change the call to include dim=X as an argument.
  sub_loss_local += -torch.sum(anchor_Q[i, :] * F.log_softmax(neighbor_output[i, :]))
[Epoch : 1/20]
Pr_Src_cls_loss	: 0.1150
Total_loss	: 0.0740
loss_cls	: 0.0732
loss_PCD	: 3.9064
loss_CCD	: 0.0024
-------------------------------------
[Epoch : 2/20]
Pr_Src_cls_loss	: 0.1150
Total_loss	: 0.0726
loss_cls	: 0.0720
loss_PCD	: 3.9384
loss_CCD	: 0.0017
-------------------------------------
[Epoch : 3/20]
Pr_Src_cls_loss	: 0.1150
Total_loss	: 0.0706
loss_cls	: 0.0700
loss_PCD	: 3.9414
loss_CCD	: 0.0016
-------------------------------------
[Epoch : 4/20]
Pr_Src_cls_loss	: 0.1150
Total_loss	: 0.0708
loss_cls	: 0.0703
loss_PCD	: 3.9479
loss_CCD	: 0.0014
-------------------------------------
[Epoch : 5/20]
Pr_Src_cls_loss	: 0.1150
Total_loss	: 0.0703
loss_cls	: 0.0698
loss_PCD	: 3.9538
loss_CCD	: 0.0014
-------------------------------------
[Epoch : 6/20]
Pr_Src_cls_loss	: 0.1150
Total_loss	: 0.0690
loss_cls	: 0.0685
loss_PCD	: 3.9584
loss_CCD	: 0.0013
-------------------------------------
[Epoch : 7/20]
Pr_Src_cls_loss	: 0.1150
Total_loss	: 0.0686
loss_cls	: 0.0682
loss_PCD	: 3.9574
loss_CCD	: 0.0013
-------------------------------------
[Epoch : 8/20]
Pr_Src_cls_loss	: 0.1150
Total_loss	: 0.0678
loss_cls	: 0.0674
loss_PCD	: 3.9549
loss_CCD	: 0.0012
-------------------------------------
[Epoch : 9/20]
Pr_Src_cls_loss	: 0.1150
Total_loss	: 0.0673
loss_cls	: 0.0669
loss_PCD	: 3.9555
loss_CCD	: 0.0011
Src_cls_loss	: 0.0000
-------------------------------------
[Epoch : 10/20]
Pr_Src_cls_loss	: 0.1150
Total_loss	: 0.0668
loss_cls	: 0.0664
loss_PCD	: 3.9587
loss_CCD	: 0.0011
Src_cls_loss	: 0.0000
-------------------------------------
[Epoch : 11/20]
Pr_Src_cls_loss	: 0.1150
Total_loss	: 0.0668
loss_cls	: 0.0664
loss_PCD	: 3.9589
loss_CCD	: 0.0011
Src_cls_loss	: 0.0000
-------------------------------------
[Epoch : 12/20]
Pr_Src_cls_loss	: 0.1150
Total_loss	: 0.0664
loss_cls	: 0.0660
loss_PCD	: 3.9598
loss_CCD	: 0.0011
Src_cls_loss	: 0.0000
-------------------------------------
[Epoch : 13/20]
Pr_Src_cls_loss	: 0.1150
Total_loss	: 0.0661
loss_cls	: 0.0658
loss_PCD	: 3.9601
loss_CCD	: 0.0010
Src_cls_loss	: 0.0000
-------------------------------------
[Epoch : 14/20]
Pr_Src_cls_loss	: 0.1150
Total_loss	: 0.0655
loss_cls	: 0.0652
loss_PCD	: 3.9622
loss_CCD	: 0.0010
Src_cls_loss	: 0.0000
-------------------------------------
[Epoch : 15/20]
Pr_Src_cls_loss	: 0.1150
Total_loss	: 0.0651
loss_cls	: 0.0647
loss_PCD	: 3.9605
loss_CCD	: 0.0010
Src_cls_loss	: 0.0000
-------------------------------------
[Epoch : 16/20]
Pr_Src_cls_loss	: 0.1150
Total_loss	: 0.0650
loss_cls	: 0.0647
loss_PCD	: 3.9604
loss_CCD	: 0.0010
Src_cls_loss	: 0.0000
-------------------------------------
[Epoch : 17/20]
Pr_Src_cls_loss	: 0.1150
Total_loss	: 0.0646
loss_cls	: 0.0642
loss_PCD	: 3.9622
loss_CCD	: 0.0010
Src_cls_loss	: 0.0000
-------------------------------------
[Epoch : 18/20]
Pr_Src_cls_loss	: 0.1150
Total_loss	: 0.0642
loss_cls	: 0.0639
loss_PCD	: 3.9635
loss_CCD	: 0.0010
Src_cls_loss	: 0.0000
-------------------------------------
[Epoch : 19/20]
Pr_Src_cls_loss	: 0.1150
Total_loss	: 0.0639
loss_cls	: 0.0636
loss_PCD	: 3.9629
loss_CCD	: 0.0010
Src_cls_loss	: 0.0000
-------------------------------------
[Epoch : 20/20]
Pr_Src_cls_loss	: 0.1150
Total_loss	: 0.0637
loss_cls	: 0.0634
loss_PCD	: 3.9655
loss_CCD	: 0.0010
Src_cls_loss	: 0.0000
-------------------------------------
/mnt/data/home/tp2474/OpenSet-AdaTime/trainers/abstract_trainer.py:331: FutureWarning: The behavior of DataFrame concatenation with empty or all-NA entries is deprecated. In a future version, this will no longer exclude empty or all-NA columns when determining the result dtypes. To retain the old behavior, exclude the relevant entries before the concat operation.
  table = pd.concat([table, results_df], ignore_index=True)
H_score: 0.6376, OS* (acc_c): 0.5163, UNK (acc_p): 0.8333, acc_mix: 0.7223, F1: 0.6882
Uploading logs from: /mnt/data/home/tp2474/OpenSet-AdaTime/experiments_logs/curriculum/RealWorld to Pamap2_UniDA_hard_n4_fno_mean/UniOT_UniDA_hard_n4_fno_mean/RealWorld_to_Pamap2_run_0
🏃 View run UniOT_run_0 at: http://127.0.0.1:5001/#/experiments/184677581363591778/runs/1dcbecb2c64f49e1aadad1a0f258969e
🧪 View experiment at: http://127.0.0.1:5001/#/experiments/184677581363591778
=============================================
Dataset: RealWorld to Pamap2_UniDA_hard_n4_fno_mean
Method:  UniOT
=============================================
Source: RealWorld ---> Target: Pamap2
Run ID: 1
=============================================
[Pr Epoch : 1/20]
Pr_Src_cls_loss	: 0.3428
-------------------------------------
[Pr Epoch : 2/20]
Pr_Src_cls_loss	: 0.2704
-------------------------------------
[Pr Epoch : 3/20]
Pr_Src_cls_loss	: 0.2356
-------------------------------------
[Pr Epoch : 4/20]
Pr_Src_cls_loss	: 0.2134
-------------------------------------
[Pr Epoch : 5/20]
Pr_Src_cls_loss	: 0.1981
-------------------------------------
[Pr Epoch : 6/20]
Pr_Src_cls_loss	: 0.1853
-------------------------------------
[Pr Epoch : 7/20]
Pr_Src_cls_loss	: 0.1757
-------------------------------------
[Pr Epoch : 8/20]
Pr_Src_cls_loss	: 0.1672
-------------------------------------
[Pr Epoch : 9/20]
Pr_Src_cls_loss	: 0.1596
-------------------------------------
[Pr Epoch : 10/20]
Pr_Src_cls_loss	: 0.1533
-------------------------------------
[Pr Epoch : 11/20]
Pr_Src_cls_loss	: 0.1482
-------------------------------------
[Pr Epoch : 12/20]
Pr_Src_cls_loss	: 0.1431
-------------------------------------
[Pr Epoch : 13/20]
Pr_Src_cls_loss	: 0.1387
-------------------------------------
[Pr Epoch : 14/20]
Pr_Src_cls_loss	: 0.1346
-------------------------------------
[Pr Epoch : 15/20]
Pr_Src_cls_loss	: 0.1309
-------------------------------------
[Pr Epoch : 16/20]
Pr_Src_cls_loss	: 0.1276
-------------------------------------
[Pr Epoch : 17/20]
Pr_Src_cls_loss	: 0.1247
-------------------------------------
[Pr Epoch : 18/20]
Pr_Src_cls_loss	: 0.1220
-------------------------------------
[Pr Epoch : 19/20]
Pr_Src_cls_loss	: 0.1194
-------------------------------------
[Pr Epoch : 20/20]
Pr_Src_cls_loss	: 0.1169
-------------------------------------
[Epoch : 1/20]
Pr_Src_cls_loss	: 0.1169
Total_loss	: 0.0728
loss_cls	: 0.0718
loss_PCD	: 3.7569
loss_CCD	: 0.0029
-------------------------------------
[Epoch : 2/20]
Pr_Src_cls_loss	: 0.1169
Total_loss	: 0.0714
loss_cls	: 0.0704
loss_PCD	: 3.8327
loss_CCD	: 0.0029
-------------------------------------
[Epoch : 3/20]
Pr_Src_cls_loss	: 0.1169
Total_loss	: 0.0706
loss_cls	: 0.0697
loss_PCD	: 3.8675
loss_CCD	: 0.0026
-------------------------------------
[Epoch : 4/20]
Pr_Src_cls_loss	: 0.1169
Total_loss	: 0.0694
loss_cls	: 0.0686
loss_PCD	: 3.8955
loss_CCD	: 0.0023
-------------------------------------
[Epoch : 5/20]
Pr_Src_cls_loss	: 0.1169
Total_loss	: 0.0696
loss_cls	: 0.0689
loss_PCD	: 3.9180
loss_CCD	: 0.0021
-------------------------------------
[Epoch : 6/20]
Pr_Src_cls_loss	: 0.1169
Total_loss	: 0.0689
loss_cls	: 0.0682
loss_PCD	: 3.9342
loss_CCD	: 0.0020
-------------------------------------
[Epoch : 7/20]
Pr_Src_cls_loss	: 0.1169
Total_loss	: 0.0684
loss_cls	: 0.0678
loss_PCD	: 3.9515
loss_CCD	: 0.0019
-------------------------------------
[Epoch : 8/20]
Pr_Src_cls_loss	: 0.1169
Total_loss	: 0.0681
loss_cls	: 0.0674
loss_PCD	: 3.9644
loss_CCD	: 0.0018
-------------------------------------
[Epoch : 9/20]
Pr_Src_cls_loss	: 0.1169
Total_loss	: 0.0677
loss_cls	: 0.0671
loss_PCD	: 3.9742
loss_CCD	: 0.0017
Src_cls_loss	: 0.0000
-------------------------------------
[Epoch : 10/20]
Pr_Src_cls_loss	: 0.1169
Total_loss	: 0.0672
loss_cls	: 0.0666
loss_PCD	: 3.9851
loss_CCD	: 0.0016
Src_cls_loss	: 0.0000
-------------------------------------
[Epoch : 11/20]
Pr_Src_cls_loss	: 0.1169
Total_loss	: 0.0670
loss_cls	: 0.0665
loss_PCD	: 3.9943
loss_CCD	: 0.0015
Src_cls_loss	: 0.0000
-------------------------------------
[Epoch : 12/20]
Pr_Src_cls_loss	: 0.1169
Total_loss	: 0.0664
loss_cls	: 0.0658
loss_PCD	: 4.0029
loss_CCD	: 0.0015
Src_cls_loss	: 0.0000
-------------------------------------
[Epoch : 13/20]
Pr_Src_cls_loss	: 0.1169
Total_loss	: 0.0664
loss_cls	: 0.0658
loss_PCD	: 4.0091
loss_CCD	: 0.0015
Src_cls_loss	: 0.0000
-------------------------------------
[Epoch : 14/20]
Pr_Src_cls_loss	: 0.1169
Total_loss	: 0.0658
loss_cls	: 0.0653
loss_PCD	: 4.0136
loss_CCD	: 0.0014
Src_cls_loss	: 0.0000
-------------------------------------
[Epoch : 15/20]
Pr_Src_cls_loss	: 0.1169
Total_loss	: 0.0656
loss_cls	: 0.0651
loss_PCD	: 4.0196
loss_CCD	: 0.0014
Src_cls_loss	: 0.0000
-------------------------------------
[Epoch : 16/20]
Pr_Src_cls_loss	: 0.1169
Total_loss	: 0.0651
loss_cls	: 0.0646
loss_PCD	: 4.0222
loss_CCD	: 0.0014
Src_cls_loss	: 0.0000
-------------------------------------
[Epoch : 17/20]
Pr_Src_cls_loss	: 0.1169
Total_loss	: 0.0650
loss_cls	: 0.0645
loss_PCD	: 4.0279
loss_CCD	: 0.0014
Src_cls_loss	: 0.0000
-------------------------------------
[Epoch : 18/20]
Pr_Src_cls_loss	: 0.1169
Total_loss	: 0.0649
loss_cls	: 0.0644
loss_PCD	: 4.0316
loss_CCD	: 0.0014
Src_cls_loss	: 0.0000
-------------------------------------
/home/tp2474/miniconda3/envs/myenv/lib/python3.9/site-packages/ot/backend.py:1203: RuntimeWarning: overflow encountered in exp
  return np.exp(a)
/home/tp2474/miniconda3/envs/myenv/lib/python3.9/site-packages/ot/unbalanced/_sinkhorn.py:770: UserWarning: Numerical errors at iteration 0
  warnings.warn("Numerical errors at iteration %s" % i)
[Epoch : 19/20]
Pr_Src_cls_loss	: 0.1169
Total_loss	: 0.0646
loss_cls	: 0.0641
loss_PCD	: 4.0330
loss_CCD	: 0.0013
Src_cls_loss	: 0.0000
-------------------------------------
[Epoch : 20/20]
Pr_Src_cls_loss	: 0.1169
Total_loss	: 0.0644
loss_cls	: 0.0639
loss_PCD	: 4.0343
loss_CCD	: 0.0013
Src_cls_loss	: 0.0000
-------------------------------------
H_score: 0.0000, OS* (acc_c): 0.0000, UNK (acc_p): 1.0000, acc_mix: 0.6499, F1: 0.5120
Uploading logs from: /mnt/data/home/tp2474/OpenSet-AdaTime/experiments_logs/curriculum/RealWorld to Pamap2_UniDA_hard_n4_fno_mean/UniOT_UniDA_hard_n4_fno_mean/RealWorld_to_Pamap2_run_1
🏃 View run UniOT_run_1 at: http://127.0.0.1:5001/#/experiments/184677581363591778/runs/e68284e4610145079407ee46269865fa
🧪 View experiment at: http://127.0.0.1:5001/#/experiments/184677581363591778
=============================================
Dataset: RealWorld to Pamap2_UniDA_hard_n4_fno_mean
Method:  UniOT
=============================================
Source: RealWorld ---> Target: Pamap2
Run ID: 2
=============================================
[Pr Epoch : 1/20]
Pr_Src_cls_loss	: 0.3362
-------------------------------------
[Pr Epoch : 2/20]
Pr_Src_cls_loss	: 0.2688
-------------------------------------
[Pr Epoch : 3/20]
Pr_Src_cls_loss	: 0.2333
-------------------------------------
[Pr Epoch : 4/20]
Pr_Src_cls_loss	: 0.2118
-------------------------------------
[Pr Epoch : 5/20]
Pr_Src_cls_loss	: 0.1959
-------------------------------------
[Pr Epoch : 6/20]
Pr_Src_cls_loss	: 0.1831
-------------------------------------
[Pr Epoch : 7/20]
Pr_Src_cls_loss	: 0.1732
-------------------------------------
[Pr Epoch : 8/20]
Pr_Src_cls_loss	: 0.1650
-------------------------------------
[Pr Epoch : 9/20]
Pr_Src_cls_loss	: 0.1579
-------------------------------------
[Pr Epoch : 10/20]
Pr_Src_cls_loss	: 0.1521
-------------------------------------
[Pr Epoch : 11/20]
Pr_Src_cls_loss	: 0.1468
-------------------------------------
[Pr Epoch : 12/20]
Pr_Src_cls_loss	: 0.1418
-------------------------------------
[Pr Epoch : 13/20]
Pr_Src_cls_loss	: 0.1379
-------------------------------------
[Pr Epoch : 14/20]
Pr_Src_cls_loss	: 0.1342
-------------------------------------
[Pr Epoch : 15/20]
Pr_Src_cls_loss	: 0.1307
-------------------------------------
[Pr Epoch : 16/20]
Pr_Src_cls_loss	: 0.1275
-------------------------------------
[Pr Epoch : 17/20]
Pr_Src_cls_loss	: 0.1246
-------------------------------------
[Pr Epoch : 18/20]
Pr_Src_cls_loss	: 0.1220
-------------------------------------
[Pr Epoch : 19/20]
Pr_Src_cls_loss	: 0.1195
-------------------------------------
[Pr Epoch : 20/20]
Pr_Src_cls_loss	: 0.1172
-------------------------------------
[Epoch : 1/20]
Pr_Src_cls_loss	: 0.1172
Total_loss	: 0.0762
loss_cls	: 0.0757
loss_PCD	: 3.9893
loss_CCD	: 0.0014
-------------------------------------
[Epoch : 2/20]
Pr_Src_cls_loss	: 0.1172
Total_loss	: 0.0713
loss_cls	: 0.0709
loss_PCD	: 3.9437
loss_CCD	: 0.0012
-------------------------------------
[Epoch : 3/20]
Pr_Src_cls_loss	: 0.1172
Total_loss	: 0.0713
loss_cls	: 0.0709
loss_PCD	: 3.9224
loss_CCD	: 0.0013
-------------------------------------
[Epoch : 4/20]
Pr_Src_cls_loss	: 0.1172
Total_loss	: 0.0705
loss_cls	: 0.0701
loss_PCD	: 3.9320
loss_CCD	: 0.0012
-------------------------------------
[Epoch : 5/20]
Pr_Src_cls_loss	: 0.1172
Total_loss	: 0.0703
loss_cls	: 0.0699
loss_PCD	: 3.9376
loss_CCD	: 0.0011
-------------------------------------
[Epoch : 6/20]
Pr_Src_cls_loss	: 0.1172
Total_loss	: 0.0694
loss_cls	: 0.0691
loss_PCD	: 3.9417
loss_CCD	: 0.0011
-------------------------------------
[Epoch : 7/20]
Pr_Src_cls_loss	: 0.1172
Total_loss	: 0.0686
loss_cls	: 0.0682
loss_PCD	: 3.9404
loss_CCD	: 0.0010
-------------------------------------
[Epoch : 8/20]
Pr_Src_cls_loss	: 0.1172
Total_loss	: 0.0680
loss_cls	: 0.0677
loss_PCD	: 3.9447
loss_CCD	: 0.0010
-------------------------------------
[Epoch : 9/20]
Pr_Src_cls_loss	: 0.1172
Total_loss	: 0.0678
loss_cls	: 0.0675
loss_PCD	: 3.9437
loss_CCD	: 0.0010
Src_cls_loss	: 0.0000
-------------------------------------
[Epoch : 10/20]
Pr_Src_cls_loss	: 0.1172
Total_loss	: 0.0673
loss_cls	: 0.0670
loss_PCD	: 3.9390
loss_CCD	: 0.0010
Src_cls_loss	: 0.0000
-------------------------------------
[Epoch : 11/20]
Pr_Src_cls_loss	: 0.1172
Total_loss	: 0.0670
loss_cls	: 0.0667
loss_PCD	: 3.9362
loss_CCD	: 0.0010
Src_cls_loss	: 0.0000
-------------------------------------
[Epoch : 12/20]
Pr_Src_cls_loss	: 0.1172
Total_loss	: 0.0669
loss_cls	: 0.0666
loss_PCD	: 3.9307
loss_CCD	: 0.0010
Src_cls_loss	: 0.0000
-------------------------------------
[Epoch : 13/20]
Pr_Src_cls_loss	: 0.1172
Total_loss	: 0.0665
loss_cls	: 0.0661
loss_PCD	: 3.9316
loss_CCD	: 0.0010
Src_cls_loss	: 0.0000
-------------------------------------
[Epoch : 14/20]
Pr_Src_cls_loss	: 0.1172
Total_loss	: 0.0663
loss_cls	: 0.0659
loss_PCD	: 3.9346
loss_CCD	: 0.0010
Src_cls_loss	: 0.0000
-------------------------------------
[Epoch : 15/20]
Pr_Src_cls_loss	: 0.1172
Total_loss	: 0.0660
loss_cls	: 0.0657
loss_PCD	: 3.9384
loss_CCD	: 0.0010
Src_cls_loss	: 0.0000
-------------------------------------
[Epoch : 16/20]
Pr_Src_cls_loss	: 0.1172
Total_loss	: 0.0657
loss_cls	: 0.0654
loss_PCD	: 3.9411
loss_CCD	: 0.0010
Src_cls_loss	: 0.0000
-------------------------------------
[Epoch : 17/20]
Pr_Src_cls_loss	: 0.1172
Total_loss	: 0.0655
loss_cls	: 0.0651
loss_PCD	: 3.9433
loss_CCD	: 0.0010
Src_cls_loss	: 0.0000
-------------------------------------
[Epoch : 18/20]
Pr_Src_cls_loss	: 0.1172
Total_loss	: 0.0650
loss_cls	: 0.0646
loss_PCD	: 3.9454
loss_CCD	: 0.0010
Src_cls_loss	: 0.0000
-------------------------------------
[Epoch : 19/20]
Pr_Src_cls_loss	: 0.1172
Total_loss	: 0.0650
loss_cls	: 0.0646
loss_PCD	: 3.9474
loss_CCD	: 0.0010
Src_cls_loss	: 0.0000
-------------------------------------
[Epoch : 20/20]
Pr_Src_cls_loss	: 0.1172
Total_loss	: 0.0648
loss_cls	: 0.0645
loss_PCD	: 3.9511
loss_CCD	: 0.0009
Src_cls_loss	: 0.0000
-------------------------------------
H_score: 0.5318, OS* (acc_c): 0.3915, UNK (acc_p): 0.8286, acc_mix: 0.6755, F1: 0.6865
Uploading logs from: /mnt/data/home/tp2474/OpenSet-AdaTime/experiments_logs/curriculum/RealWorld to Pamap2_UniDA_hard_n4_fno_mean/UniOT_UniDA_hard_n4_fno_mean/RealWorld_to_Pamap2_run_2
🏃 View run UniOT_run_2 at: http://127.0.0.1:5001/#/experiments/184677581363591778/runs/b9cd1c74e4e64e078949b8a7b278e99f
🧪 View experiment at: http://127.0.0.1:5001/#/experiments/184677581363591778
=============================================
Dataset: RealWorld to Pamap2_UniDA_hard_n4_fno_mean
Method:  UniOT
=============================================
Source: RealWorld ---> Target: Pamap2
Run ID: 3
=============================================
[Pr Epoch : 1/20]
Pr_Src_cls_loss	: 0.3702
-------------------------------------
[Pr Epoch : 2/20]
Pr_Src_cls_loss	: 0.2930
-------------------------------------
[Pr Epoch : 3/20]
Pr_Src_cls_loss	: 0.2544
-------------------------------------
[Pr Epoch : 4/20]
Pr_Src_cls_loss	: 0.2281
-------------------------------------
[Pr Epoch : 5/20]
Pr_Src_cls_loss	: 0.2106
-------------------------------------
[Pr Epoch : 6/20]
Pr_Src_cls_loss	: 0.1965
-------------------------------------
[Pr Epoch : 7/20]
Pr_Src_cls_loss	: 0.1847
-------------------------------------
[Pr Epoch : 8/20]
Pr_Src_cls_loss	: 0.1757
-------------------------------------
[Pr Epoch : 9/20]
Pr_Src_cls_loss	: 0.1677
-------------------------------------
[Pr Epoch : 10/20]
Pr_Src_cls_loss	: 0.1605
-------------------------------------
[Pr Epoch : 11/20]
Pr_Src_cls_loss	: 0.1545
-------------------------------------
[Pr Epoch : 12/20]
Pr_Src_cls_loss	: 0.1490
-------------------------------------
[Pr Epoch : 13/20]
Pr_Src_cls_loss	: 0.1442
-------------------------------------
[Pr Epoch : 14/20]
Pr_Src_cls_loss	: 0.1396
-------------------------------------
[Pr Epoch : 15/20]
Pr_Src_cls_loss	: 0.1358
-------------------------------------
[Pr Epoch : 16/20]
Pr_Src_cls_loss	: 0.1322
-------------------------------------
[Pr Epoch : 17/20]
Pr_Src_cls_loss	: 0.1290
-------------------------------------
[Pr Epoch : 18/20]
Pr_Src_cls_loss	: 0.1261
-------------------------------------
[Pr Epoch : 19/20]
Pr_Src_cls_loss	: 0.1234
-------------------------------------
[Pr Epoch : 20/20]
Pr_Src_cls_loss	: 0.1208
-------------------------------------
[Epoch : 1/20]
Pr_Src_cls_loss	: 0.1208
Total_loss	: 0.0750
loss_cls	: 0.0743
loss_PCD	: 3.8965
loss_CCD	: 0.0019
-------------------------------------
[Epoch : 2/20]
Pr_Src_cls_loss	: 0.1208
Total_loss	: 0.0718
loss_cls	: 0.0714
loss_PCD	: 3.9378
loss_CCD	: 0.0010
-------------------------------------
[Epoch : 3/20]
Pr_Src_cls_loss	: 0.1208
Total_loss	: 0.0696
loss_cls	: 0.0694
loss_PCD	: 3.9613
loss_CCD	: 0.0006
-------------------------------------
[Epoch : 4/20]
Pr_Src_cls_loss	: 0.1208
Total_loss	: 0.0688
loss_cls	: 0.0686
loss_PCD	: 3.9698
loss_CCD	: 0.0005
-------------------------------------
[Epoch : 5/20]
Pr_Src_cls_loss	: 0.1208
Total_loss	: 0.0678
loss_cls	: 0.0677
loss_PCD	: 3.9731
loss_CCD	: 0.0004
-------------------------------------
[Epoch : 6/20]
Pr_Src_cls_loss	: 0.1208
Total_loss	: 0.0679
loss_cls	: 0.0678
loss_PCD	: 3.9796
loss_CCD	: 0.0003
-------------------------------------
[Epoch : 7/20]
Pr_Src_cls_loss	: 0.1208
Total_loss	: 0.0672
loss_cls	: 0.0671
loss_PCD	: 3.9824
loss_CCD	: 0.0003
-------------------------------------
[Epoch : 8/20]
Pr_Src_cls_loss	: 0.1208
Total_loss	: 0.0668
loss_cls	: 0.0667
loss_PCD	: 3.9782
loss_CCD	: 0.0002
-------------------------------------
[Epoch : 9/20]
Pr_Src_cls_loss	: 0.1208
Total_loss	: 0.0666
loss_cls	: 0.0666
loss_PCD	: 3.9809
loss_CCD	: 0.0002
Src_cls_loss	: 0.0000
-------------------------------------
[Epoch : 10/20]
Pr_Src_cls_loss	: 0.1208
Total_loss	: 0.0664
loss_cls	: 0.0663
loss_PCD	: 3.9843
loss_CCD	: 0.0002
Src_cls_loss	: 0.0000
-------------------------------------
[Epoch : 11/20]
Pr_Src_cls_loss	: 0.1208
Total_loss	: 0.0657
loss_cls	: 0.0657
loss_PCD	: 3.9873
loss_CCD	: 0.0002
Src_cls_loss	: 0.0000
-------------------------------------
[Epoch : 12/20]
Pr_Src_cls_loss	: 0.1208
Total_loss	: 0.0653
loss_cls	: 0.0653
loss_PCD	: 3.9882
loss_CCD	: 0.0002
Src_cls_loss	: 0.0000
-------------------------------------
[Epoch : 13/20]
Pr_Src_cls_loss	: 0.1208
Total_loss	: 0.0648
loss_cls	: 0.0648
loss_PCD	: 3.9877
loss_CCD	: 0.0001
Src_cls_loss	: 0.0000
-------------------------------------
[Epoch : 14/20]
Pr_Src_cls_loss	: 0.1208
Total_loss	: 0.0646
loss_cls	: 0.0645
loss_PCD	: 3.9890
loss_CCD	: 0.0001
Src_cls_loss	: 0.0000
-------------------------------------
[Epoch : 15/20]
Pr_Src_cls_loss	: 0.1208
Total_loss	: 0.0643
loss_cls	: 0.0642
loss_PCD	: 3.9926
loss_CCD	: 0.0001
Src_cls_loss	: 0.0000
-------------------------------------
[Epoch : 16/20]
Pr_Src_cls_loss	: 0.1208
Total_loss	: 0.0639
loss_cls	: 0.0639
loss_PCD	: 3.9933
loss_CCD	: 0.0001
Src_cls_loss	: 0.0000
-------------------------------------
[Epoch : 17/20]
Pr_Src_cls_loss	: 0.1208
Total_loss	: 0.0636
loss_cls	: 0.0636
loss_PCD	: 3.9940
loss_CCD	: 0.0001
Src_cls_loss	: 0.0000
-------------------------------------
[Epoch : 18/20]
Pr_Src_cls_loss	: 0.1208
Total_loss	: 0.0633
loss_cls	: 0.0633
loss_PCD	: 3.9948
loss_CCD	: 0.0001
Src_cls_loss	: 0.0000
-------------------------------------
[Epoch : 19/20]
Pr_Src_cls_loss	: 0.1208
Total_loss	: 0.0631
loss_cls	: 0.0631
loss_PCD	: 3.9945
loss_CCD	: 0.0001
Src_cls_loss	: 0.0000
-------------------------------------
[Epoch : 20/20]
Pr_Src_cls_loss	: 0.1208
Total_loss	: 0.0628
loss_cls	: 0.0628
loss_PCD	: 3.9935
loss_CCD	: 0.0001
Src_cls_loss	: 0.0000
-------------------------------------
H_score: 0.0000, OS* (acc_c): 0.0000, UNK (acc_p): 1.0000, acc_mix: 0.6499, F1: 0.5120
Uploading logs from: /mnt/data/home/tp2474/OpenSet-AdaTime/experiments_logs/curriculum/RealWorld to Pamap2_UniDA_hard_n4_fno_mean/UniOT_UniDA_hard_n4_fno_mean/RealWorld_to_Pamap2_run_3
🏃 View run UniOT_run_3 at: http://127.0.0.1:5001/#/experiments/184677581363591778/runs/54fe9bd8be474ae8b55806c1474d9166
🧪 View experiment at: http://127.0.0.1:5001/#/experiments/184677581363591778
=============================================
Dataset: RealWorld to Pamap2_UniDA_hard_n4_fno_mean
Method:  UniOT
=============================================
Source: RealWorld ---> Target: Pamap2
Run ID: 4
=============================================
[Pr Epoch : 1/20]
Pr_Src_cls_loss	: 0.3393
-------------------------------------
[Pr Epoch : 2/20]
Pr_Src_cls_loss	: 0.2700
-------------------------------------
[Pr Epoch : 3/20]
Pr_Src_cls_loss	: 0.2353
-------------------------------------
[Pr Epoch : 4/20]
Pr_Src_cls_loss	: 0.2130
-------------------------------------
[Pr Epoch : 5/20]
Pr_Src_cls_loss	: 0.1971
-------------------------------------
[Pr Epoch : 6/20]
Pr_Src_cls_loss	: 0.1848
-------------------------------------
[Pr Epoch : 7/20]
Pr_Src_cls_loss	: 0.1748
-------------------------------------
[Pr Epoch : 8/20]
Pr_Src_cls_loss	: 0.1665
-------------------------------------
[Pr Epoch : 9/20]
Pr_Src_cls_loss	: 0.1595
-------------------------------------
[Pr Epoch : 10/20]
Pr_Src_cls_loss	: 0.1531
-------------------------------------
[Pr Epoch : 11/20]
Pr_Src_cls_loss	: 0.1478
-------------------------------------
[Pr Epoch : 12/20]
Pr_Src_cls_loss	: 0.1427
-------------------------------------
[Pr Epoch : 13/20]
Pr_Src_cls_loss	: 0.1384
-------------------------------------
[Pr Epoch : 14/20]
Pr_Src_cls_loss	: 0.1345
-------------------------------------
[Pr Epoch : 15/20]
Pr_Src_cls_loss	: 0.1310
-------------------------------------
[Pr Epoch : 16/20]
Pr_Src_cls_loss	: 0.1275
-------------------------------------
[Pr Epoch : 17/20]
Pr_Src_cls_loss	: 0.1245
-------------------------------------
[Pr Epoch : 18/20]
Pr_Src_cls_loss	: 0.1215
-------------------------------------
[Pr Epoch : 19/20]
Pr_Src_cls_loss	: 0.1190
-------------------------------------
[Pr Epoch : 20/20]
Pr_Src_cls_loss	: 0.1168
-------------------------------------
[Epoch : 1/20]
Pr_Src_cls_loss	: 0.1168
Total_loss	: 0.0714
loss_cls	: 0.0711
loss_PCD	: 3.6479
loss_CCD	: 0.0009
-------------------------------------
[Epoch : 2/20]
Pr_Src_cls_loss	: 0.1168
Total_loss	: 0.0700
loss_cls	: 0.0697
loss_PCD	: 3.6437
loss_CCD	: 0.0007
-------------------------------------
[Epoch : 3/20]
Pr_Src_cls_loss	: 0.1168
Total_loss	: 0.0697
loss_cls	: 0.0695
loss_PCD	: 3.6956
loss_CCD	: 0.0007
-------------------------------------
[Epoch : 4/20]
Pr_Src_cls_loss	: 0.1168
Total_loss	: 0.0694
loss_cls	: 0.0692
loss_PCD	: 3.7077
loss_CCD	: 0.0007
-------------------------------------
[Epoch : 5/20]
Pr_Src_cls_loss	: 0.1168
Total_loss	: 0.0685
loss_cls	: 0.0683
loss_PCD	: 3.7295
loss_CCD	: 0.0006
-------------------------------------
[Epoch : 6/20]
Pr_Src_cls_loss	: 0.1168
Total_loss	: 0.0678
loss_cls	: 0.0676
loss_PCD	: 3.7352
loss_CCD	: 0.0005
-------------------------------------
[Epoch : 7/20]
Pr_Src_cls_loss	: 0.1168
Total_loss	: 0.0676
loss_cls	: 0.0675
loss_PCD	: 3.7514
loss_CCD	: 0.0006
-------------------------------------
[Epoch : 8/20]
Pr_Src_cls_loss	: 0.1168
Total_loss	: 0.0676
loss_cls	: 0.0674
loss_PCD	: 3.7652
loss_CCD	: 0.0005
-------------------------------------
[Epoch : 9/20]
Pr_Src_cls_loss	: 0.1168
Total_loss	: 0.0667
loss_cls	: 0.0665
loss_PCD	: 3.7650
loss_CCD	: 0.0005
Src_cls_loss	: 0.0000
-------------------------------------
[Epoch : 10/20]
Pr_Src_cls_loss	: 0.1168
Total_loss	: 0.0661
loss_cls	: 0.0660
loss_PCD	: 3.7668
loss_CCD	: 0.0005
Src_cls_loss	: 0.0000
-------------------------------------
[Epoch : 11/20]
Pr_Src_cls_loss	: 0.1168
Total_loss	: 0.0656
loss_cls	: 0.0655
loss_PCD	: 3.7758
loss_CCD	: 0.0005
Src_cls_loss	: 0.0000
-------------------------------------
[Epoch : 12/20]
Pr_Src_cls_loss	: 0.1168
Total_loss	: 0.0654
loss_cls	: 0.0652
loss_PCD	: 3.7852
loss_CCD	: 0.0005
Src_cls_loss	: 0.0000
-------------------------------------
[Epoch : 13/20]
Pr_Src_cls_loss	: 0.1168
Total_loss	: 0.0649
loss_cls	: 0.0647
loss_PCD	: 3.7943
loss_CCD	: 0.0005
Src_cls_loss	: 0.0000
-------------------------------------
[Epoch : 14/20]
Pr_Src_cls_loss	: 0.1168
Total_loss	: 0.0646
loss_cls	: 0.0644
loss_PCD	: 3.7969
loss_CCD	: 0.0005
Src_cls_loss	: 0.0000
-------------------------------------
[Epoch : 15/20]
Pr_Src_cls_loss	: 0.1168
Total_loss	: 0.0645
loss_cls	: 0.0644
loss_PCD	: 3.8013
loss_CCD	: 0.0005
Src_cls_loss	: 0.0000
-------------------------------------
[Epoch : 16/20]
Pr_Src_cls_loss	: 0.1168
Total_loss	: 0.0642
loss_cls	: 0.0640
loss_PCD	: 3.8058
loss_CCD	: 0.0005
Src_cls_loss	: 0.0000
-------------------------------------
[Epoch : 17/20]
Pr_Src_cls_loss	: 0.1168
Total_loss	: 0.0638
loss_cls	: 0.0637
loss_PCD	: 3.8073
loss_CCD	: 0.0004
Src_cls_loss	: 0.0000
-------------------------------------
[Epoch : 18/20]
Pr_Src_cls_loss	: 0.1168
Total_loss	: 0.0636
loss_cls	: 0.0635
loss_PCD	: 3.8090
loss_CCD	: 0.0004
Src_cls_loss	: 0.0000
-------------------------------------
[Epoch : 19/20]
Pr_Src_cls_loss	: 0.1168
Total_loss	: 0.0635
loss_cls	: 0.0633
loss_PCD	: 3.8127
loss_CCD	: 0.0004
Src_cls_loss	: 0.0000
-------------------------------------
[Epoch : 20/20]
Pr_Src_cls_loss	: 0.1168
Total_loss	: 0.0633
loss_cls	: 0.0632
loss_PCD	: 3.8113
loss_CCD	: 0.0004
Src_cls_loss	: 0.0000
-------------------------------------
H_score: 0.5356, OS* (acc_c): 0.3804, UNK (acc_p): 0.9049, acc_mix: 0.7213, F1: 0.6812
Uploading logs from: /mnt/data/home/tp2474/OpenSet-AdaTime/experiments_logs/curriculum/RealWorld to Pamap2_UniDA_hard_n4_fno_mean/UniOT_UniDA_hard_n4_fno_mean/RealWorld_to_Pamap2_run_4
🏃 View run UniOT_run_4 at: http://127.0.0.1:5001/#/experiments/184677581363591778/runs/9e08cba2557d43e08691416e15cda7e2
🧪 View experiment at: http://127.0.0.1:5001/#/experiments/184677581363591778
==================== [n4 fno_mean] UniJDOT ====================
[curriculum] scenario=UniDA  strategy=hard  n_unknown=4  rank_variant=fno_mean
[curriculum] source mapping (8 classes): {'lying': 'lying', 'sitting': 'sitting', 'walking': 'walking', 'running': 'running', 'climbingup': 'climbingup', 'jumping': 'jumping', 'climbingdown': 'climbingdown', 'standing': 'standing'}
[curriculum] target mapping (8 classes): {'lying': 'lying', 'sitting': 'sitting', 'walking': 'walking', 'running': 'running', 'other (transient activities)': 'other (transient activities)', 'ascending stairs': 'ascending stairs', 'descending stairs': 'descending stairs', 'vacuum cleaning': 'vacuum cleaning'}
[curriculum] unknowns added (in hard order): src=[climbingup,jumping,climbingdown,standing] | trg=[other (transient activities),ascending stairs,descending stairs,vacuum cleaning]
[scenario] UniJDOT -> UniDA (uniDA=True)
Unlabeled data shape:  (13598, 150, 18)
Unlabelled Combined shape: (22651, 150, 18)

--- Dataloader Size Check ---
Source Train batches:   935
Target Train batches:   424
-------------------------------

Private classes:  tensor([ 8.,  9., 10., 11.])
=============================================
Dataset: RealWorld to Pamap2_UniDA_hard_n4_fno_mean
Method:  UniJDOT
=============================================
Source: RealWorld ---> Target: Pamap2
Run ID: 0
=============================================
[Pr Epoch : 1/20]
Pr_Src_cls_loss	: 0.3257
-------------------------------------
[Pr Epoch : 2/20]
Pr_Src_cls_loss	: 0.2607
-------------------------------------
[Pr Epoch : 3/20]
Pr_Src_cls_loss	: 0.2263
-------------------------------------
[Pr Epoch : 4/20]
Pr_Src_cls_loss	: 0.2040
-------------------------------------
[Pr Epoch : 5/20]
Pr_Src_cls_loss	: 0.1871
-------------------------------------
[Pr Epoch : 6/20]
Pr_Src_cls_loss	: 0.1736
-------------------------------------
[Pr Epoch : 7/20]
Pr_Src_cls_loss	: 0.1625
-------------------------------------
[Pr Epoch : 8/20]
Pr_Src_cls_loss	: 0.1534
-------------------------------------
[Pr Epoch : 9/20]
Pr_Src_cls_loss	: 0.1457
-------------------------------------
[Pr Epoch : 10/20]
Pr_Src_cls_loss	: 0.1391
-------------------------------------
[Pr Epoch : 11/20]
Pr_Src_cls_loss	: 0.1331
-------------------------------------
[Pr Epoch : 12/20]
Pr_Src_cls_loss	: 0.1277
-------------------------------------
[Pr Epoch : 13/20]
Pr_Src_cls_loss	: 0.1227
-------------------------------------
[Pr Epoch : 14/20]
Pr_Src_cls_loss	: 0.1186
-------------------------------------
[Pr Epoch : 15/20]
Pr_Src_cls_loss	: 0.1147
-------------------------------------
[Pr Epoch : 16/20]
Pr_Src_cls_loss	: 0.1112
-------------------------------------
[Pr Epoch : 17/20]
Pr_Src_cls_loss	: 0.1079
-------------------------------------
[Pr Epoch : 18/20]
Pr_Src_cls_loss	: 0.1046
-------------------------------------
[Pr Epoch : 19/20]
Pr_Src_cls_loss	: 0.1018
-------------------------------------
[Pr Epoch : 20/20]
Pr_Src_cls_loss	: 0.0993
-------------------------------------
/mnt/data/home/tp2474/OpenSet-AdaTime/algorithms/algorithms.py:1865: UserWarning: Implicit dimension choice for softmax has been deprecated. Change the call to include dim=X as an argument.
  trg_soft_cen = torch.nn.functional.softmax(after_lincls_cen).double()
[Epoch : 1/20]
Pr_Src_cls_loss	: 0.0993
Total_loss	: 0.0729
loss_cls	: 0.0276
loss_align	: 0.0453
-------------------------------------
[Epoch : 2/20]
Pr_Src_cls_loss	: 0.0993
Total_loss	: 0.0685
loss_cls	: 0.0290
loss_align	: 0.0395
-------------------------------------
[Epoch : 3/20]
Pr_Src_cls_loss	: 0.0993
Total_loss	: 0.0652
loss_cls	: 0.0295
loss_align	: 0.0357
-------------------------------------
[Epoch : 4/20]
Pr_Src_cls_loss	: 0.0993
Total_loss	: 0.0630
loss_cls	: 0.0298
loss_align	: 0.0332
-------------------------------------
[Epoch : 5/20]
Pr_Src_cls_loss	: 0.0993
Total_loss	: 0.0614
loss_cls	: 0.0299
loss_align	: 0.0315
-------------------------------------
[Epoch : 6/20]
Pr_Src_cls_loss	: 0.0993
Total_loss	: 0.0596
loss_cls	: 0.0295
loss_align	: 0.0302
-------------------------------------
[Epoch : 7/20]
Pr_Src_cls_loss	: 0.0993
Total_loss	: 0.0585
loss_cls	: 0.0294
loss_align	: 0.0290
-------------------------------------
[Epoch : 8/20]
Pr_Src_cls_loss	: 0.0993
Total_loss	: 0.0575
loss_cls	: 0.0291
loss_align	: 0.0284
-------------------------------------
[Epoch : 9/20]
Pr_Src_cls_loss	: 0.0993
Total_loss	: 0.0567
loss_cls	: 0.0290
loss_align	: 0.0277
Src_cls_loss	: 0.0000
-------------------------------------
[Epoch : 10/20]
Pr_Src_cls_loss	: 0.0993
Total_loss	: 0.0560
loss_cls	: 0.0289
loss_align	: 0.0271
Src_cls_loss	: 0.0000
-------------------------------------
[Epoch : 11/20]
Pr_Src_cls_loss	: 0.0993
Total_loss	: 0.0553
loss_cls	: 0.0287
loss_align	: 0.0266
Src_cls_loss	: 0.0000
-------------------------------------
[Epoch : 12/20]
Pr_Src_cls_loss	: 0.0993
Total_loss	: 0.0546
loss_cls	: 0.0284
loss_align	: 0.0262
Src_cls_loss	: 0.0000
-------------------------------------
[Epoch : 13/20]
Pr_Src_cls_loss	: 0.0993
Total_loss	: 0.0541
loss_cls	: 0.0282
loss_align	: 0.0258
Src_cls_loss	: 0.0000
-------------------------------------
[Epoch : 14/20]
Pr_Src_cls_loss	: 0.0993
Total_loss	: 0.0536
loss_cls	: 0.0281
loss_align	: 0.0256
Src_cls_loss	: 0.0000
-------------------------------------
[Epoch : 15/20]
Pr_Src_cls_loss	: 0.0993
Total_loss	: 0.0533
loss_cls	: 0.0280
loss_align	: 0.0253
Src_cls_loss	: 0.0000
-------------------------------------
[Epoch : 16/20]
Pr_Src_cls_loss	: 0.0993
Total_loss	: 0.0529
loss_cls	: 0.0278
loss_align	: 0.0251
Src_cls_loss	: 0.0000
-------------------------------------
[Epoch : 17/20]
Pr_Src_cls_loss	: 0.0993
Total_loss	: 0.0527
loss_cls	: 0.0278
loss_align	: 0.0249
Src_cls_loss	: 0.0000
-------------------------------------
[Epoch : 18/20]
Pr_Src_cls_loss	: 0.0993
Total_loss	: 0.0524
loss_cls	: 0.0277
loss_align	: 0.0247
Src_cls_loss	: 0.0000
-------------------------------------
[Epoch : 19/20]
Pr_Src_cls_loss	: 0.0993
Total_loss	: 0.0521
loss_cls	: 0.0276
loss_align	: 0.0246
Src_cls_loss	: 0.0000
-------------------------------------
[Epoch : 20/20]
Pr_Src_cls_loss	: 0.0993
Total_loss	: 0.0517
loss_cls	: 0.0273
loss_align	: 0.0244
Src_cls_loss	: 0.0000
-------------------------------------
/mnt/data/home/tp2474/OpenSet-AdaTime/trainers/abstract_trainer.py:331: FutureWarning: The behavior of DataFrame concatenation with empty or all-NA entries is deprecated. In a future version, this will no longer exclude empty or all-NA columns when determining the result dtypes. To retain the old behavior, exclude the relevant entries before the concat operation.
  table = pd.concat([table, results_df], ignore_index=True)

[UniJDOT Debug] final_threshold = 0.4263 conf mean=0.3351 std=0.1523 reject=51.56%
[UniJDOT Eval ALL] n=13598 threshold=0.4263
[UniJDOT Eval ALL] conf: min=0.1256 max=0.6179 mean=0.3046 std=0.1536
[UniJDOT Eval ALL] rejected: 59.72%
[UniJDOT Eval ALL] pred class dist (pre-reject): [842, 1125, 36, 2410, 1043, 5395, 496, 2251]
[UniJDOT Eval ALL] true label dist: [0, 0, 0, 1284, 654, 1233, 0, 1590, 8837] (last bin = unknown)
H_score: 0.6847, OS* (acc_c): 0.5944, UNK (acc_p): 0.8074, acc_mix: 0.7328, F1: 0.7516
[UniJDOT Eval ALL] n=13598 threshold=0.4263
[UniJDOT Eval ALL] conf: min=0.1256 max=0.6179 mean=0.3046 std=0.1536
[UniJDOT Eval ALL] rejected: 59.72%
[UniJDOT Eval ALL] pred class dist (pre-reject): [842, 1125, 36, 2410, 1043, 5395, 496, 2251]
[UniJDOT Eval ALL] true label dist: [0, 0, 0, 1284, 654, 1233, 0, 1590, 8837] (last bin = unknown)
Uploading logs from: /mnt/data/home/tp2474/OpenSet-AdaTime/experiments_logs/curriculum/RealWorld to Pamap2_UniDA_hard_n4_fno_mean/UniJDOT_UniDA_hard_n4_fno_mean/RealWorld_to_Pamap2_run_0
🏃 View run UniJDOT_run_0 at: http://127.0.0.1:5001/#/experiments/184677581363591778/runs/42f3e5224d1f49b2abdd9e3a4df60c1a
🧪 View experiment at: http://127.0.0.1:5001/#/experiments/184677581363591778
=============================================
Dataset: RealWorld to Pamap2_UniDA_hard_n4_fno_mean
Method:  UniJDOT
=============================================
Source: RealWorld ---> Target: Pamap2
Run ID: 1
=============================================
[Pr Epoch : 1/20]
Pr_Src_cls_loss	: 0.3480
-------------------------------------
[Pr Epoch : 2/20]
Pr_Src_cls_loss	: 0.2715
-------------------------------------
[Pr Epoch : 3/20]
Pr_Src_cls_loss	: 0.2347
-------------------------------------
[Pr Epoch : 4/20]
Pr_Src_cls_loss	: 0.2092
-------------------------------------
[Pr Epoch : 5/20]
Pr_Src_cls_loss	: 0.1922
-------------------------------------
[Pr Epoch : 6/20]
Pr_Src_cls_loss	: 0.1787
-------------------------------------
[Pr Epoch : 7/20]
Pr_Src_cls_loss	: 0.1679
-------------------------------------
[Pr Epoch : 8/20]
Pr_Src_cls_loss	: 0.1582
-------------------------------------
[Pr Epoch : 9/20]
Pr_Src_cls_loss	: 0.1503
-------------------------------------
[Pr Epoch : 10/20]
Pr_Src_cls_loss	: 0.1433
-------------------------------------
[Pr Epoch : 11/20]
Pr_Src_cls_loss	: 0.1370
-------------------------------------
[Pr Epoch : 12/20]
Pr_Src_cls_loss	: 0.1316
-------------------------------------
[Pr Epoch : 13/20]
Pr_Src_cls_loss	: 0.1265
-------------------------------------
[Pr Epoch : 14/20]
Pr_Src_cls_loss	: 0.1221
-------------------------------------
[Pr Epoch : 15/20]
Pr_Src_cls_loss	: 0.1182
-------------------------------------
[Pr Epoch : 16/20]
Pr_Src_cls_loss	: 0.1147
-------------------------------------
[Pr Epoch : 17/20]
Pr_Src_cls_loss	: 0.1112
-------------------------------------
[Pr Epoch : 18/20]
Pr_Src_cls_loss	: 0.1082
-------------------------------------
[Pr Epoch : 19/20]
Pr_Src_cls_loss	: 0.1053
-------------------------------------
[Pr Epoch : 20/20]
Pr_Src_cls_loss	: 0.1025
-------------------------------------
/mnt/data/home/tp2474/OpenSet-AdaTime/algorithms/algorithms.py:1865: UserWarning: Implicit dimension choice for softmax has been deprecated. Change the call to include dim=X as an argument.
  trg_soft_cen = torch.nn.functional.softmax(after_lincls_cen).double()
[Epoch : 1/20]
Pr_Src_cls_loss	: 0.1025
Total_loss	: 0.0717
loss_cls	: 0.0286
loss_align	: 0.0430
-------------------------------------
[Epoch : 2/20]
Pr_Src_cls_loss	: 0.1025
Total_loss	: 0.0653
loss_cls	: 0.0297
loss_align	: 0.0356
-------------------------------------
[Epoch : 3/20]
Pr_Src_cls_loss	: 0.1025
Total_loss	: 0.0629
loss_cls	: 0.0310
loss_align	: 0.0319
-------------------------------------
[Epoch : 4/20]
Pr_Src_cls_loss	: 0.1025
Total_loss	: 0.0611
loss_cls	: 0.0312
loss_align	: 0.0299
-------------------------------------
[Epoch : 5/20]
Pr_Src_cls_loss	: 0.1025
Total_loss	: 0.0597
loss_cls	: 0.0314
loss_align	: 0.0283
-------------------------------------
[Epoch : 6/20]
Pr_Src_cls_loss	: 0.1025
Total_loss	: 0.0584
loss_cls	: 0.0316
loss_align	: 0.0268
-------------------------------------
[Epoch : 7/20]
Pr_Src_cls_loss	: 0.1025
Total_loss	: 0.0570
loss_cls	: 0.0314
loss_align	: 0.0255
-------------------------------------
[Epoch : 8/20]
Pr_Src_cls_loss	: 0.1025
Total_loss	: 0.0557
loss_cls	: 0.0313
loss_align	: 0.0244
-------------------------------------
[Epoch : 9/20]
Pr_Src_cls_loss	: 0.1025
Total_loss	: 0.0548
loss_cls	: 0.0313
loss_align	: 0.0235
Src_cls_loss	: 0.0000
-------------------------------------
[Epoch : 10/20]
Pr_Src_cls_loss	: 0.1025
Total_loss	: 0.0536
loss_cls	: 0.0309
loss_align	: 0.0227
Src_cls_loss	: 0.0000
-------------------------------------
[Epoch : 11/20]
Pr_Src_cls_loss	: 0.1025
Total_loss	: 0.0529
loss_cls	: 0.0308
loss_align	: 0.0221
Src_cls_loss	: 0.0000
-------------------------------------
[Epoch : 12/20]
Pr_Src_cls_loss	: 0.1025
Total_loss	: 0.0520
loss_cls	: 0.0304
loss_align	: 0.0215
Src_cls_loss	: 0.0000
-------------------------------------
[Epoch : 13/20]
Pr_Src_cls_loss	: 0.1025
Total_loss	: 0.0514
loss_cls	: 0.0303
loss_align	: 0.0211
Src_cls_loss	: 0.0000
-------------------------------------
[Epoch : 14/20]
Pr_Src_cls_loss	: 0.1025
Total_loss	: 0.0509
loss_cls	: 0.0301
loss_align	: 0.0208
Src_cls_loss	: 0.0000
-------------------------------------
[Epoch : 15/20]
Pr_Src_cls_loss	: 0.1025
Total_loss	: 0.0504
loss_cls	: 0.0299
loss_align	: 0.0205
Src_cls_loss	: 0.0000
-------------------------------------
[Epoch : 16/20]
Pr_Src_cls_loss	: 0.1025
Total_loss	: 0.0502
loss_cls	: 0.0299
loss_align	: 0.0203
Src_cls_loss	: 0.0000
-------------------------------------
[Epoch : 17/20]
Pr_Src_cls_loss	: 0.1025
Total_loss	: 0.0499
loss_cls	: 0.0298
loss_align	: 0.0202
Src_cls_loss	: 0.0000
-------------------------------------
[Epoch : 18/20]
Pr_Src_cls_loss	: 0.1025
Total_loss	: 0.0496
loss_cls	: 0.0296
loss_align	: 0.0200
Src_cls_loss	: 0.0000
-------------------------------------
[Epoch : 19/20]
Pr_Src_cls_loss	: 0.1025
Total_loss	: 0.0493
loss_cls	: 0.0295
loss_align	: 0.0199
Src_cls_loss	: 0.0000
-------------------------------------
[Epoch : 20/20]
Pr_Src_cls_loss	: 0.1025
Total_loss	: 0.0493
loss_cls	: 0.0295
loss_align	: 0.0198
Src_cls_loss	: 0.0000
-------------------------------------

[UniJDOT Debug] final_threshold = 0.4545 conf mean=0.3223 std=0.1725 reject=51.56%
[UniJDOT Eval ALL] n=13598 threshold=0.4545
[UniJDOT Eval ALL] conf: min=0.1254 max=0.8743 mean=0.3020 std=0.1733
[UniJDOT Eval ALL] rejected: 60.05%
[UniJDOT Eval ALL] pred class dist (pre-reject): [709, 274, 4614, 2499, 1253, 2626, 325, 1298]
[UniJDOT Eval ALL] true label dist: [0, 0, 0, 1284, 654, 1233, 0, 1590, 8837] (last bin = unknown)
H_score: 0.6701, OS* (acc_c): 0.5967, UNK (acc_p): 0.7641, acc_mix: 0.7055, F1: 0.7164
[UniJDOT Eval ALL] n=13598 threshold=0.4545
[UniJDOT Eval ALL] conf: min=0.1254 max=0.8743 mean=0.3020 std=0.1733
[UniJDOT Eval ALL] rejected: 60.05%
[UniJDOT Eval ALL] pred class dist (pre-reject): [709, 274, 4614, 2499, 1253, 2626, 325, 1298]
[UniJDOT Eval ALL] true label dist: [0, 0, 0, 1284, 654, 1233, 0, 1590, 8837] (last bin = unknown)
Uploading logs from: /mnt/data/home/tp2474/OpenSet-AdaTime/experiments_logs/curriculum/RealWorld to Pamap2_UniDA_hard_n4_fno_mean/UniJDOT_UniDA_hard_n4_fno_mean/RealWorld_to_Pamap2_run_1
🏃 View run UniJDOT_run_1 at: http://127.0.0.1:5001/#/experiments/184677581363591778/runs/6fd9e5bf34c246969515368ad8c95a1d
🧪 View experiment at: http://127.0.0.1:5001/#/experiments/184677581363591778
=============================================
Dataset: RealWorld to Pamap2_UniDA_hard_n4_fno_mean
Method:  UniJDOT
=============================================
Source: RealWorld ---> Target: Pamap2
Run ID: 2
=============================================
[Pr Epoch : 1/20]
Pr_Src_cls_loss	: 0.3321
-------------------------------------
[Pr Epoch : 2/20]
Pr_Src_cls_loss	: 0.2660
-------------------------------------
[Pr Epoch : 3/20]
Pr_Src_cls_loss	: 0.2299
-------------------------------------
[Pr Epoch : 4/20]
Pr_Src_cls_loss	: 0.2062
-------------------------------------
[Pr Epoch : 5/20]
Pr_Src_cls_loss	: 0.1890
-------------------------------------
[Pr Epoch : 6/20]
Pr_Src_cls_loss	: 0.1761
-------------------------------------
[Pr Epoch : 7/20]
Pr_Src_cls_loss	: 0.1645
-------------------------------------
[Pr Epoch : 8/20]
Pr_Src_cls_loss	: 0.1557
-------------------------------------
[Pr Epoch : 9/20]
Pr_Src_cls_loss	: 0.1477
-------------------------------------
[Pr Epoch : 10/20]
Pr_Src_cls_loss	: 0.1410
-------------------------------------
[Pr Epoch : 11/20]
Pr_Src_cls_loss	: 0.1354
-------------------------------------
[Pr Epoch : 12/20]
Pr_Src_cls_loss	: 0.1302
-------------------------------------
[Pr Epoch : 13/20]
Pr_Src_cls_loss	: 0.1252
-------------------------------------
[Pr Epoch : 14/20]
Pr_Src_cls_loss	: 0.1208
-------------------------------------
[Pr Epoch : 15/20]
Pr_Src_cls_loss	: 0.1169
-------------------------------------
[Pr Epoch : 16/20]
Pr_Src_cls_loss	: 0.1135
-------------------------------------
[Pr Epoch : 17/20]
Pr_Src_cls_loss	: 0.1101
-------------------------------------
[Pr Epoch : 18/20]
Pr_Src_cls_loss	: 0.1070
-------------------------------------
[Pr Epoch : 19/20]
Pr_Src_cls_loss	: 0.1042
-------------------------------------
[Pr Epoch : 20/20]
Pr_Src_cls_loss	: 0.1016
-------------------------------------
/mnt/data/home/tp2474/OpenSet-AdaTime/algorithms/algorithms.py:1865: UserWarning: Implicit dimension choice for softmax has been deprecated. Change the call to include dim=X as an argument.
  trg_soft_cen = torch.nn.functional.softmax(after_lincls_cen).double()
[Epoch : 1/20]
Pr_Src_cls_loss	: 0.1016
Total_loss	: 0.0796
loss_cls	: 0.0289
loss_align	: 0.0507
-------------------------------------
[Epoch : 2/20]
Pr_Src_cls_loss	: 0.1016
Total_loss	: 0.0718
loss_cls	: 0.0302
loss_align	: 0.0417
-------------------------------------
[Epoch : 3/20]
Pr_Src_cls_loss	: 0.1016
Total_loss	: 0.0672
loss_cls	: 0.0305
loss_align	: 0.0367
-------------------------------------
[Epoch : 4/20]
Pr_Src_cls_loss	: 0.1016
Total_loss	: 0.0645
loss_cls	: 0.0310
loss_align	: 0.0335
-------------------------------------
[Epoch : 5/20]
Pr_Src_cls_loss	: 0.1016
Total_loss	: 0.0624
loss_cls	: 0.0310
loss_align	: 0.0314
-------------------------------------
[Epoch : 6/20]
Pr_Src_cls_loss	: 0.1016
Total_loss	: 0.0608
loss_cls	: 0.0308
loss_align	: 0.0300
-------------------------------------
[Epoch : 7/20]
Pr_Src_cls_loss	: 0.1016
Total_loss	: 0.0594
loss_cls	: 0.0305
loss_align	: 0.0289
-------------------------------------
[Epoch : 8/20]
Pr_Src_cls_loss	: 0.1016
Total_loss	: 0.0580
loss_cls	: 0.0301
loss_align	: 0.0279
-------------------------------------
[Epoch : 9/20]
Pr_Src_cls_loss	: 0.1016
Total_loss	: 0.0573
loss_cls	: 0.0300
loss_align	: 0.0274
Src_cls_loss	: 0.0000
-------------------------------------
[Epoch : 10/20]
Pr_Src_cls_loss	: 0.1016
Total_loss	: 0.0567
loss_cls	: 0.0298
loss_align	: 0.0269
Src_cls_loss	: 0.0000
-------------------------------------
[Epoch : 11/20]
Pr_Src_cls_loss	: 0.1016
Total_loss	: 0.0559
loss_cls	: 0.0295
loss_align	: 0.0263
Src_cls_loss	: 0.0000
-------------------------------------
[Epoch : 12/20]
Pr_Src_cls_loss	: 0.1016
Total_loss	: 0.0554
loss_cls	: 0.0295
loss_align	: 0.0259
Src_cls_loss	: 0.0000
-------------------------------------
[Epoch : 13/20]
Pr_Src_cls_loss	: 0.1016
Total_loss	: 0.0549
loss_cls	: 0.0293
loss_align	: 0.0255
Src_cls_loss	: 0.0000
-------------------------------------
[Epoch : 14/20]
Pr_Src_cls_loss	: 0.1016
Total_loss	: 0.0546
loss_cls	: 0.0294
loss_align	: 0.0252
Src_cls_loss	: 0.0000
-------------------------------------
[Epoch : 15/20]
Pr_Src_cls_loss	: 0.1016
Total_loss	: 0.0541
loss_cls	: 0.0292
loss_align	: 0.0250
Src_cls_loss	: 0.0000
-------------------------------------
[Epoch : 16/20]
Pr_Src_cls_loss	: 0.1016
Total_loss	: 0.0537
loss_cls	: 0.0290
loss_align	: 0.0248
Src_cls_loss	: 0.0000
-------------------------------------
[Epoch : 17/20]
Pr_Src_cls_loss	: 0.1016
Total_loss	: 0.0534
loss_cls	: 0.0288
loss_align	: 0.0246
Src_cls_loss	: 0.0000
-------------------------------------
[Epoch : 18/20]
Pr_Src_cls_loss	: 0.1016
Total_loss	: 0.0530
loss_cls	: 0.0286
loss_align	: 0.0244
Src_cls_loss	: 0.0000
-------------------------------------
[Epoch : 19/20]
Pr_Src_cls_loss	: 0.1016
Total_loss	: 0.0527
loss_cls	: 0.0285
loss_align	: 0.0242
Src_cls_loss	: 0.0000
-------------------------------------
[Epoch : 20/20]
Pr_Src_cls_loss	: 0.1016
Total_loss	: 0.0526
loss_cls	: 0.0285
loss_align	: 0.0241
Src_cls_loss	: 0.0000
-------------------------------------

[UniJDOT Debug] final_threshold = 0.4055 conf mean=0.3079 std=0.1537 reject=65.62%
[UniJDOT Eval ALL] n=13598 threshold=0.4055
[UniJDOT Eval ALL] conf: min=0.1266 max=0.7957 mean=0.2932 std=0.1510
[UniJDOT Eval ALL] rejected: 69.22%
[UniJDOT Eval ALL] pred class dist (pre-reject): [902, 1397, 4347, 1657, 1372, 1959, 492, 1472]
[UniJDOT Eval ALL] true label dist: [0, 0, 0, 1284, 654, 1233, 0, 1590, 8837] (last bin = unknown)
H_score: 0.5132, OS* (acc_c): 0.3743, UNK (acc_p): 0.8161, acc_mix: 0.6614, F1: 0.6441
[UniJDOT Eval ALL] n=13598 threshold=0.4055
[UniJDOT Eval ALL] conf: min=0.1266 max=0.7957 mean=0.2932 std=0.1510
[UniJDOT Eval ALL] rejected: 69.22%
[UniJDOT Eval ALL] pred class dist (pre-reject): [902, 1397, 4347, 1657, 1372, 1959, 492, 1472]
[UniJDOT Eval ALL] true label dist: [0, 0, 0, 1284, 654, 1233, 0, 1590, 8837] (last bin = unknown)
Uploading logs from: /mnt/data/home/tp2474/OpenSet-AdaTime/experiments_logs/curriculum/RealWorld to Pamap2_UniDA_hard_n4_fno_mean/UniJDOT_UniDA_hard_n4_fno_mean/RealWorld_to_Pamap2_run_2
🏃 View run UniJDOT_run_2 at: http://127.0.0.1:5001/#/experiments/184677581363591778/runs/78926c5dfe5346c08c7a6cd78c1389bc
🧪 View experiment at: http://127.0.0.1:5001/#/experiments/184677581363591778
=============================================
Dataset: RealWorld to Pamap2_UniDA_hard_n4_fno_mean
Method:  UniJDOT
=============================================
Source: RealWorld ---> Target: Pamap2
Run ID: 3
=============================================
[Pr Epoch : 1/20]
Pr_Src_cls_loss	: 0.3615
-------------------------------------
[Pr Epoch : 2/20]
Pr_Src_cls_loss	: 0.2810
-------------------------------------
[Pr Epoch : 3/20]
Pr_Src_cls_loss	: 0.2399
-------------------------------------
[Pr Epoch : 4/20]
Pr_Src_cls_loss	: 0.2142
-------------------------------------
[Pr Epoch : 5/20]
Pr_Src_cls_loss	: 0.1956
-------------------------------------
[Pr Epoch : 6/20]
Pr_Src_cls_loss	: 0.1800
-------------------------------------
[Pr Epoch : 7/20]
Pr_Src_cls_loss	: 0.1681
-------------------------------------
[Pr Epoch : 8/20]
Pr_Src_cls_loss	: 0.1584
-------------------------------------
[Pr Epoch : 9/20]
Pr_Src_cls_loss	: 0.1504
-------------------------------------
[Pr Epoch : 10/20]
Pr_Src_cls_loss	: 0.1430
-------------------------------------
[Pr Epoch : 11/20]
Pr_Src_cls_loss	: 0.1367
-------------------------------------
[Pr Epoch : 12/20]
Pr_Src_cls_loss	: 0.1311
-------------------------------------
[Pr Epoch : 13/20]
Pr_Src_cls_loss	: 0.1259
-------------------------------------
[Pr Epoch : 14/20]
Pr_Src_cls_loss	: 0.1216
-------------------------------------
[Pr Epoch : 15/20]
Pr_Src_cls_loss	: 0.1177
-------------------------------------
[Pr Epoch : 16/20]
Pr_Src_cls_loss	: 0.1140
-------------------------------------
[Pr Epoch : 17/20]
Pr_Src_cls_loss	: 0.1107
-------------------------------------
[Pr Epoch : 18/20]
Pr_Src_cls_loss	: 0.1078
-------------------------------------
[Pr Epoch : 19/20]
Pr_Src_cls_loss	: 0.1050
-------------------------------------
[Pr Epoch : 20/20]
Pr_Src_cls_loss	: 0.1022
-------------------------------------
/mnt/data/home/tp2474/OpenSet-AdaTime/algorithms/algorithms.py:1865: UserWarning: Implicit dimension choice for softmax has been deprecated. Change the call to include dim=X as an argument.
  trg_soft_cen = torch.nn.functional.softmax(after_lincls_cen).double()
[Epoch : 1/20]
Pr_Src_cls_loss	: 0.1022
Total_loss	: 0.0809
loss_cls	: 0.0291
loss_align	: 0.0517
-------------------------------------
[Epoch : 2/20]
Pr_Src_cls_loss	: 0.1022
Total_loss	: 0.0721
loss_cls	: 0.0297
loss_align	: 0.0424
-------------------------------------
[Epoch : 3/20]
Pr_Src_cls_loss	: 0.1022
Total_loss	: 0.0676
loss_cls	: 0.0300
loss_align	: 0.0376
-------------------------------------
[Epoch : 4/20]
Pr_Src_cls_loss	: 0.1022
Total_loss	: 0.0643
loss_cls	: 0.0299
loss_align	: 0.0344
-------------------------------------
[Epoch : 5/20]
Pr_Src_cls_loss	: 0.1022
Total_loss	: 0.0625
loss_cls	: 0.0302
loss_align	: 0.0323
-------------------------------------
[Epoch : 6/20]
Pr_Src_cls_loss	: 0.1022
Total_loss	: 0.0613
loss_cls	: 0.0303
loss_align	: 0.0310
-------------------------------------
[Epoch : 7/20]
Pr_Src_cls_loss	: 0.1022
Total_loss	: 0.0603
loss_cls	: 0.0307
loss_align	: 0.0296
-------------------------------------
[Epoch : 8/20]
Pr_Src_cls_loss	: 0.1022
Total_loss	: 0.0589
loss_cls	: 0.0306
loss_align	: 0.0284
-------------------------------------
[Epoch : 9/20]
Pr_Src_cls_loss	: 0.1022
Total_loss	: 0.0580
loss_cls	: 0.0305
loss_align	: 0.0275
Src_cls_loss	: 0.0000
-------------------------------------
[Epoch : 10/20]
Pr_Src_cls_loss	: 0.1022
Total_loss	: 0.0570
loss_cls	: 0.0302
loss_align	: 0.0268
Src_cls_loss	: 0.0000
-------------------------------------
[Epoch : 11/20]
Pr_Src_cls_loss	: 0.1022
Total_loss	: 0.0562
loss_cls	: 0.0302
loss_align	: 0.0260
Src_cls_loss	: 0.0000
-------------------------------------
[Epoch : 12/20]
Pr_Src_cls_loss	: 0.1022
Total_loss	: 0.0556
loss_cls	: 0.0302
loss_align	: 0.0254
Src_cls_loss	: 0.0000
-------------------------------------
[Epoch : 13/20]
Pr_Src_cls_loss	: 0.1022
Total_loss	: 0.0550
loss_cls	: 0.0301
loss_align	: 0.0249
Src_cls_loss	: 0.0000
-------------------------------------
[Epoch : 14/20]
Pr_Src_cls_loss	: 0.1022
Total_loss	: 0.0543
loss_cls	: 0.0300
loss_align	: 0.0243
Src_cls_loss	: 0.0000
-------------------------------------
[Epoch : 15/20]
Pr_Src_cls_loss	: 0.1022
Total_loss	: 0.0537
loss_cls	: 0.0299
loss_align	: 0.0238
Src_cls_loss	: 0.0000
-------------------------------------
[Epoch : 16/20]
Pr_Src_cls_loss	: 0.1022
Total_loss	: 0.0534
loss_cls	: 0.0300
loss_align	: 0.0233
Src_cls_loss	: 0.0000
-------------------------------------
[Epoch : 17/20]
Pr_Src_cls_loss	: 0.1022
Total_loss	: 0.0529
loss_cls	: 0.0300
loss_align	: 0.0228
Src_cls_loss	: 0.0000
-------------------------------------
[Epoch : 18/20]
Pr_Src_cls_loss	: 0.1022
Total_loss	: 0.0523
loss_cls	: 0.0299
loss_align	: 0.0224
Src_cls_loss	: 0.0000
-------------------------------------
[Epoch : 19/20]
Pr_Src_cls_loss	: 0.1022
Total_loss	: 0.0519
loss_cls	: 0.0298
loss_align	: 0.0221
Src_cls_loss	: 0.0000
-------------------------------------
[Epoch : 20/20]
Pr_Src_cls_loss	: 0.1022
Total_loss	: 0.0513
loss_cls	: 0.0296
loss_align	: 0.0217
Src_cls_loss	: 0.0000
-------------------------------------

[UniJDOT Debug] final_threshold = 0.3092 conf mean=0.3466 std=0.2277 reject=54.69%
[UniJDOT Eval ALL] n=13598 threshold=0.3092
[UniJDOT Eval ALL] conf: min=0.1293 max=0.7054 mean=0.3780 std=0.2307
[UniJDOT Eval ALL] rejected: 49.21%
[UniJDOT Eval ALL] pred class dist (pre-reject): [1403, 654, 1, 1847, 5640, 899, 753, 2401]
[UniJDOT Eval ALL] true label dist: [0, 0, 0, 1284, 654, 1233, 0, 1590, 8837] (last bin = unknown)
H_score: 0.6188, OS* (acc_c): 0.5887, UNK (acc_p): 0.6520, acc_mix: 0.6299, F1: 0.6653
[UniJDOT Eval ALL] n=13598 threshold=0.3092
[UniJDOT Eval ALL] conf: min=0.1293 max=0.7054 mean=0.3780 std=0.2307
[UniJDOT Eval ALL] rejected: 49.21%
[UniJDOT Eval ALL] pred class dist (pre-reject): [1403, 654, 1, 1847, 5640, 899, 753, 2401]
[UniJDOT Eval ALL] true label dist: [0, 0, 0, 1284, 654, 1233, 0, 1590, 8837] (last bin = unknown)
Uploading logs from: /mnt/data/home/tp2474/OpenSet-AdaTime/experiments_logs/curriculum/RealWorld to Pamap2_UniDA_hard_n4_fno_mean/UniJDOT_UniDA_hard_n4_fno_mean/RealWorld_to_Pamap2_run_3
🏃 View run UniJDOT_run_3 at: http://127.0.0.1:5001/#/experiments/184677581363591778/runs/b43cf48ffb04459e81a305ab5a0ec87c
🧪 View experiment at: http://127.0.0.1:5001/#/experiments/184677581363591778
=============================================
Dataset: RealWorld to Pamap2_UniDA_hard_n4_fno_mean
Method:  UniJDOT
=============================================
Source: RealWorld ---> Target: Pamap2
Run ID: 4
=============================================
[Pr Epoch : 1/20]
Pr_Src_cls_loss	: 0.3366
-------------------------------------
[Pr Epoch : 2/20]
Pr_Src_cls_loss	: 0.2683
-------------------------------------
[Pr Epoch : 3/20]
Pr_Src_cls_loss	: 0.2327
-------------------------------------
[Pr Epoch : 4/20]
Pr_Src_cls_loss	: 0.2099
-------------------------------------
[Pr Epoch : 5/20]
Pr_Src_cls_loss	: 0.1908
-------------------------------------
[Pr Epoch : 6/20]
Pr_Src_cls_loss	: 0.1770
-------------------------------------
[Pr Epoch : 7/20]
Pr_Src_cls_loss	: 0.1654
-------------------------------------
[Pr Epoch : 8/20]
Pr_Src_cls_loss	: 0.1565
-------------------------------------
[Pr Epoch : 9/20]
Pr_Src_cls_loss	: 0.1483
-------------------------------------
[Pr Epoch : 10/20]
Pr_Src_cls_loss	: 0.1414
-------------------------------------
[Pr Epoch : 11/20]
Pr_Src_cls_loss	: 0.1352
-------------------------------------
[Pr Epoch : 12/20]
Pr_Src_cls_loss	: 0.1299
-------------------------------------
[Pr Epoch : 13/20]
Pr_Src_cls_loss	: 0.1249
-------------------------------------
[Pr Epoch : 14/20]
Pr_Src_cls_loss	: 0.1205
-------------------------------------
[Pr Epoch : 15/20]
Pr_Src_cls_loss	: 0.1168
-------------------------------------
[Pr Epoch : 16/20]
Pr_Src_cls_loss	: 0.1128
-------------------------------------
[Pr Epoch : 17/20]
Pr_Src_cls_loss	: 0.1094
-------------------------------------
[Pr Epoch : 18/20]
Pr_Src_cls_loss	: 0.1063
-------------------------------------
[Pr Epoch : 19/20]
Pr_Src_cls_loss	: 0.1035
-------------------------------------
[Pr Epoch : 20/20]
Pr_Src_cls_loss	: 0.1006
-------------------------------------
/mnt/data/home/tp2474/OpenSet-AdaTime/algorithms/algorithms.py:1865: UserWarning: Implicit dimension choice for softmax has been deprecated. Change the call to include dim=X as an argument.
  trg_soft_cen = torch.nn.functional.softmax(after_lincls_cen).double()
[Epoch : 1/20]
Pr_Src_cls_loss	: 0.1006
Total_loss	: 0.0760
loss_cls	: 0.0265
loss_align	: 0.0495
-------------------------------------
[Epoch : 2/20]
Pr_Src_cls_loss	: 0.1006
Total_loss	: 0.0710
loss_cls	: 0.0284
loss_align	: 0.0426
-------------------------------------
[Epoch : 3/20]
Pr_Src_cls_loss	: 0.1006
Total_loss	: 0.0677
loss_cls	: 0.0289
loss_align	: 0.0388
-------------------------------------
[Epoch : 4/20]
Pr_Src_cls_loss	: 0.1006
Total_loss	: 0.0649
loss_cls	: 0.0288
loss_align	: 0.0361
-------------------------------------
[Epoch : 5/20]
Pr_Src_cls_loss	: 0.1006
Total_loss	: 0.0626
loss_cls	: 0.0283
loss_align	: 0.0343
-------------------------------------
[Epoch : 6/20]
Pr_Src_cls_loss	: 0.1006
Total_loss	: 0.0607
loss_cls	: 0.0277
loss_align	: 0.0330
-------------------------------------
[Epoch : 7/20]
Pr_Src_cls_loss	: 0.1006
Total_loss	: 0.0599
loss_cls	: 0.0278
loss_align	: 0.0321
-------------------------------------
[Epoch : 8/20]
Pr_Src_cls_loss	: 0.1006
Total_loss	: 0.0586
loss_cls	: 0.0274
loss_align	: 0.0312
-------------------------------------
[Epoch : 9/20]
Pr_Src_cls_loss	: 0.1006
Total_loss	: 0.0578
loss_cls	: 0.0273
loss_align	: 0.0305
Src_cls_loss	: 0.0000
-------------------------------------
[Epoch : 10/20]
Pr_Src_cls_loss	: 0.1006
Total_loss	: 0.0570
loss_cls	: 0.0272
loss_align	: 0.0298
Src_cls_loss	: 0.0000
-------------------------------------
[Epoch : 11/20]
Pr_Src_cls_loss	: 0.1006
Total_loss	: 0.0562
loss_cls	: 0.0270
loss_align	: 0.0292
Src_cls_loss	: 0.0000
-------------------------------------
[Epoch : 12/20]
Pr_Src_cls_loss	: 0.1006
Total_loss	: 0.0556
loss_cls	: 0.0268
loss_align	: 0.0288
Src_cls_loss	: 0.0000
-------------------------------------
[Epoch : 13/20]
Pr_Src_cls_loss	: 0.1006
Total_loss	: 0.0553
loss_cls	: 0.0268
loss_align	: 0.0285
Src_cls_loss	: 0.0000
-------------------------------------
[Epoch : 14/20]
Pr_Src_cls_loss	: 0.1006
Total_loss	: 0.0546
loss_cls	: 0.0266
loss_align	: 0.0280
Src_cls_loss	: 0.0000
-------------------------------------
[Epoch : 15/20]
Pr_Src_cls_loss	: 0.1006
Total_loss	: 0.0543
loss_cls	: 0.0265
loss_align	: 0.0278
Src_cls_loss	: 0.0000
-------------------------------------
[Epoch : 16/20]
Pr_Src_cls_loss	: 0.1006
Total_loss	: 0.0540
loss_cls	: 0.0264
loss_align	: 0.0276
Src_cls_loss	: 0.0000
-------------------------------------
[Epoch : 17/20]
Pr_Src_cls_loss	: 0.1006
Total_loss	: 0.0535
loss_cls	: 0.0262
loss_align	: 0.0272
Src_cls_loss	: 0.0000
-------------------------------------
[Epoch : 18/20]
Pr_Src_cls_loss	: 0.1006
Total_loss	: 0.0529
loss_cls	: 0.0260
loss_align	: 0.0269
Src_cls_loss	: 0.0000
-------------------------------------
[Epoch : 19/20]
Pr_Src_cls_loss	: 0.1006
Total_loss	: 0.0525
loss_cls	: 0.0259
loss_align	: 0.0266
Src_cls_loss	: 0.0000
-------------------------------------
[Epoch : 20/20]
Pr_Src_cls_loss	: 0.1006
Total_loss	: 0.0520
loss_cls	: 0.0257
loss_align	: 0.0263
Src_cls_loss	: 0.0000
-------------------------------------

[UniJDOT Debug] final_threshold = 0.4661 conf mean=0.3239 std=0.1623 reject=78.12%
[UniJDOT Eval ALL] n=13598 threshold=0.4661
[UniJDOT Eval ALL] conf: min=0.1257 max=0.8016 mean=0.3212 std=0.1614
[UniJDOT Eval ALL] rejected: 72.35%
[UniJDOT Eval ALL] pred class dist (pre-reject): [897, 828, 84, 1759, 1645, 5036, 1285, 2064]
[UniJDOT Eval ALL] true label dist: [0, 0, 0, 1284, 654, 1233, 0, 1590, 8837] (last bin = unknown)
H_score: 0.6502, OS* (acc_c): 0.5163, UNK (acc_p): 0.8780, acc_mix: 0.7514, F1: 0.7245
[UniJDOT Eval ALL] n=13598 threshold=0.4661
[UniJDOT Eval ALL] conf: min=0.1257 max=0.8016 mean=0.3212 std=0.1614
[UniJDOT Eval ALL] rejected: 72.35%
[UniJDOT Eval ALL] pred class dist (pre-reject): [897, 828, 84, 1759, 1645, 5036, 1285, 2064]
[UniJDOT Eval ALL] true label dist: [0, 0, 0, 1284, 654, 1233, 0, 1590, 8837] (last bin = unknown)
Uploading logs from: /mnt/data/home/tp2474/OpenSet-AdaTime/experiments_logs/curriculum/RealWorld to Pamap2_UniDA_hard_n4_fno_mean/UniJDOT_UniDA_hard_n4_fno_mean/RealWorld_to_Pamap2_run_4
🏃 View run UniJDOT_run_4 at: http://127.0.0.1:5001/#/experiments/184677581363591778/runs/3138ab300ac0433ebe0382d2c87699f5
🧪 View experiment at: http://127.0.0.1:5001/#/experiments/184677581363591778
==================== [n4 fno_mean] done ====================
==================== ALL n done ====================
