============================================
Starting experiments for DA Method: RAINCOAT
============================================
Running: Source=RealWorld -> Target=Pamap2
[scenario] RAINCOAT -> UniDA (uniDA=True)
Unlabeled data shape:  (4752, 150, 18)
Unlabelled Combined shape: (8054, 150, 18)

--- Dataloader Size Check ---
Source Train batches:   296
Target Train batches:   74
-------------------------------

Private classes:  tensor([])
=============================================
Dataset: RealWorld to Pamap2_closed_set
Method:  RAINCOAT
=============================================
Source: RealWorld ---> Target: Pamap2
Run ID: 0
=============================================
[Align Epoch : 1/20]
Src_cls_loss	: 0.3715
Sink	: 0.5322
Recon	: 23.6827
-------------------------------------
[Align Epoch : 2/20]
Src_cls_loss	: 0.2891
Sink	: 0.4573
Recon	: 23.5419
-------------------------------------
[Align Epoch : 3/20]
Src_cls_loss	: 0.2502
Sink	: 0.4093
Recon	: 23.4260
-------------------------------------
[Align Epoch : 4/20]
Src_cls_loss	: 0.2231
Sink	: 0.3715
Recon	: 23.2736
-------------------------------------
[Align Epoch : 5/20]
Src_cls_loss	: 0.2048
Sink	: 0.3418
Recon	: 23.1422
-------------------------------------
[Align Epoch : 6/20]
Src_cls_loss	: 0.1894
Sink	: 0.3178
Recon	: 23.0105
-------------------------------------
[Align Epoch : 7/20]
Src_cls_loss	: 0.1796
Sink	: 0.2966
Recon	: 22.8818
-------------------------------------
[Align Epoch : 8/20]
Src_cls_loss	: 0.1709
Sink	: 0.2779
Recon	: 22.7556
-------------------------------------
[Align Epoch : 9/20]
Src_cls_loss	: 0.1648
Sink	: 0.2615
Recon	: 22.6425
-------------------------------------
[Align Epoch : 10/20]
Src_cls_loss	: 0.1600
Sink	: 0.2473
Recon	: 22.5390
-------------------------------------
[Align Epoch : 11/20]
Src_cls_loss	: 0.1562
Sink	: 0.2351
Recon	: 22.4224
-------------------------------------
[Align Epoch : 12/20]
Src_cls_loss	: 0.1521
Sink	: 0.2239
Recon	: 22.3153
-------------------------------------
[Align Epoch : 13/20]
Src_cls_loss	: 0.1495
Sink	: 0.2143
Recon	: 22.2152
-------------------------------------
[Align Epoch : 14/20]
Src_cls_loss	: 0.1469
Sink	: 0.2060
Recon	: 22.1056
-------------------------------------
[Align Epoch : 15/20]
Src_cls_loss	: 0.1452
Sink	: 0.1983
Recon	: 22.0037
-------------------------------------
[Align Epoch : 16/20]
Src_cls_loss	: 0.1428
Sink	: 0.1915
Recon	: 21.9040
-------------------------------------
[Align Epoch : 17/20]
Src_cls_loss	: 0.1405
Sink	: 0.1856
Recon	: 21.8129
-------------------------------------
[Align Epoch : 18/20]
Src_cls_loss	: 0.1375
Sink	: 0.1805
Recon	: 21.7194
-------------------------------------
[Align Epoch : 19/20]
Src_cls_loss	: 0.1355
Sink	: 0.1758
Recon	: 21.6211
-------------------------------------
[Align Epoch : 20/20]
Src_cls_loss	: 0.1334
Sink	: 0.1718
Recon	: 21.5284
-------------------------------------
[Correct Epoch : 1/20]
Recon_correct	: 19.5473
-------------------------------------
[Correct Epoch : 2/20]
Recon_correct	: 19.4871
-------------------------------------
[Correct Epoch : 3/20]
Recon_correct	: 19.3852
-------------------------------------
[Correct Epoch : 4/20]
Recon_correct	: 19.2862
-------------------------------------
[Correct Epoch : 5/20]
Recon_correct	: 19.2096
-------------------------------------
[Correct Epoch : 6/20]
Recon_correct	: 19.1174
-------------------------------------
[Correct Epoch : 7/20]
Recon_correct	: 19.0142
-------------------------------------
[Correct Epoch : 8/20]
Recon_correct	: 18.9108
-------------------------------------
[Correct Epoch : 9/20]
Recon_correct	: 18.8036
-------------------------------------
[Correct Epoch : 10/20]
Recon_correct	: 18.7026
-------------------------------------
[Correct Epoch : 11/20]
Recon_correct	: 18.6008
-------------------------------------
[Correct Epoch : 12/20]
Recon_correct	: 18.4961
-------------------------------------
[Correct Epoch : 13/20]
Recon_correct	: 18.3994
-------------------------------------
[Correct Epoch : 14/20]
Recon_correct	: 18.3075
-------------------------------------
[Correct Epoch : 15/20]
Recon_correct	: 18.2217
-------------------------------------
[Correct Epoch : 16/20]
Recon_correct	: 18.1301
-------------------------------------
[Correct Epoch : 17/20]
Recon_correct	: 18.0451
-------------------------------------
[Correct Epoch : 18/20]
Recon_correct	: 17.9679
-------------------------------------
[Correct Epoch : 19/20]
Recon_correct	: 17.8863
-------------------------------------
[Correct Epoch : 20/20]
Recon_correct	: 17.8060
-------------------------------------
/mnt/data/home/tp2474/OpenSet-AdaTime/trainers/abstract_trainer.py:331: FutureWarning: The behavior of DataFrame concatenation with empty or all-NA entries is deprecated. In a future version, this will no longer exclude empty or all-NA columns when determining the result dtypes. To retain the old behavior, exclude the relevant entries before the concat operation.
  table = pd.concat([table, results_df], ignore_index=True)
H_score: 0.0000, OS* (acc_c): 0.3847, UNK (acc_p): 0.0000, acc_mix: 0.3847, F1: 0.4630
Uploading logs from: /mnt/data/home/tp2474/OpenSet-AdaTime/experiments_logs/RealWorld to Pamap2_closed_set/RAINCOAT_closed_set/RealWorld_to_Pamap2_run_0
🏃 View run RAINCOAT_run_0 at: http://127.0.0.1:5001/#/experiments/869196474879197795/runs/b06e880a001842d98f60cc9e7d809ff0
🧪 View experiment at: http://127.0.0.1:5001/#/experiments/869196474879197795
=============================================
Dataset: RealWorld to Pamap2_closed_set
Method:  RAINCOAT
=============================================
Source: RealWorld ---> Target: Pamap2
Run ID: 1
=============================================
[Align Epoch : 1/20]
Src_cls_loss	: 0.3952
Sink	: 0.5808
Recon	: 23.5727
-------------------------------------
[Align Epoch : 2/20]
Src_cls_loss	: 0.2933
Sink	: 0.4935
Recon	: 23.5054
-------------------------------------
[Align Epoch : 3/20]
Src_cls_loss	: 0.2502
Sink	: 0.4393
Recon	: 23.3725
-------------------------------------
[Align Epoch : 4/20]
Src_cls_loss	: 0.2216
Sink	: 0.3973
Recon	: 23.2396
-------------------------------------
[Align Epoch : 5/20]
Src_cls_loss	: 0.2003
Sink	: 0.3626
Recon	: 23.0939
-------------------------------------
[Align Epoch : 6/20]
Src_cls_loss	: 0.1881
Sink	: 0.3342
Recon	: 22.9484
-------------------------------------
[Align Epoch : 7/20]
Src_cls_loss	: 0.1785
Sink	: 0.3104
Recon	: 22.7946
-------------------------------------
[Align Epoch : 8/20]
Src_cls_loss	: 0.1699
Sink	: 0.2901
Recon	: 22.6481
-------------------------------------
[Align Epoch : 9/20]
Src_cls_loss	: 0.1644
Sink	: 0.2724
Recon	: 22.5090
-------------------------------------
[Align Epoch : 10/20]
Src_cls_loss	: 0.1601
Sink	: 0.2568
Recon	: 22.3608
-------------------------------------
[Align Epoch : 11/20]
Src_cls_loss	: 0.1570
Sink	: 0.2433
Recon	: 22.2279
-------------------------------------
[Align Epoch : 12/20]
Src_cls_loss	: 0.1528
Sink	: 0.2311
Recon	: 22.0968
-------------------------------------
[Align Epoch : 13/20]
Src_cls_loss	: 0.1488
Sink	: 0.2201
Recon	: 21.9700
-------------------------------------
[Align Epoch : 14/20]
Src_cls_loss	: 0.1453
Sink	: 0.2101
Recon	: 21.8504
-------------------------------------
[Align Epoch : 15/20]
Src_cls_loss	: 0.1426
Sink	: 0.2009
Recon	: 21.7405
-------------------------------------
[Align Epoch : 16/20]
Src_cls_loss	: 0.1396
Sink	: 0.1929
Recon	: 21.6337
-------------------------------------
[Align Epoch : 17/20]
Src_cls_loss	: 0.1363
Sink	: 0.1854
Recon	: 21.5323
-------------------------------------
[Align Epoch : 18/20]
Src_cls_loss	: 0.1338
Sink	: 0.1788
Recon	: 21.4391
-------------------------------------
[Align Epoch : 19/20]
Src_cls_loss	: 0.1312
Sink	: 0.1730
Recon	: 21.3483
-------------------------------------
[Align Epoch : 20/20]
Src_cls_loss	: 0.1290
Sink	: 0.1676
Recon	: 21.2576
-------------------------------------
[Correct Epoch : 1/20]
Recon_correct	: 19.4042
-------------------------------------
[Correct Epoch : 2/20]
Recon_correct	: 19.3104
-------------------------------------
[Correct Epoch : 3/20]
Recon_correct	: 19.2585
-------------------------------------
[Correct Epoch : 4/20]
Recon_correct	: 19.1699
-------------------------------------
[Correct Epoch : 5/20]
Recon_correct	: 19.0529
-------------------------------------
[Correct Epoch : 6/20]
Recon_correct	: 18.9488
-------------------------------------
[Correct Epoch : 7/20]
Recon_correct	: 18.8438
-------------------------------------
[Correct Epoch : 8/20]
Recon_correct	: 18.7431
-------------------------------------
[Correct Epoch : 9/20]
Recon_correct	: 18.6443
-------------------------------------
[Correct Epoch : 10/20]
Recon_correct	: 18.5509
-------------------------------------
[Correct Epoch : 11/20]
Recon_correct	: 18.4512
-------------------------------------
[Correct Epoch : 12/20]
Recon_correct	: 18.3576
-------------------------------------
[Correct Epoch : 13/20]
Recon_correct	: 18.2697
-------------------------------------
[Correct Epoch : 14/20]
Recon_correct	: 18.1700
-------------------------------------
[Correct Epoch : 15/20]
Recon_correct	: 18.0834
-------------------------------------
[Correct Epoch : 16/20]
Recon_correct	: 17.9882
-------------------------------------
[Correct Epoch : 17/20]
Recon_correct	: 17.8976
-------------------------------------
[Correct Epoch : 18/20]
Recon_correct	: 17.8074
-------------------------------------
[Correct Epoch : 19/20]
Recon_correct	: 17.7175
-------------------------------------
[Correct Epoch : 20/20]
Recon_correct	: 17.6335
-------------------------------------
H_score: 0.0000, OS* (acc_c): 0.3855, UNK (acc_p): 0.0000, acc_mix: 0.3855, F1: 0.4739
Uploading logs from: /mnt/data/home/tp2474/OpenSet-AdaTime/experiments_logs/RealWorld to Pamap2_closed_set/RAINCOAT_closed_set/RealWorld_to_Pamap2_run_1
🏃 View run RAINCOAT_run_1 at: http://127.0.0.1:5001/#/experiments/869196474879197795/runs/7d53011ca8994dc4822e88283d5fec40
🧪 View experiment at: http://127.0.0.1:5001/#/experiments/869196474879197795
=============================================
Dataset: RealWorld to Pamap2_closed_set
Method:  RAINCOAT
=============================================
Source: RealWorld ---> Target: Pamap2
Run ID: 2
=============================================
[Align Epoch : 1/20]
Src_cls_loss	: 0.3890
Sink	: 0.5889
Recon	: 23.5598
-------------------------------------
[Align Epoch : 2/20]
Src_cls_loss	: 0.2870
Sink	: 0.5059
Recon	: 23.4374
-------------------------------------
[Align Epoch : 3/20]
Src_cls_loss	: 0.2411
Sink	: 0.4506
Recon	: 23.3305
-------------------------------------
[Align Epoch : 4/20]
Src_cls_loss	: 0.2164
Sink	: 0.4080
Recon	: 23.1729
-------------------------------------
[Align Epoch : 5/20]
Src_cls_loss	: 0.1977
Sink	: 0.3724
Recon	: 23.0385
-------------------------------------
[Align Epoch : 6/20]
Src_cls_loss	: 0.1862
Sink	: 0.3431
Recon	: 22.8829
-------------------------------------
[Align Epoch : 7/20]
Src_cls_loss	: 0.1756
Sink	: 0.3194
Recon	: 22.7423
-------------------------------------
[Align Epoch : 8/20]
Src_cls_loss	: 0.1686
Sink	: 0.2988
Recon	: 22.5984
-------------------------------------
[Align Epoch : 9/20]
Src_cls_loss	: 0.1629
Sink	: 0.2813
Recon	: 22.4668
-------------------------------------
[Align Epoch : 10/20]
Src_cls_loss	: 0.1582
Sink	: 0.2660
Recon	: 22.3383
-------------------------------------
[Align Epoch : 11/20]
Src_cls_loss	: 0.1546
Sink	: 0.2520
Recon	: 22.2103
-------------------------------------
[Align Epoch : 12/20]
Src_cls_loss	: 0.1511
Sink	: 0.2397
Recon	: 22.0883
-------------------------------------
[Align Epoch : 13/20]
Src_cls_loss	: 0.1473
Sink	: 0.2283
Recon	: 21.9723
-------------------------------------
[Align Epoch : 14/20]
Src_cls_loss	: 0.1433
Sink	: 0.2180
Recon	: 21.8539
-------------------------------------
[Align Epoch : 15/20]
Src_cls_loss	: 0.1418
Sink	: 0.2088
Recon	: 21.7438
-------------------------------------
[Align Epoch : 16/20]
Src_cls_loss	: 0.1395
Sink	: 0.2004
Recon	: 21.6296
-------------------------------------
[Align Epoch : 17/20]
Src_cls_loss	: 0.1365
Sink	: 0.1928
Recon	: 21.5299
-------------------------------------
[Align Epoch : 18/20]
Src_cls_loss	: 0.1340
Sink	: 0.1858
Recon	: 21.4323
-------------------------------------
[Align Epoch : 19/20]
Src_cls_loss	: 0.1313
Sink	: 0.1796
Recon	: 21.3368
-------------------------------------
[Align Epoch : 20/20]
Src_cls_loss	: 0.1288
Sink	: 0.1741
Recon	: 21.2471
-------------------------------------
[Correct Epoch : 1/20]
Recon_correct	: 19.3789
-------------------------------------
[Correct Epoch : 2/20]
Recon_correct	: 19.2738
-------------------------------------
[Correct Epoch : 3/20]
Recon_correct	: 19.2062
-------------------------------------
[Correct Epoch : 4/20]
Recon_correct	: 19.1137
-------------------------------------
[Correct Epoch : 5/20]
Recon_correct	: 19.0358
-------------------------------------
[Correct Epoch : 6/20]
Recon_correct	: 18.9404
-------------------------------------
[Correct Epoch : 7/20]
Recon_correct	: 18.8434
-------------------------------------
[Correct Epoch : 8/20]
Recon_correct	: 18.7516
-------------------------------------
[Correct Epoch : 9/20]
Recon_correct	: 18.6556
-------------------------------------
[Correct Epoch : 10/20]
Recon_correct	: 18.5556
-------------------------------------
[Correct Epoch : 11/20]
Recon_correct	: 18.4564
-------------------------------------
[Correct Epoch : 12/20]
Recon_correct	: 18.3533
-------------------------------------
[Correct Epoch : 13/20]
Recon_correct	: 18.2555
-------------------------------------
[Correct Epoch : 14/20]
Recon_correct	: 18.1500
-------------------------------------
[Correct Epoch : 15/20]
Recon_correct	: 18.0514
-------------------------------------
[Correct Epoch : 16/20]
Recon_correct	: 17.9513
-------------------------------------
[Correct Epoch : 17/20]
Recon_correct	: 17.8583
-------------------------------------
[Correct Epoch : 18/20]
Recon_correct	: 17.7631
-------------------------------------
[Correct Epoch : 19/20]
Recon_correct	: 17.6706
-------------------------------------
[Correct Epoch : 20/20]
Recon_correct	: 17.5862
-------------------------------------
H_score: 0.0000, OS* (acc_c): 0.2774, UNK (acc_p): 0.0000, acc_mix: 0.2774, F1: 0.3270
Uploading logs from: /mnt/data/home/tp2474/OpenSet-AdaTime/experiments_logs/RealWorld to Pamap2_closed_set/RAINCOAT_closed_set/RealWorld_to_Pamap2_run_2
🏃 View run RAINCOAT_run_2 at: http://127.0.0.1:5001/#/experiments/869196474879197795/runs/1dcf0210ec564cf3a9a28e1b3e6634ba
🧪 View experiment at: http://127.0.0.1:5001/#/experiments/869196474879197795
=============================================
Dataset: RealWorld to Pamap2_closed_set
Method:  RAINCOAT
=============================================
Source: RealWorld ---> Target: Pamap2
Run ID: 3
=============================================
[Align Epoch : 1/20]
Src_cls_loss	: 0.3690
Sink	: 0.5793
Recon	: 23.6646
-------------------------------------
[Align Epoch : 2/20]
Src_cls_loss	: 0.2774
Sink	: 0.4971
Recon	: 23.4749
-------------------------------------
[Align Epoch : 3/20]
Src_cls_loss	: 0.2347
Sink	: 0.4407
Recon	: 23.3422
-------------------------------------
[Align Epoch : 4/20]
Src_cls_loss	: 0.2100
Sink	: 0.4000
Recon	: 23.1860
-------------------------------------
[Align Epoch : 5/20]
Src_cls_loss	: 0.1940
Sink	: 0.3675
Recon	: 23.0635
-------------------------------------
[Align Epoch : 6/20]
Src_cls_loss	: 0.1831
Sink	: 0.3393
Recon	: 22.9314
-------------------------------------
[Align Epoch : 7/20]
Src_cls_loss	: 0.1730
Sink	: 0.3158
Recon	: 22.7915
-------------------------------------
[Align Epoch : 8/20]
Src_cls_loss	: 0.1645
Sink	: 0.2951
Recon	: 22.6410
-------------------------------------
[Align Epoch : 9/20]
Src_cls_loss	: 0.1594
Sink	: 0.2774
Recon	: 22.4977
-------------------------------------
[Align Epoch : 10/20]
Src_cls_loss	: 0.1538
Sink	: 0.2618
Recon	: 22.3562
-------------------------------------
[Align Epoch : 11/20]
Src_cls_loss	: 0.1495
Sink	: 0.2482
Recon	: 22.2248
-------------------------------------
[Align Epoch : 12/20]
Src_cls_loss	: 0.1456
Sink	: 0.2367
Recon	: 22.0956
-------------------------------------
[Align Epoch : 13/20]
Src_cls_loss	: 0.1424
Sink	: 0.2262
Recon	: 21.9713
-------------------------------------
[Align Epoch : 14/20]
Src_cls_loss	: 0.1394
Sink	: 0.2162
Recon	: 21.8523
-------------------------------------
[Align Epoch : 15/20]
Src_cls_loss	: 0.1366
Sink	: 0.2071
Recon	: 21.7430
-------------------------------------
[Align Epoch : 16/20]
Src_cls_loss	: 0.1338
Sink	: 0.1989
Recon	: 21.6357
-------------------------------------
[Align Epoch : 17/20]
Src_cls_loss	: 0.1309
Sink	: 0.1911
Recon	: 21.5310
-------------------------------------
[Align Epoch : 18/20]
Src_cls_loss	: 0.1290
Sink	: 0.1845
Recon	: 21.4357
-------------------------------------
[Align Epoch : 19/20]
Src_cls_loss	: 0.1267
Sink	: 0.1785
Recon	: 21.3485
-------------------------------------
[Align Epoch : 20/20]
Src_cls_loss	: 0.1240
Sink	: 0.1735
Recon	: 21.2670
-------------------------------------
[Correct Epoch : 1/20]
Recon_correct	: 19.3354
-------------------------------------
[Correct Epoch : 2/20]
Recon_correct	: 19.3543
-------------------------------------
[Correct Epoch : 3/20]
Recon_correct	: 19.2358
-------------------------------------
[Correct Epoch : 4/20]
Recon_correct	: 19.1314
-------------------------------------
[Correct Epoch : 5/20]
Recon_correct	: 19.0298
-------------------------------------
[Correct Epoch : 6/20]
Recon_correct	: 18.9252
-------------------------------------
[Correct Epoch : 7/20]
Recon_correct	: 18.8239
-------------------------------------
[Correct Epoch : 8/20]
Recon_correct	: 18.7221
-------------------------------------
[Correct Epoch : 9/20]
Recon_correct	: 18.6289
-------------------------------------
[Correct Epoch : 10/20]
Recon_correct	: 18.5310
-------------------------------------
[Correct Epoch : 11/20]
Recon_correct	: 18.4290
-------------------------------------
[Correct Epoch : 12/20]
Recon_correct	: 18.3257
-------------------------------------
[Correct Epoch : 13/20]
Recon_correct	: 18.2241
-------------------------------------
[Correct Epoch : 14/20]
Recon_correct	: 18.1324
-------------------------------------
[Correct Epoch : 15/20]
Recon_correct	: 18.0375
-------------------------------------
[Correct Epoch : 16/20]
Recon_correct	: 17.9407
-------------------------------------
[Correct Epoch : 17/20]
Recon_correct	: 17.8450
-------------------------------------
[Correct Epoch : 18/20]
Recon_correct	: 17.7555
-------------------------------------
[Correct Epoch : 19/20]
Recon_correct	: 17.6679
-------------------------------------
[Correct Epoch : 20/20]
Recon_correct	: 17.5824
-------------------------------------
H_score: 0.0000, OS* (acc_c): 0.3293, UNK (acc_p): 0.0000, acc_mix: 0.3293, F1: 0.3876
Uploading logs from: /mnt/data/home/tp2474/OpenSet-AdaTime/experiments_logs/RealWorld to Pamap2_closed_set/RAINCOAT_closed_set/RealWorld_to_Pamap2_run_3
🏃 View run RAINCOAT_run_3 at: http://127.0.0.1:5001/#/experiments/869196474879197795/runs/52b14d930dba42cea638212bf4ca3db0
🧪 View experiment at: http://127.0.0.1:5001/#/experiments/869196474879197795
=============================================
Dataset: RealWorld to Pamap2_closed_set
Method:  RAINCOAT
=============================================
Source: RealWorld ---> Target: Pamap2
Run ID: 4
=============================================
[Align Epoch : 1/20]
Src_cls_loss	: 0.4139
Sink	: 0.6106
Recon	: 23.5844
-------------------------------------
[Align Epoch : 2/20]
Src_cls_loss	: 0.3122
Sink	: 0.5327
Recon	: 23.4246
-------------------------------------
[Align Epoch : 3/20]
Src_cls_loss	: 0.2635
Sink	: 0.4780
Recon	: 23.3217
-------------------------------------
[Align Epoch : 4/20]
Src_cls_loss	: 0.2346
Sink	: 0.4386
Recon	: 23.1793
-------------------------------------
[Align Epoch : 5/20]
Src_cls_loss	: 0.2148
Sink	: 0.4047
Recon	: 23.0398
-------------------------------------
[Align Epoch : 6/20]
Src_cls_loss	: 0.2006
Sink	: 0.3752
Recon	: 22.8993
-------------------------------------
[Align Epoch : 7/20]
Src_cls_loss	: 0.1894
Sink	: 0.3493
Recon	: 22.7559
-------------------------------------
[Align Epoch : 8/20]
Src_cls_loss	: 0.1806
Sink	: 0.3272
Recon	: 22.6290
-------------------------------------
[Align Epoch : 9/20]
Src_cls_loss	: 0.1727
Sink	: 0.3080
Recon	: 22.4906
-------------------------------------
[Align Epoch : 10/20]
Src_cls_loss	: 0.1661
Sink	: 0.2913
Recon	: 22.3727
-------------------------------------
[Align Epoch : 11/20]
Src_cls_loss	: 0.1606
Sink	: 0.2771
Recon	: 22.2539
-------------------------------------
[Align Epoch : 12/20]
Src_cls_loss	: 0.1568
Sink	: 0.2645
Recon	: 22.1298
-------------------------------------
[Align Epoch : 13/20]
Src_cls_loss	: 0.1523
Sink	: 0.2524
Recon	: 22.0100
-------------------------------------
[Align Epoch : 14/20]
Src_cls_loss	: 0.1488
Sink	: 0.2418
Recon	: 21.8974
-------------------------------------
[Align Epoch : 15/20]
Src_cls_loss	: 0.1457
Sink	: 0.2321
Recon	: 21.7883
-------------------------------------
[Align Epoch : 16/20]
Src_cls_loss	: 0.1427
Sink	: 0.2233
Recon	: 21.6804
-------------------------------------
[Align Epoch : 17/20]
Src_cls_loss	: 0.1403
Sink	: 0.2154
Recon	: 21.5798
-------------------------------------
[Align Epoch : 18/20]
Src_cls_loss	: 0.1379
Sink	: 0.2084
Recon	: 21.4858
-------------------------------------
[Align Epoch : 19/20]
Src_cls_loss	: 0.1357
Sink	: 0.2019
Recon	: 21.3909
-------------------------------------
[Align Epoch : 20/20]
Src_cls_loss	: 0.1331
Sink	: 0.1963
Recon	: 21.2962
-------------------------------------
[Correct Epoch : 1/20]
Recon_correct	: 19.2890
-------------------------------------
[Correct Epoch : 2/20]
Recon_correct	: 19.2540
-------------------------------------
[Correct Epoch : 3/20]
Recon_correct	: 19.1682
-------------------------------------
[Correct Epoch : 4/20]
Recon_correct	: 19.0916
-------------------------------------
[Correct Epoch : 5/20]
Recon_correct	: 18.9964
-------------------------------------
[Correct Epoch : 6/20]
Recon_correct	: 18.9058
-------------------------------------
[Correct Epoch : 7/20]
Recon_correct	: 18.8102
-------------------------------------
[Correct Epoch : 8/20]
Recon_correct	: 18.7182
-------------------------------------
[Correct Epoch : 9/20]
Recon_correct	: 18.6079
-------------------------------------
[Correct Epoch : 10/20]
Recon_correct	: 18.5060
-------------------------------------
[Correct Epoch : 11/20]
Recon_correct	: 18.3890
-------------------------------------
[Correct Epoch : 12/20]
Recon_correct	: 18.2787
-------------------------------------
[Correct Epoch : 13/20]
Recon_correct	: 18.1675
-------------------------------------
[Correct Epoch : 14/20]
Recon_correct	: 18.0690
-------------------------------------
[Correct Epoch : 15/20]
Recon_correct	: 17.9707
-------------------------------------
[Correct Epoch : 16/20]
Recon_correct	: 17.8815
-------------------------------------
[Correct Epoch : 17/20]
Recon_correct	: 17.7904
-------------------------------------
[Correct Epoch : 18/20]
Recon_correct	: 17.6972
-------------------------------------
[Correct Epoch : 19/20]
Recon_correct	: 17.6154
-------------------------------------
[Correct Epoch : 20/20]
Recon_correct	: 17.5327
-------------------------------------
H_score: 0.0000, OS* (acc_c): 0.3533, UNK (acc_p): 0.0000, acc_mix: 0.3533, F1: 0.4663
Uploading logs from: /mnt/data/home/tp2474/OpenSet-AdaTime/experiments_logs/RealWorld to Pamap2_closed_set/RAINCOAT_closed_set/RealWorld_to_Pamap2_run_4
🏃 View run RAINCOAT_run_4 at: http://127.0.0.1:5001/#/experiments/869196474879197795/runs/fb05bb1b2c544c64b588c5fcaef26701
🧪 View experiment at: http://127.0.0.1:5001/#/experiments/869196474879197795
Running: Source=RealWorld -> Target=mhealth
[scenario] RAINCOAT -> UniDA (uniDA=True)
Unlabeled data shape:  (1620, 150, 18)
Unlabelled Combined shape: (2786, 150, 18)

--- Dataloader Size Check ---
Source Train batches:   296
Target Train batches:   25
-------------------------------

Private classes:  tensor([])
=============================================
Dataset: RealWorld to mhealth_closed_set
Method:  RAINCOAT
=============================================
Source: RealWorld ---> Target: mhealth
Run ID: 0
=============================================
[Align Epoch : 1/20]
Src_cls_loss	: 0.5793
Sink	: 0.7334
Recon	: 23.9946
-------------------------------------
[Align Epoch : 2/20]
Src_cls_loss	: 0.4574
Sink	: 0.6624
Recon	: 23.8726
-------------------------------------
[Align Epoch : 3/20]
Src_cls_loss	: 0.3842
Sink	: 0.6121
Recon	: 23.8397
-------------------------------------
[Align Epoch : 4/20]
Src_cls_loss	: 0.3364
Sink	: 0.5727
Recon	: 23.7933
-------------------------------------
[Align Epoch : 5/20]
Src_cls_loss	: 0.3063
Sink	: 0.5395
Recon	: 23.7509
-------------------------------------
[Align Epoch : 6/20]
Src_cls_loss	: 0.2805
Sink	: 0.5125
Recon	: 23.7125
-------------------------------------
[Align Epoch : 7/20]
Src_cls_loss	: 0.2615
Sink	: 0.4893
Recon	: 23.6872
-------------------------------------
[Align Epoch : 8/20]
Src_cls_loss	: 0.2434
Sink	: 0.4691
Recon	: 23.6977
-------------------------------------
[Align Epoch : 9/20]
Src_cls_loss	: 0.2343
Sink	: 0.4534
Recon	: 23.6954
-------------------------------------
[Align Epoch : 10/20]
Src_cls_loss	: 0.2248
Sink	: 0.4387
Recon	: 23.6998
-------------------------------------
[Align Epoch : 11/20]
Src_cls_loss	: 0.2155
Sink	: 0.4239
Recon	: 23.6885
-------------------------------------
[Align Epoch : 12/20]
Src_cls_loss	: 0.2074
Sink	: 0.4108
Recon	: 23.6799
-------------------------------------
[Align Epoch : 13/20]
Src_cls_loss	: 0.2014
Sink	: 0.3997
Recon	: 23.6761
-------------------------------------
[Align Epoch : 14/20]
Src_cls_loss	: 0.1969
Sink	: 0.3896
Recon	: 23.6509
-------------------------------------
[Align Epoch : 15/20]
Src_cls_loss	: 0.1935
Sink	: 0.3817
Recon	: 23.6272
-------------------------------------
[Align Epoch : 16/20]
Src_cls_loss	: 0.1910
Sink	: 0.3755
Recon	: 23.6050
-------------------------------------
[Align Epoch : 17/20]
Src_cls_loss	: 0.1878
Sink	: 0.3687
Recon	: 23.5913
-------------------------------------
[Align Epoch : 18/20]
Src_cls_loss	: 0.1825
Sink	: 0.3614
Recon	: 23.5776
-------------------------------------
[Align Epoch : 19/20]
Src_cls_loss	: 0.1792
Sink	: 0.3544
Recon	: 23.5565
-------------------------------------
[Align Epoch : 20/20]
Src_cls_loss	: 0.1763
Sink	: 0.3474
Recon	: 23.5382
-------------------------------------
[Correct Epoch : 1/20]
Recon_correct	: 22.9053
-------------------------------------
[Correct Epoch : 2/20]
Recon_correct	: 23.0033
-------------------------------------
[Correct Epoch : 3/20]
Recon_correct	: 22.9534
-------------------------------------
[Correct Epoch : 4/20]
Recon_correct	: 22.9341
-------------------------------------
[Correct Epoch : 5/20]
Recon_correct	: 22.9438
-------------------------------------
[Correct Epoch : 6/20]
Recon_correct	: 22.8768
-------------------------------------
[Correct Epoch : 7/20]
Recon_correct	: 22.8549
-------------------------------------
[Correct Epoch : 8/20]
Recon_correct	: 22.8345
-------------------------------------
[Correct Epoch : 9/20]
Recon_correct	: 22.7886
-------------------------------------
[Correct Epoch : 10/20]
Recon_correct	: 22.7528
-------------------------------------
[Correct Epoch : 11/20]
Recon_correct	: 22.7268
-------------------------------------
[Correct Epoch : 12/20]
Recon_correct	: 22.6949
-------------------------------------
[Correct Epoch : 13/20]
Recon_correct	: 22.6396
-------------------------------------
[Correct Epoch : 14/20]
Recon_correct	: 22.5973
-------------------------------------
[Correct Epoch : 15/20]
Recon_correct	: 22.5825
-------------------------------------
[Correct Epoch : 16/20]
Recon_correct	: 22.5500
-------------------------------------
[Correct Epoch : 17/20]
Recon_correct	: 22.5059
-------------------------------------
[Correct Epoch : 18/20]
Recon_correct	: 22.4774
-------------------------------------
[Correct Epoch : 19/20]
Recon_correct	: 22.4368
-------------------------------------
[Correct Epoch : 20/20]
Recon_correct	: 22.3941
-------------------------------------
/mnt/data/home/tp2474/OpenSet-AdaTime/trainers/abstract_trainer.py:331: FutureWarning: The behavior of DataFrame concatenation with empty or all-NA entries is deprecated. In a future version, this will no longer exclude empty or all-NA columns when determining the result dtypes. To retain the old behavior, exclude the relevant entries before the concat operation.
  table = pd.concat([table, results_df], ignore_index=True)
H_score: 0.0000, OS* (acc_c): 0.1858, UNK (acc_p): 0.0000, acc_mix: 0.1858, F1: 0.2085
Uploading logs from: /mnt/data/home/tp2474/OpenSet-AdaTime/experiments_logs/RealWorld to mhealth_closed_set/RAINCOAT_closed_set/RealWorld_to_mhealth_run_0
🏃 View run RAINCOAT_run_0 at: http://127.0.0.1:5001/#/experiments/773515370876137118/runs/69f6b3f57846438698c64a90bebd5a39
🧪 View experiment at: http://127.0.0.1:5001/#/experiments/773515370876137118
=============================================
Dataset: RealWorld to mhealth_closed_set
Method:  RAINCOAT
=============================================
Source: RealWorld ---> Target: mhealth
Run ID: 1
=============================================
[Align Epoch : 1/20]
Src_cls_loss	: 0.6260
Sink	: 0.7529
Recon	: 23.9184
-------------------------------------
[Align Epoch : 2/20]
Src_cls_loss	: 0.4781
Sink	: 0.6983
Recon	: 23.8702
-------------------------------------
[Align Epoch : 3/20]
Src_cls_loss	: 0.3979
Sink	: 0.6518
Recon	: 23.8031
-------------------------------------
[Align Epoch : 4/20]
Src_cls_loss	: 0.3462
Sink	: 0.6135
Recon	: 23.7920
-------------------------------------
[Align Epoch : 5/20]
Src_cls_loss	: 0.3111
Sink	: 0.5816
Recon	: 23.7722
-------------------------------------
[Align Epoch : 6/20]
Src_cls_loss	: 0.2853
Sink	: 0.5528
Recon	: 23.7815
-------------------------------------
[Align Epoch : 7/20]
Src_cls_loss	: 0.2665
Sink	: 0.5296
Recon	: 23.7402
-------------------------------------
[Align Epoch : 8/20]
Src_cls_loss	: 0.2521
Sink	: 0.5077
Recon	: 23.7181
-------------------------------------
[Align Epoch : 9/20]
Src_cls_loss	: 0.2397
Sink	: 0.4882
Recon	: 23.7103
-------------------------------------
[Align Epoch : 10/20]
Src_cls_loss	: 0.2299
Sink	: 0.4723
Recon	: 23.7070
-------------------------------------
[Align Epoch : 11/20]
Src_cls_loss	: 0.2222
Sink	: 0.4568
Recon	: 23.6903
-------------------------------------
[Align Epoch : 12/20]
Src_cls_loss	: 0.2132
Sink	: 0.4421
Recon	: 23.6790
-------------------------------------
[Align Epoch : 13/20]
Src_cls_loss	: 0.2051
Sink	: 0.4284
Recon	: 23.6720
-------------------------------------
[Align Epoch : 14/20]
Src_cls_loss	: 0.1989
Sink	: 0.4157
Recon	: 23.6581
-------------------------------------
[Align Epoch : 15/20]
Src_cls_loss	: 0.1932
Sink	: 0.4036
Recon	: 23.6590
-------------------------------------
[Align Epoch : 16/20]
Src_cls_loss	: 0.1877
Sink	: 0.3925
Recon	: 23.6295
-------------------------------------
[Align Epoch : 17/20]
Src_cls_loss	: 0.1844
Sink	: 0.3819
Recon	: 23.6039
-------------------------------------
[Align Epoch : 18/20]
Src_cls_loss	: 0.1799
Sink	: 0.3724
Recon	: 23.6050
-------------------------------------
[Align Epoch : 19/20]
Src_cls_loss	: 0.1752
Sink	: 0.3633
Recon	: 23.5965
-------------------------------------
[Align Epoch : 20/20]
Src_cls_loss	: 0.1712
Sink	: 0.3547
Recon	: 23.5786
-------------------------------------
[Correct Epoch : 1/20]
Recon_correct	: 23.1968
-------------------------------------
[Correct Epoch : 2/20]
Recon_correct	: 23.2043
-------------------------------------
[Correct Epoch : 3/20]
Recon_correct	: 23.2051
-------------------------------------
[Correct Epoch : 4/20]
Recon_correct	: 23.2043
-------------------------------------
[Correct Epoch : 5/20]
Recon_correct	: 23.0961
-------------------------------------
[Correct Epoch : 6/20]
Recon_correct	: 23.0317
-------------------------------------
[Correct Epoch : 7/20]
Recon_correct	: 22.9686
-------------------------------------
[Correct Epoch : 8/20]
Recon_correct	: 22.9267
-------------------------------------
[Correct Epoch : 9/20]
Recon_correct	: 22.8767
-------------------------------------
[Correct Epoch : 10/20]
Recon_correct	: 22.8352
-------------------------------------
[Correct Epoch : 11/20]
Recon_correct	: 22.7910
-------------------------------------
[Correct Epoch : 12/20]
Recon_correct	: 22.7628
-------------------------------------
[Correct Epoch : 13/20]
Recon_correct	: 22.7309
-------------------------------------
[Correct Epoch : 14/20]
Recon_correct	: 22.7046
-------------------------------------
[Correct Epoch : 15/20]
Recon_correct	: 22.6794
-------------------------------------
[Correct Epoch : 16/20]
Recon_correct	: 22.6381
-------------------------------------
[Correct Epoch : 17/20]
Recon_correct	: 22.5907
-------------------------------------
[Correct Epoch : 18/20]
Recon_correct	: 22.5510
-------------------------------------
[Correct Epoch : 19/20]
Recon_correct	: 22.5142
-------------------------------------
[Correct Epoch : 20/20]
Recon_correct	: 22.4862
-------------------------------------
H_score: 0.0000, OS* (acc_c): 0.2494, UNK (acc_p): 0.0000, acc_mix: 0.2494, F1: 0.2062
Uploading logs from: /mnt/data/home/tp2474/OpenSet-AdaTime/experiments_logs/RealWorld to mhealth_closed_set/RAINCOAT_closed_set/RealWorld_to_mhealth_run_1
🏃 View run RAINCOAT_run_1 at: http://127.0.0.1:5001/#/experiments/773515370876137118/runs/567159b06b8b4b9bb7a13af32c08b93b
🧪 View experiment at: http://127.0.0.1:5001/#/experiments/773515370876137118
=============================================
Dataset: RealWorld to mhealth_closed_set
Method:  RAINCOAT
=============================================
Source: RealWorld ---> Target: mhealth
Run ID: 2
=============================================
[Align Epoch : 1/20]
Src_cls_loss	: 0.6772
Sink	: 0.7931
Recon	: 23.8626
-------------------------------------
[Align Epoch : 2/20]
Src_cls_loss	: 0.5036
Sink	: 0.7206
Recon	: 23.8601
-------------------------------------
[Align Epoch : 3/20]
Src_cls_loss	: 0.4122
Sink	: 0.6711
Recon	: 23.8842
-------------------------------------
[Align Epoch : 4/20]
Src_cls_loss	: 0.3660
Sink	: 0.6346
Recon	: 23.7925
-------------------------------------
[Align Epoch : 5/20]
Src_cls_loss	: 0.3300
Sink	: 0.6032
Recon	: 23.7970
-------------------------------------
[Align Epoch : 6/20]
Src_cls_loss	: 0.3034
Sink	: 0.5758
Recon	: 23.7659
-------------------------------------
[Align Epoch : 7/20]
Src_cls_loss	: 0.2805
Sink	: 0.5502
Recon	: 23.7602
-------------------------------------
[Align Epoch : 8/20]
Src_cls_loss	: 0.2642
Sink	: 0.5282
Recon	: 23.7423
-------------------------------------
[Align Epoch : 9/20]
Src_cls_loss	: 0.2516
Sink	: 0.5083
Recon	: 23.7456
-------------------------------------
[Align Epoch : 10/20]
Src_cls_loss	: 0.2399
Sink	: 0.4907
Recon	: 23.7390
-------------------------------------
[Align Epoch : 11/20]
Src_cls_loss	: 0.2287
Sink	: 0.4755
Recon	: 23.7164
-------------------------------------
[Align Epoch : 12/20]
Src_cls_loss	: 0.2220
Sink	: 0.4612
Recon	: 23.6968
-------------------------------------
[Align Epoch : 13/20]
Src_cls_loss	: 0.2141
Sink	: 0.4477
Recon	: 23.6808
-------------------------------------
[Align Epoch : 14/20]
Src_cls_loss	: 0.2066
Sink	: 0.4352
Recon	: 23.6537
-------------------------------------
[Align Epoch : 15/20]
Src_cls_loss	: 0.2003
Sink	: 0.4240
Recon	: 23.6400
-------------------------------------
[Align Epoch : 16/20]
Src_cls_loss	: 0.1949
Sink	: 0.4133
Recon	: 23.6200
-------------------------------------
[Align Epoch : 17/20]
Src_cls_loss	: 0.1906
Sink	: 0.4033
Recon	: 23.5860
-------------------------------------
[Align Epoch : 18/20]
Src_cls_loss	: 0.1865
Sink	: 0.3940
Recon	: 23.5560
-------------------------------------
[Align Epoch : 19/20]
Src_cls_loss	: 0.1838
Sink	: 0.3848
Recon	: 23.5259
-------------------------------------
[Align Epoch : 20/20]
Src_cls_loss	: 0.1800
Sink	: 0.3765
Recon	: 23.5053
-------------------------------------
[Correct Epoch : 1/20]
Recon_correct	: 22.9017
-------------------------------------
[Correct Epoch : 2/20]
Recon_correct	: 22.7994
-------------------------------------
[Correct Epoch : 3/20]
Recon_correct	: 22.8341
-------------------------------------
[Correct Epoch : 4/20]
Recon_correct	: 22.7911
-------------------------------------
[Correct Epoch : 5/20]
Recon_correct	: 22.7519
-------------------------------------
[Correct Epoch : 6/20]
Recon_correct	: 22.7047
-------------------------------------
[Correct Epoch : 7/20]
Recon_correct	: 22.6949
-------------------------------------
[Correct Epoch : 8/20]
Recon_correct	: 22.6659
-------------------------------------
[Correct Epoch : 9/20]
Recon_correct	: 22.6427
-------------------------------------
[Correct Epoch : 10/20]
Recon_correct	: 22.6055
-------------------------------------
[Correct Epoch : 11/20]
Recon_correct	: 22.5605
-------------------------------------
[Correct Epoch : 12/20]
Recon_correct	: 22.5211
-------------------------------------
[Correct Epoch : 13/20]
Recon_correct	: 22.4892
-------------------------------------
[Correct Epoch : 14/20]
Recon_correct	: 22.4422
-------------------------------------
[Correct Epoch : 15/20]
Recon_correct	: 22.4146
-------------------------------------
[Correct Epoch : 16/20]
Recon_correct	: 22.3709
-------------------------------------
[Correct Epoch : 17/20]
Recon_correct	: 22.3434
-------------------------------------
[Correct Epoch : 18/20]
Recon_correct	: 22.3105
-------------------------------------
[Correct Epoch : 19/20]
Recon_correct	: 22.2703
-------------------------------------
[Correct Epoch : 20/20]
Recon_correct	: 22.2411
-------------------------------------
H_score: 0.0000, OS* (acc_c): 0.2599, UNK (acc_p): 0.0000, acc_mix: 0.2599, F1: 0.2215
Uploading logs from: /mnt/data/home/tp2474/OpenSet-AdaTime/experiments_logs/RealWorld to mhealth_closed_set/RAINCOAT_closed_set/RealWorld_to_mhealth_run_2
🏃 View run RAINCOAT_run_2 at: http://127.0.0.1:5001/#/experiments/773515370876137118/runs/33e34a03ed4b41adb872784c250bf0db
🧪 View experiment at: http://127.0.0.1:5001/#/experiments/773515370876137118
=============================================
Dataset: RealWorld to mhealth_closed_set
Method:  RAINCOAT
=============================================
Source: RealWorld ---> Target: mhealth
Run ID: 3
=============================================
[Align Epoch : 1/20]
Src_cls_loss	: 0.5748
Sink	: 0.7503
Recon	: 23.9336
-------------------------------------
[Align Epoch : 2/20]
Src_cls_loss	: 0.4434
Sink	: 0.6663
Recon	: 23.8610
-------------------------------------
[Align Epoch : 3/20]
Src_cls_loss	: 0.3683
Sink	: 0.6229
Recon	: 23.9030
-------------------------------------
[Align Epoch : 4/20]
Src_cls_loss	: 0.3295
Sink	: 0.5913
Recon	: 23.8485
-------------------------------------
[Align Epoch : 5/20]
Src_cls_loss	: 0.2995
Sink	: 0.5646
Recon	: 23.8421
-------------------------------------
[Align Epoch : 6/20]
Src_cls_loss	: 0.2797
Sink	: 0.5409
Recon	: 23.7996
-------------------------------------
[Align Epoch : 7/20]
Src_cls_loss	: 0.2609
Sink	: 0.5219
Recon	: 23.7884
-------------------------------------
[Align Epoch : 8/20]
Src_cls_loss	: 0.2446
Sink	: 0.5045
Recon	: 23.7352
-------------------------------------
[Align Epoch : 9/20]
Src_cls_loss	: 0.2323
Sink	: 0.4888
Recon	: 23.6875
-------------------------------------
[Align Epoch : 10/20]
Src_cls_loss	: 0.2221
Sink	: 0.4744
Recon	: 23.6557
-------------------------------------
[Align Epoch : 11/20]
Src_cls_loss	: 0.2154
Sink	: 0.4604
Recon	: 23.6214
-------------------------------------
[Align Epoch : 12/20]
Src_cls_loss	: 0.2072
Sink	: 0.4482
Recon	: 23.6126
-------------------------------------
[Align Epoch : 13/20]
Src_cls_loss	: 0.1987
Sink	: 0.4358
Recon	: 23.5893
-------------------------------------
[Align Epoch : 14/20]
Src_cls_loss	: 0.1933
Sink	: 0.4246
Recon	: 23.5704
-------------------------------------
[Align Epoch : 15/20]
Src_cls_loss	: 0.1881
Sink	: 0.4143
Recon	: 23.5618
-------------------------------------
[Align Epoch : 16/20]
Src_cls_loss	: 0.1842
Sink	: 0.4047
Recon	: 23.5349
-------------------------------------
[Align Epoch : 17/20]
Src_cls_loss	: 0.1793
Sink	: 0.3955
Recon	: 23.5127
-------------------------------------
[Align Epoch : 18/20]
Src_cls_loss	: 0.1759
Sink	: 0.3864
Recon	: 23.4896
-------------------------------------
[Align Epoch : 19/20]
Src_cls_loss	: 0.1725
Sink	: 0.3780
Recon	: 23.4690
-------------------------------------
[Align Epoch : 20/20]
Src_cls_loss	: 0.1690
Sink	: 0.3700
Recon	: 23.4503
-------------------------------------
[Correct Epoch : 1/20]
Recon_correct	: 22.9199
-------------------------------------
[Correct Epoch : 2/20]
Recon_correct	: 22.9855
-------------------------------------
[Correct Epoch : 3/20]
Recon_correct	: 22.8913
-------------------------------------
[Correct Epoch : 4/20]
Recon_correct	: 22.8470
-------------------------------------
[Correct Epoch : 5/20]
Recon_correct	: 22.7803
-------------------------------------
[Correct Epoch : 6/20]
Recon_correct	: 22.7343
-------------------------------------
[Correct Epoch : 7/20]
Recon_correct	: 22.6881
-------------------------------------
[Correct Epoch : 8/20]
Recon_correct	: 22.6410
-------------------------------------
[Correct Epoch : 9/20]
Recon_correct	: 22.6047
-------------------------------------
[Correct Epoch : 10/20]
Recon_correct	: 22.5696
-------------------------------------
[Correct Epoch : 11/20]
Recon_correct	: 22.5278
-------------------------------------
[Correct Epoch : 12/20]
Recon_correct	: 22.4890
-------------------------------------
[Correct Epoch : 13/20]
Recon_correct	: 22.4500
-------------------------------------
[Correct Epoch : 14/20]
Recon_correct	: 22.4202
-------------------------------------
[Correct Epoch : 15/20]
Recon_correct	: 22.3928
-------------------------------------
[Correct Epoch : 16/20]
Recon_correct	: 22.3559
-------------------------------------
[Correct Epoch : 17/20]
Recon_correct	: 22.3102
-------------------------------------
[Correct Epoch : 18/20]
Recon_correct	: 22.2781
-------------------------------------
[Correct Epoch : 19/20]
Recon_correct	: 22.2500
-------------------------------------
[Correct Epoch : 20/20]
Recon_correct	: 22.2228
-------------------------------------
H_score: 0.0000, OS* (acc_c): 0.3389, UNK (acc_p): 0.0000, acc_mix: 0.3389, F1: 0.3572
Uploading logs from: /mnt/data/home/tp2474/OpenSet-AdaTime/experiments_logs/RealWorld to mhealth_closed_set/RAINCOAT_closed_set/RealWorld_to_mhealth_run_3
🏃 View run RAINCOAT_run_3 at: http://127.0.0.1:5001/#/experiments/773515370876137118/runs/eb8051e0a6d34591bbb858064d1897d1
🧪 View experiment at: http://127.0.0.1:5001/#/experiments/773515370876137118
=============================================
Dataset: RealWorld to mhealth_closed_set
Method:  RAINCOAT
=============================================
Source: RealWorld ---> Target: mhealth
Run ID: 4
=============================================
[Align Epoch : 1/20]
Src_cls_loss	: 0.5875
Sink	: 0.7774
Recon	: 23.9511
-------------------------------------
[Align Epoch : 2/20]
Src_cls_loss	: 0.4588
Sink	: 0.6991
Recon	: 23.8122
-------------------------------------
[Align Epoch : 3/20]
Src_cls_loss	: 0.3875
Sink	: 0.6504
Recon	: 23.7864
-------------------------------------
[Align Epoch : 4/20]
Src_cls_loss	: 0.3448
Sink	: 0.6119
Recon	: 23.7009
-------------------------------------
[Align Epoch : 5/20]
Src_cls_loss	: 0.3161
Sink	: 0.5829
Recon	: 23.6991
-------------------------------------
[Align Epoch : 6/20]
Src_cls_loss	: 0.2929
Sink	: 0.5587
Recon	: 23.6496
-------------------------------------
[Align Epoch : 7/20]
Src_cls_loss	: 0.2742
Sink	: 0.5368
Recon	: 23.6331
-------------------------------------
[Align Epoch : 8/20]
Src_cls_loss	: 0.2601
Sink	: 0.5178
Recon	: 23.6609
-------------------------------------
[Align Epoch : 9/20]
Src_cls_loss	: 0.2474
Sink	: 0.5021
Recon	: 23.6402
-------------------------------------
[Align Epoch : 10/20]
Src_cls_loss	: 0.2364
Sink	: 0.4875
Recon	: 23.6473
-------------------------------------
[Align Epoch : 11/20]
Src_cls_loss	: 0.2274
Sink	: 0.4732
Recon	: 23.6432
-------------------------------------
[Align Epoch : 12/20]
Src_cls_loss	: 0.2201
Sink	: 0.4606
Recon	: 23.6243
-------------------------------------
[Align Epoch : 13/20]
Src_cls_loss	: 0.2120
Sink	: 0.4477
Recon	: 23.6012
-------------------------------------
[Align Epoch : 14/20]
Src_cls_loss	: 0.2068
Sink	: 0.4362
Recon	: 23.5921
-------------------------------------
[Align Epoch : 15/20]
Src_cls_loss	: 0.2006
Sink	: 0.4249
Recon	: 23.5797
-------------------------------------
[Align Epoch : 16/20]
Src_cls_loss	: 0.1953
Sink	: 0.4146
Recon	: 23.5549
-------------------------------------
[Align Epoch : 17/20]
Src_cls_loss	: 0.1907
Sink	: 0.4058
Recon	: 23.5334
-------------------------------------
[Align Epoch : 18/20]
Src_cls_loss	: 0.1875
Sink	: 0.3971
Recon	: 23.5143
-------------------------------------
[Align Epoch : 19/20]
Src_cls_loss	: 0.1837
Sink	: 0.3892
Recon	: 23.4932
-------------------------------------
[Align Epoch : 20/20]
Src_cls_loss	: 0.1808
Sink	: 0.3820
Recon	: 23.4665
-------------------------------------
[Correct Epoch : 1/20]
Recon_correct	: 22.9971
-------------------------------------
[Correct Epoch : 2/20]
Recon_correct	: 22.9915
-------------------------------------
[Correct Epoch : 3/20]
Recon_correct	: 22.9706
-------------------------------------
[Correct Epoch : 4/20]
Recon_correct	: 22.9240
-------------------------------------
[Correct Epoch : 5/20]
Recon_correct	: 22.8580
-------------------------------------
[Correct Epoch : 6/20]
Recon_correct	: 22.8045
-------------------------------------
[Correct Epoch : 7/20]
Recon_correct	: 22.7459
-------------------------------------
[Correct Epoch : 8/20]
Recon_correct	: 22.7003
-------------------------------------
[Correct Epoch : 9/20]
Recon_correct	: 22.6596
-------------------------------------
[Correct Epoch : 10/20]
Recon_correct	: 22.6202
-------------------------------------
[Correct Epoch : 11/20]
Recon_correct	: 22.5557
-------------------------------------
[Correct Epoch : 12/20]
Recon_correct	: 22.5078
-------------------------------------
[Correct Epoch : 13/20]
Recon_correct	: 22.4587
-------------------------------------
[Correct Epoch : 14/20]
Recon_correct	: 22.4112
-------------------------------------
[Correct Epoch : 15/20]
Recon_correct	: 22.3672
-------------------------------------
[Correct Epoch : 16/20]
Recon_correct	: 22.3347
-------------------------------------
[Correct Epoch : 17/20]
Recon_correct	: 22.3093
-------------------------------------
[Correct Epoch : 18/20]
Recon_correct	: 22.2653
-------------------------------------
[Correct Epoch : 19/20]
Recon_correct	: 22.2378
-------------------------------------
[Correct Epoch : 20/20]
Recon_correct	: 22.2087
-------------------------------------
H_score: 0.0000, OS* (acc_c): 0.2265, UNK (acc_p): 0.0000, acc_mix: 0.2265, F1: 0.2260
Uploading logs from: /mnt/data/home/tp2474/OpenSet-AdaTime/experiments_logs/RealWorld to mhealth_closed_set/RAINCOAT_closed_set/RealWorld_to_mhealth_run_4
🏃 View run RAINCOAT_run_4 at: http://127.0.0.1:5001/#/experiments/773515370876137118/runs/73f68959203c4036b85e3de63bb63628
🧪 View experiment at: http://127.0.0.1:5001/#/experiments/773515370876137118
Running: Source=Pamap2 -> Target=RealWorld
[scenario] RAINCOAT -> UniDA (uniDA=True)
Unlabeled data shape:  (26209, 150, 18)
Unlabelled Combined shape: (45172, 150, 18)

--- Dataloader Size Check ---
Source Train batches:   51
Target Train batches:   409
-------------------------------

Private classes:  tensor([])
=============================================
Dataset: Pamap2 to RealWorld_closed_set
Method:  RAINCOAT
=============================================
Source: Pamap2 ---> Target: RealWorld
Run ID: 0
=============================================
[Align Epoch : 1/20]
Src_cls_loss	: 0.3833
Sink	: 0.5913
Recon	: 23.4236
-------------------------------------
[Align Epoch : 2/20]
Src_cls_loss	: 0.2721
Sink	: 0.5126
Recon	: 23.3948
-------------------------------------
[Align Epoch : 3/20]
Src_cls_loss	: 0.2244
Sink	: 0.4659
Recon	: 23.3373
-------------------------------------
[Align Epoch : 4/20]
Src_cls_loss	: 0.1961
Sink	: 0.4346
Recon	: 23.2530
-------------------------------------
[Align Epoch : 5/20]
Src_cls_loss	: 0.1773
Sink	: 0.4064
Recon	: 23.1728
-------------------------------------
[Align Epoch : 6/20]
Src_cls_loss	: 0.1634
Sink	: 0.3824
Recon	: 23.0934
-------------------------------------
[Align Epoch : 7/20]
Src_cls_loss	: 0.1527
Sink	: 0.3631
Recon	: 23.0133
-------------------------------------
[Align Epoch : 8/20]
Src_cls_loss	: 0.1437
Sink	: 0.3451
Recon	: 22.9373
-------------------------------------
[Align Epoch : 9/20]
Src_cls_loss	: 0.1374
Sink	: 0.3305
Recon	: 22.8586
-------------------------------------
[Align Epoch : 10/20]
Src_cls_loss	: 0.1321
Sink	: 0.3160
Recon	: 22.7672
-------------------------------------
[Align Epoch : 11/20]
Src_cls_loss	: 0.1276
Sink	: 0.3031
Recon	: 22.6707
-------------------------------------
[Align Epoch : 12/20]
Src_cls_loss	: 0.1232
Sink	: 0.2908
Recon	: 22.5943
-------------------------------------
[Align Epoch : 13/20]
Src_cls_loss	: 0.1203
Sink	: 0.2799
Recon	: 22.5150
-------------------------------------
[Align Epoch : 14/20]
Src_cls_loss	: 0.1194
Sink	: 0.2702
Recon	: 22.4335
-------------------------------------
[Align Epoch : 15/20]
Src_cls_loss	: 0.1177
Sink	: 0.2611
Recon	: 22.3463
-------------------------------------
[Align Epoch : 16/20]
Src_cls_loss	: 0.1150
Sink	: 0.2525
Recon	: 22.2642
-------------------------------------
[Align Epoch : 17/20]
Src_cls_loss	: 0.1123
Sink	: 0.2443
Recon	: 22.1791
-------------------------------------
[Align Epoch : 18/20]
Src_cls_loss	: 0.1096
Sink	: 0.2365
Recon	: 22.0974
-------------------------------------
[Align Epoch : 19/20]
Src_cls_loss	: 0.1072
Sink	: 0.2293
Recon	: 22.0234
-------------------------------------
[Align Epoch : 20/20]
Src_cls_loss	: 0.1048
Sink	: 0.2225
Recon	: 21.9394
-------------------------------------
[Correct Epoch : 1/20]
Recon_correct	: 20.3593
-------------------------------------
[Correct Epoch : 2/20]
Recon_correct	: 20.2656
-------------------------------------
[Correct Epoch : 3/20]
Recon_correct	: 20.1601
-------------------------------------
[Correct Epoch : 4/20]
Recon_correct	: 20.0797
-------------------------------------
[Correct Epoch : 5/20]
Recon_correct	: 20.0230
-------------------------------------
[Correct Epoch : 6/20]
Recon_correct	: 19.9300
-------------------------------------
[Correct Epoch : 7/20]
Recon_correct	: 19.8367
-------------------------------------
[Correct Epoch : 8/20]
Recon_correct	: 19.7637
-------------------------------------
[Correct Epoch : 9/20]
Recon_correct	: 19.6982
-------------------------------------
[Correct Epoch : 10/20]
Recon_correct	: 19.6482
-------------------------------------
[Correct Epoch : 11/20]
Recon_correct	: 19.5783
-------------------------------------
[Correct Epoch : 12/20]
Recon_correct	: 19.5133
-------------------------------------
[Correct Epoch : 13/20]
Recon_correct	: 19.4547
-------------------------------------
[Correct Epoch : 14/20]
Recon_correct	: 19.3817
-------------------------------------
[Correct Epoch : 15/20]
Recon_correct	: 19.3062
-------------------------------------
[Correct Epoch : 16/20]
Recon_correct	: 19.2430
-------------------------------------
[Correct Epoch : 17/20]
Recon_correct	: 19.1741
-------------------------------------
[Correct Epoch : 18/20]
Recon_correct	: 19.1099
-------------------------------------
[Correct Epoch : 19/20]
Recon_correct	: 19.0440
-------------------------------------
[Correct Epoch : 20/20]
Recon_correct	: 18.9784
-------------------------------------
/mnt/data/home/tp2474/OpenSet-AdaTime/trainers/abstract_trainer.py:331: FutureWarning: The behavior of DataFrame concatenation with empty or all-NA entries is deprecated. In a future version, this will no longer exclude empty or all-NA columns when determining the result dtypes. To retain the old behavior, exclude the relevant entries before the concat operation.
  table = pd.concat([table, results_df], ignore_index=True)
H_score: 0.0000, OS* (acc_c): 0.4075, UNK (acc_p): 0.0000, acc_mix: 0.4075, F1: 0.4606
Uploading logs from: /mnt/data/home/tp2474/OpenSet-AdaTime/experiments_logs/Pamap2 to RealWorld_closed_set/RAINCOAT_closed_set/Pamap2_to_RealWorld_run_0
🏃 View run RAINCOAT_run_0 at: http://127.0.0.1:5001/#/experiments/235622674570859121/runs/7194425bb16241b09ae5bc8e7df1b001
🧪 View experiment at: http://127.0.0.1:5001/#/experiments/235622674570859121
=============================================
Dataset: Pamap2 to RealWorld_closed_set
Method:  RAINCOAT
=============================================
Source: Pamap2 ---> Target: RealWorld
Run ID: 1
=============================================
[Align Epoch : 1/20]
Src_cls_loss	: 0.3630
Sink	: 0.6181
Recon	: 23.4867
-------------------------------------
[Align Epoch : 2/20]
Src_cls_loss	: 0.2619
Sink	: 0.5493
Recon	: 23.3578
-------------------------------------
[Align Epoch : 3/20]
Src_cls_loss	: 0.2168
Sink	: 0.5000
Recon	: 23.2550
-------------------------------------
[Align Epoch : 4/20]
Src_cls_loss	: 0.1898
Sink	: 0.4596
Recon	: 23.1829
-------------------------------------
[Align Epoch : 5/20]
Src_cls_loss	: 0.1698
Sink	: 0.4262
Recon	: 23.1040
-------------------------------------
[Align Epoch : 6/20]
Src_cls_loss	: 0.1544
Sink	: 0.3988
Recon	: 23.0377
-------------------------------------
[Align Epoch : 7/20]
Src_cls_loss	: 0.1432
Sink	: 0.3762
Recon	: 22.9521
-------------------------------------
[Align Epoch : 8/20]
Src_cls_loss	: 0.1349
Sink	: 0.3555
Recon	: 22.8630
-------------------------------------
[Align Epoch : 9/20]
Src_cls_loss	: 0.1272
Sink	: 0.3371
Recon	: 22.7817
-------------------------------------
[Align Epoch : 10/20]
Src_cls_loss	: 0.1211
Sink	: 0.3205
Recon	: 22.6954
-------------------------------------
[Align Epoch : 11/20]
Src_cls_loss	: 0.1160
Sink	: 0.3058
Recon	: 22.6069
-------------------------------------
[Align Epoch : 12/20]
Src_cls_loss	: 0.1120
Sink	: 0.2925
Recon	: 22.5322
-------------------------------------
[Align Epoch : 13/20]
Src_cls_loss	: 0.1083
Sink	: 0.2803
Recon	: 22.4596
-------------------------------------
[Align Epoch : 14/20]
Src_cls_loss	: 0.1049
Sink	: 0.2692
Recon	: 22.3713
-------------------------------------
[Align Epoch : 15/20]
Src_cls_loss	: 0.1019
Sink	: 0.2590
Recon	: 22.2907
-------------------------------------
[Align Epoch : 16/20]
Src_cls_loss	: 0.1000
Sink	: 0.2496
Recon	: 22.2114
-------------------------------------
[Align Epoch : 17/20]
Src_cls_loss	: 0.0977
Sink	: 0.2412
Recon	: 22.1231
-------------------------------------
[Align Epoch : 18/20]
Src_cls_loss	: 0.0958
Sink	: 0.2332
Recon	: 22.0459
-------------------------------------
[Align Epoch : 19/20]
Src_cls_loss	: 0.0935
Sink	: 0.2260
Recon	: 21.9712
-------------------------------------
[Align Epoch : 20/20]
Src_cls_loss	: 0.0913
Sink	: 0.2193
Recon	: 21.8955
-------------------------------------
[Correct Epoch : 1/20]
Recon_correct	: 20.3857
-------------------------------------
[Correct Epoch : 2/20]
Recon_correct	: 20.2881
-------------------------------------
[Correct Epoch : 3/20]
Recon_correct	: 20.2313
-------------------------------------
[Correct Epoch : 4/20]
Recon_correct	: 20.1186
-------------------------------------
[Correct Epoch : 5/20]
Recon_correct	: 20.0769
-------------------------------------
[Correct Epoch : 6/20]
Recon_correct	: 19.9935
-------------------------------------
[Correct Epoch : 7/20]
Recon_correct	: 19.9270
-------------------------------------
[Correct Epoch : 8/20]
Recon_correct	: 19.8741
-------------------------------------
[Correct Epoch : 9/20]
Recon_correct	: 19.8187
-------------------------------------
[Correct Epoch : 10/20]
Recon_correct	: 19.7423
-------------------------------------
[Correct Epoch : 11/20]
Recon_correct	: 19.6732
-------------------------------------
[Correct Epoch : 12/20]
Recon_correct	: 19.6226
-------------------------------------
[Correct Epoch : 13/20]
Recon_correct	: 19.5477
-------------------------------------
[Correct Epoch : 14/20]
Recon_correct	: 19.4852
-------------------------------------
[Correct Epoch : 15/20]
Recon_correct	: 19.4159
-------------------------------------
[Correct Epoch : 16/20]
Recon_correct	: 19.3445
-------------------------------------
[Correct Epoch : 17/20]
Recon_correct	: 19.2781
-------------------------------------
[Correct Epoch : 18/20]
Recon_correct	: 19.2012
-------------------------------------
[Correct Epoch : 19/20]
Recon_correct	: 19.1339
-------------------------------------
[Correct Epoch : 20/20]
Recon_correct	: 19.0659
-------------------------------------
H_score: 0.0000, OS* (acc_c): 0.3405, UNK (acc_p): 0.0000, acc_mix: 0.3405, F1: 0.4244
Uploading logs from: /mnt/data/home/tp2474/OpenSet-AdaTime/experiments_logs/Pamap2 to RealWorld_closed_set/RAINCOAT_closed_set/Pamap2_to_RealWorld_run_1
🏃 View run RAINCOAT_run_1 at: http://127.0.0.1:5001/#/experiments/235622674570859121/runs/c1dc82c7894a4537b7950d03720c3ef6
🧪 View experiment at: http://127.0.0.1:5001/#/experiments/235622674570859121
=============================================
Dataset: Pamap2 to RealWorld_closed_set
Method:  RAINCOAT
=============================================
Source: Pamap2 ---> Target: RealWorld
Run ID: 2
=============================================
[Align Epoch : 1/20]
Src_cls_loss	: 0.3898
Sink	: 0.6294
Recon	: 23.4229
-------------------------------------
[Align Epoch : 2/20]
Src_cls_loss	: 0.2767
Sink	: 0.5481
Recon	: 23.3504
-------------------------------------
[Align Epoch : 3/20]
Src_cls_loss	: 0.2283
Sink	: 0.4974
Recon	: 23.2751
-------------------------------------
[Align Epoch : 4/20]
Src_cls_loss	: 0.1970
Sink	: 0.4565
Recon	: 23.1923
-------------------------------------
[Align Epoch : 5/20]
Src_cls_loss	: 0.1764
Sink	: 0.4259
Recon	: 23.1253
-------------------------------------
[Align Epoch : 6/20]
Src_cls_loss	: 0.1609
Sink	: 0.3978
Recon	: 23.0519
-------------------------------------
[Align Epoch : 7/20]
Src_cls_loss	: 0.1490
Sink	: 0.3735
Recon	: 22.9490
-------------------------------------
[Align Epoch : 8/20]
Src_cls_loss	: 0.1412
Sink	: 0.3535
Recon	: 22.8484
-------------------------------------
[Align Epoch : 9/20]
Src_cls_loss	: 0.1345
Sink	: 0.3357
Recon	: 22.7644
-------------------------------------
[Align Epoch : 10/20]
Src_cls_loss	: 0.1293
Sink	: 0.3194
Recon	: 22.6852
-------------------------------------
[Align Epoch : 11/20]
Src_cls_loss	: 0.1246
Sink	: 0.3043
Recon	: 22.6004
-------------------------------------
[Align Epoch : 12/20]
Src_cls_loss	: 0.1201
Sink	: 0.2908
Recon	: 22.5253
-------------------------------------
[Align Epoch : 13/20]
Src_cls_loss	: 0.1153
Sink	: 0.2780
Recon	: 22.4332
-------------------------------------
[Align Epoch : 14/20]
Src_cls_loss	: 0.1120
Sink	: 0.2667
Recon	: 22.3509
-------------------------------------
[Align Epoch : 15/20]
Src_cls_loss	: 0.1087
Sink	: 0.2561
Recon	: 22.2811
-------------------------------------
[Align Epoch : 16/20]
Src_cls_loss	: 0.1059
Sink	: 0.2468
Recon	: 22.2042
-------------------------------------
[Align Epoch : 17/20]
Src_cls_loss	: 0.1035
Sink	: 0.2383
Recon	: 22.1286
-------------------------------------
[Align Epoch : 18/20]
Src_cls_loss	: 0.1021
Sink	: 0.2309
Recon	: 22.0559
-------------------------------------
[Align Epoch : 19/20]
Src_cls_loss	: 0.1000
Sink	: 0.2238
Recon	: 21.9899
-------------------------------------
[Align Epoch : 20/20]
Src_cls_loss	: 0.0977
Sink	: 0.2172
Recon	: 21.9185
-------------------------------------
[Correct Epoch : 1/20]
Recon_correct	: 20.4839
-------------------------------------
[Correct Epoch : 2/20]
Recon_correct	: 20.2987
-------------------------------------
[Correct Epoch : 3/20]
Recon_correct	: 20.2193
-------------------------------------
[Correct Epoch : 4/20]
Recon_correct	: 20.1365
-------------------------------------
[Correct Epoch : 5/20]
Recon_correct	: 20.0689
-------------------------------------
[Correct Epoch : 6/20]
Recon_correct	: 20.0096
-------------------------------------
[Correct Epoch : 7/20]
Recon_correct	: 19.9446
-------------------------------------
[Correct Epoch : 8/20]
Recon_correct	: 19.8685
-------------------------------------
[Correct Epoch : 9/20]
Recon_correct	: 19.8106
-------------------------------------
[Correct Epoch : 10/20]
Recon_correct	: 19.7447
-------------------------------------
[Correct Epoch : 11/20]
Recon_correct	: 19.6817
-------------------------------------
[Correct Epoch : 12/20]
Recon_correct	: 19.6210
-------------------------------------
[Correct Epoch : 13/20]
Recon_correct	: 19.5540
-------------------------------------
[Correct Epoch : 14/20]
Recon_correct	: 19.4871
-------------------------------------
[Correct Epoch : 15/20]
Recon_correct	: 19.4189
-------------------------------------
[Correct Epoch : 16/20]
Recon_correct	: 19.3506
-------------------------------------
[Correct Epoch : 17/20]
Recon_correct	: 19.2714
-------------------------------------
[Correct Epoch : 18/20]
Recon_correct	: 19.2020
-------------------------------------
[Correct Epoch : 19/20]
Recon_correct	: 19.1381
-------------------------------------
[Correct Epoch : 20/20]
Recon_correct	: 19.0598
-------------------------------------
H_score: 0.0000, OS* (acc_c): 0.4407, UNK (acc_p): 0.0000, acc_mix: 0.4407, F1: 0.4836
Uploading logs from: /mnt/data/home/tp2474/OpenSet-AdaTime/experiments_logs/Pamap2 to RealWorld_closed_set/RAINCOAT_closed_set/Pamap2_to_RealWorld_run_2
🏃 View run RAINCOAT_run_2 at: http://127.0.0.1:5001/#/experiments/235622674570859121/runs/6632722005554932b523b38588992a1b
🧪 View experiment at: http://127.0.0.1:5001/#/experiments/235622674570859121
=============================================
Dataset: Pamap2 to RealWorld_closed_set
Method:  RAINCOAT
=============================================
Source: Pamap2 ---> Target: RealWorld
Run ID: 3
=============================================
[Align Epoch : 1/20]
Src_cls_loss	: 0.3909
Sink	: 0.6358
Recon	: 23.4538
-------------------------------------
[Align Epoch : 2/20]
Src_cls_loss	: 0.2783
Sink	: 0.5680
Recon	: 23.4340
-------------------------------------
[Align Epoch : 3/20]
Src_cls_loss	: 0.2303
Sink	: 0.5208
Recon	: 23.3732
-------------------------------------
[Align Epoch : 4/20]
Src_cls_loss	: 0.2023
Sink	: 0.4801
Recon	: 23.3012
-------------------------------------
[Align Epoch : 5/20]
Src_cls_loss	: 0.1820
Sink	: 0.4457
Recon	: 23.2112
-------------------------------------
[Align Epoch : 6/20]
Src_cls_loss	: 0.1667
Sink	: 0.4178
Recon	: 23.1353
-------------------------------------
[Align Epoch : 7/20]
Src_cls_loss	: 0.1542
Sink	: 0.3936
Recon	: 23.0538
-------------------------------------
[Align Epoch : 8/20]
Src_cls_loss	: 0.1440
Sink	: 0.3728
Recon	: 22.9561
-------------------------------------
[Align Epoch : 9/20]
Src_cls_loss	: 0.1359
Sink	: 0.3545
Recon	: 22.8765
-------------------------------------
[Align Epoch : 10/20]
Src_cls_loss	: 0.1293
Sink	: 0.3380
Recon	: 22.7754
-------------------------------------
[Align Epoch : 11/20]
Src_cls_loss	: 0.1236
Sink	: 0.3228
Recon	: 22.6934
-------------------------------------
[Align Epoch : 12/20]
Src_cls_loss	: 0.1186
Sink	: 0.3091
Recon	: 22.6070
-------------------------------------
[Align Epoch : 13/20]
Src_cls_loss	: 0.1141
Sink	: 0.2966
Recon	: 22.5174
-------------------------------------
[Align Epoch : 14/20]
Src_cls_loss	: 0.1103
Sink	: 0.2857
Recon	: 22.4370
-------------------------------------
[Align Epoch : 15/20]
Src_cls_loss	: 0.1079
Sink	: 0.2763
Recon	: 22.3556
-------------------------------------
[Align Epoch : 16/20]
Src_cls_loss	: 0.1050
Sink	: 0.2669
Recon	: 22.2747
-------------------------------------
[Align Epoch : 17/20]
Src_cls_loss	: 0.1024
Sink	: 0.2583
Recon	: 22.1983
-------------------------------------
[Align Epoch : 18/20]
Src_cls_loss	: 0.1003
Sink	: 0.2503
Recon	: 22.1126
-------------------------------------
[Align Epoch : 19/20]
Src_cls_loss	: 0.0988
Sink	: 0.2429
Recon	: 22.0328
-------------------------------------
[Align Epoch : 20/20]
Src_cls_loss	: 0.0968
Sink	: 0.2359
Recon	: 21.9568
-------------------------------------
[Correct Epoch : 1/20]
Recon_correct	: 20.2922
-------------------------------------
[Correct Epoch : 2/20]
Recon_correct	: 20.2647
-------------------------------------
[Correct Epoch : 3/20]
Recon_correct	: 20.1931
-------------------------------------
[Correct Epoch : 4/20]
Recon_correct	: 20.1053
-------------------------------------
[Correct Epoch : 5/20]
Recon_correct	: 20.0618
-------------------------------------
[Correct Epoch : 6/20]
Recon_correct	: 19.9777
-------------------------------------
[Correct Epoch : 7/20]
Recon_correct	: 19.9054
-------------------------------------
[Correct Epoch : 8/20]
Recon_correct	: 19.8500
-------------------------------------
[Correct Epoch : 9/20]
Recon_correct	: 19.7880
-------------------------------------
[Correct Epoch : 10/20]
Recon_correct	: 19.7150
-------------------------------------
[Correct Epoch : 11/20]
Recon_correct	: 19.6490
-------------------------------------
[Correct Epoch : 12/20]
Recon_correct	: 19.5768
-------------------------------------
[Correct Epoch : 13/20]
Recon_correct	: 19.5119
-------------------------------------
[Correct Epoch : 14/20]
Recon_correct	: 19.4344
-------------------------------------
[Correct Epoch : 15/20]
Recon_correct	: 19.3722
-------------------------------------
[Correct Epoch : 16/20]
Recon_correct	: 19.3054
-------------------------------------
[Correct Epoch : 17/20]
Recon_correct	: 19.2258
-------------------------------------
[Correct Epoch : 18/20]
Recon_correct	: 19.1670
-------------------------------------
[Correct Epoch : 19/20]
Recon_correct	: 19.1029
-------------------------------------
[Correct Epoch : 20/20]
Recon_correct	: 19.0280
-------------------------------------
H_score: 0.0000, OS* (acc_c): 0.4387, UNK (acc_p): 0.0000, acc_mix: 0.4387, F1: 0.5095
Uploading logs from: /mnt/data/home/tp2474/OpenSet-AdaTime/experiments_logs/Pamap2 to RealWorld_closed_set/RAINCOAT_closed_set/Pamap2_to_RealWorld_run_3
🏃 View run RAINCOAT_run_3 at: http://127.0.0.1:5001/#/experiments/235622674570859121/runs/3d2c1aadf9b043faa9a794da622e3281
🧪 View experiment at: http://127.0.0.1:5001/#/experiments/235622674570859121
=============================================
Dataset: Pamap2 to RealWorld_closed_set
Method:  RAINCOAT
=============================================
Source: Pamap2 ---> Target: RealWorld
Run ID: 4
=============================================
[Align Epoch : 1/20]
Src_cls_loss	: 0.4259
Sink	: 0.6577
Recon	: 23.5089
-------------------------------------
[Align Epoch : 2/20]
Src_cls_loss	: 0.2941
Sink	: 0.5831
Recon	: 23.4261
-------------------------------------
[Align Epoch : 3/20]
Src_cls_loss	: 0.2406
Sink	: 0.5327
Recon	: 23.3322
-------------------------------------
[Align Epoch : 4/20]
Src_cls_loss	: 0.2090
Sink	: 0.4927
Recon	: 23.2644
-------------------------------------
[Align Epoch : 5/20]
Src_cls_loss	: 0.1880
Sink	: 0.4605
Recon	: 23.1847
-------------------------------------
[Align Epoch : 6/20]
Src_cls_loss	: 0.1739
Sink	: 0.4326
Recon	: 23.1003
-------------------------------------
[Align Epoch : 7/20]
Src_cls_loss	: 0.1626
Sink	: 0.4084
Recon	: 23.0157
-------------------------------------
[Align Epoch : 8/20]
Src_cls_loss	: 0.1534
Sink	: 0.3879
Recon	: 22.9277
-------------------------------------
[Align Epoch : 9/20]
Src_cls_loss	: 0.1468
Sink	: 0.3702
Recon	: 22.8430
-------------------------------------
[Align Epoch : 10/20]
Src_cls_loss	: 0.1400
Sink	: 0.3532
Recon	: 22.7530
-------------------------------------
[Align Epoch : 11/20]
Src_cls_loss	: 0.1348
Sink	: 0.3377
Recon	: 22.6544
-------------------------------------
[Align Epoch : 12/20]
Src_cls_loss	: 0.1302
Sink	: 0.3235
Recon	: 22.5614
-------------------------------------
[Align Epoch : 13/20]
Src_cls_loss	: 0.1261
Sink	: 0.3114
Recon	: 22.4713
-------------------------------------
[Align Epoch : 14/20]
Src_cls_loss	: 0.1227
Sink	: 0.3000
Recon	: 22.3899
-------------------------------------
[Align Epoch : 15/20]
Src_cls_loss	: 0.1195
Sink	: 0.2888
Recon	: 22.2948
-------------------------------------
[Align Epoch : 16/20]
Src_cls_loss	: 0.1163
Sink	: 0.2783
Recon	: 22.2148
-------------------------------------
[Align Epoch : 17/20]
Src_cls_loss	: 0.1132
Sink	: 0.2686
Recon	: 22.1288
-------------------------------------
[Align Epoch : 18/20]
Src_cls_loss	: 0.1109
Sink	: 0.2604
Recon	: 22.0565
-------------------------------------
[Align Epoch : 19/20]
Src_cls_loss	: 0.1096
Sink	: 0.2531
Recon	: 21.9778
-------------------------------------
[Align Epoch : 20/20]
Src_cls_loss	: 0.1079
Sink	: 0.2458
Recon	: 21.9041
-------------------------------------
[Correct Epoch : 1/20]
Recon_correct	: 20.3075
-------------------------------------
[Correct Epoch : 2/20]
Recon_correct	: 20.2460
-------------------------------------
[Correct Epoch : 3/20]
Recon_correct	: 20.1755
-------------------------------------
[Correct Epoch : 4/20]
Recon_correct	: 20.1063
-------------------------------------
[Correct Epoch : 5/20]
Recon_correct	: 20.0677
-------------------------------------
[Correct Epoch : 6/20]
Recon_correct	: 20.0029
-------------------------------------
[Correct Epoch : 7/20]
Recon_correct	: 19.9228
-------------------------------------
[Correct Epoch : 8/20]
Recon_correct	: 19.8402
-------------------------------------
[Correct Epoch : 9/20]
Recon_correct	: 19.7763
-------------------------------------
[Correct Epoch : 10/20]
Recon_correct	: 19.7069
-------------------------------------
[Correct Epoch : 11/20]
Recon_correct	: 19.6282
-------------------------------------
[Correct Epoch : 12/20]
Recon_correct	: 19.5488
-------------------------------------
[Correct Epoch : 13/20]
Recon_correct	: 19.4763
-------------------------------------
[Correct Epoch : 14/20]
Recon_correct	: 19.4062
-------------------------------------
[Correct Epoch : 15/20]
Recon_correct	: 19.3422
-------------------------------------
[Correct Epoch : 16/20]
Recon_correct	: 19.2711
-------------------------------------
[Correct Epoch : 17/20]
Recon_correct	: 19.2003
-------------------------------------
[Correct Epoch : 18/20]
Recon_correct	: 19.1309
-------------------------------------
[Correct Epoch : 19/20]
Recon_correct	: 19.0608
-------------------------------------
[Correct Epoch : 20/20]
Recon_correct	: 18.9940
-------------------------------------
H_score: 0.0000, OS* (acc_c): 0.3746, UNK (acc_p): 0.0000, acc_mix: 0.3746, F1: 0.3991
Uploading logs from: /mnt/data/home/tp2474/OpenSet-AdaTime/experiments_logs/Pamap2 to RealWorld_closed_set/RAINCOAT_closed_set/Pamap2_to_RealWorld_run_4
🏃 View run RAINCOAT_run_4 at: http://127.0.0.1:5001/#/experiments/235622674570859121/runs/3642a28fa31b4a609527a1372e2f39db
🧪 View experiment at: http://127.0.0.1:5001/#/experiments/235622674570859121
Running: Source=Pamap2 -> Target=mhealth
[scenario] RAINCOAT -> UniDA (uniDA=True)
Unlabeled data shape:  (1620, 150, 18)
Unlabelled Combined shape: (2786, 150, 18)

--- Dataloader Size Check ---
Source Train batches:   51
Target Train batches:   25
-------------------------------

Private classes:  tensor([])
=============================================
Dataset: Pamap2 to mhealth_closed_set
Method:  RAINCOAT
=============================================
Source: Pamap2 ---> Target: mhealth
Run ID: 0
=============================================
[Align Epoch : 1/20]
Src_cls_loss	: 0.5277
Sink	: 0.7068
Recon	: 23.3253
-------------------------------------
[Align Epoch : 2/20]
Src_cls_loss	: 0.3799
Sink	: 0.6252
Recon	: 23.1973
-------------------------------------
[Align Epoch : 3/20]
Src_cls_loss	: 0.3068
Sink	: 0.5734
Recon	: 23.1739
-------------------------------------
[Align Epoch : 4/20]
Src_cls_loss	: 0.2673
Sink	: 0.5367
Recon	: 23.1867
-------------------------------------
[Align Epoch : 5/20]
Src_cls_loss	: 0.2388
Sink	: 0.5105
Recon	: 23.1841
-------------------------------------
[Align Epoch : 6/20]
Src_cls_loss	: 0.2181
Sink	: 0.4878
Recon	: 23.1787
-------------------------------------
[Align Epoch : 7/20]
Src_cls_loss	: 0.2051
Sink	: 0.4674
Recon	: 23.1355
-------------------------------------
[Align Epoch : 8/20]
Src_cls_loss	: 0.1936
Sink	: 0.4500
Recon	: 23.0753
-------------------------------------
[Align Epoch : 9/20]
Src_cls_loss	: 0.1836
Sink	: 0.4340
Recon	: 23.0489
-------------------------------------
[Align Epoch : 10/20]
Src_cls_loss	: 0.1738
Sink	: 0.4197
Recon	: 23.0252
-------------------------------------
[Align Epoch : 11/20]
Src_cls_loss	: 0.1651
Sink	: 0.4063
Recon	: 22.9934
-------------------------------------
[Align Epoch : 12/20]
Src_cls_loss	: 0.1581
Sink	: 0.3938
Recon	: 22.9711
-------------------------------------
[Align Epoch : 13/20]
Src_cls_loss	: 0.1517
Sink	: 0.3828
Recon	: 22.9553
-------------------------------------
[Align Epoch : 14/20]
Src_cls_loss	: 0.1461
Sink	: 0.3721
Recon	: 22.9393
-------------------------------------
[Align Epoch : 15/20]
Src_cls_loss	: 0.1415
Sink	: 0.3631
Recon	: 22.9239
-------------------------------------
[Align Epoch : 16/20]
Src_cls_loss	: 0.1377
Sink	: 0.3546
Recon	: 22.9086
-------------------------------------
[Align Epoch : 17/20]
Src_cls_loss	: 0.1335
Sink	: 0.3460
Recon	: 22.8872
-------------------------------------
[Align Epoch : 18/20]
Src_cls_loss	: 0.1291
Sink	: 0.3377
Recon	: 22.8673
-------------------------------------
[Align Epoch : 19/20]
Src_cls_loss	: 0.1254
Sink	: 0.3300
Recon	: 22.8481
-------------------------------------
[Align Epoch : 20/20]
Src_cls_loss	: 0.1223
Sink	: 0.3223
Recon	: 22.8256
-------------------------------------
[Correct Epoch : 1/20]
Recon_correct	: 22.3933
-------------------------------------
[Correct Epoch : 2/20]
Recon_correct	: 22.4129
-------------------------------------
[Correct Epoch : 3/20]
Recon_correct	: 22.3829
-------------------------------------
[Correct Epoch : 4/20]
Recon_correct	: 22.3586
-------------------------------------
[Correct Epoch : 5/20]
Recon_correct	: 22.2841
-------------------------------------
[Correct Epoch : 6/20]
Recon_correct	: 22.2369
-------------------------------------
[Correct Epoch : 7/20]
Recon_correct	: 22.1820
-------------------------------------
[Correct Epoch : 8/20]
Recon_correct	: 22.1327
-------------------------------------
[Correct Epoch : 9/20]
Recon_correct	: 22.0851
-------------------------------------
[Correct Epoch : 10/20]
Recon_correct	: 22.0458
-------------------------------------
[Correct Epoch : 11/20]
Recon_correct	: 21.9987
-------------------------------------
[Correct Epoch : 12/20]
Recon_correct	: 21.9632
-------------------------------------
[Correct Epoch : 13/20]
Recon_correct	: 21.9347
-------------------------------------
[Correct Epoch : 14/20]
Recon_correct	: 21.9045
-------------------------------------
[Correct Epoch : 15/20]
Recon_correct	: 21.8755
-------------------------------------
[Correct Epoch : 16/20]
Recon_correct	: 21.8417
-------------------------------------
[Correct Epoch : 17/20]
Recon_correct	: 21.8237
-------------------------------------
[Correct Epoch : 18/20]
Recon_correct	: 21.7844
-------------------------------------
[Correct Epoch : 19/20]
Recon_correct	: 21.7520
-------------------------------------
[Correct Epoch : 20/20]
Recon_correct	: 21.7291
-------------------------------------
/mnt/data/home/tp2474/OpenSet-AdaTime/trainers/abstract_trainer.py:331: FutureWarning: The behavior of DataFrame concatenation with empty or all-NA entries is deprecated. In a future version, this will no longer exclude empty or all-NA columns when determining the result dtypes. To retain the old behavior, exclude the relevant entries before the concat operation.
  table = pd.concat([table, results_df], ignore_index=True)
H_score: 0.0000, OS* (acc_c): 0.0778, UNK (acc_p): 0.0000, acc_mix: 0.0778, F1: 0.1125
Uploading logs from: /mnt/data/home/tp2474/OpenSet-AdaTime/experiments_logs/Pamap2 to mhealth_closed_set/RAINCOAT_closed_set/Pamap2_to_mhealth_run_0
🏃 View run RAINCOAT_run_0 at: http://127.0.0.1:5001/#/experiments/297438354379357924/runs/7dbe69eeecf84ff5a85d5d7c8e7623ff
🧪 View experiment at: http://127.0.0.1:5001/#/experiments/297438354379357924
=============================================
Dataset: Pamap2 to mhealth_closed_set
Method:  RAINCOAT
=============================================
Source: Pamap2 ---> Target: mhealth
Run ID: 1
=============================================
[Align Epoch : 1/20]
Src_cls_loss	: 0.5631
Sink	: 0.7552
Recon	: 23.3051
-------------------------------------
[Align Epoch : 2/20]
Src_cls_loss	: 0.3950
Sink	: 0.6923
Recon	: 23.1735
-------------------------------------
[Align Epoch : 3/20]
Src_cls_loss	: 0.3234
Sink	: 0.6489
Recon	: 23.1813
-------------------------------------
[Align Epoch : 4/20]
Src_cls_loss	: 0.2804
Sink	: 0.6122
Recon	: 23.1599
-------------------------------------
[Align Epoch : 5/20]
Src_cls_loss	: 0.2513
Sink	: 0.5842
Recon	: 23.1169
-------------------------------------
[Align Epoch : 6/20]
Src_cls_loss	: 0.2269
Sink	: 0.5580
Recon	: 23.0922
-------------------------------------
[Align Epoch : 7/20]
Src_cls_loss	: 0.2095
Sink	: 0.5346
Recon	: 23.0738
-------------------------------------
[Align Epoch : 8/20]
Src_cls_loss	: 0.1943
Sink	: 0.5146
Recon	: 23.0579
-------------------------------------
[Align Epoch : 9/20]
Src_cls_loss	: 0.1818
Sink	: 0.4959
Recon	: 23.0263
-------------------------------------
[Align Epoch : 10/20]
Src_cls_loss	: 0.1723
Sink	: 0.4793
Recon	: 22.9970
-------------------------------------
[Align Epoch : 11/20]
Src_cls_loss	: 0.1643
Sink	: 0.4637
Recon	: 22.9698
-------------------------------------
[Align Epoch : 12/20]
Src_cls_loss	: 0.1568
Sink	: 0.4492
Recon	: 22.9427
-------------------------------------
[Align Epoch : 13/20]
Src_cls_loss	: 0.1496
Sink	: 0.4359
Recon	: 22.9330
-------------------------------------
[Align Epoch : 14/20]
Src_cls_loss	: 0.1428
Sink	: 0.4233
Recon	: 22.9110
-------------------------------------
[Align Epoch : 15/20]
Src_cls_loss	: 0.1370
Sink	: 0.4120
Recon	: 22.8974
-------------------------------------
[Align Epoch : 16/20]
Src_cls_loss	: 0.1326
Sink	: 0.4009
Recon	: 22.8722
-------------------------------------
[Align Epoch : 17/20]
Src_cls_loss	: 0.1280
Sink	: 0.3909
Recon	: 22.8443
-------------------------------------
[Align Epoch : 18/20]
Src_cls_loss	: 0.1237
Sink	: 0.3813
Recon	: 22.8141
-------------------------------------
[Align Epoch : 19/20]
Src_cls_loss	: 0.1202
Sink	: 0.3730
Recon	: 22.7932
-------------------------------------
[Align Epoch : 20/20]
Src_cls_loss	: 0.1168
Sink	: 0.3652
Recon	: 22.7803
-------------------------------------
[Correct Epoch : 1/20]
Recon_correct	: 22.1575
-------------------------------------
[Correct Epoch : 2/20]
Recon_correct	: 22.1759
-------------------------------------
[Correct Epoch : 3/20]
Recon_correct	: 22.1379
-------------------------------------
[Correct Epoch : 4/20]
Recon_correct	: 22.1169
-------------------------------------
[Correct Epoch : 5/20]
Recon_correct	: 22.0493
-------------------------------------
[Correct Epoch : 6/20]
Recon_correct	: 21.9936
-------------------------------------
[Correct Epoch : 7/20]
Recon_correct	: 21.9928
-------------------------------------
[Correct Epoch : 8/20]
Recon_correct	: 21.9554
-------------------------------------
[Correct Epoch : 9/20]
Recon_correct	: 21.9165
-------------------------------------
[Correct Epoch : 10/20]
Recon_correct	: 21.8901
-------------------------------------
[Correct Epoch : 11/20]
Recon_correct	: 21.8419
-------------------------------------
[Correct Epoch : 12/20]
Recon_correct	: 21.8076
-------------------------------------
[Correct Epoch : 13/20]
Recon_correct	: 21.7772
-------------------------------------
[Correct Epoch : 14/20]
Recon_correct	: 21.7467
-------------------------------------
[Correct Epoch : 15/20]
Recon_correct	: 21.7127
-------------------------------------
[Correct Epoch : 16/20]
Recon_correct	: 21.6806
-------------------------------------
[Correct Epoch : 17/20]
Recon_correct	: 21.6498
-------------------------------------
[Correct Epoch : 18/20]
Recon_correct	: 21.6163
-------------------------------------
[Correct Epoch : 19/20]
Recon_correct	: 21.5827
-------------------------------------
[Correct Epoch : 20/20]
Recon_correct	: 21.5452
-------------------------------------
H_score: 0.0000, OS* (acc_c): 0.1500, UNK (acc_p): 0.0000, acc_mix: 0.1500, F1: 0.1247
Uploading logs from: /mnt/data/home/tp2474/OpenSet-AdaTime/experiments_logs/Pamap2 to mhealth_closed_set/RAINCOAT_closed_set/Pamap2_to_mhealth_run_1
🏃 View run RAINCOAT_run_1 at: http://127.0.0.1:5001/#/experiments/297438354379357924/runs/708f7ecb725143bf9b17fc5fc004efb2
🧪 View experiment at: http://127.0.0.1:5001/#/experiments/297438354379357924
=============================================
Dataset: Pamap2 to mhealth_closed_set
Method:  RAINCOAT
=============================================
Source: Pamap2 ---> Target: mhealth
Run ID: 2
=============================================
[Align Epoch : 1/20]
Src_cls_loss	: 0.5638
Sink	: 0.7528
Recon	: 23.3945
-------------------------------------
[Align Epoch : 2/20]
Src_cls_loss	: 0.4130
Sink	: 0.6837
Recon	: 23.2485
-------------------------------------
[Align Epoch : 3/20]
Src_cls_loss	: 0.3402
Sink	: 0.6371
Recon	: 23.1960
-------------------------------------
[Align Epoch : 4/20]
Src_cls_loss	: 0.2956
Sink	: 0.6016
Recon	: 23.2109
-------------------------------------
[Align Epoch : 5/20]
Src_cls_loss	: 0.2690
Sink	: 0.5712
Recon	: 23.1725
-------------------------------------
[Align Epoch : 6/20]
Src_cls_loss	: 0.2483
Sink	: 0.5480
Recon	: 23.1397
-------------------------------------
[Align Epoch : 7/20]
Src_cls_loss	: 0.2317
Sink	: 0.5290
Recon	: 23.1048
-------------------------------------
[Align Epoch : 8/20]
Src_cls_loss	: 0.2173
Sink	: 0.5119
Recon	: 23.0844
-------------------------------------
[Align Epoch : 9/20]
Src_cls_loss	: 0.2035
Sink	: 0.4951
Recon	: 23.0698
-------------------------------------
[Align Epoch : 10/20]
Src_cls_loss	: 0.1934
Sink	: 0.4804
Recon	: 23.0707
-------------------------------------
[Align Epoch : 11/20]
Src_cls_loss	: 0.1843
Sink	: 0.4668
Recon	: 23.0573
-------------------------------------
[Align Epoch : 12/20]
Src_cls_loss	: 0.1766
Sink	: 0.4535
Recon	: 23.0247
-------------------------------------
[Align Epoch : 13/20]
Src_cls_loss	: 0.1688
Sink	: 0.4418
Recon	: 23.0115
-------------------------------------
[Align Epoch : 14/20]
Src_cls_loss	: 0.1620
Sink	: 0.4305
Recon	: 22.9899
-------------------------------------
[Align Epoch : 15/20]
Src_cls_loss	: 0.1556
Sink	: 0.4197
Recon	: 22.9666
-------------------------------------
[Align Epoch : 16/20]
Src_cls_loss	: 0.1504
Sink	: 0.4092
Recon	: 22.9376
-------------------------------------
[Align Epoch : 17/20]
Src_cls_loss	: 0.1453
Sink	: 0.3997
Recon	: 22.9203
-------------------------------------
[Align Epoch : 18/20]
Src_cls_loss	: 0.1407
Sink	: 0.3910
Recon	: 22.8975
-------------------------------------
[Align Epoch : 19/20]
Src_cls_loss	: 0.1364
Sink	: 0.3828
Recon	: 22.8768
-------------------------------------
[Align Epoch : 20/20]
Src_cls_loss	: 0.1324
Sink	: 0.3748
Recon	: 22.8554
-------------------------------------
[Correct Epoch : 1/20]
Recon_correct	: 22.5480
-------------------------------------
[Correct Epoch : 2/20]
Recon_correct	: 22.4412
-------------------------------------
[Correct Epoch : 3/20]
Recon_correct	: 22.3160
-------------------------------------
[Correct Epoch : 4/20]
Recon_correct	: 22.2747
-------------------------------------
[Correct Epoch : 5/20]
Recon_correct	: 22.2197
-------------------------------------
[Correct Epoch : 6/20]
Recon_correct	: 22.1765
-------------------------------------
[Correct Epoch : 7/20]
Recon_correct	: 22.1310
-------------------------------------
[Correct Epoch : 8/20]
Recon_correct	: 22.1041
-------------------------------------
[Correct Epoch : 9/20]
Recon_correct	: 22.1006
-------------------------------------
[Correct Epoch : 10/20]
Recon_correct	: 22.0673
-------------------------------------
[Correct Epoch : 11/20]
Recon_correct	: 22.0399
-------------------------------------
[Correct Epoch : 12/20]
Recon_correct	: 22.0063
-------------------------------------
[Correct Epoch : 13/20]
Recon_correct	: 21.9731
-------------------------------------
[Correct Epoch : 14/20]
Recon_correct	: 21.9459
-------------------------------------
[Correct Epoch : 15/20]
Recon_correct	: 21.9173
-------------------------------------
[Correct Epoch : 16/20]
Recon_correct	: 21.8816
-------------------------------------
[Correct Epoch : 17/20]
Recon_correct	: 21.8448
-------------------------------------
[Correct Epoch : 18/20]
Recon_correct	: 21.8125
-------------------------------------
[Correct Epoch : 19/20]
Recon_correct	: 21.7809
-------------------------------------
[Correct Epoch : 20/20]
Recon_correct	: 21.7514
-------------------------------------
H_score: 0.0000, OS* (acc_c): 0.2062, UNK (acc_p): 0.0000, acc_mix: 0.2062, F1: 0.2382
Uploading logs from: /mnt/data/home/tp2474/OpenSet-AdaTime/experiments_logs/Pamap2 to mhealth_closed_set/RAINCOAT_closed_set/Pamap2_to_mhealth_run_2
🏃 View run RAINCOAT_run_2 at: http://127.0.0.1:5001/#/experiments/297438354379357924/runs/6ec072e5439e47b797d95969894a59d3
🧪 View experiment at: http://127.0.0.1:5001/#/experiments/297438354379357924
=============================================
Dataset: Pamap2 to mhealth_closed_set
Method:  RAINCOAT
=============================================
Source: Pamap2 ---> Target: mhealth
Run ID: 3
=============================================
[Align Epoch : 1/20]
Src_cls_loss	: 0.5851
Sink	: 0.7562
Recon	: 23.2809
-------------------------------------
[Align Epoch : 2/20]
Src_cls_loss	: 0.4106
Sink	: 0.6784
Recon	: 23.2132
-------------------------------------
[Align Epoch : 3/20]
Src_cls_loss	: 0.3346
Sink	: 0.6315
Recon	: 23.1467
-------------------------------------
[Align Epoch : 4/20]
Src_cls_loss	: 0.2949
Sink	: 0.5999
Recon	: 23.1271
-------------------------------------
[Align Epoch : 5/20]
Src_cls_loss	: 0.2614
Sink	: 0.5729
Recon	: 23.1406
-------------------------------------
[Align Epoch : 6/20]
Src_cls_loss	: 0.2380
Sink	: 0.5504
Recon	: 23.1302
-------------------------------------
[Align Epoch : 7/20]
Src_cls_loss	: 0.2206
Sink	: 0.5299
Recon	: 23.0865
-------------------------------------
[Align Epoch : 8/20]
Src_cls_loss	: 0.2064
Sink	: 0.5121
Recon	: 23.0632
-------------------------------------
[Align Epoch : 9/20]
Src_cls_loss	: 0.1930
Sink	: 0.4958
Recon	: 23.0195
-------------------------------------
[Align Epoch : 10/20]
Src_cls_loss	: 0.1823
Sink	: 0.4812
Recon	: 22.9791
-------------------------------------
[Align Epoch : 11/20]
Src_cls_loss	: 0.1761
Sink	: 0.4673
Recon	: 22.9563
-------------------------------------
[Align Epoch : 12/20]
Src_cls_loss	: 0.1716
Sink	: 0.4553
Recon	: 22.9290
-------------------------------------
[Align Epoch : 13/20]
Src_cls_loss	: 0.1666
Sink	: 0.4442
Recon	: 22.9058
-------------------------------------
[Align Epoch : 14/20]
Src_cls_loss	: 0.1615
Sink	: 0.4336
Recon	: 22.8894
-------------------------------------
[Align Epoch : 15/20]
Src_cls_loss	: 0.1570
Sink	: 0.4242
Recon	: 22.8640
-------------------------------------
[Align Epoch : 16/20]
Src_cls_loss	: 0.1518
Sink	: 0.4146
Recon	: 22.8463
-------------------------------------
[Align Epoch : 17/20]
Src_cls_loss	: 0.1481
Sink	: 0.4056
Recon	: 22.8256
-------------------------------------
[Align Epoch : 18/20]
Src_cls_loss	: 0.1445
Sink	: 0.3970
Recon	: 22.7946
-------------------------------------
[Align Epoch : 19/20]
Src_cls_loss	: 0.1410
Sink	: 0.3890
Recon	: 22.7709
-------------------------------------
[Align Epoch : 20/20]
Src_cls_loss	: 0.1375
Sink	: 0.3809
Recon	: 22.7502
-------------------------------------
[Correct Epoch : 1/20]
Recon_correct	: 22.0904
-------------------------------------
[Correct Epoch : 2/20]
Recon_correct	: 22.0226
-------------------------------------
[Correct Epoch : 3/20]
Recon_correct	: 22.0161
-------------------------------------
[Correct Epoch : 4/20]
Recon_correct	: 21.9881
-------------------------------------
[Correct Epoch : 5/20]
Recon_correct	: 21.9560
-------------------------------------
[Correct Epoch : 6/20]
Recon_correct	: 21.9628
-------------------------------------
[Correct Epoch : 7/20]
Recon_correct	: 21.9521
-------------------------------------
[Correct Epoch : 8/20]
Recon_correct	: 21.9106
-------------------------------------
[Correct Epoch : 9/20]
Recon_correct	: 21.8801
-------------------------------------
[Correct Epoch : 10/20]
Recon_correct	: 21.8317
-------------------------------------
[Correct Epoch : 11/20]
Recon_correct	: 21.8090
-------------------------------------
[Correct Epoch : 12/20]
Recon_correct	: 21.7790
-------------------------------------
[Correct Epoch : 13/20]
Recon_correct	: 21.7601
-------------------------------------
[Correct Epoch : 14/20]
Recon_correct	: 21.7263
-------------------------------------
[Correct Epoch : 15/20]
Recon_correct	: 21.6882
-------------------------------------
[Correct Epoch : 16/20]
Recon_correct	: 21.6471
-------------------------------------
[Correct Epoch : 17/20]
Recon_correct	: 21.6048
-------------------------------------
[Correct Epoch : 18/20]
Recon_correct	: 21.5729
-------------------------------------
[Correct Epoch : 19/20]
Recon_correct	: 21.5417
-------------------------------------
[Correct Epoch : 20/20]
Recon_correct	: 21.5080
-------------------------------------
H_score: 0.0000, OS* (acc_c): 0.1858, UNK (acc_p): 0.0000, acc_mix: 0.1858, F1: 0.2113
Uploading logs from: /mnt/data/home/tp2474/OpenSet-AdaTime/experiments_logs/Pamap2 to mhealth_closed_set/RAINCOAT_closed_set/Pamap2_to_mhealth_run_3
🏃 View run RAINCOAT_run_3 at: http://127.0.0.1:5001/#/experiments/297438354379357924/runs/3690680e3aa449fba3f4e9faae686dfd
🧪 View experiment at: http://127.0.0.1:5001/#/experiments/297438354379357924
=============================================
Dataset: Pamap2 to mhealth_closed_set
Method:  RAINCOAT
=============================================
Source: Pamap2 ---> Target: mhealth
Run ID: 4
=============================================
[Align Epoch : 1/20]
Src_cls_loss	: 0.5759
Sink	: 0.7728
Recon	: 23.2177
-------------------------------------
[Align Epoch : 2/20]
Src_cls_loss	: 0.4052
Sink	: 0.7070
Recon	: 23.1787
-------------------------------------
[Align Epoch : 3/20]
Src_cls_loss	: 0.3287
Sink	: 0.6562
Recon	: 23.1549
-------------------------------------
[Align Epoch : 4/20]
Src_cls_loss	: 0.2860
Sink	: 0.6256
Recon	: 23.1294
-------------------------------------
[Align Epoch : 5/20]
Src_cls_loss	: 0.2575
Sink	: 0.6019
Recon	: 23.1247
-------------------------------------
[Align Epoch : 6/20]
Src_cls_loss	: 0.2371
Sink	: 0.5778
Recon	: 23.1300
-------------------------------------
[Align Epoch : 7/20]
Src_cls_loss	: 0.2202
Sink	: 0.5552
Recon	: 23.1074
-------------------------------------
[Align Epoch : 8/20]
Src_cls_loss	: 0.2075
Sink	: 0.5361
Recon	: 23.1020
-------------------------------------
[Align Epoch : 9/20]
Src_cls_loss	: 0.1979
Sink	: 0.5195
Recon	: 23.0635
-------------------------------------
[Align Epoch : 10/20]
Src_cls_loss	: 0.1896
Sink	: 0.5048
Recon	: 23.0272
-------------------------------------
[Align Epoch : 11/20]
Src_cls_loss	: 0.1819
Sink	: 0.4918
Recon	: 23.0048
-------------------------------------
[Align Epoch : 12/20]
Src_cls_loss	: 0.1741
Sink	: 0.4793
Recon	: 22.9778
-------------------------------------
[Align Epoch : 13/20]
Src_cls_loss	: 0.1683
Sink	: 0.4673
Recon	: 22.9499
-------------------------------------
[Align Epoch : 14/20]
Src_cls_loss	: 0.1627
Sink	: 0.4561
Recon	: 22.9203
-------------------------------------
[Align Epoch : 15/20]
Src_cls_loss	: 0.1569
Sink	: 0.4448
Recon	: 22.8956
-------------------------------------
[Align Epoch : 16/20]
Src_cls_loss	: 0.1531
Sink	: 0.4347
Recon	: 22.8689
-------------------------------------
[Align Epoch : 17/20]
Src_cls_loss	: 0.1492
Sink	: 0.4248
Recon	: 22.8463
-------------------------------------
[Align Epoch : 18/20]
Src_cls_loss	: 0.1455
Sink	: 0.4153
Recon	: 22.8180
-------------------------------------
[Align Epoch : 19/20]
Src_cls_loss	: 0.1419
Sink	: 0.4064
Recon	: 22.7928
-------------------------------------
[Align Epoch : 20/20]
Src_cls_loss	: 0.1391
Sink	: 0.3982
Recon	: 22.7736
-------------------------------------
[Correct Epoch : 1/20]
Recon_correct	: 22.1314
-------------------------------------
[Correct Epoch : 2/20]
Recon_correct	: 22.1983
-------------------------------------
[Correct Epoch : 3/20]
Recon_correct	: 22.1087
-------------------------------------
[Correct Epoch : 4/20]
Recon_correct	: 22.0849
-------------------------------------
[Correct Epoch : 5/20]
Recon_correct	: 22.0436
-------------------------------------
[Correct Epoch : 6/20]
Recon_correct	: 21.9913
-------------------------------------
[Correct Epoch : 7/20]
Recon_correct	: 21.9526
-------------------------------------
[Correct Epoch : 8/20]
Recon_correct	: 21.9124
-------------------------------------
[Correct Epoch : 9/20]
Recon_correct	: 21.8952
-------------------------------------
[Correct Epoch : 10/20]
Recon_correct	: 21.8340
-------------------------------------
[Correct Epoch : 11/20]
Recon_correct	: 21.8026
-------------------------------------
[Correct Epoch : 12/20]
Recon_correct	: 21.7618
-------------------------------------
[Correct Epoch : 13/20]
Recon_correct	: 21.7248
-------------------------------------
[Correct Epoch : 14/20]
Recon_correct	: 21.6901
-------------------------------------
[Correct Epoch : 15/20]
Recon_correct	: 21.6490
-------------------------------------
[Correct Epoch : 16/20]
Recon_correct	: 21.6214
-------------------------------------
[Correct Epoch : 17/20]
Recon_correct	: 21.5936
-------------------------------------
[Correct Epoch : 18/20]
Recon_correct	: 21.5600
-------------------------------------
[Correct Epoch : 19/20]
Recon_correct	: 21.5269
-------------------------------------
[Correct Epoch : 20/20]
Recon_correct	: 21.4883
-------------------------------------
H_score: 0.0000, OS* (acc_c): 0.2586, UNK (acc_p): 0.0000, acc_mix: 0.2586, F1: 0.2337
Uploading logs from: /mnt/data/home/tp2474/OpenSet-AdaTime/experiments_logs/Pamap2 to mhealth_closed_set/RAINCOAT_closed_set/Pamap2_to_mhealth_run_4
🏃 View run RAINCOAT_run_4 at: http://127.0.0.1:5001/#/experiments/297438354379357924/runs/773755d29c014f289a3b13d14b139e47
🧪 View experiment at: http://127.0.0.1:5001/#/experiments/297438354379357924
Running: Source=mhealth -> Target=RealWorld
[scenario] RAINCOAT -> UniDA (uniDA=True)
Unlabeled data shape:  (26209, 150, 18)
Unlabelled Combined shape: (45172, 150, 18)

--- Dataloader Size Check ---
Source Train batches:   18
Target Train batches:   409
-------------------------------

Private classes:  tensor([])
=============================================
Dataset: mhealth to RealWorld_closed_set
Method:  RAINCOAT
=============================================
Source: mhealth ---> Target: RealWorld
Run ID: 0
=============================================
[Align Epoch : 1/20]
Src_cls_loss	: 0.5487
Sink	: 0.7742
Recon	: 23.6504
-------------------------------------
[Align Epoch : 2/20]
Src_cls_loss	: 0.3622
Sink	: 0.7155
Recon	: 23.8152
-------------------------------------
[Align Epoch : 3/20]
Src_cls_loss	: 0.2732
Sink	: 0.6717
Recon	: 23.7892
-------------------------------------
[Align Epoch : 4/20]
Src_cls_loss	: 0.2203
Sink	: 0.6378
Recon	: 23.7663
-------------------------------------
[Align Epoch : 5/20]
Src_cls_loss	: 0.1848
Sink	: 0.6102
Recon	: 23.7627
-------------------------------------
[Align Epoch : 6/20]
Src_cls_loss	: 0.1603
Sink	: 0.5856
Recon	: 23.7420
-------------------------------------
[Align Epoch : 7/20]
Src_cls_loss	: 0.1416
Sink	: 0.5642
Recon	: 23.6949
-------------------------------------
[Align Epoch : 8/20]
Src_cls_loss	: 0.1272
Sink	: 0.5456
Recon	: 23.6876
-------------------------------------
[Align Epoch : 9/20]
Src_cls_loss	: 0.1161
Sink	: 0.5294
Recon	: 23.6844
-------------------------------------
[Align Epoch : 10/20]
Src_cls_loss	: 0.1067
Sink	: 0.5142
Recon	: 23.6593
-------------------------------------
[Align Epoch : 11/20]
Src_cls_loss	: 0.0988
Sink	: 0.5006
Recon	: 23.6401
-------------------------------------
[Align Epoch : 12/20]
Src_cls_loss	: 0.0925
Sink	: 0.4871
Recon	: 23.6305
-------------------------------------
[Align Epoch : 13/20]
Src_cls_loss	: 0.0869
Sink	: 0.4742
Recon	: 23.6260
-------------------------------------
[Align Epoch : 14/20]
Src_cls_loss	: 0.0818
Sink	: 0.4626
Recon	: 23.6206
-------------------------------------
[Align Epoch : 15/20]
Src_cls_loss	: 0.0776
Sink	: 0.4513
Recon	: 23.5917
-------------------------------------
[Align Epoch : 16/20]
Src_cls_loss	: 0.0737
Sink	: 0.4407
Recon	: 23.5787
-------------------------------------
[Align Epoch : 17/20]
Src_cls_loss	: 0.0704
Sink	: 0.4301
Recon	: 23.5514
-------------------------------------
[Align Epoch : 18/20]
Src_cls_loss	: 0.0675
Sink	: 0.4207
Recon	: 23.5213
-------------------------------------
[Align Epoch : 19/20]
Src_cls_loss	: 0.0650
Sink	: 0.4120
Recon	: 23.5013
-------------------------------------
[Align Epoch : 20/20]
Src_cls_loss	: 0.0626
Sink	: 0.4037
Recon	: 23.4754
-------------------------------------
[Correct Epoch : 1/20]
Recon_correct	: 23.1354
-------------------------------------
[Correct Epoch : 2/20]
Recon_correct	: 23.1767
-------------------------------------
[Correct Epoch : 3/20]
Recon_correct	: 23.0644
-------------------------------------
[Correct Epoch : 4/20]
Recon_correct	: 23.0396
-------------------------------------
[Correct Epoch : 5/20]
Recon_correct	: 23.0235
-------------------------------------
[Correct Epoch : 6/20]
Recon_correct	: 23.0079
-------------------------------------
[Correct Epoch : 7/20]
Recon_correct	: 22.9094
-------------------------------------
[Correct Epoch : 8/20]
Recon_correct	: 22.8531
-------------------------------------
[Correct Epoch : 9/20]
Recon_correct	: 22.8360
-------------------------------------
[Correct Epoch : 10/20]
Recon_correct	: 22.8389
-------------------------------------
[Correct Epoch : 11/20]
Recon_correct	: 22.8253
-------------------------------------
[Correct Epoch : 12/20]
Recon_correct	: 22.7916
-------------------------------------
[Correct Epoch : 13/20]
Recon_correct	: 22.7780
-------------------------------------
[Correct Epoch : 14/20]
Recon_correct	: 22.7583
-------------------------------------
[Correct Epoch : 15/20]
Recon_correct	: 22.7272
-------------------------------------
[Correct Epoch : 16/20]
Recon_correct	: 22.7116
-------------------------------------
[Correct Epoch : 17/20]
Recon_correct	: 22.6874
-------------------------------------
[Correct Epoch : 18/20]
Recon_correct	: 22.6700
-------------------------------------
[Correct Epoch : 19/20]
Recon_correct	: 22.6464
-------------------------------------
[Correct Epoch : 20/20]
Recon_correct	: 22.6231
-------------------------------------
/mnt/data/home/tp2474/OpenSet-AdaTime/trainers/abstract_trainer.py:331: FutureWarning: The behavior of DataFrame concatenation with empty or all-NA entries is deprecated. In a future version, this will no longer exclude empty or all-NA columns when determining the result dtypes. To retain the old behavior, exclude the relevant entries before the concat operation.
  table = pd.concat([table, results_df], ignore_index=True)
H_score: 0.0000, OS* (acc_c): 0.2735, UNK (acc_p): 0.0000, acc_mix: 0.2735, F1: 0.3312
Uploading logs from: /mnt/data/home/tp2474/OpenSet-AdaTime/experiments_logs/mhealth to RealWorld_closed_set/RAINCOAT_closed_set/mhealth_to_RealWorld_run_0
🏃 View run RAINCOAT_run_0 at: http://127.0.0.1:5001/#/experiments/259823949667944240/runs/9df087dd006c48f5bdea74cac9c5e49a
🧪 View experiment at: http://127.0.0.1:5001/#/experiments/259823949667944240
=============================================
Dataset: mhealth to RealWorld_closed_set
Method:  RAINCOAT
=============================================
Source: mhealth ---> Target: RealWorld
Run ID: 1
=============================================
[Align Epoch : 1/20]
Src_cls_loss	: 0.5866
Sink	: 0.8159
Recon	: 23.8626
-------------------------------------
[Align Epoch : 2/20]
Src_cls_loss	: 0.3876
Sink	: 0.7559
Recon	: 23.8020
-------------------------------------
[Align Epoch : 3/20]
Src_cls_loss	: 0.2873
Sink	: 0.7138
Recon	: 23.7995
-------------------------------------
[Align Epoch : 4/20]
Src_cls_loss	: 0.2302
Sink	: 0.6798
Recon	: 23.7910
-------------------------------------
[Align Epoch : 5/20]
Src_cls_loss	: 0.1945
Sink	: 0.6501
Recon	: 23.7451
-------------------------------------
[Align Epoch : 6/20]
Src_cls_loss	: 0.1682
Sink	: 0.6238
Recon	: 23.7452
-------------------------------------
[Align Epoch : 7/20]
Src_cls_loss	: 0.1486
Sink	: 0.6001
Recon	: 23.7261
-------------------------------------
[Align Epoch : 8/20]
Src_cls_loss	: 0.1336
Sink	: 0.5807
Recon	: 23.7120
-------------------------------------
[Align Epoch : 9/20]
Src_cls_loss	: 0.1222
Sink	: 0.5656
Recon	: 23.6980
-------------------------------------
[Align Epoch : 10/20]
Src_cls_loss	: 0.1124
Sink	: 0.5506
Recon	: 23.6974
-------------------------------------
[Align Epoch : 11/20]
Src_cls_loss	: 0.1041
Sink	: 0.5358
Recon	: 23.6784
-------------------------------------
[Align Epoch : 12/20]
Src_cls_loss	: 0.0972
Sink	: 0.5221
Recon	: 23.6753
-------------------------------------
[Align Epoch : 13/20]
Src_cls_loss	: 0.0912
Sink	: 0.5084
Recon	: 23.6702
-------------------------------------
[Align Epoch : 14/20]
Src_cls_loss	: 0.0860
Sink	: 0.4956
Recon	: 23.6640
-------------------------------------
[Align Epoch : 15/20]
Src_cls_loss	: 0.0814
Sink	: 0.4842
Recon	: 23.6473
-------------------------------------
[Align Epoch : 16/20]
Src_cls_loss	: 0.0775
Sink	: 0.4731
Recon	: 23.6438
-------------------------------------
[Align Epoch : 17/20]
Src_cls_loss	: 0.0743
Sink	: 0.4629
Recon	: 23.6248
-------------------------------------
[Align Epoch : 18/20]
Src_cls_loss	: 0.0711
Sink	: 0.4529
Recon	: 23.6124
-------------------------------------
[Align Epoch : 19/20]
Src_cls_loss	: 0.0682
Sink	: 0.4435
Recon	: 23.5988
-------------------------------------
[Align Epoch : 20/20]
Src_cls_loss	: 0.0658
Sink	: 0.4343
Recon	: 23.5870
-------------------------------------
[Correct Epoch : 1/20]
Recon_correct	: 23.2654
-------------------------------------
[Correct Epoch : 2/20]
Recon_correct	: 23.1885
-------------------------------------
[Correct Epoch : 3/20]
Recon_correct	: 23.1970
-------------------------------------
[Correct Epoch : 4/20]
Recon_correct	: 23.1446
-------------------------------------
[Correct Epoch : 5/20]
Recon_correct	: 23.1035
-------------------------------------
[Correct Epoch : 6/20]
Recon_correct	: 23.0456
-------------------------------------
[Correct Epoch : 7/20]
Recon_correct	: 23.0165
-------------------------------------
[Correct Epoch : 8/20]
Recon_correct	: 23.0306
-------------------------------------
[Correct Epoch : 9/20]
Recon_correct	: 23.0047
-------------------------------------
[Correct Epoch : 10/20]
Recon_correct	: 22.9718
-------------------------------------
[Correct Epoch : 11/20]
Recon_correct	: 22.9390
-------------------------------------
[Correct Epoch : 12/20]
Recon_correct	: 22.9261
-------------------------------------
[Correct Epoch : 13/20]
Recon_correct	: 22.8883
-------------------------------------
[Correct Epoch : 14/20]
Recon_correct	: 22.8736
-------------------------------------
[Correct Epoch : 15/20]
Recon_correct	: 22.8510
-------------------------------------
[Correct Epoch : 16/20]
Recon_correct	: 22.8165
-------------------------------------
[Correct Epoch : 17/20]
Recon_correct	: 22.8030
-------------------------------------
[Correct Epoch : 18/20]
Recon_correct	: 22.7645
-------------------------------------
[Correct Epoch : 19/20]
Recon_correct	: 22.7416
-------------------------------------
[Correct Epoch : 20/20]
Recon_correct	: 22.7382
-------------------------------------
H_score: 0.0000, OS* (acc_c): 0.4835, UNK (acc_p): 0.0000, acc_mix: 0.4835, F1: 0.4624
Uploading logs from: /mnt/data/home/tp2474/OpenSet-AdaTime/experiments_logs/mhealth to RealWorld_closed_set/RAINCOAT_closed_set/mhealth_to_RealWorld_run_1
🏃 View run RAINCOAT_run_1 at: http://127.0.0.1:5001/#/experiments/259823949667944240/runs/ab013587ee654590980f3c924cea614e
🧪 View experiment at: http://127.0.0.1:5001/#/experiments/259823949667944240
=============================================
Dataset: mhealth to RealWorld_closed_set
Method:  RAINCOAT
=============================================
Source: mhealth ---> Target: RealWorld
Run ID: 2
=============================================
[Align Epoch : 1/20]
Src_cls_loss	: 0.5200
Sink	: 0.7737
Recon	: 23.7498
-------------------------------------
[Align Epoch : 2/20]
Src_cls_loss	: 0.3407
Sink	: 0.6921
Recon	: 23.7813
-------------------------------------
[Align Epoch : 3/20]
Src_cls_loss	: 0.2530
Sink	: 0.6460
Recon	: 23.7859
-------------------------------------
[Align Epoch : 4/20]
Src_cls_loss	: 0.2041
Sink	: 0.6122
Recon	: 23.7554
-------------------------------------
[Align Epoch : 5/20]
Src_cls_loss	: 0.1719
Sink	: 0.5871
Recon	: 23.7142
-------------------------------------
[Align Epoch : 6/20]
Src_cls_loss	: 0.1488
Sink	: 0.5634
Recon	: 23.7232
-------------------------------------
[Align Epoch : 7/20]
Src_cls_loss	: 0.1315
Sink	: 0.5408
Recon	: 23.7069
-------------------------------------
[Align Epoch : 8/20]
Src_cls_loss	: 0.1178
Sink	: 0.5216
Recon	: 23.6809
-------------------------------------
[Align Epoch : 9/20]
Src_cls_loss	: 0.1073
Sink	: 0.5070
Recon	: 23.6524
-------------------------------------
[Align Epoch : 10/20]
Src_cls_loss	: 0.0986
Sink	: 0.4941
Recon	: 23.6397
-------------------------------------
[Align Epoch : 11/20]
Src_cls_loss	: 0.0912
Sink	: 0.4808
Recon	: 23.6241
-------------------------------------
[Align Epoch : 12/20]
Src_cls_loss	: 0.0851
Sink	: 0.4686
Recon	: 23.6005
-------------------------------------
[Align Epoch : 13/20]
Src_cls_loss	: 0.0798
Sink	: 0.4573
Recon	: 23.5763
-------------------------------------
[Align Epoch : 14/20]
Src_cls_loss	: 0.0751
Sink	: 0.4455
Recon	: 23.5778
-------------------------------------
[Align Epoch : 15/20]
Src_cls_loss	: 0.0714
Sink	: 0.4337
Recon	: 23.5672
-------------------------------------
[Align Epoch : 16/20]
Src_cls_loss	: 0.0680
Sink	: 0.4228
Recon	: 23.5460
-------------------------------------
[Align Epoch : 17/20]
Src_cls_loss	: 0.0646
Sink	: 0.4128
Recon	: 23.5337
-------------------------------------
[Align Epoch : 18/20]
Src_cls_loss	: 0.0619
Sink	: 0.4028
Recon	: 23.5036
-------------------------------------
[Align Epoch : 19/20]
Src_cls_loss	: 0.0596
Sink	: 0.3936
Recon	: 23.4927
-------------------------------------
[Align Epoch : 20/20]
Src_cls_loss	: 0.0572
Sink	: 0.3847
Recon	: 23.4732
-------------------------------------
[Correct Epoch : 1/20]
Recon_correct	: 23.4069
-------------------------------------
[Correct Epoch : 2/20]
Recon_correct	: 23.1373
-------------------------------------
[Correct Epoch : 3/20]
Recon_correct	: 23.0485
-------------------------------------
[Correct Epoch : 4/20]
Recon_correct	: 23.0525
-------------------------------------
[Correct Epoch : 5/20]
Recon_correct	: 23.0155
-------------------------------------
[Correct Epoch : 6/20]
Recon_correct	: 22.9560
-------------------------------------
[Correct Epoch : 7/20]
Recon_correct	: 22.9671
-------------------------------------
[Correct Epoch : 8/20]
Recon_correct	: 22.9424
-------------------------------------
[Correct Epoch : 9/20]
Recon_correct	: 22.9238
-------------------------------------
[Correct Epoch : 10/20]
Recon_correct	: 22.8926
-------------------------------------
[Correct Epoch : 11/20]
Recon_correct	: 22.8772
-------------------------------------
[Correct Epoch : 12/20]
Recon_correct	: 22.8791
-------------------------------------
[Correct Epoch : 13/20]
Recon_correct	: 22.8340
-------------------------------------
[Correct Epoch : 14/20]
Recon_correct	: 22.8015
-------------------------------------
[Correct Epoch : 15/20]
Recon_correct	: 22.7920
-------------------------------------
[Correct Epoch : 16/20]
Recon_correct	: 22.7617
-------------------------------------
[Correct Epoch : 17/20]
Recon_correct	: 22.7284
-------------------------------------
[Correct Epoch : 18/20]
Recon_correct	: 22.6999
-------------------------------------
[Correct Epoch : 19/20]
Recon_correct	: 22.6678
-------------------------------------
[Correct Epoch : 20/20]
Recon_correct	: 22.6295
-------------------------------------
H_score: 0.0000, OS* (acc_c): 0.3423, UNK (acc_p): 0.0000, acc_mix: 0.3423, F1: 0.3869
Uploading logs from: /mnt/data/home/tp2474/OpenSet-AdaTime/experiments_logs/mhealth to RealWorld_closed_set/RAINCOAT_closed_set/mhealth_to_RealWorld_run_2
🏃 View run RAINCOAT_run_2 at: http://127.0.0.1:5001/#/experiments/259823949667944240/runs/3bb0dbe2c18c4df4b59e8aa49e4345f2
🧪 View experiment at: http://127.0.0.1:5001/#/experiments/259823949667944240
=============================================
Dataset: mhealth to RealWorld_closed_set
Method:  RAINCOAT
=============================================
Source: mhealth ---> Target: RealWorld
Run ID: 3
=============================================
[Align Epoch : 1/20]
Src_cls_loss	: 0.5064
Sink	: 0.7828
Recon	: 23.6668
-------------------------------------
[Align Epoch : 2/20]
Src_cls_loss	: 0.3315
Sink	: 0.7081
Recon	: 23.8355
-------------------------------------
[Align Epoch : 3/20]
Src_cls_loss	: 0.2475
Sink	: 0.6552
Recon	: 23.8870
-------------------------------------
[Align Epoch : 4/20]
Src_cls_loss	: 0.1983
Sink	: 0.6178
Recon	: 23.8244
-------------------------------------
[Align Epoch : 5/20]
Src_cls_loss	: 0.1669
Sink	: 0.5878
Recon	: 23.8179
-------------------------------------
[Align Epoch : 6/20]
Src_cls_loss	: 0.1447
Sink	: 0.5643
Recon	: 23.8124
-------------------------------------
[Align Epoch : 7/20]
Src_cls_loss	: 0.1281
Sink	: 0.5425
Recon	: 23.7931
-------------------------------------
[Align Epoch : 8/20]
Src_cls_loss	: 0.1150
Sink	: 0.5253
Recon	: 23.7679
-------------------------------------
[Align Epoch : 9/20]
Src_cls_loss	: 0.1050
Sink	: 0.5106
Recon	: 23.7699
-------------------------------------
[Align Epoch : 10/20]
Src_cls_loss	: 0.0969
Sink	: 0.4973
Recon	: 23.7328
-------------------------------------
[Align Epoch : 11/20]
Src_cls_loss	: 0.0899
Sink	: 0.4839
Recon	: 23.7256
-------------------------------------
[Align Epoch : 12/20]
Src_cls_loss	: 0.0842
Sink	: 0.4721
Recon	: 23.7097
-------------------------------------
[Align Epoch : 13/20]
Src_cls_loss	: 0.0787
Sink	: 0.4604
Recon	: 23.6887
-------------------------------------
[Align Epoch : 14/20]
Src_cls_loss	: 0.0742
Sink	: 0.4489
Recon	: 23.6720
-------------------------------------
[Align Epoch : 15/20]
Src_cls_loss	: 0.0699
Sink	: 0.4385
Recon	: 23.6605
-------------------------------------
[Align Epoch : 16/20]
Src_cls_loss	: 0.0666
Sink	: 0.4286
Recon	: 23.6296
-------------------------------------
[Align Epoch : 17/20]
Src_cls_loss	: 0.0634
Sink	: 0.4192
Recon	: 23.6034
-------------------------------------
[Align Epoch : 18/20]
Src_cls_loss	: 0.0610
Sink	: 0.4104
Recon	: 23.5858
-------------------------------------
[Align Epoch : 19/20]
Src_cls_loss	: 0.0583
Sink	: 0.4014
Recon	: 23.5644
-------------------------------------
[Align Epoch : 20/20]
Src_cls_loss	: 0.0562
Sink	: 0.3931
Recon	: 23.5370
-------------------------------------
[Correct Epoch : 1/20]
Recon_correct	: 23.1463
-------------------------------------
[Correct Epoch : 2/20]
Recon_correct	: 23.0998
-------------------------------------
[Correct Epoch : 3/20]
Recon_correct	: 23.0950
-------------------------------------
[Correct Epoch : 4/20]
Recon_correct	: 23.0174
-------------------------------------
[Correct Epoch : 5/20]
Recon_correct	: 23.0124
-------------------------------------
[Correct Epoch : 6/20]
Recon_correct	: 22.9901
-------------------------------------
[Correct Epoch : 7/20]
Recon_correct	: 22.9358
-------------------------------------
[Correct Epoch : 8/20]
Recon_correct	: 22.9518
-------------------------------------
[Correct Epoch : 9/20]
Recon_correct	: 22.9322
-------------------------------------
[Correct Epoch : 10/20]
Recon_correct	: 22.9052
-------------------------------------
[Correct Epoch : 11/20]
Recon_correct	: 22.8825
-------------------------------------
[Correct Epoch : 12/20]
Recon_correct	: 22.8592
-------------------------------------
[Correct Epoch : 13/20]
Recon_correct	: 22.8456
-------------------------------------
[Correct Epoch : 14/20]
Recon_correct	: 22.8129
-------------------------------------
[Correct Epoch : 15/20]
Recon_correct	: 22.7921
-------------------------------------
[Correct Epoch : 16/20]
Recon_correct	: 22.7730
-------------------------------------
[Correct Epoch : 17/20]
Recon_correct	: 22.7454
-------------------------------------
[Correct Epoch : 18/20]
Recon_correct	: 22.7298
-------------------------------------
[Correct Epoch : 19/20]
Recon_correct	: 22.7169
-------------------------------------
[Correct Epoch : 20/20]
Recon_correct	: 22.6921
-------------------------------------
H_score: 0.0000, OS* (acc_c): 0.2460, UNK (acc_p): 0.0000, acc_mix: 0.2460, F1: 0.3024
Uploading logs from: /mnt/data/home/tp2474/OpenSet-AdaTime/experiments_logs/mhealth to RealWorld_closed_set/RAINCOAT_closed_set/mhealth_to_RealWorld_run_3
🏃 View run RAINCOAT_run_3 at: http://127.0.0.1:5001/#/experiments/259823949667944240/runs/17b464ece0df4fa9b62af589cf316962
🧪 View experiment at: http://127.0.0.1:5001/#/experiments/259823949667944240
=============================================
Dataset: mhealth to RealWorld_closed_set
Method:  RAINCOAT
=============================================
Source: mhealth ---> Target: RealWorld
Run ID: 4
=============================================
[Align Epoch : 1/20]
Src_cls_loss	: 0.5707
Sink	: 0.8161
Recon	: 23.8599
-------------------------------------
[Align Epoch : 2/20]
Src_cls_loss	: 0.3673
Sink	: 0.7638
Recon	: 23.7223
-------------------------------------
[Align Epoch : 3/20]
Src_cls_loss	: 0.2715
Sink	: 0.7225
Recon	: 23.7882
-------------------------------------
[Align Epoch : 4/20]
Src_cls_loss	: 0.2167
Sink	: 0.6847
Recon	: 23.7994
-------------------------------------
[Align Epoch : 5/20]
Src_cls_loss	: 0.1810
Sink	: 0.6521
Recon	: 23.8014
-------------------------------------
[Align Epoch : 6/20]
Src_cls_loss	: 0.1561
Sink	: 0.6255
Recon	: 23.8047
-------------------------------------
[Align Epoch : 7/20]
Src_cls_loss	: 0.1376
Sink	: 0.6010
Recon	: 23.7848
-------------------------------------
[Align Epoch : 8/20]
Src_cls_loss	: 0.1233
Sink	: 0.5800
Recon	: 23.7651
-------------------------------------
[Align Epoch : 9/20]
Src_cls_loss	: 0.1118
Sink	: 0.5615
Recon	: 23.7438
-------------------------------------
[Align Epoch : 10/20]
Src_cls_loss	: 0.1025
Sink	: 0.5453
Recon	: 23.7312
-------------------------------------
[Align Epoch : 11/20]
Src_cls_loss	: 0.0952
Sink	: 0.5328
Recon	: 23.6942
-------------------------------------
[Align Epoch : 12/20]
Src_cls_loss	: 0.0885
Sink	: 0.5214
Recon	: 23.6720
-------------------------------------
[Align Epoch : 13/20]
Src_cls_loss	: 0.0828
Sink	: 0.5082
Recon	: 23.6480
-------------------------------------
[Align Epoch : 14/20]
Src_cls_loss	: 0.0778
Sink	: 0.4959
Recon	: 23.6404
-------------------------------------
[Align Epoch : 15/20]
Src_cls_loss	: 0.0736
Sink	: 0.4840
Recon	: 23.6210
-------------------------------------
[Align Epoch : 16/20]
Src_cls_loss	: 0.0699
Sink	: 0.4728
Recon	: 23.6102
-------------------------------------
[Align Epoch : 17/20]
Src_cls_loss	: 0.0665
Sink	: 0.4623
Recon	: 23.5853
-------------------------------------
[Align Epoch : 18/20]
Src_cls_loss	: 0.0635
Sink	: 0.4518
Recon	: 23.5706
-------------------------------------
[Align Epoch : 19/20]
Src_cls_loss	: 0.0609
Sink	: 0.4417
Recon	: 23.5597
-------------------------------------
[Align Epoch : 20/20]
Src_cls_loss	: 0.0584
Sink	: 0.4320
Recon	: 23.5474
-------------------------------------
[Correct Epoch : 1/20]
Recon_correct	: 23.2601
-------------------------------------
[Correct Epoch : 2/20]
Recon_correct	: 23.0519
-------------------------------------
[Correct Epoch : 3/20]
Recon_correct	: 23.0124
-------------------------------------
[Correct Epoch : 4/20]
Recon_correct	: 22.9718
-------------------------------------
[Correct Epoch : 5/20]
Recon_correct	: 22.9997
-------------------------------------
[Correct Epoch : 6/20]
Recon_correct	: 23.0048
-------------------------------------
[Correct Epoch : 7/20]
Recon_correct	: 22.9840
-------------------------------------
[Correct Epoch : 8/20]
Recon_correct	: 22.9994
-------------------------------------
[Correct Epoch : 9/20]
Recon_correct	: 23.0068
-------------------------------------
[Correct Epoch : 10/20]
Recon_correct	: 22.9741
-------------------------------------
[Correct Epoch : 11/20]
Recon_correct	: 22.9283
-------------------------------------
[Correct Epoch : 12/20]
Recon_correct	: 22.8935
-------------------------------------
[Correct Epoch : 13/20]
Recon_correct	: 22.8559
-------------------------------------
[Correct Epoch : 14/20]
Recon_correct	: 22.8237
-------------------------------------
[Correct Epoch : 15/20]
Recon_correct	: 22.8056
-------------------------------------
[Correct Epoch : 16/20]
Recon_correct	: 22.7817
-------------------------------------
[Correct Epoch : 17/20]
Recon_correct	: 22.7507
-------------------------------------
[Correct Epoch : 18/20]
Recon_correct	: 22.7328
-------------------------------------
[Correct Epoch : 19/20]
Recon_correct	: 22.7144
-------------------------------------
[Correct Epoch : 20/20]
Recon_correct	: 22.6908
-------------------------------------
H_score: 0.0000, OS* (acc_c): 0.1978, UNK (acc_p): 0.0000, acc_mix: 0.1978, F1: 0.2510
Uploading logs from: /mnt/data/home/tp2474/OpenSet-AdaTime/experiments_logs/mhealth to RealWorld_closed_set/RAINCOAT_closed_set/mhealth_to_RealWorld_run_4
🏃 View run RAINCOAT_run_4 at: http://127.0.0.1:5001/#/experiments/259823949667944240/runs/170e4b101ecd4c9b8274468960dcb19d
🧪 View experiment at: http://127.0.0.1:5001/#/experiments/259823949667944240
Running: Source=mhealth -> Target=Pamap2
[scenario] RAINCOAT -> UniDA (uniDA=True)
Unlabeled data shape:  (4752, 150, 18)
Unlabelled Combined shape: (8054, 150, 18)

--- Dataloader Size Check ---
Source Train batches:   18
Target Train batches:   74
-------------------------------

Private classes:  tensor([])
=============================================
Dataset: mhealth to Pamap2_closed_set
Method:  RAINCOAT
=============================================
Source: mhealth ---> Target: Pamap2
Run ID: 0
=============================================
[Align Epoch : 1/20]
Src_cls_loss	: 0.5138
Sink	: 0.7847
Recon	: 23.1732
-------------------------------------
[Align Epoch : 2/20]
Src_cls_loss	: 0.3439
Sink	: 0.7132
Recon	: 23.1587
-------------------------------------
[Align Epoch : 3/20]
Src_cls_loss	: 0.2625
Sink	: 0.6593
Recon	: 23.1969
-------------------------------------
[Align Epoch : 4/20]
Src_cls_loss	: 0.2143
Sink	: 0.6147
Recon	: 23.2411
-------------------------------------
[Align Epoch : 5/20]
Src_cls_loss	: 0.1803
Sink	: 0.5769
Recon	: 23.1899
-------------------------------------
[Align Epoch : 6/20]
Src_cls_loss	: 0.1573
Sink	: 0.5484
Recon	: 23.1803
-------------------------------------
[Align Epoch : 7/20]
Src_cls_loss	: 0.1391
Sink	: 0.5234
Recon	: 23.1696
-------------------------------------
[Align Epoch : 8/20]
Src_cls_loss	: 0.1254
Sink	: 0.5014
Recon	: 23.1148
-------------------------------------
[Align Epoch : 9/20]
Src_cls_loss	: 0.1144
Sink	: 0.4827
Recon	: 23.0837
-------------------------------------
[Align Epoch : 10/20]
Src_cls_loss	: 0.1050
Sink	: 0.4658
Recon	: 23.0684
-------------------------------------
[Align Epoch : 11/20]
Src_cls_loss	: 0.0973
Sink	: 0.4510
Recon	: 23.0571
-------------------------------------
[Align Epoch : 12/20]
Src_cls_loss	: 0.0910
Sink	: 0.4385
Recon	: 23.0501
-------------------------------------
[Align Epoch : 13/20]
Src_cls_loss	: 0.0853
Sink	: 0.4265
Recon	: 23.0157
-------------------------------------
[Align Epoch : 14/20]
Src_cls_loss	: 0.0803
Sink	: 0.4153
Recon	: 22.9993
-------------------------------------
[Align Epoch : 15/20]
Src_cls_loss	: 0.0762
Sink	: 0.4052
Recon	: 22.9917
-------------------------------------
[Align Epoch : 16/20]
Src_cls_loss	: 0.0728
Sink	: 0.3954
Recon	: 22.9782
-------------------------------------
[Align Epoch : 17/20]
Src_cls_loss	: 0.0696
Sink	: 0.3868
Recon	: 22.9628
-------------------------------------
[Align Epoch : 18/20]
Src_cls_loss	: 0.0667
Sink	: 0.3785
Recon	: 22.9469
-------------------------------------
[Align Epoch : 19/20]
Src_cls_loss	: 0.0640
Sink	: 0.3704
Recon	: 22.9469
-------------------------------------
[Align Epoch : 20/20]
Src_cls_loss	: 0.0616
Sink	: 0.3631
Recon	: 22.9443
-------------------------------------
[Correct Epoch : 1/20]
Recon_correct	: 22.7163
-------------------------------------
[Correct Epoch : 2/20]
Recon_correct	: 22.5813
-------------------------------------
[Correct Epoch : 3/20]
Recon_correct	: 22.5638
-------------------------------------
[Correct Epoch : 4/20]
Recon_correct	: 22.5714
-------------------------------------
[Correct Epoch : 5/20]
Recon_correct	: 22.4929
-------------------------------------
[Correct Epoch : 6/20]
Recon_correct	: 22.4253
-------------------------------------
[Correct Epoch : 7/20]
Recon_correct	: 22.3813
-------------------------------------
[Correct Epoch : 8/20]
Recon_correct	: 22.3421
-------------------------------------
[Correct Epoch : 9/20]
Recon_correct	: 22.3157
-------------------------------------
[Correct Epoch : 10/20]
Recon_correct	: 22.2801
-------------------------------------
[Correct Epoch : 11/20]
Recon_correct	: 22.2432
-------------------------------------
[Correct Epoch : 12/20]
Recon_correct	: 22.2069
-------------------------------------
[Correct Epoch : 13/20]
Recon_correct	: 22.1820
-------------------------------------
[Correct Epoch : 14/20]
Recon_correct	: 22.1449
-------------------------------------
[Correct Epoch : 15/20]
Recon_correct	: 22.1188
-------------------------------------
[Correct Epoch : 16/20]
Recon_correct	: 22.0846
-------------------------------------
[Correct Epoch : 17/20]
Recon_correct	: 22.0601
-------------------------------------
[Correct Epoch : 18/20]
Recon_correct	: 22.0253
-------------------------------------
[Correct Epoch : 19/20]
Recon_correct	: 22.0104
-------------------------------------
[Correct Epoch : 20/20]
Recon_correct	: 21.9784
-------------------------------------
/mnt/data/home/tp2474/OpenSet-AdaTime/trainers/abstract_trainer.py:331: FutureWarning: The behavior of DataFrame concatenation with empty or all-NA entries is deprecated. In a future version, this will no longer exclude empty or all-NA columns when determining the result dtypes. To retain the old behavior, exclude the relevant entries before the concat operation.
  table = pd.concat([table, results_df], ignore_index=True)
H_score: 0.0000, OS* (acc_c): 0.1907, UNK (acc_p): 0.0000, acc_mix: 0.1907, F1: 0.1233
Uploading logs from: /mnt/data/home/tp2474/OpenSet-AdaTime/experiments_logs/mhealth to Pamap2_closed_set/RAINCOAT_closed_set/mhealth_to_Pamap2_run_0
🏃 View run RAINCOAT_run_0 at: http://127.0.0.1:5001/#/experiments/206873663002748842/runs/efa764aabeff49eebac465bbc6264413
🧪 View experiment at: http://127.0.0.1:5001/#/experiments/206873663002748842
=============================================
Dataset: mhealth to Pamap2_closed_set
Method:  RAINCOAT
=============================================
Source: mhealth ---> Target: Pamap2
Run ID: 1
=============================================
[Align Epoch : 1/20]
Src_cls_loss	: 0.5413
Sink	: 0.7817
Recon	: 23.2267
-------------------------------------
[Align Epoch : 2/20]
Src_cls_loss	: 0.3453
Sink	: 0.6986
Recon	: 23.2289
-------------------------------------
[Align Epoch : 3/20]
Src_cls_loss	: 0.2536
Sink	: 0.6442
Recon	: 23.1880
-------------------------------------
[Align Epoch : 4/20]
Src_cls_loss	: 0.2034
Sink	: 0.6001
Recon	: 23.1821
-------------------------------------
[Align Epoch : 5/20]
Src_cls_loss	: 0.1713
Sink	: 0.5663
Recon	: 23.2034
-------------------------------------
[Align Epoch : 6/20]
Src_cls_loss	: 0.1486
Sink	: 0.5355
Recon	: 23.1657
-------------------------------------
[Align Epoch : 7/20]
Src_cls_loss	: 0.1317
Sink	: 0.5108
Recon	: 23.1955
-------------------------------------
[Align Epoch : 8/20]
Src_cls_loss	: 0.1183
Sink	: 0.4894
Recon	: 23.2088
-------------------------------------
[Align Epoch : 9/20]
Src_cls_loss	: 0.1106
Sink	: 0.4731
Recon	: 23.2003
-------------------------------------
[Align Epoch : 10/20]
Src_cls_loss	: 0.1024
Sink	: 0.4568
Recon	: 23.1930
-------------------------------------
[Align Epoch : 11/20]
Src_cls_loss	: 0.0947
Sink	: 0.4414
Recon	: 23.1809
-------------------------------------
[Align Epoch : 12/20]
Src_cls_loss	: 0.0882
Sink	: 0.4275
Recon	: 23.1701
-------------------------------------
[Align Epoch : 13/20]
Src_cls_loss	: 0.0826
Sink	: 0.4147
Recon	: 23.1404
-------------------------------------
[Align Epoch : 14/20]
Src_cls_loss	: 0.0777
Sink	: 0.4024
Recon	: 23.1161
-------------------------------------
[Align Epoch : 15/20]
Src_cls_loss	: 0.0734
Sink	: 0.3907
Recon	: 23.1010
-------------------------------------
[Align Epoch : 16/20]
Src_cls_loss	: 0.0695
Sink	: 0.3799
Recon	: 23.0941
-------------------------------------
[Align Epoch : 17/20]
Src_cls_loss	: 0.0661
Sink	: 0.3699
Recon	: 23.0792
-------------------------------------
[Align Epoch : 18/20]
Src_cls_loss	: 0.0631
Sink	: 0.3602
Recon	: 23.0628
-------------------------------------
[Align Epoch : 19/20]
Src_cls_loss	: 0.0606
Sink	: 0.3512
Recon	: 23.0667
-------------------------------------
[Align Epoch : 20/20]
Src_cls_loss	: 0.0585
Sink	: 0.3428
Recon	: 23.0433
-------------------------------------
[Correct Epoch : 1/20]
Recon_correct	: 22.9653
-------------------------------------
[Correct Epoch : 2/20]
Recon_correct	: 22.8791
-------------------------------------
[Correct Epoch : 3/20]
Recon_correct	: 22.9258
-------------------------------------
[Correct Epoch : 4/20]
Recon_correct	: 22.8759
-------------------------------------
[Correct Epoch : 5/20]
Recon_correct	: 22.8017
-------------------------------------
[Correct Epoch : 6/20]
Recon_correct	: 22.7743
-------------------------------------
[Correct Epoch : 7/20]
Recon_correct	: 22.7535
-------------------------------------
[Correct Epoch : 8/20]
Recon_correct	: 22.7183
-------------------------------------
[Correct Epoch : 9/20]
Recon_correct	: 22.6820
-------------------------------------
[Correct Epoch : 10/20]
Recon_correct	: 22.6551
-------------------------------------
[Correct Epoch : 11/20]
Recon_correct	: 22.6089
-------------------------------------
[Correct Epoch : 12/20]
Recon_correct	: 22.6028
-------------------------------------
[Correct Epoch : 13/20]
Recon_correct	: 22.5698
-------------------------------------
[Correct Epoch : 14/20]
Recon_correct	: 22.5357
-------------------------------------
[Correct Epoch : 15/20]
Recon_correct	: 22.5055
-------------------------------------
[Correct Epoch : 16/20]
Recon_correct	: 22.4820
-------------------------------------
[Correct Epoch : 17/20]
Recon_correct	: 22.4424
-------------------------------------
[Correct Epoch : 18/20]
Recon_correct	: 22.4144
-------------------------------------
[Correct Epoch : 19/20]
Recon_correct	: 22.3915
-------------------------------------
[Correct Epoch : 20/20]
Recon_correct	: 22.3635
-------------------------------------
H_score: 0.0000, OS* (acc_c): 0.5347, UNK (acc_p): 0.0000, acc_mix: 0.5347, F1: 0.5401
Uploading logs from: /mnt/data/home/tp2474/OpenSet-AdaTime/experiments_logs/mhealth to Pamap2_closed_set/RAINCOAT_closed_set/mhealth_to_Pamap2_run_1
🏃 View run RAINCOAT_run_1 at: http://127.0.0.1:5001/#/experiments/206873663002748842/runs/903d89ef18124b2cba0516717b4a7471
🧪 View experiment at: http://127.0.0.1:5001/#/experiments/206873663002748842
=============================================
Dataset: mhealth to Pamap2_closed_set
Method:  RAINCOAT
=============================================
Source: mhealth ---> Target: Pamap2
Run ID: 2
=============================================
[Align Epoch : 1/20]
Src_cls_loss	: 0.5443
Sink	: 0.7950
Recon	: 23.2952
-------------------------------------
[Align Epoch : 2/20]
Src_cls_loss	: 0.3670
Sink	: 0.7284
Recon	: 23.3137
-------------------------------------
[Align Epoch : 3/20]
Src_cls_loss	: 0.2734
Sink	: 0.6828
Recon	: 23.2848
-------------------------------------
[Align Epoch : 4/20]
Src_cls_loss	: 0.2195
Sink	: 0.6454
Recon	: 23.2554
-------------------------------------
[Align Epoch : 5/20]
Src_cls_loss	: 0.1836
Sink	: 0.6153
Recon	: 23.2186
-------------------------------------
[Align Epoch : 6/20]
Src_cls_loss	: 0.1582
Sink	: 0.5901
Recon	: 23.1934
-------------------------------------
[Align Epoch : 7/20]
Src_cls_loss	: 0.1396
Sink	: 0.5673
Recon	: 23.1750
-------------------------------------
[Align Epoch : 8/20]
Src_cls_loss	: 0.1249
Sink	: 0.5470
Recon	: 23.1865
-------------------------------------
[Align Epoch : 9/20]
Src_cls_loss	: 0.1134
Sink	: 0.5287
Recon	: 23.1434
-------------------------------------
[Align Epoch : 10/20]
Src_cls_loss	: 0.1038
Sink	: 0.5128
Recon	: 23.1413
-------------------------------------
[Align Epoch : 11/20]
Src_cls_loss	: 0.0970
Sink	: 0.4990
Recon	: 23.1141
-------------------------------------
[Align Epoch : 12/20]
Src_cls_loss	: 0.0908
Sink	: 0.4869
Recon	: 23.0942
-------------------------------------
[Align Epoch : 13/20]
Src_cls_loss	: 0.0851
Sink	: 0.4752
Recon	: 23.0902
-------------------------------------
[Align Epoch : 14/20]
Src_cls_loss	: 0.0799
Sink	: 0.4634
Recon	: 23.0746
-------------------------------------
[Align Epoch : 15/20]
Src_cls_loss	: 0.0756
Sink	: 0.4520
Recon	: 23.0555
-------------------------------------
[Align Epoch : 16/20]
Src_cls_loss	: 0.0717
Sink	: 0.4419
Recon	: 23.0314
-------------------------------------
[Align Epoch : 17/20]
Src_cls_loss	: 0.0681
Sink	: 0.4324
Recon	: 23.0142
-------------------------------------
[Align Epoch : 18/20]
Src_cls_loss	: 0.0652
Sink	: 0.4233
Recon	: 22.9918
-------------------------------------
[Align Epoch : 19/20]
Src_cls_loss	: 0.0626
Sink	: 0.4147
Recon	: 22.9719
-------------------------------------
[Align Epoch : 20/20]
Src_cls_loss	: 0.0600
Sink	: 0.4058
Recon	: 22.9596
-------------------------------------
[Correct Epoch : 1/20]
Recon_correct	: 22.5684
-------------------------------------
[Correct Epoch : 2/20]
Recon_correct	: 22.5720
-------------------------------------
[Correct Epoch : 3/20]
Recon_correct	: 22.5354
-------------------------------------
[Correct Epoch : 4/20]
Recon_correct	: 22.5261
-------------------------------------
[Correct Epoch : 5/20]
Recon_correct	: 22.4461
-------------------------------------
[Correct Epoch : 6/20]
Recon_correct	: 22.4087
-------------------------------------
[Correct Epoch : 7/20]
Recon_correct	: 22.3615
-------------------------------------
[Correct Epoch : 8/20]
Recon_correct	: 22.2984
-------------------------------------
[Correct Epoch : 9/20]
Recon_correct	: 22.2629
-------------------------------------
[Correct Epoch : 10/20]
Recon_correct	: 22.2362
-------------------------------------
[Correct Epoch : 11/20]
Recon_correct	: 22.2024
-------------------------------------
[Correct Epoch : 12/20]
Recon_correct	: 22.1722
-------------------------------------
[Correct Epoch : 13/20]
Recon_correct	: 22.1380
-------------------------------------
[Correct Epoch : 14/20]
Recon_correct	: 22.1093
-------------------------------------
[Correct Epoch : 15/20]
Recon_correct	: 22.0873
-------------------------------------
[Correct Epoch : 16/20]
Recon_correct	: 22.0694
-------------------------------------
[Correct Epoch : 17/20]
Recon_correct	: 22.0438
-------------------------------------
[Correct Epoch : 18/20]
Recon_correct	: 22.0216
-------------------------------------
[Correct Epoch : 19/20]
Recon_correct	: 21.9962
-------------------------------------
[Correct Epoch : 20/20]
Recon_correct	: 21.9577
-------------------------------------
H_score: 0.0000, OS* (acc_c): 0.2056, UNK (acc_p): 0.0000, acc_mix: 0.2056, F1: 0.2305
Uploading logs from: /mnt/data/home/tp2474/OpenSet-AdaTime/experiments_logs/mhealth to Pamap2_closed_set/RAINCOAT_closed_set/mhealth_to_Pamap2_run_2
🏃 View run RAINCOAT_run_2 at: http://127.0.0.1:5001/#/experiments/206873663002748842/runs/bddd17308fee4ec7ad285efe772c41d9
🧪 View experiment at: http://127.0.0.1:5001/#/experiments/206873663002748842
=============================================
Dataset: mhealth to Pamap2_closed_set
Method:  RAINCOAT
=============================================
Source: mhealth ---> Target: Pamap2
Run ID: 3
=============================================
[Align Epoch : 1/20]
Src_cls_loss	: 0.5079
Sink	: 0.7985
Recon	: 23.3196
-------------------------------------
[Align Epoch : 2/20]
Src_cls_loss	: 0.3418
Sink	: 0.7277
Recon	: 23.2389
-------------------------------------
[Align Epoch : 3/20]
Src_cls_loss	: 0.2653
Sink	: 0.6826
Recon	: 23.2137
-------------------------------------
[Align Epoch : 4/20]
Src_cls_loss	: 0.2157
Sink	: 0.6467
Recon	: 23.1630
-------------------------------------
[Align Epoch : 5/20]
Src_cls_loss	: 0.1820
Sink	: 0.6191
Recon	: 23.1668
-------------------------------------
[Align Epoch : 6/20]
Src_cls_loss	: 0.1579
Sink	: 0.5957
Recon	: 23.1512
-------------------------------------
[Align Epoch : 7/20]
Src_cls_loss	: 0.1402
Sink	: 0.5762
Recon	: 23.1192
-------------------------------------
[Align Epoch : 8/20]
Src_cls_loss	: 0.1266
Sink	: 0.5602
Recon	: 23.1023
-------------------------------------
[Align Epoch : 9/20]
Src_cls_loss	: 0.1154
Sink	: 0.5446
Recon	: 23.0963
-------------------------------------
[Align Epoch : 10/20]
Src_cls_loss	: 0.1058
Sink	: 0.5311
Recon	: 23.0687
-------------------------------------
[Align Epoch : 11/20]
Src_cls_loss	: 0.0981
Sink	: 0.5180
Recon	: 23.0575
-------------------------------------
[Align Epoch : 12/20]
Src_cls_loss	: 0.0917
Sink	: 0.5046
Recon	: 23.0355
-------------------------------------
[Align Epoch : 13/20]
Src_cls_loss	: 0.0861
Sink	: 0.4922
Recon	: 23.0129
-------------------------------------
[Align Epoch : 14/20]
Src_cls_loss	: 0.0811
Sink	: 0.4806
Recon	: 22.9947
-------------------------------------
[Align Epoch : 15/20]
Src_cls_loss	: 0.0767
Sink	: 0.4695
Recon	: 22.9843
-------------------------------------
[Align Epoch : 16/20]
Src_cls_loss	: 0.0729
Sink	: 0.4587
Recon	: 22.9827
-------------------------------------
[Align Epoch : 17/20]
Src_cls_loss	: 0.0695
Sink	: 0.4486
Recon	: 22.9773
-------------------------------------
[Align Epoch : 18/20]
Src_cls_loss	: 0.0664
Sink	: 0.4389
Recon	: 22.9582
-------------------------------------
[Align Epoch : 19/20]
Src_cls_loss	: 0.0636
Sink	: 0.4295
Recon	: 22.9402
-------------------------------------
[Align Epoch : 20/20]
Src_cls_loss	: 0.0613
Sink	: 0.4205
Recon	: 22.9078
-------------------------------------
[Correct Epoch : 1/20]
Recon_correct	: 22.5939
-------------------------------------
[Correct Epoch : 2/20]
Recon_correct	: 22.3626
-------------------------------------
[Correct Epoch : 3/20]
Recon_correct	: 22.2431
-------------------------------------
[Correct Epoch : 4/20]
Recon_correct	: 22.2154
-------------------------------------
[Correct Epoch : 5/20]
Recon_correct	: 22.2337
-------------------------------------
[Correct Epoch : 6/20]
Recon_correct	: 22.2275
-------------------------------------
[Correct Epoch : 7/20]
Recon_correct	: 22.2227
-------------------------------------
[Correct Epoch : 8/20]
Recon_correct	: 22.2117
-------------------------------------
[Correct Epoch : 9/20]
Recon_correct	: 22.1706
-------------------------------------
[Correct Epoch : 10/20]
Recon_correct	: 22.1238
-------------------------------------
[Correct Epoch : 11/20]
Recon_correct	: 22.0837
-------------------------------------
[Correct Epoch : 12/20]
Recon_correct	: 22.0569
-------------------------------------
[Correct Epoch : 13/20]
Recon_correct	: 22.0011
-------------------------------------
[Correct Epoch : 14/20]
Recon_correct	: 21.9628
-------------------------------------
[Correct Epoch : 15/20]
Recon_correct	: 21.9343
-------------------------------------
[Correct Epoch : 16/20]
Recon_correct	: 21.9042
-------------------------------------
[Correct Epoch : 17/20]
Recon_correct	: 21.8797
-------------------------------------
[Correct Epoch : 18/20]
Recon_correct	: 21.8562
-------------------------------------
[Correct Epoch : 19/20]
Recon_correct	: 21.8332
-------------------------------------
[Correct Epoch : 20/20]
Recon_correct	: 21.8035
-------------------------------------
H_score: 0.0000, OS* (acc_c): 0.1456, UNK (acc_p): 0.0000, acc_mix: 0.1456, F1: 0.0952
Uploading logs from: /mnt/data/home/tp2474/OpenSet-AdaTime/experiments_logs/mhealth to Pamap2_closed_set/RAINCOAT_closed_set/mhealth_to_Pamap2_run_3
🏃 View run RAINCOAT_run_3 at: http://127.0.0.1:5001/#/experiments/206873663002748842/runs/8f1dc96b6bc74d479d63208346a24756
🧪 View experiment at: http://127.0.0.1:5001/#/experiments/206873663002748842
=============================================
Dataset: mhealth to Pamap2_closed_set
Method:  RAINCOAT
=============================================
Source: mhealth ---> Target: Pamap2
Run ID: 4
=============================================
[Align Epoch : 1/20]
Src_cls_loss	: 0.5281
Sink	: 0.8231
Recon	: 23.4765
-------------------------------------
[Align Epoch : 2/20]
Src_cls_loss	: 0.3452
Sink	: 0.7723
Recon	: 23.4347
-------------------------------------
[Align Epoch : 3/20]
Src_cls_loss	: 0.2574
Sink	: 0.7344
Recon	: 23.3391
-------------------------------------
[Align Epoch : 4/20]
Src_cls_loss	: 0.2063
Sink	: 0.6991
Recon	: 23.3110
-------------------------------------
[Align Epoch : 5/20]
Src_cls_loss	: 0.1727
Sink	: 0.6650
Recon	: 23.2914
-------------------------------------
[Align Epoch : 6/20]
Src_cls_loss	: 0.1492
Sink	: 0.6342
Recon	: 23.2438
-------------------------------------
[Align Epoch : 7/20]
Src_cls_loss	: 0.1313
Sink	: 0.6079
Recon	: 23.2184
-------------------------------------
[Align Epoch : 8/20]
Src_cls_loss	: 0.1179
Sink	: 0.5836
Recon	: 23.1823
-------------------------------------
[Align Epoch : 9/20]
Src_cls_loss	: 0.1080
Sink	: 0.5643
Recon	: 23.1445
-------------------------------------
[Align Epoch : 10/20]
Src_cls_loss	: 0.0991
Sink	: 0.5466
Recon	: 23.1535
-------------------------------------
[Align Epoch : 11/20]
Src_cls_loss	: 0.0915
Sink	: 0.5290
Recon	: 23.1471
-------------------------------------
[Align Epoch : 12/20]
Src_cls_loss	: 0.0848
Sink	: 0.5117
Recon	: 23.1099
-------------------------------------
[Align Epoch : 13/20]
Src_cls_loss	: 0.0795
Sink	: 0.4961
Recon	: 23.0755
-------------------------------------
[Align Epoch : 14/20]
Src_cls_loss	: 0.0745
Sink	: 0.4825
Recon	: 23.0534
-------------------------------------
[Align Epoch : 15/20]
Src_cls_loss	: 0.0704
Sink	: 0.4694
Recon	: 23.0410
-------------------------------------
[Align Epoch : 16/20]
Src_cls_loss	: 0.0670
Sink	: 0.4576
Recon	: 23.0269
-------------------------------------
[Align Epoch : 17/20]
Src_cls_loss	: 0.0635
Sink	: 0.4468
Recon	: 23.0004
-------------------------------------
[Align Epoch : 18/20]
Src_cls_loss	: 0.0604
Sink	: 0.4357
Recon	: 22.9770
-------------------------------------
[Align Epoch : 19/20]
Src_cls_loss	: 0.0576
Sink	: 0.4251
Recon	: 22.9525
-------------------------------------
[Align Epoch : 20/20]
Src_cls_loss	: 0.0550
Sink	: 0.4149
Recon	: 22.9351
-------------------------------------
[Correct Epoch : 1/20]
Recon_correct	: 22.7042
-------------------------------------
[Correct Epoch : 2/20]
Recon_correct	: 22.6462
-------------------------------------
[Correct Epoch : 3/20]
Recon_correct	: 22.5363
-------------------------------------
[Correct Epoch : 4/20]
Recon_correct	: 22.4797
-------------------------------------
[Correct Epoch : 5/20]
Recon_correct	: 22.4521
-------------------------------------
[Correct Epoch : 6/20]
Recon_correct	: 22.3845
-------------------------------------
[Correct Epoch : 7/20]
Recon_correct	: 22.3362
-------------------------------------
[Correct Epoch : 8/20]
Recon_correct	: 22.2833
-------------------------------------
[Correct Epoch : 9/20]
Recon_correct	: 22.2606
-------------------------------------
[Correct Epoch : 10/20]
Recon_correct	: 22.2094
-------------------------------------
[Correct Epoch : 11/20]
Recon_correct	: 22.1725
-------------------------------------
[Correct Epoch : 12/20]
Recon_correct	: 22.1404
-------------------------------------
[Correct Epoch : 13/20]
Recon_correct	: 22.1237
-------------------------------------
[Correct Epoch : 14/20]
Recon_correct	: 22.0928
-------------------------------------
[Correct Epoch : 15/20]
Recon_correct	: 22.0710
-------------------------------------
[Correct Epoch : 16/20]
Recon_correct	: 22.0285
-------------------------------------
[Correct Epoch : 17/20]
Recon_correct	: 21.9992
-------------------------------------
[Correct Epoch : 18/20]
Recon_correct	: 21.9803
-------------------------------------
[Correct Epoch : 19/20]
Recon_correct	: 21.9504
-------------------------------------
[Correct Epoch : 20/20]
Recon_correct	: 21.9144
-------------------------------------
H_score: 0.0000, OS* (acc_c): 0.1660, UNK (acc_p): 0.0000, acc_mix: 0.1660, F1: 0.1290
Uploading logs from: /mnt/data/home/tp2474/OpenSet-AdaTime/experiments_logs/mhealth to Pamap2_closed_set/RAINCOAT_closed_set/mhealth_to_Pamap2_run_4
🏃 View run RAINCOAT_run_4 at: http://127.0.0.1:5001/#/experiments/206873663002748842/runs/32bfd015920a4af8ab56473fbf134ca8
🧪 View experiment at: http://127.0.0.1:5001/#/experiments/206873663002748842
============================================
Starting experiments for DA Method: OVANet
============================================
Running: Source=RealWorld -> Target=Pamap2
[scenario] OVANet -> UniDA (uniDA=True)
Unlabeled data shape:  (4752, 150, 18)
Unlabelled Combined shape: (8054, 150, 18)

--- Dataloader Size Check ---
Source Train batches:   296
Target Train batches:   74
-------------------------------

Private classes:  tensor([])
=============================================
Dataset: RealWorld to Pamap2_closed_set
Method:  OVANet
=============================================
Source: RealWorld ---> Target: Pamap2
Run ID: 0
=============================================
[Pr Epoch : 1/20]
Pr_Src_cls_loss	: 0.5841
-------------------------------------
[Pr Epoch : 2/20]
Pr_Src_cls_loss	: 0.3739
-------------------------------------
[Pr Epoch : 3/20]
Pr_Src_cls_loss	: 0.2807
-------------------------------------
[Pr Epoch : 4/20]
Pr_Src_cls_loss	: 0.2274
-------------------------------------
[Pr Epoch : 5/20]
Pr_Src_cls_loss	: 0.1934
-------------------------------------
[Pr Epoch : 6/20]
Pr_Src_cls_loss	: 0.1691
-------------------------------------
[Pr Epoch : 7/20]
Pr_Src_cls_loss	: 0.1504
-------------------------------------
[Pr Epoch : 8/20]
Pr_Src_cls_loss	: 0.1363
-------------------------------------
[Pr Epoch : 9/20]
Pr_Src_cls_loss	: 0.1248
-------------------------------------
[Pr Epoch : 10/20]
Pr_Src_cls_loss	: 0.1153
-------------------------------------
[Pr Epoch : 11/20]
Pr_Src_cls_loss	: 0.1076
-------------------------------------
[Pr Epoch : 12/20]
Pr_Src_cls_loss	: 0.1004
-------------------------------------
[Pr Epoch : 13/20]
Pr_Src_cls_loss	: 0.0943
-------------------------------------
[Pr Epoch : 14/20]
Pr_Src_cls_loss	: 0.0893
-------------------------------------
[Pr Epoch : 15/20]
Pr_Src_cls_loss	: 0.0845
-------------------------------------
[Pr Epoch : 16/20]
Pr_Src_cls_loss	: 0.0803
-------------------------------------
[Pr Epoch : 17/20]
Pr_Src_cls_loss	: 0.0766
-------------------------------------
[Pr Epoch : 18/20]
Pr_Src_cls_loss	: 0.0731
-------------------------------------
[Pr Epoch : 19/20]
Pr_Src_cls_loss	: 0.0699
-------------------------------------
[Pr Epoch : 20/20]
Pr_Src_cls_loss	: 0.0671
-------------------------------------
[Epoch : 1/20]
Pr_Src_cls_loss	: 0.0671
Total_loss	: 1.3477
Open Loss	: 0.6488
Src_cls_loss	: 0.0091
Entropy Open	: 0.6898
-------------------------------------
[Epoch : 2/20]
Pr_Src_cls_loss	: 0.0671
Total_loss	: 1.2737
Open Loss	: 0.5845
Src_cls_loss	: 0.0091
Entropy Open	: 0.6801
-------------------------------------
[Epoch : 3/20]
Pr_Src_cls_loss	: 0.0671
Total_loss	: 1.1984
Open Loss	: 0.5280
Src_cls_loss	: 0.0092
Entropy Open	: 0.6612
-------------------------------------
[Epoch : 4/20]
Pr_Src_cls_loss	: 0.0671
Total_loss	: 1.1234
Open Loss	: 0.4786
Src_cls_loss	: 0.0094
Entropy Open	: 0.6353
-------------------------------------
[Epoch : 5/20]
Pr_Src_cls_loss	: 0.0671
Total_loss	: 1.0507
Open Loss	: 0.4352
Src_cls_loss	: 0.0096
Entropy Open	: 0.6059
-------------------------------------
[Epoch : 6/20]
Pr_Src_cls_loss	: 0.0671
Total_loss	: 0.9824
Open Loss	: 0.3976
Src_cls_loss	: 0.0097
Entropy Open	: 0.5751
-------------------------------------
[Epoch : 7/20]
Pr_Src_cls_loss	: 0.0671
Total_loss	: 0.9190
Open Loss	: 0.3648
Src_cls_loss	: 0.0099
Entropy Open	: 0.5443
-------------------------------------
[Epoch : 8/20]
Pr_Src_cls_loss	: 0.0671
Total_loss	: 0.8609
Open Loss	: 0.3363
Src_cls_loss	: 0.0099
Entropy Open	: 0.5148
-------------------------------------
[Epoch : 9/20]
Pr_Src_cls_loss	: 0.0671
Total_loss	: 0.8079
Open Loss	: 0.3113
Src_cls_loss	: 0.0098
Entropy Open	: 0.4868
-------------------------------------
[Epoch : 10/20]
Pr_Src_cls_loss	: 0.0671
Total_loss	: 0.7600
Open Loss	: 0.2895
Src_cls_loss	: 0.0098
Entropy Open	: 0.4606
-------------------------------------
[Epoch : 11/20]
Pr_Src_cls_loss	: 0.0671
Total_loss	: 0.7165
Open Loss	: 0.2703
Src_cls_loss	: 0.0098
Entropy Open	: 0.4364
-------------------------------------
[Epoch : 12/20]
Pr_Src_cls_loss	: 0.0671
Total_loss	: 0.6770
Open Loss	: 0.2533
Src_cls_loss	: 0.0097
Entropy Open	: 0.4141
-------------------------------------
[Epoch : 13/20]
Pr_Src_cls_loss	: 0.0671
Total_loss	: 0.6412
Open Loss	: 0.2382
Src_cls_loss	: 0.0096
Entropy Open	: 0.3934
-------------------------------------
[Epoch : 14/20]
Pr_Src_cls_loss	: 0.0671
Total_loss	: 0.6086
Open Loss	: 0.2247
Src_cls_loss	: 0.0096
Entropy Open	: 0.3743
-------------------------------------
[Epoch : 15/20]
Pr_Src_cls_loss	: 0.0671
Total_loss	: 0.5788
Open Loss	: 0.2125
Src_cls_loss	: 0.0095
Entropy Open	: 0.3568
-------------------------------------
[Epoch : 16/20]
Pr_Src_cls_loss	: 0.0671
Total_loss	: 0.5517
Open Loss	: 0.2016
Src_cls_loss	: 0.0095
Entropy Open	: 0.3406
-------------------------------------
[Epoch : 17/20]
Pr_Src_cls_loss	: 0.0671
Total_loss	: 0.5266
Open Loss	: 0.1917
Src_cls_loss	: 0.0094
Entropy Open	: 0.3255
-------------------------------------
[Epoch : 18/20]
Pr_Src_cls_loss	: 0.0671
Total_loss	: 0.5037
Open Loss	: 0.1827
Src_cls_loss	: 0.0093
Entropy Open	: 0.3116
-------------------------------------
[Epoch : 19/20]
Pr_Src_cls_loss	: 0.0671
Total_loss	: 0.4824
Open Loss	: 0.1745
Src_cls_loss	: 0.0092
Entropy Open	: 0.2987
-------------------------------------
[Epoch : 20/20]
Pr_Src_cls_loss	: 0.0671
Total_loss	: 0.4627
Open Loss	: 0.1669
Src_cls_loss	: 0.0091
Entropy Open	: 0.2867
-------------------------------------
/mnt/data/home/tp2474/OpenSet-AdaTime/algorithms/algorithms.py:661: UserWarning: Implicit dimension choice for softmax has been deprecated. Change the call to include dim=X as an argument.
  predictions = F.softmax(self.classifier(features))
/mnt/data/home/tp2474/OpenSet-AdaTime/trainers/abstract_trainer.py:331: FutureWarning: The behavior of DataFrame concatenation with empty or all-NA entries is deprecated. In a future version, this will no longer exclude empty or all-NA columns when determining the result dtypes. To retain the old behavior, exclude the relevant entries before the concat operation.
  table = pd.concat([table, results_df], ignore_index=True)
H_score: 0.0000, OS* (acc_c): 0.7925, UNK (acc_p): 0.0000, acc_mix: 0.7925, F1: 0.8006
Uploading logs from: /mnt/data/home/tp2474/OpenSet-AdaTime/experiments_logs/RealWorld to Pamap2_closed_set/OVANet_closed_set/RealWorld_to_Pamap2_run_0
🏃 View run OVANet_run_0 at: http://127.0.0.1:5001/#/experiments/869196474879197795/runs/ffa67baff1c141b5bc67104c45467fcb
🧪 View experiment at: http://127.0.0.1:5001/#/experiments/869196474879197795
=============================================
Dataset: RealWorld to Pamap2_closed_set
Method:  OVANet
=============================================
Source: RealWorld ---> Target: Pamap2
Run ID: 1
=============================================
[Pr Epoch : 1/20]
Pr_Src_cls_loss	: 0.5989
-------------------------------------
[Pr Epoch : 2/20]
Pr_Src_cls_loss	: 0.3825
-------------------------------------
[Pr Epoch : 3/20]
Pr_Src_cls_loss	: 0.2868
-------------------------------------
[Pr Epoch : 4/20]
Pr_Src_cls_loss	: 0.2329
-------------------------------------
[Pr Epoch : 5/20]
Pr_Src_cls_loss	: 0.1970
-------------------------------------
[Pr Epoch : 6/20]
Pr_Src_cls_loss	: 0.1728
-------------------------------------
[Pr Epoch : 7/20]
Pr_Src_cls_loss	: 0.1539
-------------------------------------
[Pr Epoch : 8/20]
Pr_Src_cls_loss	: 0.1392
-------------------------------------
[Pr Epoch : 9/20]
Pr_Src_cls_loss	: 0.1274
-------------------------------------
[Pr Epoch : 10/20]
Pr_Src_cls_loss	: 0.1176
-------------------------------------
[Pr Epoch : 11/20]
Pr_Src_cls_loss	: 0.1095
-------------------------------------
[Pr Epoch : 12/20]
Pr_Src_cls_loss	: 0.1025
-------------------------------------
[Pr Epoch : 13/20]
Pr_Src_cls_loss	: 0.0962
-------------------------------------
[Pr Epoch : 14/20]
Pr_Src_cls_loss	: 0.0907
-------------------------------------
[Pr Epoch : 15/20]
Pr_Src_cls_loss	: 0.0858
-------------------------------------
[Pr Epoch : 16/20]
Pr_Src_cls_loss	: 0.0816
-------------------------------------
[Pr Epoch : 17/20]
Pr_Src_cls_loss	: 0.0778
-------------------------------------
[Pr Epoch : 18/20]
Pr_Src_cls_loss	: 0.0744
-------------------------------------
[Pr Epoch : 19/20]
Pr_Src_cls_loss	: 0.0710
-------------------------------------
[Pr Epoch : 20/20]
Pr_Src_cls_loss	: 0.0681
-------------------------------------
[Epoch : 1/20]
Pr_Src_cls_loss	: 0.0681
Total_loss	: 1.3286
Open Loss	: 0.6307
Src_cls_loss	: 0.0083
Entropy Open	: 0.6896
-------------------------------------
[Epoch : 2/20]
Pr_Src_cls_loss	: 0.0681
Total_loss	: 1.2545
Open Loss	: 0.5675
Src_cls_loss	: 0.0080
Entropy Open	: 0.6790
-------------------------------------
[Epoch : 3/20]
Pr_Src_cls_loss	: 0.0681
Total_loss	: 1.1797
Open Loss	: 0.5119
Src_cls_loss	: 0.0081
Entropy Open	: 0.6597
-------------------------------------
[Epoch : 4/20]
Pr_Src_cls_loss	: 0.0681
Total_loss	: 1.1058
Open Loss	: 0.4637
Src_cls_loss	: 0.0084
Entropy Open	: 0.6338
-------------------------------------
[Epoch : 5/20]
Pr_Src_cls_loss	: 0.0681
Total_loss	: 1.0349
Open Loss	: 0.4220
Src_cls_loss	: 0.0087
Entropy Open	: 0.6043
-------------------------------------
[Epoch : 6/20]
Pr_Src_cls_loss	: 0.0681
Total_loss	: 0.9681
Open Loss	: 0.3857
Src_cls_loss	: 0.0087
Entropy Open	: 0.5737
-------------------------------------
[Epoch : 7/20]
Pr_Src_cls_loss	: 0.0681
Total_loss	: 0.9062
Open Loss	: 0.3542
Src_cls_loss	: 0.0087
Entropy Open	: 0.5432
-------------------------------------
[Epoch : 8/20]
Pr_Src_cls_loss	: 0.0681
Total_loss	: 0.8497
Open Loss	: 0.3269
Src_cls_loss	: 0.0088
Entropy Open	: 0.5140
-------------------------------------
[Epoch : 9/20]
Pr_Src_cls_loss	: 0.0681
Total_loss	: 0.7981
Open Loss	: 0.3029
Src_cls_loss	: 0.0088
Entropy Open	: 0.4863
-------------------------------------
[Epoch : 10/20]
Pr_Src_cls_loss	: 0.0681
Total_loss	: 0.7513
Open Loss	: 0.2819
Src_cls_loss	: 0.0089
Entropy Open	: 0.4605
-------------------------------------
[Epoch : 11/20]
Pr_Src_cls_loss	: 0.0681
Total_loss	: 0.7088
Open Loss	: 0.2634
Src_cls_loss	: 0.0089
Entropy Open	: 0.4365
-------------------------------------
[Epoch : 12/20]
Pr_Src_cls_loss	: 0.0681
Total_loss	: 0.6704
Open Loss	: 0.2471
Src_cls_loss	: 0.0089
Entropy Open	: 0.4143
-------------------------------------
[Epoch : 13/20]
Pr_Src_cls_loss	: 0.0681
Total_loss	: 0.6351
Open Loss	: 0.2324
Src_cls_loss	: 0.0088
Entropy Open	: 0.3939
-------------------------------------
[Epoch : 14/20]
Pr_Src_cls_loss	: 0.0681
Total_loss	: 0.6031
Open Loss	: 0.2194
Src_cls_loss	: 0.0088
Entropy Open	: 0.3750
-------------------------------------
[Epoch : 15/20]
Pr_Src_cls_loss	: 0.0681
Total_loss	: 0.5739
Open Loss	: 0.2076
Src_cls_loss	: 0.0087
Entropy Open	: 0.3576
-------------------------------------
[Epoch : 16/20]
Pr_Src_cls_loss	: 0.0681
Total_loss	: 0.5471
Open Loss	: 0.1970
Src_cls_loss	: 0.0087
Entropy Open	: 0.3414
-------------------------------------
[Epoch : 17/20]
Pr_Src_cls_loss	: 0.0681
Total_loss	: 0.5225
Open Loss	: 0.1874
Src_cls_loss	: 0.0086
Entropy Open	: 0.3265
-------------------------------------
[Epoch : 18/20]
Pr_Src_cls_loss	: 0.0681
Total_loss	: 0.4998
Open Loss	: 0.1785
Src_cls_loss	: 0.0085
Entropy Open	: 0.3127
-------------------------------------
[Epoch : 19/20]
Pr_Src_cls_loss	: 0.0681
Total_loss	: 0.4788
Open Loss	: 0.1705
Src_cls_loss	: 0.0085
Entropy Open	: 0.2999
-------------------------------------
[Epoch : 20/20]
Pr_Src_cls_loss	: 0.0681
Total_loss	: 0.4595
Open Loss	: 0.1631
Src_cls_loss	: 0.0084
Entropy Open	: 0.2879
-------------------------------------
H_score: 0.0000, OS* (acc_c): 0.7576, UNK (acc_p): 0.0000, acc_mix: 0.7576, F1: 0.7757
Uploading logs from: /mnt/data/home/tp2474/OpenSet-AdaTime/experiments_logs/RealWorld to Pamap2_closed_set/OVANet_closed_set/RealWorld_to_Pamap2_run_1
🏃 View run OVANet_run_1 at: http://127.0.0.1:5001/#/experiments/869196474879197795/runs/1d21f06c0e4c4352a99c72d95a31e961
🧪 View experiment at: http://127.0.0.1:5001/#/experiments/869196474879197795
=============================================
Dataset: RealWorld to Pamap2_closed_set
Method:  OVANet
=============================================
Source: RealWorld ---> Target: Pamap2
Run ID: 2
=============================================
[Pr Epoch : 1/20]
Pr_Src_cls_loss	: 0.5941
-------------------------------------
[Pr Epoch : 2/20]
Pr_Src_cls_loss	: 0.3803
-------------------------------------
[Pr Epoch : 3/20]
Pr_Src_cls_loss	: 0.2859
-------------------------------------
[Pr Epoch : 4/20]
Pr_Src_cls_loss	: 0.2324
-------------------------------------
[Pr Epoch : 5/20]
Pr_Src_cls_loss	: 0.1974
-------------------------------------
[Pr Epoch : 6/20]
Pr_Src_cls_loss	: 0.1728
-------------------------------------
[Pr Epoch : 7/20]
Pr_Src_cls_loss	: 0.1544
-------------------------------------
[Pr Epoch : 8/20]
Pr_Src_cls_loss	: 0.1394
-------------------------------------
[Pr Epoch : 9/20]
Pr_Src_cls_loss	: 0.1277
-------------------------------------
[Pr Epoch : 10/20]
Pr_Src_cls_loss	: 0.1180
-------------------------------------
[Pr Epoch : 11/20]
Pr_Src_cls_loss	: 0.1099
-------------------------------------
[Pr Epoch : 12/20]
Pr_Src_cls_loss	: 0.1027
-------------------------------------
[Pr Epoch : 13/20]
Pr_Src_cls_loss	: 0.0964
-------------------------------------
[Pr Epoch : 14/20]
Pr_Src_cls_loss	: 0.0909
-------------------------------------
[Pr Epoch : 15/20]
Pr_Src_cls_loss	: 0.0859
-------------------------------------
[Pr Epoch : 16/20]
Pr_Src_cls_loss	: 0.0815
-------------------------------------
[Pr Epoch : 17/20]
Pr_Src_cls_loss	: 0.0778
-------------------------------------
[Pr Epoch : 18/20]
Pr_Src_cls_loss	: 0.0744
-------------------------------------
[Pr Epoch : 19/20]
Pr_Src_cls_loss	: 0.0713
-------------------------------------
[Pr Epoch : 20/20]
Pr_Src_cls_loss	: 0.0684
-------------------------------------
[Epoch : 1/20]
Pr_Src_cls_loss	: 0.0684
Total_loss	: 1.3301
Open Loss	: 0.6323
Src_cls_loss	: 0.0078
Entropy Open	: 0.6900
-------------------------------------
[Epoch : 2/20]
Pr_Src_cls_loss	: 0.0684
Total_loss	: 1.2556
Open Loss	: 0.5678
Src_cls_loss	: 0.0082
Entropy Open	: 0.6796
-------------------------------------
[Epoch : 3/20]
Pr_Src_cls_loss	: 0.0684
Total_loss	: 1.1815
Open Loss	: 0.5120
Src_cls_loss	: 0.0089
Entropy Open	: 0.6606
-------------------------------------
[Epoch : 4/20]
Pr_Src_cls_loss	: 0.0684
Total_loss	: 1.1078
Open Loss	: 0.4638
Src_cls_loss	: 0.0090
Entropy Open	: 0.6350
-------------------------------------
[Epoch : 5/20]
Pr_Src_cls_loss	: 0.0684
Total_loss	: 1.0377
Open Loss	: 0.4224
Src_cls_loss	: 0.0094
Entropy Open	: 0.6060
-------------------------------------
[Epoch : 6/20]
Pr_Src_cls_loss	: 0.0684
Total_loss	: 0.9719
Open Loss	: 0.3865
Src_cls_loss	: 0.0094
Entropy Open	: 0.5761
-------------------------------------
[Epoch : 7/20]
Pr_Src_cls_loss	: 0.0684
Total_loss	: 0.9112
Open Loss	: 0.3553
Src_cls_loss	: 0.0093
Entropy Open	: 0.5465
-------------------------------------
[Epoch : 8/20]
Pr_Src_cls_loss	: 0.0684
Total_loss	: 0.8558
Open Loss	: 0.3284
Src_cls_loss	: 0.0095
Entropy Open	: 0.5180
-------------------------------------
[Epoch : 9/20]
Pr_Src_cls_loss	: 0.0684
Total_loss	: 0.8049
Open Loss	: 0.3047
Src_cls_loss	: 0.0095
Entropy Open	: 0.4907
-------------------------------------
[Epoch : 10/20]
Pr_Src_cls_loss	: 0.0684
Total_loss	: 0.7588
Open Loss	: 0.2840
Src_cls_loss	: 0.0095
Entropy Open	: 0.4652
-------------------------------------
[Epoch : 11/20]
Pr_Src_cls_loss	: 0.0684
Total_loss	: 0.7165
Open Loss	: 0.2657
Src_cls_loss	: 0.0096
Entropy Open	: 0.4412
-------------------------------------
[Epoch : 12/20]
Pr_Src_cls_loss	: 0.0684
Total_loss	: 0.6778
Open Loss	: 0.2494
Src_cls_loss	: 0.0096
Entropy Open	: 0.4188
-------------------------------------
[Epoch : 13/20]
Pr_Src_cls_loss	: 0.0684
Total_loss	: 0.6424
Open Loss	: 0.2349
Src_cls_loss	: 0.0095
Entropy Open	: 0.3981
-------------------------------------
[Epoch : 14/20]
Pr_Src_cls_loss	: 0.0684
Total_loss	: 0.6102
Open Loss	: 0.2218
Src_cls_loss	: 0.0094
Entropy Open	: 0.3789
-------------------------------------
[Epoch : 15/20]
Pr_Src_cls_loss	: 0.0684
Total_loss	: 0.5806
Open Loss	: 0.2101
Src_cls_loss	: 0.0094
Entropy Open	: 0.3612
-------------------------------------
[Epoch : 16/20]
Pr_Src_cls_loss	: 0.0684
Total_loss	: 0.5537
Open Loss	: 0.1995
Src_cls_loss	: 0.0094
Entropy Open	: 0.3448
-------------------------------------
[Epoch : 17/20]
Pr_Src_cls_loss	: 0.0684
Total_loss	: 0.5288
Open Loss	: 0.1899
Src_cls_loss	: 0.0093
Entropy Open	: 0.3297
-------------------------------------
[Epoch : 18/20]
Pr_Src_cls_loss	: 0.0684
Total_loss	: 0.5060
Open Loss	: 0.1811
Src_cls_loss	: 0.0093
Entropy Open	: 0.3156
-------------------------------------
[Epoch : 19/20]
Pr_Src_cls_loss	: 0.0684
Total_loss	: 0.4848
Open Loss	: 0.1730
Src_cls_loss	: 0.0092
Entropy Open	: 0.3026
-------------------------------------
[Epoch : 20/20]
Pr_Src_cls_loss	: 0.0684
Total_loss	: 0.4652
Open Loss	: 0.1656
Src_cls_loss	: 0.0091
Entropy Open	: 0.2905
-------------------------------------
H_score: 0.0000, OS* (acc_c): 0.5985, UNK (acc_p): 0.0000, acc_mix: 0.5985, F1: 0.6305
Uploading logs from: /mnt/data/home/tp2474/OpenSet-AdaTime/experiments_logs/RealWorld to Pamap2_closed_set/OVANet_closed_set/RealWorld_to_Pamap2_run_2
🏃 View run OVANet_run_2 at: http://127.0.0.1:5001/#/experiments/869196474879197795/runs/d96f6ef02b734a6980ff1dad8f909086
🧪 View experiment at: http://127.0.0.1:5001/#/experiments/869196474879197795
=============================================
Dataset: RealWorld to Pamap2_closed_set
Method:  OVANet
=============================================
Source: RealWorld ---> Target: Pamap2
Run ID: 3
=============================================
[Pr Epoch : 1/20]
Pr_Src_cls_loss	: 0.5944
-------------------------------------
[Pr Epoch : 2/20]
Pr_Src_cls_loss	: 0.3801
-------------------------------------
[Pr Epoch : 3/20]
Pr_Src_cls_loss	: 0.2863
-------------------------------------
[Pr Epoch : 4/20]
Pr_Src_cls_loss	: 0.2320
-------------------------------------
[Pr Epoch : 5/20]
Pr_Src_cls_loss	: 0.1967
-------------------------------------
[Pr Epoch : 6/20]
Pr_Src_cls_loss	: 0.1717
-------------------------------------
[Pr Epoch : 7/20]
Pr_Src_cls_loss	: 0.1529
-------------------------------------
[Pr Epoch : 8/20]
Pr_Src_cls_loss	: 0.1385
-------------------------------------
[Pr Epoch : 9/20]
Pr_Src_cls_loss	: 0.1266
-------------------------------------
[Pr Epoch : 10/20]
Pr_Src_cls_loss	: 0.1166
-------------------------------------
[Pr Epoch : 11/20]
Pr_Src_cls_loss	: 0.1081
-------------------------------------
[Pr Epoch : 12/20]
Pr_Src_cls_loss	: 0.1012
-------------------------------------
[Pr Epoch : 13/20]
Pr_Src_cls_loss	: 0.0951
-------------------------------------
[Pr Epoch : 14/20]
Pr_Src_cls_loss	: 0.0898
-------------------------------------
[Pr Epoch : 15/20]
Pr_Src_cls_loss	: 0.0852
-------------------------------------
[Pr Epoch : 16/20]
Pr_Src_cls_loss	: 0.0810
-------------------------------------
[Pr Epoch : 17/20]
Pr_Src_cls_loss	: 0.0772
-------------------------------------
[Pr Epoch : 18/20]
Pr_Src_cls_loss	: 0.0737
-------------------------------------
[Pr Epoch : 19/20]
Pr_Src_cls_loss	: 0.0705
-------------------------------------
[Pr Epoch : 20/20]
Pr_Src_cls_loss	: 0.0677
-------------------------------------
[Epoch : 1/20]
Pr_Src_cls_loss	: 0.0677
Total_loss	: 1.3394
Open Loss	: 0.6417
Src_cls_loss	: 0.0085
Entropy Open	: 0.6891
-------------------------------------
[Epoch : 2/20]
Pr_Src_cls_loss	: 0.0677
Total_loss	: 1.2640
Open Loss	: 0.5776
Src_cls_loss	: 0.0084
Entropy Open	: 0.6780
-------------------------------------
[Epoch : 3/20]
Pr_Src_cls_loss	: 0.0677
Total_loss	: 1.1883
Open Loss	: 0.5213
Src_cls_loss	: 0.0087
Entropy Open	: 0.6583
-------------------------------------
[Epoch : 4/20]
Pr_Src_cls_loss	: 0.0677
Total_loss	: 1.1130
Open Loss	: 0.4721
Src_cls_loss	: 0.0091
Entropy Open	: 0.6318
-------------------------------------
[Epoch : 5/20]
Pr_Src_cls_loss	: 0.0677
Total_loss	: 1.0405
Open Loss	: 0.4295
Src_cls_loss	: 0.0093
Entropy Open	: 0.6017
-------------------------------------
[Epoch : 6/20]
Pr_Src_cls_loss	: 0.0677
Total_loss	: 0.9724
Open Loss	: 0.3926
Src_cls_loss	: 0.0096
Entropy Open	: 0.5702
-------------------------------------
[Epoch : 7/20]
Pr_Src_cls_loss	: 0.0677
Total_loss	: 0.9093
Open Loss	: 0.3606
Src_cls_loss	: 0.0098
Entropy Open	: 0.5389
-------------------------------------
[Epoch : 8/20]
Pr_Src_cls_loss	: 0.0677
Total_loss	: 0.8516
Open Loss	: 0.3328
Src_cls_loss	: 0.0099
Entropy Open	: 0.5089
-------------------------------------
[Epoch : 9/20]
Pr_Src_cls_loss	: 0.0677
Total_loss	: 0.7990
Open Loss	: 0.3084
Src_cls_loss	: 0.0100
Entropy Open	: 0.4806
-------------------------------------
[Epoch : 10/20]
Pr_Src_cls_loss	: 0.0677
Total_loss	: 0.7515
Open Loss	: 0.2871
Src_cls_loss	: 0.0101
Entropy Open	: 0.4543
-------------------------------------
[Epoch : 11/20]
Pr_Src_cls_loss	: 0.0677
Total_loss	: 0.7084
Open Loss	: 0.2684
Src_cls_loss	: 0.0101
Entropy Open	: 0.4299
-------------------------------------
[Epoch : 12/20]
Pr_Src_cls_loss	: 0.0677
Total_loss	: 0.6693
Open Loss	: 0.2517
Src_cls_loss	: 0.0100
Entropy Open	: 0.4075
-------------------------------------
[Epoch : 13/20]
Pr_Src_cls_loss	: 0.0677
Total_loss	: 0.6339
Open Loss	: 0.2369
Src_cls_loss	: 0.0100
Entropy Open	: 0.3869
-------------------------------------
[Epoch : 14/20]
Pr_Src_cls_loss	: 0.0677
Total_loss	: 0.6015
Open Loss	: 0.2237
Src_cls_loss	: 0.0100
Entropy Open	: 0.3679
-------------------------------------
[Epoch : 15/20]
Pr_Src_cls_loss	: 0.0677
Total_loss	: 0.5720
Open Loss	: 0.2117
Src_cls_loss	: 0.0099
Entropy Open	: 0.3504
-------------------------------------
[Epoch : 16/20]
Pr_Src_cls_loss	: 0.0677
Total_loss	: 0.5452
Open Loss	: 0.2010
Src_cls_loss	: 0.0099
Entropy Open	: 0.3343
-------------------------------------
[Epoch : 17/20]
Pr_Src_cls_loss	: 0.0677
Total_loss	: 0.5204
Open Loss	: 0.1913
Src_cls_loss	: 0.0098
Entropy Open	: 0.3194
-------------------------------------
[Epoch : 18/20]
Pr_Src_cls_loss	: 0.0677
Total_loss	: 0.4976
Open Loss	: 0.1823
Src_cls_loss	: 0.0097
Entropy Open	: 0.3056
-------------------------------------
[Epoch : 19/20]
Pr_Src_cls_loss	: 0.0677
Total_loss	: 0.4766
Open Loss	: 0.1742
Src_cls_loss	: 0.0096
Entropy Open	: 0.2928
-------------------------------------
[Epoch : 20/20]
Pr_Src_cls_loss	: 0.0677
Total_loss	: 0.4572
Open Loss	: 0.1667
Src_cls_loss	: 0.0095
Entropy Open	: 0.2810
-------------------------------------
H_score: 0.0000, OS* (acc_c): 0.8992, UNK (acc_p): 0.0000, acc_mix: 0.8992, F1: 0.9033
Uploading logs from: /mnt/data/home/tp2474/OpenSet-AdaTime/experiments_logs/RealWorld to Pamap2_closed_set/OVANet_closed_set/RealWorld_to_Pamap2_run_3
🏃 View run OVANet_run_3 at: http://127.0.0.1:5001/#/experiments/869196474879197795/runs/15cae00abceb4d6a90a5c0c410cc6b69
🧪 View experiment at: http://127.0.0.1:5001/#/experiments/869196474879197795
=============================================
Dataset: RealWorld to Pamap2_closed_set
Method:  OVANet
=============================================
Source: RealWorld ---> Target: Pamap2
Run ID: 4
=============================================
[Pr Epoch : 1/20]
Pr_Src_cls_loss	: 0.5909
-------------------------------------
[Pr Epoch : 2/20]
Pr_Src_cls_loss	: 0.3779
-------------------------------------
[Pr Epoch : 3/20]
Pr_Src_cls_loss	: 0.2836
-------------------------------------
[Pr Epoch : 4/20]
Pr_Src_cls_loss	: 0.2304
-------------------------------------
[Pr Epoch : 5/20]
Pr_Src_cls_loss	: 0.1956
-------------------------------------
[Pr Epoch : 6/20]
Pr_Src_cls_loss	: 0.1709
-------------------------------------
[Pr Epoch : 7/20]
Pr_Src_cls_loss	: 0.1525
-------------------------------------
[Pr Epoch : 8/20]
Pr_Src_cls_loss	: 0.1383
-------------------------------------
[Pr Epoch : 9/20]
Pr_Src_cls_loss	: 0.1267
-------------------------------------
[Pr Epoch : 10/20]
Pr_Src_cls_loss	: 0.1168
-------------------------------------
[Pr Epoch : 11/20]
Pr_Src_cls_loss	: 0.1085
-------------------------------------
[Pr Epoch : 12/20]
Pr_Src_cls_loss	: 0.1016
-------------------------------------
[Pr Epoch : 13/20]
Pr_Src_cls_loss	: 0.0954
-------------------------------------
[Pr Epoch : 14/20]
Pr_Src_cls_loss	: 0.0901
-------------------------------------
[Pr Epoch : 15/20]
Pr_Src_cls_loss	: 0.0853
-------------------------------------
[Pr Epoch : 16/20]
Pr_Src_cls_loss	: 0.0809
-------------------------------------
[Pr Epoch : 17/20]
Pr_Src_cls_loss	: 0.0772
-------------------------------------
[Pr Epoch : 18/20]
Pr_Src_cls_loss	: 0.0737
-------------------------------------
[Pr Epoch : 19/20]
Pr_Src_cls_loss	: 0.0705
-------------------------------------
[Pr Epoch : 20/20]
Pr_Src_cls_loss	: 0.0676
-------------------------------------
[Epoch : 1/20]
Pr_Src_cls_loss	: 0.0676
Total_loss	: 1.3252
Open Loss	: 0.6259
Src_cls_loss	: 0.0087
Entropy Open	: 0.6906
-------------------------------------
[Epoch : 2/20]
Pr_Src_cls_loss	: 0.0676
Total_loss	: 1.2549
Open Loss	: 0.5643
Src_cls_loss	: 0.0083
Entropy Open	: 0.6822
-------------------------------------
[Epoch : 3/20]
Pr_Src_cls_loss	: 0.0676
Total_loss	: 1.1849
Open Loss	: 0.5104
Src_cls_loss	: 0.0088
Entropy Open	: 0.6657
-------------------------------------
[Epoch : 4/20]
Pr_Src_cls_loss	: 0.0676
Total_loss	: 1.1141
Open Loss	: 0.4631
Src_cls_loss	: 0.0091
Entropy Open	: 0.6420
-------------------------------------
[Epoch : 5/20]
Pr_Src_cls_loss	: 0.0676
Total_loss	: 1.0442
Open Loss	: 0.4219
Src_cls_loss	: 0.0093
Entropy Open	: 0.6129
-------------------------------------
[Epoch : 6/20]
Pr_Src_cls_loss	: 0.0676
Total_loss	: 0.9768
Open Loss	: 0.3865
Src_cls_loss	: 0.0095
Entropy Open	: 0.5808
-------------------------------------
[Epoch : 7/20]
Pr_Src_cls_loss	: 0.0676
Total_loss	: 0.9131
Open Loss	: 0.3558
Src_cls_loss	: 0.0096
Entropy Open	: 0.5477
-------------------------------------
[Epoch : 8/20]
Pr_Src_cls_loss	: 0.0676
Total_loss	: 0.8540
Open Loss	: 0.3291
Src_cls_loss	: 0.0097
Entropy Open	: 0.5152
-------------------------------------
[Epoch : 9/20]
Pr_Src_cls_loss	: 0.0676
Total_loss	: 0.8001
Open Loss	: 0.3059
Src_cls_loss	: 0.0097
Entropy Open	: 0.4844
-------------------------------------
[Epoch : 10/20]
Pr_Src_cls_loss	: 0.0676
Total_loss	: 0.7511
Open Loss	: 0.2855
Src_cls_loss	: 0.0097
Entropy Open	: 0.4558
-------------------------------------
[Epoch : 11/20]
Pr_Src_cls_loss	: 0.0676
Total_loss	: 0.7068
Open Loss	: 0.2675
Src_cls_loss	: 0.0097
Entropy Open	: 0.4296
-------------------------------------
[Epoch : 12/20]
Pr_Src_cls_loss	: 0.0676
Total_loss	: 0.6668
Open Loss	: 0.2515
Src_cls_loss	: 0.0097
Entropy Open	: 0.4056
-------------------------------------
[Epoch : 13/20]
Pr_Src_cls_loss	: 0.0676
Total_loss	: 0.6305
Open Loss	: 0.2372
Src_cls_loss	: 0.0096
Entropy Open	: 0.3837
-------------------------------------
[Epoch : 14/20]
Pr_Src_cls_loss	: 0.0676
Total_loss	: 0.5975
Open Loss	: 0.2243
Src_cls_loss	: 0.0095
Entropy Open	: 0.3637
-------------------------------------
[Epoch : 15/20]
Pr_Src_cls_loss	: 0.0676
Total_loss	: 0.5676
Open Loss	: 0.2128
Src_cls_loss	: 0.0095
Entropy Open	: 0.3454
-------------------------------------
[Epoch : 16/20]
Pr_Src_cls_loss	: 0.0676
Total_loss	: 0.5404
Open Loss	: 0.2023
Src_cls_loss	: 0.0095
Entropy Open	: 0.3286
-------------------------------------
[Epoch : 17/20]
Pr_Src_cls_loss	: 0.0676
Total_loss	: 0.5154
Open Loss	: 0.1928
Src_cls_loss	: 0.0094
Entropy Open	: 0.3132
-------------------------------------
[Epoch : 18/20]
Pr_Src_cls_loss	: 0.0676
Total_loss	: 0.4927
Open Loss	: 0.1841
Src_cls_loss	: 0.0094
Entropy Open	: 0.2992
-------------------------------------
[Epoch : 19/20]
Pr_Src_cls_loss	: 0.0676
Total_loss	: 0.4715
Open Loss	: 0.1761
Src_cls_loss	: 0.0093
Entropy Open	: 0.2861
-------------------------------------
[Epoch : 20/20]
Pr_Src_cls_loss	: 0.0676
Total_loss	: 0.4521
Open Loss	: 0.1688
Src_cls_loss	: 0.0092
Entropy Open	: 0.2741
-------------------------------------
H_score: 0.0000, OS* (acc_c): 0.5829, UNK (acc_p): 0.0000, acc_mix: 0.5829, F1: 0.5157
Uploading logs from: /mnt/data/home/tp2474/OpenSet-AdaTime/experiments_logs/RealWorld to Pamap2_closed_set/OVANet_closed_set/RealWorld_to_Pamap2_run_4
🏃 View run OVANet_run_4 at: http://127.0.0.1:5001/#/experiments/869196474879197795/runs/b14501d33231455480800291e816a69f
🧪 View experiment at: http://127.0.0.1:5001/#/experiments/869196474879197795
Running: Source=RealWorld -> Target=mhealth
[scenario] OVANet -> UniDA (uniDA=True)
Unlabeled data shape:  (1620, 150, 18)
Unlabelled Combined shape: (2786, 150, 18)

--- Dataloader Size Check ---
Source Train batches:   296
Target Train batches:   25
-------------------------------

Private classes:  tensor([])
=============================================
Dataset: RealWorld to mhealth_closed_set
Method:  OVANet
=============================================
Source: RealWorld ---> Target: mhealth
Run ID: 0
=============================================
[Pr Epoch : 1/20]
Pr_Src_cls_loss	: 0.5841
-------------------------------------
[Pr Epoch : 2/20]
Pr_Src_cls_loss	: 0.3739
-------------------------------------
[Pr Epoch : 3/20]
Pr_Src_cls_loss	: 0.2807
-------------------------------------
[Pr Epoch : 4/20]
Pr_Src_cls_loss	: 0.2274
-------------------------------------
[Pr Epoch : 5/20]
Pr_Src_cls_loss	: 0.1934
-------------------------------------
[Pr Epoch : 6/20]
Pr_Src_cls_loss	: 0.1691
-------------------------------------
[Pr Epoch : 7/20]
Pr_Src_cls_loss	: 0.1504
-------------------------------------
[Pr Epoch : 8/20]
Pr_Src_cls_loss	: 0.1363
-------------------------------------
[Pr Epoch : 9/20]
Pr_Src_cls_loss	: 0.1248
-------------------------------------
[Pr Epoch : 10/20]
Pr_Src_cls_loss	: 0.1153
-------------------------------------
[Pr Epoch : 11/20]
Pr_Src_cls_loss	: 0.1076
-------------------------------------
[Pr Epoch : 12/20]
Pr_Src_cls_loss	: 0.1004
-------------------------------------
[Pr Epoch : 13/20]
Pr_Src_cls_loss	: 0.0943
-------------------------------------
[Pr Epoch : 14/20]
Pr_Src_cls_loss	: 0.0893
-------------------------------------
[Pr Epoch : 15/20]
Pr_Src_cls_loss	: 0.0845
-------------------------------------
[Pr Epoch : 16/20]
Pr_Src_cls_loss	: 0.0803
-------------------------------------
[Pr Epoch : 17/20]
Pr_Src_cls_loss	: 0.0766
-------------------------------------
[Pr Epoch : 18/20]
Pr_Src_cls_loss	: 0.0731
-------------------------------------
[Pr Epoch : 19/20]
Pr_Src_cls_loss	: 0.0699
-------------------------------------
[Pr Epoch : 20/20]
Pr_Src_cls_loss	: 0.0671
-------------------------------------
[Epoch : 1/20]
Pr_Src_cls_loss	: 0.0671
Total_loss	: 1.3480
Open Loss	: 0.6490
Src_cls_loss	: 0.0092
Entropy Open	: 0.6899
-------------------------------------
[Epoch : 2/20]
Pr_Src_cls_loss	: 0.0671
Total_loss	: 1.2750
Open Loss	: 0.5851
Src_cls_loss	: 0.0091
Entropy Open	: 0.6808
-------------------------------------
[Epoch : 3/20]
Pr_Src_cls_loss	: 0.0671
Total_loss	: 1.2003
Open Loss	: 0.5292
Src_cls_loss	: 0.0091
Entropy Open	: 0.6620
-------------------------------------
[Epoch : 4/20]
Pr_Src_cls_loss	: 0.0671
Total_loss	: 1.1243
Open Loss	: 0.4804
Src_cls_loss	: 0.0092
Entropy Open	: 0.6348
-------------------------------------
[Epoch : 5/20]
Pr_Src_cls_loss	: 0.0671
Total_loss	: 1.0486
Open Loss	: 0.4377
Src_cls_loss	: 0.0092
Entropy Open	: 0.6017
-------------------------------------
[Epoch : 6/20]
Pr_Src_cls_loss	: 0.0671
Total_loss	: 0.9764
Open Loss	: 0.4006
Src_cls_loss	: 0.0093
Entropy Open	: 0.5666
-------------------------------------
[Epoch : 7/20]
Pr_Src_cls_loss	: 0.0671
Total_loss	: 0.9100
Open Loss	: 0.3684
Src_cls_loss	: 0.0093
Entropy Open	: 0.5323
-------------------------------------
[Epoch : 8/20]
Pr_Src_cls_loss	: 0.0671
Total_loss	: 0.8494
Open Loss	: 0.3403
Src_cls_loss	: 0.0093
Entropy Open	: 0.4998
-------------------------------------
[Epoch : 9/20]
Pr_Src_cls_loss	: 0.0671
Total_loss	: 0.7945
Open Loss	: 0.3158
Src_cls_loss	: 0.0092
Entropy Open	: 0.4695
-------------------------------------
[Epoch : 10/20]
Pr_Src_cls_loss	: 0.0671
Total_loss	: 0.7453
Open Loss	: 0.2943
Src_cls_loss	: 0.0092
Entropy Open	: 0.4417
-------------------------------------
[Epoch : 11/20]
Pr_Src_cls_loss	: 0.0671
Total_loss	: 0.7009
Open Loss	: 0.2754
Src_cls_loss	: 0.0091
Entropy Open	: 0.4164
-------------------------------------
[Epoch : 12/20]
Pr_Src_cls_loss	: 0.0671
Total_loss	: 0.6609
Open Loss	: 0.2586
Src_cls_loss	: 0.0091
Entropy Open	: 0.3932
-------------------------------------
[Epoch : 13/20]
Pr_Src_cls_loss	: 0.0671
Total_loss	: 0.6246
Open Loss	: 0.2436
Src_cls_loss	: 0.0090
Entropy Open	: 0.3720
-------------------------------------
[Epoch : 14/20]
Pr_Src_cls_loss	: 0.0671
Total_loss	: 0.5917
Open Loss	: 0.2301
Src_cls_loss	: 0.0089
Entropy Open	: 0.3526
-------------------------------------
[Epoch : 15/20]
Pr_Src_cls_loss	: 0.0671
Total_loss	: 0.5618
Open Loss	: 0.2180
Src_cls_loss	: 0.0089
Entropy Open	: 0.3350
-------------------------------------
[Epoch : 16/20]
Pr_Src_cls_loss	: 0.0671
Total_loss	: 0.5347
Open Loss	: 0.2071
Src_cls_loss	: 0.0089
Entropy Open	: 0.3187
-------------------------------------
[Epoch : 17/20]
Pr_Src_cls_loss	: 0.0671
Total_loss	: 0.5098
Open Loss	: 0.1971
Src_cls_loss	: 0.0088
Entropy Open	: 0.3039
-------------------------------------
[Epoch : 18/20]
Pr_Src_cls_loss	: 0.0671
Total_loss	: 0.4869
Open Loss	: 0.1880
Src_cls_loss	: 0.0087
Entropy Open	: 0.2902
-------------------------------------
[Epoch : 19/20]
Pr_Src_cls_loss	: 0.0671
Total_loss	: 0.4659
Open Loss	: 0.1796
Src_cls_loss	: 0.0087
Entropy Open	: 0.2776
-------------------------------------
[Epoch : 20/20]
Pr_Src_cls_loss	: 0.0671
Total_loss	: 0.4465
Open Loss	: 0.1720
Src_cls_loss	: 0.0086
Entropy Open	: 0.2659
-------------------------------------
/mnt/data/home/tp2474/OpenSet-AdaTime/algorithms/algorithms.py:661: UserWarning: Implicit dimension choice for softmax has been deprecated. Change the call to include dim=X as an argument.
  predictions = F.softmax(self.classifier(features))
/mnt/data/home/tp2474/OpenSet-AdaTime/trainers/abstract_trainer.py:331: FutureWarning: The behavior of DataFrame concatenation with empty or all-NA entries is deprecated. In a future version, this will no longer exclude empty or all-NA columns when determining the result dtypes. To retain the old behavior, exclude the relevant entries before the concat operation.
  table = pd.concat([table, results_df], ignore_index=True)
H_score: 0.0000, OS* (acc_c): 0.3747, UNK (acc_p): 0.0000, acc_mix: 0.3747, F1: 0.3201
Uploading logs from: /mnt/data/home/tp2474/OpenSet-AdaTime/experiments_logs/RealWorld to mhealth_closed_set/OVANet_closed_set/RealWorld_to_mhealth_run_0
🏃 View run OVANet_run_0 at: http://127.0.0.1:5001/#/experiments/773515370876137118/runs/5b1454a170ff4214a8bd1b283ce293af
🧪 View experiment at: http://127.0.0.1:5001/#/experiments/773515370876137118
=============================================
Dataset: RealWorld to mhealth_closed_set
Method:  OVANet
=============================================
Source: RealWorld ---> Target: mhealth
Run ID: 1
=============================================
[Pr Epoch : 1/20]
Pr_Src_cls_loss	: 0.5989
-------------------------------------
[Pr Epoch : 2/20]
Pr_Src_cls_loss	: 0.3825
-------------------------------------
[Pr Epoch : 3/20]
Pr_Src_cls_loss	: 0.2868
-------------------------------------
[Pr Epoch : 4/20]
Pr_Src_cls_loss	: 0.2329
-------------------------------------
[Pr Epoch : 5/20]
Pr_Src_cls_loss	: 0.1970
-------------------------------------
[Pr Epoch : 6/20]
Pr_Src_cls_loss	: 0.1728
-------------------------------------
[Pr Epoch : 7/20]
Pr_Src_cls_loss	: 0.1539
-------------------------------------
[Pr Epoch : 8/20]
Pr_Src_cls_loss	: 0.1392
-------------------------------------
[Pr Epoch : 9/20]
Pr_Src_cls_loss	: 0.1274
-------------------------------------
[Pr Epoch : 10/20]
Pr_Src_cls_loss	: 0.1176
-------------------------------------
[Pr Epoch : 11/20]
Pr_Src_cls_loss	: 0.1095
-------------------------------------
[Pr Epoch : 12/20]
Pr_Src_cls_loss	: 0.1025
-------------------------------------
[Pr Epoch : 13/20]
Pr_Src_cls_loss	: 0.0962
-------------------------------------
[Pr Epoch : 14/20]
Pr_Src_cls_loss	: 0.0907
-------------------------------------
[Pr Epoch : 15/20]
Pr_Src_cls_loss	: 0.0858
-------------------------------------
[Pr Epoch : 16/20]
Pr_Src_cls_loss	: 0.0816
-------------------------------------
[Pr Epoch : 17/20]
Pr_Src_cls_loss	: 0.0778
-------------------------------------
[Pr Epoch : 18/20]
Pr_Src_cls_loss	: 0.0744
-------------------------------------
[Pr Epoch : 19/20]
Pr_Src_cls_loss	: 0.0710
-------------------------------------
[Pr Epoch : 20/20]
Pr_Src_cls_loss	: 0.0681
-------------------------------------
[Epoch : 1/20]
Pr_Src_cls_loss	: 0.0681
Total_loss	: 1.3292
Open Loss	: 0.6310
Src_cls_loss	: 0.0083
Entropy Open	: 0.6899
-------------------------------------
[Epoch : 2/20]
Pr_Src_cls_loss	: 0.0681
Total_loss	: 1.2568
Open Loss	: 0.5686
Src_cls_loss	: 0.0079
Entropy Open	: 0.6803
-------------------------------------
[Epoch : 3/20]
Pr_Src_cls_loss	: 0.0681
Total_loss	: 1.1830
Open Loss	: 0.5136
Src_cls_loss	: 0.0079
Entropy Open	: 0.6615
-------------------------------------
[Epoch : 4/20]
Pr_Src_cls_loss	: 0.0681
Total_loss	: 1.1085
Open Loss	: 0.4658
Src_cls_loss	: 0.0080
Entropy Open	: 0.6347
-------------------------------------
[Epoch : 5/20]
Pr_Src_cls_loss	: 0.0681
Total_loss	: 1.0354
Open Loss	: 0.4246
Src_cls_loss	: 0.0082
Entropy Open	: 0.6027
-------------------------------------
[Epoch : 6/20]
Pr_Src_cls_loss	: 0.0681
Total_loss	: 0.9658
Open Loss	: 0.3890
Src_cls_loss	: 0.0083
Entropy Open	: 0.5686
-------------------------------------
[Epoch : 7/20]
Pr_Src_cls_loss	: 0.0681
Total_loss	: 0.9013
Open Loss	: 0.3581
Src_cls_loss	: 0.0083
Entropy Open	: 0.5350
-------------------------------------
[Epoch : 8/20]
Pr_Src_cls_loss	: 0.0681
Total_loss	: 0.8429
Open Loss	: 0.3313
Src_cls_loss	: 0.0084
Entropy Open	: 0.5032
-------------------------------------
[Epoch : 9/20]
Pr_Src_cls_loss	: 0.0681
Total_loss	: 0.7899
Open Loss	: 0.3079
Src_cls_loss	: 0.0084
Entropy Open	: 0.4736
-------------------------------------
[Epoch : 10/20]
Pr_Src_cls_loss	: 0.0681
Total_loss	: 0.7420
Open Loss	: 0.2872
Src_cls_loss	: 0.0084
Entropy Open	: 0.4464
-------------------------------------
[Epoch : 11/20]
Pr_Src_cls_loss	: 0.0681
Total_loss	: 0.6990
Open Loss	: 0.2689
Src_cls_loss	: 0.0085
Entropy Open	: 0.4215
-------------------------------------
[Epoch : 12/20]
Pr_Src_cls_loss	: 0.0681
Total_loss	: 0.6600
Open Loss	: 0.2527
Src_cls_loss	: 0.0085
Entropy Open	: 0.3988
-------------------------------------
[Epoch : 13/20]
Pr_Src_cls_loss	: 0.0681
Total_loss	: 0.6244
Open Loss	: 0.2382
Src_cls_loss	: 0.0084
Entropy Open	: 0.3779
-------------------------------------
[Epoch : 14/20]
Pr_Src_cls_loss	: 0.0681
Total_loss	: 0.5922
Open Loss	: 0.2251
Src_cls_loss	: 0.0084
Entropy Open	: 0.3588
-------------------------------------
[Epoch : 15/20]
Pr_Src_cls_loss	: 0.0681
Total_loss	: 0.5628
Open Loss	: 0.2134
Src_cls_loss	: 0.0083
Entropy Open	: 0.3412
-------------------------------------
[Epoch : 16/20]
Pr_Src_cls_loss	: 0.0681
Total_loss	: 0.5361
Open Loss	: 0.2027
Src_cls_loss	: 0.0083
Entropy Open	: 0.3251
-------------------------------------
[Epoch : 17/20]
Pr_Src_cls_loss	: 0.0681
Total_loss	: 0.5115
Open Loss	: 0.1930
Src_cls_loss	: 0.0082
Entropy Open	: 0.3103
-------------------------------------
[Epoch : 18/20]
Pr_Src_cls_loss	: 0.0681
Total_loss	: 0.4889
Open Loss	: 0.1842
Src_cls_loss	: 0.0082
Entropy Open	: 0.2966
-------------------------------------
[Epoch : 19/20]
Pr_Src_cls_loss	: 0.0681
Total_loss	: 0.4681
Open Loss	: 0.1760
Src_cls_loss	: 0.0081
Entropy Open	: 0.2839
-------------------------------------
[Epoch : 20/20]
Pr_Src_cls_loss	: 0.0681
Total_loss	: 0.4488
Open Loss	: 0.1686
Src_cls_loss	: 0.0080
Entropy Open	: 0.2722
-------------------------------------
H_score: 0.0000, OS* (acc_c): 0.3253, UNK (acc_p): 0.0000, acc_mix: 0.3253, F1: 0.2832
Uploading logs from: /mnt/data/home/tp2474/OpenSet-AdaTime/experiments_logs/RealWorld to mhealth_closed_set/OVANet_closed_set/RealWorld_to_mhealth_run_1
🏃 View run OVANet_run_1 at: http://127.0.0.1:5001/#/experiments/773515370876137118/runs/cc34692d1b344420b58381aca5604cde
🧪 View experiment at: http://127.0.0.1:5001/#/experiments/773515370876137118
=============================================
Dataset: RealWorld to mhealth_closed_set
Method:  OVANet
=============================================
Source: RealWorld ---> Target: mhealth
Run ID: 2
=============================================
[Pr Epoch : 1/20]
Pr_Src_cls_loss	: 0.5941
-------------------------------------
[Pr Epoch : 2/20]
Pr_Src_cls_loss	: 0.3803
-------------------------------------
[Pr Epoch : 3/20]
Pr_Src_cls_loss	: 0.2859
-------------------------------------
[Pr Epoch : 4/20]
Pr_Src_cls_loss	: 0.2324
-------------------------------------
[Pr Epoch : 5/20]
Pr_Src_cls_loss	: 0.1974
-------------------------------------
[Pr Epoch : 6/20]
Pr_Src_cls_loss	: 0.1728
-------------------------------------
[Pr Epoch : 7/20]
Pr_Src_cls_loss	: 0.1544
-------------------------------------
[Pr Epoch : 8/20]
Pr_Src_cls_loss	: 0.1394
-------------------------------------
[Pr Epoch : 9/20]
Pr_Src_cls_loss	: 0.1277
-------------------------------------
[Pr Epoch : 10/20]
Pr_Src_cls_loss	: 0.1180
-------------------------------------
[Pr Epoch : 11/20]
Pr_Src_cls_loss	: 0.1099
-------------------------------------
[Pr Epoch : 12/20]
Pr_Src_cls_loss	: 0.1027
-------------------------------------
[Pr Epoch : 13/20]
Pr_Src_cls_loss	: 0.0964
-------------------------------------
[Pr Epoch : 14/20]
Pr_Src_cls_loss	: 0.0909
-------------------------------------
[Pr Epoch : 15/20]
Pr_Src_cls_loss	: 0.0859
-------------------------------------
[Pr Epoch : 16/20]
Pr_Src_cls_loss	: 0.0815
-------------------------------------
[Pr Epoch : 17/20]
Pr_Src_cls_loss	: 0.0778
-------------------------------------
[Pr Epoch : 18/20]
Pr_Src_cls_loss	: 0.0744
-------------------------------------
[Pr Epoch : 19/20]
Pr_Src_cls_loss	: 0.0713
-------------------------------------
[Pr Epoch : 20/20]
Pr_Src_cls_loss	: 0.0684
-------------------------------------
[Epoch : 1/20]
Pr_Src_cls_loss	: 0.0684
Total_loss	: 1.3307
Open Loss	: 0.6325
Src_cls_loss	: 0.0078
Entropy Open	: 0.6904
-------------------------------------
[Epoch : 2/20]
Pr_Src_cls_loss	: 0.0684
Total_loss	: 1.2573
Open Loss	: 0.5686
Src_cls_loss	: 0.0081
Entropy Open	: 0.6805
-------------------------------------
[Epoch : 3/20]
Pr_Src_cls_loss	: 0.0684
Total_loss	: 1.1838
Open Loss	: 0.5134
Src_cls_loss	: 0.0086
Entropy Open	: 0.6617
-------------------------------------
[Epoch : 4/20]
Pr_Src_cls_loss	: 0.0684
Total_loss	: 1.1088
Open Loss	: 0.4653
Src_cls_loss	: 0.0087
Entropy Open	: 0.6348
-------------------------------------
[Epoch : 5/20]
Pr_Src_cls_loss	: 0.0684
Total_loss	: 1.0358
Open Loss	: 0.4238
Src_cls_loss	: 0.0089
Entropy Open	: 0.6031
-------------------------------------
[Epoch : 6/20]
Pr_Src_cls_loss	: 0.0684
Total_loss	: 0.9665
Open Loss	: 0.3879
Src_cls_loss	: 0.0090
Entropy Open	: 0.5697
-------------------------------------
[Epoch : 7/20]
Pr_Src_cls_loss	: 0.0684
Total_loss	: 0.9022
Open Loss	: 0.3568
Src_cls_loss	: 0.0089
Entropy Open	: 0.5365
-------------------------------------
[Epoch : 8/20]
Pr_Src_cls_loss	: 0.0684
Total_loss	: 0.8439
Open Loss	: 0.3300
Src_cls_loss	: 0.0090
Entropy Open	: 0.5049
-------------------------------------
[Epoch : 9/20]
Pr_Src_cls_loss	: 0.0684
Total_loss	: 0.7909
Open Loss	: 0.3066
Src_cls_loss	: 0.0090
Entropy Open	: 0.4753
-------------------------------------
[Epoch : 10/20]
Pr_Src_cls_loss	: 0.0684
Total_loss	: 0.7431
Open Loss	: 0.2862
Src_cls_loss	: 0.0091
Entropy Open	: 0.4479
-------------------------------------
[Epoch : 11/20]
Pr_Src_cls_loss	: 0.0684
Total_loss	: 0.6999
Open Loss	: 0.2681
Src_cls_loss	: 0.0091
Entropy Open	: 0.4226
-------------------------------------
[Epoch : 12/20]
Pr_Src_cls_loss	: 0.0684
Total_loss	: 0.6607
Open Loss	: 0.2521
Src_cls_loss	: 0.0091
Entropy Open	: 0.3995
-------------------------------------
[Epoch : 13/20]
Pr_Src_cls_loss	: 0.0684
Total_loss	: 0.6250
Open Loss	: 0.2377
Src_cls_loss	: 0.0091
Entropy Open	: 0.3783
-------------------------------------
[Epoch : 14/20]
Pr_Src_cls_loss	: 0.0684
Total_loss	: 0.5927
Open Loss	: 0.2248
Src_cls_loss	: 0.0090
Entropy Open	: 0.3588
-------------------------------------
[Epoch : 15/20]
Pr_Src_cls_loss	: 0.0684
Total_loss	: 0.5632
Open Loss	: 0.2132
Src_cls_loss	: 0.0090
Entropy Open	: 0.3410
-------------------------------------
[Epoch : 16/20]
Pr_Src_cls_loss	: 0.0684
Total_loss	: 0.5364
Open Loss	: 0.2027
Src_cls_loss	: 0.0090
Entropy Open	: 0.3247
-------------------------------------
[Epoch : 17/20]
Pr_Src_cls_loss	: 0.0684
Total_loss	: 0.5118
Open Loss	: 0.1932
Src_cls_loss	: 0.0089
Entropy Open	: 0.3097
-------------------------------------
[Epoch : 18/20]
Pr_Src_cls_loss	: 0.0684
Total_loss	: 0.4891
Open Loss	: 0.1844
Src_cls_loss	: 0.0089
Entropy Open	: 0.2958
-------------------------------------
[Epoch : 19/20]
Pr_Src_cls_loss	: 0.0684
Total_loss	: 0.4683
Open Loss	: 0.1764
Src_cls_loss	: 0.0088
Entropy Open	: 0.2830
-------------------------------------
[Epoch : 20/20]
Pr_Src_cls_loss	: 0.0684
Total_loss	: 0.4490
Open Loss	: 0.1690
Src_cls_loss	: 0.0088
Entropy Open	: 0.2712
-------------------------------------
H_score: 0.0000, OS* (acc_c): 0.6185, UNK (acc_p): 0.0000, acc_mix: 0.6185, F1: 0.5251
Uploading logs from: /mnt/data/home/tp2474/OpenSet-AdaTime/experiments_logs/RealWorld to mhealth_closed_set/OVANet_closed_set/RealWorld_to_mhealth_run_2
🏃 View run OVANet_run_2 at: http://127.0.0.1:5001/#/experiments/773515370876137118/runs/f42e1c8753084a0495b9d42af26b19b6
🧪 View experiment at: http://127.0.0.1:5001/#/experiments/773515370876137118
=============================================
Dataset: RealWorld to mhealth_closed_set
Method:  OVANet
=============================================
Source: RealWorld ---> Target: mhealth
Run ID: 3
=============================================
[Pr Epoch : 1/20]
Pr_Src_cls_loss	: 0.5944
-------------------------------------
[Pr Epoch : 2/20]
Pr_Src_cls_loss	: 0.3801
-------------------------------------
[Pr Epoch : 3/20]
Pr_Src_cls_loss	: 0.2863
-------------------------------------
[Pr Epoch : 4/20]
Pr_Src_cls_loss	: 0.2320
-------------------------------------
[Pr Epoch : 5/20]
Pr_Src_cls_loss	: 0.1967
-------------------------------------
[Pr Epoch : 6/20]
Pr_Src_cls_loss	: 0.1717
-------------------------------------
[Pr Epoch : 7/20]
Pr_Src_cls_loss	: 0.1529
-------------------------------------
[Pr Epoch : 8/20]
Pr_Src_cls_loss	: 0.1385
-------------------------------------
[Pr Epoch : 9/20]
Pr_Src_cls_loss	: 0.1266
-------------------------------------
[Pr Epoch : 10/20]
Pr_Src_cls_loss	: 0.1166
-------------------------------------
[Pr Epoch : 11/20]
Pr_Src_cls_loss	: 0.1081
-------------------------------------
[Pr Epoch : 12/20]
Pr_Src_cls_loss	: 0.1012
-------------------------------------
[Pr Epoch : 13/20]
Pr_Src_cls_loss	: 0.0951
-------------------------------------
[Pr Epoch : 14/20]
Pr_Src_cls_loss	: 0.0898
-------------------------------------
[Pr Epoch : 15/20]
Pr_Src_cls_loss	: 0.0852
-------------------------------------
[Pr Epoch : 16/20]
Pr_Src_cls_loss	: 0.0810
-------------------------------------
[Pr Epoch : 17/20]
Pr_Src_cls_loss	: 0.0772
-------------------------------------
[Pr Epoch : 18/20]
Pr_Src_cls_loss	: 0.0737
-------------------------------------
[Pr Epoch : 19/20]
Pr_Src_cls_loss	: 0.0705
-------------------------------------
[Pr Epoch : 20/20]
Pr_Src_cls_loss	: 0.0677
-------------------------------------
[Epoch : 1/20]
Pr_Src_cls_loss	: 0.0677
Total_loss	: 1.3405
Open Loss	: 0.6421
Src_cls_loss	: 0.0085
Entropy Open	: 0.6898
-------------------------------------
[Epoch : 2/20]
Pr_Src_cls_loss	: 0.0677
Total_loss	: 1.2670
Open Loss	: 0.5788
Src_cls_loss	: 0.0083
Entropy Open	: 0.6799
-------------------------------------
[Epoch : 3/20]
Pr_Src_cls_loss	: 0.0677
Total_loss	: 1.1921
Open Loss	: 0.5231
Src_cls_loss	: 0.0086
Entropy Open	: 0.6605
-------------------------------------
[Epoch : 4/20]
Pr_Src_cls_loss	: 0.0677
Total_loss	: 1.1162
Open Loss	: 0.4745
Src_cls_loss	: 0.0088
Entropy Open	: 0.6329
-------------------------------------
[Epoch : 5/20]
Pr_Src_cls_loss	: 0.0677
Total_loss	: 1.0424
Open Loss	: 0.4322
Src_cls_loss	: 0.0089
Entropy Open	: 0.6013
-------------------------------------
[Epoch : 6/20]
Pr_Src_cls_loss	: 0.0677
Total_loss	: 0.9734
Open Loss	: 0.3957
Src_cls_loss	: 0.0091
Entropy Open	: 0.5686
-------------------------------------
[Epoch : 7/20]
Pr_Src_cls_loss	: 0.0677
Total_loss	: 0.9097
Open Loss	: 0.3641
Src_cls_loss	: 0.0092
Entropy Open	: 0.5365
-------------------------------------
[Epoch : 8/20]
Pr_Src_cls_loss	: 0.0677
Total_loss	: 0.8513
Open Loss	: 0.3365
Src_cls_loss	: 0.0092
Entropy Open	: 0.5055
-------------------------------------
[Epoch : 9/20]
Pr_Src_cls_loss	: 0.0677
Total_loss	: 0.7978
Open Loss	: 0.3123
Src_cls_loss	: 0.0092
Entropy Open	: 0.4763
-------------------------------------
[Epoch : 10/20]
Pr_Src_cls_loss	: 0.0677
Total_loss	: 0.7495
Open Loss	: 0.2912
Src_cls_loss	: 0.0093
Entropy Open	: 0.4491
-------------------------------------
[Epoch : 11/20]
Pr_Src_cls_loss	: 0.0677
Total_loss	: 0.7058
Open Loss	: 0.2725
Src_cls_loss	: 0.0093
Entropy Open	: 0.4240
-------------------------------------
[Epoch : 12/20]
Pr_Src_cls_loss	: 0.0677
Total_loss	: 0.6661
Open Loss	: 0.2559
Src_cls_loss	: 0.0093
Entropy Open	: 0.4009
-------------------------------------
[Epoch : 13/20]
Pr_Src_cls_loss	: 0.0677
Total_loss	: 0.6301
Open Loss	: 0.2411
Src_cls_loss	: 0.0092
Entropy Open	: 0.3798
-------------------------------------
[Epoch : 14/20]
Pr_Src_cls_loss	: 0.0677
Total_loss	: 0.5975
Open Loss	: 0.2278
Src_cls_loss	: 0.0092
Entropy Open	: 0.3605
-------------------------------------
[Epoch : 15/20]
Pr_Src_cls_loss	: 0.0677
Total_loss	: 0.5677
Open Loss	: 0.2159
Src_cls_loss	: 0.0091
Entropy Open	: 0.3427
-------------------------------------
[Epoch : 16/20]
Pr_Src_cls_loss	: 0.0677
Total_loss	: 0.5406
Open Loss	: 0.2051
Src_cls_loss	: 0.0091
Entropy Open	: 0.3264
-------------------------------------
[Epoch : 17/20]
Pr_Src_cls_loss	: 0.0677
Total_loss	: 0.5157
Open Loss	: 0.1953
Src_cls_loss	: 0.0090
Entropy Open	: 0.3114
-------------------------------------
[Epoch : 18/20]
Pr_Src_cls_loss	: 0.0677
Total_loss	: 0.4928
Open Loss	: 0.1863
Src_cls_loss	: 0.0089
Entropy Open	: 0.2976
-------------------------------------
[Epoch : 19/20]
Pr_Src_cls_loss	: 0.0677
Total_loss	: 0.4717
Open Loss	: 0.1781
Src_cls_loss	: 0.0089
Entropy Open	: 0.2848
-------------------------------------
[Epoch : 20/20]
Pr_Src_cls_loss	: 0.0677
Total_loss	: 0.4523
Open Loss	: 0.1705
Src_cls_loss	: 0.0088
Entropy Open	: 0.2730
-------------------------------------
H_score: 0.0000, OS* (acc_c): 0.5957, UNK (acc_p): 0.0000, acc_mix: 0.5957, F1: 0.5223
Uploading logs from: /mnt/data/home/tp2474/OpenSet-AdaTime/experiments_logs/RealWorld to mhealth_closed_set/OVANet_closed_set/RealWorld_to_mhealth_run_3
🏃 View run OVANet_run_3 at: http://127.0.0.1:5001/#/experiments/773515370876137118/runs/b96c176ab0b34a8d8343ff4b3ba6a93b
🧪 View experiment at: http://127.0.0.1:5001/#/experiments/773515370876137118
=============================================
Dataset: RealWorld to mhealth_closed_set
Method:  OVANet
=============================================
Source: RealWorld ---> Target: mhealth
Run ID: 4
=============================================
[Pr Epoch : 1/20]
Pr_Src_cls_loss	: 0.5909
-------------------------------------
[Pr Epoch : 2/20]
Pr_Src_cls_loss	: 0.3779
-------------------------------------
[Pr Epoch : 3/20]
Pr_Src_cls_loss	: 0.2836
-------------------------------------
[Pr Epoch : 4/20]
Pr_Src_cls_loss	: 0.2304
-------------------------------------
[Pr Epoch : 5/20]
Pr_Src_cls_loss	: 0.1956
-------------------------------------
[Pr Epoch : 6/20]
Pr_Src_cls_loss	: 0.1709
-------------------------------------
[Pr Epoch : 7/20]
Pr_Src_cls_loss	: 0.1525
-------------------------------------
[Pr Epoch : 8/20]
Pr_Src_cls_loss	: 0.1383
-------------------------------------
[Pr Epoch : 9/20]
Pr_Src_cls_loss	: 0.1267
-------------------------------------
[Pr Epoch : 10/20]
Pr_Src_cls_loss	: 0.1168
-------------------------------------
[Pr Epoch : 11/20]
Pr_Src_cls_loss	: 0.1085
-------------------------------------
[Pr Epoch : 12/20]
Pr_Src_cls_loss	: 0.1016
-------------------------------------
[Pr Epoch : 13/20]
Pr_Src_cls_loss	: 0.0954
-------------------------------------
[Pr Epoch : 14/20]
Pr_Src_cls_loss	: 0.0901
-------------------------------------
[Pr Epoch : 15/20]
Pr_Src_cls_loss	: 0.0853
-------------------------------------
[Pr Epoch : 16/20]
Pr_Src_cls_loss	: 0.0809
-------------------------------------
[Pr Epoch : 17/20]
Pr_Src_cls_loss	: 0.0772
-------------------------------------
[Pr Epoch : 18/20]
Pr_Src_cls_loss	: 0.0737
-------------------------------------
[Pr Epoch : 19/20]
Pr_Src_cls_loss	: 0.0705
-------------------------------------
[Pr Epoch : 20/20]
Pr_Src_cls_loss	: 0.0676
-------------------------------------
[Epoch : 1/20]
Pr_Src_cls_loss	: 0.0676
Total_loss	: 1.3263
Open Loss	: 0.6262
Src_cls_loss	: 0.0087
Entropy Open	: 0.6913
-------------------------------------
[Epoch : 2/20]
Pr_Src_cls_loss	: 0.0676
Total_loss	: 1.2576
Open Loss	: 0.5652
Src_cls_loss	: 0.0083
Entropy Open	: 0.6841
-------------------------------------
[Epoch : 3/20]
Pr_Src_cls_loss	: 0.0676
Total_loss	: 1.1883
Open Loss	: 0.5115
Src_cls_loss	: 0.0087
Entropy Open	: 0.6680
-------------------------------------
[Epoch : 4/20]
Pr_Src_cls_loss	: 0.0676
Total_loss	: 1.1158
Open Loss	: 0.4641
Src_cls_loss	: 0.0090
Entropy Open	: 0.6428
-------------------------------------
[Epoch : 5/20]
Pr_Src_cls_loss	: 0.0676
Total_loss	: 1.0434
Open Loss	: 0.4224
Src_cls_loss	: 0.0091
Entropy Open	: 0.6119
-------------------------------------
[Epoch : 6/20]
Pr_Src_cls_loss	: 0.0676
Total_loss	: 0.9741
Open Loss	: 0.3865
Src_cls_loss	: 0.0092
Entropy Open	: 0.5784
-------------------------------------
[Epoch : 7/20]
Pr_Src_cls_loss	: 0.0676
Total_loss	: 0.9094
Open Loss	: 0.3553
Src_cls_loss	: 0.0092
Entropy Open	: 0.5449
-------------------------------------
[Epoch : 8/20]
Pr_Src_cls_loss	: 0.0676
Total_loss	: 0.8500
Open Loss	: 0.3283
Src_cls_loss	: 0.0093
Entropy Open	: 0.5125
-------------------------------------
[Epoch : 9/20]
Pr_Src_cls_loss	: 0.0676
Total_loss	: 0.7961
Open Loss	: 0.3049
Src_cls_loss	: 0.0093
Entropy Open	: 0.4819
-------------------------------------
[Epoch : 10/20]
Pr_Src_cls_loss	: 0.0676
Total_loss	: 0.7470
Open Loss	: 0.2843
Src_cls_loss	: 0.0092
Entropy Open	: 0.4534
-------------------------------------
[Epoch : 11/20]
Pr_Src_cls_loss	: 0.0676
Total_loss	: 0.7026
Open Loss	: 0.2662
Src_cls_loss	: 0.0092
Entropy Open	: 0.4272
-------------------------------------
[Epoch : 12/20]
Pr_Src_cls_loss	: 0.0676
Total_loss	: 0.6626
Open Loss	: 0.2502
Src_cls_loss	: 0.0092
Entropy Open	: 0.4032
-------------------------------------
[Epoch : 13/20]
Pr_Src_cls_loss	: 0.0676
Total_loss	: 0.6262
Open Loss	: 0.2358
Src_cls_loss	: 0.0091
Entropy Open	: 0.3813
-------------------------------------
[Epoch : 14/20]
Pr_Src_cls_loss	: 0.0676
Total_loss	: 0.5933
Open Loss	: 0.2230
Src_cls_loss	: 0.0090
Entropy Open	: 0.3613
-------------------------------------
[Epoch : 15/20]
Pr_Src_cls_loss	: 0.0676
Total_loss	: 0.5634
Open Loss	: 0.2115
Src_cls_loss	: 0.0089
Entropy Open	: 0.3430
-------------------------------------
[Epoch : 16/20]
Pr_Src_cls_loss	: 0.0676
Total_loss	: 0.5363
Open Loss	: 0.2011
Src_cls_loss	: 0.0090
Entropy Open	: 0.3263
-------------------------------------
[Epoch : 17/20]
Pr_Src_cls_loss	: 0.0676
Total_loss	: 0.5113
Open Loss	: 0.1915
Src_cls_loss	: 0.0089
Entropy Open	: 0.3109
-------------------------------------
[Epoch : 18/20]
Pr_Src_cls_loss	: 0.0676
Total_loss	: 0.4885
Open Loss	: 0.1829
Src_cls_loss	: 0.0088
Entropy Open	: 0.2967
-------------------------------------
[Epoch : 19/20]
Pr_Src_cls_loss	: 0.0676
Total_loss	: 0.4674
Open Loss	: 0.1749
Src_cls_loss	: 0.0088
Entropy Open	: 0.2837
-------------------------------------
[Epoch : 20/20]
Pr_Src_cls_loss	: 0.0676
Total_loss	: 0.4480
Open Loss	: 0.1676
Src_cls_loss	: 0.0087
Entropy Open	: 0.2717
-------------------------------------
H_score: 0.0000, OS* (acc_c): 0.4469, UNK (acc_p): 0.0000, acc_mix: 0.4469, F1: 0.3666
Uploading logs from: /mnt/data/home/tp2474/OpenSet-AdaTime/experiments_logs/RealWorld to mhealth_closed_set/OVANet_closed_set/RealWorld_to_mhealth_run_4
🏃 View run OVANet_run_4 at: http://127.0.0.1:5001/#/experiments/773515370876137118/runs/297d3132b1f34407ba88df33bf042dae
🧪 View experiment at: http://127.0.0.1:5001/#/experiments/773515370876137118
Running: Source=Pamap2 -> Target=RealWorld
[scenario] OVANet -> UniDA (uniDA=True)
Unlabeled data shape:  (26209, 150, 18)
Unlabelled Combined shape: (45172, 150, 18)

--- Dataloader Size Check ---
Source Train batches:   51
Target Train batches:   409
-------------------------------

Private classes:  tensor([])
=============================================
Dataset: Pamap2 to RealWorld_closed_set
Method:  OVANet
=============================================
Source: Pamap2 ---> Target: RealWorld
Run ID: 0
=============================================
[Pr Epoch : 1/20]
Pr_Src_cls_loss	: 1.0688
-------------------------------------
[Pr Epoch : 2/20]
Pr_Src_cls_loss	: 0.9053
-------------------------------------
[Pr Epoch : 3/20]
Pr_Src_cls_loss	: 0.7748
-------------------------------------
[Pr Epoch : 4/20]
Pr_Src_cls_loss	: 0.6731
-------------------------------------
[Pr Epoch : 5/20]
Pr_Src_cls_loss	: 0.5928
-------------------------------------
[Pr Epoch : 6/20]
Pr_Src_cls_loss	: 0.5282
-------------------------------------
[Pr Epoch : 7/20]
Pr_Src_cls_loss	: 0.4762
-------------------------------------
[Pr Epoch : 8/20]
Pr_Src_cls_loss	: 0.4331
-------------------------------------
[Pr Epoch : 9/20]
Pr_Src_cls_loss	: 0.3970
-------------------------------------
[Pr Epoch : 10/20]
Pr_Src_cls_loss	: 0.3668
-------------------------------------
[Pr Epoch : 11/20]
Pr_Src_cls_loss	: 0.3404
-------------------------------------
[Pr Epoch : 12/20]
Pr_Src_cls_loss	: 0.3177
-------------------------------------
[Pr Epoch : 13/20]
Pr_Src_cls_loss	: 0.2979
-------------------------------------
[Pr Epoch : 14/20]
Pr_Src_cls_loss	: 0.2805
-------------------------------------
[Pr Epoch : 15/20]
Pr_Src_cls_loss	: 0.2650
-------------------------------------
[Pr Epoch : 16/20]
Pr_Src_cls_loss	: 0.2510
-------------------------------------
[Pr Epoch : 17/20]
Pr_Src_cls_loss	: 0.2386
-------------------------------------
[Pr Epoch : 18/20]
Pr_Src_cls_loss	: 0.2274
-------------------------------------
[Pr Epoch : 19/20]
Pr_Src_cls_loss	: 0.2171
-------------------------------------
[Pr Epoch : 20/20]
Pr_Src_cls_loss	: 0.2078
-------------------------------------
[Epoch : 1/20]
Pr_Src_cls_loss	: 0.2078
Total_loss	: 1.4254
Open Loss	: 0.7068
Src_cls_loss	: 0.0271
Entropy Open	: 0.6915
-------------------------------------
[Epoch : 2/20]
Pr_Src_cls_loss	: 0.2078
Total_loss	: 1.4051
Open Loss	: 0.6861
Src_cls_loss	: 0.0277
Entropy Open	: 0.6913
-------------------------------------
[Epoch : 3/20]
Pr_Src_cls_loss	: 0.2078
Total_loss	: 1.3868
Open Loss	: 0.6677
Src_cls_loss	: 0.0282
Entropy Open	: 0.6909
-------------------------------------
[Epoch : 4/20]
Pr_Src_cls_loss	: 0.2078
Total_loss	: 1.3700
Open Loss	: 0.6511
Src_cls_loss	: 0.0288
Entropy Open	: 0.6902
-------------------------------------
[Epoch : 5/20]
Pr_Src_cls_loss	: 0.2078
Total_loss	: 1.3542
Open Loss	: 0.6359
Src_cls_loss	: 0.0291
Entropy Open	: 0.6892
-------------------------------------
[Epoch : 6/20]
Pr_Src_cls_loss	: 0.2078
Total_loss	: 1.3386
Open Loss	: 0.6216
Src_cls_loss	: 0.0290
Entropy Open	: 0.6880
-------------------------------------
[Epoch : 7/20]
Pr_Src_cls_loss	: 0.2078
Total_loss	: 1.3234
Open Loss	: 0.6081
Src_cls_loss	: 0.0289
Entropy Open	: 0.6864
-------------------------------------
[Epoch : 8/20]
Pr_Src_cls_loss	: 0.2078
Total_loss	: 1.3085
Open Loss	: 0.5952
Src_cls_loss	: 0.0288
Entropy Open	: 0.6845
-------------------------------------
[Epoch : 9/20]
Pr_Src_cls_loss	: 0.2078
Total_loss	: 1.2937
Open Loss	: 0.5829
Src_cls_loss	: 0.0285
Entropy Open	: 0.6824
-------------------------------------
[Epoch : 10/20]
Pr_Src_cls_loss	: 0.2078
Total_loss	: 1.2790
Open Loss	: 0.5709
Src_cls_loss	: 0.0282
Entropy Open	: 0.6799
-------------------------------------
[Epoch : 11/20]
Pr_Src_cls_loss	: 0.2078
Total_loss	: 1.2645
Open Loss	: 0.5594
Src_cls_loss	: 0.0278
Entropy Open	: 0.6772
-------------------------------------
[Epoch : 12/20]
Pr_Src_cls_loss	: 0.2078
Total_loss	: 1.2502
Open Loss	: 0.5484
Src_cls_loss	: 0.0276
Entropy Open	: 0.6742
-------------------------------------
[Epoch : 13/20]
Pr_Src_cls_loss	: 0.2078
Total_loss	: 1.2359
Open Loss	: 0.5377
Src_cls_loss	: 0.0272
Entropy Open	: 0.6710
-------------------------------------
[Epoch : 14/20]
Pr_Src_cls_loss	: 0.2078
Total_loss	: 1.2217
Open Loss	: 0.5272
Src_cls_loss	: 0.0269
Entropy Open	: 0.6675
-------------------------------------
[Epoch : 15/20]
Pr_Src_cls_loss	: 0.2078
Total_loss	: 1.2074
Open Loss	: 0.5171
Src_cls_loss	: 0.0265
Entropy Open	: 0.6638
-------------------------------------
[Epoch : 16/20]
Pr_Src_cls_loss	: 0.2078
Total_loss	: 1.1932
Open Loss	: 0.5072
Src_cls_loss	: 0.0262
Entropy Open	: 0.6598
-------------------------------------
[Epoch : 17/20]
Pr_Src_cls_loss	: 0.2078
Total_loss	: 1.1791
Open Loss	: 0.4977
Src_cls_loss	: 0.0258
Entropy Open	: 0.6556
-------------------------------------
[Epoch : 18/20]
Pr_Src_cls_loss	: 0.2078
Total_loss	: 1.1650
Open Loss	: 0.4883
Src_cls_loss	: 0.0254
Entropy Open	: 0.6512
-------------------------------------
[Epoch : 19/20]
Pr_Src_cls_loss	: 0.2078
Total_loss	: 1.1512
Open Loss	: 0.4793
Src_cls_loss	: 0.0252
Entropy Open	: 0.6467
-------------------------------------
[Epoch : 20/20]
Pr_Src_cls_loss	: 0.2078
Total_loss	: 1.1373
Open Loss	: 0.4705
Src_cls_loss	: 0.0248
Entropy Open	: 0.6420
-------------------------------------
/mnt/data/home/tp2474/OpenSet-AdaTime/algorithms/algorithms.py:661: UserWarning: Implicit dimension choice for softmax has been deprecated. Change the call to include dim=X as an argument.
  predictions = F.softmax(self.classifier(features))
/mnt/data/home/tp2474/OpenSet-AdaTime/trainers/abstract_trainer.py:331: FutureWarning: The behavior of DataFrame concatenation with empty or all-NA entries is deprecated. In a future version, this will no longer exclude empty or all-NA columns when determining the result dtypes. To retain the old behavior, exclude the relevant entries before the concat operation.
  table = pd.concat([table, results_df], ignore_index=True)
H_score: 0.0000, OS* (acc_c): 0.7082, UNK (acc_p): 0.0000, acc_mix: 0.7082, F1: 0.7065
Uploading logs from: /mnt/data/home/tp2474/OpenSet-AdaTime/experiments_logs/Pamap2 to RealWorld_closed_set/OVANet_closed_set/Pamap2_to_RealWorld_run_0
🏃 View run OVANet_run_0 at: http://127.0.0.1:5001/#/experiments/235622674570859121/runs/c7569964c4114d3ca55cf89f65b5de99
🧪 View experiment at: http://127.0.0.1:5001/#/experiments/235622674570859121
=============================================
Dataset: Pamap2 to RealWorld_closed_set
Method:  OVANet
=============================================
Source: Pamap2 ---> Target: RealWorld
Run ID: 1
=============================================
[Pr Epoch : 1/20]
Pr_Src_cls_loss	: 1.0966
-------------------------------------
[Pr Epoch : 2/20]
Pr_Src_cls_loss	: 0.9284
-------------------------------------
[Pr Epoch : 3/20]
Pr_Src_cls_loss	: 0.7928
-------------------------------------
[Pr Epoch : 4/20]
Pr_Src_cls_loss	: 0.6863
-------------------------------------
[Pr Epoch : 5/20]
Pr_Src_cls_loss	: 0.6029
-------------------------------------
[Pr Epoch : 6/20]
Pr_Src_cls_loss	: 0.5367
-------------------------------------
[Pr Epoch : 7/20]
Pr_Src_cls_loss	: 0.4828
-------------------------------------
[Pr Epoch : 8/20]
Pr_Src_cls_loss	: 0.4387
-------------------------------------
[Pr Epoch : 9/20]
Pr_Src_cls_loss	: 0.4017
-------------------------------------
[Pr Epoch : 10/20]
Pr_Src_cls_loss	: 0.3707
-------------------------------------
[Pr Epoch : 11/20]
Pr_Src_cls_loss	: 0.3442
-------------------------------------
[Pr Epoch : 12/20]
Pr_Src_cls_loss	: 0.3210
-------------------------------------
[Pr Epoch : 13/20]
Pr_Src_cls_loss	: 0.3007
-------------------------------------
[Pr Epoch : 14/20]
Pr_Src_cls_loss	: 0.2829
-------------------------------------
[Pr Epoch : 15/20]
Pr_Src_cls_loss	: 0.2675
-------------------------------------
[Pr Epoch : 16/20]
Pr_Src_cls_loss	: 0.2534
-------------------------------------
[Pr Epoch : 17/20]
Pr_Src_cls_loss	: 0.2407
-------------------------------------
[Pr Epoch : 18/20]
Pr_Src_cls_loss	: 0.2293
-------------------------------------
[Pr Epoch : 19/20]
Pr_Src_cls_loss	: 0.2189
-------------------------------------
[Pr Epoch : 20/20]
Pr_Src_cls_loss	: 0.2094
-------------------------------------
[Epoch : 1/20]
Pr_Src_cls_loss	: 0.2094
Total_loss	: 1.4135
Open Loss	: 0.6953
Src_cls_loss	: 0.0256
Entropy Open	: 0.6926
-------------------------------------
[Epoch : 2/20]
Pr_Src_cls_loss	: 0.2094
Total_loss	: 1.3927
Open Loss	: 0.6727
Src_cls_loss	: 0.0277
Entropy Open	: 0.6923
-------------------------------------
[Epoch : 3/20]
Pr_Src_cls_loss	: 0.2094
Total_loss	: 1.3739
Open Loss	: 0.6531
Src_cls_loss	: 0.0292
Entropy Open	: 0.6916
-------------------------------------
[Epoch : 4/20]
Pr_Src_cls_loss	: 0.2094
Total_loss	: 1.3568
Open Loss	: 0.6361
Src_cls_loss	: 0.0301
Entropy Open	: 0.6907
-------------------------------------
[Epoch : 5/20]
Pr_Src_cls_loss	: 0.2094
Total_loss	: 1.3403
Open Loss	: 0.6204
Src_cls_loss	: 0.0304
Entropy Open	: 0.6895
-------------------------------------
[Epoch : 6/20]
Pr_Src_cls_loss	: 0.2094
Total_loss	: 1.3246
Open Loss	: 0.6060
Src_cls_loss	: 0.0306
Entropy Open	: 0.6880
-------------------------------------
[Epoch : 7/20]
Pr_Src_cls_loss	: 0.2094
Total_loss	: 1.3091
Open Loss	: 0.5925
Src_cls_loss	: 0.0305
Entropy Open	: 0.6861
-------------------------------------
[Epoch : 8/20]
Pr_Src_cls_loss	: 0.2094
Total_loss	: 1.2940
Open Loss	: 0.5796
Src_cls_loss	: 0.0304
Entropy Open	: 0.6840
-------------------------------------
[Epoch : 9/20]
Pr_Src_cls_loss	: 0.2094
Total_loss	: 1.2791
Open Loss	: 0.5672
Src_cls_loss	: 0.0302
Entropy Open	: 0.6817
-------------------------------------
[Epoch : 10/20]
Pr_Src_cls_loss	: 0.2094
Total_loss	: 1.2643
Open Loss	: 0.5553
Src_cls_loss	: 0.0300
Entropy Open	: 0.6790
-------------------------------------
[Epoch : 11/20]
Pr_Src_cls_loss	: 0.2094
Total_loss	: 1.2498
Open Loss	: 0.5439
Src_cls_loss	: 0.0298
Entropy Open	: 0.6762
-------------------------------------
[Epoch : 12/20]
Pr_Src_cls_loss	: 0.2094
Total_loss	: 1.2353
Open Loss	: 0.5328
Src_cls_loss	: 0.0294
Entropy Open	: 0.6731
-------------------------------------
[Epoch : 13/20]
Pr_Src_cls_loss	: 0.2094
Total_loss	: 1.2210
Open Loss	: 0.5222
Src_cls_loss	: 0.0291
Entropy Open	: 0.6697
-------------------------------------
[Epoch : 14/20]
Pr_Src_cls_loss	: 0.2094
Total_loss	: 1.2068
Open Loss	: 0.5118
Src_cls_loss	: 0.0288
Entropy Open	: 0.6661
-------------------------------------
[Epoch : 15/20]
Pr_Src_cls_loss	: 0.2094
Total_loss	: 1.1926
Open Loss	: 0.5018
Src_cls_loss	: 0.0285
Entropy Open	: 0.6623
-------------------------------------
[Epoch : 16/20]
Pr_Src_cls_loss	: 0.2094
Total_loss	: 1.1785
Open Loss	: 0.4921
Src_cls_loss	: 0.0281
Entropy Open	: 0.6583
-------------------------------------
[Epoch : 17/20]
Pr_Src_cls_loss	: 0.2094
Total_loss	: 1.1645
Open Loss	: 0.4826
Src_cls_loss	: 0.0278
Entropy Open	: 0.6541
-------------------------------------
[Epoch : 18/20]
Pr_Src_cls_loss	: 0.2094
Total_loss	: 1.1506
Open Loss	: 0.4735
Src_cls_loss	: 0.0275
Entropy Open	: 0.6496
-------------------------------------
[Epoch : 19/20]
Pr_Src_cls_loss	: 0.2094
Total_loss	: 1.1367
Open Loss	: 0.4646
Src_cls_loss	: 0.0272
Entropy Open	: 0.6450
-------------------------------------
[Epoch : 20/20]
Pr_Src_cls_loss	: 0.2094
Total_loss	: 1.1229
Open Loss	: 0.4560
Src_cls_loss	: 0.0269
Entropy Open	: 0.6401
-------------------------------------
H_score: 0.0000, OS* (acc_c): 0.7301, UNK (acc_p): 0.0000, acc_mix: 0.7301, F1: 0.7359
Uploading logs from: /mnt/data/home/tp2474/OpenSet-AdaTime/experiments_logs/Pamap2 to RealWorld_closed_set/OVANet_closed_set/Pamap2_to_RealWorld_run_1
🏃 View run OVANet_run_1 at: http://127.0.0.1:5001/#/experiments/235622674570859121/runs/b24cee02c5be4af28528515192b3d83c
🧪 View experiment at: http://127.0.0.1:5001/#/experiments/235622674570859121
=============================================
Dataset: Pamap2 to RealWorld_closed_set
Method:  OVANet
=============================================
Source: Pamap2 ---> Target: RealWorld
Run ID: 2
=============================================
[Pr Epoch : 1/20]
Pr_Src_cls_loss	: 1.0865
-------------------------------------
[Pr Epoch : 2/20]
Pr_Src_cls_loss	: 0.9195
-------------------------------------
[Pr Epoch : 3/20]
Pr_Src_cls_loss	: 0.7869
-------------------------------------
[Pr Epoch : 4/20]
Pr_Src_cls_loss	: 0.6836
-------------------------------------
[Pr Epoch : 5/20]
Pr_Src_cls_loss	: 0.6014
-------------------------------------
[Pr Epoch : 6/20]
Pr_Src_cls_loss	: 0.5354
-------------------------------------
[Pr Epoch : 7/20]
Pr_Src_cls_loss	: 0.4819
-------------------------------------
[Pr Epoch : 8/20]
Pr_Src_cls_loss	: 0.4384
-------------------------------------
[Pr Epoch : 9/20]
Pr_Src_cls_loss	: 0.4018
-------------------------------------
[Pr Epoch : 10/20]
Pr_Src_cls_loss	: 0.3706
-------------------------------------
[Pr Epoch : 11/20]
Pr_Src_cls_loss	: 0.3441
-------------------------------------
[Pr Epoch : 12/20]
Pr_Src_cls_loss	: 0.3209
-------------------------------------
[Pr Epoch : 13/20]
Pr_Src_cls_loss	: 0.3008
-------------------------------------
[Pr Epoch : 14/20]
Pr_Src_cls_loss	: 0.2831
-------------------------------------
[Pr Epoch : 15/20]
Pr_Src_cls_loss	: 0.2674
-------------------------------------
[Pr Epoch : 16/20]
Pr_Src_cls_loss	: 0.2533
-------------------------------------
[Pr Epoch : 17/20]
Pr_Src_cls_loss	: 0.2405
-------------------------------------
[Pr Epoch : 18/20]
Pr_Src_cls_loss	: 0.2290
-------------------------------------
[Pr Epoch : 19/20]
Pr_Src_cls_loss	: 0.2185
-------------------------------------
[Pr Epoch : 20/20]
Pr_Src_cls_loss	: 0.2090
-------------------------------------
[Epoch : 1/20]
Pr_Src_cls_loss	: 0.2090
Total_loss	: 1.4100
Open Loss	: 0.6917
Src_cls_loss	: 0.0258
Entropy Open	: 0.6925
-------------------------------------
[Epoch : 2/20]
Pr_Src_cls_loss	: 0.2090
Total_loss	: 1.3906
Open Loss	: 0.6699
Src_cls_loss	: 0.0286
Entropy Open	: 0.6920
-------------------------------------
[Epoch : 3/20]
Pr_Src_cls_loss	: 0.2090
Total_loss	: 1.3733
Open Loss	: 0.6518
Src_cls_loss	: 0.0302
Entropy Open	: 0.6913
-------------------------------------
[Epoch : 4/20]
Pr_Src_cls_loss	: 0.2090
Total_loss	: 1.3568
Open Loss	: 0.6356
Src_cls_loss	: 0.0309
Entropy Open	: 0.6902
-------------------------------------
[Epoch : 5/20]
Pr_Src_cls_loss	: 0.2090
Total_loss	: 1.3409
Open Loss	: 0.6206
Src_cls_loss	: 0.0314
Entropy Open	: 0.6889
-------------------------------------
[Epoch : 6/20]
Pr_Src_cls_loss	: 0.2090
Total_loss	: 1.3254
Open Loss	: 0.6065
Src_cls_loss	: 0.0315
Entropy Open	: 0.6873
-------------------------------------
[Epoch : 7/20]
Pr_Src_cls_loss	: 0.2090
Total_loss	: 1.3100
Open Loss	: 0.5931
Src_cls_loss	: 0.0315
Entropy Open	: 0.6853
-------------------------------------
[Epoch : 8/20]
Pr_Src_cls_loss	: 0.2090
Total_loss	: 1.2946
Open Loss	: 0.5803
Src_cls_loss	: 0.0314
Entropy Open	: 0.6829
-------------------------------------
[Epoch : 9/20]
Pr_Src_cls_loss	: 0.2090
Total_loss	: 1.2793
Open Loss	: 0.5679
Src_cls_loss	: 0.0311
Entropy Open	: 0.6802
-------------------------------------
[Epoch : 10/20]
Pr_Src_cls_loss	: 0.2090
Total_loss	: 1.2641
Open Loss	: 0.5561
Src_cls_loss	: 0.0309
Entropy Open	: 0.6771
-------------------------------------
[Epoch : 11/20]
Pr_Src_cls_loss	: 0.2090
Total_loss	: 1.2490
Open Loss	: 0.5446
Src_cls_loss	: 0.0308
Entropy Open	: 0.6737
-------------------------------------
[Epoch : 12/20]
Pr_Src_cls_loss	: 0.2090
Total_loss	: 1.2339
Open Loss	: 0.5335
Src_cls_loss	: 0.0305
Entropy Open	: 0.6700
-------------------------------------
[Epoch : 13/20]
Pr_Src_cls_loss	: 0.2090
Total_loss	: 1.2188
Open Loss	: 0.5227
Src_cls_loss	: 0.0302
Entropy Open	: 0.6659
-------------------------------------
[Epoch : 14/20]
Pr_Src_cls_loss	: 0.2090
Total_loss	: 1.2037
Open Loss	: 0.5122
Src_cls_loss	: 0.0298
Entropy Open	: 0.6616
-------------------------------------
[Epoch : 15/20]
Pr_Src_cls_loss	: 0.2090
Total_loss	: 1.1886
Open Loss	: 0.5021
Src_cls_loss	: 0.0295
Entropy Open	: 0.6570
-------------------------------------
[Epoch : 16/20]
Pr_Src_cls_loss	: 0.2090
Total_loss	: 1.1736
Open Loss	: 0.4922
Src_cls_loss	: 0.0292
Entropy Open	: 0.6522
-------------------------------------
[Epoch : 17/20]
Pr_Src_cls_loss	: 0.2090
Total_loss	: 1.1586
Open Loss	: 0.4826
Src_cls_loss	: 0.0288
Entropy Open	: 0.6472
-------------------------------------
[Epoch : 18/20]
Pr_Src_cls_loss	: 0.2090
Total_loss	: 1.1438
Open Loss	: 0.4733
Src_cls_loss	: 0.0285
Entropy Open	: 0.6420
-------------------------------------
[Epoch : 19/20]
Pr_Src_cls_loss	: 0.2090
Total_loss	: 1.1292
Open Loss	: 0.4643
Src_cls_loss	: 0.0281
Entropy Open	: 0.6367
-------------------------------------
[Epoch : 20/20]
Pr_Src_cls_loss	: 0.2090
Total_loss	: 1.1146
Open Loss	: 0.4555
Src_cls_loss	: 0.0278
Entropy Open	: 0.6313
-------------------------------------
H_score: 0.0000, OS* (acc_c): 0.6712, UNK (acc_p): 0.0000, acc_mix: 0.6712, F1: 0.6696
Uploading logs from: /mnt/data/home/tp2474/OpenSet-AdaTime/experiments_logs/Pamap2 to RealWorld_closed_set/OVANet_closed_set/Pamap2_to_RealWorld_run_2
🏃 View run OVANet_run_2 at: http://127.0.0.1:5001/#/experiments/235622674570859121/runs/d8c72b416e364a4ba1a2708293ebca8e
🧪 View experiment at: http://127.0.0.1:5001/#/experiments/235622674570859121
=============================================
Dataset: Pamap2 to RealWorld_closed_set
Method:  OVANet
=============================================
Source: Pamap2 ---> Target: RealWorld
Run ID: 3
=============================================
[Pr Epoch : 1/20]
Pr_Src_cls_loss	: 1.0746
-------------------------------------
[Pr Epoch : 2/20]
Pr_Src_cls_loss	: 0.9118
-------------------------------------
[Pr Epoch : 3/20]
Pr_Src_cls_loss	: 0.7822
-------------------------------------
[Pr Epoch : 4/20]
Pr_Src_cls_loss	: 0.6795
-------------------------------------
[Pr Epoch : 5/20]
Pr_Src_cls_loss	: 0.5987
-------------------------------------
[Pr Epoch : 6/20]
Pr_Src_cls_loss	: 0.5341
-------------------------------------
[Pr Epoch : 7/20]
Pr_Src_cls_loss	: 0.4816
-------------------------------------
[Pr Epoch : 8/20]
Pr_Src_cls_loss	: 0.4381
-------------------------------------
[Pr Epoch : 9/20]
Pr_Src_cls_loss	: 0.4018
-------------------------------------
[Pr Epoch : 10/20]
Pr_Src_cls_loss	: 0.3707
-------------------------------------
[Pr Epoch : 11/20]
Pr_Src_cls_loss	: 0.3439
-------------------------------------
[Pr Epoch : 12/20]
Pr_Src_cls_loss	: 0.3208
-------------------------------------
[Pr Epoch : 13/20]
Pr_Src_cls_loss	: 0.3007
-------------------------------------
[Pr Epoch : 14/20]
Pr_Src_cls_loss	: 0.2830
-------------------------------------
[Pr Epoch : 15/20]
Pr_Src_cls_loss	: 0.2673
-------------------------------------
[Pr Epoch : 16/20]
Pr_Src_cls_loss	: 0.2534
-------------------------------------
[Pr Epoch : 17/20]
Pr_Src_cls_loss	: 0.2409
-------------------------------------
[Pr Epoch : 18/20]
Pr_Src_cls_loss	: 0.2295
-------------------------------------
[Pr Epoch : 19/20]
Pr_Src_cls_loss	: 0.2192
-------------------------------------
[Pr Epoch : 20/20]
Pr_Src_cls_loss	: 0.2097
-------------------------------------
[Epoch : 1/20]
Pr_Src_cls_loss	: 0.2097
Total_loss	: 1.4048
Open Loss	: 0.6845
Src_cls_loss	: 0.0278
Entropy Open	: 0.6925
-------------------------------------
[Epoch : 2/20]
Pr_Src_cls_loss	: 0.2097
Total_loss	: 1.3848
Open Loss	: 0.6643
Src_cls_loss	: 0.0286
Entropy Open	: 0.6920
-------------------------------------
[Epoch : 3/20]
Pr_Src_cls_loss	: 0.2097
Total_loss	: 1.3674
Open Loss	: 0.6470
Src_cls_loss	: 0.0292
Entropy Open	: 0.6912
-------------------------------------
[Epoch : 4/20]
Pr_Src_cls_loss	: 0.2097
Total_loss	: 1.3512
Open Loss	: 0.6314
Src_cls_loss	: 0.0296
Entropy Open	: 0.6902
-------------------------------------
[Epoch : 5/20]
Pr_Src_cls_loss	: 0.2097
Total_loss	: 1.3358
Open Loss	: 0.6171
Src_cls_loss	: 0.0298
Entropy Open	: 0.6889
-------------------------------------
[Epoch : 6/20]
Pr_Src_cls_loss	: 0.2097
Total_loss	: 1.3211
Open Loss	: 0.6038
Src_cls_loss	: 0.0298
Entropy Open	: 0.6874
-------------------------------------
[Epoch : 7/20]
Pr_Src_cls_loss	: 0.2097
Total_loss	: 1.3065
Open Loss	: 0.5912
Src_cls_loss	: 0.0296
Entropy Open	: 0.6857
-------------------------------------
[Epoch : 8/20]
Pr_Src_cls_loss	: 0.2097
Total_loss	: 1.2922
Open Loss	: 0.5791
Src_cls_loss	: 0.0295
Entropy Open	: 0.6836
-------------------------------------
[Epoch : 9/20]
Pr_Src_cls_loss	: 0.2097
Total_loss	: 1.2781
Open Loss	: 0.5675
Src_cls_loss	: 0.0292
Entropy Open	: 0.6814
-------------------------------------
[Epoch : 10/20]
Pr_Src_cls_loss	: 0.2097
Total_loss	: 1.2642
Open Loss	: 0.5564
Src_cls_loss	: 0.0290
Entropy Open	: 0.6789
-------------------------------------
[Epoch : 11/20]
Pr_Src_cls_loss	: 0.2097
Total_loss	: 1.2503
Open Loss	: 0.5456
Src_cls_loss	: 0.0287
Entropy Open	: 0.6760
-------------------------------------
[Epoch : 12/20]
Pr_Src_cls_loss	: 0.2097
Total_loss	: 1.2364
Open Loss	: 0.5351
Src_cls_loss	: 0.0284
Entropy Open	: 0.6729
-------------------------------------
[Epoch : 13/20]
Pr_Src_cls_loss	: 0.2097
Total_loss	: 1.2224
Open Loss	: 0.5248
Src_cls_loss	: 0.0281
Entropy Open	: 0.6696
-------------------------------------
[Epoch : 14/20]
Pr_Src_cls_loss	: 0.2097
Total_loss	: 1.2085
Open Loss	: 0.5149
Src_cls_loss	: 0.0278
Entropy Open	: 0.6659
-------------------------------------
[Epoch : 15/20]
Pr_Src_cls_loss	: 0.2097
Total_loss	: 1.1946
Open Loss	: 0.5052
Src_cls_loss	: 0.0274
Entropy Open	: 0.6620
-------------------------------------
[Epoch : 16/20]
Pr_Src_cls_loss	: 0.2097
Total_loss	: 1.1806
Open Loss	: 0.4958
Src_cls_loss	: 0.0271
Entropy Open	: 0.6577
-------------------------------------
[Epoch : 17/20]
Pr_Src_cls_loss	: 0.2097
Total_loss	: 1.1666
Open Loss	: 0.4867
Src_cls_loss	: 0.0268
Entropy Open	: 0.6532
-------------------------------------
[Epoch : 18/20]
Pr_Src_cls_loss	: 0.2097
Total_loss	: 1.1527
Open Loss	: 0.4778
Src_cls_loss	: 0.0265
Entropy Open	: 0.6484
-------------------------------------
[Epoch : 19/20]
Pr_Src_cls_loss	: 0.2097
Total_loss	: 1.1386
Open Loss	: 0.4692
Src_cls_loss	: 0.0262
Entropy Open	: 0.6433
-------------------------------------
[Epoch : 20/20]
Pr_Src_cls_loss	: 0.2097
Total_loss	: 1.1245
Open Loss	: 0.4608
Src_cls_loss	: 0.0258
Entropy Open	: 0.6379
-------------------------------------
H_score: 0.0000, OS* (acc_c): 0.5784, UNK (acc_p): 0.0000, acc_mix: 0.5784, F1: 0.5124
Uploading logs from: /mnt/data/home/tp2474/OpenSet-AdaTime/experiments_logs/Pamap2 to RealWorld_closed_set/OVANet_closed_set/Pamap2_to_RealWorld_run_3
🏃 View run OVANet_run_3 at: http://127.0.0.1:5001/#/experiments/235622674570859121/runs/dfd4e9a2225b42f1ad83691ae49ac0b9
🧪 View experiment at: http://127.0.0.1:5001/#/experiments/235622674570859121
=============================================
Dataset: Pamap2 to RealWorld_closed_set
Method:  OVANet
=============================================
Source: Pamap2 ---> Target: RealWorld
Run ID: 4
=============================================
[Pr Epoch : 1/20]
Pr_Src_cls_loss	: 1.0819
-------------------------------------
[Pr Epoch : 2/20]
Pr_Src_cls_loss	: 0.9156
-------------------------------------
[Pr Epoch : 3/20]
Pr_Src_cls_loss	: 0.7824
-------------------------------------
[Pr Epoch : 4/20]
Pr_Src_cls_loss	: 0.6787
-------------------------------------
[Pr Epoch : 5/20]
Pr_Src_cls_loss	: 0.5968
-------------------------------------
[Pr Epoch : 6/20]
Pr_Src_cls_loss	: 0.5322
-------------------------------------
[Pr Epoch : 7/20]
Pr_Src_cls_loss	: 0.4791
-------------------------------------
[Pr Epoch : 8/20]
Pr_Src_cls_loss	: 0.4357
-------------------------------------
[Pr Epoch : 9/20]
Pr_Src_cls_loss	: 0.3991
-------------------------------------
[Pr Epoch : 10/20]
Pr_Src_cls_loss	: 0.3680
-------------------------------------
[Pr Epoch : 11/20]
Pr_Src_cls_loss	: 0.3415
-------------------------------------
[Pr Epoch : 12/20]
Pr_Src_cls_loss	: 0.3186
-------------------------------------
[Pr Epoch : 13/20]
Pr_Src_cls_loss	: 0.2986
-------------------------------------
[Pr Epoch : 14/20]
Pr_Src_cls_loss	: 0.2811
-------------------------------------
[Pr Epoch : 15/20]
Pr_Src_cls_loss	: 0.2655
-------------------------------------
[Pr Epoch : 16/20]
Pr_Src_cls_loss	: 0.2514
-------------------------------------
[Pr Epoch : 17/20]
Pr_Src_cls_loss	: 0.2387
-------------------------------------
[Pr Epoch : 18/20]
Pr_Src_cls_loss	: 0.2272
-------------------------------------
[Pr Epoch : 19/20]
Pr_Src_cls_loss	: 0.2168
-------------------------------------
[Pr Epoch : 20/20]
Pr_Src_cls_loss	: 0.2075
-------------------------------------
[Epoch : 1/20]
Pr_Src_cls_loss	: 0.2075
Total_loss	: 1.3911
Open Loss	: 0.6730
Src_cls_loss	: 0.0256
Entropy Open	: 0.6925
-------------------------------------
[Epoch : 2/20]
Pr_Src_cls_loss	: 0.2075
Total_loss	: 1.3741
Open Loss	: 0.6550
Src_cls_loss	: 0.0268
Entropy Open	: 0.6923
-------------------------------------
[Epoch : 3/20]
Pr_Src_cls_loss	: 0.2075
Total_loss	: 1.3583
Open Loss	: 0.6389
Src_cls_loss	: 0.0276
Entropy Open	: 0.6918
-------------------------------------
[Epoch : 4/20]
Pr_Src_cls_loss	: 0.2075
Total_loss	: 1.3431
Open Loss	: 0.6242
Src_cls_loss	: 0.0277
Entropy Open	: 0.6912
-------------------------------------
[Epoch : 5/20]
Pr_Src_cls_loss	: 0.2075
Total_loss	: 1.3285
Open Loss	: 0.6105
Src_cls_loss	: 0.0277
Entropy Open	: 0.6903
-------------------------------------
[Epoch : 6/20]
Pr_Src_cls_loss	: 0.2075
Total_loss	: 1.3143
Open Loss	: 0.5974
Src_cls_loss	: 0.0277
Entropy Open	: 0.6892
-------------------------------------
[Epoch : 7/20]
Pr_Src_cls_loss	: 0.2075
Total_loss	: 1.3004
Open Loss	: 0.5850
Src_cls_loss	: 0.0276
Entropy Open	: 0.6878
-------------------------------------
[Epoch : 8/20]
Pr_Src_cls_loss	: 0.2075
Total_loss	: 1.2866
Open Loss	: 0.5730
Src_cls_loss	: 0.0275
Entropy Open	: 0.6861
-------------------------------------
[Epoch : 9/20]
Pr_Src_cls_loss	: 0.2075
Total_loss	: 1.2728
Open Loss	: 0.5613
Src_cls_loss	: 0.0272
Entropy Open	: 0.6842
-------------------------------------
[Epoch : 10/20]
Pr_Src_cls_loss	: 0.2075
Total_loss	: 1.2591
Open Loss	: 0.5500
Src_cls_loss	: 0.0270
Entropy Open	: 0.6821
-------------------------------------
[Epoch : 11/20]
Pr_Src_cls_loss	: 0.2075
Total_loss	: 1.2456
Open Loss	: 0.5391
Src_cls_loss	: 0.0268
Entropy Open	: 0.6797
-------------------------------------
[Epoch : 12/20]
Pr_Src_cls_loss	: 0.2075
Total_loss	: 1.2321
Open Loss	: 0.5286
Src_cls_loss	: 0.0265
Entropy Open	: 0.6770
-------------------------------------
[Epoch : 13/20]
Pr_Src_cls_loss	: 0.2075
Total_loss	: 1.2185
Open Loss	: 0.5182
Src_cls_loss	: 0.0262
Entropy Open	: 0.6741
-------------------------------------
[Epoch : 14/20]
Pr_Src_cls_loss	: 0.2075
Total_loss	: 1.2050
Open Loss	: 0.5081
Src_cls_loss	: 0.0259
Entropy Open	: 0.6710
-------------------------------------
[Epoch : 15/20]
Pr_Src_cls_loss	: 0.2075
Total_loss	: 1.1915
Open Loss	: 0.4983
Src_cls_loss	: 0.0255
Entropy Open	: 0.6677
-------------------------------------
[Epoch : 16/20]
Pr_Src_cls_loss	: 0.2075
Total_loss	: 1.1780
Open Loss	: 0.4887
Src_cls_loss	: 0.0252
Entropy Open	: 0.6641
-------------------------------------
[Epoch : 17/20]
Pr_Src_cls_loss	: 0.2075
Total_loss	: 1.1645
Open Loss	: 0.4794
Src_cls_loss	: 0.0249
Entropy Open	: 0.6603
-------------------------------------
[Epoch : 18/20]
Pr_Src_cls_loss	: 0.2075
Total_loss	: 1.1511
Open Loss	: 0.4703
Src_cls_loss	: 0.0245
Entropy Open	: 0.6562
-------------------------------------
[Epoch : 19/20]
Pr_Src_cls_loss	: 0.2075
Total_loss	: 1.1376
Open Loss	: 0.4614
Src_cls_loss	: 0.0242
Entropy Open	: 0.6520
-------------------------------------
[Epoch : 20/20]
Pr_Src_cls_loss	: 0.2075
Total_loss	: 1.1243
Open Loss	: 0.4528
Src_cls_loss	: 0.0239
Entropy Open	: 0.6476
-------------------------------------
H_score: 0.0000, OS* (acc_c): 0.7781, UNK (acc_p): 0.0000, acc_mix: 0.7781, F1: 0.7831
Uploading logs from: /mnt/data/home/tp2474/OpenSet-AdaTime/experiments_logs/Pamap2 to RealWorld_closed_set/OVANet_closed_set/Pamap2_to_RealWorld_run_4
🏃 View run OVANet_run_4 at: http://127.0.0.1:5001/#/experiments/235622674570859121/runs/a7943f6509864a38be478236c6078fdc
🧪 View experiment at: http://127.0.0.1:5001/#/experiments/235622674570859121
Running: Source=Pamap2 -> Target=mhealth
[scenario] OVANet -> UniDA (uniDA=True)
Unlabeled data shape:  (1620, 150, 18)
Unlabelled Combined shape: (2786, 150, 18)

--- Dataloader Size Check ---
Source Train batches:   51
Target Train batches:   25
-------------------------------

Private classes:  tensor([])
=============================================
Dataset: Pamap2 to mhealth_closed_set
Method:  OVANet
=============================================
Source: Pamap2 ---> Target: mhealth
Run ID: 0
=============================================
[Pr Epoch : 1/20]
Pr_Src_cls_loss	: 1.0688
-------------------------------------
[Pr Epoch : 2/20]
Pr_Src_cls_loss	: 0.9053
-------------------------------------
[Pr Epoch : 3/20]
Pr_Src_cls_loss	: 0.7748
-------------------------------------
[Pr Epoch : 4/20]
Pr_Src_cls_loss	: 0.6731
-------------------------------------
[Pr Epoch : 5/20]
Pr_Src_cls_loss	: 0.5928
-------------------------------------
[Pr Epoch : 6/20]
Pr_Src_cls_loss	: 0.5282
-------------------------------------
[Pr Epoch : 7/20]
Pr_Src_cls_loss	: 0.4762
-------------------------------------
[Pr Epoch : 8/20]
Pr_Src_cls_loss	: 0.4331
-------------------------------------
[Pr Epoch : 9/20]
Pr_Src_cls_loss	: 0.3970
-------------------------------------
[Pr Epoch : 10/20]
Pr_Src_cls_loss	: 0.3668
-------------------------------------
[Pr Epoch : 11/20]
Pr_Src_cls_loss	: 0.3404
-------------------------------------
[Pr Epoch : 12/20]
Pr_Src_cls_loss	: 0.3177
-------------------------------------
[Pr Epoch : 13/20]
Pr_Src_cls_loss	: 0.2979
-------------------------------------
[Pr Epoch : 14/20]
Pr_Src_cls_loss	: 0.2805
-------------------------------------
[Pr Epoch : 15/20]
Pr_Src_cls_loss	: 0.2650
-------------------------------------
[Pr Epoch : 16/20]
Pr_Src_cls_loss	: 0.2510
-------------------------------------
[Pr Epoch : 17/20]
Pr_Src_cls_loss	: 0.2386
-------------------------------------
[Pr Epoch : 18/20]
Pr_Src_cls_loss	: 0.2274
-------------------------------------
[Pr Epoch : 19/20]
Pr_Src_cls_loss	: 0.2171
-------------------------------------
[Pr Epoch : 20/20]
Pr_Src_cls_loss	: 0.2078
-------------------------------------
[Epoch : 1/20]
Pr_Src_cls_loss	: 0.2078
Total_loss	: 1.4254
Open Loss	: 0.7068
Src_cls_loss	: 0.0270
Entropy Open	: 0.6916
-------------------------------------
[Epoch : 2/20]
Pr_Src_cls_loss	: 0.2078
Total_loss	: 1.4054
Open Loss	: 0.6863
Src_cls_loss	: 0.0276
Entropy Open	: 0.6914
-------------------------------------
[Epoch : 3/20]
Pr_Src_cls_loss	: 0.2078
Total_loss	: 1.3873
Open Loss	: 0.6680
Src_cls_loss	: 0.0281
Entropy Open	: 0.6911
-------------------------------------
[Epoch : 4/20]
Pr_Src_cls_loss	: 0.2078
Total_loss	: 1.3707
Open Loss	: 0.6516
Src_cls_loss	: 0.0286
Entropy Open	: 0.6905
-------------------------------------
[Epoch : 5/20]
Pr_Src_cls_loss	: 0.2078
Total_loss	: 1.3550
Open Loss	: 0.6365
Src_cls_loss	: 0.0290
Entropy Open	: 0.6895
-------------------------------------
[Epoch : 6/20]
Pr_Src_cls_loss	: 0.2078
Total_loss	: 1.3393
Open Loss	: 0.6223
Src_cls_loss	: 0.0288
Entropy Open	: 0.6881
-------------------------------------
[Epoch : 7/20]
Pr_Src_cls_loss	: 0.2078
Total_loss	: 1.3240
Open Loss	: 0.6089
Src_cls_loss	: 0.0287
Entropy Open	: 0.6864
-------------------------------------
[Epoch : 8/20]
Pr_Src_cls_loss	: 0.2078
Total_loss	: 1.3087
Open Loss	: 0.5961
Src_cls_loss	: 0.0285
Entropy Open	: 0.6841
-------------------------------------
[Epoch : 9/20]
Pr_Src_cls_loss	: 0.2078
Total_loss	: 1.2934
Open Loss	: 0.5838
Src_cls_loss	: 0.0282
Entropy Open	: 0.6814
-------------------------------------
[Epoch : 10/20]
Pr_Src_cls_loss	: 0.2078
Total_loss	: 1.2780
Open Loss	: 0.5719
Src_cls_loss	: 0.0279
Entropy Open	: 0.6782
-------------------------------------
[Epoch : 11/20]
Pr_Src_cls_loss	: 0.2078
Total_loss	: 1.2627
Open Loss	: 0.5605
Src_cls_loss	: 0.0276
Entropy Open	: 0.6746
-------------------------------------
[Epoch : 12/20]
Pr_Src_cls_loss	: 0.2078
Total_loss	: 1.2473
Open Loss	: 0.5495
Src_cls_loss	: 0.0273
Entropy Open	: 0.6704
-------------------------------------
[Epoch : 13/20]
Pr_Src_cls_loss	: 0.2078
Total_loss	: 1.2315
Open Loss	: 0.5388
Src_cls_loss	: 0.0270
Entropy Open	: 0.6657
-------------------------------------
[Epoch : 14/20]
Pr_Src_cls_loss	: 0.2078
Total_loss	: 1.2155
Open Loss	: 0.5284
Src_cls_loss	: 0.0266
Entropy Open	: 0.6604
-------------------------------------
[Epoch : 15/20]
Pr_Src_cls_loss	: 0.2078
Total_loss	: 1.1992
Open Loss	: 0.5183
Src_cls_loss	: 0.0263
Entropy Open	: 0.6547
-------------------------------------
[Epoch : 16/20]
Pr_Src_cls_loss	: 0.2078
Total_loss	: 1.1829
Open Loss	: 0.5084
Src_cls_loss	: 0.0259
Entropy Open	: 0.6486
-------------------------------------
[Epoch : 17/20]
Pr_Src_cls_loss	: 0.2078
Total_loss	: 1.1666
Open Loss	: 0.4989
Src_cls_loss	: 0.0255
Entropy Open	: 0.6422
-------------------------------------
[Epoch : 18/20]
Pr_Src_cls_loss	: 0.2078
Total_loss	: 1.1503
Open Loss	: 0.4896
Src_cls_loss	: 0.0252
Entropy Open	: 0.6355
-------------------------------------
[Epoch : 19/20]
Pr_Src_cls_loss	: 0.2078
Total_loss	: 1.1342
Open Loss	: 0.4806
Src_cls_loss	: 0.0249
Entropy Open	: 0.6286
-------------------------------------
[Epoch : 20/20]
Pr_Src_cls_loss	: 0.2078
Total_loss	: 1.1180
Open Loss	: 0.4718
Src_cls_loss	: 0.0246
Entropy Open	: 0.6216
-------------------------------------
/mnt/data/home/tp2474/OpenSet-AdaTime/algorithms/algorithms.py:661: UserWarning: Implicit dimension choice for softmax has been deprecated. Change the call to include dim=X as an argument.
  predictions = F.softmax(self.classifier(features))
/mnt/data/home/tp2474/OpenSet-AdaTime/trainers/abstract_trainer.py:331: FutureWarning: The behavior of DataFrame concatenation with empty or all-NA entries is deprecated. In a future version, this will no longer exclude empty or all-NA columns when determining the result dtypes. To retain the old behavior, exclude the relevant entries before the concat operation.
  table = pd.concat([table, results_df], ignore_index=True)
H_score: 0.0000, OS* (acc_c): 0.2778, UNK (acc_p): 0.0000, acc_mix: 0.2778, F1: 0.1722
Uploading logs from: /mnt/data/home/tp2474/OpenSet-AdaTime/experiments_logs/Pamap2 to mhealth_closed_set/OVANet_closed_set/Pamap2_to_mhealth_run_0
🏃 View run OVANet_run_0 at: http://127.0.0.1:5001/#/experiments/297438354379357924/runs/88f231fa888d421f966251b1f029da62
🧪 View experiment at: http://127.0.0.1:5001/#/experiments/297438354379357924
=============================================
Dataset: Pamap2 to mhealth_closed_set
Method:  OVANet
=============================================
Source: Pamap2 ---> Target: mhealth
Run ID: 1
=============================================
[Pr Epoch : 1/20]
Pr_Src_cls_loss	: 1.0966
-------------------------------------
[Pr Epoch : 2/20]
Pr_Src_cls_loss	: 0.9284
-------------------------------------
[Pr Epoch : 3/20]
Pr_Src_cls_loss	: 0.7928
-------------------------------------
[Pr Epoch : 4/20]
Pr_Src_cls_loss	: 0.6863
-------------------------------------
[Pr Epoch : 5/20]
Pr_Src_cls_loss	: 0.6029
-------------------------------------
[Pr Epoch : 6/20]
Pr_Src_cls_loss	: 0.5367
-------------------------------------
[Pr Epoch : 7/20]
Pr_Src_cls_loss	: 0.4828
-------------------------------------
[Pr Epoch : 8/20]
Pr_Src_cls_loss	: 0.4387
-------------------------------------
[Pr Epoch : 9/20]
Pr_Src_cls_loss	: 0.4017
-------------------------------------
[Pr Epoch : 10/20]
Pr_Src_cls_loss	: 0.3707
-------------------------------------
[Pr Epoch : 11/20]
Pr_Src_cls_loss	: 0.3442
-------------------------------------
[Pr Epoch : 12/20]
Pr_Src_cls_loss	: 0.3210
-------------------------------------
[Pr Epoch : 13/20]
Pr_Src_cls_loss	: 0.3007
-------------------------------------
[Pr Epoch : 14/20]
Pr_Src_cls_loss	: 0.2829
-------------------------------------
[Pr Epoch : 15/20]
Pr_Src_cls_loss	: 0.2675
-------------------------------------
[Pr Epoch : 16/20]
Pr_Src_cls_loss	: 0.2534
-------------------------------------
[Pr Epoch : 17/20]
Pr_Src_cls_loss	: 0.2407
-------------------------------------
[Pr Epoch : 18/20]
Pr_Src_cls_loss	: 0.2293
-------------------------------------
[Pr Epoch : 19/20]
Pr_Src_cls_loss	: 0.2189
-------------------------------------
[Pr Epoch : 20/20]
Pr_Src_cls_loss	: 0.2094
-------------------------------------
[Epoch : 1/20]
Pr_Src_cls_loss	: 0.2094
Total_loss	: 1.4135
Open Loss	: 0.6953
Src_cls_loss	: 0.0256
Entropy Open	: 0.6926
-------------------------------------
[Epoch : 2/20]
Pr_Src_cls_loss	: 0.2094
Total_loss	: 1.3928
Open Loss	: 0.6727
Src_cls_loss	: 0.0277
Entropy Open	: 0.6924
-------------------------------------
[Epoch : 3/20]
Pr_Src_cls_loss	: 0.2094
Total_loss	: 1.3742
Open Loss	: 0.6532
Src_cls_loss	: 0.0291
Entropy Open	: 0.6919
-------------------------------------
[Epoch : 4/20]
Pr_Src_cls_loss	: 0.2094
Total_loss	: 1.3572
Open Loss	: 0.6362
Src_cls_loss	: 0.0300
Entropy Open	: 0.6910
-------------------------------------
[Epoch : 5/20]
Pr_Src_cls_loss	: 0.2094
Total_loss	: 1.3404
Open Loss	: 0.6207
Src_cls_loss	: 0.0303
Entropy Open	: 0.6895
-------------------------------------
[Epoch : 6/20]
Pr_Src_cls_loss	: 0.2094
Total_loss	: 1.3243
Open Loss	: 0.6063
Src_cls_loss	: 0.0304
Entropy Open	: 0.6876
-------------------------------------
[Epoch : 7/20]
Pr_Src_cls_loss	: 0.2094
Total_loss	: 1.3083
Open Loss	: 0.5928
Src_cls_loss	: 0.0304
Entropy Open	: 0.6851
-------------------------------------
[Epoch : 8/20]
Pr_Src_cls_loss	: 0.2094
Total_loss	: 1.2922
Open Loss	: 0.5800
Src_cls_loss	: 0.0302
Entropy Open	: 0.6820
-------------------------------------
[Epoch : 9/20]
Pr_Src_cls_loss	: 0.2094
Total_loss	: 1.2761
Open Loss	: 0.5676
Src_cls_loss	: 0.0300
Entropy Open	: 0.6786
-------------------------------------
[Epoch : 10/20]
Pr_Src_cls_loss	: 0.2094
Total_loss	: 1.2601
Open Loss	: 0.5557
Src_cls_loss	: 0.0297
Entropy Open	: 0.6747
-------------------------------------
[Epoch : 11/20]
Pr_Src_cls_loss	: 0.2094
Total_loss	: 1.2440
Open Loss	: 0.5443
Src_cls_loss	: 0.0295
Entropy Open	: 0.6703
-------------------------------------
[Epoch : 12/20]
Pr_Src_cls_loss	: 0.2094
Total_loss	: 1.2276
Open Loss	: 0.5332
Src_cls_loss	: 0.0292
Entropy Open	: 0.6653
-------------------------------------
[Epoch : 13/20]
Pr_Src_cls_loss	: 0.2094
Total_loss	: 1.2110
Open Loss	: 0.5226
Src_cls_loss	: 0.0288
Entropy Open	: 0.6596
-------------------------------------
[Epoch : 14/20]
Pr_Src_cls_loss	: 0.2094
Total_loss	: 1.1943
Open Loss	: 0.5123
Src_cls_loss	: 0.0286
Entropy Open	: 0.6535
-------------------------------------
[Epoch : 15/20]
Pr_Src_cls_loss	: 0.2094
Total_loss	: 1.1775
Open Loss	: 0.5022
Src_cls_loss	: 0.0282
Entropy Open	: 0.6471
-------------------------------------
[Epoch : 16/20]
Pr_Src_cls_loss	: 0.2094
Total_loss	: 1.1608
Open Loss	: 0.4925
Src_cls_loss	: 0.0279
Entropy Open	: 0.6404
-------------------------------------
[Epoch : 17/20]
Pr_Src_cls_loss	: 0.2094
Total_loss	: 1.1442
Open Loss	: 0.4832
Src_cls_loss	: 0.0275
Entropy Open	: 0.6335
-------------------------------------
[Epoch : 18/20]
Pr_Src_cls_loss	: 0.2094
Total_loss	: 1.1278
Open Loss	: 0.4742
Src_cls_loss	: 0.0272
Entropy Open	: 0.6264
-------------------------------------
[Epoch : 19/20]
Pr_Src_cls_loss	: 0.2094
Total_loss	: 1.1114
Open Loss	: 0.4654
Src_cls_loss	: 0.0269
Entropy Open	: 0.6191
-------------------------------------
[Epoch : 20/20]
Pr_Src_cls_loss	: 0.2094
Total_loss	: 1.0953
Open Loss	: 0.4569
Src_cls_loss	: 0.0266
Entropy Open	: 0.6118
-------------------------------------
H_score: 0.0000, OS* (acc_c): 0.3154, UNK (acc_p): 0.0000, acc_mix: 0.3154, F1: 0.2269
Uploading logs from: /mnt/data/home/tp2474/OpenSet-AdaTime/experiments_logs/Pamap2 to mhealth_closed_set/OVANet_closed_set/Pamap2_to_mhealth_run_1
🏃 View run OVANet_run_1 at: http://127.0.0.1:5001/#/experiments/297438354379357924/runs/071af93aa5b44013aaa44c2a602f58fa
🧪 View experiment at: http://127.0.0.1:5001/#/experiments/297438354379357924
=============================================
Dataset: Pamap2 to mhealth_closed_set
Method:  OVANet
=============================================
Source: Pamap2 ---> Target: mhealth
Run ID: 2
=============================================
[Pr Epoch : 1/20]
Pr_Src_cls_loss	: 1.0865
-------------------------------------
[Pr Epoch : 2/20]
Pr_Src_cls_loss	: 0.9195
-------------------------------------
[Pr Epoch : 3/20]
Pr_Src_cls_loss	: 0.7869
-------------------------------------
[Pr Epoch : 4/20]
Pr_Src_cls_loss	: 0.6836
-------------------------------------
[Pr Epoch : 5/20]
Pr_Src_cls_loss	: 0.6014
-------------------------------------
[Pr Epoch : 6/20]
Pr_Src_cls_loss	: 0.5354
-------------------------------------
[Pr Epoch : 7/20]
Pr_Src_cls_loss	: 0.4819
-------------------------------------
[Pr Epoch : 8/20]
Pr_Src_cls_loss	: 0.4384
-------------------------------------
[Pr Epoch : 9/20]
Pr_Src_cls_loss	: 0.4018
-------------------------------------
[Pr Epoch : 10/20]
Pr_Src_cls_loss	: 0.3706
-------------------------------------
[Pr Epoch : 11/20]
Pr_Src_cls_loss	: 0.3441
-------------------------------------
[Pr Epoch : 12/20]
Pr_Src_cls_loss	: 0.3209
-------------------------------------
[Pr Epoch : 13/20]
Pr_Src_cls_loss	: 0.3008
-------------------------------------
[Pr Epoch : 14/20]
Pr_Src_cls_loss	: 0.2831
-------------------------------------
[Pr Epoch : 15/20]
Pr_Src_cls_loss	: 0.2674
-------------------------------------
[Pr Epoch : 16/20]
Pr_Src_cls_loss	: 0.2533
-------------------------------------
[Pr Epoch : 17/20]
Pr_Src_cls_loss	: 0.2405
-------------------------------------
[Pr Epoch : 18/20]
Pr_Src_cls_loss	: 0.2290
-------------------------------------
[Pr Epoch : 19/20]
Pr_Src_cls_loss	: 0.2185
-------------------------------------
[Pr Epoch : 20/20]
Pr_Src_cls_loss	: 0.2090
-------------------------------------
[Epoch : 1/20]
Pr_Src_cls_loss	: 0.2090
Total_loss	: 1.4099
Open Loss	: 0.6916
Src_cls_loss	: 0.0258
Entropy Open	: 0.6924
-------------------------------------
[Epoch : 2/20]
Pr_Src_cls_loss	: 0.2090
Total_loss	: 1.3905
Open Loss	: 0.6700
Src_cls_loss	: 0.0285
Entropy Open	: 0.6920
-------------------------------------
[Epoch : 3/20]
Pr_Src_cls_loss	: 0.2090
Total_loss	: 1.3734
Open Loss	: 0.6520
Src_cls_loss	: 0.0301
Entropy Open	: 0.6912
-------------------------------------
[Epoch : 4/20]
Pr_Src_cls_loss	: 0.2090
Total_loss	: 1.3570
Open Loss	: 0.6361
Src_cls_loss	: 0.0308
Entropy Open	: 0.6901
-------------------------------------
[Epoch : 5/20]
Pr_Src_cls_loss	: 0.2090
Total_loss	: 1.3412
Open Loss	: 0.6213
Src_cls_loss	: 0.0312
Entropy Open	: 0.6886
-------------------------------------
[Epoch : 6/20]
Pr_Src_cls_loss	: 0.2090
Total_loss	: 1.3255
Open Loss	: 0.6075
Src_cls_loss	: 0.0313
Entropy Open	: 0.6867
-------------------------------------
[Epoch : 7/20]
Pr_Src_cls_loss	: 0.2090
Total_loss	: 1.3099
Open Loss	: 0.5943
Src_cls_loss	: 0.0313
Entropy Open	: 0.6843
-------------------------------------
[Epoch : 8/20]
Pr_Src_cls_loss	: 0.2090
Total_loss	: 1.2942
Open Loss	: 0.5817
Src_cls_loss	: 0.0311
Entropy Open	: 0.6814
-------------------------------------
[Epoch : 9/20]
Pr_Src_cls_loss	: 0.2090
Total_loss	: 1.2783
Open Loss	: 0.5695
Src_cls_loss	: 0.0308
Entropy Open	: 0.6780
-------------------------------------
[Epoch : 10/20]
Pr_Src_cls_loss	: 0.2090
Total_loss	: 1.2623
Open Loss	: 0.5577
Src_cls_loss	: 0.0306
Entropy Open	: 0.6740
-------------------------------------
[Epoch : 11/20]
Pr_Src_cls_loss	: 0.2090
Total_loss	: 1.2463
Open Loss	: 0.5464
Src_cls_loss	: 0.0303
Entropy Open	: 0.6696
-------------------------------------
[Epoch : 12/20]
Pr_Src_cls_loss	: 0.2090
Total_loss	: 1.2301
Open Loss	: 0.5353
Src_cls_loss	: 0.0300
Entropy Open	: 0.6648
-------------------------------------
[Epoch : 13/20]
Pr_Src_cls_loss	: 0.2090
Total_loss	: 1.2136
Open Loss	: 0.5246
Src_cls_loss	: 0.0297
Entropy Open	: 0.6593
-------------------------------------
[Epoch : 14/20]
Pr_Src_cls_loss	: 0.2090
Total_loss	: 1.1967
Open Loss	: 0.5142
Src_cls_loss	: 0.0293
Entropy Open	: 0.6532
-------------------------------------
[Epoch : 15/20]
Pr_Src_cls_loss	: 0.2090
Total_loss	: 1.1796
Open Loss	: 0.5041
Src_cls_loss	: 0.0290
Entropy Open	: 0.6465
-------------------------------------
[Epoch : 16/20]
Pr_Src_cls_loss	: 0.2090
Total_loss	: 1.1625
Open Loss	: 0.4943
Src_cls_loss	: 0.0286
Entropy Open	: 0.6396
-------------------------------------
[Epoch : 17/20]
Pr_Src_cls_loss	: 0.2090
Total_loss	: 1.1454
Open Loss	: 0.4847
Src_cls_loss	: 0.0283
Entropy Open	: 0.6324
-------------------------------------
[Epoch : 18/20]
Pr_Src_cls_loss	: 0.2090
Total_loss	: 1.1283
Open Loss	: 0.4755
Src_cls_loss	: 0.0279
Entropy Open	: 0.6249
-------------------------------------
[Epoch : 19/20]
Pr_Src_cls_loss	: 0.2090
Total_loss	: 1.1115
Open Loss	: 0.4665
Src_cls_loss	: 0.0276
Entropy Open	: 0.6174
-------------------------------------
[Epoch : 20/20]
Pr_Src_cls_loss	: 0.2090
Total_loss	: 1.0948
Open Loss	: 0.4578
Src_cls_loss	: 0.0273
Entropy Open	: 0.6098
-------------------------------------
H_score: 0.0000, OS* (acc_c): 0.2778, UNK (acc_p): 0.0000, acc_mix: 0.2778, F1: 0.1722
Uploading logs from: /mnt/data/home/tp2474/OpenSet-AdaTime/experiments_logs/Pamap2 to mhealth_closed_set/OVANet_closed_set/Pamap2_to_mhealth_run_2
🏃 View run OVANet_run_2 at: http://127.0.0.1:5001/#/experiments/297438354379357924/runs/171c7aa73dbb421f878a3a350672d65b
🧪 View experiment at: http://127.0.0.1:5001/#/experiments/297438354379357924
=============================================
Dataset: Pamap2 to mhealth_closed_set
Method:  OVANet
=============================================
Source: Pamap2 ---> Target: mhealth
Run ID: 3
=============================================
[Pr Epoch : 1/20]
Pr_Src_cls_loss	: 1.0746
-------------------------------------
[Pr Epoch : 2/20]
Pr_Src_cls_loss	: 0.9118
-------------------------------------
[Pr Epoch : 3/20]
Pr_Src_cls_loss	: 0.7822
-------------------------------------
[Pr Epoch : 4/20]
Pr_Src_cls_loss	: 0.6795
-------------------------------------
[Pr Epoch : 5/20]
Pr_Src_cls_loss	: 0.5987
-------------------------------------
[Pr Epoch : 6/20]
Pr_Src_cls_loss	: 0.5341
-------------------------------------
[Pr Epoch : 7/20]
Pr_Src_cls_loss	: 0.4816
-------------------------------------
[Pr Epoch : 8/20]
Pr_Src_cls_loss	: 0.4381
-------------------------------------
[Pr Epoch : 9/20]
Pr_Src_cls_loss	: 0.4018
-------------------------------------
[Pr Epoch : 10/20]
Pr_Src_cls_loss	: 0.3707
-------------------------------------
[Pr Epoch : 11/20]
Pr_Src_cls_loss	: 0.3439
-------------------------------------
[Pr Epoch : 12/20]
Pr_Src_cls_loss	: 0.3208
-------------------------------------
[Pr Epoch : 13/20]
Pr_Src_cls_loss	: 0.3007
-------------------------------------
[Pr Epoch : 14/20]
Pr_Src_cls_loss	: 0.2830
-------------------------------------
[Pr Epoch : 15/20]
Pr_Src_cls_loss	: 0.2673
-------------------------------------
[Pr Epoch : 16/20]
Pr_Src_cls_loss	: 0.2534
-------------------------------------
[Pr Epoch : 17/20]
Pr_Src_cls_loss	: 0.2409
-------------------------------------
[Pr Epoch : 18/20]
Pr_Src_cls_loss	: 0.2295
-------------------------------------
[Pr Epoch : 19/20]
Pr_Src_cls_loss	: 0.2192
-------------------------------------
[Pr Epoch : 20/20]
Pr_Src_cls_loss	: 0.2097
-------------------------------------
[Epoch : 1/20]
Pr_Src_cls_loss	: 0.2097
Total_loss	: 1.4048
Open Loss	: 0.6845
Src_cls_loss	: 0.0278
Entropy Open	: 0.6925
-------------------------------------
[Epoch : 2/20]
Pr_Src_cls_loss	: 0.2097
Total_loss	: 1.3849
Open Loss	: 0.6644
Src_cls_loss	: 0.0285
Entropy Open	: 0.6919
-------------------------------------
[Epoch : 3/20]
Pr_Src_cls_loss	: 0.2097
Total_loss	: 1.3674
Open Loss	: 0.6472
Src_cls_loss	: 0.0291
Entropy Open	: 0.6911
-------------------------------------
[Epoch : 4/20]
Pr_Src_cls_loss	: 0.2097
Total_loss	: 1.3509
Open Loss	: 0.6317
Src_cls_loss	: 0.0295
Entropy Open	: 0.6897
-------------------------------------
[Epoch : 5/20]
Pr_Src_cls_loss	: 0.2097
Total_loss	: 1.3350
Open Loss	: 0.6174
Src_cls_loss	: 0.0296
Entropy Open	: 0.6879
-------------------------------------
[Epoch : 6/20]
Pr_Src_cls_loss	: 0.2097
Total_loss	: 1.3195
Open Loss	: 0.6041
Src_cls_loss	: 0.0297
Entropy Open	: 0.6857
-------------------------------------
[Epoch : 7/20]
Pr_Src_cls_loss	: 0.2097
Total_loss	: 1.3040
Open Loss	: 0.5914
Src_cls_loss	: 0.0295
Entropy Open	: 0.6831
-------------------------------------
[Epoch : 8/20]
Pr_Src_cls_loss	: 0.2097
Total_loss	: 1.2885
Open Loss	: 0.5792
Src_cls_loss	: 0.0293
Entropy Open	: 0.6800
-------------------------------------
[Epoch : 9/20]
Pr_Src_cls_loss	: 0.2097
Total_loss	: 1.2730
Open Loss	: 0.5675
Src_cls_loss	: 0.0292
Entropy Open	: 0.6763
-------------------------------------
[Epoch : 10/20]
Pr_Src_cls_loss	: 0.2097
Total_loss	: 1.2571
Open Loss	: 0.5562
Src_cls_loss	: 0.0290
Entropy Open	: 0.6720
-------------------------------------
[Epoch : 11/20]
Pr_Src_cls_loss	: 0.2097
Total_loss	: 1.2410
Open Loss	: 0.5451
Src_cls_loss	: 0.0287
Entropy Open	: 0.6671
-------------------------------------
[Epoch : 12/20]
Pr_Src_cls_loss	: 0.2097
Total_loss	: 1.2245
Open Loss	: 0.5344
Src_cls_loss	: 0.0285
Entropy Open	: 0.6616
-------------------------------------
[Epoch : 13/20]
Pr_Src_cls_loss	: 0.2097
Total_loss	: 1.2078
Open Loss	: 0.5239
Src_cls_loss	: 0.0282
Entropy Open	: 0.6556
-------------------------------------
[Epoch : 14/20]
Pr_Src_cls_loss	: 0.2097
Total_loss	: 1.1910
Open Loss	: 0.5138
Src_cls_loss	: 0.0279
Entropy Open	: 0.6492
-------------------------------------
[Epoch : 15/20]
Pr_Src_cls_loss	: 0.2097
Total_loss	: 1.1742
Open Loss	: 0.5040
Src_cls_loss	: 0.0276
Entropy Open	: 0.6425
-------------------------------------
[Epoch : 16/20]
Pr_Src_cls_loss	: 0.2097
Total_loss	: 1.1574
Open Loss	: 0.4945
Src_cls_loss	: 0.0273
Entropy Open	: 0.6356
-------------------------------------
[Epoch : 17/20]
Pr_Src_cls_loss	: 0.2097
Total_loss	: 1.1407
Open Loss	: 0.4852
Src_cls_loss	: 0.0271
Entropy Open	: 0.6284
-------------------------------------
[Epoch : 18/20]
Pr_Src_cls_loss	: 0.2097
Total_loss	: 1.1241
Open Loss	: 0.4763
Src_cls_loss	: 0.0268
Entropy Open	: 0.6210
-------------------------------------
[Epoch : 19/20]
Pr_Src_cls_loss	: 0.2097
Total_loss	: 1.1077
Open Loss	: 0.4676
Src_cls_loss	: 0.0265
Entropy Open	: 0.6135
-------------------------------------
[Epoch : 20/20]
Pr_Src_cls_loss	: 0.2097
Total_loss	: 1.0913
Open Loss	: 0.4592
Src_cls_loss	: 0.0262
Entropy Open	: 0.6060
-------------------------------------
H_score: 0.0000, OS* (acc_c): 0.2543, UNK (acc_p): 0.0000, acc_mix: 0.2543, F1: 0.1298
Uploading logs from: /mnt/data/home/tp2474/OpenSet-AdaTime/experiments_logs/Pamap2 to mhealth_closed_set/OVANet_closed_set/Pamap2_to_mhealth_run_3
🏃 View run OVANet_run_3 at: http://127.0.0.1:5001/#/experiments/297438354379357924/runs/a788ff543b99444c965ea07940555087
🧪 View experiment at: http://127.0.0.1:5001/#/experiments/297438354379357924
=============================================
Dataset: Pamap2 to mhealth_closed_set
Method:  OVANet
=============================================
Source: Pamap2 ---> Target: mhealth
Run ID: 4
=============================================
[Pr Epoch : 1/20]
Pr_Src_cls_loss	: 1.0819
-------------------------------------
[Pr Epoch : 2/20]
Pr_Src_cls_loss	: 0.9156
-------------------------------------
[Pr Epoch : 3/20]
Pr_Src_cls_loss	: 0.7824
-------------------------------------
[Pr Epoch : 4/20]
Pr_Src_cls_loss	: 0.6787
-------------------------------------
[Pr Epoch : 5/20]
Pr_Src_cls_loss	: 0.5968
-------------------------------------
[Pr Epoch : 6/20]
Pr_Src_cls_loss	: 0.5322
-------------------------------------
[Pr Epoch : 7/20]
Pr_Src_cls_loss	: 0.4791
-------------------------------------
[Pr Epoch : 8/20]
Pr_Src_cls_loss	: 0.4357
-------------------------------------
[Pr Epoch : 9/20]
Pr_Src_cls_loss	: 0.3991
-------------------------------------
[Pr Epoch : 10/20]
Pr_Src_cls_loss	: 0.3680
-------------------------------------
[Pr Epoch : 11/20]
Pr_Src_cls_loss	: 0.3415
-------------------------------------
[Pr Epoch : 12/20]
Pr_Src_cls_loss	: 0.3186
-------------------------------------
[Pr Epoch : 13/20]
Pr_Src_cls_loss	: 0.2986
-------------------------------------
[Pr Epoch : 14/20]
Pr_Src_cls_loss	: 0.2811
-------------------------------------
[Pr Epoch : 15/20]
Pr_Src_cls_loss	: 0.2655
-------------------------------------
[Pr Epoch : 16/20]
Pr_Src_cls_loss	: 0.2514
-------------------------------------
[Pr Epoch : 17/20]
Pr_Src_cls_loss	: 0.2387
-------------------------------------
[Pr Epoch : 18/20]
Pr_Src_cls_loss	: 0.2272
-------------------------------------
[Pr Epoch : 19/20]
Pr_Src_cls_loss	: 0.2168
-------------------------------------
[Pr Epoch : 20/20]
Pr_Src_cls_loss	: 0.2075
-------------------------------------
[Epoch : 1/20]
Pr_Src_cls_loss	: 0.2075
Total_loss	: 1.3911
Open Loss	: 0.6731
Src_cls_loss	: 0.0256
Entropy Open	: 0.6925
-------------------------------------
[Epoch : 2/20]
Pr_Src_cls_loss	: 0.2075
Total_loss	: 1.3742
Open Loss	: 0.6551
Src_cls_loss	: 0.0268
Entropy Open	: 0.6923
-------------------------------------
[Epoch : 3/20]
Pr_Src_cls_loss	: 0.2075
Total_loss	: 1.3586
Open Loss	: 0.6392
Src_cls_loss	: 0.0275
Entropy Open	: 0.6919
-------------------------------------
[Epoch : 4/20]
Pr_Src_cls_loss	: 0.2075
Total_loss	: 1.3436
Open Loss	: 0.6246
Src_cls_loss	: 0.0276
Entropy Open	: 0.6913
-------------------------------------
[Epoch : 5/20]
Pr_Src_cls_loss	: 0.2075
Total_loss	: 1.3292
Open Loss	: 0.6110
Src_cls_loss	: 0.0277
Entropy Open	: 0.6905
-------------------------------------
[Epoch : 6/20]
Pr_Src_cls_loss	: 0.2075
Total_loss	: 1.3152
Open Loss	: 0.5980
Src_cls_loss	: 0.0277
Entropy Open	: 0.6894
-------------------------------------
[Epoch : 7/20]
Pr_Src_cls_loss	: 0.2075
Total_loss	: 1.3012
Open Loss	: 0.5857
Src_cls_loss	: 0.0276
Entropy Open	: 0.6879
-------------------------------------
[Epoch : 8/20]
Pr_Src_cls_loss	: 0.2075
Total_loss	: 1.2872
Open Loss	: 0.5737
Src_cls_loss	: 0.0274
Entropy Open	: 0.6861
-------------------------------------
[Epoch : 9/20]
Pr_Src_cls_loss	: 0.2075
Total_loss	: 1.2731
Open Loss	: 0.5621
Src_cls_loss	: 0.0271
Entropy Open	: 0.6839
-------------------------------------
[Epoch : 10/20]
Pr_Src_cls_loss	: 0.2075
Total_loss	: 1.2590
Open Loss	: 0.5508
Src_cls_loss	: 0.0268
Entropy Open	: 0.6814
-------------------------------------
[Epoch : 11/20]
Pr_Src_cls_loss	: 0.2075
Total_loss	: 1.2451
Open Loss	: 0.5398
Src_cls_loss	: 0.0266
Entropy Open	: 0.6786
-------------------------------------
[Epoch : 12/20]
Pr_Src_cls_loss	: 0.2075
Total_loss	: 1.2311
Open Loss	: 0.5292
Src_cls_loss	: 0.0263
Entropy Open	: 0.6756
-------------------------------------
[Epoch : 13/20]
Pr_Src_cls_loss	: 0.2075
Total_loss	: 1.2170
Open Loss	: 0.5188
Src_cls_loss	: 0.0260
Entropy Open	: 0.6722
-------------------------------------
[Epoch : 14/20]
Pr_Src_cls_loss	: 0.2075
Total_loss	: 1.2029
Open Loss	: 0.5086
Src_cls_loss	: 0.0256
Entropy Open	: 0.6687
-------------------------------------
[Epoch : 15/20]
Pr_Src_cls_loss	: 0.2075
Total_loss	: 1.1888
Open Loss	: 0.4987
Src_cls_loss	: 0.0253
Entropy Open	: 0.6648
-------------------------------------
[Epoch : 16/20]
Pr_Src_cls_loss	: 0.2075
Total_loss	: 1.1747
Open Loss	: 0.4890
Src_cls_loss	: 0.0250
Entropy Open	: 0.6607
-------------------------------------
[Epoch : 17/20]
Pr_Src_cls_loss	: 0.2075
Total_loss	: 1.1606
Open Loss	: 0.4796
Src_cls_loss	: 0.0246
Entropy Open	: 0.6564
-------------------------------------
[Epoch : 18/20]
Pr_Src_cls_loss	: 0.2075
Total_loss	: 1.1464
Open Loss	: 0.4704
Src_cls_loss	: 0.0243
Entropy Open	: 0.6517
-------------------------------------
[Epoch : 19/20]
Pr_Src_cls_loss	: 0.2075
Total_loss	: 1.1323
Open Loss	: 0.4615
Src_cls_loss	: 0.0239
Entropy Open	: 0.6469
-------------------------------------
[Epoch : 20/20]
Pr_Src_cls_loss	: 0.2075
Total_loss	: 1.1183
Open Loss	: 0.4528
Src_cls_loss	: 0.0236
Entropy Open	: 0.6419
-------------------------------------
H_score: 0.0000, OS* (acc_c): 0.5093, UNK (acc_p): 0.0000, acc_mix: 0.5093, F1: 0.4769
Uploading logs from: /mnt/data/home/tp2474/OpenSet-AdaTime/experiments_logs/Pamap2 to mhealth_closed_set/OVANet_closed_set/Pamap2_to_mhealth_run_4
🏃 View run OVANet_run_4 at: http://127.0.0.1:5001/#/experiments/297438354379357924/runs/ec964a26048b4b1c8f7ac8453a4b0149
🧪 View experiment at: http://127.0.0.1:5001/#/experiments/297438354379357924
Running: Source=mhealth -> Target=RealWorld
[scenario] OVANet -> UniDA (uniDA=True)
Unlabeled data shape:  (26209, 150, 18)
Unlabelled Combined shape: (45172, 150, 18)

--- Dataloader Size Check ---
Source Train batches:   18
Target Train batches:   409
-------------------------------

Private classes:  tensor([])
=============================================
Dataset: mhealth to RealWorld_closed_set
Method:  OVANet
=============================================
Source: mhealth ---> Target: RealWorld
Run ID: 0
=============================================
[Pr Epoch : 1/20]
Pr_Src_cls_loss	: 1.1877
-------------------------------------
[Pr Epoch : 2/20]
Pr_Src_cls_loss	: 1.1097
-------------------------------------
[Pr Epoch : 3/20]
Pr_Src_cls_loss	: 1.0424
-------------------------------------
[Pr Epoch : 4/20]
Pr_Src_cls_loss	: 0.9801
-------------------------------------
[Pr Epoch : 5/20]
Pr_Src_cls_loss	: 0.9232
-------------------------------------
[Pr Epoch : 6/20]
Pr_Src_cls_loss	: 0.8700
-------------------------------------
[Pr Epoch : 7/20]
Pr_Src_cls_loss	: 0.8206
-------------------------------------
[Pr Epoch : 8/20]
Pr_Src_cls_loss	: 0.7754
-------------------------------------
[Pr Epoch : 9/20]
Pr_Src_cls_loss	: 0.7339
-------------------------------------
[Pr Epoch : 10/20]
Pr_Src_cls_loss	: 0.6959
-------------------------------------
[Pr Epoch : 11/20]
Pr_Src_cls_loss	: 0.6612
-------------------------------------
[Pr Epoch : 12/20]
Pr_Src_cls_loss	: 0.6294
-------------------------------------
[Pr Epoch : 13/20]
Pr_Src_cls_loss	: 0.6002
-------------------------------------
[Pr Epoch : 14/20]
Pr_Src_cls_loss	: 0.5735
-------------------------------------
[Pr Epoch : 15/20]
Pr_Src_cls_loss	: 0.5487
-------------------------------------
[Pr Epoch : 16/20]
Pr_Src_cls_loss	: 0.5259
-------------------------------------
[Pr Epoch : 17/20]
Pr_Src_cls_loss	: 0.5049
-------------------------------------
[Pr Epoch : 18/20]
Pr_Src_cls_loss	: 0.4854
-------------------------------------
[Pr Epoch : 19/20]
Pr_Src_cls_loss	: 0.4673
-------------------------------------
[Pr Epoch : 20/20]
Pr_Src_cls_loss	: 0.4504
-------------------------------------
[Epoch : 1/20]
Pr_Src_cls_loss	: 0.4504
Total_loss	: 1.5334
Open Loss	: 0.7172
Src_cls_loss	: 0.1244
Entropy Open	: 0.6918
-------------------------------------
[Epoch : 2/20]
Pr_Src_cls_loss	: 0.4504
Total_loss	: 1.5246
Open Loss	: 0.7090
Src_cls_loss	: 0.1238
Entropy Open	: 0.6918
-------------------------------------
[Epoch : 3/20]
Pr_Src_cls_loss	: 0.4504
Total_loss	: 1.5162
Open Loss	: 0.7012
Src_cls_loss	: 0.1233
Entropy Open	: 0.6918
-------------------------------------
[Epoch : 4/20]
Pr_Src_cls_loss	: 0.4504
Total_loss	: 1.5086
Open Loss	: 0.6940
Src_cls_loss	: 0.1229
Entropy Open	: 0.6918
-------------------------------------
[Epoch : 5/20]
Pr_Src_cls_loss	: 0.4504
Total_loss	: 1.5012
Open Loss	: 0.6873
Src_cls_loss	: 0.1222
Entropy Open	: 0.6917
-------------------------------------
[Epoch : 6/20]
Pr_Src_cls_loss	: 0.4504
Total_loss	: 1.4943
Open Loss	: 0.6809
Src_cls_loss	: 0.1217
Entropy Open	: 0.6917
-------------------------------------
[Epoch : 7/20]
Pr_Src_cls_loss	: 0.4504
Total_loss	: 1.4875
Open Loss	: 0.6749
Src_cls_loss	: 0.1210
Entropy Open	: 0.6916
-------------------------------------
[Epoch : 8/20]
Pr_Src_cls_loss	: 0.4504
Total_loss	: 1.4808
Open Loss	: 0.6691
Src_cls_loss	: 0.1203
Entropy Open	: 0.6915
-------------------------------------
[Epoch : 9/20]
Pr_Src_cls_loss	: 0.4504
Total_loss	: 1.4741
Open Loss	: 0.6635
Src_cls_loss	: 0.1194
Entropy Open	: 0.6913
-------------------------------------
[Epoch : 10/20]
Pr_Src_cls_loss	: 0.4504
Total_loss	: 1.4679
Open Loss	: 0.6580
Src_cls_loss	: 0.1188
Entropy Open	: 0.6911
-------------------------------------
[Epoch : 11/20]
Pr_Src_cls_loss	: 0.4504
Total_loss	: 1.4615
Open Loss	: 0.6527
Src_cls_loss	: 0.1180
Entropy Open	: 0.6909
-------------------------------------
[Epoch : 12/20]
Pr_Src_cls_loss	: 0.4504
Total_loss	: 1.4552
Open Loss	: 0.6475
Src_cls_loss	: 0.1171
Entropy Open	: 0.6906
-------------------------------------
[Epoch : 13/20]
Pr_Src_cls_loss	: 0.4504
Total_loss	: 1.4491
Open Loss	: 0.6425
Src_cls_loss	: 0.1162
Entropy Open	: 0.6903
-------------------------------------
[Epoch : 14/20]
Pr_Src_cls_loss	: 0.4504
Total_loss	: 1.4429
Open Loss	: 0.6375
Src_cls_loss	: 0.1154
Entropy Open	: 0.6900
-------------------------------------
[Epoch : 15/20]
Pr_Src_cls_loss	: 0.4504
Total_loss	: 1.4368
Open Loss	: 0.6326
Src_cls_loss	: 0.1146
Entropy Open	: 0.6896
-------------------------------------
[Epoch : 16/20]
Pr_Src_cls_loss	: 0.4504
Total_loss	: 1.4308
Open Loss	: 0.6278
Src_cls_loss	: 0.1138
Entropy Open	: 0.6892
-------------------------------------
[Epoch : 17/20]
Pr_Src_cls_loss	: 0.4504
Total_loss	: 1.4247
Open Loss	: 0.6231
Src_cls_loss	: 0.1129
Entropy Open	: 0.6887
-------------------------------------
[Epoch : 18/20]
Pr_Src_cls_loss	: 0.4504
Total_loss	: 1.4188
Open Loss	: 0.6185
Src_cls_loss	: 0.1121
Entropy Open	: 0.6882
-------------------------------------
[Epoch : 19/20]
Pr_Src_cls_loss	: 0.4504
Total_loss	: 1.4128
Open Loss	: 0.6139
Src_cls_loss	: 0.1112
Entropy Open	: 0.6877
-------------------------------------
[Epoch : 20/20]
Pr_Src_cls_loss	: 0.4504
Total_loss	: 1.4069
Open Loss	: 0.6094
Src_cls_loss	: 0.1104
Entropy Open	: 0.6871
-------------------------------------
/mnt/data/home/tp2474/OpenSet-AdaTime/algorithms/algorithms.py:661: UserWarning: Implicit dimension choice for softmax has been deprecated. Change the call to include dim=X as an argument.
  predictions = F.softmax(self.classifier(features))
/mnt/data/home/tp2474/OpenSet-AdaTime/trainers/abstract_trainer.py:331: FutureWarning: The behavior of DataFrame concatenation with empty or all-NA entries is deprecated. In a future version, this will no longer exclude empty or all-NA columns when determining the result dtypes. To retain the old behavior, exclude the relevant entries before the concat operation.
  table = pd.concat([table, results_df], ignore_index=True)
H_score: 0.0000, OS* (acc_c): 0.2396, UNK (acc_p): 0.0000, acc_mix: 0.2396, F1: 0.2119
Uploading logs from: /mnt/data/home/tp2474/OpenSet-AdaTime/experiments_logs/mhealth to RealWorld_closed_set/OVANet_closed_set/mhealth_to_RealWorld_run_0
🏃 View run OVANet_run_0 at: http://127.0.0.1:5001/#/experiments/259823949667944240/runs/d9253e1f74f7493c93b6376068b71c17
🧪 View experiment at: http://127.0.0.1:5001/#/experiments/259823949667944240
=============================================
Dataset: mhealth to RealWorld_closed_set
Method:  OVANet
=============================================
Source: mhealth ---> Target: RealWorld
Run ID: 1
=============================================
[Pr Epoch : 1/20]
Pr_Src_cls_loss	: 1.2150
-------------------------------------
[Pr Epoch : 2/20]
Pr_Src_cls_loss	: 1.1382
-------------------------------------
[Pr Epoch : 3/20]
Pr_Src_cls_loss	: 1.0711
-------------------------------------
[Pr Epoch : 4/20]
Pr_Src_cls_loss	: 1.0081
-------------------------------------
[Pr Epoch : 5/20]
Pr_Src_cls_loss	: 0.9500
-------------------------------------
[Pr Epoch : 6/20]
Pr_Src_cls_loss	: 0.8950
-------------------------------------
[Pr Epoch : 7/20]
Pr_Src_cls_loss	: 0.8444
-------------------------------------
[Pr Epoch : 8/20]
Pr_Src_cls_loss	: 0.7978
-------------------------------------
[Pr Epoch : 9/20]
Pr_Src_cls_loss	: 0.7551
-------------------------------------
[Pr Epoch : 10/20]
Pr_Src_cls_loss	: 0.7159
-------------------------------------
[Pr Epoch : 11/20]
Pr_Src_cls_loss	: 0.6799
-------------------------------------
[Pr Epoch : 12/20]
Pr_Src_cls_loss	: 0.6470
-------------------------------------
[Pr Epoch : 13/20]
Pr_Src_cls_loss	: 0.6169
-------------------------------------
[Pr Epoch : 14/20]
Pr_Src_cls_loss	: 0.5893
-------------------------------------
[Pr Epoch : 15/20]
Pr_Src_cls_loss	: 0.5640
-------------------------------------
[Pr Epoch : 16/20]
Pr_Src_cls_loss	: 0.5406
-------------------------------------
[Pr Epoch : 17/20]
Pr_Src_cls_loss	: 0.5190
-------------------------------------
[Pr Epoch : 18/20]
Pr_Src_cls_loss	: 0.4989
-------------------------------------
[Pr Epoch : 19/20]
Pr_Src_cls_loss	: 0.4802
-------------------------------------
[Pr Epoch : 20/20]
Pr_Src_cls_loss	: 0.4628
-------------------------------------
[Epoch : 1/20]
Pr_Src_cls_loss	: 0.4628
Total_loss	: 1.5201
Open Loss	: 0.7011
Src_cls_loss	: 0.1265
Entropy Open	: 0.6926
-------------------------------------
[Epoch : 2/20]
Pr_Src_cls_loss	: 0.4628
Total_loss	: 1.5113
Open Loss	: 0.6933
Src_cls_loss	: 0.1254
Entropy Open	: 0.6926
-------------------------------------
[Epoch : 3/20]
Pr_Src_cls_loss	: 0.4628
Total_loss	: 1.5038
Open Loss	: 0.6861
Src_cls_loss	: 0.1251
Entropy Open	: 0.6925
-------------------------------------
[Epoch : 4/20]
Pr_Src_cls_loss	: 0.4628
Total_loss	: 1.4967
Open Loss	: 0.6795
Src_cls_loss	: 0.1247
Entropy Open	: 0.6925
-------------------------------------
[Epoch : 5/20]
Pr_Src_cls_loss	: 0.4628
Total_loss	: 1.4898
Open Loss	: 0.6733
Src_cls_loss	: 0.1242
Entropy Open	: 0.6923
-------------------------------------
[Epoch : 6/20]
Pr_Src_cls_loss	: 0.4628
Total_loss	: 1.4832
Open Loss	: 0.6674
Src_cls_loss	: 0.1236
Entropy Open	: 0.6922
-------------------------------------
[Epoch : 7/20]
Pr_Src_cls_loss	: 0.4628
Total_loss	: 1.4766
Open Loss	: 0.6617
Src_cls_loss	: 0.1229
Entropy Open	: 0.6920
-------------------------------------
[Epoch : 8/20]
Pr_Src_cls_loss	: 0.4628
Total_loss	: 1.4700
Open Loss	: 0.6561
Src_cls_loss	: 0.1220
Entropy Open	: 0.6918
-------------------------------------
[Epoch : 9/20]
Pr_Src_cls_loss	: 0.4628
Total_loss	: 1.4634
Open Loss	: 0.6507
Src_cls_loss	: 0.1212
Entropy Open	: 0.6915
-------------------------------------
[Epoch : 10/20]
Pr_Src_cls_loss	: 0.4628
Total_loss	: 1.4571
Open Loss	: 0.6455
Src_cls_loss	: 0.1203
Entropy Open	: 0.6913
-------------------------------------
[Epoch : 11/20]
Pr_Src_cls_loss	: 0.4628
Total_loss	: 1.4509
Open Loss	: 0.6404
Src_cls_loss	: 0.1195
Entropy Open	: 0.6910
-------------------------------------
[Epoch : 12/20]
Pr_Src_cls_loss	: 0.4628
Total_loss	: 1.4447
Open Loss	: 0.6354
Src_cls_loss	: 0.1187
Entropy Open	: 0.6906
-------------------------------------
[Epoch : 13/20]
Pr_Src_cls_loss	: 0.4628
Total_loss	: 1.4385
Open Loss	: 0.6305
Src_cls_loss	: 0.1178
Entropy Open	: 0.6902
-------------------------------------
[Epoch : 14/20]
Pr_Src_cls_loss	: 0.4628
Total_loss	: 1.4325
Open Loss	: 0.6257
Src_cls_loss	: 0.1170
Entropy Open	: 0.6898
-------------------------------------
[Epoch : 15/20]
Pr_Src_cls_loss	: 0.4628
Total_loss	: 1.4264
Open Loss	: 0.6209
Src_cls_loss	: 0.1162
Entropy Open	: 0.6893
-------------------------------------
[Epoch : 16/20]
Pr_Src_cls_loss	: 0.4628
Total_loss	: 1.4205
Open Loss	: 0.6162
Src_cls_loss	: 0.1155
Entropy Open	: 0.6889
-------------------------------------
[Epoch : 17/20]
Pr_Src_cls_loss	: 0.4628
Total_loss	: 1.4146
Open Loss	: 0.6116
Src_cls_loss	: 0.1146
Entropy Open	: 0.6883
-------------------------------------
[Epoch : 18/20]
Pr_Src_cls_loss	: 0.4628
Total_loss	: 1.4086
Open Loss	: 0.6070
Src_cls_loss	: 0.1138
Entropy Open	: 0.6877
-------------------------------------
[Epoch : 19/20]
Pr_Src_cls_loss	: 0.4628
Total_loss	: 1.4026
Open Loss	: 0.6025
Src_cls_loss	: 0.1130
Entropy Open	: 0.6871
-------------------------------------
[Epoch : 20/20]
Pr_Src_cls_loss	: 0.4628
Total_loss	: 1.3967
Open Loss	: 0.5981
Src_cls_loss	: 0.1122
Entropy Open	: 0.6865
-------------------------------------
H_score: 0.0000, OS* (acc_c): 0.2535, UNK (acc_p): 0.0000, acc_mix: 0.2535, F1: 0.2692
Uploading logs from: /mnt/data/home/tp2474/OpenSet-AdaTime/experiments_logs/mhealth to RealWorld_closed_set/OVANet_closed_set/mhealth_to_RealWorld_run_1
🏃 View run OVANet_run_1 at: http://127.0.0.1:5001/#/experiments/259823949667944240/runs/c1328ebbc0b84718b4a6a4d1c6c3d841
🧪 View experiment at: http://127.0.0.1:5001/#/experiments/259823949667944240
=============================================
Dataset: mhealth to RealWorld_closed_set
Method:  OVANet
=============================================
Source: mhealth ---> Target: RealWorld
Run ID: 2
=============================================
[Pr Epoch : 1/20]
Pr_Src_cls_loss	: 1.2053
-------------------------------------
[Pr Epoch : 2/20]
Pr_Src_cls_loss	: 1.1273
-------------------------------------
[Pr Epoch : 3/20]
Pr_Src_cls_loss	: 1.0597
-------------------------------------
[Pr Epoch : 4/20]
Pr_Src_cls_loss	: 0.9982
-------------------------------------
[Pr Epoch : 5/20]
Pr_Src_cls_loss	: 0.9402
-------------------------------------
[Pr Epoch : 6/20]
Pr_Src_cls_loss	: 0.8861
-------------------------------------
[Pr Epoch : 7/20]
Pr_Src_cls_loss	: 0.8361
-------------------------------------
[Pr Epoch : 8/20]
Pr_Src_cls_loss	: 0.7900
-------------------------------------
[Pr Epoch : 9/20]
Pr_Src_cls_loss	: 0.7476
-------------------------------------
[Pr Epoch : 10/20]
Pr_Src_cls_loss	: 0.7091
-------------------------------------
[Pr Epoch : 11/20]
Pr_Src_cls_loss	: 0.6737
-------------------------------------
[Pr Epoch : 12/20]
Pr_Src_cls_loss	: 0.6412
-------------------------------------
[Pr Epoch : 13/20]
Pr_Src_cls_loss	: 0.6114
-------------------------------------
[Pr Epoch : 14/20]
Pr_Src_cls_loss	: 0.5839
-------------------------------------
[Pr Epoch : 15/20]
Pr_Src_cls_loss	: 0.5587
-------------------------------------
[Pr Epoch : 16/20]
Pr_Src_cls_loss	: 0.5356
-------------------------------------
[Pr Epoch : 17/20]
Pr_Src_cls_loss	: 0.5142
-------------------------------------
[Pr Epoch : 18/20]
Pr_Src_cls_loss	: 0.4943
-------------------------------------
[Pr Epoch : 19/20]
Pr_Src_cls_loss	: 0.4758
-------------------------------------
[Pr Epoch : 20/20]
Pr_Src_cls_loss	: 0.4586
-------------------------------------
[Epoch : 1/20]
Pr_Src_cls_loss	: 0.4586
Total_loss	: 1.5151
Open Loss	: 0.6969
Src_cls_loss	: 0.1255
Entropy Open	: 0.6927
-------------------------------------
[Epoch : 2/20]
Pr_Src_cls_loss	: 0.4586
Total_loss	: 1.5079
Open Loss	: 0.6900
Src_cls_loss	: 0.1253
Entropy Open	: 0.6926
-------------------------------------
[Epoch : 3/20]
Pr_Src_cls_loss	: 0.4586
Total_loss	: 1.5009
Open Loss	: 0.6835
Src_cls_loss	: 0.1248
Entropy Open	: 0.6925
-------------------------------------
[Epoch : 4/20]
Pr_Src_cls_loss	: 0.4586
Total_loss	: 1.4941
Open Loss	: 0.6772
Src_cls_loss	: 0.1245
Entropy Open	: 0.6924
-------------------------------------
[Epoch : 5/20]
Pr_Src_cls_loss	: 0.4586
Total_loss	: 1.4876
Open Loss	: 0.6713
Src_cls_loss	: 0.1241
Entropy Open	: 0.6922
-------------------------------------
[Epoch : 6/20]
Pr_Src_cls_loss	: 0.4586
Total_loss	: 1.4813
Open Loss	: 0.6656
Src_cls_loss	: 0.1237
Entropy Open	: 0.6920
-------------------------------------
[Epoch : 7/20]
Pr_Src_cls_loss	: 0.4586
Total_loss	: 1.4750
Open Loss	: 0.6601
Src_cls_loss	: 0.1232
Entropy Open	: 0.6917
-------------------------------------
[Epoch : 8/20]
Pr_Src_cls_loss	: 0.4586
Total_loss	: 1.4689
Open Loss	: 0.6549
Src_cls_loss	: 0.1226
Entropy Open	: 0.6914
-------------------------------------
[Epoch : 9/20]
Pr_Src_cls_loss	: 0.4586
Total_loss	: 1.4627
Open Loss	: 0.6497
Src_cls_loss	: 0.1219
Entropy Open	: 0.6911
-------------------------------------
[Epoch : 10/20]
Pr_Src_cls_loss	: 0.4586
Total_loss	: 1.4567
Open Loss	: 0.6447
Src_cls_loss	: 0.1213
Entropy Open	: 0.6907
-------------------------------------
[Epoch : 11/20]
Pr_Src_cls_loss	: 0.4586
Total_loss	: 1.4506
Open Loss	: 0.6398
Src_cls_loss	: 0.1205
Entropy Open	: 0.6902
-------------------------------------
[Epoch : 12/20]
Pr_Src_cls_loss	: 0.4586
Total_loss	: 1.4445
Open Loss	: 0.6350
Src_cls_loss	: 0.1198
Entropy Open	: 0.6897
-------------------------------------
[Epoch : 13/20]
Pr_Src_cls_loss	: 0.4586
Total_loss	: 1.4386
Open Loss	: 0.6303
Src_cls_loss	: 0.1191
Entropy Open	: 0.6892
-------------------------------------
[Epoch : 14/20]
Pr_Src_cls_loss	: 0.4586
Total_loss	: 1.4325
Open Loss	: 0.6257
Src_cls_loss	: 0.1183
Entropy Open	: 0.6886
-------------------------------------
[Epoch : 15/20]
Pr_Src_cls_loss	: 0.4586
Total_loss	: 1.4265
Open Loss	: 0.6211
Src_cls_loss	: 0.1175
Entropy Open	: 0.6880
-------------------------------------
[Epoch : 16/20]
Pr_Src_cls_loss	: 0.4586
Total_loss	: 1.4206
Open Loss	: 0.6166
Src_cls_loss	: 0.1167
Entropy Open	: 0.6873
-------------------------------------
[Epoch : 17/20]
Pr_Src_cls_loss	: 0.4586
Total_loss	: 1.4147
Open Loss	: 0.6122
Src_cls_loss	: 0.1159
Entropy Open	: 0.6866
-------------------------------------
[Epoch : 18/20]
Pr_Src_cls_loss	: 0.4586
Total_loss	: 1.4089
Open Loss	: 0.6078
Src_cls_loss	: 0.1152
Entropy Open	: 0.6858
-------------------------------------
[Epoch : 19/20]
Pr_Src_cls_loss	: 0.4586
Total_loss	: 1.4029
Open Loss	: 0.6035
Src_cls_loss	: 0.1144
Entropy Open	: 0.6850
-------------------------------------
[Epoch : 20/20]
Pr_Src_cls_loss	: 0.4586
Total_loss	: 1.3970
Open Loss	: 0.5992
Src_cls_loss	: 0.1136
Entropy Open	: 0.6842
-------------------------------------
H_score: 0.0000, OS* (acc_c): 0.4534, UNK (acc_p): 0.0000, acc_mix: 0.4534, F1: 0.4665
Uploading logs from: /mnt/data/home/tp2474/OpenSet-AdaTime/experiments_logs/mhealth to RealWorld_closed_set/OVANet_closed_set/mhealth_to_RealWorld_run_2
🏃 View run OVANet_run_2 at: http://127.0.0.1:5001/#/experiments/259823949667944240/runs/32ba34a7c7fb495e830ac0b2d2e093d3
🧪 View experiment at: http://127.0.0.1:5001/#/experiments/259823949667944240
=============================================
Dataset: mhealth to RealWorld_closed_set
Method:  OVANet
=============================================
Source: mhealth ---> Target: RealWorld
Run ID: 3
=============================================
[Pr Epoch : 1/20]
Pr_Src_cls_loss	: 1.2019
-------------------------------------
[Pr Epoch : 2/20]
Pr_Src_cls_loss	: 1.1255
-------------------------------------
[Pr Epoch : 3/20]
Pr_Src_cls_loss	: 1.0589
-------------------------------------
[Pr Epoch : 4/20]
Pr_Src_cls_loss	: 0.9971
-------------------------------------
[Pr Epoch : 5/20]
Pr_Src_cls_loss	: 0.9396
-------------------------------------
[Pr Epoch : 6/20]
Pr_Src_cls_loss	: 0.8863
-------------------------------------
[Pr Epoch : 7/20]
Pr_Src_cls_loss	: 0.8367
-------------------------------------
[Pr Epoch : 8/20]
Pr_Src_cls_loss	: 0.7910
-------------------------------------
[Pr Epoch : 9/20]
Pr_Src_cls_loss	: 0.7491
-------------------------------------
[Pr Epoch : 10/20]
Pr_Src_cls_loss	: 0.7108
-------------------------------------
[Pr Epoch : 11/20]
Pr_Src_cls_loss	: 0.6756
-------------------------------------
[Pr Epoch : 12/20]
Pr_Src_cls_loss	: 0.6432
-------------------------------------
[Pr Epoch : 13/20]
Pr_Src_cls_loss	: 0.6134
-------------------------------------
[Pr Epoch : 14/20]
Pr_Src_cls_loss	: 0.5861
-------------------------------------
[Pr Epoch : 15/20]
Pr_Src_cls_loss	: 0.5610
-------------------------------------
[Pr Epoch : 16/20]
Pr_Src_cls_loss	: 0.5379
-------------------------------------
[Pr Epoch : 17/20]
Pr_Src_cls_loss	: 0.5164
-------------------------------------
[Pr Epoch : 18/20]
Pr_Src_cls_loss	: 0.4964
-------------------------------------
[Pr Epoch : 19/20]
Pr_Src_cls_loss	: 0.4780
-------------------------------------
[Pr Epoch : 20/20]
Pr_Src_cls_loss	: 0.4608
-------------------------------------
[Epoch : 1/20]
Pr_Src_cls_loss	: 0.4608
Total_loss	: 1.5254
Open Loss	: 0.7036
Src_cls_loss	: 0.1292
Entropy Open	: 0.6926
-------------------------------------
[Epoch : 2/20]
Pr_Src_cls_loss	: 0.4608
Total_loss	: 1.5170
Open Loss	: 0.6961
Src_cls_loss	: 0.1284
Entropy Open	: 0.6926
-------------------------------------
[Epoch : 3/20]
Pr_Src_cls_loss	: 0.4608
Total_loss	: 1.5095
Open Loss	: 0.6891
Src_cls_loss	: 0.1279
Entropy Open	: 0.6925
-------------------------------------
[Epoch : 4/20]
Pr_Src_cls_loss	: 0.4608
Total_loss	: 1.5021
Open Loss	: 0.6824
Src_cls_loss	: 0.1273
Entropy Open	: 0.6924
-------------------------------------
[Epoch : 5/20]
Pr_Src_cls_loss	: 0.4608
Total_loss	: 1.4952
Open Loss	: 0.6762
Src_cls_loss	: 0.1268
Entropy Open	: 0.6922
-------------------------------------
[Epoch : 6/20]
Pr_Src_cls_loss	: 0.4608
Total_loss	: 1.4883
Open Loss	: 0.6702
Src_cls_loss	: 0.1261
Entropy Open	: 0.6921
-------------------------------------
[Epoch : 7/20]
Pr_Src_cls_loss	: 0.4608
Total_loss	: 1.4816
Open Loss	: 0.6643
Src_cls_loss	: 0.1254
Entropy Open	: 0.6919
-------------------------------------
[Epoch : 8/20]
Pr_Src_cls_loss	: 0.4608
Total_loss	: 1.4752
Open Loss	: 0.6588
Src_cls_loss	: 0.1248
Entropy Open	: 0.6916
-------------------------------------
[Epoch : 9/20]
Pr_Src_cls_loss	: 0.4608
Total_loss	: 1.4688
Open Loss	: 0.6534
Src_cls_loss	: 0.1240
Entropy Open	: 0.6914
-------------------------------------
[Epoch : 10/20]
Pr_Src_cls_loss	: 0.4608
Total_loss	: 1.4625
Open Loss	: 0.6482
Src_cls_loss	: 0.1232
Entropy Open	: 0.6911
-------------------------------------
[Epoch : 11/20]
Pr_Src_cls_loss	: 0.4608
Total_loss	: 1.4564
Open Loss	: 0.6432
Src_cls_loss	: 0.1224
Entropy Open	: 0.6907
-------------------------------------
[Epoch : 12/20]
Pr_Src_cls_loss	: 0.4608
Total_loss	: 1.4503
Open Loss	: 0.6383
Src_cls_loss	: 0.1216
Entropy Open	: 0.6904
-------------------------------------
[Epoch : 13/20]
Pr_Src_cls_loss	: 0.4608
Total_loss	: 1.4442
Open Loss	: 0.6335
Src_cls_loss	: 0.1207
Entropy Open	: 0.6899
-------------------------------------
[Epoch : 14/20]
Pr_Src_cls_loss	: 0.4608
Total_loss	: 1.4381
Open Loss	: 0.6287
Src_cls_loss	: 0.1198
Entropy Open	: 0.6895
-------------------------------------
[Epoch : 15/20]
Pr_Src_cls_loss	: 0.4608
Total_loss	: 1.4321
Open Loss	: 0.6241
Src_cls_loss	: 0.1190
Entropy Open	: 0.6890
-------------------------------------
[Epoch : 16/20]
Pr_Src_cls_loss	: 0.4608
Total_loss	: 1.4263
Open Loss	: 0.6195
Src_cls_loss	: 0.1182
Entropy Open	: 0.6885
-------------------------------------
[Epoch : 17/20]
Pr_Src_cls_loss	: 0.4608
Total_loss	: 1.4203
Open Loss	: 0.6150
Src_cls_loss	: 0.1173
Entropy Open	: 0.6880
-------------------------------------
[Epoch : 18/20]
Pr_Src_cls_loss	: 0.4608
Total_loss	: 1.4145
Open Loss	: 0.6106
Src_cls_loss	: 0.1165
Entropy Open	: 0.6874
-------------------------------------
[Epoch : 19/20]
Pr_Src_cls_loss	: 0.4608
Total_loss	: 1.4087
Open Loss	: 0.6062
Src_cls_loss	: 0.1157
Entropy Open	: 0.6868
-------------------------------------
[Epoch : 20/20]
Pr_Src_cls_loss	: 0.4608
Total_loss	: 1.4030
Open Loss	: 0.6019
Src_cls_loss	: 0.1149
Entropy Open	: 0.6861
-------------------------------------
H_score: 0.0000, OS* (acc_c): 0.1818, UNK (acc_p): 0.0000, acc_mix: 0.1818, F1: 0.2013
Uploading logs from: /mnt/data/home/tp2474/OpenSet-AdaTime/experiments_logs/mhealth to RealWorld_closed_set/OVANet_closed_set/mhealth_to_RealWorld_run_3
🏃 View run OVANet_run_3 at: http://127.0.0.1:5001/#/experiments/259823949667944240/runs/5ca381ef1f1e4ffd95a44e81629c4feb
🧪 View experiment at: http://127.0.0.1:5001/#/experiments/259823949667944240
=============================================
Dataset: mhealth to RealWorld_closed_set
Method:  OVANet
=============================================
Source: mhealth ---> Target: RealWorld
Run ID: 4
=============================================
[Pr Epoch : 1/20]
Pr_Src_cls_loss	: 1.1986
-------------------------------------
[Pr Epoch : 2/20]
Pr_Src_cls_loss	: 1.1233
-------------------------------------
[Pr Epoch : 3/20]
Pr_Src_cls_loss	: 1.0566
-------------------------------------
[Pr Epoch : 4/20]
Pr_Src_cls_loss	: 0.9948
-------------------------------------
[Pr Epoch : 5/20]
Pr_Src_cls_loss	: 0.9363
-------------------------------------
[Pr Epoch : 6/20]
Pr_Src_cls_loss	: 0.8823
-------------------------------------
[Pr Epoch : 7/20]
Pr_Src_cls_loss	: 0.8322
-------------------------------------
[Pr Epoch : 8/20]
Pr_Src_cls_loss	: 0.7866
-------------------------------------
[Pr Epoch : 9/20]
Pr_Src_cls_loss	: 0.7443
-------------------------------------
[Pr Epoch : 10/20]
Pr_Src_cls_loss	: 0.7059
-------------------------------------
[Pr Epoch : 11/20]
Pr_Src_cls_loss	: 0.6706
-------------------------------------
[Pr Epoch : 12/20]
Pr_Src_cls_loss	: 0.6384
-------------------------------------
[Pr Epoch : 13/20]
Pr_Src_cls_loss	: 0.6088
-------------------------------------
[Pr Epoch : 14/20]
Pr_Src_cls_loss	: 0.5816
-------------------------------------
[Pr Epoch : 15/20]
Pr_Src_cls_loss	: 0.5566
-------------------------------------
[Pr Epoch : 16/20]
Pr_Src_cls_loss	: 0.5336
-------------------------------------
[Pr Epoch : 17/20]
Pr_Src_cls_loss	: 0.5122
-------------------------------------
[Pr Epoch : 18/20]
Pr_Src_cls_loss	: 0.4924
-------------------------------------
[Pr Epoch : 19/20]
Pr_Src_cls_loss	: 0.4740
-------------------------------------
[Pr Epoch : 20/20]
Pr_Src_cls_loss	: 0.4568
-------------------------------------
[Epoch : 1/20]
Pr_Src_cls_loss	: 0.4568
Total_loss	: 1.5084
Open Loss	: 0.6906
Src_cls_loss	: 0.1254
Entropy Open	: 0.6925
-------------------------------------
[Epoch : 2/20]
Pr_Src_cls_loss	: 0.4568
Total_loss	: 1.5017
Open Loss	: 0.6840
Src_cls_loss	: 0.1253
Entropy Open	: 0.6924
-------------------------------------
[Epoch : 3/20]
Pr_Src_cls_loss	: 0.4568
Total_loss	: 1.4945
Open Loss	: 0.6778
Src_cls_loss	: 0.1242
Entropy Open	: 0.6924
-------------------------------------
[Epoch : 4/20]
Pr_Src_cls_loss	: 0.4568
Total_loss	: 1.4877
Open Loss	: 0.6718
Src_cls_loss	: 0.1235
Entropy Open	: 0.6924
-------------------------------------
[Epoch : 5/20]
Pr_Src_cls_loss	: 0.4568
Total_loss	: 1.4813
Open Loss	: 0.6660
Src_cls_loss	: 0.1230
Entropy Open	: 0.6923
-------------------------------------
[Epoch : 6/20]
Pr_Src_cls_loss	: 0.4568
Total_loss	: 1.4754
Open Loss	: 0.6606
Src_cls_loss	: 0.1225
Entropy Open	: 0.6923
-------------------------------------
[Epoch : 7/20]
Pr_Src_cls_loss	: 0.4568
Total_loss	: 1.4694
Open Loss	: 0.6554
Src_cls_loss	: 0.1218
Entropy Open	: 0.6922
-------------------------------------
[Epoch : 8/20]
Pr_Src_cls_loss	: 0.4568
Total_loss	: 1.4633
Open Loss	: 0.6503
Src_cls_loss	: 0.1209
Entropy Open	: 0.6921
-------------------------------------
[Epoch : 9/20]
Pr_Src_cls_loss	: 0.4568
Total_loss	: 1.4575
Open Loss	: 0.6454
Src_cls_loss	: 0.1202
Entropy Open	: 0.6919
-------------------------------------
[Epoch : 10/20]
Pr_Src_cls_loss	: 0.4568
Total_loss	: 1.4517
Open Loss	: 0.6407
Src_cls_loss	: 0.1193
Entropy Open	: 0.6918
-------------------------------------
[Epoch : 11/20]
Pr_Src_cls_loss	: 0.4568
Total_loss	: 1.4460
Open Loss	: 0.6360
Src_cls_loss	: 0.1185
Entropy Open	: 0.6916
-------------------------------------
[Epoch : 12/20]
Pr_Src_cls_loss	: 0.4568
Total_loss	: 1.4402
Open Loss	: 0.6314
Src_cls_loss	: 0.1175
Entropy Open	: 0.6913
-------------------------------------
[Epoch : 13/20]
Pr_Src_cls_loss	: 0.4568
Total_loss	: 1.4346
Open Loss	: 0.6268
Src_cls_loss	: 0.1167
Entropy Open	: 0.6911
-------------------------------------
[Epoch : 14/20]
Pr_Src_cls_loss	: 0.4568
Total_loss	: 1.4289
Open Loss	: 0.6223
Src_cls_loss	: 0.1158
Entropy Open	: 0.6908
-------------------------------------
[Epoch : 15/20]
Pr_Src_cls_loss	: 0.4568
Total_loss	: 1.4233
Open Loss	: 0.6179
Src_cls_loss	: 0.1149
Entropy Open	: 0.6904
-------------------------------------
[Epoch : 16/20]
Pr_Src_cls_loss	: 0.4568
Total_loss	: 1.4177
Open Loss	: 0.6135
Src_cls_loss	: 0.1141
Entropy Open	: 0.6901
-------------------------------------
[Epoch : 17/20]
Pr_Src_cls_loss	: 0.4568
Total_loss	: 1.4122
Open Loss	: 0.6092
Src_cls_loss	: 0.1133
Entropy Open	: 0.6897
-------------------------------------
[Epoch : 18/20]
Pr_Src_cls_loss	: 0.4568
Total_loss	: 1.4066
Open Loss	: 0.6050
Src_cls_loss	: 0.1124
Entropy Open	: 0.6892
-------------------------------------
[Epoch : 19/20]
Pr_Src_cls_loss	: 0.4568
Total_loss	: 1.4011
Open Loss	: 0.6008
Src_cls_loss	: 0.1116
Entropy Open	: 0.6888
-------------------------------------
[Epoch : 20/20]
Pr_Src_cls_loss	: 0.4568
Total_loss	: 1.3955
Open Loss	: 0.5966
Src_cls_loss	: 0.1107
Entropy Open	: 0.6883
-------------------------------------
H_score: 0.0000, OS* (acc_c): 0.4033, UNK (acc_p): 0.0000, acc_mix: 0.4033, F1: 0.3738
Uploading logs from: /mnt/data/home/tp2474/OpenSet-AdaTime/experiments_logs/mhealth to RealWorld_closed_set/OVANet_closed_set/mhealth_to_RealWorld_run_4
🏃 View run OVANet_run_4 at: http://127.0.0.1:5001/#/experiments/259823949667944240/runs/abde704fc20942ea95d2b0410e4787fd
🧪 View experiment at: http://127.0.0.1:5001/#/experiments/259823949667944240
Running: Source=mhealth -> Target=Pamap2
[scenario] OVANet -> UniDA (uniDA=True)
Unlabeled data shape:  (4752, 150, 18)
Unlabelled Combined shape: (8054, 150, 18)

--- Dataloader Size Check ---
Source Train batches:   18
Target Train batches:   74
-------------------------------

Private classes:  tensor([])
=============================================
Dataset: mhealth to Pamap2_closed_set
Method:  OVANet
=============================================
Source: mhealth ---> Target: Pamap2
Run ID: 0
=============================================
[Pr Epoch : 1/20]
Pr_Src_cls_loss	: 1.1877
-------------------------------------
[Pr Epoch : 2/20]
Pr_Src_cls_loss	: 1.1097
-------------------------------------
[Pr Epoch : 3/20]
Pr_Src_cls_loss	: 1.0424
-------------------------------------
[Pr Epoch : 4/20]
Pr_Src_cls_loss	: 0.9801
-------------------------------------
[Pr Epoch : 5/20]
Pr_Src_cls_loss	: 0.9232
-------------------------------------
[Pr Epoch : 6/20]
Pr_Src_cls_loss	: 0.8700
-------------------------------------
[Pr Epoch : 7/20]
Pr_Src_cls_loss	: 0.8206
-------------------------------------
[Pr Epoch : 8/20]
Pr_Src_cls_loss	: 0.7754
-------------------------------------
[Pr Epoch : 9/20]
Pr_Src_cls_loss	: 0.7339
-------------------------------------
[Pr Epoch : 10/20]
Pr_Src_cls_loss	: 0.6959
-------------------------------------
[Pr Epoch : 11/20]
Pr_Src_cls_loss	: 0.6612
-------------------------------------
[Pr Epoch : 12/20]
Pr_Src_cls_loss	: 0.6294
-------------------------------------
[Pr Epoch : 13/20]
Pr_Src_cls_loss	: 0.6002
-------------------------------------
[Pr Epoch : 14/20]
Pr_Src_cls_loss	: 0.5735
-------------------------------------
[Pr Epoch : 15/20]
Pr_Src_cls_loss	: 0.5487
-------------------------------------
[Pr Epoch : 16/20]
Pr_Src_cls_loss	: 0.5259
-------------------------------------
[Pr Epoch : 17/20]
Pr_Src_cls_loss	: 0.5049
-------------------------------------
[Pr Epoch : 18/20]
Pr_Src_cls_loss	: 0.4854
-------------------------------------
[Pr Epoch : 19/20]
Pr_Src_cls_loss	: 0.4673
-------------------------------------
[Pr Epoch : 20/20]
Pr_Src_cls_loss	: 0.4504
-------------------------------------
[Epoch : 1/20]
Pr_Src_cls_loss	: 0.4504
Total_loss	: 1.5335
Open Loss	: 0.7172
Src_cls_loss	: 0.1244
Entropy Open	: 0.6918
-------------------------------------
[Epoch : 2/20]
Pr_Src_cls_loss	: 0.4504
Total_loss	: 1.5246
Open Loss	: 0.7090
Src_cls_loss	: 0.1238
Entropy Open	: 0.6919
-------------------------------------
[Epoch : 3/20]
Pr_Src_cls_loss	: 0.4504
Total_loss	: 1.5163
Open Loss	: 0.7012
Src_cls_loss	: 0.1232
Entropy Open	: 0.6919
-------------------------------------
[Epoch : 4/20]
Pr_Src_cls_loss	: 0.4504
Total_loss	: 1.5087
Open Loss	: 0.6940
Src_cls_loss	: 0.1228
Entropy Open	: 0.6918
-------------------------------------
[Epoch : 5/20]
Pr_Src_cls_loss	: 0.4504
Total_loss	: 1.5013
Open Loss	: 0.6873
Src_cls_loss	: 0.1222
Entropy Open	: 0.6918
-------------------------------------
[Epoch : 6/20]
Pr_Src_cls_loss	: 0.4504
Total_loss	: 1.4944
Open Loss	: 0.6809
Src_cls_loss	: 0.1217
Entropy Open	: 0.6918
-------------------------------------
[Epoch : 7/20]
Pr_Src_cls_loss	: 0.4504
Total_loss	: 1.4876
Open Loss	: 0.6749
Src_cls_loss	: 0.1210
Entropy Open	: 0.6917
-------------------------------------
[Epoch : 8/20]
Pr_Src_cls_loss	: 0.4504
Total_loss	: 1.4810
Open Loss	: 0.6692
Src_cls_loss	: 0.1203
Entropy Open	: 0.6915
-------------------------------------
[Epoch : 9/20]
Pr_Src_cls_loss	: 0.4504
Total_loss	: 1.4743
Open Loss	: 0.6636
Src_cls_loss	: 0.1194
Entropy Open	: 0.6914
-------------------------------------
[Epoch : 10/20]
Pr_Src_cls_loss	: 0.4504
Total_loss	: 1.4681
Open Loss	: 0.6582
Src_cls_loss	: 0.1187
Entropy Open	: 0.6912
-------------------------------------
[Epoch : 11/20]
Pr_Src_cls_loss	: 0.4504
Total_loss	: 1.4617
Open Loss	: 0.6529
Src_cls_loss	: 0.1179
Entropy Open	: 0.6909
-------------------------------------
[Epoch : 12/20]
Pr_Src_cls_loss	: 0.4504
Total_loss	: 1.4553
Open Loss	: 0.6477
Src_cls_loss	: 0.1170
Entropy Open	: 0.6906
-------------------------------------
[Epoch : 13/20]
Pr_Src_cls_loss	: 0.4504
Total_loss	: 1.4491
Open Loss	: 0.6427
Src_cls_loss	: 0.1162
Entropy Open	: 0.6902
-------------------------------------
[Epoch : 14/20]
Pr_Src_cls_loss	: 0.4504
Total_loss	: 1.4428
Open Loss	: 0.6377
Src_cls_loss	: 0.1154
Entropy Open	: 0.6898
-------------------------------------
[Epoch : 15/20]
Pr_Src_cls_loss	: 0.4504
Total_loss	: 1.4367
Open Loss	: 0.6328
Src_cls_loss	: 0.1146
Entropy Open	: 0.6893
-------------------------------------
[Epoch : 16/20]
Pr_Src_cls_loss	: 0.4504
Total_loss	: 1.4305
Open Loss	: 0.6280
Src_cls_loss	: 0.1137
Entropy Open	: 0.6888
-------------------------------------
[Epoch : 17/20]
Pr_Src_cls_loss	: 0.4504
Total_loss	: 1.4243
Open Loss	: 0.6233
Src_cls_loss	: 0.1129
Entropy Open	: 0.6882
-------------------------------------
[Epoch : 18/20]
Pr_Src_cls_loss	: 0.4504
Total_loss	: 1.4181
Open Loss	: 0.6186
Src_cls_loss	: 0.1120
Entropy Open	: 0.6875
-------------------------------------
[Epoch : 19/20]
Pr_Src_cls_loss	: 0.4504
Total_loss	: 1.4120
Open Loss	: 0.6140
Src_cls_loss	: 0.1112
Entropy Open	: 0.6868
-------------------------------------
[Epoch : 20/20]
Pr_Src_cls_loss	: 0.4504
Total_loss	: 1.4060
Open Loss	: 0.6095
Src_cls_loss	: 0.1104
Entropy Open	: 0.6861
-------------------------------------
/mnt/data/home/tp2474/OpenSet-AdaTime/algorithms/algorithms.py:661: UserWarning: Implicit dimension choice for softmax has been deprecated. Change the call to include dim=X as an argument.
  predictions = F.softmax(self.classifier(features))
/mnt/data/home/tp2474/OpenSet-AdaTime/trainers/abstract_trainer.py:331: FutureWarning: The behavior of DataFrame concatenation with empty or all-NA entries is deprecated. In a future version, this will no longer exclude empty or all-NA columns when determining the result dtypes. To retain the old behavior, exclude the relevant entries before the concat operation.
  table = pd.concat([table, results_df], ignore_index=True)
H_score: 0.0000, OS* (acc_c): 0.5899, UNK (acc_p): 0.0000, acc_mix: 0.5899, F1: 0.5940
Uploading logs from: /mnt/data/home/tp2474/OpenSet-AdaTime/experiments_logs/mhealth to Pamap2_closed_set/OVANet_closed_set/mhealth_to_Pamap2_run_0
🏃 View run OVANet_run_0 at: http://127.0.0.1:5001/#/experiments/206873663002748842/runs/94328c514e5349ef8b7511ba2bd2b871
🧪 View experiment at: http://127.0.0.1:5001/#/experiments/206873663002748842
=============================================
Dataset: mhealth to Pamap2_closed_set
Method:  OVANet
=============================================
Source: mhealth ---> Target: Pamap2
Run ID: 1
=============================================
[Pr Epoch : 1/20]
Pr_Src_cls_loss	: 1.2150
-------------------------------------
[Pr Epoch : 2/20]
Pr_Src_cls_loss	: 1.1382
-------------------------------------
[Pr Epoch : 3/20]
Pr_Src_cls_loss	: 1.0711
-------------------------------------
[Pr Epoch : 4/20]
Pr_Src_cls_loss	: 1.0081
-------------------------------------
[Pr Epoch : 5/20]
Pr_Src_cls_loss	: 0.9500
-------------------------------------
[Pr Epoch : 6/20]
Pr_Src_cls_loss	: 0.8950
-------------------------------------
[Pr Epoch : 7/20]
Pr_Src_cls_loss	: 0.8444
-------------------------------------
[Pr Epoch : 8/20]
Pr_Src_cls_loss	: 0.7978
-------------------------------------
[Pr Epoch : 9/20]
Pr_Src_cls_loss	: 0.7551
-------------------------------------
[Pr Epoch : 10/20]
Pr_Src_cls_loss	: 0.7159
-------------------------------------
[Pr Epoch : 11/20]
Pr_Src_cls_loss	: 0.6799
-------------------------------------
[Pr Epoch : 12/20]
Pr_Src_cls_loss	: 0.6470
-------------------------------------
[Pr Epoch : 13/20]
Pr_Src_cls_loss	: 0.6169
-------------------------------------
[Pr Epoch : 14/20]
Pr_Src_cls_loss	: 0.5893
-------------------------------------
[Pr Epoch : 15/20]
Pr_Src_cls_loss	: 0.5640
-------------------------------------
[Pr Epoch : 16/20]
Pr_Src_cls_loss	: 0.5406
-------------------------------------
[Pr Epoch : 17/20]
Pr_Src_cls_loss	: 0.5190
-------------------------------------
[Pr Epoch : 18/20]
Pr_Src_cls_loss	: 0.4989
-------------------------------------
[Pr Epoch : 19/20]
Pr_Src_cls_loss	: 0.4802
-------------------------------------
[Pr Epoch : 20/20]
Pr_Src_cls_loss	: 0.4628
-------------------------------------
[Epoch : 1/20]
Pr_Src_cls_loss	: 0.4628
Total_loss	: 1.5201
Open Loss	: 0.7010
Src_cls_loss	: 0.1264
Entropy Open	: 0.6926
-------------------------------------
[Epoch : 2/20]
Pr_Src_cls_loss	: 0.4628
Total_loss	: 1.5112
Open Loss	: 0.6933
Src_cls_loss	: 0.1254
Entropy Open	: 0.6926
-------------------------------------
[Epoch : 3/20]
Pr_Src_cls_loss	: 0.4628
Total_loss	: 1.5037
Open Loss	: 0.6861
Src_cls_loss	: 0.1251
Entropy Open	: 0.6925
-------------------------------------
[Epoch : 4/20]
Pr_Src_cls_loss	: 0.4628
Total_loss	: 1.4967
Open Loss	: 0.6795
Src_cls_loss	: 0.1247
Entropy Open	: 0.6924
-------------------------------------
[Epoch : 5/20]
Pr_Src_cls_loss	: 0.4628
Total_loss	: 1.4898
Open Loss	: 0.6733
Src_cls_loss	: 0.1242
Entropy Open	: 0.6923
-------------------------------------
[Epoch : 6/20]
Pr_Src_cls_loss	: 0.4628
Total_loss	: 1.4832
Open Loss	: 0.6674
Src_cls_loss	: 0.1236
Entropy Open	: 0.6922
-------------------------------------
[Epoch : 7/20]
Pr_Src_cls_loss	: 0.4628
Total_loss	: 1.4767
Open Loss	: 0.6616
Src_cls_loss	: 0.1230
Entropy Open	: 0.6920
-------------------------------------
[Epoch : 8/20]
Pr_Src_cls_loss	: 0.4628
Total_loss	: 1.4700
Open Loss	: 0.6561
Src_cls_loss	: 0.1221
Entropy Open	: 0.6918
-------------------------------------
[Epoch : 9/20]
Pr_Src_cls_loss	: 0.4628
Total_loss	: 1.4635
Open Loss	: 0.6507
Src_cls_loss	: 0.1212
Entropy Open	: 0.6916
-------------------------------------
[Epoch : 10/20]
Pr_Src_cls_loss	: 0.4628
Total_loss	: 1.4570
Open Loss	: 0.6454
Src_cls_loss	: 0.1204
Entropy Open	: 0.6913
-------------------------------------
[Epoch : 11/20]
Pr_Src_cls_loss	: 0.4628
Total_loss	: 1.4508
Open Loss	: 0.6403
Src_cls_loss	: 0.1195
Entropy Open	: 0.6910
-------------------------------------
[Epoch : 12/20]
Pr_Src_cls_loss	: 0.4628
Total_loss	: 1.4445
Open Loss	: 0.6353
Src_cls_loss	: 0.1186
Entropy Open	: 0.6906
-------------------------------------
[Epoch : 13/20]
Pr_Src_cls_loss	: 0.4628
Total_loss	: 1.4384
Open Loss	: 0.6304
Src_cls_loss	: 0.1178
Entropy Open	: 0.6902
-------------------------------------
[Epoch : 14/20]
Pr_Src_cls_loss	: 0.4628
Total_loss	: 1.4324
Open Loss	: 0.6256
Src_cls_loss	: 0.1170
Entropy Open	: 0.6898
-------------------------------------
[Epoch : 15/20]
Pr_Src_cls_loss	: 0.4628
Total_loss	: 1.4263
Open Loss	: 0.6208
Src_cls_loss	: 0.1162
Entropy Open	: 0.6893
-------------------------------------
[Epoch : 16/20]
Pr_Src_cls_loss	: 0.4628
Total_loss	: 1.4204
Open Loss	: 0.6162
Src_cls_loss	: 0.1154
Entropy Open	: 0.6888
-------------------------------------
[Epoch : 17/20]
Pr_Src_cls_loss	: 0.4628
Total_loss	: 1.4144
Open Loss	: 0.6116
Src_cls_loss	: 0.1146
Entropy Open	: 0.6882
-------------------------------------
[Epoch : 18/20]
Pr_Src_cls_loss	: 0.4628
Total_loss	: 1.4084
Open Loss	: 0.6070
Src_cls_loss	: 0.1138
Entropy Open	: 0.6876
-------------------------------------
[Epoch : 19/20]
Pr_Src_cls_loss	: 0.4628
Total_loss	: 1.4024
Open Loss	: 0.6025
Src_cls_loss	: 0.1130
Entropy Open	: 0.6869
-------------------------------------
[Epoch : 20/20]
Pr_Src_cls_loss	: 0.4628
Total_loss	: 1.3964
Open Loss	: 0.5980
Src_cls_loss	: 0.1122
Entropy Open	: 0.6862
-------------------------------------
H_score: 0.0000, OS* (acc_c): 0.5751, UNK (acc_p): 0.0000, acc_mix: 0.5751, F1: 0.6001
Uploading logs from: /mnt/data/home/tp2474/OpenSet-AdaTime/experiments_logs/mhealth to Pamap2_closed_set/OVANet_closed_set/mhealth_to_Pamap2_run_1
🏃 View run OVANet_run_1 at: http://127.0.0.1:5001/#/experiments/206873663002748842/runs/3b7a2c11ccdf47e583e8d23aa0757a8e
🧪 View experiment at: http://127.0.0.1:5001/#/experiments/206873663002748842
=============================================
Dataset: mhealth to Pamap2_closed_set
Method:  OVANet
=============================================
Source: mhealth ---> Target: Pamap2
Run ID: 2
=============================================
[Pr Epoch : 1/20]
Pr_Src_cls_loss	: 1.2053
-------------------------------------
[Pr Epoch : 2/20]
Pr_Src_cls_loss	: 1.1273
-------------------------------------
[Pr Epoch : 3/20]
Pr_Src_cls_loss	: 1.0597
-------------------------------------
[Pr Epoch : 4/20]
Pr_Src_cls_loss	: 0.9982
-------------------------------------
[Pr Epoch : 5/20]
Pr_Src_cls_loss	: 0.9402
-------------------------------------
[Pr Epoch : 6/20]
Pr_Src_cls_loss	: 0.8861
-------------------------------------
[Pr Epoch : 7/20]
Pr_Src_cls_loss	: 0.8361
-------------------------------------
[Pr Epoch : 8/20]
Pr_Src_cls_loss	: 0.7900
-------------------------------------
[Pr Epoch : 9/20]
Pr_Src_cls_loss	: 0.7476
-------------------------------------
[Pr Epoch : 10/20]
Pr_Src_cls_loss	: 0.7091
-------------------------------------
[Pr Epoch : 11/20]
Pr_Src_cls_loss	: 0.6737
-------------------------------------
[Pr Epoch : 12/20]
Pr_Src_cls_loss	: 0.6412
-------------------------------------
[Pr Epoch : 13/20]
Pr_Src_cls_loss	: 0.6114
-------------------------------------
[Pr Epoch : 14/20]
Pr_Src_cls_loss	: 0.5839
-------------------------------------
[Pr Epoch : 15/20]
Pr_Src_cls_loss	: 0.5587
-------------------------------------
[Pr Epoch : 16/20]
Pr_Src_cls_loss	: 0.5356
-------------------------------------
[Pr Epoch : 17/20]
Pr_Src_cls_loss	: 0.5142
-------------------------------------
[Pr Epoch : 18/20]
Pr_Src_cls_loss	: 0.4943
-------------------------------------
[Pr Epoch : 19/20]
Pr_Src_cls_loss	: 0.4758
-------------------------------------
[Pr Epoch : 20/20]
Pr_Src_cls_loss	: 0.4586
-------------------------------------
[Epoch : 1/20]
Pr_Src_cls_loss	: 0.4586
Total_loss	: 1.5151
Open Loss	: 0.6969
Src_cls_loss	: 0.1255
Entropy Open	: 0.6927
-------------------------------------
[Epoch : 2/20]
Pr_Src_cls_loss	: 0.4586
Total_loss	: 1.5079
Open Loss	: 0.6900
Src_cls_loss	: 0.1253
Entropy Open	: 0.6926
-------------------------------------
[Epoch : 3/20]
Pr_Src_cls_loss	: 0.4586
Total_loss	: 1.5008
Open Loss	: 0.6835
Src_cls_loss	: 0.1248
Entropy Open	: 0.6924
-------------------------------------
[Epoch : 4/20]
Pr_Src_cls_loss	: 0.4586
Total_loss	: 1.4940
Open Loss	: 0.6772
Src_cls_loss	: 0.1245
Entropy Open	: 0.6923
-------------------------------------
[Epoch : 5/20]
Pr_Src_cls_loss	: 0.4586
Total_loss	: 1.4874
Open Loss	: 0.6712
Src_cls_loss	: 0.1242
Entropy Open	: 0.6920
-------------------------------------
[Epoch : 6/20]
Pr_Src_cls_loss	: 0.4586
Total_loss	: 1.4810
Open Loss	: 0.6654
Src_cls_loss	: 0.1238
Entropy Open	: 0.6917
-------------------------------------
[Epoch : 7/20]
Pr_Src_cls_loss	: 0.4586
Total_loss	: 1.4746
Open Loss	: 0.6598
Src_cls_loss	: 0.1234
Entropy Open	: 0.6914
-------------------------------------
[Epoch : 8/20]
Pr_Src_cls_loss	: 0.4586
Total_loss	: 1.4684
Open Loss	: 0.6546
Src_cls_loss	: 0.1228
Entropy Open	: 0.6910
-------------------------------------
[Epoch : 9/20]
Pr_Src_cls_loss	: 0.4586
Total_loss	: 1.4621
Open Loss	: 0.6495
Src_cls_loss	: 0.1221
Entropy Open	: 0.6905
-------------------------------------
[Epoch : 10/20]
Pr_Src_cls_loss	: 0.4586
Total_loss	: 1.4560
Open Loss	: 0.6445
Src_cls_loss	: 0.1215
Entropy Open	: 0.6900
-------------------------------------
[Epoch : 11/20]
Pr_Src_cls_loss	: 0.4586
Total_loss	: 1.4498
Open Loss	: 0.6396
Src_cls_loss	: 0.1207
Entropy Open	: 0.6894
-------------------------------------
[Epoch : 12/20]
Pr_Src_cls_loss	: 0.4586
Total_loss	: 1.4436
Open Loss	: 0.6348
Src_cls_loss	: 0.1199
Entropy Open	: 0.6888
-------------------------------------
[Epoch : 13/20]
Pr_Src_cls_loss	: 0.4586
Total_loss	: 1.4375
Open Loss	: 0.6301
Src_cls_loss	: 0.1193
Entropy Open	: 0.6882
-------------------------------------
[Epoch : 14/20]
Pr_Src_cls_loss	: 0.4586
Total_loss	: 1.4314
Open Loss	: 0.6255
Src_cls_loss	: 0.1185
Entropy Open	: 0.6875
-------------------------------------
[Epoch : 15/20]
Pr_Src_cls_loss	: 0.4586
Total_loss	: 1.4252
Open Loss	: 0.6209
Src_cls_loss	: 0.1176
Entropy Open	: 0.6867
-------------------------------------
[Epoch : 16/20]
Pr_Src_cls_loss	: 0.4586
Total_loss	: 1.4192
Open Loss	: 0.6164
Src_cls_loss	: 0.1169
Entropy Open	: 0.6859
-------------------------------------
[Epoch : 17/20]
Pr_Src_cls_loss	: 0.4586
Total_loss	: 1.4132
Open Loss	: 0.6119
Src_cls_loss	: 0.1161
Entropy Open	: 0.6851
-------------------------------------
[Epoch : 18/20]
Pr_Src_cls_loss	: 0.4586
Total_loss	: 1.4073
Open Loss	: 0.6076
Src_cls_loss	: 0.1154
Entropy Open	: 0.6843
-------------------------------------
[Epoch : 19/20]
Pr_Src_cls_loss	: 0.4586
Total_loss	: 1.4012
Open Loss	: 0.6032
Src_cls_loss	: 0.1146
Entropy Open	: 0.6834
-------------------------------------
[Epoch : 20/20]
Pr_Src_cls_loss	: 0.4586
Total_loss	: 1.3952
Open Loss	: 0.5989
Src_cls_loss	: 0.1138
Entropy Open	: 0.6825
-------------------------------------
H_score: 0.0000, OS* (acc_c): 0.6608, UNK (acc_p): 0.0000, acc_mix: 0.6608, F1: 0.6939
Uploading logs from: /mnt/data/home/tp2474/OpenSet-AdaTime/experiments_logs/mhealth to Pamap2_closed_set/OVANet_closed_set/mhealth_to_Pamap2_run_2
🏃 View run OVANet_run_2 at: http://127.0.0.1:5001/#/experiments/206873663002748842/runs/072dca07bdf4438a9793a5972b8a520d
🧪 View experiment at: http://127.0.0.1:5001/#/experiments/206873663002748842
=============================================
Dataset: mhealth to Pamap2_closed_set
Method:  OVANet
=============================================
Source: mhealth ---> Target: Pamap2
Run ID: 3
=============================================
[Pr Epoch : 1/20]
Pr_Src_cls_loss	: 1.2019
-------------------------------------
[Pr Epoch : 2/20]
Pr_Src_cls_loss	: 1.1255
-------------------------------------
[Pr Epoch : 3/20]
Pr_Src_cls_loss	: 1.0589
-------------------------------------
[Pr Epoch : 4/20]
Pr_Src_cls_loss	: 0.9971
-------------------------------------
[Pr Epoch : 5/20]
Pr_Src_cls_loss	: 0.9396
-------------------------------------
[Pr Epoch : 6/20]
Pr_Src_cls_loss	: 0.8863
-------------------------------------
[Pr Epoch : 7/20]
Pr_Src_cls_loss	: 0.8367
-------------------------------------
[Pr Epoch : 8/20]
Pr_Src_cls_loss	: 0.7910
-------------------------------------
[Pr Epoch : 9/20]
Pr_Src_cls_loss	: 0.7491
-------------------------------------
[Pr Epoch : 10/20]
Pr_Src_cls_loss	: 0.7108
-------------------------------------
[Pr Epoch : 11/20]
Pr_Src_cls_loss	: 0.6756
-------------------------------------
[Pr Epoch : 12/20]
Pr_Src_cls_loss	: 0.6432
-------------------------------------
[Pr Epoch : 13/20]
Pr_Src_cls_loss	: 0.6134
-------------------------------------
[Pr Epoch : 14/20]
Pr_Src_cls_loss	: 0.5861
-------------------------------------
[Pr Epoch : 15/20]
Pr_Src_cls_loss	: 0.5610
-------------------------------------
[Pr Epoch : 16/20]
Pr_Src_cls_loss	: 0.5379
-------------------------------------
[Pr Epoch : 17/20]
Pr_Src_cls_loss	: 0.5164
-------------------------------------
[Pr Epoch : 18/20]
Pr_Src_cls_loss	: 0.4964
-------------------------------------
[Pr Epoch : 19/20]
Pr_Src_cls_loss	: 0.4780
-------------------------------------
[Pr Epoch : 20/20]
Pr_Src_cls_loss	: 0.4608
-------------------------------------
[Epoch : 1/20]
Pr_Src_cls_loss	: 0.4608
Total_loss	: 1.5255
Open Loss	: 0.7036
Src_cls_loss	: 0.1292
Entropy Open	: 0.6926
-------------------------------------
[Epoch : 2/20]
Pr_Src_cls_loss	: 0.4608
Total_loss	: 1.5170
Open Loss	: 0.6961
Src_cls_loss	: 0.1284
Entropy Open	: 0.6926
-------------------------------------
[Epoch : 3/20]
Pr_Src_cls_loss	: 0.4608
Total_loss	: 1.5095
Open Loss	: 0.6891
Src_cls_loss	: 0.1279
Entropy Open	: 0.6925
-------------------------------------
[Epoch : 4/20]
Pr_Src_cls_loss	: 0.4608
Total_loss	: 1.5021
Open Loss	: 0.6825
Src_cls_loss	: 0.1273
Entropy Open	: 0.6924
-------------------------------------
[Epoch : 5/20]
Pr_Src_cls_loss	: 0.4608
Total_loss	: 1.4952
Open Loss	: 0.6762
Src_cls_loss	: 0.1268
Entropy Open	: 0.6922
-------------------------------------
[Epoch : 6/20]
Pr_Src_cls_loss	: 0.4608
Total_loss	: 1.4883
Open Loss	: 0.6702
Src_cls_loss	: 0.1261
Entropy Open	: 0.6921
-------------------------------------
[Epoch : 7/20]
Pr_Src_cls_loss	: 0.4608
Total_loss	: 1.4816
Open Loss	: 0.6643
Src_cls_loss	: 0.1254
Entropy Open	: 0.6919
-------------------------------------
[Epoch : 8/20]
Pr_Src_cls_loss	: 0.4608
Total_loss	: 1.4752
Open Loss	: 0.6588
Src_cls_loss	: 0.1248
Entropy Open	: 0.6916
-------------------------------------
[Epoch : 9/20]
Pr_Src_cls_loss	: 0.4608
Total_loss	: 1.4688
Open Loss	: 0.6534
Src_cls_loss	: 0.1241
Entropy Open	: 0.6914
-------------------------------------
[Epoch : 10/20]
Pr_Src_cls_loss	: 0.4608
Total_loss	: 1.4626
Open Loss	: 0.6482
Src_cls_loss	: 0.1233
Entropy Open	: 0.6911
-------------------------------------
[Epoch : 11/20]
Pr_Src_cls_loss	: 0.4608
Total_loss	: 1.4564
Open Loss	: 0.6432
Src_cls_loss	: 0.1225
Entropy Open	: 0.6907
-------------------------------------
[Epoch : 12/20]
Pr_Src_cls_loss	: 0.4608
Total_loss	: 1.4503
Open Loss	: 0.6383
Src_cls_loss	: 0.1217
Entropy Open	: 0.6903
-------------------------------------
[Epoch : 13/20]
Pr_Src_cls_loss	: 0.4608
Total_loss	: 1.4442
Open Loss	: 0.6335
Src_cls_loss	: 0.1208
Entropy Open	: 0.6899
-------------------------------------
[Epoch : 14/20]
Pr_Src_cls_loss	: 0.4608
Total_loss	: 1.4381
Open Loss	: 0.6287
Src_cls_loss	: 0.1199
Entropy Open	: 0.6895
-------------------------------------
[Epoch : 15/20]
Pr_Src_cls_loss	: 0.4608
Total_loss	: 1.4321
Open Loss	: 0.6241
Src_cls_loss	: 0.1191
Entropy Open	: 0.6890
-------------------------------------
[Epoch : 16/20]
Pr_Src_cls_loss	: 0.4608
Total_loss	: 1.4262
Open Loss	: 0.6195
Src_cls_loss	: 0.1182
Entropy Open	: 0.6884
-------------------------------------
[Epoch : 17/20]
Pr_Src_cls_loss	: 0.4608
Total_loss	: 1.4203
Open Loss	: 0.6150
Src_cls_loss	: 0.1174
Entropy Open	: 0.6879
-------------------------------------
[Epoch : 18/20]
Pr_Src_cls_loss	: 0.4608
Total_loss	: 1.4144
Open Loss	: 0.6106
Src_cls_loss	: 0.1166
Entropy Open	: 0.6873
-------------------------------------
[Epoch : 19/20]
Pr_Src_cls_loss	: 0.4608
Total_loss	: 1.4086
Open Loss	: 0.6062
Src_cls_loss	: 0.1158
Entropy Open	: 0.6866
-------------------------------------
[Epoch : 20/20]
Pr_Src_cls_loss	: 0.4608
Total_loss	: 1.4028
Open Loss	: 0.6019
Src_cls_loss	: 0.1149
Entropy Open	: 0.6859
-------------------------------------
H_score: 0.0000, OS* (acc_c): 0.5261, UNK (acc_p): 0.0000, acc_mix: 0.5261, F1: 0.5504
Uploading logs from: /mnt/data/home/tp2474/OpenSet-AdaTime/experiments_logs/mhealth to Pamap2_closed_set/OVANet_closed_set/mhealth_to_Pamap2_run_3
🏃 View run OVANet_run_3 at: http://127.0.0.1:5001/#/experiments/206873663002748842/runs/b331a7cf6d684cd2bc0171111d02ece3
🧪 View experiment at: http://127.0.0.1:5001/#/experiments/206873663002748842
=============================================
Dataset: mhealth to Pamap2_closed_set
Method:  OVANet
=============================================
Source: mhealth ---> Target: Pamap2
Run ID: 4
=============================================
[Pr Epoch : 1/20]
Pr_Src_cls_loss	: 1.1986
-------------------------------------
[Pr Epoch : 2/20]
Pr_Src_cls_loss	: 1.1233
-------------------------------------
[Pr Epoch : 3/20]
Pr_Src_cls_loss	: 1.0566
-------------------------------------
[Pr Epoch : 4/20]
Pr_Src_cls_loss	: 0.9948
-------------------------------------
[Pr Epoch : 5/20]
Pr_Src_cls_loss	: 0.9363
-------------------------------------
[Pr Epoch : 6/20]
Pr_Src_cls_loss	: 0.8823
-------------------------------------
[Pr Epoch : 7/20]
Pr_Src_cls_loss	: 0.8322
-------------------------------------
[Pr Epoch : 8/20]
Pr_Src_cls_loss	: 0.7866
-------------------------------------
[Pr Epoch : 9/20]
Pr_Src_cls_loss	: 0.7443
-------------------------------------
[Pr Epoch : 10/20]
Pr_Src_cls_loss	: 0.7059
-------------------------------------
[Pr Epoch : 11/20]
Pr_Src_cls_loss	: 0.6706
-------------------------------------
[Pr Epoch : 12/20]
Pr_Src_cls_loss	: 0.6384
-------------------------------------
[Pr Epoch : 13/20]
Pr_Src_cls_loss	: 0.6088
-------------------------------------
[Pr Epoch : 14/20]
Pr_Src_cls_loss	: 0.5816
-------------------------------------
[Pr Epoch : 15/20]
Pr_Src_cls_loss	: 0.5566
-------------------------------------
[Pr Epoch : 16/20]
Pr_Src_cls_loss	: 0.5336
-------------------------------------
[Pr Epoch : 17/20]
Pr_Src_cls_loss	: 0.5122
-------------------------------------
[Pr Epoch : 18/20]
Pr_Src_cls_loss	: 0.4924
-------------------------------------
[Pr Epoch : 19/20]
Pr_Src_cls_loss	: 0.4740
-------------------------------------
[Pr Epoch : 20/20]
Pr_Src_cls_loss	: 0.4568
-------------------------------------
[Epoch : 1/20]
Pr_Src_cls_loss	: 0.4568
Total_loss	: 1.5083
Open Loss	: 0.6906
Src_cls_loss	: 0.1254
Entropy Open	: 0.6924
-------------------------------------
[Epoch : 2/20]
Pr_Src_cls_loss	: 0.4568
Total_loss	: 1.5016
Open Loss	: 0.6840
Src_cls_loss	: 0.1253
Entropy Open	: 0.6924
-------------------------------------
[Epoch : 3/20]
Pr_Src_cls_loss	: 0.4568
Total_loss	: 1.4944
Open Loss	: 0.6778
Src_cls_loss	: 0.1243
Entropy Open	: 0.6923
-------------------------------------
[Epoch : 4/20]
Pr_Src_cls_loss	: 0.4568
Total_loss	: 1.4877
Open Loss	: 0.6718
Src_cls_loss	: 0.1236
Entropy Open	: 0.6923
-------------------------------------
[Epoch : 5/20]
Pr_Src_cls_loss	: 0.4568
Total_loss	: 1.4813
Open Loss	: 0.6660
Src_cls_loss	: 0.1230
Entropy Open	: 0.6922
-------------------------------------
[Epoch : 6/20]
Pr_Src_cls_loss	: 0.4568
Total_loss	: 1.4753
Open Loss	: 0.6606
Src_cls_loss	: 0.1226
Entropy Open	: 0.6922
-------------------------------------
[Epoch : 7/20]
Pr_Src_cls_loss	: 0.4568
Total_loss	: 1.4693
Open Loss	: 0.6554
Src_cls_loss	: 0.1219
Entropy Open	: 0.6921
-------------------------------------
[Epoch : 8/20]
Pr_Src_cls_loss	: 0.4568
Total_loss	: 1.4633
Open Loss	: 0.6504
Src_cls_loss	: 0.1210
Entropy Open	: 0.6919
-------------------------------------
[Epoch : 9/20]
Pr_Src_cls_loss	: 0.4568
Total_loss	: 1.4574
Open Loss	: 0.6454
Src_cls_loss	: 0.1202
Entropy Open	: 0.6918
-------------------------------------
[Epoch : 10/20]
Pr_Src_cls_loss	: 0.4568
Total_loss	: 1.4516
Open Loss	: 0.6407
Src_cls_loss	: 0.1193
Entropy Open	: 0.6916
-------------------------------------
[Epoch : 11/20]
Pr_Src_cls_loss	: 0.4568
Total_loss	: 1.4458
Open Loss	: 0.6360
Src_cls_loss	: 0.1185
Entropy Open	: 0.6914
-------------------------------------
[Epoch : 12/20]
Pr_Src_cls_loss	: 0.4568
Total_loss	: 1.4400
Open Loss	: 0.6314
Src_cls_loss	: 0.1176
Entropy Open	: 0.6911
-------------------------------------
[Epoch : 13/20]
Pr_Src_cls_loss	: 0.4568
Total_loss	: 1.4343
Open Loss	: 0.6268
Src_cls_loss	: 0.1168
Entropy Open	: 0.6908
-------------------------------------
[Epoch : 14/20]
Pr_Src_cls_loss	: 0.4568
Total_loss	: 1.4286
Open Loss	: 0.6223
Src_cls_loss	: 0.1159
Entropy Open	: 0.6904
-------------------------------------
[Epoch : 15/20]
Pr_Src_cls_loss	: 0.4568
Total_loss	: 1.4228
Open Loss	: 0.6179
Src_cls_loss	: 0.1150
Entropy Open	: 0.6900
-------------------------------------
[Epoch : 16/20]
Pr_Src_cls_loss	: 0.4568
Total_loss	: 1.4172
Open Loss	: 0.6135
Src_cls_loss	: 0.1142
Entropy Open	: 0.6895
-------------------------------------
[Epoch : 17/20]
Pr_Src_cls_loss	: 0.4568
Total_loss	: 1.4115
Open Loss	: 0.6092
Src_cls_loss	: 0.1133
Entropy Open	: 0.6890
-------------------------------------
[Epoch : 18/20]
Pr_Src_cls_loss	: 0.4568
Total_loss	: 1.4059
Open Loss	: 0.6049
Src_cls_loss	: 0.1125
Entropy Open	: 0.6885
-------------------------------------
[Epoch : 19/20]
Pr_Src_cls_loss	: 0.4568
Total_loss	: 1.4003
Open Loss	: 0.6007
Src_cls_loss	: 0.1116
Entropy Open	: 0.6879
-------------------------------------
[Epoch : 20/20]
Pr_Src_cls_loss	: 0.4568
Total_loss	: 1.3946
Open Loss	: 0.5965
Src_cls_loss	: 0.1108
Entropy Open	: 0.6874
-------------------------------------
H_score: 0.0000, OS* (acc_c): 0.4249, UNK (acc_p): 0.0000, acc_mix: 0.4249, F1: 0.4260
Uploading logs from: /mnt/data/home/tp2474/OpenSet-AdaTime/experiments_logs/mhealth to Pamap2_closed_set/OVANet_closed_set/mhealth_to_Pamap2_run_4
🏃 View run OVANet_run_4 at: http://127.0.0.1:5001/#/experiments/206873663002748842/runs/328666de6b9447d7ac53b8de31898e96
🧪 View experiment at: http://127.0.0.1:5001/#/experiments/206873663002748842
============================================
Starting experiments for DA Method: PPOT
============================================
Running: Source=RealWorld -> Target=Pamap2
[scenario] PPOT -> UniDA (uniDA=True)
Unlabeled data shape:  (4752, 150, 18)
Unlabelled Combined shape: (8054, 150, 18)

--- Dataloader Size Check ---
Source Train batches:   296
Target Train batches:   74
-------------------------------

Private classes:  tensor([])
=============================================
Dataset: RealWorld to Pamap2_closed_set
Method:  PPOT
=============================================
Source: RealWorld ---> Target: Pamap2
Run ID: 0
=============================================
[Pr Epoch : 1/20]
Pr_Src_cls_loss	: 1.2001
-------------------------------------
[Pr Epoch : 2/20]
Pr_Src_cls_loss	: 1.1341
-------------------------------------
[Pr Epoch : 3/20]
Pr_Src_cls_loss	: 1.0788
-------------------------------------
[Pr Epoch : 4/20]
Pr_Src_cls_loss	: 1.0276
-------------------------------------
[Pr Epoch : 5/20]
Pr_Src_cls_loss	: 0.9799
-------------------------------------
[Pr Epoch : 6/20]
Pr_Src_cls_loss	: 0.9355
-------------------------------------
[Pr Epoch : 7/20]
Pr_Src_cls_loss	: 0.8940
-------------------------------------
[Pr Epoch : 8/20]
Pr_Src_cls_loss	: 0.8553
-------------------------------------
[Pr Epoch : 9/20]
Pr_Src_cls_loss	: 0.8190
-------------------------------------
[Pr Epoch : 10/20]
Pr_Src_cls_loss	: 0.7848
-------------------------------------
[Pr Epoch : 11/20]
Pr_Src_cls_loss	: 0.7529
-------------------------------------
[Pr Epoch : 12/20]
Pr_Src_cls_loss	: 0.7229
-------------------------------------
[Pr Epoch : 13/20]
Pr_Src_cls_loss	: 0.6948
-------------------------------------
[Pr Epoch : 14/20]
Pr_Src_cls_loss	: 0.6683
-------------------------------------
[Pr Epoch : 15/20]
Pr_Src_cls_loss	: 0.6434
-------------------------------------
[Pr Epoch : 16/20]
Pr_Src_cls_loss	: 0.6199
-------------------------------------
[Pr Epoch : 17/20]
Pr_Src_cls_loss	: 0.5979
-------------------------------------
[Pr Epoch : 18/20]
Pr_Src_cls_loss	: 0.5771
-------------------------------------
[Pr Epoch : 19/20]
Pr_Src_cls_loss	: 0.5575
-------------------------------------
[Pr Epoch : 20/20]
Pr_Src_cls_loss	: 0.5390
-------------------------------------
[Epoch : 1/20]
Pr_Src_cls_loss	: 0.5390
Total_loss	: 0.0700
OT Loss	: 0.2508
Entropic Loss	: -0.4606
Src_cls_loss	: 0.1544
-------------------------------------
[Epoch : 2/20]
Pr_Src_cls_loss	: 0.5390
Total_loss	: 0.0809
OT Loss	: 0.2397
Entropic Loss	: -0.4217
Src_cls_loss	: 0.1432
-------------------------------------
[Epoch : 3/20]
Pr_Src_cls_loss	: 0.5390
Total_loss	: 0.0954
OT Loss	: 0.2319
Entropic Loss	: -0.3870
Src_cls_loss	: 0.1345
-------------------------------------
[Epoch : 4/20]
Pr_Src_cls_loss	: 0.5390
Total_loss	: 0.1193
OT Loss	: 0.2385
Entropic Loss	: -0.3667
Src_cls_loss	: 0.1282
-------------------------------------
[Epoch : 5/20]
Pr_Src_cls_loss	: 0.5390
Total_loss	: 0.1287
OT Loss	: 0.2287
Entropic Loss	: -0.3460
Src_cls_loss	: 0.1316
-------------------------------------
[Epoch : 6/20]
Pr_Src_cls_loss	: 0.5390
Total_loss	: 0.1388
OT Loss	: 0.2205
Entropic Loss	: -0.3204
Src_cls_loss	: 0.1285
-------------------------------------
[Epoch : 7/20]
Pr_Src_cls_loss	: 0.5390
Total_loss	: 0.1630
OT Loss	: 0.2150
Entropic Loss	: -0.2954
Src_cls_loss	: 0.1359
-------------------------------------
[Epoch : 8/20]
Pr_Src_cls_loss	: 0.5390
Total_loss	: 0.1661
OT Loss	: 0.2083
Entropic Loss	: -0.2754
Src_cls_loss	: 0.1290
-------------------------------------
[Epoch : 9/20]
Pr_Src_cls_loss	: 0.5390
Total_loss	: 0.1910
OT Loss	: 0.2087
Entropic Loss	: -0.2609
Src_cls_loss	: 0.1389
-------------------------------------
[Epoch : 10/20]
Pr_Src_cls_loss	: 0.5390
Total_loss	: 0.2026
OT Loss	: 0.2049
Entropic Loss	: -0.2405
Src_cls_loss	: 0.1357
-------------------------------------
[Epoch : 11/20]
Pr_Src_cls_loss	: 0.5390
Total_loss	: 0.2285
OT Loss	: 0.2103
Entropic Loss	: -0.2189
Src_cls_loss	: 0.1319
-------------------------------------
[Epoch : 12/20]
Pr_Src_cls_loss	: 0.5390
Total_loss	: 0.2423
OT Loss	: 0.2109
Entropic Loss	: -0.2010
Src_cls_loss	: 0.1269
-------------------------------------
[Epoch : 13/20]
Pr_Src_cls_loss	: 0.5390
Total_loss	: 0.2763
OT Loss	: 0.2259
Entropic Loss	: -0.1838
Src_cls_loss	: 0.1212
-------------------------------------
[Epoch : 14/20]
Pr_Src_cls_loss	: 0.5390
Total_loss	: 0.2953
OT Loss	: 0.2274
Entropic Loss	: -0.1697
Src_cls_loss	: 0.1239
-------------------------------------
[Epoch : 15/20]
Pr_Src_cls_loss	: 0.5390
Total_loss	: 0.3034
OT Loss	: 0.2270
Entropic Loss	: -0.1596
Src_cls_loss	: 0.1226
-------------------------------------
[Epoch : 16/20]
Pr_Src_cls_loss	: 0.5390
Total_loss	: 0.3159
OT Loss	: 0.2310
Entropic Loss	: -0.1514
Src_cls_loss	: 0.1207
-------------------------------------
[Epoch : 17/20]
Pr_Src_cls_loss	: 0.5390
Total_loss	: 0.3170
OT Loss	: 0.2282
Entropic Loss	: -0.1439
Src_cls_loss	: 0.1186
-------------------------------------
[Epoch : 18/20]
Pr_Src_cls_loss	: 0.5390
Total_loss	: 0.3209
OT Loss	: 0.2290
Entropic Loss	: -0.1379
Src_cls_loss	: 0.1153
-------------------------------------
[Epoch : 19/20]
Pr_Src_cls_loss	: 0.5390
Total_loss	: 0.3190
OT Loss	: 0.2267
Entropic Loss	: -0.1326
Src_cls_loss	: 0.1116
-------------------------------------
[Epoch : 20/20]
Pr_Src_cls_loss	: 0.5390
Total_loss	: 0.3283
OT Loss	: 0.2303
Entropic Loss	: -0.1260
Src_cls_loss	: 0.1088
-------------------------------------
/mnt/data/home/tp2474/OpenSet-AdaTime/trainers/abstract_trainer.py:331: FutureWarning: The behavior of DataFrame concatenation with empty or all-NA entries is deprecated. In a future version, this will no longer exclude empty or all-NA columns when determining the result dtypes. To retain the old behavior, exclude the relevant entries before the concat operation.
  table = pd.concat([table, results_df], ignore_index=True)
H_score: 0.0000, OS* (acc_c): 0.7441, UNK (acc_p): 0.0000, acc_mix: 0.7441, F1: 0.7561
Uploading logs from: /mnt/data/home/tp2474/OpenSet-AdaTime/experiments_logs/RealWorld to Pamap2_closed_set/PPOT_closed_set/RealWorld_to_Pamap2_run_0
🏃 View run PPOT_run_0 at: http://127.0.0.1:5001/#/experiments/869196474879197795/runs/ce28111f3d434cc288c80cebb8663cb2
🧪 View experiment at: http://127.0.0.1:5001/#/experiments/869196474879197795
=============================================
Dataset: RealWorld to Pamap2_closed_set
Method:  PPOT
=============================================
Source: RealWorld ---> Target: Pamap2
Run ID: 1
=============================================
[Pr Epoch : 1/20]
Pr_Src_cls_loss	: 1.2189
-------------------------------------
[Pr Epoch : 2/20]
Pr_Src_cls_loss	: 1.1524
-------------------------------------
[Pr Epoch : 3/20]
Pr_Src_cls_loss	: 1.0953
-------------------------------------
[Pr Epoch : 4/20]
Pr_Src_cls_loss	: 1.0431
-------------------------------------
[Pr Epoch : 5/20]
Pr_Src_cls_loss	: 0.9946
-------------------------------------
[Pr Epoch : 6/20]
Pr_Src_cls_loss	: 0.9494
-------------------------------------
[Pr Epoch : 7/20]
Pr_Src_cls_loss	: 0.9074
-------------------------------------
[Pr Epoch : 8/20]
Pr_Src_cls_loss	: 0.8681
-------------------------------------
[Pr Epoch : 9/20]
Pr_Src_cls_loss	: 0.8313
-------------------------------------
[Pr Epoch : 10/20]
Pr_Src_cls_loss	: 0.7967
-------------------------------------
[Pr Epoch : 11/20]
Pr_Src_cls_loss	: 0.7643
-------------------------------------
[Pr Epoch : 12/20]
Pr_Src_cls_loss	: 0.7339
-------------------------------------
[Pr Epoch : 13/20]
Pr_Src_cls_loss	: 0.7054
-------------------------------------
[Pr Epoch : 14/20]
Pr_Src_cls_loss	: 0.6785
-------------------------------------
[Pr Epoch : 15/20]
Pr_Src_cls_loss	: 0.6532
-------------------------------------
[Pr Epoch : 16/20]
Pr_Src_cls_loss	: 0.6294
-------------------------------------
[Pr Epoch : 17/20]
Pr_Src_cls_loss	: 0.6071
-------------------------------------
[Pr Epoch : 18/20]
Pr_Src_cls_loss	: 0.5861
-------------------------------------
[Pr Epoch : 19/20]
Pr_Src_cls_loss	: 0.5662
-------------------------------------
[Pr Epoch : 20/20]
Pr_Src_cls_loss	: 0.5475
-------------------------------------
[Epoch : 1/20]
Pr_Src_cls_loss	: 0.5475
Total_loss	: -0.1890
OT Loss	: 0.2596
Entropic Loss	: -0.7253
Src_cls_loss	: 0.1468
-------------------------------------
[Epoch : 2/20]
Pr_Src_cls_loss	: 0.5475
Total_loss	: -0.1965
OT Loss	: 0.2407
Entropic Loss	: -0.6953
Src_cls_loss	: 0.1377
-------------------------------------
[Epoch : 3/20]
Pr_Src_cls_loss	: 0.5475
Total_loss	: -0.1716
OT Loss	: 0.2482
Entropic Loss	: -0.6758
Src_cls_loss	: 0.1319
-------------------------------------
[Epoch : 4/20]
Pr_Src_cls_loss	: 0.5475
Total_loss	: -0.1543
OT Loss	: 0.2275
Entropic Loss	: -0.6202
Src_cls_loss	: 0.1246
-------------------------------------
[Epoch : 5/20]
Pr_Src_cls_loss	: 0.5475
Total_loss	: -0.1240
OT Loss	: 0.2339
Entropic Loss	: -0.5967
Src_cls_loss	: 0.1218
-------------------------------------
[Epoch : 6/20]
Pr_Src_cls_loss	: 0.5475
Total_loss	: -0.1415
OT Loss	: 0.2172
Entropic Loss	: -0.5893
Src_cls_loss	: 0.1219
-------------------------------------
[Epoch : 7/20]
Pr_Src_cls_loss	: 0.5475
Total_loss	: -0.1603
OT Loss	: 0.2145
Entropic Loss	: -0.6050
Src_cls_loss	: 0.1229
-------------------------------------
[Epoch : 8/20]
Pr_Src_cls_loss	: 0.5475
Total_loss	: -0.1715
OT Loss	: 0.2054
Entropic Loss	: -0.6016
Src_cls_loss	: 0.1221
-------------------------------------
[Epoch : 9/20]
Pr_Src_cls_loss	: 0.5475
Total_loss	: -0.1712
OT Loss	: 0.2123
Entropic Loss	: -0.6115
Src_cls_loss	: 0.1219
-------------------------------------
[Epoch : 10/20]
Pr_Src_cls_loss	: 0.5475
Total_loss	: -0.1817
OT Loss	: 0.2135
Entropic Loss	: -0.6181
Src_cls_loss	: 0.1162
-------------------------------------
[Epoch : 11/20]
Pr_Src_cls_loss	: 0.5475
Total_loss	: -0.1936
OT Loss	: 0.2046
Entropic Loss	: -0.6151
Src_cls_loss	: 0.1147
-------------------------------------
[Epoch : 12/20]
Pr_Src_cls_loss	: 0.5475
Total_loss	: -0.2105
OT Loss	: 0.1993
Entropic Loss	: -0.6252
Src_cls_loss	: 0.1158
-------------------------------------
[Epoch : 13/20]
Pr_Src_cls_loss	: 0.5475
Total_loss	: -0.2147
OT Loss	: 0.1953
Entropic Loss	: -0.6225
Src_cls_loss	: 0.1148
-------------------------------------
[Epoch : 14/20]
Pr_Src_cls_loss	: 0.5475
Total_loss	: -0.2268
OT Loss	: 0.1927
Entropic Loss	: -0.6269
Src_cls_loss	: 0.1111
-------------------------------------
[Epoch : 15/20]
Pr_Src_cls_loss	: 0.5475
Total_loss	: -0.2344
OT Loss	: 0.1901
Entropic Loss	: -0.6295
Src_cls_loss	: 0.1099
-------------------------------------
[Epoch : 16/20]
Pr_Src_cls_loss	: 0.5475
Total_loss	: -0.2440
OT Loss	: 0.1867
Entropic Loss	: -0.6324
Src_cls_loss	: 0.1084
-------------------------------------
[Epoch : 17/20]
Pr_Src_cls_loss	: 0.5475
Total_loss	: -0.2367
OT Loss	: 0.1849
Entropic Loss	: -0.6191
Src_cls_loss	: 0.1050
-------------------------------------
[Epoch : 18/20]
Pr_Src_cls_loss	: 0.5475
Total_loss	: -0.2337
OT Loss	: 0.1832
Entropic Loss	: -0.6104
Src_cls_loss	: 0.1019
-------------------------------------
[Epoch : 19/20]
Pr_Src_cls_loss	: 0.5475
Total_loss	: -0.2179
OT Loss	: 0.1831
Entropic Loss	: -0.5937
Src_cls_loss	: 0.1012
-------------------------------------
[Epoch : 20/20]
Pr_Src_cls_loss	: 0.5475
Total_loss	: -0.2104
OT Loss	: 0.1802
Entropic Loss	: -0.5786
Src_cls_loss	: 0.0979
-------------------------------------
H_score: 0.0000, OS* (acc_c): 0.6789, UNK (acc_p): 0.0000, acc_mix: 0.6789, F1: 0.7453
Uploading logs from: /mnt/data/home/tp2474/OpenSet-AdaTime/experiments_logs/RealWorld to Pamap2_closed_set/PPOT_closed_set/RealWorld_to_Pamap2_run_1
🏃 View run PPOT_run_1 at: http://127.0.0.1:5001/#/experiments/869196474879197795/runs/401145c61a904f7c9892fee05103fc19
🧪 View experiment at: http://127.0.0.1:5001/#/experiments/869196474879197795
=============================================
Dataset: RealWorld to Pamap2_closed_set
Method:  PPOT
=============================================
Source: RealWorld ---> Target: Pamap2
Run ID: 2
=============================================
[Pr Epoch : 1/20]
Pr_Src_cls_loss	: 1.2120
-------------------------------------
[Pr Epoch : 2/20]
Pr_Src_cls_loss	: 1.1472
-------------------------------------
[Pr Epoch : 3/20]
Pr_Src_cls_loss	: 1.0919
-------------------------------------
[Pr Epoch : 4/20]
Pr_Src_cls_loss	: 1.0402
-------------------------------------
[Pr Epoch : 5/20]
Pr_Src_cls_loss	: 0.9923
-------------------------------------
[Pr Epoch : 6/20]
Pr_Src_cls_loss	: 0.9476
-------------------------------------
[Pr Epoch : 7/20]
Pr_Src_cls_loss	: 0.9059
-------------------------------------
[Pr Epoch : 8/20]
Pr_Src_cls_loss	: 0.8670
-------------------------------------
[Pr Epoch : 9/20]
Pr_Src_cls_loss	: 0.8303
-------------------------------------
[Pr Epoch : 10/20]
Pr_Src_cls_loss	: 0.7959
-------------------------------------
[Pr Epoch : 11/20]
Pr_Src_cls_loss	: 0.7638
-------------------------------------
[Pr Epoch : 12/20]
Pr_Src_cls_loss	: 0.7335
-------------------------------------
[Pr Epoch : 13/20]
Pr_Src_cls_loss	: 0.7051
-------------------------------------
[Pr Epoch : 14/20]
Pr_Src_cls_loss	: 0.6784
-------------------------------------
[Pr Epoch : 15/20]
Pr_Src_cls_loss	: 0.6533
-------------------------------------
[Pr Epoch : 16/20]
Pr_Src_cls_loss	: 0.6297
-------------------------------------
[Pr Epoch : 17/20]
Pr_Src_cls_loss	: 0.6074
-------------------------------------
[Pr Epoch : 18/20]
Pr_Src_cls_loss	: 0.5865
-------------------------------------
[Pr Epoch : 19/20]
Pr_Src_cls_loss	: 0.5667
-------------------------------------
[Pr Epoch : 20/20]
Pr_Src_cls_loss	: 0.5480
-------------------------------------
[Epoch : 1/20]
Pr_Src_cls_loss	: 0.5480
Total_loss	: -0.0414
OT Loss	: 0.2347
Entropic Loss	: -0.5461
Src_cls_loss	: 0.1527
-------------------------------------
[Epoch : 2/20]
Pr_Src_cls_loss	: 0.5480
Total_loss	: 0.1370
OT Loss	: 0.2184
Entropic Loss	: -0.3528
Src_cls_loss	: 0.1622
-------------------------------------
[Epoch : 3/20]
Pr_Src_cls_loss	: 0.5480
Total_loss	: 0.2052
OT Loss	: 0.2141
Entropic Loss	: -0.2629
Src_cls_loss	: 0.1470
-------------------------------------
[Epoch : 4/20]
Pr_Src_cls_loss	: 0.5480
Total_loss	: 0.3047
OT Loss	: 0.2407
Entropic Loss	: -0.1992
Src_cls_loss	: 0.1428
-------------------------------------
[Epoch : 5/20]
Pr_Src_cls_loss	: 0.5480
Total_loss	: 0.3606
OT Loss	: 0.2526
Entropic Loss	: -0.1560
Src_cls_loss	: 0.1377
-------------------------------------
[Epoch : 6/20]
Pr_Src_cls_loss	: 0.5480
Total_loss	: 0.3878
OT Loss	: 0.2412
Entropic Loss	: -0.1359
Src_cls_loss	: 0.1619
-------------------------------------
[Epoch : 7/20]
Pr_Src_cls_loss	: 0.5480
Total_loss	: 0.4043
OT Loss	: 0.2416
Entropic Loss	: -0.1209
Src_cls_loss	: 0.1629
-------------------------------------
[Epoch : 8/20]
Pr_Src_cls_loss	: 0.5480
Total_loss	: 0.4278
OT Loss	: 0.2502
Entropic Loss	: -0.1068
Src_cls_loss	: 0.1592
-------------------------------------
[Epoch : 9/20]
Pr_Src_cls_loss	: 0.5480
Total_loss	: 0.4318
OT Loss	: 0.2505
Entropic Loss	: -0.0936
Src_cls_loss	: 0.1496
-------------------------------------
[Epoch : 10/20]
Pr_Src_cls_loss	: 0.5480
Total_loss	: 0.4185
OT Loss	: 0.2428
Entropic Loss	: -0.0881
Src_cls_loss	: 0.1424
-------------------------------------
[Epoch : 11/20]
Pr_Src_cls_loss	: 0.5480
Total_loss	: 0.4637
OT Loss	: 0.2680
Entropic Loss	: -0.0768
Src_cls_loss	: 0.1385
-------------------------------------
[Epoch : 12/20]
Pr_Src_cls_loss	: 0.5480
Total_loss	: 0.4538
OT Loss	: 0.2618
Entropic Loss	: -0.0731
Src_cls_loss	: 0.1342
-------------------------------------
[Epoch : 13/20]
Pr_Src_cls_loss	: 0.5480
Total_loss	: 0.4457
OT Loss	: 0.2587
Entropic Loss	: -0.0709
Src_cls_loss	: 0.1286
-------------------------------------
[Epoch : 14/20]
Pr_Src_cls_loss	: 0.5480
Total_loss	: 0.4343
OT Loss	: 0.2510
Entropic Loss	: -0.0683
Src_cls_loss	: 0.1262
-------------------------------------
[Epoch : 15/20]
Pr_Src_cls_loss	: 0.5480
Total_loss	: 0.4315
OT Loss	: 0.2505
Entropic Loss	: -0.0654
Src_cls_loss	: 0.1210
-------------------------------------
[Epoch : 16/20]
Pr_Src_cls_loss	: 0.5480
Total_loss	: 0.4191
OT Loss	: 0.2460
Entropic Loss	: -0.0663
Src_cls_loss	: 0.1165
-------------------------------------
[Epoch : 17/20]
Pr_Src_cls_loss	: 0.5480
Total_loss	: 0.4109
OT Loss	: 0.2410
Entropic Loss	: -0.0654
Src_cls_loss	: 0.1148
-------------------------------------
[Epoch : 18/20]
Pr_Src_cls_loss	: 0.5480
Total_loss	: 0.4072
OT Loss	: 0.2356
Entropic Loss	: -0.0653
Src_cls_loss	: 0.1191
-------------------------------------
[Epoch : 19/20]
Pr_Src_cls_loss	: 0.5480
Total_loss	: 0.3997
OT Loss	: 0.2328
Entropic Loss	: -0.0645
Src_cls_loss	: 0.1150
-------------------------------------
[Epoch : 20/20]
Pr_Src_cls_loss	: 0.5480
Total_loss	: 0.3968
OT Loss	: 0.2297
Entropic Loss	: -0.0610
Src_cls_loss	: 0.1133
-------------------------------------
H_score: 0.0000, OS* (acc_c): 0.7923, UNK (acc_p): 0.0000, acc_mix: 0.7923, F1: 0.8117
Uploading logs from: /mnt/data/home/tp2474/OpenSet-AdaTime/experiments_logs/RealWorld to Pamap2_closed_set/PPOT_closed_set/RealWorld_to_Pamap2_run_2
🏃 View run PPOT_run_2 at: http://127.0.0.1:5001/#/experiments/869196474879197795/runs/4e0437b86f16417ba2a1db3fb6d9cd61
🧪 View experiment at: http://127.0.0.1:5001/#/experiments/869196474879197795
=============================================
Dataset: RealWorld to Pamap2_closed_set
Method:  PPOT
=============================================
Source: RealWorld ---> Target: Pamap2
Run ID: 3
=============================================
[Pr Epoch : 1/20]
Pr_Src_cls_loss	: 1.2109
-------------------------------------
[Pr Epoch : 2/20]
Pr_Src_cls_loss	: 1.1460
-------------------------------------
[Pr Epoch : 3/20]
Pr_Src_cls_loss	: 1.0901
-------------------------------------
[Pr Epoch : 4/20]
Pr_Src_cls_loss	: 1.0384
-------------------------------------
[Pr Epoch : 5/20]
Pr_Src_cls_loss	: 0.9900
-------------------------------------
[Pr Epoch : 6/20]
Pr_Src_cls_loss	: 0.9451
-------------------------------------
[Pr Epoch : 7/20]
Pr_Src_cls_loss	: 0.9030
-------------------------------------
[Pr Epoch : 8/20]
Pr_Src_cls_loss	: 0.8635
-------------------------------------
[Pr Epoch : 9/20]
Pr_Src_cls_loss	: 0.8267
-------------------------------------
[Pr Epoch : 10/20]
Pr_Src_cls_loss	: 0.7923
-------------------------------------
[Pr Epoch : 11/20]
Pr_Src_cls_loss	: 0.7601
-------------------------------------
[Pr Epoch : 12/20]
Pr_Src_cls_loss	: 0.7298
-------------------------------------
[Pr Epoch : 13/20]
Pr_Src_cls_loss	: 0.7014
-------------------------------------
[Pr Epoch : 14/20]
Pr_Src_cls_loss	: 0.6746
-------------------------------------
[Pr Epoch : 15/20]
Pr_Src_cls_loss	: 0.6494
-------------------------------------
[Pr Epoch : 16/20]
Pr_Src_cls_loss	: 0.6257
-------------------------------------
[Pr Epoch : 17/20]
Pr_Src_cls_loss	: 0.6034
-------------------------------------
[Pr Epoch : 18/20]
Pr_Src_cls_loss	: 0.5825
-------------------------------------
[Pr Epoch : 19/20]
Pr_Src_cls_loss	: 0.5627
-------------------------------------
[Pr Epoch : 20/20]
Pr_Src_cls_loss	: 0.5440
-------------------------------------
[Epoch : 1/20]
Pr_Src_cls_loss	: 0.5440
Total_loss	: 0.1478
OT Loss	: 0.2217
Entropic Loss	: -0.3411
Src_cls_loss	: 0.1564
-------------------------------------
[Epoch : 2/20]
Pr_Src_cls_loss	: 0.5440
Total_loss	: 0.2651
OT Loss	: 0.2540
Entropic Loss	: -0.2687
Src_cls_loss	: 0.1528
-------------------------------------
[Epoch : 3/20]
Pr_Src_cls_loss	: 0.5440
Total_loss	: 0.3080
OT Loss	: 0.2503
Entropic Loss	: -0.2206
Src_cls_loss	: 0.1531
-------------------------------------
[Epoch : 4/20]
Pr_Src_cls_loss	: 0.5440
Total_loss	: 0.3638
OT Loss	: 0.2635
Entropic Loss	: -0.1739
Src_cls_loss	: 0.1424
-------------------------------------
[Epoch : 5/20]
Pr_Src_cls_loss	: 0.5440
Total_loss	: 0.4173
OT Loss	: 0.2708
Entropic Loss	: -0.1385
Src_cls_loss	: 0.1496
-------------------------------------
[Epoch : 6/20]
Pr_Src_cls_loss	: 0.5440
Total_loss	: 0.4167
OT Loss	: 0.2620
Entropic Loss	: -0.1190
Src_cls_loss	: 0.1426
-------------------------------------
[Epoch : 7/20]
Pr_Src_cls_loss	: 0.5440
Total_loss	: 0.4556
OT Loss	: 0.2754
Entropic Loss	: -0.1006
Src_cls_loss	: 0.1431
-------------------------------------
[Epoch : 8/20]
Pr_Src_cls_loss	: 0.5440
Total_loss	: 0.4679
OT Loss	: 0.2776
Entropic Loss	: -0.0841
Src_cls_loss	: 0.1355
-------------------------------------
[Epoch : 9/20]
Pr_Src_cls_loss	: 0.5440
Total_loss	: 0.4808
OT Loss	: 0.2838
Entropic Loss	: -0.0757
Src_cls_loss	: 0.1307
-------------------------------------
[Epoch : 10/20]
Pr_Src_cls_loss	: 0.5440
Total_loss	: 0.4709
OT Loss	: 0.2794
Entropic Loss	: -0.0731
Src_cls_loss	: 0.1248
-------------------------------------
[Epoch : 11/20]
Pr_Src_cls_loss	: 0.5440
Total_loss	: 0.4807
OT Loss	: 0.2843
Entropic Loss	: -0.0653
Src_cls_loss	: 0.1197
-------------------------------------
[Epoch : 12/20]
Pr_Src_cls_loss	: 0.5440
Total_loss	: 0.4697
OT Loss	: 0.2797
Entropic Loss	: -0.0646
Src_cls_loss	: 0.1148
-------------------------------------
[Epoch : 13/20]
Pr_Src_cls_loss	: 0.5440
Total_loss	: 0.4606
OT Loss	: 0.2756
Entropic Loss	: -0.0625
Src_cls_loss	: 0.1097
-------------------------------------
[Epoch : 14/20]
Pr_Src_cls_loss	: 0.5440
Total_loss	: 0.4716
OT Loss	: 0.2821
Entropic Loss	: -0.0570
Src_cls_loss	: 0.1054
-------------------------------------
[Epoch : 15/20]
Pr_Src_cls_loss	: 0.5440
Total_loss	: 0.4751
OT Loss	: 0.2834
Entropic Loss	: -0.0532
Src_cls_loss	: 0.1033
-------------------------------------
[Epoch : 16/20]
Pr_Src_cls_loss	: 0.5440
Total_loss	: 0.4686
OT Loss	: 0.2780
Entropic Loss	: -0.0498
Src_cls_loss	: 0.1013
-------------------------------------
[Epoch : 17/20]
Pr_Src_cls_loss	: 0.5440
Total_loss	: 0.4777
OT Loss	: 0.2821
Entropic Loss	: -0.0457
Src_cls_loss	: 0.1002
-------------------------------------
[Epoch : 18/20]
Pr_Src_cls_loss	: 0.5440
Total_loss	: 0.4668
OT Loss	: 0.2769
Entropic Loss	: -0.0472
Src_cls_loss	: 0.0986
-------------------------------------
[Epoch : 19/20]
Pr_Src_cls_loss	: 0.5440
Total_loss	: 0.4527
OT Loss	: 0.2700
Entropic Loss	: -0.0491
Src_cls_loss	: 0.0968
-------------------------------------
[Epoch : 20/20]
Pr_Src_cls_loss	: 0.5440
Total_loss	: 0.4669
OT Loss	: 0.2785
Entropic Loss	: -0.0456
Src_cls_loss	: 0.0948
-------------------------------------
H_score: 0.0000, OS* (acc_c): 0.7811, UNK (acc_p): 0.0000, acc_mix: 0.7811, F1: 0.7953
Uploading logs from: /mnt/data/home/tp2474/OpenSet-AdaTime/experiments_logs/RealWorld to Pamap2_closed_set/PPOT_closed_set/RealWorld_to_Pamap2_run_3
🏃 View run PPOT_run_3 at: http://127.0.0.1:5001/#/experiments/869196474879197795/runs/bf863ebb9a27492fb85f76c191d03c7b
🧪 View experiment at: http://127.0.0.1:5001/#/experiments/869196474879197795
=============================================
Dataset: RealWorld to Pamap2_closed_set
Method:  PPOT
=============================================
Source: RealWorld ---> Target: Pamap2
Run ID: 4
=============================================
[Pr Epoch : 1/20]
Pr_Src_cls_loss	: 1.2072
-------------------------------------
[Pr Epoch : 2/20]
Pr_Src_cls_loss	: 1.1423
-------------------------------------
[Pr Epoch : 3/20]
Pr_Src_cls_loss	: 1.0861
-------------------------------------
[Pr Epoch : 4/20]
Pr_Src_cls_loss	: 1.0347
-------------------------------------
[Pr Epoch : 5/20]
Pr_Src_cls_loss	: 0.9870
-------------------------------------
[Pr Epoch : 6/20]
Pr_Src_cls_loss	: 0.9425
-------------------------------------
[Pr Epoch : 7/20]
Pr_Src_cls_loss	: 0.9008
-------------------------------------
[Pr Epoch : 8/20]
Pr_Src_cls_loss	: 0.8617
-------------------------------------
[Pr Epoch : 9/20]
Pr_Src_cls_loss	: 0.8251
-------------------------------------
[Pr Epoch : 10/20]
Pr_Src_cls_loss	: 0.7906
-------------------------------------
[Pr Epoch : 11/20]
Pr_Src_cls_loss	: 0.7584
-------------------------------------
[Pr Epoch : 12/20]
Pr_Src_cls_loss	: 0.7282
-------------------------------------
[Pr Epoch : 13/20]
Pr_Src_cls_loss	: 0.6998
-------------------------------------
[Pr Epoch : 14/20]
Pr_Src_cls_loss	: 0.6731
-------------------------------------
[Pr Epoch : 15/20]
Pr_Src_cls_loss	: 0.6481
-------------------------------------
[Pr Epoch : 16/20]
Pr_Src_cls_loss	: 0.6246
-------------------------------------
[Pr Epoch : 17/20]
Pr_Src_cls_loss	: 0.6024
-------------------------------------
[Pr Epoch : 18/20]
Pr_Src_cls_loss	: 0.5815
-------------------------------------
[Pr Epoch : 19/20]
Pr_Src_cls_loss	: 0.5619
-------------------------------------
[Pr Epoch : 20/20]
Pr_Src_cls_loss	: 0.5433
-------------------------------------
[Epoch : 1/20]
Pr_Src_cls_loss	: 0.5433
Total_loss	: -0.0486
OT Loss	: 0.2147
Entropic Loss	: -0.5675
Src_cls_loss	: 0.1968
-------------------------------------
[Epoch : 2/20]
Pr_Src_cls_loss	: 0.5433
Total_loss	: 0.0570
OT Loss	: 0.2406
Entropic Loss	: -0.4794
Src_cls_loss	: 0.1754
-------------------------------------
[Epoch : 3/20]
Pr_Src_cls_loss	: 0.5433
Total_loss	: 0.0302
OT Loss	: 0.2257
Entropic Loss	: -0.4755
Src_cls_loss	: 0.1672
-------------------------------------
[Epoch : 4/20]
Pr_Src_cls_loss	: 0.5433
Total_loss	: 0.0714
OT Loss	: 0.2247
Entropic Loss	: -0.4370
Src_cls_loss	: 0.1714
-------------------------------------
[Epoch : 5/20]
Pr_Src_cls_loss	: 0.5433
Total_loss	: 0.1228
OT Loss	: 0.2254
Entropic Loss	: -0.3807
Src_cls_loss	: 0.1654
-------------------------------------
[Epoch : 6/20]
Pr_Src_cls_loss	: 0.5433
Total_loss	: 0.1692
OT Loss	: 0.2270
Entropic Loss	: -0.3244
Src_cls_loss	: 0.1531
-------------------------------------
[Epoch : 7/20]
Pr_Src_cls_loss	: 0.5433
Total_loss	: 0.2042
OT Loss	: 0.2407
Entropic Loss	: -0.3143
Src_cls_loss	: 0.1574
-------------------------------------
[Epoch : 8/20]
Pr_Src_cls_loss	: 0.5433
Total_loss	: 0.2128
OT Loss	: 0.2315
Entropic Loss	: -0.2884
Src_cls_loss	: 0.1540
-------------------------------------
[Epoch : 9/20]
Pr_Src_cls_loss	: 0.5433
Total_loss	: 0.2528
OT Loss	: 0.2399
Entropic Loss	: -0.2561
Src_cls_loss	: 0.1491
-------------------------------------
[Epoch : 10/20]
Pr_Src_cls_loss	: 0.5433
Total_loss	: 0.2559
OT Loss	: 0.2325
Entropic Loss	: -0.2371
Src_cls_loss	: 0.1442
-------------------------------------
[Epoch : 11/20]
Pr_Src_cls_loss	: 0.5433
Total_loss	: 0.2674
OT Loss	: 0.2291
Entropic Loss	: -0.2176
Src_cls_loss	: 0.1413
-------------------------------------
[Epoch : 12/20]
Pr_Src_cls_loss	: 0.5433
Total_loss	: 0.2782
OT Loss	: 0.2313
Entropic Loss	: -0.2056
Src_cls_loss	: 0.1368
-------------------------------------
[Epoch : 13/20]
Pr_Src_cls_loss	: 0.5433
Total_loss	: 0.2925
OT Loss	: 0.2329
Entropic Loss	: -0.1923
Src_cls_loss	: 0.1355
-------------------------------------
[Epoch : 14/20]
Pr_Src_cls_loss	: 0.5433
Total_loss	: 0.2969
OT Loss	: 0.2311
Entropic Loss	: -0.1800
Src_cls_loss	: 0.1303
-------------------------------------
[Epoch : 15/20]
Pr_Src_cls_loss	: 0.5433
Total_loss	: 0.3183
OT Loss	: 0.2375
Entropic Loss	: -0.1675
Src_cls_loss	: 0.1295
-------------------------------------
[Epoch : 16/20]
Pr_Src_cls_loss	: 0.5433
Total_loss	: 0.3173
OT Loss	: 0.2333
Entropic Loss	: -0.1577
Src_cls_loss	: 0.1250
-------------------------------------
[Epoch : 17/20]
Pr_Src_cls_loss	: 0.5433
Total_loss	: 0.3283
OT Loss	: 0.2350
Entropic Loss	: -0.1467
Src_cls_loss	: 0.1225
-------------------------------------
[Epoch : 18/20]
Pr_Src_cls_loss	: 0.5433
Total_loss	: 0.3346
OT Loss	: 0.2397
Entropic Loss	: -0.1431
Src_cls_loss	: 0.1182
-------------------------------------
[Epoch : 19/20]
Pr_Src_cls_loss	: 0.5433
Total_loss	: 0.3424
OT Loss	: 0.2401
Entropic Loss	: -0.1355
Src_cls_loss	: 0.1178
-------------------------------------
[Epoch : 20/20]
Pr_Src_cls_loss	: 0.5433
Total_loss	: 0.3493
OT Loss	: 0.2424
Entropic Loss	: -0.1283
Src_cls_loss	: 0.1139
-------------------------------------
H_score: 0.0000, OS* (acc_c): 0.7287, UNK (acc_p): 0.0000, acc_mix: 0.7287, F1: 0.7406
Uploading logs from: /mnt/data/home/tp2474/OpenSet-AdaTime/experiments_logs/RealWorld to Pamap2_closed_set/PPOT_closed_set/RealWorld_to_Pamap2_run_4
🏃 View run PPOT_run_4 at: http://127.0.0.1:5001/#/experiments/869196474879197795/runs/8c47497554ad49abbf5afdc75b356517
🧪 View experiment at: http://127.0.0.1:5001/#/experiments/869196474879197795
Running: Source=RealWorld -> Target=mhealth
[scenario] PPOT -> UniDA (uniDA=True)
Unlabeled data shape:  (1620, 150, 18)
Unlabelled Combined shape: (2786, 150, 18)

--- Dataloader Size Check ---
Source Train batches:   296
Target Train batches:   25
-------------------------------

Private classes:  tensor([])
=============================================
Dataset: RealWorld to mhealth_closed_set
Method:  PPOT
=============================================
Source: RealWorld ---> Target: mhealth
Run ID: 0
=============================================
[Pr Epoch : 1/20]
Pr_Src_cls_loss	: 1.2001
-------------------------------------
[Pr Epoch : 2/20]
Pr_Src_cls_loss	: 1.1341
-------------------------------------
[Pr Epoch : 3/20]
Pr_Src_cls_loss	: 1.0788
-------------------------------------
[Pr Epoch : 4/20]
Pr_Src_cls_loss	: 1.0276
-------------------------------------
[Pr Epoch : 5/20]
Pr_Src_cls_loss	: 0.9799
-------------------------------------
[Pr Epoch : 6/20]
Pr_Src_cls_loss	: 0.9355
-------------------------------------
[Pr Epoch : 7/20]
Pr_Src_cls_loss	: 0.8940
-------------------------------------
[Pr Epoch : 8/20]
Pr_Src_cls_loss	: 0.8553
-------------------------------------
[Pr Epoch : 9/20]
Pr_Src_cls_loss	: 0.8190
-------------------------------------
[Pr Epoch : 10/20]
Pr_Src_cls_loss	: 0.7848
-------------------------------------
[Pr Epoch : 11/20]
Pr_Src_cls_loss	: 0.7529
-------------------------------------
[Pr Epoch : 12/20]
Pr_Src_cls_loss	: 0.7229
-------------------------------------
[Pr Epoch : 13/20]
Pr_Src_cls_loss	: 0.6948
-------------------------------------
[Pr Epoch : 14/20]
Pr_Src_cls_loss	: 0.6683
-------------------------------------
[Pr Epoch : 15/20]
Pr_Src_cls_loss	: 0.6434
-------------------------------------
[Pr Epoch : 16/20]
Pr_Src_cls_loss	: 0.6199
-------------------------------------
[Pr Epoch : 17/20]
Pr_Src_cls_loss	: 0.5979
-------------------------------------
[Pr Epoch : 18/20]
Pr_Src_cls_loss	: 0.5771
-------------------------------------
[Pr Epoch : 19/20]
Pr_Src_cls_loss	: 0.5575
-------------------------------------
[Pr Epoch : 20/20]
Pr_Src_cls_loss	: 0.5390
-------------------------------------
[Epoch : 1/20]
Pr_Src_cls_loss	: 0.5390
Total_loss	: -0.2852
OT Loss	: 0.2458
Entropic Loss	: -0.8359
Src_cls_loss	: 0.1819
-------------------------------------
[Epoch : 2/20]
Pr_Src_cls_loss	: 0.5390
Total_loss	: -0.2779
OT Loss	: 0.2218
Entropic Loss	: -0.7702
Src_cls_loss	: 0.1596
-------------------------------------
[Epoch : 3/20]
Pr_Src_cls_loss	: 0.5390
Total_loss	: -0.2004
OT Loss	: 0.2398
Entropic Loss	: -0.7073
Src_cls_loss	: 0.1471
-------------------------------------
[Epoch : 4/20]
Pr_Src_cls_loss	: 0.5390
Total_loss	: -0.0950
OT Loss	: 0.2605
Entropic Loss	: -0.6235
Src_cls_loss	: 0.1377
-------------------------------------
[Epoch : 5/20]
Pr_Src_cls_loss	: 0.5390
Total_loss	: -0.0429
OT Loss	: 0.2725
Entropic Loss	: -0.5880
Src_cls_loss	: 0.1363
-------------------------------------
[Epoch : 6/20]
Pr_Src_cls_loss	: 0.5390
Total_loss	: -0.0716
OT Loss	: 0.2533
Entropic Loss	: -0.5854
Src_cls_loss	: 0.1338
-------------------------------------
[Epoch : 7/20]
Pr_Src_cls_loss	: 0.5390
Total_loss	: -0.0788
OT Loss	: 0.2455
Entropic Loss	: -0.5844
Src_cls_loss	: 0.1374
-------------------------------------
[Epoch : 8/20]
Pr_Src_cls_loss	: 0.5390
Total_loss	: -0.0793
OT Loss	: 0.2419
Entropic Loss	: -0.5724
Src_cls_loss	: 0.1303
-------------------------------------
[Epoch : 9/20]
Pr_Src_cls_loss	: 0.5390
Total_loss	: -0.0756
OT Loss	: 0.2399
Entropic Loss	: -0.5647
Src_cls_loss	: 0.1292
-------------------------------------
[Epoch : 10/20]
Pr_Src_cls_loss	: 0.5390
Total_loss	: -0.0926
OT Loss	: 0.2359
Entropic Loss	: -0.5744
Src_cls_loss	: 0.1279
-------------------------------------
[Epoch : 11/20]
Pr_Src_cls_loss	: 0.5390
Total_loss	: -0.0987
OT Loss	: 0.2320
Entropic Loss	: -0.5719
Src_cls_loss	: 0.1253
-------------------------------------
[Epoch : 12/20]
Pr_Src_cls_loss	: 0.5390
Total_loss	: -0.1161
OT Loss	: 0.2229
Entropic Loss	: -0.5721
Src_cls_loss	: 0.1217
-------------------------------------
[Epoch : 13/20]
Pr_Src_cls_loss	: 0.5390
Total_loss	: -0.1021
OT Loss	: 0.2235
Entropic Loss	: -0.5535
Src_cls_loss	: 0.1161
-------------------------------------
[Epoch : 14/20]
Pr_Src_cls_loss	: 0.5390
Total_loss	: -0.0957
OT Loss	: 0.2226
Entropic Loss	: -0.5466
Src_cls_loss	: 0.1169
-------------------------------------
[Epoch : 15/20]
Pr_Src_cls_loss	: 0.5390
Total_loss	: -0.1006
OT Loss	: 0.2205
Entropic Loss	: -0.5482
Src_cls_loss	: 0.1168
-------------------------------------
[Epoch : 16/20]
Pr_Src_cls_loss	: 0.5390
Total_loss	: -0.1053
OT Loss	: 0.2181
Entropic Loss	: -0.5473
Src_cls_loss	: 0.1148
-------------------------------------
[Epoch : 17/20]
Pr_Src_cls_loss	: 0.5390
Total_loss	: -0.1111
OT Loss	: 0.2128
Entropic Loss	: -0.5418
Src_cls_loss	: 0.1115
-------------------------------------
[Epoch : 18/20]
Pr_Src_cls_loss	: 0.5390
Total_loss	: -0.1086
OT Loss	: 0.2082
Entropic Loss	: -0.5293
Src_cls_loss	: 0.1083
-------------------------------------
[Epoch : 19/20]
Pr_Src_cls_loss	: 0.5390
Total_loss	: -0.1104
OT Loss	: 0.2049
Entropic Loss	: -0.5237
Src_cls_loss	: 0.1059
-------------------------------------
[Epoch : 20/20]
Pr_Src_cls_loss	: 0.5390
Total_loss	: -0.1008
OT Loss	: 0.1998
Entropic Loss	: -0.5039
Src_cls_loss	: 0.1034
-------------------------------------
/mnt/data/home/tp2474/OpenSet-AdaTime/trainers/abstract_trainer.py:331: FutureWarning: The behavior of DataFrame concatenation with empty or all-NA entries is deprecated. In a future version, this will no longer exclude empty or all-NA columns when determining the result dtypes. To retain the old behavior, exclude the relevant entries before the concat operation.
  table = pd.concat([table, results_df], ignore_index=True)
H_score: 0.0000, OS* (acc_c): 0.4926, UNK (acc_p): 0.0000, acc_mix: 0.4926, F1: 0.5039
Uploading logs from: /mnt/data/home/tp2474/OpenSet-AdaTime/experiments_logs/RealWorld to mhealth_closed_set/PPOT_closed_set/RealWorld_to_mhealth_run_0
🏃 View run PPOT_run_0 at: http://127.0.0.1:5001/#/experiments/773515370876137118/runs/2cc6abbe57d84dda9c3b7a0a10c12a19
🧪 View experiment at: http://127.0.0.1:5001/#/experiments/773515370876137118
=============================================
Dataset: RealWorld to mhealth_closed_set
Method:  PPOT
=============================================
Source: RealWorld ---> Target: mhealth
Run ID: 1
=============================================
[Pr Epoch : 1/20]
Pr_Src_cls_loss	: 1.2189
-------------------------------------
[Pr Epoch : 2/20]
Pr_Src_cls_loss	: 1.1524
-------------------------------------
[Pr Epoch : 3/20]
Pr_Src_cls_loss	: 1.0953
-------------------------------------
[Pr Epoch : 4/20]
Pr_Src_cls_loss	: 1.0431
-------------------------------------
[Pr Epoch : 5/20]
Pr_Src_cls_loss	: 0.9946
-------------------------------------
[Pr Epoch : 6/20]
Pr_Src_cls_loss	: 0.9494
-------------------------------------
[Pr Epoch : 7/20]
Pr_Src_cls_loss	: 0.9074
-------------------------------------
[Pr Epoch : 8/20]
Pr_Src_cls_loss	: 0.8681
-------------------------------------
[Pr Epoch : 9/20]
Pr_Src_cls_loss	: 0.8313
-------------------------------------
[Pr Epoch : 10/20]
Pr_Src_cls_loss	: 0.7967
-------------------------------------
[Pr Epoch : 11/20]
Pr_Src_cls_loss	: 0.7643
-------------------------------------
[Pr Epoch : 12/20]
Pr_Src_cls_loss	: 0.7339
-------------------------------------
[Pr Epoch : 13/20]
Pr_Src_cls_loss	: 0.7054
-------------------------------------
[Pr Epoch : 14/20]
Pr_Src_cls_loss	: 0.6785
-------------------------------------
[Pr Epoch : 15/20]
Pr_Src_cls_loss	: 0.6532
-------------------------------------
[Pr Epoch : 16/20]
Pr_Src_cls_loss	: 0.6294
-------------------------------------
[Pr Epoch : 17/20]
Pr_Src_cls_loss	: 0.6071
-------------------------------------
[Pr Epoch : 18/20]
Pr_Src_cls_loss	: 0.5861
-------------------------------------
[Pr Epoch : 19/20]
Pr_Src_cls_loss	: 0.5662
-------------------------------------
[Pr Epoch : 20/20]
Pr_Src_cls_loss	: 0.5475
-------------------------------------
[Epoch : 1/20]
Pr_Src_cls_loss	: 0.5475
Total_loss	: -0.3517
OT Loss	: 0.2058
Entropic Loss	: -0.8095
Src_cls_loss	: 0.1491
-------------------------------------
[Epoch : 2/20]
Pr_Src_cls_loss	: 0.5475
Total_loss	: -0.2489
OT Loss	: 0.2322
Entropic Loss	: -0.7380
Src_cls_loss	: 0.1408
-------------------------------------
[Epoch : 3/20]
Pr_Src_cls_loss	: 0.5475
Total_loss	: -0.3005
OT Loss	: 0.2210
Entropic Loss	: -0.7688
Src_cls_loss	: 0.1368
-------------------------------------
[Epoch : 4/20]
Pr_Src_cls_loss	: 0.5475
Total_loss	: -0.2732
OT Loss	: 0.2032
Entropic Loss	: -0.7072
Src_cls_loss	: 0.1292
-------------------------------------
[Epoch : 5/20]
Pr_Src_cls_loss	: 0.5475
Total_loss	: -0.2522
OT Loss	: 0.1943
Entropic Loss	: -0.6652
Src_cls_loss	: 0.1216
-------------------------------------
[Epoch : 6/20]
Pr_Src_cls_loss	: 0.5475
Total_loss	: -0.1985
OT Loss	: 0.2076
Entropic Loss	: -0.6319
Src_cls_loss	: 0.1221
-------------------------------------
[Epoch : 7/20]
Pr_Src_cls_loss	: 0.5475
Total_loss	: -0.2054
OT Loss	: 0.1959
Entropic Loss	: -0.6212
Src_cls_loss	: 0.1220
-------------------------------------
[Epoch : 8/20]
Pr_Src_cls_loss	: 0.5475
Total_loss	: -0.1858
OT Loss	: 0.1936
Entropic Loss	: -0.5963
Src_cls_loss	: 0.1202
-------------------------------------
[Epoch : 9/20]
Pr_Src_cls_loss	: 0.5475
Total_loss	: -0.1815
OT Loss	: 0.1850
Entropic Loss	: -0.5786
Src_cls_loss	: 0.1195
-------------------------------------
[Epoch : 10/20]
Pr_Src_cls_loss	: 0.5475
Total_loss	: -0.1476
OT Loss	: 0.1796
Entropic Loss	: -0.5315
Src_cls_loss	: 0.1144
-------------------------------------
[Epoch : 11/20]
Pr_Src_cls_loss	: 0.5475
Total_loss	: -0.0786
OT Loss	: 0.1930
Entropic Loss	: -0.4814
Src_cls_loss	: 0.1134
-------------------------------------
[Epoch : 12/20]
Pr_Src_cls_loss	: 0.5475
Total_loss	: -0.0368
OT Loss	: 0.1923
Entropic Loss	: -0.4393
Src_cls_loss	: 0.1140
-------------------------------------
[Epoch : 13/20]
Pr_Src_cls_loss	: 0.5475
Total_loss	: 0.0173
OT Loss	: 0.2044
Entropic Loss	: -0.4034
Src_cls_loss	: 0.1141
-------------------------------------
[Epoch : 14/20]
Pr_Src_cls_loss	: 0.5475
Total_loss	: 0.0385
OT Loss	: 0.2037
Entropic Loss	: -0.3767
Src_cls_loss	: 0.1098
-------------------------------------
[Epoch : 15/20]
Pr_Src_cls_loss	: 0.5475
Total_loss	: 0.0633
OT Loss	: 0.2035
Entropic Loss	: -0.3501
Src_cls_loss	: 0.1081
-------------------------------------
[Epoch : 16/20]
Pr_Src_cls_loss	: 0.5475
Total_loss	: 0.0733
OT Loss	: 0.1983
Entropic Loss	: -0.3311
Src_cls_loss	: 0.1070
-------------------------------------
[Epoch : 17/20]
Pr_Src_cls_loss	: 0.5475
Total_loss	: 0.0869
OT Loss	: 0.1983
Entropic Loss	: -0.3140
Src_cls_loss	: 0.1035
-------------------------------------
[Epoch : 18/20]
Pr_Src_cls_loss	: 0.5475
Total_loss	: 0.0959
OT Loss	: 0.1982
Entropic Loss	: -0.3012
Src_cls_loss	: 0.0999
-------------------------------------
[Epoch : 19/20]
Pr_Src_cls_loss	: 0.5475
Total_loss	: 0.1132
OT Loss	: 0.1987
Entropic Loss	: -0.2845
Src_cls_loss	: 0.0998
-------------------------------------
[Epoch : 20/20]
Pr_Src_cls_loss	: 0.5475
Total_loss	: 0.1207
OT Loss	: 0.1990
Entropic Loss	: -0.2745
Src_cls_loss	: 0.0967
-------------------------------------
H_score: 0.0000, OS* (acc_c): 0.6457, UNK (acc_p): 0.0000, acc_mix: 0.6457, F1: 0.6534
Uploading logs from: /mnt/data/home/tp2474/OpenSet-AdaTime/experiments_logs/RealWorld to mhealth_closed_set/PPOT_closed_set/RealWorld_to_mhealth_run_1
🏃 View run PPOT_run_1 at: http://127.0.0.1:5001/#/experiments/773515370876137118/runs/5dc038c7c94b40fc97d5202c28462846
🧪 View experiment at: http://127.0.0.1:5001/#/experiments/773515370876137118
=============================================
Dataset: RealWorld to mhealth_closed_set
Method:  PPOT
=============================================
Source: RealWorld ---> Target: mhealth
Run ID: 2
=============================================
[Pr Epoch : 1/20]
Pr_Src_cls_loss	: 1.2120
-------------------------------------
[Pr Epoch : 2/20]
Pr_Src_cls_loss	: 1.1472
-------------------------------------
[Pr Epoch : 3/20]
Pr_Src_cls_loss	: 1.0919
-------------------------------------
[Pr Epoch : 4/20]
Pr_Src_cls_loss	: 1.0402
-------------------------------------
[Pr Epoch : 5/20]
Pr_Src_cls_loss	: 0.9923
-------------------------------------
[Pr Epoch : 6/20]
Pr_Src_cls_loss	: 0.9476
-------------------------------------
[Pr Epoch : 7/20]
Pr_Src_cls_loss	: 0.9059
-------------------------------------
[Pr Epoch : 8/20]
Pr_Src_cls_loss	: 0.8670
-------------------------------------
[Pr Epoch : 9/20]
Pr_Src_cls_loss	: 0.8303
-------------------------------------
[Pr Epoch : 10/20]
Pr_Src_cls_loss	: 0.7959
-------------------------------------
[Pr Epoch : 11/20]
Pr_Src_cls_loss	: 0.7638
-------------------------------------
[Pr Epoch : 12/20]
Pr_Src_cls_loss	: 0.7335
-------------------------------------
[Pr Epoch : 13/20]
Pr_Src_cls_loss	: 0.7051
-------------------------------------
[Pr Epoch : 14/20]
Pr_Src_cls_loss	: 0.6784
-------------------------------------
[Pr Epoch : 15/20]
Pr_Src_cls_loss	: 0.6533
-------------------------------------
[Pr Epoch : 16/20]
Pr_Src_cls_loss	: 0.6297
-------------------------------------
[Pr Epoch : 17/20]
Pr_Src_cls_loss	: 0.6074
-------------------------------------
[Pr Epoch : 18/20]
Pr_Src_cls_loss	: 0.5865
-------------------------------------
[Pr Epoch : 19/20]
Pr_Src_cls_loss	: 0.5667
-------------------------------------
[Pr Epoch : 20/20]
Pr_Src_cls_loss	: 0.5480
-------------------------------------
[Epoch : 1/20]
Pr_Src_cls_loss	: 0.5480
Total_loss	: -0.8890
OT Loss	: 0.1698
Entropic Loss	: -1.2952
Src_cls_loss	: 0.1516
-------------------------------------
[Epoch : 2/20]
Pr_Src_cls_loss	: 0.5480
Total_loss	: -0.8687
OT Loss	: 0.1730
Entropic Loss	: -1.2802
Src_cls_loss	: 0.1520
-------------------------------------
[Epoch : 3/20]
Pr_Src_cls_loss	: 0.5480
Total_loss	: -0.7873
OT Loss	: 0.1758
Entropic Loss	: -1.1923
Src_cls_loss	: 0.1413
-------------------------------------
[Epoch : 4/20]
Pr_Src_cls_loss	: 0.5480
Total_loss	: -0.7460
OT Loss	: 0.1755
Entropic Loss	: -1.1475
Src_cls_loss	: 0.1382
-------------------------------------
[Epoch : 5/20]
Pr_Src_cls_loss	: 0.5480
Total_loss	: -0.6696
OT Loss	: 0.1712
Entropic Loss	: -1.0597
Src_cls_loss	: 0.1333
-------------------------------------
[Epoch : 6/20]
Pr_Src_cls_loss	: 0.5480
Total_loss	: -0.5522
OT Loss	: 0.1690
Entropic Loss	: -0.9695
Src_cls_loss	: 0.1638
-------------------------------------
[Epoch : 7/20]
Pr_Src_cls_loss	: 0.5480
Total_loss	: -0.4672
OT Loss	: 0.1670
Entropic Loss	: -0.8873
Src_cls_loss	: 0.1695
-------------------------------------
[Epoch : 8/20]
Pr_Src_cls_loss	: 0.5480
Total_loss	: -0.4246
OT Loss	: 0.1817
Entropic Loss	: -0.8606
Src_cls_loss	: 0.1635
-------------------------------------
[Epoch : 9/20]
Pr_Src_cls_loss	: 0.5480
Total_loss	: -0.4015
OT Loss	: 0.1760
Entropic Loss	: -0.8202
Src_cls_loss	: 0.1548
-------------------------------------
[Epoch : 10/20]
Pr_Src_cls_loss	: 0.5480
Total_loss	: -0.3702
OT Loss	: 0.1705
Entropic Loss	: -0.7740
Src_cls_loss	: 0.1481
-------------------------------------
[Epoch : 11/20]
Pr_Src_cls_loss	: 0.5480
Total_loss	: -0.3510
OT Loss	: 0.1642
Entropic Loss	: -0.7413
Src_cls_loss	: 0.1439
-------------------------------------
[Epoch : 12/20]
Pr_Src_cls_loss	: 0.5480
Total_loss	: -0.3548
OT Loss	: 0.1585
Entropic Loss	: -0.7313
Src_cls_loss	: 0.1387
-------------------------------------
[Epoch : 13/20]
Pr_Src_cls_loss	: 0.5480
Total_loss	: -0.3354
OT Loss	: 0.1616
Entropic Loss	: -0.7113
Src_cls_loss	: 0.1335
-------------------------------------
[Epoch : 14/20]
Pr_Src_cls_loss	: 0.5480
Total_loss	: -0.3331
OT Loss	: 0.1597
Entropic Loss	: -0.7049
Src_cls_loss	: 0.1322
-------------------------------------
[Epoch : 15/20]
Pr_Src_cls_loss	: 0.5480
Total_loss	: -0.3262
OT Loss	: 0.1627
Entropic Loss	: -0.6974
Src_cls_loss	: 0.1270
-------------------------------------
[Epoch : 16/20]
Pr_Src_cls_loss	: 0.5480
Total_loss	: -0.2996
OT Loss	: 0.1584
Entropic Loss	: -0.6601
Src_cls_loss	: 0.1229
-------------------------------------
[Epoch : 17/20]
Pr_Src_cls_loss	: 0.5480
Total_loss	: -0.3018
OT Loss	: 0.1550
Entropic Loss	: -0.6553
Src_cls_loss	: 0.1210
-------------------------------------
[Epoch : 18/20]
Pr_Src_cls_loss	: 0.5480
Total_loss	: -0.2906
OT Loss	: 0.1565
Entropic Loss	: -0.6482
Src_cls_loss	: 0.1229
-------------------------------------
[Epoch : 19/20]
Pr_Src_cls_loss	: 0.5480
Total_loss	: -0.2795
OT Loss	: 0.1618
Entropic Loss	: -0.6409
Src_cls_loss	: 0.1187
-------------------------------------
[Epoch : 20/20]
Pr_Src_cls_loss	: 0.5480
Total_loss	: -0.2714
OT Loss	: 0.1588
Entropic Loss	: -0.6263
Src_cls_loss	: 0.1167
-------------------------------------
H_score: 0.0000, OS* (acc_c): 0.3981, UNK (acc_p): 0.0000, acc_mix: 0.3981, F1: 0.4198
Uploading logs from: /mnt/data/home/tp2474/OpenSet-AdaTime/experiments_logs/RealWorld to mhealth_closed_set/PPOT_closed_set/RealWorld_to_mhealth_run_2
🏃 View run PPOT_run_2 at: http://127.0.0.1:5001/#/experiments/773515370876137118/runs/67b610fc266b42bd8ef4e2845cb4bc42
🧪 View experiment at: http://127.0.0.1:5001/#/experiments/773515370876137118
=============================================
Dataset: RealWorld to mhealth_closed_set
Method:  PPOT
=============================================
Source: RealWorld ---> Target: mhealth
Run ID: 3
=============================================
[Pr Epoch : 1/20]
Pr_Src_cls_loss	: 1.2109
-------------------------------------
[Pr Epoch : 2/20]
Pr_Src_cls_loss	: 1.1460
-------------------------------------
[Pr Epoch : 3/20]
Pr_Src_cls_loss	: 1.0901
-------------------------------------
[Pr Epoch : 4/20]
Pr_Src_cls_loss	: 1.0384
-------------------------------------
[Pr Epoch : 5/20]
Pr_Src_cls_loss	: 0.9900
-------------------------------------
[Pr Epoch : 6/20]
Pr_Src_cls_loss	: 0.9451
-------------------------------------
[Pr Epoch : 7/20]
Pr_Src_cls_loss	: 0.9030
-------------------------------------
[Pr Epoch : 8/20]
Pr_Src_cls_loss	: 0.8635
-------------------------------------
[Pr Epoch : 9/20]
Pr_Src_cls_loss	: 0.8267
-------------------------------------
[Pr Epoch : 10/20]
Pr_Src_cls_loss	: 0.7923
-------------------------------------
[Pr Epoch : 11/20]
Pr_Src_cls_loss	: 0.7601
-------------------------------------
[Pr Epoch : 12/20]
Pr_Src_cls_loss	: 0.7298
-------------------------------------
[Pr Epoch : 13/20]
Pr_Src_cls_loss	: 0.7014
-------------------------------------
[Pr Epoch : 14/20]
Pr_Src_cls_loss	: 0.6746
-------------------------------------
[Pr Epoch : 15/20]
Pr_Src_cls_loss	: 0.6494
-------------------------------------
[Pr Epoch : 16/20]
Pr_Src_cls_loss	: 0.6257
-------------------------------------
[Pr Epoch : 17/20]
Pr_Src_cls_loss	: 0.6034
-------------------------------------
[Pr Epoch : 18/20]
Pr_Src_cls_loss	: 0.5825
-------------------------------------
[Pr Epoch : 19/20]
Pr_Src_cls_loss	: 0.5627
-------------------------------------
[Pr Epoch : 20/20]
Pr_Src_cls_loss	: 0.5440
-------------------------------------
[Epoch : 1/20]
Pr_Src_cls_loss	: 0.5440
Total_loss	: -0.7549
OT Loss	: 0.1717
Entropic Loss	: -1.1659
Src_cls_loss	: 0.1534
-------------------------------------
[Epoch : 2/20]
Pr_Src_cls_loss	: 0.5440
Total_loss	: -0.7301
OT Loss	: 0.1710
Entropic Loss	: -1.1368
Src_cls_loss	: 0.1501
-------------------------------------
[Epoch : 3/20]
Pr_Src_cls_loss	: 0.5440
Total_loss	: -0.6621
OT Loss	: 0.1729
Entropic Loss	: -1.0684
Src_cls_loss	: 0.1469
-------------------------------------
[Epoch : 4/20]
Pr_Src_cls_loss	: 0.5440
Total_loss	: -0.6784
OT Loss	: 0.1873
Entropic Loss	: -1.0968
Src_cls_loss	: 0.1374
-------------------------------------
[Epoch : 5/20]
Pr_Src_cls_loss	: 0.5440
Total_loss	: -0.6448
OT Loss	: 0.2055
Entropic Loss	: -1.0901
Src_cls_loss	: 0.1369
-------------------------------------
[Epoch : 6/20]
Pr_Src_cls_loss	: 0.5440
Total_loss	: -0.6888
OT Loss	: 0.1981
Entropic Loss	: -1.1158
Src_cls_loss	: 0.1299
-------------------------------------
[Epoch : 7/20]
Pr_Src_cls_loss	: 0.5440
Total_loss	: -0.6809
OT Loss	: 0.1897
Entropic Loss	: -1.0968
Src_cls_loss	: 0.1314
-------------------------------------
[Epoch : 8/20]
Pr_Src_cls_loss	: 0.5440
Total_loss	: -0.6806
OT Loss	: 0.1976
Entropic Loss	: -1.1015
Src_cls_loss	: 0.1246
-------------------------------------
[Epoch : 9/20]
Pr_Src_cls_loss	: 0.5440
Total_loss	: -0.6950
OT Loss	: 0.1901
Entropic Loss	: -1.1005
Src_cls_loss	: 0.1204
-------------------------------------
[Epoch : 10/20]
Pr_Src_cls_loss	: 0.5440
Total_loss	: -0.6769
OT Loss	: 0.1827
Entropic Loss	: -1.0663
Src_cls_loss	: 0.1153
-------------------------------------
[Epoch : 11/20]
Pr_Src_cls_loss	: 0.5440
Total_loss	: -0.6608
OT Loss	: 0.1768
Entropic Loss	: -1.0364
Src_cls_loss	: 0.1104
-------------------------------------
[Epoch : 12/20]
Pr_Src_cls_loss	: 0.5440
Total_loss	: -0.6805
OT Loss	: 0.1729
Entropic Loss	: -1.0451
Src_cls_loss	: 0.1053
-------------------------------------
[Epoch : 13/20]
Pr_Src_cls_loss	: 0.5440
Total_loss	: -0.7011
OT Loss	: 0.1696
Entropic Loss	: -1.0559
Src_cls_loss	: 0.1004
-------------------------------------
[Epoch : 14/20]
Pr_Src_cls_loss	: 0.5440
Total_loss	: -0.7225
OT Loss	: 0.1656
Entropic Loss	: -1.0672
Src_cls_loss	: 0.0963
-------------------------------------
[Epoch : 15/20]
Pr_Src_cls_loss	: 0.5440
Total_loss	: -0.7183
OT Loss	: 0.1622
Entropic Loss	: -1.0567
Src_cls_loss	: 0.0951
-------------------------------------
[Epoch : 16/20]
Pr_Src_cls_loss	: 0.5440
Total_loss	: -0.7310
OT Loss	: 0.1589
Entropic Loss	: -1.0632
Src_cls_loss	: 0.0939
-------------------------------------
[Epoch : 17/20]
Pr_Src_cls_loss	: 0.5440
Total_loss	: -0.7445
OT Loss	: 0.1566
Entropic Loss	: -1.0706
Src_cls_loss	: 0.0912
-------------------------------------
[Epoch : 18/20]
Pr_Src_cls_loss	: 0.5440
Total_loss	: -0.7586
OT Loss	: 0.1562
Entropic Loss	: -1.0814
Src_cls_loss	: 0.0885
-------------------------------------
[Epoch : 19/20]
Pr_Src_cls_loss	: 0.5440
Total_loss	: -0.7603
OT Loss	: 0.1533
Entropic Loss	: -1.0768
Src_cls_loss	: 0.0865
-------------------------------------
[Epoch : 20/20]
Pr_Src_cls_loss	: 0.5440
Total_loss	: -0.7629
OT Loss	: 0.1503
Entropic Loss	: -1.0727
Src_cls_loss	: 0.0843
-------------------------------------
H_score: 0.0000, OS* (acc_c): 0.4920, UNK (acc_p): 0.0000, acc_mix: 0.4920, F1: 0.5827
Uploading logs from: /mnt/data/home/tp2474/OpenSet-AdaTime/experiments_logs/RealWorld to mhealth_closed_set/PPOT_closed_set/RealWorld_to_mhealth_run_3
🏃 View run PPOT_run_3 at: http://127.0.0.1:5001/#/experiments/773515370876137118/runs/75ebd41753f74edcb7283deb23200af6
🧪 View experiment at: http://127.0.0.1:5001/#/experiments/773515370876137118
=============================================
Dataset: RealWorld to mhealth_closed_set
Method:  PPOT
=============================================
Source: RealWorld ---> Target: mhealth
Run ID: 4
=============================================
[Pr Epoch : 1/20]
Pr_Src_cls_loss	: 1.2072
-------------------------------------
[Pr Epoch : 2/20]
Pr_Src_cls_loss	: 1.1423
-------------------------------------
[Pr Epoch : 3/20]
Pr_Src_cls_loss	: 1.0861
-------------------------------------
[Pr Epoch : 4/20]
Pr_Src_cls_loss	: 1.0347
-------------------------------------
[Pr Epoch : 5/20]
Pr_Src_cls_loss	: 0.9870
-------------------------------------
[Pr Epoch : 6/20]
Pr_Src_cls_loss	: 0.9425
-------------------------------------
[Pr Epoch : 7/20]
Pr_Src_cls_loss	: 0.9008
-------------------------------------
[Pr Epoch : 8/20]
Pr_Src_cls_loss	: 0.8617
-------------------------------------
[Pr Epoch : 9/20]
Pr_Src_cls_loss	: 0.8251
-------------------------------------
[Pr Epoch : 10/20]
Pr_Src_cls_loss	: 0.7906
-------------------------------------
[Pr Epoch : 11/20]
Pr_Src_cls_loss	: 0.7584
-------------------------------------
[Pr Epoch : 12/20]
Pr_Src_cls_loss	: 0.7282
-------------------------------------
[Pr Epoch : 13/20]
Pr_Src_cls_loss	: 0.6998
-------------------------------------
[Pr Epoch : 14/20]
Pr_Src_cls_loss	: 0.6731
-------------------------------------
[Pr Epoch : 15/20]
Pr_Src_cls_loss	: 0.6481
-------------------------------------
[Pr Epoch : 16/20]
Pr_Src_cls_loss	: 0.6246
-------------------------------------
[Pr Epoch : 17/20]
Pr_Src_cls_loss	: 0.6024
-------------------------------------
[Pr Epoch : 18/20]
Pr_Src_cls_loss	: 0.5815
-------------------------------------
[Pr Epoch : 19/20]
Pr_Src_cls_loss	: 0.5619
-------------------------------------
[Pr Epoch : 20/20]
Pr_Src_cls_loss	: 0.5433
-------------------------------------
[Epoch : 1/20]
Pr_Src_cls_loss	: 0.5433
Total_loss	: -0.8692
OT Loss	: 0.1686
Entropic Loss	: -1.3186
Src_cls_loss	: 0.1966
-------------------------------------
[Epoch : 2/20]
Pr_Src_cls_loss	: 0.5433
Total_loss	: -0.7976
OT Loss	: 0.1964
Entropic Loss	: -1.2725
Src_cls_loss	: 0.1804
-------------------------------------
[Epoch : 3/20]
Pr_Src_cls_loss	: 0.5433
Total_loss	: -0.8415
OT Loss	: 0.1815
Entropic Loss	: -1.2712
Src_cls_loss	: 0.1574
-------------------------------------
[Epoch : 4/20]
Pr_Src_cls_loss	: 0.5433
Total_loss	: -0.7670
OT Loss	: 0.1768
Entropic Loss	: -1.1893
Src_cls_loss	: 0.1572
-------------------------------------
[Epoch : 5/20]
Pr_Src_cls_loss	: 0.5433
Total_loss	: -0.7143
OT Loss	: 0.1734
Entropic Loss	: -1.1290
Src_cls_loss	: 0.1547
-------------------------------------
[Epoch : 6/20]
Pr_Src_cls_loss	: 0.5433
Total_loss	: -0.6636
OT Loss	: 0.1691
Entropic Loss	: -1.0618
Src_cls_loss	: 0.1445
-------------------------------------
[Epoch : 7/20]
Pr_Src_cls_loss	: 0.5433
Total_loss	: -0.6417
OT Loss	: 0.1695
Entropic Loss	: -1.0475
Src_cls_loss	: 0.1516
-------------------------------------
[Epoch : 8/20]
Pr_Src_cls_loss	: 0.5433
Total_loss	: -0.6014
OT Loss	: 0.1849
Entropic Loss	: -1.0287
Src_cls_loss	: 0.1500
-------------------------------------
[Epoch : 9/20]
Pr_Src_cls_loss	: 0.5433
Total_loss	: -0.5799
OT Loss	: 0.1791
Entropic Loss	: -0.9943
Src_cls_loss	: 0.1458
-------------------------------------
[Epoch : 10/20]
Pr_Src_cls_loss	: 0.5433
Total_loss	: -0.5683
OT Loss	: 0.1737
Entropic Loss	: -0.9676
Src_cls_loss	: 0.1387
-------------------------------------
[Epoch : 11/20]
Pr_Src_cls_loss	: 0.5433
Total_loss	: -0.5434
OT Loss	: 0.1856
Entropic Loss	: -0.9558
Src_cls_loss	: 0.1340
-------------------------------------
[Epoch : 12/20]
Pr_Src_cls_loss	: 0.5433
Total_loss	: -0.5316
OT Loss	: 0.1899
Entropic Loss	: -0.9461
Src_cls_loss	: 0.1296
-------------------------------------
[Epoch : 13/20]
Pr_Src_cls_loss	: 0.5433
Total_loss	: -0.5394
OT Loss	: 0.1863
Entropic Loss	: -0.9477
Src_cls_loss	: 0.1288
-------------------------------------
[Epoch : 14/20]
Pr_Src_cls_loss	: 0.5433
Total_loss	: -0.5328
OT Loss	: 0.1860
Entropic Loss	: -0.9351
Src_cls_loss	: 0.1233
-------------------------------------
[Epoch : 15/20]
Pr_Src_cls_loss	: 0.5433
Total_loss	: -0.5429
OT Loss	: 0.1812
Entropic Loss	: -0.9385
Src_cls_loss	: 0.1238
-------------------------------------
[Epoch : 16/20]
Pr_Src_cls_loss	: 0.5433
Total_loss	: -0.5335
OT Loss	: 0.1781
Entropic Loss	: -0.9202
Src_cls_loss	: 0.1195
-------------------------------------
[Epoch : 17/20]
Pr_Src_cls_loss	: 0.5433
Total_loss	: -0.5383
OT Loss	: 0.1732
Entropic Loss	: -0.9147
Src_cls_loss	: 0.1166
-------------------------------------
[Epoch : 18/20]
Pr_Src_cls_loss	: 0.5433
Total_loss	: -0.5458
OT Loss	: 0.1696
Entropic Loss	: -0.9130
Src_cls_loss	: 0.1128
-------------------------------------
[Epoch : 19/20]
Pr_Src_cls_loss	: 0.5433
Total_loss	: -0.5563
OT Loss	: 0.1660
Entropic Loss	: -0.9176
Src_cls_loss	: 0.1122
-------------------------------------
[Epoch : 20/20]
Pr_Src_cls_loss	: 0.5433
Total_loss	: -0.5540
OT Loss	: 0.1622
Entropic Loss	: -0.9058
Src_cls_loss	: 0.1084
-------------------------------------
H_score: 0.0000, OS* (acc_c): 0.5716, UNK (acc_p): 0.0000, acc_mix: 0.5716, F1: 0.6600
Uploading logs from: /mnt/data/home/tp2474/OpenSet-AdaTime/experiments_logs/RealWorld to mhealth_closed_set/PPOT_closed_set/RealWorld_to_mhealth_run_4
🏃 View run PPOT_run_4 at: http://127.0.0.1:5001/#/experiments/773515370876137118/runs/457b4224d63c4f29947142cbabf916c9
🧪 View experiment at: http://127.0.0.1:5001/#/experiments/773515370876137118
Running: Source=Pamap2 -> Target=RealWorld
[scenario] PPOT -> UniDA (uniDA=True)
Unlabeled data shape:  (26209, 150, 18)
Unlabelled Combined shape: (45172, 150, 18)

--- Dataloader Size Check ---
Source Train batches:   51
Target Train batches:   409
-------------------------------

Private classes:  tensor([])
=============================================
Dataset: Pamap2 to RealWorld_closed_set
Method:  PPOT
=============================================
Source: Pamap2 ---> Target: RealWorld
Run ID: 0
=============================================
[Pr Epoch : 1/20]
Pr_Src_cls_loss	: 1.3064
-------------------------------------
[Pr Epoch : 2/20]
Pr_Src_cls_loss	: 1.2620
-------------------------------------
[Pr Epoch : 3/20]
Pr_Src_cls_loss	: 1.2329
-------------------------------------
[Pr Epoch : 4/20]
Pr_Src_cls_loss	: 1.2109
-------------------------------------
[Pr Epoch : 5/20]
Pr_Src_cls_loss	: 1.1929
-------------------------------------
[Pr Epoch : 6/20]
Pr_Src_cls_loss	: 1.1770
-------------------------------------
[Pr Epoch : 7/20]
Pr_Src_cls_loss	: 1.1628
-------------------------------------
[Pr Epoch : 8/20]
Pr_Src_cls_loss	: 1.1497
-------------------------------------
[Pr Epoch : 9/20]
Pr_Src_cls_loss	: 1.1372
-------------------------------------
[Pr Epoch : 10/20]
Pr_Src_cls_loss	: 1.1255
-------------------------------------
[Pr Epoch : 11/20]
Pr_Src_cls_loss	: 1.1141
-------------------------------------
[Pr Epoch : 12/20]
Pr_Src_cls_loss	: 1.1032
-------------------------------------
[Pr Epoch : 13/20]
Pr_Src_cls_loss	: 1.0925
-------------------------------------
[Pr Epoch : 14/20]
Pr_Src_cls_loss	: 1.0819
-------------------------------------
[Pr Epoch : 15/20]
Pr_Src_cls_loss	: 1.0717
-------------------------------------
[Pr Epoch : 16/20]
Pr_Src_cls_loss	: 1.0615
-------------------------------------
[Pr Epoch : 17/20]
Pr_Src_cls_loss	: 1.0516
-------------------------------------
[Pr Epoch : 18/20]
Pr_Src_cls_loss	: 1.0418
-------------------------------------
[Pr Epoch : 19/20]
Pr_Src_cls_loss	: 1.0323
-------------------------------------
[Pr Epoch : 20/20]
Pr_Src_cls_loss	: 1.0228
-------------------------------------
[Epoch : 1/20]
Pr_Src_cls_loss	: 1.0228
Total_loss	: 0.1620
OT Loss	: 0.1042
Entropic Loss	: -0.8029
Src_cls_loss	: 0.8086
-------------------------------------
[Epoch : 2/20]
Pr_Src_cls_loss	: 1.0228
Total_loss	: 0.1316
OT Loss	: 0.1018
Entropic Loss	: -0.8169
Src_cls_loss	: 0.7958
-------------------------------------
[Epoch : 3/20]
Pr_Src_cls_loss	: 1.0228
Total_loss	: 0.1637
OT Loss	: 0.1001
Entropic Loss	: -0.7869
Src_cls_loss	: 0.8004
-------------------------------------
[Epoch : 4/20]
Pr_Src_cls_loss	: 1.0228
Total_loss	: 0.1385
OT Loss	: 0.0989
Entropic Loss	: -0.8036
Src_cls_loss	: 0.7937
-------------------------------------
[Epoch : 5/20]
Pr_Src_cls_loss	: 1.0228
Total_loss	: 0.1454
OT Loss	: 0.0980
Entropic Loss	: -0.7881
Src_cls_loss	: 0.7865
-------------------------------------
[Epoch : 6/20]
Pr_Src_cls_loss	: 1.0228
Total_loss	: 0.1479
OT Loss	: 0.0978
Entropic Loss	: -0.7732
Src_cls_loss	: 0.7744
-------------------------------------
[Epoch : 7/20]
Pr_Src_cls_loss	: 1.0228
Total_loss	: 0.1762
OT Loss	: 0.0970
Entropic Loss	: -0.7408
Src_cls_loss	: 0.7714
-------------------------------------
[Epoch : 8/20]
Pr_Src_cls_loss	: 1.0228
Total_loss	: 0.1442
OT Loss	: 0.0974
Entropic Loss	: -0.7678
Src_cls_loss	: 0.7659
-------------------------------------
[Epoch : 9/20]
Pr_Src_cls_loss	: 1.0228
Total_loss	: 0.1282
OT Loss	: 0.0965
Entropic Loss	: -0.7765
Src_cls_loss	: 0.7599
-------------------------------------
[Epoch : 10/20]
Pr_Src_cls_loss	: 1.0228
Total_loss	: 0.1379
OT Loss	: 0.0964
Entropic Loss	: -0.7593
Src_cls_loss	: 0.7525
-------------------------------------
[Epoch : 11/20]
Pr_Src_cls_loss	: 1.0228
Total_loss	: 0.1327
OT Loss	: 0.0957
Entropic Loss	: -0.7543
Src_cls_loss	: 0.7433
-------------------------------------
[Epoch : 12/20]
Pr_Src_cls_loss	: 1.0228
Total_loss	: 0.1245
OT Loss	: 0.0968
Entropic Loss	: -0.7560
Src_cls_loss	: 0.7353
-------------------------------------
[Epoch : 13/20]
Pr_Src_cls_loss	: 1.0228
Total_loss	: 0.1328
OT Loss	: 0.1010
Entropic Loss	: -0.7477
Src_cls_loss	: 0.7290
-------------------------------------
[Epoch : 14/20]
Pr_Src_cls_loss	: 1.0228
Total_loss	: 0.1352
OT Loss	: 0.1075
Entropic Loss	: -0.7479
Src_cls_loss	: 0.7219
-------------------------------------
[Epoch : 15/20]
Pr_Src_cls_loss	: 1.0228
Total_loss	: 0.1373
OT Loss	: 0.1149
Entropic Loss	: -0.7494
Src_cls_loss	: 0.7143
-------------------------------------
[Epoch : 16/20]
Pr_Src_cls_loss	: 1.0228
Total_loss	: 0.1415
OT Loss	: 0.1224
Entropic Loss	: -0.7505
Src_cls_loss	: 0.7083
-------------------------------------
[Epoch : 17/20]
Pr_Src_cls_loss	: 1.0228
Total_loss	: 0.1455
OT Loss	: 0.1295
Entropic Loss	: -0.7504
Src_cls_loss	: 0.7017
-------------------------------------
[Epoch : 18/20]
Pr_Src_cls_loss	: 1.0228
Total_loss	: 0.1541
OT Loss	: 0.1363
Entropic Loss	: -0.7465
Src_cls_loss	: 0.6961
-------------------------------------
[Epoch : 19/20]
Pr_Src_cls_loss	: 1.0228
Total_loss	: 0.1655
OT Loss	: 0.1426
Entropic Loss	: -0.7376
Src_cls_loss	: 0.6892
-------------------------------------
[Epoch : 20/20]
Pr_Src_cls_loss	: 1.0228
Total_loss	: 0.1720
OT Loss	: 0.1486
Entropic Loss	: -0.7328
Src_cls_loss	: 0.6819
-------------------------------------
/mnt/data/home/tp2474/OpenSet-AdaTime/trainers/abstract_trainer.py:331: FutureWarning: The behavior of DataFrame concatenation with empty or all-NA entries is deprecated. In a future version, this will no longer exclude empty or all-NA columns when determining the result dtypes. To retain the old behavior, exclude the relevant entries before the concat operation.
  table = pd.concat([table, results_df], ignore_index=True)
H_score: 0.0000, OS* (acc_c): 0.0029, UNK (acc_p): 0.0000, acc_mix: 0.0029, F1: 0.0057
Uploading logs from: /mnt/data/home/tp2474/OpenSet-AdaTime/experiments_logs/Pamap2 to RealWorld_closed_set/PPOT_closed_set/Pamap2_to_RealWorld_run_0
🏃 View run PPOT_run_0 at: http://127.0.0.1:5001/#/experiments/235622674570859121/runs/c6209cbc860742298abdabd6d1662235
🧪 View experiment at: http://127.0.0.1:5001/#/experiments/235622674570859121
=============================================
Dataset: Pamap2 to RealWorld_closed_set
Method:  PPOT
=============================================
Source: Pamap2 ---> Target: RealWorld
Run ID: 1
=============================================
[Pr Epoch : 1/20]
Pr_Src_cls_loss	: 1.3277
-------------------------------------
[Pr Epoch : 2/20]
Pr_Src_cls_loss	: 1.2868
-------------------------------------
[Pr Epoch : 3/20]
Pr_Src_cls_loss	: 1.2597
-------------------------------------
[Pr Epoch : 4/20]
Pr_Src_cls_loss	: 1.2387
-------------------------------------
[Pr Epoch : 5/20]
Pr_Src_cls_loss	: 1.2209
-------------------------------------
[Pr Epoch : 6/20]
Pr_Src_cls_loss	: 1.2050
-------------------------------------
[Pr Epoch : 7/20]
Pr_Src_cls_loss	: 1.1906
-------------------------------------
[Pr Epoch : 8/20]
Pr_Src_cls_loss	: 1.1770
-------------------------------------
[Pr Epoch : 9/20]
Pr_Src_cls_loss	: 1.1644
-------------------------------------
[Pr Epoch : 10/20]
Pr_Src_cls_loss	: 1.1522
-------------------------------------
[Pr Epoch : 11/20]
Pr_Src_cls_loss	: 1.1404
-------------------------------------
[Pr Epoch : 12/20]
Pr_Src_cls_loss	: 1.1289
-------------------------------------
[Pr Epoch : 13/20]
Pr_Src_cls_loss	: 1.1176
-------------------------------------
[Pr Epoch : 14/20]
Pr_Src_cls_loss	: 1.1067
-------------------------------------
[Pr Epoch : 15/20]
Pr_Src_cls_loss	: 1.0959
-------------------------------------
[Pr Epoch : 16/20]
Pr_Src_cls_loss	: 1.0854
-------------------------------------
[Pr Epoch : 17/20]
Pr_Src_cls_loss	: 1.0750
-------------------------------------
[Pr Epoch : 18/20]
Pr_Src_cls_loss	: 1.0649
-------------------------------------
[Pr Epoch : 19/20]
Pr_Src_cls_loss	: 1.0549
-------------------------------------
[Pr Epoch : 20/20]
Pr_Src_cls_loss	: 1.0450
-------------------------------------
[Epoch : 1/20]
Pr_Src_cls_loss	: 1.0450
Total_loss	: 0.1150
OT Loss	: 0.1054
Entropic Loss	: -0.8570
Src_cls_loss	: 0.8139
-------------------------------------
[Epoch : 2/20]
Pr_Src_cls_loss	: 1.0450
Total_loss	: 0.0916
OT Loss	: 0.1032
Entropic Loss	: -0.8865
Src_cls_loss	: 0.8233
-------------------------------------
[Epoch : 3/20]
Pr_Src_cls_loss	: 1.0450
Total_loss	: 0.0970
OT Loss	: 0.1008
Entropic Loss	: -0.8756
Src_cls_loss	: 0.8215
-------------------------------------
[Epoch : 4/20]
Pr_Src_cls_loss	: 1.0450
Total_loss	: 0.1239
OT Loss	: 0.0992
Entropic Loss	: -0.8364
Src_cls_loss	: 0.8114
-------------------------------------
[Epoch : 5/20]
Pr_Src_cls_loss	: 1.0450
Total_loss	: 0.0991
OT Loss	: 0.0979
Entropic Loss	: -0.8509
Src_cls_loss	: 0.8031
-------------------------------------
[Epoch : 6/20]
Pr_Src_cls_loss	: 1.0450
Total_loss	: 0.0670
OT Loss	: 0.0968
Entropic Loss	: -0.8696
Src_cls_loss	: 0.7914
-------------------------------------
[Epoch : 7/20]
Pr_Src_cls_loss	: 1.0450
Total_loss	: 0.0624
OT Loss	: 0.0962
Entropic Loss	: -0.8650
Src_cls_loss	: 0.7832
-------------------------------------
[Epoch : 8/20]
Pr_Src_cls_loss	: 1.0450
Total_loss	: 0.0486
OT Loss	: 0.0957
Entropic Loss	: -0.8676
Src_cls_loss	: 0.7727
-------------------------------------
[Epoch : 9/20]
Pr_Src_cls_loss	: 1.0450
Total_loss	: 0.0431
OT Loss	: 0.0949
Entropic Loss	: -0.8651
Src_cls_loss	: 0.7659
-------------------------------------
[Epoch : 10/20]
Pr_Src_cls_loss	: 1.0450
Total_loss	: 0.0325
OT Loss	: 0.0998
Entropic Loss	: -0.8730
Src_cls_loss	: 0.7559
-------------------------------------
[Epoch : 11/20]
Pr_Src_cls_loss	: 1.0450
Total_loss	: 0.0384
OT Loss	: 0.1060
Entropic Loss	: -0.8670
Src_cls_loss	: 0.7463
-------------------------------------
[Epoch : 12/20]
Pr_Src_cls_loss	: 1.0450
Total_loss	: 0.0364
OT Loss	: 0.1114
Entropic Loss	: -0.8687
Src_cls_loss	: 0.7381
-------------------------------------
[Epoch : 13/20]
Pr_Src_cls_loss	: 1.0450
Total_loss	: 0.0249
OT Loss	: 0.1159
Entropic Loss	: -0.8795
Src_cls_loss	: 0.7306
-------------------------------------
[Epoch : 14/20]
Pr_Src_cls_loss	: 1.0450
Total_loss	: 0.0381
OT Loss	: 0.1200
Entropic Loss	: -0.8649
Src_cls_loss	: 0.7230
-------------------------------------
[Epoch : 15/20]
Pr_Src_cls_loss	: 1.0450
Total_loss	: 0.0467
OT Loss	: 0.1233
Entropic Loss	: -0.8549
Src_cls_loss	: 0.7167
-------------------------------------
[Epoch : 16/20]
Pr_Src_cls_loss	: 1.0450
Total_loss	: 0.0531
OT Loss	: 0.1270
Entropic Loss	: -0.8469
Src_cls_loss	: 0.7095
-------------------------------------
[Epoch : 17/20]
Pr_Src_cls_loss	: 1.0450
Total_loss	: 0.0661
OT Loss	: 0.1305
Entropic Loss	: -0.8334
Src_cls_loss	: 0.7037
-------------------------------------
[Epoch : 18/20]
Pr_Src_cls_loss	: 1.0450
Total_loss	: 0.0714
OT Loss	: 0.1353
Entropic Loss	: -0.8292
Src_cls_loss	: 0.6976
-------------------------------------
[Epoch : 19/20]
Pr_Src_cls_loss	: 1.0450
Total_loss	: 0.0839
OT Loss	: 0.1398
Entropic Loss	: -0.8167
Src_cls_loss	: 0.6908
-------------------------------------
[Epoch : 20/20]
Pr_Src_cls_loss	: 1.0450
Total_loss	: 0.0854
OT Loss	: 0.1437
Entropic Loss	: -0.8146
Src_cls_loss	: 0.6844
-------------------------------------
H_score: 0.0000, OS* (acc_c): 0.0000, UNK (acc_p): 0.0000, acc_mix: 0.0000, F1: 0.0000
Uploading logs from: /mnt/data/home/tp2474/OpenSet-AdaTime/experiments_logs/Pamap2 to RealWorld_closed_set/PPOT_closed_set/Pamap2_to_RealWorld_run_1
🏃 View run PPOT_run_1 at: http://127.0.0.1:5001/#/experiments/235622674570859121/runs/a1d6f3d1252f477ea4682f03ad0c3104
🧪 View experiment at: http://127.0.0.1:5001/#/experiments/235622674570859121
=============================================
Dataset: Pamap2 to RealWorld_closed_set
Method:  PPOT
=============================================
Source: Pamap2 ---> Target: RealWorld
Run ID: 2
=============================================
[Pr Epoch : 1/20]
Pr_Src_cls_loss	: 1.3156
-------------------------------------
[Pr Epoch : 2/20]
Pr_Src_cls_loss	: 1.2774
-------------------------------------
[Pr Epoch : 3/20]
Pr_Src_cls_loss	: 1.2512
-------------------------------------
[Pr Epoch : 4/20]
Pr_Src_cls_loss	: 1.2304
-------------------------------------
[Pr Epoch : 5/20]
Pr_Src_cls_loss	: 1.2127
-------------------------------------
[Pr Epoch : 6/20]
Pr_Src_cls_loss	: 1.1970
-------------------------------------
[Pr Epoch : 7/20]
Pr_Src_cls_loss	: 1.1827
-------------------------------------
[Pr Epoch : 8/20]
Pr_Src_cls_loss	: 1.1693
-------------------------------------
[Pr Epoch : 9/20]
Pr_Src_cls_loss	: 1.1564
-------------------------------------
[Pr Epoch : 10/20]
Pr_Src_cls_loss	: 1.1441
-------------------------------------
[Pr Epoch : 11/20]
Pr_Src_cls_loss	: 1.1324
-------------------------------------
[Pr Epoch : 12/20]
Pr_Src_cls_loss	: 1.1210
-------------------------------------
[Pr Epoch : 13/20]
Pr_Src_cls_loss	: 1.1100
-------------------------------------
[Pr Epoch : 14/20]
Pr_Src_cls_loss	: 1.0992
-------------------------------------
[Pr Epoch : 15/20]
Pr_Src_cls_loss	: 1.0886
-------------------------------------
[Pr Epoch : 16/20]
Pr_Src_cls_loss	: 1.0783
-------------------------------------
[Pr Epoch : 17/20]
Pr_Src_cls_loss	: 1.0681
-------------------------------------
[Pr Epoch : 18/20]
Pr_Src_cls_loss	: 1.0581
-------------------------------------
[Pr Epoch : 19/20]
Pr_Src_cls_loss	: 1.0483
-------------------------------------
[Pr Epoch : 20/20]
Pr_Src_cls_loss	: 1.0386
-------------------------------------
[Epoch : 1/20]
Pr_Src_cls_loss	: 1.0386
Total_loss	: 0.1457
OT Loss	: 0.1009
Entropic Loss	: -0.8485
Src_cls_loss	: 0.8429
-------------------------------------
[Epoch : 2/20]
Pr_Src_cls_loss	: 1.0386
Total_loss	: 0.1782
OT Loss	: 0.1017
Entropic Loss	: -0.7913
Src_cls_loss	: 0.8169
-------------------------------------
[Epoch : 3/20]
Pr_Src_cls_loss	: 1.0386
Total_loss	: 0.1860
OT Loss	: 0.1004
Entropic Loss	: -0.7725
Src_cls_loss	: 0.8080
-------------------------------------
[Epoch : 4/20]
Pr_Src_cls_loss	: 1.0386
Total_loss	: 0.1723
OT Loss	: 0.0992
Entropic Loss	: -0.7711
Src_cls_loss	: 0.7946
-------------------------------------
[Epoch : 5/20]
Pr_Src_cls_loss	: 1.0386
Total_loss	: 0.1962
OT Loss	: 0.0983
Entropic Loss	: -0.7361
Src_cls_loss	: 0.7849
-------------------------------------
[Epoch : 6/20]
Pr_Src_cls_loss	: 1.0386
Total_loss	: 0.1838
OT Loss	: 0.0976
Entropic Loss	: -0.7368
Src_cls_loss	: 0.7743
-------------------------------------
[Epoch : 7/20]
Pr_Src_cls_loss	: 1.0386
Total_loss	: 0.1526
OT Loss	: 0.0967
Entropic Loss	: -0.7591
Src_cls_loss	: 0.7667
-------------------------------------
[Epoch : 8/20]
Pr_Src_cls_loss	: 1.0386
Total_loss	: 0.1460
OT Loss	: 0.0960
Entropic Loss	: -0.7610
Src_cls_loss	: 0.7630
-------------------------------------
[Epoch : 9/20]
Pr_Src_cls_loss	: 1.0386
Total_loss	: 0.1281
OT Loss	: 0.0958
Entropic Loss	: -0.7708
Src_cls_loss	: 0.7553
-------------------------------------
[Epoch : 10/20]
Pr_Src_cls_loss	: 1.0386
Total_loss	: 0.1047
OT Loss	: 0.0957
Entropic Loss	: -0.7894
Src_cls_loss	: 0.7506
-------------------------------------
[Epoch : 11/20]
Pr_Src_cls_loss	: 1.0386
Total_loss	: 0.0947
OT Loss	: 0.0952
Entropic Loss	: -0.7906
Src_cls_loss	: 0.7426
-------------------------------------
[Epoch : 12/20]
Pr_Src_cls_loss	: 1.0386
Total_loss	: 0.0946
OT Loss	: 0.0969
Entropic Loss	: -0.7851
Src_cls_loss	: 0.7343
-------------------------------------
[Epoch : 13/20]
Pr_Src_cls_loss	: 1.0386
Total_loss	: 0.1120
OT Loss	: 0.1036
Entropic Loss	: -0.7699
Src_cls_loss	: 0.7266
-------------------------------------
[Epoch : 14/20]
Pr_Src_cls_loss	: 1.0386
Total_loss	: 0.1220
OT Loss	: 0.1103
Entropic Loss	: -0.7624
Src_cls_loss	: 0.7190
-------------------------------------
[Epoch : 15/20]
Pr_Src_cls_loss	: 1.0386
Total_loss	: 0.1240
OT Loss	: 0.1178
Entropic Loss	: -0.7644
Src_cls_loss	: 0.7117
-------------------------------------
[Epoch : 16/20]
Pr_Src_cls_loss	: 1.0386
Total_loss	: 0.1392
OT Loss	: 0.1254
Entropic Loss	: -0.7534
Src_cls_loss	: 0.7046
-------------------------------------
[Epoch : 17/20]
Pr_Src_cls_loss	: 1.0386
Total_loss	: 0.1444
OT Loss	: 0.1328
Entropic Loss	: -0.7515
Src_cls_loss	: 0.6966
-------------------------------------
[Epoch : 18/20]
Pr_Src_cls_loss	: 1.0386
Total_loss	: 0.1505
OT Loss	: 0.1399
Entropic Loss	: -0.7485
Src_cls_loss	: 0.6891
-------------------------------------
[Epoch : 19/20]
Pr_Src_cls_loss	: 1.0386
Total_loss	: 0.1560
OT Loss	: 0.1465
Entropic Loss	: -0.7475
Src_cls_loss	: 0.6837
-------------------------------------
[Epoch : 20/20]
Pr_Src_cls_loss	: 1.0386
Total_loss	: 0.1698
OT Loss	: 0.1523
Entropic Loss	: -0.7362
Src_cls_loss	: 0.6774
-------------------------------------
H_score: 0.0000, OS* (acc_c): 0.0012, UNK (acc_p): 0.0000, acc_mix: 0.0012, F1: 0.0024
Uploading logs from: /mnt/data/home/tp2474/OpenSet-AdaTime/experiments_logs/Pamap2 to RealWorld_closed_set/PPOT_closed_set/Pamap2_to_RealWorld_run_2
🏃 View run PPOT_run_2 at: http://127.0.0.1:5001/#/experiments/235622674570859121/runs/2f0a9f60a6d2420b86623619b29713e7
🧪 View experiment at: http://127.0.0.1:5001/#/experiments/235622674570859121
=============================================
Dataset: Pamap2 to RealWorld_closed_set
Method:  PPOT
=============================================
Source: Pamap2 ---> Target: RealWorld
Run ID: 3
=============================================
[Pr Epoch : 1/20]
Pr_Src_cls_loss	: 1.3073
-------------------------------------
[Pr Epoch : 2/20]
Pr_Src_cls_loss	: 1.2671
-------------------------------------
[Pr Epoch : 3/20]
Pr_Src_cls_loss	: 1.2406
-------------------------------------
[Pr Epoch : 4/20]
Pr_Src_cls_loss	: 1.2195
-------------------------------------
[Pr Epoch : 5/20]
Pr_Src_cls_loss	: 1.2016
-------------------------------------
[Pr Epoch : 6/20]
Pr_Src_cls_loss	: 1.1858
-------------------------------------
[Pr Epoch : 7/20]
Pr_Src_cls_loss	: 1.1713
-------------------------------------
[Pr Epoch : 8/20]
Pr_Src_cls_loss	: 1.1576
-------------------------------------
[Pr Epoch : 9/20]
Pr_Src_cls_loss	: 1.1447
-------------------------------------
[Pr Epoch : 10/20]
Pr_Src_cls_loss	: 1.1323
-------------------------------------
[Pr Epoch : 11/20]
Pr_Src_cls_loss	: 1.1205
-------------------------------------
[Pr Epoch : 12/20]
Pr_Src_cls_loss	: 1.1091
-------------------------------------
[Pr Epoch : 13/20]
Pr_Src_cls_loss	: 1.0981
-------------------------------------
[Pr Epoch : 14/20]
Pr_Src_cls_loss	: 1.0875
-------------------------------------
[Pr Epoch : 15/20]
Pr_Src_cls_loss	: 1.0771
-------------------------------------
[Pr Epoch : 16/20]
Pr_Src_cls_loss	: 1.0668
-------------------------------------
[Pr Epoch : 17/20]
Pr_Src_cls_loss	: 1.0568
-------------------------------------
[Pr Epoch : 18/20]
Pr_Src_cls_loss	: 1.0470
-------------------------------------
[Pr Epoch : 19/20]
Pr_Src_cls_loss	: 1.0373
-------------------------------------
[Pr Epoch : 20/20]
Pr_Src_cls_loss	: 1.0279
-------------------------------------
[Epoch : 1/20]
Pr_Src_cls_loss	: 1.0279
Total_loss	: 0.1906
OT Loss	: 0.1073
Entropic Loss	: -0.7683
Src_cls_loss	: 0.7979
-------------------------------------
[Epoch : 2/20]
Pr_Src_cls_loss	: 1.0279
Total_loss	: 0.2350
OT Loss	: 0.1029
Entropic Loss	: -0.7176
Src_cls_loss	: 0.7983
-------------------------------------
[Epoch : 3/20]
Pr_Src_cls_loss	: 1.0279
Total_loss	: 0.2107
OT Loss	: 0.1008
Entropic Loss	: -0.7319
Src_cls_loss	: 0.7913
-------------------------------------
[Epoch : 4/20]
Pr_Src_cls_loss	: 1.0279
Total_loss	: 0.2231
OT Loss	: 0.1003
Entropic Loss	: -0.7116
Src_cls_loss	: 0.7841
-------------------------------------
[Epoch : 5/20]
Pr_Src_cls_loss	: 1.0279
Total_loss	: 0.1940
OT Loss	: 0.0998
Entropic Loss	: -0.7355
Src_cls_loss	: 0.7798
-------------------------------------
[Epoch : 6/20]
Pr_Src_cls_loss	: 1.0279
Total_loss	: 0.1722
OT Loss	: 0.0985
Entropic Loss	: -0.7477
Src_cls_loss	: 0.7722
-------------------------------------
[Epoch : 7/20]
Pr_Src_cls_loss	: 1.0279
Total_loss	: 0.1383
OT Loss	: 0.0975
Entropic Loss	: -0.7742
Src_cls_loss	: 0.7662
-------------------------------------
[Epoch : 8/20]
Pr_Src_cls_loss	: 1.0279
Total_loss	: 0.1014
OT Loss	: 0.0975
Entropic Loss	: -0.8065
Src_cls_loss	: 0.7617
-------------------------------------
[Epoch : 9/20]
Pr_Src_cls_loss	: 1.0279
Total_loss	: 0.0824
OT Loss	: 0.0968
Entropic Loss	: -0.8206
Src_cls_loss	: 0.7578
-------------------------------------
[Epoch : 10/20]
Pr_Src_cls_loss	: 1.0279
Total_loss	: 0.0841
OT Loss	: 0.0986
Entropic Loss	: -0.8147
Src_cls_loss	: 0.7509
-------------------------------------
[Epoch : 11/20]
Pr_Src_cls_loss	: 1.0279
Total_loss	: 0.0771
OT Loss	: 0.1045
Entropic Loss	: -0.8219
Src_cls_loss	: 0.7423
-------------------------------------
[Epoch : 12/20]
Pr_Src_cls_loss	: 1.0279
Total_loss	: 0.0727
OT Loss	: 0.1104
Entropic Loss	: -0.8274
Src_cls_loss	: 0.7344
-------------------------------------
[Epoch : 13/20]
Pr_Src_cls_loss	: 1.0279
Total_loss	: 0.0761
OT Loss	: 0.1151
Entropic Loss	: -0.8252
Src_cls_loss	: 0.7287
-------------------------------------
[Epoch : 14/20]
Pr_Src_cls_loss	: 1.0279
Total_loss	: 0.0646
OT Loss	: 0.1190
Entropic Loss	: -0.8364
Src_cls_loss	: 0.7226
-------------------------------------
[Epoch : 15/20]
Pr_Src_cls_loss	: 1.0279
Total_loss	: 0.0822
OT Loss	: 0.1233
Entropic Loss	: -0.8207
Src_cls_loss	: 0.7180
-------------------------------------
[Epoch : 16/20]
Pr_Src_cls_loss	: 1.0279
Total_loss	: 0.0773
OT Loss	: 0.1280
Entropic Loss	: -0.8271
Src_cls_loss	: 0.7124
-------------------------------------
[Epoch : 17/20]
Pr_Src_cls_loss	: 1.0279
Total_loss	: 0.0881
OT Loss	: 0.1338
Entropic Loss	: -0.8187
Src_cls_loss	: 0.7061
-------------------------------------
[Epoch : 18/20]
Pr_Src_cls_loss	: 1.0279
Total_loss	: 0.0904
OT Loss	: 0.1383
Entropic Loss	: -0.8183
Src_cls_loss	: 0.7012
-------------------------------------
[Epoch : 19/20]
Pr_Src_cls_loss	: 1.0279
Total_loss	: 0.0933
OT Loss	: 0.1427
Entropic Loss	: -0.8173
Src_cls_loss	: 0.6966
-------------------------------------
[Epoch : 20/20]
Pr_Src_cls_loss	: 1.0279
Total_loss	: 0.0985
OT Loss	: 0.1469
Entropic Loss	: -0.8105
Src_cls_loss	: 0.6886
-------------------------------------
H_score: 0.0000, OS* (acc_c): 0.0005, UNK (acc_p): 0.0000, acc_mix: 0.0005, F1: 0.0011
Uploading logs from: /mnt/data/home/tp2474/OpenSet-AdaTime/experiments_logs/Pamap2 to RealWorld_closed_set/PPOT_closed_set/Pamap2_to_RealWorld_run_3
🏃 View run PPOT_run_3 at: http://127.0.0.1:5001/#/experiments/235622674570859121/runs/289ca4b485bc4123a22d3c1f770fc779
🧪 View experiment at: http://127.0.0.1:5001/#/experiments/235622674570859121
=============================================
Dataset: Pamap2 to RealWorld_closed_set
Method:  PPOT
=============================================
Source: Pamap2 ---> Target: RealWorld
Run ID: 4
=============================================
[Pr Epoch : 1/20]
Pr_Src_cls_loss	: 1.3183
-------------------------------------
[Pr Epoch : 2/20]
Pr_Src_cls_loss	: 1.2792
-------------------------------------
[Pr Epoch : 3/20]
Pr_Src_cls_loss	: 1.2529
-------------------------------------
[Pr Epoch : 4/20]
Pr_Src_cls_loss	: 1.2322
-------------------------------------
[Pr Epoch : 5/20]
Pr_Src_cls_loss	: 1.2145
-------------------------------------
[Pr Epoch : 6/20]
Pr_Src_cls_loss	: 1.1986
-------------------------------------
[Pr Epoch : 7/20]
Pr_Src_cls_loss	: 1.1842
-------------------------------------
[Pr Epoch : 8/20]
Pr_Src_cls_loss	: 1.1707
-------------------------------------
[Pr Epoch : 9/20]
Pr_Src_cls_loss	: 1.1581
-------------------------------------
[Pr Epoch : 10/20]
Pr_Src_cls_loss	: 1.1460
-------------------------------------
[Pr Epoch : 11/20]
Pr_Src_cls_loss	: 1.1343
-------------------------------------
[Pr Epoch : 12/20]
Pr_Src_cls_loss	: 1.1230
-------------------------------------
[Pr Epoch : 13/20]
Pr_Src_cls_loss	: 1.1120
-------------------------------------
[Pr Epoch : 14/20]
Pr_Src_cls_loss	: 1.1011
-------------------------------------
[Pr Epoch : 15/20]
Pr_Src_cls_loss	: 1.0906
-------------------------------------
[Pr Epoch : 16/20]
Pr_Src_cls_loss	: 1.0803
-------------------------------------
[Pr Epoch : 17/20]
Pr_Src_cls_loss	: 1.0701
-------------------------------------
[Pr Epoch : 18/20]
Pr_Src_cls_loss	: 1.0601
-------------------------------------
[Pr Epoch : 19/20]
Pr_Src_cls_loss	: 1.0502
-------------------------------------
[Pr Epoch : 20/20]
Pr_Src_cls_loss	: 1.0406
-------------------------------------
[Epoch : 1/20]
Pr_Src_cls_loss	: 1.0406
Total_loss	: 0.2024
OT Loss	: 0.1039
Entropic Loss	: -0.7848
Src_cls_loss	: 0.8314
-------------------------------------
[Epoch : 2/20]
Pr_Src_cls_loss	: 1.0406
Total_loss	: 0.2332
OT Loss	: 0.1015
Entropic Loss	: -0.7363
Src_cls_loss	: 0.8172
-------------------------------------
[Epoch : 3/20]
Pr_Src_cls_loss	: 1.0406
Total_loss	: 0.2239
OT Loss	: 0.1020
Entropic Loss	: -0.7355
Src_cls_loss	: 0.8064
-------------------------------------
[Epoch : 4/20]
Pr_Src_cls_loss	: 1.0406
Total_loss	: 0.1590
OT Loss	: 0.1021
Entropic Loss	: -0.7917
Src_cls_loss	: 0.7976
-------------------------------------
[Epoch : 5/20]
Pr_Src_cls_loss	: 1.0406
Total_loss	: 0.1136
OT Loss	: 0.1009
Entropic Loss	: -0.8307
Src_cls_loss	: 0.7929
-------------------------------------
[Epoch : 6/20]
Pr_Src_cls_loss	: 1.0406
Total_loss	: 0.0920
OT Loss	: 0.1000
Entropic Loss	: -0.8447
Src_cls_loss	: 0.7867
-------------------------------------
[Epoch : 7/20]
Pr_Src_cls_loss	: 1.0406
Total_loss	: 0.0699
OT Loss	: 0.0992
Entropic Loss	: -0.8566
Src_cls_loss	: 0.7778
-------------------------------------
[Epoch : 8/20]
Pr_Src_cls_loss	: 1.0406
Total_loss	: 0.0725
OT Loss	: 0.0983
Entropic Loss	: -0.8448
Src_cls_loss	: 0.7700
-------------------------------------
[Epoch : 9/20]
Pr_Src_cls_loss	: 1.0406
Total_loss	: 0.0431
OT Loss	: 0.0977
Entropic Loss	: -0.8659
Src_cls_loss	: 0.7625
-------------------------------------
[Epoch : 10/20]
Pr_Src_cls_loss	: 1.0406
Total_loss	: 0.0316
OT Loss	: 0.0972
Entropic Loss	: -0.8681
Src_cls_loss	: 0.7539
-------------------------------------
[Epoch : 11/20]
Pr_Src_cls_loss	: 1.0406
Total_loss	: 0.0357
OT Loss	: 0.0969
Entropic Loss	: -0.8571
Src_cls_loss	: 0.7475
-------------------------------------
[Epoch : 12/20]
Pr_Src_cls_loss	: 1.0406
Total_loss	: 0.0360
OT Loss	: 0.0965
Entropic Loss	: -0.8506
Src_cls_loss	: 0.7418
-------------------------------------
[Epoch : 13/20]
Pr_Src_cls_loss	: 1.0406
Total_loss	: 0.0218
OT Loss	: 0.0972
Entropic Loss	: -0.8581
Src_cls_loss	: 0.7341
-------------------------------------
[Epoch : 14/20]
Pr_Src_cls_loss	: 1.0406
Total_loss	: 0.0368
OT Loss	: 0.1040
Entropic Loss	: -0.8463
Src_cls_loss	: 0.7271
-------------------------------------
[Epoch : 15/20]
Pr_Src_cls_loss	: 1.0406
Total_loss	: 0.0349
OT Loss	: 0.1110
Entropic Loss	: -0.8522
Src_cls_loss	: 0.7206
-------------------------------------
[Epoch : 16/20]
Pr_Src_cls_loss	: 1.0406
Total_loss	: 0.0454
OT Loss	: 0.1177
Entropic Loss	: -0.8479
Src_cls_loss	: 0.7167
-------------------------------------
[Epoch : 17/20]
Pr_Src_cls_loss	: 1.0406
Total_loss	: 0.0479
OT Loss	: 0.1242
Entropic Loss	: -0.8475
Src_cls_loss	: 0.7091
-------------------------------------
[Epoch : 18/20]
Pr_Src_cls_loss	: 1.0406
Total_loss	: 0.0458
OT Loss	: 0.1301
Entropic Loss	: -0.8535
Src_cls_loss	: 0.7041
-------------------------------------
[Epoch : 19/20]
Pr_Src_cls_loss	: 1.0406
Total_loss	: 0.0578
OT Loss	: 0.1353
Entropic Loss	: -0.8425
Src_cls_loss	: 0.6973
-------------------------------------
[Epoch : 20/20]
Pr_Src_cls_loss	: 1.0406
Total_loss	: 0.0661
OT Loss	: 0.1394
Entropic Loss	: -0.8333
Src_cls_loss	: 0.6903
-------------------------------------
H_score: 0.0000, OS* (acc_c): 0.0000, UNK (acc_p): 0.0000, acc_mix: 0.0000, F1: 0.0000
Uploading logs from: /mnt/data/home/tp2474/OpenSet-AdaTime/experiments_logs/Pamap2 to RealWorld_closed_set/PPOT_closed_set/Pamap2_to_RealWorld_run_4
🏃 View run PPOT_run_4 at: http://127.0.0.1:5001/#/experiments/235622674570859121/runs/d863eadd0bd74a549f916c4eac14e1ff
🧪 View experiment at: http://127.0.0.1:5001/#/experiments/235622674570859121
Running: Source=Pamap2 -> Target=mhealth
[scenario] PPOT -> UniDA (uniDA=True)
Unlabeled data shape:  (1620, 150, 18)
Unlabelled Combined shape: (2786, 150, 18)

--- Dataloader Size Check ---
Source Train batches:   51
Target Train batches:   25
-------------------------------

Private classes:  tensor([])
=============================================
Dataset: Pamap2 to mhealth_closed_set
Method:  PPOT
=============================================
Source: Pamap2 ---> Target: mhealth
Run ID: 0
=============================================
[Pr Epoch : 1/20]
Pr_Src_cls_loss	: 1.3064
-------------------------------------
[Pr Epoch : 2/20]
Pr_Src_cls_loss	: 1.2620
-------------------------------------
[Pr Epoch : 3/20]
Pr_Src_cls_loss	: 1.2329
-------------------------------------
[Pr Epoch : 4/20]
Pr_Src_cls_loss	: 1.2109
-------------------------------------
[Pr Epoch : 5/20]
Pr_Src_cls_loss	: 1.1929
-------------------------------------
[Pr Epoch : 6/20]
Pr_Src_cls_loss	: 1.1770
-------------------------------------
[Pr Epoch : 7/20]
Pr_Src_cls_loss	: 1.1628
-------------------------------------
[Pr Epoch : 8/20]
Pr_Src_cls_loss	: 1.1497
-------------------------------------
[Pr Epoch : 9/20]
Pr_Src_cls_loss	: 1.1372
-------------------------------------
[Pr Epoch : 10/20]
Pr_Src_cls_loss	: 1.1255
-------------------------------------
[Pr Epoch : 11/20]
Pr_Src_cls_loss	: 1.1141
-------------------------------------
[Pr Epoch : 12/20]
Pr_Src_cls_loss	: 1.1032
-------------------------------------
[Pr Epoch : 13/20]
Pr_Src_cls_loss	: 1.0925
-------------------------------------
[Pr Epoch : 14/20]
Pr_Src_cls_loss	: 1.0819
-------------------------------------
[Pr Epoch : 15/20]
Pr_Src_cls_loss	: 1.0717
-------------------------------------
[Pr Epoch : 16/20]
Pr_Src_cls_loss	: 1.0615
-------------------------------------
[Pr Epoch : 17/20]
Pr_Src_cls_loss	: 1.0516
-------------------------------------
[Pr Epoch : 18/20]
Pr_Src_cls_loss	: 1.0418
-------------------------------------
[Pr Epoch : 19/20]
Pr_Src_cls_loss	: 1.0323
-------------------------------------
[Pr Epoch : 20/20]
Pr_Src_cls_loss	: 1.0228
-------------------------------------
[Epoch : 1/20]
Pr_Src_cls_loss	: 1.0228
Total_loss	: -0.2087
OT Loss	: 0.1013
Entropic Loss	: -1.1875
Src_cls_loss	: 0.8270
-------------------------------------
[Epoch : 2/20]
Pr_Src_cls_loss	: 1.0228
Total_loss	: -0.2309
OT Loss	: 0.1013
Entropic Loss	: -1.1903
Src_cls_loss	: 0.8075
-------------------------------------
[Epoch : 3/20]
Pr_Src_cls_loss	: 1.0228
Total_loss	: -0.2352
OT Loss	: 0.0988
Entropic Loss	: -1.1950
Src_cls_loss	: 0.8115
-------------------------------------
[Epoch : 4/20]
Pr_Src_cls_loss	: 1.0228
Total_loss	: -0.1991
OT Loss	: 0.0985
Entropic Loss	: -1.1496
Src_cls_loss	: 0.8027
-------------------------------------
[Epoch : 5/20]
Pr_Src_cls_loss	: 1.0228
Total_loss	: -0.2239
OT Loss	: 0.0974
Entropic Loss	: -1.1604
Src_cls_loss	: 0.7904
-------------------------------------
[Epoch : 6/20]
Pr_Src_cls_loss	: 1.0228
Total_loss	: -0.2213
OT Loss	: 0.0968
Entropic Loss	: -1.1447
Src_cls_loss	: 0.7782
-------------------------------------
[Epoch : 7/20]
Pr_Src_cls_loss	: 1.0228
Total_loss	: -0.2205
OT Loss	: 0.0961
Entropic Loss	: -1.1366
Src_cls_loss	: 0.7719
-------------------------------------
[Epoch : 8/20]
Pr_Src_cls_loss	: 1.0228
Total_loss	: -0.2297
OT Loss	: 0.0957
Entropic Loss	: -1.1405
Src_cls_loss	: 0.7673
-------------------------------------
[Epoch : 9/20]
Pr_Src_cls_loss	: 1.0228
Total_loss	: -0.2487
OT Loss	: 0.0949
Entropic Loss	: -1.1486
Src_cls_loss	: 0.7575
-------------------------------------
[Epoch : 10/20]
Pr_Src_cls_loss	: 1.0228
Total_loss	: -0.2223
OT Loss	: 0.1003
Entropic Loss	: -1.1228
Src_cls_loss	: 0.7501
-------------------------------------
[Epoch : 11/20]
Pr_Src_cls_loss	: 1.0228
Total_loss	: -0.2069
OT Loss	: 0.1073
Entropic Loss	: -1.1090
Src_cls_loss	: 0.7411
-------------------------------------
[Epoch : 12/20]
Pr_Src_cls_loss	: 1.0228
Total_loss	: -0.2133
OT Loss	: 0.1138
Entropic Loss	: -1.1147
Src_cls_loss	: 0.7307
-------------------------------------
[Epoch : 13/20]
Pr_Src_cls_loss	: 1.0228
Total_loss	: -0.2198
OT Loss	: 0.1178
Entropic Loss	: -1.1208
Src_cls_loss	: 0.7243
-------------------------------------
[Epoch : 14/20]
Pr_Src_cls_loss	: 1.0228
Total_loss	: -0.2047
OT Loss	: 0.1222
Entropic Loss	: -1.1031
Src_cls_loss	: 0.7151
-------------------------------------
[Epoch : 15/20]
Pr_Src_cls_loss	: 1.0228
Total_loss	: -0.1812
OT Loss	: 0.1253
Entropic Loss	: -1.0798
Src_cls_loss	: 0.7106
-------------------------------------
[Epoch : 16/20]
Pr_Src_cls_loss	: 1.0228
Total_loss	: -0.1826
OT Loss	: 0.1283
Entropic Loss	: -1.0783
Src_cls_loss	: 0.7032
-------------------------------------
[Epoch : 17/20]
Pr_Src_cls_loss	: 1.0228
Total_loss	: -0.1613
OT Loss	: 0.1326
Entropic Loss	: -1.0551
Src_cls_loss	: 0.6949
-------------------------------------
[Epoch : 18/20]
Pr_Src_cls_loss	: 1.0228
Total_loss	: -0.1650
OT Loss	: 0.1373
Entropic Loss	: -1.0603
Src_cls_loss	: 0.6894
-------------------------------------
[Epoch : 19/20]
Pr_Src_cls_loss	: 1.0228
Total_loss	: -0.1575
OT Loss	: 0.1418
Entropic Loss	: -1.0539
Src_cls_loss	: 0.6837
-------------------------------------
[Epoch : 20/20]
Pr_Src_cls_loss	: 1.0228
Total_loss	: -0.1613
OT Loss	: 0.1453
Entropic Loss	: -1.0556
Src_cls_loss	: 0.6763
-------------------------------------
/mnt/data/home/tp2474/OpenSet-AdaTime/trainers/abstract_trainer.py:331: FutureWarning: The behavior of DataFrame concatenation with empty or all-NA entries is deprecated. In a future version, this will no longer exclude empty or all-NA columns when determining the result dtypes. To retain the old behavior, exclude the relevant entries before the concat operation.
  table = pd.concat([table, results_df], ignore_index=True)
H_score: 0.0000, OS* (acc_c): 0.0000, UNK (acc_p): 0.0000, acc_mix: 0.0000, F1: 0.0000
Uploading logs from: /mnt/data/home/tp2474/OpenSet-AdaTime/experiments_logs/Pamap2 to mhealth_closed_set/PPOT_closed_set/Pamap2_to_mhealth_run_0
🏃 View run PPOT_run_0 at: http://127.0.0.1:5001/#/experiments/297438354379357924/runs/276ee3c62d034cab81366615a7f104a2
🧪 View experiment at: http://127.0.0.1:5001/#/experiments/297438354379357924
=============================================
Dataset: Pamap2 to mhealth_closed_set
Method:  PPOT
=============================================
Source: Pamap2 ---> Target: mhealth
Run ID: 1
=============================================
[Pr Epoch : 1/20]
Pr_Src_cls_loss	: 1.3277
-------------------------------------
[Pr Epoch : 2/20]
Pr_Src_cls_loss	: 1.2868
-------------------------------------
[Pr Epoch : 3/20]
Pr_Src_cls_loss	: 1.2597
-------------------------------------
[Pr Epoch : 4/20]
Pr_Src_cls_loss	: 1.2387
-------------------------------------
[Pr Epoch : 5/20]
Pr_Src_cls_loss	: 1.2209
-------------------------------------
[Pr Epoch : 6/20]
Pr_Src_cls_loss	: 1.2050
-------------------------------------
[Pr Epoch : 7/20]
Pr_Src_cls_loss	: 1.1906
-------------------------------------
[Pr Epoch : 8/20]
Pr_Src_cls_loss	: 1.1770
-------------------------------------
[Pr Epoch : 9/20]
Pr_Src_cls_loss	: 1.1644
-------------------------------------
[Pr Epoch : 10/20]
Pr_Src_cls_loss	: 1.1522
-------------------------------------
[Pr Epoch : 11/20]
Pr_Src_cls_loss	: 1.1404
-------------------------------------
[Pr Epoch : 12/20]
Pr_Src_cls_loss	: 1.1289
-------------------------------------
[Pr Epoch : 13/20]
Pr_Src_cls_loss	: 1.1176
-------------------------------------
[Pr Epoch : 14/20]
Pr_Src_cls_loss	: 1.1067
-------------------------------------
[Pr Epoch : 15/20]
Pr_Src_cls_loss	: 1.0959
-------------------------------------
[Pr Epoch : 16/20]
Pr_Src_cls_loss	: 1.0854
-------------------------------------
[Pr Epoch : 17/20]
Pr_Src_cls_loss	: 1.0750
-------------------------------------
[Pr Epoch : 18/20]
Pr_Src_cls_loss	: 1.0649
-------------------------------------
[Pr Epoch : 19/20]
Pr_Src_cls_loss	: 1.0549
-------------------------------------
[Pr Epoch : 20/20]
Pr_Src_cls_loss	: 1.0450
-------------------------------------
[Epoch : 1/20]
Pr_Src_cls_loss	: 1.0450
Total_loss	: -0.1316
OT Loss	: 0.0997
Entropic Loss	: -1.1041
Src_cls_loss	: 0.8229
-------------------------------------
[Epoch : 2/20]
Pr_Src_cls_loss	: 1.0450
Total_loss	: -0.1234
OT Loss	: 0.0956
Entropic Loss	: -1.0938
Src_cls_loss	: 0.8270
-------------------------------------
[Epoch : 3/20]
Pr_Src_cls_loss	: 1.0450
Total_loss	: -0.1429
OT Loss	: 0.0951
Entropic Loss	: -1.1068
Src_cls_loss	: 0.8212
-------------------------------------
[Epoch : 4/20]
Pr_Src_cls_loss	: 1.0450
Total_loss	: -0.1796
OT Loss	: 0.0925
Entropic Loss	: -1.1312
Src_cls_loss	: 0.8128
-------------------------------------
[Epoch : 5/20]
Pr_Src_cls_loss	: 1.0450
Total_loss	: -0.2054
OT Loss	: 0.0927
Entropic Loss	: -1.1462
Src_cls_loss	: 0.8019
-------------------------------------
[Epoch : 6/20]
Pr_Src_cls_loss	: 1.0450
Total_loss	: -0.2249
OT Loss	: 0.0916
Entropic Loss	: -1.1472
Src_cls_loss	: 0.7849
-------------------------------------
[Epoch : 7/20]
Pr_Src_cls_loss	: 1.0450
Total_loss	: -0.2531
OT Loss	: 0.0900
Entropic Loss	: -1.1613
Src_cls_loss	: 0.7733
-------------------------------------
[Epoch : 8/20]
Pr_Src_cls_loss	: 1.0450
Total_loss	: -0.2513
OT Loss	: 0.0904
Entropic Loss	: -1.1484
Src_cls_loss	: 0.7615
-------------------------------------
[Epoch : 9/20]
Pr_Src_cls_loss	: 1.0450
Total_loss	: -0.2415
OT Loss	: 0.0991
Entropic Loss	: -1.1423
Src_cls_loss	: 0.7521
-------------------------------------
[Epoch : 10/20]
Pr_Src_cls_loss	: 1.0450
Total_loss	: -0.2238
OT Loss	: 0.1057
Entropic Loss	: -1.1224
Src_cls_loss	: 0.7400
-------------------------------------
[Epoch : 11/20]
Pr_Src_cls_loss	: 1.0450
Total_loss	: -0.2085
OT Loss	: 0.1114
Entropic Loss	: -1.1036
Src_cls_loss	: 0.7281
-------------------------------------
[Epoch : 12/20]
Pr_Src_cls_loss	: 1.0450
Total_loss	: -0.2066
OT Loss	: 0.1153
Entropic Loss	: -1.0973
Src_cls_loss	: 0.7177
-------------------------------------
[Epoch : 13/20]
Pr_Src_cls_loss	: 1.0450
Total_loss	: -0.1893
OT Loss	: 0.1189
Entropic Loss	: -1.0765
Src_cls_loss	: 0.7089
-------------------------------------
[Epoch : 14/20]
Pr_Src_cls_loss	: 1.0450
Total_loss	: -0.1945
OT Loss	: 0.1214
Entropic Loss	: -1.0760
Src_cls_loss	: 0.6994
-------------------------------------
[Epoch : 15/20]
Pr_Src_cls_loss	: 1.0450
Total_loss	: -0.1956
OT Loss	: 0.1243
Entropic Loss	: -1.0744
Src_cls_loss	: 0.6924
-------------------------------------
[Epoch : 16/20]
Pr_Src_cls_loss	: 1.0450
Total_loss	: -0.2113
OT Loss	: 0.1267
Entropic Loss	: -1.0851
Src_cls_loss	: 0.6838
-------------------------------------
[Epoch : 17/20]
Pr_Src_cls_loss	: 1.0450
Total_loss	: -0.2084
OT Loss	: 0.1300
Entropic Loss	: -1.0785
Src_cls_loss	: 0.6751
-------------------------------------
[Epoch : 18/20]
Pr_Src_cls_loss	: 1.0450
Total_loss	: -0.2148
OT Loss	: 0.1323
Entropic Loss	: -1.0810
Src_cls_loss	: 0.6677
-------------------------------------
[Epoch : 19/20]
Pr_Src_cls_loss	: 1.0450
Total_loss	: -0.2174
OT Loss	: 0.1363
Entropic Loss	: -1.0819
Src_cls_loss	: 0.6601
-------------------------------------
[Epoch : 20/20]
Pr_Src_cls_loss	: 1.0450
Total_loss	: -0.2220
OT Loss	: 0.1402
Entropic Loss	: -1.0844
Src_cls_loss	: 0.6520
-------------------------------------
H_score: 0.0000, OS* (acc_c): 0.0247, UNK (acc_p): 0.0000, acc_mix: 0.0247, F1: 0.0261
Uploading logs from: /mnt/data/home/tp2474/OpenSet-AdaTime/experiments_logs/Pamap2 to mhealth_closed_set/PPOT_closed_set/Pamap2_to_mhealth_run_1
🏃 View run PPOT_run_1 at: http://127.0.0.1:5001/#/experiments/297438354379357924/runs/7eb59a458b314cf6a799e4049533a53b
🧪 View experiment at: http://127.0.0.1:5001/#/experiments/297438354379357924
=============================================
Dataset: Pamap2 to mhealth_closed_set
Method:  PPOT
=============================================
Source: Pamap2 ---> Target: mhealth
Run ID: 2
=============================================
[Pr Epoch : 1/20]
Pr_Src_cls_loss	: 1.3156
-------------------------------------
[Pr Epoch : 2/20]
Pr_Src_cls_loss	: 1.2774
-------------------------------------
[Pr Epoch : 3/20]
Pr_Src_cls_loss	: 1.2512
-------------------------------------
[Pr Epoch : 4/20]
Pr_Src_cls_loss	: 1.2304
-------------------------------------
[Pr Epoch : 5/20]
Pr_Src_cls_loss	: 1.2127
-------------------------------------
[Pr Epoch : 6/20]
Pr_Src_cls_loss	: 1.1970
-------------------------------------
[Pr Epoch : 7/20]
Pr_Src_cls_loss	: 1.1827
-------------------------------------
[Pr Epoch : 8/20]
Pr_Src_cls_loss	: 1.1693
-------------------------------------
[Pr Epoch : 9/20]
Pr_Src_cls_loss	: 1.1564
-------------------------------------
[Pr Epoch : 10/20]
Pr_Src_cls_loss	: 1.1441
-------------------------------------
[Pr Epoch : 11/20]
Pr_Src_cls_loss	: 1.1324
-------------------------------------
[Pr Epoch : 12/20]
Pr_Src_cls_loss	: 1.1210
-------------------------------------
[Pr Epoch : 13/20]
Pr_Src_cls_loss	: 1.1100
-------------------------------------
[Pr Epoch : 14/20]
Pr_Src_cls_loss	: 1.0992
-------------------------------------
[Pr Epoch : 15/20]
Pr_Src_cls_loss	: 1.0886
-------------------------------------
[Pr Epoch : 16/20]
Pr_Src_cls_loss	: 1.0783
-------------------------------------
[Pr Epoch : 17/20]
Pr_Src_cls_loss	: 1.0681
-------------------------------------
[Pr Epoch : 18/20]
Pr_Src_cls_loss	: 1.0581
-------------------------------------
[Pr Epoch : 19/20]
Pr_Src_cls_loss	: 1.0483
-------------------------------------
[Pr Epoch : 20/20]
Pr_Src_cls_loss	: 1.0386
-------------------------------------
[Epoch : 1/20]
Pr_Src_cls_loss	: 1.0386
Total_loss	: -0.1197
OT Loss	: 0.0997
Entropic Loss	: -1.1106
Src_cls_loss	: 0.8413
-------------------------------------
[Epoch : 2/20]
Pr_Src_cls_loss	: 1.0386
Total_loss	: -0.1641
OT Loss	: 0.0966
Entropic Loss	: -1.1250
Src_cls_loss	: 0.8161
-------------------------------------
[Epoch : 3/20]
Pr_Src_cls_loss	: 1.0386
Total_loss	: -0.1843
OT Loss	: 0.0954
Entropic Loss	: -1.1374
Src_cls_loss	: 0.8100
-------------------------------------
[Epoch : 4/20]
Pr_Src_cls_loss	: 1.0386
Total_loss	: -0.1654
OT Loss	: 0.0945
Entropic Loss	: -1.1043
Src_cls_loss	: 0.7971
-------------------------------------
[Epoch : 5/20]
Pr_Src_cls_loss	: 1.0386
Total_loss	: -0.1662
OT Loss	: 0.0956
Entropic Loss	: -1.1000
Src_cls_loss	: 0.7904
-------------------------------------
[Epoch : 6/20]
Pr_Src_cls_loss	: 1.0386
Total_loss	: -0.1884
OT Loss	: 0.0941
Entropic Loss	: -1.1113
Src_cls_loss	: 0.7817
-------------------------------------
[Epoch : 7/20]
Pr_Src_cls_loss	: 1.0386
Total_loss	: -0.1731
OT Loss	: 0.0933
Entropic Loss	: -1.0882
Src_cls_loss	: 0.7752
-------------------------------------
[Epoch : 8/20]
Pr_Src_cls_loss	: 1.0386
Total_loss	: -0.1562
OT Loss	: 0.0921
Entropic Loss	: -1.0662
Src_cls_loss	: 0.7719
-------------------------------------
[Epoch : 9/20]
Pr_Src_cls_loss	: 1.0386
Total_loss	: -0.1782
OT Loss	: 0.0912
Entropic Loss	: -1.0770
Src_cls_loss	: 0.7620
-------------------------------------
[Epoch : 10/20]
Pr_Src_cls_loss	: 1.0386
Total_loss	: -0.1549
OT Loss	: 0.0961
Entropic Loss	: -1.0586
Src_cls_loss	: 0.7596
-------------------------------------
[Epoch : 11/20]
Pr_Src_cls_loss	: 1.0386
Total_loss	: -0.1447
OT Loss	: 0.1033
Entropic Loss	: -1.0504
Src_cls_loss	: 0.7509
-------------------------------------
[Epoch : 12/20]
Pr_Src_cls_loss	: 1.0386
Total_loss	: -0.1392
OT Loss	: 0.1086
Entropic Loss	: -1.0446
Src_cls_loss	: 0.7425
-------------------------------------
[Epoch : 13/20]
Pr_Src_cls_loss	: 1.0386
Total_loss	: -0.1423
OT Loss	: 0.1121
Entropic Loss	: -1.0444
Src_cls_loss	: 0.7339
-------------------------------------
[Epoch : 14/20]
Pr_Src_cls_loss	: 1.0386
Total_loss	: -0.1274
OT Loss	: 0.1155
Entropic Loss	: -1.0263
Src_cls_loss	: 0.7257
-------------------------------------
[Epoch : 15/20]
Pr_Src_cls_loss	: 1.0386
Total_loss	: -0.1305
OT Loss	: 0.1194
Entropic Loss	: -1.0281
Src_cls_loss	: 0.7186
-------------------------------------
[Epoch : 16/20]
Pr_Src_cls_loss	: 1.0386
Total_loss	: -0.1181
OT Loss	: 0.1228
Entropic Loss	: -1.0131
Src_cls_loss	: 0.7107
-------------------------------------
[Epoch : 17/20]
Pr_Src_cls_loss	: 1.0386
Total_loss	: -0.1235
OT Loss	: 0.1261
Entropic Loss	: -1.0164
Src_cls_loss	: 0.7037
-------------------------------------
[Epoch : 18/20]
Pr_Src_cls_loss	: 1.0386
Total_loss	: -0.1285
OT Loss	: 0.1288
Entropic Loss	: -1.0175
Src_cls_loss	: 0.6958
-------------------------------------
[Epoch : 19/20]
Pr_Src_cls_loss	: 1.0386
Total_loss	: -0.1222
OT Loss	: 0.1334
Entropic Loss	: -1.0117
Src_cls_loss	: 0.6894
-------------------------------------
[Epoch : 20/20]
Pr_Src_cls_loss	: 1.0386
Total_loss	: -0.1272
OT Loss	: 0.1386
Entropic Loss	: -1.0180
Src_cls_loss	: 0.6829
-------------------------------------
H_score: 0.0000, OS* (acc_c): 0.0000, UNK (acc_p): 0.0000, acc_mix: 0.0000, F1: 0.0000
Uploading logs from: /mnt/data/home/tp2474/OpenSet-AdaTime/experiments_logs/Pamap2 to mhealth_closed_set/PPOT_closed_set/Pamap2_to_mhealth_run_2
🏃 View run PPOT_run_2 at: http://127.0.0.1:5001/#/experiments/297438354379357924/runs/4454305c72964e6bbc42f30c067d565c
🧪 View experiment at: http://127.0.0.1:5001/#/experiments/297438354379357924
=============================================
Dataset: Pamap2 to mhealth_closed_set
Method:  PPOT
=============================================
Source: Pamap2 ---> Target: mhealth
Run ID: 3
=============================================
[Pr Epoch : 1/20]
Pr_Src_cls_loss	: 1.3073
-------------------------------------
[Pr Epoch : 2/20]
Pr_Src_cls_loss	: 1.2671
-------------------------------------
[Pr Epoch : 3/20]
Pr_Src_cls_loss	: 1.2406
-------------------------------------
[Pr Epoch : 4/20]
Pr_Src_cls_loss	: 1.2195
-------------------------------------
[Pr Epoch : 5/20]
Pr_Src_cls_loss	: 1.2016
-------------------------------------
[Pr Epoch : 6/20]
Pr_Src_cls_loss	: 1.1858
-------------------------------------
[Pr Epoch : 7/20]
Pr_Src_cls_loss	: 1.1713
-------------------------------------
[Pr Epoch : 8/20]
Pr_Src_cls_loss	: 1.1576
-------------------------------------
[Pr Epoch : 9/20]
Pr_Src_cls_loss	: 1.1447
-------------------------------------
[Pr Epoch : 10/20]
Pr_Src_cls_loss	: 1.1323
-------------------------------------
[Pr Epoch : 11/20]
Pr_Src_cls_loss	: 1.1205
-------------------------------------
[Pr Epoch : 12/20]
Pr_Src_cls_loss	: 1.1091
-------------------------------------
[Pr Epoch : 13/20]
Pr_Src_cls_loss	: 1.0981
-------------------------------------
[Pr Epoch : 14/20]
Pr_Src_cls_loss	: 1.0875
-------------------------------------
[Pr Epoch : 15/20]
Pr_Src_cls_loss	: 1.0771
-------------------------------------
[Pr Epoch : 16/20]
Pr_Src_cls_loss	: 1.0668
-------------------------------------
[Pr Epoch : 17/20]
Pr_Src_cls_loss	: 1.0568
-------------------------------------
[Pr Epoch : 18/20]
Pr_Src_cls_loss	: 1.0470
-------------------------------------
[Pr Epoch : 19/20]
Pr_Src_cls_loss	: 1.0373
-------------------------------------
[Pr Epoch : 20/20]
Pr_Src_cls_loss	: 1.0279
-------------------------------------
[Epoch : 1/20]
Pr_Src_cls_loss	: 1.0279
Total_loss	: -0.1763
OT Loss	: 0.1060
Entropic Loss	: -1.1314
Src_cls_loss	: 0.7962
-------------------------------------
[Epoch : 2/20]
Pr_Src_cls_loss	: 1.0279
Total_loss	: -0.2357
OT Loss	: 0.0991
Entropic Loss	: -1.1745
Src_cls_loss	: 0.7901
-------------------------------------
[Epoch : 3/20]
Pr_Src_cls_loss	: 1.0279
Total_loss	: -0.2644
OT Loss	: 0.0960
Entropic Loss	: -1.1895
Src_cls_loss	: 0.7811
-------------------------------------
[Epoch : 4/20]
Pr_Src_cls_loss	: 1.0279
Total_loss	: -0.2758
OT Loss	: 0.0947
Entropic Loss	: -1.1888
Src_cls_loss	: 0.7710
-------------------------------------
[Epoch : 5/20]
Pr_Src_cls_loss	: 1.0279
Total_loss	: -0.2916
OT Loss	: 0.0931
Entropic Loss	: -1.1938
Src_cls_loss	: 0.7626
-------------------------------------
[Epoch : 6/20]
Pr_Src_cls_loss	: 1.0279
Total_loss	: -0.2397
OT Loss	: 0.0932
Entropic Loss	: -1.1316
Src_cls_loss	: 0.7521
-------------------------------------
[Epoch : 7/20]
Pr_Src_cls_loss	: 1.0279
Total_loss	: -0.2591
OT Loss	: 0.0943
Entropic Loss	: -1.1414
Src_cls_loss	: 0.7408
-------------------------------------
[Epoch : 8/20]
Pr_Src_cls_loss	: 1.0279
Total_loss	: -0.1966
OT Loss	: 0.1067
Entropic Loss	: -1.0884
Src_cls_loss	: 0.7317
-------------------------------------
[Epoch : 9/20]
Pr_Src_cls_loss	: 1.0279
Total_loss	: -0.1795
OT Loss	: 0.1163
Entropic Loss	: -1.0835
Src_cls_loss	: 0.7294
-------------------------------------
[Epoch : 10/20]
Pr_Src_cls_loss	: 1.0279
Total_loss	: -0.1910
OT Loss	: 0.1226
Entropic Loss	: -1.0987
Src_cls_loss	: 0.7238
-------------------------------------
[Epoch : 11/20]
Pr_Src_cls_loss	: 1.0279
Total_loss	: -0.1823
OT Loss	: 0.1293
Entropic Loss	: -1.0889
Src_cls_loss	: 0.7126
-------------------------------------
[Epoch : 12/20]
Pr_Src_cls_loss	: 1.0279
Total_loss	: -0.1799
OT Loss	: 0.1338
Entropic Loss	: -1.0842
Src_cls_loss	: 0.7035
-------------------------------------
[Epoch : 13/20]
Pr_Src_cls_loss	: 1.0279
Total_loss	: -0.1873
OT Loss	: 0.1367
Entropic Loss	: -1.0927
Src_cls_loss	: 0.7003
-------------------------------------
[Epoch : 14/20]
Pr_Src_cls_loss	: 1.0279
Total_loss	: -0.1868
OT Loss	: 0.1395
Entropic Loss	: -1.0901
Src_cls_loss	: 0.6941
-------------------------------------
[Epoch : 15/20]
Pr_Src_cls_loss	: 1.0279
Total_loss	: -0.1965
OT Loss	: 0.1415
Entropic Loss	: -1.0999
Src_cls_loss	: 0.6911
-------------------------------------
[Epoch : 16/20]
Pr_Src_cls_loss	: 1.0279
Total_loss	: -0.1998
OT Loss	: 0.1434
Entropic Loss	: -1.1001
Src_cls_loss	: 0.6853
-------------------------------------
[Epoch : 17/20]
Pr_Src_cls_loss	: 1.0279
Total_loss	: -0.1856
OT Loss	: 0.1454
Entropic Loss	: -1.0841
Src_cls_loss	: 0.6804
-------------------------------------
[Epoch : 18/20]
Pr_Src_cls_loss	: 1.0279
Total_loss	: -0.1958
OT Loss	: 0.1467
Entropic Loss	: -1.0921
Src_cls_loss	: 0.6762
-------------------------------------
[Epoch : 19/20]
Pr_Src_cls_loss	: 1.0279
Total_loss	: -0.1968
OT Loss	: 0.1485
Entropic Loss	: -1.0898
Src_cls_loss	: 0.6702
-------------------------------------
[Epoch : 20/20]
Pr_Src_cls_loss	: 1.0279
Total_loss	: -0.1979
OT Loss	: 0.1496
Entropic Loss	: -1.0852
Src_cls_loss	: 0.6629
-------------------------------------
H_score: 0.0000, OS* (acc_c): 0.1481, UNK (acc_p): 0.0000, acc_mix: 0.1481, F1: 0.1481
Uploading logs from: /mnt/data/home/tp2474/OpenSet-AdaTime/experiments_logs/Pamap2 to mhealth_closed_set/PPOT_closed_set/Pamap2_to_mhealth_run_3
🏃 View run PPOT_run_3 at: http://127.0.0.1:5001/#/experiments/297438354379357924/runs/fb6b2423a32449e5912e6a703172ed09
🧪 View experiment at: http://127.0.0.1:5001/#/experiments/297438354379357924
=============================================
Dataset: Pamap2 to mhealth_closed_set
Method:  PPOT
=============================================
Source: Pamap2 ---> Target: mhealth
Run ID: 4
=============================================
[Pr Epoch : 1/20]
Pr_Src_cls_loss	: 1.3183
-------------------------------------
[Pr Epoch : 2/20]
Pr_Src_cls_loss	: 1.2792
-------------------------------------
[Pr Epoch : 3/20]
Pr_Src_cls_loss	: 1.2529
-------------------------------------
[Pr Epoch : 4/20]
Pr_Src_cls_loss	: 1.2322
-------------------------------------
[Pr Epoch : 5/20]
Pr_Src_cls_loss	: 1.2145
-------------------------------------
[Pr Epoch : 6/20]
Pr_Src_cls_loss	: 1.1986
-------------------------------------
[Pr Epoch : 7/20]
Pr_Src_cls_loss	: 1.1842
-------------------------------------
[Pr Epoch : 8/20]
Pr_Src_cls_loss	: 1.1707
-------------------------------------
[Pr Epoch : 9/20]
Pr_Src_cls_loss	: 1.1581
-------------------------------------
[Pr Epoch : 10/20]
Pr_Src_cls_loss	: 1.1460
-------------------------------------
[Pr Epoch : 11/20]
Pr_Src_cls_loss	: 1.1343
-------------------------------------
[Pr Epoch : 12/20]
Pr_Src_cls_loss	: 1.1230
-------------------------------------
[Pr Epoch : 13/20]
Pr_Src_cls_loss	: 1.1120
-------------------------------------
[Pr Epoch : 14/20]
Pr_Src_cls_loss	: 1.1011
-------------------------------------
[Pr Epoch : 15/20]
Pr_Src_cls_loss	: 1.0906
-------------------------------------
[Pr Epoch : 16/20]
Pr_Src_cls_loss	: 1.0803
-------------------------------------
[Pr Epoch : 17/20]
Pr_Src_cls_loss	: 1.0701
-------------------------------------
[Pr Epoch : 18/20]
Pr_Src_cls_loss	: 1.0601
-------------------------------------
[Pr Epoch : 19/20]
Pr_Src_cls_loss	: 1.0502
-------------------------------------
[Pr Epoch : 20/20]
Pr_Src_cls_loss	: 1.0406
-------------------------------------
[Epoch : 1/20]
Pr_Src_cls_loss	: 1.0406
Total_loss	: -0.1441
OT Loss	: 0.0981
Entropic Loss	: -1.1247
Src_cls_loss	: 0.8335
-------------------------------------
[Epoch : 2/20]
Pr_Src_cls_loss	: 1.0406
Total_loss	: -0.1177
OT Loss	: 0.0966
Entropic Loss	: -1.0812
Src_cls_loss	: 0.8186
-------------------------------------
[Epoch : 3/20]
Pr_Src_cls_loss	: 1.0406
Total_loss	: -0.1577
OT Loss	: 0.0949
Entropic Loss	: -1.1030
Src_cls_loss	: 0.8029
-------------------------------------
[Epoch : 4/20]
Pr_Src_cls_loss	: 1.0406
Total_loss	: -0.1510
OT Loss	: 0.0937
Entropic Loss	: -1.0809
Src_cls_loss	: 0.7893
-------------------------------------
[Epoch : 5/20]
Pr_Src_cls_loss	: 1.0406
Total_loss	: -0.1688
OT Loss	: 0.0934
Entropic Loss	: -1.0928
Src_cls_loss	: 0.7839
-------------------------------------
[Epoch : 6/20]
Pr_Src_cls_loss	: 1.0406
Total_loss	: -0.1905
OT Loss	: 0.0923
Entropic Loss	: -1.1069
Src_cls_loss	: 0.7779
-------------------------------------
[Epoch : 7/20]
Pr_Src_cls_loss	: 1.0406
Total_loss	: -0.1914
OT Loss	: 0.0911
Entropic Loss	: -1.0974
Src_cls_loss	: 0.7693
-------------------------------------
[Epoch : 8/20]
Pr_Src_cls_loss	: 1.0406
Total_loss	: -0.2055
OT Loss	: 0.0903
Entropic Loss	: -1.1000
Src_cls_loss	: 0.7590
-------------------------------------
[Epoch : 9/20]
Pr_Src_cls_loss	: 1.0406
Total_loss	: -0.2101
OT Loss	: 0.0896
Entropic Loss	: -1.0949
Src_cls_loss	: 0.7504
-------------------------------------
[Epoch : 10/20]
Pr_Src_cls_loss	: 1.0406
Total_loss	: -0.2223
OT Loss	: 0.0884
Entropic Loss	: -1.0952
Src_cls_loss	: 0.7404
-------------------------------------
[Epoch : 11/20]
Pr_Src_cls_loss	: 1.0406
Total_loss	: -0.2228
OT Loss	: 0.0877
Entropic Loss	: -1.0851
Src_cls_loss	: 0.7308
-------------------------------------
[Epoch : 12/20]
Pr_Src_cls_loss	: 1.0406
Total_loss	: -0.2214
OT Loss	: 0.0959
Entropic Loss	: -1.0931
Src_cls_loss	: 0.7279
-------------------------------------
[Epoch : 13/20]
Pr_Src_cls_loss	: 1.0406
Total_loss	: -0.1974
OT Loss	: 0.1038
Entropic Loss	: -1.0739
Src_cls_loss	: 0.7208
-------------------------------------
[Epoch : 14/20]
Pr_Src_cls_loss	: 1.0406
Total_loss	: -0.1660
OT Loss	: 0.1128
Entropic Loss	: -1.0485
Src_cls_loss	: 0.7133
-------------------------------------
[Epoch : 15/20]
Pr_Src_cls_loss	: 1.0406
Total_loss	: -0.1744
OT Loss	: 0.1186
Entropic Loss	: -1.0582
Src_cls_loss	: 0.7058
-------------------------------------
[Epoch : 16/20]
Pr_Src_cls_loss	: 1.0406
Total_loss	: -0.1422
OT Loss	: 0.1244
Entropic Loss	: -1.0300
Src_cls_loss	: 0.7013
-------------------------------------
[Epoch : 17/20]
Pr_Src_cls_loss	: 1.0406
Total_loss	: -0.1382
OT Loss	: 0.1289
Entropic Loss	: -1.0241
Src_cls_loss	: 0.6925
-------------------------------------
[Epoch : 18/20]
Pr_Src_cls_loss	: 1.0406
Total_loss	: -0.1331
OT Loss	: 0.1329
Entropic Loss	: -1.0186
Src_cls_loss	: 0.6862
-------------------------------------
[Epoch : 19/20]
Pr_Src_cls_loss	: 1.0406
Total_loss	: -0.1301
OT Loss	: 0.1370
Entropic Loss	: -1.0148
Src_cls_loss	: 0.6791
-------------------------------------
[Epoch : 20/20]
Pr_Src_cls_loss	: 1.0406
Total_loss	: -0.1213
OT Loss	: 0.1416
Entropic Loss	: -1.0054
Src_cls_loss	: 0.6716
-------------------------------------
H_score: 0.0000, OS* (acc_c): 0.0000, UNK (acc_p): 0.0000, acc_mix: 0.0000, F1: 0.0000
Uploading logs from: /mnt/data/home/tp2474/OpenSet-AdaTime/experiments_logs/Pamap2 to mhealth_closed_set/PPOT_closed_set/Pamap2_to_mhealth_run_4
🏃 View run PPOT_run_4 at: http://127.0.0.1:5001/#/experiments/297438354379357924/runs/d84b02cb0d21448c8d77e8186efb3b8c
🧪 View experiment at: http://127.0.0.1:5001/#/experiments/297438354379357924
Running: Source=mhealth -> Target=RealWorld
[scenario] PPOT -> UniDA (uniDA=True)
Unlabeled data shape:  (26209, 150, 18)
Unlabelled Combined shape: (45172, 150, 18)

--- Dataloader Size Check ---
Source Train batches:   18
Target Train batches:   409
-------------------------------

Private classes:  tensor([])
=============================================
Dataset: mhealth to RealWorld_closed_set
Method:  PPOT
=============================================
Source: mhealth ---> Target: RealWorld
Run ID: 0
=============================================
[Pr Epoch : 1/20]
Pr_Src_cls_loss	: 1.3446
-------------------------------------
[Pr Epoch : 2/20]
Pr_Src_cls_loss	: 1.3139
-------------------------------------
[Pr Epoch : 3/20]
Pr_Src_cls_loss	: 1.2910
-------------------------------------
[Pr Epoch : 4/20]
Pr_Src_cls_loss	: 1.2733
-------------------------------------
[Pr Epoch : 5/20]
Pr_Src_cls_loss	: 1.2592
-------------------------------------
[Pr Epoch : 6/20]
Pr_Src_cls_loss	: 1.2467
-------------------------------------
[Pr Epoch : 7/20]
Pr_Src_cls_loss	: 1.2361
-------------------------------------
[Pr Epoch : 8/20]
Pr_Src_cls_loss	: 1.2267
-------------------------------------
[Pr Epoch : 9/20]
Pr_Src_cls_loss	: 1.2180
-------------------------------------
[Pr Epoch : 10/20]
Pr_Src_cls_loss	: 1.2099
-------------------------------------
[Pr Epoch : 11/20]
Pr_Src_cls_loss	: 1.2025
-------------------------------------
[Pr Epoch : 12/20]
Pr_Src_cls_loss	: 1.1955
-------------------------------------
[Pr Epoch : 13/20]
Pr_Src_cls_loss	: 1.1890
-------------------------------------
[Pr Epoch : 14/20]
Pr_Src_cls_loss	: 1.1828
-------------------------------------
[Pr Epoch : 15/20]
Pr_Src_cls_loss	: 1.1769
-------------------------------------
[Pr Epoch : 16/20]
Pr_Src_cls_loss	: 1.1713
-------------------------------------
[Pr Epoch : 17/20]
Pr_Src_cls_loss	: 1.1659
-------------------------------------
[Pr Epoch : 18/20]
Pr_Src_cls_loss	: 1.1607
-------------------------------------
[Pr Epoch : 19/20]
Pr_Src_cls_loss	: 1.1557
-------------------------------------
[Pr Epoch : 20/20]
Pr_Src_cls_loss	: 1.1508
-------------------------------------
[Epoch : 1/20]
Pr_Src_cls_loss	: 1.1508
Total_loss	: 0.3622
OT Loss	: 0.1545
Entropic Loss	: -0.9222
Src_cls_loss	: 1.0526
-------------------------------------
[Epoch : 2/20]
Pr_Src_cls_loss	: 1.1508
Total_loss	: 0.3046
OT Loss	: 0.1423
Entropic Loss	: -0.9576
Src_cls_loss	: 1.0487
-------------------------------------
[Epoch : 3/20]
Pr_Src_cls_loss	: 1.1508
Total_loss	: 0.2806
OT Loss	: 0.1348
Entropic Loss	: -0.9652
Src_cls_loss	: 1.0436
-------------------------------------
[Epoch : 4/20]
Pr_Src_cls_loss	: 1.1508
Total_loss	: 0.2831
OT Loss	: 0.1315
Entropic Loss	: -0.9539
Src_cls_loss	: 1.0397
-------------------------------------
[Epoch : 5/20]
Pr_Src_cls_loss	: 1.1508
Total_loss	: 0.2398
OT Loss	: 0.1273
Entropic Loss	: -0.9840
Src_cls_loss	: 1.0329
-------------------------------------
[Epoch : 6/20]
Pr_Src_cls_loss	: 1.1508
Total_loss	: 0.2290
OT Loss	: 0.1240
Entropic Loss	: -0.9850
Src_cls_loss	: 1.0279
-------------------------------------
[Epoch : 7/20]
Pr_Src_cls_loss	: 1.1508
Total_loss	: 0.2174
OT Loss	: 0.1217
Entropic Loss	: -0.9888
Src_cls_loss	: 1.0237
-------------------------------------
[Epoch : 8/20]
Pr_Src_cls_loss	: 1.1508
Total_loss	: 0.1949
OT Loss	: 0.1195
Entropic Loss	: -1.0034
Src_cls_loss	: 1.0190
-------------------------------------
[Epoch : 9/20]
Pr_Src_cls_loss	: 1.1508
Total_loss	: 0.1895
OT Loss	: 0.1180
Entropic Loss	: -1.0024
Src_cls_loss	: 1.0148
-------------------------------------
[Epoch : 10/20]
Pr_Src_cls_loss	: 1.1508
Total_loss	: 0.1863
OT Loss	: 0.1168
Entropic Loss	: -1.0008
Src_cls_loss	: 1.0119
-------------------------------------
[Epoch : 11/20]
Pr_Src_cls_loss	: 1.1508
Total_loss	: 0.1845
OT Loss	: 0.1159
Entropic Loss	: -0.9963
Src_cls_loss	: 1.0070
-------------------------------------
[Epoch : 12/20]
Pr_Src_cls_loss	: 1.1508
Total_loss	: 0.1809
OT Loss	: 0.1153
Entropic Loss	: -0.9941
Src_cls_loss	: 1.0020
-------------------------------------
[Epoch : 13/20]
Pr_Src_cls_loss	: 1.1508
Total_loss	: 0.1796
OT Loss	: 0.1144
Entropic Loss	: -0.9890
Src_cls_loss	: 0.9970
-------------------------------------
[Epoch : 14/20]
Pr_Src_cls_loss	: 1.1508
Total_loss	: 0.1742
OT Loss	: 0.1136
Entropic Loss	: -0.9880
Src_cls_loss	: 0.9919
-------------------------------------
[Epoch : 15/20]
Pr_Src_cls_loss	: 1.1508
Total_loss	: 0.1606
OT Loss	: 0.1127
Entropic Loss	: -0.9956
Src_cls_loss	: 0.9872
-------------------------------------
[Epoch : 16/20]
Pr_Src_cls_loss	: 1.1508
Total_loss	: 0.1502
OT Loss	: 0.1117
Entropic Loss	: -1.0013
Src_cls_loss	: 0.9840
-------------------------------------
[Epoch : 17/20]
Pr_Src_cls_loss	: 1.1508
Total_loss	: 0.1459
OT Loss	: 0.1110
Entropic Loss	: -1.0003
Src_cls_loss	: 0.9798
-------------------------------------
[Epoch : 18/20]
Pr_Src_cls_loss	: 1.1508
Total_loss	: 0.1308
OT Loss	: 0.1101
Entropic Loss	: -1.0095
Src_cls_loss	: 0.9752
-------------------------------------
[Epoch : 19/20]
Pr_Src_cls_loss	: 1.1508
Total_loss	: 0.1261
OT Loss	: 0.1096
Entropic Loss	: -1.0092
Src_cls_loss	: 0.9709
-------------------------------------
[Epoch : 20/20]
Pr_Src_cls_loss	: 1.1508
Total_loss	: 0.1174
OT Loss	: 0.1089
Entropic Loss	: -1.0127
Src_cls_loss	: 0.9667
-------------------------------------
/mnt/data/home/tp2474/OpenSet-AdaTime/trainers/abstract_trainer.py:331: FutureWarning: The behavior of DataFrame concatenation with empty or all-NA entries is deprecated. In a future version, this will no longer exclude empty or all-NA columns when determining the result dtypes. To retain the old behavior, exclude the relevant entries before the concat operation.
  table = pd.concat([table, results_df], ignore_index=True)
H_score: 0.0000, OS* (acc_c): 0.0000, UNK (acc_p): 0.0000, acc_mix: 0.0000, F1: 0.0000
Uploading logs from: /mnt/data/home/tp2474/OpenSet-AdaTime/experiments_logs/mhealth to RealWorld_closed_set/PPOT_closed_set/mhealth_to_RealWorld_run_0
🏃 View run PPOT_run_0 at: http://127.0.0.1:5001/#/experiments/259823949667944240/runs/92152dd6afeb4d3785f808b36209b3d0
🧪 View experiment at: http://127.0.0.1:5001/#/experiments/259823949667944240
=============================================
Dataset: mhealth to RealWorld_closed_set
Method:  PPOT
=============================================
Source: mhealth ---> Target: RealWorld
Run ID: 1
=============================================
[Pr Epoch : 1/20]
Pr_Src_cls_loss	: 1.3642
-------------------------------------
[Pr Epoch : 2/20]
Pr_Src_cls_loss	: 1.3323
-------------------------------------
[Pr Epoch : 3/20]
Pr_Src_cls_loss	: 1.3085
-------------------------------------
[Pr Epoch : 4/20]
Pr_Src_cls_loss	: 1.2906
-------------------------------------
[Pr Epoch : 5/20]
Pr_Src_cls_loss	: 1.2765
-------------------------------------
[Pr Epoch : 6/20]
Pr_Src_cls_loss	: 1.2648
-------------------------------------
[Pr Epoch : 7/20]
Pr_Src_cls_loss	: 1.2544
-------------------------------------
[Pr Epoch : 8/20]
Pr_Src_cls_loss	: 1.2453
-------------------------------------
[Pr Epoch : 9/20]
Pr_Src_cls_loss	: 1.2370
-------------------------------------
[Pr Epoch : 10/20]
Pr_Src_cls_loss	: 1.2294
-------------------------------------
[Pr Epoch : 11/20]
Pr_Src_cls_loss	: 1.2224
-------------------------------------
[Pr Epoch : 12/20]
Pr_Src_cls_loss	: 1.2158
-------------------------------------
[Pr Epoch : 13/20]
Pr_Src_cls_loss	: 1.2097
-------------------------------------
[Pr Epoch : 14/20]
Pr_Src_cls_loss	: 1.2038
-------------------------------------
[Pr Epoch : 15/20]
Pr_Src_cls_loss	: 1.1981
-------------------------------------
[Pr Epoch : 16/20]
Pr_Src_cls_loss	: 1.1926
-------------------------------------
[Pr Epoch : 17/20]
Pr_Src_cls_loss	: 1.1874
-------------------------------------
[Pr Epoch : 18/20]
Pr_Src_cls_loss	: 1.1823
-------------------------------------
[Pr Epoch : 19/20]
Pr_Src_cls_loss	: 1.1772
-------------------------------------
[Pr Epoch : 20/20]
Pr_Src_cls_loss	: 1.1723
-------------------------------------
[Epoch : 1/20]
Pr_Src_cls_loss	: 1.1723
Total_loss	: 0.2104
OT Loss	: 0.1284
Entropic Loss	: -1.0660
Src_cls_loss	: 1.0837
-------------------------------------
[Epoch : 2/20]
Pr_Src_cls_loss	: 1.1723
Total_loss	: 0.2122
OT Loss	: 0.1232
Entropic Loss	: -1.0455
Src_cls_loss	: 1.0728
-------------------------------------
[Epoch : 3/20]
Pr_Src_cls_loss	: 1.1723
Total_loss	: 0.2054
OT Loss	: 0.1190
Entropic Loss	: -1.0444
Src_cls_loss	: 1.0713
-------------------------------------
[Epoch : 4/20]
Pr_Src_cls_loss	: 1.1723
Total_loss	: 0.1796
OT Loss	: 0.1161
Entropic Loss	: -1.0583
Src_cls_loss	: 1.0638
-------------------------------------
[Epoch : 5/20]
Pr_Src_cls_loss	: 1.1723
Total_loss	: 0.1838
OT Loss	: 0.1153
Entropic Loss	: -1.0505
Src_cls_loss	: 1.0614
-------------------------------------
[Epoch : 6/20]
Pr_Src_cls_loss	: 1.1723
Total_loss	: 0.1748
OT Loss	: 0.1139
Entropic Loss	: -1.0513
Src_cls_loss	: 1.0552
-------------------------------------
[Epoch : 7/20]
Pr_Src_cls_loss	: 1.1723
Total_loss	: 0.1629
OT Loss	: 0.1126
Entropic Loss	: -1.0552
Src_cls_loss	: 1.0491
-------------------------------------
[Epoch : 8/20]
Pr_Src_cls_loss	: 1.1723
Total_loss	: 0.1619
OT Loss	: 0.1120
Entropic Loss	: -1.0483
Src_cls_loss	: 1.0421
-------------------------------------
[Epoch : 9/20]
Pr_Src_cls_loss	: 1.1723
Total_loss	: 0.1500
OT Loss	: 0.1108
Entropic Loss	: -1.0531
Src_cls_loss	: 1.0369
-------------------------------------
[Epoch : 10/20]
Pr_Src_cls_loss	: 1.1723
Total_loss	: 0.1447
OT Loss	: 0.1100
Entropic Loss	: -1.0523
Src_cls_loss	: 1.0319
-------------------------------------
[Epoch : 11/20]
Pr_Src_cls_loss	: 1.1723
Total_loss	: 0.1359
OT Loss	: 0.1089
Entropic Loss	: -1.0538
Src_cls_loss	: 1.0264
-------------------------------------
[Epoch : 12/20]
Pr_Src_cls_loss	: 1.1723
Total_loss	: 0.1354
OT Loss	: 0.1083
Entropic Loss	: -1.0484
Src_cls_loss	: 1.0213
-------------------------------------
[Epoch : 13/20]
Pr_Src_cls_loss	: 1.1723
Total_loss	: 0.1337
OT Loss	: 0.1078
Entropic Loss	: -1.0440
Src_cls_loss	: 1.0159
-------------------------------------
[Epoch : 14/20]
Pr_Src_cls_loss	: 1.1723
Total_loss	: 0.1309
OT Loss	: 0.1073
Entropic Loss	: -1.0404
Src_cls_loss	: 1.0104
-------------------------------------
[Epoch : 15/20]
Pr_Src_cls_loss	: 1.1723
Total_loss	: 0.1239
OT Loss	: 0.1067
Entropic Loss	: -1.0421
Src_cls_loss	: 1.0059
-------------------------------------
[Epoch : 16/20]
Pr_Src_cls_loss	: 1.1723
Total_loss	: 0.1143
OT Loss	: 0.1061
Entropic Loss	: -1.0459
Src_cls_loss	: 1.0009
-------------------------------------
[Epoch : 17/20]
Pr_Src_cls_loss	: 1.1723
Total_loss	: 0.1092
OT Loss	: 0.1055
Entropic Loss	: -1.0458
Src_cls_loss	: 0.9967
-------------------------------------
[Epoch : 18/20]
Pr_Src_cls_loss	: 1.1723
Total_loss	: 0.1007
OT Loss	: 0.1048
Entropic Loss	: -1.0492
Src_cls_loss	: 0.9927
-------------------------------------
[Epoch : 19/20]
Pr_Src_cls_loss	: 1.1723
Total_loss	: 0.0981
OT Loss	: 0.1045
Entropic Loss	: -1.0470
Src_cls_loss	: 0.9884
-------------------------------------
[Epoch : 20/20]
Pr_Src_cls_loss	: 1.1723
Total_loss	: 0.0926
OT Loss	: 0.1043
Entropic Loss	: -1.0481
Src_cls_loss	: 0.9842
-------------------------------------
H_score: 0.0000, OS* (acc_c): 0.0000, UNK (acc_p): 0.0000, acc_mix: 0.0000, F1: 0.0000
Uploading logs from: /mnt/data/home/tp2474/OpenSet-AdaTime/experiments_logs/mhealth to RealWorld_closed_set/PPOT_closed_set/mhealth_to_RealWorld_run_1
🏃 View run PPOT_run_1 at: http://127.0.0.1:5001/#/experiments/259823949667944240/runs/29bc6cbdf47e4c78b637eadb9bb559aa
🧪 View experiment at: http://127.0.0.1:5001/#/experiments/259823949667944240
=============================================
Dataset: mhealth to RealWorld_closed_set
Method:  PPOT
=============================================
Source: mhealth ---> Target: RealWorld
Run ID: 2
=============================================
[Pr Epoch : 1/20]
Pr_Src_cls_loss	: 1.3564
-------------------------------------
[Pr Epoch : 2/20]
Pr_Src_cls_loss	: 1.3290
-------------------------------------
[Pr Epoch : 3/20]
Pr_Src_cls_loss	: 1.3074
-------------------------------------
[Pr Epoch : 4/20]
Pr_Src_cls_loss	: 1.2901
-------------------------------------
[Pr Epoch : 5/20]
Pr_Src_cls_loss	: 1.2759
-------------------------------------
[Pr Epoch : 6/20]
Pr_Src_cls_loss	: 1.2639
-------------------------------------
[Pr Epoch : 7/20]
Pr_Src_cls_loss	: 1.2530
-------------------------------------
[Pr Epoch : 8/20]
Pr_Src_cls_loss	: 1.2434
-------------------------------------
[Pr Epoch : 9/20]
Pr_Src_cls_loss	: 1.2346
-------------------------------------
[Pr Epoch : 10/20]
Pr_Src_cls_loss	: 1.2267
-------------------------------------
[Pr Epoch : 11/20]
Pr_Src_cls_loss	: 1.2192
-------------------------------------
[Pr Epoch : 12/20]
Pr_Src_cls_loss	: 1.2122
-------------------------------------
[Pr Epoch : 13/20]
Pr_Src_cls_loss	: 1.2056
-------------------------------------
[Pr Epoch : 14/20]
Pr_Src_cls_loss	: 1.1993
-------------------------------------
[Pr Epoch : 15/20]
Pr_Src_cls_loss	: 1.1933
-------------------------------------
[Pr Epoch : 16/20]
Pr_Src_cls_loss	: 1.1875
-------------------------------------
[Pr Epoch : 17/20]
Pr_Src_cls_loss	: 1.1820
-------------------------------------
[Pr Epoch : 18/20]
Pr_Src_cls_loss	: 1.1767
-------------------------------------
[Pr Epoch : 19/20]
Pr_Src_cls_loss	: 1.1715
-------------------------------------
[Pr Epoch : 20/20]
Pr_Src_cls_loss	: 1.1666
-------------------------------------
[Epoch : 1/20]
Pr_Src_cls_loss	: 1.1666
Total_loss	: 0.3884
OT Loss	: 0.1488
Entropic Loss	: -0.8921
Src_cls_loss	: 1.0572
-------------------------------------
[Epoch : 2/20]
Pr_Src_cls_loss	: 1.1666
Total_loss	: 0.3010
OT Loss	: 0.1370
Entropic Loss	: -0.9579
Src_cls_loss	: 1.0534
-------------------------------------
[Epoch : 3/20]
Pr_Src_cls_loss	: 1.1666
Total_loss	: 0.2908
OT Loss	: 0.1304
Entropic Loss	: -0.9544
Src_cls_loss	: 1.0496
-------------------------------------
[Epoch : 4/20]
Pr_Src_cls_loss	: 1.1666
Total_loss	: 0.3107
OT Loss	: 0.1275
Entropic Loss	: -0.9268
Src_cls_loss	: 1.0462
-------------------------------------
[Epoch : 5/20]
Pr_Src_cls_loss	: 1.1666
Total_loss	: 0.3216
OT Loss	: 0.1253
Entropic Loss	: -0.9098
Src_cls_loss	: 1.0435
-------------------------------------
[Epoch : 6/20]
Pr_Src_cls_loss	: 1.1666
Total_loss	: 0.3260
OT Loss	: 0.1236
Entropic Loss	: -0.8997
Src_cls_loss	: 1.0402
-------------------------------------
[Epoch : 7/20]
Pr_Src_cls_loss	: 1.1666
Total_loss	: 0.3053
OT Loss	: 0.1224
Entropic Loss	: -0.9148
Src_cls_loss	: 1.0365
-------------------------------------
[Epoch : 8/20]
Pr_Src_cls_loss	: 1.1666
Total_loss	: 0.2921
OT Loss	: 0.1207
Entropic Loss	: -0.9230
Src_cls_loss	: 1.0341
-------------------------------------
[Epoch : 9/20]
Pr_Src_cls_loss	: 1.1666
Total_loss	: 0.2760
OT Loss	: 0.1192
Entropic Loss	: -0.9325
Src_cls_loss	: 1.0297
-------------------------------------
[Epoch : 10/20]
Pr_Src_cls_loss	: 1.1666
Total_loss	: 0.2924
OT Loss	: 0.1184
Entropic Loss	: -0.9114
Src_cls_loss	: 1.0262
-------------------------------------
[Epoch : 11/20]
Pr_Src_cls_loss	: 1.1666
Total_loss	: 0.2878
OT Loss	: 0.1174
Entropic Loss	: -0.9105
Src_cls_loss	: 1.0221
-------------------------------------
[Epoch : 12/20]
Pr_Src_cls_loss	: 1.1666
Total_loss	: 0.2812
OT Loss	: 0.1164
Entropic Loss	: -0.9117
Src_cls_loss	: 1.0183
-------------------------------------
[Epoch : 13/20]
Pr_Src_cls_loss	: 1.1666
Total_loss	: 0.2822
OT Loss	: 0.1156
Entropic Loss	: -0.9054
Src_cls_loss	: 1.0141
-------------------------------------
[Epoch : 14/20]
Pr_Src_cls_loss	: 1.1666
Total_loss	: 0.2819
OT Loss	: 0.1148
Entropic Loss	: -0.9008
Src_cls_loss	: 1.0105
-------------------------------------
[Epoch : 15/20]
Pr_Src_cls_loss	: 1.1666
Total_loss	: 0.2797
OT Loss	: 0.1138
Entropic Loss	: -0.8986
Src_cls_loss	: 1.0077
-------------------------------------
[Epoch : 16/20]
Pr_Src_cls_loss	: 1.1666
Total_loss	: 0.2792
OT Loss	: 0.1131
Entropic Loss	: -0.8945
Src_cls_loss	: 1.0040
-------------------------------------
[Epoch : 17/20]
Pr_Src_cls_loss	: 1.1666
Total_loss	: 0.2651
OT Loss	: 0.1124
Entropic Loss	: -0.9033
Src_cls_loss	: 0.9998
-------------------------------------
[Epoch : 18/20]
Pr_Src_cls_loss	: 1.1666
Total_loss	: 0.2635
OT Loss	: 0.1117
Entropic Loss	: -0.8999
Src_cls_loss	: 0.9959
-------------------------------------
[Epoch : 19/20]
Pr_Src_cls_loss	: 1.1666
Total_loss	: 0.2518
OT Loss	: 0.1108
Entropic Loss	: -0.9063
Src_cls_loss	: 0.9920
-------------------------------------
[Epoch : 20/20]
Pr_Src_cls_loss	: 1.1666
Total_loss	: 0.2511
OT Loss	: 0.1102
Entropic Loss	: -0.9029
Src_cls_loss	: 0.9888
-------------------------------------
H_score: 0.0000, OS* (acc_c): 0.0000, UNK (acc_p): 0.0000, acc_mix: 0.0000, F1: 0.0000
Uploading logs from: /mnt/data/home/tp2474/OpenSet-AdaTime/experiments_logs/mhealth to RealWorld_closed_set/PPOT_closed_set/mhealth_to_RealWorld_run_2
🏃 View run PPOT_run_2 at: http://127.0.0.1:5001/#/experiments/259823949667944240/runs/d5defe99b3ac4b06a7cf48a24d39e1df
🧪 View experiment at: http://127.0.0.1:5001/#/experiments/259823949667944240
=============================================
Dataset: mhealth to RealWorld_closed_set
Method:  PPOT
=============================================
Source: mhealth ---> Target: RealWorld
Run ID: 3
=============================================
[Pr Epoch : 1/20]
Pr_Src_cls_loss	: 1.3510
-------------------------------------
[Pr Epoch : 2/20]
Pr_Src_cls_loss	: 1.3212
-------------------------------------
[Pr Epoch : 3/20]
Pr_Src_cls_loss	: 1.2991
-------------------------------------
[Pr Epoch : 4/20]
Pr_Src_cls_loss	: 1.2816
-------------------------------------
[Pr Epoch : 5/20]
Pr_Src_cls_loss	: 1.2676
-------------------------------------
[Pr Epoch : 6/20]
Pr_Src_cls_loss	: 1.2557
-------------------------------------
[Pr Epoch : 7/20]
Pr_Src_cls_loss	: 1.2455
-------------------------------------
[Pr Epoch : 8/20]
Pr_Src_cls_loss	: 1.2362
-------------------------------------
[Pr Epoch : 9/20]
Pr_Src_cls_loss	: 1.2277
-------------------------------------
[Pr Epoch : 10/20]
Pr_Src_cls_loss	: 1.2201
-------------------------------------
[Pr Epoch : 11/20]
Pr_Src_cls_loss	: 1.2131
-------------------------------------
[Pr Epoch : 12/20]
Pr_Src_cls_loss	: 1.2066
-------------------------------------
[Pr Epoch : 13/20]
Pr_Src_cls_loss	: 1.2004
-------------------------------------
[Pr Epoch : 14/20]
Pr_Src_cls_loss	: 1.1945
-------------------------------------
[Pr Epoch : 15/20]
Pr_Src_cls_loss	: 1.1889
-------------------------------------
[Pr Epoch : 16/20]
Pr_Src_cls_loss	: 1.1836
-------------------------------------
[Pr Epoch : 17/20]
Pr_Src_cls_loss	: 1.1784
-------------------------------------
[Pr Epoch : 18/20]
Pr_Src_cls_loss	: 1.1734
-------------------------------------
[Pr Epoch : 19/20]
Pr_Src_cls_loss	: 1.1685
-------------------------------------
[Pr Epoch : 20/20]
Pr_Src_cls_loss	: 1.1637
-------------------------------------
[Epoch : 1/20]
Pr_Src_cls_loss	: 1.1637
Total_loss	: 0.2791
OT Loss	: 0.1448
Entropic Loss	: -0.9958
Src_cls_loss	: 1.0577
-------------------------------------
[Epoch : 2/20]
Pr_Src_cls_loss	: 1.1637
Total_loss	: 0.2173
OT Loss	: 0.1334
Entropic Loss	: -1.0318
Src_cls_loss	: 1.0490
-------------------------------------
[Epoch : 3/20]
Pr_Src_cls_loss	: 1.1637
Total_loss	: 0.2391
OT Loss	: 0.1335
Entropic Loss	: -0.9998
Src_cls_loss	: 1.0386
-------------------------------------
[Epoch : 4/20]
Pr_Src_cls_loss	: 1.1637
Total_loss	: 0.2255
OT Loss	: 0.1301
Entropic Loss	: -1.0022
Src_cls_loss	: 1.0326
-------------------------------------
[Epoch : 5/20]
Pr_Src_cls_loss	: 1.1637
Total_loss	: 0.2164
OT Loss	: 0.1275
Entropic Loss	: -1.0055
Src_cls_loss	: 1.0307
-------------------------------------
[Epoch : 6/20]
Pr_Src_cls_loss	: 1.1637
Total_loss	: 0.2171
OT Loss	: 0.1256
Entropic Loss	: -0.9958
Src_cls_loss	: 1.0244
-------------------------------------
[Epoch : 7/20]
Pr_Src_cls_loss	: 1.1637
Total_loss	: 0.2096
OT Loss	: 0.1240
Entropic Loss	: -0.9941
Src_cls_loss	: 1.0177
-------------------------------------
[Epoch : 8/20]
Pr_Src_cls_loss	: 1.1637
Total_loss	: 0.2131
OT Loss	: 0.1225
Entropic Loss	: -0.9891
Src_cls_loss	: 1.0184
-------------------------------------
[Epoch : 9/20]
Pr_Src_cls_loss	: 1.1637
Total_loss	: 0.2028
OT Loss	: 0.1210
Entropic Loss	: -0.9909
Src_cls_loss	: 1.0121
-------------------------------------
[Epoch : 10/20]
Pr_Src_cls_loss	: 1.1637
Total_loss	: 0.1995
OT Loss	: 0.1198
Entropic Loss	: -0.9890
Src_cls_loss	: 1.0089
-------------------------------------
[Epoch : 11/20]
Pr_Src_cls_loss	: 1.1637
Total_loss	: 0.1943
OT Loss	: 0.1186
Entropic Loss	: -0.9883
Src_cls_loss	: 1.0046
-------------------------------------
[Epoch : 12/20]
Pr_Src_cls_loss	: 1.1637
Total_loss	: 0.2074
OT Loss	: 0.1178
Entropic Loss	: -0.9714
Src_cls_loss	: 1.0021
-------------------------------------
[Epoch : 13/20]
Pr_Src_cls_loss	: 1.1637
Total_loss	: 0.2083
OT Loss	: 0.1170
Entropic Loss	: -0.9668
Src_cls_loss	: 0.9997
-------------------------------------
[Epoch : 14/20]
Pr_Src_cls_loss	: 1.1637
Total_loss	: 0.2125
OT Loss	: 0.1164
Entropic Loss	: -0.9584
Src_cls_loss	: 0.9963
-------------------------------------
[Epoch : 15/20]
Pr_Src_cls_loss	: 1.1637
Total_loss	: 0.2189
OT Loss	: 0.1157
Entropic Loss	: -0.9469
Src_cls_loss	: 0.9922
-------------------------------------
[Epoch : 16/20]
Pr_Src_cls_loss	: 1.1637
Total_loss	: 0.2176
OT Loss	: 0.1149
Entropic Loss	: -0.9421
Src_cls_loss	: 0.9873
-------------------------------------
[Epoch : 17/20]
Pr_Src_cls_loss	: 1.1637
Total_loss	: 0.2173
OT Loss	: 0.1143
Entropic Loss	: -0.9382
Src_cls_loss	: 0.9839
-------------------------------------
[Epoch : 18/20]
Pr_Src_cls_loss	: 1.1637
Total_loss	: 0.2160
OT Loss	: 0.1138
Entropic Loss	: -0.9357
Src_cls_loss	: 0.9810
-------------------------------------
[Epoch : 19/20]
Pr_Src_cls_loss	: 1.1637
Total_loss	: 0.2166
OT Loss	: 0.1133
Entropic Loss	: -0.9311
Src_cls_loss	: 0.9777
-------------------------------------
[Epoch : 20/20]
Pr_Src_cls_loss	: 1.1637
Total_loss	: 0.2101
OT Loss	: 0.1126
Entropic Loss	: -0.9322
Src_cls_loss	: 0.9734
-------------------------------------
H_score: 0.0000, OS* (acc_c): 0.0000, UNK (acc_p): 0.0000, acc_mix: 0.0000, F1: 0.0000
Uploading logs from: /mnt/data/home/tp2474/OpenSet-AdaTime/experiments_logs/mhealth to RealWorld_closed_set/PPOT_closed_set/mhealth_to_RealWorld_run_3
🏃 View run PPOT_run_3 at: http://127.0.0.1:5001/#/experiments/259823949667944240/runs/494ee73e4529403b8070ad15dd95f526
🧪 View experiment at: http://127.0.0.1:5001/#/experiments/259823949667944240
=============================================
Dataset: mhealth to RealWorld_closed_set
Method:  PPOT
=============================================
Source: mhealth ---> Target: RealWorld
Run ID: 4
=============================================
[Pr Epoch : 1/20]
Pr_Src_cls_loss	: 1.3429
-------------------------------------
[Pr Epoch : 2/20]
Pr_Src_cls_loss	: 1.3141
-------------------------------------
[Pr Epoch : 3/20]
Pr_Src_cls_loss	: 1.2923
-------------------------------------
[Pr Epoch : 4/20]
Pr_Src_cls_loss	: 1.2754
-------------------------------------
[Pr Epoch : 5/20]
Pr_Src_cls_loss	: 1.2615
-------------------------------------
[Pr Epoch : 6/20]
Pr_Src_cls_loss	: 1.2497
-------------------------------------
[Pr Epoch : 7/20]
Pr_Src_cls_loss	: 1.2396
-------------------------------------
[Pr Epoch : 8/20]
Pr_Src_cls_loss	: 1.2306
-------------------------------------
[Pr Epoch : 9/20]
Pr_Src_cls_loss	: 1.2227
-------------------------------------
[Pr Epoch : 10/20]
Pr_Src_cls_loss	: 1.2155
-------------------------------------
[Pr Epoch : 11/20]
Pr_Src_cls_loss	: 1.2087
-------------------------------------
[Pr Epoch : 12/20]
Pr_Src_cls_loss	: 1.2024
-------------------------------------
[Pr Epoch : 13/20]
Pr_Src_cls_loss	: 1.1965
-------------------------------------
[Pr Epoch : 14/20]
Pr_Src_cls_loss	: 1.1907
-------------------------------------
[Pr Epoch : 15/20]
Pr_Src_cls_loss	: 1.1852
-------------------------------------
[Pr Epoch : 16/20]
Pr_Src_cls_loss	: 1.1799
-------------------------------------
[Pr Epoch : 17/20]
Pr_Src_cls_loss	: 1.1748
-------------------------------------
[Pr Epoch : 18/20]
Pr_Src_cls_loss	: 1.1698
-------------------------------------
[Pr Epoch : 19/20]
Pr_Src_cls_loss	: 1.1650
-------------------------------------
[Pr Epoch : 20/20]
Pr_Src_cls_loss	: 1.1604
-------------------------------------
[Epoch : 1/20]
Pr_Src_cls_loss	: 1.1604
Total_loss	: 0.3482
OT Loss	: 0.1471
Entropic Loss	: -0.9587
Src_cls_loss	: 1.0863
-------------------------------------
[Epoch : 2/20]
Pr_Src_cls_loss	: 1.1604
Total_loss	: 0.2958
OT Loss	: 0.1363
Entropic Loss	: -0.9773
Src_cls_loss	: 1.0686
-------------------------------------
[Epoch : 3/20]
Pr_Src_cls_loss	: 1.1604
Total_loss	: 0.2416
OT Loss	: 0.1304
Entropic Loss	: -1.0132
Src_cls_loss	: 1.0592
-------------------------------------
[Epoch : 4/20]
Pr_Src_cls_loss	: 1.1604
Total_loss	: 0.2167
OT Loss	: 0.1260
Entropic Loss	: -1.0229
Src_cls_loss	: 1.0506
-------------------------------------
[Epoch : 5/20]
Pr_Src_cls_loss	: 1.1604
Total_loss	: 0.2142
OT Loss	: 0.1228
Entropic Loss	: -1.0161
Src_cls_loss	: 1.0461
-------------------------------------
[Epoch : 6/20]
Pr_Src_cls_loss	: 1.1604
Total_loss	: 0.2056
OT Loss	: 0.1203
Entropic Loss	: -1.0143
Src_cls_loss	: 1.0395
-------------------------------------
[Epoch : 7/20]
Pr_Src_cls_loss	: 1.1604
Total_loss	: 0.2126
OT Loss	: 0.1185
Entropic Loss	: -0.9990
Src_cls_loss	: 1.0340
-------------------------------------
[Epoch : 8/20]
Pr_Src_cls_loss	: 1.1604
Total_loss	: 0.2078
OT Loss	: 0.1163
Entropic Loss	: -0.9954
Src_cls_loss	: 1.0287
-------------------------------------
[Epoch : 9/20]
Pr_Src_cls_loss	: 1.1604
Total_loss	: 0.1977
OT Loss	: 0.1146
Entropic Loss	: -0.9987
Src_cls_loss	: 1.0244
-------------------------------------
[Epoch : 10/20]
Pr_Src_cls_loss	: 1.1604
Total_loss	: 0.1862
OT Loss	: 0.1134
Entropic Loss	: -1.0053
Src_cls_loss	: 1.0215
-------------------------------------
[Epoch : 11/20]
Pr_Src_cls_loss	: 1.1604
Total_loss	: 0.1874
OT Loss	: 0.1128
Entropic Loss	: -0.9991
Src_cls_loss	: 1.0172
-------------------------------------
[Epoch : 12/20]
Pr_Src_cls_loss	: 1.1604
Total_loss	: 0.1754
OT Loss	: 0.1119
Entropic Loss	: -1.0064
Src_cls_loss	: 1.0139
-------------------------------------
[Epoch : 13/20]
Pr_Src_cls_loss	: 1.1604
Total_loss	: 0.1642
OT Loss	: 0.1108
Entropic Loss	: -1.0111
Src_cls_loss	: 1.0091
-------------------------------------
[Epoch : 14/20]
Pr_Src_cls_loss	: 1.1604
Total_loss	: 0.1616
OT Loss	: 0.1102
Entropic Loss	: -1.0085
Src_cls_loss	: 1.0047
-------------------------------------
[Epoch : 15/20]
Pr_Src_cls_loss	: 1.1604
Total_loss	: 0.1520
OT Loss	: 0.1094
Entropic Loss	: -1.0123
Src_cls_loss	: 1.0002
-------------------------------------
[Epoch : 16/20]
Pr_Src_cls_loss	: 1.1604
Total_loss	: 0.1371
OT Loss	: 0.1086
Entropic Loss	: -1.0223
Src_cls_loss	: 0.9965
-------------------------------------
[Epoch : 17/20]
Pr_Src_cls_loss	: 1.1604
Total_loss	: 0.1348
OT Loss	: 0.1081
Entropic Loss	: -1.0200
Src_cls_loss	: 0.9926
-------------------------------------
[Epoch : 18/20]
Pr_Src_cls_loss	: 1.1604
Total_loss	: 0.1240
OT Loss	: 0.1076
Entropic Loss	: -1.0261
Src_cls_loss	: 0.9886
-------------------------------------
[Epoch : 19/20]
Pr_Src_cls_loss	: 1.1604
Total_loss	: 0.1295
OT Loss	: 0.1073
Entropic Loss	: -1.0157
Src_cls_loss	: 0.9843
-------------------------------------
[Epoch : 20/20]
Pr_Src_cls_loss	: 1.1604
Total_loss	: 0.1186
OT Loss	: 0.1067
Entropic Loss	: -1.0213
Src_cls_loss	: 0.9799
-------------------------------------
H_score: 0.0000, OS* (acc_c): 0.0000, UNK (acc_p): 0.0000, acc_mix: 0.0000, F1: 0.0000
Uploading logs from: /mnt/data/home/tp2474/OpenSet-AdaTime/experiments_logs/mhealth to RealWorld_closed_set/PPOT_closed_set/mhealth_to_RealWorld_run_4
🏃 View run PPOT_run_4 at: http://127.0.0.1:5001/#/experiments/259823949667944240/runs/19c0271909664de6a5aa36bfc05eaaee
🧪 View experiment at: http://127.0.0.1:5001/#/experiments/259823949667944240
Running: Source=mhealth -> Target=Pamap2
[scenario] PPOT -> UniDA (uniDA=True)
Unlabeled data shape:  (4752, 150, 18)
Unlabelled Combined shape: (8054, 150, 18)

--- Dataloader Size Check ---
Source Train batches:   18
Target Train batches:   74
-------------------------------

Private classes:  tensor([])
=============================================
Dataset: mhealth to Pamap2_closed_set
Method:  PPOT
=============================================
Source: mhealth ---> Target: Pamap2
Run ID: 0
=============================================
[Pr Epoch : 1/20]
Pr_Src_cls_loss	: 1.3446
-------------------------------------
[Pr Epoch : 2/20]
Pr_Src_cls_loss	: 1.3139
-------------------------------------
[Pr Epoch : 3/20]
Pr_Src_cls_loss	: 1.2910
-------------------------------------
[Pr Epoch : 4/20]
Pr_Src_cls_loss	: 1.2733
-------------------------------------
[Pr Epoch : 5/20]
Pr_Src_cls_loss	: 1.2592
-------------------------------------
[Pr Epoch : 6/20]
Pr_Src_cls_loss	: 1.2467
-------------------------------------
[Pr Epoch : 7/20]
Pr_Src_cls_loss	: 1.2361
-------------------------------------
[Pr Epoch : 8/20]
Pr_Src_cls_loss	: 1.2267
-------------------------------------
[Pr Epoch : 9/20]
Pr_Src_cls_loss	: 1.2180
-------------------------------------
[Pr Epoch : 10/20]
Pr_Src_cls_loss	: 1.2099
-------------------------------------
[Pr Epoch : 11/20]
Pr_Src_cls_loss	: 1.2025
-------------------------------------
[Pr Epoch : 12/20]
Pr_Src_cls_loss	: 1.1955
-------------------------------------
[Pr Epoch : 13/20]
Pr_Src_cls_loss	: 1.1890
-------------------------------------
[Pr Epoch : 14/20]
Pr_Src_cls_loss	: 1.1828
-------------------------------------
[Pr Epoch : 15/20]
Pr_Src_cls_loss	: 1.1769
-------------------------------------
[Pr Epoch : 16/20]
Pr_Src_cls_loss	: 1.1713
-------------------------------------
[Pr Epoch : 17/20]
Pr_Src_cls_loss	: 1.1659
-------------------------------------
[Pr Epoch : 18/20]
Pr_Src_cls_loss	: 1.1607
-------------------------------------
[Pr Epoch : 19/20]
Pr_Src_cls_loss	: 1.1557
-------------------------------------
[Pr Epoch : 20/20]
Pr_Src_cls_loss	: 1.1508
-------------------------------------
[Epoch : 1/20]
Pr_Src_cls_loss	: 1.1508
Total_loss	: 0.2609
OT Loss	: 0.1394
Entropic Loss	: -0.9998
Src_cls_loss	: 1.0516
-------------------------------------
[Epoch : 2/20]
Pr_Src_cls_loss	: 1.1508
Total_loss	: 0.2266
OT Loss	: 0.1333
Entropic Loss	: -1.0179
Src_cls_loss	: 1.0445
-------------------------------------
[Epoch : 3/20]
Pr_Src_cls_loss	: 1.1508
Total_loss	: 0.1797
OT Loss	: 0.1255
Entropic Loss	: -1.0488
Src_cls_loss	: 1.0403
-------------------------------------
[Epoch : 4/20]
Pr_Src_cls_loss	: 1.1508
Total_loss	: 0.1678
OT Loss	: 0.1230
Entropic Loss	: -1.0525
Src_cls_loss	: 1.0359
-------------------------------------
[Epoch : 5/20]
Pr_Src_cls_loss	: 1.1508
Total_loss	: 0.1362
OT Loss	: 0.1193
Entropic Loss	: -1.0720
Src_cls_loss	: 1.0294
-------------------------------------
[Epoch : 6/20]
Pr_Src_cls_loss	: 1.1508
Total_loss	: 0.1128
OT Loss	: 0.1163
Entropic Loss	: -1.0870
Src_cls_loss	: 1.0254
-------------------------------------
[Epoch : 7/20]
Pr_Src_cls_loss	: 1.1508
Total_loss	: 0.1028
OT Loss	: 0.1144
Entropic Loss	: -1.0901
Src_cls_loss	: 1.0213
-------------------------------------
[Epoch : 8/20]
Pr_Src_cls_loss	: 1.1508
Total_loss	: 0.0885
OT Loss	: 0.1128
Entropic Loss	: -1.0977
Src_cls_loss	: 1.0171
-------------------------------------
[Epoch : 9/20]
Pr_Src_cls_loss	: 1.1508
Total_loss	: 0.0771
OT Loss	: 0.1114
Entropic Loss	: -1.1033
Src_cls_loss	: 1.0133
-------------------------------------
[Epoch : 10/20]
Pr_Src_cls_loss	: 1.1508
Total_loss	: 0.0666
OT Loss	: 0.1102
Entropic Loss	: -1.1093
Src_cls_loss	: 1.0107
-------------------------------------
[Epoch : 11/20]
Pr_Src_cls_loss	: 1.1508
Total_loss	: 0.0582
OT Loss	: 0.1092
Entropic Loss	: -1.1127
Src_cls_loss	: 1.0071
-------------------------------------
[Epoch : 12/20]
Pr_Src_cls_loss	: 1.1508
Total_loss	: 0.0479
OT Loss	: 0.1082
Entropic Loss	: -1.1173
Src_cls_loss	: 1.0030
-------------------------------------
[Epoch : 13/20]
Pr_Src_cls_loss	: 1.1508
Total_loss	: 0.0373
OT Loss	: 0.1073
Entropic Loss	: -1.1218
Src_cls_loss	: 0.9981
-------------------------------------
[Epoch : 14/20]
Pr_Src_cls_loss	: 1.1508
Total_loss	: 0.0259
OT Loss	: 0.1062
Entropic Loss	: -1.1270
Src_cls_loss	: 0.9936
-------------------------------------
[Epoch : 15/20]
Pr_Src_cls_loss	: 1.1508
Total_loss	: 0.0178
OT Loss	: 0.1054
Entropic Loss	: -1.1297
Src_cls_loss	: 0.9894
-------------------------------------
[Epoch : 16/20]
Pr_Src_cls_loss	: 1.1508
Total_loss	: 0.0100
OT Loss	: 0.1047
Entropic Loss	: -1.1333
Src_cls_loss	: 0.9863
-------------------------------------
[Epoch : 17/20]
Pr_Src_cls_loss	: 1.1508
Total_loss	: 0.0002
OT Loss	: 0.1038
Entropic Loss	: -1.1376
Src_cls_loss	: 0.9821
-------------------------------------
[Epoch : 18/20]
Pr_Src_cls_loss	: 1.1508
Total_loss	: -0.0071
OT Loss	: 0.1034
Entropic Loss	: -1.1404
Src_cls_loss	: 0.9782
-------------------------------------
[Epoch : 19/20]
Pr_Src_cls_loss	: 1.1508
Total_loss	: -0.0119
OT Loss	: 0.1032
Entropic Loss	: -1.1406
Src_cls_loss	: 0.9740
-------------------------------------
[Epoch : 20/20]
Pr_Src_cls_loss	: 1.1508
Total_loss	: -0.0189
OT Loss	: 0.1028
Entropic Loss	: -1.1435
Src_cls_loss	: 0.9704
-------------------------------------
/mnt/data/home/tp2474/OpenSet-AdaTime/trainers/abstract_trainer.py:331: FutureWarning: The behavior of DataFrame concatenation with empty or all-NA entries is deprecated. In a future version, this will no longer exclude empty or all-NA columns when determining the result dtypes. To retain the old behavior, exclude the relevant entries before the concat operation.
  table = pd.concat([table, results_df], ignore_index=True)
H_score: 0.0000, OS* (acc_c): 0.0000, UNK (acc_p): 0.0000, acc_mix: 0.0000, F1: 0.0000
Uploading logs from: /mnt/data/home/tp2474/OpenSet-AdaTime/experiments_logs/mhealth to Pamap2_closed_set/PPOT_closed_set/mhealth_to_Pamap2_run_0
🏃 View run PPOT_run_0 at: http://127.0.0.1:5001/#/experiments/206873663002748842/runs/48596f64c9b14a34bd31d5e34443bc4c
🧪 View experiment at: http://127.0.0.1:5001/#/experiments/206873663002748842
=============================================
Dataset: mhealth to Pamap2_closed_set
Method:  PPOT
=============================================
Source: mhealth ---> Target: Pamap2
Run ID: 1
=============================================
[Pr Epoch : 1/20]
Pr_Src_cls_loss	: 1.3642
-------------------------------------
[Pr Epoch : 2/20]
Pr_Src_cls_loss	: 1.3323
-------------------------------------
[Pr Epoch : 3/20]
Pr_Src_cls_loss	: 1.3085
-------------------------------------
[Pr Epoch : 4/20]
Pr_Src_cls_loss	: 1.2906
-------------------------------------
[Pr Epoch : 5/20]
Pr_Src_cls_loss	: 1.2765
-------------------------------------
[Pr Epoch : 6/20]
Pr_Src_cls_loss	: 1.2648
-------------------------------------
[Pr Epoch : 7/20]
Pr_Src_cls_loss	: 1.2544
-------------------------------------
[Pr Epoch : 8/20]
Pr_Src_cls_loss	: 1.2453
-------------------------------------
[Pr Epoch : 9/20]
Pr_Src_cls_loss	: 1.2370
-------------------------------------
[Pr Epoch : 10/20]
Pr_Src_cls_loss	: 1.2294
-------------------------------------
[Pr Epoch : 11/20]
Pr_Src_cls_loss	: 1.2224
-------------------------------------
[Pr Epoch : 12/20]
Pr_Src_cls_loss	: 1.2158
-------------------------------------
[Pr Epoch : 13/20]
Pr_Src_cls_loss	: 1.2097
-------------------------------------
[Pr Epoch : 14/20]
Pr_Src_cls_loss	: 1.2038
-------------------------------------
[Pr Epoch : 15/20]
Pr_Src_cls_loss	: 1.1981
-------------------------------------
[Pr Epoch : 16/20]
Pr_Src_cls_loss	: 1.1926
-------------------------------------
[Pr Epoch : 17/20]
Pr_Src_cls_loss	: 1.1874
-------------------------------------
[Pr Epoch : 18/20]
Pr_Src_cls_loss	: 1.1823
-------------------------------------
[Pr Epoch : 19/20]
Pr_Src_cls_loss	: 1.1772
-------------------------------------
[Pr Epoch : 20/20]
Pr_Src_cls_loss	: 1.1723
-------------------------------------
[Epoch : 1/20]
Pr_Src_cls_loss	: 1.1723
Total_loss	: 0.3590
OT Loss	: 0.1467
Entropic Loss	: -0.9319
Src_cls_loss	: 1.0708
-------------------------------------
[Epoch : 2/20]
Pr_Src_cls_loss	: 1.1723
Total_loss	: 0.2559
OT Loss	: 0.1309
Entropic Loss	: -1.0053
Src_cls_loss	: 1.0648
-------------------------------------
[Epoch : 3/20]
Pr_Src_cls_loss	: 1.1723
Total_loss	: 0.2156
OT Loss	: 0.1237
Entropic Loss	: -1.0356
Src_cls_loss	: 1.0656
-------------------------------------
[Epoch : 4/20]
Pr_Src_cls_loss	: 1.1723
Total_loss	: 0.2021
OT Loss	: 0.1202
Entropic Loss	: -1.0388
Src_cls_loss	: 1.0605
-------------------------------------
[Epoch : 5/20]
Pr_Src_cls_loss	: 1.1723
Total_loss	: 0.1860
OT Loss	: 0.1161
Entropic Loss	: -1.0488
Src_cls_loss	: 1.0606
-------------------------------------
[Epoch : 6/20]
Pr_Src_cls_loss	: 1.1723
Total_loss	: 0.1792
OT Loss	: 0.1134
Entropic Loss	: -1.0463
Src_cls_loss	: 1.0553
-------------------------------------
[Epoch : 7/20]
Pr_Src_cls_loss	: 1.1723
Total_loss	: 0.1783
OT Loss	: 0.1121
Entropic Loss	: -1.0395
Src_cls_loss	: 1.0496
-------------------------------------
[Epoch : 8/20]
Pr_Src_cls_loss	: 1.1723
Total_loss	: 0.1845
OT Loss	: 0.1106
Entropic Loss	: -1.0248
Src_cls_loss	: 1.0434
-------------------------------------
[Epoch : 9/20]
Pr_Src_cls_loss	: 1.1723
Total_loss	: 0.1821
OT Loss	: 0.1100
Entropic Loss	: -1.0222
Src_cls_loss	: 1.0392
-------------------------------------
[Epoch : 10/20]
Pr_Src_cls_loss	: 1.1723
Total_loss	: 0.1694
OT Loss	: 0.1088
Entropic Loss	: -1.0291
Src_cls_loss	: 1.0353
-------------------------------------
[Epoch : 11/20]
Pr_Src_cls_loss	: 1.1723
Total_loss	: 0.1733
OT Loss	: 0.1082
Entropic Loss	: -1.0198
Src_cls_loss	: 1.0309
-------------------------------------
[Epoch : 12/20]
Pr_Src_cls_loss	: 1.1723
Total_loss	: 0.2003
OT Loss	: 0.1075
Entropic Loss	: -0.9878
Src_cls_loss	: 1.0268
-------------------------------------
[Epoch : 13/20]
Pr_Src_cls_loss	: 1.1723
Total_loss	: 0.1972
OT Loss	: 0.1067
Entropic Loss	: -0.9849
Src_cls_loss	: 1.0220
-------------------------------------
[Epoch : 14/20]
Pr_Src_cls_loss	: 1.1723
Total_loss	: 0.2007
OT Loss	: 0.1061
Entropic Loss	: -0.9762
Src_cls_loss	: 1.0178
-------------------------------------
[Epoch : 15/20]
Pr_Src_cls_loss	: 1.1723
Total_loss	: 0.2048
OT Loss	: 0.1056
Entropic Loss	: -0.9678
Src_cls_loss	: 1.0143
-------------------------------------
[Epoch : 16/20]
Pr_Src_cls_loss	: 1.1723
Total_loss	: 0.1989
OT Loss	: 0.1048
Entropic Loss	: -0.9686
Src_cls_loss	: 1.0103
-------------------------------------
[Epoch : 17/20]
Pr_Src_cls_loss	: 1.1723
Total_loss	: 0.2104
OT Loss	: 0.1043
Entropic Loss	: -0.9535
Src_cls_loss	: 1.0074
-------------------------------------
[Epoch : 18/20]
Pr_Src_cls_loss	: 1.1723
Total_loss	: 0.2107
OT Loss	: 0.1038
Entropic Loss	: -0.9492
Src_cls_loss	: 1.0042
-------------------------------------
[Epoch : 19/20]
Pr_Src_cls_loss	: 1.1723
Total_loss	: 0.2180
OT Loss	: 0.1033
Entropic Loss	: -0.9379
Src_cls_loss	: 1.0010
-------------------------------------
[Epoch : 20/20]
Pr_Src_cls_loss	: 1.1723
Total_loss	: 0.2097
OT Loss	: 0.1031
Entropic Loss	: -0.9424
Src_cls_loss	: 0.9975
-------------------------------------
H_score: 0.0000, OS* (acc_c): 0.0000, UNK (acc_p): 0.0000, acc_mix: 0.0000, F1: 0.0000
Uploading logs from: /mnt/data/home/tp2474/OpenSet-AdaTime/experiments_logs/mhealth to Pamap2_closed_set/PPOT_closed_set/mhealth_to_Pamap2_run_1
🏃 View run PPOT_run_1 at: http://127.0.0.1:5001/#/experiments/206873663002748842/runs/f5f75ae4e346461aa6384c3de35ef1ae
🧪 View experiment at: http://127.0.0.1:5001/#/experiments/206873663002748842
=============================================
Dataset: mhealth to Pamap2_closed_set
Method:  PPOT
=============================================
Source: mhealth ---> Target: Pamap2
Run ID: 2
=============================================
[Pr Epoch : 1/20]
Pr_Src_cls_loss	: 1.3564
-------------------------------------
[Pr Epoch : 2/20]
Pr_Src_cls_loss	: 1.3290
-------------------------------------
[Pr Epoch : 3/20]
Pr_Src_cls_loss	: 1.3074
-------------------------------------
[Pr Epoch : 4/20]
Pr_Src_cls_loss	: 1.2901
-------------------------------------
[Pr Epoch : 5/20]
Pr_Src_cls_loss	: 1.2759
-------------------------------------
[Pr Epoch : 6/20]
Pr_Src_cls_loss	: 1.2639
-------------------------------------
[Pr Epoch : 7/20]
Pr_Src_cls_loss	: 1.2530
-------------------------------------
[Pr Epoch : 8/20]
Pr_Src_cls_loss	: 1.2434
-------------------------------------
[Pr Epoch : 9/20]
Pr_Src_cls_loss	: 1.2346
-------------------------------------
[Pr Epoch : 10/20]
Pr_Src_cls_loss	: 1.2267
-------------------------------------
[Pr Epoch : 11/20]
Pr_Src_cls_loss	: 1.2192
-------------------------------------
[Pr Epoch : 12/20]
Pr_Src_cls_loss	: 1.2122
-------------------------------------
[Pr Epoch : 13/20]
Pr_Src_cls_loss	: 1.2056
-------------------------------------
[Pr Epoch : 14/20]
Pr_Src_cls_loss	: 1.1993
-------------------------------------
[Pr Epoch : 15/20]
Pr_Src_cls_loss	: 1.1933
-------------------------------------
[Pr Epoch : 16/20]
Pr_Src_cls_loss	: 1.1875
-------------------------------------
[Pr Epoch : 17/20]
Pr_Src_cls_loss	: 1.1820
-------------------------------------
[Pr Epoch : 18/20]
Pr_Src_cls_loss	: 1.1767
-------------------------------------
[Pr Epoch : 19/20]
Pr_Src_cls_loss	: 1.1715
-------------------------------------
[Pr Epoch : 20/20]
Pr_Src_cls_loss	: 1.1666
-------------------------------------
[Epoch : 1/20]
Pr_Src_cls_loss	: 1.1666
Total_loss	: 0.3196
OT Loss	: 0.1464
Entropic Loss	: -0.9497
Src_cls_loss	: 1.0497
-------------------------------------
[Epoch : 2/20]
Pr_Src_cls_loss	: 1.1666
Total_loss	: 0.2730
OT Loss	: 0.1392
Entropic Loss	: -0.9745
Src_cls_loss	: 1.0388
-------------------------------------
[Epoch : 3/20]
Pr_Src_cls_loss	: 1.1666
Total_loss	: 0.2263
OT Loss	: 0.1329
Entropic Loss	: -1.0057
Src_cls_loss	: 1.0327
-------------------------------------
[Epoch : 4/20]
Pr_Src_cls_loss	: 1.1666
Total_loss	: 0.2164
OT Loss	: 0.1295
Entropic Loss	: -1.0074
Src_cls_loss	: 1.0295
-------------------------------------
[Epoch : 5/20]
Pr_Src_cls_loss	: 1.1666
Total_loss	: 0.1987
OT Loss	: 0.1270
Entropic Loss	: -1.0159
Src_cls_loss	: 1.0240
-------------------------------------
[Epoch : 6/20]
Pr_Src_cls_loss	: 1.1666
Total_loss	: 0.2124
OT Loss	: 0.1263
Entropic Loss	: -0.9978
Src_cls_loss	: 1.0206
-------------------------------------
[Epoch : 7/20]
Pr_Src_cls_loss	: 1.1666
Total_loss	: 0.2042
OT Loss	: 0.1247
Entropic Loss	: -1.0000
Src_cls_loss	: 1.0172
-------------------------------------
[Epoch : 8/20]
Pr_Src_cls_loss	: 1.1666
Total_loss	: 0.2069
OT Loss	: 0.1240
Entropic Loss	: -0.9957
Src_cls_loss	: 1.0166
-------------------------------------
[Epoch : 9/20]
Pr_Src_cls_loss	: 1.1666
Total_loss	: 0.2122
OT Loss	: 0.1235
Entropic Loss	: -0.9852
Src_cls_loss	: 1.0121
-------------------------------------
[Epoch : 10/20]
Pr_Src_cls_loss	: 1.1666
Total_loss	: 0.2344
OT Loss	: 0.1224
Entropic Loss	: -0.9589
Src_cls_loss	: 1.0097
-------------------------------------
[Epoch : 11/20]
Pr_Src_cls_loss	: 1.1666
Total_loss	: 0.2493
OT Loss	: 0.1214
Entropic Loss	: -0.9387
Src_cls_loss	: 1.0059
-------------------------------------
[Epoch : 12/20]
Pr_Src_cls_loss	: 1.1666
Total_loss	: 0.2436
OT Loss	: 0.1207
Entropic Loss	: -0.9417
Src_cls_loss	: 1.0044
-------------------------------------
[Epoch : 13/20]
Pr_Src_cls_loss	: 1.1666
Total_loss	: 0.2565
OT Loss	: 0.1205
Entropic Loss	: -0.9264
Src_cls_loss	: 1.0021
-------------------------------------
[Epoch : 14/20]
Pr_Src_cls_loss	: 1.1666
Total_loss	: 0.2748
OT Loss	: 0.1199
Entropic Loss	: -0.9045
Src_cls_loss	: 0.9995
-------------------------------------
[Epoch : 15/20]
Pr_Src_cls_loss	: 1.1666
Total_loss	: 0.2852
OT Loss	: 0.1193
Entropic Loss	: -0.8930
Src_cls_loss	: 0.9993
-------------------------------------
[Epoch : 16/20]
Pr_Src_cls_loss	: 1.1666
Total_loss	: 0.2990
OT Loss	: 0.1188
Entropic Loss	: -0.8761
Src_cls_loss	: 0.9970
-------------------------------------
[Epoch : 17/20]
Pr_Src_cls_loss	: 1.1666
Total_loss	: 0.2992
OT Loss	: 0.1184
Entropic Loss	: -0.8721
Src_cls_loss	: 0.9937
-------------------------------------
[Epoch : 18/20]
Pr_Src_cls_loss	: 1.1666
Total_loss	: 0.3023
OT Loss	: 0.1179
Entropic Loss	: -0.8644
Src_cls_loss	: 0.9899
-------------------------------------
[Epoch : 19/20]
Pr_Src_cls_loss	: 1.1666
Total_loss	: 0.3068
OT Loss	: 0.1174
Entropic Loss	: -0.8557
Src_cls_loss	: 0.9864
-------------------------------------
[Epoch : 20/20]
Pr_Src_cls_loss	: 1.1666
Total_loss	: 0.3042
OT Loss	: 0.1169
Entropic Loss	: -0.8554
Src_cls_loss	: 0.9843
-------------------------------------
H_score: 0.0000, OS* (acc_c): 0.0000, UNK (acc_p): 0.0000, acc_mix: 0.0000, F1: 0.0000
Uploading logs from: /mnt/data/home/tp2474/OpenSet-AdaTime/experiments_logs/mhealth to Pamap2_closed_set/PPOT_closed_set/mhealth_to_Pamap2_run_2
🏃 View run PPOT_run_2 at: http://127.0.0.1:5001/#/experiments/206873663002748842/runs/b7f5ab23a36242bd8d643e1339924af4
🧪 View experiment at: http://127.0.0.1:5001/#/experiments/206873663002748842
=============================================
Dataset: mhealth to Pamap2_closed_set
Method:  PPOT
=============================================
Source: mhealth ---> Target: Pamap2
Run ID: 3
=============================================
[Pr Epoch : 1/20]
Pr_Src_cls_loss	: 1.3510
-------------------------------------
[Pr Epoch : 2/20]
Pr_Src_cls_loss	: 1.3212
-------------------------------------
[Pr Epoch : 3/20]
Pr_Src_cls_loss	: 1.2991
-------------------------------------
[Pr Epoch : 4/20]
Pr_Src_cls_loss	: 1.2816
-------------------------------------
[Pr Epoch : 5/20]
Pr_Src_cls_loss	: 1.2676
-------------------------------------
[Pr Epoch : 6/20]
Pr_Src_cls_loss	: 1.2557
-------------------------------------
[Pr Epoch : 7/20]
Pr_Src_cls_loss	: 1.2455
-------------------------------------
[Pr Epoch : 8/20]
Pr_Src_cls_loss	: 1.2362
-------------------------------------
[Pr Epoch : 9/20]
Pr_Src_cls_loss	: 1.2277
-------------------------------------
[Pr Epoch : 10/20]
Pr_Src_cls_loss	: 1.2201
-------------------------------------
[Pr Epoch : 11/20]
Pr_Src_cls_loss	: 1.2131
-------------------------------------
[Pr Epoch : 12/20]
Pr_Src_cls_loss	: 1.2066
-------------------------------------
[Pr Epoch : 13/20]
Pr_Src_cls_loss	: 1.2004
-------------------------------------
[Pr Epoch : 14/20]
Pr_Src_cls_loss	: 1.1945
-------------------------------------
[Pr Epoch : 15/20]
Pr_Src_cls_loss	: 1.1889
-------------------------------------
[Pr Epoch : 16/20]
Pr_Src_cls_loss	: 1.1836
-------------------------------------
[Pr Epoch : 17/20]
Pr_Src_cls_loss	: 1.1784
-------------------------------------
[Pr Epoch : 18/20]
Pr_Src_cls_loss	: 1.1734
-------------------------------------
[Pr Epoch : 19/20]
Pr_Src_cls_loss	: 1.1685
-------------------------------------
[Pr Epoch : 20/20]
Pr_Src_cls_loss	: 1.1637
-------------------------------------
[Epoch : 1/20]
Pr_Src_cls_loss	: 1.1637
Total_loss	: 0.3572
OT Loss	: 0.1451
Entropic Loss	: -0.9168
Src_cls_loss	: 1.0563
-------------------------------------
[Epoch : 2/20]
Pr_Src_cls_loss	: 1.1637
Total_loss	: 0.2883
OT Loss	: 0.1349
Entropic Loss	: -0.9671
Src_cls_loss	: 1.0530
-------------------------------------
[Epoch : 3/20]
Pr_Src_cls_loss	: 1.1637
Total_loss	: 0.2228
OT Loss	: 0.1276
Entropic Loss	: -1.0127
Src_cls_loss	: 1.0441
-------------------------------------
[Epoch : 4/20]
Pr_Src_cls_loss	: 1.1637
Total_loss	: 0.2101
OT Loss	: 0.1249
Entropic Loss	: -1.0158
Src_cls_loss	: 1.0385
-------------------------------------
[Epoch : 5/20]
Pr_Src_cls_loss	: 1.1637
Total_loss	: 0.1791
OT Loss	: 0.1213
Entropic Loss	: -1.0427
Src_cls_loss	: 1.0399
-------------------------------------
[Epoch : 6/20]
Pr_Src_cls_loss	: 1.1637
Total_loss	: 0.1591
OT Loss	: 0.1192
Entropic Loss	: -1.0527
Src_cls_loss	: 1.0330
-------------------------------------
[Epoch : 7/20]
Pr_Src_cls_loss	: 1.1637
Total_loss	: 0.1407
OT Loss	: 0.1178
Entropic Loss	: -1.0607
Src_cls_loss	: 1.0246
-------------------------------------
[Epoch : 8/20]
Pr_Src_cls_loss	: 1.1637
Total_loss	: 0.1293
OT Loss	: 0.1168
Entropic Loss	: -1.0682
Src_cls_loss	: 1.0223
-------------------------------------
[Epoch : 9/20]
Pr_Src_cls_loss	: 1.1637
Total_loss	: 0.1110
OT Loss	: 0.1149
Entropic Loss	: -1.0772
Src_cls_loss	: 1.0158
-------------------------------------
[Epoch : 10/20]
Pr_Src_cls_loss	: 1.1637
Total_loss	: 0.1020
OT Loss	: 0.1143
Entropic Loss	: -1.0805
Src_cls_loss	: 1.0111
-------------------------------------
[Epoch : 11/20]
Pr_Src_cls_loss	: 1.1637
Total_loss	: 0.0908
OT Loss	: 0.1134
Entropic Loss	: -1.0851
Src_cls_loss	: 1.0058
-------------------------------------
[Epoch : 12/20]
Pr_Src_cls_loss	: 1.1637
Total_loss	: 0.0804
OT Loss	: 0.1122
Entropic Loss	: -1.0899
Src_cls_loss	: 1.0020
-------------------------------------
[Epoch : 13/20]
Pr_Src_cls_loss	: 1.1637
Total_loss	: 0.0770
OT Loss	: 0.1114
Entropic Loss	: -1.0906
Src_cls_loss	: 1.0004
-------------------------------------
[Epoch : 14/20]
Pr_Src_cls_loss	: 1.1637
Total_loss	: 0.0757
OT Loss	: 0.1106
Entropic Loss	: -1.0860
Src_cls_loss	: 0.9959
-------------------------------------
[Epoch : 15/20]
Pr_Src_cls_loss	: 1.1637
Total_loss	: 0.0660
OT Loss	: 0.1097
Entropic Loss	: -1.0902
Src_cls_loss	: 0.9917
-------------------------------------
[Epoch : 16/20]
Pr_Src_cls_loss	: 1.1637
Total_loss	: 0.0516
OT Loss	: 0.1085
Entropic Loss	: -1.0974
Src_cls_loss	: 0.9862
-------------------------------------
[Epoch : 17/20]
Pr_Src_cls_loss	: 1.1637
Total_loss	: 0.0446
OT Loss	: 0.1077
Entropic Loss	: -1.0993
Src_cls_loss	: 0.9824
-------------------------------------
[Epoch : 18/20]
Pr_Src_cls_loss	: 1.1637
Total_loss	: 0.0384
OT Loss	: 0.1071
Entropic Loss	: -1.1011
Src_cls_loss	: 0.9788
-------------------------------------
[Epoch : 19/20]
Pr_Src_cls_loss	: 1.1637
Total_loss	: 0.0321
OT Loss	: 0.1067
Entropic Loss	: -1.1028
Src_cls_loss	: 0.9748
-------------------------------------
[Epoch : 20/20]
Pr_Src_cls_loss	: 1.1637
Total_loss	: 0.0212
OT Loss	: 0.1058
Entropic Loss	: -1.1078
Src_cls_loss	: 0.9702
-------------------------------------
H_score: 0.0000, OS* (acc_c): 0.0000, UNK (acc_p): 0.0000, acc_mix: 0.0000, F1: 0.0000
Uploading logs from: /mnt/data/home/tp2474/OpenSet-AdaTime/experiments_logs/mhealth to Pamap2_closed_set/PPOT_closed_set/mhealth_to_Pamap2_run_3
🏃 View run PPOT_run_3 at: http://127.0.0.1:5001/#/experiments/206873663002748842/runs/a4a1d60ccb7d4b2c82a29bda3232abb0
🧪 View experiment at: http://127.0.0.1:5001/#/experiments/206873663002748842
=============================================
Dataset: mhealth to Pamap2_closed_set
Method:  PPOT
=============================================
Source: mhealth ---> Target: Pamap2
Run ID: 4
=============================================
[Pr Epoch : 1/20]
Pr_Src_cls_loss	: 1.3429
-------------------------------------
[Pr Epoch : 2/20]
Pr_Src_cls_loss	: 1.3141
-------------------------------------
[Pr Epoch : 3/20]
Pr_Src_cls_loss	: 1.2923
-------------------------------------
[Pr Epoch : 4/20]
Pr_Src_cls_loss	: 1.2754
-------------------------------------
[Pr Epoch : 5/20]
Pr_Src_cls_loss	: 1.2615
-------------------------------------
[Pr Epoch : 6/20]
Pr_Src_cls_loss	: 1.2497
-------------------------------------
[Pr Epoch : 7/20]
Pr_Src_cls_loss	: 1.2396
-------------------------------------
[Pr Epoch : 8/20]
Pr_Src_cls_loss	: 1.2306
-------------------------------------
[Pr Epoch : 9/20]
Pr_Src_cls_loss	: 1.2227
-------------------------------------
[Pr Epoch : 10/20]
Pr_Src_cls_loss	: 1.2155
-------------------------------------
[Pr Epoch : 11/20]
Pr_Src_cls_loss	: 1.2087
-------------------------------------
[Pr Epoch : 12/20]
Pr_Src_cls_loss	: 1.2024
-------------------------------------
[Pr Epoch : 13/20]
Pr_Src_cls_loss	: 1.1965
-------------------------------------
[Pr Epoch : 14/20]
Pr_Src_cls_loss	: 1.1907
-------------------------------------
[Pr Epoch : 15/20]
Pr_Src_cls_loss	: 1.1852
-------------------------------------
[Pr Epoch : 16/20]
Pr_Src_cls_loss	: 1.1799
-------------------------------------
[Pr Epoch : 17/20]
Pr_Src_cls_loss	: 1.1748
-------------------------------------
[Pr Epoch : 18/20]
Pr_Src_cls_loss	: 1.1698
-------------------------------------
[Pr Epoch : 19/20]
Pr_Src_cls_loss	: 1.1650
-------------------------------------
[Pr Epoch : 20/20]
Pr_Src_cls_loss	: 1.1604
-------------------------------------
[Epoch : 1/20]
Pr_Src_cls_loss	: 1.1604
Total_loss	: 0.2562
OT Loss	: 0.1336
Entropic Loss	: -1.0074
Src_cls_loss	: 1.0632
-------------------------------------
[Epoch : 2/20]
Pr_Src_cls_loss	: 1.1604
Total_loss	: 0.1926
OT Loss	: 0.1260
Entropic Loss	: -1.0465
Src_cls_loss	: 1.0502
-------------------------------------
[Epoch : 3/20]
Pr_Src_cls_loss	: 1.1604
Total_loss	: 0.1711
OT Loss	: 0.1215
Entropic Loss	: -1.0553
Src_cls_loss	: 1.0442
-------------------------------------
[Epoch : 4/20]
Pr_Src_cls_loss	: 1.1604
Total_loss	: 0.1627
OT Loss	: 0.1174
Entropic Loss	: -1.0506
Src_cls_loss	: 1.0372
-------------------------------------
[Epoch : 5/20]
Pr_Src_cls_loss	: 1.1604
Total_loss	: 0.1384
OT Loss	: 0.1143
Entropic Loss	: -1.0658
Src_cls_loss	: 1.0328
-------------------------------------
[Epoch : 6/20]
Pr_Src_cls_loss	: 1.1604
Total_loss	: 0.1245
OT Loss	: 0.1119
Entropic Loss	: -1.0709
Src_cls_loss	: 1.0276
-------------------------------------
[Epoch : 7/20]
Pr_Src_cls_loss	: 1.1604
Total_loss	: 0.1242
OT Loss	: 0.1115
Entropic Loss	: -1.0653
Src_cls_loss	: 1.0223
-------------------------------------
[Epoch : 8/20]
Pr_Src_cls_loss	: 1.1604
Total_loss	: 0.1318
OT Loss	: 0.1105
Entropic Loss	: -1.0523
Src_cls_loss	: 1.0183
-------------------------------------
[Epoch : 9/20]
Pr_Src_cls_loss	: 1.1604
Total_loss	: 0.1276
OT Loss	: 0.1093
Entropic Loss	: -1.0507
Src_cls_loss	: 1.0143
-------------------------------------
[Epoch : 10/20]
Pr_Src_cls_loss	: 1.1604
Total_loss	: 0.1359
OT Loss	: 0.1083
Entropic Loss	: -1.0377
Src_cls_loss	: 1.0112
-------------------------------------
[Epoch : 11/20]
Pr_Src_cls_loss	: 1.1604
Total_loss	: 0.1226
OT Loss	: 0.1074
Entropic Loss	: -1.0451
Src_cls_loss	: 1.0067
-------------------------------------
[Epoch : 12/20]
Pr_Src_cls_loss	: 1.1604
Total_loss	: 0.1249
OT Loss	: 0.1067
Entropic Loss	: -1.0389
Src_cls_loss	: 1.0036
-------------------------------------
[Epoch : 13/20]
Pr_Src_cls_loss	: 1.1604
Total_loss	: 0.1360
OT Loss	: 0.1062
Entropic Loss	: -1.0231
Src_cls_loss	: 0.9998
-------------------------------------
[Epoch : 14/20]
Pr_Src_cls_loss	: 1.1604
Total_loss	: 0.1396
OT Loss	: 0.1057
Entropic Loss	: -1.0161
Src_cls_loss	: 0.9972
-------------------------------------
[Epoch : 15/20]
Pr_Src_cls_loss	: 1.1604
Total_loss	: 0.1503
OT Loss	: 0.1052
Entropic Loss	: -1.0007
Src_cls_loss	: 0.9931
-------------------------------------
[Epoch : 16/20]
Pr_Src_cls_loss	: 1.1604
Total_loss	: 0.1759
OT Loss	: 0.1048
Entropic Loss	: -0.9710
Src_cls_loss	: 0.9897
-------------------------------------
[Epoch : 17/20]
Pr_Src_cls_loss	: 1.1604
Total_loss	: 0.1928
OT Loss	: 0.1045
Entropic Loss	: -0.9503
Src_cls_loss	: 0.9864
-------------------------------------
[Epoch : 18/20]
Pr_Src_cls_loss	: 1.1604
Total_loss	: 0.2030
OT Loss	: 0.1040
Entropic Loss	: -0.9366
Src_cls_loss	: 0.9836
-------------------------------------
[Epoch : 19/20]
Pr_Src_cls_loss	: 1.1604
Total_loss	: 0.2114
OT Loss	: 0.1036
Entropic Loss	: -0.9242
Src_cls_loss	: 0.9801
-------------------------------------
[Epoch : 20/20]
Pr_Src_cls_loss	: 1.1604
Total_loss	: 0.2185
OT Loss	: 0.1034
Entropic Loss	: -0.9144
Src_cls_loss	: 0.9778
-------------------------------------
H_score: 0.0000, OS* (acc_c): 0.0000, UNK (acc_p): 0.0000, acc_mix: 0.0000, F1: 0.0000
Uploading logs from: /mnt/data/home/tp2474/OpenSet-AdaTime/experiments_logs/mhealth to Pamap2_closed_set/PPOT_closed_set/mhealth_to_Pamap2_run_4
🏃 View run PPOT_run_4 at: http://127.0.0.1:5001/#/experiments/206873663002748842/runs/2fae458416cf4d5d9b62bed89bf610b2
🧪 View experiment at: http://127.0.0.1:5001/#/experiments/206873663002748842
============================================
Starting experiments for DA Method: DANCE
============================================
Running: Source=RealWorld -> Target=Pamap2
[scenario] DANCE -> UniDA (uniDA=True)
Unlabeled data shape:  (4752, 150, 18)
Unlabelled Combined shape: (8054, 150, 18)

--- Dataloader Size Check ---
Source Train batches:   296
Target Train batches:   74
-------------------------------

Private classes:  tensor([])
=============================================
Dataset: RealWorld to Pamap2_closed_set
Method:  DANCE
=============================================
Source: RealWorld ---> Target: Pamap2
Run ID: 0
=============================================
[Pr Epoch : 1/20]
Pr_Src_cls_loss	: 1.1811
-------------------------------------
[Pr Epoch : 2/20]
Pr_Src_cls_loss	: 1.1655
-------------------------------------
[Pr Epoch : 3/20]
Pr_Src_cls_loss	: 1.1570
-------------------------------------
[Pr Epoch : 4/20]
Pr_Src_cls_loss	: 1.1515
-------------------------------------
[Pr Epoch : 5/20]
Pr_Src_cls_loss	: 1.1478
-------------------------------------
[Pr Epoch : 6/20]
Pr_Src_cls_loss	: 1.1450
-------------------------------------
[Pr Epoch : 7/20]
Pr_Src_cls_loss	: 1.1429
-------------------------------------
[Pr Epoch : 8/20]
Pr_Src_cls_loss	: 1.1411
-------------------------------------
[Pr Epoch : 9/20]
Pr_Src_cls_loss	: 1.1396
-------------------------------------
[Pr Epoch : 10/20]
Pr_Src_cls_loss	: 1.1382
-------------------------------------
[Pr Epoch : 11/20]
Pr_Src_cls_loss	: 1.1371
-------------------------------------
[Pr Epoch : 12/20]
Pr_Src_cls_loss	: 1.1361
-------------------------------------
[Pr Epoch : 13/20]
Pr_Src_cls_loss	: 1.1352
-------------------------------------
[Pr Epoch : 14/20]
Pr_Src_cls_loss	: 1.1344
-------------------------------------
[Pr Epoch : 15/20]
Pr_Src_cls_loss	: 1.1337
-------------------------------------
[Pr Epoch : 16/20]
Pr_Src_cls_loss	: 1.1331
-------------------------------------
[Pr Epoch : 17/20]
Pr_Src_cls_loss	: 1.1325
-------------------------------------
[Pr Epoch : 18/20]
Pr_Src_cls_loss	: 1.1320
-------------------------------------
[Pr Epoch : 19/20]
Pr_Src_cls_loss	: 1.1315
-------------------------------------
[Pr Epoch : 20/20]
Pr_Src_cls_loss	: 1.1311
-------------------------------------
/mnt/data/home/tp2474/OpenSet-AdaTime/algorithms/algorithms.py:733: UserWarning: Implicit dimension choice for softmax has been deprecated. Change the call to include dim=X as an argument.
  p = F.softmax(p)
/mnt/data/home/tp2474/OpenSet-AdaTime/algorithms/algorithms.py:737: UserWarning: Implicit dimension choice for softmax has been deprecated. Change the call to include dim=X as an argument.
  p = F.softmax(p)
[Epoch : 1/20]
Pr_Src_cls_loss	: 1.1311
Total_loss	: 1.5019
Ent Loss	: -0.0700
Src_cls_loss	: 1.0281
Neighbors Clustering 	: 0.5439
-------------------------------------
[Epoch : 2/20]
Pr_Src_cls_loss	: 1.1311
Total_loss	: 1.3894
Ent Loss	: -0.0700
Src_cls_loss	: 0.9389
Neighbors Clustering 	: 0.5205
-------------------------------------
[Epoch : 3/20]
Pr_Src_cls_loss	: 1.1311
Total_loss	: 1.2885
Ent Loss	: -0.0700
Src_cls_loss	: 0.8578
Neighbors Clustering 	: 0.5007
-------------------------------------
[Epoch : 4/20]
Pr_Src_cls_loss	: 1.1311
Total_loss	: 1.2025
Ent Loss	: -0.0700
Src_cls_loss	: 0.7856
Neighbors Clustering 	: 0.4870
-------------------------------------
[Epoch : 5/20]
Pr_Src_cls_loss	: 1.1311
Total_loss	: 1.1286
Ent Loss	: -0.0700
Src_cls_loss	: 0.7219
Neighbors Clustering 	: 0.4768
-------------------------------------
[Epoch : 6/20]
Pr_Src_cls_loss	: 1.1311
Total_loss	: 1.0645
Ent Loss	: -0.0700
Src_cls_loss	: 0.6658
Neighbors Clustering 	: 0.4687
-------------------------------------
[Epoch : 7/20]
Pr_Src_cls_loss	: 1.1311
Total_loss	: 1.0081
Ent Loss	: -0.0700
Src_cls_loss	: 0.6165
Neighbors Clustering 	: 0.4616
-------------------------------------
[Epoch : 8/20]
Pr_Src_cls_loss	: 1.1311
Total_loss	: 0.9586
Ent Loss	: -0.0700
Src_cls_loss	: 0.5732
Neighbors Clustering 	: 0.4554
-------------------------------------
[Epoch : 9/20]
Pr_Src_cls_loss	: 1.1311
Total_loss	: 0.9151
Ent Loss	: -0.0700
Src_cls_loss	: 0.5349
Neighbors Clustering 	: 0.4502
-------------------------------------
[Epoch : 10/20]
Pr_Src_cls_loss	: 1.1311
Total_loss	: 0.8764
Ent Loss	: -0.0700
Src_cls_loss	: 0.5009
Neighbors Clustering 	: 0.4455
-------------------------------------
[Epoch : 11/20]
Pr_Src_cls_loss	: 1.1311
Total_loss	: 0.8416
Ent Loss	: -0.0700
Src_cls_loss	: 0.4707
Neighbors Clustering 	: 0.4409
-------------------------------------
[Epoch : 12/20]
Pr_Src_cls_loss	: 1.1311
Total_loss	: 0.8104
Ent Loss	: -0.0700
Src_cls_loss	: 0.4438
Neighbors Clustering 	: 0.4366
-------------------------------------
[Epoch : 13/20]
Pr_Src_cls_loss	: 1.1311
Total_loss	: 0.7819
Ent Loss	: -0.0700
Src_cls_loss	: 0.4194
Neighbors Clustering 	: 0.4325
-------------------------------------
[Epoch : 14/20]
Pr_Src_cls_loss	: 1.1311
Total_loss	: 0.7560
Ent Loss	: -0.0700
Src_cls_loss	: 0.3974
Neighbors Clustering 	: 0.4286
-------------------------------------
[Epoch : 15/20]
Pr_Src_cls_loss	: 1.1311
Total_loss	: 0.7324
Ent Loss	: -0.0700
Src_cls_loss	: 0.3775
Neighbors Clustering 	: 0.4249
-------------------------------------
[Epoch : 16/20]
Pr_Src_cls_loss	: 1.1311
Total_loss	: 0.7108
Ent Loss	: -0.0700
Src_cls_loss	: 0.3593
Neighbors Clustering 	: 0.4215
-------------------------------------
[Epoch : 17/20]
Pr_Src_cls_loss	: 1.1311
Total_loss	: 0.6909
Ent Loss	: -0.0700
Src_cls_loss	: 0.3429
Neighbors Clustering 	: 0.4180
-------------------------------------
[Epoch : 18/20]
Pr_Src_cls_loss	: 1.1311
Total_loss	: 0.6723
Ent Loss	: -0.0700
Src_cls_loss	: 0.3277
Neighbors Clustering 	: 0.4146
-------------------------------------
[Epoch : 19/20]
Pr_Src_cls_loss	: 1.1311
Total_loss	: 0.6551
Ent Loss	: -0.0700
Src_cls_loss	: 0.3138
Neighbors Clustering 	: 0.4114
-------------------------------------
[Epoch : 20/20]
Pr_Src_cls_loss	: 1.1311
Total_loss	: 0.6389
Ent Loss	: -0.0700
Src_cls_loss	: 0.3009
Neighbors Clustering 	: 0.4080
-------------------------------------
/mnt/data/home/tp2474/OpenSet-AdaTime/algorithms/algorithms.py:870: UserWarning: Implicit dimension choice for softmax has been deprecated. Change the call to include dim=X as an argument.
  predictions = F.softmax(self.classifier(features))
/mnt/data/home/tp2474/OpenSet-AdaTime/trainers/abstract_trainer.py:331: FutureWarning: The behavior of DataFrame concatenation with empty or all-NA entries is deprecated. In a future version, this will no longer exclude empty or all-NA columns when determining the result dtypes. To retain the old behavior, exclude the relevant entries before the concat operation.
  table = pd.concat([table, results_df], ignore_index=True)
H_score: 0.0000, OS* (acc_c): 0.1042, UNK (acc_p): 0.0000, acc_mix: 0.1042, F1: 0.1633
Uploading logs from: /mnt/data/home/tp2474/OpenSet-AdaTime/experiments_logs/RealWorld to Pamap2_closed_set/DANCE_closed_set/RealWorld_to_Pamap2_run_0
🏃 View run DANCE_run_0 at: http://127.0.0.1:5001/#/experiments/869196474879197795/runs/727e0f545aa04e799fb93e382f69af96
🧪 View experiment at: http://127.0.0.1:5001/#/experiments/869196474879197795
=============================================
Dataset: RealWorld to Pamap2_closed_set
Method:  DANCE
=============================================
Source: RealWorld ---> Target: Pamap2
Run ID: 1
=============================================
[Pr Epoch : 1/20]
Pr_Src_cls_loss	: 1.1799
-------------------------------------
[Pr Epoch : 2/20]
Pr_Src_cls_loss	: 1.1639
-------------------------------------
[Pr Epoch : 3/20]
Pr_Src_cls_loss	: 1.1556
-------------------------------------
[Pr Epoch : 4/20]
Pr_Src_cls_loss	: 1.1502
-------------------------------------
[Pr Epoch : 5/20]
Pr_Src_cls_loss	: 1.1463
-------------------------------------
[Pr Epoch : 6/20]
Pr_Src_cls_loss	: 1.1434
-------------------------------------
[Pr Epoch : 7/20]
Pr_Src_cls_loss	: 1.1413
-------------------------------------
[Pr Epoch : 8/20]
Pr_Src_cls_loss	: 1.1394
-------------------------------------
[Pr Epoch : 9/20]
Pr_Src_cls_loss	: 1.1377
-------------------------------------
[Pr Epoch : 10/20]
Pr_Src_cls_loss	: 1.1363
-------------------------------------
[Pr Epoch : 11/20]
Pr_Src_cls_loss	: 1.1351
-------------------------------------
[Pr Epoch : 12/20]
Pr_Src_cls_loss	: 1.1340
-------------------------------------
[Pr Epoch : 13/20]
Pr_Src_cls_loss	: 1.1331
-------------------------------------
[Pr Epoch : 14/20]
Pr_Src_cls_loss	: 1.1323
-------------------------------------
[Pr Epoch : 15/20]
Pr_Src_cls_loss	: 1.1315
-------------------------------------
[Pr Epoch : 16/20]
Pr_Src_cls_loss	: 1.1308
-------------------------------------
[Pr Epoch : 17/20]
Pr_Src_cls_loss	: 1.1302
-------------------------------------
[Pr Epoch : 18/20]
Pr_Src_cls_loss	: 1.1297
-------------------------------------
[Pr Epoch : 19/20]
Pr_Src_cls_loss	: 1.1292
-------------------------------------
[Pr Epoch : 20/20]
Pr_Src_cls_loss	: 1.1287
-------------------------------------
[Epoch : 1/20]
Pr_Src_cls_loss	: 1.1287
Total_loss	: 1.4880
Ent Loss	: -0.0700
Src_cls_loss	: 1.0266
Neighbors Clustering 	: 0.5314
-------------------------------------
[Epoch : 2/20]
Pr_Src_cls_loss	: 1.1287
Total_loss	: 1.3781
Ent Loss	: -0.0700
Src_cls_loss	: 0.9380
Neighbors Clustering 	: 0.5101
-------------------------------------
[Epoch : 3/20]
Pr_Src_cls_loss	: 1.1287
Total_loss	: 1.2831
Ent Loss	: -0.0700
Src_cls_loss	: 0.8581
Neighbors Clustering 	: 0.4951
-------------------------------------
[Epoch : 4/20]
Pr_Src_cls_loss	: 1.1287
Total_loss	: 1.1987
Ent Loss	: -0.0700
Src_cls_loss	: 0.7870
Neighbors Clustering 	: 0.4817
-------------------------------------
[Epoch : 5/20]
Pr_Src_cls_loss	: 1.1287
Total_loss	: 1.1258
Ent Loss	: -0.0700
Src_cls_loss	: 0.7248
Neighbors Clustering 	: 0.4710
-------------------------------------
[Epoch : 6/20]
Pr_Src_cls_loss	: 1.1287
Total_loss	: 1.0618
Ent Loss	: -0.0700
Src_cls_loss	: 0.6698
Neighbors Clustering 	: 0.4621
-------------------------------------
[Epoch : 7/20]
Pr_Src_cls_loss	: 1.1287
Total_loss	: 1.0061
Ent Loss	: -0.0700
Src_cls_loss	: 0.6212
Neighbors Clustering 	: 0.4549
-------------------------------------
[Epoch : 8/20]
Pr_Src_cls_loss	: 1.1287
Total_loss	: 0.9566
Ent Loss	: -0.0700
Src_cls_loss	: 0.5786
Neighbors Clustering 	: 0.4480
-------------------------------------
[Epoch : 9/20]
Pr_Src_cls_loss	: 1.1287
Total_loss	: 0.9127
Ent Loss	: -0.0700
Src_cls_loss	: 0.5409
Neighbors Clustering 	: 0.4418
-------------------------------------
[Epoch : 10/20]
Pr_Src_cls_loss	: 1.1287
Total_loss	: 0.8733
Ent Loss	: -0.0700
Src_cls_loss	: 0.5071
Neighbors Clustering 	: 0.4362
-------------------------------------
[Epoch : 11/20]
Pr_Src_cls_loss	: 1.1287
Total_loss	: 0.8379
Ent Loss	: -0.0700
Src_cls_loss	: 0.4769
Neighbors Clustering 	: 0.4310
-------------------------------------
[Epoch : 12/20]
Pr_Src_cls_loss	: 1.1287
Total_loss	: 0.8061
Ent Loss	: -0.0700
Src_cls_loss	: 0.4498
Neighbors Clustering 	: 0.4263
-------------------------------------
[Epoch : 13/20]
Pr_Src_cls_loss	: 1.1287
Total_loss	: 0.7775
Ent Loss	: -0.0700
Src_cls_loss	: 0.4255
Neighbors Clustering 	: 0.4221
-------------------------------------
[Epoch : 14/20]
Pr_Src_cls_loss	: 1.1287
Total_loss	: 0.7514
Ent Loss	: -0.0700
Src_cls_loss	: 0.4035
Neighbors Clustering 	: 0.4179
-------------------------------------
[Epoch : 15/20]
Pr_Src_cls_loss	: 1.1287
Total_loss	: 0.7274
Ent Loss	: -0.0700
Src_cls_loss	: 0.3835
Neighbors Clustering 	: 0.4139
-------------------------------------
[Epoch : 16/20]
Pr_Src_cls_loss	: 1.1287
Total_loss	: 0.7052
Ent Loss	: -0.0700
Src_cls_loss	: 0.3653
Neighbors Clustering 	: 0.4099
-------------------------------------
[Epoch : 17/20]
Pr_Src_cls_loss	: 1.1287
Total_loss	: 0.6848
Ent Loss	: -0.0700
Src_cls_loss	: 0.3486
Neighbors Clustering 	: 0.4062
-------------------------------------
[Epoch : 18/20]
Pr_Src_cls_loss	: 1.1287
Total_loss	: 0.6658
Ent Loss	: -0.0700
Src_cls_loss	: 0.3333
Neighbors Clustering 	: 0.4025
-------------------------------------
[Epoch : 19/20]
Pr_Src_cls_loss	: 1.1287
Total_loss	: 0.6481
Ent Loss	: -0.0700
Src_cls_loss	: 0.3192
Neighbors Clustering 	: 0.3988
-------------------------------------
[Epoch : 20/20]
Pr_Src_cls_loss	: 1.1287
Total_loss	: 0.6318
Ent Loss	: -0.0700
Src_cls_loss	: 0.3063
Neighbors Clustering 	: 0.3955
-------------------------------------
H_score: 0.0000, OS* (acc_c): 0.1136, UNK (acc_p): 0.0000, acc_mix: 0.1136, F1: 0.1786
Uploading logs from: /mnt/data/home/tp2474/OpenSet-AdaTime/experiments_logs/RealWorld to Pamap2_closed_set/DANCE_closed_set/RealWorld_to_Pamap2_run_1
🏃 View run DANCE_run_1 at: http://127.0.0.1:5001/#/experiments/869196474879197795/runs/74d8e8589cb24f71a67de6418e52b95b
🧪 View experiment at: http://127.0.0.1:5001/#/experiments/869196474879197795
=============================================
Dataset: RealWorld to Pamap2_closed_set
Method:  DANCE
=============================================
Source: RealWorld ---> Target: Pamap2
Run ID: 2
=============================================
[Pr Epoch : 1/20]
Pr_Src_cls_loss	: 1.1829
-------------------------------------
[Pr Epoch : 2/20]
Pr_Src_cls_loss	: 1.1665
-------------------------------------
[Pr Epoch : 3/20]
Pr_Src_cls_loss	: 1.1582
-------------------------------------
[Pr Epoch : 4/20]
Pr_Src_cls_loss	: 1.1531
-------------------------------------
[Pr Epoch : 5/20]
Pr_Src_cls_loss	: 1.1494
-------------------------------------
[Pr Epoch : 6/20]
Pr_Src_cls_loss	: 1.1466
-------------------------------------
[Pr Epoch : 7/20]
Pr_Src_cls_loss	: 1.1446
-------------------------------------
[Pr Epoch : 8/20]
Pr_Src_cls_loss	: 1.1428
-------------------------------------
[Pr Epoch : 9/20]
Pr_Src_cls_loss	: 1.1411
-------------------------------------
[Pr Epoch : 10/20]
Pr_Src_cls_loss	: 1.1397
-------------------------------------
[Pr Epoch : 11/20]
Pr_Src_cls_loss	: 1.1384
-------------------------------------
[Pr Epoch : 12/20]
Pr_Src_cls_loss	: 1.1372
-------------------------------------
[Pr Epoch : 13/20]
Pr_Src_cls_loss	: 1.1362
-------------------------------------
[Pr Epoch : 14/20]
Pr_Src_cls_loss	: 1.1353
-------------------------------------
[Pr Epoch : 15/20]
Pr_Src_cls_loss	: 1.1345
-------------------------------------
[Pr Epoch : 16/20]
Pr_Src_cls_loss	: 1.1337
-------------------------------------
[Pr Epoch : 17/20]
Pr_Src_cls_loss	: 1.1330
-------------------------------------
[Pr Epoch : 18/20]
Pr_Src_cls_loss	: 1.1324
-------------------------------------
[Pr Epoch : 19/20]
Pr_Src_cls_loss	: 1.1318
-------------------------------------
[Pr Epoch : 20/20]
Pr_Src_cls_loss	: 1.1312
-------------------------------------
[Epoch : 1/20]
Pr_Src_cls_loss	: 1.1312
Total_loss	: 1.4952
Ent Loss	: -0.0700
Src_cls_loss	: 1.0271
Neighbors Clustering 	: 0.5382
-------------------------------------
[Epoch : 2/20]
Pr_Src_cls_loss	: 1.1312
Total_loss	: 1.3840
Ent Loss	: -0.0700
Src_cls_loss	: 0.9376
Neighbors Clustering 	: 0.5163
-------------------------------------
[Epoch : 3/20]
Pr_Src_cls_loss	: 1.1312
Total_loss	: 1.2859
Ent Loss	: -0.0700
Src_cls_loss	: 0.8563
Neighbors Clustering 	: 0.4996
-------------------------------------
[Epoch : 4/20]
Pr_Src_cls_loss	: 1.1312
Total_loss	: 1.2005
Ent Loss	: -0.0700
Src_cls_loss	: 0.7842
Neighbors Clustering 	: 0.4863
-------------------------------------
[Epoch : 5/20]
Pr_Src_cls_loss	: 1.1312
Total_loss	: 1.1252
Ent Loss	: -0.0700
Src_cls_loss	: 0.7209
Neighbors Clustering 	: 0.4744
-------------------------------------
[Epoch : 6/20]
Pr_Src_cls_loss	: 1.1312
Total_loss	: 1.0607
Ent Loss	: -0.0700
Src_cls_loss	: 0.6653
Neighbors Clustering 	: 0.4655
-------------------------------------
[Epoch : 7/20]
Pr_Src_cls_loss	: 1.1312
Total_loss	: 1.0042
Ent Loss	: -0.0700
Src_cls_loss	: 0.6164
Neighbors Clustering 	: 0.4578
-------------------------------------
[Epoch : 8/20]
Pr_Src_cls_loss	: 1.1312
Total_loss	: 0.9543
Ent Loss	: -0.0700
Src_cls_loss	: 0.5733
Neighbors Clustering 	: 0.4510
-------------------------------------
[Epoch : 9/20]
Pr_Src_cls_loss	: 1.1312
Total_loss	: 0.9101
Ent Loss	: -0.0700
Src_cls_loss	: 0.5354
Neighbors Clustering 	: 0.4448
-------------------------------------
[Epoch : 10/20]
Pr_Src_cls_loss	: 1.1312
Total_loss	: 0.8709
Ent Loss	: -0.0700
Src_cls_loss	: 0.5016
Neighbors Clustering 	: 0.4392
-------------------------------------
[Epoch : 11/20]
Pr_Src_cls_loss	: 1.1312
Total_loss	: 0.8355
Ent Loss	: -0.0700
Src_cls_loss	: 0.4715
Neighbors Clustering 	: 0.4340
-------------------------------------
[Epoch : 12/20]
Pr_Src_cls_loss	: 1.1312
Total_loss	: 0.8037
Ent Loss	: -0.0700
Src_cls_loss	: 0.4446
Neighbors Clustering 	: 0.4291
-------------------------------------
[Epoch : 13/20]
Pr_Src_cls_loss	: 1.1312
Total_loss	: 0.7748
Ent Loss	: -0.0700
Src_cls_loss	: 0.4204
Neighbors Clustering 	: 0.4244
-------------------------------------
[Epoch : 14/20]
Pr_Src_cls_loss	: 1.1312
Total_loss	: 0.7489
Ent Loss	: -0.0700
Src_cls_loss	: 0.3986
Neighbors Clustering 	: 0.4202
-------------------------------------
[Epoch : 15/20]
Pr_Src_cls_loss	: 1.1312
Total_loss	: 0.7252
Ent Loss	: -0.0700
Src_cls_loss	: 0.3790
Neighbors Clustering 	: 0.4162
-------------------------------------
[Epoch : 16/20]
Pr_Src_cls_loss	: 1.1312
Total_loss	: 0.7032
Ent Loss	: -0.0700
Src_cls_loss	: 0.3610
Neighbors Clustering 	: 0.4122
-------------------------------------
[Epoch : 17/20]
Pr_Src_cls_loss	: 1.1312
Total_loss	: 0.6830
Ent Loss	: -0.0700
Src_cls_loss	: 0.3446
Neighbors Clustering 	: 0.4085
-------------------------------------
[Epoch : 18/20]
Pr_Src_cls_loss	: 1.1312
Total_loss	: 0.6645
Ent Loss	: -0.0700
Src_cls_loss	: 0.3295
Neighbors Clustering 	: 0.4050
-------------------------------------
[Epoch : 19/20]
Pr_Src_cls_loss	: 1.1312
Total_loss	: 0.6471
Ent Loss	: -0.0700
Src_cls_loss	: 0.3156
Neighbors Clustering 	: 0.4014
-------------------------------------
[Epoch : 20/20]
Pr_Src_cls_loss	: 1.1312
Total_loss	: 0.6308
Ent Loss	: -0.0700
Src_cls_loss	: 0.3029
Neighbors Clustering 	: 0.3979
-------------------------------------
H_score: 0.0000, OS* (acc_c): 0.0955, UNK (acc_p): 0.0000, acc_mix: 0.0955, F1: 0.1486
Uploading logs from: /mnt/data/home/tp2474/OpenSet-AdaTime/experiments_logs/RealWorld to Pamap2_closed_set/DANCE_closed_set/RealWorld_to_Pamap2_run_2
🏃 View run DANCE_run_2 at: http://127.0.0.1:5001/#/experiments/869196474879197795/runs/17dd665c480e44f4aef7c972c5b1e8f2
🧪 View experiment at: http://127.0.0.1:5001/#/experiments/869196474879197795
=============================================
Dataset: RealWorld to Pamap2_closed_set
Method:  DANCE
=============================================
Source: RealWorld ---> Target: Pamap2
Run ID: 3
=============================================
[Pr Epoch : 1/20]
Pr_Src_cls_loss	: 1.1861
-------------------------------------
[Pr Epoch : 2/20]
Pr_Src_cls_loss	: 1.1702
-------------------------------------
[Pr Epoch : 3/20]
Pr_Src_cls_loss	: 1.1623
-------------------------------------
[Pr Epoch : 4/20]
Pr_Src_cls_loss	: 1.1575
-------------------------------------
[Pr Epoch : 5/20]
Pr_Src_cls_loss	: 1.1543
-------------------------------------
[Pr Epoch : 6/20]
Pr_Src_cls_loss	: 1.1520
-------------------------------------
[Pr Epoch : 7/20]
Pr_Src_cls_loss	: 1.1503
-------------------------------------
[Pr Epoch : 8/20]
Pr_Src_cls_loss	: 1.1489
-------------------------------------
[Pr Epoch : 9/20]
Pr_Src_cls_loss	: 1.1478
-------------------------------------
[Pr Epoch : 10/20]
Pr_Src_cls_loss	: 1.1468
-------------------------------------
[Pr Epoch : 11/20]
Pr_Src_cls_loss	: 1.1460
-------------------------------------
[Pr Epoch : 12/20]
Pr_Src_cls_loss	: 1.1453
-------------------------------------
[Pr Epoch : 13/20]
Pr_Src_cls_loss	: 1.1447
-------------------------------------
[Pr Epoch : 14/20]
Pr_Src_cls_loss	: 1.1441
-------------------------------------
[Pr Epoch : 15/20]
Pr_Src_cls_loss	: 1.1435
-------------------------------------
[Pr Epoch : 16/20]
Pr_Src_cls_loss	: 1.1429
-------------------------------------
[Pr Epoch : 17/20]
Pr_Src_cls_loss	: 1.1423
-------------------------------------
[Pr Epoch : 18/20]
Pr_Src_cls_loss	: 1.1418
-------------------------------------
[Pr Epoch : 19/20]
Pr_Src_cls_loss	: 1.1413
-------------------------------------
[Pr Epoch : 20/20]
Pr_Src_cls_loss	: 1.1408
-------------------------------------
[Epoch : 1/20]
Pr_Src_cls_loss	: 1.1408
Total_loss	: 1.5120
Ent Loss	: -0.0700
Src_cls_loss	: 1.0406
Neighbors Clustering 	: 0.5414
-------------------------------------
[Epoch : 2/20]
Pr_Src_cls_loss	: 1.1408
Total_loss	: 1.3988
Ent Loss	: -0.0700
Src_cls_loss	: 0.9530
Neighbors Clustering 	: 0.5158
-------------------------------------
[Epoch : 3/20]
Pr_Src_cls_loss	: 1.1408
Total_loss	: 1.3004
Ent Loss	: -0.0700
Src_cls_loss	: 0.8730
Neighbors Clustering 	: 0.4974
-------------------------------------
[Epoch : 4/20]
Pr_Src_cls_loss	: 1.1408
Total_loss	: 1.2155
Ent Loss	: -0.0700
Src_cls_loss	: 0.8014
Neighbors Clustering 	: 0.4841
-------------------------------------
[Epoch : 5/20]
Pr_Src_cls_loss	: 1.1408
Total_loss	: 1.1415
Ent Loss	: -0.0700
Src_cls_loss	: 0.7383
Neighbors Clustering 	: 0.4732
-------------------------------------
[Epoch : 6/20]
Pr_Src_cls_loss	: 1.1408
Total_loss	: 1.0765
Ent Loss	: -0.0700
Src_cls_loss	: 0.6827
Neighbors Clustering 	: 0.4638
-------------------------------------
[Epoch : 7/20]
Pr_Src_cls_loss	: 1.1408
Total_loss	: 1.0201
Ent Loss	: -0.0700
Src_cls_loss	: 0.6333
Neighbors Clustering 	: 0.4568
-------------------------------------
[Epoch : 8/20]
Pr_Src_cls_loss	: 1.1408
Total_loss	: 0.9704
Ent Loss	: -0.0700
Src_cls_loss	: 0.5899
Neighbors Clustering 	: 0.4504
-------------------------------------
[Epoch : 9/20]
Pr_Src_cls_loss	: 1.1408
Total_loss	: 0.9263
Ent Loss	: -0.0700
Src_cls_loss	: 0.5514
Neighbors Clustering 	: 0.4449
-------------------------------------
[Epoch : 10/20]
Pr_Src_cls_loss	: 1.1408
Total_loss	: 0.8870
Ent Loss	: -0.0700
Src_cls_loss	: 0.5172
Neighbors Clustering 	: 0.4398
-------------------------------------
[Epoch : 11/20]
Pr_Src_cls_loss	: 1.1408
Total_loss	: 0.8520
Ent Loss	: -0.0700
Src_cls_loss	: 0.4868
Neighbors Clustering 	: 0.4352
-------------------------------------
[Epoch : 12/20]
Pr_Src_cls_loss	: 1.1408
Total_loss	: 0.8201
Ent Loss	: -0.0700
Src_cls_loss	: 0.4594
Neighbors Clustering 	: 0.4308
-------------------------------------
[Epoch : 13/20]
Pr_Src_cls_loss	: 1.1408
Total_loss	: 0.7915
Ent Loss	: -0.0700
Src_cls_loss	: 0.4346
Neighbors Clustering 	: 0.4269
-------------------------------------
[Epoch : 14/20]
Pr_Src_cls_loss	: 1.1408
Total_loss	: 0.7657
Ent Loss	: -0.0700
Src_cls_loss	: 0.4122
Neighbors Clustering 	: 0.4235
-------------------------------------
[Epoch : 15/20]
Pr_Src_cls_loss	: 1.1408
Total_loss	: 0.7419
Ent Loss	: -0.0700
Src_cls_loss	: 0.3921
Neighbors Clustering 	: 0.4198
-------------------------------------
[Epoch : 16/20]
Pr_Src_cls_loss	: 1.1408
Total_loss	: 0.7204
Ent Loss	: -0.0700
Src_cls_loss	: 0.3736
Neighbors Clustering 	: 0.4168
-------------------------------------
[Epoch : 17/20]
Pr_Src_cls_loss	: 1.1408
Total_loss	: 0.7003
Ent Loss	: -0.0700
Src_cls_loss	: 0.3568
Neighbors Clustering 	: 0.4135
-------------------------------------
[Epoch : 18/20]
Pr_Src_cls_loss	: 1.1408
Total_loss	: 0.6822
Ent Loss	: -0.0700
Src_cls_loss	: 0.3413
Neighbors Clustering 	: 0.4109
-------------------------------------
[Epoch : 19/20]
Pr_Src_cls_loss	: 1.1408
Total_loss	: 0.6652
Ent Loss	: -0.0700
Src_cls_loss	: 0.3272
Neighbors Clustering 	: 0.4080
-------------------------------------
[Epoch : 20/20]
Pr_Src_cls_loss	: 1.1408
Total_loss	: 0.6495
Ent Loss	: -0.0700
Src_cls_loss	: 0.3140
Neighbors Clustering 	: 0.4055
-------------------------------------
H_score: 0.0000, OS* (acc_c): 0.1019, UNK (acc_p): 0.0000, acc_mix: 0.1019, F1: 0.1704
Uploading logs from: /mnt/data/home/tp2474/OpenSet-AdaTime/experiments_logs/RealWorld to Pamap2_closed_set/DANCE_closed_set/RealWorld_to_Pamap2_run_3
🏃 View run DANCE_run_3 at: http://127.0.0.1:5001/#/experiments/869196474879197795/runs/ac23c04109674653a21960929af437e4
🧪 View experiment at: http://127.0.0.1:5001/#/experiments/869196474879197795
=============================================
Dataset: RealWorld to Pamap2_closed_set
Method:  DANCE
=============================================
Source: RealWorld ---> Target: Pamap2
Run ID: 4
=============================================
[Pr Epoch : 1/20]
Pr_Src_cls_loss	: 1.1748
-------------------------------------
[Pr Epoch : 2/20]
Pr_Src_cls_loss	: 1.1586
-------------------------------------
[Pr Epoch : 3/20]
Pr_Src_cls_loss	: 1.1502
-------------------------------------
[Pr Epoch : 4/20]
Pr_Src_cls_loss	: 1.1451
-------------------------------------
[Pr Epoch : 5/20]
Pr_Src_cls_loss	: 1.1416
-------------------------------------
[Pr Epoch : 6/20]
Pr_Src_cls_loss	: 1.1391
-------------------------------------
[Pr Epoch : 7/20]
Pr_Src_cls_loss	: 1.1371
-------------------------------------
[Pr Epoch : 8/20]
Pr_Src_cls_loss	: 1.1355
-------------------------------------
[Pr Epoch : 9/20]
Pr_Src_cls_loss	: 1.1342
-------------------------------------
[Pr Epoch : 10/20]
Pr_Src_cls_loss	: 1.1329
-------------------------------------
[Pr Epoch : 11/20]
Pr_Src_cls_loss	: 1.1317
-------------------------------------
[Pr Epoch : 12/20]
Pr_Src_cls_loss	: 1.1306
-------------------------------------
[Pr Epoch : 13/20]
Pr_Src_cls_loss	: 1.1296
-------------------------------------
[Pr Epoch : 14/20]
Pr_Src_cls_loss	: 1.1287
-------------------------------------
[Pr Epoch : 15/20]
Pr_Src_cls_loss	: 1.1279
-------------------------------------
[Pr Epoch : 16/20]
Pr_Src_cls_loss	: 1.1272
-------------------------------------
[Pr Epoch : 17/20]
Pr_Src_cls_loss	: 1.1265
-------------------------------------
[Pr Epoch : 18/20]
Pr_Src_cls_loss	: 1.1259
-------------------------------------
[Pr Epoch : 19/20]
Pr_Src_cls_loss	: 1.1254
-------------------------------------
[Pr Epoch : 20/20]
Pr_Src_cls_loss	: 1.1249
-------------------------------------
[Epoch : 1/20]
Pr_Src_cls_loss	: 1.1249
Total_loss	: 1.4931
Ent Loss	: -0.0700
Src_cls_loss	: 1.0175
Neighbors Clustering 	: 0.5457
-------------------------------------
[Epoch : 2/20]
Pr_Src_cls_loss	: 1.1249
Total_loss	: 1.3773
Ent Loss	: -0.0700
Src_cls_loss	: 0.9270
Neighbors Clustering 	: 0.5203
-------------------------------------
[Epoch : 3/20]
Pr_Src_cls_loss	: 1.1249
Total_loss	: 1.2777
Ent Loss	: -0.0700
Src_cls_loss	: 0.8457
Neighbors Clustering 	: 0.5021
-------------------------------------
[Epoch : 4/20]
Pr_Src_cls_loss	: 1.1249
Total_loss	: 1.1922
Ent Loss	: -0.0700
Src_cls_loss	: 0.7738
Neighbors Clustering 	: 0.4884
-------------------------------------
[Epoch : 5/20]
Pr_Src_cls_loss	: 1.1249
Total_loss	: 1.1175
Ent Loss	: -0.0700
Src_cls_loss	: 0.7108
Neighbors Clustering 	: 0.4767
-------------------------------------
[Epoch : 6/20]
Pr_Src_cls_loss	: 1.1249
Total_loss	: 1.0526
Ent Loss	: -0.0700
Src_cls_loss	: 0.6556
Neighbors Clustering 	: 0.4670
-------------------------------------
[Epoch : 7/20]
Pr_Src_cls_loss	: 1.1249
Total_loss	: 0.9964
Ent Loss	: -0.0700
Src_cls_loss	: 0.6072
Neighbors Clustering 	: 0.4592
-------------------------------------
[Epoch : 8/20]
Pr_Src_cls_loss	: 1.1249
Total_loss	: 0.9469
Ent Loss	: -0.0700
Src_cls_loss	: 0.5646
Neighbors Clustering 	: 0.4523
-------------------------------------
[Epoch : 9/20]
Pr_Src_cls_loss	: 1.1249
Total_loss	: 0.9031
Ent Loss	: -0.0700
Src_cls_loss	: 0.5269
Neighbors Clustering 	: 0.4463
-------------------------------------
[Epoch : 10/20]
Pr_Src_cls_loss	: 1.1249
Total_loss	: 0.8636
Ent Loss	: -0.0700
Src_cls_loss	: 0.4934
Neighbors Clustering 	: 0.4403
-------------------------------------
[Epoch : 11/20]
Pr_Src_cls_loss	: 1.1249
Total_loss	: 0.8285
Ent Loss	: -0.0700
Src_cls_loss	: 0.4636
Neighbors Clustering 	: 0.4350
-------------------------------------
[Epoch : 12/20]
Pr_Src_cls_loss	: 1.1249
Total_loss	: 0.7971
Ent Loss	: -0.0700
Src_cls_loss	: 0.4370
Neighbors Clustering 	: 0.4302
-------------------------------------
[Epoch : 13/20]
Pr_Src_cls_loss	: 1.1249
Total_loss	: 0.7688
Ent Loss	: -0.0700
Src_cls_loss	: 0.4130
Neighbors Clustering 	: 0.4257
-------------------------------------
[Epoch : 14/20]
Pr_Src_cls_loss	: 1.1249
Total_loss	: 0.7430
Ent Loss	: -0.0700
Src_cls_loss	: 0.3913
Neighbors Clustering 	: 0.4217
-------------------------------------
[Epoch : 15/20]
Pr_Src_cls_loss	: 1.1249
Total_loss	: 0.7196
Ent Loss	: -0.0700
Src_cls_loss	: 0.3718
Neighbors Clustering 	: 0.4178
-------------------------------------
[Epoch : 16/20]
Pr_Src_cls_loss	: 1.1249
Total_loss	: 0.6982
Ent Loss	: -0.0700
Src_cls_loss	: 0.3539
Neighbors Clustering 	: 0.4142
-------------------------------------
[Epoch : 17/20]
Pr_Src_cls_loss	: 1.1249
Total_loss	: 0.6785
Ent Loss	: -0.0700
Src_cls_loss	: 0.3377
Neighbors Clustering 	: 0.4108
-------------------------------------
[Epoch : 18/20]
Pr_Src_cls_loss	: 1.1249
Total_loss	: 0.6603
Ent Loss	: -0.0700
Src_cls_loss	: 0.3228
Neighbors Clustering 	: 0.4075
-------------------------------------
[Epoch : 19/20]
Pr_Src_cls_loss	: 1.1249
Total_loss	: 0.6433
Ent Loss	: -0.0700
Src_cls_loss	: 0.3091
Neighbors Clustering 	: 0.4042
-------------------------------------
[Epoch : 20/20]
Pr_Src_cls_loss	: 1.1249
Total_loss	: 0.6275
Ent Loss	: -0.0700
Src_cls_loss	: 0.2965
Neighbors Clustering 	: 0.4010
-------------------------------------
H_score: 0.0000, OS* (acc_c): 0.0762, UNK (acc_p): 0.0000, acc_mix: 0.0762, F1: 0.1234
Uploading logs from: /mnt/data/home/tp2474/OpenSet-AdaTime/experiments_logs/RealWorld to Pamap2_closed_set/DANCE_closed_set/RealWorld_to_Pamap2_run_4
🏃 View run DANCE_run_4 at: http://127.0.0.1:5001/#/experiments/869196474879197795/runs/1d90a5e0dc1d4b27956bebe6002e36b0
🧪 View experiment at: http://127.0.0.1:5001/#/experiments/869196474879197795
Running: Source=RealWorld -> Target=mhealth
[scenario] DANCE -> UniDA (uniDA=True)
Unlabeled data shape:  (1620, 150, 18)
Unlabelled Combined shape: (2786, 150, 18)

--- Dataloader Size Check ---
Source Train batches:   296
Target Train batches:   25
-------------------------------

Private classes:  tensor([])
=============================================
Dataset: RealWorld to mhealth_closed_set
Method:  DANCE
=============================================
Source: RealWorld ---> Target: mhealth
Run ID: 0
=============================================
[Pr Epoch : 1/20]
Pr_Src_cls_loss	: 1.1811
-------------------------------------
[Pr Epoch : 2/20]
Pr_Src_cls_loss	: 1.1655
-------------------------------------
[Pr Epoch : 3/20]
Pr_Src_cls_loss	: 1.1570
-------------------------------------
[Pr Epoch : 4/20]
Pr_Src_cls_loss	: 1.1515
-------------------------------------
[Pr Epoch : 5/20]
Pr_Src_cls_loss	: 1.1478
-------------------------------------
[Pr Epoch : 6/20]
Pr_Src_cls_loss	: 1.1450
-------------------------------------
[Pr Epoch : 7/20]
Pr_Src_cls_loss	: 1.1429
-------------------------------------
[Pr Epoch : 8/20]
Pr_Src_cls_loss	: 1.1411
-------------------------------------
[Pr Epoch : 9/20]
Pr_Src_cls_loss	: 1.1396
-------------------------------------
[Pr Epoch : 10/20]
Pr_Src_cls_loss	: 1.1382
-------------------------------------
[Pr Epoch : 11/20]
Pr_Src_cls_loss	: 1.1371
-------------------------------------
[Pr Epoch : 12/20]
Pr_Src_cls_loss	: 1.1361
-------------------------------------
[Pr Epoch : 13/20]
Pr_Src_cls_loss	: 1.1352
-------------------------------------
[Pr Epoch : 14/20]
Pr_Src_cls_loss	: 1.1344
-------------------------------------
[Pr Epoch : 15/20]
Pr_Src_cls_loss	: 1.1337
-------------------------------------
[Pr Epoch : 16/20]
Pr_Src_cls_loss	: 1.1331
-------------------------------------
[Pr Epoch : 17/20]
Pr_Src_cls_loss	: 1.1325
-------------------------------------
[Pr Epoch : 18/20]
Pr_Src_cls_loss	: 1.1320
-------------------------------------
[Pr Epoch : 19/20]
Pr_Src_cls_loss	: 1.1315
-------------------------------------
[Pr Epoch : 20/20]
Pr_Src_cls_loss	: 1.1311
-------------------------------------
/mnt/data/home/tp2474/OpenSet-AdaTime/algorithms/algorithms.py:733: UserWarning: Implicit dimension choice for softmax has been deprecated. Change the call to include dim=X as an argument.
  p = F.softmax(p)
/mnt/data/home/tp2474/OpenSet-AdaTime/algorithms/algorithms.py:737: UserWarning: Implicit dimension choice for softmax has been deprecated. Change the call to include dim=X as an argument.
  p = F.softmax(p)
[Epoch : 1/20]
Pr_Src_cls_loss	: 1.1311
Total_loss	: 1.3592
Ent Loss	: -0.0700
Src_cls_loss	: 1.0262
Neighbors Clustering 	: 0.4030
-------------------------------------
[Epoch : 2/20]
Pr_Src_cls_loss	: 1.1311
Total_loss	: 1.2372
Ent Loss	: -0.0700
Src_cls_loss	: 0.9363
Neighbors Clustering 	: 0.3709
-------------------------------------
[Epoch : 3/20]
Pr_Src_cls_loss	: 1.1311
Total_loss	: 1.1346
Ent Loss	: -0.0700
Src_cls_loss	: 0.8548
Neighbors Clustering 	: 0.3498
-------------------------------------
[Epoch : 4/20]
Pr_Src_cls_loss	: 1.1311
Total_loss	: 1.0462
Ent Loss	: -0.0700
Src_cls_loss	: 0.7824
Neighbors Clustering 	: 0.3338
-------------------------------------
[Epoch : 5/20]
Pr_Src_cls_loss	: 1.1311
Total_loss	: 0.9699
Ent Loss	: -0.0700
Src_cls_loss	: 0.7188
Neighbors Clustering 	: 0.3211
-------------------------------------
[Epoch : 6/20]
Pr_Src_cls_loss	: 1.1311
Total_loss	: 0.9025
Ent Loss	: -0.0700
Src_cls_loss	: 0.6627
Neighbors Clustering 	: 0.3097
-------------------------------------
[Epoch : 7/20]
Pr_Src_cls_loss	: 1.1311
Total_loss	: 0.8445
Ent Loss	: -0.0700
Src_cls_loss	: 0.6135
Neighbors Clustering 	: 0.3010
-------------------------------------
[Epoch : 8/20]
Pr_Src_cls_loss	: 1.1311
Total_loss	: 0.7932
Ent Loss	: -0.0700
Src_cls_loss	: 0.5700
Neighbors Clustering 	: 0.2932
-------------------------------------
[Epoch : 9/20]
Pr_Src_cls_loss	: 1.1311
Total_loss	: 0.7479
Ent Loss	: -0.0700
Src_cls_loss	: 0.5318
Neighbors Clustering 	: 0.2861
-------------------------------------
[Epoch : 10/20]
Pr_Src_cls_loss	: 1.1311
Total_loss	: 0.7077
Ent Loss	: -0.0700
Src_cls_loss	: 0.4978
Neighbors Clustering 	: 0.2799
-------------------------------------
[Epoch : 11/20]
Pr_Src_cls_loss	: 1.1311
Total_loss	: 0.6722
Ent Loss	: -0.0700
Src_cls_loss	: 0.4676
Neighbors Clustering 	: 0.2747
-------------------------------------
[Epoch : 12/20]
Pr_Src_cls_loss	: 1.1311
Total_loss	: 0.6400
Ent Loss	: -0.0700
Src_cls_loss	: 0.4406
Neighbors Clustering 	: 0.2694
-------------------------------------
[Epoch : 13/20]
Pr_Src_cls_loss	: 1.1311
Total_loss	: 0.6110
Ent Loss	: -0.0700
Src_cls_loss	: 0.4162
Neighbors Clustering 	: 0.2648
-------------------------------------
[Epoch : 14/20]
Pr_Src_cls_loss	: 1.1311
Total_loss	: 0.5850
Ent Loss	: -0.0700
Src_cls_loss	: 0.3942
Neighbors Clustering 	: 0.2607
-------------------------------------
[Epoch : 15/20]
Pr_Src_cls_loss	: 1.1311
Total_loss	: 0.5610
Ent Loss	: -0.0700
Src_cls_loss	: 0.3743
Neighbors Clustering 	: 0.2566
-------------------------------------
[Epoch : 16/20]
Pr_Src_cls_loss	: 1.1311
Total_loss	: 0.5392
Ent Loss	: -0.0700
Src_cls_loss	: 0.3563
Neighbors Clustering 	: 0.2529
-------------------------------------
[Epoch : 17/20]
Pr_Src_cls_loss	: 1.1311
Total_loss	: 0.5189
Ent Loss	: -0.0700
Src_cls_loss	: 0.3398
Neighbors Clustering 	: 0.2491
-------------------------------------
[Epoch : 18/20]
Pr_Src_cls_loss	: 1.1311
Total_loss	: 0.5004
Ent Loss	: -0.0700
Src_cls_loss	: 0.3247
Neighbors Clustering 	: 0.2457
-------------------------------------
[Epoch : 19/20]
Pr_Src_cls_loss	: 1.1311
Total_loss	: 0.4834
Ent Loss	: -0.0700
Src_cls_loss	: 0.3108
Neighbors Clustering 	: 0.2427
-------------------------------------
[Epoch : 20/20]
Pr_Src_cls_loss	: 1.1311
Total_loss	: 0.4677
Ent Loss	: -0.0700
Src_cls_loss	: 0.2980
Neighbors Clustering 	: 0.2398
-------------------------------------
/mnt/data/home/tp2474/OpenSet-AdaTime/algorithms/algorithms.py:870: UserWarning: Implicit dimension choice for softmax has been deprecated. Change the call to include dim=X as an argument.
  predictions = F.softmax(self.classifier(features))
/mnt/data/home/tp2474/OpenSet-AdaTime/trainers/abstract_trainer.py:331: FutureWarning: The behavior of DataFrame concatenation with empty or all-NA entries is deprecated. In a future version, this will no longer exclude empty or all-NA columns when determining the result dtypes. To retain the old behavior, exclude the relevant entries before the concat operation.
  table = pd.concat([table, results_df], ignore_index=True)
H_score: 0.0000, OS* (acc_c): 0.0593, UNK (acc_p): 0.0000, acc_mix: 0.0593, F1: 0.1070
Uploading logs from: /mnt/data/home/tp2474/OpenSet-AdaTime/experiments_logs/RealWorld to mhealth_closed_set/DANCE_closed_set/RealWorld_to_mhealth_run_0
🏃 View run DANCE_run_0 at: http://127.0.0.1:5001/#/experiments/773515370876137118/runs/844934f89da64a0dbf100dcc5b44d69e
🧪 View experiment at: http://127.0.0.1:5001/#/experiments/773515370876137118
=============================================
Dataset: RealWorld to mhealth_closed_set
Method:  DANCE
=============================================
Source: RealWorld ---> Target: mhealth
Run ID: 1
=============================================
[Pr Epoch : 1/20]
Pr_Src_cls_loss	: 1.1799
-------------------------------------
[Pr Epoch : 2/20]
Pr_Src_cls_loss	: 1.1639
-------------------------------------
[Pr Epoch : 3/20]
Pr_Src_cls_loss	: 1.1556
-------------------------------------
[Pr Epoch : 4/20]
Pr_Src_cls_loss	: 1.1502
-------------------------------------
[Pr Epoch : 5/20]
Pr_Src_cls_loss	: 1.1463
-------------------------------------
[Pr Epoch : 6/20]
Pr_Src_cls_loss	: 1.1434
-------------------------------------
[Pr Epoch : 7/20]
Pr_Src_cls_loss	: 1.1413
-------------------------------------
[Pr Epoch : 8/20]
Pr_Src_cls_loss	: 1.1394
-------------------------------------
[Pr Epoch : 9/20]
Pr_Src_cls_loss	: 1.1377
-------------------------------------
[Pr Epoch : 10/20]
Pr_Src_cls_loss	: 1.1363
-------------------------------------
[Pr Epoch : 11/20]
Pr_Src_cls_loss	: 1.1351
-------------------------------------
[Pr Epoch : 12/20]
Pr_Src_cls_loss	: 1.1340
-------------------------------------
[Pr Epoch : 13/20]
Pr_Src_cls_loss	: 1.1331
-------------------------------------
[Pr Epoch : 14/20]
Pr_Src_cls_loss	: 1.1323
-------------------------------------
[Pr Epoch : 15/20]
Pr_Src_cls_loss	: 1.1315
-------------------------------------
[Pr Epoch : 16/20]
Pr_Src_cls_loss	: 1.1308
-------------------------------------
[Pr Epoch : 17/20]
Pr_Src_cls_loss	: 1.1302
-------------------------------------
[Pr Epoch : 18/20]
Pr_Src_cls_loss	: 1.1297
-------------------------------------
[Pr Epoch : 19/20]
Pr_Src_cls_loss	: 1.1292
-------------------------------------
[Pr Epoch : 20/20]
Pr_Src_cls_loss	: 1.1287
-------------------------------------
[Epoch : 1/20]
Pr_Src_cls_loss	: 1.1287
Total_loss	: 1.3577
Ent Loss	: -0.0700
Src_cls_loss	: 1.0245
Neighbors Clustering 	: 0.4032
-------------------------------------
[Epoch : 2/20]
Pr_Src_cls_loss	: 1.1287
Total_loss	: 1.2318
Ent Loss	: -0.0700
Src_cls_loss	: 0.9354
Neighbors Clustering 	: 0.3663
-------------------------------------
[Epoch : 3/20]
Pr_Src_cls_loss	: 1.1287
Total_loss	: 1.1281
Ent Loss	: -0.0700
Src_cls_loss	: 0.8554
Neighbors Clustering 	: 0.3427
-------------------------------------
[Epoch : 4/20]
Pr_Src_cls_loss	: 1.1287
Total_loss	: 1.0368
Ent Loss	: -0.0700
Src_cls_loss	: 0.7838
Neighbors Clustering 	: 0.3229
-------------------------------------
[Epoch : 5/20]
Pr_Src_cls_loss	: 1.1287
Total_loss	: 0.9595
Ent Loss	: -0.0700
Src_cls_loss	: 0.7209
Neighbors Clustering 	: 0.3086
-------------------------------------
[Epoch : 6/20]
Pr_Src_cls_loss	: 1.1287
Total_loss	: 0.8923
Ent Loss	: -0.0700
Src_cls_loss	: 0.6653
Neighbors Clustering 	: 0.2970
-------------------------------------
[Epoch : 7/20]
Pr_Src_cls_loss	: 1.1287
Total_loss	: 0.8336
Ent Loss	: -0.0700
Src_cls_loss	: 0.6166
Neighbors Clustering 	: 0.2870
-------------------------------------
[Epoch : 8/20]
Pr_Src_cls_loss	: 1.1287
Total_loss	: 0.7825
Ent Loss	: -0.0700
Src_cls_loss	: 0.5735
Neighbors Clustering 	: 0.2789
-------------------------------------
[Epoch : 9/20]
Pr_Src_cls_loss	: 1.1287
Total_loss	: 0.7369
Ent Loss	: -0.0700
Src_cls_loss	: 0.5353
Neighbors Clustering 	: 0.2716
-------------------------------------
[Epoch : 10/20]
Pr_Src_cls_loss	: 1.1287
Total_loss	: 0.6962
Ent Loss	: -0.0700
Src_cls_loss	: 0.5015
Neighbors Clustering 	: 0.2647
-------------------------------------
[Epoch : 11/20]
Pr_Src_cls_loss	: 1.1287
Total_loss	: 0.6599
Ent Loss	: -0.0700
Src_cls_loss	: 0.4713
Neighbors Clustering 	: 0.2586
-------------------------------------
[Epoch : 12/20]
Pr_Src_cls_loss	: 1.1287
Total_loss	: 0.6274
Ent Loss	: -0.0700
Src_cls_loss	: 0.4442
Neighbors Clustering 	: 0.2531
-------------------------------------
[Epoch : 13/20]
Pr_Src_cls_loss	: 1.1287
Total_loss	: 0.5979
Ent Loss	: -0.0700
Src_cls_loss	: 0.4199
Neighbors Clustering 	: 0.2480
-------------------------------------
[Epoch : 14/20]
Pr_Src_cls_loss	: 1.1287
Total_loss	: 0.5720
Ent Loss	: -0.0700
Src_cls_loss	: 0.3980
Neighbors Clustering 	: 0.2440
-------------------------------------
[Epoch : 15/20]
Pr_Src_cls_loss	: 1.1287
Total_loss	: 0.5488
Ent Loss	: -0.0700
Src_cls_loss	: 0.3782
Neighbors Clustering 	: 0.2406
-------------------------------------
[Epoch : 16/20]
Pr_Src_cls_loss	: 1.1287
Total_loss	: 0.5271
Ent Loss	: -0.0700
Src_cls_loss	: 0.3601
Neighbors Clustering 	: 0.2370
-------------------------------------
[Epoch : 17/20]
Pr_Src_cls_loss	: 1.1287
Total_loss	: 0.5068
Ent Loss	: -0.0700
Src_cls_loss	: 0.3435
Neighbors Clustering 	: 0.2333
-------------------------------------
[Epoch : 18/20]
Pr_Src_cls_loss	: 1.1287
Total_loss	: 0.4888
Ent Loss	: -0.0700
Src_cls_loss	: 0.3283
Neighbors Clustering 	: 0.2305
-------------------------------------
[Epoch : 19/20]
Pr_Src_cls_loss	: 1.1287
Total_loss	: 0.4720
Ent Loss	: -0.0700
Src_cls_loss	: 0.3144
Neighbors Clustering 	: 0.2276
-------------------------------------
[Epoch : 20/20]
Pr_Src_cls_loss	: 1.1287
Total_loss	: 0.4565
Ent Loss	: -0.0700
Src_cls_loss	: 0.3015
Neighbors Clustering 	: 0.2250
-------------------------------------
H_score: 0.0000, OS* (acc_c): 0.0043, UNK (acc_p): 0.0000, acc_mix: 0.0043, F1: 0.0080
Uploading logs from: /mnt/data/home/tp2474/OpenSet-AdaTime/experiments_logs/RealWorld to mhealth_closed_set/DANCE_closed_set/RealWorld_to_mhealth_run_1
🏃 View run DANCE_run_1 at: http://127.0.0.1:5001/#/experiments/773515370876137118/runs/b419c543f65c48e8866f36fe610bb2b8
🧪 View experiment at: http://127.0.0.1:5001/#/experiments/773515370876137118
=============================================
Dataset: RealWorld to mhealth_closed_set
Method:  DANCE
=============================================
Source: RealWorld ---> Target: mhealth
Run ID: 2
=============================================
[Pr Epoch : 1/20]
Pr_Src_cls_loss	: 1.1829
-------------------------------------
[Pr Epoch : 2/20]
Pr_Src_cls_loss	: 1.1665
-------------------------------------
[Pr Epoch : 3/20]
Pr_Src_cls_loss	: 1.1582
-------------------------------------
[Pr Epoch : 4/20]
Pr_Src_cls_loss	: 1.1531
-------------------------------------
[Pr Epoch : 5/20]
Pr_Src_cls_loss	: 1.1494
-------------------------------------
[Pr Epoch : 6/20]
Pr_Src_cls_loss	: 1.1466
-------------------------------------
[Pr Epoch : 7/20]
Pr_Src_cls_loss	: 1.1446
-------------------------------------
[Pr Epoch : 8/20]
Pr_Src_cls_loss	: 1.1428
-------------------------------------
[Pr Epoch : 9/20]
Pr_Src_cls_loss	: 1.1411
-------------------------------------
[Pr Epoch : 10/20]
Pr_Src_cls_loss	: 1.1397
-------------------------------------
[Pr Epoch : 11/20]
Pr_Src_cls_loss	: 1.1384
-------------------------------------
[Pr Epoch : 12/20]
Pr_Src_cls_loss	: 1.1372
-------------------------------------
[Pr Epoch : 13/20]
Pr_Src_cls_loss	: 1.1362
-------------------------------------
[Pr Epoch : 14/20]
Pr_Src_cls_loss	: 1.1353
-------------------------------------
[Pr Epoch : 15/20]
Pr_Src_cls_loss	: 1.1345
-------------------------------------
[Pr Epoch : 16/20]
Pr_Src_cls_loss	: 1.1337
-------------------------------------
[Pr Epoch : 17/20]
Pr_Src_cls_loss	: 1.1330
-------------------------------------
[Pr Epoch : 18/20]
Pr_Src_cls_loss	: 1.1324
-------------------------------------
[Pr Epoch : 19/20]
Pr_Src_cls_loss	: 1.1318
-------------------------------------
[Pr Epoch : 20/20]
Pr_Src_cls_loss	: 1.1312
-------------------------------------
[Epoch : 1/20]
Pr_Src_cls_loss	: 1.1312
Total_loss	: 1.3570
Ent Loss	: -0.0700
Src_cls_loss	: 1.0236
Neighbors Clustering 	: 0.4034
-------------------------------------
[Epoch : 2/20]
Pr_Src_cls_loss	: 1.1312
Total_loss	: 1.2344
Ent Loss	: -0.0700
Src_cls_loss	: 0.9335
Neighbors Clustering 	: 0.3710
-------------------------------------
[Epoch : 3/20]
Pr_Src_cls_loss	: 1.1312
Total_loss	: 1.1313
Ent Loss	: -0.0700
Src_cls_loss	: 0.8520
Neighbors Clustering 	: 0.3493
-------------------------------------
[Epoch : 4/20]
Pr_Src_cls_loss	: 1.1312
Total_loss	: 1.0433
Ent Loss	: -0.0700
Src_cls_loss	: 0.7795
Neighbors Clustering 	: 0.3338
-------------------------------------
[Epoch : 5/20]
Pr_Src_cls_loss	: 1.1312
Total_loss	: 0.9669
Ent Loss	: -0.0700
Src_cls_loss	: 0.7158
Neighbors Clustering 	: 0.3211
-------------------------------------
[Epoch : 6/20]
Pr_Src_cls_loss	: 1.1312
Total_loss	: 0.9002
Ent Loss	: -0.0700
Src_cls_loss	: 0.6600
Neighbors Clustering 	: 0.3102
-------------------------------------
[Epoch : 7/20]
Pr_Src_cls_loss	: 1.1312
Total_loss	: 0.8418
Ent Loss	: -0.0700
Src_cls_loss	: 0.6109
Neighbors Clustering 	: 0.3008
-------------------------------------
[Epoch : 8/20]
Pr_Src_cls_loss	: 1.1312
Total_loss	: 0.7900
Ent Loss	: -0.0700
Src_cls_loss	: 0.5677
Neighbors Clustering 	: 0.2923
-------------------------------------
[Epoch : 9/20]
Pr_Src_cls_loss	: 1.1312
Total_loss	: 0.7447
Ent Loss	: -0.0700
Src_cls_loss	: 0.5296
Neighbors Clustering 	: 0.2850
-------------------------------------
[Epoch : 10/20]
Pr_Src_cls_loss	: 1.1312
Total_loss	: 0.7037
Ent Loss	: -0.0700
Src_cls_loss	: 0.4959
Neighbors Clustering 	: 0.2778
-------------------------------------
[Epoch : 11/20]
Pr_Src_cls_loss	: 1.1312
Total_loss	: 0.6676
Ent Loss	: -0.0700
Src_cls_loss	: 0.4658
Neighbors Clustering 	: 0.2718
-------------------------------------
[Epoch : 12/20]
Pr_Src_cls_loss	: 1.1312
Total_loss	: 0.6354
Ent Loss	: -0.0700
Src_cls_loss	: 0.4389
Neighbors Clustering 	: 0.2666
-------------------------------------
[Epoch : 13/20]
Pr_Src_cls_loss	: 1.1312
Total_loss	: 0.6060
Ent Loss	: -0.0700
Src_cls_loss	: 0.4147
Neighbors Clustering 	: 0.2613
-------------------------------------
[Epoch : 14/20]
Pr_Src_cls_loss	: 1.1312
Total_loss	: 0.5800
Ent Loss	: -0.0700
Src_cls_loss	: 0.3930
Neighbors Clustering 	: 0.2570
-------------------------------------
[Epoch : 15/20]
Pr_Src_cls_loss	: 1.1312
Total_loss	: 0.5559
Ent Loss	: -0.0700
Src_cls_loss	: 0.3734
Neighbors Clustering 	: 0.2524
-------------------------------------
[Epoch : 16/20]
Pr_Src_cls_loss	: 1.1312
Total_loss	: 0.5340
Ent Loss	: -0.0700
Src_cls_loss	: 0.3555
Neighbors Clustering 	: 0.2485
-------------------------------------
[Epoch : 17/20]
Pr_Src_cls_loss	: 1.1312
Total_loss	: 0.5143
Ent Loss	: -0.0700
Src_cls_loss	: 0.3391
Neighbors Clustering 	: 0.2452
-------------------------------------
[Epoch : 18/20]
Pr_Src_cls_loss	: 1.1312
Total_loss	: 0.4962
Ent Loss	: -0.0700
Src_cls_loss	: 0.3242
Neighbors Clustering 	: 0.2420
-------------------------------------
[Epoch : 19/20]
Pr_Src_cls_loss	: 1.1312
Total_loss	: 0.4790
Ent Loss	: -0.0700
Src_cls_loss	: 0.3103
Neighbors Clustering 	: 0.2387
-------------------------------------
[Epoch : 20/20]
Pr_Src_cls_loss	: 1.1312
Total_loss	: 0.4633
Ent Loss	: -0.0700
Src_cls_loss	: 0.2977
Neighbors Clustering 	: 0.2356
-------------------------------------
H_score: 0.0000, OS* (acc_c): 0.1000, UNK (acc_p): 0.0000, acc_mix: 0.1000, F1: 0.1515
Uploading logs from: /mnt/data/home/tp2474/OpenSet-AdaTime/experiments_logs/RealWorld to mhealth_closed_set/DANCE_closed_set/RealWorld_to_mhealth_run_2
🏃 View run DANCE_run_2 at: http://127.0.0.1:5001/#/experiments/773515370876137118/runs/7c368ffa8fd94bf9a1bf3939bac7d472
🧪 View experiment at: http://127.0.0.1:5001/#/experiments/773515370876137118
=============================================
Dataset: RealWorld to mhealth_closed_set
Method:  DANCE
=============================================
Source: RealWorld ---> Target: mhealth
Run ID: 3
=============================================
[Pr Epoch : 1/20]
Pr_Src_cls_loss	: 1.1861
-------------------------------------
[Pr Epoch : 2/20]
Pr_Src_cls_loss	: 1.1702
-------------------------------------
[Pr Epoch : 3/20]
Pr_Src_cls_loss	: 1.1623
-------------------------------------
[Pr Epoch : 4/20]
Pr_Src_cls_loss	: 1.1575
-------------------------------------
[Pr Epoch : 5/20]
Pr_Src_cls_loss	: 1.1543
-------------------------------------
[Pr Epoch : 6/20]
Pr_Src_cls_loss	: 1.1520
-------------------------------------
[Pr Epoch : 7/20]
Pr_Src_cls_loss	: 1.1503
-------------------------------------
[Pr Epoch : 8/20]
Pr_Src_cls_loss	: 1.1489
-------------------------------------
[Pr Epoch : 9/20]
Pr_Src_cls_loss	: 1.1478
-------------------------------------
[Pr Epoch : 10/20]
Pr_Src_cls_loss	: 1.1468
-------------------------------------
[Pr Epoch : 11/20]
Pr_Src_cls_loss	: 1.1460
-------------------------------------
[Pr Epoch : 12/20]
Pr_Src_cls_loss	: 1.1453
-------------------------------------
[Pr Epoch : 13/20]
Pr_Src_cls_loss	: 1.1447
-------------------------------------
[Pr Epoch : 14/20]
Pr_Src_cls_loss	: 1.1441
-------------------------------------
[Pr Epoch : 15/20]
Pr_Src_cls_loss	: 1.1435
-------------------------------------
[Pr Epoch : 16/20]
Pr_Src_cls_loss	: 1.1429
-------------------------------------
[Pr Epoch : 17/20]
Pr_Src_cls_loss	: 1.1423
-------------------------------------
[Pr Epoch : 18/20]
Pr_Src_cls_loss	: 1.1418
-------------------------------------
[Pr Epoch : 19/20]
Pr_Src_cls_loss	: 1.1413
-------------------------------------
[Pr Epoch : 20/20]
Pr_Src_cls_loss	: 1.1408
-------------------------------------
[Epoch : 1/20]
Pr_Src_cls_loss	: 1.1408
Total_loss	: 1.3587
Ent Loss	: -0.0700
Src_cls_loss	: 1.0375
Neighbors Clustering 	: 0.3913
-------------------------------------
[Epoch : 2/20]
Pr_Src_cls_loss	: 1.1408
Total_loss	: 1.2401
Ent Loss	: -0.0700
Src_cls_loss	: 0.9491
Neighbors Clustering 	: 0.3610
-------------------------------------
[Epoch : 3/20]
Pr_Src_cls_loss	: 1.1408
Total_loss	: 1.1446
Ent Loss	: -0.0700
Src_cls_loss	: 0.8685
Neighbors Clustering 	: 0.3461
-------------------------------------
[Epoch : 4/20]
Pr_Src_cls_loss	: 1.1408
Total_loss	: 1.0600
Ent Loss	: -0.0700
Src_cls_loss	: 0.7967
Neighbors Clustering 	: 0.3333
-------------------------------------
[Epoch : 5/20]
Pr_Src_cls_loss	: 1.1408
Total_loss	: 0.9855
Ent Loss	: -0.0700
Src_cls_loss	: 0.7333
Neighbors Clustering 	: 0.3222
-------------------------------------
[Epoch : 6/20]
Pr_Src_cls_loss	: 1.1408
Total_loss	: 0.9209
Ent Loss	: -0.0700
Src_cls_loss	: 0.6776
Neighbors Clustering 	: 0.3134
-------------------------------------
[Epoch : 7/20]
Pr_Src_cls_loss	: 1.1408
Total_loss	: 0.8628
Ent Loss	: -0.0700
Src_cls_loss	: 0.6284
Neighbors Clustering 	: 0.3044
-------------------------------------
[Epoch : 8/20]
Pr_Src_cls_loss	: 1.1408
Total_loss	: 0.8121
Ent Loss	: -0.0700
Src_cls_loss	: 0.5852
Neighbors Clustering 	: 0.2969
-------------------------------------
[Epoch : 9/20]
Pr_Src_cls_loss	: 1.1408
Total_loss	: 0.7667
Ent Loss	: -0.0700
Src_cls_loss	: 0.5468
Neighbors Clustering 	: 0.2898
-------------------------------------
[Epoch : 10/20]
Pr_Src_cls_loss	: 1.1408
Total_loss	: 0.7270
Ent Loss	: -0.0700
Src_cls_loss	: 0.5127
Neighbors Clustering 	: 0.2843
-------------------------------------
[Epoch : 11/20]
Pr_Src_cls_loss	: 1.1408
Total_loss	: 0.6914
Ent Loss	: -0.0700
Src_cls_loss	: 0.4823
Neighbors Clustering 	: 0.2791
-------------------------------------
[Epoch : 12/20]
Pr_Src_cls_loss	: 1.1408
Total_loss	: 0.6588
Ent Loss	: -0.0700
Src_cls_loss	: 0.4550
Neighbors Clustering 	: 0.2738
-------------------------------------
[Epoch : 13/20]
Pr_Src_cls_loss	: 1.1408
Total_loss	: 0.6301
Ent Loss	: -0.0700
Src_cls_loss	: 0.4303
Neighbors Clustering 	: 0.2698
-------------------------------------
[Epoch : 14/20]
Pr_Src_cls_loss	: 1.1408
Total_loss	: 0.6037
Ent Loss	: -0.0700
Src_cls_loss	: 0.4080
Neighbors Clustering 	: 0.2656
-------------------------------------
[Epoch : 15/20]
Pr_Src_cls_loss	: 1.1408
Total_loss	: 0.5798
Ent Loss	: -0.0700
Src_cls_loss	: 0.3879
Neighbors Clustering 	: 0.2619
-------------------------------------
[Epoch : 16/20]
Pr_Src_cls_loss	: 1.1408
Total_loss	: 0.5576
Ent Loss	: -0.0700
Src_cls_loss	: 0.3696
Neighbors Clustering 	: 0.2581
-------------------------------------
[Epoch : 17/20]
Pr_Src_cls_loss	: 1.1408
Total_loss	: 0.5372
Ent Loss	: -0.0700
Src_cls_loss	: 0.3528
Neighbors Clustering 	: 0.2544
-------------------------------------
[Epoch : 18/20]
Pr_Src_cls_loss	: 1.1408
Total_loss	: 0.5186
Ent Loss	: -0.0700
Src_cls_loss	: 0.3374
Neighbors Clustering 	: 0.2512
-------------------------------------
[Epoch : 19/20]
Pr_Src_cls_loss	: 1.1408
Total_loss	: 0.5014
Ent Loss	: -0.0700
Src_cls_loss	: 0.3232
Neighbors Clustering 	: 0.2482
-------------------------------------
[Epoch : 20/20]
Pr_Src_cls_loss	: 1.1408
Total_loss	: 0.4855
Ent Loss	: -0.0700
Src_cls_loss	: 0.3102
Neighbors Clustering 	: 0.2453
-------------------------------------
H_score: 0.0000, OS* (acc_c): 0.0463, UNK (acc_p): 0.0000, acc_mix: 0.0463, F1: 0.0845
Uploading logs from: /mnt/data/home/tp2474/OpenSet-AdaTime/experiments_logs/RealWorld to mhealth_closed_set/DANCE_closed_set/RealWorld_to_mhealth_run_3
🏃 View run DANCE_run_3 at: http://127.0.0.1:5001/#/experiments/773515370876137118/runs/8693bebfc3244432890657418dbeff1c
🧪 View experiment at: http://127.0.0.1:5001/#/experiments/773515370876137118
=============================================
Dataset: RealWorld to mhealth_closed_set
Method:  DANCE
=============================================
Source: RealWorld ---> Target: mhealth
Run ID: 4
=============================================
[Pr Epoch : 1/20]
Pr_Src_cls_loss	: 1.1748
-------------------------------------
[Pr Epoch : 2/20]
Pr_Src_cls_loss	: 1.1586
-------------------------------------
[Pr Epoch : 3/20]
Pr_Src_cls_loss	: 1.1502
-------------------------------------
[Pr Epoch : 4/20]
Pr_Src_cls_loss	: 1.1451
-------------------------------------
[Pr Epoch : 5/20]
Pr_Src_cls_loss	: 1.1416
-------------------------------------
[Pr Epoch : 6/20]
Pr_Src_cls_loss	: 1.1391
-------------------------------------
[Pr Epoch : 7/20]
Pr_Src_cls_loss	: 1.1371
-------------------------------------
[Pr Epoch : 8/20]
Pr_Src_cls_loss	: 1.1355
-------------------------------------
[Pr Epoch : 9/20]
Pr_Src_cls_loss	: 1.1342
-------------------------------------
[Pr Epoch : 10/20]
Pr_Src_cls_loss	: 1.1329
-------------------------------------
[Pr Epoch : 11/20]
Pr_Src_cls_loss	: 1.1317
-------------------------------------
[Pr Epoch : 12/20]
Pr_Src_cls_loss	: 1.1306
-------------------------------------
[Pr Epoch : 13/20]
Pr_Src_cls_loss	: 1.1296
-------------------------------------
[Pr Epoch : 14/20]
Pr_Src_cls_loss	: 1.1287
-------------------------------------
[Pr Epoch : 15/20]
Pr_Src_cls_loss	: 1.1279
-------------------------------------
[Pr Epoch : 16/20]
Pr_Src_cls_loss	: 1.1272
-------------------------------------
[Pr Epoch : 17/20]
Pr_Src_cls_loss	: 1.1265
-------------------------------------
[Pr Epoch : 18/20]
Pr_Src_cls_loss	: 1.1259
-------------------------------------
[Pr Epoch : 19/20]
Pr_Src_cls_loss	: 1.1254
-------------------------------------
[Pr Epoch : 20/20]
Pr_Src_cls_loss	: 1.1249
-------------------------------------
[Epoch : 1/20]
Pr_Src_cls_loss	: 1.1249
Total_loss	: 1.3383
Ent Loss	: -0.0700
Src_cls_loss	: 1.0156
Neighbors Clustering 	: 0.3927
-------------------------------------
[Epoch : 2/20]
Pr_Src_cls_loss	: 1.1249
Total_loss	: 1.2141
Ent Loss	: -0.0700
Src_cls_loss	: 0.9248
Neighbors Clustering 	: 0.3593
-------------------------------------
[Epoch : 3/20]
Pr_Src_cls_loss	: 1.1249
Total_loss	: 1.1106
Ent Loss	: -0.0700
Src_cls_loss	: 0.8432
Neighbors Clustering 	: 0.3374
-------------------------------------
[Epoch : 4/20]
Pr_Src_cls_loss	: 1.1249
Total_loss	: 1.0214
Ent Loss	: -0.0700
Src_cls_loss	: 0.7713
Neighbors Clustering 	: 0.3201
-------------------------------------
[Epoch : 5/20]
Pr_Src_cls_loss	: 1.1249
Total_loss	: 0.9444
Ent Loss	: -0.0700
Src_cls_loss	: 0.7082
Neighbors Clustering 	: 0.3062
-------------------------------------
[Epoch : 6/20]
Pr_Src_cls_loss	: 1.1249
Total_loss	: 0.8780
Ent Loss	: -0.0700
Src_cls_loss	: 0.6530
Neighbors Clustering 	: 0.2950
-------------------------------------
[Epoch : 7/20]
Pr_Src_cls_loss	: 1.1249
Total_loss	: 0.8203
Ent Loss	: -0.0700
Src_cls_loss	: 0.6046
Neighbors Clustering 	: 0.2856
-------------------------------------
[Epoch : 8/20]
Pr_Src_cls_loss	: 1.1249
Total_loss	: 0.7696
Ent Loss	: -0.0700
Src_cls_loss	: 0.5621
Neighbors Clustering 	: 0.2775
-------------------------------------
[Epoch : 9/20]
Pr_Src_cls_loss	: 1.1249
Total_loss	: 0.7241
Ent Loss	: -0.0700
Src_cls_loss	: 0.5244
Neighbors Clustering 	: 0.2697
-------------------------------------
[Epoch : 10/20]
Pr_Src_cls_loss	: 1.1249
Total_loss	: 0.6839
Ent Loss	: -0.0700
Src_cls_loss	: 0.4910
Neighbors Clustering 	: 0.2629
-------------------------------------
[Epoch : 11/20]
Pr_Src_cls_loss	: 1.1249
Total_loss	: 0.6475
Ent Loss	: -0.0700
Src_cls_loss	: 0.4613
Neighbors Clustering 	: 0.2562
-------------------------------------
[Epoch : 12/20]
Pr_Src_cls_loss	: 1.1249
Total_loss	: 0.6154
Ent Loss	: -0.0700
Src_cls_loss	: 0.4348
Neighbors Clustering 	: 0.2507
-------------------------------------
[Epoch : 13/20]
Pr_Src_cls_loss	: 1.1249
Total_loss	: 0.5866
Ent Loss	: -0.0700
Src_cls_loss	: 0.4109
Neighbors Clustering 	: 0.2457
-------------------------------------
[Epoch : 14/20]
Pr_Src_cls_loss	: 1.1249
Total_loss	: 0.5605
Ent Loss	: -0.0700
Src_cls_loss	: 0.3893
Neighbors Clustering 	: 0.2412
-------------------------------------
[Epoch : 15/20]
Pr_Src_cls_loss	: 1.1249
Total_loss	: 0.5369
Ent Loss	: -0.0700
Src_cls_loss	: 0.3699
Neighbors Clustering 	: 0.2370
-------------------------------------
[Epoch : 16/20]
Pr_Src_cls_loss	: 1.1249
Total_loss	: 0.5152
Ent Loss	: -0.0700
Src_cls_loss	: 0.3522
Neighbors Clustering 	: 0.2331
-------------------------------------
[Epoch : 17/20]
Pr_Src_cls_loss	: 1.1249
Total_loss	: 0.4953
Ent Loss	: -0.0700
Src_cls_loss	: 0.3359
Neighbors Clustering 	: 0.2294
-------------------------------------
[Epoch : 18/20]
Pr_Src_cls_loss	: 1.1249
Total_loss	: 0.4773
Ent Loss	: -0.0700
Src_cls_loss	: 0.3211
Neighbors Clustering 	: 0.2262
-------------------------------------
[Epoch : 19/20]
Pr_Src_cls_loss	: 1.1249
Total_loss	: 0.4607
Ent Loss	: -0.0700
Src_cls_loss	: 0.3075
Neighbors Clustering 	: 0.2232
-------------------------------------
[Epoch : 20/20]
Pr_Src_cls_loss	: 1.1249
Total_loss	: 0.4453
Ent Loss	: -0.0700
Src_cls_loss	: 0.2949
Neighbors Clustering 	: 0.2203
-------------------------------------
H_score: 0.0000, OS* (acc_c): 0.0488, UNK (acc_p): 0.0000, acc_mix: 0.0488, F1: 0.0856
Uploading logs from: /mnt/data/home/tp2474/OpenSet-AdaTime/experiments_logs/RealWorld to mhealth_closed_set/DANCE_closed_set/RealWorld_to_mhealth_run_4
🏃 View run DANCE_run_4 at: http://127.0.0.1:5001/#/experiments/773515370876137118/runs/c571dd9aac3844648bb2699d9d2b720c
🧪 View experiment at: http://127.0.0.1:5001/#/experiments/773515370876137118
Running: Source=Pamap2 -> Target=RealWorld
[scenario] DANCE -> UniDA (uniDA=True)
Unlabeled data shape:  (26209, 150, 18)
Unlabelled Combined shape: (45172, 150, 18)

--- Dataloader Size Check ---
Source Train batches:   51
Target Train batches:   409
-------------------------------

Private classes:  tensor([])
=============================================
Dataset: Pamap2 to RealWorld_closed_set
Method:  DANCE
=============================================
Source: Pamap2 ---> Target: RealWorld
Run ID: 0
=============================================
[Pr Epoch : 1/20]
Pr_Src_cls_loss	: 1.2123
-------------------------------------
[Pr Epoch : 2/20]
Pr_Src_cls_loss	: 1.1960
-------------------------------------
[Pr Epoch : 3/20]
Pr_Src_cls_loss	: 1.1867
-------------------------------------
[Pr Epoch : 4/20]
Pr_Src_cls_loss	: 1.1797
-------------------------------------
[Pr Epoch : 5/20]
Pr_Src_cls_loss	: 1.1741
-------------------------------------
[Pr Epoch : 6/20]
Pr_Src_cls_loss	: 1.1695
-------------------------------------
[Pr Epoch : 7/20]
Pr_Src_cls_loss	: 1.1655
-------------------------------------
[Pr Epoch : 8/20]
Pr_Src_cls_loss	: 1.1621
-------------------------------------
[Pr Epoch : 9/20]
Pr_Src_cls_loss	: 1.1592
-------------------------------------
[Pr Epoch : 10/20]
Pr_Src_cls_loss	: 1.1565
-------------------------------------
[Pr Epoch : 11/20]
Pr_Src_cls_loss	: 1.1541
-------------------------------------
[Pr Epoch : 12/20]
Pr_Src_cls_loss	: 1.1520
-------------------------------------
[Pr Epoch : 13/20]
Pr_Src_cls_loss	: 1.1500
-------------------------------------
[Pr Epoch : 14/20]
Pr_Src_cls_loss	: 1.1482
-------------------------------------
[Pr Epoch : 15/20]
Pr_Src_cls_loss	: 1.1467
-------------------------------------
[Pr Epoch : 16/20]
Pr_Src_cls_loss	: 1.1452
-------------------------------------
[Pr Epoch : 17/20]
Pr_Src_cls_loss	: 1.1438
-------------------------------------
[Pr Epoch : 18/20]
Pr_Src_cls_loss	: 1.1426
-------------------------------------
[Pr Epoch : 19/20]
Pr_Src_cls_loss	: 1.1415
-------------------------------------
[Pr Epoch : 20/20]
Pr_Src_cls_loss	: 1.1404
-------------------------------------
/mnt/data/home/tp2474/OpenSet-AdaTime/algorithms/algorithms.py:733: UserWarning: Implicit dimension choice for softmax has been deprecated. Change the call to include dim=X as an argument.
  p = F.softmax(p)
/mnt/data/home/tp2474/OpenSet-AdaTime/algorithms/algorithms.py:737: UserWarning: Implicit dimension choice for softmax has been deprecated. Change the call to include dim=X as an argument.
  p = F.softmax(p)
[Epoch : 1/20]
Pr_Src_cls_loss	: 1.1404
Total_loss	: 1.5193
Ent Loss	: -0.0700
Src_cls_loss	: 1.1034
Neighbors Clustering 	: 0.4859
-------------------------------------
[Epoch : 2/20]
Pr_Src_cls_loss	: 1.1404
Total_loss	: 1.5464
Ent Loss	: -0.0700
Src_cls_loss	: 1.0872
Neighbors Clustering 	: 0.5292
-------------------------------------
[Epoch : 3/20]
Pr_Src_cls_loss	: 1.1404
Total_loss	: 1.5478
Ent Loss	: -0.0700
Src_cls_loss	: 1.0714
Neighbors Clustering 	: 0.5464
-------------------------------------
[Epoch : 4/20]
Pr_Src_cls_loss	: 1.1404
Total_loss	: 1.5405
Ent Loss	: -0.0700
Src_cls_loss	: 1.0556
Neighbors Clustering 	: 0.5549
-------------------------------------
[Epoch : 5/20]
Pr_Src_cls_loss	: 1.1404
Total_loss	: 1.5277
Ent Loss	: -0.0700
Src_cls_loss	: 1.0398
Neighbors Clustering 	: 0.5579
-------------------------------------
[Epoch : 6/20]
Pr_Src_cls_loss	: 1.1404
Total_loss	: 1.5123
Ent Loss	: -0.0700
Src_cls_loss	: 1.0242
Neighbors Clustering 	: 0.5581
-------------------------------------
[Epoch : 7/20]
Pr_Src_cls_loss	: 1.1404
Total_loss	: 1.4953
Ent Loss	: -0.0700
Src_cls_loss	: 1.0085
Neighbors Clustering 	: 0.5568
-------------------------------------
[Epoch : 8/20]
Pr_Src_cls_loss	: 1.1404
Total_loss	: 1.4778
Ent Loss	: -0.0700
Src_cls_loss	: 0.9928
Neighbors Clustering 	: 0.5550
-------------------------------------
[Epoch : 9/20]
Pr_Src_cls_loss	: 1.1404
Total_loss	: 1.4596
Ent Loss	: -0.0700
Src_cls_loss	: 0.9773
Neighbors Clustering 	: 0.5522
-------------------------------------
[Epoch : 10/20]
Pr_Src_cls_loss	: 1.1404
Total_loss	: 1.4409
Ent Loss	: -0.0700
Src_cls_loss	: 0.9621
Neighbors Clustering 	: 0.5488
-------------------------------------
[Epoch : 11/20]
Pr_Src_cls_loss	: 1.1404
Total_loss	: 1.4227
Ent Loss	: -0.0700
Src_cls_loss	: 0.9471
Neighbors Clustering 	: 0.5457
-------------------------------------
[Epoch : 12/20]
Pr_Src_cls_loss	: 1.1404
Total_loss	: 1.4050
Ent Loss	: -0.0700
Src_cls_loss	: 0.9322
Neighbors Clustering 	: 0.5428
-------------------------------------
[Epoch : 13/20]
Pr_Src_cls_loss	: 1.1404
Total_loss	: 1.3876
Ent Loss	: -0.0700
Src_cls_loss	: 0.9174
Neighbors Clustering 	: 0.5402
-------------------------------------
[Epoch : 14/20]
Pr_Src_cls_loss	: 1.1404
Total_loss	: 1.3703
Ent Loss	: -0.0700
Src_cls_loss	: 0.9029
Neighbors Clustering 	: 0.5374
-------------------------------------
[Epoch : 15/20]
Pr_Src_cls_loss	: 1.1404
Total_loss	: 1.3536
Ent Loss	: -0.0700
Src_cls_loss	: 0.8887
Neighbors Clustering 	: 0.5349
-------------------------------------
[Epoch : 16/20]
Pr_Src_cls_loss	: 1.1404
Total_loss	: 1.3371
Ent Loss	: -0.0700
Src_cls_loss	: 0.8746
Neighbors Clustering 	: 0.5326
-------------------------------------
[Epoch : 17/20]
Pr_Src_cls_loss	: 1.1404
Total_loss	: 1.3211
Ent Loss	: -0.0700
Src_cls_loss	: 0.8607
Neighbors Clustering 	: 0.5304
-------------------------------------
[Epoch : 18/20]
Pr_Src_cls_loss	: 1.1404
Total_loss	: 1.3055
Ent Loss	: -0.0700
Src_cls_loss	: 0.8471
Neighbors Clustering 	: 0.5283
-------------------------------------
[Epoch : 19/20]
Pr_Src_cls_loss	: 1.1404
Total_loss	: 1.2903
Ent Loss	: -0.0700
Src_cls_loss	: 0.8339
Neighbors Clustering 	: 0.5264
-------------------------------------
[Epoch : 20/20]
Pr_Src_cls_loss	: 1.1404
Total_loss	: 1.2755
Ent Loss	: -0.0700
Src_cls_loss	: 0.8208
Neighbors Clustering 	: 0.5246
-------------------------------------
/mnt/data/home/tp2474/OpenSet-AdaTime/algorithms/algorithms.py:870: UserWarning: Implicit dimension choice for softmax has been deprecated. Change the call to include dim=X as an argument.
  predictions = F.softmax(self.classifier(features))
/mnt/data/home/tp2474/OpenSet-AdaTime/trainers/abstract_trainer.py:331: FutureWarning: The behavior of DataFrame concatenation with empty or all-NA entries is deprecated. In a future version, this will no longer exclude empty or all-NA columns when determining the result dtypes. To retain the old behavior, exclude the relevant entries before the concat operation.
  table = pd.concat([table, results_df], ignore_index=True)
H_score: 0.0000, OS* (acc_c): 0.0000, UNK (acc_p): 0.0000, acc_mix: 0.0000, F1: 0.0000
Uploading logs from: /mnt/data/home/tp2474/OpenSet-AdaTime/experiments_logs/Pamap2 to RealWorld_closed_set/DANCE_closed_set/Pamap2_to_RealWorld_run_0
🏃 View run DANCE_run_0 at: http://127.0.0.1:5001/#/experiments/235622674570859121/runs/32affd2468d442368cbd9fdbbee1ada3
🧪 View experiment at: http://127.0.0.1:5001/#/experiments/235622674570859121
=============================================
Dataset: Pamap2 to RealWorld_closed_set
Method:  DANCE
=============================================
Source: Pamap2 ---> Target: RealWorld
Run ID: 1
=============================================
[Pr Epoch : 1/20]
Pr_Src_cls_loss	: 1.2038
-------------------------------------
[Pr Epoch : 2/20]
Pr_Src_cls_loss	: 1.1852
-------------------------------------
[Pr Epoch : 3/20]
Pr_Src_cls_loss	: 1.1752
-------------------------------------
[Pr Epoch : 4/20]
Pr_Src_cls_loss	: 1.1680
-------------------------------------
[Pr Epoch : 5/20]
Pr_Src_cls_loss	: 1.1623
-------------------------------------
[Pr Epoch : 6/20]
Pr_Src_cls_loss	: 1.1575
-------------------------------------
[Pr Epoch : 7/20]
Pr_Src_cls_loss	: 1.1536
-------------------------------------
[Pr Epoch : 8/20]
Pr_Src_cls_loss	: 1.1502
-------------------------------------
[Pr Epoch : 9/20]
Pr_Src_cls_loss	: 1.1472
-------------------------------------
[Pr Epoch : 10/20]
Pr_Src_cls_loss	: 1.1446
-------------------------------------
[Pr Epoch : 11/20]
Pr_Src_cls_loss	: 1.1423
-------------------------------------
[Pr Epoch : 12/20]
Pr_Src_cls_loss	: 1.1402
-------------------------------------
[Pr Epoch : 13/20]
Pr_Src_cls_loss	: 1.1384
-------------------------------------
[Pr Epoch : 14/20]
Pr_Src_cls_loss	: 1.1367
-------------------------------------
[Pr Epoch : 15/20]
Pr_Src_cls_loss	: 1.1352
-------------------------------------
[Pr Epoch : 16/20]
Pr_Src_cls_loss	: 1.1337
-------------------------------------
[Pr Epoch : 17/20]
Pr_Src_cls_loss	: 1.1325
-------------------------------------
[Pr Epoch : 18/20]
Pr_Src_cls_loss	: 1.1313
-------------------------------------
[Pr Epoch : 19/20]
Pr_Src_cls_loss	: 1.1301
-------------------------------------
[Pr Epoch : 20/20]
Pr_Src_cls_loss	: 1.1291
-------------------------------------
[Epoch : 1/20]
Pr_Src_cls_loss	: 1.1291
Total_loss	: 1.4960
Ent Loss	: -0.0700
Src_cls_loss	: 1.0931
Neighbors Clustering 	: 0.4729
-------------------------------------
[Epoch : 2/20]
Pr_Src_cls_loss	: 1.1291
Total_loss	: 1.5212
Ent Loss	: -0.0700
Src_cls_loss	: 1.0765
Neighbors Clustering 	: 0.5148
-------------------------------------
[Epoch : 3/20]
Pr_Src_cls_loss	: 1.1291
Total_loss	: 1.5263
Ent Loss	: -0.0700
Src_cls_loss	: 1.0601
Neighbors Clustering 	: 0.5363
-------------------------------------
[Epoch : 4/20]
Pr_Src_cls_loss	: 1.1291
Total_loss	: 1.5220
Ent Loss	: -0.0700
Src_cls_loss	: 1.0437
Neighbors Clustering 	: 0.5484
-------------------------------------
[Epoch : 5/20]
Pr_Src_cls_loss	: 1.1291
Total_loss	: 1.5132
Ent Loss	: -0.0700
Src_cls_loss	: 1.0275
Neighbors Clustering 	: 0.5556
-------------------------------------
[Epoch : 6/20]
Pr_Src_cls_loss	: 1.1291
Total_loss	: 1.5010
Ent Loss	: -0.0700
Src_cls_loss	: 1.0114
Neighbors Clustering 	: 0.5597
-------------------------------------
[Epoch : 7/20]
Pr_Src_cls_loss	: 1.1291
Total_loss	: 1.4871
Ent Loss	: -0.0700
Src_cls_loss	: 0.9955
Neighbors Clustering 	: 0.5616
-------------------------------------
[Epoch : 8/20]
Pr_Src_cls_loss	: 1.1291
Total_loss	: 1.4716
Ent Loss	: -0.0700
Src_cls_loss	: 0.9799
Neighbors Clustering 	: 0.5617
-------------------------------------
[Epoch : 9/20]
Pr_Src_cls_loss	: 1.1291
Total_loss	: 1.4539
Ent Loss	: -0.0700
Src_cls_loss	: 0.9647
Neighbors Clustering 	: 0.5593
-------------------------------------
[Epoch : 10/20]
Pr_Src_cls_loss	: 1.1291
Total_loss	: 1.4368
Ent Loss	: -0.0700
Src_cls_loss	: 0.9495
Neighbors Clustering 	: 0.5573
-------------------------------------
[Epoch : 11/20]
Pr_Src_cls_loss	: 1.1291
Total_loss	: 1.4200
Ent Loss	: -0.0700
Src_cls_loss	: 0.9344
Neighbors Clustering 	: 0.5556
-------------------------------------
[Epoch : 12/20]
Pr_Src_cls_loss	: 1.1291
Total_loss	: 1.4033
Ent Loss	: -0.0700
Src_cls_loss	: 0.9195
Neighbors Clustering 	: 0.5538
-------------------------------------
[Epoch : 13/20]
Pr_Src_cls_loss	: 1.1291
Total_loss	: 1.3854
Ent Loss	: -0.0700
Src_cls_loss	: 0.9050
Neighbors Clustering 	: 0.5504
-------------------------------------
[Epoch : 14/20]
Pr_Src_cls_loss	: 1.1291
Total_loss	: 1.3679
Ent Loss	: -0.0700
Src_cls_loss	: 0.8906
Neighbors Clustering 	: 0.5473
-------------------------------------
[Epoch : 15/20]
Pr_Src_cls_loss	: 1.1291
Total_loss	: 1.3516
Ent Loss	: -0.0700
Src_cls_loss	: 0.8764
Neighbors Clustering 	: 0.5452
-------------------------------------
[Epoch : 16/20]
Pr_Src_cls_loss	: 1.1291
Total_loss	: 1.3352
Ent Loss	: -0.0700
Src_cls_loss	: 0.8625
Neighbors Clustering 	: 0.5428
-------------------------------------
[Epoch : 17/20]
Pr_Src_cls_loss	: 1.1291
Total_loss	: 1.3196
Ent Loss	: -0.0700
Src_cls_loss	: 0.8488
Neighbors Clustering 	: 0.5408
-------------------------------------
[Epoch : 18/20]
Pr_Src_cls_loss	: 1.1291
Total_loss	: 1.3042
Ent Loss	: -0.0700
Src_cls_loss	: 0.8353
Neighbors Clustering 	: 0.5389
-------------------------------------
[Epoch : 19/20]
Pr_Src_cls_loss	: 1.1291
Total_loss	: 1.2895
Ent Loss	: -0.0700
Src_cls_loss	: 0.8222
Neighbors Clustering 	: 0.5372
-------------------------------------
[Epoch : 20/20]
Pr_Src_cls_loss	: 1.1291
Total_loss	: 1.2751
Ent Loss	: -0.0700
Src_cls_loss	: 0.8094
Neighbors Clustering 	: 0.5357
-------------------------------------
H_score: 0.0000, OS* (acc_c): 0.0000, UNK (acc_p): 0.0000, acc_mix: 0.0000, F1: 0.0000
Uploading logs from: /mnt/data/home/tp2474/OpenSet-AdaTime/experiments_logs/Pamap2 to RealWorld_closed_set/DANCE_closed_set/Pamap2_to_RealWorld_run_1
🏃 View run DANCE_run_1 at: http://127.0.0.1:5001/#/experiments/235622674570859121/runs/85c4723d673b43b5bf7f76b25310b963
🧪 View experiment at: http://127.0.0.1:5001/#/experiments/235622674570859121
=============================================
Dataset: Pamap2 to RealWorld_closed_set
Method:  DANCE
=============================================
Source: Pamap2 ---> Target: RealWorld
Run ID: 2
=============================================
[Pr Epoch : 1/20]
Pr_Src_cls_loss	: 1.2109
-------------------------------------
[Pr Epoch : 2/20]
Pr_Src_cls_loss	: 1.1945
-------------------------------------
[Pr Epoch : 3/20]
Pr_Src_cls_loss	: 1.1857
-------------------------------------
[Pr Epoch : 4/20]
Pr_Src_cls_loss	: 1.1794
-------------------------------------
[Pr Epoch : 5/20]
Pr_Src_cls_loss	: 1.1742
-------------------------------------
[Pr Epoch : 6/20]
Pr_Src_cls_loss	: 1.1699
-------------------------------------
[Pr Epoch : 7/20]
Pr_Src_cls_loss	: 1.1663
-------------------------------------
[Pr Epoch : 8/20]
Pr_Src_cls_loss	: 1.1633
-------------------------------------
[Pr Epoch : 9/20]
Pr_Src_cls_loss	: 1.1605
-------------------------------------
[Pr Epoch : 10/20]
Pr_Src_cls_loss	: 1.1582
-------------------------------------
[Pr Epoch : 11/20]
Pr_Src_cls_loss	: 1.1562
-------------------------------------
[Pr Epoch : 12/20]
Pr_Src_cls_loss	: 1.1543
-------------------------------------
[Pr Epoch : 13/20]
Pr_Src_cls_loss	: 1.1526
-------------------------------------
[Pr Epoch : 14/20]
Pr_Src_cls_loss	: 1.1512
-------------------------------------
[Pr Epoch : 15/20]
Pr_Src_cls_loss	: 1.1498
-------------------------------------
[Pr Epoch : 16/20]
Pr_Src_cls_loss	: 1.1486
-------------------------------------
[Pr Epoch : 17/20]
Pr_Src_cls_loss	: 1.1475
-------------------------------------
[Pr Epoch : 18/20]
Pr_Src_cls_loss	: 1.1465
-------------------------------------
[Pr Epoch : 19/20]
Pr_Src_cls_loss	: 1.1456
-------------------------------------
[Pr Epoch : 20/20]
Pr_Src_cls_loss	: 1.1448
-------------------------------------
[Epoch : 1/20]
Pr_Src_cls_loss	: 1.1448
Total_loss	: 1.5330
Ent Loss	: -0.0700
Src_cls_loss	: 1.1127
Neighbors Clustering 	: 0.4903
-------------------------------------
[Epoch : 2/20]
Pr_Src_cls_loss	: 1.1448
Total_loss	: 1.5575
Ent Loss	: -0.0700
Src_cls_loss	: 1.0962
Neighbors Clustering 	: 0.5312
-------------------------------------
[Epoch : 3/20]
Pr_Src_cls_loss	: 1.1448
Total_loss	: 1.5605
Ent Loss	: -0.0700
Src_cls_loss	: 1.0798
Neighbors Clustering 	: 0.5507
-------------------------------------
[Epoch : 4/20]
Pr_Src_cls_loss	: 1.1448
Total_loss	: 1.5543
Ent Loss	: -0.0700
Src_cls_loss	: 1.0634
Neighbors Clustering 	: 0.5609
-------------------------------------
[Epoch : 5/20]
Pr_Src_cls_loss	: 1.1448
Total_loss	: 1.5425
Ent Loss	: -0.0700
Src_cls_loss	: 1.0474
Neighbors Clustering 	: 0.5651
-------------------------------------
[Epoch : 6/20]
Pr_Src_cls_loss	: 1.1448
Total_loss	: 1.5262
Ent Loss	: -0.0700
Src_cls_loss	: 1.0319
Neighbors Clustering 	: 0.5644
-------------------------------------
[Epoch : 7/20]
Pr_Src_cls_loss	: 1.1448
Total_loss	: 1.5078
Ent Loss	: -0.0700
Src_cls_loss	: 1.0163
Neighbors Clustering 	: 0.5615
-------------------------------------
[Epoch : 8/20]
Pr_Src_cls_loss	: 1.1448
Total_loss	: 1.4888
Ent Loss	: -0.0700
Src_cls_loss	: 1.0008
Neighbors Clustering 	: 0.5580
-------------------------------------
[Epoch : 9/20]
Pr_Src_cls_loss	: 1.1448
Total_loss	: 1.4703
Ent Loss	: -0.0700
Src_cls_loss	: 0.9853
Neighbors Clustering 	: 0.5550
-------------------------------------
[Epoch : 10/20]
Pr_Src_cls_loss	: 1.1448
Total_loss	: 1.4524
Ent Loss	: -0.0700
Src_cls_loss	: 0.9699
Neighbors Clustering 	: 0.5524
-------------------------------------
[Epoch : 11/20]
Pr_Src_cls_loss	: 1.1448
Total_loss	: 1.4349
Ent Loss	: -0.0700
Src_cls_loss	: 0.9546
Neighbors Clustering 	: 0.5503
-------------------------------------
[Epoch : 12/20]
Pr_Src_cls_loss	: 1.1448
Total_loss	: 1.4178
Ent Loss	: -0.0700
Src_cls_loss	: 0.9396
Neighbors Clustering 	: 0.5483
-------------------------------------
[Epoch : 13/20]
Pr_Src_cls_loss	: 1.1448
Total_loss	: 1.4005
Ent Loss	: -0.0700
Src_cls_loss	: 0.9247
Neighbors Clustering 	: 0.5458
-------------------------------------
[Epoch : 14/20]
Pr_Src_cls_loss	: 1.1448
Total_loss	: 1.3828
Ent Loss	: -0.0700
Src_cls_loss	: 0.9101
Neighbors Clustering 	: 0.5428
-------------------------------------
[Epoch : 15/20]
Pr_Src_cls_loss	: 1.1448
Total_loss	: 1.3658
Ent Loss	: -0.0700
Src_cls_loss	: 0.8956
Neighbors Clustering 	: 0.5401
-------------------------------------
[Epoch : 16/20]
Pr_Src_cls_loss	: 1.1448
Total_loss	: 1.3490
Ent Loss	: -0.0700
Src_cls_loss	: 0.8814
Neighbors Clustering 	: 0.5376
-------------------------------------
[Epoch : 17/20]
Pr_Src_cls_loss	: 1.1448
Total_loss	: 1.3326
Ent Loss	: -0.0700
Src_cls_loss	: 0.8675
Neighbors Clustering 	: 0.5351
-------------------------------------
[Epoch : 18/20]
Pr_Src_cls_loss	: 1.1448
Total_loss	: 1.3168
Ent Loss	: -0.0700
Src_cls_loss	: 0.8538
Neighbors Clustering 	: 0.5330
-------------------------------------
[Epoch : 19/20]
Pr_Src_cls_loss	: 1.1448
Total_loss	: 1.3017
Ent Loss	: -0.0700
Src_cls_loss	: 0.8404
Neighbors Clustering 	: 0.5313
-------------------------------------
[Epoch : 20/20]
Pr_Src_cls_loss	: 1.1448
Total_loss	: 1.2868
Ent Loss	: -0.0700
Src_cls_loss	: 0.8272
Neighbors Clustering 	: 0.5296
-------------------------------------
H_score: 0.0000, OS* (acc_c): 0.0000, UNK (acc_p): 0.0000, acc_mix: 0.0000, F1: 0.0000
Uploading logs from: /mnt/data/home/tp2474/OpenSet-AdaTime/experiments_logs/Pamap2 to RealWorld_closed_set/DANCE_closed_set/Pamap2_to_RealWorld_run_2
🏃 View run DANCE_run_2 at: http://127.0.0.1:5001/#/experiments/235622674570859121/runs/7c4402179cdc4f03aab380b52f807d93
🧪 View experiment at: http://127.0.0.1:5001/#/experiments/235622674570859121
=============================================
Dataset: Pamap2 to RealWorld_closed_set
Method:  DANCE
=============================================
Source: Pamap2 ---> Target: RealWorld
Run ID: 3
=============================================
[Pr Epoch : 1/20]
Pr_Src_cls_loss	: 1.2097
-------------------------------------
[Pr Epoch : 2/20]
Pr_Src_cls_loss	: 1.1933
-------------------------------------
[Pr Epoch : 3/20]
Pr_Src_cls_loss	: 1.1840
-------------------------------------
[Pr Epoch : 4/20]
Pr_Src_cls_loss	: 1.1774
-------------------------------------
[Pr Epoch : 5/20]
Pr_Src_cls_loss	: 1.1722
-------------------------------------
[Pr Epoch : 6/20]
Pr_Src_cls_loss	: 1.1680
-------------------------------------
[Pr Epoch : 7/20]
Pr_Src_cls_loss	: 1.1644
-------------------------------------
[Pr Epoch : 8/20]
Pr_Src_cls_loss	: 1.1614
-------------------------------------
[Pr Epoch : 9/20]
Pr_Src_cls_loss	: 1.1587
-------------------------------------
[Pr Epoch : 10/20]
Pr_Src_cls_loss	: 1.1562
-------------------------------------
[Pr Epoch : 11/20]
Pr_Src_cls_loss	: 1.1540
-------------------------------------
[Pr Epoch : 12/20]
Pr_Src_cls_loss	: 1.1520
-------------------------------------
[Pr Epoch : 13/20]
Pr_Src_cls_loss	: 1.1502
-------------------------------------
[Pr Epoch : 14/20]
Pr_Src_cls_loss	: 1.1486
-------------------------------------
[Pr Epoch : 15/20]
Pr_Src_cls_loss	: 1.1472
-------------------------------------
[Pr Epoch : 16/20]
Pr_Src_cls_loss	: 1.1459
-------------------------------------
[Pr Epoch : 17/20]
Pr_Src_cls_loss	: 1.1447
-------------------------------------
[Pr Epoch : 18/20]
Pr_Src_cls_loss	: 1.1436
-------------------------------------
[Pr Epoch : 19/20]
Pr_Src_cls_loss	: 1.1426
-------------------------------------
[Pr Epoch : 20/20]
Pr_Src_cls_loss	: 1.1417
-------------------------------------
[Epoch : 1/20]
Pr_Src_cls_loss	: 1.1417
Total_loss	: 1.5196
Ent Loss	: -0.0700
Src_cls_loss	: 1.1077
Neighbors Clustering 	: 0.4819
-------------------------------------
[Epoch : 2/20]
Pr_Src_cls_loss	: 1.1417
Total_loss	: 1.5437
Ent Loss	: -0.0700
Src_cls_loss	: 1.0919
Neighbors Clustering 	: 0.5218
-------------------------------------
[Epoch : 3/20]
Pr_Src_cls_loss	: 1.1417
Total_loss	: 1.5462
Ent Loss	: -0.0700
Src_cls_loss	: 1.0758
Neighbors Clustering 	: 0.5404
-------------------------------------
[Epoch : 4/20]
Pr_Src_cls_loss	: 1.1417
Total_loss	: 1.5408
Ent Loss	: -0.0700
Src_cls_loss	: 1.0594
Neighbors Clustering 	: 0.5514
-------------------------------------
[Epoch : 5/20]
Pr_Src_cls_loss	: 1.1417
Total_loss	: 1.5295
Ent Loss	: -0.0700
Src_cls_loss	: 1.0430
Neighbors Clustering 	: 0.5564
-------------------------------------
[Epoch : 6/20]
Pr_Src_cls_loss	: 1.1417
Total_loss	: 1.5158
Ent Loss	: -0.0700
Src_cls_loss	: 1.0269
Neighbors Clustering 	: 0.5588
-------------------------------------
[Epoch : 7/20]
Pr_Src_cls_loss	: 1.1417
Total_loss	: 1.5006
Ent Loss	: -0.0700
Src_cls_loss	: 1.0111
Neighbors Clustering 	: 0.5595
-------------------------------------
[Epoch : 8/20]
Pr_Src_cls_loss	: 1.1417
Total_loss	: 1.4848
Ent Loss	: -0.0700
Src_cls_loss	: 0.9953
Neighbors Clustering 	: 0.5595
-------------------------------------
[Epoch : 9/20]
Pr_Src_cls_loss	: 1.1417
Total_loss	: 1.4691
Ent Loss	: -0.0700
Src_cls_loss	: 0.9796
Neighbors Clustering 	: 0.5595
-------------------------------------
[Epoch : 10/20]
Pr_Src_cls_loss	: 1.1417
Total_loss	: 1.4535
Ent Loss	: -0.0700
Src_cls_loss	: 0.9643
Neighbors Clustering 	: 0.5592
-------------------------------------
[Epoch : 11/20]
Pr_Src_cls_loss	: 1.1417
Total_loss	: 1.4379
Ent Loss	: -0.0700
Src_cls_loss	: 0.9490
Neighbors Clustering 	: 0.5589
-------------------------------------
[Epoch : 12/20]
Pr_Src_cls_loss	: 1.1417
Total_loss	: 1.4225
Ent Loss	: -0.0700
Src_cls_loss	: 0.9340
Neighbors Clustering 	: 0.5584
-------------------------------------
[Epoch : 13/20]
Pr_Src_cls_loss	: 1.1417
Total_loss	: 1.4067
Ent Loss	: -0.0700
Src_cls_loss	: 0.9193
Neighbors Clustering 	: 0.5574
-------------------------------------
[Epoch : 14/20]
Pr_Src_cls_loss	: 1.1417
Total_loss	: 1.3910
Ent Loss	: -0.0700
Src_cls_loss	: 0.9049
Neighbors Clustering 	: 0.5562
-------------------------------------
[Epoch : 15/20]
Pr_Src_cls_loss	: 1.1417
Total_loss	: 1.3752
Ent Loss	: -0.0700
Src_cls_loss	: 0.8907
Neighbors Clustering 	: 0.5545
-------------------------------------
[Epoch : 16/20]
Pr_Src_cls_loss	: 1.1417
Total_loss	: 1.3595
Ent Loss	: -0.0700
Src_cls_loss	: 0.8767
Neighbors Clustering 	: 0.5528
-------------------------------------
[Epoch : 17/20]
Pr_Src_cls_loss	: 1.1417
Total_loss	: 1.3445
Ent Loss	: -0.0700
Src_cls_loss	: 0.8629
Neighbors Clustering 	: 0.5516
-------------------------------------
[Epoch : 18/20]
Pr_Src_cls_loss	: 1.1417
Total_loss	: 1.3298
Ent Loss	: -0.0700
Src_cls_loss	: 0.8494
Neighbors Clustering 	: 0.5504
-------------------------------------
[Epoch : 19/20]
Pr_Src_cls_loss	: 1.1417
Total_loss	: 1.3155
Ent Loss	: -0.0700
Src_cls_loss	: 0.8361
Neighbors Clustering 	: 0.5494
-------------------------------------
[Epoch : 20/20]
Pr_Src_cls_loss	: 1.1417
Total_loss	: 1.3015
Ent Loss	: -0.0700
Src_cls_loss	: 0.8231
Neighbors Clustering 	: 0.5484
-------------------------------------
H_score: 0.0000, OS* (acc_c): 0.0000, UNK (acc_p): 0.0000, acc_mix: 0.0000, F1: 0.0000
Uploading logs from: /mnt/data/home/tp2474/OpenSet-AdaTime/experiments_logs/Pamap2 to RealWorld_closed_set/DANCE_closed_set/Pamap2_to_RealWorld_run_3
🏃 View run DANCE_run_3 at: http://127.0.0.1:5001/#/experiments/235622674570859121/runs/445612efd5d74cdcb20d2aeed97654ed
🧪 View experiment at: http://127.0.0.1:5001/#/experiments/235622674570859121
=============================================
Dataset: Pamap2 to RealWorld_closed_set
Method:  DANCE
=============================================
Source: Pamap2 ---> Target: RealWorld
Run ID: 4
=============================================
[Pr Epoch : 1/20]
Pr_Src_cls_loss	: 1.2074
-------------------------------------
[Pr Epoch : 2/20]
Pr_Src_cls_loss	: 1.1895
-------------------------------------
[Pr Epoch : 3/20]
Pr_Src_cls_loss	: 1.1802
-------------------------------------
[Pr Epoch : 4/20]
Pr_Src_cls_loss	: 1.1733
-------------------------------------
[Pr Epoch : 5/20]
Pr_Src_cls_loss	: 1.1679
-------------------------------------
[Pr Epoch : 6/20]
Pr_Src_cls_loss	: 1.1634
-------------------------------------
[Pr Epoch : 7/20]
Pr_Src_cls_loss	: 1.1597
-------------------------------------
[Pr Epoch : 8/20]
Pr_Src_cls_loss	: 1.1566
-------------------------------------
[Pr Epoch : 9/20]
Pr_Src_cls_loss	: 1.1538
-------------------------------------
[Pr Epoch : 10/20]
Pr_Src_cls_loss	: 1.1514
-------------------------------------
[Pr Epoch : 11/20]
Pr_Src_cls_loss	: 1.1492
-------------------------------------
[Pr Epoch : 12/20]
Pr_Src_cls_loss	: 1.1473
-------------------------------------
[Pr Epoch : 13/20]
Pr_Src_cls_loss	: 1.1455
-------------------------------------
[Pr Epoch : 14/20]
Pr_Src_cls_loss	: 1.1439
-------------------------------------
[Pr Epoch : 15/20]
Pr_Src_cls_loss	: 1.1425
-------------------------------------
[Pr Epoch : 16/20]
Pr_Src_cls_loss	: 1.1412
-------------------------------------
[Pr Epoch : 17/20]
Pr_Src_cls_loss	: 1.1401
-------------------------------------
[Pr Epoch : 18/20]
Pr_Src_cls_loss	: 1.1390
-------------------------------------
[Pr Epoch : 19/20]
Pr_Src_cls_loss	: 1.1380
-------------------------------------
[Pr Epoch : 20/20]
Pr_Src_cls_loss	: 1.1370
-------------------------------------
[Epoch : 1/20]
Pr_Src_cls_loss	: 1.1370
Total_loss	: 1.5164
Ent Loss	: -0.0700
Src_cls_loss	: 1.1032
Neighbors Clustering 	: 0.4832
-------------------------------------
[Epoch : 2/20]
Pr_Src_cls_loss	: 1.1370
Total_loss	: 1.5377
Ent Loss	: -0.0700
Src_cls_loss	: 1.0868
Neighbors Clustering 	: 0.5209
-------------------------------------
[Epoch : 3/20]
Pr_Src_cls_loss	: 1.1370
Total_loss	: 1.5393
Ent Loss	: -0.0700
Src_cls_loss	: 1.0705
Neighbors Clustering 	: 0.5388
-------------------------------------
[Epoch : 4/20]
Pr_Src_cls_loss	: 1.1370
Total_loss	: 1.5332
Ent Loss	: -0.0700
Src_cls_loss	: 1.0541
Neighbors Clustering 	: 0.5491
-------------------------------------
[Epoch : 5/20]
Pr_Src_cls_loss	: 1.1370
Total_loss	: 1.5243
Ent Loss	: -0.0700
Src_cls_loss	: 1.0378
Neighbors Clustering 	: 0.5565
-------------------------------------
[Epoch : 6/20]
Pr_Src_cls_loss	: 1.1370
Total_loss	: 1.5125
Ent Loss	: -0.0700
Src_cls_loss	: 1.0217
Neighbors Clustering 	: 0.5608
-------------------------------------
[Epoch : 7/20]
Pr_Src_cls_loss	: 1.1370
Total_loss	: 1.4980
Ent Loss	: -0.0700
Src_cls_loss	: 1.0060
Neighbors Clustering 	: 0.5619
-------------------------------------
[Epoch : 8/20]
Pr_Src_cls_loss	: 1.1370
Total_loss	: 1.4817
Ent Loss	: -0.0700
Src_cls_loss	: 0.9906
Neighbors Clustering 	: 0.5611
-------------------------------------
[Epoch : 9/20]
Pr_Src_cls_loss	: 1.1370
Total_loss	: 1.4645
Ent Loss	: -0.0700
Src_cls_loss	: 0.9752
Neighbors Clustering 	: 0.5592
-------------------------------------
[Epoch : 10/20]
Pr_Src_cls_loss	: 1.1370
Total_loss	: 1.4472
Ent Loss	: -0.0700
Src_cls_loss	: 0.9600
Neighbors Clustering 	: 0.5572
-------------------------------------
[Epoch : 11/20]
Pr_Src_cls_loss	: 1.1370
Total_loss	: 1.4304
Ent Loss	: -0.0700
Src_cls_loss	: 0.9451
Neighbors Clustering 	: 0.5553
-------------------------------------
[Epoch : 12/20]
Pr_Src_cls_loss	: 1.1370
Total_loss	: 1.4142
Ent Loss	: -0.0700
Src_cls_loss	: 0.9301
Neighbors Clustering 	: 0.5540
-------------------------------------
[Epoch : 13/20]
Pr_Src_cls_loss	: 1.1370
Total_loss	: 1.3982
Ent Loss	: -0.0700
Src_cls_loss	: 0.9154
Neighbors Clustering 	: 0.5529
-------------------------------------
[Epoch : 14/20]
Pr_Src_cls_loss	: 1.1370
Total_loss	: 1.3825
Ent Loss	: -0.0700
Src_cls_loss	: 0.9008
Neighbors Clustering 	: 0.5516
-------------------------------------
[Epoch : 15/20]
Pr_Src_cls_loss	: 1.1370
Total_loss	: 1.3663
Ent Loss	: -0.0700
Src_cls_loss	: 0.8865
Neighbors Clustering 	: 0.5499
-------------------------------------
[Epoch : 16/20]
Pr_Src_cls_loss	: 1.1370
Total_loss	: 1.3506
Ent Loss	: -0.0700
Src_cls_loss	: 0.8725
Neighbors Clustering 	: 0.5481
-------------------------------------
[Epoch : 17/20]
Pr_Src_cls_loss	: 1.1370
Total_loss	: 1.3351
Ent Loss	: -0.0700
Src_cls_loss	: 0.8587
Neighbors Clustering 	: 0.5464
-------------------------------------
[Epoch : 18/20]
Pr_Src_cls_loss	: 1.1370
Total_loss	: 1.3202
Ent Loss	: -0.0700
Src_cls_loss	: 0.8452
Neighbors Clustering 	: 0.5450
-------------------------------------
[Epoch : 19/20]
Pr_Src_cls_loss	: 1.1370
Total_loss	: 1.3059
Ent Loss	: -0.0700
Src_cls_loss	: 0.8321
Neighbors Clustering 	: 0.5437
-------------------------------------
[Epoch : 20/20]
Pr_Src_cls_loss	: 1.1370
Total_loss	: 1.2920
Ent Loss	: -0.0700
Src_cls_loss	: 0.8192
Neighbors Clustering 	: 0.5428
-------------------------------------
H_score: 0.0000, OS* (acc_c): 0.0000, UNK (acc_p): 0.0000, acc_mix: 0.0000, F1: 0.0000
Uploading logs from: /mnt/data/home/tp2474/OpenSet-AdaTime/experiments_logs/Pamap2 to RealWorld_closed_set/DANCE_closed_set/Pamap2_to_RealWorld_run_4
🏃 View run DANCE_run_4 at: http://127.0.0.1:5001/#/experiments/235622674570859121/runs/18a3e219e10a499dbbdea6b1bccb56fd
🧪 View experiment at: http://127.0.0.1:5001/#/experiments/235622674570859121
Running: Source=Pamap2 -> Target=mhealth
[scenario] DANCE -> UniDA (uniDA=True)
Unlabeled data shape:  (1620, 150, 18)
Unlabelled Combined shape: (2786, 150, 18)

--- Dataloader Size Check ---
Source Train batches:   51
Target Train batches:   25
-------------------------------

Private classes:  tensor([])
=============================================
Dataset: Pamap2 to mhealth_closed_set
Method:  DANCE
=============================================
Source: Pamap2 ---> Target: mhealth
Run ID: 0
=============================================
[Pr Epoch : 1/20]
Pr_Src_cls_loss	: 1.2123
-------------------------------------
[Pr Epoch : 2/20]
Pr_Src_cls_loss	: 1.1960
-------------------------------------
[Pr Epoch : 3/20]
Pr_Src_cls_loss	: 1.1867
-------------------------------------
[Pr Epoch : 4/20]
Pr_Src_cls_loss	: 1.1797
-------------------------------------
[Pr Epoch : 5/20]
Pr_Src_cls_loss	: 1.1741
-------------------------------------
[Pr Epoch : 6/20]
Pr_Src_cls_loss	: 1.1695
-------------------------------------
[Pr Epoch : 7/20]
Pr_Src_cls_loss	: 1.1655
-------------------------------------
[Pr Epoch : 8/20]
Pr_Src_cls_loss	: 1.1621
-------------------------------------
[Pr Epoch : 9/20]
Pr_Src_cls_loss	: 1.1592
-------------------------------------
[Pr Epoch : 10/20]
Pr_Src_cls_loss	: 1.1565
-------------------------------------
[Pr Epoch : 11/20]
Pr_Src_cls_loss	: 1.1541
-------------------------------------
[Pr Epoch : 12/20]
Pr_Src_cls_loss	: 1.1520
-------------------------------------
[Pr Epoch : 13/20]
Pr_Src_cls_loss	: 1.1500
-------------------------------------
[Pr Epoch : 14/20]
Pr_Src_cls_loss	: 1.1482
-------------------------------------
[Pr Epoch : 15/20]
Pr_Src_cls_loss	: 1.1467
-------------------------------------
[Pr Epoch : 16/20]
Pr_Src_cls_loss	: 1.1452
-------------------------------------
[Pr Epoch : 17/20]
Pr_Src_cls_loss	: 1.1438
-------------------------------------
[Pr Epoch : 18/20]
Pr_Src_cls_loss	: 1.1426
-------------------------------------
[Pr Epoch : 19/20]
Pr_Src_cls_loss	: 1.1415
-------------------------------------
[Pr Epoch : 20/20]
Pr_Src_cls_loss	: 1.1404
-------------------------------------
/mnt/data/home/tp2474/OpenSet-AdaTime/algorithms/algorithms.py:733: UserWarning: Implicit dimension choice for softmax has been deprecated. Change the call to include dim=X as an argument.
  p = F.softmax(p)
/mnt/data/home/tp2474/OpenSet-AdaTime/algorithms/algorithms.py:737: UserWarning: Implicit dimension choice for softmax has been deprecated. Change the call to include dim=X as an argument.
  p = F.softmax(p)
[Epoch : 1/20]
Pr_Src_cls_loss	: 1.1404
Total_loss	: 1.4467
Ent Loss	: -0.0700
Src_cls_loss	: 1.1029
Neighbors Clustering 	: 0.4138
-------------------------------------
[Epoch : 2/20]
Pr_Src_cls_loss	: 1.1404
Total_loss	: 1.4216
Ent Loss	: -0.0700
Src_cls_loss	: 1.0862
Neighbors Clustering 	: 0.4054
-------------------------------------
[Epoch : 3/20]
Pr_Src_cls_loss	: 1.1404
Total_loss	: 1.3917
Ent Loss	: -0.0700
Src_cls_loss	: 1.0695
Neighbors Clustering 	: 0.3922
-------------------------------------
[Epoch : 4/20]
Pr_Src_cls_loss	: 1.1404
Total_loss	: 1.3634
Ent Loss	: -0.0700
Src_cls_loss	: 1.0529
Neighbors Clustering 	: 0.3805
-------------------------------------
[Epoch : 5/20]
Pr_Src_cls_loss	: 1.1404
Total_loss	: 1.3369
Ent Loss	: -0.0700
Src_cls_loss	: 1.0362
Neighbors Clustering 	: 0.3706
-------------------------------------
[Epoch : 6/20]
Pr_Src_cls_loss	: 1.1404
Total_loss	: 1.3115
Ent Loss	: -0.0700
Src_cls_loss	: 1.0197
Neighbors Clustering 	: 0.3617
-------------------------------------
[Epoch : 7/20]
Pr_Src_cls_loss	: 1.1404
Total_loss	: 1.2869
Ent Loss	: -0.0700
Src_cls_loss	: 1.0032
Neighbors Clustering 	: 0.3537
-------------------------------------
[Epoch : 8/20]
Pr_Src_cls_loss	: 1.1404
Total_loss	: 1.2634
Ent Loss	: -0.0700
Src_cls_loss	: 0.9869
Neighbors Clustering 	: 0.3465
-------------------------------------
[Epoch : 9/20]
Pr_Src_cls_loss	: 1.1404
Total_loss	: 1.2407
Ent Loss	: -0.0700
Src_cls_loss	: 0.9707
Neighbors Clustering 	: 0.3399
-------------------------------------
[Epoch : 10/20]
Pr_Src_cls_loss	: 1.1404
Total_loss	: 1.2188
Ent Loss	: -0.0700
Src_cls_loss	: 0.9549
Neighbors Clustering 	: 0.3339
-------------------------------------
[Epoch : 11/20]
Pr_Src_cls_loss	: 1.1404
Total_loss	: 1.1977
Ent Loss	: -0.0700
Src_cls_loss	: 0.9392
Neighbors Clustering 	: 0.3284
-------------------------------------
[Epoch : 12/20]
Pr_Src_cls_loss	: 1.1404
Total_loss	: 1.1772
Ent Loss	: -0.0700
Src_cls_loss	: 0.9239
Neighbors Clustering 	: 0.3233
-------------------------------------
[Epoch : 13/20]
Pr_Src_cls_loss	: 1.1404
Total_loss	: 1.1572
Ent Loss	: -0.0700
Src_cls_loss	: 0.9088
Neighbors Clustering 	: 0.3185
-------------------------------------
[Epoch : 14/20]
Pr_Src_cls_loss	: 1.1404
Total_loss	: 1.1380
Ent Loss	: -0.0700
Src_cls_loss	: 0.8939
Neighbors Clustering 	: 0.3141
-------------------------------------
[Epoch : 15/20]
Pr_Src_cls_loss	: 1.1404
Total_loss	: 1.1194
Ent Loss	: -0.0700
Src_cls_loss	: 0.8794
Neighbors Clustering 	: 0.3099
-------------------------------------
[Epoch : 16/20]
Pr_Src_cls_loss	: 1.1404
Total_loss	: 1.1013
Ent Loss	: -0.0700
Src_cls_loss	: 0.8651
Neighbors Clustering 	: 0.3062
-------------------------------------
[Epoch : 17/20]
Pr_Src_cls_loss	: 1.1404
Total_loss	: 1.0838
Ent Loss	: -0.0700
Src_cls_loss	: 0.8511
Neighbors Clustering 	: 0.3027
-------------------------------------
[Epoch : 18/20]
Pr_Src_cls_loss	: 1.1404
Total_loss	: 1.0668
Ent Loss	: -0.0700
Src_cls_loss	: 0.8374
Neighbors Clustering 	: 0.2994
-------------------------------------
[Epoch : 19/20]
Pr_Src_cls_loss	: 1.1404
Total_loss	: 1.0501
Ent Loss	: -0.0700
Src_cls_loss	: 0.8240
Neighbors Clustering 	: 0.2962
-------------------------------------
[Epoch : 20/20]
Pr_Src_cls_loss	: 1.1404
Total_loss	: 1.0342
Ent Loss	: -0.0700
Src_cls_loss	: 0.8108
Neighbors Clustering 	: 0.2933
-------------------------------------
/mnt/data/home/tp2474/OpenSet-AdaTime/algorithms/algorithms.py:870: UserWarning: Implicit dimension choice for softmax has been deprecated. Change the call to include dim=X as an argument.
  predictions = F.softmax(self.classifier(features))
/mnt/data/home/tp2474/OpenSet-AdaTime/trainers/abstract_trainer.py:331: FutureWarning: The behavior of DataFrame concatenation with empty or all-NA entries is deprecated. In a future version, this will no longer exclude empty or all-NA columns when determining the result dtypes. To retain the old behavior, exclude the relevant entries before the concat operation.
  table = pd.concat([table, results_df], ignore_index=True)
H_score: 0.0000, OS* (acc_c): 0.0000, UNK (acc_p): 0.0000, acc_mix: 0.0000, F1: 0.0000
Uploading logs from: /mnt/data/home/tp2474/OpenSet-AdaTime/experiments_logs/Pamap2 to mhealth_closed_set/DANCE_closed_set/Pamap2_to_mhealth_run_0
🏃 View run DANCE_run_0 at: http://127.0.0.1:5001/#/experiments/297438354379357924/runs/018819f9e8344a9f95f59c5a434553a0
🧪 View experiment at: http://127.0.0.1:5001/#/experiments/297438354379357924
=============================================
Dataset: Pamap2 to mhealth_closed_set
Method:  DANCE
=============================================
Source: Pamap2 ---> Target: mhealth
Run ID: 1
=============================================
[Pr Epoch : 1/20]
Pr_Src_cls_loss	: 1.2038
-------------------------------------
[Pr Epoch : 2/20]
Pr_Src_cls_loss	: 1.1852
-------------------------------------
[Pr Epoch : 3/20]
Pr_Src_cls_loss	: 1.1752
-------------------------------------
[Pr Epoch : 4/20]
Pr_Src_cls_loss	: 1.1680
-------------------------------------
[Pr Epoch : 5/20]
Pr_Src_cls_loss	: 1.1623
-------------------------------------
[Pr Epoch : 6/20]
Pr_Src_cls_loss	: 1.1575
-------------------------------------
[Pr Epoch : 7/20]
Pr_Src_cls_loss	: 1.1536
-------------------------------------
[Pr Epoch : 8/20]
Pr_Src_cls_loss	: 1.1502
-------------------------------------
[Pr Epoch : 9/20]
Pr_Src_cls_loss	: 1.1472
-------------------------------------
[Pr Epoch : 10/20]
Pr_Src_cls_loss	: 1.1446
-------------------------------------
[Pr Epoch : 11/20]
Pr_Src_cls_loss	: 1.1423
-------------------------------------
[Pr Epoch : 12/20]
Pr_Src_cls_loss	: 1.1402
-------------------------------------
[Pr Epoch : 13/20]
Pr_Src_cls_loss	: 1.1384
-------------------------------------
[Pr Epoch : 14/20]
Pr_Src_cls_loss	: 1.1367
-------------------------------------
[Pr Epoch : 15/20]
Pr_Src_cls_loss	: 1.1352
-------------------------------------
[Pr Epoch : 16/20]
Pr_Src_cls_loss	: 1.1337
-------------------------------------
[Pr Epoch : 17/20]
Pr_Src_cls_loss	: 1.1325
-------------------------------------
[Pr Epoch : 18/20]
Pr_Src_cls_loss	: 1.1313
-------------------------------------
[Pr Epoch : 19/20]
Pr_Src_cls_loss	: 1.1301
-------------------------------------
[Pr Epoch : 20/20]
Pr_Src_cls_loss	: 1.1291
-------------------------------------
[Epoch : 1/20]
Pr_Src_cls_loss	: 1.1291
Total_loss	: 1.4421
Ent Loss	: -0.0700
Src_cls_loss	: 1.0923
Neighbors Clustering 	: 0.4198
-------------------------------------
[Epoch : 2/20]
Pr_Src_cls_loss	: 1.1291
Total_loss	: 1.4167
Ent Loss	: -0.0700
Src_cls_loss	: 1.0754
Neighbors Clustering 	: 0.4113
-------------------------------------
[Epoch : 3/20]
Pr_Src_cls_loss	: 1.1291
Total_loss	: 1.3872
Ent Loss	: -0.0700
Src_cls_loss	: 1.0587
Neighbors Clustering 	: 0.3985
-------------------------------------
[Epoch : 4/20]
Pr_Src_cls_loss	: 1.1291
Total_loss	: 1.3596
Ent Loss	: -0.0700
Src_cls_loss	: 1.0417
Neighbors Clustering 	: 0.3879
-------------------------------------
[Epoch : 5/20]
Pr_Src_cls_loss	: 1.1291
Total_loss	: 1.3335
Ent Loss	: -0.0700
Src_cls_loss	: 1.0249
Neighbors Clustering 	: 0.3786
-------------------------------------
[Epoch : 6/20]
Pr_Src_cls_loss	: 1.1291
Total_loss	: 1.3085
Ent Loss	: -0.0700
Src_cls_loss	: 1.0081
Neighbors Clustering 	: 0.3703
-------------------------------------
[Epoch : 7/20]
Pr_Src_cls_loss	: 1.1291
Total_loss	: 1.2844
Ent Loss	: -0.0700
Src_cls_loss	: 0.9917
Neighbors Clustering 	: 0.3627
-------------------------------------
[Epoch : 8/20]
Pr_Src_cls_loss	: 1.1291
Total_loss	: 1.2611
Ent Loss	: -0.0700
Src_cls_loss	: 0.9754
Neighbors Clustering 	: 0.3557
-------------------------------------
[Epoch : 9/20]
Pr_Src_cls_loss	: 1.1291
Total_loss	: 1.2386
Ent Loss	: -0.0700
Src_cls_loss	: 0.9595
Neighbors Clustering 	: 0.3492
-------------------------------------
[Epoch : 10/20]
Pr_Src_cls_loss	: 1.1291
Total_loss	: 1.2171
Ent Loss	: -0.0700
Src_cls_loss	: 0.9437
Neighbors Clustering 	: 0.3434
-------------------------------------
[Epoch : 11/20]
Pr_Src_cls_loss	: 1.1291
Total_loss	: 1.1965
Ent Loss	: -0.0700
Src_cls_loss	: 0.9283
Neighbors Clustering 	: 0.3382
-------------------------------------
[Epoch : 12/20]
Pr_Src_cls_loss	: 1.1291
Total_loss	: 1.1763
Ent Loss	: -0.0700
Src_cls_loss	: 0.9131
Neighbors Clustering 	: 0.3333
-------------------------------------
[Epoch : 13/20]
Pr_Src_cls_loss	: 1.1291
Total_loss	: 1.1566
Ent Loss	: -0.0700
Src_cls_loss	: 0.8981
Neighbors Clustering 	: 0.3285
-------------------------------------
[Epoch : 14/20]
Pr_Src_cls_loss	: 1.1291
Total_loss	: 1.1374
Ent Loss	: -0.0700
Src_cls_loss	: 0.8834
Neighbors Clustering 	: 0.3240
-------------------------------------
[Epoch : 15/20]
Pr_Src_cls_loss	: 1.1291
Total_loss	: 1.1188
Ent Loss	: -0.0700
Src_cls_loss	: 0.8691
Neighbors Clustering 	: 0.3197
-------------------------------------
[Epoch : 16/20]
Pr_Src_cls_loss	: 1.1291
Total_loss	: 1.1008
Ent Loss	: -0.0700
Src_cls_loss	: 0.8550
Neighbors Clustering 	: 0.3158
-------------------------------------
[Epoch : 17/20]
Pr_Src_cls_loss	: 1.1291
Total_loss	: 1.0832
Ent Loss	: -0.0700
Src_cls_loss	: 0.8411
Neighbors Clustering 	: 0.3121
-------------------------------------
[Epoch : 18/20]
Pr_Src_cls_loss	: 1.1291
Total_loss	: 1.0660
Ent Loss	: -0.0700
Src_cls_loss	: 0.8275
Neighbors Clustering 	: 0.3085
-------------------------------------
[Epoch : 19/20]
Pr_Src_cls_loss	: 1.1291
Total_loss	: 1.0494
Ent Loss	: -0.0700
Src_cls_loss	: 0.8142
Neighbors Clustering 	: 0.3052
-------------------------------------
[Epoch : 20/20]
Pr_Src_cls_loss	: 1.1291
Total_loss	: 1.0333
Ent Loss	: -0.0700
Src_cls_loss	: 0.8013
Neighbors Clustering 	: 0.3021
-------------------------------------
H_score: 0.0000, OS* (acc_c): 0.0000, UNK (acc_p): 0.0000, acc_mix: 0.0000, F1: 0.0000
Uploading logs from: /mnt/data/home/tp2474/OpenSet-AdaTime/experiments_logs/Pamap2 to mhealth_closed_set/DANCE_closed_set/Pamap2_to_mhealth_run_1
🏃 View run DANCE_run_1 at: http://127.0.0.1:5001/#/experiments/297438354379357924/runs/a0fd3859f5684370b0df8910190fb886
🧪 View experiment at: http://127.0.0.1:5001/#/experiments/297438354379357924
=============================================
Dataset: Pamap2 to mhealth_closed_set
Method:  DANCE
=============================================
Source: Pamap2 ---> Target: mhealth
Run ID: 2
=============================================
[Pr Epoch : 1/20]
Pr_Src_cls_loss	: 1.2109
-------------------------------------
[Pr Epoch : 2/20]
Pr_Src_cls_loss	: 1.1945
-------------------------------------
[Pr Epoch : 3/20]
Pr_Src_cls_loss	: 1.1857
-------------------------------------
[Pr Epoch : 4/20]
Pr_Src_cls_loss	: 1.1794
-------------------------------------
[Pr Epoch : 5/20]
Pr_Src_cls_loss	: 1.1742
-------------------------------------
[Pr Epoch : 6/20]
Pr_Src_cls_loss	: 1.1699
-------------------------------------
[Pr Epoch : 7/20]
Pr_Src_cls_loss	: 1.1663
-------------------------------------
[Pr Epoch : 8/20]
Pr_Src_cls_loss	: 1.1633
-------------------------------------
[Pr Epoch : 9/20]
Pr_Src_cls_loss	: 1.1605
-------------------------------------
[Pr Epoch : 10/20]
Pr_Src_cls_loss	: 1.1582
-------------------------------------
[Pr Epoch : 11/20]
Pr_Src_cls_loss	: 1.1562
-------------------------------------
[Pr Epoch : 12/20]
Pr_Src_cls_loss	: 1.1543
-------------------------------------
[Pr Epoch : 13/20]
Pr_Src_cls_loss	: 1.1526
-------------------------------------
[Pr Epoch : 14/20]
Pr_Src_cls_loss	: 1.1512
-------------------------------------
[Pr Epoch : 15/20]
Pr_Src_cls_loss	: 1.1498
-------------------------------------
[Pr Epoch : 16/20]
Pr_Src_cls_loss	: 1.1486
-------------------------------------
[Pr Epoch : 17/20]
Pr_Src_cls_loss	: 1.1475
-------------------------------------
[Pr Epoch : 18/20]
Pr_Src_cls_loss	: 1.1465
-------------------------------------
[Pr Epoch : 19/20]
Pr_Src_cls_loss	: 1.1456
-------------------------------------
[Pr Epoch : 20/20]
Pr_Src_cls_loss	: 1.1448
-------------------------------------
[Epoch : 1/20]
Pr_Src_cls_loss	: 1.1448
Total_loss	: 1.4544
Ent Loss	: -0.0700
Src_cls_loss	: 1.1116
Neighbors Clustering 	: 0.4128
-------------------------------------
[Epoch : 2/20]
Pr_Src_cls_loss	: 1.1448
Total_loss	: 1.4349
Ent Loss	: -0.0700
Src_cls_loss	: 1.0947
Neighbors Clustering 	: 0.4102
-------------------------------------
[Epoch : 3/20]
Pr_Src_cls_loss	: 1.1448
Total_loss	: 1.4079
Ent Loss	: -0.0700
Src_cls_loss	: 1.0778
Neighbors Clustering 	: 0.4001
-------------------------------------
[Epoch : 4/20]
Pr_Src_cls_loss	: 1.1448
Total_loss	: 1.3816
Ent Loss	: -0.0700
Src_cls_loss	: 1.0608
Neighbors Clustering 	: 0.3908
-------------------------------------
[Epoch : 5/20]
Pr_Src_cls_loss	: 1.1448
Total_loss	: 1.3562
Ent Loss	: -0.0700
Src_cls_loss	: 1.0440
Neighbors Clustering 	: 0.3822
-------------------------------------
[Epoch : 6/20]
Pr_Src_cls_loss	: 1.1448
Total_loss	: 1.3313
Ent Loss	: -0.0700
Src_cls_loss	: 1.0273
Neighbors Clustering 	: 0.3740
-------------------------------------
[Epoch : 7/20]
Pr_Src_cls_loss	: 1.1448
Total_loss	: 1.3074
Ent Loss	: -0.0700
Src_cls_loss	: 1.0107
Neighbors Clustering 	: 0.3667
-------------------------------------
[Epoch : 8/20]
Pr_Src_cls_loss	: 1.1448
Total_loss	: 1.2845
Ent Loss	: -0.0700
Src_cls_loss	: 0.9944
Neighbors Clustering 	: 0.3601
-------------------------------------
[Epoch : 9/20]
Pr_Src_cls_loss	: 1.1448
Total_loss	: 1.2622
Ent Loss	: -0.0700
Src_cls_loss	: 0.9782
Neighbors Clustering 	: 0.3541
-------------------------------------
[Epoch : 10/20]
Pr_Src_cls_loss	: 1.1448
Total_loss	: 1.2409
Ent Loss	: -0.0700
Src_cls_loss	: 0.9622
Neighbors Clustering 	: 0.3487
-------------------------------------
[Epoch : 11/20]
Pr_Src_cls_loss	: 1.1448
Total_loss	: 1.2202
Ent Loss	: -0.0700
Src_cls_loss	: 0.9465
Neighbors Clustering 	: 0.3438
-------------------------------------
[Epoch : 12/20]
Pr_Src_cls_loss	: 1.1448
Total_loss	: 1.2001
Ent Loss	: -0.0700
Src_cls_loss	: 0.9310
Neighbors Clustering 	: 0.3391
-------------------------------------
[Epoch : 13/20]
Pr_Src_cls_loss	: 1.1448
Total_loss	: 1.1805
Ent Loss	: -0.0700
Src_cls_loss	: 0.9158
Neighbors Clustering 	: 0.3347
-------------------------------------
[Epoch : 14/20]
Pr_Src_cls_loss	: 1.1448
Total_loss	: 1.1613
Ent Loss	: -0.0700
Src_cls_loss	: 0.9008
Neighbors Clustering 	: 0.3304
-------------------------------------
[Epoch : 15/20]
Pr_Src_cls_loss	: 1.1448
Total_loss	: 1.1425
Ent Loss	: -0.0700
Src_cls_loss	: 0.8862
Neighbors Clustering 	: 0.3264
-------------------------------------
[Epoch : 16/20]
Pr_Src_cls_loss	: 1.1448
Total_loss	: 1.1243
Ent Loss	: -0.0700
Src_cls_loss	: 0.8717
Neighbors Clustering 	: 0.3226
-------------------------------------
[Epoch : 17/20]
Pr_Src_cls_loss	: 1.1448
Total_loss	: 1.1067
Ent Loss	: -0.0700
Src_cls_loss	: 0.8576
Neighbors Clustering 	: 0.3191
-------------------------------------
[Epoch : 18/20]
Pr_Src_cls_loss	: 1.1448
Total_loss	: 1.0894
Ent Loss	: -0.0700
Src_cls_loss	: 0.8438
Neighbors Clustering 	: 0.3156
-------------------------------------
[Epoch : 19/20]
Pr_Src_cls_loss	: 1.1448
Total_loss	: 1.0726
Ent Loss	: -0.0700
Src_cls_loss	: 0.8303
Neighbors Clustering 	: 0.3123
-------------------------------------
[Epoch : 20/20]
Pr_Src_cls_loss	: 1.1448
Total_loss	: 1.0563
Ent Loss	: -0.0700
Src_cls_loss	: 0.8171
Neighbors Clustering 	: 0.3092
-------------------------------------
H_score: 0.0000, OS* (acc_c): 0.0000, UNK (acc_p): 0.0000, acc_mix: 0.0000, F1: 0.0000
Uploading logs from: /mnt/data/home/tp2474/OpenSet-AdaTime/experiments_logs/Pamap2 to mhealth_closed_set/DANCE_closed_set/Pamap2_to_mhealth_run_2
🏃 View run DANCE_run_2 at: http://127.0.0.1:5001/#/experiments/297438354379357924/runs/cb9e93a0b4b24fe5941095a2963cbb62
🧪 View experiment at: http://127.0.0.1:5001/#/experiments/297438354379357924
=============================================
Dataset: Pamap2 to mhealth_closed_set
Method:  DANCE
=============================================
Source: Pamap2 ---> Target: mhealth
Run ID: 3
=============================================
[Pr Epoch : 1/20]
Pr_Src_cls_loss	: 1.2097
-------------------------------------
[Pr Epoch : 2/20]
Pr_Src_cls_loss	: 1.1933
-------------------------------------
[Pr Epoch : 3/20]
Pr_Src_cls_loss	: 1.1840
-------------------------------------
[Pr Epoch : 4/20]
Pr_Src_cls_loss	: 1.1774
-------------------------------------
[Pr Epoch : 5/20]
Pr_Src_cls_loss	: 1.1722
-------------------------------------
[Pr Epoch : 6/20]
Pr_Src_cls_loss	: 1.1680
-------------------------------------
[Pr Epoch : 7/20]
Pr_Src_cls_loss	: 1.1644
-------------------------------------
[Pr Epoch : 8/20]
Pr_Src_cls_loss	: 1.1614
-------------------------------------
[Pr Epoch : 9/20]
Pr_Src_cls_loss	: 1.1587
-------------------------------------
[Pr Epoch : 10/20]
Pr_Src_cls_loss	: 1.1562
-------------------------------------
[Pr Epoch : 11/20]
Pr_Src_cls_loss	: 1.1540
-------------------------------------
[Pr Epoch : 12/20]
Pr_Src_cls_loss	: 1.1520
-------------------------------------
[Pr Epoch : 13/20]
Pr_Src_cls_loss	: 1.1502
-------------------------------------
[Pr Epoch : 14/20]
Pr_Src_cls_loss	: 1.1486
-------------------------------------
[Pr Epoch : 15/20]
Pr_Src_cls_loss	: 1.1472
-------------------------------------
[Pr Epoch : 16/20]
Pr_Src_cls_loss	: 1.1459
-------------------------------------
[Pr Epoch : 17/20]
Pr_Src_cls_loss	: 1.1447
-------------------------------------
[Pr Epoch : 18/20]
Pr_Src_cls_loss	: 1.1436
-------------------------------------
[Pr Epoch : 19/20]
Pr_Src_cls_loss	: 1.1426
-------------------------------------
[Pr Epoch : 20/20]
Pr_Src_cls_loss	: 1.1417
-------------------------------------
[Epoch : 1/20]
Pr_Src_cls_loss	: 1.1417
Total_loss	: 1.4494
Ent Loss	: -0.0700
Src_cls_loss	: 1.1065
Neighbors Clustering 	: 0.4129
-------------------------------------
[Epoch : 2/20]
Pr_Src_cls_loss	: 1.1417
Total_loss	: 1.4264
Ent Loss	: -0.0700
Src_cls_loss	: 1.0900
Neighbors Clustering 	: 0.4064
-------------------------------------
[Epoch : 3/20]
Pr_Src_cls_loss	: 1.1417
Total_loss	: 1.3980
Ent Loss	: -0.0700
Src_cls_loss	: 1.0734
Neighbors Clustering 	: 0.3946
-------------------------------------
[Epoch : 4/20]
Pr_Src_cls_loss	: 1.1417
Total_loss	: 1.3706
Ent Loss	: -0.0700
Src_cls_loss	: 1.0566
Neighbors Clustering 	: 0.3839
-------------------------------------
[Epoch : 5/20]
Pr_Src_cls_loss	: 1.1417
Total_loss	: 1.3444
Ent Loss	: -0.0700
Src_cls_loss	: 1.0398
Neighbors Clustering 	: 0.3746
-------------------------------------
[Epoch : 6/20]
Pr_Src_cls_loss	: 1.1417
Total_loss	: 1.3192
Ent Loss	: -0.0700
Src_cls_loss	: 1.0230
Neighbors Clustering 	: 0.3662
-------------------------------------
[Epoch : 7/20]
Pr_Src_cls_loss	: 1.1417
Total_loss	: 1.2953
Ent Loss	: -0.0700
Src_cls_loss	: 1.0065
Neighbors Clustering 	: 0.3589
-------------------------------------
[Epoch : 8/20]
Pr_Src_cls_loss	: 1.1417
Total_loss	: 1.2720
Ent Loss	: -0.0700
Src_cls_loss	: 0.9899
Neighbors Clustering 	: 0.3521
-------------------------------------
[Epoch : 9/20]
Pr_Src_cls_loss	: 1.1417
Total_loss	: 1.2496
Ent Loss	: -0.0700
Src_cls_loss	: 0.9737
Neighbors Clustering 	: 0.3459
-------------------------------------
[Epoch : 10/20]
Pr_Src_cls_loss	: 1.1417
Total_loss	: 1.2278
Ent Loss	: -0.0700
Src_cls_loss	: 0.9578
Neighbors Clustering 	: 0.3400
-------------------------------------
[Epoch : 11/20]
Pr_Src_cls_loss	: 1.1417
Total_loss	: 1.2066
Ent Loss	: -0.0700
Src_cls_loss	: 0.9421
Neighbors Clustering 	: 0.3345
-------------------------------------
[Epoch : 12/20]
Pr_Src_cls_loss	: 1.1417
Total_loss	: 1.1861
Ent Loss	: -0.0700
Src_cls_loss	: 0.9267
Neighbors Clustering 	: 0.3294
-------------------------------------
[Epoch : 13/20]
Pr_Src_cls_loss	: 1.1417
Total_loss	: 1.1663
Ent Loss	: -0.0700
Src_cls_loss	: 0.9115
Neighbors Clustering 	: 0.3248
-------------------------------------
[Epoch : 14/20]
Pr_Src_cls_loss	: 1.1417
Total_loss	: 1.1470
Ent Loss	: -0.0700
Src_cls_loss	: 0.8967
Neighbors Clustering 	: 0.3203
-------------------------------------
[Epoch : 15/20]
Pr_Src_cls_loss	: 1.1417
Total_loss	: 1.1282
Ent Loss	: -0.0700
Src_cls_loss	: 0.8822
Neighbors Clustering 	: 0.3161
-------------------------------------
[Epoch : 16/20]
Pr_Src_cls_loss	: 1.1417
Total_loss	: 1.1100
Ent Loss	: -0.0700
Src_cls_loss	: 0.8678
Neighbors Clustering 	: 0.3121
-------------------------------------
[Epoch : 17/20]
Pr_Src_cls_loss	: 1.1417
Total_loss	: 1.0923
Ent Loss	: -0.0700
Src_cls_loss	: 0.8539
Neighbors Clustering 	: 0.3084
-------------------------------------
[Epoch : 18/20]
Pr_Src_cls_loss	: 1.1417
Total_loss	: 1.0751
Ent Loss	: -0.0700
Src_cls_loss	: 0.8402
Neighbors Clustering 	: 0.3049
-------------------------------------
[Epoch : 19/20]
Pr_Src_cls_loss	: 1.1417
Total_loss	: 1.0582
Ent Loss	: -0.0700
Src_cls_loss	: 0.8267
Neighbors Clustering 	: 0.3015
-------------------------------------
[Epoch : 20/20]
Pr_Src_cls_loss	: 1.1417
Total_loss	: 1.0418
Ent Loss	: -0.0700
Src_cls_loss	: 0.8136
Neighbors Clustering 	: 0.2982
-------------------------------------
H_score: 0.0000, OS* (acc_c): 0.0000, UNK (acc_p): 0.0000, acc_mix: 0.0000, F1: 0.0000
Uploading logs from: /mnt/data/home/tp2474/OpenSet-AdaTime/experiments_logs/Pamap2 to mhealth_closed_set/DANCE_closed_set/Pamap2_to_mhealth_run_3
🏃 View run DANCE_run_3 at: http://127.0.0.1:5001/#/experiments/297438354379357924/runs/417d954db77647e1a27e1b3240ce7ebf
🧪 View experiment at: http://127.0.0.1:5001/#/experiments/297438354379357924
=============================================
Dataset: Pamap2 to mhealth_closed_set
Method:  DANCE
=============================================
Source: Pamap2 ---> Target: mhealth
Run ID: 4
=============================================
[Pr Epoch : 1/20]
Pr_Src_cls_loss	: 1.2074
-------------------------------------
[Pr Epoch : 2/20]
Pr_Src_cls_loss	: 1.1895
-------------------------------------
[Pr Epoch : 3/20]
Pr_Src_cls_loss	: 1.1802
-------------------------------------
[Pr Epoch : 4/20]
Pr_Src_cls_loss	: 1.1733
-------------------------------------
[Pr Epoch : 5/20]
Pr_Src_cls_loss	: 1.1679
-------------------------------------
[Pr Epoch : 6/20]
Pr_Src_cls_loss	: 1.1634
-------------------------------------
[Pr Epoch : 7/20]
Pr_Src_cls_loss	: 1.1597
-------------------------------------
[Pr Epoch : 8/20]
Pr_Src_cls_loss	: 1.1566
-------------------------------------
[Pr Epoch : 9/20]
Pr_Src_cls_loss	: 1.1538
-------------------------------------
[Pr Epoch : 10/20]
Pr_Src_cls_loss	: 1.1514
-------------------------------------
[Pr Epoch : 11/20]
Pr_Src_cls_loss	: 1.1492
-------------------------------------
[Pr Epoch : 12/20]
Pr_Src_cls_loss	: 1.1473
-------------------------------------
[Pr Epoch : 13/20]
Pr_Src_cls_loss	: 1.1455
-------------------------------------
[Pr Epoch : 14/20]
Pr_Src_cls_loss	: 1.1439
-------------------------------------
[Pr Epoch : 15/20]
Pr_Src_cls_loss	: 1.1425
-------------------------------------
[Pr Epoch : 16/20]
Pr_Src_cls_loss	: 1.1412
-------------------------------------
[Pr Epoch : 17/20]
Pr_Src_cls_loss	: 1.1401
-------------------------------------
[Pr Epoch : 18/20]
Pr_Src_cls_loss	: 1.1390
-------------------------------------
[Pr Epoch : 19/20]
Pr_Src_cls_loss	: 1.1380
-------------------------------------
[Pr Epoch : 20/20]
Pr_Src_cls_loss	: 1.1370
-------------------------------------
[Epoch : 1/20]
Pr_Src_cls_loss	: 1.1370
Total_loss	: 1.4496
Ent Loss	: -0.0700
Src_cls_loss	: 1.1025
Neighbors Clustering 	: 0.4171
-------------------------------------
[Epoch : 2/20]
Pr_Src_cls_loss	: 1.1370
Total_loss	: 1.4215
Ent Loss	: -0.0700
Src_cls_loss	: 1.0857
Neighbors Clustering 	: 0.4058
-------------------------------------
[Epoch : 3/20]
Pr_Src_cls_loss	: 1.1370
Total_loss	: 1.3926
Ent Loss	: -0.0700
Src_cls_loss	: 1.0688
Neighbors Clustering 	: 0.3938
-------------------------------------
[Epoch : 4/20]
Pr_Src_cls_loss	: 1.1370
Total_loss	: 1.3648
Ent Loss	: -0.0700
Src_cls_loss	: 1.0519
Neighbors Clustering 	: 0.3829
-------------------------------------
[Epoch : 5/20]
Pr_Src_cls_loss	: 1.1370
Total_loss	: 1.3384
Ent Loss	: -0.0700
Src_cls_loss	: 1.0351
Neighbors Clustering 	: 0.3733
-------------------------------------
[Epoch : 6/20]
Pr_Src_cls_loss	: 1.1370
Total_loss	: 1.3130
Ent Loss	: -0.0700
Src_cls_loss	: 1.0184
Neighbors Clustering 	: 0.3645
-------------------------------------
[Epoch : 7/20]
Pr_Src_cls_loss	: 1.1370
Total_loss	: 1.2886
Ent Loss	: -0.0700
Src_cls_loss	: 1.0020
Neighbors Clustering 	: 0.3567
-------------------------------------
[Epoch : 8/20]
Pr_Src_cls_loss	: 1.1370
Total_loss	: 1.2653
Ent Loss	: -0.0700
Src_cls_loss	: 0.9856
Neighbors Clustering 	: 0.3496
-------------------------------------
[Epoch : 9/20]
Pr_Src_cls_loss	: 1.1370
Total_loss	: 1.2427
Ent Loss	: -0.0700
Src_cls_loss	: 0.9695
Neighbors Clustering 	: 0.3432
-------------------------------------
[Epoch : 10/20]
Pr_Src_cls_loss	: 1.1370
Total_loss	: 1.2211
Ent Loss	: -0.0700
Src_cls_loss	: 0.9536
Neighbors Clustering 	: 0.3375
-------------------------------------
[Epoch : 11/20]
Pr_Src_cls_loss	: 1.1370
Total_loss	: 1.2003
Ent Loss	: -0.0700
Src_cls_loss	: 0.9381
Neighbors Clustering 	: 0.3322
-------------------------------------
[Epoch : 12/20]
Pr_Src_cls_loss	: 1.1370
Total_loss	: 1.1801
Ent Loss	: -0.0700
Src_cls_loss	: 0.9228
Neighbors Clustering 	: 0.3273
-------------------------------------
[Epoch : 13/20]
Pr_Src_cls_loss	: 1.1370
Total_loss	: 1.1604
Ent Loss	: -0.0700
Src_cls_loss	: 0.9078
Neighbors Clustering 	: 0.3226
-------------------------------------
[Epoch : 14/20]
Pr_Src_cls_loss	: 1.1370
Total_loss	: 1.1413
Ent Loss	: -0.0700
Src_cls_loss	: 0.8930
Neighbors Clustering 	: 0.3183
-------------------------------------
[Epoch : 15/20]
Pr_Src_cls_loss	: 1.1370
Total_loss	: 1.1228
Ent Loss	: -0.0700
Src_cls_loss	: 0.8785
Neighbors Clustering 	: 0.3143
-------------------------------------
[Epoch : 16/20]
Pr_Src_cls_loss	: 1.1370
Total_loss	: 1.1048
Ent Loss	: -0.0700
Src_cls_loss	: 0.8643
Neighbors Clustering 	: 0.3105
-------------------------------------
[Epoch : 17/20]
Pr_Src_cls_loss	: 1.1370
Total_loss	: 1.0876
Ent Loss	: -0.0700
Src_cls_loss	: 0.8504
Neighbors Clustering 	: 0.3072
-------------------------------------
[Epoch : 18/20]
Pr_Src_cls_loss	: 1.1370
Total_loss	: 1.0707
Ent Loss	: -0.0700
Src_cls_loss	: 0.8368
Neighbors Clustering 	: 0.3039
-------------------------------------
[Epoch : 19/20]
Pr_Src_cls_loss	: 1.1370
Total_loss	: 1.0544
Ent Loss	: -0.0700
Src_cls_loss	: 0.8236
Neighbors Clustering 	: 0.3009
-------------------------------------
[Epoch : 20/20]
Pr_Src_cls_loss	: 1.1370
Total_loss	: 1.0384
Ent Loss	: -0.0700
Src_cls_loss	: 0.8105
Neighbors Clustering 	: 0.2979
-------------------------------------
H_score: 0.0000, OS* (acc_c): 0.0000, UNK (acc_p): 0.0000, acc_mix: 0.0000, F1: 0.0000
Uploading logs from: /mnt/data/home/tp2474/OpenSet-AdaTime/experiments_logs/Pamap2 to mhealth_closed_set/DANCE_closed_set/Pamap2_to_mhealth_run_4
🏃 View run DANCE_run_4 at: http://127.0.0.1:5001/#/experiments/297438354379357924/runs/517779d3d7d1403c86c85eb7dd4ca20e
🧪 View experiment at: http://127.0.0.1:5001/#/experiments/297438354379357924
Running: Source=mhealth -> Target=RealWorld
[scenario] DANCE -> UniDA (uniDA=True)
Unlabeled data shape:  (26209, 150, 18)
Unlabelled Combined shape: (45172, 150, 18)

--- Dataloader Size Check ---
Source Train batches:   18
Target Train batches:   409
-------------------------------

Private classes:  tensor([])
=============================================
Dataset: mhealth to RealWorld_closed_set
Method:  DANCE
=============================================
Source: mhealth ---> Target: RealWorld
Run ID: 0
=============================================
[Pr Epoch : 1/20]
Pr_Src_cls_loss	: 1.2346
-------------------------------------
[Pr Epoch : 2/20]
Pr_Src_cls_loss	: 1.2100
-------------------------------------
[Pr Epoch : 3/20]
Pr_Src_cls_loss	: 1.1988
-------------------------------------
[Pr Epoch : 4/20]
Pr_Src_cls_loss	: 1.1920
-------------------------------------
[Pr Epoch : 5/20]
Pr_Src_cls_loss	: 1.1872
-------------------------------------
[Pr Epoch : 6/20]
Pr_Src_cls_loss	: 1.1835
-------------------------------------
[Pr Epoch : 7/20]
Pr_Src_cls_loss	: 1.1804
-------------------------------------
[Pr Epoch : 8/20]
Pr_Src_cls_loss	: 1.1776
-------------------------------------
[Pr Epoch : 9/20]
Pr_Src_cls_loss	: 1.1751
-------------------------------------
[Pr Epoch : 10/20]
Pr_Src_cls_loss	: 1.1729
-------------------------------------
[Pr Epoch : 11/20]
Pr_Src_cls_loss	: 1.1709
-------------------------------------
[Pr Epoch : 12/20]
Pr_Src_cls_loss	: 1.1691
-------------------------------------
[Pr Epoch : 13/20]
Pr_Src_cls_loss	: 1.1673
-------------------------------------
[Pr Epoch : 14/20]
Pr_Src_cls_loss	: 1.1658
-------------------------------------
[Pr Epoch : 15/20]
Pr_Src_cls_loss	: 1.1643
-------------------------------------
[Pr Epoch : 16/20]
Pr_Src_cls_loss	: 1.1630
-------------------------------------
[Pr Epoch : 17/20]
Pr_Src_cls_loss	: 1.1617
-------------------------------------
[Pr Epoch : 18/20]
Pr_Src_cls_loss	: 1.1605
-------------------------------------
[Pr Epoch : 19/20]
Pr_Src_cls_loss	: 1.1593
-------------------------------------
[Pr Epoch : 20/20]
Pr_Src_cls_loss	: 1.1583
-------------------------------------
/mnt/data/home/tp2474/OpenSet-AdaTime/algorithms/algorithms.py:733: UserWarning: Implicit dimension choice for softmax has been deprecated. Change the call to include dim=X as an argument.
  p = F.softmax(p)
/mnt/data/home/tp2474/OpenSet-AdaTime/algorithms/algorithms.py:737: UserWarning: Implicit dimension choice for softmax has been deprecated. Change the call to include dim=X as an argument.
  p = F.softmax(p)
[Epoch : 1/20]
Pr_Src_cls_loss	: 1.1583
Total_loss	: 1.4822
Ent Loss	: -0.0700
Src_cls_loss	: 1.1315
Neighbors Clustering 	: 0.4207
-------------------------------------
[Epoch : 2/20]
Pr_Src_cls_loss	: 1.1583
Total_loss	: 1.5130
Ent Loss	: -0.0700
Src_cls_loss	: 1.1253
Neighbors Clustering 	: 0.4577
-------------------------------------
[Epoch : 3/20]
Pr_Src_cls_loss	: 1.1583
Total_loss	: 1.5292
Ent Loss	: -0.0700
Src_cls_loss	: 1.1191
Neighbors Clustering 	: 0.4801
-------------------------------------
[Epoch : 4/20]
Pr_Src_cls_loss	: 1.1583
Total_loss	: 1.5384
Ent Loss	: -0.0700
Src_cls_loss	: 1.1131
Neighbors Clustering 	: 0.4953
-------------------------------------
[Epoch : 5/20]
Pr_Src_cls_loss	: 1.1583
Total_loss	: 1.5427
Ent Loss	: -0.0700
Src_cls_loss	: 1.1072
Neighbors Clustering 	: 0.5055
-------------------------------------
[Epoch : 6/20]
Pr_Src_cls_loss	: 1.1583
Total_loss	: 1.5451
Ent Loss	: -0.0700
Src_cls_loss	: 1.1012
Neighbors Clustering 	: 0.5140
-------------------------------------
[Epoch : 7/20]
Pr_Src_cls_loss	: 1.1583
Total_loss	: 1.5454
Ent Loss	: -0.0700
Src_cls_loss	: 1.0952
Neighbors Clustering 	: 0.5202
-------------------------------------
[Epoch : 8/20]
Pr_Src_cls_loss	: 1.1583
Total_loss	: 1.5444
Ent Loss	: -0.0700
Src_cls_loss	: 1.0893
Neighbors Clustering 	: 0.5251
-------------------------------------
[Epoch : 9/20]
Pr_Src_cls_loss	: 1.1583
Total_loss	: 1.5422
Ent Loss	: -0.0700
Src_cls_loss	: 1.0834
Neighbors Clustering 	: 0.5288
-------------------------------------
[Epoch : 10/20]
Pr_Src_cls_loss	: 1.1583
Total_loss	: 1.5382
Ent Loss	: -0.0700
Src_cls_loss	: 1.0775
Neighbors Clustering 	: 0.5307
-------------------------------------
[Epoch : 11/20]
Pr_Src_cls_loss	: 1.1583
Total_loss	: 1.5331
Ent Loss	: -0.0700
Src_cls_loss	: 1.0717
Neighbors Clustering 	: 0.5313
-------------------------------------
[Epoch : 12/20]
Pr_Src_cls_loss	: 1.1583
Total_loss	: 1.5275
Ent Loss	: -0.0700
Src_cls_loss	: 1.0659
Neighbors Clustering 	: 0.5316
-------------------------------------
[Epoch : 13/20]
Pr_Src_cls_loss	: 1.1583
Total_loss	: 1.5214
Ent Loss	: -0.0700
Src_cls_loss	: 1.0600
Neighbors Clustering 	: 0.5314
-------------------------------------
[Epoch : 14/20]
Pr_Src_cls_loss	: 1.1583
Total_loss	: 1.5156
Ent Loss	: -0.0700
Src_cls_loss	: 1.0542
Neighbors Clustering 	: 0.5314
-------------------------------------
[Epoch : 15/20]
Pr_Src_cls_loss	: 1.1583
Total_loss	: 1.5094
Ent Loss	: -0.0700
Src_cls_loss	: 1.0483
Neighbors Clustering 	: 0.5310
-------------------------------------
[Epoch : 16/20]
Pr_Src_cls_loss	: 1.1583
Total_loss	: 1.5031
Ent Loss	: -0.0700
Src_cls_loss	: 1.0425
Neighbors Clustering 	: 0.5306
-------------------------------------
[Epoch : 17/20]
Pr_Src_cls_loss	: 1.1583
Total_loss	: 1.4968
Ent Loss	: -0.0700
Src_cls_loss	: 1.0366
Neighbors Clustering 	: 0.5302
-------------------------------------
[Epoch : 18/20]
Pr_Src_cls_loss	: 1.1583
Total_loss	: 1.4904
Ent Loss	: -0.0700
Src_cls_loss	: 1.0307
Neighbors Clustering 	: 0.5297
-------------------------------------
[Epoch : 19/20]
Pr_Src_cls_loss	: 1.1583
Total_loss	: 1.4840
Ent Loss	: -0.0700
Src_cls_loss	: 1.0249
Neighbors Clustering 	: 0.5291
-------------------------------------
[Epoch : 20/20]
Pr_Src_cls_loss	: 1.1583
Total_loss	: 1.4778
Ent Loss	: -0.0700
Src_cls_loss	: 1.0191
Neighbors Clustering 	: 0.5287
-------------------------------------
/mnt/data/home/tp2474/OpenSet-AdaTime/algorithms/algorithms.py:870: UserWarning: Implicit dimension choice for softmax has been deprecated. Change the call to include dim=X as an argument.
  predictions = F.softmax(self.classifier(features))
/mnt/data/home/tp2474/OpenSet-AdaTime/trainers/abstract_trainer.py:331: FutureWarning: The behavior of DataFrame concatenation with empty or all-NA entries is deprecated. In a future version, this will no longer exclude empty or all-NA columns when determining the result dtypes. To retain the old behavior, exclude the relevant entries before the concat operation.
  table = pd.concat([table, results_df], ignore_index=True)
H_score: 0.0000, OS* (acc_c): 0.0000, UNK (acc_p): 0.0000, acc_mix: 0.0000, F1: 0.0000
Uploading logs from: /mnt/data/home/tp2474/OpenSet-AdaTime/experiments_logs/mhealth to RealWorld_closed_set/DANCE_closed_set/mhealth_to_RealWorld_run_0
🏃 View run DANCE_run_0 at: http://127.0.0.1:5001/#/experiments/259823949667944240/runs/8e482813c4164ff0b489fde8f78302fa
🧪 View experiment at: http://127.0.0.1:5001/#/experiments/259823949667944240
=============================================
Dataset: mhealth to RealWorld_closed_set
Method:  DANCE
=============================================
Source: mhealth ---> Target: RealWorld
Run ID: 1
=============================================
[Pr Epoch : 1/20]
Pr_Src_cls_loss	: 1.2372
-------------------------------------
[Pr Epoch : 2/20]
Pr_Src_cls_loss	: 1.2106
-------------------------------------
[Pr Epoch : 3/20]
Pr_Src_cls_loss	: 1.1981
-------------------------------------
[Pr Epoch : 4/20]
Pr_Src_cls_loss	: 1.1904
-------------------------------------
[Pr Epoch : 5/20]
Pr_Src_cls_loss	: 1.1852
-------------------------------------
[Pr Epoch : 6/20]
Pr_Src_cls_loss	: 1.1814
-------------------------------------
[Pr Epoch : 7/20]
Pr_Src_cls_loss	: 1.1780
-------------------------------------
[Pr Epoch : 8/20]
Pr_Src_cls_loss	: 1.1750
-------------------------------------
[Pr Epoch : 9/20]
Pr_Src_cls_loss	: 1.1725
-------------------------------------
[Pr Epoch : 10/20]
Pr_Src_cls_loss	: 1.1702
-------------------------------------
[Pr Epoch : 11/20]
Pr_Src_cls_loss	: 1.1680
-------------------------------------
[Pr Epoch : 12/20]
Pr_Src_cls_loss	: 1.1660
-------------------------------------
[Pr Epoch : 13/20]
Pr_Src_cls_loss	: 1.1641
-------------------------------------
[Pr Epoch : 14/20]
Pr_Src_cls_loss	: 1.1624
-------------------------------------
[Pr Epoch : 15/20]
Pr_Src_cls_loss	: 1.1608
-------------------------------------
[Pr Epoch : 16/20]
Pr_Src_cls_loss	: 1.1592
-------------------------------------
[Pr Epoch : 17/20]
Pr_Src_cls_loss	: 1.1578
-------------------------------------
[Pr Epoch : 18/20]
Pr_Src_cls_loss	: 1.1564
-------------------------------------
[Pr Epoch : 19/20]
Pr_Src_cls_loss	: 1.1553
-------------------------------------
[Pr Epoch : 20/20]
Pr_Src_cls_loss	: 1.1541
-------------------------------------
[Epoch : 1/20]
Pr_Src_cls_loss	: 1.1541
Total_loss	: 1.4806
Ent Loss	: -0.0700
Src_cls_loss	: 1.1253
Neighbors Clustering 	: 0.4253
-------------------------------------
[Epoch : 2/20]
Pr_Src_cls_loss	: 1.1541
Total_loss	: 1.5118
Ent Loss	: -0.0700
Src_cls_loss	: 1.1192
Neighbors Clustering 	: 0.4626
-------------------------------------
[Epoch : 3/20]
Pr_Src_cls_loss	: 1.1541
Total_loss	: 1.5297
Ent Loss	: -0.0700
Src_cls_loss	: 1.1133
Neighbors Clustering 	: 0.4864
-------------------------------------
[Epoch : 4/20]
Pr_Src_cls_loss	: 1.1541
Total_loss	: 1.5401
Ent Loss	: -0.0700
Src_cls_loss	: 1.1072
Neighbors Clustering 	: 0.5030
-------------------------------------
[Epoch : 5/20]
Pr_Src_cls_loss	: 1.1541
Total_loss	: 1.5463
Ent Loss	: -0.0700
Src_cls_loss	: 1.1011
Neighbors Clustering 	: 0.5153
-------------------------------------
[Epoch : 6/20]
Pr_Src_cls_loss	: 1.1541
Total_loss	: 1.5494
Ent Loss	: -0.0700
Src_cls_loss	: 1.0951
Neighbors Clustering 	: 0.5243
-------------------------------------
[Epoch : 7/20]
Pr_Src_cls_loss	: 1.1541
Total_loss	: 1.5503
Ent Loss	: -0.0700
Src_cls_loss	: 1.0891
Neighbors Clustering 	: 0.5312
-------------------------------------
[Epoch : 8/20]
Pr_Src_cls_loss	: 1.1541
Total_loss	: 1.5500
Ent Loss	: -0.0700
Src_cls_loss	: 1.0833
Neighbors Clustering 	: 0.5368
-------------------------------------
[Epoch : 9/20]
Pr_Src_cls_loss	: 1.1541
Total_loss	: 1.5480
Ent Loss	: -0.0700
Src_cls_loss	: 1.0773
Neighbors Clustering 	: 0.5407
-------------------------------------
[Epoch : 10/20]
Pr_Src_cls_loss	: 1.1541
Total_loss	: 1.5443
Ent Loss	: -0.0700
Src_cls_loss	: 1.0714
Neighbors Clustering 	: 0.5429
-------------------------------------
[Epoch : 11/20]
Pr_Src_cls_loss	: 1.1541
Total_loss	: 1.5399
Ent Loss	: -0.0700
Src_cls_loss	: 1.0655
Neighbors Clustering 	: 0.5444
-------------------------------------
[Epoch : 12/20]
Pr_Src_cls_loss	: 1.1541
Total_loss	: 1.5348
Ent Loss	: -0.0700
Src_cls_loss	: 1.0596
Neighbors Clustering 	: 0.5452
-------------------------------------
[Epoch : 13/20]
Pr_Src_cls_loss	: 1.1541
Total_loss	: 1.5290
Ent Loss	: -0.0700
Src_cls_loss	: 1.0538
Neighbors Clustering 	: 0.5452
-------------------------------------
[Epoch : 14/20]
Pr_Src_cls_loss	: 1.1541
Total_loss	: 1.5226
Ent Loss	: -0.0700
Src_cls_loss	: 1.0479
Neighbors Clustering 	: 0.5446
-------------------------------------
[Epoch : 15/20]
Pr_Src_cls_loss	: 1.1541
Total_loss	: 1.5160
Ent Loss	: -0.0700
Src_cls_loss	: 1.0421
Neighbors Clustering 	: 0.5439
-------------------------------------
[Epoch : 16/20]
Pr_Src_cls_loss	: 1.1541
Total_loss	: 1.5092
Ent Loss	: -0.0700
Src_cls_loss	: 1.0363
Neighbors Clustering 	: 0.5429
-------------------------------------
[Epoch : 17/20]
Pr_Src_cls_loss	: 1.1541
Total_loss	: 1.5022
Ent Loss	: -0.0700
Src_cls_loss	: 1.0305
Neighbors Clustering 	: 0.5417
-------------------------------------
[Epoch : 18/20]
Pr_Src_cls_loss	: 1.1541
Total_loss	: 1.4950
Ent Loss	: -0.0700
Src_cls_loss	: 1.0247
Neighbors Clustering 	: 0.5404
-------------------------------------
[Epoch : 19/20]
Pr_Src_cls_loss	: 1.1541
Total_loss	: 1.4885
Ent Loss	: -0.0700
Src_cls_loss	: 1.0189
Neighbors Clustering 	: 0.5396
-------------------------------------
[Epoch : 20/20]
Pr_Src_cls_loss	: 1.1541
Total_loss	: 1.4820
Ent Loss	: -0.0700
Src_cls_loss	: 1.0132
Neighbors Clustering 	: 0.5389
-------------------------------------
H_score: 0.0000, OS* (acc_c): 0.0000, UNK (acc_p): 0.0000, acc_mix: 0.0000, F1: 0.0000
Uploading logs from: /mnt/data/home/tp2474/OpenSet-AdaTime/experiments_logs/mhealth to RealWorld_closed_set/DANCE_closed_set/mhealth_to_RealWorld_run_1
🏃 View run DANCE_run_1 at: http://127.0.0.1:5001/#/experiments/259823949667944240/runs/947cdbf16e5242e0b39310f240d05470
🧪 View experiment at: http://127.0.0.1:5001/#/experiments/259823949667944240
=============================================
Dataset: mhealth to RealWorld_closed_set
Method:  DANCE
=============================================
Source: mhealth ---> Target: RealWorld
Run ID: 2
=============================================
[Pr Epoch : 1/20]
Pr_Src_cls_loss	: 1.2370
-------------------------------------
[Pr Epoch : 2/20]
Pr_Src_cls_loss	: 1.2108
-------------------------------------
[Pr Epoch : 3/20]
Pr_Src_cls_loss	: 1.1994
-------------------------------------
[Pr Epoch : 4/20]
Pr_Src_cls_loss	: 1.1923
-------------------------------------
[Pr Epoch : 5/20]
Pr_Src_cls_loss	: 1.1872
-------------------------------------
[Pr Epoch : 6/20]
Pr_Src_cls_loss	: 1.1834
-------------------------------------
[Pr Epoch : 7/20]
Pr_Src_cls_loss	: 1.1802
-------------------------------------
[Pr Epoch : 8/20]
Pr_Src_cls_loss	: 1.1776
-------------------------------------
[Pr Epoch : 9/20]
Pr_Src_cls_loss	: 1.1753
-------------------------------------
[Pr Epoch : 10/20]
Pr_Src_cls_loss	: 1.1730
-------------------------------------
[Pr Epoch : 11/20]
Pr_Src_cls_loss	: 1.1710
-------------------------------------
[Pr Epoch : 12/20]
Pr_Src_cls_loss	: 1.1692
-------------------------------------
[Pr Epoch : 13/20]
Pr_Src_cls_loss	: 1.1674
-------------------------------------
[Pr Epoch : 14/20]
Pr_Src_cls_loss	: 1.1659
-------------------------------------
[Pr Epoch : 15/20]
Pr_Src_cls_loss	: 1.1644
-------------------------------------
[Pr Epoch : 16/20]
Pr_Src_cls_loss	: 1.1630
-------------------------------------
[Pr Epoch : 17/20]
Pr_Src_cls_loss	: 1.1617
-------------------------------------
[Pr Epoch : 18/20]
Pr_Src_cls_loss	: 1.1605
-------------------------------------
[Pr Epoch : 19/20]
Pr_Src_cls_loss	: 1.1594
-------------------------------------
[Pr Epoch : 20/20]
Pr_Src_cls_loss	: 1.1583
-------------------------------------
[Epoch : 1/20]
Pr_Src_cls_loss	: 1.1583
Total_loss	: 1.4887
Ent Loss	: -0.0700
Src_cls_loss	: 1.1314
Neighbors Clustering 	: 0.4273
-------------------------------------
[Epoch : 2/20]
Pr_Src_cls_loss	: 1.1583
Total_loss	: 1.5211
Ent Loss	: -0.0700
Src_cls_loss	: 1.1254
Neighbors Clustering 	: 0.4657
-------------------------------------
[Epoch : 3/20]
Pr_Src_cls_loss	: 1.1583
Total_loss	: 1.5392
Ent Loss	: -0.0700
Src_cls_loss	: 1.1195
Neighbors Clustering 	: 0.4898
-------------------------------------
[Epoch : 4/20]
Pr_Src_cls_loss	: 1.1583
Total_loss	: 1.5506
Ent Loss	: -0.0700
Src_cls_loss	: 1.1134
Neighbors Clustering 	: 0.5072
-------------------------------------
[Epoch : 5/20]
Pr_Src_cls_loss	: 1.1583
Total_loss	: 1.5567
Ent Loss	: -0.0700
Src_cls_loss	: 1.1073
Neighbors Clustering 	: 0.5195
-------------------------------------
[Epoch : 6/20]
Pr_Src_cls_loss	: 1.1583
Total_loss	: 1.5595
Ent Loss	: -0.0700
Src_cls_loss	: 1.1013
Neighbors Clustering 	: 0.5282
-------------------------------------
[Epoch : 7/20]
Pr_Src_cls_loss	: 1.1583
Total_loss	: 1.5590
Ent Loss	: -0.0700
Src_cls_loss	: 1.0954
Neighbors Clustering 	: 0.5336
-------------------------------------
[Epoch : 8/20]
Pr_Src_cls_loss	: 1.1583
Total_loss	: 1.5566
Ent Loss	: -0.0700
Src_cls_loss	: 1.0896
Neighbors Clustering 	: 0.5371
-------------------------------------
[Epoch : 9/20]
Pr_Src_cls_loss	: 1.1583
Total_loss	: 1.5529
Ent Loss	: -0.0700
Src_cls_loss	: 1.0838
Neighbors Clustering 	: 0.5391
-------------------------------------
[Epoch : 10/20]
Pr_Src_cls_loss	: 1.1583
Total_loss	: 1.5474
Ent Loss	: -0.0700
Src_cls_loss	: 1.0779
Neighbors Clustering 	: 0.5395
-------------------------------------
[Epoch : 11/20]
Pr_Src_cls_loss	: 1.1583
Total_loss	: 1.5413
Ent Loss	: -0.0700
Src_cls_loss	: 1.0721
Neighbors Clustering 	: 0.5392
-------------------------------------
[Epoch : 12/20]
Pr_Src_cls_loss	: 1.1583
Total_loss	: 1.5345
Ent Loss	: -0.0700
Src_cls_loss	: 1.0663
Neighbors Clustering 	: 0.5382
-------------------------------------
[Epoch : 13/20]
Pr_Src_cls_loss	: 1.1583
Total_loss	: 1.5274
Ent Loss	: -0.0700
Src_cls_loss	: 1.0606
Neighbors Clustering 	: 0.5368
-------------------------------------
[Epoch : 14/20]
Pr_Src_cls_loss	: 1.1583
Total_loss	: 1.5204
Ent Loss	: -0.0700
Src_cls_loss	: 1.0549
Neighbors Clustering 	: 0.5355
-------------------------------------
[Epoch : 15/20]
Pr_Src_cls_loss	: 1.1583
Total_loss	: 1.5132
Ent Loss	: -0.0700
Src_cls_loss	: 1.0491
Neighbors Clustering 	: 0.5341
-------------------------------------
[Epoch : 16/20]
Pr_Src_cls_loss	: 1.1583
Total_loss	: 1.5060
Ent Loss	: -0.0700
Src_cls_loss	: 1.0433
Neighbors Clustering 	: 0.5327
-------------------------------------
[Epoch : 17/20]
Pr_Src_cls_loss	: 1.1583
Total_loss	: 1.4991
Ent Loss	: -0.0700
Src_cls_loss	: 1.0374
Neighbors Clustering 	: 0.5316
-------------------------------------
[Epoch : 18/20]
Pr_Src_cls_loss	: 1.1583
Total_loss	: 1.4927
Ent Loss	: -0.0700
Src_cls_loss	: 1.0316
Neighbors Clustering 	: 0.5311
-------------------------------------
[Epoch : 19/20]
Pr_Src_cls_loss	: 1.1583
Total_loss	: 1.4865
Ent Loss	: -0.0700
Src_cls_loss	: 1.0257
Neighbors Clustering 	: 0.5307
-------------------------------------
[Epoch : 20/20]
Pr_Src_cls_loss	: 1.1583
Total_loss	: 1.4802
Ent Loss	: -0.0700
Src_cls_loss	: 1.0199
Neighbors Clustering 	: 0.5303
-------------------------------------
H_score: 0.0000, OS* (acc_c): 0.0000, UNK (acc_p): 0.0000, acc_mix: 0.0000, F1: 0.0000
Uploading logs from: /mnt/data/home/tp2474/OpenSet-AdaTime/experiments_logs/mhealth to RealWorld_closed_set/DANCE_closed_set/mhealth_to_RealWorld_run_2
🏃 View run DANCE_run_2 at: http://127.0.0.1:5001/#/experiments/259823949667944240/runs/946fc01a38e2494b9b4fed06397359c6
🧪 View experiment at: http://127.0.0.1:5001/#/experiments/259823949667944240
=============================================
Dataset: mhealth to RealWorld_closed_set
Method:  DANCE
=============================================
Source: mhealth ---> Target: RealWorld
Run ID: 3
=============================================
[Pr Epoch : 1/20]
Pr_Src_cls_loss	: 1.2348
-------------------------------------
[Pr Epoch : 2/20]
Pr_Src_cls_loss	: 1.2125
-------------------------------------
[Pr Epoch : 3/20]
Pr_Src_cls_loss	: 1.2026
-------------------------------------
[Pr Epoch : 4/20]
Pr_Src_cls_loss	: 1.1960
-------------------------------------
[Pr Epoch : 5/20]
Pr_Src_cls_loss	: 1.1913
-------------------------------------
[Pr Epoch : 6/20]
Pr_Src_cls_loss	: 1.1876
-------------------------------------
[Pr Epoch : 7/20]
Pr_Src_cls_loss	: 1.1844
-------------------------------------
[Pr Epoch : 8/20]
Pr_Src_cls_loss	: 1.1815
-------------------------------------
[Pr Epoch : 9/20]
Pr_Src_cls_loss	: 1.1791
-------------------------------------
[Pr Epoch : 10/20]
Pr_Src_cls_loss	: 1.1769
-------------------------------------
[Pr Epoch : 11/20]
Pr_Src_cls_loss	: 1.1750
-------------------------------------
[Pr Epoch : 12/20]
Pr_Src_cls_loss	: 1.1732
-------------------------------------
[Pr Epoch : 13/20]
Pr_Src_cls_loss	: 1.1716
-------------------------------------
[Pr Epoch : 14/20]
Pr_Src_cls_loss	: 1.1701
-------------------------------------
[Pr Epoch : 15/20]
Pr_Src_cls_loss	: 1.1687
-------------------------------------
[Pr Epoch : 16/20]
Pr_Src_cls_loss	: 1.1673
-------------------------------------
[Pr Epoch : 17/20]
Pr_Src_cls_loss	: 1.1661
-------------------------------------
[Pr Epoch : 18/20]
Pr_Src_cls_loss	: 1.1650
-------------------------------------
[Pr Epoch : 19/20]
Pr_Src_cls_loss	: 1.1638
-------------------------------------
[Pr Epoch : 20/20]
Pr_Src_cls_loss	: 1.1628
-------------------------------------
[Epoch : 1/20]
Pr_Src_cls_loss	: 1.1628
Total_loss	: 1.4889
Ent Loss	: -0.0700
Src_cls_loss	: 1.1368
Neighbors Clustering 	: 0.4222
-------------------------------------
[Epoch : 2/20]
Pr_Src_cls_loss	: 1.1628
Total_loss	: 1.5201
Ent Loss	: -0.0700
Src_cls_loss	: 1.1302
Neighbors Clustering 	: 0.4598
-------------------------------------
[Epoch : 3/20]
Pr_Src_cls_loss	: 1.1628
Total_loss	: 1.5373
Ent Loss	: -0.0700
Src_cls_loss	: 1.1242
Neighbors Clustering 	: 0.4830
-------------------------------------
[Epoch : 4/20]
Pr_Src_cls_loss	: 1.1628
Total_loss	: 1.5482
Ent Loss	: -0.0700
Src_cls_loss	: 1.1186
Neighbors Clustering 	: 0.4997
-------------------------------------
[Epoch : 5/20]
Pr_Src_cls_loss	: 1.1628
Total_loss	: 1.5535
Ent Loss	: -0.0700
Src_cls_loss	: 1.1126
Neighbors Clustering 	: 0.5109
-------------------------------------
[Epoch : 6/20]
Pr_Src_cls_loss	: 1.1628
Total_loss	: 1.5561
Ent Loss	: -0.0700
Src_cls_loss	: 1.1067
Neighbors Clustering 	: 0.5195
-------------------------------------
[Epoch : 7/20]
Pr_Src_cls_loss	: 1.1628
Total_loss	: 1.5568
Ent Loss	: -0.0700
Src_cls_loss	: 1.1008
Neighbors Clustering 	: 0.5260
-------------------------------------
[Epoch : 8/20]
Pr_Src_cls_loss	: 1.1628
Total_loss	: 1.5555
Ent Loss	: -0.0700
Src_cls_loss	: 1.0950
Neighbors Clustering 	: 0.5306
-------------------------------------
[Epoch : 9/20]
Pr_Src_cls_loss	: 1.1628
Total_loss	: 1.5532
Ent Loss	: -0.0700
Src_cls_loss	: 1.0891
Neighbors Clustering 	: 0.5341
-------------------------------------
[Epoch : 10/20]
Pr_Src_cls_loss	: 1.1628
Total_loss	: 1.5495
Ent Loss	: -0.0700
Src_cls_loss	: 1.0832
Neighbors Clustering 	: 0.5363
-------------------------------------
[Epoch : 11/20]
Pr_Src_cls_loss	: 1.1628
Total_loss	: 1.5456
Ent Loss	: -0.0700
Src_cls_loss	: 1.0774
Neighbors Clustering 	: 0.5382
-------------------------------------
[Epoch : 12/20]
Pr_Src_cls_loss	: 1.1628
Total_loss	: 1.5409
Ent Loss	: -0.0700
Src_cls_loss	: 1.0717
Neighbors Clustering 	: 0.5392
-------------------------------------
[Epoch : 13/20]
Pr_Src_cls_loss	: 1.1628
Total_loss	: 1.5355
Ent Loss	: -0.0700
Src_cls_loss	: 1.0658
Neighbors Clustering 	: 0.5396
-------------------------------------
[Epoch : 14/20]
Pr_Src_cls_loss	: 1.1628
Total_loss	: 1.5302
Ent Loss	: -0.0700
Src_cls_loss	: 1.0601
Neighbors Clustering 	: 0.5400
-------------------------------------
[Epoch : 15/20]
Pr_Src_cls_loss	: 1.1628
Total_loss	: 1.5242
Ent Loss	: -0.0700
Src_cls_loss	: 1.0544
Neighbors Clustering 	: 0.5398
-------------------------------------
[Epoch : 16/20]
Pr_Src_cls_loss	: 1.1628
Total_loss	: 1.5181
Ent Loss	: -0.0700
Src_cls_loss	: 1.0486
Neighbors Clustering 	: 0.5395
-------------------------------------
[Epoch : 17/20]
Pr_Src_cls_loss	: 1.1628
Total_loss	: 1.5121
Ent Loss	: -0.0700
Src_cls_loss	: 1.0429
Neighbors Clustering 	: 0.5392
-------------------------------------
[Epoch : 18/20]
Pr_Src_cls_loss	: 1.1628
Total_loss	: 1.5057
Ent Loss	: -0.0700
Src_cls_loss	: 1.0371
Neighbors Clustering 	: 0.5386
-------------------------------------
[Epoch : 19/20]
Pr_Src_cls_loss	: 1.1628
Total_loss	: 1.4992
Ent Loss	: -0.0700
Src_cls_loss	: 1.0313
Neighbors Clustering 	: 0.5379
-------------------------------------
[Epoch : 20/20]
Pr_Src_cls_loss	: 1.1628
Total_loss	: 1.4930
Ent Loss	: -0.0700
Src_cls_loss	: 1.0255
Neighbors Clustering 	: 0.5375
-------------------------------------
H_score: 0.0000, OS* (acc_c): 0.0000, UNK (acc_p): 0.0000, acc_mix: 0.0000, F1: 0.0000
Uploading logs from: /mnt/data/home/tp2474/OpenSet-AdaTime/experiments_logs/mhealth to RealWorld_closed_set/DANCE_closed_set/mhealth_to_RealWorld_run_3
🏃 View run DANCE_run_3 at: http://127.0.0.1:5001/#/experiments/259823949667944240/runs/80bc8abd01924de1a4ab8ce635e18292
🧪 View experiment at: http://127.0.0.1:5001/#/experiments/259823949667944240
=============================================
Dataset: mhealth to RealWorld_closed_set
Method:  DANCE
=============================================
Source: mhealth ---> Target: RealWorld
Run ID: 4
=============================================
[Pr Epoch : 1/20]
Pr_Src_cls_loss	: 1.2301
-------------------------------------
[Pr Epoch : 2/20]
Pr_Src_cls_loss	: 1.2051
-------------------------------------
[Pr Epoch : 3/20]
Pr_Src_cls_loss	: 1.1936
-------------------------------------
[Pr Epoch : 4/20]
Pr_Src_cls_loss	: 1.1863
-------------------------------------
[Pr Epoch : 5/20]
Pr_Src_cls_loss	: 1.1808
-------------------------------------
[Pr Epoch : 6/20]
Pr_Src_cls_loss	: 1.1764
-------------------------------------
[Pr Epoch : 7/20]
Pr_Src_cls_loss	: 1.1729
-------------------------------------
[Pr Epoch : 8/20]
Pr_Src_cls_loss	: 1.1700
-------------------------------------
[Pr Epoch : 9/20]
Pr_Src_cls_loss	: 1.1673
-------------------------------------
[Pr Epoch : 10/20]
Pr_Src_cls_loss	: 1.1649
-------------------------------------
[Pr Epoch : 11/20]
Pr_Src_cls_loss	: 1.1628
-------------------------------------
[Pr Epoch : 12/20]
Pr_Src_cls_loss	: 1.1609
-------------------------------------
[Pr Epoch : 13/20]
Pr_Src_cls_loss	: 1.1592
-------------------------------------
[Pr Epoch : 14/20]
Pr_Src_cls_loss	: 1.1576
-------------------------------------
[Pr Epoch : 15/20]
Pr_Src_cls_loss	: 1.1561
-------------------------------------
[Pr Epoch : 16/20]
Pr_Src_cls_loss	: 1.1547
-------------------------------------
[Pr Epoch : 17/20]
Pr_Src_cls_loss	: 1.1534
-------------------------------------
[Pr Epoch : 18/20]
Pr_Src_cls_loss	: 1.1521
-------------------------------------
[Pr Epoch : 19/20]
Pr_Src_cls_loss	: 1.1510
-------------------------------------
[Pr Epoch : 20/20]
Pr_Src_cls_loss	: 1.1499
-------------------------------------
[Epoch : 1/20]
Pr_Src_cls_loss	: 1.1499
Total_loss	: 1.4779
Ent Loss	: -0.0700
Src_cls_loss	: 1.1216
Neighbors Clustering 	: 0.4263
-------------------------------------
[Epoch : 2/20]
Pr_Src_cls_loss	: 1.1499
Total_loss	: 1.5076
Ent Loss	: -0.0700
Src_cls_loss	: 1.1154
Neighbors Clustering 	: 0.4621
-------------------------------------
[Epoch : 3/20]
Pr_Src_cls_loss	: 1.1499
Total_loss	: 1.5246
Ent Loss	: -0.0700
Src_cls_loss	: 1.1095
Neighbors Clustering 	: 0.4851
-------------------------------------
[Epoch : 4/20]
Pr_Src_cls_loss	: 1.1499
Total_loss	: 1.5354
Ent Loss	: -0.0700
Src_cls_loss	: 1.1035
Neighbors Clustering 	: 0.5018
-------------------------------------
[Epoch : 5/20]
Pr_Src_cls_loss	: 1.1499
Total_loss	: 1.5417
Ent Loss	: -0.0700
Src_cls_loss	: 1.0976
Neighbors Clustering 	: 0.5141
-------------------------------------
[Epoch : 6/20]
Pr_Src_cls_loss	: 1.1499
Total_loss	: 1.5443
Ent Loss	: -0.0700
Src_cls_loss	: 1.0916
Neighbors Clustering 	: 0.5227
-------------------------------------
[Epoch : 7/20]
Pr_Src_cls_loss	: 1.1499
Total_loss	: 1.5447
Ent Loss	: -0.0700
Src_cls_loss	: 1.0856
Neighbors Clustering 	: 0.5291
-------------------------------------
[Epoch : 8/20]
Pr_Src_cls_loss	: 1.1499
Total_loss	: 1.5434
Ent Loss	: -0.0700
Src_cls_loss	: 1.0798
Neighbors Clustering 	: 0.5336
-------------------------------------
[Epoch : 9/20]
Pr_Src_cls_loss	: 1.1499
Total_loss	: 1.5408
Ent Loss	: -0.0700
Src_cls_loss	: 1.0738
Neighbors Clustering 	: 0.5370
-------------------------------------
[Epoch : 10/20]
Pr_Src_cls_loss	: 1.1499
Total_loss	: 1.5372
Ent Loss	: -0.0700
Src_cls_loss	: 1.0678
Neighbors Clustering 	: 0.5394
-------------------------------------
[Epoch : 11/20]
Pr_Src_cls_loss	: 1.1499
Total_loss	: 1.5327
Ent Loss	: -0.0700
Src_cls_loss	: 1.0619
Neighbors Clustering 	: 0.5408
-------------------------------------
[Epoch : 12/20]
Pr_Src_cls_loss	: 1.1499
Total_loss	: 1.5265
Ent Loss	: -0.0700
Src_cls_loss	: 1.0559
Neighbors Clustering 	: 0.5406
-------------------------------------
[Epoch : 13/20]
Pr_Src_cls_loss	: 1.1499
Total_loss	: 1.5196
Ent Loss	: -0.0700
Src_cls_loss	: 1.0501
Neighbors Clustering 	: 0.5396
-------------------------------------
[Epoch : 14/20]
Pr_Src_cls_loss	: 1.1499
Total_loss	: 1.5130
Ent Loss	: -0.0700
Src_cls_loss	: 1.0442
Neighbors Clustering 	: 0.5388
-------------------------------------
[Epoch : 15/20]
Pr_Src_cls_loss	: 1.1499
Total_loss	: 1.5068
Ent Loss	: -0.0700
Src_cls_loss	: 1.0384
Neighbors Clustering 	: 0.5385
-------------------------------------
[Epoch : 16/20]
Pr_Src_cls_loss	: 1.1499
Total_loss	: 1.5010
Ent Loss	: -0.0700
Src_cls_loss	: 1.0325
Neighbors Clustering 	: 0.5385
-------------------------------------
[Epoch : 17/20]
Pr_Src_cls_loss	: 1.1499
Total_loss	: 1.4951
Ent Loss	: -0.0700
Src_cls_loss	: 1.0266
Neighbors Clustering 	: 0.5385
-------------------------------------
[Epoch : 18/20]
Pr_Src_cls_loss	: 1.1499
Total_loss	: 1.4894
Ent Loss	: -0.0700
Src_cls_loss	: 1.0208
Neighbors Clustering 	: 0.5385
-------------------------------------
[Epoch : 19/20]
Pr_Src_cls_loss	: 1.1499
Total_loss	: 1.4837
Ent Loss	: -0.0700
Src_cls_loss	: 1.0150
Neighbors Clustering 	: 0.5387
-------------------------------------
[Epoch : 20/20]
Pr_Src_cls_loss	: 1.1499
Total_loss	: 1.4781
Ent Loss	: -0.0700
Src_cls_loss	: 1.0092
Neighbors Clustering 	: 0.5389
-------------------------------------
H_score: 0.0000, OS* (acc_c): 0.0000, UNK (acc_p): 0.0000, acc_mix: 0.0000, F1: 0.0000
Uploading logs from: /mnt/data/home/tp2474/OpenSet-AdaTime/experiments_logs/mhealth to RealWorld_closed_set/DANCE_closed_set/mhealth_to_RealWorld_run_4
🏃 View run DANCE_run_4 at: http://127.0.0.1:5001/#/experiments/259823949667944240/runs/779b9ef20ae34c8e86dc8fa9cd920212
🧪 View experiment at: http://127.0.0.1:5001/#/experiments/259823949667944240
Running: Source=mhealth -> Target=Pamap2
[scenario] DANCE -> UniDA (uniDA=True)
Unlabeled data shape:  (4752, 150, 18)
Unlabelled Combined shape: (8054, 150, 18)

--- Dataloader Size Check ---
Source Train batches:   18
Target Train batches:   74
-------------------------------

Private classes:  tensor([])
=============================================
Dataset: mhealth to Pamap2_closed_set
Method:  DANCE
=============================================
Source: mhealth ---> Target: Pamap2
Run ID: 0
=============================================
[Pr Epoch : 1/20]
Pr_Src_cls_loss	: 1.2346
-------------------------------------
[Pr Epoch : 2/20]
Pr_Src_cls_loss	: 1.2100
-------------------------------------
[Pr Epoch : 3/20]
Pr_Src_cls_loss	: 1.1988
-------------------------------------
[Pr Epoch : 4/20]
Pr_Src_cls_loss	: 1.1920
-------------------------------------
[Pr Epoch : 5/20]
Pr_Src_cls_loss	: 1.1872
-------------------------------------
[Pr Epoch : 6/20]
Pr_Src_cls_loss	: 1.1835
-------------------------------------
[Pr Epoch : 7/20]
Pr_Src_cls_loss	: 1.1804
-------------------------------------
[Pr Epoch : 8/20]
Pr_Src_cls_loss	: 1.1776
-------------------------------------
[Pr Epoch : 9/20]
Pr_Src_cls_loss	: 1.1751
-------------------------------------
[Pr Epoch : 10/20]
Pr_Src_cls_loss	: 1.1729
-------------------------------------
[Pr Epoch : 11/20]
Pr_Src_cls_loss	: 1.1709
-------------------------------------
[Pr Epoch : 12/20]
Pr_Src_cls_loss	: 1.1691
-------------------------------------
[Pr Epoch : 13/20]
Pr_Src_cls_loss	: 1.1673
-------------------------------------
[Pr Epoch : 14/20]
Pr_Src_cls_loss	: 1.1658
-------------------------------------
[Pr Epoch : 15/20]
Pr_Src_cls_loss	: 1.1643
-------------------------------------
[Pr Epoch : 16/20]
Pr_Src_cls_loss	: 1.1630
-------------------------------------
[Pr Epoch : 17/20]
Pr_Src_cls_loss	: 1.1617
-------------------------------------
[Pr Epoch : 18/20]
Pr_Src_cls_loss	: 1.1605
-------------------------------------
[Pr Epoch : 19/20]
Pr_Src_cls_loss	: 1.1593
-------------------------------------
[Pr Epoch : 20/20]
Pr_Src_cls_loss	: 1.1583
-------------------------------------
/mnt/data/home/tp2474/OpenSet-AdaTime/algorithms/algorithms.py:733: UserWarning: Implicit dimension choice for softmax has been deprecated. Change the call to include dim=X as an argument.
  p = F.softmax(p)
/mnt/data/home/tp2474/OpenSet-AdaTime/algorithms/algorithms.py:737: UserWarning: Implicit dimension choice for softmax has been deprecated. Change the call to include dim=X as an argument.
  p = F.softmax(p)
[Epoch : 1/20]
Pr_Src_cls_loss	: 1.1583
Total_loss	: 1.4803
Ent Loss	: -0.0700
Src_cls_loss	: 1.1315
Neighbors Clustering 	: 0.4188
-------------------------------------
[Epoch : 2/20]
Pr_Src_cls_loss	: 1.1583
Total_loss	: 1.5085
Ent Loss	: -0.0700
Src_cls_loss	: 1.1254
Neighbors Clustering 	: 0.4532
-------------------------------------
[Epoch : 3/20]
Pr_Src_cls_loss	: 1.1583
Total_loss	: 1.5195
Ent Loss	: -0.0700
Src_cls_loss	: 1.1194
Neighbors Clustering 	: 0.4701
-------------------------------------
[Epoch : 4/20]
Pr_Src_cls_loss	: 1.1583
Total_loss	: 1.5227
Ent Loss	: -0.0700
Src_cls_loss	: 1.1134
Neighbors Clustering 	: 0.4793
-------------------------------------
[Epoch : 5/20]
Pr_Src_cls_loss	: 1.1583
Total_loss	: 1.5207
Ent Loss	: -0.0700
Src_cls_loss	: 1.1076
Neighbors Clustering 	: 0.4831
-------------------------------------
[Epoch : 6/20]
Pr_Src_cls_loss	: 1.1583
Total_loss	: 1.5156
Ent Loss	: -0.0700
Src_cls_loss	: 1.1017
Neighbors Clustering 	: 0.4840
-------------------------------------
[Epoch : 7/20]
Pr_Src_cls_loss	: 1.1583
Total_loss	: 1.5093
Ent Loss	: -0.0700
Src_cls_loss	: 1.0958
Neighbors Clustering 	: 0.4835
-------------------------------------
[Epoch : 8/20]
Pr_Src_cls_loss	: 1.1583
Total_loss	: 1.5029
Ent Loss	: -0.0700
Src_cls_loss	: 1.0899
Neighbors Clustering 	: 0.4830
-------------------------------------
[Epoch : 9/20]
Pr_Src_cls_loss	: 1.1583
Total_loss	: 1.4966
Ent Loss	: -0.0700
Src_cls_loss	: 1.0840
Neighbors Clustering 	: 0.4826
-------------------------------------
[Epoch : 10/20]
Pr_Src_cls_loss	: 1.1583
Total_loss	: 1.4894
Ent Loss	: -0.0700
Src_cls_loss	: 1.0780
Neighbors Clustering 	: 0.4814
-------------------------------------
[Epoch : 11/20]
Pr_Src_cls_loss	: 1.1583
Total_loss	: 1.4826
Ent Loss	: -0.0700
Src_cls_loss	: 1.0721
Neighbors Clustering 	: 0.4805
-------------------------------------
[Epoch : 12/20]
Pr_Src_cls_loss	: 1.1583
Total_loss	: 1.4753
Ent Loss	: -0.0700
Src_cls_loss	: 1.0662
Neighbors Clustering 	: 0.4791
-------------------------------------
[Epoch : 13/20]
Pr_Src_cls_loss	: 1.1583
Total_loss	: 1.4683
Ent Loss	: -0.0700
Src_cls_loss	: 1.0602
Neighbors Clustering 	: 0.4781
-------------------------------------
[Epoch : 14/20]
Pr_Src_cls_loss	: 1.1583
Total_loss	: 1.4615
Ent Loss	: -0.0700
Src_cls_loss	: 1.0543
Neighbors Clustering 	: 0.4772
-------------------------------------
[Epoch : 15/20]
Pr_Src_cls_loss	: 1.1583
Total_loss	: 1.4545
Ent Loss	: -0.0700
Src_cls_loss	: 1.0484
Neighbors Clustering 	: 0.4762
-------------------------------------
[Epoch : 16/20]
Pr_Src_cls_loss	: 1.1583
Total_loss	: 1.4474
Ent Loss	: -0.0700
Src_cls_loss	: 1.0424
Neighbors Clustering 	: 0.4750
-------------------------------------
[Epoch : 17/20]
Pr_Src_cls_loss	: 1.1583
Total_loss	: 1.4404
Ent Loss	: -0.0700
Src_cls_loss	: 1.0364
Neighbors Clustering 	: 0.4739
-------------------------------------
[Epoch : 18/20]
Pr_Src_cls_loss	: 1.1583
Total_loss	: 1.4331
Ent Loss	: -0.0700
Src_cls_loss	: 1.0305
Neighbors Clustering 	: 0.4727
-------------------------------------
[Epoch : 19/20]
Pr_Src_cls_loss	: 1.1583
Total_loss	: 1.4258
Ent Loss	: -0.0700
Src_cls_loss	: 1.0245
Neighbors Clustering 	: 0.4713
-------------------------------------
[Epoch : 20/20]
Pr_Src_cls_loss	: 1.1583
Total_loss	: 1.4186
Ent Loss	: -0.0700
Src_cls_loss	: 1.0186
Neighbors Clustering 	: 0.4700
-------------------------------------
/mnt/data/home/tp2474/OpenSet-AdaTime/algorithms/algorithms.py:870: UserWarning: Implicit dimension choice for softmax has been deprecated. Change the call to include dim=X as an argument.
  predictions = F.softmax(self.classifier(features))
/mnt/data/home/tp2474/OpenSet-AdaTime/trainers/abstract_trainer.py:331: FutureWarning: The behavior of DataFrame concatenation with empty or all-NA entries is deprecated. In a future version, this will no longer exclude empty or all-NA columns when determining the result dtypes. To retain the old behavior, exclude the relevant entries before the concat operation.
  table = pd.concat([table, results_df], ignore_index=True)
H_score: 0.0000, OS* (acc_c): 0.0000, UNK (acc_p): 0.0000, acc_mix: 0.0000, F1: 0.0000
Uploading logs from: /mnt/data/home/tp2474/OpenSet-AdaTime/experiments_logs/mhealth to Pamap2_closed_set/DANCE_closed_set/mhealth_to_Pamap2_run_0
🏃 View run DANCE_run_0 at: http://127.0.0.1:5001/#/experiments/206873663002748842/runs/529d514778f44bcab99f7a936d8c88fc
🧪 View experiment at: http://127.0.0.1:5001/#/experiments/206873663002748842
=============================================
Dataset: mhealth to Pamap2_closed_set
Method:  DANCE
=============================================
Source: mhealth ---> Target: Pamap2
Run ID: 1
=============================================
[Pr Epoch : 1/20]
Pr_Src_cls_loss	: 1.2372
-------------------------------------
[Pr Epoch : 2/20]
Pr_Src_cls_loss	: 1.2106
-------------------------------------
[Pr Epoch : 3/20]
Pr_Src_cls_loss	: 1.1981
-------------------------------------
[Pr Epoch : 4/20]
Pr_Src_cls_loss	: 1.1904
-------------------------------------
[Pr Epoch : 5/20]
Pr_Src_cls_loss	: 1.1852
-------------------------------------
[Pr Epoch : 6/20]
Pr_Src_cls_loss	: 1.1814
-------------------------------------
[Pr Epoch : 7/20]
Pr_Src_cls_loss	: 1.1780
-------------------------------------
[Pr Epoch : 8/20]
Pr_Src_cls_loss	: 1.1750
-------------------------------------
[Pr Epoch : 9/20]
Pr_Src_cls_loss	: 1.1725
-------------------------------------
[Pr Epoch : 10/20]
Pr_Src_cls_loss	: 1.1702
-------------------------------------
[Pr Epoch : 11/20]
Pr_Src_cls_loss	: 1.1680
-------------------------------------
[Pr Epoch : 12/20]
Pr_Src_cls_loss	: 1.1660
-------------------------------------
[Pr Epoch : 13/20]
Pr_Src_cls_loss	: 1.1641
-------------------------------------
[Pr Epoch : 14/20]
Pr_Src_cls_loss	: 1.1624
-------------------------------------
[Pr Epoch : 15/20]
Pr_Src_cls_loss	: 1.1608
-------------------------------------
[Pr Epoch : 16/20]
Pr_Src_cls_loss	: 1.1592
-------------------------------------
[Pr Epoch : 17/20]
Pr_Src_cls_loss	: 1.1578
-------------------------------------
[Pr Epoch : 18/20]
Pr_Src_cls_loss	: 1.1564
-------------------------------------
[Pr Epoch : 19/20]
Pr_Src_cls_loss	: 1.1553
-------------------------------------
[Pr Epoch : 20/20]
Pr_Src_cls_loss	: 1.1541
-------------------------------------
[Epoch : 1/20]
Pr_Src_cls_loss	: 1.1541
Total_loss	: 1.4692
Ent Loss	: -0.0700
Src_cls_loss	: 1.1254
Neighbors Clustering 	: 0.4138
-------------------------------------
[Epoch : 2/20]
Pr_Src_cls_loss	: 1.1541
Total_loss	: 1.4967
Ent Loss	: -0.0700
Src_cls_loss	: 1.1193
Neighbors Clustering 	: 0.4474
-------------------------------------
[Epoch : 3/20]
Pr_Src_cls_loss	: 1.1541
Total_loss	: 1.5080
Ent Loss	: -0.0700
Src_cls_loss	: 1.1134
Neighbors Clustering 	: 0.4646
-------------------------------------
[Epoch : 4/20]
Pr_Src_cls_loss	: 1.1541
Total_loss	: 1.5112
Ent Loss	: -0.0700
Src_cls_loss	: 1.1074
Neighbors Clustering 	: 0.4738
-------------------------------------
[Epoch : 5/20]
Pr_Src_cls_loss	: 1.1541
Total_loss	: 1.5086
Ent Loss	: -0.0700
Src_cls_loss	: 1.1014
Neighbors Clustering 	: 0.4772
-------------------------------------
[Epoch : 6/20]
Pr_Src_cls_loss	: 1.1541
Total_loss	: 1.5048
Ent Loss	: -0.0700
Src_cls_loss	: 1.0954
Neighbors Clustering 	: 0.4794
-------------------------------------
[Epoch : 7/20]
Pr_Src_cls_loss	: 1.1541
Total_loss	: 1.4998
Ent Loss	: -0.0700
Src_cls_loss	: 1.0895
Neighbors Clustering 	: 0.4803
-------------------------------------
[Epoch : 8/20]
Pr_Src_cls_loss	: 1.1541
Total_loss	: 1.4948
Ent Loss	: -0.0700
Src_cls_loss	: 1.0836
Neighbors Clustering 	: 0.4811
-------------------------------------
[Epoch : 9/20]
Pr_Src_cls_loss	: 1.1541
Total_loss	: 1.4889
Ent Loss	: -0.0700
Src_cls_loss	: 1.0776
Neighbors Clustering 	: 0.4813
-------------------------------------
[Epoch : 10/20]
Pr_Src_cls_loss	: 1.1541
Total_loss	: 1.4830
Ent Loss	: -0.0700
Src_cls_loss	: 1.0716
Neighbors Clustering 	: 0.4814
-------------------------------------
[Epoch : 11/20]
Pr_Src_cls_loss	: 1.1541
Total_loss	: 1.4772
Ent Loss	: -0.0700
Src_cls_loss	: 1.0656
Neighbors Clustering 	: 0.4816
-------------------------------------
[Epoch : 12/20]
Pr_Src_cls_loss	: 1.1541
Total_loss	: 1.4714
Ent Loss	: -0.0700
Src_cls_loss	: 1.0595
Neighbors Clustering 	: 0.4819
-------------------------------------
[Epoch : 13/20]
Pr_Src_cls_loss	: 1.1541
Total_loss	: 1.4653
Ent Loss	: -0.0700
Src_cls_loss	: 1.0535
Neighbors Clustering 	: 0.4819
-------------------------------------
[Epoch : 14/20]
Pr_Src_cls_loss	: 1.1541
Total_loss	: 1.4590
Ent Loss	: -0.0700
Src_cls_loss	: 1.0474
Neighbors Clustering 	: 0.4815
-------------------------------------
[Epoch : 15/20]
Pr_Src_cls_loss	: 1.1541
Total_loss	: 1.4527
Ent Loss	: -0.0700
Src_cls_loss	: 1.0414
Neighbors Clustering 	: 0.4813
-------------------------------------
[Epoch : 16/20]
Pr_Src_cls_loss	: 1.1541
Total_loss	: 1.4463
Ent Loss	: -0.0700
Src_cls_loss	: 1.0354
Neighbors Clustering 	: 0.4808
-------------------------------------
[Epoch : 17/20]
Pr_Src_cls_loss	: 1.1541
Total_loss	: 1.4398
Ent Loss	: -0.0700
Src_cls_loss	: 1.0295
Neighbors Clustering 	: 0.4803
-------------------------------------
[Epoch : 18/20]
Pr_Src_cls_loss	: 1.1541
Total_loss	: 1.4334
Ent Loss	: -0.0700
Src_cls_loss	: 1.0235
Neighbors Clustering 	: 0.4799
-------------------------------------
[Epoch : 19/20]
Pr_Src_cls_loss	: 1.1541
Total_loss	: 1.4266
Ent Loss	: -0.0700
Src_cls_loss	: 1.0176
Neighbors Clustering 	: 0.4790
-------------------------------------
[Epoch : 20/20]
Pr_Src_cls_loss	: 1.1541
Total_loss	: 1.4200
Ent Loss	: -0.0700
Src_cls_loss	: 1.0117
Neighbors Clustering 	: 0.4783
-------------------------------------
H_score: 0.0000, OS* (acc_c): 0.0000, UNK (acc_p): 0.0000, acc_mix: 0.0000, F1: 0.0000
Uploading logs from: /mnt/data/home/tp2474/OpenSet-AdaTime/experiments_logs/mhealth to Pamap2_closed_set/DANCE_closed_set/mhealth_to_Pamap2_run_1
🏃 View run DANCE_run_1 at: http://127.0.0.1:5001/#/experiments/206873663002748842/runs/af99344db1964addbe7c40df0d3389c8
🧪 View experiment at: http://127.0.0.1:5001/#/experiments/206873663002748842
=============================================
Dataset: mhealth to Pamap2_closed_set
Method:  DANCE
=============================================
Source: mhealth ---> Target: Pamap2
Run ID: 2
=============================================
[Pr Epoch : 1/20]
Pr_Src_cls_loss	: 1.2370
-------------------------------------
[Pr Epoch : 2/20]
Pr_Src_cls_loss	: 1.2108
-------------------------------------
[Pr Epoch : 3/20]
Pr_Src_cls_loss	: 1.1994
-------------------------------------
[Pr Epoch : 4/20]
Pr_Src_cls_loss	: 1.1923
-------------------------------------
[Pr Epoch : 5/20]
Pr_Src_cls_loss	: 1.1872
-------------------------------------
[Pr Epoch : 6/20]
Pr_Src_cls_loss	: 1.1834
-------------------------------------
[Pr Epoch : 7/20]
Pr_Src_cls_loss	: 1.1802
-------------------------------------
[Pr Epoch : 8/20]
Pr_Src_cls_loss	: 1.1776
-------------------------------------
[Pr Epoch : 9/20]
Pr_Src_cls_loss	: 1.1753
-------------------------------------
[Pr Epoch : 10/20]
Pr_Src_cls_loss	: 1.1730
-------------------------------------
[Pr Epoch : 11/20]
Pr_Src_cls_loss	: 1.1710
-------------------------------------
[Pr Epoch : 12/20]
Pr_Src_cls_loss	: 1.1692
-------------------------------------
[Pr Epoch : 13/20]
Pr_Src_cls_loss	: 1.1674
-------------------------------------
[Pr Epoch : 14/20]
Pr_Src_cls_loss	: 1.1659
-------------------------------------
[Pr Epoch : 15/20]
Pr_Src_cls_loss	: 1.1644
-------------------------------------
[Pr Epoch : 16/20]
Pr_Src_cls_loss	: 1.1630
-------------------------------------
[Pr Epoch : 17/20]
Pr_Src_cls_loss	: 1.1617
-------------------------------------
[Pr Epoch : 18/20]
Pr_Src_cls_loss	: 1.1605
-------------------------------------
[Pr Epoch : 19/20]
Pr_Src_cls_loss	: 1.1594
-------------------------------------
[Pr Epoch : 20/20]
Pr_Src_cls_loss	: 1.1583
-------------------------------------
[Epoch : 1/20]
Pr_Src_cls_loss	: 1.1583
Total_loss	: 1.4799
Ent Loss	: -0.0700
Src_cls_loss	: 1.1315
Neighbors Clustering 	: 0.4184
-------------------------------------
[Epoch : 2/20]
Pr_Src_cls_loss	: 1.1583
Total_loss	: 1.5059
Ent Loss	: -0.0700
Src_cls_loss	: 1.1256
Neighbors Clustering 	: 0.4503
-------------------------------------
[Epoch : 3/20]
Pr_Src_cls_loss	: 1.1583
Total_loss	: 1.5159
Ent Loss	: -0.0700
Src_cls_loss	: 1.1197
Neighbors Clustering 	: 0.4662
-------------------------------------
[Epoch : 4/20]
Pr_Src_cls_loss	: 1.1583
Total_loss	: 1.5185
Ent Loss	: -0.0700
Src_cls_loss	: 1.1137
Neighbors Clustering 	: 0.4748
-------------------------------------
[Epoch : 5/20]
Pr_Src_cls_loss	: 1.1583
Total_loss	: 1.5164
Ent Loss	: -0.0700
Src_cls_loss	: 1.1077
Neighbors Clustering 	: 0.4787
-------------------------------------
[Epoch : 6/20]
Pr_Src_cls_loss	: 1.1583
Total_loss	: 1.5114
Ent Loss	: -0.0700
Src_cls_loss	: 1.1018
Neighbors Clustering 	: 0.4796
-------------------------------------
[Epoch : 7/20]
Pr_Src_cls_loss	: 1.1583
Total_loss	: 1.5047
Ent Loss	: -0.0700
Src_cls_loss	: 1.0959
Neighbors Clustering 	: 0.4788
-------------------------------------
[Epoch : 8/20]
Pr_Src_cls_loss	: 1.1583
Total_loss	: 1.4984
Ent Loss	: -0.0700
Src_cls_loss	: 1.0900
Neighbors Clustering 	: 0.4783
-------------------------------------
[Epoch : 9/20]
Pr_Src_cls_loss	: 1.1583
Total_loss	: 1.4917
Ent Loss	: -0.0700
Src_cls_loss	: 1.0841
Neighbors Clustering 	: 0.4776
-------------------------------------
[Epoch : 10/20]
Pr_Src_cls_loss	: 1.1583
Total_loss	: 1.4852
Ent Loss	: -0.0700
Src_cls_loss	: 1.0781
Neighbors Clustering 	: 0.4771
-------------------------------------
[Epoch : 11/20]
Pr_Src_cls_loss	: 1.1583
Total_loss	: 1.4784
Ent Loss	: -0.0700
Src_cls_loss	: 1.0721
Neighbors Clustering 	: 0.4763
-------------------------------------
[Epoch : 12/20]
Pr_Src_cls_loss	: 1.1583
Total_loss	: 1.4711
Ent Loss	: -0.0700
Src_cls_loss	: 1.0662
Neighbors Clustering 	: 0.4749
-------------------------------------
[Epoch : 13/20]
Pr_Src_cls_loss	: 1.1583
Total_loss	: 1.4638
Ent Loss	: -0.0700
Src_cls_loss	: 1.0603
Neighbors Clustering 	: 0.4735
-------------------------------------
[Epoch : 14/20]
Pr_Src_cls_loss	: 1.1583
Total_loss	: 1.4567
Ent Loss	: -0.0700
Src_cls_loss	: 1.0544
Neighbors Clustering 	: 0.4723
-------------------------------------
[Epoch : 15/20]
Pr_Src_cls_loss	: 1.1583
Total_loss	: 1.4499
Ent Loss	: -0.0700
Src_cls_loss	: 1.0485
Neighbors Clustering 	: 0.4714
-------------------------------------
[Epoch : 16/20]
Pr_Src_cls_loss	: 1.1583
Total_loss	: 1.4434
Ent Loss	: -0.0700
Src_cls_loss	: 1.0425
Neighbors Clustering 	: 0.4708
-------------------------------------
[Epoch : 17/20]
Pr_Src_cls_loss	: 1.1583
Total_loss	: 1.4367
Ent Loss	: -0.0700
Src_cls_loss	: 1.0365
Neighbors Clustering 	: 0.4702
-------------------------------------
[Epoch : 18/20]
Pr_Src_cls_loss	: 1.1583
Total_loss	: 1.4301
Ent Loss	: -0.0700
Src_cls_loss	: 1.0306
Neighbors Clustering 	: 0.4695
-------------------------------------
[Epoch : 19/20]
Pr_Src_cls_loss	: 1.1583
Total_loss	: 1.4233
Ent Loss	: -0.0700
Src_cls_loss	: 1.0247
Neighbors Clustering 	: 0.4686
-------------------------------------
[Epoch : 20/20]
Pr_Src_cls_loss	: 1.1583
Total_loss	: 1.4164
Ent Loss	: -0.0700
Src_cls_loss	: 1.0188
Neighbors Clustering 	: 0.4676
-------------------------------------
H_score: 0.0000, OS* (acc_c): 0.0000, UNK (acc_p): 0.0000, acc_mix: 0.0000, F1: 0.0000
Uploading logs from: /mnt/data/home/tp2474/OpenSet-AdaTime/experiments_logs/mhealth to Pamap2_closed_set/DANCE_closed_set/mhealth_to_Pamap2_run_2
🏃 View run DANCE_run_2 at: http://127.0.0.1:5001/#/experiments/206873663002748842/runs/d2e8a895a6204242aff3b8b7a79ff968
🧪 View experiment at: http://127.0.0.1:5001/#/experiments/206873663002748842
=============================================
Dataset: mhealth to Pamap2_closed_set
Method:  DANCE
=============================================
Source: mhealth ---> Target: Pamap2
Run ID: 3
=============================================
[Pr Epoch : 1/20]
Pr_Src_cls_loss	: 1.2348
-------------------------------------
[Pr Epoch : 2/20]
Pr_Src_cls_loss	: 1.2125
-------------------------------------
[Pr Epoch : 3/20]
Pr_Src_cls_loss	: 1.2026
-------------------------------------
[Pr Epoch : 4/20]
Pr_Src_cls_loss	: 1.1960
-------------------------------------
[Pr Epoch : 5/20]
Pr_Src_cls_loss	: 1.1913
-------------------------------------
[Pr Epoch : 6/20]
Pr_Src_cls_loss	: 1.1876
-------------------------------------
[Pr Epoch : 7/20]
Pr_Src_cls_loss	: 1.1844
-------------------------------------
[Pr Epoch : 8/20]
Pr_Src_cls_loss	: 1.1815
-------------------------------------
[Pr Epoch : 9/20]
Pr_Src_cls_loss	: 1.1791
-------------------------------------
[Pr Epoch : 10/20]
Pr_Src_cls_loss	: 1.1769
-------------------------------------
[Pr Epoch : 11/20]
Pr_Src_cls_loss	: 1.1750
-------------------------------------
[Pr Epoch : 12/20]
Pr_Src_cls_loss	: 1.1732
-------------------------------------
[Pr Epoch : 13/20]
Pr_Src_cls_loss	: 1.1716
-------------------------------------
[Pr Epoch : 14/20]
Pr_Src_cls_loss	: 1.1701
-------------------------------------
[Pr Epoch : 15/20]
Pr_Src_cls_loss	: 1.1687
-------------------------------------
[Pr Epoch : 16/20]
Pr_Src_cls_loss	: 1.1673
-------------------------------------
[Pr Epoch : 17/20]
Pr_Src_cls_loss	: 1.1661
-------------------------------------
[Pr Epoch : 18/20]
Pr_Src_cls_loss	: 1.1650
-------------------------------------
[Pr Epoch : 19/20]
Pr_Src_cls_loss	: 1.1638
-------------------------------------
[Pr Epoch : 20/20]
Pr_Src_cls_loss	: 1.1628
-------------------------------------
[Epoch : 1/20]
Pr_Src_cls_loss	: 1.1628
Total_loss	: 1.4867
Ent Loss	: -0.0700
Src_cls_loss	: 1.1368
Neighbors Clustering 	: 0.4199
-------------------------------------
[Epoch : 2/20]
Pr_Src_cls_loss	: 1.1628
Total_loss	: 1.5099
Ent Loss	: -0.0700
Src_cls_loss	: 1.1303
Neighbors Clustering 	: 0.4496
-------------------------------------
[Epoch : 3/20]
Pr_Src_cls_loss	: 1.1628
Total_loss	: 1.5178
Ent Loss	: -0.0700
Src_cls_loss	: 1.1244
Neighbors Clustering 	: 0.4634
-------------------------------------
[Epoch : 4/20]
Pr_Src_cls_loss	: 1.1628
Total_loss	: 1.5195
Ent Loss	: -0.0700
Src_cls_loss	: 1.1188
Neighbors Clustering 	: 0.4708
-------------------------------------
[Epoch : 5/20]
Pr_Src_cls_loss	: 1.1628
Total_loss	: 1.5181
Ent Loss	: -0.0700
Src_cls_loss	: 1.1129
Neighbors Clustering 	: 0.4752
-------------------------------------
[Epoch : 6/20]
Pr_Src_cls_loss	: 1.1628
Total_loss	: 1.5148
Ent Loss	: -0.0700
Src_cls_loss	: 1.1070
Neighbors Clustering 	: 0.4778
-------------------------------------
[Epoch : 7/20]
Pr_Src_cls_loss	: 1.1628
Total_loss	: 1.5109
Ent Loss	: -0.0700
Src_cls_loss	: 1.1012
Neighbors Clustering 	: 0.4796
-------------------------------------
[Epoch : 8/20]
Pr_Src_cls_loss	: 1.1628
Total_loss	: 1.5064
Ent Loss	: -0.0700
Src_cls_loss	: 1.0954
Neighbors Clustering 	: 0.4810
-------------------------------------
[Epoch : 9/20]
Pr_Src_cls_loss	: 1.1628
Total_loss	: 1.5007
Ent Loss	: -0.0700
Src_cls_loss	: 1.0896
Neighbors Clustering 	: 0.4811
-------------------------------------
[Epoch : 10/20]
Pr_Src_cls_loss	: 1.1628
Total_loss	: 1.4953
Ent Loss	: -0.0700
Src_cls_loss	: 1.0838
Neighbors Clustering 	: 0.4816
-------------------------------------
[Epoch : 11/20]
Pr_Src_cls_loss	: 1.1628
Total_loss	: 1.4899
Ent Loss	: -0.0700
Src_cls_loss	: 1.0780
Neighbors Clustering 	: 0.4819
-------------------------------------
[Epoch : 12/20]
Pr_Src_cls_loss	: 1.1628
Total_loss	: 1.4846
Ent Loss	: -0.0700
Src_cls_loss	: 1.0722
Neighbors Clustering 	: 0.4824
-------------------------------------
[Epoch : 13/20]
Pr_Src_cls_loss	: 1.1628
Total_loss	: 1.4788
Ent Loss	: -0.0700
Src_cls_loss	: 1.0663
Neighbors Clustering 	: 0.4825
-------------------------------------
[Epoch : 14/20]
Pr_Src_cls_loss	: 1.1628
Total_loss	: 1.4726
Ent Loss	: -0.0700
Src_cls_loss	: 1.0605
Neighbors Clustering 	: 0.4821
-------------------------------------
[Epoch : 15/20]
Pr_Src_cls_loss	: 1.1628
Total_loss	: 1.4666
Ent Loss	: -0.0700
Src_cls_loss	: 1.0547
Neighbors Clustering 	: 0.4819
-------------------------------------
[Epoch : 16/20]
Pr_Src_cls_loss	: 1.1628
Total_loss	: 1.4602
Ent Loss	: -0.0700
Src_cls_loss	: 1.0489
Neighbors Clustering 	: 0.4814
-------------------------------------
[Epoch : 17/20]
Pr_Src_cls_loss	: 1.1628
Total_loss	: 1.4534
Ent Loss	: -0.0700
Src_cls_loss	: 1.0431
Neighbors Clustering 	: 0.4803
-------------------------------------
[Epoch : 18/20]
Pr_Src_cls_loss	: 1.1628
Total_loss	: 1.4462
Ent Loss	: -0.0700
Src_cls_loss	: 1.0374
Neighbors Clustering 	: 0.4788
-------------------------------------
[Epoch : 19/20]
Pr_Src_cls_loss	: 1.1628
Total_loss	: 1.4389
Ent Loss	: -0.0700
Src_cls_loss	: 1.0315
Neighbors Clustering 	: 0.4773
-------------------------------------
[Epoch : 20/20]
Pr_Src_cls_loss	: 1.1628
Total_loss	: 1.4320
Ent Loss	: -0.0700
Src_cls_loss	: 1.0258
Neighbors Clustering 	: 0.4762
-------------------------------------
H_score: 0.0000, OS* (acc_c): 0.0000, UNK (acc_p): 0.0000, acc_mix: 0.0000, F1: 0.0000
Uploading logs from: /mnt/data/home/tp2474/OpenSet-AdaTime/experiments_logs/mhealth to Pamap2_closed_set/DANCE_closed_set/mhealth_to_Pamap2_run_3
🏃 View run DANCE_run_3 at: http://127.0.0.1:5001/#/experiments/206873663002748842/runs/d10bb88257f7476bb66f4fda481d1c1f
🧪 View experiment at: http://127.0.0.1:5001/#/experiments/206873663002748842
=============================================
Dataset: mhealth to Pamap2_closed_set
Method:  DANCE
=============================================
Source: mhealth ---> Target: Pamap2
Run ID: 4
=============================================
[Pr Epoch : 1/20]
Pr_Src_cls_loss	: 1.2301
-------------------------------------
[Pr Epoch : 2/20]
Pr_Src_cls_loss	: 1.2051
-------------------------------------
[Pr Epoch : 3/20]
Pr_Src_cls_loss	: 1.1936
-------------------------------------
[Pr Epoch : 4/20]
Pr_Src_cls_loss	: 1.1863
-------------------------------------
[Pr Epoch : 5/20]
Pr_Src_cls_loss	: 1.1808
-------------------------------------
[Pr Epoch : 6/20]
Pr_Src_cls_loss	: 1.1764
-------------------------------------
[Pr Epoch : 7/20]
Pr_Src_cls_loss	: 1.1729
-------------------------------------
[Pr Epoch : 8/20]
Pr_Src_cls_loss	: 1.1700
-------------------------------------
[Pr Epoch : 9/20]
Pr_Src_cls_loss	: 1.1673
-------------------------------------
[Pr Epoch : 10/20]
Pr_Src_cls_loss	: 1.1649
-------------------------------------
[Pr Epoch : 11/20]
Pr_Src_cls_loss	: 1.1628
-------------------------------------
[Pr Epoch : 12/20]
Pr_Src_cls_loss	: 1.1609
-------------------------------------
[Pr Epoch : 13/20]
Pr_Src_cls_loss	: 1.1592
-------------------------------------
[Pr Epoch : 14/20]
Pr_Src_cls_loss	: 1.1576
-------------------------------------
[Pr Epoch : 15/20]
Pr_Src_cls_loss	: 1.1561
-------------------------------------
[Pr Epoch : 16/20]
Pr_Src_cls_loss	: 1.1547
-------------------------------------
[Pr Epoch : 17/20]
Pr_Src_cls_loss	: 1.1534
-------------------------------------
[Pr Epoch : 18/20]
Pr_Src_cls_loss	: 1.1521
-------------------------------------
[Pr Epoch : 19/20]
Pr_Src_cls_loss	: 1.1510
-------------------------------------
[Pr Epoch : 20/20]
Pr_Src_cls_loss	: 1.1499
-------------------------------------
[Epoch : 1/20]
Pr_Src_cls_loss	: 1.1499
Total_loss	: 1.4688
Ent Loss	: -0.0700
Src_cls_loss	: 1.1218
Neighbors Clustering 	: 0.4170
-------------------------------------
[Epoch : 2/20]
Pr_Src_cls_loss	: 1.1499
Total_loss	: 1.4951
Ent Loss	: -0.0700
Src_cls_loss	: 1.1157
Neighbors Clustering 	: 0.4494
-------------------------------------
[Epoch : 3/20]
Pr_Src_cls_loss	: 1.1499
Total_loss	: 1.5048
Ent Loss	: -0.0700
Src_cls_loss	: 1.1098
Neighbors Clustering 	: 0.4651
-------------------------------------
[Epoch : 4/20]
Pr_Src_cls_loss	: 1.1499
Total_loss	: 1.5072
Ent Loss	: -0.0700
Src_cls_loss	: 1.1039
Neighbors Clustering 	: 0.4733
-------------------------------------
[Epoch : 5/20]
Pr_Src_cls_loss	: 1.1499
Total_loss	: 1.5047
Ent Loss	: -0.0700
Src_cls_loss	: 1.0981
Neighbors Clustering 	: 0.4766
-------------------------------------
[Epoch : 6/20]
Pr_Src_cls_loss	: 1.1499
Total_loss	: 1.5012
Ent Loss	: -0.0700
Src_cls_loss	: 1.0922
Neighbors Clustering 	: 0.4790
-------------------------------------
[Epoch : 7/20]
Pr_Src_cls_loss	: 1.1499
Total_loss	: 1.4973
Ent Loss	: -0.0700
Src_cls_loss	: 1.0863
Neighbors Clustering 	: 0.4810
-------------------------------------
[Epoch : 8/20]
Pr_Src_cls_loss	: 1.1499
Total_loss	: 1.4925
Ent Loss	: -0.0700
Src_cls_loss	: 1.0804
Neighbors Clustering 	: 0.4821
-------------------------------------
[Epoch : 9/20]
Pr_Src_cls_loss	: 1.1499
Total_loss	: 1.4869
Ent Loss	: -0.0700
Src_cls_loss	: 1.0744
Neighbors Clustering 	: 0.4826
-------------------------------------
[Epoch : 10/20]
Pr_Src_cls_loss	: 1.1499
Total_loss	: 1.4812
Ent Loss	: -0.0700
Src_cls_loss	: 1.0683
Neighbors Clustering 	: 0.4829
-------------------------------------
[Epoch : 11/20]
Pr_Src_cls_loss	: 1.1499
Total_loss	: 1.4755
Ent Loss	: -0.0700
Src_cls_loss	: 1.0623
Neighbors Clustering 	: 0.4832
-------------------------------------
[Epoch : 12/20]
Pr_Src_cls_loss	: 1.1499
Total_loss	: 1.4698
Ent Loss	: -0.0700
Src_cls_loss	: 1.0562
Neighbors Clustering 	: 0.4836
-------------------------------------
[Epoch : 13/20]
Pr_Src_cls_loss	: 1.1499
Total_loss	: 1.4640
Ent Loss	: -0.0700
Src_cls_loss	: 1.0502
Neighbors Clustering 	: 0.4838
-------------------------------------
[Epoch : 14/20]
Pr_Src_cls_loss	: 1.1499
Total_loss	: 1.4578
Ent Loss	: -0.0700
Src_cls_loss	: 1.0442
Neighbors Clustering 	: 0.4837
-------------------------------------
[Epoch : 15/20]
Pr_Src_cls_loss	: 1.1499
Total_loss	: 1.4516
Ent Loss	: -0.0700
Src_cls_loss	: 1.0382
Neighbors Clustering 	: 0.4834
-------------------------------------
[Epoch : 16/20]
Pr_Src_cls_loss	: 1.1499
Total_loss	: 1.4453
Ent Loss	: -0.0700
Src_cls_loss	: 1.0323
Neighbors Clustering 	: 0.4830
-------------------------------------
[Epoch : 17/20]
Pr_Src_cls_loss	: 1.1499
Total_loss	: 1.4390
Ent Loss	: -0.0700
Src_cls_loss	: 1.0264
Neighbors Clustering 	: 0.4826
-------------------------------------
[Epoch : 18/20]
Pr_Src_cls_loss	: 1.1499
Total_loss	: 1.4320
Ent Loss	: -0.0700
Src_cls_loss	: 1.0205
Neighbors Clustering 	: 0.4815
-------------------------------------
[Epoch : 19/20]
Pr_Src_cls_loss	: 1.1499
Total_loss	: 1.4251
Ent Loss	: -0.0700
Src_cls_loss	: 1.0146
Neighbors Clustering 	: 0.4805
-------------------------------------
[Epoch : 20/20]
Pr_Src_cls_loss	: 1.1499
Total_loss	: 1.4182
Ent Loss	: -0.0700
Src_cls_loss	: 1.0087
Neighbors Clustering 	: 0.4794
-------------------------------------
H_score: 0.0000, OS* (acc_c): 0.0000, UNK (acc_p): 0.0000, acc_mix: 0.0000, F1: 0.0000
Uploading logs from: /mnt/data/home/tp2474/OpenSet-AdaTime/experiments_logs/mhealth to Pamap2_closed_set/DANCE_closed_set/mhealth_to_Pamap2_run_4
🏃 View run DANCE_run_4 at: http://127.0.0.1:5001/#/experiments/206873663002748842/runs/fbc3412993df456cbdd670741f64a537
🧪 View experiment at: http://127.0.0.1:5001/#/experiments/206873663002748842
============================================
Starting experiments for DA Method: UniJDOT
============================================
Running: Source=RealWorld -> Target=Pamap2
[scenario] UniJDOT -> UniDA (uniDA=True)
Unlabeled data shape:  (4752, 150, 18)
Unlabelled Combined shape: (8054, 150, 18)

--- Dataloader Size Check ---
Source Train batches:   592
Target Train batches:   148
-------------------------------

Private classes:  tensor([])
=============================================
Dataset: RealWorld to Pamap2_closed_set
Method:  UniJDOT
=============================================
Source: RealWorld ---> Target: Pamap2
Run ID: 0
=============================================
[Pr Epoch : 1/20]
Pr_Src_cls_loss	: 0.1471
-------------------------------------
[Pr Epoch : 2/20]
Pr_Src_cls_loss	: 0.1152
-------------------------------------
[Pr Epoch : 3/20]
Pr_Src_cls_loss	: 0.1001
-------------------------------------
[Pr Epoch : 4/20]
Pr_Src_cls_loss	: 0.0901
-------------------------------------
[Pr Epoch : 5/20]
Pr_Src_cls_loss	: 0.0827
-------------------------------------
[Pr Epoch : 6/20]
Pr_Src_cls_loss	: 0.0779
-------------------------------------
[Pr Epoch : 7/20]
Pr_Src_cls_loss	: 0.0739
-------------------------------------
[Pr Epoch : 8/20]
Pr_Src_cls_loss	: 0.0700
-------------------------------------
[Pr Epoch : 9/20]
Pr_Src_cls_loss	: 0.0669
-------------------------------------
[Pr Epoch : 10/20]
Pr_Src_cls_loss	: 0.0637
-------------------------------------
[Pr Epoch : 11/20]
Pr_Src_cls_loss	: 0.0614
-------------------------------------
[Pr Epoch : 12/20]
Pr_Src_cls_loss	: 0.0591
-------------------------------------
[Pr Epoch : 13/20]
Pr_Src_cls_loss	: 0.0568
-------------------------------------
[Pr Epoch : 14/20]
Pr_Src_cls_loss	: 0.0552
-------------------------------------
[Pr Epoch : 15/20]
Pr_Src_cls_loss	: 0.0538
-------------------------------------
[Pr Epoch : 16/20]
Pr_Src_cls_loss	: 0.0520
-------------------------------------
[Pr Epoch : 17/20]
Pr_Src_cls_loss	: 0.0507
-------------------------------------
[Pr Epoch : 18/20]
Pr_Src_cls_loss	: 0.0494
-------------------------------------
[Pr Epoch : 19/20]
Pr_Src_cls_loss	: 0.0483
-------------------------------------
[Pr Epoch : 20/20]
Pr_Src_cls_loss	: 0.0471
-------------------------------------
/mnt/data/home/tp2474/OpenSet-AdaTime/algorithms/algorithms.py:1865: UserWarning: Implicit dimension choice for softmax has been deprecated. Change the call to include dim=X as an argument.
  trg_soft_cen = torch.nn.functional.softmax(after_lincls_cen).double()
[Epoch : 1/20]
Pr_Src_cls_loss	: 0.0471
Total_loss	: 0.0350
loss_cls	: 0.0135
loss_align	: 0.0215
-------------------------------------
[Epoch : 2/20]
Pr_Src_cls_loss	: 0.0471
Total_loss	: 0.0310
loss_cls	: 0.0130
loss_align	: 0.0180
-------------------------------------
[Epoch : 3/20]
Pr_Src_cls_loss	: 0.0471
Total_loss	: 0.0307
loss_cls	: 0.0130
loss_align	: 0.0176
-------------------------------------
[Epoch : 4/20]
Pr_Src_cls_loss	: 0.0471
Total_loss	: 0.0301
loss_cls	: 0.0131
loss_align	: 0.0170
-------------------------------------
[Epoch : 5/20]
Pr_Src_cls_loss	: 0.0471
Total_loss	: 0.0293
loss_cls	: 0.0128
loss_align	: 0.0165
-------------------------------------
[Epoch : 6/20]
Pr_Src_cls_loss	: 0.0471
Total_loss	: 0.0283
loss_cls	: 0.0122
loss_align	: 0.0161
-------------------------------------
[Epoch : 7/20]
Pr_Src_cls_loss	: 0.0471
Total_loss	: 0.0276
loss_cls	: 0.0119
loss_align	: 0.0157
-------------------------------------
[Epoch : 8/20]
Pr_Src_cls_loss	: 0.0471
Total_loss	: 0.0275
loss_cls	: 0.0119
loss_align	: 0.0155
-------------------------------------
[Epoch : 9/20]
Pr_Src_cls_loss	: 0.0471
Total_loss	: 0.0271
loss_cls	: 0.0117
loss_align	: 0.0153
Src_cls_loss	: 0.0000
-------------------------------------
[Epoch : 10/20]
Pr_Src_cls_loss	: 0.0471
Total_loss	: 0.0266
loss_cls	: 0.0114
loss_align	: 0.0152
Src_cls_loss	: 0.0000
-------------------------------------
[Epoch : 11/20]
Pr_Src_cls_loss	: 0.0471
Total_loss	: 0.0265
loss_cls	: 0.0114
loss_align	: 0.0151
Src_cls_loss	: 0.0000
-------------------------------------
[Epoch : 12/20]
Pr_Src_cls_loss	: 0.0471
Total_loss	: 0.0260
loss_cls	: 0.0111
loss_align	: 0.0150
Src_cls_loss	: 0.0000
-------------------------------------
[Epoch : 13/20]
Pr_Src_cls_loss	: 0.0471
Total_loss	: 0.0259
loss_cls	: 0.0110
loss_align	: 0.0148
Src_cls_loss	: 0.0000
-------------------------------------
[Epoch : 14/20]
Pr_Src_cls_loss	: 0.0471
Total_loss	: 0.0256
loss_cls	: 0.0108
loss_align	: 0.0148
Src_cls_loss	: 0.0000
-------------------------------------
[Epoch : 15/20]
Pr_Src_cls_loss	: 0.0471
Total_loss	: 0.0252
loss_cls	: 0.0106
loss_align	: 0.0146
Src_cls_loss	: 0.0000
-------------------------------------
[Epoch : 16/20]
Pr_Src_cls_loss	: 0.0471
Total_loss	: 0.0251
loss_cls	: 0.0105
loss_align	: 0.0146
Src_cls_loss	: 0.0000
-------------------------------------
[Epoch : 17/20]
Pr_Src_cls_loss	: 0.0471
Total_loss	: 0.0250
loss_cls	: 0.0104
loss_align	: 0.0146
Src_cls_loss	: 0.0000
-------------------------------------
[Epoch : 18/20]
Pr_Src_cls_loss	: 0.0471
Total_loss	: 0.0249
loss_cls	: 0.0103
loss_align	: 0.0145
Src_cls_loss	: 0.0000
-------------------------------------
[Epoch : 19/20]
Pr_Src_cls_loss	: 0.0471
Total_loss	: 0.0248
loss_cls	: 0.0103
loss_align	: 0.0145
Src_cls_loss	: 0.0000
-------------------------------------
[Epoch : 20/20]
Pr_Src_cls_loss	: 0.0471
Total_loss	: 0.0248
loss_cls	: 0.0103
loss_align	: 0.0145
Src_cls_loss	: 0.0000
-------------------------------------
/mnt/data/home/tp2474/OpenSet-AdaTime/trainers/abstract_trainer.py:331: FutureWarning: The behavior of DataFrame concatenation with empty or all-NA entries is deprecated. In a future version, this will no longer exclude empty or all-NA columns when determining the result dtypes. To retain the old behavior, exclude the relevant entries before the concat operation.
  table = pd.concat([table, results_df], ignore_index=True)

[UniJDOT Debug] final_threshold = 0.8751 conf mean=0.6760 std=0.2958 reject=40.62%
[UniJDOT Eval ALL] n=4752 threshold=0.8751
[UniJDOT Eval ALL] conf: min=0.2519 max=0.9067 mean=0.6922 std=0.2776
[UniJDOT Eval ALL] rejected: 46.93%
[UniJDOT Eval ALL] pred class dist (pre-reject): [2206, 727, 252, 1567]
[UniJDOT Eval ALL] true label dist: [1280, 647, 1234, 1591, 0] (last bin = unknown)
H_score: 0.0000, OS* (acc_c): 0.5299, UNK (acc_p): 0.0000, acc_mix: 0.5299, F1: 0.5626
[UniJDOT Eval ALL] n=4752 threshold=0.8751
[UniJDOT Eval ALL] conf: min=0.2519 max=0.9067 mean=0.6922 std=0.2776
[UniJDOT Eval ALL] rejected: 46.93%
[UniJDOT Eval ALL] pred class dist (pre-reject): [2206, 727, 252, 1567]
[UniJDOT Eval ALL] true label dist: [1280, 647, 1234, 1591, 0] (last bin = unknown)
Uploading logs from: /mnt/data/home/tp2474/OpenSet-AdaTime/experiments_logs/RealWorld to Pamap2_closed_set/UniJDOT_closed_set/RealWorld_to_Pamap2_run_0
🏃 View run UniJDOT_run_0 at: http://127.0.0.1:5001/#/experiments/869196474879197795/runs/0a951925079e4f7c92024b29471e0862
🧪 View experiment at: http://127.0.0.1:5001/#/experiments/869196474879197795
=============================================
Dataset: RealWorld to Pamap2_closed_set
Method:  UniJDOT
=============================================
Source: RealWorld ---> Target: Pamap2
Run ID: 1
=============================================
[Pr Epoch : 1/20]
Pr_Src_cls_loss	: 0.1334
-------------------------------------
[Pr Epoch : 2/20]
Pr_Src_cls_loss	: 0.1038
-------------------------------------
[Pr Epoch : 3/20]
Pr_Src_cls_loss	: 0.0919
-------------------------------------
[Pr Epoch : 4/20]
Pr_Src_cls_loss	: 0.0831
-------------------------------------
[Pr Epoch : 5/20]
Pr_Src_cls_loss	: 0.0770
-------------------------------------
[Pr Epoch : 6/20]
Pr_Src_cls_loss	: 0.0723
-------------------------------------
[Pr Epoch : 7/20]
Pr_Src_cls_loss	: 0.0695
-------------------------------------
[Pr Epoch : 8/20]
Pr_Src_cls_loss	: 0.0660
-------------------------------------
[Pr Epoch : 9/20]
Pr_Src_cls_loss	: 0.0634
-------------------------------------
[Pr Epoch : 10/20]
Pr_Src_cls_loss	: 0.0609
-------------------------------------
[Pr Epoch : 11/20]
Pr_Src_cls_loss	: 0.0585
-------------------------------------
[Pr Epoch : 12/20]
Pr_Src_cls_loss	: 0.0569
-------------------------------------
[Pr Epoch : 13/20]
Pr_Src_cls_loss	: 0.0549
-------------------------------------
[Pr Epoch : 14/20]
Pr_Src_cls_loss	: 0.0537
-------------------------------------
[Pr Epoch : 15/20]
Pr_Src_cls_loss	: 0.0521
-------------------------------------
[Pr Epoch : 16/20]
Pr_Src_cls_loss	: 0.0507
-------------------------------------
[Pr Epoch : 17/20]
Pr_Src_cls_loss	: 0.0491
-------------------------------------
[Pr Epoch : 18/20]
Pr_Src_cls_loss	: 0.0483
-------------------------------------
[Pr Epoch : 19/20]
Pr_Src_cls_loss	: 0.0471
-------------------------------------
[Pr Epoch : 20/20]
Pr_Src_cls_loss	: 0.0459
-------------------------------------
/mnt/data/home/tp2474/OpenSet-AdaTime/algorithms/algorithms.py:1865: UserWarning: Implicit dimension choice for softmax has been deprecated. Change the call to include dim=X as an argument.
  trg_soft_cen = torch.nn.functional.softmax(after_lincls_cen).double()
[Epoch : 1/20]
Pr_Src_cls_loss	: 0.0459
Total_loss	: 0.0360
loss_cls	: 0.0136
loss_align	: 0.0224
-------------------------------------
[Epoch : 2/20]
Pr_Src_cls_loss	: 0.0459
Total_loss	: 0.0300
loss_cls	: 0.0130
loss_align	: 0.0170
-------------------------------------
[Epoch : 3/20]
Pr_Src_cls_loss	: 0.0459
Total_loss	: 0.0273
loss_cls	: 0.0122
loss_align	: 0.0151
-------------------------------------
[Epoch : 4/20]
Pr_Src_cls_loss	: 0.0459
Total_loss	: 0.0273
loss_cls	: 0.0124
loss_align	: 0.0149
-------------------------------------
[Epoch : 5/20]
Pr_Src_cls_loss	: 0.0459
Total_loss	: 0.0273
loss_cls	: 0.0122
loss_align	: 0.0151
-------------------------------------
[Epoch : 6/20]
Pr_Src_cls_loss	: 0.0459
Total_loss	: 0.0274
loss_cls	: 0.0122
loss_align	: 0.0153
-------------------------------------
[Epoch : 7/20]
Pr_Src_cls_loss	: 0.0459
Total_loss	: 0.0275
loss_cls	: 0.0120
loss_align	: 0.0155
-------------------------------------
[Epoch : 8/20]
Pr_Src_cls_loss	: 0.0459
Total_loss	: 0.0277
loss_cls	: 0.0119
loss_align	: 0.0158
-------------------------------------
[Epoch : 9/20]
Pr_Src_cls_loss	: 0.0459
Total_loss	: 0.0274
loss_cls	: 0.0114
loss_align	: 0.0160
Src_cls_loss	: 0.0000
-------------------------------------
[Epoch : 10/20]
Pr_Src_cls_loss	: 0.0459
Total_loss	: 0.0275
loss_cls	: 0.0113
loss_align	: 0.0162
Src_cls_loss	: 0.0000
-------------------------------------
[Epoch : 11/20]
Pr_Src_cls_loss	: 0.0459
Total_loss	: 0.0274
loss_cls	: 0.0110
loss_align	: 0.0163
Src_cls_loss	: 0.0000
-------------------------------------
[Epoch : 12/20]
Pr_Src_cls_loss	: 0.0459
Total_loss	: 0.0275
loss_cls	: 0.0110
loss_align	: 0.0165
Src_cls_loss	: 0.0000
-------------------------------------
[Epoch : 13/20]
Pr_Src_cls_loss	: 0.0459
Total_loss	: 0.0273
loss_cls	: 0.0107
loss_align	: 0.0166
Src_cls_loss	: 0.0000
-------------------------------------
[Epoch : 14/20]
Pr_Src_cls_loss	: 0.0459
Total_loss	: 0.0272
loss_cls	: 0.0106
loss_align	: 0.0166
Src_cls_loss	: 0.0000
-------------------------------------
[Epoch : 15/20]
Pr_Src_cls_loss	: 0.0459
Total_loss	: 0.0272
loss_cls	: 0.0105
loss_align	: 0.0167
Src_cls_loss	: 0.0000
-------------------------------------
[Epoch : 16/20]
Pr_Src_cls_loss	: 0.0459
Total_loss	: 0.0271
loss_cls	: 0.0104
loss_align	: 0.0167
Src_cls_loss	: 0.0000
-------------------------------------
[Epoch : 17/20]
Pr_Src_cls_loss	: 0.0459
Total_loss	: 0.0271
loss_cls	: 0.0104
loss_align	: 0.0168
Src_cls_loss	: 0.0000
-------------------------------------
[Epoch : 18/20]
Pr_Src_cls_loss	: 0.0459
Total_loss	: 0.0270
loss_cls	: 0.0103
loss_align	: 0.0167
Src_cls_loss	: 0.0000
-------------------------------------
[Epoch : 19/20]
Pr_Src_cls_loss	: 0.0459
Total_loss	: 0.0269
loss_cls	: 0.0102
loss_align	: 0.0166
Src_cls_loss	: 0.0000
-------------------------------------
[Epoch : 20/20]
Pr_Src_cls_loss	: 0.0459
Total_loss	: 0.0266
loss_cls	: 0.0101
loss_align	: 0.0165
Src_cls_loss	: 0.0000
-------------------------------------

[UniJDOT Debug] final_threshold = 0.6681 conf mean=0.7135 std=0.2233 reject=29.69%
[UniJDOT Eval ALL] n=4752 threshold=0.6681
[UniJDOT Eval ALL] conf: min=0.2513 max=0.8781 mean=0.6893 std=0.2442
[UniJDOT Eval ALL] rejected: 33.48%
[UniJDOT Eval ALL] pred class dist (pre-reject): [1376, 1129, 687, 1560]
[UniJDOT Eval ALL] true label dist: [1280, 647, 1234, 1591, 0] (last bin = unknown)
H_score: 0.0000, OS* (acc_c): 0.6627, UNK (acc_p): 0.0000, acc_mix: 0.6627, F1: 0.7007
[UniJDOT Eval ALL] n=4752 threshold=0.6681
[UniJDOT Eval ALL] conf: min=0.2513 max=0.8781 mean=0.6893 std=0.2442
[UniJDOT Eval ALL] rejected: 33.48%
[UniJDOT Eval ALL] pred class dist (pre-reject): [1376, 1129, 687, 1560]
[UniJDOT Eval ALL] true label dist: [1280, 647, 1234, 1591, 0] (last bin = unknown)
Uploading logs from: /mnt/data/home/tp2474/OpenSet-AdaTime/experiments_logs/RealWorld to Pamap2_closed_set/UniJDOT_closed_set/RealWorld_to_Pamap2_run_1
🏃 View run UniJDOT_run_1 at: http://127.0.0.1:5001/#/experiments/869196474879197795/runs/7e0394f5147345c280ce96c0abb90ba3
🧪 View experiment at: http://127.0.0.1:5001/#/experiments/869196474879197795
=============================================
Dataset: RealWorld to Pamap2_closed_set
Method:  UniJDOT
=============================================
Source: RealWorld ---> Target: Pamap2
Run ID: 2
=============================================
[Pr Epoch : 1/20]
Pr_Src_cls_loss	: 0.1501
-------------------------------------
[Pr Epoch : 2/20]
Pr_Src_cls_loss	: 0.1119
-------------------------------------
[Pr Epoch : 3/20]
Pr_Src_cls_loss	: 0.0955
-------------------------------------
[Pr Epoch : 4/20]
Pr_Src_cls_loss	: 0.0874
-------------------------------------
[Pr Epoch : 5/20]
Pr_Src_cls_loss	: 0.0807
-------------------------------------
[Pr Epoch : 6/20]
Pr_Src_cls_loss	: 0.0746
-------------------------------------
[Pr Epoch : 7/20]
Pr_Src_cls_loss	: 0.0703
-------------------------------------
[Pr Epoch : 8/20]
Pr_Src_cls_loss	: 0.0667
-------------------------------------
[Pr Epoch : 9/20]
Pr_Src_cls_loss	: 0.0640
-------------------------------------
[Pr Epoch : 10/20]
Pr_Src_cls_loss	: 0.0615
-------------------------------------
[Pr Epoch : 11/20]
Pr_Src_cls_loss	: 0.0592
-------------------------------------
[Pr Epoch : 12/20]
Pr_Src_cls_loss	: 0.0576
-------------------------------------
[Pr Epoch : 13/20]
Pr_Src_cls_loss	: 0.0558
-------------------------------------
[Pr Epoch : 14/20]
Pr_Src_cls_loss	: 0.0543
-------------------------------------
[Pr Epoch : 15/20]
Pr_Src_cls_loss	: 0.0527
-------------------------------------
[Pr Epoch : 16/20]
Pr_Src_cls_loss	: 0.0513
-------------------------------------
[Pr Epoch : 17/20]
Pr_Src_cls_loss	: 0.0500
-------------------------------------
[Pr Epoch : 18/20]
Pr_Src_cls_loss	: 0.0488
-------------------------------------
[Pr Epoch : 19/20]
Pr_Src_cls_loss	: 0.0479
-------------------------------------
[Pr Epoch : 20/20]
Pr_Src_cls_loss	: 0.0467
-------------------------------------
/mnt/data/home/tp2474/OpenSet-AdaTime/algorithms/algorithms.py:1865: UserWarning: Implicit dimension choice for softmax has been deprecated. Change the call to include dim=X as an argument.
  trg_soft_cen = torch.nn.functional.softmax(after_lincls_cen).double()
[Epoch : 1/20]
Pr_Src_cls_loss	: 0.0467
Total_loss	: 0.0376
loss_cls	: 0.0140
loss_align	: 0.0236
-------------------------------------
[Epoch : 2/20]
Pr_Src_cls_loss	: 0.0467
Total_loss	: 0.0312
loss_cls	: 0.0136
loss_align	: 0.0176
-------------------------------------
[Epoch : 3/20]
Pr_Src_cls_loss	: 0.0467
Total_loss	: 0.0290
loss_cls	: 0.0134
loss_align	: 0.0155
-------------------------------------
[Epoch : 4/20]
Pr_Src_cls_loss	: 0.0467
Total_loss	: 0.0274
loss_cls	: 0.0131
loss_align	: 0.0143
-------------------------------------
[Epoch : 5/20]
Pr_Src_cls_loss	: 0.0467
Total_loss	: 0.0267
loss_cls	: 0.0128
loss_align	: 0.0140
-------------------------------------
[Epoch : 6/20]
Pr_Src_cls_loss	: 0.0467
Total_loss	: 0.0260
loss_cls	: 0.0123
loss_align	: 0.0137
-------------------------------------
[Epoch : 7/20]
Pr_Src_cls_loss	: 0.0467
Total_loss	: 0.0262
loss_cls	: 0.0124
loss_align	: 0.0138
-------------------------------------
[Epoch : 8/20]
Pr_Src_cls_loss	: 0.0467
Total_loss	: 0.0264
loss_cls	: 0.0124
loss_align	: 0.0140
-------------------------------------
[Epoch : 9/20]
Pr_Src_cls_loss	: 0.0467
Total_loss	: 0.0268
loss_cls	: 0.0124
loss_align	: 0.0144
Src_cls_loss	: 0.0000
-------------------------------------
[Epoch : 10/20]
Pr_Src_cls_loss	: 0.0467
Total_loss	: 0.0268
loss_cls	: 0.0123
loss_align	: 0.0146
Src_cls_loss	: 0.0000
-------------------------------------
[Epoch : 11/20]
Pr_Src_cls_loss	: 0.0467
Total_loss	: 0.0265
loss_cls	: 0.0119
loss_align	: 0.0146
Src_cls_loss	: 0.0000
-------------------------------------
[Epoch : 12/20]
Pr_Src_cls_loss	: 0.0467
Total_loss	: 0.0263
loss_cls	: 0.0117
loss_align	: 0.0146
Src_cls_loss	: 0.0000
-------------------------------------
[Epoch : 13/20]
Pr_Src_cls_loss	: 0.0467
Total_loss	: 0.0265
loss_cls	: 0.0117
loss_align	: 0.0148
Src_cls_loss	: 0.0000
-------------------------------------
[Epoch : 14/20]
Pr_Src_cls_loss	: 0.0467
Total_loss	: 0.0266
loss_cls	: 0.0115
loss_align	: 0.0151
Src_cls_loss	: 0.0000
-------------------------------------
[Epoch : 15/20]
Pr_Src_cls_loss	: 0.0467
Total_loss	: 0.0266
loss_cls	: 0.0113
loss_align	: 0.0153
Src_cls_loss	: 0.0000
-------------------------------------
[Epoch : 16/20]
Pr_Src_cls_loss	: 0.0467
Total_loss	: 0.0265
loss_cls	: 0.0112
loss_align	: 0.0154
Src_cls_loss	: 0.0000
-------------------------------------
[Epoch : 17/20]
Pr_Src_cls_loss	: 0.0467
Total_loss	: 0.0265
loss_cls	: 0.0111
loss_align	: 0.0154
Src_cls_loss	: 0.0000
-------------------------------------
[Epoch : 18/20]
Pr_Src_cls_loss	: 0.0467
Total_loss	: 0.0263
loss_cls	: 0.0110
loss_align	: 0.0153
Src_cls_loss	: 0.0000
-------------------------------------
[Epoch : 19/20]
Pr_Src_cls_loss	: 0.0467
Total_loss	: 0.0262
loss_cls	: 0.0109
loss_align	: 0.0153
Src_cls_loss	: 0.0000
-------------------------------------
[Epoch : 20/20]
Pr_Src_cls_loss	: 0.0467
Total_loss	: 0.0260
loss_cls	: 0.0107
loss_align	: 0.0153
Src_cls_loss	: 0.0000
-------------------------------------

[UniJDOT Debug] final_threshold = 0.8586 conf mean=0.6880 std=0.2733 reject=39.06%
[UniJDOT Eval ALL] n=4752 threshold=0.8586
[UniJDOT Eval ALL] conf: min=0.2510 max=0.9455 mean=0.6823 std=0.2670
[UniJDOT Eval ALL] rejected: 47.18%
[UniJDOT Eval ALL] pred class dist (pre-reject): [1027, 693, 1464, 1568]
[UniJDOT Eval ALL] true label dist: [1280, 647, 1234, 1591, 0] (last bin = unknown)
H_score: 0.0000, OS* (acc_c): 0.5267, UNK (acc_p): 0.0000, acc_mix: 0.5267, F1: 0.5612
[UniJDOT Eval ALL] n=4752 threshold=0.8586
[UniJDOT Eval ALL] conf: min=0.2510 max=0.9455 mean=0.6823 std=0.2670
[UniJDOT Eval ALL] rejected: 47.18%
[UniJDOT Eval ALL] pred class dist (pre-reject): [1027, 693, 1464, 1568]
[UniJDOT Eval ALL] true label dist: [1280, 647, 1234, 1591, 0] (last bin = unknown)
Uploading logs from: /mnt/data/home/tp2474/OpenSet-AdaTime/experiments_logs/RealWorld to Pamap2_closed_set/UniJDOT_closed_set/RealWorld_to_Pamap2_run_2
🏃 View run UniJDOT_run_2 at: http://127.0.0.1:5001/#/experiments/869196474879197795/runs/8b74b59e96064842831d3f6d7ffa5e31
🧪 View experiment at: http://127.0.0.1:5001/#/experiments/869196474879197795
=============================================
Dataset: RealWorld to Pamap2_closed_set
Method:  UniJDOT
=============================================
Source: RealWorld ---> Target: Pamap2
Run ID: 3
=============================================
[Pr Epoch : 1/20]
Pr_Src_cls_loss	: 0.1349
-------------------------------------
[Pr Epoch : 2/20]
Pr_Src_cls_loss	: 0.1081
-------------------------------------
[Pr Epoch : 3/20]
Pr_Src_cls_loss	: 0.0944
-------------------------------------
[Pr Epoch : 4/20]
Pr_Src_cls_loss	: 0.0865
-------------------------------------
[Pr Epoch : 5/20]
Pr_Src_cls_loss	: 0.0794
-------------------------------------
[Pr Epoch : 6/20]
Pr_Src_cls_loss	: 0.0750
-------------------------------------
[Pr Epoch : 7/20]
Pr_Src_cls_loss	: 0.0708
-------------------------------------
[Pr Epoch : 8/20]
Pr_Src_cls_loss	: 0.0677
-------------------------------------
[Pr Epoch : 9/20]
Pr_Src_cls_loss	: 0.0643
-------------------------------------
[Pr Epoch : 10/20]
Pr_Src_cls_loss	: 0.0617
-------------------------------------
[Pr Epoch : 11/20]
Pr_Src_cls_loss	: 0.0598
-------------------------------------
[Pr Epoch : 12/20]
Pr_Src_cls_loss	: 0.0581
-------------------------------------
[Pr Epoch : 13/20]
Pr_Src_cls_loss	: 0.0561
-------------------------------------
[Pr Epoch : 14/20]
Pr_Src_cls_loss	: 0.0545
-------------------------------------
[Pr Epoch : 15/20]
Pr_Src_cls_loss	: 0.0530
-------------------------------------
[Pr Epoch : 16/20]
Pr_Src_cls_loss	: 0.0517
-------------------------------------
[Pr Epoch : 17/20]
Pr_Src_cls_loss	: 0.0506
-------------------------------------
[Pr Epoch : 18/20]
Pr_Src_cls_loss	: 0.0493
-------------------------------------
[Pr Epoch : 19/20]
Pr_Src_cls_loss	: 0.0482
-------------------------------------
[Pr Epoch : 20/20]
Pr_Src_cls_loss	: 0.0473
-------------------------------------
/mnt/data/home/tp2474/OpenSet-AdaTime/algorithms/algorithms.py:1865: UserWarning: Implicit dimension choice for softmax has been deprecated. Change the call to include dim=X as an argument.
  trg_soft_cen = torch.nn.functional.softmax(after_lincls_cen).double()
[Epoch : 1/20]
Pr_Src_cls_loss	: 0.0473
Total_loss	: 0.0351
loss_cls	: 0.0140
loss_align	: 0.0211
-------------------------------------
[Epoch : 2/20]
Pr_Src_cls_loss	: 0.0473
Total_loss	: 0.0302
loss_cls	: 0.0140
loss_align	: 0.0162
-------------------------------------
[Epoch : 3/20]
Pr_Src_cls_loss	: 0.0473
Total_loss	: 0.0276
loss_cls	: 0.0136
loss_align	: 0.0140
-------------------------------------
[Epoch : 4/20]
Pr_Src_cls_loss	: 0.0473
Total_loss	: 0.0263
loss_cls	: 0.0136
loss_align	: 0.0127
-------------------------------------
[Epoch : 5/20]
Pr_Src_cls_loss	: 0.0473
Total_loss	: 0.0253
loss_cls	: 0.0134
loss_align	: 0.0119
-------------------------------------
[Epoch : 6/20]
Pr_Src_cls_loss	: 0.0473
Total_loss	: 0.0247
loss_cls	: 0.0133
loss_align	: 0.0114
-------------------------------------
[Epoch : 7/20]
Pr_Src_cls_loss	: 0.0473
Total_loss	: 0.0243
loss_cls	: 0.0132
loss_align	: 0.0110
-------------------------------------
[Epoch : 8/20]
Pr_Src_cls_loss	: 0.0473
Total_loss	: 0.0238
loss_cls	: 0.0131
loss_align	: 0.0107
-------------------------------------
[Epoch : 9/20]
Pr_Src_cls_loss	: 0.0473
Total_loss	: 0.0240
loss_cls	: 0.0134
loss_align	: 0.0106
Src_cls_loss	: 0.0000
-------------------------------------
[Epoch : 10/20]
Pr_Src_cls_loss	: 0.0473
Total_loss	: 0.0239
loss_cls	: 0.0135
loss_align	: 0.0104
Src_cls_loss	: 0.0000
-------------------------------------
[Epoch : 11/20]
Pr_Src_cls_loss	: 0.0473
Total_loss	: 0.0235
loss_cls	: 0.0132
loss_align	: 0.0102
Src_cls_loss	: 0.0000
-------------------------------------
[Epoch : 12/20]
Pr_Src_cls_loss	: 0.0473
Total_loss	: 0.0232
loss_cls	: 0.0131
loss_align	: 0.0101
Src_cls_loss	: 0.0000
-------------------------------------
[Epoch : 13/20]
Pr_Src_cls_loss	: 0.0473
Total_loss	: 0.0230
loss_cls	: 0.0131
loss_align	: 0.0100
Src_cls_loss	: 0.0000
-------------------------------------
[Epoch : 14/20]
Pr_Src_cls_loss	: 0.0473
Total_loss	: 0.0226
loss_cls	: 0.0128
loss_align	: 0.0098
Src_cls_loss	: 0.0000
-------------------------------------
[Epoch : 15/20]
Pr_Src_cls_loss	: 0.0473
Total_loss	: 0.0225
loss_cls	: 0.0127
loss_align	: 0.0098
Src_cls_loss	: 0.0000
-------------------------------------
[Epoch : 16/20]
Pr_Src_cls_loss	: 0.0473
Total_loss	: 0.0223
loss_cls	: 0.0125
loss_align	: 0.0098
Src_cls_loss	: 0.0000
-------------------------------------
[Epoch : 17/20]
Pr_Src_cls_loss	: 0.0473
Total_loss	: 0.0223
loss_cls	: 0.0124
loss_align	: 0.0098
Src_cls_loss	: 0.0000
-------------------------------------
[Epoch : 18/20]
Pr_Src_cls_loss	: 0.0473
Total_loss	: 0.0223
loss_cls	: 0.0124
loss_align	: 0.0100
Src_cls_loss	: 0.0000
-------------------------------------
[Epoch : 19/20]
Pr_Src_cls_loss	: 0.0473
Total_loss	: 0.0223
loss_cls	: 0.0123
loss_align	: 0.0100
Src_cls_loss	: 0.0000
-------------------------------------
[Epoch : 20/20]
Pr_Src_cls_loss	: 0.0473
Total_loss	: 0.0223
loss_cls	: 0.0122
loss_align	: 0.0101
Src_cls_loss	: 0.0000
-------------------------------------

[UniJDOT Debug] final_threshold = 0.8303 conf mean=0.8143 std=0.1487 reject=20.31%
[UniJDOT Eval ALL] n=4752 threshold=0.8303
[UniJDOT Eval ALL] conf: min=0.2613 max=0.8979 mean=0.8217 std=0.1351
[UniJDOT Eval ALL] rejected: 21.19%
[UniJDOT Eval ALL] pred class dist (pre-reject): [1809, 849, 543, 1551]
[UniJDOT Eval ALL] true label dist: [1280, 647, 1234, 1591, 0] (last bin = unknown)
H_score: 0.0000, OS* (acc_c): 0.6536, UNK (acc_p): 0.0000, acc_mix: 0.6536, F1: 0.6407
[UniJDOT Eval ALL] n=4752 threshold=0.8303
[UniJDOT Eval ALL] conf: min=0.2613 max=0.8979 mean=0.8217 std=0.1351
[UniJDOT Eval ALL] rejected: 21.19%
[UniJDOT Eval ALL] pred class dist (pre-reject): [1809, 849, 543, 1551]
[UniJDOT Eval ALL] true label dist: [1280, 647, 1234, 1591, 0] (last bin = unknown)
Uploading logs from: /mnt/data/home/tp2474/OpenSet-AdaTime/experiments_logs/RealWorld to Pamap2_closed_set/UniJDOT_closed_set/RealWorld_to_Pamap2_run_3
🏃 View run UniJDOT_run_3 at: http://127.0.0.1:5001/#/experiments/869196474879197795/runs/b0ef3369cd6d479b98db593dffd6cc83
🧪 View experiment at: http://127.0.0.1:5001/#/experiments/869196474879197795
=============================================
Dataset: RealWorld to Pamap2_closed_set
Method:  UniJDOT
=============================================
Source: RealWorld ---> Target: Pamap2
Run ID: 4
=============================================
[Pr Epoch : 1/20]
Pr_Src_cls_loss	: 0.1395
-------------------------------------
[Pr Epoch : 2/20]
Pr_Src_cls_loss	: 0.1108
-------------------------------------
[Pr Epoch : 3/20]
Pr_Src_cls_loss	: 0.0952
-------------------------------------
[Pr Epoch : 4/20]
Pr_Src_cls_loss	: 0.0874
-------------------------------------
[Pr Epoch : 5/20]
Pr_Src_cls_loss	: 0.0809
-------------------------------------
[Pr Epoch : 6/20]
Pr_Src_cls_loss	: 0.0761
-------------------------------------
[Pr Epoch : 7/20]
Pr_Src_cls_loss	: 0.0725
-------------------------------------
[Pr Epoch : 8/20]
Pr_Src_cls_loss	: 0.0690
-------------------------------------
[Pr Epoch : 9/20]
Pr_Src_cls_loss	: 0.0661
-------------------------------------
[Pr Epoch : 10/20]
Pr_Src_cls_loss	: 0.0642
-------------------------------------
[Pr Epoch : 11/20]
Pr_Src_cls_loss	: 0.0615
-------------------------------------
[Pr Epoch : 12/20]
Pr_Src_cls_loss	: 0.0596
-------------------------------------
[Pr Epoch : 13/20]
Pr_Src_cls_loss	: 0.0578
-------------------------------------
[Pr Epoch : 14/20]
Pr_Src_cls_loss	: 0.0563
-------------------------------------
[Pr Epoch : 15/20]
Pr_Src_cls_loss	: 0.0545
-------------------------------------
[Pr Epoch : 16/20]
Pr_Src_cls_loss	: 0.0529
-------------------------------------
[Pr Epoch : 17/20]
Pr_Src_cls_loss	: 0.0514
-------------------------------------
[Pr Epoch : 18/20]
Pr_Src_cls_loss	: 0.0502
-------------------------------------
[Pr Epoch : 19/20]
Pr_Src_cls_loss	: 0.0489
-------------------------------------
[Pr Epoch : 20/20]
Pr_Src_cls_loss	: 0.0478
-------------------------------------
/mnt/data/home/tp2474/OpenSet-AdaTime/algorithms/algorithms.py:1865: UserWarning: Implicit dimension choice for softmax has been deprecated. Change the call to include dim=X as an argument.
  trg_soft_cen = torch.nn.functional.softmax(after_lincls_cen).double()
[Epoch : 1/20]
Pr_Src_cls_loss	: 0.0478
Total_loss	: 0.0369
loss_cls	: 0.0144
loss_align	: 0.0225
-------------------------------------
[Epoch : 2/20]
Pr_Src_cls_loss	: 0.0478
Total_loss	: 0.0317
loss_cls	: 0.0139
loss_align	: 0.0177
-------------------------------------
[Epoch : 3/20]
Pr_Src_cls_loss	: 0.0478
Total_loss	: 0.0291
loss_cls	: 0.0138
loss_align	: 0.0153
-------------------------------------
[Epoch : 4/20]
Pr_Src_cls_loss	: 0.0478
Total_loss	: 0.0275
loss_cls	: 0.0136
loss_align	: 0.0139
-------------------------------------
[Epoch : 5/20]
Pr_Src_cls_loss	: 0.0478
Total_loss	: 0.0266
loss_cls	: 0.0136
loss_align	: 0.0130
-------------------------------------
[Epoch : 6/20]
Pr_Src_cls_loss	: 0.0478
Total_loss	: 0.0259
loss_cls	: 0.0135
loss_align	: 0.0123
-------------------------------------
[Epoch : 7/20]
Pr_Src_cls_loss	: 0.0478
Total_loss	: 0.0250
loss_cls	: 0.0133
loss_align	: 0.0118
-------------------------------------
[Epoch : 8/20]
Pr_Src_cls_loss	: 0.0478
Total_loss	: 0.0247
loss_cls	: 0.0131
loss_align	: 0.0116
-------------------------------------
[Epoch : 9/20]
Pr_Src_cls_loss	: 0.0478
Total_loss	: 0.0245
loss_cls	: 0.0128
loss_align	: 0.0117
Src_cls_loss	: 0.0000
-------------------------------------
[Epoch : 10/20]
Pr_Src_cls_loss	: 0.0478
Total_loss	: 0.0244
loss_cls	: 0.0127
loss_align	: 0.0117
Src_cls_loss	: 0.0000
-------------------------------------
[Epoch : 11/20]
Pr_Src_cls_loss	: 0.0478
Total_loss	: 0.0243
loss_cls	: 0.0125
loss_align	: 0.0118
Src_cls_loss	: 0.0000
-------------------------------------
[Epoch : 12/20]
Pr_Src_cls_loss	: 0.0478
Total_loss	: 0.0245
loss_cls	: 0.0125
loss_align	: 0.0120
Src_cls_loss	: 0.0000
-------------------------------------
[Epoch : 13/20]
Pr_Src_cls_loss	: 0.0478
Total_loss	: 0.0247
loss_cls	: 0.0124
loss_align	: 0.0123
Src_cls_loss	: 0.0000
-------------------------------------
[Epoch : 14/20]
Pr_Src_cls_loss	: 0.0478
Total_loss	: 0.0247
loss_cls	: 0.0123
loss_align	: 0.0125
Src_cls_loss	: 0.0000
-------------------------------------
[Epoch : 15/20]
Pr_Src_cls_loss	: 0.0478
Total_loss	: 0.0248
loss_cls	: 0.0122
loss_align	: 0.0126
Src_cls_loss	: 0.0000
-------------------------------------
[Epoch : 16/20]
Pr_Src_cls_loss	: 0.0478
Total_loss	: 0.0248
loss_cls	: 0.0121
loss_align	: 0.0127
Src_cls_loss	: 0.0000
-------------------------------------
[Epoch : 17/20]
Pr_Src_cls_loss	: 0.0478
Total_loss	: 0.0246
loss_cls	: 0.0119
loss_align	: 0.0128
Src_cls_loss	: 0.0000
-------------------------------------
[Epoch : 18/20]
Pr_Src_cls_loss	: 0.0478
Total_loss	: 0.0246
loss_cls	: 0.0118
loss_align	: 0.0128
Src_cls_loss	: 0.0000
-------------------------------------
[Epoch : 19/20]
Pr_Src_cls_loss	: 0.0478
Total_loss	: 0.0249
loss_cls	: 0.0119
loss_align	: 0.0130
Src_cls_loss	: 0.0000
-------------------------------------
[Epoch : 20/20]
Pr_Src_cls_loss	: 0.0478
Total_loss	: 0.0250
loss_cls	: 0.0117
loss_align	: 0.0133
Src_cls_loss	: 0.0000
-------------------------------------

[UniJDOT Debug] final_threshold = 0.8171 conf mean=0.6753 std=0.2764 reject=46.88%
[UniJDOT Eval ALL] n=4752 threshold=0.8171
[UniJDOT Eval ALL] conf: min=0.2519 max=0.8932 mean=0.6725 std=0.2783
[UniJDOT Eval ALL] rejected: 41.81%
[UniJDOT Eval ALL] pred class dist (pre-reject): [1046, 889, 1260, 1557]
[UniJDOT Eval ALL] true label dist: [1280, 647, 1234, 1591, 0] (last bin = unknown)
H_score: 0.0000, OS* (acc_c): 0.5804, UNK (acc_p): 0.0000, acc_mix: 0.5804, F1: 0.6333
[UniJDOT Eval ALL] n=4752 threshold=0.8171
[UniJDOT Eval ALL] conf: min=0.2519 max=0.8932 mean=0.6725 std=0.2783
[UniJDOT Eval ALL] rejected: 41.81%
[UniJDOT Eval ALL] pred class dist (pre-reject): [1046, 889, 1260, 1557]
[UniJDOT Eval ALL] true label dist: [1280, 647, 1234, 1591, 0] (last bin = unknown)
Uploading logs from: /mnt/data/home/tp2474/OpenSet-AdaTime/experiments_logs/RealWorld to Pamap2_closed_set/UniJDOT_closed_set/RealWorld_to_Pamap2_run_4
🏃 View run UniJDOT_run_4 at: http://127.0.0.1:5001/#/experiments/869196474879197795/runs/af91202acf8b4262a8cd8211c09a0603
🧪 View experiment at: http://127.0.0.1:5001/#/experiments/869196474879197795
Running: Source=RealWorld -> Target=mhealth
[scenario] UniJDOT -> UniDA (uniDA=True)
Unlabeled data shape:  (1620, 150, 18)
Unlabelled Combined shape: (2786, 150, 18)

--- Dataloader Size Check ---
Source Train batches:   592
Target Train batches:   50
-------------------------------

Private classes:  tensor([])
=============================================
Dataset: RealWorld to mhealth_closed_set
Method:  UniJDOT
=============================================
Source: RealWorld ---> Target: mhealth
Run ID: 0
=============================================
[Pr Epoch : 1/20]
Pr_Src_cls_loss	: 0.1471
-------------------------------------
[Pr Epoch : 2/20]
Pr_Src_cls_loss	: 0.1152
-------------------------------------
[Pr Epoch : 3/20]
Pr_Src_cls_loss	: 0.1001
-------------------------------------
[Pr Epoch : 4/20]
Pr_Src_cls_loss	: 0.0901
-------------------------------------
[Pr Epoch : 5/20]
Pr_Src_cls_loss	: 0.0827
-------------------------------------
[Pr Epoch : 6/20]
Pr_Src_cls_loss	: 0.0779
-------------------------------------
[Pr Epoch : 7/20]
Pr_Src_cls_loss	: 0.0739
-------------------------------------
[Pr Epoch : 8/20]
Pr_Src_cls_loss	: 0.0700
-------------------------------------
[Pr Epoch : 9/20]
Pr_Src_cls_loss	: 0.0669
-------------------------------------
[Pr Epoch : 10/20]
Pr_Src_cls_loss	: 0.0637
-------------------------------------
[Pr Epoch : 11/20]
Pr_Src_cls_loss	: 0.0614
-------------------------------------
[Pr Epoch : 12/20]
Pr_Src_cls_loss	: 0.0591
-------------------------------------
[Pr Epoch : 13/20]
Pr_Src_cls_loss	: 0.0568
-------------------------------------
[Pr Epoch : 14/20]
Pr_Src_cls_loss	: 0.0552
-------------------------------------
[Pr Epoch : 15/20]
Pr_Src_cls_loss	: 0.0538
-------------------------------------
[Pr Epoch : 16/20]
Pr_Src_cls_loss	: 0.0520
-------------------------------------
[Pr Epoch : 17/20]
Pr_Src_cls_loss	: 0.0507
-------------------------------------
[Pr Epoch : 18/20]
Pr_Src_cls_loss	: 0.0494
-------------------------------------
[Pr Epoch : 19/20]
Pr_Src_cls_loss	: 0.0483
-------------------------------------
[Pr Epoch : 20/20]
Pr_Src_cls_loss	: 0.0471
-------------------------------------
/mnt/data/home/tp2474/OpenSet-AdaTime/algorithms/algorithms.py:1865: UserWarning: Implicit dimension choice for softmax has been deprecated. Change the call to include dim=X as an argument.
  trg_soft_cen = torch.nn.functional.softmax(after_lincls_cen).double()
[Epoch : 1/20]
Pr_Src_cls_loss	: 0.0471
Total_loss	: 0.0379
loss_cls	: 0.0144
loss_align	: 0.0235
-------------------------------------
[Epoch : 2/20]
Pr_Src_cls_loss	: 0.0471
Total_loss	: 0.0327
loss_cls	: 0.0127
loss_align	: 0.0200
-------------------------------------
[Epoch : 3/20]
Pr_Src_cls_loss	: 0.0471
Total_loss	: 0.0304
loss_cls	: 0.0125
loss_align	: 0.0180
-------------------------------------
[Epoch : 4/20]
Pr_Src_cls_loss	: 0.0471
Total_loss	: 0.0294
loss_cls	: 0.0125
loss_align	: 0.0169
-------------------------------------
[Epoch : 5/20]
Pr_Src_cls_loss	: 0.0471
Total_loss	: 0.0284
loss_cls	: 0.0122
loss_align	: 0.0162
-------------------------------------
[Epoch : 6/20]
Pr_Src_cls_loss	: 0.0471
Total_loss	: 0.0275
loss_cls	: 0.0119
loss_align	: 0.0156
-------------------------------------
[Epoch : 7/20]
Pr_Src_cls_loss	: 0.0471
Total_loss	: 0.0266
loss_cls	: 0.0115
loss_align	: 0.0151
-------------------------------------
[Epoch : 8/20]
Pr_Src_cls_loss	: 0.0471
Total_loss	: 0.0261
loss_cls	: 0.0114
loss_align	: 0.0148
-------------------------------------
[Epoch : 9/20]
Pr_Src_cls_loss	: 0.0471
Total_loss	: 0.0256
loss_cls	: 0.0112
loss_align	: 0.0145
Src_cls_loss	: 0.0000
-------------------------------------
[Epoch : 10/20]
Pr_Src_cls_loss	: 0.0471
Total_loss	: 0.0253
loss_cls	: 0.0111
loss_align	: 0.0142
Src_cls_loss	: 0.0000
-------------------------------------
[Epoch : 11/20]
Pr_Src_cls_loss	: 0.0471
Total_loss	: 0.0248
loss_cls	: 0.0108
loss_align	: 0.0140
Src_cls_loss	: 0.0000
-------------------------------------
[Epoch : 12/20]
Pr_Src_cls_loss	: 0.0471
Total_loss	: 0.0246
loss_cls	: 0.0108
loss_align	: 0.0139
Src_cls_loss	: 0.0000
-------------------------------------
[Epoch : 13/20]
Pr_Src_cls_loss	: 0.0471
Total_loss	: 0.0243
loss_cls	: 0.0106
loss_align	: 0.0137
Src_cls_loss	: 0.0000
-------------------------------------
[Epoch : 14/20]
Pr_Src_cls_loss	: 0.0471
Total_loss	: 0.0241
loss_cls	: 0.0105
loss_align	: 0.0136
Src_cls_loss	: 0.0000
-------------------------------------
[Epoch : 15/20]
Pr_Src_cls_loss	: 0.0471
Total_loss	: 0.0239
loss_cls	: 0.0104
loss_align	: 0.0135
Src_cls_loss	: 0.0000
-------------------------------------
[Epoch : 16/20]
Pr_Src_cls_loss	: 0.0471
Total_loss	: 0.0237
loss_cls	: 0.0103
loss_align	: 0.0134
Src_cls_loss	: 0.0000
-------------------------------------
[Epoch : 17/20]
Pr_Src_cls_loss	: 0.0471
Total_loss	: 0.0234
loss_cls	: 0.0102
loss_align	: 0.0132
Src_cls_loss	: 0.0000
-------------------------------------
[Epoch : 18/20]
Pr_Src_cls_loss	: 0.0471
Total_loss	: 0.0231
loss_cls	: 0.0100
loss_align	: 0.0131
Src_cls_loss	: 0.0000
-------------------------------------
[Epoch : 19/20]
Pr_Src_cls_loss	: 0.0471
Total_loss	: 0.0230
loss_cls	: 0.0100
loss_align	: 0.0130
Src_cls_loss	: 0.0000
-------------------------------------
[Epoch : 20/20]
Pr_Src_cls_loss	: 0.0471
Total_loss	: 0.0227
loss_cls	: 0.0099
loss_align	: 0.0129
Src_cls_loss	: 0.0000
-------------------------------------
/mnt/data/home/tp2474/OpenSet-AdaTime/trainers/abstract_trainer.py:331: FutureWarning: The behavior of DataFrame concatenation with empty or all-NA entries is deprecated. In a future version, this will no longer exclude empty or all-NA columns when determining the result dtypes. To retain the old behavior, exclude the relevant entries before the concat operation.
  table = pd.concat([table, results_df], ignore_index=True)

[UniJDOT Debug] final_threshold = 0.8194 conf mean=0.6771 std=0.2667 reject=57.81%
[UniJDOT Eval ALL] n=1620 threshold=0.8194
[UniJDOT Eval ALL] conf: min=0.2689 max=0.8968 mean=0.7123 std=0.2377
[UniJDOT Eval ALL] rejected: 55.25%
[UniJDOT Eval ALL] pred class dist (pre-reject): [691, 40, 120, 769]
[UniJDOT Eval ALL] true label dist: [409, 400, 401, 410, 0] (last bin = unknown)
H_score: 0.0000, OS* (acc_c): 0.3160, UNK (acc_p): 0.0000, acc_mix: 0.3160, F1: 0.3248
[UniJDOT Eval ALL] n=1620 threshold=0.8194
[UniJDOT Eval ALL] conf: min=0.2689 max=0.8968 mean=0.7123 std=0.2377
[UniJDOT Eval ALL] rejected: 55.25%
[UniJDOT Eval ALL] pred class dist (pre-reject): [691, 40, 120, 769]
[UniJDOT Eval ALL] true label dist: [409, 400, 401, 410, 0] (last bin = unknown)
Uploading logs from: /mnt/data/home/tp2474/OpenSet-AdaTime/experiments_logs/RealWorld to mhealth_closed_set/UniJDOT_closed_set/RealWorld_to_mhealth_run_0
🏃 View run UniJDOT_run_0 at: http://127.0.0.1:5001/#/experiments/773515370876137118/runs/9505aa63ee884da886cb2b793619fdcf
🧪 View experiment at: http://127.0.0.1:5001/#/experiments/773515370876137118
=============================================
Dataset: RealWorld to mhealth_closed_set
Method:  UniJDOT
=============================================
Source: RealWorld ---> Target: mhealth
Run ID: 1
=============================================
[Pr Epoch : 1/20]
Pr_Src_cls_loss	: 0.1334
-------------------------------------
[Pr Epoch : 2/20]
Pr_Src_cls_loss	: 0.1038
-------------------------------------
[Pr Epoch : 3/20]
Pr_Src_cls_loss	: 0.0919
-------------------------------------
[Pr Epoch : 4/20]
Pr_Src_cls_loss	: 0.0831
-------------------------------------
[Pr Epoch : 5/20]
Pr_Src_cls_loss	: 0.0770
-------------------------------------
[Pr Epoch : 6/20]
Pr_Src_cls_loss	: 0.0723
-------------------------------------
[Pr Epoch : 7/20]
Pr_Src_cls_loss	: 0.0695
-------------------------------------
[Pr Epoch : 8/20]
Pr_Src_cls_loss	: 0.0660
-------------------------------------
[Pr Epoch : 9/20]
Pr_Src_cls_loss	: 0.0634
-------------------------------------
[Pr Epoch : 10/20]
Pr_Src_cls_loss	: 0.0609
-------------------------------------
[Pr Epoch : 11/20]
Pr_Src_cls_loss	: 0.0585
-------------------------------------
[Pr Epoch : 12/20]
Pr_Src_cls_loss	: 0.0569
-------------------------------------
[Pr Epoch : 13/20]
Pr_Src_cls_loss	: 0.0549
-------------------------------------
[Pr Epoch : 14/20]
Pr_Src_cls_loss	: 0.0537
-------------------------------------
[Pr Epoch : 15/20]
Pr_Src_cls_loss	: 0.0521
-------------------------------------
[Pr Epoch : 16/20]
Pr_Src_cls_loss	: 0.0507
-------------------------------------
[Pr Epoch : 17/20]
Pr_Src_cls_loss	: 0.0491
-------------------------------------
[Pr Epoch : 18/20]
Pr_Src_cls_loss	: 0.0483
-------------------------------------
[Pr Epoch : 19/20]
Pr_Src_cls_loss	: 0.0471
-------------------------------------
[Pr Epoch : 20/20]
Pr_Src_cls_loss	: 0.0459
-------------------------------------
/mnt/data/home/tp2474/OpenSet-AdaTime/algorithms/algorithms.py:1865: UserWarning: Implicit dimension choice for softmax has been deprecated. Change the call to include dim=X as an argument.
  trg_soft_cen = torch.nn.functional.softmax(after_lincls_cen).double()
[Epoch : 1/20]
Pr_Src_cls_loss	: 0.0459
Total_loss	: 0.0335
loss_cls	: 0.0121
loss_align	: 0.0214
-------------------------------------
[Epoch : 2/20]
Pr_Src_cls_loss	: 0.0459
Total_loss	: 0.0290
loss_cls	: 0.0131
loss_align	: 0.0160
-------------------------------------
[Epoch : 3/20]
Pr_Src_cls_loss	: 0.0459
Total_loss	: 0.0265
loss_cls	: 0.0127
loss_align	: 0.0138
-------------------------------------
[Epoch : 4/20]
Pr_Src_cls_loss	: 0.0459
Total_loss	: 0.0251
loss_cls	: 0.0127
loss_align	: 0.0124
-------------------------------------
[Epoch : 5/20]
Pr_Src_cls_loss	: 0.0459
Total_loss	: 0.0238
loss_cls	: 0.0123
loss_align	: 0.0115
-------------------------------------
[Epoch : 6/20]
Pr_Src_cls_loss	: 0.0459
Total_loss	: 0.0230
loss_cls	: 0.0121
loss_align	: 0.0109
-------------------------------------
[Epoch : 7/20]
Pr_Src_cls_loss	: 0.0459
Total_loss	: 0.0224
loss_cls	: 0.0120
loss_align	: 0.0104
-------------------------------------
[Epoch : 8/20]
Pr_Src_cls_loss	: 0.0459
Total_loss	: 0.0222
loss_cls	: 0.0121
loss_align	: 0.0100
-------------------------------------
[Epoch : 9/20]
Pr_Src_cls_loss	: 0.0459
Total_loss	: 0.0216
loss_cls	: 0.0119
loss_align	: 0.0097
Src_cls_loss	: 0.0000
-------------------------------------
[Epoch : 10/20]
Pr_Src_cls_loss	: 0.0459
Total_loss	: 0.0210
loss_cls	: 0.0117
loss_align	: 0.0093
Src_cls_loss	: 0.0000
-------------------------------------
[Epoch : 11/20]
Pr_Src_cls_loss	: 0.0459
Total_loss	: 0.0206
loss_cls	: 0.0116
loss_align	: 0.0090
Src_cls_loss	: 0.0000
-------------------------------------
[Epoch : 12/20]
Pr_Src_cls_loss	: 0.0459
Total_loss	: 0.0202
loss_cls	: 0.0115
loss_align	: 0.0087
Src_cls_loss	: 0.0000
-------------------------------------
[Epoch : 13/20]
Pr_Src_cls_loss	: 0.0459
Total_loss	: 0.0201
loss_cls	: 0.0115
loss_align	: 0.0085
Src_cls_loss	: 0.0000
-------------------------------------
[Epoch : 14/20]
Pr_Src_cls_loss	: 0.0459
Total_loss	: 0.0197
loss_cls	: 0.0113
loss_align	: 0.0084
Src_cls_loss	: 0.0000
-------------------------------------
[Epoch : 15/20]
Pr_Src_cls_loss	: 0.0459
Total_loss	: 0.0196
loss_cls	: 0.0113
loss_align	: 0.0082
Src_cls_loss	: 0.0000
-------------------------------------
[Epoch : 16/20]
Pr_Src_cls_loss	: 0.0459
Total_loss	: 0.0193
loss_cls	: 0.0112
loss_align	: 0.0081
Src_cls_loss	: 0.0000
-------------------------------------
[Epoch : 17/20]
Pr_Src_cls_loss	: 0.0459
Total_loss	: 0.0191
loss_cls	: 0.0111
loss_align	: 0.0080
Src_cls_loss	: 0.0000
-------------------------------------
[Epoch : 18/20]
Pr_Src_cls_loss	: 0.0459
Total_loss	: 0.0189
loss_cls	: 0.0110
loss_align	: 0.0079
Src_cls_loss	: 0.0000
-------------------------------------
[Epoch : 19/20]
Pr_Src_cls_loss	: 0.0459
Total_loss	: 0.0188
loss_cls	: 0.0110
loss_align	: 0.0078
Src_cls_loss	: 0.0000
-------------------------------------
[Epoch : 20/20]
Pr_Src_cls_loss	: 0.0459
Total_loss	: 0.0187
loss_cls	: 0.0110
loss_align	: 0.0077
Src_cls_loss	: 0.0000
-------------------------------------

[UniJDOT Debug] final_threshold = 0.8972 conf mean=0.8918 std=0.0370 reject=20.31%
[UniJDOT Eval ALL] n=1620 threshold=0.8972
[UniJDOT Eval ALL] conf: min=0.3266 max=0.9214 mean=0.8868 std=0.0552
[UniJDOT Eval ALL] rejected: 20.93%
[UniJDOT Eval ALL] pred class dist (pre-reject): [650, 163, 160, 647]
[UniJDOT Eval ALL] true label dist: [409, 400, 401, 410, 0] (last bin = unknown)
H_score: 0.0000, OS* (acc_c): 0.5012, UNK (acc_p): 0.0000, acc_mix: 0.5012, F1: 0.3910
[UniJDOT Eval ALL] n=1620 threshold=0.8972
[UniJDOT Eval ALL] conf: min=0.3266 max=0.9214 mean=0.8868 std=0.0552
[UniJDOT Eval ALL] rejected: 20.93%
[UniJDOT Eval ALL] pred class dist (pre-reject): [650, 163, 160, 647]
[UniJDOT Eval ALL] true label dist: [409, 400, 401, 410, 0] (last bin = unknown)
Uploading logs from: /mnt/data/home/tp2474/OpenSet-AdaTime/experiments_logs/RealWorld to mhealth_closed_set/UniJDOT_closed_set/RealWorld_to_mhealth_run_1
🏃 View run UniJDOT_run_1 at: http://127.0.0.1:5001/#/experiments/773515370876137118/runs/2737ed37ee2740768a2f7ad1061a0f61
🧪 View experiment at: http://127.0.0.1:5001/#/experiments/773515370876137118
=============================================
Dataset: RealWorld to mhealth_closed_set
Method:  UniJDOT
=============================================
Source: RealWorld ---> Target: mhealth
Run ID: 2
=============================================
[Pr Epoch : 1/20]
Pr_Src_cls_loss	: 0.1501
-------------------------------------
[Pr Epoch : 2/20]
Pr_Src_cls_loss	: 0.1119
-------------------------------------
[Pr Epoch : 3/20]
Pr_Src_cls_loss	: 0.0955
-------------------------------------
[Pr Epoch : 4/20]
Pr_Src_cls_loss	: 0.0874
-------------------------------------
[Pr Epoch : 5/20]
Pr_Src_cls_loss	: 0.0807
-------------------------------------
[Pr Epoch : 6/20]
Pr_Src_cls_loss	: 0.0746
-------------------------------------
[Pr Epoch : 7/20]
Pr_Src_cls_loss	: 0.0703
-------------------------------------
[Pr Epoch : 8/20]
Pr_Src_cls_loss	: 0.0667
-------------------------------------
[Pr Epoch : 9/20]
Pr_Src_cls_loss	: 0.0640
-------------------------------------
[Pr Epoch : 10/20]
Pr_Src_cls_loss	: 0.0615
-------------------------------------
[Pr Epoch : 11/20]
Pr_Src_cls_loss	: 0.0592
-------------------------------------
[Pr Epoch : 12/20]
Pr_Src_cls_loss	: 0.0576
-------------------------------------
[Pr Epoch : 13/20]
Pr_Src_cls_loss	: 0.0558
-------------------------------------
[Pr Epoch : 14/20]
Pr_Src_cls_loss	: 0.0543
-------------------------------------
[Pr Epoch : 15/20]
Pr_Src_cls_loss	: 0.0527
-------------------------------------
[Pr Epoch : 16/20]
Pr_Src_cls_loss	: 0.0513
-------------------------------------
[Pr Epoch : 17/20]
Pr_Src_cls_loss	: 0.0500
-------------------------------------
[Pr Epoch : 18/20]
Pr_Src_cls_loss	: 0.0488
-------------------------------------
[Pr Epoch : 19/20]
Pr_Src_cls_loss	: 0.0479
-------------------------------------
[Pr Epoch : 20/20]
Pr_Src_cls_loss	: 0.0467
-------------------------------------
/mnt/data/home/tp2474/OpenSet-AdaTime/algorithms/algorithms.py:1865: UserWarning: Implicit dimension choice for softmax has been deprecated. Change the call to include dim=X as an argument.
  trg_soft_cen = torch.nn.functional.softmax(after_lincls_cen).double()
[Epoch : 1/20]
Pr_Src_cls_loss	: 0.0467
Total_loss	: 0.0420
loss_cls	: 0.0123
loss_align	: 0.0297
-------------------------------------
[Epoch : 2/20]
Pr_Src_cls_loss	: 0.0467
Total_loss	: 0.0357
loss_cls	: 0.0121
loss_align	: 0.0236
-------------------------------------
[Epoch : 3/20]
Pr_Src_cls_loss	: 0.0467
Total_loss	: 0.0334
loss_cls	: 0.0123
loss_align	: 0.0211
-------------------------------------
[Epoch : 4/20]
Pr_Src_cls_loss	: 0.0467
Total_loss	: 0.0321
loss_cls	: 0.0122
loss_align	: 0.0199
-------------------------------------
[Epoch : 5/20]
Pr_Src_cls_loss	: 0.0467
Total_loss	: 0.0307
loss_cls	: 0.0119
loss_align	: 0.0188
-------------------------------------
[Epoch : 6/20]
Pr_Src_cls_loss	: 0.0467
Total_loss	: 0.0300
loss_cls	: 0.0121
loss_align	: 0.0180
-------------------------------------
[Epoch : 7/20]
Pr_Src_cls_loss	: 0.0467
Total_loss	: 0.0293
loss_cls	: 0.0120
loss_align	: 0.0173
-------------------------------------
[Epoch : 8/20]
Pr_Src_cls_loss	: 0.0467
Total_loss	: 0.0285
loss_cls	: 0.0118
loss_align	: 0.0167
-------------------------------------
[Epoch : 9/20]
Pr_Src_cls_loss	: 0.0467
Total_loss	: 0.0279
loss_cls	: 0.0117
loss_align	: 0.0162
Src_cls_loss	: 0.0000
-------------------------------------
[Epoch : 10/20]
Pr_Src_cls_loss	: 0.0467
Total_loss	: 0.0275
loss_cls	: 0.0117
loss_align	: 0.0159
Src_cls_loss	: 0.0000
-------------------------------------
[Epoch : 11/20]
Pr_Src_cls_loss	: 0.0467
Total_loss	: 0.0270
loss_cls	: 0.0115
loss_align	: 0.0155
Src_cls_loss	: 0.0000
-------------------------------------
[Epoch : 12/20]
Pr_Src_cls_loss	: 0.0467
Total_loss	: 0.0266
loss_cls	: 0.0114
loss_align	: 0.0152
Src_cls_loss	: 0.0000
-------------------------------------
[Epoch : 13/20]
Pr_Src_cls_loss	: 0.0467
Total_loss	: 0.0262
loss_cls	: 0.0113
loss_align	: 0.0149
Src_cls_loss	: 0.0000
-------------------------------------
[Epoch : 14/20]
Pr_Src_cls_loss	: 0.0467
Total_loss	: 0.0259
loss_cls	: 0.0112
loss_align	: 0.0147
Src_cls_loss	: 0.0000
-------------------------------------
[Epoch : 15/20]
Pr_Src_cls_loss	: 0.0467
Total_loss	: 0.0257
loss_cls	: 0.0111
loss_align	: 0.0146
Src_cls_loss	: 0.0000
-------------------------------------
[Epoch : 16/20]
Pr_Src_cls_loss	: 0.0467
Total_loss	: 0.0253
loss_cls	: 0.0110
loss_align	: 0.0144
Src_cls_loss	: 0.0000
-------------------------------------
[Epoch : 17/20]
Pr_Src_cls_loss	: 0.0467
Total_loss	: 0.0252
loss_cls	: 0.0109
loss_align	: 0.0143
Src_cls_loss	: 0.0000
-------------------------------------
[Epoch : 18/20]
Pr_Src_cls_loss	: 0.0467
Total_loss	: 0.0249
loss_cls	: 0.0108
loss_align	: 0.0141
Src_cls_loss	: 0.0000
-------------------------------------
[Epoch : 19/20]
Pr_Src_cls_loss	: 0.0467
Total_loss	: 0.0248
loss_cls	: 0.0107
loss_align	: 0.0140
Src_cls_loss	: 0.0000
-------------------------------------
[Epoch : 20/20]
Pr_Src_cls_loss	: 0.0467
Total_loss	: 0.0246
loss_cls	: 0.0107
loss_align	: 0.0139
Src_cls_loss	: 0.0000
-------------------------------------

[UniJDOT Debug] final_threshold = 0.8487 conf mean=0.7803 std=0.2028 reject=32.81%
[UniJDOT Eval ALL] n=1620 threshold=0.8487
[UniJDOT Eval ALL] conf: min=0.2515 max=0.9037 mean=0.7685 std=0.2170
[UniJDOT Eval ALL] rejected: 31.91%
[UniJDOT Eval ALL] pred class dist (pre-reject): [372, 240, 439, 569]
[UniJDOT Eval ALL] true label dist: [409, 400, 401, 410, 0] (last bin = unknown)
H_score: 0.0000, OS* (acc_c): 0.5969, UNK (acc_p): 0.0000, acc_mix: 0.5969, F1: 0.6219
[UniJDOT Eval ALL] n=1620 threshold=0.8487
[UniJDOT Eval ALL] conf: min=0.2515 max=0.9037 mean=0.7685 std=0.2170
[UniJDOT Eval ALL] rejected: 31.91%
[UniJDOT Eval ALL] pred class dist (pre-reject): [372, 240, 439, 569]
[UniJDOT Eval ALL] true label dist: [409, 400, 401, 410, 0] (last bin = unknown)
Uploading logs from: /mnt/data/home/tp2474/OpenSet-AdaTime/experiments_logs/RealWorld to mhealth_closed_set/UniJDOT_closed_set/RealWorld_to_mhealth_run_2
🏃 View run UniJDOT_run_2 at: http://127.0.0.1:5001/#/experiments/773515370876137118/runs/d7a49bf6db004fcda9fef28ffd3c16ce
🧪 View experiment at: http://127.0.0.1:5001/#/experiments/773515370876137118
=============================================
Dataset: RealWorld to mhealth_closed_set
Method:  UniJDOT
=============================================
Source: RealWorld ---> Target: mhealth
Run ID: 3
=============================================
[Pr Epoch : 1/20]
Pr_Src_cls_loss	: 0.1349
-------------------------------------
[Pr Epoch : 2/20]
Pr_Src_cls_loss	: 0.1081
-------------------------------------
[Pr Epoch : 3/20]
Pr_Src_cls_loss	: 0.0944
-------------------------------------
[Pr Epoch : 4/20]
Pr_Src_cls_loss	: 0.0865
-------------------------------------
[Pr Epoch : 5/20]
Pr_Src_cls_loss	: 0.0794
-------------------------------------
[Pr Epoch : 6/20]
Pr_Src_cls_loss	: 0.0750
-------------------------------------
[Pr Epoch : 7/20]
Pr_Src_cls_loss	: 0.0708
-------------------------------------
[Pr Epoch : 8/20]
Pr_Src_cls_loss	: 0.0677
-------------------------------------
[Pr Epoch : 9/20]
Pr_Src_cls_loss	: 0.0643
-------------------------------------
[Pr Epoch : 10/20]
Pr_Src_cls_loss	: 0.0617
-------------------------------------
[Pr Epoch : 11/20]
Pr_Src_cls_loss	: 0.0598
-------------------------------------
[Pr Epoch : 12/20]
Pr_Src_cls_loss	: 0.0581
-------------------------------------
[Pr Epoch : 13/20]
Pr_Src_cls_loss	: 0.0561
-------------------------------------
[Pr Epoch : 14/20]
Pr_Src_cls_loss	: 0.0545
-------------------------------------
[Pr Epoch : 15/20]
Pr_Src_cls_loss	: 0.0530
-------------------------------------
[Pr Epoch : 16/20]
Pr_Src_cls_loss	: 0.0517
-------------------------------------
[Pr Epoch : 17/20]
Pr_Src_cls_loss	: 0.0506
-------------------------------------
[Pr Epoch : 18/20]
Pr_Src_cls_loss	: 0.0493
-------------------------------------
[Pr Epoch : 19/20]
Pr_Src_cls_loss	: 0.0482
-------------------------------------
[Pr Epoch : 20/20]
Pr_Src_cls_loss	: 0.0473
-------------------------------------
/mnt/data/home/tp2474/OpenSet-AdaTime/algorithms/algorithms.py:1865: UserWarning: Implicit dimension choice for softmax has been deprecated. Change the call to include dim=X as an argument.
  trg_soft_cen = torch.nn.functional.softmax(after_lincls_cen).double()
[Epoch : 1/20]
Pr_Src_cls_loss	: 0.0473
Total_loss	: 0.0391
loss_cls	: 0.0130
loss_align	: 0.0260
-------------------------------------
[Epoch : 2/20]
Pr_Src_cls_loss	: 0.0473
Total_loss	: 0.0348
loss_cls	: 0.0122
loss_align	: 0.0226
-------------------------------------
[Epoch : 3/20]
Pr_Src_cls_loss	: 0.0473
Total_loss	: 0.0335
loss_cls	: 0.0128
loss_align	: 0.0208
-------------------------------------
[Epoch : 4/20]
Pr_Src_cls_loss	: 0.0473
Total_loss	: 0.0332
loss_cls	: 0.0136
loss_align	: 0.0195
-------------------------------------
[Epoch : 5/20]
Pr_Src_cls_loss	: 0.0473
Total_loss	: 0.0332
loss_cls	: 0.0142
loss_align	: 0.0190
-------------------------------------
[Epoch : 6/20]
Pr_Src_cls_loss	: 0.0473
Total_loss	: 0.0329
loss_cls	: 0.0145
loss_align	: 0.0184
-------------------------------------
[Epoch : 7/20]
Pr_Src_cls_loss	: 0.0473
Total_loss	: 0.0330
loss_cls	: 0.0150
loss_align	: 0.0179
-------------------------------------
[Epoch : 8/20]
Pr_Src_cls_loss	: 0.0473
Total_loss	: 0.0325
loss_cls	: 0.0149
loss_align	: 0.0176
-------------------------------------
[Epoch : 9/20]
Pr_Src_cls_loss	: 0.0473
Total_loss	: 0.0328
loss_cls	: 0.0153
loss_align	: 0.0176
Src_cls_loss	: 0.0000
-------------------------------------
[Epoch : 10/20]
Pr_Src_cls_loss	: 0.0473
Total_loss	: 0.0328
loss_cls	: 0.0155
loss_align	: 0.0173
Src_cls_loss	: 0.0000
-------------------------------------
[Epoch : 11/20]
Pr_Src_cls_loss	: 0.0473
Total_loss	: 0.0326
loss_cls	: 0.0154
loss_align	: 0.0171
Src_cls_loss	: 0.0000
-------------------------------------
[Epoch : 12/20]
Pr_Src_cls_loss	: 0.0473
Total_loss	: 0.0327
loss_cls	: 0.0157
loss_align	: 0.0170
Src_cls_loss	: 0.0000
-------------------------------------
[Epoch : 13/20]
Pr_Src_cls_loss	: 0.0473
Total_loss	: 0.0323
loss_cls	: 0.0156
loss_align	: 0.0167
Src_cls_loss	: 0.0000
-------------------------------------
[Epoch : 14/20]
Pr_Src_cls_loss	: 0.0473
Total_loss	: 0.0319
loss_cls	: 0.0155
loss_align	: 0.0164
Src_cls_loss	: 0.0000
-------------------------------------
[Epoch : 15/20]
Pr_Src_cls_loss	: 0.0473
Total_loss	: 0.0315
loss_cls	: 0.0155
loss_align	: 0.0160
Src_cls_loss	: 0.0000
-------------------------------------
[Epoch : 16/20]
Pr_Src_cls_loss	: 0.0473
Total_loss	: 0.0311
loss_cls	: 0.0154
loss_align	: 0.0157
Src_cls_loss	: 0.0000
-------------------------------------
[Epoch : 17/20]
Pr_Src_cls_loss	: 0.0473
Total_loss	: 0.0306
loss_cls	: 0.0152
loss_align	: 0.0154
Src_cls_loss	: 0.0000
-------------------------------------
[Epoch : 18/20]
Pr_Src_cls_loss	: 0.0473
Total_loss	: 0.0301
loss_cls	: 0.0150
loss_align	: 0.0151
Src_cls_loss	: 0.0000
-------------------------------------
[Epoch : 19/20]
Pr_Src_cls_loss	: 0.0473
Total_loss	: 0.0299
loss_cls	: 0.0150
loss_align	: 0.0148
Src_cls_loss	: 0.0000
-------------------------------------
[Epoch : 20/20]
Pr_Src_cls_loss	: 0.0473
Total_loss	: 0.0296
loss_cls	: 0.0150
loss_align	: 0.0146
Src_cls_loss	: 0.0000
-------------------------------------

[UniJDOT Debug] final_threshold = 0.9183 conf mean=0.9184 std=0.1103 reject=3.12%
[UniJDOT Eval ALL] n=1620 threshold=0.9183
[UniJDOT Eval ALL] conf: min=0.3158 max=0.9710 mean=0.9079 std=0.1357
[UniJDOT Eval ALL] rejected: 5.56%
[UniJDOT Eval ALL] pred class dist (pre-reject): [370, 396, 361, 493]
[UniJDOT Eval ALL] true label dist: [409, 400, 401, 410, 0] (last bin = unknown)
H_score: 0.0000, OS* (acc_c): 0.9154, UNK (acc_p): 0.0000, acc_mix: 0.9154, F1: 0.9405
[UniJDOT Eval ALL] n=1620 threshold=0.9183
[UniJDOT Eval ALL] conf: min=0.3158 max=0.9710 mean=0.9079 std=0.1357
[UniJDOT Eval ALL] rejected: 5.56%
[UniJDOT Eval ALL] pred class dist (pre-reject): [370, 396, 361, 493]
[UniJDOT Eval ALL] true label dist: [409, 400, 401, 410, 0] (last bin = unknown)
Uploading logs from: /mnt/data/home/tp2474/OpenSet-AdaTime/experiments_logs/RealWorld to mhealth_closed_set/UniJDOT_closed_set/RealWorld_to_mhealth_run_3
🏃 View run UniJDOT_run_3 at: http://127.0.0.1:5001/#/experiments/773515370876137118/runs/4381e0fc718f404e8a060d19ae818efe
🧪 View experiment at: http://127.0.0.1:5001/#/experiments/773515370876137118
=============================================
Dataset: RealWorld to mhealth_closed_set
Method:  UniJDOT
=============================================
Source: RealWorld ---> Target: mhealth
Run ID: 4
=============================================
[Pr Epoch : 1/20]
Pr_Src_cls_loss	: 0.1395
-------------------------------------
[Pr Epoch : 2/20]
Pr_Src_cls_loss	: 0.1108
-------------------------------------
[Pr Epoch : 3/20]
Pr_Src_cls_loss	: 0.0952
-------------------------------------
[Pr Epoch : 4/20]
Pr_Src_cls_loss	: 0.0874
-------------------------------------
[Pr Epoch : 5/20]
Pr_Src_cls_loss	: 0.0809
-------------------------------------
[Pr Epoch : 6/20]
Pr_Src_cls_loss	: 0.0761
-------------------------------------
[Pr Epoch : 7/20]
Pr_Src_cls_loss	: 0.0725
-------------------------------------
[Pr Epoch : 8/20]
Pr_Src_cls_loss	: 0.0690
-------------------------------------
[Pr Epoch : 9/20]
Pr_Src_cls_loss	: 0.0661
-------------------------------------
[Pr Epoch : 10/20]
Pr_Src_cls_loss	: 0.0642
-------------------------------------
[Pr Epoch : 11/20]
Pr_Src_cls_loss	: 0.0615
-------------------------------------
[Pr Epoch : 12/20]
Pr_Src_cls_loss	: 0.0596
-------------------------------------
[Pr Epoch : 13/20]
Pr_Src_cls_loss	: 0.0578
-------------------------------------
[Pr Epoch : 14/20]
Pr_Src_cls_loss	: 0.0563
-------------------------------------
[Pr Epoch : 15/20]
Pr_Src_cls_loss	: 0.0545
-------------------------------------
[Pr Epoch : 16/20]
Pr_Src_cls_loss	: 0.0529
-------------------------------------
[Pr Epoch : 17/20]
Pr_Src_cls_loss	: 0.0514
-------------------------------------
[Pr Epoch : 18/20]
Pr_Src_cls_loss	: 0.0502
-------------------------------------
[Pr Epoch : 19/20]
Pr_Src_cls_loss	: 0.0489
-------------------------------------
[Pr Epoch : 20/20]
Pr_Src_cls_loss	: 0.0478
-------------------------------------
/mnt/data/home/tp2474/OpenSet-AdaTime/algorithms/algorithms.py:1865: UserWarning: Implicit dimension choice for softmax has been deprecated. Change the call to include dim=X as an argument.
  trg_soft_cen = torch.nn.functional.softmax(after_lincls_cen).double()
[Epoch : 1/20]
Pr_Src_cls_loss	: 0.0478
Total_loss	: 0.0377
loss_cls	: 0.0141
loss_align	: 0.0236
-------------------------------------
[Epoch : 2/20]
Pr_Src_cls_loss	: 0.0478
Total_loss	: 0.0334
loss_cls	: 0.0135
loss_align	: 0.0198
-------------------------------------
[Epoch : 3/20]
Pr_Src_cls_loss	: 0.0478
Total_loss	: 0.0309
loss_cls	: 0.0125
loss_align	: 0.0184
-------------------------------------
[Epoch : 4/20]
Pr_Src_cls_loss	: 0.0478
Total_loss	: 0.0295
loss_cls	: 0.0122
loss_align	: 0.0173
-------------------------------------
[Epoch : 5/20]
Pr_Src_cls_loss	: 0.0478
Total_loss	: 0.0285
loss_cls	: 0.0118
loss_align	: 0.0167
-------------------------------------
[Epoch : 6/20]
Pr_Src_cls_loss	: 0.0478
Total_loss	: 0.0280
loss_cls	: 0.0116
loss_align	: 0.0163
-------------------------------------
[Epoch : 7/20]
Pr_Src_cls_loss	: 0.0478
Total_loss	: 0.0277
loss_cls	: 0.0116
loss_align	: 0.0161
-------------------------------------
[Epoch : 8/20]
Pr_Src_cls_loss	: 0.0478
Total_loss	: 0.0275
loss_cls	: 0.0116
loss_align	: 0.0159
-------------------------------------
[Epoch : 9/20]
Pr_Src_cls_loss	: 0.0478
Total_loss	: 0.0271
loss_cls	: 0.0115
loss_align	: 0.0157
Src_cls_loss	: 0.0000
-------------------------------------
[Epoch : 10/20]
Pr_Src_cls_loss	: 0.0478
Total_loss	: 0.0268
loss_cls	: 0.0113
loss_align	: 0.0155
Src_cls_loss	: 0.0000
-------------------------------------
[Epoch : 11/20]
Pr_Src_cls_loss	: 0.0478
Total_loss	: 0.0265
loss_cls	: 0.0112
loss_align	: 0.0153
Src_cls_loss	: 0.0000
-------------------------------------
[Epoch : 12/20]
Pr_Src_cls_loss	: 0.0478
Total_loss	: 0.0262
loss_cls	: 0.0111
loss_align	: 0.0152
Src_cls_loss	: 0.0000
-------------------------------------
[Epoch : 13/20]
Pr_Src_cls_loss	: 0.0478
Total_loss	: 0.0260
loss_cls	: 0.0109
loss_align	: 0.0150
Src_cls_loss	: 0.0000
-------------------------------------
[Epoch : 14/20]
Pr_Src_cls_loss	: 0.0478
Total_loss	: 0.0259
loss_cls	: 0.0109
loss_align	: 0.0150
Src_cls_loss	: 0.0000
-------------------------------------
[Epoch : 15/20]
Pr_Src_cls_loss	: 0.0478
Total_loss	: 0.0256
loss_cls	: 0.0107
loss_align	: 0.0149
Src_cls_loss	: 0.0000
-------------------------------------
[Epoch : 16/20]
Pr_Src_cls_loss	: 0.0478
Total_loss	: 0.0255
loss_cls	: 0.0107
loss_align	: 0.0148
Src_cls_loss	: 0.0000
-------------------------------------
[Epoch : 17/20]
Pr_Src_cls_loss	: 0.0478
Total_loss	: 0.0253
loss_cls	: 0.0106
loss_align	: 0.0148
Src_cls_loss	: 0.0000
-------------------------------------
[Epoch : 18/20]
Pr_Src_cls_loss	: 0.0478
Total_loss	: 0.0252
loss_cls	: 0.0105
loss_align	: 0.0147
Src_cls_loss	: 0.0000
-------------------------------------
[Epoch : 19/20]
Pr_Src_cls_loss	: 0.0478
Total_loss	: 0.0251
loss_cls	: 0.0105
loss_align	: 0.0146
Src_cls_loss	: 0.0000
-------------------------------------
[Epoch : 20/20]
Pr_Src_cls_loss	: 0.0478
Total_loss	: 0.0251
loss_cls	: 0.0105
loss_align	: 0.0146
Src_cls_loss	: 0.0000
-------------------------------------

[UniJDOT Debug] final_threshold = 0.8649 conf mean=0.7142 std=0.2682 reject=37.50%
[UniJDOT Eval ALL] n=1620 threshold=0.8649
[UniJDOT Eval ALL] conf: min=0.2510 max=0.8775 mean=0.6999 std=0.2728
[UniJDOT Eval ALL] rejected: 41.42%
[UniJDOT Eval ALL] pred class dist (pre-reject): [880, 99, 205, 436]
[UniJDOT Eval ALL] true label dist: [409, 400, 401, 410, 0] (last bin = unknown)
H_score: 0.0000, OS* (acc_c): 0.5123, UNK (acc_p): 0.0000, acc_mix: 0.5123, F1: 0.4942
[UniJDOT Eval ALL] n=1620 threshold=0.8649
[UniJDOT Eval ALL] conf: min=0.2510 max=0.8775 mean=0.6999 std=0.2728
[UniJDOT Eval ALL] rejected: 41.42%
[UniJDOT Eval ALL] pred class dist (pre-reject): [880, 99, 205, 436]
[UniJDOT Eval ALL] true label dist: [409, 400, 401, 410, 0] (last bin = unknown)
Uploading logs from: /mnt/data/home/tp2474/OpenSet-AdaTime/experiments_logs/RealWorld to mhealth_closed_set/UniJDOT_closed_set/RealWorld_to_mhealth_run_4
🏃 View run UniJDOT_run_4 at: http://127.0.0.1:5001/#/experiments/773515370876137118/runs/3154d7fb30b14e729868389eccb331c5
🧪 View experiment at: http://127.0.0.1:5001/#/experiments/773515370876137118
Running: Source=Pamap2 -> Target=RealWorld
[scenario] UniJDOT -> UniDA (uniDA=True)
Unlabeled data shape:  (26209, 150, 18)
Unlabelled Combined shape: (45172, 150, 18)

--- Dataloader Size Check ---
Source Train batches:   103
Target Train batches:   819
-------------------------------

Private classes:  tensor([])
=============================================
Dataset: Pamap2 to RealWorld_closed_set
Method:  UniJDOT
=============================================
Source: Pamap2 ---> Target: RealWorld
Run ID: 0
=============================================
[Pr Epoch : 1/20]
Pr_Src_cls_loss	: 0.1865
-------------------------------------
[Pr Epoch : 2/20]
Pr_Src_cls_loss	: 0.1221
-------------------------------------
[Pr Epoch : 3/20]
Pr_Src_cls_loss	: 0.0969
-------------------------------------
[Pr Epoch : 4/20]
Pr_Src_cls_loss	: 0.0806
-------------------------------------
[Pr Epoch : 5/20]
Pr_Src_cls_loss	: 0.0718
-------------------------------------
[Pr Epoch : 6/20]
Pr_Src_cls_loss	: 0.0641
-------------------------------------
[Pr Epoch : 7/20]
Pr_Src_cls_loss	: 0.0588
-------------------------------------
[Pr Epoch : 8/20]
Pr_Src_cls_loss	: 0.0552
-------------------------------------
[Pr Epoch : 9/20]
Pr_Src_cls_loss	: 0.0514
-------------------------------------
[Pr Epoch : 10/20]
Pr_Src_cls_loss	: 0.0477
-------------------------------------
[Pr Epoch : 11/20]
Pr_Src_cls_loss	: 0.0450
-------------------------------------
[Pr Epoch : 12/20]
Pr_Src_cls_loss	: 0.0423
-------------------------------------
[Pr Epoch : 13/20]
Pr_Src_cls_loss	: 0.0398
-------------------------------------
[Pr Epoch : 14/20]
Pr_Src_cls_loss	: 0.0394
-------------------------------------
[Pr Epoch : 15/20]
Pr_Src_cls_loss	: 0.0375
-------------------------------------
[Pr Epoch : 16/20]
Pr_Src_cls_loss	: 0.0357
-------------------------------------
[Pr Epoch : 17/20]
Pr_Src_cls_loss	: 0.0340
-------------------------------------
[Pr Epoch : 18/20]
Pr_Src_cls_loss	: 0.0338
-------------------------------------
[Pr Epoch : 19/20]
Pr_Src_cls_loss	: 0.0336
-------------------------------------
[Pr Epoch : 20/20]
Pr_Src_cls_loss	: 0.0322
-------------------------------------
/mnt/data/home/tp2474/OpenSet-AdaTime/algorithms/algorithms.py:1865: UserWarning: Implicit dimension choice for softmax has been deprecated. Change the call to include dim=X as an argument.
  trg_soft_cen = torch.nn.functional.softmax(after_lincls_cen).double()
[Epoch : 1/20]
Pr_Src_cls_loss	: 0.0322
Total_loss	: 0.0604
loss_cls	: 0.0103
loss_align	: 0.0501
-------------------------------------
[Epoch : 2/20]
Pr_Src_cls_loss	: 0.0322
Total_loss	: 0.0497
loss_cls	: 0.0100
loss_align	: 0.0396
-------------------------------------
[Epoch : 3/20]
Pr_Src_cls_loss	: 0.0322
Total_loss	: 0.0431
loss_cls	: 0.0092
loss_align	: 0.0338
-------------------------------------
[Epoch : 4/20]
Pr_Src_cls_loss	: 0.0322
Total_loss	: 0.0393
loss_cls	: 0.0095
loss_align	: 0.0298
-------------------------------------
[Epoch : 5/20]
Pr_Src_cls_loss	: 0.0322
Total_loss	: 0.0376
loss_cls	: 0.0100
loss_align	: 0.0277
-------------------------------------
[Epoch : 6/20]
Pr_Src_cls_loss	: 0.0322
Total_loss	: 0.0366
loss_cls	: 0.0107
loss_align	: 0.0258
-------------------------------------
[Epoch : 7/20]
Pr_Src_cls_loss	: 0.0322
Total_loss	: 0.0344
loss_cls	: 0.0100
loss_align	: 0.0243
-------------------------------------
[Epoch : 8/20]
Pr_Src_cls_loss	: 0.0322
Total_loss	: 0.0323
loss_cls	: 0.0094
loss_align	: 0.0229
-------------------------------------
[Epoch : 9/20]
Pr_Src_cls_loss	: 0.0322
Total_loss	: 0.0311
loss_cls	: 0.0093
loss_align	: 0.0218
Src_cls_loss	: 0.0000
-------------------------------------
[Epoch : 10/20]
Pr_Src_cls_loss	: 0.0322
Total_loss	: 0.0300
loss_cls	: 0.0090
loss_align	: 0.0210
Src_cls_loss	: 0.0000
-------------------------------------
[Epoch : 11/20]
Pr_Src_cls_loss	: 0.0322
Total_loss	: 0.0292
loss_cls	: 0.0087
loss_align	: 0.0205
Src_cls_loss	: 0.0000
-------------------------------------
[Epoch : 12/20]
Pr_Src_cls_loss	: 0.0322
Total_loss	: 0.0288
loss_cls	: 0.0089
loss_align	: 0.0199
Src_cls_loss	: 0.0000
-------------------------------------
[Epoch : 13/20]
Pr_Src_cls_loss	: 0.0322
Total_loss	: 0.0291
loss_cls	: 0.0094
loss_align	: 0.0197
Src_cls_loss	: 0.0000
-------------------------------------
[Epoch : 14/20]
Pr_Src_cls_loss	: 0.0322
Total_loss	: 0.0285
loss_cls	: 0.0093
loss_align	: 0.0192
Src_cls_loss	: 0.0000
-------------------------------------
[Epoch : 15/20]
Pr_Src_cls_loss	: 0.0322
Total_loss	: 0.0282
loss_cls	: 0.0093
loss_align	: 0.0189
Src_cls_loss	: 0.0000
-------------------------------------
[Epoch : 16/20]
Pr_Src_cls_loss	: 0.0322
Total_loss	: 0.0286
loss_cls	: 0.0100
loss_align	: 0.0186
Src_cls_loss	: 0.0000
-------------------------------------
[Epoch : 17/20]
Pr_Src_cls_loss	: 0.0322
Total_loss	: 0.0281
loss_cls	: 0.0098
loss_align	: 0.0183
Src_cls_loss	: 0.0000
-------------------------------------
[Epoch : 18/20]
Pr_Src_cls_loss	: 0.0322
Total_loss	: 0.0275
loss_cls	: 0.0095
loss_align	: 0.0180
Src_cls_loss	: 0.0000
-------------------------------------
[Epoch : 19/20]
Pr_Src_cls_loss	: 0.0322
Total_loss	: 0.0269
loss_cls	: 0.0092
loss_align	: 0.0177
Src_cls_loss	: 0.0000
-------------------------------------
[Epoch : 20/20]
Pr_Src_cls_loss	: 0.0322
Total_loss	: 0.0264
loss_cls	: 0.0088
loss_align	: 0.0176
Src_cls_loss	: 0.0000
-------------------------------------
/mnt/data/home/tp2474/OpenSet-AdaTime/trainers/abstract_trainer.py:331: FutureWarning: The behavior of DataFrame concatenation with empty or all-NA entries is deprecated. In a future version, this will no longer exclude empty or all-NA columns when determining the result dtypes. To retain the old behavior, exclude the relevant entries before the concat operation.
  table = pd.concat([table, results_df], ignore_index=True)

[UniJDOT Debug] final_threshold = 0.8300 conf mean=0.8129 std=0.1166 reject=18.75%
[UniJDOT Eval ALL] n=26209 threshold=0.8300
[UniJDOT Eval ALL] conf: min=0.2582 max=0.8830 mean=0.8151 std=0.1076
[UniJDOT Eval ALL] rejected: 19.06%
[UniJDOT Eval ALL] pred class dist (pre-reject): [6744, 5622, 5839, 8004]
[UniJDOT Eval ALL] true label dist: [6425, 6892, 6422, 6470, 0] (last bin = unknown)
H_score: 0.0000, OS* (acc_c): 0.6246, UNK (acc_p): 0.0000, acc_mix: 0.6246, F1: 0.6883
[UniJDOT Eval ALL] n=26209 threshold=0.8300
[UniJDOT Eval ALL] conf: min=0.2582 max=0.8830 mean=0.8151 std=0.1076
[UniJDOT Eval ALL] rejected: 19.06%
[UniJDOT Eval ALL] pred class dist (pre-reject): [6744, 5622, 5839, 8004]
[UniJDOT Eval ALL] true label dist: [6425, 6892, 6422, 6470, 0] (last bin = unknown)
Uploading logs from: /mnt/data/home/tp2474/OpenSet-AdaTime/experiments_logs/Pamap2 to RealWorld_closed_set/UniJDOT_closed_set/Pamap2_to_RealWorld_run_0
🏃 View run UniJDOT_run_0 at: http://127.0.0.1:5001/#/experiments/235622674570859121/runs/6baa6d71067f4d38803c9b72b4a97711
🧪 View experiment at: http://127.0.0.1:5001/#/experiments/235622674570859121
=============================================
Dataset: Pamap2 to RealWorld_closed_set
Method:  UniJDOT
=============================================
Source: Pamap2 ---> Target: RealWorld
Run ID: 1
=============================================
[Pr Epoch : 1/20]
Pr_Src_cls_loss	: 0.1689
-------------------------------------
[Pr Epoch : 2/20]
Pr_Src_cls_loss	: 0.1208
-------------------------------------
[Pr Epoch : 3/20]
Pr_Src_cls_loss	: 0.0974
-------------------------------------
[Pr Epoch : 4/20]
Pr_Src_cls_loss	: 0.0810
-------------------------------------
[Pr Epoch : 5/20]
Pr_Src_cls_loss	: 0.0767
-------------------------------------
[Pr Epoch : 6/20]
Pr_Src_cls_loss	: 0.0702
-------------------------------------
[Pr Epoch : 7/20]
Pr_Src_cls_loss	: 0.0642
-------------------------------------
[Pr Epoch : 8/20]
Pr_Src_cls_loss	: 0.0589
-------------------------------------
[Pr Epoch : 9/20]
Pr_Src_cls_loss	: 0.0547
-------------------------------------
[Pr Epoch : 10/20]
Pr_Src_cls_loss	: 0.0515
-------------------------------------
[Pr Epoch : 11/20]
Pr_Src_cls_loss	: 0.0482
-------------------------------------
[Pr Epoch : 12/20]
Pr_Src_cls_loss	: 0.0457
-------------------------------------
[Pr Epoch : 13/20]
Pr_Src_cls_loss	: 0.0430
-------------------------------------
[Pr Epoch : 14/20]
Pr_Src_cls_loss	: 0.0432
-------------------------------------
[Pr Epoch : 15/20]
Pr_Src_cls_loss	: 0.0411
-------------------------------------
[Pr Epoch : 16/20]
Pr_Src_cls_loss	: 0.0400
-------------------------------------
[Pr Epoch : 17/20]
Pr_Src_cls_loss	: 0.0387
-------------------------------------
[Pr Epoch : 18/20]
Pr_Src_cls_loss	: 0.0369
-------------------------------------
[Pr Epoch : 19/20]
Pr_Src_cls_loss	: 0.0353
-------------------------------------
[Pr Epoch : 20/20]
Pr_Src_cls_loss	: 0.0338
-------------------------------------
/mnt/data/home/tp2474/OpenSet-AdaTime/algorithms/algorithms.py:1865: UserWarning: Implicit dimension choice for softmax has been deprecated. Change the call to include dim=X as an argument.
  trg_soft_cen = torch.nn.functional.softmax(after_lincls_cen).double()
[Epoch : 1/20]
Pr_Src_cls_loss	: 0.0338
Total_loss	: 0.0654
loss_cls	: 0.0111
loss_align	: 0.0543
-------------------------------------
[Epoch : 2/20]
Pr_Src_cls_loss	: 0.0338
Total_loss	: 0.0548
loss_cls	: 0.0095
loss_align	: 0.0453
-------------------------------------
[Epoch : 3/20]
Pr_Src_cls_loss	: 0.0338
Total_loss	: 0.0490
loss_cls	: 0.0091
loss_align	: 0.0399
-------------------------------------
[Epoch : 4/20]
Pr_Src_cls_loss	: 0.0338
Total_loss	: 0.0469
loss_cls	: 0.0097
loss_align	: 0.0373
-------------------------------------
[Epoch : 5/20]
Pr_Src_cls_loss	: 0.0338
Total_loss	: 0.0482
loss_cls	: 0.0107
loss_align	: 0.0375
-------------------------------------
[Epoch : 6/20]
Pr_Src_cls_loss	: 0.0338
Total_loss	: 0.0506
loss_cls	: 0.0103
loss_align	: 0.0404
-------------------------------------
[Epoch : 7/20]
Pr_Src_cls_loss	: 0.0338
Total_loss	: 0.0537
loss_cls	: 0.0104
loss_align	: 0.0433
-------------------------------------
[Epoch : 8/20]
Pr_Src_cls_loss	: 0.0338
Total_loss	: 0.0554
loss_cls	: 0.0101
loss_align	: 0.0453
-------------------------------------
[Epoch : 9/20]
Pr_Src_cls_loss	: 0.0338
Total_loss	: 0.0578
loss_cls	: 0.0105
loss_align	: 0.0474
Src_cls_loss	: 0.0000
-------------------------------------
[Epoch : 10/20]
Pr_Src_cls_loss	: 0.0338
Total_loss	: 0.0594
loss_cls	: 0.0104
loss_align	: 0.0491
Src_cls_loss	: 0.0000
-------------------------------------
[Epoch : 11/20]
Pr_Src_cls_loss	: 0.0338
Total_loss	: 0.0605
loss_cls	: 0.0100
loss_align	: 0.0505
Src_cls_loss	: 0.0000
-------------------------------------
[Epoch : 12/20]
Pr_Src_cls_loss	: 0.0338
Total_loss	: 0.0610
loss_cls	: 0.0095
loss_align	: 0.0515
Src_cls_loss	: 0.0000
-------------------------------------
[Epoch : 13/20]
Pr_Src_cls_loss	: 0.0338
Total_loss	: 0.0611
loss_cls	: 0.0089
loss_align	: 0.0522
Src_cls_loss	: 0.0000
-------------------------------------
[Epoch : 14/20]
Pr_Src_cls_loss	: 0.0338
Total_loss	: 0.0616
loss_cls	: 0.0088
loss_align	: 0.0528
Src_cls_loss	: 0.0000
-------------------------------------
[Epoch : 15/20]
Pr_Src_cls_loss	: 0.0338
Total_loss	: 0.0615
loss_cls	: 0.0085
loss_align	: 0.0531
Src_cls_loss	: 0.0000
-------------------------------------
[Epoch : 16/20]
Pr_Src_cls_loss	: 0.0338
Total_loss	: 0.0614
loss_cls	: 0.0081
loss_align	: 0.0532
Src_cls_loss	: 0.0000
-------------------------------------
[Epoch : 17/20]
Pr_Src_cls_loss	: 0.0338
Total_loss	: 0.0617
loss_cls	: 0.0082
loss_align	: 0.0535
Src_cls_loss	: 0.0000
-------------------------------------
[Epoch : 18/20]
Pr_Src_cls_loss	: 0.0338
Total_loss	: 0.0616
loss_cls	: 0.0078
loss_align	: 0.0537
Src_cls_loss	: 0.0000
-------------------------------------
[Epoch : 19/20]
Pr_Src_cls_loss	: 0.0338
Total_loss	: 0.0613
loss_cls	: 0.0076
loss_align	: 0.0537
Src_cls_loss	: 0.0000
-------------------------------------
[Epoch : 20/20]
Pr_Src_cls_loss	: 0.0338
Total_loss	: 0.0609
loss_cls	: 0.0073
loss_align	: 0.0536
Src_cls_loss	: 0.0000
-------------------------------------

[UniJDOT Debug] final_threshold = 0.8232 conf mean=0.6150 std=0.2996 reject=54.69%
[UniJDOT Eval ALL] n=26209 threshold=0.8232
[UniJDOT Eval ALL] conf: min=0.2511 max=0.9357 mean=0.5907 std=0.2958
[UniJDOT Eval ALL] rejected: 62.91%
[UniJDOT Eval ALL] pred class dist (pre-reject): [2602, 5931, 9855, 7821]
[UniJDOT Eval ALL] true label dist: [6425, 6892, 6422, 6470, 0] (last bin = unknown)
H_score: 0.0000, OS* (acc_c): 0.3489, UNK (acc_p): 0.0000, acc_mix: 0.3489, F1: 0.4134
[UniJDOT Eval ALL] n=26209 threshold=0.8232
[UniJDOT Eval ALL] conf: min=0.2511 max=0.9357 mean=0.5907 std=0.2958
[UniJDOT Eval ALL] rejected: 62.91%
[UniJDOT Eval ALL] pred class dist (pre-reject): [2602, 5931, 9855, 7821]
[UniJDOT Eval ALL] true label dist: [6425, 6892, 6422, 6470, 0] (last bin = unknown)
Uploading logs from: /mnt/data/home/tp2474/OpenSet-AdaTime/experiments_logs/Pamap2 to RealWorld_closed_set/UniJDOT_closed_set/Pamap2_to_RealWorld_run_1
🏃 View run UniJDOT_run_1 at: http://127.0.0.1:5001/#/experiments/235622674570859121/runs/c79dba2f75cf496785df124c0c4da014
🧪 View experiment at: http://127.0.0.1:5001/#/experiments/235622674570859121
=============================================
Dataset: Pamap2 to RealWorld_closed_set
Method:  UniJDOT
=============================================
Source: Pamap2 ---> Target: RealWorld
Run ID: 2
=============================================
[Pr Epoch : 1/20]
Pr_Src_cls_loss	: 0.2326
-------------------------------------
[Pr Epoch : 2/20]
Pr_Src_cls_loss	: 0.1430
-------------------------------------
[Pr Epoch : 3/20]
Pr_Src_cls_loss	: 0.1134
-------------------------------------
[Pr Epoch : 4/20]
Pr_Src_cls_loss	: 0.0954
-------------------------------------
[Pr Epoch : 5/20]
Pr_Src_cls_loss	: 0.0840
-------------------------------------
[Pr Epoch : 6/20]
Pr_Src_cls_loss	: 0.0743
-------------------------------------
[Pr Epoch : 7/20]
Pr_Src_cls_loss	: 0.0662
-------------------------------------
[Pr Epoch : 8/20]
Pr_Src_cls_loss	: 0.0612
-------------------------------------
[Pr Epoch : 9/20]
Pr_Src_cls_loss	: 0.0575
-------------------------------------
[Pr Epoch : 10/20]
Pr_Src_cls_loss	: 0.0534
-------------------------------------
[Pr Epoch : 11/20]
Pr_Src_cls_loss	: 0.0509
-------------------------------------
[Pr Epoch : 12/20]
Pr_Src_cls_loss	: 0.0480
-------------------------------------
[Pr Epoch : 13/20]
Pr_Src_cls_loss	: 0.0453
-------------------------------------
[Pr Epoch : 14/20]
Pr_Src_cls_loss	: 0.0437
-------------------------------------
[Pr Epoch : 15/20]
Pr_Src_cls_loss	: 0.0443
-------------------------------------
[Pr Epoch : 16/20]
Pr_Src_cls_loss	: 0.0434
-------------------------------------
[Pr Epoch : 17/20]
Pr_Src_cls_loss	: 0.0415
-------------------------------------
[Pr Epoch : 18/20]
Pr_Src_cls_loss	: 0.0396
-------------------------------------
[Pr Epoch : 19/20]
Pr_Src_cls_loss	: 0.0384
-------------------------------------
[Pr Epoch : 20/20]
Pr_Src_cls_loss	: 0.0371
-------------------------------------
/mnt/data/home/tp2474/OpenSet-AdaTime/algorithms/algorithms.py:1865: UserWarning: Implicit dimension choice for softmax has been deprecated. Change the call to include dim=X as an argument.
  trg_soft_cen = torch.nn.functional.softmax(after_lincls_cen).double()
[Epoch : 1/20]
Pr_Src_cls_loss	: 0.0371
Total_loss	: 0.0641
loss_cls	: 0.0067
loss_align	: 0.0574
-------------------------------------
[Epoch : 2/20]
Pr_Src_cls_loss	: 0.0371
Total_loss	: 0.0521
loss_cls	: 0.0072
loss_align	: 0.0450
-------------------------------------
[Epoch : 3/20]
Pr_Src_cls_loss	: 0.0371
Total_loss	: 0.0462
loss_cls	: 0.0080
loss_align	: 0.0382
-------------------------------------
[Epoch : 4/20]
Pr_Src_cls_loss	: 0.0371
Total_loss	: 0.0408
loss_cls	: 0.0073
loss_align	: 0.0335
-------------------------------------
[Epoch : 5/20]
Pr_Src_cls_loss	: 0.0371
Total_loss	: 0.0366
loss_cls	: 0.0063
loss_align	: 0.0303
-------------------------------------
[Epoch : 6/20]
Pr_Src_cls_loss	: 0.0371
Total_loss	: 0.0350
loss_cls	: 0.0069
loss_align	: 0.0280
-------------------------------------
[Epoch : 7/20]
Pr_Src_cls_loss	: 0.0371
Total_loss	: 0.0332
loss_cls	: 0.0069
loss_align	: 0.0263
-------------------------------------
[Epoch : 8/20]
Pr_Src_cls_loss	: 0.0371
Total_loss	: 0.0319
loss_cls	: 0.0069
loss_align	: 0.0250
-------------------------------------
[Epoch : 9/20]
Pr_Src_cls_loss	: 0.0371
Total_loss	: 0.0313
loss_cls	: 0.0071
loss_align	: 0.0242
Src_cls_loss	: 0.0000
-------------------------------------
[Epoch : 10/20]
Pr_Src_cls_loss	: 0.0371
Total_loss	: 0.0305
loss_cls	: 0.0071
loss_align	: 0.0234
Src_cls_loss	: 0.0000
-------------------------------------
[Epoch : 11/20]
Pr_Src_cls_loss	: 0.0371
Total_loss	: 0.0299
loss_cls	: 0.0072
loss_align	: 0.0227
Src_cls_loss	: 0.0000
-------------------------------------
[Epoch : 12/20]
Pr_Src_cls_loss	: 0.0371
Total_loss	: 0.0289
loss_cls	: 0.0070
loss_align	: 0.0219
Src_cls_loss	: 0.0000
-------------------------------------
[Epoch : 13/20]
Pr_Src_cls_loss	: 0.0371
Total_loss	: 0.0302
loss_cls	: 0.0087
loss_align	: 0.0215
Src_cls_loss	: 0.0000
-------------------------------------
[Epoch : 14/20]
Pr_Src_cls_loss	: 0.0371
Total_loss	: 0.0306
loss_cls	: 0.0093
loss_align	: 0.0213
Src_cls_loss	: 0.0000
-------------------------------------
[Epoch : 15/20]
Pr_Src_cls_loss	: 0.0371
Total_loss	: 0.0297
loss_cls	: 0.0090
loss_align	: 0.0207
Src_cls_loss	: 0.0000
-------------------------------------
[Epoch : 16/20]
Pr_Src_cls_loss	: 0.0371
Total_loss	: 0.0293
loss_cls	: 0.0089
loss_align	: 0.0204
Src_cls_loss	: 0.0000
-------------------------------------
[Epoch : 17/20]
Pr_Src_cls_loss	: 0.0371
Total_loss	: 0.0285
loss_cls	: 0.0085
loss_align	: 0.0200
Src_cls_loss	: 0.0000
-------------------------------------
[Epoch : 18/20]
Pr_Src_cls_loss	: 0.0371
Total_loss	: 0.0278
loss_cls	: 0.0082
loss_align	: 0.0196
Src_cls_loss	: 0.0000
-------------------------------------
[Epoch : 19/20]
Pr_Src_cls_loss	: 0.0371
Total_loss	: 0.0274
loss_cls	: 0.0080
loss_align	: 0.0194
Src_cls_loss	: 0.0000
-------------------------------------
[Epoch : 20/20]
Pr_Src_cls_loss	: 0.0371
Total_loss	: 0.0274
loss_cls	: 0.0078
loss_align	: 0.0195
Src_cls_loss	: 0.0000
-------------------------------------

[UniJDOT Debug] final_threshold = 0.8348 conf mean=0.8283 std=0.1353 reject=18.75%
[UniJDOT Eval ALL] n=26209 threshold=0.8348
[UniJDOT Eval ALL] conf: min=0.2600 max=0.9052 mean=0.8239 std=0.1410
[UniJDOT Eval ALL] rejected: 17.63%
[UniJDOT Eval ALL] pred class dist (pre-reject): [7362, 6279, 5565, 7003]
[UniJDOT Eval ALL] true label dist: [6425, 6892, 6422, 6470, 0] (last bin = unknown)
H_score: 0.0000, OS* (acc_c): 0.6899, UNK (acc_p): 0.0000, acc_mix: 0.6899, F1: 0.7470
[UniJDOT Eval ALL] n=26209 threshold=0.8348
[UniJDOT Eval ALL] conf: min=0.2600 max=0.9052 mean=0.8239 std=0.1410
[UniJDOT Eval ALL] rejected: 17.63%
[UniJDOT Eval ALL] pred class dist (pre-reject): [7362, 6279, 5565, 7003]
[UniJDOT Eval ALL] true label dist: [6425, 6892, 6422, 6470, 0] (last bin = unknown)
Uploading logs from: /mnt/data/home/tp2474/OpenSet-AdaTime/experiments_logs/Pamap2 to RealWorld_closed_set/UniJDOT_closed_set/Pamap2_to_RealWorld_run_2
🏃 View run UniJDOT_run_2 at: http://127.0.0.1:5001/#/experiments/235622674570859121/runs/1c6c49143b7f4145b2391c95d6ce3c85
🧪 View experiment at: http://127.0.0.1:5001/#/experiments/235622674570859121
=============================================
Dataset: Pamap2 to RealWorld_closed_set
Method:  UniJDOT
=============================================
Source: Pamap2 ---> Target: RealWorld
Run ID: 3
=============================================
[Pr Epoch : 1/20]
Pr_Src_cls_loss	: 0.1700
-------------------------------------
[Pr Epoch : 2/20]
Pr_Src_cls_loss	: 0.1101
-------------------------------------
[Pr Epoch : 3/20]
Pr_Src_cls_loss	: 0.0856
-------------------------------------
[Pr Epoch : 4/20]
Pr_Src_cls_loss	: 0.0754
-------------------------------------
[Pr Epoch : 5/20]
Pr_Src_cls_loss	: 0.0668
-------------------------------------
[Pr Epoch : 6/20]
Pr_Src_cls_loss	: 0.0622
-------------------------------------
[Pr Epoch : 7/20]
Pr_Src_cls_loss	: 0.0566
-------------------------------------
[Pr Epoch : 8/20]
Pr_Src_cls_loss	: 0.0550
-------------------------------------
[Pr Epoch : 9/20]
Pr_Src_cls_loss	: 0.0521
-------------------------------------
[Pr Epoch : 10/20]
Pr_Src_cls_loss	: 0.0498
-------------------------------------
[Pr Epoch : 11/20]
Pr_Src_cls_loss	: 0.0471
-------------------------------------
[Pr Epoch : 12/20]
Pr_Src_cls_loss	: 0.0444
-------------------------------------
[Pr Epoch : 13/20]
Pr_Src_cls_loss	: 0.0416
-------------------------------------
[Pr Epoch : 14/20]
Pr_Src_cls_loss	: 0.0389
-------------------------------------
[Pr Epoch : 15/20]
Pr_Src_cls_loss	: 0.0375
-------------------------------------
[Pr Epoch : 16/20]
Pr_Src_cls_loss	: 0.0360
-------------------------------------
[Pr Epoch : 17/20]
Pr_Src_cls_loss	: 0.0347
-------------------------------------
[Pr Epoch : 18/20]
Pr_Src_cls_loss	: 0.0332
-------------------------------------
[Pr Epoch : 19/20]
Pr_Src_cls_loss	: 0.0319
-------------------------------------
[Pr Epoch : 20/20]
Pr_Src_cls_loss	: 0.0310
-------------------------------------
/mnt/data/home/tp2474/OpenSet-AdaTime/algorithms/algorithms.py:1865: UserWarning: Implicit dimension choice for softmax has been deprecated. Change the call to include dim=X as an argument.
  trg_soft_cen = torch.nn.functional.softmax(after_lincls_cen).double()
[Epoch : 1/20]
Pr_Src_cls_loss	: 0.0310
Total_loss	: 0.0632
loss_cls	: 0.0100
loss_align	: 0.0532
-------------------------------------
[Epoch : 2/20]
Pr_Src_cls_loss	: 0.0310
Total_loss	: 0.0547
loss_cls	: 0.0120
loss_align	: 0.0427
-------------------------------------
[Epoch : 3/20]
Pr_Src_cls_loss	: 0.0310
Total_loss	: 0.0480
loss_cls	: 0.0105
loss_align	: 0.0376
-------------------------------------
[Epoch : 4/20]
Pr_Src_cls_loss	: 0.0310
Total_loss	: 0.0441
loss_cls	: 0.0087
loss_align	: 0.0354
-------------------------------------
[Epoch : 5/20]
Pr_Src_cls_loss	: 0.0310
Total_loss	: 0.0470
loss_cls	: 0.0083
loss_align	: 0.0387
-------------------------------------
[Epoch : 6/20]
Pr_Src_cls_loss	: 0.0310
Total_loss	: 0.0506
loss_cls	: 0.0080
loss_align	: 0.0426
-------------------------------------
[Epoch : 7/20]
Pr_Src_cls_loss	: 0.0310
Total_loss	: 0.0531
loss_cls	: 0.0076
loss_align	: 0.0455
-------------------------------------
[Epoch : 8/20]
Pr_Src_cls_loss	: 0.0310
Total_loss	: 0.0540
loss_cls	: 0.0069
loss_align	: 0.0472
-------------------------------------
[Epoch : 9/20]
Pr_Src_cls_loss	: 0.0310
Total_loss	: 0.0551
loss_cls	: 0.0068
loss_align	: 0.0484
Src_cls_loss	: 0.0000
-------------------------------------
[Epoch : 10/20]
Pr_Src_cls_loss	: 0.0310
Total_loss	: 0.0566
loss_cls	: 0.0071
loss_align	: 0.0495
Src_cls_loss	: 0.0000
-------------------------------------
[Epoch : 11/20]
Pr_Src_cls_loss	: 0.0310
Total_loss	: 0.0576
loss_cls	: 0.0071
loss_align	: 0.0505
Src_cls_loss	: 0.0000
-------------------------------------
[Epoch : 12/20]
Pr_Src_cls_loss	: 0.0310
Total_loss	: 0.0579
loss_cls	: 0.0067
loss_align	: 0.0512
Src_cls_loss	: 0.0000
-------------------------------------
[Epoch : 13/20]
Pr_Src_cls_loss	: 0.0310
Total_loss	: 0.0586
loss_cls	: 0.0069
loss_align	: 0.0517
Src_cls_loss	: 0.0000
-------------------------------------
[Epoch : 14/20]
Pr_Src_cls_loss	: 0.0310
Total_loss	: 0.0590
loss_cls	: 0.0068
loss_align	: 0.0522
Src_cls_loss	: 0.0000
-------------------------------------
[Epoch : 15/20]
Pr_Src_cls_loss	: 0.0310
Total_loss	: 0.0595
loss_cls	: 0.0068
loss_align	: 0.0527
Src_cls_loss	: 0.0000
-------------------------------------
[Epoch : 16/20]
Pr_Src_cls_loss	: 0.0310
Total_loss	: 0.0593
loss_cls	: 0.0065
loss_align	: 0.0528
Src_cls_loss	: 0.0000
-------------------------------------
[Epoch : 17/20]
Pr_Src_cls_loss	: 0.0310
Total_loss	: 0.0590
loss_cls	: 0.0061
loss_align	: 0.0528
Src_cls_loss	: 0.0000
-------------------------------------
[Epoch : 18/20]
Pr_Src_cls_loss	: 0.0310
Total_loss	: 0.0588
loss_cls	: 0.0059
loss_align	: 0.0528
Src_cls_loss	: 0.0000
-------------------------------------
[Epoch : 19/20]
Pr_Src_cls_loss	: 0.0310
Total_loss	: 0.0590
loss_cls	: 0.0062
loss_align	: 0.0527
Src_cls_loss	: 0.0000
-------------------------------------
[Epoch : 20/20]
Pr_Src_cls_loss	: 0.0310
Total_loss	: 0.0588
loss_cls	: 0.0063
loss_align	: 0.0524
Src_cls_loss	: 0.0000
-------------------------------------

[UniJDOT Debug] final_threshold = 0.8618 conf mean=0.6314 std=0.3037 reject=51.56%
[UniJDOT Eval ALL] n=26209 threshold=0.8618
[UniJDOT Eval ALL] conf: min=0.2504 max=0.9189 mean=0.6454 std=0.3003
[UniJDOT Eval ALL] rejected: 50.87%
[UniJDOT Eval ALL] pred class dist (pre-reject): [10841, 5668, 2839, 6861]
[UniJDOT Eval ALL] true label dist: [6425, 6892, 6422, 6470, 0] (last bin = unknown)
H_score: 0.0000, OS* (acc_c): 0.4856, UNK (acc_p): 0.0000, acc_mix: 0.4856, F1: 0.5600
[UniJDOT Eval ALL] n=26209 threshold=0.8618
[UniJDOT Eval ALL] conf: min=0.2504 max=0.9189 mean=0.6454 std=0.3003
[UniJDOT Eval ALL] rejected: 50.87%
[UniJDOT Eval ALL] pred class dist (pre-reject): [10841, 5668, 2839, 6861]
[UniJDOT Eval ALL] true label dist: [6425, 6892, 6422, 6470, 0] (last bin = unknown)
Uploading logs from: /mnt/data/home/tp2474/OpenSet-AdaTime/experiments_logs/Pamap2 to RealWorld_closed_set/UniJDOT_closed_set/Pamap2_to_RealWorld_run_3
🏃 View run UniJDOT_run_3 at: http://127.0.0.1:5001/#/experiments/235622674570859121/runs/ae168d64db6942929a56562d46cb501e
🧪 View experiment at: http://127.0.0.1:5001/#/experiments/235622674570859121
=============================================
Dataset: Pamap2 to RealWorld_closed_set
Method:  UniJDOT
=============================================
Source: Pamap2 ---> Target: RealWorld
Run ID: 4
=============================================
[Pr Epoch : 1/20]
Pr_Src_cls_loss	: 0.1892
-------------------------------------
[Pr Epoch : 2/20]
Pr_Src_cls_loss	: 0.1220
-------------------------------------
[Pr Epoch : 3/20]
Pr_Src_cls_loss	: 0.0995
-------------------------------------
[Pr Epoch : 4/20]
Pr_Src_cls_loss	: 0.0819
-------------------------------------
[Pr Epoch : 5/20]
Pr_Src_cls_loss	: 0.0708
-------------------------------------
[Pr Epoch : 6/20]
Pr_Src_cls_loss	: 0.0653
-------------------------------------
[Pr Epoch : 7/20]
Pr_Src_cls_loss	: 0.0597
-------------------------------------
[Pr Epoch : 8/20]
Pr_Src_cls_loss	: 0.0539
-------------------------------------
[Pr Epoch : 9/20]
Pr_Src_cls_loss	: 0.0497
-------------------------------------
[Pr Epoch : 10/20]
Pr_Src_cls_loss	: 0.0478
-------------------------------------
[Pr Epoch : 11/20]
Pr_Src_cls_loss	: 0.0459
-------------------------------------
[Pr Epoch : 12/20]
Pr_Src_cls_loss	: 0.0455
-------------------------------------
[Pr Epoch : 13/20]
Pr_Src_cls_loss	: 0.0430
-------------------------------------
[Pr Epoch : 14/20]
Pr_Src_cls_loss	: 0.0409
-------------------------------------
[Pr Epoch : 15/20]
Pr_Src_cls_loss	: 0.0391
-------------------------------------
[Pr Epoch : 16/20]
Pr_Src_cls_loss	: 0.0377
-------------------------------------
[Pr Epoch : 17/20]
Pr_Src_cls_loss	: 0.0359
-------------------------------------
[Pr Epoch : 18/20]
Pr_Src_cls_loss	: 0.0346
-------------------------------------
[Pr Epoch : 19/20]
Pr_Src_cls_loss	: 0.0332
-------------------------------------
[Pr Epoch : 20/20]
Pr_Src_cls_loss	: 0.0323
-------------------------------------
/mnt/data/home/tp2474/OpenSet-AdaTime/algorithms/algorithms.py:1865: UserWarning: Implicit dimension choice for softmax has been deprecated. Change the call to include dim=X as an argument.
  trg_soft_cen = torch.nn.functional.softmax(after_lincls_cen).double()
[Epoch : 1/20]
Pr_Src_cls_loss	: 0.0323
Total_loss	: 0.0580
loss_cls	: 0.0098
loss_align	: 0.0482
-------------------------------------
[Epoch : 2/20]
Pr_Src_cls_loss	: 0.0323
Total_loss	: 0.0466
loss_cls	: 0.0081
loss_align	: 0.0385
-------------------------------------
[Epoch : 3/20]
Pr_Src_cls_loss	: 0.0323
Total_loss	: 0.0413
loss_cls	: 0.0082
loss_align	: 0.0331
-------------------------------------
[Epoch : 4/20]
Pr_Src_cls_loss	: 0.0323
Total_loss	: 0.0385
loss_cls	: 0.0086
loss_align	: 0.0299
-------------------------------------
[Epoch : 5/20]
Pr_Src_cls_loss	: 0.0323
Total_loss	: 0.0369
loss_cls	: 0.0092
loss_align	: 0.0277
-------------------------------------
[Epoch : 6/20]
Pr_Src_cls_loss	: 0.0323
Total_loss	: 0.0343
loss_cls	: 0.0087
loss_align	: 0.0257
-------------------------------------
[Epoch : 7/20]
Pr_Src_cls_loss	: 0.0323
Total_loss	: 0.0330
loss_cls	: 0.0087
loss_align	: 0.0243
-------------------------------------
[Epoch : 8/20]
Pr_Src_cls_loss	: 0.0323
Total_loss	: 0.0318
loss_cls	: 0.0085
loss_align	: 0.0232
-------------------------------------
[Epoch : 9/20]
Pr_Src_cls_loss	: 0.0323
Total_loss	: 0.0304
loss_cls	: 0.0080
loss_align	: 0.0224
Src_cls_loss	: 0.0000
-------------------------------------
[Epoch : 10/20]
Pr_Src_cls_loss	: 0.0323
Total_loss	: 0.0295
loss_cls	: 0.0078
loss_align	: 0.0218
Src_cls_loss	: 0.0000
-------------------------------------
[Epoch : 11/20]
Pr_Src_cls_loss	: 0.0323
Total_loss	: 0.0298
loss_cls	: 0.0085
loss_align	: 0.0213
Src_cls_loss	: 0.0000
-------------------------------------
[Epoch : 12/20]
Pr_Src_cls_loss	: 0.0323
Total_loss	: 0.0302
loss_cls	: 0.0086
loss_align	: 0.0216
Src_cls_loss	: 0.0000
-------------------------------------
[Epoch : 13/20]
Pr_Src_cls_loss	: 0.0323
Total_loss	: 0.0324
loss_cls	: 0.0089
loss_align	: 0.0236
Src_cls_loss	: 0.0000
-------------------------------------
[Epoch : 14/20]
Pr_Src_cls_loss	: 0.0323
Total_loss	: 0.0347
loss_cls	: 0.0088
loss_align	: 0.0259
Src_cls_loss	: 0.0000
-------------------------------------
[Epoch : 15/20]
Pr_Src_cls_loss	: 0.0323
Total_loss	: 0.0368
loss_cls	: 0.0088
loss_align	: 0.0280
Src_cls_loss	: 0.0000
-------------------------------------
[Epoch : 16/20]
Pr_Src_cls_loss	: 0.0323
Total_loss	: 0.0385
loss_cls	: 0.0086
loss_align	: 0.0299
Src_cls_loss	: 0.0000
-------------------------------------
[Epoch : 17/20]
Pr_Src_cls_loss	: 0.0323
Total_loss	: 0.0402
loss_cls	: 0.0086
loss_align	: 0.0316
Src_cls_loss	: 0.0000
-------------------------------------
[Epoch : 18/20]
Pr_Src_cls_loss	: 0.0323
Total_loss	: 0.0416
loss_cls	: 0.0084
loss_align	: 0.0332
Src_cls_loss	: 0.0000
-------------------------------------
[Epoch : 19/20]
Pr_Src_cls_loss	: 0.0323
Total_loss	: 0.0430
loss_cls	: 0.0082
loss_align	: 0.0348
Src_cls_loss	: 0.0000
-------------------------------------
[Epoch : 20/20]
Pr_Src_cls_loss	: 0.0323
Total_loss	: 0.0441
loss_cls	: 0.0080
loss_align	: 0.0361
Src_cls_loss	: 0.0000
-------------------------------------

[UniJDOT Debug] final_threshold = 0.6584 conf mean=0.5869 std=0.2716 reject=51.56%
[UniJDOT Eval ALL] n=26209 threshold=0.6584
[UniJDOT Eval ALL] conf: min=0.2508 max=0.8847 mean=0.6258 std=0.2717
[UniJDOT Eval ALL] rejected: 41.59%
[UniJDOT Eval ALL] pred class dist (pre-reject): [6844, 5192, 4100, 10073]
[UniJDOT Eval ALL] true label dist: [6425, 6892, 6422, 6470, 0] (last bin = unknown)
H_score: 0.0000, OS* (acc_c): 0.4793, UNK (acc_p): 0.0000, acc_mix: 0.4793, F1: 0.5355
[UniJDOT Eval ALL] n=26209 threshold=0.6584
[UniJDOT Eval ALL] conf: min=0.2508 max=0.8847 mean=0.6258 std=0.2717
[UniJDOT Eval ALL] rejected: 41.59%
[UniJDOT Eval ALL] pred class dist (pre-reject): [6844, 5192, 4100, 10073]
[UniJDOT Eval ALL] true label dist: [6425, 6892, 6422, 6470, 0] (last bin = unknown)
Uploading logs from: /mnt/data/home/tp2474/OpenSet-AdaTime/experiments_logs/Pamap2 to RealWorld_closed_set/UniJDOT_closed_set/Pamap2_to_RealWorld_run_4
🏃 View run UniJDOT_run_4 at: http://127.0.0.1:5001/#/experiments/235622674570859121/runs/8f2b46ac6dd848e49444d10ef18979ba
🧪 View experiment at: http://127.0.0.1:5001/#/experiments/235622674570859121
Running: Source=Pamap2 -> Target=mhealth
[scenario] UniJDOT -> UniDA (uniDA=True)
Unlabeled data shape:  (1620, 150, 18)
Unlabelled Combined shape: (2786, 150, 18)

--- Dataloader Size Check ---
Source Train batches:   103
Target Train batches:   50
-------------------------------

Private classes:  tensor([])
=============================================
Dataset: Pamap2 to mhealth_closed_set
Method:  UniJDOT
=============================================
Source: Pamap2 ---> Target: mhealth
Run ID: 0
=============================================
[Pr Epoch : 1/20]
Pr_Src_cls_loss	: 0.1865
-------------------------------------
[Pr Epoch : 2/20]
Pr_Src_cls_loss	: 0.1221
-------------------------------------
[Pr Epoch : 3/20]
Pr_Src_cls_loss	: 0.0969
-------------------------------------
[Pr Epoch : 4/20]
Pr_Src_cls_loss	: 0.0806
-------------------------------------
[Pr Epoch : 5/20]
Pr_Src_cls_loss	: 0.0718
-------------------------------------
[Pr Epoch : 6/20]
Pr_Src_cls_loss	: 0.0641
-------------------------------------
[Pr Epoch : 7/20]
Pr_Src_cls_loss	: 0.0588
-------------------------------------
[Pr Epoch : 8/20]
Pr_Src_cls_loss	: 0.0552
-------------------------------------
[Pr Epoch : 9/20]
Pr_Src_cls_loss	: 0.0514
-------------------------------------
[Pr Epoch : 10/20]
Pr_Src_cls_loss	: 0.0477
-------------------------------------
[Pr Epoch : 11/20]
Pr_Src_cls_loss	: 0.0450
-------------------------------------
[Pr Epoch : 12/20]
Pr_Src_cls_loss	: 0.0423
-------------------------------------
[Pr Epoch : 13/20]
Pr_Src_cls_loss	: 0.0398
-------------------------------------
[Pr Epoch : 14/20]
Pr_Src_cls_loss	: 0.0394
-------------------------------------
[Pr Epoch : 15/20]
Pr_Src_cls_loss	: 0.0375
-------------------------------------
[Pr Epoch : 16/20]
Pr_Src_cls_loss	: 0.0357
-------------------------------------
[Pr Epoch : 17/20]
Pr_Src_cls_loss	: 0.0340
-------------------------------------
[Pr Epoch : 18/20]
Pr_Src_cls_loss	: 0.0338
-------------------------------------
[Pr Epoch : 19/20]
Pr_Src_cls_loss	: 0.0336
-------------------------------------
[Pr Epoch : 20/20]
Pr_Src_cls_loss	: 0.0322
-------------------------------------
/mnt/data/home/tp2474/OpenSet-AdaTime/algorithms/algorithms.py:1865: UserWarning: Implicit dimension choice for softmax has been deprecated. Change the call to include dim=X as an argument.
  trg_soft_cen = torch.nn.functional.softmax(after_lincls_cen).double()
[Epoch : 1/20]
Pr_Src_cls_loss	: 0.0322
Total_loss	: 0.0644
loss_cls	: 0.0074
loss_align	: 0.0570
-------------------------------------
[Epoch : 2/20]
Pr_Src_cls_loss	: 0.0322
Total_loss	: 0.0623
loss_cls	: 0.0068
loss_align	: 0.0555
-------------------------------------
[Epoch : 3/20]
Pr_Src_cls_loss	: 0.0322
Total_loss	: 0.0626
loss_cls	: 0.0071
loss_align	: 0.0556
-------------------------------------
[Epoch : 4/20]
Pr_Src_cls_loss	: 0.0322
Total_loss	: 0.0612
loss_cls	: 0.0073
loss_align	: 0.0539
-------------------------------------
[Epoch : 5/20]
Pr_Src_cls_loss	: 0.0322
Total_loss	: 0.0606
loss_cls	: 0.0078
loss_align	: 0.0528
-------------------------------------
[Epoch : 6/20]
Pr_Src_cls_loss	: 0.0322
Total_loss	: 0.0593
loss_cls	: 0.0076
loss_align	: 0.0516
-------------------------------------
[Epoch : 7/20]
Pr_Src_cls_loss	: 0.0322
Total_loss	: 0.0574
loss_cls	: 0.0068
loss_align	: 0.0506
-------------------------------------
[Epoch : 8/20]
Pr_Src_cls_loss	: 0.0322
Total_loss	: 0.0565
loss_cls	: 0.0068
loss_align	: 0.0498
-------------------------------------
[Epoch : 9/20]
Pr_Src_cls_loss	: 0.0322
Total_loss	: 0.0552
loss_cls	: 0.0063
loss_align	: 0.0489
Src_cls_loss	: 0.0000
-------------------------------------
[Epoch : 10/20]
Pr_Src_cls_loss	: 0.0322
Total_loss	: 0.0541
loss_cls	: 0.0060
loss_align	: 0.0480
Src_cls_loss	: 0.0000
-------------------------------------
[Epoch : 11/20]
Pr_Src_cls_loss	: 0.0322
Total_loss	: 0.0539
loss_cls	: 0.0064
loss_align	: 0.0476
Src_cls_loss	: 0.0000
-------------------------------------
[Epoch : 12/20]
Pr_Src_cls_loss	: 0.0322
Total_loss	: 0.0533
loss_cls	: 0.0062
loss_align	: 0.0471
Src_cls_loss	: 0.0000
-------------------------------------
[Epoch : 13/20]
Pr_Src_cls_loss	: 0.0322
Total_loss	: 0.0528
loss_cls	: 0.0061
loss_align	: 0.0466
Src_cls_loss	: 0.0000
-------------------------------------
[Epoch : 14/20]
Pr_Src_cls_loss	: 0.0322
Total_loss	: 0.0520
loss_cls	: 0.0058
loss_align	: 0.0462
Src_cls_loss	: 0.0000
-------------------------------------
[Epoch : 15/20]
Pr_Src_cls_loss	: 0.0322
Total_loss	: 0.0518
loss_cls	: 0.0060
loss_align	: 0.0458
Src_cls_loss	: 0.0000
-------------------------------------
[Epoch : 16/20]
Pr_Src_cls_loss	: 0.0322
Total_loss	: 0.0514
loss_cls	: 0.0059
loss_align	: 0.0455
Src_cls_loss	: 0.0000
-------------------------------------
[Epoch : 17/20]
Pr_Src_cls_loss	: 0.0322
Total_loss	: 0.0510
loss_cls	: 0.0058
loss_align	: 0.0452
Src_cls_loss	: 0.0000
-------------------------------------
[Epoch : 18/20]
Pr_Src_cls_loss	: 0.0322
Total_loss	: 0.0508
loss_cls	: 0.0059
loss_align	: 0.0449
Src_cls_loss	: 0.0000
-------------------------------------
[Epoch : 19/20]
Pr_Src_cls_loss	: 0.0322
Total_loss	: 0.0505
loss_cls	: 0.0059
loss_align	: 0.0447
Src_cls_loss	: 0.0000
-------------------------------------
[Epoch : 20/20]
Pr_Src_cls_loss	: 0.0322
Total_loss	: 0.0504
loss_cls	: 0.0059
loss_align	: 0.0444
Src_cls_loss	: 0.0000
-------------------------------------
/mnt/data/home/tp2474/OpenSet-AdaTime/trainers/abstract_trainer.py:331: FutureWarning: The behavior of DataFrame concatenation with empty or all-NA entries is deprecated. In a future version, this will no longer exclude empty or all-NA columns when determining the result dtypes. To retain the old behavior, exclude the relevant entries before the concat operation.
  table = pd.concat([table, results_df], ignore_index=True)

[UniJDOT Debug] final_threshold = 0.8509 conf mean=0.7665 std=0.1821 reject=40.62%
[UniJDOT Eval ALL] n=1620 threshold=0.8509
[UniJDOT Eval ALL] conf: min=0.2556 max=0.8747 mean=0.7511 std=0.2029
[UniJDOT Eval ALL] rejected: 40.93%
[UniJDOT Eval ALL] pred class dist (pre-reject): [728, 291, 80, 521]
[UniJDOT Eval ALL] true label dist: [409, 400, 401, 410, 0] (last bin = unknown)
H_score: 0.0000, OS* (acc_c): 0.4463, UNK (acc_p): 0.0000, acc_mix: 0.4463, F1: 0.4143
[UniJDOT Eval ALL] n=1620 threshold=0.8509
[UniJDOT Eval ALL] conf: min=0.2556 max=0.8747 mean=0.7511 std=0.2029
[UniJDOT Eval ALL] rejected: 40.93%
[UniJDOT Eval ALL] pred class dist (pre-reject): [728, 291, 80, 521]
[UniJDOT Eval ALL] true label dist: [409, 400, 401, 410, 0] (last bin = unknown)
Uploading logs from: /mnt/data/home/tp2474/OpenSet-AdaTime/experiments_logs/Pamap2 to mhealth_closed_set/UniJDOT_closed_set/Pamap2_to_mhealth_run_0
🏃 View run UniJDOT_run_0 at: http://127.0.0.1:5001/#/experiments/297438354379357924/runs/cbaaa5fd9f3d41bda045d7e75e542d55
🧪 View experiment at: http://127.0.0.1:5001/#/experiments/297438354379357924
=============================================
Dataset: Pamap2 to mhealth_closed_set
Method:  UniJDOT
=============================================
Source: Pamap2 ---> Target: mhealth
Run ID: 1
=============================================
[Pr Epoch : 1/20]
Pr_Src_cls_loss	: 0.1689
-------------------------------------
[Pr Epoch : 2/20]
Pr_Src_cls_loss	: 0.1208
-------------------------------------
[Pr Epoch : 3/20]
Pr_Src_cls_loss	: 0.0974
-------------------------------------
[Pr Epoch : 4/20]
Pr_Src_cls_loss	: 0.0810
-------------------------------------
[Pr Epoch : 5/20]
Pr_Src_cls_loss	: 0.0767
-------------------------------------
[Pr Epoch : 6/20]
Pr_Src_cls_loss	: 0.0702
-------------------------------------
[Pr Epoch : 7/20]
Pr_Src_cls_loss	: 0.0642
-------------------------------------
[Pr Epoch : 8/20]
Pr_Src_cls_loss	: 0.0589
-------------------------------------
[Pr Epoch : 9/20]
Pr_Src_cls_loss	: 0.0547
-------------------------------------
[Pr Epoch : 10/20]
Pr_Src_cls_loss	: 0.0515
-------------------------------------
[Pr Epoch : 11/20]
Pr_Src_cls_loss	: 0.0482
-------------------------------------
[Pr Epoch : 12/20]
Pr_Src_cls_loss	: 0.0457
-------------------------------------
[Pr Epoch : 13/20]
Pr_Src_cls_loss	: 0.0430
-------------------------------------
[Pr Epoch : 14/20]
Pr_Src_cls_loss	: 0.0432
-------------------------------------
[Pr Epoch : 15/20]
Pr_Src_cls_loss	: 0.0411
-------------------------------------
[Pr Epoch : 16/20]
Pr_Src_cls_loss	: 0.0400
-------------------------------------
[Pr Epoch : 17/20]
Pr_Src_cls_loss	: 0.0387
-------------------------------------
[Pr Epoch : 18/20]
Pr_Src_cls_loss	: 0.0369
-------------------------------------
[Pr Epoch : 19/20]
Pr_Src_cls_loss	: 0.0353
-------------------------------------
[Pr Epoch : 20/20]
Pr_Src_cls_loss	: 0.0338
-------------------------------------
/mnt/data/home/tp2474/OpenSet-AdaTime/algorithms/algorithms.py:1865: UserWarning: Implicit dimension choice for softmax has been deprecated. Change the call to include dim=X as an argument.
  trg_soft_cen = torch.nn.functional.softmax(after_lincls_cen).double()
[Epoch : 1/20]
Pr_Src_cls_loss	: 0.0338
Total_loss	: 0.0647
loss_cls	: 0.0106
loss_align	: 0.0542
-------------------------------------
[Epoch : 2/20]
Pr_Src_cls_loss	: 0.0338
Total_loss	: 0.0507
loss_cls	: 0.0095
loss_align	: 0.0412
-------------------------------------
[Epoch : 3/20]
Pr_Src_cls_loss	: 0.0338
Total_loss	: 0.0463
loss_cls	: 0.0116
loss_align	: 0.0347
-------------------------------------
[Epoch : 4/20]
Pr_Src_cls_loss	: 0.0338
Total_loss	: 0.0416
loss_cls	: 0.0111
loss_align	: 0.0305
-------------------------------------
[Epoch : 5/20]
Pr_Src_cls_loss	: 0.0338
Total_loss	: 0.0378
loss_cls	: 0.0103
loss_align	: 0.0275
-------------------------------------
[Epoch : 6/20]
Pr_Src_cls_loss	: 0.0338
Total_loss	: 0.0345
loss_cls	: 0.0093
loss_align	: 0.0252
-------------------------------------
[Epoch : 7/20]
Pr_Src_cls_loss	: 0.0338
Total_loss	: 0.0324
loss_cls	: 0.0091
loss_align	: 0.0234
-------------------------------------
[Epoch : 8/20]
Pr_Src_cls_loss	: 0.0338
Total_loss	: 0.0311
loss_cls	: 0.0090
loss_align	: 0.0220
-------------------------------------
[Epoch : 9/20]
Pr_Src_cls_loss	: 0.0338
Total_loss	: 0.0303
loss_cls	: 0.0094
loss_align	: 0.0209
Src_cls_loss	: 0.0000
-------------------------------------
[Epoch : 10/20]
Pr_Src_cls_loss	: 0.0338
Total_loss	: 0.0289
loss_cls	: 0.0091
loss_align	: 0.0199
Src_cls_loss	: 0.0000
-------------------------------------
[Epoch : 11/20]
Pr_Src_cls_loss	: 0.0338
Total_loss	: 0.0277
loss_cls	: 0.0087
loss_align	: 0.0190
Src_cls_loss	: 0.0000
-------------------------------------
[Epoch : 12/20]
Pr_Src_cls_loss	: 0.0338
Total_loss	: 0.0264
loss_cls	: 0.0081
loss_align	: 0.0183
Src_cls_loss	: 0.0000
-------------------------------------
[Epoch : 13/20]
Pr_Src_cls_loss	: 0.0338
Total_loss	: 0.0252
loss_cls	: 0.0075
loss_align	: 0.0177
Src_cls_loss	: 0.0000
-------------------------------------
[Epoch : 14/20]
Pr_Src_cls_loss	: 0.0338
Total_loss	: 0.0248
loss_cls	: 0.0077
loss_align	: 0.0171
Src_cls_loss	: 0.0000
-------------------------------------
[Epoch : 15/20]
Pr_Src_cls_loss	: 0.0338
Total_loss	: 0.0249
loss_cls	: 0.0080
loss_align	: 0.0169
Src_cls_loss	: 0.0000
-------------------------------------
[Epoch : 16/20]
Pr_Src_cls_loss	: 0.0338
Total_loss	: 0.0251
loss_cls	: 0.0085
loss_align	: 0.0167
Src_cls_loss	: 0.0000
-------------------------------------
[Epoch : 17/20]
Pr_Src_cls_loss	: 0.0338
Total_loss	: 0.0249
loss_cls	: 0.0086
loss_align	: 0.0163
Src_cls_loss	: 0.0000
-------------------------------------
[Epoch : 18/20]
Pr_Src_cls_loss	: 0.0338
Total_loss	: 0.0245
loss_cls	: 0.0085
loss_align	: 0.0160
Src_cls_loss	: 0.0000
-------------------------------------
[Epoch : 19/20]
Pr_Src_cls_loss	: 0.0338
Total_loss	: 0.0238
loss_cls	: 0.0083
loss_align	: 0.0156
Src_cls_loss	: 0.0000
-------------------------------------
[Epoch : 20/20]
Pr_Src_cls_loss	: 0.0338
Total_loss	: 0.0233
loss_cls	: 0.0081
loss_align	: 0.0152
Src_cls_loss	: 0.0000
-------------------------------------

[UniJDOT Debug] final_threshold = 0.8299 conf mean=0.8540 std=0.0514 reject=43.75%
[UniJDOT Eval ALL] n=1620 threshold=0.8299
[UniJDOT Eval ALL] conf: min=0.4065 max=0.9106 mean=0.8576 std=0.0561
[UniJDOT Eval ALL] rejected: 36.05%
[UniJDOT Eval ALL] pred class dist (pre-reject): [495, 400, 363, 362]
[UniJDOT Eval ALL] true label dist: [409, 400, 401, 410, 0] (last bin = unknown)
H_score: 0.0000, OS* (acc_c): 0.3290, UNK (acc_p): 0.0000, acc_mix: 0.3290, F1: 0.3328
[UniJDOT Eval ALL] n=1620 threshold=0.8299
[UniJDOT Eval ALL] conf: min=0.4065 max=0.9106 mean=0.8576 std=0.0561
[UniJDOT Eval ALL] rejected: 36.05%
[UniJDOT Eval ALL] pred class dist (pre-reject): [495, 400, 363, 362]
[UniJDOT Eval ALL] true label dist: [409, 400, 401, 410, 0] (last bin = unknown)
Uploading logs from: /mnt/data/home/tp2474/OpenSet-AdaTime/experiments_logs/Pamap2 to mhealth_closed_set/UniJDOT_closed_set/Pamap2_to_mhealth_run_1
🏃 View run UniJDOT_run_1 at: http://127.0.0.1:5001/#/experiments/297438354379357924/runs/724b6aaa77c547499efab40b848592b8
🧪 View experiment at: http://127.0.0.1:5001/#/experiments/297438354379357924
=============================================
Dataset: Pamap2 to mhealth_closed_set
Method:  UniJDOT
=============================================
Source: Pamap2 ---> Target: mhealth
Run ID: 2
=============================================
[Pr Epoch : 1/20]
Pr_Src_cls_loss	: 0.2326
-------------------------------------
[Pr Epoch : 2/20]
Pr_Src_cls_loss	: 0.1430
-------------------------------------
[Pr Epoch : 3/20]
Pr_Src_cls_loss	: 0.1134
-------------------------------------
[Pr Epoch : 4/20]
Pr_Src_cls_loss	: 0.0954
-------------------------------------
[Pr Epoch : 5/20]
Pr_Src_cls_loss	: 0.0840
-------------------------------------
[Pr Epoch : 6/20]
Pr_Src_cls_loss	: 0.0743
-------------------------------------
[Pr Epoch : 7/20]
Pr_Src_cls_loss	: 0.0662
-------------------------------------
[Pr Epoch : 8/20]
Pr_Src_cls_loss	: 0.0612
-------------------------------------
[Pr Epoch : 9/20]
Pr_Src_cls_loss	: 0.0575
-------------------------------------
[Pr Epoch : 10/20]
Pr_Src_cls_loss	: 0.0534
-------------------------------------
[Pr Epoch : 11/20]
Pr_Src_cls_loss	: 0.0509
-------------------------------------
[Pr Epoch : 12/20]
Pr_Src_cls_loss	: 0.0480
-------------------------------------
[Pr Epoch : 13/20]
Pr_Src_cls_loss	: 0.0453
-------------------------------------
[Pr Epoch : 14/20]
Pr_Src_cls_loss	: 0.0437
-------------------------------------
[Pr Epoch : 15/20]
Pr_Src_cls_loss	: 0.0443
-------------------------------------
[Pr Epoch : 16/20]
Pr_Src_cls_loss	: 0.0434
-------------------------------------
[Pr Epoch : 17/20]
Pr_Src_cls_loss	: 0.0415
-------------------------------------
[Pr Epoch : 18/20]
Pr_Src_cls_loss	: 0.0396
-------------------------------------
[Pr Epoch : 19/20]
Pr_Src_cls_loss	: 0.0384
-------------------------------------
[Pr Epoch : 20/20]
Pr_Src_cls_loss	: 0.0371
-------------------------------------
/mnt/data/home/tp2474/OpenSet-AdaTime/algorithms/algorithms.py:1865: UserWarning: Implicit dimension choice for softmax has been deprecated. Change the call to include dim=X as an argument.
  trg_soft_cen = torch.nn.functional.softmax(after_lincls_cen).double()
[Epoch : 1/20]
Pr_Src_cls_loss	: 0.0371
Total_loss	: 0.0727
loss_cls	: 0.0075
loss_align	: 0.0652
-------------------------------------
[Epoch : 2/20]
Pr_Src_cls_loss	: 0.0371
Total_loss	: 0.0645
loss_cls	: 0.0074
loss_align	: 0.0571
-------------------------------------
[Epoch : 3/20]
Pr_Src_cls_loss	: 0.0371
Total_loss	: 0.0615
loss_cls	: 0.0070
loss_align	: 0.0545
-------------------------------------
[Epoch : 4/20]
Pr_Src_cls_loss	: 0.0371
Total_loss	: 0.0599
loss_cls	: 0.0063
loss_align	: 0.0536
-------------------------------------
[Epoch : 5/20]
Pr_Src_cls_loss	: 0.0371
Total_loss	: 0.0598
loss_cls	: 0.0065
loss_align	: 0.0533
-------------------------------------
[Epoch : 6/20]
Pr_Src_cls_loss	: 0.0371
Total_loss	: 0.0612
loss_cls	: 0.0066
loss_align	: 0.0546
-------------------------------------
[Epoch : 7/20]
Pr_Src_cls_loss	: 0.0371
Total_loss	: 0.0636
loss_cls	: 0.0066
loss_align	: 0.0570
-------------------------------------
[Epoch : 8/20]
Pr_Src_cls_loss	: 0.0371
Total_loss	: 0.0649
loss_cls	: 0.0064
loss_align	: 0.0584
-------------------------------------
[Epoch : 9/20]
Pr_Src_cls_loss	: 0.0371
Total_loss	: 0.0653
loss_cls	: 0.0061
loss_align	: 0.0592
Src_cls_loss	: 0.0000
-------------------------------------
[Epoch : 10/20]
Pr_Src_cls_loss	: 0.0371
Total_loss	: 0.0653
loss_cls	: 0.0057
loss_align	: 0.0596
Src_cls_loss	: 0.0000
-------------------------------------
[Epoch : 11/20]
Pr_Src_cls_loss	: 0.0371
Total_loss	: 0.0653
loss_cls	: 0.0052
loss_align	: 0.0601
Src_cls_loss	: 0.0000
-------------------------------------
[Epoch : 12/20]
Pr_Src_cls_loss	: 0.0371
Total_loss	: 0.0654
loss_cls	: 0.0053
loss_align	: 0.0601
Src_cls_loss	: 0.0000
-------------------------------------
[Epoch : 13/20]
Pr_Src_cls_loss	: 0.0371
Total_loss	: 0.0653
loss_cls	: 0.0054
loss_align	: 0.0599
Src_cls_loss	: 0.0000
-------------------------------------
[Epoch : 14/20]
Pr_Src_cls_loss	: 0.0371
Total_loss	: 0.0654
loss_cls	: 0.0054
loss_align	: 0.0600
Src_cls_loss	: 0.0000
-------------------------------------
[Epoch : 15/20]
Pr_Src_cls_loss	: 0.0371
Total_loss	: 0.0653
loss_cls	: 0.0054
loss_align	: 0.0599
Src_cls_loss	: 0.0000
-------------------------------------
[Epoch : 16/20]
Pr_Src_cls_loss	: 0.0371
Total_loss	: 0.0651
loss_cls	: 0.0054
loss_align	: 0.0597
Src_cls_loss	: 0.0000
-------------------------------------
[Epoch : 17/20]
Pr_Src_cls_loss	: 0.0371
Total_loss	: 0.0655
loss_cls	: 0.0055
loss_align	: 0.0600
Src_cls_loss	: 0.0000
-------------------------------------
[Epoch : 18/20]
Pr_Src_cls_loss	: 0.0371
Total_loss	: 0.0661
loss_cls	: 0.0064
loss_align	: 0.0597
Src_cls_loss	: 0.0000
-------------------------------------
[Epoch : 19/20]
Pr_Src_cls_loss	: 0.0371
Total_loss	: 0.0663
loss_cls	: 0.0066
loss_align	: 0.0597
Src_cls_loss	: 0.0000
-------------------------------------
[Epoch : 20/20]
Pr_Src_cls_loss	: 0.0371
Total_loss	: 0.0658
loss_cls	: 0.0064
loss_align	: 0.0594
Src_cls_loss	: 0.0000
-------------------------------------

[UniJDOT Debug] final_threshold = 0.8884 conf mean=0.6525 std=0.3100 reject=53.12%
[UniJDOT Eval ALL] n=1620 threshold=0.8884
[UniJDOT Eval ALL] conf: min=0.2507 max=0.9115 mean=0.6241 std=0.3148
[UniJDOT Eval ALL] rejected: 62.10%
[UniJDOT Eval ALL] pred class dist (pre-reject): [423, 203, 411, 583]
[UniJDOT Eval ALL] true label dist: [409, 400, 401, 410, 0] (last bin = unknown)
H_score: 0.0000, OS* (acc_c): 0.3160, UNK (acc_p): 0.0000, acc_mix: 0.3160, F1: 0.3351
[UniJDOT Eval ALL] n=1620 threshold=0.8884
[UniJDOT Eval ALL] conf: min=0.2507 max=0.9115 mean=0.6241 std=0.3148
[UniJDOT Eval ALL] rejected: 62.10%
[UniJDOT Eval ALL] pred class dist (pre-reject): [423, 203, 411, 583]
[UniJDOT Eval ALL] true label dist: [409, 400, 401, 410, 0] (last bin = unknown)
Uploading logs from: /mnt/data/home/tp2474/OpenSet-AdaTime/experiments_logs/Pamap2 to mhealth_closed_set/UniJDOT_closed_set/Pamap2_to_mhealth_run_2
🏃 View run UniJDOT_run_2 at: http://127.0.0.1:5001/#/experiments/297438354379357924/runs/6fad8e971b1142adbafe590ade144a41
🧪 View experiment at: http://127.0.0.1:5001/#/experiments/297438354379357924
=============================================
Dataset: Pamap2 to mhealth_closed_set
Method:  UniJDOT
=============================================
Source: Pamap2 ---> Target: mhealth
Run ID: 3
=============================================
[Pr Epoch : 1/20]
Pr_Src_cls_loss	: 0.1700
-------------------------------------
[Pr Epoch : 2/20]
Pr_Src_cls_loss	: 0.1101
-------------------------------------
[Pr Epoch : 3/20]
Pr_Src_cls_loss	: 0.0856
-------------------------------------
[Pr Epoch : 4/20]
Pr_Src_cls_loss	: 0.0754
-------------------------------------
[Pr Epoch : 5/20]
Pr_Src_cls_loss	: 0.0668
-------------------------------------
[Pr Epoch : 6/20]
Pr_Src_cls_loss	: 0.0622
-------------------------------------
[Pr Epoch : 7/20]
Pr_Src_cls_loss	: 0.0566
-------------------------------------
[Pr Epoch : 8/20]
Pr_Src_cls_loss	: 0.0550
-------------------------------------
[Pr Epoch : 9/20]
Pr_Src_cls_loss	: 0.0521
-------------------------------------
[Pr Epoch : 10/20]
Pr_Src_cls_loss	: 0.0498
-------------------------------------
[Pr Epoch : 11/20]
Pr_Src_cls_loss	: 0.0471
-------------------------------------
[Pr Epoch : 12/20]
Pr_Src_cls_loss	: 0.0444
-------------------------------------
[Pr Epoch : 13/20]
Pr_Src_cls_loss	: 0.0416
-------------------------------------
[Pr Epoch : 14/20]
Pr_Src_cls_loss	: 0.0389
-------------------------------------
[Pr Epoch : 15/20]
Pr_Src_cls_loss	: 0.0375
-------------------------------------
[Pr Epoch : 16/20]
Pr_Src_cls_loss	: 0.0360
-------------------------------------
[Pr Epoch : 17/20]
Pr_Src_cls_loss	: 0.0347
-------------------------------------
[Pr Epoch : 18/20]
Pr_Src_cls_loss	: 0.0332
-------------------------------------
[Pr Epoch : 19/20]
Pr_Src_cls_loss	: 0.0319
-------------------------------------
[Pr Epoch : 20/20]
Pr_Src_cls_loss	: 0.0310
-------------------------------------
/mnt/data/home/tp2474/OpenSet-AdaTime/algorithms/algorithms.py:1865: UserWarning: Implicit dimension choice for softmax has been deprecated. Change the call to include dim=X as an argument.
  trg_soft_cen = torch.nn.functional.softmax(after_lincls_cen).double()
[Epoch : 1/20]
Pr_Src_cls_loss	: 0.0310
Total_loss	: 0.0624
loss_cls	: 0.0073
loss_align	: 0.0552
-------------------------------------
[Epoch : 2/20]
Pr_Src_cls_loss	: 0.0310
Total_loss	: 0.0575
loss_cls	: 0.0073
loss_align	: 0.0502
-------------------------------------
[Epoch : 3/20]
Pr_Src_cls_loss	: 0.0310
Total_loss	: 0.0583
loss_cls	: 0.0077
loss_align	: 0.0507
-------------------------------------
[Epoch : 4/20]
Pr_Src_cls_loss	: 0.0310
Total_loss	: 0.0560
loss_cls	: 0.0065
loss_align	: 0.0495
-------------------------------------
[Epoch : 5/20]
Pr_Src_cls_loss	: 0.0310
Total_loss	: 0.0539
loss_cls	: 0.0054
loss_align	: 0.0485
-------------------------------------
[Epoch : 6/20]
Pr_Src_cls_loss	: 0.0310
Total_loss	: 0.0522
loss_cls	: 0.0048
loss_align	: 0.0473
-------------------------------------
[Epoch : 7/20]
Pr_Src_cls_loss	: 0.0310
Total_loss	: 0.0514
loss_cls	: 0.0048
loss_align	: 0.0466
-------------------------------------
[Epoch : 8/20]
Pr_Src_cls_loss	: 0.0310
Total_loss	: 0.0512
loss_cls	: 0.0049
loss_align	: 0.0464
-------------------------------------
[Epoch : 9/20]
Pr_Src_cls_loss	: 0.0310
Total_loss	: 0.0521
loss_cls	: 0.0052
loss_align	: 0.0469
Src_cls_loss	: 0.0000
-------------------------------------
[Epoch : 10/20]
Pr_Src_cls_loss	: 0.0310
Total_loss	: 0.0533
loss_cls	: 0.0051
loss_align	: 0.0482
Src_cls_loss	: 0.0000
-------------------------------------
[Epoch : 11/20]
Pr_Src_cls_loss	: 0.0310
Total_loss	: 0.0545
loss_cls	: 0.0053
loss_align	: 0.0492
Src_cls_loss	: 0.0000
-------------------------------------
[Epoch : 12/20]
Pr_Src_cls_loss	: 0.0310
Total_loss	: 0.0552
loss_cls	: 0.0053
loss_align	: 0.0499
Src_cls_loss	: 0.0000
-------------------------------------
[Epoch : 13/20]
Pr_Src_cls_loss	: 0.0310
Total_loss	: 0.0556
loss_cls	: 0.0050
loss_align	: 0.0506
Src_cls_loss	: 0.0000
-------------------------------------
[Epoch : 14/20]
Pr_Src_cls_loss	: 0.0310
Total_loss	: 0.0559
loss_cls	: 0.0049
loss_align	: 0.0510
Src_cls_loss	: 0.0000
-------------------------------------
[Epoch : 15/20]
Pr_Src_cls_loss	: 0.0310
Total_loss	: 0.0568
loss_cls	: 0.0053
loss_align	: 0.0514
Src_cls_loss	: 0.0000
-------------------------------------
[Epoch : 16/20]
Pr_Src_cls_loss	: 0.0310
Total_loss	: 0.0571
loss_cls	: 0.0053
loss_align	: 0.0518
Src_cls_loss	: 0.0000
-------------------------------------
[Epoch : 17/20]
Pr_Src_cls_loss	: 0.0310
Total_loss	: 0.0572
loss_cls	: 0.0053
loss_align	: 0.0519
Src_cls_loss	: 0.0000
-------------------------------------
[Epoch : 18/20]
Pr_Src_cls_loss	: 0.0310
Total_loss	: 0.0569
loss_cls	: 0.0050
loss_align	: 0.0518
Src_cls_loss	: 0.0000
-------------------------------------
[Epoch : 19/20]
Pr_Src_cls_loss	: 0.0310
Total_loss	: 0.0569
loss_cls	: 0.0051
loss_align	: 0.0518
Src_cls_loss	: 0.0000
-------------------------------------
[Epoch : 20/20]
Pr_Src_cls_loss	: 0.0310
Total_loss	: 0.0564
loss_cls	: 0.0049
loss_align	: 0.0515
Src_cls_loss	: 0.0000
-------------------------------------

[UniJDOT Debug] final_threshold = 0.8960 conf mean=0.6700 std=0.3166 reject=50.00%
[UniJDOT Eval ALL] n=1620 threshold=0.8960
[UniJDOT Eval ALL] conf: min=0.2515 max=0.9272 mean=0.6780 std=0.3121
[UniJDOT Eval ALL] rejected: 54.44%
[UniJDOT Eval ALL] pred class dist (pre-reject): [205, 400, 41, 974]
[UniJDOT Eval ALL] true label dist: [409, 400, 401, 410, 0] (last bin = unknown)
H_score: 0.0000, OS* (acc_c): 0.3815, UNK (acc_p): 0.0000, acc_mix: 0.3815, F1: 0.4608
[UniJDOT Eval ALL] n=1620 threshold=0.8960
[UniJDOT Eval ALL] conf: min=0.2515 max=0.9272 mean=0.6780 std=0.3121
[UniJDOT Eval ALL] rejected: 54.44%
[UniJDOT Eval ALL] pred class dist (pre-reject): [205, 400, 41, 974]
[UniJDOT Eval ALL] true label dist: [409, 400, 401, 410, 0] (last bin = unknown)
Uploading logs from: /mnt/data/home/tp2474/OpenSet-AdaTime/experiments_logs/Pamap2 to mhealth_closed_set/UniJDOT_closed_set/Pamap2_to_mhealth_run_3
🏃 View run UniJDOT_run_3 at: http://127.0.0.1:5001/#/experiments/297438354379357924/runs/7999d97ea7e04ea39df83c8e4564f124
🧪 View experiment at: http://127.0.0.1:5001/#/experiments/297438354379357924
=============================================
Dataset: Pamap2 to mhealth_closed_set
Method:  UniJDOT
=============================================
Source: Pamap2 ---> Target: mhealth
Run ID: 4
=============================================
[Pr Epoch : 1/20]
Pr_Src_cls_loss	: 0.1892
-------------------------------------
[Pr Epoch : 2/20]
Pr_Src_cls_loss	: 0.1220
-------------------------------------
[Pr Epoch : 3/20]
Pr_Src_cls_loss	: 0.0995
-------------------------------------
[Pr Epoch : 4/20]
Pr_Src_cls_loss	: 0.0819
-------------------------------------
[Pr Epoch : 5/20]
Pr_Src_cls_loss	: 0.0708
-------------------------------------
[Pr Epoch : 6/20]
Pr_Src_cls_loss	: 0.0653
-------------------------------------
[Pr Epoch : 7/20]
Pr_Src_cls_loss	: 0.0597
-------------------------------------
[Pr Epoch : 8/20]
Pr_Src_cls_loss	: 0.0539
-------------------------------------
[Pr Epoch : 9/20]
Pr_Src_cls_loss	: 0.0497
-------------------------------------
[Pr Epoch : 10/20]
Pr_Src_cls_loss	: 0.0478
-------------------------------------
[Pr Epoch : 11/20]
Pr_Src_cls_loss	: 0.0459
-------------------------------------
[Pr Epoch : 12/20]
Pr_Src_cls_loss	: 0.0455
-------------------------------------
[Pr Epoch : 13/20]
Pr_Src_cls_loss	: 0.0430
-------------------------------------
[Pr Epoch : 14/20]
Pr_Src_cls_loss	: 0.0409
-------------------------------------
[Pr Epoch : 15/20]
Pr_Src_cls_loss	: 0.0391
-------------------------------------
[Pr Epoch : 16/20]
Pr_Src_cls_loss	: 0.0377
-------------------------------------
[Pr Epoch : 17/20]
Pr_Src_cls_loss	: 0.0359
-------------------------------------
[Pr Epoch : 18/20]
Pr_Src_cls_loss	: 0.0346
-------------------------------------
[Pr Epoch : 19/20]
Pr_Src_cls_loss	: 0.0332
-------------------------------------
[Pr Epoch : 20/20]
Pr_Src_cls_loss	: 0.0323
-------------------------------------
/mnt/data/home/tp2474/OpenSet-AdaTime/algorithms/algorithms.py:1865: UserWarning: Implicit dimension choice for softmax has been deprecated. Change the call to include dim=X as an argument.
  trg_soft_cen = torch.nn.functional.softmax(after_lincls_cen).double()
[Epoch : 1/20]
Pr_Src_cls_loss	: 0.0323
Total_loss	: 0.0661
loss_cls	: 0.0100
loss_align	: 0.0561
-------------------------------------
[Epoch : 2/20]
Pr_Src_cls_loss	: 0.0323
Total_loss	: 0.0560
loss_cls	: 0.0072
loss_align	: 0.0488
-------------------------------------
[Epoch : 3/20]
Pr_Src_cls_loss	: 0.0323
Total_loss	: 0.0579
loss_cls	: 0.0081
loss_align	: 0.0498
-------------------------------------
[Epoch : 4/20]
Pr_Src_cls_loss	: 0.0323
Total_loss	: 0.0601
loss_cls	: 0.0092
loss_align	: 0.0508
-------------------------------------
[Epoch : 5/20]
Pr_Src_cls_loss	: 0.0323
Total_loss	: 0.0623
loss_cls	: 0.0092
loss_align	: 0.0532
-------------------------------------
[Epoch : 6/20]
Pr_Src_cls_loss	: 0.0323
Total_loss	: 0.0634
loss_cls	: 0.0084
loss_align	: 0.0550
-------------------------------------
[Epoch : 7/20]
Pr_Src_cls_loss	: 0.0323
Total_loss	: 0.0638
loss_cls	: 0.0076
loss_align	: 0.0562
-------------------------------------
[Epoch : 8/20]
Pr_Src_cls_loss	: 0.0323
Total_loss	: 0.0639
loss_cls	: 0.0072
loss_align	: 0.0568
-------------------------------------
[Epoch : 9/20]
Pr_Src_cls_loss	: 0.0323
Total_loss	: 0.0632
loss_cls	: 0.0066
loss_align	: 0.0566
Src_cls_loss	: 0.0000
-------------------------------------
[Epoch : 10/20]
Pr_Src_cls_loss	: 0.0323
Total_loss	: 0.0622
loss_cls	: 0.0060
loss_align	: 0.0562
Src_cls_loss	: 0.0000
-------------------------------------
[Epoch : 11/20]
Pr_Src_cls_loss	: 0.0323
Total_loss	: 0.0617
loss_cls	: 0.0058
loss_align	: 0.0559
Src_cls_loss	: 0.0000
-------------------------------------
[Epoch : 12/20]
Pr_Src_cls_loss	: 0.0323
Total_loss	: 0.0621
loss_cls	: 0.0066
loss_align	: 0.0555
Src_cls_loss	: 0.0000
-------------------------------------
[Epoch : 13/20]
Pr_Src_cls_loss	: 0.0323
Total_loss	: 0.0625
loss_cls	: 0.0072
loss_align	: 0.0553
Src_cls_loss	: 0.0000
-------------------------------------
[Epoch : 14/20]
Pr_Src_cls_loss	: 0.0323
Total_loss	: 0.0620
loss_cls	: 0.0071
loss_align	: 0.0549
Src_cls_loss	: 0.0000
-------------------------------------
[Epoch : 15/20]
Pr_Src_cls_loss	: 0.0323
Total_loss	: 0.0616
loss_cls	: 0.0070
loss_align	: 0.0545
Src_cls_loss	: 0.0000
-------------------------------------
[Epoch : 16/20]
Pr_Src_cls_loss	: 0.0323
Total_loss	: 0.0613
loss_cls	: 0.0071
loss_align	: 0.0542
Src_cls_loss	: 0.0000
-------------------------------------
[Epoch : 17/20]
Pr_Src_cls_loss	: 0.0323
Total_loss	: 0.0613
loss_cls	: 0.0073
loss_align	: 0.0540
Src_cls_loss	: 0.0000
-------------------------------------
[Epoch : 18/20]
Pr_Src_cls_loss	: 0.0323
Total_loss	: 0.0610
loss_cls	: 0.0073
loss_align	: 0.0538
Src_cls_loss	: 0.0000
-------------------------------------
[Epoch : 19/20]
Pr_Src_cls_loss	: 0.0323
Total_loss	: 0.0604
loss_cls	: 0.0070
loss_align	: 0.0534
Src_cls_loss	: 0.0000
-------------------------------------
[Epoch : 20/20]
Pr_Src_cls_loss	: 0.0323
Total_loss	: 0.0599
loss_cls	: 0.0067
loss_align	: 0.0532
Src_cls_loss	: 0.0000
-------------------------------------

[UniJDOT Debug] final_threshold = 0.8791 conf mean=0.6576 std=0.3053 reject=57.81%
[UniJDOT Eval ALL] n=1620 threshold=0.8791
[UniJDOT Eval ALL] conf: min=0.2506 max=0.9148 mean=0.6599 std=0.2994
[UniJDOT Eval ALL] rejected: 67.04%
[UniJDOT Eval ALL] pred class dist (pre-reject): [572, 160, 173, 715]
[UniJDOT Eval ALL] true label dist: [409, 400, 401, 410, 0] (last bin = unknown)
H_score: 0.0000, OS* (acc_c): 0.2074, UNK (acc_p): 0.0000, acc_mix: 0.2074, F1: 0.2768
[UniJDOT Eval ALL] n=1620 threshold=0.8791
[UniJDOT Eval ALL] conf: min=0.2506 max=0.9148 mean=0.6599 std=0.2994
[UniJDOT Eval ALL] rejected: 67.04%
[UniJDOT Eval ALL] pred class dist (pre-reject): [572, 160, 173, 715]
[UniJDOT Eval ALL] true label dist: [409, 400, 401, 410, 0] (last bin = unknown)
Uploading logs from: /mnt/data/home/tp2474/OpenSet-AdaTime/experiments_logs/Pamap2 to mhealth_closed_set/UniJDOT_closed_set/Pamap2_to_mhealth_run_4
🏃 View run UniJDOT_run_4 at: http://127.0.0.1:5001/#/experiments/297438354379357924/runs/28c1fd24aa484996a683d925489d7326
🧪 View experiment at: http://127.0.0.1:5001/#/experiments/297438354379357924
Running: Source=mhealth -> Target=RealWorld
[scenario] UniJDOT -> UniDA (uniDA=True)
Unlabeled data shape:  (26209, 150, 18)
Unlabelled Combined shape: (45172, 150, 18)

--- Dataloader Size Check ---
Source Train batches:   36
Target Train batches:   819
-------------------------------

Private classes:  tensor([])
=============================================
Dataset: mhealth to RealWorld_closed_set
Method:  UniJDOT
=============================================
Source: mhealth ---> Target: RealWorld
Run ID: 0
=============================================
[Pr Epoch : 1/20]
Pr_Src_cls_loss	: 0.1332
-------------------------------------
[Pr Epoch : 2/20]
Pr_Src_cls_loss	: 0.0697
-------------------------------------
[Pr Epoch : 3/20]
Pr_Src_cls_loss	: 0.0472
-------------------------------------
[Pr Epoch : 4/20]
Pr_Src_cls_loss	: 0.0355
-------------------------------------
[Pr Epoch : 5/20]
Pr_Src_cls_loss	: 0.0293
-------------------------------------
[Pr Epoch : 6/20]
Pr_Src_cls_loss	: 0.0293
-------------------------------------
[Pr Epoch : 7/20]
Pr_Src_cls_loss	: 0.0318
-------------------------------------
[Pr Epoch : 8/20]
Pr_Src_cls_loss	: 0.0302
-------------------------------------
[Pr Epoch : 9/20]
Pr_Src_cls_loss	: 0.0279
-------------------------------------
[Pr Epoch : 10/20]
Pr_Src_cls_loss	: 0.0256
-------------------------------------
[Pr Epoch : 11/20]
Pr_Src_cls_loss	: 0.0249
-------------------------------------
[Pr Epoch : 12/20]
Pr_Src_cls_loss	: 0.0249
-------------------------------------
[Pr Epoch : 13/20]
Pr_Src_cls_loss	: 0.0231
-------------------------------------
[Pr Epoch : 14/20]
Pr_Src_cls_loss	: 0.0217
-------------------------------------
[Pr Epoch : 15/20]
Pr_Src_cls_loss	: 0.0211
-------------------------------------
[Pr Epoch : 16/20]
Pr_Src_cls_loss	: 0.0197
-------------------------------------
[Pr Epoch : 17/20]
Pr_Src_cls_loss	: 0.0186
-------------------------------------
[Pr Epoch : 18/20]
Pr_Src_cls_loss	: 0.0177
-------------------------------------
[Pr Epoch : 19/20]
Pr_Src_cls_loss	: 0.0168
-------------------------------------
[Pr Epoch : 20/20]
Pr_Src_cls_loss	: 0.0167
-------------------------------------
/mnt/data/home/tp2474/OpenSet-AdaTime/algorithms/algorithms.py:1865: UserWarning: Implicit dimension choice for softmax has been deprecated. Change the call to include dim=X as an argument.
  trg_soft_cen = torch.nn.functional.softmax(after_lincls_cen).double()
[Epoch : 1/20]
Pr_Src_cls_loss	: 0.0167
Total_loss	: 0.0559
loss_cls	: 0.0048
loss_align	: 0.0511
-------------------------------------
[Epoch : 2/20]
Pr_Src_cls_loss	: 0.0167
Total_loss	: 0.0493
loss_cls	: 0.0052
loss_align	: 0.0442
-------------------------------------
[Epoch : 3/20]
Pr_Src_cls_loss	: 0.0167
Total_loss	: 0.0443
loss_cls	: 0.0051
loss_align	: 0.0391
-------------------------------------
[Epoch : 4/20]
Pr_Src_cls_loss	: 0.0167
Total_loss	: 0.0411
loss_cls	: 0.0055
loss_align	: 0.0356
-------------------------------------
[Epoch : 5/20]
Pr_Src_cls_loss	: 0.0167
Total_loss	: 0.0387
loss_cls	: 0.0045
loss_align	: 0.0342
-------------------------------------
[Epoch : 6/20]
Pr_Src_cls_loss	: 0.0167
Total_loss	: 0.0370
loss_cls	: 0.0041
loss_align	: 0.0329
-------------------------------------
[Epoch : 7/20]
Pr_Src_cls_loss	: 0.0167
Total_loss	: 0.0348
loss_cls	: 0.0038
loss_align	: 0.0310
-------------------------------------
[Epoch : 8/20]
Pr_Src_cls_loss	: 0.0167
Total_loss	: 0.0328
loss_cls	: 0.0035
loss_align	: 0.0293
-------------------------------------
[Epoch : 9/20]
Pr_Src_cls_loss	: 0.0167
Total_loss	: 0.0309
loss_cls	: 0.0031
loss_align	: 0.0278
Src_cls_loss	: 0.0000
-------------------------------------
[Epoch : 10/20]
Pr_Src_cls_loss	: 0.0167
Total_loss	: 0.0294
loss_cls	: 0.0030
loss_align	: 0.0265
Src_cls_loss	: 0.0000
-------------------------------------
[Epoch : 11/20]
Pr_Src_cls_loss	: 0.0167
Total_loss	: 0.0281
loss_cls	: 0.0027
loss_align	: 0.0253
Src_cls_loss	: 0.0000
-------------------------------------
[Epoch : 12/20]
Pr_Src_cls_loss	: 0.0167
Total_loss	: 0.0267
loss_cls	: 0.0026
loss_align	: 0.0242
Src_cls_loss	: 0.0000
-------------------------------------
[Epoch : 13/20]
Pr_Src_cls_loss	: 0.0167
Total_loss	: 0.0256
loss_cls	: 0.0024
loss_align	: 0.0232
Src_cls_loss	: 0.0000
-------------------------------------
[Epoch : 14/20]
Pr_Src_cls_loss	: 0.0167
Total_loss	: 0.0247
loss_cls	: 0.0022
loss_align	: 0.0224
Src_cls_loss	: 0.0000
-------------------------------------
[Epoch : 15/20]
Pr_Src_cls_loss	: 0.0167
Total_loss	: 0.0238
loss_cls	: 0.0021
loss_align	: 0.0217
Src_cls_loss	: 0.0000
-------------------------------------
[Epoch : 16/20]
Pr_Src_cls_loss	: 0.0167
Total_loss	: 0.0233
loss_cls	: 0.0023
loss_align	: 0.0210
Src_cls_loss	: 0.0000
-------------------------------------
[Epoch : 17/20]
Pr_Src_cls_loss	: 0.0167
Total_loss	: 0.0225
loss_cls	: 0.0021
loss_align	: 0.0204
Src_cls_loss	: 0.0000
-------------------------------------
[Epoch : 18/20]
Pr_Src_cls_loss	: 0.0167
Total_loss	: 0.0218
loss_cls	: 0.0020
loss_align	: 0.0198
Src_cls_loss	: 0.0000
-------------------------------------
[Epoch : 19/20]
Pr_Src_cls_loss	: 0.0167
Total_loss	: 0.0213
loss_cls	: 0.0021
loss_align	: 0.0192
Src_cls_loss	: 0.0000
-------------------------------------
[Epoch : 20/20]
Pr_Src_cls_loss	: 0.0167
Total_loss	: 0.0211
loss_cls	: 0.0023
loss_align	: 0.0188
Src_cls_loss	: 0.0000
-------------------------------------
/mnt/data/home/tp2474/OpenSet-AdaTime/trainers/abstract_trainer.py:331: FutureWarning: The behavior of DataFrame concatenation with empty or all-NA entries is deprecated. In a future version, this will no longer exclude empty or all-NA columns when determining the result dtypes. To retain the old behavior, exclude the relevant entries before the concat operation.
  table = pd.concat([table, results_df], ignore_index=True)

[UniJDOT Debug] final_threshold = 0.8732 conf mean=0.8777 std=0.0997 reject=15.62%
[UniJDOT Eval ALL] n=26209 threshold=0.8732
[UniJDOT Eval ALL] conf: min=0.3089 max=0.9457 mean=0.8862 std=0.0689
[UniJDOT Eval ALL] rejected: 15.15%
[UniJDOT Eval ALL] pred class dist (pre-reject): [5271, 7672, 7711, 5555]
[UniJDOT Eval ALL] true label dist: [6425, 6892, 6422, 6470, 0] (last bin = unknown)
H_score: 0.0000, OS* (acc_c): 0.0992, UNK (acc_p): 0.0000, acc_mix: 0.0992, F1: 0.0970
[UniJDOT Eval ALL] n=26209 threshold=0.8732
[UniJDOT Eval ALL] conf: min=0.3089 max=0.9457 mean=0.8862 std=0.0689
[UniJDOT Eval ALL] rejected: 15.15%
[UniJDOT Eval ALL] pred class dist (pre-reject): [5271, 7672, 7711, 5555]
[UniJDOT Eval ALL] true label dist: [6425, 6892, 6422, 6470, 0] (last bin = unknown)
Uploading logs from: /mnt/data/home/tp2474/OpenSet-AdaTime/experiments_logs/mhealth to RealWorld_closed_set/UniJDOT_closed_set/mhealth_to_RealWorld_run_0
🏃 View run UniJDOT_run_0 at: http://127.0.0.1:5001/#/experiments/259823949667944240/runs/e797b78e721140d7b33ecfc814409cc0
🧪 View experiment at: http://127.0.0.1:5001/#/experiments/259823949667944240
=============================================
Dataset: mhealth to RealWorld_closed_set
Method:  UniJDOT
=============================================
Source: mhealth ---> Target: RealWorld
Run ID: 1
=============================================
[Pr Epoch : 1/20]
Pr_Src_cls_loss	: 0.1547
-------------------------------------
[Pr Epoch : 2/20]
Pr_Src_cls_loss	: 0.0803
-------------------------------------
[Pr Epoch : 3/20]
Pr_Src_cls_loss	: 0.0555
-------------------------------------
[Pr Epoch : 4/20]
Pr_Src_cls_loss	: 0.0487
-------------------------------------
[Pr Epoch : 5/20]
Pr_Src_cls_loss	: 0.0443
-------------------------------------
[Pr Epoch : 6/20]
Pr_Src_cls_loss	: 0.0375
-------------------------------------
[Pr Epoch : 7/20]
Pr_Src_cls_loss	: 0.0325
-------------------------------------
[Pr Epoch : 8/20]
Pr_Src_cls_loss	: 0.0287
-------------------------------------
[Pr Epoch : 9/20]
Pr_Src_cls_loss	: 0.0257
-------------------------------------
[Pr Epoch : 10/20]
Pr_Src_cls_loss	: 0.0232
-------------------------------------
[Pr Epoch : 11/20]
Pr_Src_cls_loss	: 0.0211
-------------------------------------
[Pr Epoch : 12/20]
Pr_Src_cls_loss	: 0.0194
-------------------------------------
[Pr Epoch : 13/20]
Pr_Src_cls_loss	: 0.0185
-------------------------------------
[Pr Epoch : 14/20]
Pr_Src_cls_loss	: 0.0173
-------------------------------------
[Pr Epoch : 15/20]
Pr_Src_cls_loss	: 0.0162
-------------------------------------
[Pr Epoch : 16/20]
Pr_Src_cls_loss	: 0.0152
-------------------------------------
[Pr Epoch : 17/20]
Pr_Src_cls_loss	: 0.0143
-------------------------------------
[Pr Epoch : 18/20]
Pr_Src_cls_loss	: 0.0135
-------------------------------------
[Pr Epoch : 19/20]
Pr_Src_cls_loss	: 0.0128
-------------------------------------
[Pr Epoch : 20/20]
Pr_Src_cls_loss	: 0.0122
-------------------------------------
/mnt/data/home/tp2474/OpenSet-AdaTime/algorithms/algorithms.py:1865: UserWarning: Implicit dimension choice for softmax has been deprecated. Change the call to include dim=X as an argument.
  trg_soft_cen = torch.nn.functional.softmax(after_lincls_cen).double()
[Epoch : 1/20]
Pr_Src_cls_loss	: 0.0122
Total_loss	: 0.0795
loss_cls	: 0.0017
loss_align	: 0.0777
-------------------------------------
[Epoch : 2/20]
Pr_Src_cls_loss	: 0.0122
Total_loss	: 0.0679
loss_cls	: 0.0017
loss_align	: 0.0662
-------------------------------------
[Epoch : 3/20]
Pr_Src_cls_loss	: 0.0122
Total_loss	: 0.0644
loss_cls	: 0.0016
loss_align	: 0.0628
-------------------------------------
[Epoch : 4/20]
Pr_Src_cls_loss	: 0.0122
Total_loss	: 0.0633
loss_cls	: 0.0016
loss_align	: 0.0617
-------------------------------------
[Epoch : 5/20]
Pr_Src_cls_loss	: 0.0122
Total_loss	: 0.0639
loss_cls	: 0.0015
loss_align	: 0.0625
-------------------------------------
[Epoch : 6/20]
Pr_Src_cls_loss	: 0.0122
Total_loss	: 0.0639
loss_cls	: 0.0013
loss_align	: 0.0626
-------------------------------------
[Epoch : 7/20]
Pr_Src_cls_loss	: 0.0122
Total_loss	: 0.0644
loss_cls	: 0.0013
loss_align	: 0.0631
-------------------------------------
[Epoch : 8/20]
Pr_Src_cls_loss	: 0.0122
Total_loss	: 0.0644
loss_cls	: 0.0012
loss_align	: 0.0631
-------------------------------------
[Epoch : 9/20]
Pr_Src_cls_loss	: 0.0122
Total_loss	: 0.0636
loss_cls	: 0.0012
loss_align	: 0.0624
Src_cls_loss	: 0.0000
-------------------------------------
[Epoch : 10/20]
Pr_Src_cls_loss	: 0.0122
Total_loss	: 0.0643
loss_cls	: 0.0024
loss_align	: 0.0619
Src_cls_loss	: 0.0000
-------------------------------------
[Epoch : 11/20]
Pr_Src_cls_loss	: 0.0122
Total_loss	: 0.0642
loss_cls	: 0.0026
loss_align	: 0.0616
Src_cls_loss	: 0.0000
-------------------------------------
[Epoch : 12/20]
Pr_Src_cls_loss	: 0.0122
Total_loss	: 0.0635
loss_cls	: 0.0024
loss_align	: 0.0611
Src_cls_loss	: 0.0000
-------------------------------------
[Epoch : 13/20]
Pr_Src_cls_loss	: 0.0122
Total_loss	: 0.0627
loss_cls	: 0.0023
loss_align	: 0.0603
Src_cls_loss	: 0.0000
-------------------------------------
[Epoch : 14/20]
Pr_Src_cls_loss	: 0.0122
Total_loss	: 0.0626
loss_cls	: 0.0026
loss_align	: 0.0600
Src_cls_loss	: 0.0000
-------------------------------------
[Epoch : 15/20]
Pr_Src_cls_loss	: 0.0122
Total_loss	: 0.0621
loss_cls	: 0.0025
loss_align	: 0.0596
Src_cls_loss	: 0.0000
-------------------------------------
[Epoch : 16/20]
Pr_Src_cls_loss	: 0.0122
Total_loss	: 0.0617
loss_cls	: 0.0024
loss_align	: 0.0593
Src_cls_loss	: 0.0000
-------------------------------------
[Epoch : 17/20]
Pr_Src_cls_loss	: 0.0122
Total_loss	: 0.0612
loss_cls	: 0.0023
loss_align	: 0.0589
Src_cls_loss	: 0.0000
-------------------------------------
[Epoch : 18/20]
Pr_Src_cls_loss	: 0.0122
Total_loss	: 0.0608
loss_cls	: 0.0022
loss_align	: 0.0586
Src_cls_loss	: 0.0000
-------------------------------------
[Epoch : 19/20]
Pr_Src_cls_loss	: 0.0122
Total_loss	: 0.0603
loss_cls	: 0.0021
loss_align	: 0.0582
Src_cls_loss	: 0.0000
-------------------------------------
[Epoch : 20/20]
Pr_Src_cls_loss	: 0.0122
Total_loss	: 0.0599
loss_cls	: 0.0020
loss_align	: 0.0579
Src_cls_loss	: 0.0000
-------------------------------------

[UniJDOT Debug] final_threshold = 0.8516 conf mean=0.6739 std=0.2618 reject=73.44%
[UniJDOT Eval ALL] n=26209 threshold=0.8516
[UniJDOT Eval ALL] conf: min=0.2504 max=0.9133 mean=0.6748 std=0.2597
[UniJDOT Eval ALL] rejected: 77.57%
[UniJDOT Eval ALL] pred class dist (pre-reject): [5115, 5871, 7346, 7877]
[UniJDOT Eval ALL] true label dist: [6425, 6892, 6422, 6470, 0] (last bin = unknown)
H_score: 0.0000, OS* (acc_c): 0.1825, UNK (acc_p): 0.0000, acc_mix: 0.1825, F1: 0.2475
[UniJDOT Eval ALL] n=26209 threshold=0.8516
[UniJDOT Eval ALL] conf: min=0.2504 max=0.9133 mean=0.6748 std=0.2597
[UniJDOT Eval ALL] rejected: 77.57%
[UniJDOT Eval ALL] pred class dist (pre-reject): [5115, 5871, 7346, 7877]
[UniJDOT Eval ALL] true label dist: [6425, 6892, 6422, 6470, 0] (last bin = unknown)
Uploading logs from: /mnt/data/home/tp2474/OpenSet-AdaTime/experiments_logs/mhealth to RealWorld_closed_set/UniJDOT_closed_set/mhealth_to_RealWorld_run_1
🏃 View run UniJDOT_run_1 at: http://127.0.0.1:5001/#/experiments/259823949667944240/runs/8f23d4b734e84548b89f78c1363a6e55
🧪 View experiment at: http://127.0.0.1:5001/#/experiments/259823949667944240
=============================================
Dataset: mhealth to RealWorld_closed_set
Method:  UniJDOT
=============================================
Source: mhealth ---> Target: RealWorld
Run ID: 2
=============================================
[Pr Epoch : 1/20]
Pr_Src_cls_loss	: 0.3278
-------------------------------------
[Pr Epoch : 2/20]
Pr_Src_cls_loss	: 0.1670
-------------------------------------
[Pr Epoch : 3/20]
Pr_Src_cls_loss	: 0.1117
-------------------------------------
[Pr Epoch : 4/20]
Pr_Src_cls_loss	: 0.0838
-------------------------------------
[Pr Epoch : 5/20]
Pr_Src_cls_loss	: 0.0686
-------------------------------------
[Pr Epoch : 6/20]
Pr_Src_cls_loss	: 0.0604
-------------------------------------
[Pr Epoch : 7/20]
Pr_Src_cls_loss	: 0.0530
-------------------------------------
[Pr Epoch : 8/20]
Pr_Src_cls_loss	: 0.0478
-------------------------------------
[Pr Epoch : 9/20]
Pr_Src_cls_loss	: 0.0428
-------------------------------------
[Pr Epoch : 10/20]
Pr_Src_cls_loss	: 0.0386
-------------------------------------
[Pr Epoch : 11/20]
Pr_Src_cls_loss	: 0.0351
-------------------------------------
[Pr Epoch : 12/20]
Pr_Src_cls_loss	: 0.0322
-------------------------------------
[Pr Epoch : 13/20]
Pr_Src_cls_loss	: 0.0307
-------------------------------------
[Pr Epoch : 14/20]
Pr_Src_cls_loss	: 0.0290
-------------------------------------
[Pr Epoch : 15/20]
Pr_Src_cls_loss	: 0.0272
-------------------------------------
[Pr Epoch : 16/20]
Pr_Src_cls_loss	: 0.0256
-------------------------------------
[Pr Epoch : 17/20]
Pr_Src_cls_loss	: 0.0243
-------------------------------------
[Pr Epoch : 18/20]
Pr_Src_cls_loss	: 0.0230
-------------------------------------
[Pr Epoch : 19/20]
Pr_Src_cls_loss	: 0.0218
-------------------------------------
[Pr Epoch : 20/20]
Pr_Src_cls_loss	: 0.0209
-------------------------------------
/mnt/data/home/tp2474/OpenSet-AdaTime/algorithms/algorithms.py:1865: UserWarning: Implicit dimension choice for softmax has been deprecated. Change the call to include dim=X as an argument.
  trg_soft_cen = torch.nn.functional.softmax(after_lincls_cen).double()
[Epoch : 1/20]
Pr_Src_cls_loss	: 0.0209
Total_loss	: 0.0696
loss_cls	: 0.0057
loss_align	: 0.0639
-------------------------------------
[Epoch : 2/20]
Pr_Src_cls_loss	: 0.0209
Total_loss	: 0.0557
loss_cls	: 0.0044
loss_align	: 0.0513
-------------------------------------
[Epoch : 3/20]
Pr_Src_cls_loss	: 0.0209
Total_loss	: 0.0481
loss_cls	: 0.0035
loss_align	: 0.0446
-------------------------------------
[Epoch : 4/20]
Pr_Src_cls_loss	: 0.0209
Total_loss	: 0.0418
loss_cls	: 0.0028
loss_align	: 0.0390
-------------------------------------
[Epoch : 5/20]
Pr_Src_cls_loss	: 0.0209
Total_loss	: 0.0376
loss_cls	: 0.0029
loss_align	: 0.0348
-------------------------------------
[Epoch : 6/20]
Pr_Src_cls_loss	: 0.0209
Total_loss	: 0.0343
loss_cls	: 0.0025
loss_align	: 0.0318
-------------------------------------
[Epoch : 7/20]
Pr_Src_cls_loss	: 0.0209
Total_loss	: 0.0315
loss_cls	: 0.0022
loss_align	: 0.0293
-------------------------------------
[Epoch : 8/20]
Pr_Src_cls_loss	: 0.0209
Total_loss	: 0.0298
loss_cls	: 0.0022
loss_align	: 0.0276
-------------------------------------
[Epoch : 9/20]
Pr_Src_cls_loss	: 0.0209
Total_loss	: 0.0283
loss_cls	: 0.0021
loss_align	: 0.0262
Src_cls_loss	: 0.0000
-------------------------------------
[Epoch : 10/20]
Pr_Src_cls_loss	: 0.0209
Total_loss	: 0.0267
loss_cls	: 0.0019
loss_align	: 0.0248
Src_cls_loss	: 0.0000
-------------------------------------
[Epoch : 11/20]
Pr_Src_cls_loss	: 0.0209
Total_loss	: 0.0254
loss_cls	: 0.0018
loss_align	: 0.0236
Src_cls_loss	: 0.0000
-------------------------------------
[Epoch : 12/20]
Pr_Src_cls_loss	: 0.0209
Total_loss	: 0.0241
loss_cls	: 0.0017
loss_align	: 0.0225
Src_cls_loss	: 0.0000
-------------------------------------
[Epoch : 13/20]
Pr_Src_cls_loss	: 0.0209
Total_loss	: 0.0230
loss_cls	: 0.0015
loss_align	: 0.0215
Src_cls_loss	: 0.0000
-------------------------------------
[Epoch : 14/20]
Pr_Src_cls_loss	: 0.0209
Total_loss	: 0.0221
loss_cls	: 0.0015
loss_align	: 0.0205
Src_cls_loss	: 0.0000
-------------------------------------
[Epoch : 15/20]
Pr_Src_cls_loss	: 0.0209
Total_loss	: 0.0217
loss_cls	: 0.0018
loss_align	: 0.0200
Src_cls_loss	: 0.0000
-------------------------------------
[Epoch : 16/20]
Pr_Src_cls_loss	: 0.0209
Total_loss	: 0.0210
loss_cls	: 0.0017
loss_align	: 0.0194
Src_cls_loss	: 0.0000
-------------------------------------
[Epoch : 17/20]
Pr_Src_cls_loss	: 0.0209
Total_loss	: 0.0204
loss_cls	: 0.0016
loss_align	: 0.0188
Src_cls_loss	: 0.0000
-------------------------------------
[Epoch : 18/20]
Pr_Src_cls_loss	: 0.0209
Total_loss	: 0.0198
loss_cls	: 0.0015
loss_align	: 0.0183
Src_cls_loss	: 0.0000
-------------------------------------
[Epoch : 19/20]
Pr_Src_cls_loss	: 0.0209
Total_loss	: 0.0193
loss_cls	: 0.0015
loss_align	: 0.0178
Src_cls_loss	: 0.0000
-------------------------------------
[Epoch : 20/20]
Pr_Src_cls_loss	: 0.0209
Total_loss	: 0.0188
loss_cls	: 0.0014
loss_align	: 0.0174
Src_cls_loss	: 0.0000
-------------------------------------

[UniJDOT Debug] final_threshold = 0.9062 conf mean=0.9027 std=0.0712 reject=17.19%
[UniJDOT Eval ALL] n=26209 threshold=0.9062
[UniJDOT Eval ALL] conf: min=0.3036 max=0.9920 mean=0.8935 std=0.0936
[UniJDOT Eval ALL] rejected: 19.36%
[UniJDOT Eval ALL] pred class dist (pre-reject): [5810, 11259, 9072, 68]
[UniJDOT Eval ALL] true label dist: [6425, 6892, 6422, 6470, 0] (last bin = unknown)
H_score: 0.0000, OS* (acc_c): 0.3301, UNK (acc_p): 0.0000, acc_mix: 0.3301, F1: 0.3084
[UniJDOT Eval ALL] n=26209 threshold=0.9062
[UniJDOT Eval ALL] conf: min=0.3036 max=0.9920 mean=0.8935 std=0.0936
[UniJDOT Eval ALL] rejected: 19.36%
[UniJDOT Eval ALL] pred class dist (pre-reject): [5810, 11259, 9072, 68]
[UniJDOT Eval ALL] true label dist: [6425, 6892, 6422, 6470, 0] (last bin = unknown)
Uploading logs from: /mnt/data/home/tp2474/OpenSet-AdaTime/experiments_logs/mhealth to RealWorld_closed_set/UniJDOT_closed_set/mhealth_to_RealWorld_run_2
🏃 View run UniJDOT_run_2 at: http://127.0.0.1:5001/#/experiments/259823949667944240/runs/0b99660b199e4fd1aa31a3515578d7a6
🧪 View experiment at: http://127.0.0.1:5001/#/experiments/259823949667944240
=============================================
Dataset: mhealth to RealWorld_closed_set
Method:  UniJDOT
=============================================
Source: mhealth ---> Target: RealWorld
Run ID: 3
=============================================
[Pr Epoch : 1/20]
Pr_Src_cls_loss	: 0.1763
-------------------------------------
[Pr Epoch : 2/20]
Pr_Src_cls_loss	: 0.0915
-------------------------------------
[Pr Epoch : 3/20]
Pr_Src_cls_loss	: 0.0617
-------------------------------------
[Pr Epoch : 4/20]
Pr_Src_cls_loss	: 0.0480
-------------------------------------
[Pr Epoch : 5/20]
Pr_Src_cls_loss	: 0.0395
-------------------------------------
[Pr Epoch : 6/20]
Pr_Src_cls_loss	: 0.0352
-------------------------------------
[Pr Epoch : 7/20]
Pr_Src_cls_loss	: 0.0316
-------------------------------------
[Pr Epoch : 8/20]
Pr_Src_cls_loss	: 0.0286
-------------------------------------
[Pr Epoch : 9/20]
Pr_Src_cls_loss	: 0.0255
-------------------------------------
[Pr Epoch : 10/20]
Pr_Src_cls_loss	: 0.0229
-------------------------------------
[Pr Epoch : 11/20]
Pr_Src_cls_loss	: 0.0209
-------------------------------------
[Pr Epoch : 12/20]
Pr_Src_cls_loss	: 0.0197
-------------------------------------
[Pr Epoch : 13/20]
Pr_Src_cls_loss	: 0.0183
-------------------------------------
[Pr Epoch : 14/20]
Pr_Src_cls_loss	: 0.0193
-------------------------------------
[Pr Epoch : 15/20]
Pr_Src_cls_loss	: 0.0205
-------------------------------------
[Pr Epoch : 16/20]
Pr_Src_cls_loss	: 0.0195
-------------------------------------
[Pr Epoch : 17/20]
Pr_Src_cls_loss	: 0.0184
-------------------------------------
[Pr Epoch : 18/20]
Pr_Src_cls_loss	: 0.0174
-------------------------------------
[Pr Epoch : 19/20]
Pr_Src_cls_loss	: 0.0165
-------------------------------------
[Pr Epoch : 20/20]
Pr_Src_cls_loss	: 0.0157
-------------------------------------
/mnt/data/home/tp2474/OpenSet-AdaTime/algorithms/algorithms.py:1865: UserWarning: Implicit dimension choice for softmax has been deprecated. Change the call to include dim=X as an argument.
  trg_soft_cen = torch.nn.functional.softmax(after_lincls_cen).double()
[Epoch : 1/20]
Pr_Src_cls_loss	: 0.0157
Total_loss	: 0.0747
loss_cls	: 0.0041
loss_align	: 0.0706
-------------------------------------
[Epoch : 2/20]
Pr_Src_cls_loss	: 0.0157
Total_loss	: 0.0669
loss_cls	: 0.0038
loss_align	: 0.0631
-------------------------------------
[Epoch : 3/20]
Pr_Src_cls_loss	: 0.0157
Total_loss	: 0.0655
loss_cls	: 0.0036
loss_align	: 0.0619
-------------------------------------
[Epoch : 4/20]
Pr_Src_cls_loss	: 0.0157
Total_loss	: 0.0659
loss_cls	: 0.0031
loss_align	: 0.0628
-------------------------------------
[Epoch : 5/20]
Pr_Src_cls_loss	: 0.0157
Total_loss	: 0.0672
loss_cls	: 0.0028
loss_align	: 0.0644
-------------------------------------
[Epoch : 6/20]
Pr_Src_cls_loss	: 0.0157
Total_loss	: 0.0675
loss_cls	: 0.0025
loss_align	: 0.0651
-------------------------------------
[Epoch : 7/20]
Pr_Src_cls_loss	: 0.0157
Total_loss	: 0.0669
loss_cls	: 0.0022
loss_align	: 0.0647
-------------------------------------
[Epoch : 8/20]
Pr_Src_cls_loss	: 0.0157
Total_loss	: 0.0663
loss_cls	: 0.0020
loss_align	: 0.0643
-------------------------------------
[Epoch : 9/20]
Pr_Src_cls_loss	: 0.0157
Total_loss	: 0.0661
loss_cls	: 0.0019
loss_align	: 0.0642
Src_cls_loss	: 0.0000
-------------------------------------
[Epoch : 10/20]
Pr_Src_cls_loss	: 0.0157
Total_loss	: 0.0659
loss_cls	: 0.0018
loss_align	: 0.0641
Src_cls_loss	: 0.0000
-------------------------------------
[Epoch : 11/20]
Pr_Src_cls_loss	: 0.0157
Total_loss	: 0.0657
loss_cls	: 0.0018
loss_align	: 0.0639
Src_cls_loss	: 0.0000
-------------------------------------
[Epoch : 12/20]
Pr_Src_cls_loss	: 0.0157
Total_loss	: 0.0661
loss_cls	: 0.0019
loss_align	: 0.0642
Src_cls_loss	: 0.0000
-------------------------------------
[Epoch : 13/20]
Pr_Src_cls_loss	: 0.0157
Total_loss	: 0.0665
loss_cls	: 0.0019
loss_align	: 0.0646
Src_cls_loss	: 0.0000
-------------------------------------
[Epoch : 14/20]
Pr_Src_cls_loss	: 0.0157
Total_loss	: 0.0673
loss_cls	: 0.0021
loss_align	: 0.0652
Src_cls_loss	: 0.0000
-------------------------------------
[Epoch : 15/20]
Pr_Src_cls_loss	: 0.0157
Total_loss	: 0.0677
loss_cls	: 0.0024
loss_align	: 0.0653
Src_cls_loss	: 0.0000
-------------------------------------
[Epoch : 16/20]
Pr_Src_cls_loss	: 0.0157
Total_loss	: 0.0678
loss_cls	: 0.0024
loss_align	: 0.0655
Src_cls_loss	: 0.0000
-------------------------------------
[Epoch : 17/20]
Pr_Src_cls_loss	: 0.0157
Total_loss	: 0.0677
loss_cls	: 0.0023
loss_align	: 0.0655
Src_cls_loss	: 0.0000
-------------------------------------
[Epoch : 18/20]
Pr_Src_cls_loss	: 0.0157
Total_loss	: 0.0678
loss_cls	: 0.0022
loss_align	: 0.0656
Src_cls_loss	: 0.0000
-------------------------------------
[Epoch : 19/20]
Pr_Src_cls_loss	: 0.0157
Total_loss	: 0.0691
loss_cls	: 0.0033
loss_align	: 0.0658
Src_cls_loss	: 0.0000
-------------------------------------
[Epoch : 20/20]
Pr_Src_cls_loss	: 0.0157
Total_loss	: 0.0689
loss_cls	: 0.0033
loss_align	: 0.0657
Src_cls_loss	: 0.0000
-------------------------------------

[UniJDOT Debug] final_threshold = 0.8335 conf mean=0.6032 std=0.3212 reject=50.00%
[UniJDOT Eval ALL] n=26209 threshold=0.8335
[UniJDOT Eval ALL] conf: min=0.2590 max=0.9345 mean=0.6044 std=0.3134
[UniJDOT Eval ALL] rejected: 50.51%
[UniJDOT Eval ALL] pred class dist (pre-reject): [3021, 14, 19552, 3622]
[UniJDOT Eval ALL] true label dist: [6425, 6892, 6422, 6470, 0] (last bin = unknown)
H_score: 0.0000, OS* (acc_c): 0.1107, UNK (acc_p): 0.0000, acc_mix: 0.1107, F1: 0.1220
[UniJDOT Eval ALL] n=26209 threshold=0.8335
[UniJDOT Eval ALL] conf: min=0.2590 max=0.9345 mean=0.6044 std=0.3134
[UniJDOT Eval ALL] rejected: 50.51%
[UniJDOT Eval ALL] pred class dist (pre-reject): [3021, 14, 19552, 3622]
[UniJDOT Eval ALL] true label dist: [6425, 6892, 6422, 6470, 0] (last bin = unknown)
Uploading logs from: /mnt/data/home/tp2474/OpenSet-AdaTime/experiments_logs/mhealth to RealWorld_closed_set/UniJDOT_closed_set/mhealth_to_RealWorld_run_3
🏃 View run UniJDOT_run_3 at: http://127.0.0.1:5001/#/experiments/259823949667944240/runs/c21c6f5155ae4d0fa2205afb8d0fd699
🧪 View experiment at: http://127.0.0.1:5001/#/experiments/259823949667944240
=============================================
Dataset: mhealth to RealWorld_closed_set
Method:  UniJDOT
=============================================
Source: mhealth ---> Target: RealWorld
Run ID: 4
=============================================
[Pr Epoch : 1/20]
Pr_Src_cls_loss	: 0.1841
-------------------------------------
[Pr Epoch : 2/20]
Pr_Src_cls_loss	: 0.0974
-------------------------------------
[Pr Epoch : 3/20]
Pr_Src_cls_loss	: 0.0870
-------------------------------------
[Pr Epoch : 4/20]
Pr_Src_cls_loss	: 0.0672
-------------------------------------
[Pr Epoch : 5/20]
Pr_Src_cls_loss	: 0.0550
-------------------------------------
[Pr Epoch : 6/20]
Pr_Src_cls_loss	: 0.0459
-------------------------------------
[Pr Epoch : 7/20]
Pr_Src_cls_loss	: 0.0394
-------------------------------------
[Pr Epoch : 8/20]
Pr_Src_cls_loss	: 0.0356
-------------------------------------
[Pr Epoch : 9/20]
Pr_Src_cls_loss	: 0.0317
-------------------------------------
[Pr Epoch : 10/20]
Pr_Src_cls_loss	: 0.0285
-------------------------------------
[Pr Epoch : 11/20]
Pr_Src_cls_loss	: 0.0261
-------------------------------------
[Pr Epoch : 12/20]
Pr_Src_cls_loss	: 0.0246
-------------------------------------
[Pr Epoch : 13/20]
Pr_Src_cls_loss	: 0.0228
-------------------------------------
[Pr Epoch : 14/20]
Pr_Src_cls_loss	: 0.0212
-------------------------------------
[Pr Epoch : 15/20]
Pr_Src_cls_loss	: 0.0198
-------------------------------------
[Pr Epoch : 16/20]
Pr_Src_cls_loss	: 0.0186
-------------------------------------
[Pr Epoch : 17/20]
Pr_Src_cls_loss	: 0.0175
-------------------------------------
[Pr Epoch : 18/20]
Pr_Src_cls_loss	: 0.0166
-------------------------------------
[Pr Epoch : 19/20]
Pr_Src_cls_loss	: 0.0157
-------------------------------------
[Pr Epoch : 20/20]
Pr_Src_cls_loss	: 0.0158
-------------------------------------
/mnt/data/home/tp2474/OpenSet-AdaTime/algorithms/algorithms.py:1865: UserWarning: Implicit dimension choice for softmax has been deprecated. Change the call to include dim=X as an argument.
  trg_soft_cen = torch.nn.functional.softmax(after_lincls_cen).double()
[Epoch : 1/20]
Pr_Src_cls_loss	: 0.0158
Total_loss	: 0.0901
loss_cls	: 0.0132
loss_align	: 0.0769
-------------------------------------
[Epoch : 2/20]
Pr_Src_cls_loss	: 0.0158
Total_loss	: 0.0755
loss_cls	: 0.0074
loss_align	: 0.0680
-------------------------------------
[Epoch : 3/20]
Pr_Src_cls_loss	: 0.0158
Total_loss	: 0.0649
loss_cls	: 0.0054
loss_align	: 0.0595
-------------------------------------
[Epoch : 4/20]
Pr_Src_cls_loss	: 0.0158
Total_loss	: 0.0577
loss_cls	: 0.0044
loss_align	: 0.0534
-------------------------------------
[Epoch : 5/20]
Pr_Src_cls_loss	: 0.0158
Total_loss	: 0.0520
loss_cls	: 0.0036
loss_align	: 0.0483
-------------------------------------
[Epoch : 6/20]
Pr_Src_cls_loss	: 0.0158
Total_loss	: 0.0479
loss_cls	: 0.0032
loss_align	: 0.0447
-------------------------------------
[Epoch : 7/20]
Pr_Src_cls_loss	: 0.0158
Total_loss	: 0.0441
loss_cls	: 0.0029
loss_align	: 0.0413
-------------------------------------
[Epoch : 8/20]
Pr_Src_cls_loss	: 0.0158
Total_loss	: 0.0413
loss_cls	: 0.0027
loss_align	: 0.0386
-------------------------------------
[Epoch : 9/20]
Pr_Src_cls_loss	: 0.0158
Total_loss	: 0.0398
loss_cls	: 0.0031
loss_align	: 0.0367
Src_cls_loss	: 0.0000
-------------------------------------
[Epoch : 10/20]
Pr_Src_cls_loss	: 0.0158
Total_loss	: 0.0382
loss_cls	: 0.0029
loss_align	: 0.0352
Src_cls_loss	: 0.0000
-------------------------------------
[Epoch : 11/20]
Pr_Src_cls_loss	: 0.0158
Total_loss	: 0.0363
loss_cls	: 0.0028
loss_align	: 0.0334
Src_cls_loss	: 0.0000
-------------------------------------
[Epoch : 12/20]
Pr_Src_cls_loss	: 0.0158
Total_loss	: 0.0346
loss_cls	: 0.0027
loss_align	: 0.0319
Src_cls_loss	: 0.0000
-------------------------------------
[Epoch : 13/20]
Pr_Src_cls_loss	: 0.0158
Total_loss	: 0.0330
loss_cls	: 0.0025
loss_align	: 0.0304
Src_cls_loss	: 0.0000
-------------------------------------
[Epoch : 14/20]
Pr_Src_cls_loss	: 0.0158
Total_loss	: 0.0316
loss_cls	: 0.0024
loss_align	: 0.0292
Src_cls_loss	: 0.0000
-------------------------------------
[Epoch : 15/20]
Pr_Src_cls_loss	: 0.0158
Total_loss	: 0.0303
loss_cls	: 0.0022
loss_align	: 0.0281
Src_cls_loss	: 0.0000
-------------------------------------
[Epoch : 16/20]
Pr_Src_cls_loss	: 0.0158
Total_loss	: 0.0299
loss_cls	: 0.0026
loss_align	: 0.0274
Src_cls_loss	: 0.0000
-------------------------------------
[Epoch : 17/20]
Pr_Src_cls_loss	: 0.0158
Total_loss	: 0.0295
loss_cls	: 0.0026
loss_align	: 0.0269
Src_cls_loss	: 0.0000
-------------------------------------
[Epoch : 18/20]
Pr_Src_cls_loss	: 0.0158
Total_loss	: 0.0300
loss_cls	: 0.0034
loss_align	: 0.0266
Src_cls_loss	: 0.0000
-------------------------------------
[Epoch : 19/20]
Pr_Src_cls_loss	: 0.0158
Total_loss	: 0.0296
loss_cls	: 0.0035
loss_align	: 0.0262
Src_cls_loss	: 0.0000
-------------------------------------
[Epoch : 20/20]
Pr_Src_cls_loss	: 0.0158
Total_loss	: 0.0289
loss_cls	: 0.0034
loss_align	: 0.0256
Src_cls_loss	: 0.0000
-------------------------------------

[UniJDOT Debug] final_threshold = 0.8583 conf mean=0.8483 std=0.1081 reject=29.69%
[UniJDOT Eval ALL] n=26209 threshold=0.8583
[UniJDOT Eval ALL] conf: min=0.2694 max=0.9462 mean=0.8377 std=0.1285
[UniJDOT Eval ALL] rejected: 30.86%
[UniJDOT Eval ALL] pred class dist (pre-reject): [5682, 8620, 8027, 3880]
[UniJDOT Eval ALL] true label dist: [6425, 6892, 6422, 6470, 0] (last bin = unknown)
H_score: 0.0000, OS* (acc_c): 0.3202, UNK (acc_p): 0.0000, acc_mix: 0.3202, F1: 0.3347
[UniJDOT Eval ALL] n=26209 threshold=0.8583
[UniJDOT Eval ALL] conf: min=0.2694 max=0.9462 mean=0.8377 std=0.1285
[UniJDOT Eval ALL] rejected: 30.86%
[UniJDOT Eval ALL] pred class dist (pre-reject): [5682, 8620, 8027, 3880]
[UniJDOT Eval ALL] true label dist: [6425, 6892, 6422, 6470, 0] (last bin = unknown)
Uploading logs from: /mnt/data/home/tp2474/OpenSet-AdaTime/experiments_logs/mhealth to RealWorld_closed_set/UniJDOT_closed_set/mhealth_to_RealWorld_run_4
🏃 View run UniJDOT_run_4 at: http://127.0.0.1:5001/#/experiments/259823949667944240/runs/64c86adbbe48450b9baeecb20c90e86b
🧪 View experiment at: http://127.0.0.1:5001/#/experiments/259823949667944240
Running: Source=mhealth -> Target=Pamap2
[scenario] UniJDOT -> UniDA (uniDA=True)
Unlabeled data shape:  (4752, 150, 18)
Unlabelled Combined shape: (8054, 150, 18)

--- Dataloader Size Check ---
Source Train batches:   36
Target Train batches:   148
-------------------------------

Private classes:  tensor([])
=============================================
Dataset: mhealth to Pamap2_closed_set
Method:  UniJDOT
=============================================
Source: mhealth ---> Target: Pamap2
Run ID: 0
=============================================
[Pr Epoch : 1/20]
Pr_Src_cls_loss	: 0.1332
-------------------------------------
[Pr Epoch : 2/20]
Pr_Src_cls_loss	: 0.0697
-------------------------------------
[Pr Epoch : 3/20]
Pr_Src_cls_loss	: 0.0472
-------------------------------------
[Pr Epoch : 4/20]
Pr_Src_cls_loss	: 0.0355
-------------------------------------
[Pr Epoch : 5/20]
Pr_Src_cls_loss	: 0.0293
-------------------------------------
[Pr Epoch : 6/20]
Pr_Src_cls_loss	: 0.0293
-------------------------------------
[Pr Epoch : 7/20]
Pr_Src_cls_loss	: 0.0318
-------------------------------------
[Pr Epoch : 8/20]
Pr_Src_cls_loss	: 0.0302
-------------------------------------
[Pr Epoch : 9/20]
Pr_Src_cls_loss	: 0.0279
-------------------------------------
[Pr Epoch : 10/20]
Pr_Src_cls_loss	: 0.0256
-------------------------------------
[Pr Epoch : 11/20]
Pr_Src_cls_loss	: 0.0249
-------------------------------------
[Pr Epoch : 12/20]
Pr_Src_cls_loss	: 0.0249
-------------------------------------
[Pr Epoch : 13/20]
Pr_Src_cls_loss	: 0.0231
-------------------------------------
[Pr Epoch : 14/20]
Pr_Src_cls_loss	: 0.0217
-------------------------------------
[Pr Epoch : 15/20]
Pr_Src_cls_loss	: 0.0211
-------------------------------------
[Pr Epoch : 16/20]
Pr_Src_cls_loss	: 0.0197
-------------------------------------
[Pr Epoch : 17/20]
Pr_Src_cls_loss	: 0.0186
-------------------------------------
[Pr Epoch : 18/20]
Pr_Src_cls_loss	: 0.0177
-------------------------------------
[Pr Epoch : 19/20]
Pr_Src_cls_loss	: 0.0168
-------------------------------------
[Pr Epoch : 20/20]
Pr_Src_cls_loss	: 0.0167
-------------------------------------
/mnt/data/home/tp2474/OpenSet-AdaTime/algorithms/algorithms.py:1865: UserWarning: Implicit dimension choice for softmax has been deprecated. Change the call to include dim=X as an argument.
  trg_soft_cen = torch.nn.functional.softmax(after_lincls_cen).double()
[Epoch : 1/20]
Pr_Src_cls_loss	: 0.0167
Total_loss	: 0.0565
loss_cls	: 0.0041
loss_align	: 0.0524
-------------------------------------
[Epoch : 2/20]
Pr_Src_cls_loss	: 0.0167
Total_loss	: 0.0459
loss_cls	: 0.0039
loss_align	: 0.0420
-------------------------------------
[Epoch : 3/20]
Pr_Src_cls_loss	: 0.0167
Total_loss	: 0.0447
loss_cls	: 0.0047
loss_align	: 0.0399
-------------------------------------
[Epoch : 4/20]
Pr_Src_cls_loss	: 0.0167
Total_loss	: 0.0419
loss_cls	: 0.0040
loss_align	: 0.0378
-------------------------------------
[Epoch : 5/20]
Pr_Src_cls_loss	: 0.0167
Total_loss	: 0.0380
loss_cls	: 0.0034
loss_align	: 0.0346
-------------------------------------
[Epoch : 6/20]
Pr_Src_cls_loss	: 0.0167
Total_loss	: 0.0345
loss_cls	: 0.0029
loss_align	: 0.0316
-------------------------------------
[Epoch : 7/20]
Pr_Src_cls_loss	: 0.0167
Total_loss	: 0.0318
loss_cls	: 0.0029
loss_align	: 0.0289
-------------------------------------
[Epoch : 8/20]
Pr_Src_cls_loss	: 0.0167
Total_loss	: 0.0292
loss_cls	: 0.0027
loss_align	: 0.0266
-------------------------------------
[Epoch : 9/20]
Pr_Src_cls_loss	: 0.0167
Total_loss	: 0.0279
loss_cls	: 0.0024
loss_align	: 0.0255
Src_cls_loss	: 0.0000
-------------------------------------
[Epoch : 10/20]
Pr_Src_cls_loss	: 0.0167
Total_loss	: 0.0267
loss_cls	: 0.0022
loss_align	: 0.0245
Src_cls_loss	: 0.0000
-------------------------------------
[Epoch : 11/20]
Pr_Src_cls_loss	: 0.0167
Total_loss	: 0.0255
loss_cls	: 0.0020
loss_align	: 0.0234
Src_cls_loss	: 0.0000
-------------------------------------
[Epoch : 12/20]
Pr_Src_cls_loss	: 0.0167
Total_loss	: 0.0245
loss_cls	: 0.0020
loss_align	: 0.0226
Src_cls_loss	: 0.0000
-------------------------------------
[Epoch : 13/20]
Pr_Src_cls_loss	: 0.0167
Total_loss	: 0.0239
loss_cls	: 0.0020
loss_align	: 0.0219
Src_cls_loss	: 0.0000
-------------------------------------
[Epoch : 14/20]
Pr_Src_cls_loss	: 0.0167
Total_loss	: 0.0232
loss_cls	: 0.0020
loss_align	: 0.0213
Src_cls_loss	: 0.0000
-------------------------------------
[Epoch : 15/20]
Pr_Src_cls_loss	: 0.0167
Total_loss	: 0.0224
loss_cls	: 0.0018
loss_align	: 0.0206
Src_cls_loss	: 0.0000
-------------------------------------
[Epoch : 16/20]
Pr_Src_cls_loss	: 0.0167
Total_loss	: 0.0217
loss_cls	: 0.0017
loss_align	: 0.0200
Src_cls_loss	: 0.0000
-------------------------------------
[Epoch : 17/20]
Pr_Src_cls_loss	: 0.0167
Total_loss	: 0.0211
loss_cls	: 0.0017
loss_align	: 0.0194
Src_cls_loss	: 0.0000
-------------------------------------
[Epoch : 18/20]
Pr_Src_cls_loss	: 0.0167
Total_loss	: 0.0205
loss_cls	: 0.0016
loss_align	: 0.0189
Src_cls_loss	: 0.0000
-------------------------------------
[Epoch : 19/20]
Pr_Src_cls_loss	: 0.0167
Total_loss	: 0.0200
loss_cls	: 0.0015
loss_align	: 0.0184
Src_cls_loss	: 0.0000
-------------------------------------
[Epoch : 20/20]
Pr_Src_cls_loss	: 0.0167
Total_loss	: 0.0195
loss_cls	: 0.0015
loss_align	: 0.0180
Src_cls_loss	: 0.0000
-------------------------------------
/mnt/data/home/tp2474/OpenSet-AdaTime/trainers/abstract_trainer.py:331: FutureWarning: The behavior of DataFrame concatenation with empty or all-NA entries is deprecated. In a future version, this will no longer exclude empty or all-NA columns when determining the result dtypes. To retain the old behavior, exclude the relevant entries before the concat operation.
  table = pd.concat([table, results_df], ignore_index=True)

[UniJDOT Debug] final_threshold = 0.8989 conf mean=0.8975 std=0.0327 reject=21.88%
[UniJDOT Eval ALL] n=4752 threshold=0.8989
[UniJDOT Eval ALL] conf: min=0.3072 max=0.9139 mean=0.8760 std=0.0829
[UniJDOT Eval ALL] rejected: 37.42%
[UniJDOT Eval ALL] pred class dist (pre-reject): [1141, 804, 1445, 1362]
[UniJDOT Eval ALL] true label dist: [1280, 647, 1234, 1591, 0] (last bin = unknown)
H_score: 0.0000, OS* (acc_c): 0.2654, UNK (acc_p): 0.0000, acc_mix: 0.2654, F1: 0.3250
[UniJDOT Eval ALL] n=4752 threshold=0.8989
[UniJDOT Eval ALL] conf: min=0.3072 max=0.9139 mean=0.8760 std=0.0829
[UniJDOT Eval ALL] rejected: 37.42%
[UniJDOT Eval ALL] pred class dist (pre-reject): [1141, 804, 1445, 1362]
[UniJDOT Eval ALL] true label dist: [1280, 647, 1234, 1591, 0] (last bin = unknown)
Uploading logs from: /mnt/data/home/tp2474/OpenSet-AdaTime/experiments_logs/mhealth to Pamap2_closed_set/UniJDOT_closed_set/mhealth_to_Pamap2_run_0
🏃 View run UniJDOT_run_0 at: http://127.0.0.1:5001/#/experiments/206873663002748842/runs/4b6fc989a484402e9eca4b533947a460
🧪 View experiment at: http://127.0.0.1:5001/#/experiments/206873663002748842
=============================================
Dataset: mhealth to Pamap2_closed_set
Method:  UniJDOT
=============================================
Source: mhealth ---> Target: Pamap2
Run ID: 1
=============================================
[Pr Epoch : 1/20]
Pr_Src_cls_loss	: 0.1547
-------------------------------------
[Pr Epoch : 2/20]
Pr_Src_cls_loss	: 0.0803
-------------------------------------
[Pr Epoch : 3/20]
Pr_Src_cls_loss	: 0.0555
-------------------------------------
[Pr Epoch : 4/20]
Pr_Src_cls_loss	: 0.0487
-------------------------------------
[Pr Epoch : 5/20]
Pr_Src_cls_loss	: 0.0443
-------------------------------------
[Pr Epoch : 6/20]
Pr_Src_cls_loss	: 0.0375
-------------------------------------
[Pr Epoch : 7/20]
Pr_Src_cls_loss	: 0.0325
-------------------------------------
[Pr Epoch : 8/20]
Pr_Src_cls_loss	: 0.0287
-------------------------------------
[Pr Epoch : 9/20]
Pr_Src_cls_loss	: 0.0257
-------------------------------------
[Pr Epoch : 10/20]
Pr_Src_cls_loss	: 0.0232
-------------------------------------
[Pr Epoch : 11/20]
Pr_Src_cls_loss	: 0.0211
-------------------------------------
[Pr Epoch : 12/20]
Pr_Src_cls_loss	: 0.0194
-------------------------------------
[Pr Epoch : 13/20]
Pr_Src_cls_loss	: 0.0185
-------------------------------------
[Pr Epoch : 14/20]
Pr_Src_cls_loss	: 0.0173
-------------------------------------
[Pr Epoch : 15/20]
Pr_Src_cls_loss	: 0.0162
-------------------------------------
[Pr Epoch : 16/20]
Pr_Src_cls_loss	: 0.0152
-------------------------------------
[Pr Epoch : 17/20]
Pr_Src_cls_loss	: 0.0143
-------------------------------------
[Pr Epoch : 18/20]
Pr_Src_cls_loss	: 0.0135
-------------------------------------
[Pr Epoch : 19/20]
Pr_Src_cls_loss	: 0.0128
-------------------------------------
[Pr Epoch : 20/20]
Pr_Src_cls_loss	: 0.0122
-------------------------------------
/mnt/data/home/tp2474/OpenSet-AdaTime/algorithms/algorithms.py:1865: UserWarning: Implicit dimension choice for softmax has been deprecated. Change the call to include dim=X as an argument.
  trg_soft_cen = torch.nn.functional.softmax(after_lincls_cen).double()
[Epoch : 1/20]
Pr_Src_cls_loss	: 0.0122
Total_loss	: 0.0700
loss_cls	: 0.0009
loss_align	: 0.0692
-------------------------------------
[Epoch : 2/20]
Pr_Src_cls_loss	: 0.0122
Total_loss	: 0.0548
loss_cls	: 0.0009
loss_align	: 0.0539
-------------------------------------
[Epoch : 3/20]
Pr_Src_cls_loss	: 0.0122
Total_loss	: 0.0473
loss_cls	: 0.0014
loss_align	: 0.0459
-------------------------------------
[Epoch : 4/20]
Pr_Src_cls_loss	: 0.0122
Total_loss	: 0.0413
loss_cls	: 0.0012
loss_align	: 0.0402
-------------------------------------
[Epoch : 5/20]
Pr_Src_cls_loss	: 0.0122
Total_loss	: 0.0381
loss_cls	: 0.0012
loss_align	: 0.0369
-------------------------------------
[Epoch : 6/20]
Pr_Src_cls_loss	: 0.0122
Total_loss	: 0.0349
loss_cls	: 0.0010
loss_align	: 0.0339
-------------------------------------
[Epoch : 7/20]
Pr_Src_cls_loss	: 0.0122
Total_loss	: 0.0323
loss_cls	: 0.0009
loss_align	: 0.0314
-------------------------------------
[Epoch : 8/20]
Pr_Src_cls_loss	: 0.0122
Total_loss	: 0.0303
loss_cls	: 0.0008
loss_align	: 0.0294
-------------------------------------
[Epoch : 9/20]
Pr_Src_cls_loss	: 0.0122
Total_loss	: 0.0289
loss_cls	: 0.0010
loss_align	: 0.0279
Src_cls_loss	: 0.0000
-------------------------------------
[Epoch : 10/20]
Pr_Src_cls_loss	: 0.0122
Total_loss	: 0.0283
loss_cls	: 0.0015
loss_align	: 0.0268
Src_cls_loss	: 0.0000
-------------------------------------
[Epoch : 11/20]
Pr_Src_cls_loss	: 0.0122
Total_loss	: 0.0271
loss_cls	: 0.0015
loss_align	: 0.0257
Src_cls_loss	: 0.0000
-------------------------------------
[Epoch : 12/20]
Pr_Src_cls_loss	: 0.0122
Total_loss	: 0.0261
loss_cls	: 0.0014
loss_align	: 0.0247
Src_cls_loss	: 0.0000
-------------------------------------
[Epoch : 13/20]
Pr_Src_cls_loss	: 0.0122
Total_loss	: 0.0249
loss_cls	: 0.0013
loss_align	: 0.0236
Src_cls_loss	: 0.0000
-------------------------------------
[Epoch : 14/20]
Pr_Src_cls_loss	: 0.0122
Total_loss	: 0.0241
loss_cls	: 0.0013
loss_align	: 0.0228
Src_cls_loss	: 0.0000
-------------------------------------
[Epoch : 15/20]
Pr_Src_cls_loss	: 0.0122
Total_loss	: 0.0233
loss_cls	: 0.0013
loss_align	: 0.0220
Src_cls_loss	: 0.0000
-------------------------------------
[Epoch : 16/20]
Pr_Src_cls_loss	: 0.0122
Total_loss	: 0.0225
loss_cls	: 0.0012
loss_align	: 0.0213
Src_cls_loss	: 0.0000
-------------------------------------
[Epoch : 17/20]
Pr_Src_cls_loss	: 0.0122
Total_loss	: 0.0218
loss_cls	: 0.0012
loss_align	: 0.0206
Src_cls_loss	: 0.0000
-------------------------------------
[Epoch : 18/20]
Pr_Src_cls_loss	: 0.0122
Total_loss	: 0.0211
loss_cls	: 0.0011
loss_align	: 0.0200
Src_cls_loss	: 0.0000
-------------------------------------
[Epoch : 19/20]
Pr_Src_cls_loss	: 0.0122
Total_loss	: 0.0205
loss_cls	: 0.0011
loss_align	: 0.0194
Src_cls_loss	: 0.0000
-------------------------------------
[Epoch : 20/20]
Pr_Src_cls_loss	: 0.0122
Total_loss	: 0.0208
loss_cls	: 0.0018
loss_align	: 0.0190
Src_cls_loss	: 0.0000
-------------------------------------

[UniJDOT Debug] final_threshold = 0.7974 conf mean=0.7980 std=0.1125 reject=25.00%
[UniJDOT Eval ALL] n=4752 threshold=0.7974
[UniJDOT Eval ALL] conf: min=0.3315 max=0.9269 mean=0.8235 std=0.0895
[UniJDOT Eval ALL] rejected: 14.58%
[UniJDOT Eval ALL] pred class dist (pre-reject): [886, 1353, 1630, 883]
[UniJDOT Eval ALL] true label dist: [1280, 647, 1234, 1591, 0] (last bin = unknown)
H_score: 0.0000, OS* (acc_c): 0.3392, UNK (acc_p): 0.0000, acc_mix: 0.3392, F1: 0.3641
[UniJDOT Eval ALL] n=4752 threshold=0.7974
[UniJDOT Eval ALL] conf: min=0.3315 max=0.9269 mean=0.8235 std=0.0895
[UniJDOT Eval ALL] rejected: 14.58%
[UniJDOT Eval ALL] pred class dist (pre-reject): [886, 1353, 1630, 883]
[UniJDOT Eval ALL] true label dist: [1280, 647, 1234, 1591, 0] (last bin = unknown)
Uploading logs from: /mnt/data/home/tp2474/OpenSet-AdaTime/experiments_logs/mhealth to Pamap2_closed_set/UniJDOT_closed_set/mhealth_to_Pamap2_run_1
🏃 View run UniJDOT_run_1 at: http://127.0.0.1:5001/#/experiments/206873663002748842/runs/0b88605adf9e45b8a89a0c85c0925306
🧪 View experiment at: http://127.0.0.1:5001/#/experiments/206873663002748842
=============================================
Dataset: mhealth to Pamap2_closed_set
Method:  UniJDOT
=============================================
Source: mhealth ---> Target: Pamap2
Run ID: 2
=============================================
[Pr Epoch : 1/20]
Pr_Src_cls_loss	: 0.3278
-------------------------------------
[Pr Epoch : 2/20]
Pr_Src_cls_loss	: 0.1670
-------------------------------------
[Pr Epoch : 3/20]
Pr_Src_cls_loss	: 0.1117
-------------------------------------
[Pr Epoch : 4/20]
Pr_Src_cls_loss	: 0.0838
-------------------------------------
[Pr Epoch : 5/20]
Pr_Src_cls_loss	: 0.0686
-------------------------------------
[Pr Epoch : 6/20]
Pr_Src_cls_loss	: 0.0604
-------------------------------------
[Pr Epoch : 7/20]
Pr_Src_cls_loss	: 0.0530
-------------------------------------
[Pr Epoch : 8/20]
Pr_Src_cls_loss	: 0.0478
-------------------------------------
[Pr Epoch : 9/20]
Pr_Src_cls_loss	: 0.0428
-------------------------------------
[Pr Epoch : 10/20]
Pr_Src_cls_loss	: 0.0386
-------------------------------------
[Pr Epoch : 11/20]
Pr_Src_cls_loss	: 0.0351
-------------------------------------
[Pr Epoch : 12/20]
Pr_Src_cls_loss	: 0.0322
-------------------------------------
[Pr Epoch : 13/20]
Pr_Src_cls_loss	: 0.0307
-------------------------------------
[Pr Epoch : 14/20]
Pr_Src_cls_loss	: 0.0290
-------------------------------------
[Pr Epoch : 15/20]
Pr_Src_cls_loss	: 0.0272
-------------------------------------
[Pr Epoch : 16/20]
Pr_Src_cls_loss	: 0.0256
-------------------------------------
[Pr Epoch : 17/20]
Pr_Src_cls_loss	: 0.0243
-------------------------------------
[Pr Epoch : 18/20]
Pr_Src_cls_loss	: 0.0230
-------------------------------------
[Pr Epoch : 19/20]
Pr_Src_cls_loss	: 0.0218
-------------------------------------
[Pr Epoch : 20/20]
Pr_Src_cls_loss	: 0.0209
-------------------------------------
/mnt/data/home/tp2474/OpenSet-AdaTime/algorithms/algorithms.py:1865: UserWarning: Implicit dimension choice for softmax has been deprecated. Change the call to include dim=X as an argument.
  trg_soft_cen = torch.nn.functional.softmax(after_lincls_cen).double()
[Epoch : 1/20]
Pr_Src_cls_loss	: 0.0209
Total_loss	: 0.0701
loss_cls	: 0.0067
loss_align	: 0.0634
-------------------------------------
[Epoch : 2/20]
Pr_Src_cls_loss	: 0.0209
Total_loss	: 0.0572
loss_cls	: 0.0048
loss_align	: 0.0524
-------------------------------------
[Epoch : 3/20]
Pr_Src_cls_loss	: 0.0209
Total_loss	: 0.0509
loss_cls	: 0.0038
loss_align	: 0.0471
-------------------------------------
[Epoch : 4/20]
Pr_Src_cls_loss	: 0.0209
Total_loss	: 0.0444
loss_cls	: 0.0029
loss_align	: 0.0415
-------------------------------------
[Epoch : 5/20]
Pr_Src_cls_loss	: 0.0209
Total_loss	: 0.0398
loss_cls	: 0.0033
loss_align	: 0.0366
-------------------------------------
[Epoch : 6/20]
Pr_Src_cls_loss	: 0.0209
Total_loss	: 0.0373
loss_cls	: 0.0031
loss_align	: 0.0342
-------------------------------------
[Epoch : 7/20]
Pr_Src_cls_loss	: 0.0209
Total_loss	: 0.0346
loss_cls	: 0.0027
loss_align	: 0.0319
-------------------------------------
[Epoch : 8/20]
Pr_Src_cls_loss	: 0.0209
Total_loss	: 0.0322
loss_cls	: 0.0025
loss_align	: 0.0297
-------------------------------------
[Epoch : 9/20]
Pr_Src_cls_loss	: 0.0209
Total_loss	: 0.0303
loss_cls	: 0.0024
loss_align	: 0.0278
Src_cls_loss	: 0.0000
-------------------------------------
[Epoch : 10/20]
Pr_Src_cls_loss	: 0.0209
Total_loss	: 0.0283
loss_cls	: 0.0022
loss_align	: 0.0261
Src_cls_loss	: 0.0000
-------------------------------------
[Epoch : 11/20]
Pr_Src_cls_loss	: 0.0209
Total_loss	: 0.0267
loss_cls	: 0.0021
loss_align	: 0.0246
Src_cls_loss	: 0.0000
-------------------------------------
[Epoch : 12/20]
Pr_Src_cls_loss	: 0.0209
Total_loss	: 0.0253
loss_cls	: 0.0019
loss_align	: 0.0234
Src_cls_loss	: 0.0000
-------------------------------------
[Epoch : 13/20]
Pr_Src_cls_loss	: 0.0209
Total_loss	: 0.0240
loss_cls	: 0.0018
loss_align	: 0.0223
Src_cls_loss	: 0.0000
-------------------------------------
[Epoch : 14/20]
Pr_Src_cls_loss	: 0.0209
Total_loss	: 0.0229
loss_cls	: 0.0017
loss_align	: 0.0213
Src_cls_loss	: 0.0000
-------------------------------------
[Epoch : 15/20]
Pr_Src_cls_loss	: 0.0209
Total_loss	: 0.0219
loss_cls	: 0.0016
loss_align	: 0.0204
Src_cls_loss	: 0.0000
-------------------------------------
[Epoch : 16/20]
Pr_Src_cls_loss	: 0.0209
Total_loss	: 0.0211
loss_cls	: 0.0015
loss_align	: 0.0196
Src_cls_loss	: 0.0000
-------------------------------------
[Epoch : 17/20]
Pr_Src_cls_loss	: 0.0209
Total_loss	: 0.0203
loss_cls	: 0.0014
loss_align	: 0.0189
Src_cls_loss	: 0.0000
-------------------------------------
[Epoch : 18/20]
Pr_Src_cls_loss	: 0.0209
Total_loss	: 0.0197
loss_cls	: 0.0014
loss_align	: 0.0184
Src_cls_loss	: 0.0000
-------------------------------------
[Epoch : 19/20]
Pr_Src_cls_loss	: 0.0209
Total_loss	: 0.0194
loss_cls	: 0.0013
loss_align	: 0.0182
Src_cls_loss	: 0.0000
-------------------------------------
[Epoch : 20/20]
Pr_Src_cls_loss	: 0.0209
Total_loss	: 0.0191
loss_cls	: 0.0012
loss_align	: 0.0179
Src_cls_loss	: 0.0000
-------------------------------------

[UniJDOT Debug] final_threshold = 0.8905 conf mean=0.8840 std=0.0469 reject=37.50%
[UniJDOT Eval ALL] n=4752 threshold=0.8905
[UniJDOT Eval ALL] conf: min=0.3036 max=0.9222 mean=0.8734 std=0.0956
[UniJDOT Eval ALL] rejected: 28.07%
[UniJDOT Eval ALL] pred class dist (pre-reject): [1003, 1437, 1487, 825]
[UniJDOT Eval ALL] true label dist: [1280, 647, 1234, 1591, 0] (last bin = unknown)
H_score: 0.0000, OS* (acc_c): 0.1471, UNK (acc_p): 0.0000, acc_mix: 0.1471, F1: 0.1187
[UniJDOT Eval ALL] n=4752 threshold=0.8905
[UniJDOT Eval ALL] conf: min=0.3036 max=0.9222 mean=0.8734 std=0.0956
[UniJDOT Eval ALL] rejected: 28.07%
[UniJDOT Eval ALL] pred class dist (pre-reject): [1003, 1437, 1487, 825]
[UniJDOT Eval ALL] true label dist: [1280, 647, 1234, 1591, 0] (last bin = unknown)
Uploading logs from: /mnt/data/home/tp2474/OpenSet-AdaTime/experiments_logs/mhealth to Pamap2_closed_set/UniJDOT_closed_set/mhealth_to_Pamap2_run_2
🏃 View run UniJDOT_run_2 at: http://127.0.0.1:5001/#/experiments/206873663002748842/runs/791a9a6a44f74ce5a2701ede0d58562c
🧪 View experiment at: http://127.0.0.1:5001/#/experiments/206873663002748842
=============================================
Dataset: mhealth to Pamap2_closed_set
Method:  UniJDOT
=============================================
Source: mhealth ---> Target: Pamap2
Run ID: 3
=============================================
[Pr Epoch : 1/20]
Pr_Src_cls_loss	: 0.1763
-------------------------------------
[Pr Epoch : 2/20]
Pr_Src_cls_loss	: 0.0915
-------------------------------------
[Pr Epoch : 3/20]
Pr_Src_cls_loss	: 0.0617
-------------------------------------
[Pr Epoch : 4/20]
Pr_Src_cls_loss	: 0.0480
-------------------------------------
[Pr Epoch : 5/20]
Pr_Src_cls_loss	: 0.0395
-------------------------------------
[Pr Epoch : 6/20]
Pr_Src_cls_loss	: 0.0352
-------------------------------------
[Pr Epoch : 7/20]
Pr_Src_cls_loss	: 0.0316
-------------------------------------
[Pr Epoch : 8/20]
Pr_Src_cls_loss	: 0.0286
-------------------------------------
[Pr Epoch : 9/20]
Pr_Src_cls_loss	: 0.0255
-------------------------------------
[Pr Epoch : 10/20]
Pr_Src_cls_loss	: 0.0229
-------------------------------------
[Pr Epoch : 11/20]
Pr_Src_cls_loss	: 0.0209
-------------------------------------
[Pr Epoch : 12/20]
Pr_Src_cls_loss	: 0.0197
-------------------------------------
[Pr Epoch : 13/20]
Pr_Src_cls_loss	: 0.0183
-------------------------------------
[Pr Epoch : 14/20]
Pr_Src_cls_loss	: 0.0193
-------------------------------------
[Pr Epoch : 15/20]
Pr_Src_cls_loss	: 0.0205
-------------------------------------
[Pr Epoch : 16/20]
Pr_Src_cls_loss	: 0.0195
-------------------------------------
[Pr Epoch : 17/20]
Pr_Src_cls_loss	: 0.0184
-------------------------------------
[Pr Epoch : 18/20]
Pr_Src_cls_loss	: 0.0174
-------------------------------------
[Pr Epoch : 19/20]
Pr_Src_cls_loss	: 0.0165
-------------------------------------
[Pr Epoch : 20/20]
Pr_Src_cls_loss	: 0.0157
-------------------------------------
/mnt/data/home/tp2474/OpenSet-AdaTime/algorithms/algorithms.py:1865: UserWarning: Implicit dimension choice for softmax has been deprecated. Change the call to include dim=X as an argument.
  trg_soft_cen = torch.nn.functional.softmax(after_lincls_cen).double()
[Epoch : 1/20]
Pr_Src_cls_loss	: 0.0157
Total_loss	: 0.0741
loss_cls	: 0.0060
loss_align	: 0.0681
-------------------------------------
[Epoch : 2/20]
Pr_Src_cls_loss	: 0.0157
Total_loss	: 0.0593
loss_cls	: 0.0055
loss_align	: 0.0538
-------------------------------------
[Epoch : 3/20]
Pr_Src_cls_loss	: 0.0157
Total_loss	: 0.0496
loss_cls	: 0.0041
loss_align	: 0.0455
-------------------------------------
[Epoch : 4/20]
Pr_Src_cls_loss	: 0.0157
Total_loss	: 0.0434
loss_cls	: 0.0032
loss_align	: 0.0402
-------------------------------------
[Epoch : 5/20]
Pr_Src_cls_loss	: 0.0157
Total_loss	: 0.0390
loss_cls	: 0.0028
loss_align	: 0.0362
-------------------------------------
[Epoch : 6/20]
Pr_Src_cls_loss	: 0.0157
Total_loss	: 0.0357
loss_cls	: 0.0025
loss_align	: 0.0332
-------------------------------------
[Epoch : 7/20]
Pr_Src_cls_loss	: 0.0157
Total_loss	: 0.0328
loss_cls	: 0.0022
loss_align	: 0.0306
-------------------------------------
[Epoch : 8/20]
Pr_Src_cls_loss	: 0.0157
Total_loss	: 0.0306
loss_cls	: 0.0020
loss_align	: 0.0286
-------------------------------------
[Epoch : 9/20]
Pr_Src_cls_loss	: 0.0157
Total_loss	: 0.0288
loss_cls	: 0.0019
loss_align	: 0.0269
Src_cls_loss	: 0.0000
-------------------------------------
[Epoch : 10/20]
Pr_Src_cls_loss	: 0.0157
Total_loss	: 0.0276
loss_cls	: 0.0020
loss_align	: 0.0256
Src_cls_loss	: 0.0000
-------------------------------------
[Epoch : 11/20]
Pr_Src_cls_loss	: 0.0157
Total_loss	: 0.0262
loss_cls	: 0.0018
loss_align	: 0.0244
Src_cls_loss	: 0.0000
-------------------------------------
[Epoch : 12/20]
Pr_Src_cls_loss	: 0.0157
Total_loss	: 0.0249
loss_cls	: 0.0017
loss_align	: 0.0232
Src_cls_loss	: 0.0000
-------------------------------------
[Epoch : 13/20]
Pr_Src_cls_loss	: 0.0157
Total_loss	: 0.0249
loss_cls	: 0.0025
loss_align	: 0.0224
Src_cls_loss	: 0.0000
-------------------------------------
[Epoch : 14/20]
Pr_Src_cls_loss	: 0.0157
Total_loss	: 0.0246
loss_cls	: 0.0029
loss_align	: 0.0217
Src_cls_loss	: 0.0000
-------------------------------------
[Epoch : 15/20]
Pr_Src_cls_loss	: 0.0157
Total_loss	: 0.0242
loss_cls	: 0.0031
loss_align	: 0.0211
Src_cls_loss	: 0.0000
-------------------------------------
[Epoch : 16/20]
Pr_Src_cls_loss	: 0.0157
Total_loss	: 0.0236
loss_cls	: 0.0032
loss_align	: 0.0204
Src_cls_loss	: 0.0000
-------------------------------------
[Epoch : 17/20]
Pr_Src_cls_loss	: 0.0157
Total_loss	: 0.0230
loss_cls	: 0.0030
loss_align	: 0.0200
Src_cls_loss	: 0.0000
-------------------------------------
[Epoch : 18/20]
Pr_Src_cls_loss	: 0.0157
Total_loss	: 0.0224
loss_cls	: 0.0028
loss_align	: 0.0195
Src_cls_loss	: 0.0000
-------------------------------------
[Epoch : 19/20]
Pr_Src_cls_loss	: 0.0157
Total_loss	: 0.0218
loss_cls	: 0.0027
loss_align	: 0.0191
Src_cls_loss	: 0.0000
-------------------------------------
[Epoch : 20/20]
Pr_Src_cls_loss	: 0.0157
Total_loss	: 0.0213
loss_cls	: 0.0026
loss_align	: 0.0187
Src_cls_loss	: 0.0000
-------------------------------------

[UniJDOT Debug] final_threshold = 0.8944 conf mean=0.8880 std=0.0716 reject=26.56%
[UniJDOT Eval ALL] n=4752 threshold=0.8944
[UniJDOT Eval ALL] conf: min=0.3391 max=0.9279 mean=0.8830 std=0.0798
[UniJDOT Eval ALL] rejected: 25.38%
[UniJDOT Eval ALL] pred class dist (pre-reject): [383, 837, 2218, 1314]
[UniJDOT Eval ALL] true label dist: [1280, 647, 1234, 1591, 0] (last bin = unknown)
H_score: 0.0000, OS* (acc_c): 0.4510, UNK (acc_p): 0.0000, acc_mix: 0.4510, F1: 0.4497
[UniJDOT Eval ALL] n=4752 threshold=0.8944
[UniJDOT Eval ALL] conf: min=0.3391 max=0.9279 mean=0.8830 std=0.0798
[UniJDOT Eval ALL] rejected: 25.38%
[UniJDOT Eval ALL] pred class dist (pre-reject): [383, 837, 2218, 1314]
[UniJDOT Eval ALL] true label dist: [1280, 647, 1234, 1591, 0] (last bin = unknown)
Uploading logs from: /mnt/data/home/tp2474/OpenSet-AdaTime/experiments_logs/mhealth to Pamap2_closed_set/UniJDOT_closed_set/mhealth_to_Pamap2_run_3
🏃 View run UniJDOT_run_3 at: http://127.0.0.1:5001/#/experiments/206873663002748842/runs/5c4965d2a74f4904b46e36ea00c8c8d6
🧪 View experiment at: http://127.0.0.1:5001/#/experiments/206873663002748842
=============================================
Dataset: mhealth to Pamap2_closed_set
Method:  UniJDOT
=============================================
Source: mhealth ---> Target: Pamap2
Run ID: 4
=============================================
[Pr Epoch : 1/20]
Pr_Src_cls_loss	: 0.1841
-------------------------------------
[Pr Epoch : 2/20]
Pr_Src_cls_loss	: 0.0974
-------------------------------------
[Pr Epoch : 3/20]
Pr_Src_cls_loss	: 0.0870
-------------------------------------
[Pr Epoch : 4/20]
Pr_Src_cls_loss	: 0.0672
-------------------------------------
[Pr Epoch : 5/20]
Pr_Src_cls_loss	: 0.0550
-------------------------------------
[Pr Epoch : 6/20]
Pr_Src_cls_loss	: 0.0459
-------------------------------------
[Pr Epoch : 7/20]
Pr_Src_cls_loss	: 0.0394
-------------------------------------
[Pr Epoch : 8/20]
Pr_Src_cls_loss	: 0.0356
-------------------------------------
[Pr Epoch : 9/20]
Pr_Src_cls_loss	: 0.0317
-------------------------------------
[Pr Epoch : 10/20]
Pr_Src_cls_loss	: 0.0285
-------------------------------------
[Pr Epoch : 11/20]
Pr_Src_cls_loss	: 0.0261
-------------------------------------
[Pr Epoch : 12/20]
Pr_Src_cls_loss	: 0.0246
-------------------------------------
[Pr Epoch : 13/20]
Pr_Src_cls_loss	: 0.0228
-------------------------------------
[Pr Epoch : 14/20]
Pr_Src_cls_loss	: 0.0212
-------------------------------------
[Pr Epoch : 15/20]
Pr_Src_cls_loss	: 0.0198
-------------------------------------
[Pr Epoch : 16/20]
Pr_Src_cls_loss	: 0.0186
-------------------------------------
[Pr Epoch : 17/20]
Pr_Src_cls_loss	: 0.0175
-------------------------------------
[Pr Epoch : 18/20]
Pr_Src_cls_loss	: 0.0166
-------------------------------------
[Pr Epoch : 19/20]
Pr_Src_cls_loss	: 0.0157
-------------------------------------
[Pr Epoch : 20/20]
Pr_Src_cls_loss	: 0.0158
-------------------------------------
/mnt/data/home/tp2474/OpenSet-AdaTime/algorithms/algorithms.py:1865: UserWarning: Implicit dimension choice for softmax has been deprecated. Change the call to include dim=X as an argument.
  trg_soft_cen = torch.nn.functional.softmax(after_lincls_cen).double()
[Epoch : 1/20]
Pr_Src_cls_loss	: 0.0158
Total_loss	: 0.0762
loss_cls	: 0.0028
loss_align	: 0.0734
-------------------------------------
[Epoch : 2/20]
Pr_Src_cls_loss	: 0.0158
Total_loss	: 0.0671
loss_cls	: 0.0029
loss_align	: 0.0642
-------------------------------------
[Epoch : 3/20]
Pr_Src_cls_loss	: 0.0158
Total_loss	: 0.0618
loss_cls	: 0.0027
loss_align	: 0.0591
-------------------------------------
[Epoch : 4/20]
Pr_Src_cls_loss	: 0.0158
Total_loss	: 0.0588
loss_cls	: 0.0022
loss_align	: 0.0566
-------------------------------------
[Epoch : 5/20]
Pr_Src_cls_loss	: 0.0158
Total_loss	: 0.0590
loss_cls	: 0.0021
loss_align	: 0.0569
-------------------------------------
[Epoch : 6/20]
Pr_Src_cls_loss	: 0.0158
Total_loss	: 0.0602
loss_cls	: 0.0020
loss_align	: 0.0582
-------------------------------------
[Epoch : 7/20]
Pr_Src_cls_loss	: 0.0158
Total_loss	: 0.0631
loss_cls	: 0.0026
loss_align	: 0.0606
-------------------------------------
[Epoch : 8/20]
Pr_Src_cls_loss	: 0.0158
Total_loss	: 0.0645
loss_cls	: 0.0024
loss_align	: 0.0621
-------------------------------------
[Epoch : 9/20]
Pr_Src_cls_loss	: 0.0158
Total_loss	: 0.0652
loss_cls	: 0.0023
loss_align	: 0.0629
Src_cls_loss	: 0.0000
-------------------------------------
[Epoch : 10/20]
Pr_Src_cls_loss	: 0.0158
Total_loss	: 0.0656
loss_cls	: 0.0021
loss_align	: 0.0635
Src_cls_loss	: 0.0000
-------------------------------------
[Epoch : 11/20]
Pr_Src_cls_loss	: 0.0158
Total_loss	: 0.0658
loss_cls	: 0.0019
loss_align	: 0.0639
Src_cls_loss	: 0.0000
-------------------------------------
[Epoch : 12/20]
Pr_Src_cls_loss	: 0.0158
Total_loss	: 0.0659
loss_cls	: 0.0018
loss_align	: 0.0641
Src_cls_loss	: 0.0000
-------------------------------------
[Epoch : 13/20]
Pr_Src_cls_loss	: 0.0158
Total_loss	: 0.0660
loss_cls	: 0.0017
loss_align	: 0.0643
Src_cls_loss	: 0.0000
-------------------------------------
[Epoch : 14/20]
Pr_Src_cls_loss	: 0.0158
Total_loss	: 0.0661
loss_cls	: 0.0018
loss_align	: 0.0644
Src_cls_loss	: 0.0000
-------------------------------------
[Epoch : 15/20]
Pr_Src_cls_loss	: 0.0158
Total_loss	: 0.0669
loss_cls	: 0.0020
loss_align	: 0.0649
Src_cls_loss	: 0.0000
-------------------------------------
[Epoch : 16/20]
Pr_Src_cls_loss	: 0.0158
Total_loss	: 0.0679
loss_cls	: 0.0025
loss_align	: 0.0654
Src_cls_loss	: 0.0000
-------------------------------------
[Epoch : 17/20]
Pr_Src_cls_loss	: 0.0158
Total_loss	: 0.0679
loss_cls	: 0.0025
loss_align	: 0.0655
Src_cls_loss	: 0.0000
-------------------------------------
[Epoch : 18/20]
Pr_Src_cls_loss	: 0.0158
Total_loss	: 0.0694
loss_cls	: 0.0036
loss_align	: 0.0658
Src_cls_loss	: 0.0000
-------------------------------------
[Epoch : 19/20]
Pr_Src_cls_loss	: 0.0158
Total_loss	: 0.0692
loss_cls	: 0.0034
loss_align	: 0.0657
Src_cls_loss	: 0.0000
-------------------------------------
[Epoch : 20/20]
Pr_Src_cls_loss	: 0.0158
Total_loss	: 0.0689
loss_cls	: 0.0033
loss_align	: 0.0656
Src_cls_loss	: 0.0000
-------------------------------------

[UniJDOT Debug] final_threshold = 0.2599 conf mean=0.5291 std=0.2984 reject=53.12%
[UniJDOT Eval ALL] n=4752 threshold=0.2599
[UniJDOT Eval ALL] conf: min=0.2536 max=0.8900 mean=0.5719 std=0.2986
[UniJDOT Eval ALL] rejected: 41.77%
[UniJDOT Eval ALL] pred class dist (pre-reject): [2195, 216, 1322, 1019]
[UniJDOT Eval ALL] true label dist: [1280, 647, 1234, 1591, 0] (last bin = unknown)
H_score: 0.0000, OS* (acc_c): 0.2719, UNK (acc_p): 0.0000, acc_mix: 0.2719, F1: 0.2871
[UniJDOT Eval ALL] n=4752 threshold=0.2599
[UniJDOT Eval ALL] conf: min=0.2536 max=0.8900 mean=0.5719 std=0.2986
[UniJDOT Eval ALL] rejected: 41.77%
[UniJDOT Eval ALL] pred class dist (pre-reject): [2195, 216, 1322, 1019]
[UniJDOT Eval ALL] true label dist: [1280, 647, 1234, 1591, 0] (last bin = unknown)
Uploading logs from: /mnt/data/home/tp2474/OpenSet-AdaTime/experiments_logs/mhealth to Pamap2_closed_set/UniJDOT_closed_set/mhealth_to_Pamap2_run_4
🏃 View run UniJDOT_run_4 at: http://127.0.0.1:5001/#/experiments/206873663002748842/runs/41e827b9e958440dab9ace775895972c
🧪 View experiment at: http://127.0.0.1:5001/#/experiments/206873663002748842
