==================== [n9 fno_mean] OSBP ====================
[curriculum] scenario=OSDA  strategy=hard  n_unknown=9  rank_variant=fno_mean
[curriculum] source mapping (4 classes): {'lying': 'lying', 'sitting': 'sitting', 'walking': 'walking', 'running': 'running'}
[curriculum] target mapping (13 classes): {'lying': 'lying', 'sitting': 'sitting', 'walking': 'walking', 'running': 'running', 'ascending stairs': 'ascending stairs', 'cycling': 'cycling', 'descending stairs': 'descending stairs', 'ironing': 'ironing', 'Nordic walking': 'Nordic walking', 'other (transient activities)': 'other (transient activities)', 'rope jumping': 'rope jumping', 'standing': 'standing', 'vacuum cleaning': 'vacuum cleaning'}
[curriculum] unknowns added (in hard order): ['ascending stairs', 'cycling', 'descending stairs', 'ironing', 'Nordic walking', 'other (transient activities)', 'rope jumping', 'standing', 'vacuum cleaning']
2026/05/06 17:08:08 INFO mlflow.tracking.fluent: Experiment with name 'RealWorld to Pamap2_OSDA_hard_n9_fno_mean' does not exist. Creating a new experiment.
[scenario] OSBP -> OSDA (uniDA=True)
Unlabeled data shape:  (19138, 150, 18)
Unlabelled Combined shape: (31801, 150, 18)

--- Dataloader Size Check ---
Source Train batches:   296
Target Train batches:   299
-------------------------------

Private classes:  tensor([ 4.,  5.,  6.,  7.,  8.,  9., 10., 11., 12.])
=============================================
Dataset: RealWorld to Pamap2_OSDA_hard_n9_fno_mean
Method:  OSBP
=============================================
Source: RealWorld ---> Target: Pamap2
Run ID: 0
=============================================
[Pr Epoch : 1/20]
Pr_Src_cls_loss	: 0.3639
-------------------------------------
[Pr Epoch : 2/20]
Pr_Src_cls_loss	: 0.2436
-------------------------------------
[Pr Epoch : 3/20]
Pr_Src_cls_loss	: 0.1936
-------------------------------------
[Pr Epoch : 4/20]
Pr_Src_cls_loss	: 0.1661
-------------------------------------
[Pr Epoch : 5/20]
Pr_Src_cls_loss	: 0.1470
-------------------------------------
[Pr Epoch : 6/20]
Pr_Src_cls_loss	: 0.1329
-------------------------------------
[Pr Epoch : 7/20]
Pr_Src_cls_loss	: 0.1223
-------------------------------------
[Pr Epoch : 8/20]
Pr_Src_cls_loss	: 0.1138
-------------------------------------
[Pr Epoch : 9/20]
Pr_Src_cls_loss	: 0.1065
-------------------------------------
[Pr Epoch : 10/20]
Pr_Src_cls_loss	: 0.1006
-------------------------------------
[Pr Epoch : 11/20]
Pr_Src_cls_loss	: 0.0955
-------------------------------------
[Pr Epoch : 12/20]
Pr_Src_cls_loss	: 0.0911
-------------------------------------
[Pr Epoch : 13/20]
Pr_Src_cls_loss	: 0.0870
-------------------------------------
[Pr Epoch : 14/20]
Pr_Src_cls_loss	: 0.0835
-------------------------------------
[Pr Epoch : 15/20]
Pr_Src_cls_loss	: 0.0803
-------------------------------------
[Pr Epoch : 16/20]
Pr_Src_cls_loss	: 0.0772
-------------------------------------
[Pr Epoch : 17/20]
Pr_Src_cls_loss	: 0.0744
-------------------------------------
[Pr Epoch : 18/20]
Pr_Src_cls_loss	: 0.0720
-------------------------------------
[Pr Epoch : 19/20]
Pr_Src_cls_loss	: 0.0698
-------------------------------------
[Pr Epoch : 20/20]
Pr_Src_cls_loss	: 0.0678
-------------------------------------
[Epoch : 1/20]
Pr_Src_cls_loss	: 0.0678
Src_cls_loss	: 0.3973
Trg_adv_loss	: 1.4065
Total_loss	: 1.8038
-------------------------------------
[Epoch : 2/20]
Pr_Src_cls_loss	: 0.0678
Src_cls_loss	: 0.3851
Trg_adv_loss	: 1.1364
Total_loss	: 1.5215
-------------------------------------
[Epoch : 3/20]
Pr_Src_cls_loss	: 0.0678
Src_cls_loss	: 0.3867
Trg_adv_loss	: 1.1029
Total_loss	: 1.4896
-------------------------------------
[Epoch : 4/20]
Pr_Src_cls_loss	: 0.0678
Src_cls_loss	: 0.3846
Trg_adv_loss	: 1.0893
Total_loss	: 1.4738
-------------------------------------
[Epoch : 5/20]
Pr_Src_cls_loss	: 0.0678
Src_cls_loss	: 0.3826
Trg_adv_loss	: 1.0735
Total_loss	: 1.4561
-------------------------------------
[Epoch : 6/20]
Pr_Src_cls_loss	: 0.0678
Src_cls_loss	: 0.3832
Trg_adv_loss	: 1.0601
Total_loss	: 1.4433
-------------------------------------
[Epoch : 7/20]
Pr_Src_cls_loss	: 0.0678
Src_cls_loss	: 0.3836
Trg_adv_loss	: 1.0498
Total_loss	: 1.4334
-------------------------------------
[Epoch : 8/20]
Pr_Src_cls_loss	: 0.0678
Src_cls_loss	: 0.3833
Trg_adv_loss	: 1.0424
Total_loss	: 1.4257
-------------------------------------
[Epoch : 9/20]
Pr_Src_cls_loss	: 0.0678
Src_cls_loss	: 0.3826
Trg_adv_loss	: 1.0373
Total_loss	: 1.4198
-------------------------------------
[Epoch : 10/20]
Pr_Src_cls_loss	: 0.0678
Src_cls_loss	: 0.3822
Trg_adv_loss	: 1.0330
Total_loss	: 1.4152
-------------------------------------
[Epoch : 11/20]
Pr_Src_cls_loss	: 0.0678
Src_cls_loss	: 0.3811
Trg_adv_loss	: 1.0299
Total_loss	: 1.4110
-------------------------------------
[Epoch : 12/20]
Pr_Src_cls_loss	: 0.0678
Src_cls_loss	: 0.3803
Trg_adv_loss	: 1.0273
Total_loss	: 1.4075
-------------------------------------
[Epoch : 13/20]
Pr_Src_cls_loss	: 0.0678
Src_cls_loss	: 0.3795
Trg_adv_loss	: 1.0250
Total_loss	: 1.4046
-------------------------------------
[Epoch : 14/20]
Pr_Src_cls_loss	: 0.0678
Src_cls_loss	: 0.3789
Trg_adv_loss	: 1.0233
Total_loss	: 1.4021
-------------------------------------
[Epoch : 15/20]
Pr_Src_cls_loss	: 0.0678
Src_cls_loss	: 0.3781
Trg_adv_loss	: 1.0218
Total_loss	: 1.3999
-------------------------------------
[Epoch : 16/20]
Pr_Src_cls_loss	: 0.0678
Src_cls_loss	: 0.3775
Trg_adv_loss	: 1.0206
Total_loss	: 1.3982
-------------------------------------
[Epoch : 17/20]
Pr_Src_cls_loss	: 0.0678
Src_cls_loss	: 0.3769
Trg_adv_loss	: 1.0196
Total_loss	: 1.3964
-------------------------------------
[Epoch : 18/20]
Pr_Src_cls_loss	: 0.0678
Src_cls_loss	: 0.3762
Trg_adv_loss	: 1.0187
Total_loss	: 1.3949
-------------------------------------
[Epoch : 19/20]
Pr_Src_cls_loss	: 0.0678
Src_cls_loss	: 0.3758
Trg_adv_loss	: 1.0179
Total_loss	: 1.3937
-------------------------------------
[Epoch : 20/20]
Pr_Src_cls_loss	: 0.0678
Src_cls_loss	: 0.3755
Trg_adv_loss	: 1.0170
Total_loss	: 1.3926
-------------------------------------
/mnt/data/home/tp2474/OpenSet-AdaTime/trainers/abstract_trainer.py:331: FutureWarning: The behavior of DataFrame concatenation with empty or all-NA entries is deprecated. In a future version, this will no longer exclude empty or all-NA columns when determining the result dtypes. To retain the old behavior, exclude the relevant entries before the concat operation.
  table = pd.concat([table, results_df], ignore_index=True)
H_score: 0.6242, OS* (acc_c): 0.6121, UNK (acc_p): 0.6367, acc_mix: 0.6306, F1: 0.6676
Uploading logs from: /mnt/data/home/tp2474/OpenSet-AdaTime/experiments_logs/curriculum/RealWorld to Pamap2_OSDA_hard_n9_fno_mean/OSBP_OSDA_hard_n9_fno_mean/RealWorld_to_Pamap2_run_0
🏃 View run OSBP_run_0 at: http://127.0.0.1:5001/#/experiments/693721873569580674/runs/d30903df787844988003d04752ec795d
🧪 View experiment at: http://127.0.0.1:5001/#/experiments/693721873569580674
=============================================
Dataset: RealWorld to Pamap2_OSDA_hard_n9_fno_mean
Method:  OSBP
=============================================
Source: RealWorld ---> Target: Pamap2
Run ID: 1
=============================================
[Pr Epoch : 1/20]
Pr_Src_cls_loss	: 0.3833
-------------------------------------
[Pr Epoch : 2/20]
Pr_Src_cls_loss	: 0.2529
-------------------------------------
[Pr Epoch : 3/20]
Pr_Src_cls_loss	: 0.1991
-------------------------------------
[Pr Epoch : 4/20]
Pr_Src_cls_loss	: 0.1680
-------------------------------------
[Pr Epoch : 5/20]
Pr_Src_cls_loss	: 0.1474
-------------------------------------
[Pr Epoch : 6/20]
Pr_Src_cls_loss	: 0.1324
-------------------------------------
[Pr Epoch : 7/20]
Pr_Src_cls_loss	: 0.1213
-------------------------------------
[Pr Epoch : 8/20]
Pr_Src_cls_loss	: 0.1126
-------------------------------------
[Pr Epoch : 9/20]
Pr_Src_cls_loss	: 0.1051
-------------------------------------
[Pr Epoch : 10/20]
Pr_Src_cls_loss	: 0.0987
-------------------------------------
[Pr Epoch : 11/20]
Pr_Src_cls_loss	: 0.0935
-------------------------------------
[Pr Epoch : 12/20]
Pr_Src_cls_loss	: 0.0890
-------------------------------------
[Pr Epoch : 13/20]
Pr_Src_cls_loss	: 0.0849
-------------------------------------
[Pr Epoch : 14/20]
Pr_Src_cls_loss	: 0.0812
-------------------------------------
[Pr Epoch : 15/20]
Pr_Src_cls_loss	: 0.0779
-------------------------------------
[Pr Epoch : 16/20]
Pr_Src_cls_loss	: 0.0749
-------------------------------------
[Pr Epoch : 17/20]
Pr_Src_cls_loss	: 0.0723
-------------------------------------
[Pr Epoch : 18/20]
Pr_Src_cls_loss	: 0.0697
-------------------------------------
[Pr Epoch : 19/20]
Pr_Src_cls_loss	: 0.0674
-------------------------------------
[Pr Epoch : 20/20]
Pr_Src_cls_loss	: 0.0654
-------------------------------------
[Epoch : 1/20]
Pr_Src_cls_loss	: 0.0654
Src_cls_loss	: 0.3852
Trg_adv_loss	: 1.3947
Total_loss	: 1.7799
-------------------------------------
[Epoch : 2/20]
Pr_Src_cls_loss	: 0.0654
Src_cls_loss	: 0.3776
Trg_adv_loss	: 1.1358
Total_loss	: 1.5135
-------------------------------------
[Epoch : 3/20]
Pr_Src_cls_loss	: 0.0654
Src_cls_loss	: 0.3706
Trg_adv_loss	: 1.1224
Total_loss	: 1.4930
-------------------------------------
[Epoch : 4/20]
Pr_Src_cls_loss	: 0.0654
Src_cls_loss	: 0.3679
Trg_adv_loss	: 1.1015
Total_loss	: 1.4694
-------------------------------------
[Epoch : 5/20]
Pr_Src_cls_loss	: 0.0654
Src_cls_loss	: 0.3710
Trg_adv_loss	: 1.0802
Total_loss	: 1.4511
-------------------------------------
[Epoch : 6/20]
Pr_Src_cls_loss	: 0.0654
Src_cls_loss	: 0.3733
Trg_adv_loss	: 1.0646
Total_loss	: 1.4379
-------------------------------------
[Epoch : 7/20]
Pr_Src_cls_loss	: 0.0654
Src_cls_loss	: 0.3739
Trg_adv_loss	: 1.0546
Total_loss	: 1.4285
-------------------------------------
[Epoch : 8/20]
Pr_Src_cls_loss	: 0.0654
Src_cls_loss	: 0.3747
Trg_adv_loss	: 1.0469
Total_loss	: 1.4216
-------------------------------------
[Epoch : 9/20]
Pr_Src_cls_loss	: 0.0654
Src_cls_loss	: 0.3747
Trg_adv_loss	: 1.0412
Total_loss	: 1.4159
-------------------------------------
[Epoch : 10/20]
Pr_Src_cls_loss	: 0.0654
Src_cls_loss	: 0.3746
Trg_adv_loss	: 1.0366
Total_loss	: 1.4112
-------------------------------------
[Epoch : 11/20]
Pr_Src_cls_loss	: 0.0654
Src_cls_loss	: 0.3746
Trg_adv_loss	: 1.0331
Total_loss	: 1.4077
-------------------------------------
[Epoch : 12/20]
Pr_Src_cls_loss	: 0.0654
Src_cls_loss	: 0.3741
Trg_adv_loss	: 1.0302
Total_loss	: 1.4043
-------------------------------------
[Epoch : 13/20]
Pr_Src_cls_loss	: 0.0654
Src_cls_loss	: 0.3739
Trg_adv_loss	: 1.0280
Total_loss	: 1.4019
-------------------------------------
[Epoch : 14/20]
Pr_Src_cls_loss	: 0.0654
Src_cls_loss	: 0.3739
Trg_adv_loss	: 1.0259
Total_loss	: 1.3998
-------------------------------------
[Epoch : 15/20]
Pr_Src_cls_loss	: 0.0654
Src_cls_loss	: 0.3738
Trg_adv_loss	: 1.0244
Total_loss	: 1.3981
-------------------------------------
[Epoch : 16/20]
Pr_Src_cls_loss	: 0.0654
Src_cls_loss	: 0.3735
Trg_adv_loss	: 1.0230
Total_loss	: 1.3964
-------------------------------------
[Epoch : 17/20]
Pr_Src_cls_loss	: 0.0654
Src_cls_loss	: 0.3734
Trg_adv_loss	: 1.0218
Total_loss	: 1.3952
-------------------------------------
[Epoch : 18/20]
Pr_Src_cls_loss	: 0.0654
Src_cls_loss	: 0.3731
Trg_adv_loss	: 1.0208
Total_loss	: 1.3939
-------------------------------------
[Epoch : 19/20]
Pr_Src_cls_loss	: 0.0654
Src_cls_loss	: 0.3727
Trg_adv_loss	: 1.0200
Total_loss	: 1.3927
-------------------------------------
[Epoch : 20/20]
Pr_Src_cls_loss	: 0.0654
Src_cls_loss	: 0.3725
Trg_adv_loss	: 1.0194
Total_loss	: 1.3919
-------------------------------------
H_score: 0.6585, OS* (acc_c): 0.5930, UNK (acc_p): 0.7403, acc_mix: 0.7036, F1: 0.7234
Uploading logs from: /mnt/data/home/tp2474/OpenSet-AdaTime/experiments_logs/curriculum/RealWorld to Pamap2_OSDA_hard_n9_fno_mean/OSBP_OSDA_hard_n9_fno_mean/RealWorld_to_Pamap2_run_1
🏃 View run OSBP_run_1 at: http://127.0.0.1:5001/#/experiments/693721873569580674/runs/401f4485590c4f8198b33293d680354b
🧪 View experiment at: http://127.0.0.1:5001/#/experiments/693721873569580674
=============================================
Dataset: RealWorld to Pamap2_OSDA_hard_n9_fno_mean
Method:  OSBP
=============================================
Source: RealWorld ---> Target: Pamap2
Run ID: 2
=============================================
[Pr Epoch : 1/20]
Pr_Src_cls_loss	: 0.3552
-------------------------------------
[Pr Epoch : 2/20]
Pr_Src_cls_loss	: 0.2354
-------------------------------------
[Pr Epoch : 3/20]
Pr_Src_cls_loss	: 0.1891
-------------------------------------
[Pr Epoch : 4/20]
Pr_Src_cls_loss	: 0.1617
-------------------------------------
[Pr Epoch : 5/20]
Pr_Src_cls_loss	: 0.1427
-------------------------------------
[Pr Epoch : 6/20]
Pr_Src_cls_loss	: 0.1288
-------------------------------------
[Pr Epoch : 7/20]
Pr_Src_cls_loss	: 0.1183
-------------------------------------
[Pr Epoch : 8/20]
Pr_Src_cls_loss	: 0.1096
-------------------------------------
[Pr Epoch : 9/20]
Pr_Src_cls_loss	: 0.1026
-------------------------------------
[Pr Epoch : 10/20]
Pr_Src_cls_loss	: 0.0965
-------------------------------------
[Pr Epoch : 11/20]
Pr_Src_cls_loss	: 0.0914
-------------------------------------
[Pr Epoch : 12/20]
Pr_Src_cls_loss	: 0.0867
-------------------------------------
[Pr Epoch : 13/20]
Pr_Src_cls_loss	: 0.0829
-------------------------------------
[Pr Epoch : 14/20]
Pr_Src_cls_loss	: 0.0795
-------------------------------------
[Pr Epoch : 15/20]
Pr_Src_cls_loss	: 0.0762
-------------------------------------
[Pr Epoch : 16/20]
Pr_Src_cls_loss	: 0.0732
-------------------------------------
[Pr Epoch : 17/20]
Pr_Src_cls_loss	: 0.0707
-------------------------------------
[Pr Epoch : 18/20]
Pr_Src_cls_loss	: 0.0683
-------------------------------------
[Pr Epoch : 19/20]
Pr_Src_cls_loss	: 0.0660
-------------------------------------
[Pr Epoch : 20/20]
Pr_Src_cls_loss	: 0.0641
-------------------------------------
[Epoch : 1/20]
Pr_Src_cls_loss	: 0.0641
Src_cls_loss	: 0.3909
Trg_adv_loss	: 1.4025
Total_loss	: 1.7933
-------------------------------------
[Epoch : 2/20]
Pr_Src_cls_loss	: 0.0641
Src_cls_loss	: 0.3813
Trg_adv_loss	: 1.1335
Total_loss	: 1.5147
-------------------------------------
[Epoch : 3/20]
Pr_Src_cls_loss	: 0.0641
Src_cls_loss	: 0.3790
Trg_adv_loss	: 1.0602
Total_loss	: 1.4392
-------------------------------------
[Epoch : 4/20]
Pr_Src_cls_loss	: 0.0641
Src_cls_loss	: 0.3775
Trg_adv_loss	: 1.0596
Total_loss	: 1.4371
-------------------------------------
[Epoch : 5/20]
Pr_Src_cls_loss	: 0.0641
Src_cls_loss	: 0.3735
Trg_adv_loss	: 1.0682
Total_loss	: 1.4416
-------------------------------------
[Epoch : 6/20]
Pr_Src_cls_loss	: 0.0641
Src_cls_loss	: 0.3728
Trg_adv_loss	: 1.0613
Total_loss	: 1.4342
-------------------------------------
[Epoch : 7/20]
Pr_Src_cls_loss	: 0.0641
Src_cls_loss	: 0.3729
Trg_adv_loss	: 1.0541
Total_loss	: 1.4269
-------------------------------------
[Epoch : 8/20]
Pr_Src_cls_loss	: 0.0641
Src_cls_loss	: 0.3723
Trg_adv_loss	: 1.0487
Total_loss	: 1.4210
-------------------------------------
[Epoch : 9/20]
Pr_Src_cls_loss	: 0.0641
Src_cls_loss	: 0.3715
Trg_adv_loss	: 1.0444
Total_loss	: 1.4159
-------------------------------------
[Epoch : 10/20]
Pr_Src_cls_loss	: 0.0641
Src_cls_loss	: 0.3706
Trg_adv_loss	: 1.0413
Total_loss	: 1.4119
-------------------------------------
[Epoch : 11/20]
Pr_Src_cls_loss	: 0.0641
Src_cls_loss	: 0.3696
Trg_adv_loss	: 1.0386
Total_loss	: 1.4083
-------------------------------------
[Epoch : 12/20]
Pr_Src_cls_loss	: 0.0641
Src_cls_loss	: 0.3689
Trg_adv_loss	: 1.0363
Total_loss	: 1.4053
-------------------------------------
[Epoch : 13/20]
Pr_Src_cls_loss	: 0.0641
Src_cls_loss	: 0.3681
Trg_adv_loss	: 1.0347
Total_loss	: 1.4027
-------------------------------------
[Epoch : 14/20]
Pr_Src_cls_loss	: 0.0641
Src_cls_loss	: 0.3673
Trg_adv_loss	: 1.0333
Total_loss	: 1.4007
-------------------------------------
[Epoch : 15/20]
Pr_Src_cls_loss	: 0.0641
Src_cls_loss	: 0.3668
Trg_adv_loss	: 1.0319
Total_loss	: 1.3986
-------------------------------------
[Epoch : 16/20]
Pr_Src_cls_loss	: 0.0641
Src_cls_loss	: 0.3659
Trg_adv_loss	: 1.0309
Total_loss	: 1.3968
-------------------------------------
[Epoch : 17/20]
Pr_Src_cls_loss	: 0.0641
Src_cls_loss	: 0.3654
Trg_adv_loss	: 1.0298
Total_loss	: 1.3952
-------------------------------------
[Epoch : 18/20]
Pr_Src_cls_loss	: 0.0641
Src_cls_loss	: 0.3649
Trg_adv_loss	: 1.0291
Total_loss	: 1.3940
-------------------------------------
[Epoch : 19/20]
Pr_Src_cls_loss	: 0.0641
Src_cls_loss	: 0.3645
Trg_adv_loss	: 1.0283
Total_loss	: 1.3928
-------------------------------------
[Epoch : 20/20]
Pr_Src_cls_loss	: 0.0641
Src_cls_loss	: 0.3637
Trg_adv_loss	: 1.0277
Total_loss	: 1.3914
-------------------------------------
H_score: 0.7213, OS* (acc_c): 0.6487, UNK (acc_p): 0.8123, acc_mix: 0.7716, F1: 0.7845
Uploading logs from: /mnt/data/home/tp2474/OpenSet-AdaTime/experiments_logs/curriculum/RealWorld to Pamap2_OSDA_hard_n9_fno_mean/OSBP_OSDA_hard_n9_fno_mean/RealWorld_to_Pamap2_run_2
🏃 View run OSBP_run_2 at: http://127.0.0.1:5001/#/experiments/693721873569580674/runs/67808fc345794069b13ccc5b78cbe94f
🧪 View experiment at: http://127.0.0.1:5001/#/experiments/693721873569580674
=============================================
Dataset: RealWorld to Pamap2_OSDA_hard_n9_fno_mean
Method:  OSBP
=============================================
Source: RealWorld ---> Target: Pamap2
Run ID: 3
=============================================
[Pr Epoch : 1/20]
Pr_Src_cls_loss	: 0.3637
-------------------------------------
[Pr Epoch : 2/20]
Pr_Src_cls_loss	: 0.2430
-------------------------------------
[Pr Epoch : 3/20]
Pr_Src_cls_loss	: 0.1931
-------------------------------------
[Pr Epoch : 4/20]
Pr_Src_cls_loss	: 0.1645
-------------------------------------
[Pr Epoch : 5/20]
Pr_Src_cls_loss	: 0.1450
-------------------------------------
[Pr Epoch : 6/20]
Pr_Src_cls_loss	: 0.1310
-------------------------------------
[Pr Epoch : 7/20]
Pr_Src_cls_loss	: 0.1202
-------------------------------------
[Pr Epoch : 8/20]
Pr_Src_cls_loss	: 0.1111
-------------------------------------
[Pr Epoch : 9/20]
Pr_Src_cls_loss	: 0.1041
-------------------------------------
[Pr Epoch : 10/20]
Pr_Src_cls_loss	: 0.0983
-------------------------------------
[Pr Epoch : 11/20]
Pr_Src_cls_loss	: 0.0928
-------------------------------------
[Pr Epoch : 12/20]
Pr_Src_cls_loss	: 0.0882
-------------------------------------
[Pr Epoch : 13/20]
Pr_Src_cls_loss	: 0.0843
-------------------------------------
[Pr Epoch : 14/20]
Pr_Src_cls_loss	: 0.0806
-------------------------------------
[Pr Epoch : 15/20]
Pr_Src_cls_loss	: 0.0773
-------------------------------------
[Pr Epoch : 16/20]
Pr_Src_cls_loss	: 0.0745
-------------------------------------
[Pr Epoch : 17/20]
Pr_Src_cls_loss	: 0.0717
-------------------------------------
[Pr Epoch : 18/20]
Pr_Src_cls_loss	: 0.0693
-------------------------------------
[Pr Epoch : 19/20]
Pr_Src_cls_loss	: 0.0670
-------------------------------------
[Pr Epoch : 20/20]
Pr_Src_cls_loss	: 0.0650
-------------------------------------
[Epoch : 1/20]
Pr_Src_cls_loss	: 0.0650
Src_cls_loss	: 0.4257
Trg_adv_loss	: 1.4018
Total_loss	: 1.8275
-------------------------------------
[Epoch : 2/20]
Pr_Src_cls_loss	: 0.0650
Src_cls_loss	: 0.4064
Trg_adv_loss	: 1.1335
Total_loss	: 1.5398
-------------------------------------
[Epoch : 3/20]
Pr_Src_cls_loss	: 0.0650
Src_cls_loss	: 0.3974
Trg_adv_loss	: 1.0574
Total_loss	: 1.4548
-------------------------------------
[Epoch : 4/20]
Pr_Src_cls_loss	: 0.0650
Src_cls_loss	: 0.3934
Trg_adv_loss	: 1.0464
Total_loss	: 1.4399
-------------------------------------
[Epoch : 5/20]
Pr_Src_cls_loss	: 0.0650
Src_cls_loss	: 0.3897
Trg_adv_loss	: 1.0568
Total_loss	: 1.4465
-------------------------------------
[Epoch : 6/20]
Pr_Src_cls_loss	: 0.0650
Src_cls_loss	: 0.3860
Trg_adv_loss	: 1.0531
Total_loss	: 1.4391
-------------------------------------
[Epoch : 7/20]
Pr_Src_cls_loss	: 0.0650
Src_cls_loss	: 0.3853
Trg_adv_loss	: 1.0460
Total_loss	: 1.4313
-------------------------------------
[Epoch : 8/20]
Pr_Src_cls_loss	: 0.0650
Src_cls_loss	: 0.3839
Trg_adv_loss	: 1.0416
Total_loss	: 1.4254
-------------------------------------
[Epoch : 9/20]
Pr_Src_cls_loss	: 0.0650
Src_cls_loss	: 0.3824
Trg_adv_loss	: 1.0378
Total_loss	: 1.4202
-------------------------------------
[Epoch : 10/20]
Pr_Src_cls_loss	: 0.0650
Src_cls_loss	: 0.3810
Trg_adv_loss	: 1.0350
Total_loss	: 1.4160
-------------------------------------
[Epoch : 11/20]
Pr_Src_cls_loss	: 0.0650
Src_cls_loss	: 0.3796
Trg_adv_loss	: 1.0329
Total_loss	: 1.4125
-------------------------------------
[Epoch : 12/20]
Pr_Src_cls_loss	: 0.0650
Src_cls_loss	: 0.3784
Trg_adv_loss	: 1.0310
Total_loss	: 1.4094
-------------------------------------
[Epoch : 13/20]
Pr_Src_cls_loss	: 0.0650
Src_cls_loss	: 0.3774
Trg_adv_loss	: 1.0295
Total_loss	: 1.4069
-------------------------------------
[Epoch : 14/20]
Pr_Src_cls_loss	: 0.0650
Src_cls_loss	: 0.3763
Trg_adv_loss	: 1.0281
Total_loss	: 1.4043
-------------------------------------
[Epoch : 15/20]
Pr_Src_cls_loss	: 0.0650
Src_cls_loss	: 0.3748
Trg_adv_loss	: 1.0271
Total_loss	: 1.4019
-------------------------------------
[Epoch : 16/20]
Pr_Src_cls_loss	: 0.0650
Src_cls_loss	: 0.3738
Trg_adv_loss	: 1.0261
Total_loss	: 1.3999
-------------------------------------
[Epoch : 17/20]
Pr_Src_cls_loss	: 0.0650
Src_cls_loss	: 0.3728
Trg_adv_loss	: 1.0254
Total_loss	: 1.3982
-------------------------------------
[Epoch : 18/20]
Pr_Src_cls_loss	: 0.0650
Src_cls_loss	: 0.3720
Trg_adv_loss	: 1.0246
Total_loss	: 1.3966
-------------------------------------
[Epoch : 19/20]
Pr_Src_cls_loss	: 0.0650
Src_cls_loss	: 0.3712
Trg_adv_loss	: 1.0241
Total_loss	: 1.3953
-------------------------------------
[Epoch : 20/20]
Pr_Src_cls_loss	: 0.0650
Src_cls_loss	: 0.3705
Trg_adv_loss	: 1.0238
Total_loss	: 1.3943
-------------------------------------
H_score: 0.7449, OS* (acc_c): 0.6764, UNK (acc_p): 0.8287, acc_mix: 0.7908, F1: 0.8055
Uploading logs from: /mnt/data/home/tp2474/OpenSet-AdaTime/experiments_logs/curriculum/RealWorld to Pamap2_OSDA_hard_n9_fno_mean/OSBP_OSDA_hard_n9_fno_mean/RealWorld_to_Pamap2_run_3
🏃 View run OSBP_run_3 at: http://127.0.0.1:5001/#/experiments/693721873569580674/runs/ff72fc82b88d4bf0a7b5962535d6bf22
🧪 View experiment at: http://127.0.0.1:5001/#/experiments/693721873569580674
=============================================
Dataset: RealWorld to Pamap2_OSDA_hard_n9_fno_mean
Method:  OSBP
=============================================
Source: RealWorld ---> Target: Pamap2
Run ID: 4
=============================================
[Pr Epoch : 1/20]
Pr_Src_cls_loss	: 0.3506
-------------------------------------
[Pr Epoch : 2/20]
Pr_Src_cls_loss	: 0.2356
-------------------------------------
[Pr Epoch : 3/20]
Pr_Src_cls_loss	: 0.1890
-------------------------------------
[Pr Epoch : 4/20]
Pr_Src_cls_loss	: 0.1619
-------------------------------------
[Pr Epoch : 5/20]
Pr_Src_cls_loss	: 0.1432
-------------------------------------
[Pr Epoch : 6/20]
Pr_Src_cls_loss	: 0.1301
-------------------------------------
[Pr Epoch : 7/20]
Pr_Src_cls_loss	: 0.1198
-------------------------------------
[Pr Epoch : 8/20]
Pr_Src_cls_loss	: 0.1115
-------------------------------------
[Pr Epoch : 9/20]
Pr_Src_cls_loss	: 0.1046
-------------------------------------
[Pr Epoch : 10/20]
Pr_Src_cls_loss	: 0.0985
-------------------------------------
[Pr Epoch : 11/20]
Pr_Src_cls_loss	: 0.0933
-------------------------------------
[Pr Epoch : 12/20]
Pr_Src_cls_loss	: 0.0889
-------------------------------------
[Pr Epoch : 13/20]
Pr_Src_cls_loss	: 0.0850
-------------------------------------
[Pr Epoch : 14/20]
Pr_Src_cls_loss	: 0.0815
-------------------------------------
[Pr Epoch : 15/20]
Pr_Src_cls_loss	: 0.0784
-------------------------------------
[Pr Epoch : 16/20]
Pr_Src_cls_loss	: 0.0755
-------------------------------------
[Pr Epoch : 17/20]
Pr_Src_cls_loss	: 0.0731
-------------------------------------
[Pr Epoch : 18/20]
Pr_Src_cls_loss	: 0.0708
-------------------------------------
[Pr Epoch : 19/20]
Pr_Src_cls_loss	: 0.0687
-------------------------------------
[Pr Epoch : 20/20]
Pr_Src_cls_loss	: 0.0666
-------------------------------------
[Epoch : 1/20]
Pr_Src_cls_loss	: 0.0666
Src_cls_loss	: 0.3921
Trg_adv_loss	: 1.4161
Total_loss	: 1.8082
-------------------------------------
[Epoch : 2/20]
Pr_Src_cls_loss	: 0.0666
Src_cls_loss	: 0.3826
Trg_adv_loss	: 1.1410
Total_loss	: 1.5236
-------------------------------------
[Epoch : 3/20]
Pr_Src_cls_loss	: 0.0666
Src_cls_loss	: 0.3827
Trg_adv_loss	: 1.1028
Total_loss	: 1.4855
-------------------------------------
[Epoch : 4/20]
Pr_Src_cls_loss	: 0.0666
Src_cls_loss	: 0.3820
Trg_adv_loss	: 1.0888
Total_loss	: 1.4708
-------------------------------------
[Epoch : 5/20]
Pr_Src_cls_loss	: 0.0666
Src_cls_loss	: 0.3817
Trg_adv_loss	: 1.0721
Total_loss	: 1.4537
-------------------------------------
[Epoch : 6/20]
Pr_Src_cls_loss	: 0.0666
Src_cls_loss	: 0.3825
Trg_adv_loss	: 1.0584
Total_loss	: 1.4409
-------------------------------------
[Epoch : 7/20]
Pr_Src_cls_loss	: 0.0666
Src_cls_loss	: 0.3830
Trg_adv_loss	: 1.0481
Total_loss	: 1.4312
-------------------------------------
[Epoch : 8/20]
Pr_Src_cls_loss	: 0.0666
Src_cls_loss	: 0.3830
Trg_adv_loss	: 1.0405
Total_loss	: 1.4234
-------------------------------------
[Epoch : 9/20]
Pr_Src_cls_loss	: 0.0666
Src_cls_loss	: 0.3830
Trg_adv_loss	: 1.0346
Total_loss	: 1.4176
-------------------------------------
[Epoch : 10/20]
Pr_Src_cls_loss	: 0.0666
Src_cls_loss	: 0.3828
Trg_adv_loss	: 1.0303
Total_loss	: 1.4131
-------------------------------------
[Epoch : 11/20]
Pr_Src_cls_loss	: 0.0666
Src_cls_loss	: 0.3823
Trg_adv_loss	: 1.0271
Total_loss	: 1.4093
-------------------------------------
[Epoch : 12/20]
Pr_Src_cls_loss	: 0.0666
Src_cls_loss	: 0.3817
Trg_adv_loss	: 1.0244
Total_loss	: 1.4060
-------------------------------------
[Epoch : 13/20]
Pr_Src_cls_loss	: 0.0666
Src_cls_loss	: 0.3808
Trg_adv_loss	: 1.0226
Total_loss	: 1.4034
-------------------------------------
[Epoch : 14/20]
Pr_Src_cls_loss	: 0.0666
Src_cls_loss	: 0.3804
Trg_adv_loss	: 1.0209
Total_loss	: 1.4013
-------------------------------------
[Epoch : 15/20]
Pr_Src_cls_loss	: 0.0666
Src_cls_loss	: 0.3796
Trg_adv_loss	: 1.0195
Total_loss	: 1.3991
-------------------------------------
[Epoch : 16/20]
Pr_Src_cls_loss	: 0.0666
Src_cls_loss	: 0.3793
Trg_adv_loss	: 1.0184
Total_loss	: 1.3977
-------------------------------------
[Epoch : 17/20]
Pr_Src_cls_loss	: 0.0666
Src_cls_loss	: 0.3789
Trg_adv_loss	: 1.0171
Total_loss	: 1.3960
-------------------------------------
[Epoch : 18/20]
Pr_Src_cls_loss	: 0.0666
Src_cls_loss	: 0.3783
Trg_adv_loss	: 1.0162
Total_loss	: 1.3946
-------------------------------------
[Epoch : 19/20]
Pr_Src_cls_loss	: 0.0666
Src_cls_loss	: 0.3778
Trg_adv_loss	: 1.0156
Total_loss	: 1.3934
-------------------------------------
[Epoch : 20/20]
Pr_Src_cls_loss	: 0.0666
Src_cls_loss	: 0.3774
Trg_adv_loss	: 1.0151
Total_loss	: 1.3925
-------------------------------------
H_score: 0.7415, OS* (acc_c): 0.7215, UNK (acc_p): 0.7625, acc_mix: 0.7523, F1: 0.7725
Uploading logs from: /mnt/data/home/tp2474/OpenSet-AdaTime/experiments_logs/curriculum/RealWorld to Pamap2_OSDA_hard_n9_fno_mean/OSBP_OSDA_hard_n9_fno_mean/RealWorld_to_Pamap2_run_4
🏃 View run OSBP_run_4 at: http://127.0.0.1:5001/#/experiments/693721873569580674/runs/a4781eed2e264602a54c8ab6b7141461
🧪 View experiment at: http://127.0.0.1:5001/#/experiments/693721873569580674
==================== [n9 fno_mean] TSFA ====================
[curriculum] scenario=OSDA  strategy=hard  n_unknown=9  rank_variant=fno_mean
[curriculum] source mapping (4 classes): {'lying': 'lying', 'sitting': 'sitting', 'walking': 'walking', 'running': 'running'}
[curriculum] target mapping (13 classes): {'lying': 'lying', 'sitting': 'sitting', 'walking': 'walking', 'running': 'running', 'ascending stairs': 'ascending stairs', 'cycling': 'cycling', 'descending stairs': 'descending stairs', 'ironing': 'ironing', 'Nordic walking': 'Nordic walking', 'other (transient activities)': 'other (transient activities)', 'rope jumping': 'rope jumping', 'standing': 'standing', 'vacuum cleaning': 'vacuum cleaning'}
[curriculum] unknowns added (in hard order): ['ascending stairs', 'cycling', 'descending stairs', 'ironing', 'Nordic walking', 'other (transient activities)', 'rope jumping', 'standing', 'vacuum cleaning']
[scenario] TSFA -> OSDA (uniDA=True)
Unlabeled data shape:  (19138, 150, 18)
Unlabelled Combined shape: (31801, 150, 18)

--- Dataloader Size Check ---
Source Train batches:   296
Target Train batches:   299
-------------------------------

Private classes:  tensor([ 4.,  5.,  6.,  7.,  8.,  9., 10., 11., 12.])
=============================================
Dataset: RealWorld to Pamap2_OSDA_hard_n9_fno_mean
Method:  TSFA
=============================================
Source: RealWorld ---> Target: Pamap2
Run ID: 0
=============================================
[Pr Epoch : 1/20]
Pr_Src_cls_loss	: 0.5046
-------------------------------------
[Pr Epoch : 2/20]
Pr_Src_cls_loss	: 0.3161
-------------------------------------
[Pr Epoch : 3/20]
Pr_Src_cls_loss	: 0.2406
-------------------------------------
[Pr Epoch : 4/20]
Pr_Src_cls_loss	: 0.1976
-------------------------------------
[Pr Epoch : 5/20]
Pr_Src_cls_loss	: 0.1697
-------------------------------------
[Pr Epoch : 6/20]
Pr_Src_cls_loss	: 0.1495
-------------------------------------
[Pr Epoch : 7/20]
Pr_Src_cls_loss	: 0.1343
-------------------------------------
[Pr Epoch : 8/20]
Pr_Src_cls_loss	: 0.1224
-------------------------------------
[Pr Epoch : 9/20]
Pr_Src_cls_loss	: 0.1121
-------------------------------------
[Pr Epoch : 10/20]
Pr_Src_cls_loss	: 0.1036
-------------------------------------
[Pr Epoch : 11/20]
Pr_Src_cls_loss	: 0.0962
-------------------------------------
[Pr Epoch : 12/20]
Pr_Src_cls_loss	: 0.0900
-------------------------------------
[Pr Epoch : 13/20]
Pr_Src_cls_loss	: 0.0847
-------------------------------------
[Pr Epoch : 14/20]
Pr_Src_cls_loss	: 0.0799
-------------------------------------
[Pr Epoch : 15/20]
Pr_Src_cls_loss	: 0.0757
-------------------------------------
[Pr Epoch : 16/20]
Pr_Src_cls_loss	: 0.0719
-------------------------------------
[Pr Epoch : 17/20]
Pr_Src_cls_loss	: 0.0684
-------------------------------------
[Pr Epoch : 18/20]
Pr_Src_cls_loss	: 0.0653
-------------------------------------
[Pr Epoch : 19/20]
Pr_Src_cls_loss	: 0.0624
-------------------------------------
[Pr Epoch : 20/20]
Pr_Src_cls_loss	: 0.0598
-------------------------------------
[Epoch : 1/20]
Pr_Src_cls_loss	: 0.0598
Src_cls_loss	: 0.6762
SDE_loss	: 0.0042
OSAM_loss	: 1.3341
Total_loss	: 5.0798
-------------------------------------
[Epoch : 2/20]
Pr_Src_cls_loss	: 0.0598
Src_cls_loss	: 0.5354
SDE_loss	: 0.0022
OSAM_loss	: 1.0103
Total_loss	: 3.8700
-------------------------------------
[Epoch : 3/20]
Pr_Src_cls_loss	: 0.0598
Src_cls_loss	: 0.4458
SDE_loss	: 0.0015
OSAM_loss	: 0.8552
Total_loss	: 3.2683
-------------------------------------
[Epoch : 4/20]
Pr_Src_cls_loss	: 0.0598
Src_cls_loss	: 0.3882
SDE_loss	: 0.0011
OSAM_loss	: 0.7555
Total_loss	: 2.8815
-------------------------------------
[Epoch : 5/20]
Pr_Src_cls_loss	: 0.0598
Src_cls_loss	: 0.3465
SDE_loss	: 0.0009
OSAM_loss	: 0.6818
Total_loss	: 2.5965
-------------------------------------
[Epoch : 6/20]
Pr_Src_cls_loss	: 0.0598
Src_cls_loss	: 0.3155
SDE_loss	: 0.0008
OSAM_loss	: 0.6242
Total_loss	: 2.3755
-------------------------------------
[Epoch : 7/20]
Pr_Src_cls_loss	: 0.0598
Src_cls_loss	: 0.2910
SDE_loss	: 0.0007
OSAM_loss	: 0.5770
Total_loss	: 2.1952
-------------------------------------
[Epoch : 8/20]
Pr_Src_cls_loss	: 0.0598
Src_cls_loss	: 0.2712
SDE_loss	: 0.0006
OSAM_loss	: 0.5370
Total_loss	: 2.0434
-------------------------------------
[Epoch : 9/20]
Pr_Src_cls_loss	: 0.0598
Src_cls_loss	: 0.2546
SDE_loss	: 0.0005
OSAM_loss	: 0.5024
Total_loss	: 1.9127
-------------------------------------
[Epoch : 10/20]
Pr_Src_cls_loss	: 0.0598
Src_cls_loss	: 0.2403
SDE_loss	: 0.0005
OSAM_loss	: 0.4722
Total_loss	: 1.7988
-------------------------------------
[Epoch : 11/20]
Pr_Src_cls_loss	: 0.0598
Src_cls_loss	: 0.2280
SDE_loss	: 0.0005
OSAM_loss	: 0.4457
Total_loss	: 1.6990
-------------------------------------
[Epoch : 12/20]
Pr_Src_cls_loss	: 0.0598
Src_cls_loss	: 0.2176
SDE_loss	: 0.0004
OSAM_loss	: 0.4222
Total_loss	: 1.6109
-------------------------------------
[Epoch : 13/20]
Pr_Src_cls_loss	: 0.0598
Src_cls_loss	: 0.2083
SDE_loss	: 0.0004
OSAM_loss	: 0.4014
Total_loss	: 1.5328
-------------------------------------
[Epoch : 14/20]
Pr_Src_cls_loss	: 0.0598
Src_cls_loss	: 0.1999
SDE_loss	: 0.0004
OSAM_loss	: 0.3828
Total_loss	: 1.4632
-------------------------------------
[Epoch : 15/20]
Pr_Src_cls_loss	: 0.0598
Src_cls_loss	: 0.1923
SDE_loss	: 0.0004
OSAM_loss	: 0.3660
Total_loss	: 1.4002
-------------------------------------
[Epoch : 16/20]
Pr_Src_cls_loss	: 0.0598
Src_cls_loss	: 0.1853
SDE_loss	: 0.0003
OSAM_loss	: 0.3509
Total_loss	: 1.3433
-------------------------------------
[Epoch : 17/20]
Pr_Src_cls_loss	: 0.0598
Src_cls_loss	: 0.1788
SDE_loss	: 0.0003
OSAM_loss	: 0.3372
Total_loss	: 1.2916
-------------------------------------
[Epoch : 18/20]
Pr_Src_cls_loss	: 0.0598
Src_cls_loss	: 0.1730
SDE_loss	: 0.0003
OSAM_loss	: 0.3247
Total_loss	: 1.2448
-------------------------------------
[Epoch : 19/20]
Pr_Src_cls_loss	: 0.0598
Src_cls_loss	: 0.1676
SDE_loss	: 0.0003
OSAM_loss	: 0.3134
Total_loss	: 1.2018
-------------------------------------
[Epoch : 20/20]
Pr_Src_cls_loss	: 0.0598
Src_cls_loss	: 0.1628
SDE_loss	: 0.0003
OSAM_loss	: 0.3029
Total_loss	: 1.1625
-------------------------------------
/mnt/data/home/tp2474/OpenSet-AdaTime/trainers/abstract_trainer.py:331: FutureWarning: The behavior of DataFrame concatenation with empty or all-NA entries is deprecated. In a future version, this will no longer exclude empty or all-NA columns when determining the result dtypes. To retain the old behavior, exclude the relevant entries before the concat operation.
  table = pd.concat([table, results_df], ignore_index=True)
[TSFA-debug] best_model captured at epoch 19 (src_cls_loss=0.1676)
[TSFA-debug] final-epoch losses: {'Src_cls_loss': '0.1628', 'SDE_loss': '0.0003', 'OSAM_loss': '0.3029', 'Total_loss': '1.1625'}
[TSFA-debug] loaded best_model into algorithm for eval
[TSFA-debug] OSAM-reject OT-OK: Nt=19138 nb_dummies=1 mass mean=4.1802e-05 std=2.0901e-05 thr=2.0901e-05 unknown=3827 (20.0%)
H_score: 0.3787, OS* (acc_c): 0.8622, UNK (acc_p): 0.2426, acc_mix: 0.3968, F1: 0.3943
[TSFA-debug] OSAM-reject OT-OK: Nt=19138 nb_dummies=1 mass mean=4.1802e-05 std=2.0901e-05 thr=2.0901e-05 unknown=3827 (20.0%)
Uploading logs from: /mnt/data/home/tp2474/OpenSet-AdaTime/experiments_logs/curriculum/RealWorld to Pamap2_OSDA_hard_n9_fno_mean/TSFA_OSDA_hard_n9_fno_mean/RealWorld_to_Pamap2_run_0
🏃 View run TSFA_run_0 at: http://127.0.0.1:5001/#/experiments/693721873569580674/runs/548f5561ecae457ebdce85f9896a65d5
🧪 View experiment at: http://127.0.0.1:5001/#/experiments/693721873569580674
=============================================
Dataset: RealWorld to Pamap2_OSDA_hard_n9_fno_mean
Method:  TSFA
=============================================
Source: RealWorld ---> Target: Pamap2
Run ID: 1
=============================================
[Pr Epoch : 1/20]
Pr_Src_cls_loss	: 0.5156
-------------------------------------
[Pr Epoch : 2/20]
Pr_Src_cls_loss	: 0.3205
-------------------------------------
[Pr Epoch : 3/20]
Pr_Src_cls_loss	: 0.2428
-------------------------------------
[Pr Epoch : 4/20]
Pr_Src_cls_loss	: 0.2000
-------------------------------------
[Pr Epoch : 5/20]
Pr_Src_cls_loss	: 0.1723
-------------------------------------
[Pr Epoch : 6/20]
Pr_Src_cls_loss	: 0.1521
-------------------------------------
[Pr Epoch : 7/20]
Pr_Src_cls_loss	: 0.1363
-------------------------------------
[Pr Epoch : 8/20]
Pr_Src_cls_loss	: 0.1239
-------------------------------------
[Pr Epoch : 9/20]
Pr_Src_cls_loss	: 0.1136
-------------------------------------
[Pr Epoch : 10/20]
Pr_Src_cls_loss	: 0.1051
-------------------------------------
[Pr Epoch : 11/20]
Pr_Src_cls_loss	: 0.0979
-------------------------------------
[Pr Epoch : 12/20]
Pr_Src_cls_loss	: 0.0915
-------------------------------------
[Pr Epoch : 13/20]
Pr_Src_cls_loss	: 0.0862
-------------------------------------
[Pr Epoch : 14/20]
Pr_Src_cls_loss	: 0.0812
-------------------------------------
[Pr Epoch : 15/20]
Pr_Src_cls_loss	: 0.0769
-------------------------------------
[Pr Epoch : 16/20]
Pr_Src_cls_loss	: 0.0730
-------------------------------------
[Pr Epoch : 17/20]
Pr_Src_cls_loss	: 0.0696
-------------------------------------
[Pr Epoch : 18/20]
Pr_Src_cls_loss	: 0.0665
-------------------------------------
[Pr Epoch : 19/20]
Pr_Src_cls_loss	: 0.0636
-------------------------------------
[Pr Epoch : 20/20]
Pr_Src_cls_loss	: 0.0608
-------------------------------------
[Epoch : 1/20]
Pr_Src_cls_loss	: 0.0608
Src_cls_loss	: 0.6983
SDE_loss	: 0.0062
OSAM_loss	: 1.3736
Total_loss	: 5.2324
-------------------------------------
[Epoch : 2/20]
Pr_Src_cls_loss	: 0.0608
Src_cls_loss	: 0.6108
SDE_loss	: 0.0031
OSAM_loss	: 1.0374
Total_loss	: 4.0347
-------------------------------------
[Epoch : 3/20]
Pr_Src_cls_loss	: 0.0608
Src_cls_loss	: 0.5464
SDE_loss	: 0.0021
OSAM_loss	: 0.8762
Total_loss	: 3.4382
-------------------------------------
[Epoch : 4/20]
Pr_Src_cls_loss	: 0.0608
Src_cls_loss	: 0.4957
SDE_loss	: 0.0016
OSAM_loss	: 0.7742
Total_loss	: 3.0508
-------------------------------------
[Epoch : 5/20]
Pr_Src_cls_loss	: 0.0608
Src_cls_loss	: 0.4521
SDE_loss	: 0.0013
OSAM_loss	: 0.7016
Total_loss	: 2.7675
-------------------------------------
[Epoch : 6/20]
Pr_Src_cls_loss	: 0.0608
Src_cls_loss	: 0.4129
SDE_loss	: 0.0011
OSAM_loss	: 0.6449
Total_loss	: 2.5414
-------------------------------------
[Epoch : 7/20]
Pr_Src_cls_loss	: 0.0608
Src_cls_loss	: 0.3804
SDE_loss	: 0.0010
OSAM_loss	: 0.5989
Total_loss	: 2.3568
-------------------------------------
[Epoch : 8/20]
Pr_Src_cls_loss	: 0.0608
Src_cls_loss	: 0.3530
SDE_loss	: 0.0008
OSAM_loss	: 0.5595
Total_loss	: 2.1995
-------------------------------------
[Epoch : 9/20]
Pr_Src_cls_loss	: 0.0608
Src_cls_loss	: 0.3295
SDE_loss	: 0.0008
OSAM_loss	: 0.5258
Total_loss	: 2.0647
-------------------------------------
[Epoch : 10/20]
Pr_Src_cls_loss	: 0.0608
Src_cls_loss	: 0.3094
SDE_loss	: 0.0007
OSAM_loss	: 0.4960
Total_loss	: 1.9463
-------------------------------------
[Epoch : 11/20]
Pr_Src_cls_loss	: 0.0608
Src_cls_loss	: 0.2920
SDE_loss	: 0.0006
OSAM_loss	: 0.4696
Total_loss	: 1.8418
-------------------------------------
[Epoch : 12/20]
Pr_Src_cls_loss	: 0.0608
Src_cls_loss	: 0.2768
SDE_loss	: 0.0006
OSAM_loss	: 0.4462
Total_loss	: 1.7492
-------------------------------------
[Epoch : 13/20]
Pr_Src_cls_loss	: 0.0608
Src_cls_loss	: 0.2634
SDE_loss	: 0.0005
OSAM_loss	: 0.4253
Total_loss	: 1.6669
-------------------------------------
[Epoch : 14/20]
Pr_Src_cls_loss	: 0.0608
Src_cls_loss	: 0.2517
SDE_loss	: 0.0005
OSAM_loss	: 0.4065
Total_loss	: 1.5934
-------------------------------------
[Epoch : 15/20]
Pr_Src_cls_loss	: 0.0608
Src_cls_loss	: 0.2410
SDE_loss	: 0.0005
OSAM_loss	: 0.3896
Total_loss	: 1.5266
-------------------------------------
[Epoch : 16/20]
Pr_Src_cls_loss	: 0.0608
Src_cls_loss	: 0.2313
SDE_loss	: 0.0005
OSAM_loss	: 0.3742
Total_loss	: 1.4662
-------------------------------------
[Epoch : 17/20]
Pr_Src_cls_loss	: 0.0608
Src_cls_loss	: 0.2226
SDE_loss	: 0.0004
OSAM_loss	: 0.3602
Total_loss	: 1.4114
-------------------------------------
[Epoch : 18/20]
Pr_Src_cls_loss	: 0.0608
Src_cls_loss	: 0.2146
SDE_loss	: 0.0004
OSAM_loss	: 0.3475
Total_loss	: 1.3613
-------------------------------------
[Epoch : 19/20]
Pr_Src_cls_loss	: 0.0608
Src_cls_loss	: 0.2073
SDE_loss	: 0.0004
OSAM_loss	: 0.3358
Total_loss	: 1.3155
-------------------------------------
[Epoch : 20/20]
Pr_Src_cls_loss	: 0.0608
Src_cls_loss	: 0.2005
SDE_loss	: 0.0004
OSAM_loss	: 0.3250
Total_loss	: 1.2732
-------------------------------------
[TSFA-debug] best_model captured at epoch 19 (src_cls_loss=0.2073)
[TSFA-debug] final-epoch losses: {'Src_cls_loss': '0.2005', 'SDE_loss': '0.0004', 'OSAM_loss': '0.3250', 'Total_loss': '1.2732'}
[TSFA-debug] loaded best_model into algorithm for eval
[TSFA-debug] OSAM-reject OT-OK: Nt=19138 nb_dummies=1 mass mean=4.1802e-05 std=2.0900e-05 thr=2.0901e-05 unknown=3827 (20.0%)
H_score: 0.3367, OS* (acc_c): 0.5911, UNK (acc_p): 0.2354, acc_mix: 0.3239, F1: 0.3468
[TSFA-debug] OSAM-reject OT-OK: Nt=19138 nb_dummies=1 mass mean=4.1802e-05 std=2.0900e-05 thr=2.0901e-05 unknown=3827 (20.0%)
Uploading logs from: /mnt/data/home/tp2474/OpenSet-AdaTime/experiments_logs/curriculum/RealWorld to Pamap2_OSDA_hard_n9_fno_mean/TSFA_OSDA_hard_n9_fno_mean/RealWorld_to_Pamap2_run_1
🏃 View run TSFA_run_1 at: http://127.0.0.1:5001/#/experiments/693721873569580674/runs/8609b72a51ef4a789460a84efbb02fbb
🧪 View experiment at: http://127.0.0.1:5001/#/experiments/693721873569580674
=============================================
Dataset: RealWorld to Pamap2_OSDA_hard_n9_fno_mean
Method:  TSFA
=============================================
Source: RealWorld ---> Target: Pamap2
Run ID: 2
=============================================
[Pr Epoch : 1/20]
Pr_Src_cls_loss	: 0.5108
-------------------------------------
[Pr Epoch : 2/20]
Pr_Src_cls_loss	: 0.3190
-------------------------------------
[Pr Epoch : 3/20]
Pr_Src_cls_loss	: 0.2431
-------------------------------------
[Pr Epoch : 4/20]
Pr_Src_cls_loss	: 0.1999
-------------------------------------
[Pr Epoch : 5/20]
Pr_Src_cls_loss	: 0.1720
-------------------------------------
[Pr Epoch : 6/20]
Pr_Src_cls_loss	: 0.1510
-------------------------------------
[Pr Epoch : 7/20]
Pr_Src_cls_loss	: 0.1351
-------------------------------------
[Pr Epoch : 8/20]
Pr_Src_cls_loss	: 0.1226
-------------------------------------
[Pr Epoch : 9/20]
Pr_Src_cls_loss	: 0.1122
-------------------------------------
[Pr Epoch : 10/20]
Pr_Src_cls_loss	: 0.1036
-------------------------------------
[Pr Epoch : 11/20]
Pr_Src_cls_loss	: 0.0961
-------------------------------------
[Pr Epoch : 12/20]
Pr_Src_cls_loss	: 0.0899
-------------------------------------
[Pr Epoch : 13/20]
Pr_Src_cls_loss	: 0.0845
-------------------------------------
[Pr Epoch : 14/20]
Pr_Src_cls_loss	: 0.0797
-------------------------------------
[Pr Epoch : 15/20]
Pr_Src_cls_loss	: 0.0753
-------------------------------------
[Pr Epoch : 16/20]
Pr_Src_cls_loss	: 0.0715
-------------------------------------
[Pr Epoch : 17/20]
Pr_Src_cls_loss	: 0.0681
-------------------------------------
[Pr Epoch : 18/20]
Pr_Src_cls_loss	: 0.0650
-------------------------------------
[Pr Epoch : 19/20]
Pr_Src_cls_loss	: 0.0621
-------------------------------------
[Pr Epoch : 20/20]
Pr_Src_cls_loss	: 0.0595
-------------------------------------
[Epoch : 1/20]
Pr_Src_cls_loss	: 0.0595
Src_cls_loss	: 0.7782
SDE_loss	: 0.0082
OSAM_loss	: 1.3267
Total_loss	: 5.1581
-------------------------------------
[Epoch : 2/20]
Pr_Src_cls_loss	: 0.0595
Src_cls_loss	: 0.6460
SDE_loss	: 0.0041
OSAM_loss	: 1.0095
Total_loss	: 3.9780
-------------------------------------
[Epoch : 3/20]
Pr_Src_cls_loss	: 0.0595
Src_cls_loss	: 0.5460
SDE_loss	: 0.0028
OSAM_loss	: 0.8596
Total_loss	: 3.3831
-------------------------------------
[Epoch : 4/20]
Pr_Src_cls_loss	: 0.0595
Src_cls_loss	: 0.4735
SDE_loss	: 0.0021
OSAM_loss	: 0.7635
Total_loss	: 2.9936
-------------------------------------
[Epoch : 5/20]
Pr_Src_cls_loss	: 0.0595
Src_cls_loss	: 0.4196
SDE_loss	: 0.0017
OSAM_loss	: 0.6935
Total_loss	: 2.7086
-------------------------------------
[Epoch : 6/20]
Pr_Src_cls_loss	: 0.0595
Src_cls_loss	: 0.3790
SDE_loss	: 0.0014
OSAM_loss	: 0.6384
Total_loss	: 2.4861
-------------------------------------
[Epoch : 7/20]
Pr_Src_cls_loss	: 0.0595
Src_cls_loss	: 0.3476
SDE_loss	: 0.0012
OSAM_loss	: 0.5933
Total_loss	: 2.3057
-------------------------------------
[Epoch : 8/20]
Pr_Src_cls_loss	: 0.0595
Src_cls_loss	: 0.3217
SDE_loss	: 0.0011
OSAM_loss	: 0.5551
Total_loss	: 2.1537
-------------------------------------
[Epoch : 9/20]
Pr_Src_cls_loss	: 0.0595
Src_cls_loss	: 0.3000
SDE_loss	: 0.0010
OSAM_loss	: 0.5220
Total_loss	: 2.0227
-------------------------------------
[Epoch : 10/20]
Pr_Src_cls_loss	: 0.0595
Src_cls_loss	: 0.2816
SDE_loss	: 0.0009
OSAM_loss	: 0.4929
Total_loss	: 1.9085
-------------------------------------
[Epoch : 11/20]
Pr_Src_cls_loss	: 0.0595
Src_cls_loss	: 0.2659
SDE_loss	: 0.0008
OSAM_loss	: 0.4672
Total_loss	: 1.8078
-------------------------------------
[Epoch : 12/20]
Pr_Src_cls_loss	: 0.0595
Src_cls_loss	: 0.2522
SDE_loss	: 0.0008
OSAM_loss	: 0.4442
Total_loss	: 1.7183
-------------------------------------
[Epoch : 13/20]
Pr_Src_cls_loss	: 0.0595
Src_cls_loss	: 0.2403
SDE_loss	: 0.0007
OSAM_loss	: 0.4235
Total_loss	: 1.6381
-------------------------------------
[Epoch : 14/20]
Pr_Src_cls_loss	: 0.0595
Src_cls_loss	: 0.2295
SDE_loss	: 0.0007
OSAM_loss	: 0.4047
Total_loss	: 1.5652
-------------------------------------
[Epoch : 15/20]
Pr_Src_cls_loss	: 0.0595
Src_cls_loss	: 0.2200
SDE_loss	: 0.0006
OSAM_loss	: 0.3877
Total_loss	: 1.4996
-------------------------------------
[Epoch : 16/20]
Pr_Src_cls_loss	: 0.0595
Src_cls_loss	: 0.2113
SDE_loss	: 0.0006
OSAM_loss	: 0.3722
Total_loss	: 1.4397
-------------------------------------
[Epoch : 17/20]
Pr_Src_cls_loss	: 0.0595
Src_cls_loss	: 0.2036
SDE_loss	: 0.0006
OSAM_loss	: 0.3581
Total_loss	: 1.3854
-------------------------------------
[Epoch : 18/20]
Pr_Src_cls_loss	: 0.0595
Src_cls_loss	: 0.1965
SDE_loss	: 0.0005
OSAM_loss	: 0.3452
Total_loss	: 1.3356
-------------------------------------
[Epoch : 19/20]
Pr_Src_cls_loss	: 0.0595
Src_cls_loss	: 0.1901
SDE_loss	: 0.0005
OSAM_loss	: 0.3334
Total_loss	: 1.2903
-------------------------------------
[Epoch : 20/20]
Pr_Src_cls_loss	: 0.0595
Src_cls_loss	: 0.1842
SDE_loss	: 0.0005
OSAM_loss	: 0.3225
Total_loss	: 1.2484
-------------------------------------
[TSFA-debug] best_model captured at epoch 19 (src_cls_loss=0.1901)
[TSFA-debug] final-epoch losses: {'Src_cls_loss': '0.1842', 'SDE_loss': '0.0005', 'OSAM_loss': '0.3225', 'Total_loss': '1.2484'}
[TSFA-debug] loaded best_model into algorithm for eval
[TSFA-debug] OSAM-reject OT-OK: Nt=19138 nb_dummies=1 mass mean=4.1802e-05 std=2.0899e-05 thr=2.0901e-05 unknown=3826 (20.0%)
H_score: 0.3217, OS* (acc_c): 0.5712, UNK (acc_p): 0.2239, acc_mix: 0.3103, F1: 0.3315
[TSFA-debug] OSAM-reject OT-OK: Nt=19138 nb_dummies=1 mass mean=4.1802e-05 std=2.0899e-05 thr=2.0901e-05 unknown=3826 (20.0%)
Uploading logs from: /mnt/data/home/tp2474/OpenSet-AdaTime/experiments_logs/curriculum/RealWorld to Pamap2_OSDA_hard_n9_fno_mean/TSFA_OSDA_hard_n9_fno_mean/RealWorld_to_Pamap2_run_2
🏃 View run TSFA_run_2 at: http://127.0.0.1:5001/#/experiments/693721873569580674/runs/f28041c17cc844e58940aeaec13910a0
🧪 View experiment at: http://127.0.0.1:5001/#/experiments/693721873569580674
=============================================
Dataset: RealWorld to Pamap2_OSDA_hard_n9_fno_mean
Method:  TSFA
=============================================
Source: RealWorld ---> Target: Pamap2
Run ID: 3
=============================================
[Pr Epoch : 1/20]
Pr_Src_cls_loss	: 0.5394
-------------------------------------
[Pr Epoch : 2/20]
Pr_Src_cls_loss	: 0.3363
-------------------------------------
[Pr Epoch : 3/20]
Pr_Src_cls_loss	: 0.2556
-------------------------------------
[Pr Epoch : 4/20]
Pr_Src_cls_loss	: 0.2096
-------------------------------------
[Pr Epoch : 5/20]
Pr_Src_cls_loss	: 0.1796
-------------------------------------
[Pr Epoch : 6/20]
Pr_Src_cls_loss	: 0.1585
-------------------------------------
[Pr Epoch : 7/20]
Pr_Src_cls_loss	: 0.1420
-------------------------------------
[Pr Epoch : 8/20]
Pr_Src_cls_loss	: 0.1289
-------------------------------------
[Pr Epoch : 9/20]
Pr_Src_cls_loss	: 0.1181
-------------------------------------
[Pr Epoch : 10/20]
Pr_Src_cls_loss	: 0.1091
-------------------------------------
[Pr Epoch : 11/20]
Pr_Src_cls_loss	: 0.1016
-------------------------------------
[Pr Epoch : 12/20]
Pr_Src_cls_loss	: 0.0947
-------------------------------------
[Pr Epoch : 13/20]
Pr_Src_cls_loss	: 0.0889
-------------------------------------
[Pr Epoch : 14/20]
Pr_Src_cls_loss	: 0.0838
-------------------------------------
[Pr Epoch : 15/20]
Pr_Src_cls_loss	: 0.0792
-------------------------------------
[Pr Epoch : 16/20]
Pr_Src_cls_loss	: 0.0753
-------------------------------------
[Pr Epoch : 17/20]
Pr_Src_cls_loss	: 0.0717
-------------------------------------
[Pr Epoch : 18/20]
Pr_Src_cls_loss	: 0.0683
-------------------------------------
[Pr Epoch : 19/20]
Pr_Src_cls_loss	: 0.0653
-------------------------------------
[Pr Epoch : 20/20]
Pr_Src_cls_loss	: 0.0627
-------------------------------------
[Epoch : 1/20]
Pr_Src_cls_loss	: 0.0627
Src_cls_loss	: 0.7180
SDE_loss	: 0.0054
OSAM_loss	: 1.3741
Total_loss	: 5.2537
-------------------------------------
[Epoch : 2/20]
Pr_Src_cls_loss	: 0.0627
Src_cls_loss	: 0.6040
SDE_loss	: 0.0028
OSAM_loss	: 1.0376
Total_loss	: 4.0286
-------------------------------------
[Epoch : 3/20]
Pr_Src_cls_loss	: 0.0627
Src_cls_loss	: 0.5229
SDE_loss	: 0.0019
OSAM_loss	: 0.8788
Total_loss	: 3.4235
-------------------------------------
[Epoch : 4/20]
Pr_Src_cls_loss	: 0.0627
Src_cls_loss	: 0.4634
SDE_loss	: 0.0015
OSAM_loss	: 0.7791
Total_loss	: 3.0348
-------------------------------------
[Epoch : 5/20]
Pr_Src_cls_loss	: 0.0627
Src_cls_loss	: 0.4173
SDE_loss	: 0.0012
OSAM_loss	: 0.7063
Total_loss	: 2.7483
-------------------------------------
[Epoch : 6/20]
Pr_Src_cls_loss	: 0.0627
Src_cls_loss	: 0.3814
SDE_loss	: 0.0011
OSAM_loss	: 0.6494
Total_loss	: 2.5247
-------------------------------------
[Epoch : 7/20]
Pr_Src_cls_loss	: 0.0627
Src_cls_loss	: 0.3524
SDE_loss	: 0.0009
OSAM_loss	: 0.6029
Total_loss	: 2.3423
-------------------------------------
[Epoch : 8/20]
Pr_Src_cls_loss	: 0.0627
Src_cls_loss	: 0.3277
SDE_loss	: 0.0008
OSAM_loss	: 0.5634
Total_loss	: 2.1870
-------------------------------------
[Epoch : 9/20]
Pr_Src_cls_loss	: 0.0627
Src_cls_loss	: 0.3075
SDE_loss	: 0.0007
OSAM_loss	: 0.5294
Total_loss	: 2.0548
-------------------------------------
[Epoch : 10/20]
Pr_Src_cls_loss	: 0.0627
Src_cls_loss	: 0.2902
SDE_loss	: 0.0007
OSAM_loss	: 0.4996
Total_loss	: 1.9391
-------------------------------------
[Epoch : 11/20]
Pr_Src_cls_loss	: 0.0627
Src_cls_loss	: 0.2751
SDE_loss	: 0.0006
OSAM_loss	: 0.4732
Total_loss	: 1.8367
-------------------------------------
[Epoch : 12/20]
Pr_Src_cls_loss	: 0.0627
Src_cls_loss	: 0.2617
SDE_loss	: 0.0006
OSAM_loss	: 0.4496
Total_loss	: 1.7456
-------------------------------------
[Epoch : 13/20]
Pr_Src_cls_loss	: 0.0627
Src_cls_loss	: 0.2499
SDE_loss	: 0.0005
OSAM_loss	: 0.4286
Total_loss	: 1.6643
-------------------------------------
[Epoch : 14/20]
Pr_Src_cls_loss	: 0.0627
Src_cls_loss	: 0.2390
SDE_loss	: 0.0005
OSAM_loss	: 0.4095
Total_loss	: 1.5904
-------------------------------------
[Epoch : 15/20]
Pr_Src_cls_loss	: 0.0627
Src_cls_loss	: 0.2293
SDE_loss	: 0.0005
OSAM_loss	: 0.3924
Total_loss	: 1.5243
-------------------------------------
[Epoch : 16/20]
Pr_Src_cls_loss	: 0.0627
Src_cls_loss	: 0.2204
SDE_loss	: 0.0005
OSAM_loss	: 0.3767
Total_loss	: 1.4637
-------------------------------------
[Epoch : 17/20]
Pr_Src_cls_loss	: 0.0627
Src_cls_loss	: 0.2124
SDE_loss	: 0.0004
OSAM_loss	: 0.3626
Total_loss	: 1.4090
-------------------------------------
[Epoch : 18/20]
Pr_Src_cls_loss	: 0.0627
Src_cls_loss	: 0.2049
SDE_loss	: 0.0004
OSAM_loss	: 0.3495
Total_loss	: 1.3585
-------------------------------------
[Epoch : 19/20]
Pr_Src_cls_loss	: 0.0627
Src_cls_loss	: 0.1982
SDE_loss	: 0.0004
OSAM_loss	: 0.3376
Total_loss	: 1.3124
-------------------------------------
[Epoch : 20/20]
Pr_Src_cls_loss	: 0.0627
Src_cls_loss	: 0.1919
SDE_loss	: 0.0004
OSAM_loss	: 0.3267
Total_loss	: 1.2699
-------------------------------------
[TSFA-debug] best_model captured at epoch 19 (src_cls_loss=0.1982)
[TSFA-debug] final-epoch losses: {'Src_cls_loss': '0.1919', 'SDE_loss': '0.0004', 'OSAM_loss': '0.3267', 'Total_loss': '1.2699'}
[TSFA-debug] loaded best_model into algorithm for eval
[TSFA-debug] OSAM-reject OT-OK: Nt=19138 nb_dummies=1 mass mean=4.1802e-05 std=2.0900e-05 thr=2.0901e-05 unknown=3827 (20.0%)
H_score: 0.3621, OS* (acc_c): 0.6978, UNK (acc_p): 0.2445, acc_mix: 0.3573, F1: 0.3790
[TSFA-debug] OSAM-reject OT-OK: Nt=19138 nb_dummies=1 mass mean=4.1802e-05 std=2.0900e-05 thr=2.0901e-05 unknown=3827 (20.0%)
Uploading logs from: /mnt/data/home/tp2474/OpenSet-AdaTime/experiments_logs/curriculum/RealWorld to Pamap2_OSDA_hard_n9_fno_mean/TSFA_OSDA_hard_n9_fno_mean/RealWorld_to_Pamap2_run_3
🏃 View run TSFA_run_3 at: http://127.0.0.1:5001/#/experiments/693721873569580674/runs/feb633c1c87049d3972742967f61e634
🧪 View experiment at: http://127.0.0.1:5001/#/experiments/693721873569580674
=============================================
Dataset: RealWorld to Pamap2_OSDA_hard_n9_fno_mean
Method:  TSFA
=============================================
Source: RealWorld ---> Target: Pamap2
Run ID: 4
=============================================
[Pr Epoch : 1/20]
Pr_Src_cls_loss	: 0.5179
-------------------------------------
[Pr Epoch : 2/20]
Pr_Src_cls_loss	: 0.3228
-------------------------------------
[Pr Epoch : 3/20]
Pr_Src_cls_loss	: 0.2463
-------------------------------------
[Pr Epoch : 4/20]
Pr_Src_cls_loss	: 0.2024
-------------------------------------
[Pr Epoch : 5/20]
Pr_Src_cls_loss	: 0.1733
-------------------------------------
[Pr Epoch : 6/20]
Pr_Src_cls_loss	: 0.1525
-------------------------------------
[Pr Epoch : 7/20]
Pr_Src_cls_loss	: 0.1370
-------------------------------------
[Pr Epoch : 8/20]
Pr_Src_cls_loss	: 0.1244
-------------------------------------
[Pr Epoch : 9/20]
Pr_Src_cls_loss	: 0.1139
-------------------------------------
[Pr Epoch : 10/20]
Pr_Src_cls_loss	: 0.1053
-------------------------------------
[Pr Epoch : 11/20]
Pr_Src_cls_loss	: 0.0979
-------------------------------------
[Pr Epoch : 12/20]
Pr_Src_cls_loss	: 0.0915
-------------------------------------
[Pr Epoch : 13/20]
Pr_Src_cls_loss	: 0.0862
-------------------------------------
[Pr Epoch : 14/20]
Pr_Src_cls_loss	: 0.0813
-------------------------------------
[Pr Epoch : 15/20]
Pr_Src_cls_loss	: 0.0769
-------------------------------------
[Pr Epoch : 16/20]
Pr_Src_cls_loss	: 0.0730
-------------------------------------
[Pr Epoch : 17/20]
Pr_Src_cls_loss	: 0.0695
-------------------------------------
[Pr Epoch : 18/20]
Pr_Src_cls_loss	: 0.0662
-------------------------------------
[Pr Epoch : 19/20]
Pr_Src_cls_loss	: 0.0633
-------------------------------------
[Pr Epoch : 20/20]
Pr_Src_cls_loss	: 0.0607
-------------------------------------
[Epoch : 1/20]
Pr_Src_cls_loss	: 0.0607
Src_cls_loss	: 0.6548
SDE_loss	: 0.0066
OSAM_loss	: 1.3846
Total_loss	: 5.2253
-------------------------------------
[Epoch : 2/20]
Pr_Src_cls_loss	: 0.0607
Src_cls_loss	: 0.5279
SDE_loss	: 0.0034
OSAM_loss	: 1.0523
Total_loss	: 4.0011
-------------------------------------
[Epoch : 3/20]
Pr_Src_cls_loss	: 0.0607
Src_cls_loss	: 0.4533
SDE_loss	: 0.0023
OSAM_loss	: 0.8929
Total_loss	: 3.4002
-------------------------------------
[Epoch : 4/20]
Pr_Src_cls_loss	: 0.0607
Src_cls_loss	: 0.4023
SDE_loss	: 0.0018
OSAM_loss	: 0.7912
Total_loss	: 3.0136
-------------------------------------
[Epoch : 5/20]
Pr_Src_cls_loss	: 0.0607
Src_cls_loss	: 0.3637
SDE_loss	: 0.0014
OSAM_loss	: 0.7172
Total_loss	: 2.7308
-------------------------------------
[Epoch : 6/20]
Pr_Src_cls_loss	: 0.0607
Src_cls_loss	: 0.3334
SDE_loss	: 0.0012
OSAM_loss	: 0.6596
Total_loss	: 2.5102
-------------------------------------
[Epoch : 7/20]
Pr_Src_cls_loss	: 0.0607
Src_cls_loss	: 0.3089
SDE_loss	: 0.0011
OSAM_loss	: 0.6127
Total_loss	: 2.3311
-------------------------------------
[Epoch : 8/20]
Pr_Src_cls_loss	: 0.0607
Src_cls_loss	: 0.2884
SDE_loss	: 0.0009
OSAM_loss	: 0.5729
Total_loss	: 2.1792
-------------------------------------
[Epoch : 9/20]
Pr_Src_cls_loss	: 0.0607
Src_cls_loss	: 0.2713
SDE_loss	: 0.0009
OSAM_loss	: 0.5388
Total_loss	: 2.0494
-------------------------------------
[Epoch : 10/20]
Pr_Src_cls_loss	: 0.0607
Src_cls_loss	: 0.2564
SDE_loss	: 0.0008
OSAM_loss	: 0.5087
Total_loss	: 1.9352
-------------------------------------
[Epoch : 11/20]
Pr_Src_cls_loss	: 0.0607
Src_cls_loss	: 0.2434
SDE_loss	: 0.0007
OSAM_loss	: 0.4820
Total_loss	: 1.8343
-------------------------------------
[Epoch : 12/20]
Pr_Src_cls_loss	: 0.0607
Src_cls_loss	: 0.2323
SDE_loss	: 0.0007
OSAM_loss	: 0.4584
Total_loss	: 1.7452
-------------------------------------
[Epoch : 13/20]
Pr_Src_cls_loss	: 0.0607
Src_cls_loss	: 0.2226
SDE_loss	: 0.0006
OSAM_loss	: 0.4371
Total_loss	: 1.6651
-------------------------------------
[Epoch : 14/20]
Pr_Src_cls_loss	: 0.0607
Src_cls_loss	: 0.2134
SDE_loss	: 0.0006
OSAM_loss	: 0.4178
Total_loss	: 1.5921
-------------------------------------
[Epoch : 15/20]
Pr_Src_cls_loss	: 0.0607
Src_cls_loss	: 0.2054
SDE_loss	: 0.0005
OSAM_loss	: 0.4003
Total_loss	: 1.5265
-------------------------------------
[Epoch : 16/20]
Pr_Src_cls_loss	: 0.0607
Src_cls_loss	: 0.1980
SDE_loss	: 0.0005
OSAM_loss	: 0.3844
Total_loss	: 1.4665
-------------------------------------
[Epoch : 17/20]
Pr_Src_cls_loss	: 0.0607
Src_cls_loss	: 0.1912
SDE_loss	: 0.0005
OSAM_loss	: 0.3698
Total_loss	: 1.4116
-------------------------------------
[Epoch : 18/20]
Pr_Src_cls_loss	: 0.0607
Src_cls_loss	: 0.1850
SDE_loss	: 0.0005
OSAM_loss	: 0.3565
Total_loss	: 1.3616
-------------------------------------
[Epoch : 19/20]
Pr_Src_cls_loss	: 0.0607
Src_cls_loss	: 0.1793
SDE_loss	: 0.0004
OSAM_loss	: 0.3443
Total_loss	: 1.3156
-------------------------------------
[Epoch : 20/20]
Pr_Src_cls_loss	: 0.0607
Src_cls_loss	: 0.1742
SDE_loss	: 0.0004
OSAM_loss	: 0.3331
Total_loss	: 1.2736
-------------------------------------
[TSFA-debug] best_model captured at epoch 19 (src_cls_loss=0.1793)
[TSFA-debug] final-epoch losses: {'Src_cls_loss': '0.1742', 'SDE_loss': '0.0004', 'OSAM_loss': '0.3331', 'Total_loss': '1.2736'}
[TSFA-debug] loaded best_model into algorithm for eval
[TSFA-debug] OSAM-reject OT-OK: Nt=19138 nb_dummies=1 mass mean=4.1802e-05 std=2.0900e-05 thr=2.0901e-05 unknown=3827 (20.0%)
H_score: 0.3056, OS* (acc_c): 0.4555, UNK (acc_p): 0.2299, acc_mix: 0.2860, F1: 0.3275
[TSFA-debug] OSAM-reject OT-OK: Nt=19138 nb_dummies=1 mass mean=4.1802e-05 std=2.0900e-05 thr=2.0901e-05 unknown=3827 (20.0%)
Uploading logs from: /mnt/data/home/tp2474/OpenSet-AdaTime/experiments_logs/curriculum/RealWorld to Pamap2_OSDA_hard_n9_fno_mean/TSFA_OSDA_hard_n9_fno_mean/RealWorld_to_Pamap2_run_4
🏃 View run TSFA_run_4 at: http://127.0.0.1:5001/#/experiments/693721873569580674/runs/9a98d562a2f84481b4e5f5012ea81cee
🧪 View experiment at: http://127.0.0.1:5001/#/experiments/693721873569580674
==================== [n9 fno_mean] UDA ====================
[curriculum] scenario=OSDA  strategy=hard  n_unknown=9  rank_variant=fno_mean
[curriculum] source mapping (4 classes): {'lying': 'lying', 'sitting': 'sitting', 'walking': 'walking', 'running': 'running'}
[curriculum] target mapping (13 classes): {'lying': 'lying', 'sitting': 'sitting', 'walking': 'walking', 'running': 'running', 'ascending stairs': 'ascending stairs', 'cycling': 'cycling', 'descending stairs': 'descending stairs', 'ironing': 'ironing', 'Nordic walking': 'Nordic walking', 'other (transient activities)': 'other (transient activities)', 'rope jumping': 'rope jumping', 'standing': 'standing', 'vacuum cleaning': 'vacuum cleaning'}
[curriculum] unknowns added (in hard order): ['ascending stairs', 'cycling', 'descending stairs', 'ironing', 'Nordic walking', 'other (transient activities)', 'rope jumping', 'standing', 'vacuum cleaning']
[scenario] UDA -> UniDA (uniDA=True)
Unlabeled data shape:  (19138, 150, 18)
Unlabelled Combined shape: (31801, 150, 18)

--- Dataloader Size Check ---
Source Train batches:   296
Target Train batches:   299
-------------------------------

Private classes:  tensor([ 4.,  5.,  6.,  7.,  8.,  9., 10., 11., 12.])
=============================================
Dataset: RealWorld to Pamap2_OSDA_hard_n9_fno_mean
Method:  UDA
=============================================
Source: RealWorld ---> Target: Pamap2
Run ID: 0
=============================================
[Pr Epoch : 1/20]
Pr_Src_cls_loss	: 0.5860
-------------------------------------
[Pr Epoch : 2/20]
Pr_Src_cls_loss	: 0.3755
-------------------------------------
[Pr Epoch : 3/20]
Pr_Src_cls_loss	: 0.2841
-------------------------------------
[Pr Epoch : 4/20]
Pr_Src_cls_loss	: 0.2309
-------------------------------------
[Pr Epoch : 5/20]
Pr_Src_cls_loss	: 0.1965
-------------------------------------
[Pr Epoch : 6/20]
Pr_Src_cls_loss	: 0.1724
-------------------------------------
[Pr Epoch : 7/20]
Pr_Src_cls_loss	: 0.1541
-------------------------------------
[Pr Epoch : 8/20]
Pr_Src_cls_loss	: 0.1396
-------------------------------------
[Pr Epoch : 9/20]
Pr_Src_cls_loss	: 0.1283
-------------------------------------
[Pr Epoch : 10/20]
Pr_Src_cls_loss	: 0.1189
-------------------------------------
[Pr Epoch : 11/20]
Pr_Src_cls_loss	: 0.1111
-------------------------------------
[Pr Epoch : 12/20]
Pr_Src_cls_loss	: 0.1043
-------------------------------------
[Pr Epoch : 13/20]
Pr_Src_cls_loss	: 0.0985
-------------------------------------
[Pr Epoch : 14/20]
Pr_Src_cls_loss	: 0.0934
-------------------------------------
[Pr Epoch : 15/20]
Pr_Src_cls_loss	: 0.0890
-------------------------------------
[Pr Epoch : 16/20]
Pr_Src_cls_loss	: 0.0851
-------------------------------------
[Pr Epoch : 17/20]
Pr_Src_cls_loss	: 0.0816
-------------------------------------
[Pr Epoch : 18/20]
Pr_Src_cls_loss	: 0.0782
-------------------------------------
[Pr Epoch : 19/20]
Pr_Src_cls_loss	: 0.0754
-------------------------------------
[Pr Epoch : 20/20]
Pr_Src_cls_loss	: 0.0728
-------------------------------------
[Epoch : 1/20]
Pr_Src_cls_loss	: 0.0728
Total_loss	: 5.4894
Domain_loss	: 1.1207
Src_cls_loss	: 0.0742
Adv Loss	: 1.3268
-------------------------------------
[Epoch : 2/20]
Pr_Src_cls_loss	: 0.0728
Total_loss	: 5.4969
Domain_loss	: 0.9349
Src_cls_loss	: 0.0858
Adv Loss	: 1.3188
-------------------------------------
[Epoch : 3/20]
Pr_Src_cls_loss	: 0.0728
Total_loss	: 5.4712
Domain_loss	: 0.7888
Src_cls_loss	: 0.0905
Adv Loss	: 1.3084
-------------------------------------
[Epoch : 4/20]
Pr_Src_cls_loss	: 0.0728
Total_loss	: 5.4935
Domain_loss	: 0.6692
Src_cls_loss	: 0.0892
Adv Loss	: 1.3151
-------------------------------------
[Epoch : 5/20]
Pr_Src_cls_loss	: 0.0728
Total_loss	: 5.4761
Domain_loss	: 0.5932
Src_cls_loss	: 0.0876
Adv Loss	: 1.3120
-------------------------------------
[Epoch : 6/20]
Pr_Src_cls_loss	: 0.0728
Total_loss	: 5.4929
Domain_loss	: 0.5333
Src_cls_loss	: 0.0860
Adv Loss	: 1.3177
-------------------------------------
[Epoch : 7/20]
Pr_Src_cls_loss	: 0.0728
Total_loss	: 5.4902
Domain_loss	: 0.4832
Src_cls_loss	: 0.0836
Adv Loss	: 1.3190
-------------------------------------
[Epoch : 8/20]
Pr_Src_cls_loss	: 0.0728
Total_loss	: 5.4901
Domain_loss	: 0.4400
Src_cls_loss	: 0.0809
Adv Loss	: 1.3213
-------------------------------------
[Epoch : 9/20]
Pr_Src_cls_loss	: 0.0728
Total_loss	: 5.4916
Domain_loss	: 0.4102
Src_cls_loss	: 0.0795
Adv Loss	: 1.3228
-------------------------------------
[Epoch : 10/20]
Pr_Src_cls_loss	: 0.0728
Total_loss	: 5.4927
Domain_loss	: 0.3843
Src_cls_loss	: 0.0778
Adv Loss	: 1.3246
-------------------------------------
[Epoch : 11/20]
Pr_Src_cls_loss	: 0.0728
Total_loss	: 5.4927
Domain_loss	: 0.3625
Src_cls_loss	: 0.0760
Adv Loss	: 1.3261
-------------------------------------
[Epoch : 12/20]
Pr_Src_cls_loss	: 0.0728
Total_loss	: 5.4909
Domain_loss	: 0.3458
Src_cls_loss	: 0.0752
Adv Loss	: 1.3264
-------------------------------------
[Epoch : 13/20]
Pr_Src_cls_loss	: 0.0728
Total_loss	: 5.4896
Domain_loss	: 0.3327
Src_cls_loss	: 0.0748
Adv Loss	: 1.3264
-------------------------------------
[Epoch : 14/20]
Pr_Src_cls_loss	: 0.0728
Total_loss	: 5.4864
Domain_loss	: 0.3195
Src_cls_loss	: 0.0741
Adv Loss	: 1.3261
-------------------------------------
[Epoch : 15/20]
Pr_Src_cls_loss	: 0.0728
Total_loss	: 5.4869
Domain_loss	: 0.3094
Src_cls_loss	: 0.0742
Adv Loss	: 1.3262
-------------------------------------
[Epoch : 16/20]
Pr_Src_cls_loss	: 0.0728
Total_loss	: 5.4870
Domain_loss	: 0.2983
Src_cls_loss	: 0.0733
Adv Loss	: 1.3269
-------------------------------------
[Epoch : 17/20]
Pr_Src_cls_loss	: 0.0728
Total_loss	: 5.4851
Domain_loss	: 0.2881
Src_cls_loss	: 0.0725
Adv Loss	: 1.3271
-------------------------------------
[Epoch : 18/20]
Pr_Src_cls_loss	: 0.0728
Total_loss	: 5.4867
Domain_loss	: 0.2784
Src_cls_loss	: 0.0717
Adv Loss	: 1.3283
-------------------------------------
[Epoch : 19/20]
Pr_Src_cls_loss	: 0.0728
Total_loss	: 5.4891
Domain_loss	: 0.2693
Src_cls_loss	: 0.0710
Adv Loss	: 1.3294
-------------------------------------
[Epoch : 20/20]
Pr_Src_cls_loss	: 0.0728
Total_loss	: 5.4870
Domain_loss	: 0.2623
Src_cls_loss	: 0.0702
Adv Loss	: 1.3296
-------------------------------------
/mnt/data/home/tp2474/OpenSet-AdaTime/trainers/abstract_trainer.py:331: FutureWarning: The behavior of DataFrame concatenation with empty or all-NA entries is deprecated. In a future version, this will no longer exclude empty or all-NA columns when determining the result dtypes. To retain the old behavior, exclude the relevant entries before the concat operation.
  table = pd.concat([table, results_df], ignore_index=True)
H_score: 0.4203, OS* (acc_c): 0.5015, UNK (acc_p): 0.3618, acc_mix: 0.3965, F1: 0.4352
Uploading logs from: /mnt/data/home/tp2474/OpenSet-AdaTime/experiments_logs/curriculum/RealWorld to Pamap2_OSDA_hard_n9_fno_mean/UDA_OSDA_hard_n9_fno_mean/RealWorld_to_Pamap2_run_0
🏃 View run UDA_run_0 at: http://127.0.0.1:5001/#/experiments/693721873569580674/runs/8f348f4b521f486ab6ca314169a3d748
🧪 View experiment at: http://127.0.0.1:5001/#/experiments/693721873569580674
=============================================
Dataset: RealWorld to Pamap2_OSDA_hard_n9_fno_mean
Method:  UDA
=============================================
Source: RealWorld ---> Target: Pamap2
Run ID: 1
=============================================
[Pr Epoch : 1/20]
Pr_Src_cls_loss	: 0.6016
-------------------------------------
[Pr Epoch : 2/20]
Pr_Src_cls_loss	: 0.3844
-------------------------------------
[Pr Epoch : 3/20]
Pr_Src_cls_loss	: 0.2889
-------------------------------------
[Pr Epoch : 4/20]
Pr_Src_cls_loss	: 0.2351
-------------------------------------
[Pr Epoch : 5/20]
Pr_Src_cls_loss	: 0.2004
-------------------------------------
[Pr Epoch : 6/20]
Pr_Src_cls_loss	: 0.1759
-------------------------------------
[Pr Epoch : 7/20]
Pr_Src_cls_loss	: 0.1579
-------------------------------------
[Pr Epoch : 8/20]
Pr_Src_cls_loss	: 0.1432
-------------------------------------
[Pr Epoch : 9/20]
Pr_Src_cls_loss	: 0.1317
-------------------------------------
[Pr Epoch : 10/20]
Pr_Src_cls_loss	: 0.1218
-------------------------------------
[Pr Epoch : 11/20]
Pr_Src_cls_loss	: 0.1136
-------------------------------------
[Pr Epoch : 12/20]
Pr_Src_cls_loss	: 0.1068
-------------------------------------
[Pr Epoch : 13/20]
Pr_Src_cls_loss	: 0.1008
-------------------------------------
[Pr Epoch : 14/20]
Pr_Src_cls_loss	: 0.0955
-------------------------------------
[Pr Epoch : 15/20]
Pr_Src_cls_loss	: 0.0909
-------------------------------------
[Pr Epoch : 16/20]
Pr_Src_cls_loss	: 0.0869
-------------------------------------
[Pr Epoch : 17/20]
Pr_Src_cls_loss	: 0.0831
-------------------------------------
[Pr Epoch : 18/20]
Pr_Src_cls_loss	: 0.0799
-------------------------------------
[Pr Epoch : 19/20]
Pr_Src_cls_loss	: 0.0768
-------------------------------------
[Pr Epoch : 20/20]
Pr_Src_cls_loss	: 0.0740
-------------------------------------
[Epoch : 1/20]
Pr_Src_cls_loss	: 0.0740
Total_loss	: 5.5771
Domain_loss	: 1.1593
Src_cls_loss	: 0.0763
Adv Loss	: 1.3472
-------------------------------------
[Epoch : 2/20]
Pr_Src_cls_loss	: 0.0740
Total_loss	: 5.4956
Domain_loss	: 0.9201
Src_cls_loss	: 0.0817
Adv Loss	: 1.3220
-------------------------------------
[Epoch : 3/20]
Pr_Src_cls_loss	: 0.0740
Total_loss	: 5.4790
Domain_loss	: 0.7792
Src_cls_loss	: 0.0849
Adv Loss	: 1.3151
-------------------------------------
[Epoch : 4/20]
Pr_Src_cls_loss	: 0.0740
Total_loss	: 5.4537
Domain_loss	: 0.7025
Src_cls_loss	: 0.0852
Adv Loss	: 1.3085
-------------------------------------
[Epoch : 5/20]
Pr_Src_cls_loss	: 0.0740
Total_loss	: 5.4602
Domain_loss	: 0.6223
Src_cls_loss	: 0.0841
Adv Loss	: 1.3110
-------------------------------------
[Epoch : 6/20]
Pr_Src_cls_loss	: 0.0740
Total_loss	: 5.4566
Domain_loss	: 0.5674
Src_cls_loss	: 0.0835
Adv Loss	: 1.3106
-------------------------------------
[Epoch : 7/20]
Pr_Src_cls_loss	: 0.0740
Total_loss	: 5.4540
Domain_loss	: 0.5241
Src_cls_loss	: 0.0833
Adv Loss	: 1.3101
-------------------------------------
[Epoch : 8/20]
Pr_Src_cls_loss	: 0.0740
Total_loss	: 5.4540
Domain_loss	: 0.4912
Src_cls_loss	: 0.0830
Adv Loss	: 1.3104
-------------------------------------
[Epoch : 9/20]
Pr_Src_cls_loss	: 0.0740
Total_loss	: 5.4630
Domain_loss	: 0.4577
Src_cls_loss	: 0.0821
Adv Loss	: 1.3134
-------------------------------------
[Epoch : 10/20]
Pr_Src_cls_loss	: 0.0740
Total_loss	: 5.4739
Domain_loss	: 0.4283
Src_cls_loss	: 0.0808
Adv Loss	: 1.3173
-------------------------------------
[Epoch : 11/20]
Pr_Src_cls_loss	: 0.0740
Total_loss	: 5.4858
Domain_loss	: 0.4009
Src_cls_loss	: 0.0798
Adv Loss	: 1.3211
-------------------------------------
[Epoch : 12/20]
Pr_Src_cls_loss	: 0.0740
Total_loss	: 5.4844
Domain_loss	: 0.3796
Src_cls_loss	: 0.0783
Adv Loss	: 1.3221
-------------------------------------
[Epoch : 13/20]
Pr_Src_cls_loss	: 0.0740
Total_loss	: 5.4848
Domain_loss	: 0.3620
Src_cls_loss	: 0.0777
Adv Loss	: 1.3226
-------------------------------------
[Epoch : 14/20]
Pr_Src_cls_loss	: 0.0740
Total_loss	: 5.4885
Domain_loss	: 0.3456
Src_cls_loss	: 0.0771
Adv Loss	: 1.3241
-------------------------------------
[Epoch : 15/20]
Pr_Src_cls_loss	: 0.0740
Total_loss	: 5.4915
Domain_loss	: 0.3307
Src_cls_loss	: 0.0763
Adv Loss	: 1.3255
-------------------------------------
[Epoch : 16/20]
Pr_Src_cls_loss	: 0.0740
Total_loss	: 5.4930
Domain_loss	: 0.3187
Src_cls_loss	: 0.0760
Adv Loss	: 1.3262
-------------------------------------
[Epoch : 17/20]
Pr_Src_cls_loss	: 0.0740
Total_loss	: 5.4956
Domain_loss	: 0.3058
Src_cls_loss	: 0.0748
Adv Loss	: 1.3279
-------------------------------------
[Epoch : 18/20]
Pr_Src_cls_loss	: 0.0740
Total_loss	: 5.4996
Domain_loss	: 0.2946
Src_cls_loss	: 0.0741
Adv Loss	: 1.3295
-------------------------------------
[Epoch : 19/20]
Pr_Src_cls_loss	: 0.0740
Total_loss	: 5.5044
Domain_loss	: 0.2849
Src_cls_loss	: 0.0735
Adv Loss	: 1.3312
-------------------------------------
[Epoch : 20/20]
Pr_Src_cls_loss	: 0.0740
Total_loss	: 5.5092
Domain_loss	: 0.2757
Src_cls_loss	: 0.0729
Adv Loss	: 1.3329
-------------------------------------
H_score: 0.4663, OS* (acc_c): 0.5846, UNK (acc_p): 0.3879, acc_mix: 0.4368, F1: 0.4734
Uploading logs from: /mnt/data/home/tp2474/OpenSet-AdaTime/experiments_logs/curriculum/RealWorld to Pamap2_OSDA_hard_n9_fno_mean/UDA_OSDA_hard_n9_fno_mean/RealWorld_to_Pamap2_run_1
🏃 View run UDA_run_1 at: http://127.0.0.1:5001/#/experiments/693721873569580674/runs/fa972a2a457b4d3f9d7e733ca85eb940
🧪 View experiment at: http://127.0.0.1:5001/#/experiments/693721873569580674
=============================================
Dataset: RealWorld to Pamap2_OSDA_hard_n9_fno_mean
Method:  UDA
=============================================
Source: RealWorld ---> Target: Pamap2
Run ID: 2
=============================================
[Pr Epoch : 1/20]
Pr_Src_cls_loss	: 0.5979
-------------------------------------
[Pr Epoch : 2/20]
Pr_Src_cls_loss	: 0.3819
-------------------------------------
[Pr Epoch : 3/20]
Pr_Src_cls_loss	: 0.2876
-------------------------------------
[Pr Epoch : 4/20]
Pr_Src_cls_loss	: 0.2345
-------------------------------------
[Pr Epoch : 5/20]
Pr_Src_cls_loss	: 0.2004
-------------------------------------
[Pr Epoch : 6/20]
Pr_Src_cls_loss	: 0.1758
-------------------------------------
[Pr Epoch : 7/20]
Pr_Src_cls_loss	: 0.1571
-------------------------------------
[Pr Epoch : 8/20]
Pr_Src_cls_loss	: 0.1429
-------------------------------------
[Pr Epoch : 9/20]
Pr_Src_cls_loss	: 0.1310
-------------------------------------
[Pr Epoch : 10/20]
Pr_Src_cls_loss	: 0.1215
-------------------------------------
[Pr Epoch : 11/20]
Pr_Src_cls_loss	: 0.1135
-------------------------------------
[Pr Epoch : 12/20]
Pr_Src_cls_loss	: 0.1063
-------------------------------------
[Pr Epoch : 13/20]
Pr_Src_cls_loss	: 0.1004
-------------------------------------
[Pr Epoch : 14/20]
Pr_Src_cls_loss	: 0.0952
-------------------------------------
[Pr Epoch : 15/20]
Pr_Src_cls_loss	: 0.0905
-------------------------------------
[Pr Epoch : 16/20]
Pr_Src_cls_loss	: 0.0866
-------------------------------------
[Pr Epoch : 17/20]
Pr_Src_cls_loss	: 0.0828
-------------------------------------
[Pr Epoch : 18/20]
Pr_Src_cls_loss	: 0.0795
-------------------------------------
[Pr Epoch : 19/20]
Pr_Src_cls_loss	: 0.0765
-------------------------------------
[Pr Epoch : 20/20]
Pr_Src_cls_loss	: 0.0737
-------------------------------------
[Epoch : 1/20]
Pr_Src_cls_loss	: 0.0737
Total_loss	: 5.5646
Domain_loss	: 1.1806
Src_cls_loss	: 0.0746
Adv Loss	: 1.3455
-------------------------------------
[Epoch : 2/20]
Pr_Src_cls_loss	: 0.0737
Total_loss	: 5.5104
Domain_loss	: 0.9464
Src_cls_loss	: 0.0830
Adv Loss	: 1.3246
-------------------------------------
[Epoch : 3/20]
Pr_Src_cls_loss	: 0.0737
Total_loss	: 5.4765
Domain_loss	: 0.8255
Src_cls_loss	: 0.0856
Adv Loss	: 1.3139
-------------------------------------
[Epoch : 4/20]
Pr_Src_cls_loss	: 0.0737
Total_loss	: 5.4933
Domain_loss	: 0.7259
Src_cls_loss	: 0.0883
Adv Loss	: 1.3158
-------------------------------------
[Epoch : 5/20]
Pr_Src_cls_loss	: 0.0737
Total_loss	: 5.5008
Domain_loss	: 0.6391
Src_cls_loss	: 0.0877
Adv Loss	: 1.3182
-------------------------------------
[Epoch : 6/20]
Pr_Src_cls_loss	: 0.0737
Total_loss	: 5.4809
Domain_loss	: 0.5841
Src_cls_loss	: 0.0863
Adv Loss	: 1.3144
-------------------------------------
[Epoch : 7/20]
Pr_Src_cls_loss	: 0.0737
Total_loss	: 5.4905
Domain_loss	: 0.5421
Src_cls_loss	: 0.0854
Adv Loss	: 1.3175
-------------------------------------
[Epoch : 8/20]
Pr_Src_cls_loss	: 0.0737
Total_loss	: 5.5041
Domain_loss	: 0.4950
Src_cls_loss	: 0.0838
Adv Loss	: 1.3224
-------------------------------------
[Epoch : 9/20]
Pr_Src_cls_loss	: 0.0737
Total_loss	: 5.5003
Domain_loss	: 0.4552
Src_cls_loss	: 0.0819
Adv Loss	: 1.3231
-------------------------------------
[Epoch : 10/20]
Pr_Src_cls_loss	: 0.0737
Total_loss	: 5.4914
Domain_loss	: 0.4279
Src_cls_loss	: 0.0808
Adv Loss	: 1.3217
-------------------------------------
[Epoch : 11/20]
Pr_Src_cls_loss	: 0.0737
Total_loss	: 5.4935
Domain_loss	: 0.4076
Src_cls_loss	: 0.0805
Adv Loss	: 1.3225
-------------------------------------
[Epoch : 12/20]
Pr_Src_cls_loss	: 0.0737
Total_loss	: 5.4909
Domain_loss	: 0.3882
Src_cls_loss	: 0.0792
Adv Loss	: 1.3229
-------------------------------------
[Epoch : 13/20]
Pr_Src_cls_loss	: 0.0737
Total_loss	: 5.5016
Domain_loss	: 0.3717
Src_cls_loss	: 0.0787
Adv Loss	: 1.3260
-------------------------------------
[Epoch : 14/20]
Pr_Src_cls_loss	: 0.0737
Total_loss	: 5.5055
Domain_loss	: 0.3554
Src_cls_loss	: 0.0779
Adv Loss	: 1.3277
-------------------------------------
[Epoch : 15/20]
Pr_Src_cls_loss	: 0.0737
Total_loss	: 5.5075
Domain_loss	: 0.3412
Src_cls_loss	: 0.0771
Adv Loss	: 1.3289
-------------------------------------
[Epoch : 16/20]
Pr_Src_cls_loss	: 0.0737
Total_loss	: 5.5035
Domain_loss	: 0.3298
Src_cls_loss	: 0.0762
Adv Loss	: 1.3287
-------------------------------------
[Epoch : 17/20]
Pr_Src_cls_loss	: 0.0737
Total_loss	: 5.5005
Domain_loss	: 0.3197
Src_cls_loss	: 0.0755
Adv Loss	: 1.3285
-------------------------------------
[Epoch : 18/20]
Pr_Src_cls_loss	: 0.0737
Total_loss	: 5.5039
Domain_loss	: 0.3086
Src_cls_loss	: 0.0747
Adv Loss	: 1.3300
-------------------------------------
[Epoch : 19/20]
Pr_Src_cls_loss	: 0.0737
Total_loss	: 5.5040
Domain_loss	: 0.2991
Src_cls_loss	: 0.0739
Adv Loss	: 1.3308
-------------------------------------
[Epoch : 20/20]
Pr_Src_cls_loss	: 0.0737
Total_loss	: 5.5029
Domain_loss	: 0.2912
Src_cls_loss	: 0.0731
Adv Loss	: 1.3312
-------------------------------------
H_score: 0.3849, OS* (acc_c): 0.5378, UNK (acc_p): 0.2997, acc_mix: 0.3589, F1: 0.3916
Uploading logs from: /mnt/data/home/tp2474/OpenSet-AdaTime/experiments_logs/curriculum/RealWorld to Pamap2_OSDA_hard_n9_fno_mean/UDA_OSDA_hard_n9_fno_mean/RealWorld_to_Pamap2_run_2
🏃 View run UDA_run_2 at: http://127.0.0.1:5001/#/experiments/693721873569580674/runs/c6305d98571c4bb5bccff5e7a581fed0
🧪 View experiment at: http://127.0.0.1:5001/#/experiments/693721873569580674
=============================================
Dataset: RealWorld to Pamap2_OSDA_hard_n9_fno_mean
Method:  UDA
=============================================
Source: RealWorld ---> Target: Pamap2
Run ID: 3
=============================================
[Pr Epoch : 1/20]
Pr_Src_cls_loss	: 0.5983
-------------------------------------
[Pr Epoch : 2/20]
Pr_Src_cls_loss	: 0.3827
-------------------------------------
[Pr Epoch : 3/20]
Pr_Src_cls_loss	: 0.2880
-------------------------------------
[Pr Epoch : 4/20]
Pr_Src_cls_loss	: 0.2342
-------------------------------------
[Pr Epoch : 5/20]
Pr_Src_cls_loss	: 0.1998
-------------------------------------
[Pr Epoch : 6/20]
Pr_Src_cls_loss	: 0.1752
-------------------------------------
[Pr Epoch : 7/20]
Pr_Src_cls_loss	: 0.1571
-------------------------------------
[Pr Epoch : 8/20]
Pr_Src_cls_loss	: 0.1425
-------------------------------------
[Pr Epoch : 9/20]
Pr_Src_cls_loss	: 0.1308
-------------------------------------
[Pr Epoch : 10/20]
Pr_Src_cls_loss	: 0.1212
-------------------------------------
[Pr Epoch : 11/20]
Pr_Src_cls_loss	: 0.1135
-------------------------------------
[Pr Epoch : 12/20]
Pr_Src_cls_loss	: 0.1067
-------------------------------------
[Pr Epoch : 13/20]
Pr_Src_cls_loss	: 0.1006
-------------------------------------
[Pr Epoch : 14/20]
Pr_Src_cls_loss	: 0.0957
-------------------------------------
[Pr Epoch : 15/20]
Pr_Src_cls_loss	: 0.0911
-------------------------------------
[Pr Epoch : 16/20]
Pr_Src_cls_loss	: 0.0868
-------------------------------------
[Pr Epoch : 17/20]
Pr_Src_cls_loss	: 0.0831
-------------------------------------
[Pr Epoch : 18/20]
Pr_Src_cls_loss	: 0.0798
-------------------------------------
[Pr Epoch : 19/20]
Pr_Src_cls_loss	: 0.0768
-------------------------------------
[Pr Epoch : 20/20]
Pr_Src_cls_loss	: 0.0741
-------------------------------------
[Epoch : 1/20]
Pr_Src_cls_loss	: 0.0741
Total_loss	: 5.5583
Domain_loss	: 1.1128
Src_cls_loss	: 0.0841
Adv Loss	: 1.3358
-------------------------------------
[Epoch : 2/20]
Pr_Src_cls_loss	: 0.0741
Total_loss	: 5.4717
Domain_loss	: 0.8938
Src_cls_loss	: 0.0899
Adv Loss	: 1.3090
-------------------------------------
[Epoch : 3/20]
Pr_Src_cls_loss	: 0.0741
Total_loss	: 5.4749
Domain_loss	: 0.7548
Src_cls_loss	: 0.0915
Adv Loss	: 1.3084
-------------------------------------
[Epoch : 4/20]
Pr_Src_cls_loss	: 0.0741
Total_loss	: 5.4772
Domain_loss	: 0.6669
Src_cls_loss	: 0.0922
Adv Loss	: 1.3084
-------------------------------------
[Epoch : 5/20]
Pr_Src_cls_loss	: 0.0741
Total_loss	: 5.4703
Domain_loss	: 0.6032
Src_cls_loss	: 0.0917
Adv Loss	: 1.3071
-------------------------------------
[Epoch : 6/20]
Pr_Src_cls_loss	: 0.0741
Total_loss	: 5.4775
Domain_loss	: 0.5599
Src_cls_loss	: 0.0903
Adv Loss	: 1.3101
-------------------------------------
[Epoch : 7/20]
Pr_Src_cls_loss	: 0.0741
Total_loss	: 5.4829
Domain_loss	: 0.5160
Src_cls_loss	: 0.0884
Adv Loss	: 1.3131
-------------------------------------
[Epoch : 8/20]
Pr_Src_cls_loss	: 0.0741
Total_loss	: 5.4897
Domain_loss	: 0.4765
Src_cls_loss	: 0.0871
Adv Loss	: 1.3159
-------------------------------------
[Epoch : 9/20]
Pr_Src_cls_loss	: 0.0741
Total_loss	: 5.4908
Domain_loss	: 0.4410
Src_cls_loss	: 0.0858
Adv Loss	: 1.3173
-------------------------------------
[Epoch : 10/20]
Pr_Src_cls_loss	: 0.0741
Total_loss	: 5.4846
Domain_loss	: 0.4136
Src_cls_loss	: 0.0845
Adv Loss	: 1.3168
-------------------------------------
[Epoch : 11/20]
Pr_Src_cls_loss	: 0.0741
Total_loss	: 5.4868
Domain_loss	: 0.3935
Src_cls_loss	: 0.0835
Adv Loss	: 1.3182
-------------------------------------
[Epoch : 12/20]
Pr_Src_cls_loss	: 0.0741
Total_loss	: 5.4866
Domain_loss	: 0.3728
Src_cls_loss	: 0.0826
Adv Loss	: 1.3190
-------------------------------------
[Epoch : 13/20]
Pr_Src_cls_loss	: 0.0741
Total_loss	: 5.4886
Domain_loss	: 0.3563
Src_cls_loss	: 0.0813
Adv Loss	: 1.3206
-------------------------------------
[Epoch : 14/20]
Pr_Src_cls_loss	: 0.0741
Total_loss	: 5.4899
Domain_loss	: 0.3397
Src_cls_loss	: 0.0804
Adv Loss	: 1.3217
-------------------------------------
[Epoch : 15/20]
Pr_Src_cls_loss	: 0.0741
Total_loss	: 5.4924
Domain_loss	: 0.3242
Src_cls_loss	: 0.0790
Adv Loss	: 1.3235
-------------------------------------
[Epoch : 16/20]
Pr_Src_cls_loss	: 0.0741
Total_loss	: 5.4900
Domain_loss	: 0.3127
Src_cls_loss	: 0.0779
Adv Loss	: 1.3238
-------------------------------------
[Epoch : 17/20]
Pr_Src_cls_loss	: 0.0741
Total_loss	: 5.4932
Domain_loss	: 0.3031
Src_cls_loss	: 0.0771
Adv Loss	: 1.3253
-------------------------------------
[Epoch : 18/20]
Pr_Src_cls_loss	: 0.0741
Total_loss	: 5.4915
Domain_loss	: 0.2937
Src_cls_loss	: 0.0764
Adv Loss	: 1.3255
-------------------------------------
[Epoch : 19/20]
Pr_Src_cls_loss	: 0.0741
Total_loss	: 5.4949
Domain_loss	: 0.2850
Src_cls_loss	: 0.0757
Adv Loss	: 1.3269
-------------------------------------
[Epoch : 20/20]
Pr_Src_cls_loss	: 0.0741
Total_loss	: 5.4956
Domain_loss	: 0.2772
Src_cls_loss	: 0.0752
Adv Loss	: 1.3275
-------------------------------------
H_score: 0.3867, OS* (acc_c): 0.4990, UNK (acc_p): 0.3157, acc_mix: 0.3613, F1: 0.4001
Uploading logs from: /mnt/data/home/tp2474/OpenSet-AdaTime/experiments_logs/curriculum/RealWorld to Pamap2_OSDA_hard_n9_fno_mean/UDA_OSDA_hard_n9_fno_mean/RealWorld_to_Pamap2_run_3
🏃 View run UDA_run_3 at: http://127.0.0.1:5001/#/experiments/693721873569580674/runs/94ae8ae8e2ce41e5a4d6bf10cdf4fb6c
🧪 View experiment at: http://127.0.0.1:5001/#/experiments/693721873569580674
=============================================
Dataset: RealWorld to Pamap2_OSDA_hard_n9_fno_mean
Method:  UDA
=============================================
Source: RealWorld ---> Target: Pamap2
Run ID: 4
=============================================
[Pr Epoch : 1/20]
Pr_Src_cls_loss	: 0.5936
-------------------------------------
[Pr Epoch : 2/20]
Pr_Src_cls_loss	: 0.3796
-------------------------------------
[Pr Epoch : 3/20]
Pr_Src_cls_loss	: 0.2859
-------------------------------------
[Pr Epoch : 4/20]
Pr_Src_cls_loss	: 0.2333
-------------------------------------
[Pr Epoch : 5/20]
Pr_Src_cls_loss	: 0.1992
-------------------------------------
[Pr Epoch : 6/20]
Pr_Src_cls_loss	: 0.1746
-------------------------------------
[Pr Epoch : 7/20]
Pr_Src_cls_loss	: 0.1565
-------------------------------------
[Pr Epoch : 8/20]
Pr_Src_cls_loss	: 0.1426
-------------------------------------
[Pr Epoch : 9/20]
Pr_Src_cls_loss	: 0.1311
-------------------------------------
[Pr Epoch : 10/20]
Pr_Src_cls_loss	: 0.1214
-------------------------------------
[Pr Epoch : 11/20]
Pr_Src_cls_loss	: 0.1133
-------------------------------------
[Pr Epoch : 12/20]
Pr_Src_cls_loss	: 0.1069
-------------------------------------
[Pr Epoch : 13/20]
Pr_Src_cls_loss	: 0.1009
-------------------------------------
[Pr Epoch : 14/20]
Pr_Src_cls_loss	: 0.0956
-------------------------------------
[Pr Epoch : 15/20]
Pr_Src_cls_loss	: 0.0910
-------------------------------------
[Pr Epoch : 16/20]
Pr_Src_cls_loss	: 0.0870
-------------------------------------
[Pr Epoch : 17/20]
Pr_Src_cls_loss	: 0.0835
-------------------------------------
[Pr Epoch : 18/20]
Pr_Src_cls_loss	: 0.0802
-------------------------------------
[Pr Epoch : 19/20]
Pr_Src_cls_loss	: 0.0771
-------------------------------------
[Pr Epoch : 20/20]
Pr_Src_cls_loss	: 0.0744
-------------------------------------
[Epoch : 1/20]
Pr_Src_cls_loss	: 0.0744
Total_loss	: 5.4953
Domain_loss	: 1.0767
Src_cls_loss	: 0.0802
Adv Loss	: 1.3232
-------------------------------------
[Epoch : 2/20]
Pr_Src_cls_loss	: 0.0744
Total_loss	: 5.5210
Domain_loss	: 0.8703
Src_cls_loss	: 0.0912
Adv Loss	: 1.3203
-------------------------------------
[Epoch : 3/20]
Pr_Src_cls_loss	: 0.0744
Total_loss	: 5.5308
Domain_loss	: 0.7268
Src_cls_loss	: 0.0931
Adv Loss	: 1.3213
-------------------------------------
[Epoch : 4/20]
Pr_Src_cls_loss	: 0.0744
Total_loss	: 5.5243
Domain_loss	: 0.6312
Src_cls_loss	: 0.0925
Adv Loss	: 1.3201
-------------------------------------
[Epoch : 5/20]
Pr_Src_cls_loss	: 0.0744
Total_loss	: 5.5152
Domain_loss	: 0.5702
Src_cls_loss	: 0.0919
Adv Loss	: 1.3183
-------------------------------------
[Epoch : 6/20]
Pr_Src_cls_loss	: 0.0744
Total_loss	: 5.5144
Domain_loss	: 0.5208
Src_cls_loss	: 0.0905
Adv Loss	: 1.3193
-------------------------------------
[Epoch : 7/20]
Pr_Src_cls_loss	: 0.0744
Total_loss	: 5.5134
Domain_loss	: 0.4800
Src_cls_loss	: 0.0884
Adv Loss	: 1.3208
-------------------------------------
[Epoch : 8/20]
Pr_Src_cls_loss	: 0.0744
Total_loss	: 5.5152
Domain_loss	: 0.4451
Src_cls_loss	: 0.0866
Adv Loss	: 1.3228
-------------------------------------
[Epoch : 9/20]
Pr_Src_cls_loss	: 0.0744
Total_loss	: 5.5147
Domain_loss	: 0.4172
Src_cls_loss	: 0.0860
Adv Loss	: 1.3232
-------------------------------------
[Epoch : 10/20]
Pr_Src_cls_loss	: 0.0744
Total_loss	: 5.5137
Domain_loss	: 0.3913
Src_cls_loss	: 0.0845
Adv Loss	: 1.3242
-------------------------------------
[Epoch : 11/20]
Pr_Src_cls_loss	: 0.0744
Total_loss	: 5.5125
Domain_loss	: 0.3705
Src_cls_loss	: 0.0834
Adv Loss	: 1.3248
-------------------------------------
[Epoch : 12/20]
Pr_Src_cls_loss	: 0.0744
Total_loss	: 5.5175
Domain_loss	: 0.3526
Src_cls_loss	: 0.0823
Adv Loss	: 1.3270
-------------------------------------
[Epoch : 13/20]
Pr_Src_cls_loss	: 0.0744
Total_loss	: 5.5179
Domain_loss	: 0.3347
Src_cls_loss	: 0.0808
Adv Loss	: 1.3284
-------------------------------------
[Epoch : 14/20]
Pr_Src_cls_loss	: 0.0744
Total_loss	: 5.5248
Domain_loss	: 0.3219
Src_cls_loss	: 0.0799
Adv Loss	: 1.3310
-------------------------------------
[Epoch : 15/20]
Pr_Src_cls_loss	: 0.0744
Total_loss	: 5.5212
Domain_loss	: 0.3092
Src_cls_loss	: 0.0783
Adv Loss	: 1.3314
-------------------------------------
[Epoch : 16/20]
Pr_Src_cls_loss	: 0.0744
Total_loss	: 5.5223
Domain_loss	: 0.2968
Src_cls_loss	: 0.0770
Adv Loss	: 1.3327
-------------------------------------
[Epoch : 17/20]
Pr_Src_cls_loss	: 0.0744
Total_loss	: 5.5249
Domain_loss	: 0.2853
Src_cls_loss	: 0.0761
Adv Loss	: 1.3342
-------------------------------------
[Epoch : 18/20]
Pr_Src_cls_loss	: 0.0744
Total_loss	: 5.5272
Domain_loss	: 0.2745
Src_cls_loss	: 0.0750
Adv Loss	: 1.3357
-------------------------------------
[Epoch : 19/20]
Pr_Src_cls_loss	: 0.0744
Total_loss	: 5.5250
Domain_loss	: 0.2663
Src_cls_loss	: 0.0743
Adv Loss	: 1.3357
-------------------------------------
[Epoch : 20/20]
Pr_Src_cls_loss	: 0.0744
Total_loss	: 5.5220
Domain_loss	: 0.2586
Src_cls_loss	: 0.0735
Adv Loss	: 1.3356
-------------------------------------
H_score: 0.4206, OS* (acc_c): 0.5668, UNK (acc_p): 0.3344, acc_mix: 0.3922, F1: 0.4267
Uploading logs from: /mnt/data/home/tp2474/OpenSet-AdaTime/experiments_logs/curriculum/RealWorld to Pamap2_OSDA_hard_n9_fno_mean/UDA_OSDA_hard_n9_fno_mean/RealWorld_to_Pamap2_run_4
🏃 View run UDA_run_4 at: http://127.0.0.1:5001/#/experiments/693721873569580674/runs/37b02c2ce82742b19239c482d6f47f2a
🧪 View experiment at: http://127.0.0.1:5001/#/experiments/693721873569580674
==================== [n9 fno_mean] OVANet ====================
[curriculum] scenario=OSDA  strategy=hard  n_unknown=9  rank_variant=fno_mean
[curriculum] source mapping (4 classes): {'lying': 'lying', 'sitting': 'sitting', 'walking': 'walking', 'running': 'running'}
[curriculum] target mapping (13 classes): {'lying': 'lying', 'sitting': 'sitting', 'walking': 'walking', 'running': 'running', 'ascending stairs': 'ascending stairs', 'cycling': 'cycling', 'descending stairs': 'descending stairs', 'ironing': 'ironing', 'Nordic walking': 'Nordic walking', 'other (transient activities)': 'other (transient activities)', 'rope jumping': 'rope jumping', 'standing': 'standing', 'vacuum cleaning': 'vacuum cleaning'}
[curriculum] unknowns added (in hard order): ['ascending stairs', 'cycling', 'descending stairs', 'ironing', 'Nordic walking', 'other (transient activities)', 'rope jumping', 'standing', 'vacuum cleaning']
[scenario] OVANet -> UniDA (uniDA=True)
Unlabeled data shape:  (19138, 150, 18)
Unlabelled Combined shape: (31801, 150, 18)

--- Dataloader Size Check ---
Source Train batches:   296
Target Train batches:   299
-------------------------------

Private classes:  tensor([ 4.,  5.,  6.,  7.,  8.,  9., 10., 11., 12.])
=============================================
Dataset: RealWorld to Pamap2_OSDA_hard_n9_fno_mean
Method:  OVANet
=============================================
Source: RealWorld ---> Target: Pamap2
Run ID: 0
=============================================
[Pr Epoch : 1/20]
Pr_Src_cls_loss	: 0.5841
-------------------------------------
[Pr Epoch : 2/20]
Pr_Src_cls_loss	: 0.3739
-------------------------------------
[Pr Epoch : 3/20]
Pr_Src_cls_loss	: 0.2807
-------------------------------------
[Pr Epoch : 4/20]
Pr_Src_cls_loss	: 0.2274
-------------------------------------
[Pr Epoch : 5/20]
Pr_Src_cls_loss	: 0.1934
-------------------------------------
[Pr Epoch : 6/20]
Pr_Src_cls_loss	: 0.1691
-------------------------------------
[Pr Epoch : 7/20]
Pr_Src_cls_loss	: 0.1504
-------------------------------------
[Pr Epoch : 8/20]
Pr_Src_cls_loss	: 0.1363
-------------------------------------
[Pr Epoch : 9/20]
Pr_Src_cls_loss	: 0.1248
-------------------------------------
[Pr Epoch : 10/20]
Pr_Src_cls_loss	: 0.1153
-------------------------------------
[Pr Epoch : 11/20]
Pr_Src_cls_loss	: 0.1076
-------------------------------------
[Pr Epoch : 12/20]
Pr_Src_cls_loss	: 0.1004
-------------------------------------
[Pr Epoch : 13/20]
Pr_Src_cls_loss	: 0.0943
-------------------------------------
[Pr Epoch : 14/20]
Pr_Src_cls_loss	: 0.0893
-------------------------------------
[Pr Epoch : 15/20]
Pr_Src_cls_loss	: 0.0845
-------------------------------------
[Pr Epoch : 16/20]
Pr_Src_cls_loss	: 0.0803
-------------------------------------
[Pr Epoch : 17/20]
Pr_Src_cls_loss	: 0.0766
-------------------------------------
[Pr Epoch : 18/20]
Pr_Src_cls_loss	: 0.0731
-------------------------------------
[Pr Epoch : 19/20]
Pr_Src_cls_loss	: 0.0699
-------------------------------------
[Pr Epoch : 20/20]
Pr_Src_cls_loss	: 0.0671
-------------------------------------
[Epoch : 1/20]
Pr_Src_cls_loss	: 0.0671
Total_loss	: 1.3483
Open Loss	: 0.6490
Src_cls_loss	: 0.0091
Entropy Open	: 0.6901
-------------------------------------
[Epoch : 2/20]
Pr_Src_cls_loss	: 0.0671
Total_loss	: 1.2764
Open Loss	: 0.5852
Src_cls_loss	: 0.0091
Entropy Open	: 0.6821
-------------------------------------
[Epoch : 3/20]
Pr_Src_cls_loss	: 0.0671
Total_loss	: 1.2047
Open Loss	: 0.5295
Src_cls_loss	: 0.0091
Entropy Open	: 0.6661
-------------------------------------
[Epoch : 4/20]
Pr_Src_cls_loss	: 0.0671
Total_loss	: 1.1334
Open Loss	: 0.4811
Src_cls_loss	: 0.0094
Entropy Open	: 0.6430
-------------------------------------
[Epoch : 5/20]
Pr_Src_cls_loss	: 0.0671
Total_loss	: 1.0645
Open Loss	: 0.4389
Src_cls_loss	: 0.0096
Entropy Open	: 0.6160
-------------------------------------
[Epoch : 6/20]
Pr_Src_cls_loss	: 0.0671
Total_loss	: 1.0002
Open Loss	: 0.4024
Src_cls_loss	: 0.0097
Entropy Open	: 0.5880
-------------------------------------
[Epoch : 7/20]
Pr_Src_cls_loss	: 0.0671
Total_loss	: 0.9414
Open Loss	: 0.3710
Src_cls_loss	: 0.0099
Entropy Open	: 0.5605
-------------------------------------
[Epoch : 8/20]
Pr_Src_cls_loss	: 0.0671
Total_loss	: 0.8877
Open Loss	: 0.3436
Src_cls_loss	: 0.0099
Entropy Open	: 0.5342
-------------------------------------
[Epoch : 9/20]
Pr_Src_cls_loss	: 0.0671
Total_loss	: 0.8389
Open Loss	: 0.3196
Src_cls_loss	: 0.0098
Entropy Open	: 0.5096
-------------------------------------
[Epoch : 10/20]
Pr_Src_cls_loss	: 0.0671
Total_loss	: 0.7948
Open Loss	: 0.2985
Src_cls_loss	: 0.0098
Entropy Open	: 0.4865
-------------------------------------
[Epoch : 11/20]
Pr_Src_cls_loss	: 0.0671
Total_loss	: 0.7546
Open Loss	: 0.2798
Src_cls_loss	: 0.0098
Entropy Open	: 0.4650
-------------------------------------
[Epoch : 12/20]
Pr_Src_cls_loss	: 0.0671
Total_loss	: 0.7179
Open Loss	: 0.2632
Src_cls_loss	: 0.0097
Entropy Open	: 0.4450
-------------------------------------
[Epoch : 13/20]
Pr_Src_cls_loss	: 0.0671
Total_loss	: 0.6843
Open Loss	: 0.2483
Src_cls_loss	: 0.0097
Entropy Open	: 0.4263
-------------------------------------
[Epoch : 14/20]
Pr_Src_cls_loss	: 0.0671
Total_loss	: 0.6535
Open Loss	: 0.2350
Src_cls_loss	: 0.0097
Entropy Open	: 0.4088
-------------------------------------
[Epoch : 15/20]
Pr_Src_cls_loss	: 0.0671
Total_loss	: 0.6249
Open Loss	: 0.2230
Src_cls_loss	: 0.0096
Entropy Open	: 0.3924
-------------------------------------
[Epoch : 16/20]
Pr_Src_cls_loss	: 0.0671
Total_loss	: 0.5988
Open Loss	: 0.2122
Src_cls_loss	: 0.0096
Entropy Open	: 0.3770
-------------------------------------
[Epoch : 17/20]
Pr_Src_cls_loss	: 0.0671
Total_loss	: 0.5744
Open Loss	: 0.2023
Src_cls_loss	: 0.0096
Entropy Open	: 0.3626
-------------------------------------
[Epoch : 18/20]
Pr_Src_cls_loss	: 0.0671
Total_loss	: 0.5517
Open Loss	: 0.1932
Src_cls_loss	: 0.0095
Entropy Open	: 0.3490
-------------------------------------
[Epoch : 19/20]
Pr_Src_cls_loss	: 0.0671
Total_loss	: 0.5307
Open Loss	: 0.1849
Src_cls_loss	: 0.0094
Entropy Open	: 0.3363
-------------------------------------
[Epoch : 20/20]
Pr_Src_cls_loss	: 0.0671
Total_loss	: 0.5110
Open Loss	: 0.1773
Src_cls_loss	: 0.0094
Entropy Open	: 0.3244
-------------------------------------
/mnt/data/home/tp2474/OpenSet-AdaTime/algorithms/algorithms.py:661: UserWarning: Implicit dimension choice for softmax has been deprecated. Change the call to include dim=X as an argument.
  predictions = F.softmax(self.classifier(features))
/mnt/data/home/tp2474/OpenSet-AdaTime/trainers/abstract_trainer.py:331: FutureWarning: The behavior of DataFrame concatenation with empty or all-NA entries is deprecated. In a future version, this will no longer exclude empty or all-NA columns when determining the result dtypes. To retain the old behavior, exclude the relevant entries before the concat operation.
  table = pd.concat([table, results_df], ignore_index=True)
H_score: 0.4299, OS* (acc_c): 0.5800, UNK (acc_p): 0.3415, acc_mix: 0.4009, F1: 0.4306
Uploading logs from: /mnt/data/home/tp2474/OpenSet-AdaTime/experiments_logs/curriculum/RealWorld to Pamap2_OSDA_hard_n9_fno_mean/OVANet_OSDA_hard_n9_fno_mean/RealWorld_to_Pamap2_run_0
🏃 View run OVANet_run_0 at: http://127.0.0.1:5001/#/experiments/693721873569580674/runs/c6bdcbff2d614b88895a04f9df885cbf
🧪 View experiment at: http://127.0.0.1:5001/#/experiments/693721873569580674
=============================================
Dataset: RealWorld to Pamap2_OSDA_hard_n9_fno_mean
Method:  OVANet
=============================================
Source: RealWorld ---> Target: Pamap2
Run ID: 1
=============================================
[Pr Epoch : 1/20]
Pr_Src_cls_loss	: 0.5989
-------------------------------------
[Pr Epoch : 2/20]
Pr_Src_cls_loss	: 0.3825
-------------------------------------
[Pr Epoch : 3/20]
Pr_Src_cls_loss	: 0.2868
-------------------------------------
[Pr Epoch : 4/20]
Pr_Src_cls_loss	: 0.2329
-------------------------------------
[Pr Epoch : 5/20]
Pr_Src_cls_loss	: 0.1970
-------------------------------------
[Pr Epoch : 6/20]
Pr_Src_cls_loss	: 0.1728
-------------------------------------
[Pr Epoch : 7/20]
Pr_Src_cls_loss	: 0.1539
-------------------------------------
[Pr Epoch : 8/20]
Pr_Src_cls_loss	: 0.1392
-------------------------------------
[Pr Epoch : 9/20]
Pr_Src_cls_loss	: 0.1274
-------------------------------------
[Pr Epoch : 10/20]
Pr_Src_cls_loss	: 0.1176
-------------------------------------
[Pr Epoch : 11/20]
Pr_Src_cls_loss	: 0.1095
-------------------------------------
[Pr Epoch : 12/20]
Pr_Src_cls_loss	: 0.1025
-------------------------------------
[Pr Epoch : 13/20]
Pr_Src_cls_loss	: 0.0962
-------------------------------------
[Pr Epoch : 14/20]
Pr_Src_cls_loss	: 0.0907
-------------------------------------
[Pr Epoch : 15/20]
Pr_Src_cls_loss	: 0.0858
-------------------------------------
[Pr Epoch : 16/20]
Pr_Src_cls_loss	: 0.0816
-------------------------------------
[Pr Epoch : 17/20]
Pr_Src_cls_loss	: 0.0778
-------------------------------------
[Pr Epoch : 18/20]
Pr_Src_cls_loss	: 0.0744
-------------------------------------
[Pr Epoch : 19/20]
Pr_Src_cls_loss	: 0.0710
-------------------------------------
[Pr Epoch : 20/20]
Pr_Src_cls_loss	: 0.0681
-------------------------------------
[Epoch : 1/20]
Pr_Src_cls_loss	: 0.0681
Total_loss	: 1.3295
Open Loss	: 0.6310
Src_cls_loss	: 0.0083
Entropy Open	: 0.6901
-------------------------------------
[Epoch : 2/20]
Pr_Src_cls_loss	: 0.0681
Total_loss	: 1.2579
Open Loss	: 0.5685
Src_cls_loss	: 0.0079
Entropy Open	: 0.6815
-------------------------------------
[Epoch : 3/20]
Pr_Src_cls_loss	: 0.0681
Total_loss	: 1.1866
Open Loss	: 0.5137
Src_cls_loss	: 0.0080
Entropy Open	: 0.6649
-------------------------------------
[Epoch : 4/20]
Pr_Src_cls_loss	: 0.0681
Total_loss	: 1.1164
Open Loss	: 0.4664
Src_cls_loss	: 0.0083
Entropy Open	: 0.6416
-------------------------------------
[Epoch : 5/20]
Pr_Src_cls_loss	: 0.0681
Total_loss	: 1.0488
Open Loss	: 0.4257
Src_cls_loss	: 0.0086
Entropy Open	: 0.6145
-------------------------------------
[Epoch : 6/20]
Pr_Src_cls_loss	: 0.0681
Total_loss	: 0.9856
Open Loss	: 0.3906
Src_cls_loss	: 0.0086
Entropy Open	: 0.5864
-------------------------------------
[Epoch : 7/20]
Pr_Src_cls_loss	: 0.0681
Total_loss	: 0.9276
Open Loss	: 0.3602
Src_cls_loss	: 0.0086
Entropy Open	: 0.5587
-------------------------------------
[Epoch : 8/20]
Pr_Src_cls_loss	: 0.0681
Total_loss	: 0.8751
Open Loss	: 0.3340
Src_cls_loss	: 0.0087
Entropy Open	: 0.5324
-------------------------------------
[Epoch : 9/20]
Pr_Src_cls_loss	: 0.0681
Total_loss	: 0.8273
Open Loss	: 0.3110
Src_cls_loss	: 0.0088
Entropy Open	: 0.5076
-------------------------------------
[Epoch : 10/20]
Pr_Src_cls_loss	: 0.0681
Total_loss	: 0.7839
Open Loss	: 0.2907
Src_cls_loss	: 0.0088
Entropy Open	: 0.4843
-------------------------------------
[Epoch : 11/20]
Pr_Src_cls_loss	: 0.0681
Total_loss	: 0.7443
Open Loss	: 0.2728
Src_cls_loss	: 0.0089
Entropy Open	: 0.4626
-------------------------------------
[Epoch : 12/20]
Pr_Src_cls_loss	: 0.0681
Total_loss	: 0.7081
Open Loss	: 0.2569
Src_cls_loss	: 0.0089
Entropy Open	: 0.4422
-------------------------------------
[Epoch : 13/20]
Pr_Src_cls_loss	: 0.0681
Total_loss	: 0.6746
Open Loss	: 0.2426
Src_cls_loss	: 0.0089
Entropy Open	: 0.4231
-------------------------------------
[Epoch : 14/20]
Pr_Src_cls_loss	: 0.0681
Total_loss	: 0.6438
Open Loss	: 0.2297
Src_cls_loss	: 0.0088
Entropy Open	: 0.4052
-------------------------------------
[Epoch : 15/20]
Pr_Src_cls_loss	: 0.0681
Total_loss	: 0.6154
Open Loss	: 0.2180
Src_cls_loss	: 0.0088
Entropy Open	: 0.3885
-------------------------------------
[Epoch : 16/20]
Pr_Src_cls_loss	: 0.0681
Total_loss	: 0.5891
Open Loss	: 0.2074
Src_cls_loss	: 0.0088
Entropy Open	: 0.3729
-------------------------------------
[Epoch : 17/20]
Pr_Src_cls_loss	: 0.0681
Total_loss	: 0.5648
Open Loss	: 0.1977
Src_cls_loss	: 0.0088
Entropy Open	: 0.3583
-------------------------------------
[Epoch : 18/20]
Pr_Src_cls_loss	: 0.0681
Total_loss	: 0.5422
Open Loss	: 0.1888
Src_cls_loss	: 0.0087
Entropy Open	: 0.3447
-------------------------------------
[Epoch : 19/20]
Pr_Src_cls_loss	: 0.0681
Total_loss	: 0.5213
Open Loss	: 0.1807
Src_cls_loss	: 0.0087
Entropy Open	: 0.3319
-------------------------------------
[Epoch : 20/20]
Pr_Src_cls_loss	: 0.0681
Total_loss	: 0.5018
Open Loss	: 0.1732
Src_cls_loss	: 0.0086
Entropy Open	: 0.3200
-------------------------------------
H_score: 0.4219, OS* (acc_c): 0.5344, UNK (acc_p): 0.3486, acc_mix: 0.3948, F1: 0.4158
Uploading logs from: /mnt/data/home/tp2474/OpenSet-AdaTime/experiments_logs/curriculum/RealWorld to Pamap2_OSDA_hard_n9_fno_mean/OVANet_OSDA_hard_n9_fno_mean/RealWorld_to_Pamap2_run_1
🏃 View run OVANet_run_1 at: http://127.0.0.1:5001/#/experiments/693721873569580674/runs/1f9b343248d94f92a6b731a7155e5d91
🧪 View experiment at: http://127.0.0.1:5001/#/experiments/693721873569580674
=============================================
Dataset: RealWorld to Pamap2_OSDA_hard_n9_fno_mean
Method:  OVANet
=============================================
Source: RealWorld ---> Target: Pamap2
Run ID: 2
=============================================
[Pr Epoch : 1/20]
Pr_Src_cls_loss	: 0.5941
-------------------------------------
[Pr Epoch : 2/20]
Pr_Src_cls_loss	: 0.3803
-------------------------------------
[Pr Epoch : 3/20]
Pr_Src_cls_loss	: 0.2859
-------------------------------------
[Pr Epoch : 4/20]
Pr_Src_cls_loss	: 0.2324
-------------------------------------
[Pr Epoch : 5/20]
Pr_Src_cls_loss	: 0.1974
-------------------------------------
[Pr Epoch : 6/20]
Pr_Src_cls_loss	: 0.1728
-------------------------------------
[Pr Epoch : 7/20]
Pr_Src_cls_loss	: 0.1544
-------------------------------------
[Pr Epoch : 8/20]
Pr_Src_cls_loss	: 0.1394
-------------------------------------
[Pr Epoch : 9/20]
Pr_Src_cls_loss	: 0.1277
-------------------------------------
[Pr Epoch : 10/20]
Pr_Src_cls_loss	: 0.1180
-------------------------------------
[Pr Epoch : 11/20]
Pr_Src_cls_loss	: 0.1099
-------------------------------------
[Pr Epoch : 12/20]
Pr_Src_cls_loss	: 0.1027
-------------------------------------
[Pr Epoch : 13/20]
Pr_Src_cls_loss	: 0.0964
-------------------------------------
[Pr Epoch : 14/20]
Pr_Src_cls_loss	: 0.0909
-------------------------------------
[Pr Epoch : 15/20]
Pr_Src_cls_loss	: 0.0859
-------------------------------------
[Pr Epoch : 16/20]
Pr_Src_cls_loss	: 0.0815
-------------------------------------
[Pr Epoch : 17/20]
Pr_Src_cls_loss	: 0.0778
-------------------------------------
[Pr Epoch : 18/20]
Pr_Src_cls_loss	: 0.0744
-------------------------------------
[Pr Epoch : 19/20]
Pr_Src_cls_loss	: 0.0713
-------------------------------------
[Pr Epoch : 20/20]
Pr_Src_cls_loss	: 0.0684
-------------------------------------
[Epoch : 1/20]
Pr_Src_cls_loss	: 0.0684
Total_loss	: 1.3308
Open Loss	: 0.6325
Src_cls_loss	: 0.0078
Entropy Open	: 0.6905
-------------------------------------
[Epoch : 2/20]
Pr_Src_cls_loss	: 0.0684
Total_loss	: 1.2586
Open Loss	: 0.5685
Src_cls_loss	: 0.0082
Entropy Open	: 0.6819
-------------------------------------
[Epoch : 3/20]
Pr_Src_cls_loss	: 0.0684
Total_loss	: 1.1878
Open Loss	: 0.5134
Src_cls_loss	: 0.0088
Entropy Open	: 0.6655
-------------------------------------
[Epoch : 4/20]
Pr_Src_cls_loss	: 0.0684
Total_loss	: 1.1170
Open Loss	: 0.4659
Src_cls_loss	: 0.0090
Entropy Open	: 0.6422
-------------------------------------
[Epoch : 5/20]
Pr_Src_cls_loss	: 0.0684
Total_loss	: 1.0493
Open Loss	: 0.4252
Src_cls_loss	: 0.0093
Entropy Open	: 0.6148
-------------------------------------
[Epoch : 6/20]
Pr_Src_cls_loss	: 0.0684
Total_loss	: 0.9855
Open Loss	: 0.3901
Src_cls_loss	: 0.0094
Entropy Open	: 0.5860
-------------------------------------
[Epoch : 7/20]
Pr_Src_cls_loss	: 0.0684
Total_loss	: 0.9267
Open Loss	: 0.3597
Src_cls_loss	: 0.0093
Entropy Open	: 0.5576
-------------------------------------
[Epoch : 8/20]
Pr_Src_cls_loss	: 0.0684
Total_loss	: 0.8735
Open Loss	: 0.3335
Src_cls_loss	: 0.0095
Entropy Open	: 0.5305
-------------------------------------
[Epoch : 9/20]
Pr_Src_cls_loss	: 0.0684
Total_loss	: 0.8249
Open Loss	: 0.3105
Src_cls_loss	: 0.0095
Entropy Open	: 0.5048
-------------------------------------
[Epoch : 10/20]
Pr_Src_cls_loss	: 0.0684
Total_loss	: 0.7807
Open Loss	: 0.2904
Src_cls_loss	: 0.0096
Entropy Open	: 0.4806
-------------------------------------
[Epoch : 11/20]
Pr_Src_cls_loss	: 0.0684
Total_loss	: 0.7403
Open Loss	: 0.2726
Src_cls_loss	: 0.0096
Entropy Open	: 0.4581
-------------------------------------
[Epoch : 12/20]
Pr_Src_cls_loss	: 0.0684
Total_loss	: 0.7033
Open Loss	: 0.2567
Src_cls_loss	: 0.0097
Entropy Open	: 0.4369
-------------------------------------
[Epoch : 13/20]
Pr_Src_cls_loss	: 0.0684
Total_loss	: 0.6692
Open Loss	: 0.2424
Src_cls_loss	: 0.0096
Entropy Open	: 0.4171
-------------------------------------
[Epoch : 14/20]
Pr_Src_cls_loss	: 0.0684
Total_loss	: 0.6378
Open Loss	: 0.2296
Src_cls_loss	: 0.0096
Entropy Open	: 0.3986
-------------------------------------
[Epoch : 15/20]
Pr_Src_cls_loss	: 0.0684
Total_loss	: 0.6087
Open Loss	: 0.2181
Src_cls_loss	: 0.0096
Entropy Open	: 0.3811
-------------------------------------
[Epoch : 16/20]
Pr_Src_cls_loss	: 0.0684
Total_loss	: 0.5820
Open Loss	: 0.2076
Src_cls_loss	: 0.0096
Entropy Open	: 0.3648
-------------------------------------
[Epoch : 17/20]
Pr_Src_cls_loss	: 0.0684
Total_loss	: 0.5570
Open Loss	: 0.1980
Src_cls_loss	: 0.0095
Entropy Open	: 0.3495
-------------------------------------
[Epoch : 18/20]
Pr_Src_cls_loss	: 0.0684
Total_loss	: 0.5340
Open Loss	: 0.1893
Src_cls_loss	: 0.0095
Entropy Open	: 0.3351
-------------------------------------
[Epoch : 19/20]
Pr_Src_cls_loss	: 0.0684
Total_loss	: 0.5125
Open Loss	: 0.1813
Src_cls_loss	: 0.0095
Entropy Open	: 0.3217
-------------------------------------
[Epoch : 20/20]
Pr_Src_cls_loss	: 0.0684
Total_loss	: 0.4925
Open Loss	: 0.1739
Src_cls_loss	: 0.0094
Entropy Open	: 0.3092
-------------------------------------
H_score: 0.0965, OS* (acc_c): 0.3996, UNK (acc_p): 0.0549, acc_mix: 0.1407, F1: 0.1150
Uploading logs from: /mnt/data/home/tp2474/OpenSet-AdaTime/experiments_logs/curriculum/RealWorld to Pamap2_OSDA_hard_n9_fno_mean/OVANet_OSDA_hard_n9_fno_mean/RealWorld_to_Pamap2_run_2
🏃 View run OVANet_run_2 at: http://127.0.0.1:5001/#/experiments/693721873569580674/runs/f56555206fe64ac891e19186a4172275
🧪 View experiment at: http://127.0.0.1:5001/#/experiments/693721873569580674
=============================================
Dataset: RealWorld to Pamap2_OSDA_hard_n9_fno_mean
Method:  OVANet
=============================================
Source: RealWorld ---> Target: Pamap2
Run ID: 3
=============================================
[Pr Epoch : 1/20]
Pr_Src_cls_loss	: 0.5944
-------------------------------------
[Pr Epoch : 2/20]
Pr_Src_cls_loss	: 0.3801
-------------------------------------
[Pr Epoch : 3/20]
Pr_Src_cls_loss	: 0.2863
-------------------------------------
[Pr Epoch : 4/20]
Pr_Src_cls_loss	: 0.2320
-------------------------------------
[Pr Epoch : 5/20]
Pr_Src_cls_loss	: 0.1967
-------------------------------------
[Pr Epoch : 6/20]
Pr_Src_cls_loss	: 0.1717
-------------------------------------
[Pr Epoch : 7/20]
Pr_Src_cls_loss	: 0.1529
-------------------------------------
[Pr Epoch : 8/20]
Pr_Src_cls_loss	: 0.1385
-------------------------------------
[Pr Epoch : 9/20]
Pr_Src_cls_loss	: 0.1266
-------------------------------------
[Pr Epoch : 10/20]
Pr_Src_cls_loss	: 0.1166
-------------------------------------
[Pr Epoch : 11/20]
Pr_Src_cls_loss	: 0.1081
-------------------------------------
[Pr Epoch : 12/20]
Pr_Src_cls_loss	: 0.1012
-------------------------------------
[Pr Epoch : 13/20]
Pr_Src_cls_loss	: 0.0951
-------------------------------------
[Pr Epoch : 14/20]
Pr_Src_cls_loss	: 0.0898
-------------------------------------
[Pr Epoch : 15/20]
Pr_Src_cls_loss	: 0.0852
-------------------------------------
[Pr Epoch : 16/20]
Pr_Src_cls_loss	: 0.0810
-------------------------------------
[Pr Epoch : 17/20]
Pr_Src_cls_loss	: 0.0772
-------------------------------------
[Pr Epoch : 18/20]
Pr_Src_cls_loss	: 0.0737
-------------------------------------
[Pr Epoch : 19/20]
Pr_Src_cls_loss	: 0.0705
-------------------------------------
[Pr Epoch : 20/20]
Pr_Src_cls_loss	: 0.0677
-------------------------------------
[Epoch : 1/20]
Pr_Src_cls_loss	: 0.0677
Total_loss	: 1.3401
Open Loss	: 0.6419
Src_cls_loss	: 0.0085
Entropy Open	: 0.6896
-------------------------------------
[Epoch : 2/20]
Pr_Src_cls_loss	: 0.0677
Total_loss	: 1.2670
Open Loss	: 0.5784
Src_cls_loss	: 0.0083
Entropy Open	: 0.6803
-------------------------------------
[Epoch : 3/20]
Pr_Src_cls_loss	: 0.0677
Total_loss	: 1.1948
Open Loss	: 0.5230
Src_cls_loss	: 0.0087
Entropy Open	: 0.6632
-------------------------------------
[Epoch : 4/20]
Pr_Src_cls_loss	: 0.0677
Total_loss	: 1.1231
Open Loss	: 0.4748
Src_cls_loss	: 0.0091
Entropy Open	: 0.6392
-------------------------------------
[Epoch : 5/20]
Pr_Src_cls_loss	: 0.0677
Total_loss	: 1.0541
Open Loss	: 0.4334
Src_cls_loss	: 0.0093
Entropy Open	: 0.6114
-------------------------------------
[Epoch : 6/20]
Pr_Src_cls_loss	: 0.0677
Total_loss	: 0.9898
Open Loss	: 0.3980
Src_cls_loss	: 0.0095
Entropy Open	: 0.5823
-------------------------------------
[Epoch : 7/20]
Pr_Src_cls_loss	: 0.0677
Total_loss	: 0.9307
Open Loss	: 0.3675
Src_cls_loss	: 0.0097
Entropy Open	: 0.5534
-------------------------------------
[Epoch : 8/20]
Pr_Src_cls_loss	: 0.0677
Total_loss	: 0.8766
Open Loss	: 0.3411
Src_cls_loss	: 0.0099
Entropy Open	: 0.5256
-------------------------------------
[Epoch : 9/20]
Pr_Src_cls_loss	: 0.0677
Total_loss	: 0.8271
Open Loss	: 0.3181
Src_cls_loss	: 0.0100
Entropy Open	: 0.4991
-------------------------------------
[Epoch : 10/20]
Pr_Src_cls_loss	: 0.0677
Total_loss	: 0.7821
Open Loss	: 0.2979
Src_cls_loss	: 0.0101
Entropy Open	: 0.4741
-------------------------------------
[Epoch : 11/20]
Pr_Src_cls_loss	: 0.0677
Total_loss	: 0.7409
Open Loss	: 0.2800
Src_cls_loss	: 0.0102
Entropy Open	: 0.4507
-------------------------------------
[Epoch : 12/20]
Pr_Src_cls_loss	: 0.0677
Total_loss	: 0.7033
Open Loss	: 0.2640
Src_cls_loss	: 0.0102
Entropy Open	: 0.4291
-------------------------------------
[Epoch : 13/20]
Pr_Src_cls_loss	: 0.0677
Total_loss	: 0.6689
Open Loss	: 0.2497
Src_cls_loss	: 0.0102
Entropy Open	: 0.4089
-------------------------------------
[Epoch : 14/20]
Pr_Src_cls_loss	: 0.0677
Total_loss	: 0.6372
Open Loss	: 0.2368
Src_cls_loss	: 0.0102
Entropy Open	: 0.3902
-------------------------------------
[Epoch : 15/20]
Pr_Src_cls_loss	: 0.0677
Total_loss	: 0.6081
Open Loss	: 0.2251
Src_cls_loss	: 0.0101
Entropy Open	: 0.3729
-------------------------------------
[Epoch : 16/20]
Pr_Src_cls_loss	: 0.0677
Total_loss	: 0.5814
Open Loss	: 0.2145
Src_cls_loss	: 0.0101
Entropy Open	: 0.3568
-------------------------------------
[Epoch : 17/20]
Pr_Src_cls_loss	: 0.0677
Total_loss	: 0.5567
Open Loss	: 0.2047
Src_cls_loss	: 0.0101
Entropy Open	: 0.3419
-------------------------------------
[Epoch : 18/20]
Pr_Src_cls_loss	: 0.0677
Total_loss	: 0.5338
Open Loss	: 0.1957
Src_cls_loss	: 0.0100
Entropy Open	: 0.3280
-------------------------------------
[Epoch : 19/20]
Pr_Src_cls_loss	: 0.0677
Total_loss	: 0.5126
Open Loss	: 0.1875
Src_cls_loss	: 0.0099
Entropy Open	: 0.3151
-------------------------------------
[Epoch : 20/20]
Pr_Src_cls_loss	: 0.0677
Total_loss	: 0.4929
Open Loss	: 0.1799
Src_cls_loss	: 0.0099
Entropy Open	: 0.3031
-------------------------------------
H_score: 0.4268, OS* (acc_c): 0.5846, UNK (acc_p): 0.3361, acc_mix: 0.3980, F1: 0.4331
Uploading logs from: /mnt/data/home/tp2474/OpenSet-AdaTime/experiments_logs/curriculum/RealWorld to Pamap2_OSDA_hard_n9_fno_mean/OVANet_OSDA_hard_n9_fno_mean/RealWorld_to_Pamap2_run_3
🏃 View run OVANet_run_3 at: http://127.0.0.1:5001/#/experiments/693721873569580674/runs/13e246a0b9c34c3487e176465e935d4f
🧪 View experiment at: http://127.0.0.1:5001/#/experiments/693721873569580674
=============================================
Dataset: RealWorld to Pamap2_OSDA_hard_n9_fno_mean
Method:  OVANet
=============================================
Source: RealWorld ---> Target: Pamap2
Run ID: 4
=============================================
[Pr Epoch : 1/20]
Pr_Src_cls_loss	: 0.5909
-------------------------------------
[Pr Epoch : 2/20]
Pr_Src_cls_loss	: 0.3779
-------------------------------------
[Pr Epoch : 3/20]
Pr_Src_cls_loss	: 0.2836
-------------------------------------
[Pr Epoch : 4/20]
Pr_Src_cls_loss	: 0.2304
-------------------------------------
[Pr Epoch : 5/20]
Pr_Src_cls_loss	: 0.1956
-------------------------------------
[Pr Epoch : 6/20]
Pr_Src_cls_loss	: 0.1709
-------------------------------------
[Pr Epoch : 7/20]
Pr_Src_cls_loss	: 0.1525
-------------------------------------
[Pr Epoch : 8/20]
Pr_Src_cls_loss	: 0.1383
-------------------------------------
[Pr Epoch : 9/20]
Pr_Src_cls_loss	: 0.1267
-------------------------------------
[Pr Epoch : 10/20]
Pr_Src_cls_loss	: 0.1168
-------------------------------------
[Pr Epoch : 11/20]
Pr_Src_cls_loss	: 0.1085
-------------------------------------
[Pr Epoch : 12/20]
Pr_Src_cls_loss	: 0.1016
-------------------------------------
[Pr Epoch : 13/20]
Pr_Src_cls_loss	: 0.0954
-------------------------------------
[Pr Epoch : 14/20]
Pr_Src_cls_loss	: 0.0901
-------------------------------------
[Pr Epoch : 15/20]
Pr_Src_cls_loss	: 0.0853
-------------------------------------
[Pr Epoch : 16/20]
Pr_Src_cls_loss	: 0.0809
-------------------------------------
[Pr Epoch : 17/20]
Pr_Src_cls_loss	: 0.0772
-------------------------------------
[Pr Epoch : 18/20]
Pr_Src_cls_loss	: 0.0737
-------------------------------------
[Pr Epoch : 19/20]
Pr_Src_cls_loss	: 0.0705
-------------------------------------
[Pr Epoch : 20/20]
Pr_Src_cls_loss	: 0.0676
-------------------------------------
[Epoch : 1/20]
Pr_Src_cls_loss	: 0.0676
Total_loss	: 1.3259
Open Loss	: 0.6261
Src_cls_loss	: 0.0087
Entropy Open	: 0.6911
-------------------------------------
[Epoch : 2/20]
Pr_Src_cls_loss	: 0.0676
Total_loss	: 1.2577
Open Loss	: 0.5651
Src_cls_loss	: 0.0083
Entropy Open	: 0.6843
-------------------------------------
[Epoch : 3/20]
Pr_Src_cls_loss	: 0.0676
Total_loss	: 1.1910
Open Loss	: 0.5117
Src_cls_loss	: 0.0088
Entropy Open	: 0.6705
-------------------------------------
[Epoch : 4/20]
Pr_Src_cls_loss	: 0.0676
Total_loss	: 1.1241
Open Loss	: 0.4650
Src_cls_loss	: 0.0091
Entropy Open	: 0.6499
-------------------------------------
[Epoch : 5/20]
Pr_Src_cls_loss	: 0.0676
Total_loss	: 1.0582
Open Loss	: 0.4244
Src_cls_loss	: 0.0094
Entropy Open	: 0.6244
-------------------------------------
[Epoch : 6/20]
Pr_Src_cls_loss	: 0.0676
Total_loss	: 0.9954
Open Loss	: 0.3894
Src_cls_loss	: 0.0097
Entropy Open	: 0.5964
-------------------------------------
[Epoch : 7/20]
Pr_Src_cls_loss	: 0.0676
Total_loss	: 0.9369
Open Loss	: 0.3591
Src_cls_loss	: 0.0098
Entropy Open	: 0.5680
-------------------------------------
[Epoch : 8/20]
Pr_Src_cls_loss	: 0.0676
Total_loss	: 0.8828
Open Loss	: 0.3327
Src_cls_loss	: 0.0099
Entropy Open	: 0.5402
-------------------------------------
[Epoch : 9/20]
Pr_Src_cls_loss	: 0.0676
Total_loss	: 0.8333
Open Loss	: 0.3098
Src_cls_loss	: 0.0100
Entropy Open	: 0.5136
-------------------------------------
[Epoch : 10/20]
Pr_Src_cls_loss	: 0.0676
Total_loss	: 0.7877
Open Loss	: 0.2895
Src_cls_loss	: 0.0100
Entropy Open	: 0.4882
-------------------------------------
[Epoch : 11/20]
Pr_Src_cls_loss	: 0.0676
Total_loss	: 0.7458
Open Loss	: 0.2715
Src_cls_loss	: 0.0100
Entropy Open	: 0.4644
-------------------------------------
[Epoch : 12/20]
Pr_Src_cls_loss	: 0.0676
Total_loss	: 0.7075
Open Loss	: 0.2555
Src_cls_loss	: 0.0100
Entropy Open	: 0.4420
-------------------------------------
[Epoch : 13/20]
Pr_Src_cls_loss	: 0.0676
Total_loss	: 0.6723
Open Loss	: 0.2412
Src_cls_loss	: 0.0099
Entropy Open	: 0.4212
-------------------------------------
[Epoch : 14/20]
Pr_Src_cls_loss	: 0.0676
Total_loss	: 0.6398
Open Loss	: 0.2282
Src_cls_loss	: 0.0098
Entropy Open	: 0.4017
-------------------------------------
[Epoch : 15/20]
Pr_Src_cls_loss	: 0.0676
Total_loss	: 0.6102
Open Loss	: 0.2166
Src_cls_loss	: 0.0098
Entropy Open	: 0.3837
-------------------------------------
[Epoch : 16/20]
Pr_Src_cls_loss	: 0.0676
Total_loss	: 0.5830
Open Loss	: 0.2061
Src_cls_loss	: 0.0099
Entropy Open	: 0.3670
-------------------------------------
[Epoch : 17/20]
Pr_Src_cls_loss	: 0.0676
Total_loss	: 0.5578
Open Loss	: 0.1965
Src_cls_loss	: 0.0098
Entropy Open	: 0.3515
-------------------------------------
[Epoch : 18/20]
Pr_Src_cls_loss	: 0.0676
Total_loss	: 0.5347
Open Loss	: 0.1877
Src_cls_loss	: 0.0098
Entropy Open	: 0.3371
-------------------------------------
[Epoch : 19/20]
Pr_Src_cls_loss	: 0.0676
Total_loss	: 0.5131
Open Loss	: 0.1796
Src_cls_loss	: 0.0097
Entropy Open	: 0.3238
-------------------------------------
[Epoch : 20/20]
Pr_Src_cls_loss	: 0.0676
Total_loss	: 0.4932
Open Loss	: 0.1722
Src_cls_loss	: 0.0096
Entropy Open	: 0.3113
-------------------------------------
H_score: 0.0731, OS* (acc_c): 0.4078, UNK (acc_p): 0.0401, acc_mix: 0.1316, F1: 0.0894
Uploading logs from: /mnt/data/home/tp2474/OpenSet-AdaTime/experiments_logs/curriculum/RealWorld to Pamap2_OSDA_hard_n9_fno_mean/OVANet_OSDA_hard_n9_fno_mean/RealWorld_to_Pamap2_run_4
🏃 View run OVANet_run_4 at: http://127.0.0.1:5001/#/experiments/693721873569580674/runs/ee0fb46a663b4e929c1a2bdf3931c990
🧪 View experiment at: http://127.0.0.1:5001/#/experiments/693721873569580674
==================== [n9 fno_mean] DANCE ====================
[curriculum] scenario=OSDA  strategy=hard  n_unknown=9  rank_variant=fno_mean
[curriculum] source mapping (4 classes): {'lying': 'lying', 'sitting': 'sitting', 'walking': 'walking', 'running': 'running'}
[curriculum] target mapping (13 classes): {'lying': 'lying', 'sitting': 'sitting', 'walking': 'walking', 'running': 'running', 'ascending stairs': 'ascending stairs', 'cycling': 'cycling', 'descending stairs': 'descending stairs', 'ironing': 'ironing', 'Nordic walking': 'Nordic walking', 'other (transient activities)': 'other (transient activities)', 'rope jumping': 'rope jumping', 'standing': 'standing', 'vacuum cleaning': 'vacuum cleaning'}
[curriculum] unknowns added (in hard order): ['ascending stairs', 'cycling', 'descending stairs', 'ironing', 'Nordic walking', 'other (transient activities)', 'rope jumping', 'standing', 'vacuum cleaning']
[scenario] DANCE -> UniDA (uniDA=True)
Unlabeled data shape:  (19138, 150, 18)
Unlabelled Combined shape: (31801, 150, 18)

--- Dataloader Size Check ---
Source Train batches:   296
Target Train batches:   299
-------------------------------

Private classes:  tensor([ 4.,  5.,  6.,  7.,  8.,  9., 10., 11., 12.])
=============================================
Dataset: RealWorld to Pamap2_OSDA_hard_n9_fno_mean
Method:  DANCE
=============================================
Source: RealWorld ---> Target: Pamap2
Run ID: 0
=============================================
[Pr Epoch : 1/20]
Pr_Src_cls_loss	: 1.1811
-------------------------------------
[Pr Epoch : 2/20]
Pr_Src_cls_loss	: 1.1655
-------------------------------------
[Pr Epoch : 3/20]
Pr_Src_cls_loss	: 1.1570
-------------------------------------
[Pr Epoch : 4/20]
Pr_Src_cls_loss	: 1.1515
-------------------------------------
[Pr Epoch : 5/20]
Pr_Src_cls_loss	: 1.1478
-------------------------------------
[Pr Epoch : 6/20]
Pr_Src_cls_loss	: 1.1450
-------------------------------------
[Pr Epoch : 7/20]
Pr_Src_cls_loss	: 1.1429
-------------------------------------
[Pr Epoch : 8/20]
Pr_Src_cls_loss	: 1.1411
-------------------------------------
[Pr Epoch : 9/20]
Pr_Src_cls_loss	: 1.1396
-------------------------------------
[Pr Epoch : 10/20]
Pr_Src_cls_loss	: 1.1382
-------------------------------------
[Pr Epoch : 11/20]
Pr_Src_cls_loss	: 1.1371
-------------------------------------
[Pr Epoch : 12/20]
Pr_Src_cls_loss	: 1.1361
-------------------------------------
[Pr Epoch : 13/20]
Pr_Src_cls_loss	: 1.1352
-------------------------------------
[Pr Epoch : 14/20]
Pr_Src_cls_loss	: 1.1344
-------------------------------------
[Pr Epoch : 15/20]
Pr_Src_cls_loss	: 1.1337
-------------------------------------
[Pr Epoch : 16/20]
Pr_Src_cls_loss	: 1.1331
-------------------------------------
[Pr Epoch : 17/20]
Pr_Src_cls_loss	: 1.1325
-------------------------------------
[Pr Epoch : 18/20]
Pr_Src_cls_loss	: 1.1320
-------------------------------------
[Pr Epoch : 19/20]
Pr_Src_cls_loss	: 1.1315
-------------------------------------
[Pr Epoch : 20/20]
Pr_Src_cls_loss	: 1.1311
-------------------------------------
/mnt/data/home/tp2474/OpenSet-AdaTime/algorithms/algorithms.py:733: UserWarning: Implicit dimension choice for softmax has been deprecated. Change the call to include dim=X as an argument.
  p = F.softmax(p)
/mnt/data/home/tp2474/OpenSet-AdaTime/algorithms/algorithms.py:737: UserWarning: Implicit dimension choice for softmax has been deprecated. Change the call to include dim=X as an argument.
  p = F.softmax(p)
[Epoch : 1/20]
Pr_Src_cls_loss	: 1.1311
Total_loss	: 1.5715
Ent Loss	: -0.0700
Src_cls_loss	: 1.0285
Neighbors Clustering 	: 0.6130
-------------------------------------
[Epoch : 2/20]
Pr_Src_cls_loss	: 1.1311
Total_loss	: 1.4965
Ent Loss	: -0.0700
Src_cls_loss	: 0.9411
Neighbors Clustering 	: 0.6253
-------------------------------------
[Epoch : 3/20]
Pr_Src_cls_loss	: 1.1311
Total_loss	: 1.4151
Ent Loss	: -0.0700
Src_cls_loss	: 0.8607
Neighbors Clustering 	: 0.6243
-------------------------------------
[Epoch : 4/20]
Pr_Src_cls_loss	: 1.1311
Total_loss	: 1.3381
Ent Loss	: -0.0700
Src_cls_loss	: 0.7888
Neighbors Clustering 	: 0.6192
-------------------------------------
[Epoch : 5/20]
Pr_Src_cls_loss	: 1.1311
Total_loss	: 1.2679
Ent Loss	: -0.0700
Src_cls_loss	: 0.7254
Neighbors Clustering 	: 0.6125
-------------------------------------
[Epoch : 6/20]
Pr_Src_cls_loss	: 1.1311
Total_loss	: 1.2054
Ent Loss	: -0.0700
Src_cls_loss	: 0.6697
Neighbors Clustering 	: 0.6057
-------------------------------------
[Epoch : 7/20]
Pr_Src_cls_loss	: 1.1311
Total_loss	: 1.1513
Ent Loss	: -0.0700
Src_cls_loss	: 0.6206
Neighbors Clustering 	: 0.6007
-------------------------------------
[Epoch : 8/20]
Pr_Src_cls_loss	: 1.1311
Total_loss	: 1.1035
Ent Loss	: -0.0700
Src_cls_loss	: 0.5774
Neighbors Clustering 	: 0.5961
-------------------------------------
[Epoch : 9/20]
Pr_Src_cls_loss	: 1.1311
Total_loss	: 1.0603
Ent Loss	: -0.0700
Src_cls_loss	: 0.5393
Neighbors Clustering 	: 0.5910
-------------------------------------
[Epoch : 10/20]
Pr_Src_cls_loss	: 1.1311
Total_loss	: 1.0217
Ent Loss	: -0.0700
Src_cls_loss	: 0.5054
Neighbors Clustering 	: 0.5864
-------------------------------------
[Epoch : 11/20]
Pr_Src_cls_loss	: 1.1311
Total_loss	: 0.9875
Ent Loss	: -0.0700
Src_cls_loss	: 0.4753
Neighbors Clustering 	: 0.5822
-------------------------------------
[Epoch : 12/20]
Pr_Src_cls_loss	: 1.1311
Total_loss	: 0.9567
Ent Loss	: -0.0700
Src_cls_loss	: 0.4484
Neighbors Clustering 	: 0.5784
-------------------------------------
[Epoch : 13/20]
Pr_Src_cls_loss	: 1.1311
Total_loss	: 0.9284
Ent Loss	: -0.0700
Src_cls_loss	: 0.4241
Neighbors Clustering 	: 0.5743
-------------------------------------
[Epoch : 14/20]
Pr_Src_cls_loss	: 1.1311
Total_loss	: 0.9028
Ent Loss	: -0.0700
Src_cls_loss	: 0.4021
Neighbors Clustering 	: 0.5707
-------------------------------------
[Epoch : 15/20]
Pr_Src_cls_loss	: 1.1311
Total_loss	: 0.8796
Ent Loss	: -0.0700
Src_cls_loss	: 0.3823
Neighbors Clustering 	: 0.5673
-------------------------------------
[Epoch : 16/20]
Pr_Src_cls_loss	: 1.1311
Total_loss	: 0.8583
Ent Loss	: -0.0700
Src_cls_loss	: 0.3642
Neighbors Clustering 	: 0.5641
-------------------------------------
[Epoch : 17/20]
Pr_Src_cls_loss	: 1.1311
Total_loss	: 0.8387
Ent Loss	: -0.0700
Src_cls_loss	: 0.3476
Neighbors Clustering 	: 0.5611
-------------------------------------
[Epoch : 18/20]
Pr_Src_cls_loss	: 1.1311
Total_loss	: 0.8204
Ent Loss	: -0.0700
Src_cls_loss	: 0.3325
Neighbors Clustering 	: 0.5580
-------------------------------------
[Epoch : 19/20]
Pr_Src_cls_loss	: 1.1311
Total_loss	: 0.8036
Ent Loss	: -0.0700
Src_cls_loss	: 0.3185
Neighbors Clustering 	: 0.5551
-------------------------------------
[Epoch : 20/20]
Pr_Src_cls_loss	: 1.1311
Total_loss	: 0.7880
Ent Loss	: -0.0700
Src_cls_loss	: 0.3057
Neighbors Clustering 	: 0.5523
-------------------------------------
/mnt/data/home/tp2474/OpenSet-AdaTime/algorithms/algorithms.py:870: UserWarning: Implicit dimension choice for softmax has been deprecated. Change the call to include dim=X as an argument.
  predictions = F.softmax(self.classifier(features))
/mnt/data/home/tp2474/OpenSet-AdaTime/trainers/abstract_trainer.py:331: FutureWarning: The behavior of DataFrame concatenation with empty or all-NA entries is deprecated. In a future version, this will no longer exclude empty or all-NA columns when determining the result dtypes. To retain the old behavior, exclude the relevant entries before the concat operation.
  table = pd.concat([table, results_df], ignore_index=True)
H_score: 0.4763, OS* (acc_c): 0.3251, UNK (acc_p): 0.8906, acc_mix: 0.7499, F1: 0.7223
Uploading logs from: /mnt/data/home/tp2474/OpenSet-AdaTime/experiments_logs/curriculum/RealWorld to Pamap2_OSDA_hard_n9_fno_mean/DANCE_OSDA_hard_n9_fno_mean/RealWorld_to_Pamap2_run_0
🏃 View run DANCE_run_0 at: http://127.0.0.1:5001/#/experiments/693721873569580674/runs/20a590a7224d4386a0b119a93a484ec0
🧪 View experiment at: http://127.0.0.1:5001/#/experiments/693721873569580674
=============================================
Dataset: RealWorld to Pamap2_OSDA_hard_n9_fno_mean
Method:  DANCE
=============================================
Source: RealWorld ---> Target: Pamap2
Run ID: 1
=============================================
[Pr Epoch : 1/20]
Pr_Src_cls_loss	: 1.1799
-------------------------------------
[Pr Epoch : 2/20]
Pr_Src_cls_loss	: 1.1639
-------------------------------------
[Pr Epoch : 3/20]
Pr_Src_cls_loss	: 1.1556
-------------------------------------
[Pr Epoch : 4/20]
Pr_Src_cls_loss	: 1.1502
-------------------------------------
[Pr Epoch : 5/20]
Pr_Src_cls_loss	: 1.1463
-------------------------------------
[Pr Epoch : 6/20]
Pr_Src_cls_loss	: 1.1434
-------------------------------------
[Pr Epoch : 7/20]
Pr_Src_cls_loss	: 1.1413
-------------------------------------
[Pr Epoch : 8/20]
Pr_Src_cls_loss	: 1.1394
-------------------------------------
[Pr Epoch : 9/20]
Pr_Src_cls_loss	: 1.1377
-------------------------------------
[Pr Epoch : 10/20]
Pr_Src_cls_loss	: 1.1363
-------------------------------------
[Pr Epoch : 11/20]
Pr_Src_cls_loss	: 1.1351
-------------------------------------
[Pr Epoch : 12/20]
Pr_Src_cls_loss	: 1.1340
-------------------------------------
[Pr Epoch : 13/20]
Pr_Src_cls_loss	: 1.1331
-------------------------------------
[Pr Epoch : 14/20]
Pr_Src_cls_loss	: 1.1323
-------------------------------------
[Pr Epoch : 15/20]
Pr_Src_cls_loss	: 1.1315
-------------------------------------
[Pr Epoch : 16/20]
Pr_Src_cls_loss	: 1.1308
-------------------------------------
[Pr Epoch : 17/20]
Pr_Src_cls_loss	: 1.1302
-------------------------------------
[Pr Epoch : 18/20]
Pr_Src_cls_loss	: 1.1297
-------------------------------------
[Pr Epoch : 19/20]
Pr_Src_cls_loss	: 1.1292
-------------------------------------
[Pr Epoch : 20/20]
Pr_Src_cls_loss	: 1.1287
-------------------------------------
[Epoch : 1/20]
Pr_Src_cls_loss	: 1.1287
Total_loss	: 1.5692
Ent Loss	: -0.0700
Src_cls_loss	: 1.0275
Neighbors Clustering 	: 0.6117
-------------------------------------
[Epoch : 2/20]
Pr_Src_cls_loss	: 1.1287
Total_loss	: 1.4986
Ent Loss	: -0.0700
Src_cls_loss	: 0.9394
Neighbors Clustering 	: 0.6292
-------------------------------------
[Epoch : 3/20]
Pr_Src_cls_loss	: 1.1287
Total_loss	: 1.4169
Ent Loss	: -0.0700
Src_cls_loss	: 0.8596
Neighbors Clustering 	: 0.6273
-------------------------------------
[Epoch : 4/20]
Pr_Src_cls_loss	: 1.1287
Total_loss	: 1.3384
Ent Loss	: -0.0700
Src_cls_loss	: 0.7885
Neighbors Clustering 	: 0.6199
-------------------------------------
[Epoch : 5/20]
Pr_Src_cls_loss	: 1.1287
Total_loss	: 1.2676
Ent Loss	: -0.0700
Src_cls_loss	: 0.7255
Neighbors Clustering 	: 0.6120
-------------------------------------
[Epoch : 6/20]
Pr_Src_cls_loss	: 1.1287
Total_loss	: 1.2044
Ent Loss	: -0.0700
Src_cls_loss	: 0.6702
Neighbors Clustering 	: 0.6042
-------------------------------------
[Epoch : 7/20]
Pr_Src_cls_loss	: 1.1287
Total_loss	: 1.1487
Ent Loss	: -0.0700
Src_cls_loss	: 0.6216
Neighbors Clustering 	: 0.5971
-------------------------------------
[Epoch : 8/20]
Pr_Src_cls_loss	: 1.1287
Total_loss	: 1.1002
Ent Loss	: -0.0700
Src_cls_loss	: 0.5787
Neighbors Clustering 	: 0.5915
-------------------------------------
[Epoch : 9/20]
Pr_Src_cls_loss	: 1.1287
Total_loss	: 1.0569
Ent Loss	: -0.0700
Src_cls_loss	: 0.5406
Neighbors Clustering 	: 0.5863
-------------------------------------
[Epoch : 10/20]
Pr_Src_cls_loss	: 1.1287
Total_loss	: 1.0186
Ent Loss	: -0.0700
Src_cls_loss	: 0.5068
Neighbors Clustering 	: 0.5818
-------------------------------------
[Epoch : 11/20]
Pr_Src_cls_loss	: 1.1287
Total_loss	: 0.9847
Ent Loss	: -0.0700
Src_cls_loss	: 0.4766
Neighbors Clustering 	: 0.5781
-------------------------------------
[Epoch : 12/20]
Pr_Src_cls_loss	: 1.1287
Total_loss	: 0.9545
Ent Loss	: -0.0700
Src_cls_loss	: 0.4496
Neighbors Clustering 	: 0.5748
-------------------------------------
[Epoch : 13/20]
Pr_Src_cls_loss	: 1.1287
Total_loss	: 0.9265
Ent Loss	: -0.0700
Src_cls_loss	: 0.4254
Neighbors Clustering 	: 0.5711
-------------------------------------
[Epoch : 14/20]
Pr_Src_cls_loss	: 1.1287
Total_loss	: 0.9009
Ent Loss	: -0.0700
Src_cls_loss	: 0.4035
Neighbors Clustering 	: 0.5674
-------------------------------------
[Epoch : 15/20]
Pr_Src_cls_loss	: 1.1287
Total_loss	: 0.8779
Ent Loss	: -0.0700
Src_cls_loss	: 0.3837
Neighbors Clustering 	: 0.5642
-------------------------------------
[Epoch : 16/20]
Pr_Src_cls_loss	: 1.1287
Total_loss	: 0.8566
Ent Loss	: -0.0700
Src_cls_loss	: 0.3656
Neighbors Clustering 	: 0.5610
-------------------------------------
[Epoch : 17/20]
Pr_Src_cls_loss	: 1.1287
Total_loss	: 0.8373
Ent Loss	: -0.0700
Src_cls_loss	: 0.3491
Neighbors Clustering 	: 0.5583
-------------------------------------
[Epoch : 18/20]
Pr_Src_cls_loss	: 1.1287
Total_loss	: 0.8193
Ent Loss	: -0.0700
Src_cls_loss	: 0.3339
Neighbors Clustering 	: 0.5554
-------------------------------------
[Epoch : 19/20]
Pr_Src_cls_loss	: 1.1287
Total_loss	: 0.8024
Ent Loss	: -0.0700
Src_cls_loss	: 0.3199
Neighbors Clustering 	: 0.5525
-------------------------------------
[Epoch : 20/20]
Pr_Src_cls_loss	: 1.1287
Total_loss	: 0.7873
Ent Loss	: -0.0700
Src_cls_loss	: 0.3070
Neighbors Clustering 	: 0.5503
-------------------------------------
H_score: 0.3826, OS* (acc_c): 0.2467, UNK (acc_p): 0.8513, acc_mix: 0.7009, F1: 0.6740
Uploading logs from: /mnt/data/home/tp2474/OpenSet-AdaTime/experiments_logs/curriculum/RealWorld to Pamap2_OSDA_hard_n9_fno_mean/DANCE_OSDA_hard_n9_fno_mean/RealWorld_to_Pamap2_run_1
🏃 View run DANCE_run_1 at: http://127.0.0.1:5001/#/experiments/693721873569580674/runs/a77df2a85e5c45589f8ea171c673c8f7
🧪 View experiment at: http://127.0.0.1:5001/#/experiments/693721873569580674
=============================================
Dataset: RealWorld to Pamap2_OSDA_hard_n9_fno_mean
Method:  DANCE
=============================================
Source: RealWorld ---> Target: Pamap2
Run ID: 2
=============================================
[Pr Epoch : 1/20]
Pr_Src_cls_loss	: 1.1829
-------------------------------------
[Pr Epoch : 2/20]
Pr_Src_cls_loss	: 1.1665
-------------------------------------
[Pr Epoch : 3/20]
Pr_Src_cls_loss	: 1.1582
-------------------------------------
[Pr Epoch : 4/20]
Pr_Src_cls_loss	: 1.1531
-------------------------------------
[Pr Epoch : 5/20]
Pr_Src_cls_loss	: 1.1494
-------------------------------------
[Pr Epoch : 6/20]
Pr_Src_cls_loss	: 1.1466
-------------------------------------
[Pr Epoch : 7/20]
Pr_Src_cls_loss	: 1.1446
-------------------------------------
[Pr Epoch : 8/20]
Pr_Src_cls_loss	: 1.1428
-------------------------------------
[Pr Epoch : 9/20]
Pr_Src_cls_loss	: 1.1411
-------------------------------------
[Pr Epoch : 10/20]
Pr_Src_cls_loss	: 1.1397
-------------------------------------
[Pr Epoch : 11/20]
Pr_Src_cls_loss	: 1.1384
-------------------------------------
[Pr Epoch : 12/20]
Pr_Src_cls_loss	: 1.1372
-------------------------------------
[Pr Epoch : 13/20]
Pr_Src_cls_loss	: 1.1362
-------------------------------------
[Pr Epoch : 14/20]
Pr_Src_cls_loss	: 1.1353
-------------------------------------
[Pr Epoch : 15/20]
Pr_Src_cls_loss	: 1.1345
-------------------------------------
[Pr Epoch : 16/20]
Pr_Src_cls_loss	: 1.1337
-------------------------------------
[Pr Epoch : 17/20]
Pr_Src_cls_loss	: 1.1330
-------------------------------------
[Pr Epoch : 18/20]
Pr_Src_cls_loss	: 1.1324
-------------------------------------
[Pr Epoch : 19/20]
Pr_Src_cls_loss	: 1.1318
-------------------------------------
[Pr Epoch : 20/20]
Pr_Src_cls_loss	: 1.1312
-------------------------------------
[Epoch : 1/20]
Pr_Src_cls_loss	: 1.1312
Total_loss	: 1.5827
Ent Loss	: -0.0700
Src_cls_loss	: 1.0271
Neighbors Clustering 	: 0.6255
-------------------------------------
[Epoch : 2/20]
Pr_Src_cls_loss	: 1.1312
Total_loss	: 1.5055
Ent Loss	: -0.0700
Src_cls_loss	: 0.9395
Neighbors Clustering 	: 0.6361
-------------------------------------
[Epoch : 3/20]
Pr_Src_cls_loss	: 1.1312
Total_loss	: 1.4158
Ent Loss	: -0.0700
Src_cls_loss	: 0.8594
Neighbors Clustering 	: 0.6264
-------------------------------------
[Epoch : 4/20]
Pr_Src_cls_loss	: 1.1312
Total_loss	: 1.3344
Ent Loss	: -0.0700
Src_cls_loss	: 0.7881
Neighbors Clustering 	: 0.6164
-------------------------------------
[Epoch : 5/20]
Pr_Src_cls_loss	: 1.1312
Total_loss	: 1.2633
Ent Loss	: -0.0700
Src_cls_loss	: 0.7251
Neighbors Clustering 	: 0.6083
-------------------------------------
[Epoch : 6/20]
Pr_Src_cls_loss	: 1.1312
Total_loss	: 1.2009
Ent Loss	: -0.0700
Src_cls_loss	: 0.6697
Neighbors Clustering 	: 0.6011
-------------------------------------
[Epoch : 7/20]
Pr_Src_cls_loss	: 1.1312
Total_loss	: 1.1460
Ent Loss	: -0.0700
Src_cls_loss	: 0.6210
Neighbors Clustering 	: 0.5950
-------------------------------------
[Epoch : 8/20]
Pr_Src_cls_loss	: 1.1312
Total_loss	: 1.0974
Ent Loss	: -0.0700
Src_cls_loss	: 0.5780
Neighbors Clustering 	: 0.5894
-------------------------------------
[Epoch : 9/20]
Pr_Src_cls_loss	: 1.1312
Total_loss	: 1.0544
Ent Loss	: -0.0700
Src_cls_loss	: 0.5401
Neighbors Clustering 	: 0.5843
-------------------------------------
[Epoch : 10/20]
Pr_Src_cls_loss	: 1.1312
Total_loss	: 1.0156
Ent Loss	: -0.0700
Src_cls_loss	: 0.5064
Neighbors Clustering 	: 0.5793
-------------------------------------
[Epoch : 11/20]
Pr_Src_cls_loss	: 1.1312
Total_loss	: 0.9809
Ent Loss	: -0.0700
Src_cls_loss	: 0.4762
Neighbors Clustering 	: 0.5747
-------------------------------------
[Epoch : 12/20]
Pr_Src_cls_loss	: 1.1312
Total_loss	: 0.9499
Ent Loss	: -0.0700
Src_cls_loss	: 0.4493
Neighbors Clustering 	: 0.5706
-------------------------------------
[Epoch : 13/20]
Pr_Src_cls_loss	: 1.1312
Total_loss	: 0.9215
Ent Loss	: -0.0700
Src_cls_loss	: 0.4249
Neighbors Clustering 	: 0.5665
-------------------------------------
[Epoch : 14/20]
Pr_Src_cls_loss	: 1.1312
Total_loss	: 0.8962
Ent Loss	: -0.0700
Src_cls_loss	: 0.4031
Neighbors Clustering 	: 0.5631
-------------------------------------
[Epoch : 15/20]
Pr_Src_cls_loss	: 1.1312
Total_loss	: 0.8729
Ent Loss	: -0.0700
Src_cls_loss	: 0.3833
Neighbors Clustering 	: 0.5596
-------------------------------------
[Epoch : 16/20]
Pr_Src_cls_loss	: 1.1312
Total_loss	: 0.8515
Ent Loss	: -0.0700
Src_cls_loss	: 0.3653
Neighbors Clustering 	: 0.5563
-------------------------------------
[Epoch : 17/20]
Pr_Src_cls_loss	: 1.1312
Total_loss	: 0.8321
Ent Loss	: -0.0700
Src_cls_loss	: 0.3487
Neighbors Clustering 	: 0.5533
-------------------------------------
[Epoch : 18/20]
Pr_Src_cls_loss	: 1.1312
Total_loss	: 0.8140
Ent Loss	: -0.0700
Src_cls_loss	: 0.3336
Neighbors Clustering 	: 0.5504
-------------------------------------
[Epoch : 19/20]
Pr_Src_cls_loss	: 1.1312
Total_loss	: 0.7973
Ent Loss	: -0.0700
Src_cls_loss	: 0.3196
Neighbors Clustering 	: 0.5477
-------------------------------------
[Epoch : 20/20]
Pr_Src_cls_loss	: 1.1312
Total_loss	: 0.7819
Ent Loss	: -0.0700
Src_cls_loss	: 0.3068
Neighbors Clustering 	: 0.5451
-------------------------------------
H_score: 0.2627, OS* (acc_c): 0.1541, UNK (acc_p): 0.8881, acc_mix: 0.7055, F1: 0.6645
Uploading logs from: /mnt/data/home/tp2474/OpenSet-AdaTime/experiments_logs/curriculum/RealWorld to Pamap2_OSDA_hard_n9_fno_mean/DANCE_OSDA_hard_n9_fno_mean/RealWorld_to_Pamap2_run_2
🏃 View run DANCE_run_2 at: http://127.0.0.1:5001/#/experiments/693721873569580674/runs/1ac1e486034b41c3906b4970df923a17
🧪 View experiment at: http://127.0.0.1:5001/#/experiments/693721873569580674
=============================================
Dataset: RealWorld to Pamap2_OSDA_hard_n9_fno_mean
Method:  DANCE
=============================================
Source: RealWorld ---> Target: Pamap2
Run ID: 3
=============================================
[Pr Epoch : 1/20]
Pr_Src_cls_loss	: 1.1861
-------------------------------------
[Pr Epoch : 2/20]
Pr_Src_cls_loss	: 1.1702
-------------------------------------
[Pr Epoch : 3/20]
Pr_Src_cls_loss	: 1.1623
-------------------------------------
[Pr Epoch : 4/20]
Pr_Src_cls_loss	: 1.1575
-------------------------------------
[Pr Epoch : 5/20]
Pr_Src_cls_loss	: 1.1543
-------------------------------------
[Pr Epoch : 6/20]
Pr_Src_cls_loss	: 1.1520
-------------------------------------
[Pr Epoch : 7/20]
Pr_Src_cls_loss	: 1.1503
-------------------------------------
[Pr Epoch : 8/20]
Pr_Src_cls_loss	: 1.1489
-------------------------------------
[Pr Epoch : 9/20]
Pr_Src_cls_loss	: 1.1478
-------------------------------------
[Pr Epoch : 10/20]
Pr_Src_cls_loss	: 1.1468
-------------------------------------
[Pr Epoch : 11/20]
Pr_Src_cls_loss	: 1.1460
-------------------------------------
[Pr Epoch : 12/20]
Pr_Src_cls_loss	: 1.1453
-------------------------------------
[Pr Epoch : 13/20]
Pr_Src_cls_loss	: 1.1447
-------------------------------------
[Pr Epoch : 14/20]
Pr_Src_cls_loss	: 1.1441
-------------------------------------
[Pr Epoch : 15/20]
Pr_Src_cls_loss	: 1.1435
-------------------------------------
[Pr Epoch : 16/20]
Pr_Src_cls_loss	: 1.1429
-------------------------------------
[Pr Epoch : 17/20]
Pr_Src_cls_loss	: 1.1423
-------------------------------------
[Pr Epoch : 18/20]
Pr_Src_cls_loss	: 1.1418
-------------------------------------
[Pr Epoch : 19/20]
Pr_Src_cls_loss	: 1.1413
-------------------------------------
[Pr Epoch : 20/20]
Pr_Src_cls_loss	: 1.1408
-------------------------------------
[Epoch : 1/20]
Pr_Src_cls_loss	: 1.1408
Total_loss	: 1.5708
Ent Loss	: -0.0700
Src_cls_loss	: 1.0405
Neighbors Clustering 	: 0.6003
-------------------------------------
[Epoch : 2/20]
Pr_Src_cls_loss	: 1.1408
Total_loss	: 1.5018
Ent Loss	: -0.0700
Src_cls_loss	: 0.9544
Neighbors Clustering 	: 0.6174
-------------------------------------
[Epoch : 3/20]
Pr_Src_cls_loss	: 1.1408
Total_loss	: 1.4196
Ent Loss	: -0.0700
Src_cls_loss	: 0.8742
Neighbors Clustering 	: 0.6154
-------------------------------------
[Epoch : 4/20]
Pr_Src_cls_loss	: 1.1408
Total_loss	: 1.3415
Ent Loss	: -0.0700
Src_cls_loss	: 0.8027
Neighbors Clustering 	: 0.6088
-------------------------------------
[Epoch : 5/20]
Pr_Src_cls_loss	: 1.1408
Total_loss	: 1.2716
Ent Loss	: -0.0700
Src_cls_loss	: 0.7395
Neighbors Clustering 	: 0.6022
-------------------------------------
[Epoch : 6/20]
Pr_Src_cls_loss	: 1.1408
Total_loss	: 1.2101
Ent Loss	: -0.0700
Src_cls_loss	: 0.6836
Neighbors Clustering 	: 0.5965
-------------------------------------
[Epoch : 7/20]
Pr_Src_cls_loss	: 1.1408
Total_loss	: 1.1547
Ent Loss	: -0.0700
Src_cls_loss	: 0.6344
Neighbors Clustering 	: 0.5902
-------------------------------------
[Epoch : 8/20]
Pr_Src_cls_loss	: 1.1408
Total_loss	: 1.1059
Ent Loss	: -0.0700
Src_cls_loss	: 0.5911
Neighbors Clustering 	: 0.5849
-------------------------------------
[Epoch : 9/20]
Pr_Src_cls_loss	: 1.1408
Total_loss	: 1.0628
Ent Loss	: -0.0700
Src_cls_loss	: 0.5526
Neighbors Clustering 	: 0.5802
-------------------------------------
[Epoch : 10/20]
Pr_Src_cls_loss	: 1.1408
Total_loss	: 1.0239
Ent Loss	: -0.0700
Src_cls_loss	: 0.5184
Neighbors Clustering 	: 0.5754
-------------------------------------
[Epoch : 11/20]
Pr_Src_cls_loss	: 1.1408
Total_loss	: 0.9894
Ent Loss	: -0.0700
Src_cls_loss	: 0.4880
Neighbors Clustering 	: 0.5714
-------------------------------------
[Epoch : 12/20]
Pr_Src_cls_loss	: 1.1408
Total_loss	: 0.9577
Ent Loss	: -0.0700
Src_cls_loss	: 0.4605
Neighbors Clustering 	: 0.5672
-------------------------------------
[Epoch : 13/20]
Pr_Src_cls_loss	: 1.1408
Total_loss	: 0.9290
Ent Loss	: -0.0700
Src_cls_loss	: 0.4358
Neighbors Clustering 	: 0.5632
-------------------------------------
[Epoch : 14/20]
Pr_Src_cls_loss	: 1.1408
Total_loss	: 0.9035
Ent Loss	: -0.0700
Src_cls_loss	: 0.4136
Neighbors Clustering 	: 0.5599
-------------------------------------
[Epoch : 15/20]
Pr_Src_cls_loss	: 1.1408
Total_loss	: 0.8797
Ent Loss	: -0.0700
Src_cls_loss	: 0.3935
Neighbors Clustering 	: 0.5562
-------------------------------------
[Epoch : 16/20]
Pr_Src_cls_loss	: 1.1408
Total_loss	: 0.8581
Ent Loss	: -0.0700
Src_cls_loss	: 0.3751
Neighbors Clustering 	: 0.5530
-------------------------------------
[Epoch : 17/20]
Pr_Src_cls_loss	: 1.1408
Total_loss	: 0.8382
Ent Loss	: -0.0700
Src_cls_loss	: 0.3583
Neighbors Clustering 	: 0.5499
-------------------------------------
[Epoch : 18/20]
Pr_Src_cls_loss	: 1.1408
Total_loss	: 0.8196
Ent Loss	: -0.0700
Src_cls_loss	: 0.3429
Neighbors Clustering 	: 0.5467
-------------------------------------
[Epoch : 19/20]
Pr_Src_cls_loss	: 1.1408
Total_loss	: 0.8025
Ent Loss	: -0.0700
Src_cls_loss	: 0.3287
Neighbors Clustering 	: 0.5438
-------------------------------------
[Epoch : 20/20]
Pr_Src_cls_loss	: 1.1408
Total_loss	: 0.7868
Ent Loss	: -0.0700
Src_cls_loss	: 0.3156
Neighbors Clustering 	: 0.5411
-------------------------------------
H_score: 0.1696, OS* (acc_c): 0.0939, UNK (acc_p): 0.8801, acc_mix: 0.6845, F1: 0.6325
Uploading logs from: /mnt/data/home/tp2474/OpenSet-AdaTime/experiments_logs/curriculum/RealWorld to Pamap2_OSDA_hard_n9_fno_mean/DANCE_OSDA_hard_n9_fno_mean/RealWorld_to_Pamap2_run_3
🏃 View run DANCE_run_3 at: http://127.0.0.1:5001/#/experiments/693721873569580674/runs/79460ee9866d4ec7973a273922b0ec75
🧪 View experiment at: http://127.0.0.1:5001/#/experiments/693721873569580674
=============================================
Dataset: RealWorld to Pamap2_OSDA_hard_n9_fno_mean
Method:  DANCE
=============================================
Source: RealWorld ---> Target: Pamap2
Run ID: 4
=============================================
[Pr Epoch : 1/20]
Pr_Src_cls_loss	: 1.1748
-------------------------------------
[Pr Epoch : 2/20]
Pr_Src_cls_loss	: 1.1586
-------------------------------------
[Pr Epoch : 3/20]
Pr_Src_cls_loss	: 1.1502
-------------------------------------
[Pr Epoch : 4/20]
Pr_Src_cls_loss	: 1.1451
-------------------------------------
[Pr Epoch : 5/20]
Pr_Src_cls_loss	: 1.1416
-------------------------------------
[Pr Epoch : 6/20]
Pr_Src_cls_loss	: 1.1391
-------------------------------------
[Pr Epoch : 7/20]
Pr_Src_cls_loss	: 1.1371
-------------------------------------
[Pr Epoch : 8/20]
Pr_Src_cls_loss	: 1.1355
-------------------------------------
[Pr Epoch : 9/20]
Pr_Src_cls_loss	: 1.1342
-------------------------------------
[Pr Epoch : 10/20]
Pr_Src_cls_loss	: 1.1329
-------------------------------------
[Pr Epoch : 11/20]
Pr_Src_cls_loss	: 1.1317
-------------------------------------
[Pr Epoch : 12/20]
Pr_Src_cls_loss	: 1.1306
-------------------------------------
[Pr Epoch : 13/20]
Pr_Src_cls_loss	: 1.1296
-------------------------------------
[Pr Epoch : 14/20]
Pr_Src_cls_loss	: 1.1287
-------------------------------------
[Pr Epoch : 15/20]
Pr_Src_cls_loss	: 1.1279
-------------------------------------
[Pr Epoch : 16/20]
Pr_Src_cls_loss	: 1.1272
-------------------------------------
[Pr Epoch : 17/20]
Pr_Src_cls_loss	: 1.1265
-------------------------------------
[Pr Epoch : 18/20]
Pr_Src_cls_loss	: 1.1259
-------------------------------------
[Pr Epoch : 19/20]
Pr_Src_cls_loss	: 1.1254
-------------------------------------
[Pr Epoch : 20/20]
Pr_Src_cls_loss	: 1.1249
-------------------------------------
[Epoch : 1/20]
Pr_Src_cls_loss	: 1.1249
Total_loss	: 1.5558
Ent Loss	: -0.0700
Src_cls_loss	: 1.0186
Neighbors Clustering 	: 0.6072
-------------------------------------
[Epoch : 2/20]
Pr_Src_cls_loss	: 1.1249
Total_loss	: 1.4842
Ent Loss	: -0.0700
Src_cls_loss	: 0.9292
Neighbors Clustering 	: 0.6250
-------------------------------------
[Epoch : 3/20]
Pr_Src_cls_loss	: 1.1249
Total_loss	: 1.3984
Ent Loss	: -0.0700
Src_cls_loss	: 0.8487
Neighbors Clustering 	: 0.6197
-------------------------------------
[Epoch : 4/20]
Pr_Src_cls_loss	: 1.1249
Total_loss	: 1.3175
Ent Loss	: -0.0700
Src_cls_loss	: 0.7771
Neighbors Clustering 	: 0.6104
-------------------------------------
[Epoch : 5/20]
Pr_Src_cls_loss	: 1.1249
Total_loss	: 1.2470
Ent Loss	: -0.0700
Src_cls_loss	: 0.7142
Neighbors Clustering 	: 0.6029
-------------------------------------
[Epoch : 6/20]
Pr_Src_cls_loss	: 1.1249
Total_loss	: 1.1846
Ent Loss	: -0.0700
Src_cls_loss	: 0.6589
Neighbors Clustering 	: 0.5957
-------------------------------------
[Epoch : 7/20]
Pr_Src_cls_loss	: 1.1249
Total_loss	: 1.1290
Ent Loss	: -0.0700
Src_cls_loss	: 0.6107
Neighbors Clustering 	: 0.5883
-------------------------------------
[Epoch : 8/20]
Pr_Src_cls_loss	: 1.1249
Total_loss	: 1.0805
Ent Loss	: -0.0700
Src_cls_loss	: 0.5681
Neighbors Clustering 	: 0.5824
-------------------------------------
[Epoch : 9/20]
Pr_Src_cls_loss	: 1.1249
Total_loss	: 1.0369
Ent Loss	: -0.0700
Src_cls_loss	: 0.5304
Neighbors Clustering 	: 0.5765
-------------------------------------
[Epoch : 10/20]
Pr_Src_cls_loss	: 1.1249
Total_loss	: 0.9986
Ent Loss	: -0.0700
Src_cls_loss	: 0.4969
Neighbors Clustering 	: 0.5717
-------------------------------------
[Epoch : 11/20]
Pr_Src_cls_loss	: 1.1249
Total_loss	: 0.9642
Ent Loss	: -0.0700
Src_cls_loss	: 0.4672
Neighbors Clustering 	: 0.5670
-------------------------------------
[Epoch : 12/20]
Pr_Src_cls_loss	: 1.1249
Total_loss	: 0.9337
Ent Loss	: -0.0700
Src_cls_loss	: 0.4406
Neighbors Clustering 	: 0.5631
-------------------------------------
[Epoch : 13/20]
Pr_Src_cls_loss	: 1.1249
Total_loss	: 0.9061
Ent Loss	: -0.0700
Src_cls_loss	: 0.4167
Neighbors Clustering 	: 0.5594
-------------------------------------
[Epoch : 14/20]
Pr_Src_cls_loss	: 1.1249
Total_loss	: 0.8811
Ent Loss	: -0.0700
Src_cls_loss	: 0.3950
Neighbors Clustering 	: 0.5560
-------------------------------------
[Epoch : 15/20]
Pr_Src_cls_loss	: 1.1249
Total_loss	: 0.8582
Ent Loss	: -0.0700
Src_cls_loss	: 0.3754
Neighbors Clustering 	: 0.5527
-------------------------------------
[Epoch : 16/20]
Pr_Src_cls_loss	: 1.1249
Total_loss	: 0.8374
Ent Loss	: -0.0700
Src_cls_loss	: 0.3576
Neighbors Clustering 	: 0.5498
-------------------------------------
[Epoch : 17/20]
Pr_Src_cls_loss	: 1.1249
Total_loss	: 0.8183
Ent Loss	: -0.0700
Src_cls_loss	: 0.3413
Neighbors Clustering 	: 0.5470
-------------------------------------
[Epoch : 18/20]
Pr_Src_cls_loss	: 1.1249
Total_loss	: 0.8007
Ent Loss	: -0.0700
Src_cls_loss	: 0.3264
Neighbors Clustering 	: 0.5443
-------------------------------------
[Epoch : 19/20]
Pr_Src_cls_loss	: 1.1249
Total_loss	: 0.7843
Ent Loss	: -0.0700
Src_cls_loss	: 0.3127
Neighbors Clustering 	: 0.5416
-------------------------------------
[Epoch : 20/20]
Pr_Src_cls_loss	: 1.1249
Total_loss	: 0.7690
Ent Loss	: -0.0700
Src_cls_loss	: 0.3001
Neighbors Clustering 	: 0.5389
-------------------------------------
H_score: 0.2161, OS* (acc_c): 0.1228, UNK (acc_p): 0.8969, acc_mix: 0.7043, F1: 0.6444
Uploading logs from: /mnt/data/home/tp2474/OpenSet-AdaTime/experiments_logs/curriculum/RealWorld to Pamap2_OSDA_hard_n9_fno_mean/DANCE_OSDA_hard_n9_fno_mean/RealWorld_to_Pamap2_run_4
🏃 View run DANCE_run_4 at: http://127.0.0.1:5001/#/experiments/693721873569580674/runs/e190a9f491b74de5b51bd66df6d62140
🧪 View experiment at: http://127.0.0.1:5001/#/experiments/693721873569580674
==================== [n9 fno_mean] PPOT ====================
[curriculum] scenario=OSDA  strategy=hard  n_unknown=9  rank_variant=fno_mean
[curriculum] source mapping (4 classes): {'lying': 'lying', 'sitting': 'sitting', 'walking': 'walking', 'running': 'running'}
[curriculum] target mapping (13 classes): {'lying': 'lying', 'sitting': 'sitting', 'walking': 'walking', 'running': 'running', 'ascending stairs': 'ascending stairs', 'cycling': 'cycling', 'descending stairs': 'descending stairs', 'ironing': 'ironing', 'Nordic walking': 'Nordic walking', 'other (transient activities)': 'other (transient activities)', 'rope jumping': 'rope jumping', 'standing': 'standing', 'vacuum cleaning': 'vacuum cleaning'}
[curriculum] unknowns added (in hard order): ['ascending stairs', 'cycling', 'descending stairs', 'ironing', 'Nordic walking', 'other (transient activities)', 'rope jumping', 'standing', 'vacuum cleaning']
[scenario] PPOT -> UniDA (uniDA=True)
Unlabeled data shape:  (19138, 150, 18)
Unlabelled Combined shape: (31801, 150, 18)

--- Dataloader Size Check ---
Source Train batches:   296
Target Train batches:   299
-------------------------------

Private classes:  tensor([ 4.,  5.,  6.,  7.,  8.,  9., 10., 11., 12.])
=============================================
Dataset: RealWorld to Pamap2_OSDA_hard_n9_fno_mean
Method:  PPOT
=============================================
Source: RealWorld ---> Target: Pamap2
Run ID: 0
=============================================
[Pr Epoch : 1/20]
Pr_Src_cls_loss	: 1.2001
-------------------------------------
[Pr Epoch : 2/20]
Pr_Src_cls_loss	: 1.1341
-------------------------------------
[Pr Epoch : 3/20]
Pr_Src_cls_loss	: 1.0788
-------------------------------------
[Pr Epoch : 4/20]
Pr_Src_cls_loss	: 1.0276
-------------------------------------
[Pr Epoch : 5/20]
Pr_Src_cls_loss	: 0.9799
-------------------------------------
[Pr Epoch : 6/20]
Pr_Src_cls_loss	: 0.9355
-------------------------------------
[Pr Epoch : 7/20]
Pr_Src_cls_loss	: 0.8940
-------------------------------------
[Pr Epoch : 8/20]
Pr_Src_cls_loss	: 0.8553
-------------------------------------
[Pr Epoch : 9/20]
Pr_Src_cls_loss	: 0.8190
-------------------------------------
[Pr Epoch : 10/20]
Pr_Src_cls_loss	: 0.7848
-------------------------------------
[Pr Epoch : 11/20]
Pr_Src_cls_loss	: 0.7529
-------------------------------------
[Pr Epoch : 12/20]
Pr_Src_cls_loss	: 0.7229
-------------------------------------
[Pr Epoch : 13/20]
Pr_Src_cls_loss	: 0.6948
-------------------------------------
[Pr Epoch : 14/20]
Pr_Src_cls_loss	: 0.6683
-------------------------------------
[Pr Epoch : 15/20]
Pr_Src_cls_loss	: 0.6434
-------------------------------------
[Pr Epoch : 16/20]
Pr_Src_cls_loss	: 0.6199
-------------------------------------
[Pr Epoch : 17/20]
Pr_Src_cls_loss	: 0.5979
-------------------------------------
[Pr Epoch : 18/20]
Pr_Src_cls_loss	: 0.5771
-------------------------------------
[Pr Epoch : 19/20]
Pr_Src_cls_loss	: 0.5575
-------------------------------------
[Pr Epoch : 20/20]
Pr_Src_cls_loss	: 0.5390
-------------------------------------
[Epoch : 1/20]
Pr_Src_cls_loss	: 0.5390
Total_loss	: 0.0917
OT Loss	: 0.3086
Entropic Loss	: -0.5358
Src_cls_loss	: 0.1646
-------------------------------------
[Epoch : 2/20]
Pr_Src_cls_loss	: 0.5390
Total_loss	: 0.1533
OT Loss	: 0.3111
Entropic Loss	: -0.4671
Src_cls_loss	: 0.1537
-------------------------------------
[Epoch : 3/20]
Pr_Src_cls_loss	: 0.5390
Total_loss	: 0.1869
OT Loss	: 0.2946
Entropic Loss	: -0.4006
Src_cls_loss	: 0.1455
-------------------------------------
[Epoch : 4/20]
Pr_Src_cls_loss	: 0.5390
Total_loss	: 0.1916
OT Loss	: 0.2948
Entropic Loss	: -0.3869
Src_cls_loss	: 0.1363
-------------------------------------
[Epoch : 5/20]
Pr_Src_cls_loss	: 0.5390
Total_loss	: 0.2176
OT Loss	: 0.2964
Entropic Loss	: -0.3697
Src_cls_loss	: 0.1426
-------------------------------------
[Epoch : 6/20]
Pr_Src_cls_loss	: 0.5390
Total_loss	: 0.2119
OT Loss	: 0.2892
Entropic Loss	: -0.3617
Src_cls_loss	: 0.1397
-------------------------------------
[Epoch : 7/20]
Pr_Src_cls_loss	: 0.5390
Total_loss	: 0.2307
OT Loss	: 0.2874
Entropic Loss	: -0.3431
Src_cls_loss	: 0.1428
-------------------------------------
[Epoch : 8/20]
Pr_Src_cls_loss	: 0.5390
Total_loss	: 0.2189
OT Loss	: 0.2793
Entropic Loss	: -0.3362
Src_cls_loss	: 0.1362
-------------------------------------
[Epoch : 9/20]
Pr_Src_cls_loss	: 0.5390
Total_loss	: 0.2328
OT Loss	: 0.2730
Entropic Loss	: -0.3194
Src_cls_loss	: 0.1426
-------------------------------------
[Epoch : 10/20]
Pr_Src_cls_loss	: 0.5390
Total_loss	: 0.2416
OT Loss	: 0.2721
Entropic Loss	: -0.3105
Src_cls_loss	: 0.1439
-------------------------------------
[Epoch : 11/20]
Pr_Src_cls_loss	: 0.5390
Total_loss	: 0.2362
OT Loss	: 0.2658
Entropic Loss	: -0.2998
Src_cls_loss	: 0.1373
-------------------------------------
[Epoch : 12/20]
Pr_Src_cls_loss	: 0.5390
Total_loss	: 0.2394
OT Loss	: 0.2685
Entropic Loss	: -0.2959
Src_cls_loss	: 0.1325
-------------------------------------
[Epoch : 13/20]
Pr_Src_cls_loss	: 0.5390
Total_loss	: 0.2424
OT Loss	: 0.2695
Entropic Loss	: -0.2884
Src_cls_loss	: 0.1266
-------------------------------------
[Epoch : 14/20]
Pr_Src_cls_loss	: 0.5390
Total_loss	: 0.2470
OT Loss	: 0.2671
Entropic Loss	: -0.2830
Src_cls_loss	: 0.1294
-------------------------------------
[Epoch : 15/20]
Pr_Src_cls_loss	: 0.5390
Total_loss	: 0.2563
OT Loss	: 0.2655
Entropic Loss	: -0.2694
Src_cls_loss	: 0.1273
-------------------------------------
[Epoch : 16/20]
Pr_Src_cls_loss	: 0.5390
Total_loss	: 0.2613
OT Loss	: 0.2640
Entropic Loss	: -0.2604
Src_cls_loss	: 0.1256
-------------------------------------
[Epoch : 17/20]
Pr_Src_cls_loss	: 0.5390
Total_loss	: 0.2658
OT Loss	: 0.2643
Entropic Loss	: -0.2524
Src_cls_loss	: 0.1218
-------------------------------------
[Epoch : 18/20]
Pr_Src_cls_loss	: 0.5390
Total_loss	: 0.2650
OT Loss	: 0.2621
Entropic Loss	: -0.2458
Src_cls_loss	: 0.1176
-------------------------------------
[Epoch : 19/20]
Pr_Src_cls_loss	: 0.5390
Total_loss	: 0.2651
OT Loss	: 0.2592
Entropic Loss	: -0.2391
Src_cls_loss	: 0.1154
-------------------------------------
[Epoch : 20/20]
Pr_Src_cls_loss	: 0.5390
Total_loss	: 0.2704
OT Loss	: 0.2597
Entropic Loss	: -0.2312
Src_cls_loss	: 0.1121
-------------------------------------
/mnt/data/home/tp2474/OpenSet-AdaTime/trainers/abstract_trainer.py:331: FutureWarning: The behavior of DataFrame concatenation with empty or all-NA entries is deprecated. In a future version, this will no longer exclude empty or all-NA columns when determining the result dtypes. To retain the old behavior, exclude the relevant entries before the concat operation.
  table = pd.concat([table, results_df], ignore_index=True)
H_score: 0.1401, OS* (acc_c): 0.8700, UNK (acc_p): 0.0762, acc_mix: 0.2737, F1: 0.2018
Uploading logs from: /mnt/data/home/tp2474/OpenSet-AdaTime/experiments_logs/curriculum/RealWorld to Pamap2_OSDA_hard_n9_fno_mean/PPOT_OSDA_hard_n9_fno_mean/RealWorld_to_Pamap2_run_0
🏃 View run PPOT_run_0 at: http://127.0.0.1:5001/#/experiments/693721873569580674/runs/7c208ca11411408b8c2c16bf163f7de4
🧪 View experiment at: http://127.0.0.1:5001/#/experiments/693721873569580674
=============================================
Dataset: RealWorld to Pamap2_OSDA_hard_n9_fno_mean
Method:  PPOT
=============================================
Source: RealWorld ---> Target: Pamap2
Run ID: 1
=============================================
[Pr Epoch : 1/20]
Pr_Src_cls_loss	: 1.2189
-------------------------------------
[Pr Epoch : 2/20]
Pr_Src_cls_loss	: 1.1524
-------------------------------------
[Pr Epoch : 3/20]
Pr_Src_cls_loss	: 1.0953
-------------------------------------
[Pr Epoch : 4/20]
Pr_Src_cls_loss	: 1.0431
-------------------------------------
[Pr Epoch : 5/20]
Pr_Src_cls_loss	: 0.9946
-------------------------------------
[Pr Epoch : 6/20]
Pr_Src_cls_loss	: 0.9494
-------------------------------------
[Pr Epoch : 7/20]
Pr_Src_cls_loss	: 0.9074
-------------------------------------
[Pr Epoch : 8/20]
Pr_Src_cls_loss	: 0.8681
-------------------------------------
[Pr Epoch : 9/20]
Pr_Src_cls_loss	: 0.8313
-------------------------------------
[Pr Epoch : 10/20]
Pr_Src_cls_loss	: 0.7967
-------------------------------------
[Pr Epoch : 11/20]
Pr_Src_cls_loss	: 0.7643
-------------------------------------
[Pr Epoch : 12/20]
Pr_Src_cls_loss	: 0.7339
-------------------------------------
[Pr Epoch : 13/20]
Pr_Src_cls_loss	: 0.7054
-------------------------------------
[Pr Epoch : 14/20]
Pr_Src_cls_loss	: 0.6785
-------------------------------------
[Pr Epoch : 15/20]
Pr_Src_cls_loss	: 0.6532
-------------------------------------
[Pr Epoch : 16/20]
Pr_Src_cls_loss	: 0.6294
-------------------------------------
[Pr Epoch : 17/20]
Pr_Src_cls_loss	: 0.6071
-------------------------------------
[Pr Epoch : 18/20]
Pr_Src_cls_loss	: 0.5861
-------------------------------------
[Pr Epoch : 19/20]
Pr_Src_cls_loss	: 0.5662
-------------------------------------
[Pr Epoch : 20/20]
Pr_Src_cls_loss	: 0.5475
-------------------------------------
[Epoch : 1/20]
Pr_Src_cls_loss	: 0.5475
Total_loss	: 0.1011
OT Loss	: 0.3353
Entropic Loss	: -0.5496
Src_cls_loss	: 0.1477
-------------------------------------
[Epoch : 2/20]
Pr_Src_cls_loss	: 0.5475
Total_loss	: 0.0738
OT Loss	: 0.3030
Entropic Loss	: -0.5204
Src_cls_loss	: 0.1397
-------------------------------------
[Epoch : 3/20]
Pr_Src_cls_loss	: 0.5475
Total_loss	: 0.0842
OT Loss	: 0.2969
Entropic Loss	: -0.4968
Src_cls_loss	: 0.1357
-------------------------------------
[Epoch : 4/20]
Pr_Src_cls_loss	: 0.5475
Total_loss	: 0.1061
OT Loss	: 0.2981
Entropic Loss	: -0.4712
Src_cls_loss	: 0.1301
-------------------------------------
[Epoch : 5/20]
Pr_Src_cls_loss	: 0.5475
Total_loss	: 0.1083
OT Loss	: 0.2827
Entropic Loss	: -0.4454
Src_cls_loss	: 0.1297
-------------------------------------
[Epoch : 6/20]
Pr_Src_cls_loss	: 0.5475
Total_loss	: 0.1252
OT Loss	: 0.2744
Entropic Loss	: -0.4190
Src_cls_loss	: 0.1326
-------------------------------------
[Epoch : 7/20]
Pr_Src_cls_loss	: 0.5475
Total_loss	: 0.1398
OT Loss	: 0.2632
Entropic Loss	: -0.3890
Src_cls_loss	: 0.1340
-------------------------------------
[Epoch : 8/20]
Pr_Src_cls_loss	: 0.5475
Total_loss	: 0.1649
OT Loss	: 0.2566
Entropic Loss	: -0.3554
Src_cls_loss	: 0.1353
-------------------------------------
[Epoch : 9/20]
Pr_Src_cls_loss	: 0.5475
Total_loss	: 0.1751
OT Loss	: 0.2486
Entropic Loss	: -0.3331
Src_cls_loss	: 0.1352
-------------------------------------
[Epoch : 10/20]
Pr_Src_cls_loss	: 0.5475
Total_loss	: 0.1875
OT Loss	: 0.2452
Entropic Loss	: -0.3096
Src_cls_loss	: 0.1293
-------------------------------------
[Epoch : 11/20]
Pr_Src_cls_loss	: 0.5475
Total_loss	: 0.2175
OT Loss	: 0.2488
Entropic Loss	: -0.2861
Src_cls_loss	: 0.1304
-------------------------------------
[Epoch : 12/20]
Pr_Src_cls_loss	: 0.5475
Total_loss	: 0.2289
OT Loss	: 0.2435
Entropic Loss	: -0.2689
Src_cls_loss	: 0.1325
-------------------------------------
[Epoch : 13/20]
Pr_Src_cls_loss	: 0.5475
Total_loss	: 0.2310
OT Loss	: 0.2390
Entropic Loss	: -0.2564
Src_cls_loss	: 0.1289
-------------------------------------
[Epoch : 14/20]
Pr_Src_cls_loss	: 0.5475
Total_loss	: 0.2459
OT Loss	: 0.2421
Entropic Loss	: -0.2416
Src_cls_loss	: 0.1244
-------------------------------------
[Epoch : 15/20]
Pr_Src_cls_loss	: 0.5475
Total_loss	: 0.2558
OT Loss	: 0.2405
Entropic Loss	: -0.2290
Src_cls_loss	: 0.1241
-------------------------------------
[Epoch : 16/20]
Pr_Src_cls_loss	: 0.5475
Total_loss	: 0.2736
OT Loss	: 0.2460
Entropic Loss	: -0.2183
Src_cls_loss	: 0.1229
-------------------------------------
[Epoch : 17/20]
Pr_Src_cls_loss	: 0.5475
Total_loss	: 0.2760
OT Loss	: 0.2451
Entropic Loss	: -0.2105
Src_cls_loss	: 0.1189
-------------------------------------
[Epoch : 18/20]
Pr_Src_cls_loss	: 0.5475
Total_loss	: 0.2780
OT Loss	: 0.2438
Entropic Loss	: -0.2030
Src_cls_loss	: 0.1154
-------------------------------------
[Epoch : 19/20]
Pr_Src_cls_loss	: 0.5475
Total_loss	: 0.2892
OT Loss	: 0.2450
Entropic Loss	: -0.1950
Src_cls_loss	: 0.1166
-------------------------------------
[Epoch : 20/20]
Pr_Src_cls_loss	: 0.5475
Total_loss	: 0.2994
OT Loss	: 0.2479
Entropic Loss	: -0.1853
Src_cls_loss	: 0.1128
-------------------------------------
H_score: 0.1168, OS* (acc_c): 0.8723, UNK (acc_p): 0.0626, acc_mix: 0.2641, F1: 0.1834
Uploading logs from: /mnt/data/home/tp2474/OpenSet-AdaTime/experiments_logs/curriculum/RealWorld to Pamap2_OSDA_hard_n9_fno_mean/PPOT_OSDA_hard_n9_fno_mean/RealWorld_to_Pamap2_run_1
🏃 View run PPOT_run_1 at: http://127.0.0.1:5001/#/experiments/693721873569580674/runs/4913fef7622e41fbab32ab2f3e8fcc8d
🧪 View experiment at: http://127.0.0.1:5001/#/experiments/693721873569580674
=============================================
Dataset: RealWorld to Pamap2_OSDA_hard_n9_fno_mean
Method:  PPOT
=============================================
Source: RealWorld ---> Target: Pamap2
Run ID: 2
=============================================
[Pr Epoch : 1/20]
Pr_Src_cls_loss	: 1.2120
-------------------------------------
[Pr Epoch : 2/20]
Pr_Src_cls_loss	: 1.1472
-------------------------------------
[Pr Epoch : 3/20]
Pr_Src_cls_loss	: 1.0919
-------------------------------------
[Pr Epoch : 4/20]
Pr_Src_cls_loss	: 1.0402
-------------------------------------
[Pr Epoch : 5/20]
Pr_Src_cls_loss	: 0.9923
-------------------------------------
[Pr Epoch : 6/20]
Pr_Src_cls_loss	: 0.9476
-------------------------------------
[Pr Epoch : 7/20]
Pr_Src_cls_loss	: 0.9059
-------------------------------------
[Pr Epoch : 8/20]
Pr_Src_cls_loss	: 0.8670
-------------------------------------
[Pr Epoch : 9/20]
Pr_Src_cls_loss	: 0.8303
-------------------------------------
[Pr Epoch : 10/20]
Pr_Src_cls_loss	: 0.7959
-------------------------------------
[Pr Epoch : 11/20]
Pr_Src_cls_loss	: 0.7638
-------------------------------------
[Pr Epoch : 12/20]
Pr_Src_cls_loss	: 0.7335
-------------------------------------
[Pr Epoch : 13/20]
Pr_Src_cls_loss	: 0.7051
-------------------------------------
[Pr Epoch : 14/20]
Pr_Src_cls_loss	: 0.6784
-------------------------------------
[Pr Epoch : 15/20]
Pr_Src_cls_loss	: 0.6533
-------------------------------------
[Pr Epoch : 16/20]
Pr_Src_cls_loss	: 0.6297
-------------------------------------
[Pr Epoch : 17/20]
Pr_Src_cls_loss	: 0.6074
-------------------------------------
[Pr Epoch : 18/20]
Pr_Src_cls_loss	: 0.5865
-------------------------------------
[Pr Epoch : 19/20]
Pr_Src_cls_loss	: 0.5667
-------------------------------------
[Pr Epoch : 20/20]
Pr_Src_cls_loss	: 0.5480
-------------------------------------
[Epoch : 1/20]
Pr_Src_cls_loss	: 0.5480
Total_loss	: -0.0799
OT Loss	: 0.2881
Entropic Loss	: -0.6637
Src_cls_loss	: 0.1516
-------------------------------------
[Epoch : 2/20]
Pr_Src_cls_loss	: 0.5480
Total_loss	: 0.0174
OT Loss	: 0.2936
Entropic Loss	: -0.5940
Src_cls_loss	: 0.1711
-------------------------------------
[Epoch : 3/20]
Pr_Src_cls_loss	: 0.5480
Total_loss	: 0.0570
OT Loss	: 0.2937
Entropic Loss	: -0.5363
Src_cls_loss	: 0.1528
-------------------------------------
[Epoch : 4/20]
Pr_Src_cls_loss	: 0.5480
Total_loss	: 0.0941
OT Loss	: 0.2865
Entropic Loss	: -0.4825
Src_cls_loss	: 0.1467
-------------------------------------
[Epoch : 5/20]
Pr_Src_cls_loss	: 0.5480
Total_loss	: 0.1229
OT Loss	: 0.2920
Entropic Loss	: -0.4562
Src_cls_loss	: 0.1411
-------------------------------------
[Epoch : 6/20]
Pr_Src_cls_loss	: 0.5480
Total_loss	: 0.1714
OT Loss	: 0.2901
Entropic Loss	: -0.4250
Src_cls_loss	: 0.1613
-------------------------------------
[Epoch : 7/20]
Pr_Src_cls_loss	: 0.5480
Total_loss	: 0.1978
OT Loss	: 0.2856
Entropic Loss	: -0.3890
Src_cls_loss	: 0.1584
-------------------------------------
[Epoch : 8/20]
Pr_Src_cls_loss	: 0.5480
Total_loss	: 0.2213
OT Loss	: 0.2883
Entropic Loss	: -0.3669
Src_cls_loss	: 0.1559
-------------------------------------
[Epoch : 9/20]
Pr_Src_cls_loss	: 0.5480
Total_loss	: 0.2255
OT Loss	: 0.2851
Entropic Loss	: -0.3498
Src_cls_loss	: 0.1477
-------------------------------------
[Epoch : 10/20]
Pr_Src_cls_loss	: 0.5480
Total_loss	: 0.2315
OT Loss	: 0.2834
Entropic Loss	: -0.3351
Src_cls_loss	: 0.1414
-------------------------------------
[Epoch : 11/20]
Pr_Src_cls_loss	: 0.5480
Total_loss	: 0.2337
OT Loss	: 0.2766
Entropic Loss	: -0.3189
Src_cls_loss	: 0.1377
-------------------------------------
[Epoch : 12/20]
Pr_Src_cls_loss	: 0.5480
Total_loss	: 0.2338
OT Loss	: 0.2709
Entropic Loss	: -0.3056
Src_cls_loss	: 0.1330
-------------------------------------
[Epoch : 13/20]
Pr_Src_cls_loss	: 0.5480
Total_loss	: 0.2420
OT Loss	: 0.2687
Entropic Loss	: -0.2886
Src_cls_loss	: 0.1276
-------------------------------------
[Epoch : 14/20]
Pr_Src_cls_loss	: 0.5480
Total_loss	: 0.2619
OT Loss	: 0.2679
Entropic Loss	: -0.2696
Src_cls_loss	: 0.1296
-------------------------------------
[Epoch : 15/20]
Pr_Src_cls_loss	: 0.5480
Total_loss	: 0.2675
OT Loss	: 0.2668
Entropic Loss	: -0.2574
Src_cls_loss	: 0.1248
-------------------------------------
[Epoch : 16/20]
Pr_Src_cls_loss	: 0.5480
Total_loss	: 0.2852
OT Loss	: 0.2708
Entropic Loss	: -0.2418
Src_cls_loss	: 0.1208
-------------------------------------
[Epoch : 17/20]
Pr_Src_cls_loss	: 0.5480
Total_loss	: 0.2878
OT Loss	: 0.2687
Entropic Loss	: -0.2344
Src_cls_loss	: 0.1190
-------------------------------------
[Epoch : 18/20]
Pr_Src_cls_loss	: 0.5480
Total_loss	: 0.3029
OT Loss	: 0.2666
Entropic Loss	: -0.2221
Src_cls_loss	: 0.1250
-------------------------------------
[Epoch : 19/20]
Pr_Src_cls_loss	: 0.5480
Total_loss	: 0.3066
OT Loss	: 0.2654
Entropic Loss	: -0.2125
Src_cls_loss	: 0.1210
-------------------------------------
[Epoch : 20/20]
Pr_Src_cls_loss	: 0.5480
Total_loss	: 0.3114
OT Loss	: 0.2646
Entropic Loss	: -0.2033
Src_cls_loss	: 0.1178
-------------------------------------
H_score: 0.1379, OS* (acc_c): 0.8688, UNK (acc_p): 0.0749, acc_mix: 0.2724, F1: 0.1988
Uploading logs from: /mnt/data/home/tp2474/OpenSet-AdaTime/experiments_logs/curriculum/RealWorld to Pamap2_OSDA_hard_n9_fno_mean/PPOT_OSDA_hard_n9_fno_mean/RealWorld_to_Pamap2_run_2
🏃 View run PPOT_run_2 at: http://127.0.0.1:5001/#/experiments/693721873569580674/runs/c8587320f7bb4bcd92a597b230ab1474
🧪 View experiment at: http://127.0.0.1:5001/#/experiments/693721873569580674
=============================================
Dataset: RealWorld to Pamap2_OSDA_hard_n9_fno_mean
Method:  PPOT
=============================================
Source: RealWorld ---> Target: Pamap2
Run ID: 3
=============================================
[Pr Epoch : 1/20]
Pr_Src_cls_loss	: 1.2109
-------------------------------------
[Pr Epoch : 2/20]
Pr_Src_cls_loss	: 1.1460
-------------------------------------
[Pr Epoch : 3/20]
Pr_Src_cls_loss	: 1.0901
-------------------------------------
[Pr Epoch : 4/20]
Pr_Src_cls_loss	: 1.0384
-------------------------------------
[Pr Epoch : 5/20]
Pr_Src_cls_loss	: 0.9900
-------------------------------------
[Pr Epoch : 6/20]
Pr_Src_cls_loss	: 0.9451
-------------------------------------
[Pr Epoch : 7/20]
Pr_Src_cls_loss	: 0.9030
-------------------------------------
[Pr Epoch : 8/20]
Pr_Src_cls_loss	: 0.8635
-------------------------------------
[Pr Epoch : 9/20]
Pr_Src_cls_loss	: 0.8267
-------------------------------------
[Pr Epoch : 10/20]
Pr_Src_cls_loss	: 0.7923
-------------------------------------
[Pr Epoch : 11/20]
Pr_Src_cls_loss	: 0.7601
-------------------------------------
[Pr Epoch : 12/20]
Pr_Src_cls_loss	: 0.7298
-------------------------------------
[Pr Epoch : 13/20]
Pr_Src_cls_loss	: 0.7014
-------------------------------------
[Pr Epoch : 14/20]
Pr_Src_cls_loss	: 0.6746
-------------------------------------
[Pr Epoch : 15/20]
Pr_Src_cls_loss	: 0.6494
-------------------------------------
[Pr Epoch : 16/20]
Pr_Src_cls_loss	: 0.6257
-------------------------------------
[Pr Epoch : 17/20]
Pr_Src_cls_loss	: 0.6034
-------------------------------------
[Pr Epoch : 18/20]
Pr_Src_cls_loss	: 0.5825
-------------------------------------
[Pr Epoch : 19/20]
Pr_Src_cls_loss	: 0.5627
-------------------------------------
[Pr Epoch : 20/20]
Pr_Src_cls_loss	: 0.5440
-------------------------------------
[Epoch : 1/20]
Pr_Src_cls_loss	: 0.5440
Total_loss	: 0.1270
OT Loss	: 0.3075
Entropic Loss	: -0.4979
Src_cls_loss	: 0.1637
-------------------------------------
[Epoch : 2/20]
Pr_Src_cls_loss	: 0.5440
Total_loss	: 0.1584
OT Loss	: 0.2977
Entropic Loss	: -0.4470
Src_cls_loss	: 0.1588
-------------------------------------
[Epoch : 3/20]
Pr_Src_cls_loss	: 0.5440
Total_loss	: 0.2112
OT Loss	: 0.3100
Entropic Loss	: -0.4202
Src_cls_loss	: 0.1663
-------------------------------------
[Epoch : 4/20]
Pr_Src_cls_loss	: 0.5440
Total_loss	: 0.1964
OT Loss	: 0.3033
Entropic Loss	: -0.4124
Src_cls_loss	: 0.1538
-------------------------------------
[Epoch : 5/20]
Pr_Src_cls_loss	: 0.5440
Total_loss	: 0.2564
OT Loss	: 0.3136
Entropic Loss	: -0.3729
Src_cls_loss	: 0.1590
-------------------------------------
[Epoch : 6/20]
Pr_Src_cls_loss	: 0.5440
Total_loss	: 0.2406
OT Loss	: 0.3040
Entropic Loss	: -0.3664
Src_cls_loss	: 0.1510
-------------------------------------
[Epoch : 7/20]
Pr_Src_cls_loss	: 0.5440
Total_loss	: 0.2485
OT Loss	: 0.3041
Entropic Loss	: -0.3590
Src_cls_loss	: 0.1513
-------------------------------------
[Epoch : 8/20]
Pr_Src_cls_loss	: 0.5440
Total_loss	: 0.2656
OT Loss	: 0.3107
Entropic Loss	: -0.3445
Src_cls_loss	: 0.1440
-------------------------------------
[Epoch : 9/20]
Pr_Src_cls_loss	: 0.5440
Total_loss	: 0.2583
OT Loss	: 0.3051
Entropic Loss	: -0.3376
Src_cls_loss	: 0.1383
-------------------------------------
[Epoch : 10/20]
Pr_Src_cls_loss	: 0.5440
Total_loss	: 0.2554
OT Loss	: 0.2960
Entropic Loss	: -0.3215
Src_cls_loss	: 0.1329
-------------------------------------
[Epoch : 11/20]
Pr_Src_cls_loss	: 0.5440
Total_loss	: 0.2467
OT Loss	: 0.2901
Entropic Loss	: -0.3164
Src_cls_loss	: 0.1280
-------------------------------------
[Epoch : 12/20]
Pr_Src_cls_loss	: 0.5440
Total_loss	: 0.2413
OT Loss	: 0.2858
Entropic Loss	: -0.3106
Src_cls_loss	: 0.1231
-------------------------------------
[Epoch : 13/20]
Pr_Src_cls_loss	: 0.5440
Total_loss	: 0.2333
OT Loss	: 0.2787
Entropic Loss	: -0.3026
Src_cls_loss	: 0.1179
-------------------------------------
[Epoch : 14/20]
Pr_Src_cls_loss	: 0.5440
Total_loss	: 0.2309
OT Loss	: 0.2709
Entropic Loss	: -0.2889
Src_cls_loss	: 0.1134
-------------------------------------
[Epoch : 15/20]
Pr_Src_cls_loss	: 0.5440
Total_loss	: 0.2293
OT Loss	: 0.2648
Entropic Loss	: -0.2789
Src_cls_loss	: 0.1109
-------------------------------------
[Epoch : 16/20]
Pr_Src_cls_loss	: 0.5440
Total_loss	: 0.2395
OT Loss	: 0.2643
Entropic Loss	: -0.2672
Src_cls_loss	: 0.1102
-------------------------------------
[Epoch : 17/20]
Pr_Src_cls_loss	: 0.5440
Total_loss	: 0.2453
OT Loss	: 0.2620
Entropic Loss	: -0.2562
Src_cls_loss	: 0.1084
-------------------------------------
[Epoch : 18/20]
Pr_Src_cls_loss	: 0.5440
Total_loss	: 0.2516
OT Loss	: 0.2628
Entropic Loss	: -0.2483
Src_cls_loss	: 0.1057
-------------------------------------
[Epoch : 19/20]
Pr_Src_cls_loss	: 0.5440
Total_loss	: 0.2553
OT Loss	: 0.2615
Entropic Loss	: -0.2401
Src_cls_loss	: 0.1031
-------------------------------------
[Epoch : 20/20]
Pr_Src_cls_loss	: 0.5440
Total_loss	: 0.2558
OT Loss	: 0.2597
Entropic Loss	: -0.2347
Src_cls_loss	: 0.1010
-------------------------------------
H_score: 0.1230, OS* (acc_c): 0.8589, UNK (acc_p): 0.0662, acc_mix: 0.2635, F1: 0.1866
Uploading logs from: /mnt/data/home/tp2474/OpenSet-AdaTime/experiments_logs/curriculum/RealWorld to Pamap2_OSDA_hard_n9_fno_mean/PPOT_OSDA_hard_n9_fno_mean/RealWorld_to_Pamap2_run_3
🏃 View run PPOT_run_3 at: http://127.0.0.1:5001/#/experiments/693721873569580674/runs/79839628397349e1b1260f11dcab4ec7
🧪 View experiment at: http://127.0.0.1:5001/#/experiments/693721873569580674
=============================================
Dataset: RealWorld to Pamap2_OSDA_hard_n9_fno_mean
Method:  PPOT
=============================================
Source: RealWorld ---> Target: Pamap2
Run ID: 4
=============================================
[Pr Epoch : 1/20]
Pr_Src_cls_loss	: 1.2072
-------------------------------------
[Pr Epoch : 2/20]
Pr_Src_cls_loss	: 1.1423
-------------------------------------
[Pr Epoch : 3/20]
Pr_Src_cls_loss	: 1.0861
-------------------------------------
[Pr Epoch : 4/20]
Pr_Src_cls_loss	: 1.0347
-------------------------------------
[Pr Epoch : 5/20]
Pr_Src_cls_loss	: 0.9870
-------------------------------------
[Pr Epoch : 6/20]
Pr_Src_cls_loss	: 0.9425
-------------------------------------
[Pr Epoch : 7/20]
Pr_Src_cls_loss	: 0.9008
-------------------------------------
[Pr Epoch : 8/20]
Pr_Src_cls_loss	: 0.8617
-------------------------------------
[Pr Epoch : 9/20]
Pr_Src_cls_loss	: 0.8251
-------------------------------------
[Pr Epoch : 10/20]
Pr_Src_cls_loss	: 0.7906
-------------------------------------
[Pr Epoch : 11/20]
Pr_Src_cls_loss	: 0.7584
-------------------------------------
[Pr Epoch : 12/20]
Pr_Src_cls_loss	: 0.7282
-------------------------------------
[Pr Epoch : 13/20]
Pr_Src_cls_loss	: 0.6998
-------------------------------------
[Pr Epoch : 14/20]
Pr_Src_cls_loss	: 0.6731
-------------------------------------
[Pr Epoch : 15/20]
Pr_Src_cls_loss	: 0.6481
-------------------------------------
[Pr Epoch : 16/20]
Pr_Src_cls_loss	: 0.6246
-------------------------------------
[Pr Epoch : 17/20]
Pr_Src_cls_loss	: 0.6024
-------------------------------------
[Pr Epoch : 18/20]
Pr_Src_cls_loss	: 0.5815
-------------------------------------
[Pr Epoch : 19/20]
Pr_Src_cls_loss	: 0.5619
-------------------------------------
[Pr Epoch : 20/20]
Pr_Src_cls_loss	: 0.5433
-------------------------------------
[Epoch : 1/20]
Pr_Src_cls_loss	: 0.5433
Total_loss	: 0.0887
OT Loss	: 0.3224
Entropic Loss	: -0.6106
Src_cls_loss	: 0.2158
-------------------------------------
[Epoch : 2/20]
Pr_Src_cls_loss	: 0.5433
Total_loss	: 0.1102
OT Loss	: 0.3028
Entropic Loss	: -0.5365
Src_cls_loss	: 0.1925
-------------------------------------
[Epoch : 3/20]
Pr_Src_cls_loss	: 0.5433
Total_loss	: 0.1825
OT Loss	: 0.3091
Entropic Loss	: -0.4598
Src_cls_loss	: 0.1786
-------------------------------------
[Epoch : 4/20]
Pr_Src_cls_loss	: 0.5433
Total_loss	: 0.2477
OT Loss	: 0.3053
Entropic Loss	: -0.3915
Src_cls_loss	: 0.1812
-------------------------------------
[Epoch : 5/20]
Pr_Src_cls_loss	: 0.5433
Total_loss	: 0.2815
OT Loss	: 0.3063
Entropic Loss	: -0.3542
Src_cls_loss	: 0.1761
-------------------------------------
[Epoch : 6/20]
Pr_Src_cls_loss	: 0.5433
Total_loss	: 0.2792
OT Loss	: 0.2992
Entropic Loss	: -0.3321
Src_cls_loss	: 0.1626
-------------------------------------
[Epoch : 7/20]
Pr_Src_cls_loss	: 0.5433
Total_loss	: 0.3142
OT Loss	: 0.3088
Entropic Loss	: -0.3142
Src_cls_loss	: 0.1653
-------------------------------------
[Epoch : 8/20]
Pr_Src_cls_loss	: 0.5433
Total_loss	: 0.3348
OT Loss	: 0.3121
Entropic Loss	: -0.2935
Src_cls_loss	: 0.1601
-------------------------------------
[Epoch : 9/20]
Pr_Src_cls_loss	: 0.5433
Total_loss	: 0.3279
OT Loss	: 0.3029
Entropic Loss	: -0.2793
Src_cls_loss	: 0.1528
-------------------------------------
[Epoch : 10/20]
Pr_Src_cls_loss	: 0.5433
Total_loss	: 0.3197
OT Loss	: 0.2962
Entropic Loss	: -0.2721
Src_cls_loss	: 0.1476
-------------------------------------
[Epoch : 11/20]
Pr_Src_cls_loss	: 0.5433
Total_loss	: 0.3377
OT Loss	: 0.2951
Entropic Loss	: -0.2487
Src_cls_loss	: 0.1437
-------------------------------------
[Epoch : 12/20]
Pr_Src_cls_loss	: 0.5433
Total_loss	: 0.3364
OT Loss	: 0.2890
Entropic Loss	: -0.2372
Src_cls_loss	: 0.1401
-------------------------------------
[Epoch : 13/20]
Pr_Src_cls_loss	: 0.5433
Total_loss	: 0.3485
OT Loss	: 0.2903
Entropic Loss	: -0.2257
Src_cls_loss	: 0.1388
-------------------------------------
[Epoch : 14/20]
Pr_Src_cls_loss	: 0.5433
Total_loss	: 0.3459
OT Loss	: 0.2870
Entropic Loss	: -0.2194
Src_cls_loss	: 0.1348
-------------------------------------
[Epoch : 15/20]
Pr_Src_cls_loss	: 0.5433
Total_loss	: 0.3425
OT Loss	: 0.2825
Entropic Loss	: -0.2153
Src_cls_loss	: 0.1340
-------------------------------------
[Epoch : 16/20]
Pr_Src_cls_loss	: 0.5433
Total_loss	: 0.3438
OT Loss	: 0.2796
Entropic Loss	: -0.2064
Src_cls_loss	: 0.1307
-------------------------------------
[Epoch : 17/20]
Pr_Src_cls_loss	: 0.5433
Total_loss	: 0.3382
OT Loss	: 0.2750
Entropic Loss	: -0.2023
Src_cls_loss	: 0.1280
-------------------------------------
[Epoch : 18/20]
Pr_Src_cls_loss	: 0.5433
Total_loss	: 0.3322
OT Loss	: 0.2711
Entropic Loss	: -0.1984
Src_cls_loss	: 0.1240
-------------------------------------
[Epoch : 19/20]
Pr_Src_cls_loss	: 0.5433
Total_loss	: 0.3327
OT Loss	: 0.2694
Entropic Loss	: -0.1943
Src_cls_loss	: 0.1229
-------------------------------------
[Epoch : 20/20]
Pr_Src_cls_loss	: 0.5433
Total_loss	: 0.3279
OT Loss	: 0.2660
Entropic Loss	: -0.1904
Src_cls_loss	: 0.1193
-------------------------------------
H_score: 0.1468, OS* (acc_c): 0.7824, UNK (acc_p): 0.0810, acc_mix: 0.2555, F1: 0.1985
Uploading logs from: /mnt/data/home/tp2474/OpenSet-AdaTime/experiments_logs/curriculum/RealWorld to Pamap2_OSDA_hard_n9_fno_mean/PPOT_OSDA_hard_n9_fno_mean/RealWorld_to_Pamap2_run_4
🏃 View run PPOT_run_4 at: http://127.0.0.1:5001/#/experiments/693721873569580674/runs/d9e11dc23a184611a4240cde19d6ab71
🧪 View experiment at: http://127.0.0.1:5001/#/experiments/693721873569580674
==================== [n9 fno_mean] RAINCOAT ====================
[curriculum] scenario=OSDA  strategy=hard  n_unknown=9  rank_variant=fno_mean
[curriculum] source mapping (4 classes): {'lying': 'lying', 'sitting': 'sitting', 'walking': 'walking', 'running': 'running'}
[curriculum] target mapping (13 classes): {'lying': 'lying', 'sitting': 'sitting', 'walking': 'walking', 'running': 'running', 'ascending stairs': 'ascending stairs', 'cycling': 'cycling', 'descending stairs': 'descending stairs', 'ironing': 'ironing', 'Nordic walking': 'Nordic walking', 'other (transient activities)': 'other (transient activities)', 'rope jumping': 'rope jumping', 'standing': 'standing', 'vacuum cleaning': 'vacuum cleaning'}
[curriculum] unknowns added (in hard order): ['ascending stairs', 'cycling', 'descending stairs', 'ironing', 'Nordic walking', 'other (transient activities)', 'rope jumping', 'standing', 'vacuum cleaning']
[scenario] RAINCOAT -> UniDA (uniDA=True)
Unlabeled data shape:  (19138, 150, 18)
Unlabelled Combined shape: (31801, 150, 18)

--- Dataloader Size Check ---
Source Train batches:   296
Target Train batches:   299
-------------------------------

Private classes:  tensor([ 4.,  5.,  6.,  7.,  8.,  9., 10., 11., 12.])
=============================================
Dataset: RealWorld to Pamap2_OSDA_hard_n9_fno_mean
Method:  RAINCOAT
=============================================
Source: RealWorld ---> Target: Pamap2
Run ID: 0
=============================================
[Align Epoch : 1/20]
Src_cls_loss	: 0.2303
Sink	: 0.4762
Recon	: 23.0701
-------------------------------------
[Align Epoch : 2/20]
Src_cls_loss	: 0.1840
Sink	: 0.3624
Recon	: 22.7094
-------------------------------------
[Align Epoch : 3/20]
Src_cls_loss	: 0.1635
Sink	: 0.2911
Recon	: 22.3600
-------------------------------------
[Align Epoch : 4/20]
Src_cls_loss	: 0.1506
Sink	: 0.2458
Recon	: 22.0422
-------------------------------------
[Align Epoch : 5/20]
Src_cls_loss	: 0.1404
Sink	: 0.2175
Recon	: 21.7478
-------------------------------------
[Align Epoch : 6/20]
Src_cls_loss	: 0.1318
Sink	: 0.2003
Recon	: 21.4730
-------------------------------------
[Align Epoch : 7/20]
Src_cls_loss	: 0.1248
Sink	: 0.1901
Recon	: 21.2146
-------------------------------------
[Align Epoch : 8/20]
Src_cls_loss	: 0.1189
Sink	: 0.1856
Recon	: 20.9679
-------------------------------------
[Align Epoch : 9/20]
Src_cls_loss	: 0.1136
Sink	: 0.1857
Recon	: 20.7303
-------------------------------------
[Align Epoch : 10/20]
Src_cls_loss	: 0.1090
Sink	: 0.1906
Recon	: 20.4917
-------------------------------------
[Align Epoch : 11/20]
Src_cls_loss	: 0.1049
Sink	: 0.1982
Recon	: 20.2454
-------------------------------------
[Align Epoch : 12/20]
Src_cls_loss	: 0.1012
Sink	: 0.2056
Recon	: 20.0060
-------------------------------------
[Align Epoch : 13/20]
Src_cls_loss	: 0.0978
Sink	: 0.2126
Recon	: 19.7814
-------------------------------------
[Align Epoch : 14/20]
Src_cls_loss	: 0.0948
Sink	: 0.2191
Recon	: 19.5676
-------------------------------------
[Align Epoch : 15/20]
Src_cls_loss	: 0.0919
Sink	: 0.2256
Recon	: 19.3650
-------------------------------------
[Align Epoch : 16/20]
Src_cls_loss	: 0.0895
Sink	: 0.2321
Recon	: 19.1703
-------------------------------------
[Align Epoch : 17/20]
Src_cls_loss	: 0.0872
Sink	: 0.2386
Recon	: 18.9842
-------------------------------------
[Align Epoch : 18/20]
Src_cls_loss	: 0.0850
Sink	: 0.2449
Recon	: 18.8038
-------------------------------------
[Align Epoch : 19/20]
Src_cls_loss	: 0.0830
Sink	: 0.2510
Recon	: 18.6327
-------------------------------------
[Align Epoch : 20/20]
Src_cls_loss	: 0.0811
Sink	: 0.2566
Recon	: 18.4692
-------------------------------------
[Correct Epoch : 1/20]
Recon_correct	: 15.0843
-------------------------------------
[Correct Epoch : 2/20]
Recon_correct	: 14.9631
-------------------------------------
[Correct Epoch : 3/20]
Recon_correct	: 14.8544
-------------------------------------
[Correct Epoch : 4/20]
Recon_correct	: 14.7517
-------------------------------------
[Correct Epoch : 5/20]
Recon_correct	: 14.6576
-------------------------------------
[Correct Epoch : 6/20]
Recon_correct	: 14.5686
-------------------------------------
[Correct Epoch : 7/20]
Recon_correct	: 14.4855
-------------------------------------
[Correct Epoch : 8/20]
Recon_correct	: 14.4086
-------------------------------------
[Correct Epoch : 9/20]
Recon_correct	: 14.3358
-------------------------------------
[Correct Epoch : 10/20]
Recon_correct	: 14.2684
-------------------------------------
[Correct Epoch : 11/20]
Recon_correct	: 14.2033
-------------------------------------
[Correct Epoch : 12/20]
Recon_correct	: 14.1430
-------------------------------------
[Correct Epoch : 13/20]
Recon_correct	: 14.0830
-------------------------------------
[Correct Epoch : 14/20]
Recon_correct	: 14.0288
-------------------------------------
[Correct Epoch : 15/20]
Recon_correct	: 13.9767
-------------------------------------
[Correct Epoch : 16/20]
Recon_correct	: 13.9272
-------------------------------------
[Correct Epoch : 17/20]
Recon_correct	: 13.8797
-------------------------------------
[Correct Epoch : 18/20]
Recon_correct	: 13.8330
-------------------------------------
[Correct Epoch : 19/20]
Recon_correct	: 13.7892
-------------------------------------
[Correct Epoch : 20/20]
Recon_correct	: 13.7467
-------------------------------------
/mnt/data/home/tp2474/OpenSet-AdaTime/trainers/abstract_trainer.py:331: FutureWarning: The behavior of DataFrame concatenation with empty or all-NA entries is deprecated. In a future version, this will no longer exclude empty or all-NA columns when determining the result dtypes. To retain the old behavior, exclude the relevant entries before the concat operation.
  table = pd.concat([table, results_df], ignore_index=True)
H_score: 0.2491, OS* (acc_c): 0.2428, UNK (acc_p): 0.2558, acc_mix: 0.2526, F1: 0.2989
Uploading logs from: /mnt/data/home/tp2474/OpenSet-AdaTime/experiments_logs/curriculum/RealWorld to Pamap2_OSDA_hard_n9_fno_mean/RAINCOAT_OSDA_hard_n9_fno_mean/RealWorld_to_Pamap2_run_0
🏃 View run RAINCOAT_run_0 at: http://127.0.0.1:5001/#/experiments/693721873569580674/runs/24abc4bd80ae425aa9ba0388a73e52f1
🧪 View experiment at: http://127.0.0.1:5001/#/experiments/693721873569580674
=============================================
Dataset: RealWorld to Pamap2_OSDA_hard_n9_fno_mean
Method:  RAINCOAT
=============================================
Source: RealWorld ---> Target: Pamap2
Run ID: 1
=============================================
[Align Epoch : 1/20]
Src_cls_loss	: 0.2242
Sink	: 0.5336
Recon	: 23.0402
-------------------------------------
[Align Epoch : 2/20]
Src_cls_loss	: 0.1766
Sink	: 0.4037
Recon	: 22.6501
-------------------------------------
[Align Epoch : 3/20]
Src_cls_loss	: 0.1558
Sink	: 0.3248
Recon	: 22.2874
-------------------------------------
[Align Epoch : 4/20]
Src_cls_loss	: 0.1439
Sink	: 0.2740
Recon	: 21.9495
-------------------------------------
[Align Epoch : 5/20]
Src_cls_loss	: 0.1347
Sink	: 0.2415
Recon	: 21.6345
-------------------------------------
[Align Epoch : 6/20]
Src_cls_loss	: 0.1269
Sink	: 0.2216
Recon	: 21.3405
-------------------------------------
[Align Epoch : 7/20]
Src_cls_loss	: 0.1204
Sink	: 0.2098
Recon	: 21.0635
-------------------------------------
[Align Epoch : 8/20]
Src_cls_loss	: 0.1148
Sink	: 0.2041
Recon	: 20.8009
-------------------------------------
[Align Epoch : 9/20]
Src_cls_loss	: 0.1099
Sink	: 0.2044
Recon	: 20.5430
-------------------------------------
[Align Epoch : 10/20]
Src_cls_loss	: 0.1061
Sink	: 0.2099
Recon	: 20.2789
-------------------------------------
[Align Epoch : 11/20]
Src_cls_loss	: 0.1031
Sink	: 0.2178
Recon	: 20.0071
-------------------------------------
[Align Epoch : 12/20]
Src_cls_loss	: 0.1000
Sink	: 0.2260
Recon	: 19.7427
-------------------------------------
[Align Epoch : 13/20]
Src_cls_loss	: 0.0972
Sink	: 0.2340
Recon	: 19.4918
-------------------------------------
[Align Epoch : 14/20]
Src_cls_loss	: 0.0944
Sink	: 0.2416
Recon	: 19.2553
-------------------------------------
[Align Epoch : 15/20]
Src_cls_loss	: 0.0920
Sink	: 0.2492
Recon	: 19.0317
-------------------------------------
[Align Epoch : 16/20]
Src_cls_loss	: 0.0897
Sink	: 0.2564
Recon	: 18.8199
-------------------------------------
[Align Epoch : 17/20]
Src_cls_loss	: 0.0876
Sink	: 0.2632
Recon	: 18.6186
-------------------------------------
[Align Epoch : 18/20]
Src_cls_loss	: 0.0857
Sink	: 0.2696
Recon	: 18.4287
-------------------------------------
[Align Epoch : 19/20]
Src_cls_loss	: 0.0838
Sink	: 0.2756
Recon	: 18.2477
-------------------------------------
[Align Epoch : 20/20]
Src_cls_loss	: 0.0821
Sink	: 0.2814
Recon	: 18.0745
-------------------------------------
[Correct Epoch : 1/20]
Recon_correct	: 14.4724
-------------------------------------
[Correct Epoch : 2/20]
Recon_correct	: 14.3455
-------------------------------------
[Correct Epoch : 3/20]
Recon_correct	: 14.2379
-------------------------------------
[Correct Epoch : 4/20]
Recon_correct	: 14.1395
-------------------------------------
[Correct Epoch : 5/20]
Recon_correct	: 14.0476
-------------------------------------
[Correct Epoch : 6/20]
Recon_correct	: 13.9575
-------------------------------------
[Correct Epoch : 7/20]
Recon_correct	: 13.8748
-------------------------------------
[Correct Epoch : 8/20]
Recon_correct	: 13.7992
-------------------------------------
[Correct Epoch : 9/20]
Recon_correct	: 13.7292
-------------------------------------
[Correct Epoch : 10/20]
Recon_correct	: 13.6623
-------------------------------------
[Correct Epoch : 11/20]
Recon_correct	: 13.6003
-------------------------------------
[Correct Epoch : 12/20]
Recon_correct	: 13.5397
-------------------------------------
[Correct Epoch : 13/20]
Recon_correct	: 13.4844
-------------------------------------
[Correct Epoch : 14/20]
Recon_correct	: 13.4308
-------------------------------------
[Correct Epoch : 15/20]
Recon_correct	: 13.3781
-------------------------------------
[Correct Epoch : 16/20]
Recon_correct	: 13.3292
-------------------------------------
[Correct Epoch : 17/20]
Recon_correct	: 13.2831
-------------------------------------
[Correct Epoch : 18/20]
Recon_correct	: 13.2374
-------------------------------------
[Correct Epoch : 19/20]
Recon_correct	: 13.1931
-------------------------------------
[Correct Epoch : 20/20]
Recon_correct	: 13.1520
-------------------------------------
H_score: 0.3227, OS* (acc_c): 0.2929, UNK (acc_p): 0.3591, acc_mix: 0.3426, F1: 0.3832
Uploading logs from: /mnt/data/home/tp2474/OpenSet-AdaTime/experiments_logs/curriculum/RealWorld to Pamap2_OSDA_hard_n9_fno_mean/RAINCOAT_OSDA_hard_n9_fno_mean/RealWorld_to_Pamap2_run_1
🏃 View run RAINCOAT_run_1 at: http://127.0.0.1:5001/#/experiments/693721873569580674/runs/5c5228af5e9d44838af1cdcc750c95d2
🧪 View experiment at: http://127.0.0.1:5001/#/experiments/693721873569580674
=============================================
Dataset: RealWorld to Pamap2_OSDA_hard_n9_fno_mean
Method:  RAINCOAT
=============================================
Source: RealWorld ---> Target: Pamap2
Run ID: 2
=============================================
[Align Epoch : 1/20]
Src_cls_loss	: 0.2244
Sink	: 0.4920
Recon	: 23.0409
-------------------------------------
[Align Epoch : 2/20]
Src_cls_loss	: 0.1780
Sink	: 0.3628
Recon	: 22.6470
-------------------------------------
[Align Epoch : 3/20]
Src_cls_loss	: 0.1586
Sink	: 0.2883
Recon	: 22.2872
-------------------------------------
[Align Epoch : 4/20]
Src_cls_loss	: 0.1458
Sink	: 0.2431
Recon	: 21.9550
-------------------------------------
[Align Epoch : 5/20]
Src_cls_loss	: 0.1360
Sink	: 0.2165
Recon	: 21.6529
-------------------------------------
[Align Epoch : 6/20]
Src_cls_loss	: 0.1278
Sink	: 0.2011
Recon	: 21.3664
-------------------------------------
[Align Epoch : 7/20]
Src_cls_loss	: 0.1210
Sink	: 0.1930
Recon	: 21.0867
-------------------------------------
[Align Epoch : 8/20]
Src_cls_loss	: 0.1151
Sink	: 0.1906
Recon	: 20.8170
-------------------------------------
[Align Epoch : 9/20]
Src_cls_loss	: 0.1102
Sink	: 0.1948
Recon	: 20.5483
-------------------------------------
[Align Epoch : 10/20]
Src_cls_loss	: 0.1064
Sink	: 0.2032
Recon	: 20.2678
-------------------------------------
[Align Epoch : 11/20]
Src_cls_loss	: 0.1028
Sink	: 0.2122
Recon	: 19.9881
-------------------------------------
[Align Epoch : 12/20]
Src_cls_loss	: 0.0996
Sink	: 0.2213
Recon	: 19.7213
-------------------------------------
[Align Epoch : 13/20]
Src_cls_loss	: 0.0965
Sink	: 0.2303
Recon	: 19.4686
-------------------------------------
[Align Epoch : 14/20]
Src_cls_loss	: 0.0938
Sink	: 0.2391
Recon	: 19.2315
-------------------------------------
[Align Epoch : 15/20]
Src_cls_loss	: 0.0913
Sink	: 0.2470
Recon	: 19.0092
-------------------------------------
[Align Epoch : 16/20]
Src_cls_loss	: 0.0890
Sink	: 0.2545
Recon	: 18.7998
-------------------------------------
[Align Epoch : 17/20]
Src_cls_loss	: 0.0869
Sink	: 0.2617
Recon	: 18.6015
-------------------------------------
[Align Epoch : 18/20]
Src_cls_loss	: 0.0850
Sink	: 0.2684
Recon	: 18.4139
-------------------------------------
[Align Epoch : 19/20]
Src_cls_loss	: 0.0831
Sink	: 0.2748
Recon	: 18.2359
-------------------------------------
[Align Epoch : 20/20]
Src_cls_loss	: 0.0814
Sink	: 0.2809
Recon	: 18.0666
-------------------------------------
[Correct Epoch : 1/20]
Recon_correct	: 14.5537
-------------------------------------
[Correct Epoch : 2/20]
Recon_correct	: 14.4322
-------------------------------------
[Correct Epoch : 3/20]
Recon_correct	: 14.3189
-------------------------------------
[Correct Epoch : 4/20]
Recon_correct	: 14.2092
-------------------------------------
[Correct Epoch : 5/20]
Recon_correct	: 14.1122
-------------------------------------
[Correct Epoch : 6/20]
Recon_correct	: 14.0238
-------------------------------------
[Correct Epoch : 7/20]
Recon_correct	: 13.9418
-------------------------------------
[Correct Epoch : 8/20]
Recon_correct	: 13.8634
-------------------------------------
[Correct Epoch : 9/20]
Recon_correct	: 13.7915
-------------------------------------
[Correct Epoch : 10/20]
Recon_correct	: 13.7235
-------------------------------------
[Correct Epoch : 11/20]
Recon_correct	: 13.6567
-------------------------------------
[Correct Epoch : 12/20]
Recon_correct	: 13.5919
-------------------------------------
[Correct Epoch : 13/20]
Recon_correct	: 13.5331
-------------------------------------
[Correct Epoch : 14/20]
Recon_correct	: 13.4761
-------------------------------------
[Correct Epoch : 15/20]
Recon_correct	: 13.4233
-------------------------------------
[Correct Epoch : 16/20]
Recon_correct	: 13.3724
-------------------------------------
[Correct Epoch : 17/20]
Recon_correct	: 13.3239
-------------------------------------
[Correct Epoch : 18/20]
Recon_correct	: 13.2787
-------------------------------------
[Correct Epoch : 19/20]
Recon_correct	: 13.2347
-------------------------------------
[Correct Epoch : 20/20]
Recon_correct	: 13.1915
-------------------------------------
H_score: 0.0013, OS* (acc_c): 0.4139, UNK (acc_p): 0.0006, acc_mix: 0.1035, F1: 0.0284
Uploading logs from: /mnt/data/home/tp2474/OpenSet-AdaTime/experiments_logs/curriculum/RealWorld to Pamap2_OSDA_hard_n9_fno_mean/RAINCOAT_OSDA_hard_n9_fno_mean/RealWorld_to_Pamap2_run_2
🏃 View run RAINCOAT_run_2 at: http://127.0.0.1:5001/#/experiments/693721873569580674/runs/6180c2c2c9704d6aa01f9af8ecebf696
🧪 View experiment at: http://127.0.0.1:5001/#/experiments/693721873569580674
=============================================
Dataset: RealWorld to Pamap2_OSDA_hard_n9_fno_mean
Method:  RAINCOAT
=============================================
Source: RealWorld ---> Target: Pamap2
Run ID: 3
=============================================
[Align Epoch : 1/20]
Src_cls_loss	: 0.2233
Sink	: 0.5405
Recon	: 23.0320
-------------------------------------
[Align Epoch : 2/20]
Src_cls_loss	: 0.1756
Sink	: 0.4155
Recon	: 22.6357
-------------------------------------
[Align Epoch : 3/20]
Src_cls_loss	: 0.1543
Sink	: 0.3359
Recon	: 22.2458
-------------------------------------
[Align Epoch : 4/20]
Src_cls_loss	: 0.1426
Sink	: 0.2850
Recon	: 21.8898
-------------------------------------
[Align Epoch : 5/20]
Src_cls_loss	: 0.1330
Sink	: 0.2519
Recon	: 21.5693
-------------------------------------
[Align Epoch : 6/20]
Src_cls_loss	: 0.1250
Sink	: 0.2309
Recon	: 21.2798
-------------------------------------
[Align Epoch : 7/20]
Src_cls_loss	: 0.1187
Sink	: 0.2176
Recon	: 21.0119
-------------------------------------
[Align Epoch : 8/20]
Src_cls_loss	: 0.1129
Sink	: 0.2110
Recon	: 20.7618
-------------------------------------
[Align Epoch : 9/20]
Src_cls_loss	: 0.1081
Sink	: 0.2094
Recon	: 20.5200
-------------------------------------
[Align Epoch : 10/20]
Src_cls_loss	: 0.1038
Sink	: 0.2125
Recon	: 20.2771
-------------------------------------
[Align Epoch : 11/20]
Src_cls_loss	: 0.1002
Sink	: 0.2198
Recon	: 20.0229
-------------------------------------
[Align Epoch : 12/20]
Src_cls_loss	: 0.0970
Sink	: 0.2281
Recon	: 19.7672
-------------------------------------
[Align Epoch : 13/20]
Src_cls_loss	: 0.0942
Sink	: 0.2361
Recon	: 19.5210
-------------------------------------
[Align Epoch : 14/20]
Src_cls_loss	: 0.0914
Sink	: 0.2438
Recon	: 19.2876
-------------------------------------
[Align Epoch : 15/20]
Src_cls_loss	: 0.0889
Sink	: 0.2511
Recon	: 19.0681
-------------------------------------
[Align Epoch : 16/20]
Src_cls_loss	: 0.0868
Sink	: 0.2580
Recon	: 18.8607
-------------------------------------
[Align Epoch : 17/20]
Src_cls_loss	: 0.0846
Sink	: 0.2648
Recon	: 18.6628
-------------------------------------
[Align Epoch : 18/20]
Src_cls_loss	: 0.0827
Sink	: 0.2714
Recon	: 18.4739
-------------------------------------
[Align Epoch : 19/20]
Src_cls_loss	: 0.0809
Sink	: 0.2776
Recon	: 18.2943
-------------------------------------
[Align Epoch : 20/20]
Src_cls_loss	: 0.0791
Sink	: 0.2835
Recon	: 18.1228
-------------------------------------
[Correct Epoch : 1/20]
Recon_correct	: 14.5800
-------------------------------------
[Correct Epoch : 2/20]
Recon_correct	: 14.4491
-------------------------------------
[Correct Epoch : 3/20]
Recon_correct	: 14.3247
-------------------------------------
[Correct Epoch : 4/20]
Recon_correct	: 14.2168
-------------------------------------
[Correct Epoch : 5/20]
Recon_correct	: 14.1183
-------------------------------------
[Correct Epoch : 6/20]
Recon_correct	: 14.0277
-------------------------------------
[Correct Epoch : 7/20]
Recon_correct	: 13.9423
-------------------------------------
[Correct Epoch : 8/20]
Recon_correct	: 13.8615
-------------------------------------
[Correct Epoch : 9/20]
Recon_correct	: 13.7862
-------------------------------------
[Correct Epoch : 10/20]
Recon_correct	: 13.7166
-------------------------------------
[Correct Epoch : 11/20]
Recon_correct	: 13.6517
-------------------------------------
[Correct Epoch : 12/20]
Recon_correct	: 13.5904
-------------------------------------
[Correct Epoch : 13/20]
Recon_correct	: 13.5298
-------------------------------------
[Correct Epoch : 14/20]
Recon_correct	: 13.4731
-------------------------------------
[Correct Epoch : 15/20]
Recon_correct	: 13.4195
-------------------------------------
[Correct Epoch : 16/20]
Recon_correct	: 13.3684
-------------------------------------
[Correct Epoch : 17/20]
Recon_correct	: 13.3208
-------------------------------------
[Correct Epoch : 18/20]
Recon_correct	: 13.2742
-------------------------------------
[Correct Epoch : 19/20]
Recon_correct	: 13.2309
-------------------------------------
[Correct Epoch : 20/20]
Recon_correct	: 13.1884
-------------------------------------
H_score: 0.1806, OS* (acc_c): 0.2831, UNK (acc_p): 0.1326, acc_mix: 0.1700, F1: 0.1987
Uploading logs from: /mnt/data/home/tp2474/OpenSet-AdaTime/experiments_logs/curriculum/RealWorld to Pamap2_OSDA_hard_n9_fno_mean/RAINCOAT_OSDA_hard_n9_fno_mean/RealWorld_to_Pamap2_run_3
🏃 View run RAINCOAT_run_3 at: http://127.0.0.1:5001/#/experiments/693721873569580674/runs/88bb8608780d40ce81fda261597905a2
🧪 View experiment at: http://127.0.0.1:5001/#/experiments/693721873569580674
=============================================
Dataset: RealWorld to Pamap2_OSDA_hard_n9_fno_mean
Method:  RAINCOAT
=============================================
Source: RealWorld ---> Target: Pamap2
Run ID: 4
=============================================
[Align Epoch : 1/20]
Src_cls_loss	: 0.2367
Sink	: 0.5032
Recon	: 23.0766
-------------------------------------
[Align Epoch : 2/20]
Src_cls_loss	: 0.1866
Sink	: 0.3831
Recon	: 22.7400
-------------------------------------
[Align Epoch : 3/20]
Src_cls_loss	: 0.1620
Sink	: 0.3099
Recon	: 22.4294
-------------------------------------
[Align Epoch : 4/20]
Src_cls_loss	: 0.1482
Sink	: 0.2673
Recon	: 22.1318
-------------------------------------
[Align Epoch : 5/20]
Src_cls_loss	: 0.1385
Sink	: 0.2413
Recon	: 21.8190
-------------------------------------
[Align Epoch : 6/20]
Src_cls_loss	: 0.1313
Sink	: 0.2268
Recon	: 21.5078
-------------------------------------
[Align Epoch : 7/20]
Src_cls_loss	: 0.1257
Sink	: 0.2217
Recon	: 21.1852
-------------------------------------
[Align Epoch : 8/20]
Src_cls_loss	: 0.1208
Sink	: 0.2208
Recon	: 20.8675
-------------------------------------
[Align Epoch : 9/20]
Src_cls_loss	: 0.1162
Sink	: 0.2221
Recon	: 20.5691
-------------------------------------
[Align Epoch : 10/20]
Src_cls_loss	: 0.1120
Sink	: 0.2251
Recon	: 20.2907
-------------------------------------
[Align Epoch : 11/20]
Src_cls_loss	: 0.1084
Sink	: 0.2292
Recon	: 20.0311
-------------------------------------
[Align Epoch : 12/20]
Src_cls_loss	: 0.1050
Sink	: 0.2337
Recon	: 19.7898
-------------------------------------
[Align Epoch : 13/20]
Src_cls_loss	: 0.1020
Sink	: 0.2387
Recon	: 19.5625
-------------------------------------
[Align Epoch : 14/20]
Src_cls_loss	: 0.0992
Sink	: 0.2439
Recon	: 19.3484
-------------------------------------
[Align Epoch : 15/20]
Src_cls_loss	: 0.0966
Sink	: 0.2495
Recon	: 19.1425
-------------------------------------
[Align Epoch : 16/20]
Src_cls_loss	: 0.0942
Sink	: 0.2550
Recon	: 18.9463
-------------------------------------
[Align Epoch : 17/20]
Src_cls_loss	: 0.0919
Sink	: 0.2604
Recon	: 18.7597
-------------------------------------
[Align Epoch : 18/20]
Src_cls_loss	: 0.0898
Sink	: 0.2656
Recon	: 18.5819
-------------------------------------
[Align Epoch : 19/20]
Src_cls_loss	: 0.0880
Sink	: 0.2706
Recon	: 18.4137
-------------------------------------
[Align Epoch : 20/20]
Src_cls_loss	: 0.0861
Sink	: 0.2752
Recon	: 18.2532
-------------------------------------
[Correct Epoch : 1/20]
Recon_correct	: 14.9294
-------------------------------------
[Correct Epoch : 2/20]
Recon_correct	: 14.8076
-------------------------------------
[Correct Epoch : 3/20]
Recon_correct	: 14.6969
-------------------------------------
[Correct Epoch : 4/20]
Recon_correct	: 14.5947
-------------------------------------
[Correct Epoch : 5/20]
Recon_correct	: 14.5030
-------------------------------------
[Correct Epoch : 6/20]
Recon_correct	: 14.4202
-------------------------------------
[Correct Epoch : 7/20]
Recon_correct	: 14.3400
-------------------------------------
[Correct Epoch : 8/20]
Recon_correct	: 14.2662
-------------------------------------
[Correct Epoch : 9/20]
Recon_correct	: 14.1985
-------------------------------------
[Correct Epoch : 10/20]
Recon_correct	: 14.1341
-------------------------------------
[Correct Epoch : 11/20]
Recon_correct	: 14.0746
-------------------------------------
[Correct Epoch : 12/20]
Recon_correct	: 14.0170
-------------------------------------
[Correct Epoch : 13/20]
Recon_correct	: 13.9616
-------------------------------------
[Correct Epoch : 14/20]
Recon_correct	: 13.9098
-------------------------------------
[Correct Epoch : 15/20]
Recon_correct	: 13.8587
-------------------------------------
[Correct Epoch : 16/20]
Recon_correct	: 13.8115
-------------------------------------
[Correct Epoch : 17/20]
Recon_correct	: 13.7651
-------------------------------------
[Correct Epoch : 18/20]
Recon_correct	: 13.7215
-------------------------------------
[Correct Epoch : 19/20]
Recon_correct	: 13.6816
-------------------------------------
[Correct Epoch : 20/20]
Recon_correct	: 13.6421
-------------------------------------
H_score: 0.2841, OS* (acc_c): 0.3385, UNK (acc_p): 0.2448, acc_mix: 0.2681, F1: 0.3008
Uploading logs from: /mnt/data/home/tp2474/OpenSet-AdaTime/experiments_logs/curriculum/RealWorld to Pamap2_OSDA_hard_n9_fno_mean/RAINCOAT_OSDA_hard_n9_fno_mean/RealWorld_to_Pamap2_run_4
🏃 View run RAINCOAT_run_4 at: http://127.0.0.1:5001/#/experiments/693721873569580674/runs/223ecd6ff08e4449b9b93c85031abc48
🧪 View experiment at: http://127.0.0.1:5001/#/experiments/693721873569580674
==================== [n9 fno_mean] UniOT ====================
[curriculum] scenario=OSDA  strategy=hard  n_unknown=9  rank_variant=fno_mean
[curriculum] source mapping (4 classes): {'lying': 'lying', 'sitting': 'sitting', 'walking': 'walking', 'running': 'running'}
[curriculum] target mapping (13 classes): {'lying': 'lying', 'sitting': 'sitting', 'walking': 'walking', 'running': 'running', 'ascending stairs': 'ascending stairs', 'cycling': 'cycling', 'descending stairs': 'descending stairs', 'ironing': 'ironing', 'Nordic walking': 'Nordic walking', 'other (transient activities)': 'other (transient activities)', 'rope jumping': 'rope jumping', 'standing': 'standing', 'vacuum cleaning': 'vacuum cleaning'}
[curriculum] unknowns added (in hard order): ['ascending stairs', 'cycling', 'descending stairs', 'ironing', 'Nordic walking', 'other (transient activities)', 'rope jumping', 'standing', 'vacuum cleaning']
[scenario] UniOT -> UniDA (uniDA=True)
Unlabeled data shape:  (19138, 150, 18)
Unlabelled Combined shape: (31801, 150, 18)

--- Dataloader Size Check ---
Source Train batches:   592
Target Train batches:   598
-------------------------------

Private classes:  tensor([ 4.,  5.,  6.,  7.,  8.,  9., 10., 11., 12.])
=============================================
Dataset: RealWorld to Pamap2_OSDA_hard_n9_fno_mean
Method:  UniOT
=============================================
Source: RealWorld ---> Target: Pamap2
Run ID: 0
=============================================
[Pr Epoch : 1/20]
Pr_Src_cls_loss	: 0.1427
-------------------------------------
[Pr Epoch : 2/20]
Pr_Src_cls_loss	: 0.1168
-------------------------------------
[Pr Epoch : 3/20]
Pr_Src_cls_loss	: 0.1016
-------------------------------------
[Pr Epoch : 4/20]
Pr_Src_cls_loss	: 0.0929
-------------------------------------
[Pr Epoch : 5/20]
Pr_Src_cls_loss	: 0.0859
-------------------------------------
[Pr Epoch : 6/20]
Pr_Src_cls_loss	: 0.0812
-------------------------------------
[Pr Epoch : 7/20]
Pr_Src_cls_loss	: 0.0769
-------------------------------------
[Pr Epoch : 8/20]
Pr_Src_cls_loss	: 0.0735
-------------------------------------
[Pr Epoch : 9/20]
Pr_Src_cls_loss	: 0.0709
-------------------------------------
[Pr Epoch : 10/20]
Pr_Src_cls_loss	: 0.0682
-------------------------------------
[Pr Epoch : 11/20]
Pr_Src_cls_loss	: 0.0659
-------------------------------------
[Pr Epoch : 12/20]
Pr_Src_cls_loss	: 0.0639
-------------------------------------
[Pr Epoch : 13/20]
Pr_Src_cls_loss	: 0.0622
-------------------------------------
[Pr Epoch : 14/20]
Pr_Src_cls_loss	: 0.0606
-------------------------------------
[Pr Epoch : 15/20]
Pr_Src_cls_loss	: 0.0592
-------------------------------------
[Pr Epoch : 16/20]
Pr_Src_cls_loss	: 0.0579
-------------------------------------
[Pr Epoch : 17/20]
Pr_Src_cls_loss	: 0.0566
-------------------------------------
[Pr Epoch : 18/20]
Pr_Src_cls_loss	: 0.0556
-------------------------------------
[Pr Epoch : 19/20]
Pr_Src_cls_loss	: 0.0544
-------------------------------------
[Pr Epoch : 20/20]
Pr_Src_cls_loss	: 0.0534
-------------------------------------
/mnt/data/home/tp2474/OpenSet-AdaTime/algorithms/algorithms.py:1401: UserWarning: Implicit dimension choice for log_softmax has been deprecated. Change the call to include dim=X as an argument.
  sub_loss_local += -torch.sum(neighbor_Q[i, :] * F.log_softmax(after_cluhead_t[i, :]))
/mnt/data/home/tp2474/OpenSet-AdaTime/algorithms/algorithms.py:1402: UserWarning: Implicit dimension choice for log_softmax has been deprecated. Change the call to include dim=X as an argument.
  sub_loss_local += -torch.sum(anchor_Q[i, :] * F.log_softmax(neighbor_output[i, :]))
[Epoch : 1/20]
Pr_Src_cls_loss	: 0.0534
Total_loss	: 0.0350
loss_cls	: 0.0349
loss_PCD	: 3.5080
loss_CCD	: 0.0001
-------------------------------------
[Epoch : 2/20]
Pr_Src_cls_loss	: 0.0534
Total_loss	: 0.0323
loss_cls	: 0.0322
loss_PCD	: 3.5375
loss_CCD	: 0.0002
-------------------------------------
[Epoch : 3/20]
Pr_Src_cls_loss	: 0.0534
Total_loss	: 0.0323
loss_cls	: 0.0322
loss_PCD	: 3.5695
loss_CCD	: 0.0002
-------------------------------------
[Epoch : 4/20]
Pr_Src_cls_loss	: 0.0534
Total_loss	: 0.0311
loss_cls	: 0.0310
loss_PCD	: 3.5756
loss_CCD	: 0.0001
-------------------------------------
[Epoch : 5/20]
Pr_Src_cls_loss	: 0.0534
Total_loss	: 0.0307
loss_cls	: 0.0306
loss_PCD	: 3.5879
loss_CCD	: 0.0001
-------------------------------------
[Epoch : 6/20]
Pr_Src_cls_loss	: 0.0534
Total_loss	: 0.0307
loss_cls	: 0.0307
loss_PCD	: 3.6002
loss_CCD	: 0.0001
-------------------------------------
[Epoch : 7/20]
Pr_Src_cls_loss	: 0.0534
Total_loss	: 0.0308
loss_cls	: 0.0307
loss_PCD	: 3.6135
loss_CCD	: 0.0001
-------------------------------------
[Epoch : 8/20]
Pr_Src_cls_loss	: 0.0534
Total_loss	: 0.0306
loss_cls	: 0.0305
loss_PCD	: 3.6251
loss_CCD	: 0.0001
-------------------------------------
[Epoch : 9/20]
Pr_Src_cls_loss	: 0.0534
Total_loss	: 0.0301
loss_cls	: 0.0301
loss_PCD	: 3.6311
loss_CCD	: 0.0001
Src_cls_loss	: 0.0000
-------------------------------------
[Epoch : 10/20]
Pr_Src_cls_loss	: 0.0534
Total_loss	: 0.0298
loss_cls	: 0.0298
loss_PCD	: 3.6352
loss_CCD	: 0.0001
Src_cls_loss	: 0.0000
-------------------------------------
[Epoch : 11/20]
Pr_Src_cls_loss	: 0.0534
Total_loss	: 0.0299
loss_cls	: 0.0299
loss_PCD	: 3.6358
loss_CCD	: 0.0001
Src_cls_loss	: 0.0000
-------------------------------------
[Epoch : 12/20]
Pr_Src_cls_loss	: 0.0534
Total_loss	: 0.0297
loss_cls	: 0.0296
loss_PCD	: 3.6416
loss_CCD	: 0.0002
Src_cls_loss	: 0.0000
-------------------------------------
[Epoch : 13/20]
Pr_Src_cls_loss	: 0.0534
Total_loss	: 0.0295
loss_cls	: 0.0294
loss_PCD	: 3.6453
loss_CCD	: 0.0002
Src_cls_loss	: 0.0000
-------------------------------------
[Epoch : 14/20]
Pr_Src_cls_loss	: 0.0534
Total_loss	: 0.0292
loss_cls	: 0.0291
loss_PCD	: 3.6461
loss_CCD	: 0.0001
Src_cls_loss	: 0.0000
-------------------------------------
[Epoch : 15/20]
Pr_Src_cls_loss	: 0.0534
Total_loss	: 0.0290
loss_cls	: 0.0290
loss_PCD	: 3.6463
loss_CCD	: 0.0001
Src_cls_loss	: 0.0000
-------------------------------------
[Epoch : 16/20]
Pr_Src_cls_loss	: 0.0534
Total_loss	: 0.0288
loss_cls	: 0.0288
loss_PCD	: 3.6476
loss_CCD	: 0.0001
Src_cls_loss	: 0.0000
-------------------------------------
[Epoch : 17/20]
Pr_Src_cls_loss	: 0.0534
Total_loss	: 0.0288
loss_cls	: 0.0287
loss_PCD	: 3.6497
loss_CCD	: 0.0002
Src_cls_loss	: 0.0000
-------------------------------------
[Epoch : 18/20]
Pr_Src_cls_loss	: 0.0534
Total_loss	: 0.0287
loss_cls	: 0.0286
loss_PCD	: 3.6517
loss_CCD	: 0.0002
Src_cls_loss	: 0.0000
-------------------------------------
[Epoch : 19/20]
Pr_Src_cls_loss	: 0.0534
Total_loss	: 0.0285
loss_cls	: 0.0284
loss_PCD	: 3.6556
loss_CCD	: 0.0002
Src_cls_loss	: 0.0000
-------------------------------------
[Epoch : 20/20]
Pr_Src_cls_loss	: 0.0534
Total_loss	: 0.0283
loss_cls	: 0.0282
loss_PCD	: 3.6599
loss_CCD	: 0.0002
Src_cls_loss	: 0.0000
-------------------------------------
/mnt/data/home/tp2474/OpenSet-AdaTime/trainers/abstract_trainer.py:331: FutureWarning: The behavior of DataFrame concatenation with empty or all-NA entries is deprecated. In a future version, this will no longer exclude empty or all-NA columns when determining the result dtypes. To retain the old behavior, exclude the relevant entries before the concat operation.
  table = pd.concat([table, results_df], ignore_index=True)
H_score: 0.6891, OS* (acc_c): 0.5817, UNK (acc_p): 0.8452, acc_mix: 0.7797, F1: 0.7667
Uploading logs from: /mnt/data/home/tp2474/OpenSet-AdaTime/experiments_logs/curriculum/RealWorld to Pamap2_OSDA_hard_n9_fno_mean/UniOT_OSDA_hard_n9_fno_mean/RealWorld_to_Pamap2_run_0
🏃 View run UniOT_run_0 at: http://127.0.0.1:5001/#/experiments/693721873569580674/runs/71dcdca2ebef4b538cf94a837adf6276
🧪 View experiment at: http://127.0.0.1:5001/#/experiments/693721873569580674
=============================================
Dataset: RealWorld to Pamap2_OSDA_hard_n9_fno_mean
Method:  UniOT
=============================================
Source: RealWorld ---> Target: Pamap2
Run ID: 1
=============================================
[Pr Epoch : 1/20]
Pr_Src_cls_loss	: 0.1396
-------------------------------------
[Pr Epoch : 2/20]
Pr_Src_cls_loss	: 0.1113
-------------------------------------
[Pr Epoch : 3/20]
Pr_Src_cls_loss	: 0.0965
-------------------------------------
[Pr Epoch : 4/20]
Pr_Src_cls_loss	: 0.0885
-------------------------------------
[Pr Epoch : 5/20]
Pr_Src_cls_loss	: 0.0829
-------------------------------------
[Pr Epoch : 6/20]
Pr_Src_cls_loss	: 0.0776
-------------------------------------
[Pr Epoch : 7/20]
Pr_Src_cls_loss	: 0.0745
-------------------------------------
[Pr Epoch : 8/20]
Pr_Src_cls_loss	: 0.0714
-------------------------------------
[Pr Epoch : 9/20]
Pr_Src_cls_loss	: 0.0690
-------------------------------------
[Pr Epoch : 10/20]
Pr_Src_cls_loss	: 0.0667
-------------------------------------
[Pr Epoch : 11/20]
Pr_Src_cls_loss	: 0.0646
-------------------------------------
[Pr Epoch : 12/20]
Pr_Src_cls_loss	: 0.0629
-------------------------------------
[Pr Epoch : 13/20]
Pr_Src_cls_loss	: 0.0611
-------------------------------------
[Pr Epoch : 14/20]
Pr_Src_cls_loss	: 0.0594
-------------------------------------
[Pr Epoch : 15/20]
Pr_Src_cls_loss	: 0.0580
-------------------------------------
[Pr Epoch : 16/20]
Pr_Src_cls_loss	: 0.0566
-------------------------------------
[Pr Epoch : 17/20]
Pr_Src_cls_loss	: 0.0552
-------------------------------------
[Pr Epoch : 18/20]
Pr_Src_cls_loss	: 0.0541
-------------------------------------
[Pr Epoch : 19/20]
Pr_Src_cls_loss	: 0.0531
-------------------------------------
[Pr Epoch : 20/20]
Pr_Src_cls_loss	: 0.0521
-------------------------------------
[Epoch : 1/20]
Pr_Src_cls_loss	: 0.0521
Total_loss	: 0.0329
loss_cls	: 0.0327
loss_PCD	: 3.8098
loss_CCD	: 0.0007
-------------------------------------
[Epoch : 2/20]
Pr_Src_cls_loss	: 0.0521
Total_loss	: 0.0330
loss_cls	: 0.0328
loss_PCD	: 3.8185
loss_CCD	: 0.0005
-------------------------------------
[Epoch : 3/20]
Pr_Src_cls_loss	: 0.0521
Total_loss	: 0.0319
loss_cls	: 0.0318
loss_PCD	: 3.8229
loss_CCD	: 0.0004
-------------------------------------
[Epoch : 4/20]
Pr_Src_cls_loss	: 0.0521
Total_loss	: 0.0315
loss_cls	: 0.0314
loss_PCD	: 3.8295
loss_CCD	: 0.0004
-------------------------------------
[Epoch : 5/20]
Pr_Src_cls_loss	: 0.0521
Total_loss	: 0.0320
loss_cls	: 0.0318
loss_PCD	: 3.8457
loss_CCD	: 0.0004
-------------------------------------
[Epoch : 6/20]
Pr_Src_cls_loss	: 0.0521
Total_loss	: 0.0314
loss_cls	: 0.0312
loss_PCD	: 3.8446
loss_CCD	: 0.0004
-------------------------------------
[Epoch : 7/20]
Pr_Src_cls_loss	: 0.0521
Total_loss	: 0.0307
loss_cls	: 0.0306
loss_PCD	: 3.8479
loss_CCD	: 0.0004
-------------------------------------
[Epoch : 8/20]
Pr_Src_cls_loss	: 0.0521
Total_loss	: 0.0301
loss_cls	: 0.0300
loss_PCD	: 3.8488
loss_CCD	: 0.0003
-------------------------------------
[Epoch : 9/20]
Pr_Src_cls_loss	: 0.0521
Total_loss	: 0.0299
loss_cls	: 0.0298
loss_PCD	: 3.8519
loss_CCD	: 0.0003
Src_cls_loss	: 0.0000
-------------------------------------
[Epoch : 10/20]
Pr_Src_cls_loss	: 0.0521
Total_loss	: 0.0298
loss_cls	: 0.0297
loss_PCD	: 3.8513
loss_CCD	: 0.0003
Src_cls_loss	: 0.0000
-------------------------------------
[Epoch : 11/20]
Pr_Src_cls_loss	: 0.0521
Total_loss	: 0.0301
loss_cls	: 0.0299
loss_PCD	: 3.8554
loss_CCD	: 0.0003
Src_cls_loss	: 0.0000
-------------------------------------
[Epoch : 12/20]
Pr_Src_cls_loss	: 0.0521
Total_loss	: 0.0300
loss_cls	: 0.0299
loss_PCD	: 3.8578
loss_CCD	: 0.0003
Src_cls_loss	: 0.0000
-------------------------------------
[Epoch : 13/20]
Pr_Src_cls_loss	: 0.0521
Total_loss	: 0.0295
loss_cls	: 0.0294
loss_PCD	: 3.8573
loss_CCD	: 0.0003
Src_cls_loss	: 0.0000
-------------------------------------
[Epoch : 14/20]
Pr_Src_cls_loss	: 0.0521
Total_loss	: 0.0294
loss_cls	: 0.0292
loss_PCD	: 3.8551
loss_CCD	: 0.0003
Src_cls_loss	: 0.0000
-------------------------------------
[Epoch : 15/20]
Pr_Src_cls_loss	: 0.0521
Total_loss	: 0.0296
loss_cls	: 0.0295
loss_PCD	: 3.8508
loss_CCD	: 0.0003
Src_cls_loss	: 0.0000
-------------------------------------
[Epoch : 16/20]
Pr_Src_cls_loss	: 0.0521
Total_loss	: 0.0294
loss_cls	: 0.0293
loss_PCD	: 3.8483
loss_CCD	: 0.0003
Src_cls_loss	: 0.0000
-------------------------------------
[Epoch : 17/20]
Pr_Src_cls_loss	: 0.0521
Total_loss	: 0.0292
loss_cls	: 0.0290
loss_PCD	: 3.8491
loss_CCD	: 0.0003
Src_cls_loss	: 0.0000
-------------------------------------
[Epoch : 18/20]
Pr_Src_cls_loss	: 0.0521
Total_loss	: 0.0290
loss_cls	: 0.0289
loss_PCD	: 3.8501
loss_CCD	: 0.0003
Src_cls_loss	: 0.0000
-------------------------------------
[Epoch : 19/20]
Pr_Src_cls_loss	: 0.0521
Total_loss	: 0.0287
loss_cls	: 0.0286
loss_PCD	: 3.8491
loss_CCD	: 0.0003
Src_cls_loss	: 0.0000
-------------------------------------
[Epoch : 20/20]
Pr_Src_cls_loss	: 0.0521
Total_loss	: 0.0286
loss_cls	: 0.0285
loss_PCD	: 3.8475
loss_CCD	: 0.0003
Src_cls_loss	: 0.0000
-------------------------------------
H_score: 0.4991, OS* (acc_c): 0.3786, UNK (acc_p): 0.7320, acc_mix: 0.6441, F1: 0.6560
Uploading logs from: /mnt/data/home/tp2474/OpenSet-AdaTime/experiments_logs/curriculum/RealWorld to Pamap2_OSDA_hard_n9_fno_mean/UniOT_OSDA_hard_n9_fno_mean/RealWorld_to_Pamap2_run_1
🏃 View run UniOT_run_1 at: http://127.0.0.1:5001/#/experiments/693721873569580674/runs/ff911c9dbf0c4735b729c87fb7febd33
🧪 View experiment at: http://127.0.0.1:5001/#/experiments/693721873569580674
=============================================
Dataset: RealWorld to Pamap2_OSDA_hard_n9_fno_mean
Method:  UniOT
=============================================
Source: RealWorld ---> Target: Pamap2
Run ID: 2
=============================================
[Pr Epoch : 1/20]
Pr_Src_cls_loss	: 0.1433
-------------------------------------
[Pr Epoch : 2/20]
Pr_Src_cls_loss	: 0.1123
-------------------------------------
[Pr Epoch : 3/20]
Pr_Src_cls_loss	: 0.0993
-------------------------------------
[Pr Epoch : 4/20]
Pr_Src_cls_loss	: 0.0906
-------------------------------------
[Pr Epoch : 5/20]
Pr_Src_cls_loss	: 0.0841
-------------------------------------
[Pr Epoch : 6/20]
Pr_Src_cls_loss	: 0.0810
-------------------------------------
[Pr Epoch : 7/20]
Pr_Src_cls_loss	: 0.0767
-------------------------------------
[Pr Epoch : 8/20]
Pr_Src_cls_loss	: 0.0734
-------------------------------------
[Pr Epoch : 9/20]
Pr_Src_cls_loss	: 0.0706
-------------------------------------
[Pr Epoch : 10/20]
Pr_Src_cls_loss	: 0.0680
-------------------------------------
[Pr Epoch : 11/20]
Pr_Src_cls_loss	: 0.0657
-------------------------------------
[Pr Epoch : 12/20]
Pr_Src_cls_loss	: 0.0636
-------------------------------------
[Pr Epoch : 13/20]
Pr_Src_cls_loss	: 0.0618
-------------------------------------
[Pr Epoch : 14/20]
Pr_Src_cls_loss	: 0.0603
-------------------------------------
[Pr Epoch : 15/20]
Pr_Src_cls_loss	: 0.0588
-------------------------------------
[Pr Epoch : 16/20]
Pr_Src_cls_loss	: 0.0574
-------------------------------------
[Pr Epoch : 17/20]
Pr_Src_cls_loss	: 0.0561
-------------------------------------
[Pr Epoch : 18/20]
Pr_Src_cls_loss	: 0.0550
-------------------------------------
[Pr Epoch : 19/20]
Pr_Src_cls_loss	: 0.0539
-------------------------------------
[Pr Epoch : 20/20]
Pr_Src_cls_loss	: 0.0528
-------------------------------------
[Epoch : 1/20]
Pr_Src_cls_loss	: 0.0528
Total_loss	: 0.0361
loss_cls	: 0.0358
loss_PCD	: 3.6075
loss_CCD	: 0.0008
-------------------------------------
[Epoch : 2/20]
Pr_Src_cls_loss	: 0.0528
Total_loss	: 0.0340
loss_cls	: 0.0337
loss_PCD	: 3.6058
loss_CCD	: 0.0006
-------------------------------------
[Epoch : 3/20]
Pr_Src_cls_loss	: 0.0528
Total_loss	: 0.0330
loss_cls	: 0.0328
loss_PCD	: 3.5888
loss_CCD	: 0.0005
-------------------------------------
[Epoch : 4/20]
Pr_Src_cls_loss	: 0.0528
Total_loss	: 0.0332
loss_cls	: 0.0330
loss_PCD	: 3.5818
loss_CCD	: 0.0005
-------------------------------------
[Epoch : 5/20]
Pr_Src_cls_loss	: 0.0528
Total_loss	: 0.0330
loss_cls	: 0.0328
loss_PCD	: 3.5799
loss_CCD	: 0.0005
-------------------------------------
[Epoch : 6/20]
Pr_Src_cls_loss	: 0.0528
Total_loss	: 0.0322
loss_cls	: 0.0321
loss_PCD	: 3.5701
loss_CCD	: 0.0005
-------------------------------------
[Epoch : 7/20]
Pr_Src_cls_loss	: 0.0528
Total_loss	: 0.0319
loss_cls	: 0.0318
loss_PCD	: 3.5657
loss_CCD	: 0.0005
-------------------------------------
[Epoch : 8/20]
Pr_Src_cls_loss	: 0.0528
Total_loss	: 0.0316
loss_cls	: 0.0314
loss_PCD	: 3.5628
loss_CCD	: 0.0005
-------------------------------------
[Epoch : 9/20]
Pr_Src_cls_loss	: 0.0528
Total_loss	: 0.0317
loss_cls	: 0.0315
loss_PCD	: 3.5654
loss_CCD	: 0.0005
Src_cls_loss	: 0.0000
-------------------------------------
[Epoch : 10/20]
Pr_Src_cls_loss	: 0.0528
Total_loss	: 0.0314
loss_cls	: 0.0312
loss_PCD	: 3.5707
loss_CCD	: 0.0005
Src_cls_loss	: 0.0000
-------------------------------------
[Epoch : 11/20]
Pr_Src_cls_loss	: 0.0528
Total_loss	: 0.0311
loss_cls	: 0.0309
loss_PCD	: 3.5708
loss_CCD	: 0.0005
Src_cls_loss	: 0.0000
-------------------------------------
[Epoch : 12/20]
Pr_Src_cls_loss	: 0.0528
Total_loss	: 0.0307
loss_cls	: 0.0305
loss_PCD	: 3.5698
loss_CCD	: 0.0005
Src_cls_loss	: 0.0000
-------------------------------------
[Epoch : 13/20]
Pr_Src_cls_loss	: 0.0528
Total_loss	: 0.0303
loss_cls	: 0.0301
loss_PCD	: 3.5668
loss_CCD	: 0.0005
Src_cls_loss	: 0.0000
-------------------------------------
[Epoch : 14/20]
Pr_Src_cls_loss	: 0.0528
Total_loss	: 0.0302
loss_cls	: 0.0300
loss_PCD	: 3.5679
loss_CCD	: 0.0005
Src_cls_loss	: 0.0000
-------------------------------------
[Epoch : 15/20]
Pr_Src_cls_loss	: 0.0528
Total_loss	: 0.0298
loss_cls	: 0.0297
loss_PCD	: 3.5656
loss_CCD	: 0.0004
Src_cls_loss	: 0.0000
-------------------------------------
[Epoch : 16/20]
Pr_Src_cls_loss	: 0.0528
Total_loss	: 0.0297
loss_cls	: 0.0295
loss_PCD	: 3.5660
loss_CCD	: 0.0004
Src_cls_loss	: 0.0000
-------------------------------------
[Epoch : 17/20]
Pr_Src_cls_loss	: 0.0528
Total_loss	: 0.0295
loss_cls	: 0.0294
loss_PCD	: 3.5640
loss_CCD	: 0.0004
Src_cls_loss	: 0.0000
-------------------------------------
[Epoch : 18/20]
Pr_Src_cls_loss	: 0.0528
Total_loss	: 0.0295
loss_cls	: 0.0294
loss_PCD	: 3.5624
loss_CCD	: 0.0004
Src_cls_loss	: 0.0000
-------------------------------------
[Epoch : 19/20]
Pr_Src_cls_loss	: 0.0528
Total_loss	: 0.0294
loss_cls	: 0.0293
loss_PCD	: 3.5636
loss_CCD	: 0.0004
Src_cls_loss	: 0.0000
-------------------------------------
[Epoch : 20/20]
Pr_Src_cls_loss	: 0.0528
Total_loss	: 0.0291
loss_cls	: 0.0289
loss_PCD	: 3.5624
loss_CCD	: 0.0004
Src_cls_loss	: 0.0000
-------------------------------------
H_score: 0.5276, OS* (acc_c): 0.3965, UNK (acc_p): 0.7883, acc_mix: 0.6908, F1: 0.6912
Uploading logs from: /mnt/data/home/tp2474/OpenSet-AdaTime/experiments_logs/curriculum/RealWorld to Pamap2_OSDA_hard_n9_fno_mean/UniOT_OSDA_hard_n9_fno_mean/RealWorld_to_Pamap2_run_2
🏃 View run UniOT_run_2 at: http://127.0.0.1:5001/#/experiments/693721873569580674/runs/9bfe98be7bb34c9c92e4f2bd8e4243e7
🧪 View experiment at: http://127.0.0.1:5001/#/experiments/693721873569580674
=============================================
Dataset: RealWorld to Pamap2_OSDA_hard_n9_fno_mean
Method:  UniOT
=============================================
Source: RealWorld ---> Target: Pamap2
Run ID: 3
=============================================
[Pr Epoch : 1/20]
Pr_Src_cls_loss	: 0.1359
-------------------------------------
[Pr Epoch : 2/20]
Pr_Src_cls_loss	: 0.1085
-------------------------------------
[Pr Epoch : 3/20]
Pr_Src_cls_loss	: 0.0957
-------------------------------------
[Pr Epoch : 4/20]
Pr_Src_cls_loss	: 0.0888
-------------------------------------
[Pr Epoch : 5/20]
Pr_Src_cls_loss	: 0.0828
-------------------------------------
[Pr Epoch : 6/20]
Pr_Src_cls_loss	: 0.0783
-------------------------------------
[Pr Epoch : 7/20]
Pr_Src_cls_loss	: 0.0748
-------------------------------------
[Pr Epoch : 8/20]
Pr_Src_cls_loss	: 0.0720
-------------------------------------
[Pr Epoch : 9/20]
Pr_Src_cls_loss	: 0.0695
-------------------------------------
[Pr Epoch : 10/20]
Pr_Src_cls_loss	: 0.0670
-------------------------------------
[Pr Epoch : 11/20]
Pr_Src_cls_loss	: 0.0652
-------------------------------------
[Pr Epoch : 12/20]
Pr_Src_cls_loss	: 0.0634
-------------------------------------
[Pr Epoch : 13/20]
Pr_Src_cls_loss	: 0.0610
-------------------------------------
[Pr Epoch : 14/20]
Pr_Src_cls_loss	: 0.0595
-------------------------------------
[Pr Epoch : 15/20]
Pr_Src_cls_loss	: 0.0579
-------------------------------------
[Pr Epoch : 16/20]
Pr_Src_cls_loss	: 0.0564
-------------------------------------
[Pr Epoch : 17/20]
Pr_Src_cls_loss	: 0.0552
-------------------------------------
[Pr Epoch : 18/20]
Pr_Src_cls_loss	: 0.0540
-------------------------------------
[Pr Epoch : 19/20]
Pr_Src_cls_loss	: 0.0531
-------------------------------------
[Pr Epoch : 20/20]
Pr_Src_cls_loss	: 0.0520
-------------------------------------
[Epoch : 1/20]
Pr_Src_cls_loss	: 0.0520
Total_loss	: 0.0301
loss_cls	: 0.0301
loss_PCD	: 3.9120
loss_CCD	: 0.0002
-------------------------------------
[Epoch : 2/20]
Pr_Src_cls_loss	: 0.0520
Total_loss	: 0.0303
loss_cls	: 0.0302
loss_PCD	: 3.9324
loss_CCD	: 0.0004
-------------------------------------
[Epoch : 3/20]
Pr_Src_cls_loss	: 0.0520
Total_loss	: 0.0298
loss_cls	: 0.0297
loss_PCD	: 3.9596
loss_CCD	: 0.0003
-------------------------------------
[Epoch : 4/20]
Pr_Src_cls_loss	: 0.0520
Total_loss	: 0.0291
loss_cls	: 0.0290
loss_PCD	: 3.9625
loss_CCD	: 0.0003
-------------------------------------
[Epoch : 5/20]
Pr_Src_cls_loss	: 0.0520
Total_loss	: 0.0293
loss_cls	: 0.0292
loss_PCD	: 3.9704
loss_CCD	: 0.0003
-------------------------------------
[Epoch : 6/20]
Pr_Src_cls_loss	: 0.0520
Total_loss	: 0.0293
loss_cls	: 0.0292
loss_PCD	: 3.9823
loss_CCD	: 0.0003
-------------------------------------
[Epoch : 7/20]
Pr_Src_cls_loss	: 0.0520
Total_loss	: 0.0296
loss_cls	: 0.0295
loss_PCD	: 3.9963
loss_CCD	: 0.0003
-------------------------------------
[Epoch : 8/20]
Pr_Src_cls_loss	: 0.0520
Total_loss	: 0.0293
loss_cls	: 0.0292
loss_PCD	: 4.0078
loss_CCD	: 0.0003
-------------------------------------
[Epoch : 9/20]
Pr_Src_cls_loss	: 0.0520
Total_loss	: 0.0289
loss_cls	: 0.0288
loss_PCD	: 4.0147
loss_CCD	: 0.0004
Src_cls_loss	: 0.0000
-------------------------------------
[Epoch : 10/20]
Pr_Src_cls_loss	: 0.0520
Total_loss	: 0.0285
loss_cls	: 0.0284
loss_PCD	: 4.0186
loss_CCD	: 0.0003
Src_cls_loss	: 0.0000
-------------------------------------
[Epoch : 11/20]
Pr_Src_cls_loss	: 0.0520
Total_loss	: 0.0289
loss_cls	: 0.0287
loss_PCD	: 4.0214
loss_CCD	: 0.0003
Src_cls_loss	: 0.0000
-------------------------------------
[Epoch : 12/20]
Pr_Src_cls_loss	: 0.0520
Total_loss	: 0.0285
loss_cls	: 0.0284
loss_PCD	: 4.0247
loss_CCD	: 0.0003
Src_cls_loss	: 0.0000
-------------------------------------
[Epoch : 13/20]
Pr_Src_cls_loss	: 0.0520
Total_loss	: 0.0282
loss_cls	: 0.0281
loss_PCD	: 4.0295
loss_CCD	: 0.0003
Src_cls_loss	: 0.0000
-------------------------------------
[Epoch : 14/20]
Pr_Src_cls_loss	: 0.0520
Total_loss	: 0.0282
loss_cls	: 0.0281
loss_PCD	: 4.0300
loss_CCD	: 0.0003
Src_cls_loss	: 0.0000
-------------------------------------
[Epoch : 15/20]
Pr_Src_cls_loss	: 0.0520
Total_loss	: 0.0282
loss_cls	: 0.0281
loss_PCD	: 4.0304
loss_CCD	: 0.0003
Src_cls_loss	: 0.0000
-------------------------------------
[Epoch : 16/20]
Pr_Src_cls_loss	: 0.0520
Total_loss	: 0.0278
loss_cls	: 0.0277
loss_PCD	: 4.0288
loss_CCD	: 0.0003
Src_cls_loss	: 0.0000
-------------------------------------
[Epoch : 17/20]
Pr_Src_cls_loss	: 0.0520
Total_loss	: 0.0278
loss_cls	: 0.0277
loss_PCD	: 4.0257
loss_CCD	: 0.0003
Src_cls_loss	: 0.0000
-------------------------------------
[Epoch : 18/20]
Pr_Src_cls_loss	: 0.0520
Total_loss	: 0.0276
loss_cls	: 0.0275
loss_PCD	: 4.0200
loss_CCD	: 0.0003
Src_cls_loss	: 0.0000
-------------------------------------
[Epoch : 19/20]
Pr_Src_cls_loss	: 0.0520
Total_loss	: 0.0273
loss_cls	: 0.0272
loss_PCD	: 4.0151
loss_CCD	: 0.0003
Src_cls_loss	: 0.0000
-------------------------------------
[Epoch : 20/20]
Pr_Src_cls_loss	: 0.0520
Total_loss	: 0.0271
loss_cls	: 0.0270
loss_PCD	: 4.0089
loss_CCD	: 0.0003
Src_cls_loss	: 0.0000
-------------------------------------
H_score: 0.6464, OS* (acc_c): 0.5638, UNK (acc_p): 0.7573, acc_mix: 0.7092, F1: 0.7280
Uploading logs from: /mnt/data/home/tp2474/OpenSet-AdaTime/experiments_logs/curriculum/RealWorld to Pamap2_OSDA_hard_n9_fno_mean/UniOT_OSDA_hard_n9_fno_mean/RealWorld_to_Pamap2_run_3
🏃 View run UniOT_run_3 at: http://127.0.0.1:5001/#/experiments/693721873569580674/runs/18310fffee4041c985de5c2f4bad161b
🧪 View experiment at: http://127.0.0.1:5001/#/experiments/693721873569580674
=============================================
Dataset: RealWorld to Pamap2_OSDA_hard_n9_fno_mean
Method:  UniOT
=============================================
Source: RealWorld ---> Target: Pamap2
Run ID: 4
=============================================
[Pr Epoch : 1/20]
Pr_Src_cls_loss	: 0.1404
-------------------------------------
[Pr Epoch : 2/20]
Pr_Src_cls_loss	: 0.1073
-------------------------------------
[Pr Epoch : 3/20]
Pr_Src_cls_loss	: 0.0943
-------------------------------------
[Pr Epoch : 4/20]
Pr_Src_cls_loss	: 0.0870
-------------------------------------
[Pr Epoch : 5/20]
Pr_Src_cls_loss	: 0.0814
-------------------------------------
[Pr Epoch : 6/20]
Pr_Src_cls_loss	: 0.0772
-------------------------------------
[Pr Epoch : 7/20]
Pr_Src_cls_loss	: 0.0739
-------------------------------------
[Pr Epoch : 8/20]
Pr_Src_cls_loss	: 0.0706
-------------------------------------
[Pr Epoch : 9/20]
Pr_Src_cls_loss	: 0.0687
-------------------------------------
[Pr Epoch : 10/20]
Pr_Src_cls_loss	: 0.0660
-------------------------------------
[Pr Epoch : 11/20]
Pr_Src_cls_loss	: 0.0638
-------------------------------------
[Pr Epoch : 12/20]
Pr_Src_cls_loss	: 0.0620
-------------------------------------
[Pr Epoch : 13/20]
Pr_Src_cls_loss	: 0.0602
-------------------------------------
[Pr Epoch : 14/20]
Pr_Src_cls_loss	: 0.0586
-------------------------------------
[Pr Epoch : 15/20]
Pr_Src_cls_loss	: 0.0574
-------------------------------------
[Pr Epoch : 16/20]
Pr_Src_cls_loss	: 0.0559
-------------------------------------
[Pr Epoch : 17/20]
Pr_Src_cls_loss	: 0.0547
-------------------------------------
[Pr Epoch : 18/20]
Pr_Src_cls_loss	: 0.0534
-------------------------------------
[Pr Epoch : 19/20]
Pr_Src_cls_loss	: 0.0527
-------------------------------------
[Pr Epoch : 20/20]
Pr_Src_cls_loss	: 0.0517
-------------------------------------
[Epoch : 1/20]
Pr_Src_cls_loss	: 0.0517
Total_loss	: 0.0321
loss_cls	: 0.0319
loss_PCD	: 4.3301
loss_CCD	: 0.0006
-------------------------------------
[Epoch : 2/20]
Pr_Src_cls_loss	: 0.0517
Total_loss	: 0.0313
loss_cls	: 0.0311
loss_PCD	: 4.3194
loss_CCD	: 0.0005
-------------------------------------
[Epoch : 3/20]
Pr_Src_cls_loss	: 0.0517
Total_loss	: 0.0322
loss_cls	: 0.0320
loss_PCD	: 4.3521
loss_CCD	: 0.0004
-------------------------------------
[Epoch : 4/20]
Pr_Src_cls_loss	: 0.0517
Total_loss	: 0.0320
loss_cls	: 0.0319
loss_PCD	: 4.3855
loss_CCD	: 0.0004
-------------------------------------
[Epoch : 5/20]
Pr_Src_cls_loss	: 0.0517
Total_loss	: 0.0315
loss_cls	: 0.0314
loss_PCD	: 4.4187
loss_CCD	: 0.0004
-------------------------------------
[Epoch : 6/20]
Pr_Src_cls_loss	: 0.0517
Total_loss	: 0.0310
loss_cls	: 0.0309
loss_PCD	: 4.4157
loss_CCD	: 0.0004
-------------------------------------
[Epoch : 7/20]
Pr_Src_cls_loss	: 0.0517
Total_loss	: 0.0311
loss_cls	: 0.0309
loss_PCD	: 4.4393
loss_CCD	: 0.0004
-------------------------------------
[Epoch : 8/20]
Pr_Src_cls_loss	: 0.0517
Total_loss	: 0.0306
loss_cls	: 0.0304
loss_PCD	: 4.4401
loss_CCD	: 0.0004
-------------------------------------
[Epoch : 9/20]
Pr_Src_cls_loss	: 0.0517
Total_loss	: 0.0304
loss_cls	: 0.0302
loss_PCD	: 4.4268
loss_CCD	: 0.0004
Src_cls_loss	: 0.0000
-------------------------------------
[Epoch : 10/20]
Pr_Src_cls_loss	: 0.0517
Total_loss	: 0.0301
loss_cls	: 0.0299
loss_PCD	: 4.4184
loss_CCD	: 0.0004
Src_cls_loss	: 0.0000
-------------------------------------
[Epoch : 11/20]
Pr_Src_cls_loss	: 0.0517
Total_loss	: 0.0302
loss_cls	: 0.0300
loss_PCD	: 4.4192
loss_CCD	: 0.0004
Src_cls_loss	: 0.0000
-------------------------------------
[Epoch : 12/20]
Pr_Src_cls_loss	: 0.0517
Total_loss	: 0.0300
loss_cls	: 0.0298
loss_PCD	: 4.4145
loss_CCD	: 0.0004
Src_cls_loss	: 0.0000
-------------------------------------
[Epoch : 13/20]
Pr_Src_cls_loss	: 0.0517
Total_loss	: 0.0302
loss_cls	: 0.0300
loss_PCD	: 4.4003
loss_CCD	: 0.0004
Src_cls_loss	: 0.0000
-------------------------------------
[Epoch : 14/20]
Pr_Src_cls_loss	: 0.0517
Total_loss	: 0.0298
loss_cls	: 0.0297
loss_PCD	: 4.3914
loss_CCD	: 0.0004
Src_cls_loss	: 0.0000
-------------------------------------
[Epoch : 15/20]
Pr_Src_cls_loss	: 0.0517
Total_loss	: 0.0295
loss_cls	: 0.0293
loss_PCD	: 4.3850
loss_CCD	: 0.0004
Src_cls_loss	: 0.0000
-------------------------------------
[Epoch : 16/20]
Pr_Src_cls_loss	: 0.0517
Total_loss	: 0.0292
loss_cls	: 0.0290
loss_PCD	: 4.3803
loss_CCD	: 0.0004
Src_cls_loss	: 0.0000
-------------------------------------
[Epoch : 17/20]
Pr_Src_cls_loss	: 0.0517
Total_loss	: 0.0291
loss_cls	: 0.0290
loss_PCD	: 4.3793
loss_CCD	: 0.0004
Src_cls_loss	: 0.0000
-------------------------------------
[Epoch : 18/20]
Pr_Src_cls_loss	: 0.0517
Total_loss	: 0.0291
loss_cls	: 0.0289
loss_PCD	: 4.3784
loss_CCD	: 0.0004
Src_cls_loss	: 0.0000
-------------------------------------
[Epoch : 19/20]
Pr_Src_cls_loss	: 0.0517
Total_loss	: 0.0288
loss_cls	: 0.0286
loss_PCD	: 4.3762
loss_CCD	: 0.0004
Src_cls_loss	: 0.0000
-------------------------------------
[Epoch : 20/20]
Pr_Src_cls_loss	: 0.0517
Total_loss	: 0.0287
loss_cls	: 0.0285
loss_PCD	: 4.3731
loss_CCD	: 0.0004
Src_cls_loss	: 0.0000
-------------------------------------
H_score: 0.6261, OS* (acc_c): 0.5086, UNK (acc_p): 0.8143, acc_mix: 0.7383, F1: 0.7340
Uploading logs from: /mnt/data/home/tp2474/OpenSet-AdaTime/experiments_logs/curriculum/RealWorld to Pamap2_OSDA_hard_n9_fno_mean/UniOT_OSDA_hard_n9_fno_mean/RealWorld_to_Pamap2_run_4
🏃 View run UniOT_run_4 at: http://127.0.0.1:5001/#/experiments/693721873569580674/runs/1e59d57ec9874e0abc14f00d73fd636c
🧪 View experiment at: http://127.0.0.1:5001/#/experiments/693721873569580674
==================== [n9 fno_mean] UniJDOT ====================
[curriculum] scenario=OSDA  strategy=hard  n_unknown=9  rank_variant=fno_mean
[curriculum] source mapping (4 classes): {'lying': 'lying', 'sitting': 'sitting', 'walking': 'walking', 'running': 'running'}
[curriculum] target mapping (13 classes): {'lying': 'lying', 'sitting': 'sitting', 'walking': 'walking', 'running': 'running', 'ascending stairs': 'ascending stairs', 'cycling': 'cycling', 'descending stairs': 'descending stairs', 'ironing': 'ironing', 'Nordic walking': 'Nordic walking', 'other (transient activities)': 'other (transient activities)', 'rope jumping': 'rope jumping', 'standing': 'standing', 'vacuum cleaning': 'vacuum cleaning'}
[curriculum] unknowns added (in hard order): ['ascending stairs', 'cycling', 'descending stairs', 'ironing', 'Nordic walking', 'other (transient activities)', 'rope jumping', 'standing', 'vacuum cleaning']
[scenario] UniJDOT -> UniDA (uniDA=True)
Unlabeled data shape:  (19138, 150, 18)
Unlabelled Combined shape: (31801, 150, 18)

--- Dataloader Size Check ---
Source Train batches:   592
Target Train batches:   598
-------------------------------

Private classes:  tensor([ 4.,  5.,  6.,  7.,  8.,  9., 10., 11., 12.])
=============================================
Dataset: RealWorld to Pamap2_OSDA_hard_n9_fno_mean
Method:  UniJDOT
=============================================
Source: RealWorld ---> Target: Pamap2
Run ID: 0
=============================================
[Pr Epoch : 1/20]
Pr_Src_cls_loss	: 0.1471
-------------------------------------
[Pr Epoch : 2/20]
Pr_Src_cls_loss	: 0.1152
-------------------------------------
[Pr Epoch : 3/20]
Pr_Src_cls_loss	: 0.1001
-------------------------------------
[Pr Epoch : 4/20]
Pr_Src_cls_loss	: 0.0901
-------------------------------------
[Pr Epoch : 5/20]
Pr_Src_cls_loss	: 0.0827
-------------------------------------
[Pr Epoch : 6/20]
Pr_Src_cls_loss	: 0.0779
-------------------------------------
[Pr Epoch : 7/20]
Pr_Src_cls_loss	: 0.0739
-------------------------------------
[Pr Epoch : 8/20]
Pr_Src_cls_loss	: 0.0700
-------------------------------------
[Pr Epoch : 9/20]
Pr_Src_cls_loss	: 0.0669
-------------------------------------
[Pr Epoch : 10/20]
Pr_Src_cls_loss	: 0.0637
-------------------------------------
[Pr Epoch : 11/20]
Pr_Src_cls_loss	: 0.0614
-------------------------------------
[Pr Epoch : 12/20]
Pr_Src_cls_loss	: 0.0591
-------------------------------------
[Pr Epoch : 13/20]
Pr_Src_cls_loss	: 0.0568
-------------------------------------
[Pr Epoch : 14/20]
Pr_Src_cls_loss	: 0.0552
-------------------------------------
[Pr Epoch : 15/20]
Pr_Src_cls_loss	: 0.0538
-------------------------------------
[Pr Epoch : 16/20]
Pr_Src_cls_loss	: 0.0520
-------------------------------------
[Pr Epoch : 17/20]
Pr_Src_cls_loss	: 0.0507
-------------------------------------
[Pr Epoch : 18/20]
Pr_Src_cls_loss	: 0.0494
-------------------------------------
[Pr Epoch : 19/20]
Pr_Src_cls_loss	: 0.0483
-------------------------------------
[Pr Epoch : 20/20]
Pr_Src_cls_loss	: 0.0471
-------------------------------------
/mnt/data/home/tp2474/OpenSet-AdaTime/algorithms/algorithms.py:1865: UserWarning: Implicit dimension choice for softmax has been deprecated. Change the call to include dim=X as an argument.
  trg_soft_cen = torch.nn.functional.softmax(after_lincls_cen).double()
[Epoch : 1/20]
Pr_Src_cls_loss	: 0.0471
Total_loss	: 0.0476
loss_cls	: 0.0156
loss_align	: 0.0319
-------------------------------------
[Epoch : 2/20]
Pr_Src_cls_loss	: 0.0471
Total_loss	: 0.0440
loss_cls	: 0.0157
loss_align	: 0.0283
-------------------------------------
[Epoch : 3/20]
Pr_Src_cls_loss	: 0.0471
Total_loss	: 0.0431
loss_cls	: 0.0155
loss_align	: 0.0276
-------------------------------------
[Epoch : 4/20]
Pr_Src_cls_loss	: 0.0471
Total_loss	: 0.0419
loss_cls	: 0.0153
loss_align	: 0.0266
-------------------------------------
[Epoch : 5/20]
Pr_Src_cls_loss	: 0.0471
Total_loss	: 0.0408
loss_cls	: 0.0149
loss_align	: 0.0259
-------------------------------------
[Epoch : 6/20]
Pr_Src_cls_loss	: 0.0471
Total_loss	: 0.0399
loss_cls	: 0.0146
loss_align	: 0.0253
-------------------------------------
[Epoch : 7/20]
Pr_Src_cls_loss	: 0.0471
Total_loss	: 0.0388
loss_cls	: 0.0141
loss_align	: 0.0247
-------------------------------------
[Epoch : 8/20]
Pr_Src_cls_loss	: 0.0471
Total_loss	: 0.0379
loss_cls	: 0.0136
loss_align	: 0.0242
-------------------------------------
[Epoch : 9/20]
Pr_Src_cls_loss	: 0.0471
Total_loss	: 0.0374
loss_cls	: 0.0135
loss_align	: 0.0239
Src_cls_loss	: 0.0000
-------------------------------------
[Epoch : 10/20]
Pr_Src_cls_loss	: 0.0471
Total_loss	: 0.0371
loss_cls	: 0.0134
loss_align	: 0.0237
Src_cls_loss	: 0.0000
-------------------------------------
[Epoch : 11/20]
Pr_Src_cls_loss	: 0.0471
Total_loss	: 0.0366
loss_cls	: 0.0132
loss_align	: 0.0234
Src_cls_loss	: 0.0000
-------------------------------------
[Epoch : 12/20]
Pr_Src_cls_loss	: 0.0471
Total_loss	: 0.0361
loss_cls	: 0.0130
loss_align	: 0.0231
Src_cls_loss	: 0.0000
-------------------------------------
[Epoch : 13/20]
Pr_Src_cls_loss	: 0.0471
Total_loss	: 0.0357
loss_cls	: 0.0127
loss_align	: 0.0229
Src_cls_loss	: 0.0000
-------------------------------------
[Epoch : 14/20]
Pr_Src_cls_loss	: 0.0471
Total_loss	: 0.0352
loss_cls	: 0.0125
loss_align	: 0.0227
Src_cls_loss	: 0.0000
-------------------------------------
[Epoch : 15/20]
Pr_Src_cls_loss	: 0.0471
Total_loss	: 0.0350
loss_cls	: 0.0124
loss_align	: 0.0225
Src_cls_loss	: 0.0000
-------------------------------------
[Epoch : 16/20]
Pr_Src_cls_loss	: 0.0471
Total_loss	: 0.0345
loss_cls	: 0.0122
loss_align	: 0.0223
Src_cls_loss	: 0.0000
-------------------------------------
[Epoch : 17/20]
Pr_Src_cls_loss	: 0.0471
Total_loss	: 0.0342
loss_cls	: 0.0120
loss_align	: 0.0222
Src_cls_loss	: 0.0000
-------------------------------------
[Epoch : 18/20]
Pr_Src_cls_loss	: 0.0471
Total_loss	: 0.0341
loss_cls	: 0.0120
loss_align	: 0.0221
Src_cls_loss	: 0.0000
-------------------------------------
[Epoch : 19/20]
Pr_Src_cls_loss	: 0.0471
Total_loss	: 0.0338
loss_cls	: 0.0119
loss_align	: 0.0220
Src_cls_loss	: 0.0000
-------------------------------------
[Epoch : 20/20]
Pr_Src_cls_loss	: 0.0471
Total_loss	: 0.0336
loss_cls	: 0.0117
loss_align	: 0.0219
Src_cls_loss	: 0.0000
-------------------------------------
/mnt/data/home/tp2474/OpenSet-AdaTime/trainers/abstract_trainer.py:331: FutureWarning: The behavior of DataFrame concatenation with empty or all-NA entries is deprecated. In a future version, this will no longer exclude empty or all-NA columns when determining the result dtypes. To retain the old behavior, exclude the relevant entries before the concat operation.
  table = pd.concat([table, results_df], ignore_index=True)

[UniJDOT Debug] final_threshold = 0.7620 conf mean=0.6539 std=0.2444 reject=45.31%
[UniJDOT Eval ALL] n=19138 threshold=0.7620
[UniJDOT Eval ALL] conf: min=0.2511 max=0.8896 mean=0.6371 std=0.2433
[UniJDOT Eval ALL] rejected: 48.17%
[UniJDOT Eval ALL] pred class dist (pre-reject): [4223, 2867, 5820, 6228]
[UniJDOT Eval ALL] true label dist: [1284, 655, 1233, 1590, 14376] (last bin = unknown)
H_score: 0.5821, OS* (acc_c): 0.6354, UNK (acc_p): 0.5371, acc_mix: 0.5616, F1: 0.5998
[UniJDOT Eval ALL] n=19138 threshold=0.7620
[UniJDOT Eval ALL] conf: min=0.2511 max=0.8896 mean=0.6371 std=0.2433
[UniJDOT Eval ALL] rejected: 48.17%
[UniJDOT Eval ALL] pred class dist (pre-reject): [4223, 2867, 5820, 6228]
[UniJDOT Eval ALL] true label dist: [1284, 655, 1233, 1590, 14376] (last bin = unknown)
Uploading logs from: /mnt/data/home/tp2474/OpenSet-AdaTime/experiments_logs/curriculum/RealWorld to Pamap2_OSDA_hard_n9_fno_mean/UniJDOT_OSDA_hard_n9_fno_mean/RealWorld_to_Pamap2_run_0
🏃 View run UniJDOT_run_0 at: http://127.0.0.1:5001/#/experiments/693721873569580674/runs/6c38590daf0747abb99663d465861413
🧪 View experiment at: http://127.0.0.1:5001/#/experiments/693721873569580674
=============================================
Dataset: RealWorld to Pamap2_OSDA_hard_n9_fno_mean
Method:  UniJDOT
=============================================
Source: RealWorld ---> Target: Pamap2
Run ID: 1
=============================================
[Pr Epoch : 1/20]
Pr_Src_cls_loss	: 0.1334
-------------------------------------
[Pr Epoch : 2/20]
Pr_Src_cls_loss	: 0.1038
-------------------------------------
[Pr Epoch : 3/20]
Pr_Src_cls_loss	: 0.0919
-------------------------------------
[Pr Epoch : 4/20]
Pr_Src_cls_loss	: 0.0831
-------------------------------------
[Pr Epoch : 5/20]
Pr_Src_cls_loss	: 0.0770
-------------------------------------
[Pr Epoch : 6/20]
Pr_Src_cls_loss	: 0.0723
-------------------------------------
[Pr Epoch : 7/20]
Pr_Src_cls_loss	: 0.0695
-------------------------------------
[Pr Epoch : 8/20]
Pr_Src_cls_loss	: 0.0660
-------------------------------------
[Pr Epoch : 9/20]
Pr_Src_cls_loss	: 0.0634
-------------------------------------
[Pr Epoch : 10/20]
Pr_Src_cls_loss	: 0.0609
-------------------------------------
[Pr Epoch : 11/20]
Pr_Src_cls_loss	: 0.0585
-------------------------------------
[Pr Epoch : 12/20]
Pr_Src_cls_loss	: 0.0569
-------------------------------------
[Pr Epoch : 13/20]
Pr_Src_cls_loss	: 0.0549
-------------------------------------
[Pr Epoch : 14/20]
Pr_Src_cls_loss	: 0.0537
-------------------------------------
[Pr Epoch : 15/20]
Pr_Src_cls_loss	: 0.0521
-------------------------------------
[Pr Epoch : 16/20]
Pr_Src_cls_loss	: 0.0507
-------------------------------------
[Pr Epoch : 17/20]
Pr_Src_cls_loss	: 0.0491
-------------------------------------
[Pr Epoch : 18/20]
Pr_Src_cls_loss	: 0.0483
-------------------------------------
[Pr Epoch : 19/20]
Pr_Src_cls_loss	: 0.0471
-------------------------------------
[Pr Epoch : 20/20]
Pr_Src_cls_loss	: 0.0459
-------------------------------------
/mnt/data/home/tp2474/OpenSet-AdaTime/algorithms/algorithms.py:1865: UserWarning: Implicit dimension choice for softmax has been deprecated. Change the call to include dim=X as an argument.
  trg_soft_cen = torch.nn.functional.softmax(after_lincls_cen).double()
[Epoch : 1/20]
Pr_Src_cls_loss	: 0.0459
Total_loss	: 0.0443
loss_cls	: 0.0141
loss_align	: 0.0302
-------------------------------------
[Epoch : 2/20]
Pr_Src_cls_loss	: 0.0459
Total_loss	: 0.0371
loss_cls	: 0.0143
loss_align	: 0.0228
-------------------------------------
[Epoch : 3/20]
Pr_Src_cls_loss	: 0.0459
Total_loss	: 0.0348
loss_cls	: 0.0145
loss_align	: 0.0203
-------------------------------------
[Epoch : 4/20]
Pr_Src_cls_loss	: 0.0459
Total_loss	: 0.0341
loss_cls	: 0.0143
loss_align	: 0.0198
-------------------------------------
[Epoch : 5/20]
Pr_Src_cls_loss	: 0.0459
Total_loss	: 0.0340
loss_cls	: 0.0146
loss_align	: 0.0195
-------------------------------------
[Epoch : 6/20]
Pr_Src_cls_loss	: 0.0459
Total_loss	: 0.0334
loss_cls	: 0.0145
loss_align	: 0.0189
-------------------------------------
[Epoch : 7/20]
Pr_Src_cls_loss	: 0.0459
Total_loss	: 0.0327
loss_cls	: 0.0144
loss_align	: 0.0183
-------------------------------------
[Epoch : 8/20]
Pr_Src_cls_loss	: 0.0459
Total_loss	: 0.0319
loss_cls	: 0.0140
loss_align	: 0.0179
-------------------------------------
[Epoch : 9/20]
Pr_Src_cls_loss	: 0.0459
Total_loss	: 0.0313
loss_cls	: 0.0138
loss_align	: 0.0176
Src_cls_loss	: 0.0000
-------------------------------------
[Epoch : 10/20]
Pr_Src_cls_loss	: 0.0459
Total_loss	: 0.0309
loss_cls	: 0.0136
loss_align	: 0.0173
Src_cls_loss	: 0.0000
-------------------------------------
[Epoch : 11/20]
Pr_Src_cls_loss	: 0.0459
Total_loss	: 0.0304
loss_cls	: 0.0134
loss_align	: 0.0170
Src_cls_loss	: 0.0000
-------------------------------------
[Epoch : 12/20]
Pr_Src_cls_loss	: 0.0459
Total_loss	: 0.0302
loss_cls	: 0.0134
loss_align	: 0.0168
Src_cls_loss	: 0.0000
-------------------------------------
[Epoch : 13/20]
Pr_Src_cls_loss	: 0.0459
Total_loss	: 0.0302
loss_cls	: 0.0136
loss_align	: 0.0167
Src_cls_loss	: 0.0000
-------------------------------------
[Epoch : 14/20]
Pr_Src_cls_loss	: 0.0459
Total_loss	: 0.0300
loss_cls	: 0.0135
loss_align	: 0.0165
Src_cls_loss	: 0.0000
-------------------------------------
[Epoch : 15/20]
Pr_Src_cls_loss	: 0.0459
Total_loss	: 0.0299
loss_cls	: 0.0135
loss_align	: 0.0164
Src_cls_loss	: 0.0000
-------------------------------------
[Epoch : 16/20]
Pr_Src_cls_loss	: 0.0459
Total_loss	: 0.0297
loss_cls	: 0.0133
loss_align	: 0.0163
Src_cls_loss	: 0.0000
-------------------------------------
[Epoch : 17/20]
Pr_Src_cls_loss	: 0.0459
Total_loss	: 0.0295
loss_cls	: 0.0133
loss_align	: 0.0163
Src_cls_loss	: 0.0000
-------------------------------------
[Epoch : 18/20]
Pr_Src_cls_loss	: 0.0459
Total_loss	: 0.0294
loss_cls	: 0.0132
loss_align	: 0.0162
Src_cls_loss	: 0.0000
-------------------------------------
[Epoch : 19/20]
Pr_Src_cls_loss	: 0.0459
Total_loss	: 0.0293
loss_cls	: 0.0132
loss_align	: 0.0161
Src_cls_loss	: 0.0000
-------------------------------------
[Epoch : 20/20]
Pr_Src_cls_loss	: 0.0459
Total_loss	: 0.0292
loss_cls	: 0.0132
loss_align	: 0.0160
Src_cls_loss	: 0.0000
-------------------------------------

[UniJDOT Debug] final_threshold = 0.8757 conf mean=0.7110 std=0.2839 reject=46.88%
[UniJDOT Eval ALL] n=19138 threshold=0.8757
[UniJDOT Eval ALL] conf: min=0.2566 max=0.9791 mean=0.7315 std=0.2881
[UniJDOT Eval ALL] rejected: 41.27%
[UniJDOT Eval ALL] pred class dist (pre-reject): [4007, 2485, 6112, 6534]
[UniJDOT Eval ALL] true label dist: [1284, 655, 1233, 1590, 14376] (last bin = unknown)
H_score: 0.5689, OS* (acc_c): 0.7073, UNK (acc_p): 0.4758, acc_mix: 0.5334, F1: 0.5663
[UniJDOT Eval ALL] n=19138 threshold=0.8757
[UniJDOT Eval ALL] conf: min=0.2566 max=0.9791 mean=0.7315 std=0.2881
[UniJDOT Eval ALL] rejected: 41.27%
[UniJDOT Eval ALL] pred class dist (pre-reject): [4007, 2485, 6112, 6534]
[UniJDOT Eval ALL] true label dist: [1284, 655, 1233, 1590, 14376] (last bin = unknown)
Uploading logs from: /mnt/data/home/tp2474/OpenSet-AdaTime/experiments_logs/curriculum/RealWorld to Pamap2_OSDA_hard_n9_fno_mean/UniJDOT_OSDA_hard_n9_fno_mean/RealWorld_to_Pamap2_run_1
🏃 View run UniJDOT_run_1 at: http://127.0.0.1:5001/#/experiments/693721873569580674/runs/b77de18ce0b1418b93ec37c6647be41e
🧪 View experiment at: http://127.0.0.1:5001/#/experiments/693721873569580674
=============================================
Dataset: RealWorld to Pamap2_OSDA_hard_n9_fno_mean
Method:  UniJDOT
=============================================
Source: RealWorld ---> Target: Pamap2
Run ID: 2
=============================================
[Pr Epoch : 1/20]
Pr_Src_cls_loss	: 0.1501
-------------------------------------
[Pr Epoch : 2/20]
Pr_Src_cls_loss	: 0.1119
-------------------------------------
[Pr Epoch : 3/20]
Pr_Src_cls_loss	: 0.0955
-------------------------------------
[Pr Epoch : 4/20]
Pr_Src_cls_loss	: 0.0874
-------------------------------------
[Pr Epoch : 5/20]
Pr_Src_cls_loss	: 0.0807
-------------------------------------
[Pr Epoch : 6/20]
Pr_Src_cls_loss	: 0.0746
-------------------------------------
[Pr Epoch : 7/20]
Pr_Src_cls_loss	: 0.0703
-------------------------------------
[Pr Epoch : 8/20]
Pr_Src_cls_loss	: 0.0667
-------------------------------------
[Pr Epoch : 9/20]
Pr_Src_cls_loss	: 0.0640
-------------------------------------
[Pr Epoch : 10/20]
Pr_Src_cls_loss	: 0.0615
-------------------------------------
[Pr Epoch : 11/20]
Pr_Src_cls_loss	: 0.0592
-------------------------------------
[Pr Epoch : 12/20]
Pr_Src_cls_loss	: 0.0576
-------------------------------------
[Pr Epoch : 13/20]
Pr_Src_cls_loss	: 0.0558
-------------------------------------
[Pr Epoch : 14/20]
Pr_Src_cls_loss	: 0.0543
-------------------------------------
[Pr Epoch : 15/20]
Pr_Src_cls_loss	: 0.0527
-------------------------------------
[Pr Epoch : 16/20]
Pr_Src_cls_loss	: 0.0513
-------------------------------------
[Pr Epoch : 17/20]
Pr_Src_cls_loss	: 0.0500
-------------------------------------
[Pr Epoch : 18/20]
Pr_Src_cls_loss	: 0.0488
-------------------------------------
[Pr Epoch : 19/20]
Pr_Src_cls_loss	: 0.0479
-------------------------------------
[Pr Epoch : 20/20]
Pr_Src_cls_loss	: 0.0467
-------------------------------------
/mnt/data/home/tp2474/OpenSet-AdaTime/algorithms/algorithms.py:1865: UserWarning: Implicit dimension choice for softmax has been deprecated. Change the call to include dim=X as an argument.
  trg_soft_cen = torch.nn.functional.softmax(after_lincls_cen).double()
[Epoch : 1/20]
Pr_Src_cls_loss	: 0.0467
Total_loss	: 0.0490
loss_cls	: 0.0144
loss_align	: 0.0346
-------------------------------------
[Epoch : 2/20]
Pr_Src_cls_loss	: 0.0467
Total_loss	: 0.0416
loss_cls	: 0.0145
loss_align	: 0.0271
-------------------------------------
[Epoch : 3/20]
Pr_Src_cls_loss	: 0.0467
Total_loss	: 0.0405
loss_cls	: 0.0144
loss_align	: 0.0261
-------------------------------------
[Epoch : 4/20]
Pr_Src_cls_loss	: 0.0467
Total_loss	: 0.0400
loss_cls	: 0.0139
loss_align	: 0.0260
-------------------------------------
[Epoch : 5/20]
Pr_Src_cls_loss	: 0.0467
Total_loss	: 0.0394
loss_cls	: 0.0137
loss_align	: 0.0258
-------------------------------------
[Epoch : 6/20]
Pr_Src_cls_loss	: 0.0467
Total_loss	: 0.0387
loss_cls	: 0.0134
loss_align	: 0.0253
-------------------------------------
[Epoch : 7/20]
Pr_Src_cls_loss	: 0.0467
Total_loss	: 0.0384
loss_cls	: 0.0134
loss_align	: 0.0251
-------------------------------------
[Epoch : 8/20]
Pr_Src_cls_loss	: 0.0467
Total_loss	: 0.0381
loss_cls	: 0.0133
loss_align	: 0.0248
-------------------------------------
[Epoch : 9/20]
Pr_Src_cls_loss	: 0.0467
Total_loss	: 0.0377
loss_cls	: 0.0131
loss_align	: 0.0246
Src_cls_loss	: 0.0000
-------------------------------------
[Epoch : 10/20]
Pr_Src_cls_loss	: 0.0467
Total_loss	: 0.0372
loss_cls	: 0.0129
loss_align	: 0.0243
Src_cls_loss	: 0.0000
-------------------------------------
[Epoch : 11/20]
Pr_Src_cls_loss	: 0.0467
Total_loss	: 0.0367
loss_cls	: 0.0127
loss_align	: 0.0240
Src_cls_loss	: 0.0000
-------------------------------------
[Epoch : 12/20]
Pr_Src_cls_loss	: 0.0467
Total_loss	: 0.0362
loss_cls	: 0.0124
loss_align	: 0.0237
Src_cls_loss	: 0.0000
-------------------------------------
[Epoch : 13/20]
Pr_Src_cls_loss	: 0.0467
Total_loss	: 0.0361
loss_cls	: 0.0125
loss_align	: 0.0237
Src_cls_loss	: 0.0000
-------------------------------------
[Epoch : 14/20]
Pr_Src_cls_loss	: 0.0467
Total_loss	: 0.0359
loss_cls	: 0.0124
loss_align	: 0.0235
Src_cls_loss	: 0.0000
-------------------------------------
[Epoch : 15/20]
Pr_Src_cls_loss	: 0.0467
Total_loss	: 0.0356
loss_cls	: 0.0122
loss_align	: 0.0234
Src_cls_loss	: 0.0000
-------------------------------------
[Epoch : 16/20]
Pr_Src_cls_loss	: 0.0467
Total_loss	: 0.0354
loss_cls	: 0.0121
loss_align	: 0.0233
Src_cls_loss	: 0.0000
-------------------------------------
[Epoch : 17/20]
Pr_Src_cls_loss	: 0.0467
Total_loss	: 0.0352
loss_cls	: 0.0120
loss_align	: 0.0232
Src_cls_loss	: 0.0000
-------------------------------------
[Epoch : 18/20]
Pr_Src_cls_loss	: 0.0467
Total_loss	: 0.0349
loss_cls	: 0.0119
loss_align	: 0.0230
Src_cls_loss	: 0.0000
-------------------------------------
[Epoch : 19/20]
Pr_Src_cls_loss	: 0.0467
Total_loss	: 0.0347
loss_cls	: 0.0118
loss_align	: 0.0229
Src_cls_loss	: 0.0000
-------------------------------------
[Epoch : 20/20]
Pr_Src_cls_loss	: 0.0467
Total_loss	: 0.0344
loss_cls	: 0.0116
loss_align	: 0.0228
Src_cls_loss	: 0.0000
-------------------------------------

[UniJDOT Debug] final_threshold = 0.7297 conf mean=0.6025 std=0.2730 reject=48.44%
[UniJDOT Eval ALL] n=19138 threshold=0.7297
[UniJDOT Eval ALL] conf: min=0.2509 max=0.8902 mean=0.6208 std=0.2721
[UniJDOT Eval ALL] rejected: 43.54%
[UniJDOT Eval ALL] pred class dist (pre-reject): [2215, 6275, 4589, 6059]
[UniJDOT Eval ALL] true label dist: [1284, 655, 1233, 1590, 14376] (last bin = unknown)
H_score: 0.5960, OS* (acc_c): 0.7190, UNK (acc_p): 0.5090, acc_mix: 0.5612, F1: 0.6011
[UniJDOT Eval ALL] n=19138 threshold=0.7297
[UniJDOT Eval ALL] conf: min=0.2509 max=0.8902 mean=0.6208 std=0.2721
[UniJDOT Eval ALL] rejected: 43.54%
[UniJDOT Eval ALL] pred class dist (pre-reject): [2215, 6275, 4589, 6059]
[UniJDOT Eval ALL] true label dist: [1284, 655, 1233, 1590, 14376] (last bin = unknown)
Uploading logs from: /mnt/data/home/tp2474/OpenSet-AdaTime/experiments_logs/curriculum/RealWorld to Pamap2_OSDA_hard_n9_fno_mean/UniJDOT_OSDA_hard_n9_fno_mean/RealWorld_to_Pamap2_run_2
🏃 View run UniJDOT_run_2 at: http://127.0.0.1:5001/#/experiments/693721873569580674/runs/ee02cb478cfc431b8101b828bf6ad97e
🧪 View experiment at: http://127.0.0.1:5001/#/experiments/693721873569580674
=============================================
Dataset: RealWorld to Pamap2_OSDA_hard_n9_fno_mean
Method:  UniJDOT
=============================================
Source: RealWorld ---> Target: Pamap2
Run ID: 3
=============================================
[Pr Epoch : 1/20]
Pr_Src_cls_loss	: 0.1349
-------------------------------------
[Pr Epoch : 2/20]
Pr_Src_cls_loss	: 0.1081
-------------------------------------
[Pr Epoch : 3/20]
Pr_Src_cls_loss	: 0.0944
-------------------------------------
[Pr Epoch : 4/20]
Pr_Src_cls_loss	: 0.0865
-------------------------------------
[Pr Epoch : 5/20]
Pr_Src_cls_loss	: 0.0794
-------------------------------------
[Pr Epoch : 6/20]
Pr_Src_cls_loss	: 0.0750
-------------------------------------
[Pr Epoch : 7/20]
Pr_Src_cls_loss	: 0.0708
-------------------------------------
[Pr Epoch : 8/20]
Pr_Src_cls_loss	: 0.0677
-------------------------------------
[Pr Epoch : 9/20]
Pr_Src_cls_loss	: 0.0643
-------------------------------------
[Pr Epoch : 10/20]
Pr_Src_cls_loss	: 0.0617
-------------------------------------
[Pr Epoch : 11/20]
Pr_Src_cls_loss	: 0.0598
-------------------------------------
[Pr Epoch : 12/20]
Pr_Src_cls_loss	: 0.0581
-------------------------------------
[Pr Epoch : 13/20]
Pr_Src_cls_loss	: 0.0561
-------------------------------------
[Pr Epoch : 14/20]
Pr_Src_cls_loss	: 0.0545
-------------------------------------
[Pr Epoch : 15/20]
Pr_Src_cls_loss	: 0.0530
-------------------------------------
[Pr Epoch : 16/20]
Pr_Src_cls_loss	: 0.0517
-------------------------------------
[Pr Epoch : 17/20]
Pr_Src_cls_loss	: 0.0506
-------------------------------------
[Pr Epoch : 18/20]
Pr_Src_cls_loss	: 0.0493
-------------------------------------
[Pr Epoch : 19/20]
Pr_Src_cls_loss	: 0.0482
-------------------------------------
[Pr Epoch : 20/20]
Pr_Src_cls_loss	: 0.0473
-------------------------------------
/mnt/data/home/tp2474/OpenSet-AdaTime/algorithms/algorithms.py:1865: UserWarning: Implicit dimension choice for softmax has been deprecated. Change the call to include dim=X as an argument.
  trg_soft_cen = torch.nn.functional.softmax(after_lincls_cen).double()
[Epoch : 1/20]
Pr_Src_cls_loss	: 0.0473
Total_loss	: 0.0492
loss_cls	: 0.0160
loss_align	: 0.0332
-------------------------------------
[Epoch : 2/20]
Pr_Src_cls_loss	: 0.0473
Total_loss	: 0.0410
loss_cls	: 0.0157
loss_align	: 0.0253
-------------------------------------
[Epoch : 3/20]
Pr_Src_cls_loss	: 0.0473
Total_loss	: 0.0374
loss_cls	: 0.0156
loss_align	: 0.0217
-------------------------------------
[Epoch : 4/20]
Pr_Src_cls_loss	: 0.0473
Total_loss	: 0.0351
loss_cls	: 0.0155
loss_align	: 0.0195
-------------------------------------
[Epoch : 5/20]
Pr_Src_cls_loss	: 0.0473
Total_loss	: 0.0337
loss_cls	: 0.0155
loss_align	: 0.0182
-------------------------------------
[Epoch : 6/20]
Pr_Src_cls_loss	: 0.0473
Total_loss	: 0.0323
loss_cls	: 0.0152
loss_align	: 0.0172
-------------------------------------
[Epoch : 7/20]
Pr_Src_cls_loss	: 0.0473
Total_loss	: 0.0323
loss_cls	: 0.0152
loss_align	: 0.0171
-------------------------------------
[Epoch : 8/20]
Pr_Src_cls_loss	: 0.0473
Total_loss	: 0.0333
loss_cls	: 0.0157
loss_align	: 0.0176
-------------------------------------
[Epoch : 9/20]
Pr_Src_cls_loss	: 0.0473
Total_loss	: 0.0333
loss_cls	: 0.0156
loss_align	: 0.0178
Src_cls_loss	: 0.0000
-------------------------------------
[Epoch : 10/20]
Pr_Src_cls_loss	: 0.0473
Total_loss	: 0.0335
loss_cls	: 0.0156
loss_align	: 0.0179
Src_cls_loss	: 0.0000
-------------------------------------
[Epoch : 11/20]
Pr_Src_cls_loss	: 0.0473
Total_loss	: 0.0335
loss_cls	: 0.0155
loss_align	: 0.0180
Src_cls_loss	: 0.0000
-------------------------------------
[Epoch : 12/20]
Pr_Src_cls_loss	: 0.0473
Total_loss	: 0.0334
loss_cls	: 0.0154
loss_align	: 0.0179
Src_cls_loss	: 0.0000
-------------------------------------
[Epoch : 13/20]
Pr_Src_cls_loss	: 0.0473
Total_loss	: 0.0332
loss_cls	: 0.0155
loss_align	: 0.0177
Src_cls_loss	: 0.0000
-------------------------------------
[Epoch : 14/20]
Pr_Src_cls_loss	: 0.0473
Total_loss	: 0.0329
loss_cls	: 0.0155
loss_align	: 0.0174
Src_cls_loss	: 0.0000
-------------------------------------
[Epoch : 15/20]
Pr_Src_cls_loss	: 0.0473
Total_loss	: 0.0325
loss_cls	: 0.0154
loss_align	: 0.0171
Src_cls_loss	: 0.0000
-------------------------------------
[Epoch : 16/20]
Pr_Src_cls_loss	: 0.0473
Total_loss	: 0.0321
loss_cls	: 0.0153
loss_align	: 0.0168
Src_cls_loss	: 0.0000
-------------------------------------
[Epoch : 17/20]
Pr_Src_cls_loss	: 0.0473
Total_loss	: 0.0324
loss_cls	: 0.0157
loss_align	: 0.0167
Src_cls_loss	: 0.0000
-------------------------------------
[Epoch : 18/20]
Pr_Src_cls_loss	: 0.0473
Total_loss	: 0.0321
loss_cls	: 0.0156
loss_align	: 0.0165
Src_cls_loss	: 0.0000
-------------------------------------
[Epoch : 19/20]
Pr_Src_cls_loss	: 0.0473
Total_loss	: 0.0320
loss_cls	: 0.0157
loss_align	: 0.0163
Src_cls_loss	: 0.0000
-------------------------------------
[Epoch : 20/20]
Pr_Src_cls_loss	: 0.0473
Total_loss	: 0.0321
loss_cls	: 0.0158
loss_align	: 0.0163
Src_cls_loss	: 0.0000
-------------------------------------

[UniJDOT Debug] final_threshold = 0.9635 conf mean=0.7803 std=0.2733 reject=43.75%
[UniJDOT Eval ALL] n=19138 threshold=0.9635
[UniJDOT Eval ALL] conf: min=0.2533 max=0.9986 mean=0.7553 std=0.2934
[UniJDOT Eval ALL] rejected: 46.69%
[UniJDOT Eval ALL] pred class dist (pre-reject): [6771, 5240, 3049, 4078]
[UniJDOT Eval ALL] true label dist: [1284, 655, 1233, 1590, 14376] (last bin = unknown)
H_score: 0.5385, OS* (acc_c): 0.5304, UNK (acc_p): 0.5469, acc_mix: 0.5428, F1: 0.5804
[UniJDOT Eval ALL] n=19138 threshold=0.9635
[UniJDOT Eval ALL] conf: min=0.2533 max=0.9986 mean=0.7553 std=0.2934
[UniJDOT Eval ALL] rejected: 46.69%
[UniJDOT Eval ALL] pred class dist (pre-reject): [6771, 5240, 3049, 4078]
[UniJDOT Eval ALL] true label dist: [1284, 655, 1233, 1590, 14376] (last bin = unknown)
Uploading logs from: /mnt/data/home/tp2474/OpenSet-AdaTime/experiments_logs/curriculum/RealWorld to Pamap2_OSDA_hard_n9_fno_mean/UniJDOT_OSDA_hard_n9_fno_mean/RealWorld_to_Pamap2_run_3
🏃 View run UniJDOT_run_3 at: http://127.0.0.1:5001/#/experiments/693721873569580674/runs/20092709fd674ab2905eb0921e02dd46
🧪 View experiment at: http://127.0.0.1:5001/#/experiments/693721873569580674
=============================================
Dataset: RealWorld to Pamap2_OSDA_hard_n9_fno_mean
Method:  UniJDOT
=============================================
Source: RealWorld ---> Target: Pamap2
Run ID: 4
=============================================
[Pr Epoch : 1/20]
Pr_Src_cls_loss	: 0.1395
-------------------------------------
[Pr Epoch : 2/20]
Pr_Src_cls_loss	: 0.1108
-------------------------------------
[Pr Epoch : 3/20]
Pr_Src_cls_loss	: 0.0952
-------------------------------------
[Pr Epoch : 4/20]
Pr_Src_cls_loss	: 0.0874
-------------------------------------
[Pr Epoch : 5/20]
Pr_Src_cls_loss	: 0.0809
-------------------------------------
[Pr Epoch : 6/20]
Pr_Src_cls_loss	: 0.0761
-------------------------------------
[Pr Epoch : 7/20]
Pr_Src_cls_loss	: 0.0725
-------------------------------------
[Pr Epoch : 8/20]
Pr_Src_cls_loss	: 0.0690
-------------------------------------
[Pr Epoch : 9/20]
Pr_Src_cls_loss	: 0.0661
-------------------------------------
[Pr Epoch : 10/20]
Pr_Src_cls_loss	: 0.0642
-------------------------------------
[Pr Epoch : 11/20]
Pr_Src_cls_loss	: 0.0615
-------------------------------------
[Pr Epoch : 12/20]
Pr_Src_cls_loss	: 0.0596
-------------------------------------
[Pr Epoch : 13/20]
Pr_Src_cls_loss	: 0.0578
-------------------------------------
[Pr Epoch : 14/20]
Pr_Src_cls_loss	: 0.0563
-------------------------------------
[Pr Epoch : 15/20]
Pr_Src_cls_loss	: 0.0545
-------------------------------------
[Pr Epoch : 16/20]
Pr_Src_cls_loss	: 0.0529
-------------------------------------
[Pr Epoch : 17/20]
Pr_Src_cls_loss	: 0.0514
-------------------------------------
[Pr Epoch : 18/20]
Pr_Src_cls_loss	: 0.0502
-------------------------------------
[Pr Epoch : 19/20]
Pr_Src_cls_loss	: 0.0489
-------------------------------------
[Pr Epoch : 20/20]
Pr_Src_cls_loss	: 0.0478
-------------------------------------
/mnt/data/home/tp2474/OpenSet-AdaTime/algorithms/algorithms.py:1865: UserWarning: Implicit dimension choice for softmax has been deprecated. Change the call to include dim=X as an argument.
  trg_soft_cen = torch.nn.functional.softmax(after_lincls_cen).double()
[Epoch : 1/20]
Pr_Src_cls_loss	: 0.0478
Total_loss	: 0.0484
loss_cls	: 0.0153
loss_align	: 0.0331
-------------------------------------
[Epoch : 2/20]
Pr_Src_cls_loss	: 0.0478
Total_loss	: 0.0419
loss_cls	: 0.0154
loss_align	: 0.0265
-------------------------------------
[Epoch : 3/20]
Pr_Src_cls_loss	: 0.0478
Total_loss	: 0.0398
loss_cls	: 0.0151
loss_align	: 0.0247
-------------------------------------
[Epoch : 4/20]
Pr_Src_cls_loss	: 0.0478
Total_loss	: 0.0395
loss_cls	: 0.0148
loss_align	: 0.0246
-------------------------------------
[Epoch : 5/20]
Pr_Src_cls_loss	: 0.0478
Total_loss	: 0.0390
loss_cls	: 0.0144
loss_align	: 0.0246
-------------------------------------
[Epoch : 6/20]
Pr_Src_cls_loss	: 0.0478
Total_loss	: 0.0383
loss_cls	: 0.0140
loss_align	: 0.0243
-------------------------------------
[Epoch : 7/20]
Pr_Src_cls_loss	: 0.0478
Total_loss	: 0.0376
loss_cls	: 0.0138
loss_align	: 0.0238
-------------------------------------
[Epoch : 8/20]
Pr_Src_cls_loss	: 0.0478
Total_loss	: 0.0372
loss_cls	: 0.0135
loss_align	: 0.0236
-------------------------------------
[Epoch : 9/20]
Pr_Src_cls_loss	: 0.0478
Total_loss	: 0.0367
loss_cls	: 0.0133
loss_align	: 0.0234
Src_cls_loss	: 0.0000
-------------------------------------
[Epoch : 10/20]
Pr_Src_cls_loss	: 0.0478
Total_loss	: 0.0364
loss_cls	: 0.0132
loss_align	: 0.0233
Src_cls_loss	: 0.0000
-------------------------------------
[Epoch : 11/20]
Pr_Src_cls_loss	: 0.0478
Total_loss	: 0.0361
loss_cls	: 0.0130
loss_align	: 0.0231
Src_cls_loss	: 0.0000
-------------------------------------
[Epoch : 12/20]
Pr_Src_cls_loss	: 0.0478
Total_loss	: 0.0358
loss_cls	: 0.0128
loss_align	: 0.0229
Src_cls_loss	: 0.0000
-------------------------------------
[Epoch : 13/20]
Pr_Src_cls_loss	: 0.0478
Total_loss	: 0.0354
loss_cls	: 0.0126
loss_align	: 0.0228
Src_cls_loss	: 0.0000
-------------------------------------
[Epoch : 14/20]
Pr_Src_cls_loss	: 0.0478
Total_loss	: 0.0351
loss_cls	: 0.0125
loss_align	: 0.0226
Src_cls_loss	: 0.0000
-------------------------------------
[Epoch : 15/20]
Pr_Src_cls_loss	: 0.0478
Total_loss	: 0.0349
loss_cls	: 0.0124
loss_align	: 0.0225
Src_cls_loss	: 0.0000
-------------------------------------
[Epoch : 16/20]
Pr_Src_cls_loss	: 0.0478
Total_loss	: 0.0349
loss_cls	: 0.0124
loss_align	: 0.0225
Src_cls_loss	: 0.0000
-------------------------------------
[Epoch : 17/20]
Pr_Src_cls_loss	: 0.0478
Total_loss	: 0.0347
loss_cls	: 0.0123
loss_align	: 0.0224
Src_cls_loss	: 0.0000
-------------------------------------
[Epoch : 18/20]
Pr_Src_cls_loss	: 0.0478
Total_loss	: 0.0345
loss_cls	: 0.0122
loss_align	: 0.0222
Src_cls_loss	: 0.0000
-------------------------------------
[Epoch : 19/20]
Pr_Src_cls_loss	: 0.0478
Total_loss	: 0.0342
loss_cls	: 0.0120
loss_align	: 0.0221
Src_cls_loss	: 0.0000
-------------------------------------
[Epoch : 20/20]
Pr_Src_cls_loss	: 0.0478
Total_loss	: 0.0340
loss_cls	: 0.0119
loss_align	: 0.0221
Src_cls_loss	: 0.0000
-------------------------------------

[UniJDOT Debug] final_threshold = 0.8264 conf mean=0.5833 std=0.2823 reject=51.56%
[UniJDOT Eval ALL] n=19138 threshold=0.8264
[UniJDOT Eval ALL] conf: min=0.2503 max=0.8979 mean=0.6077 std=0.2683
[UniJDOT Eval ALL] rejected: 53.21%
[UniJDOT Eval ALL] pred class dist (pre-reject): [6953, 3224, 3281, 5680]
[UniJDOT Eval ALL] true label dist: [1284, 655, 1233, 1590, 14376] (last bin = unknown)
H_score: 0.6352, OS* (acc_c): 0.6514, UNK (acc_p): 0.6199, acc_mix: 0.6277, F1: 0.6540
[UniJDOT Eval ALL] n=19138 threshold=0.8264
[UniJDOT Eval ALL] conf: min=0.2503 max=0.8979 mean=0.6077 std=0.2683
[UniJDOT Eval ALL] rejected: 53.21%
[UniJDOT Eval ALL] pred class dist (pre-reject): [6953, 3224, 3281, 5680]
[UniJDOT Eval ALL] true label dist: [1284, 655, 1233, 1590, 14376] (last bin = unknown)
Uploading logs from: /mnt/data/home/tp2474/OpenSet-AdaTime/experiments_logs/curriculum/RealWorld to Pamap2_OSDA_hard_n9_fno_mean/UniJDOT_OSDA_hard_n9_fno_mean/RealWorld_to_Pamap2_run_4
🏃 View run UniJDOT_run_4 at: http://127.0.0.1:5001/#/experiments/693721873569580674/runs/b38b22a3b56e468292cc15134ee86da1
🧪 View experiment at: http://127.0.0.1:5001/#/experiments/693721873569580674
==================== [n9 fno_mean] done ====================
==================== ALL n done ====================
