==================== [n1 fno_mean] RAINCOAT ====================
[curriculum] scenario=UniDA  strategy=hard  n_unknown=1  rank_variant=fno_mean
[curriculum] source mapping (5 classes): {'lying': 'lying', 'sitting': 'sitting', 'walking': 'walking', 'running': 'running', 'climbingup': 'climbingup'}
[curriculum] target mapping (5 classes): {'Lying down': 'lying', 'Sitting and relaxing': 'sitting', 'Walking': 'walking', 'Running': 'running', 'Climbing stairs': 'Climbing stairs'}
[curriculum] unknowns added (in hard order): src=[climbingup] | trg=[Climbing stairs]
2026/05/11 07:40:48 INFO mlflow.tracking.fluent: Experiment with name 'RealWorld to MHEALTH_UniDA_hard_n1_fno_mean' does not exist. Creating a new experiment.
[scenario] RAINCOAT -> UniDA (uniDA=True)
Unlabeled data shape:  (2030, 150, 18)
Unlabelled Combined shape: (3491, 150, 18)

--- Dataloader Size Check ---
Source Train batches:   344
Target Train batches:   31
-------------------------------

Private classes:  tensor([5.])
=============================================
Dataset: RealWorld to MHEALTH_UniDA_hard_n1_fno_mean
Method:  RAINCOAT
=============================================
Source: RealWorld ---> Target: MHEALTH
Run ID: 0
=============================================
[Align Epoch : 1/20]
Src_cls_loss	: 0.7990
Sink	: 0.7498
Recon	: 23.6477
-------------------------------------
[Align Epoch : 2/20]
Src_cls_loss	: 0.6442
Sink	: 0.6836
Recon	: 23.7124
-------------------------------------
[Align Epoch : 3/20]
Src_cls_loss	: 0.5612
Sink	: 0.6332
Recon	: 23.7472
-------------------------------------
[Align Epoch : 4/20]
Src_cls_loss	: 0.5045
Sink	: 0.5938
Recon	: 23.7542
-------------------------------------
[Align Epoch : 5/20]
Src_cls_loss	: 0.4611
Sink	: 0.5616
Recon	: 23.7415
-------------------------------------
[Align Epoch : 6/20]
Src_cls_loss	: 0.4298
Sink	: 0.5348
Recon	: 23.7279
-------------------------------------
[Align Epoch : 7/20]
Src_cls_loss	: 0.4033
Sink	: 0.5112
Recon	: 23.7332
-------------------------------------
[Align Epoch : 8/20]
Src_cls_loss	: 0.3839
Sink	: 0.4901
Recon	: 23.7287
-------------------------------------
[Align Epoch : 9/20]
Src_cls_loss	: 0.3651
Sink	: 0.4729
Recon	: 23.7227
-------------------------------------
[Align Epoch : 10/20]
Src_cls_loss	: 0.3500
Sink	: 0.4574
Recon	: 23.7169
-------------------------------------
[Align Epoch : 11/20]
Src_cls_loss	: 0.3344
Sink	: 0.4427
Recon	: 23.7109
-------------------------------------
[Align Epoch : 12/20]
Src_cls_loss	: 0.3227
Sink	: 0.4294
Recon	: 23.6886
-------------------------------------
[Align Epoch : 13/20]
Src_cls_loss	: 0.3122
Sink	: 0.4173
Recon	: 23.6796
-------------------------------------
[Align Epoch : 14/20]
Src_cls_loss	: 0.3045
Sink	: 0.4060
Recon	: 23.6579
-------------------------------------
[Align Epoch : 15/20]
Src_cls_loss	: 0.2958
Sink	: 0.3950
Recon	: 23.6386
-------------------------------------
[Align Epoch : 16/20]
Src_cls_loss	: 0.2866
Sink	: 0.3847
Recon	: 23.6166
-------------------------------------
[Align Epoch : 17/20]
Src_cls_loss	: 0.2793
Sink	: 0.3751
Recon	: 23.6012
-------------------------------------
[Align Epoch : 18/20]
Src_cls_loss	: 0.2724
Sink	: 0.3659
Recon	: 23.5855
-------------------------------------
[Align Epoch : 19/20]
Src_cls_loss	: 0.2663
Sink	: 0.3573
Recon	: 23.5670
-------------------------------------
[Align Epoch : 20/20]
Src_cls_loss	: 0.2601
Sink	: 0.3494
Recon	: 23.5486
-------------------------------------
[Correct Epoch : 1/20]
Recon_correct	: 22.9509
-------------------------------------
[Correct Epoch : 2/20]
Recon_correct	: 22.9983
-------------------------------------
[Correct Epoch : 3/20]
Recon_correct	: 22.9411
-------------------------------------
[Correct Epoch : 4/20]
Recon_correct	: 22.9380
-------------------------------------
[Correct Epoch : 5/20]
Recon_correct	: 22.8664
-------------------------------------
[Correct Epoch : 6/20]
Recon_correct	: 22.7868
-------------------------------------
[Correct Epoch : 7/20]
Recon_correct	: 22.7468
-------------------------------------
[Correct Epoch : 8/20]
Recon_correct	: 22.6841
-------------------------------------
[Correct Epoch : 9/20]
Recon_correct	: 22.6258
-------------------------------------
[Correct Epoch : 10/20]
Recon_correct	: 22.5532
-------------------------------------
[Correct Epoch : 11/20]
Recon_correct	: 22.5047
-------------------------------------
[Correct Epoch : 12/20]
Recon_correct	: 22.4673
-------------------------------------
[Correct Epoch : 13/20]
Recon_correct	: 22.4247
-------------------------------------
[Correct Epoch : 14/20]
Recon_correct	: 22.3813
-------------------------------------
[Correct Epoch : 15/20]
Recon_correct	: 22.3334
-------------------------------------
[Correct Epoch : 16/20]
Recon_correct	: 22.2924
-------------------------------------
[Correct Epoch : 17/20]
Recon_correct	: 22.2509
-------------------------------------
[Correct Epoch : 18/20]
Recon_correct	: 22.2120
-------------------------------------
[Correct Epoch : 19/20]
Recon_correct	: 22.1706
-------------------------------------
[Correct Epoch : 20/20]
Recon_correct	: 22.1272
-------------------------------------
/mnt/data/home/tp2474/OpenSet-AdaTime/trainers/abstract_trainer.py:331: FutureWarning: The behavior of DataFrame concatenation with empty or all-NA entries is deprecated. In a future version, this will no longer exclude empty or all-NA columns when determining the result dtypes. To retain the old behavior, exclude the relevant entries before the concat operation.
  table = pd.concat([table, results_df], ignore_index=True)
H_score: 0.0783, OS* (acc_c): 0.5126, UNK (acc_p): 0.0424, acc_mix: 0.4197, F1: 0.4674
Uploading logs from: /mnt/data/home/tp2474/OpenSet-AdaTime/experiments_logs/curriculum/RealWorld to MHEALTH_UniDA_hard_n1_fno_mean/RAINCOAT_UniDA_hard_n1_fno_mean/RealWorld_to_MHEALTH_run_0
🏃 View run RAINCOAT_run_0 at: http://127.0.0.1:5001/#/experiments/391000965306048508/runs/809fd616dcbf4441baa44f6a971e4066
🧪 View experiment at: http://127.0.0.1:5001/#/experiments/391000965306048508
=============================================
Dataset: RealWorld to MHEALTH_UniDA_hard_n1_fno_mean
Method:  RAINCOAT
=============================================
Source: RealWorld ---> Target: MHEALTH
Run ID: 1
=============================================
[Align Epoch : 1/20]
Src_cls_loss	: 0.8049
Sink	: 0.7489
Recon	: 23.9249
-------------------------------------
[Align Epoch : 2/20]
Src_cls_loss	: 0.6505
Sink	: 0.6818
Recon	: 23.8739
-------------------------------------
[Align Epoch : 3/20]
Src_cls_loss	: 0.5753
Sink	: 0.6403
Recon	: 23.8501
-------------------------------------
[Align Epoch : 4/20]
Src_cls_loss	: 0.5155
Sink	: 0.6082
Recon	: 23.8423
-------------------------------------
[Align Epoch : 5/20]
Src_cls_loss	: 0.4741
Sink	: 0.5816
Recon	: 23.8428
-------------------------------------
[Align Epoch : 6/20]
Src_cls_loss	: 0.4453
Sink	: 0.5601
Recon	: 23.8179
-------------------------------------
[Align Epoch : 7/20]
Src_cls_loss	: 0.4201
Sink	: 0.5402
Recon	: 23.7890
-------------------------------------
[Align Epoch : 8/20]
Src_cls_loss	: 0.4035
Sink	: 0.5234
Recon	: 23.7618
-------------------------------------
[Align Epoch : 9/20]
Src_cls_loss	: 0.3848
Sink	: 0.5073
Recon	: 23.7428
-------------------------------------
[Align Epoch : 10/20]
Src_cls_loss	: 0.3696
Sink	: 0.4930
Recon	: 23.7164
-------------------------------------
[Align Epoch : 11/20]
Src_cls_loss	: 0.3550
Sink	: 0.4796
Recon	: 23.7068
-------------------------------------
[Align Epoch : 12/20]
Src_cls_loss	: 0.3442
Sink	: 0.4678
Recon	: 23.6966
-------------------------------------
[Align Epoch : 13/20]
Src_cls_loss	: 0.3338
Sink	: 0.4565
Recon	: 23.6693
-------------------------------------
[Align Epoch : 14/20]
Src_cls_loss	: 0.3232
Sink	: 0.4455
Recon	: 23.6548
-------------------------------------
[Align Epoch : 15/20]
Src_cls_loss	: 0.3150
Sink	: 0.4350
Recon	: 23.6473
-------------------------------------
[Align Epoch : 16/20]
Src_cls_loss	: 0.3059
Sink	: 0.4257
Recon	: 23.6266
-------------------------------------
[Align Epoch : 17/20]
Src_cls_loss	: 0.2981
Sink	: 0.4167
Recon	: 23.6110
-------------------------------------
[Align Epoch : 18/20]
Src_cls_loss	: 0.2916
Sink	: 0.4087
Recon	: 23.5894
-------------------------------------
[Align Epoch : 19/20]
Src_cls_loss	: 0.2851
Sink	: 0.4005
Recon	: 23.5839
-------------------------------------
[Align Epoch : 20/20]
Src_cls_loss	: 0.2788
Sink	: 0.3929
Recon	: 23.5585
-------------------------------------
[Correct Epoch : 1/20]
Recon_correct	: 22.9432
-------------------------------------
[Correct Epoch : 2/20]
Recon_correct	: 22.9419
-------------------------------------
[Correct Epoch : 3/20]
Recon_correct	: 22.9131
-------------------------------------
[Correct Epoch : 4/20]
Recon_correct	: 22.9121
-------------------------------------
[Correct Epoch : 5/20]
Recon_correct	: 22.8742
-------------------------------------
[Correct Epoch : 6/20]
Recon_correct	: 22.8208
-------------------------------------
[Correct Epoch : 7/20]
Recon_correct	: 22.7409
-------------------------------------
[Correct Epoch : 8/20]
Recon_correct	: 22.6684
-------------------------------------
[Correct Epoch : 9/20]
Recon_correct	: 22.5999
-------------------------------------
[Correct Epoch : 10/20]
Recon_correct	: 22.5628
-------------------------------------
[Correct Epoch : 11/20]
Recon_correct	: 22.5346
-------------------------------------
[Correct Epoch : 12/20]
Recon_correct	: 22.4836
-------------------------------------
[Correct Epoch : 13/20]
Recon_correct	: 22.4627
-------------------------------------
[Correct Epoch : 14/20]
Recon_correct	: 22.4194
-------------------------------------
[Correct Epoch : 15/20]
Recon_correct	: 22.3733
-------------------------------------
[Correct Epoch : 16/20]
Recon_correct	: 22.3281
-------------------------------------
[Correct Epoch : 17/20]
Recon_correct	: 22.2929
-------------------------------------
[Correct Epoch : 18/20]
Recon_correct	: 22.2551
-------------------------------------
[Correct Epoch : 19/20]
Recon_correct	: 22.2234
-------------------------------------
[Correct Epoch : 20/20]
Recon_correct	: 22.1773
-------------------------------------
H_score: 0.0099, OS* (acc_c): 0.4653, UNK (acc_p): 0.0050, acc_mix: 0.3744, F1: 0.3471
Uploading logs from: /mnt/data/home/tp2474/OpenSet-AdaTime/experiments_logs/curriculum/RealWorld to MHEALTH_UniDA_hard_n1_fno_mean/RAINCOAT_UniDA_hard_n1_fno_mean/RealWorld_to_MHEALTH_run_1
🏃 View run RAINCOAT_run_1 at: http://127.0.0.1:5001/#/experiments/391000965306048508/runs/38d57c30fd29460aae99bc6f18636f9e
🧪 View experiment at: http://127.0.0.1:5001/#/experiments/391000965306048508
=============================================
Dataset: RealWorld to MHEALTH_UniDA_hard_n1_fno_mean
Method:  RAINCOAT
=============================================
Source: RealWorld ---> Target: MHEALTH
Run ID: 2
=============================================
[Align Epoch : 1/20]
Src_cls_loss	: 0.7754
Sink	: 0.7428
Recon	: 23.7139
-------------------------------------
[Align Epoch : 2/20]
Src_cls_loss	: 0.6175
Sink	: 0.6700
Recon	: 23.7563
-------------------------------------
[Align Epoch : 3/20]
Src_cls_loss	: 0.5377
Sink	: 0.6268
Recon	: 23.7730
-------------------------------------
[Align Epoch : 4/20]
Src_cls_loss	: 0.4836
Sink	: 0.5934
Recon	: 23.7623
-------------------------------------
[Align Epoch : 5/20]
Src_cls_loss	: 0.4512
Sink	: 0.5679
Recon	: 23.7284
-------------------------------------
[Align Epoch : 6/20]
Src_cls_loss	: 0.4217
Sink	: 0.5463
Recon	: 23.6831
-------------------------------------
[Align Epoch : 7/20]
Src_cls_loss	: 0.3977
Sink	: 0.5263
Recon	: 23.6642
-------------------------------------
[Align Epoch : 8/20]
Src_cls_loss	: 0.3783
Sink	: 0.5076
Recon	: 23.6140
-------------------------------------
[Align Epoch : 9/20]
Src_cls_loss	: 0.3600
Sink	: 0.4913
Recon	: 23.5945
-------------------------------------
[Align Epoch : 10/20]
Src_cls_loss	: 0.3433
Sink	: 0.4766
Recon	: 23.5655
-------------------------------------
[Align Epoch : 11/20]
Src_cls_loss	: 0.3312
Sink	: 0.4633
Recon	: 23.5344
-------------------------------------
[Align Epoch : 12/20]
Src_cls_loss	: 0.3200
Sink	: 0.4502
Recon	: 23.5042
-------------------------------------
[Align Epoch : 13/20]
Src_cls_loss	: 0.3110
Sink	: 0.4376
Recon	: 23.4818
-------------------------------------
[Align Epoch : 14/20]
Src_cls_loss	: 0.3026
Sink	: 0.4255
Recon	: 23.4359
-------------------------------------
[Align Epoch : 15/20]
Src_cls_loss	: 0.2938
Sink	: 0.4141
Recon	: 23.4294
-------------------------------------
[Align Epoch : 16/20]
Src_cls_loss	: 0.2860
Sink	: 0.4032
Recon	: 23.3947
-------------------------------------
[Align Epoch : 17/20]
Src_cls_loss	: 0.2788
Sink	: 0.3926
Recon	: 23.3762
-------------------------------------
[Align Epoch : 18/20]
Src_cls_loss	: 0.2733
Sink	: 0.3829
Recon	: 23.3409
-------------------------------------
[Align Epoch : 19/20]
Src_cls_loss	: 0.2689
Sink	: 0.3735
Recon	: 23.3177
-------------------------------------
[Align Epoch : 20/20]
Src_cls_loss	: 0.2651
Sink	: 0.3644
Recon	: 23.2919
-------------------------------------
[Correct Epoch : 1/20]
Recon_correct	: 22.8436
-------------------------------------
[Correct Epoch : 2/20]
Recon_correct	: 22.6830
-------------------------------------
[Correct Epoch : 3/20]
Recon_correct	: 22.7643
-------------------------------------
[Correct Epoch : 4/20]
Recon_correct	: 22.6948
-------------------------------------
[Correct Epoch : 5/20]
Recon_correct	: 22.6535
-------------------------------------
[Correct Epoch : 6/20]
Recon_correct	: 22.5958
-------------------------------------
[Correct Epoch : 7/20]
Recon_correct	: 22.5633
-------------------------------------
[Correct Epoch : 8/20]
Recon_correct	: 22.5227
-------------------------------------
[Correct Epoch : 9/20]
Recon_correct	: 22.4791
-------------------------------------
[Correct Epoch : 10/20]
Recon_correct	: 22.4360
-------------------------------------
[Correct Epoch : 11/20]
Recon_correct	: 22.3970
-------------------------------------
[Correct Epoch : 12/20]
Recon_correct	: 22.3582
-------------------------------------
[Correct Epoch : 13/20]
Recon_correct	: 22.3108
-------------------------------------
[Correct Epoch : 14/20]
Recon_correct	: 22.2747
-------------------------------------
[Correct Epoch : 15/20]
Recon_correct	: 22.2421
-------------------------------------
[Correct Epoch : 16/20]
Recon_correct	: 22.1932
-------------------------------------
[Correct Epoch : 17/20]
Recon_correct	: 22.1404
-------------------------------------
[Correct Epoch : 18/20]
Recon_correct	: 22.1040
-------------------------------------
[Correct Epoch : 19/20]
Recon_correct	: 22.0613
-------------------------------------
[Correct Epoch : 20/20]
Recon_correct	: 22.0201
-------------------------------------
H_score: 0.2552, OS* (acc_c): 0.2314, UNK (acc_p): 0.2843, acc_mix: 0.2419, F1: 0.2552
Uploading logs from: /mnt/data/home/tp2474/OpenSet-AdaTime/experiments_logs/curriculum/RealWorld to MHEALTH_UniDA_hard_n1_fno_mean/RAINCOAT_UniDA_hard_n1_fno_mean/RealWorld_to_MHEALTH_run_2
🏃 View run RAINCOAT_run_2 at: http://127.0.0.1:5001/#/experiments/391000965306048508/runs/619bb98d9a1042a19baf37385a63787a
🧪 View experiment at: http://127.0.0.1:5001/#/experiments/391000965306048508
=============================================
Dataset: RealWorld to MHEALTH_UniDA_hard_n1_fno_mean
Method:  RAINCOAT
=============================================
Source: RealWorld ---> Target: MHEALTH
Run ID: 3
=============================================
[Align Epoch : 1/20]
Src_cls_loss	: 0.7937
Sink	: 0.7320
Recon	: 23.9354
-------------------------------------
[Align Epoch : 2/20]
Src_cls_loss	: 0.6498
Sink	: 0.6679
Recon	: 23.8683
-------------------------------------
[Align Epoch : 3/20]
Src_cls_loss	: 0.5660
Sink	: 0.6353
Recon	: 23.7986
-------------------------------------
[Align Epoch : 4/20]
Src_cls_loss	: 0.5171
Sink	: 0.6075
Recon	: 23.7648
-------------------------------------
[Align Epoch : 5/20]
Src_cls_loss	: 0.4790
Sink	: 0.5843
Recon	: 23.7265
-------------------------------------
[Align Epoch : 6/20]
Src_cls_loss	: 0.4519
Sink	: 0.5630
Recon	: 23.6892
-------------------------------------
[Align Epoch : 7/20]
Src_cls_loss	: 0.4220
Sink	: 0.5449
Recon	: 23.6781
-------------------------------------
[Align Epoch : 8/20]
Src_cls_loss	: 0.4019
Sink	: 0.5264
Recon	: 23.6311
-------------------------------------
[Align Epoch : 9/20]
Src_cls_loss	: 0.3839
Sink	: 0.5119
Recon	: 23.6180
-------------------------------------
[Align Epoch : 10/20]
Src_cls_loss	: 0.3692
Sink	: 0.4981
Recon	: 23.5923
-------------------------------------
[Align Epoch : 11/20]
Src_cls_loss	: 0.3560
Sink	: 0.4847
Recon	: 23.5745
-------------------------------------
[Align Epoch : 12/20]
Src_cls_loss	: 0.3433
Sink	: 0.4718
Recon	: 23.5259
-------------------------------------
[Align Epoch : 13/20]
Src_cls_loss	: 0.3337
Sink	: 0.4593
Recon	: 23.4963
-------------------------------------
[Align Epoch : 14/20]
Src_cls_loss	: 0.3224
Sink	: 0.4471
Recon	: 23.4692
-------------------------------------
[Align Epoch : 15/20]
Src_cls_loss	: 0.3129
Sink	: 0.4357
Recon	: 23.4378
-------------------------------------
[Align Epoch : 16/20]
Src_cls_loss	: 0.3034
Sink	: 0.4248
Recon	: 23.4155
-------------------------------------
[Align Epoch : 17/20]
Src_cls_loss	: 0.2943
Sink	: 0.4141
Recon	: 23.3980
-------------------------------------
[Align Epoch : 18/20]
Src_cls_loss	: 0.2871
Sink	: 0.4039
Recon	: 23.3695
-------------------------------------
[Align Epoch : 19/20]
Src_cls_loss	: 0.2801
Sink	: 0.3943
Recon	: 23.3505
-------------------------------------
[Align Epoch : 20/20]
Src_cls_loss	: 0.2739
Sink	: 0.3852
Recon	: 23.3222
-------------------------------------
[Correct Epoch : 1/20]
Recon_correct	: 22.5942
-------------------------------------
[Correct Epoch : 2/20]
Recon_correct	: 22.6550
-------------------------------------
[Correct Epoch : 3/20]
Recon_correct	: 22.6650
-------------------------------------
[Correct Epoch : 4/20]
Recon_correct	: 22.6752
-------------------------------------
[Correct Epoch : 5/20]
Recon_correct	: 22.6127
-------------------------------------
[Correct Epoch : 6/20]
Recon_correct	: 22.5673
-------------------------------------
[Correct Epoch : 7/20]
Recon_correct	: 22.5202
-------------------------------------
[Correct Epoch : 8/20]
Recon_correct	: 22.4866
-------------------------------------
[Correct Epoch : 9/20]
Recon_correct	: 22.4599
-------------------------------------
[Correct Epoch : 10/20]
Recon_correct	: 22.4285
-------------------------------------
[Correct Epoch : 11/20]
Recon_correct	: 22.3990
-------------------------------------
[Correct Epoch : 12/20]
Recon_correct	: 22.3747
-------------------------------------
[Correct Epoch : 13/20]
Recon_correct	: 22.3199
-------------------------------------
[Correct Epoch : 14/20]
Recon_correct	: 22.2693
-------------------------------------
[Correct Epoch : 15/20]
Recon_correct	: 22.2281
-------------------------------------
[Correct Epoch : 16/20]
Recon_correct	: 22.1742
-------------------------------------
[Correct Epoch : 17/20]
Recon_correct	: 22.1358
-------------------------------------
[Correct Epoch : 18/20]
Recon_correct	: 22.0897
-------------------------------------
[Correct Epoch : 19/20]
Recon_correct	: 22.0395
-------------------------------------
[Correct Epoch : 20/20]
Recon_correct	: 22.0033
-------------------------------------
H_score: 0.2213, OS* (acc_c): 0.2566, UNK (acc_p): 0.1945, acc_mix: 0.2443, F1: 0.2432
Uploading logs from: /mnt/data/home/tp2474/OpenSet-AdaTime/experiments_logs/curriculum/RealWorld to MHEALTH_UniDA_hard_n1_fno_mean/RAINCOAT_UniDA_hard_n1_fno_mean/RealWorld_to_MHEALTH_run_3
🏃 View run RAINCOAT_run_3 at: http://127.0.0.1:5001/#/experiments/391000965306048508/runs/b323003c12cd427797ca4e216781eac3
🧪 View experiment at: http://127.0.0.1:5001/#/experiments/391000965306048508
=============================================
Dataset: RealWorld to MHEALTH_UniDA_hard_n1_fno_mean
Method:  RAINCOAT
=============================================
Source: RealWorld ---> Target: MHEALTH
Run ID: 4
=============================================
[Align Epoch : 1/20]
Src_cls_loss	: 0.8066
Sink	: 0.7980
Recon	: 23.8431
-------------------------------------
[Align Epoch : 2/20]
Src_cls_loss	: 0.6391
Sink	: 0.7271
Recon	: 23.8368
-------------------------------------
[Align Epoch : 3/20]
Src_cls_loss	: 0.5517
Sink	: 0.6758
Recon	: 23.8115
-------------------------------------
[Align Epoch : 4/20]
Src_cls_loss	: 0.4958
Sink	: 0.6379
Recon	: 23.7557
-------------------------------------
[Align Epoch : 5/20]
Src_cls_loss	: 0.4543
Sink	: 0.6047
Recon	: 23.7199
-------------------------------------
[Align Epoch : 6/20]
Src_cls_loss	: 0.4206
Sink	: 0.5782
Recon	: 23.7175
-------------------------------------
[Align Epoch : 7/20]
Src_cls_loss	: 0.3937
Sink	: 0.5561
Recon	: 23.7380
-------------------------------------
[Align Epoch : 8/20]
Src_cls_loss	: 0.3742
Sink	: 0.5373
Recon	: 23.7253
-------------------------------------
[Align Epoch : 9/20]
Src_cls_loss	: 0.3626
Sink	: 0.5223
Recon	: 23.7029
-------------------------------------
[Align Epoch : 10/20]
Src_cls_loss	: 0.3513
Sink	: 0.5073
Recon	: 23.6857
-------------------------------------
[Align Epoch : 11/20]
Src_cls_loss	: 0.3378
Sink	: 0.4926
Recon	: 23.6879
-------------------------------------
[Align Epoch : 12/20]
Src_cls_loss	: 0.3265
Sink	: 0.4795
Recon	: 23.6758
-------------------------------------
[Align Epoch : 13/20]
Src_cls_loss	: 0.3149
Sink	: 0.4666
Recon	: 23.6569
-------------------------------------
[Align Epoch : 14/20]
Src_cls_loss	: 0.3051
Sink	: 0.4546
Recon	: 23.6450
-------------------------------------
[Align Epoch : 15/20]
Src_cls_loss	: 0.2983
Sink	: 0.4436
Recon	: 23.6167
-------------------------------------
[Align Epoch : 16/20]
Src_cls_loss	: 0.2907
Sink	: 0.4337
Recon	: 23.6068
-------------------------------------
[Align Epoch : 17/20]
Src_cls_loss	: 0.2837
Sink	: 0.4242
Recon	: 23.5810
-------------------------------------
[Align Epoch : 18/20]
Src_cls_loss	: 0.2777
Sink	: 0.4154
Recon	: 23.5618
-------------------------------------
[Align Epoch : 19/20]
Src_cls_loss	: 0.2725
Sink	: 0.4067
Recon	: 23.5367
-------------------------------------
[Align Epoch : 20/20]
Src_cls_loss	: 0.2671
Sink	: 0.3986
Recon	: 23.5296
-------------------------------------
[Correct Epoch : 1/20]
Recon_correct	: 22.8987
-------------------------------------
[Correct Epoch : 2/20]
Recon_correct	: 22.7884
-------------------------------------
[Correct Epoch : 3/20]
Recon_correct	: 22.8644
-------------------------------------
[Correct Epoch : 4/20]
Recon_correct	: 22.7859
-------------------------------------
[Correct Epoch : 5/20]
Recon_correct	: 22.7154
-------------------------------------
[Correct Epoch : 6/20]
Recon_correct	: 22.6928
-------------------------------------
[Correct Epoch : 7/20]
Recon_correct	: 22.6447
-------------------------------------
[Correct Epoch : 8/20]
Recon_correct	: 22.5779
-------------------------------------
[Correct Epoch : 9/20]
Recon_correct	: 22.5218
-------------------------------------
[Correct Epoch : 10/20]
Recon_correct	: 22.4766
-------------------------------------
[Correct Epoch : 11/20]
Recon_correct	: 22.4189
-------------------------------------
[Correct Epoch : 12/20]
Recon_correct	: 22.4002
-------------------------------------
[Correct Epoch : 13/20]
Recon_correct	: 22.3752
-------------------------------------
[Correct Epoch : 14/20]
Recon_correct	: 22.3400
-------------------------------------
[Correct Epoch : 15/20]
Recon_correct	: 22.3083
-------------------------------------
[Correct Epoch : 16/20]
Recon_correct	: 22.2825
-------------------------------------
[Correct Epoch : 17/20]
Recon_correct	: 22.2524
-------------------------------------
[Correct Epoch : 18/20]
Recon_correct	: 22.2163
-------------------------------------
[Correct Epoch : 19/20]
Recon_correct	: 22.1779
-------------------------------------
[Correct Epoch : 20/20]
Recon_correct	: 22.1348
-------------------------------------
H_score: 0.2539, OS* (acc_c): 0.2056, UNK (acc_p): 0.3317, acc_mix: 0.2305, F1: 0.2059
Uploading logs from: /mnt/data/home/tp2474/OpenSet-AdaTime/experiments_logs/curriculum/RealWorld to MHEALTH_UniDA_hard_n1_fno_mean/RAINCOAT_UniDA_hard_n1_fno_mean/RealWorld_to_MHEALTH_run_4
🏃 View run RAINCOAT_run_4 at: http://127.0.0.1:5001/#/experiments/391000965306048508/runs/00856ad2aece493dbf130e5d1c3abb23
🧪 View experiment at: http://127.0.0.1:5001/#/experiments/391000965306048508
==================== [n1 fno_mean] UDA ====================
[curriculum] scenario=UniDA  strategy=hard  n_unknown=1  rank_variant=fno_mean
[curriculum] source mapping (5 classes): {'lying': 'lying', 'sitting': 'sitting', 'walking': 'walking', 'running': 'running', 'climbingup': 'climbingup'}
[curriculum] target mapping (5 classes): {'Lying down': 'lying', 'Sitting and relaxing': 'sitting', 'Walking': 'walking', 'Running': 'running', 'Climbing stairs': 'Climbing stairs'}
[curriculum] unknowns added (in hard order): src=[climbingup] | trg=[Climbing stairs]
[scenario] UDA -> UniDA (uniDA=True)
Unlabeled data shape:  (2030, 150, 18)
Unlabelled Combined shape: (3491, 150, 18)

--- Dataloader Size Check ---
Source Train batches:   344
Target Train batches:   31
-------------------------------

Private classes:  tensor([5.])
=============================================
Dataset: RealWorld to MHEALTH_UniDA_hard_n1_fno_mean
Method:  UDA
=============================================
Source: RealWorld ---> Target: MHEALTH
Run ID: 0
=============================================
[Pr Epoch : 1/20]
Pr_Src_cls_loss	: 0.7504
-------------------------------------
[Pr Epoch : 2/20]
Pr_Src_cls_loss	: 0.4918
-------------------------------------
[Pr Epoch : 3/20]
Pr_Src_cls_loss	: 0.3738
-------------------------------------
[Pr Epoch : 4/20]
Pr_Src_cls_loss	: 0.3065
-------------------------------------
[Pr Epoch : 5/20]
Pr_Src_cls_loss	: 0.2613
-------------------------------------
[Pr Epoch : 6/20]
Pr_Src_cls_loss	: 0.2290
-------------------------------------
[Pr Epoch : 7/20]
Pr_Src_cls_loss	: 0.2051
-------------------------------------
[Pr Epoch : 8/20]
Pr_Src_cls_loss	: 0.1856
-------------------------------------
[Pr Epoch : 9/20]
Pr_Src_cls_loss	: 0.1703
-------------------------------------
[Pr Epoch : 10/20]
Pr_Src_cls_loss	: 0.1577
-------------------------------------
[Pr Epoch : 11/20]
Pr_Src_cls_loss	: 0.1469
-------------------------------------
[Pr Epoch : 12/20]
Pr_Src_cls_loss	: 0.1378
-------------------------------------
[Pr Epoch : 13/20]
Pr_Src_cls_loss	: 0.1297
-------------------------------------
[Pr Epoch : 14/20]
Pr_Src_cls_loss	: 0.1229
-------------------------------------
[Pr Epoch : 15/20]
Pr_Src_cls_loss	: 0.1168
-------------------------------------
[Pr Epoch : 16/20]
Pr_Src_cls_loss	: 0.1115
-------------------------------------
[Pr Epoch : 17/20]
Pr_Src_cls_loss	: 0.1066
-------------------------------------
[Pr Epoch : 18/20]
Pr_Src_cls_loss	: 0.1023
-------------------------------------
[Pr Epoch : 19/20]
Pr_Src_cls_loss	: 0.0982
-------------------------------------
[Pr Epoch : 20/20]
Pr_Src_cls_loss	: 0.0949
-------------------------------------
[Epoch : 1/20]
Pr_Src_cls_loss	: 0.0949
Total_loss	: 5.5857
Domain_loss	: 0.8533
Src_cls_loss	: 0.1152
Adv Loss	: 1.3164
-------------------------------------
[Epoch : 2/20]
Pr_Src_cls_loss	: 0.0949
Total_loss	: 5.6238
Domain_loss	: 0.5947
Src_cls_loss	: 0.1304
Adv Loss	: 1.3132
-------------------------------------
[Epoch : 3/20]
Pr_Src_cls_loss	: 0.0949
Total_loss	: 5.6284
Domain_loss	: 0.4815
Src_cls_loss	: 0.1349
Adv Loss	: 1.3105
-------------------------------------
[Epoch : 4/20]
Pr_Src_cls_loss	: 0.0949
Total_loss	: 5.5950
Domain_loss	: 0.4075
Src_cls_loss	: 0.1361
Adv Loss	: 1.3010
-------------------------------------
[Epoch : 5/20]
Pr_Src_cls_loss	: 0.0949
Total_loss	: 5.6080
Domain_loss	: 0.3563
Src_cls_loss	: 0.1312
Adv Loss	: 1.3085
-------------------------------------
[Epoch : 6/20]
Pr_Src_cls_loss	: 0.0949
Total_loss	: 5.6041
Domain_loss	: 0.3212
Src_cls_loss	: 0.1274
Adv Loss	: 1.3107
-------------------------------------
[Epoch : 7/20]
Pr_Src_cls_loss	: 0.0949
Total_loss	: 5.5974
Domain_loss	: 0.2944
Src_cls_loss	: 0.1240
Adv Loss	: 1.3119
-------------------------------------
[Epoch : 8/20]
Pr_Src_cls_loss	: 0.0949
Total_loss	: 5.5917
Domain_loss	: 0.2721
Src_cls_loss	: 0.1206
Adv Loss	: 1.3133
-------------------------------------
[Epoch : 9/20]
Pr_Src_cls_loss	: 0.0949
Total_loss	: 5.5967
Domain_loss	: 0.2565
Src_cls_loss	: 0.1190
Adv Loss	: 1.3160
-------------------------------------
[Epoch : 10/20]
Pr_Src_cls_loss	: 0.0949
Total_loss	: 5.6020
Domain_loss	: 0.2414
Src_cls_loss	: 0.1170
Adv Loss	: 1.3190
-------------------------------------
[Epoch : 11/20]
Pr_Src_cls_loss	: 0.0949
Total_loss	: 5.6004
Domain_loss	: 0.2324
Src_cls_loss	: 0.1158
Adv Loss	: 1.3197
-------------------------------------
[Epoch : 12/20]
Pr_Src_cls_loss	: 0.0949
Total_loss	: 5.5897
Domain_loss	: 0.2229
Src_cls_loss	: 0.1138
Adv Loss	: 1.3186
-------------------------------------
[Epoch : 13/20]
Pr_Src_cls_loss	: 0.0949
Total_loss	: 5.5890
Domain_loss	: 0.2141
Src_cls_loss	: 0.1122
Adv Loss	: 1.3198
-------------------------------------
[Epoch : 14/20]
Pr_Src_cls_loss	: 0.0949
Total_loss	: 5.5884
Domain_loss	: 0.2054
Src_cls_loss	: 0.1104
Adv Loss	: 1.3212
-------------------------------------
[Epoch : 15/20]
Pr_Src_cls_loss	: 0.0949
Total_loss	: 5.5906
Domain_loss	: 0.1958
Src_cls_loss	: 0.1086
Adv Loss	: 1.3233
-------------------------------------
[Epoch : 16/20]
Pr_Src_cls_loss	: 0.0949
Total_loss	: 5.5948
Domain_loss	: 0.1885
Src_cls_loss	: 0.1070
Adv Loss	: 1.3257
-------------------------------------
[Epoch : 17/20]
Pr_Src_cls_loss	: 0.0949
Total_loss	: 5.5900
Domain_loss	: 0.1813
Src_cls_loss	: 0.1050
Adv Loss	: 1.3262
-------------------------------------
[Epoch : 18/20]
Pr_Src_cls_loss	: 0.0949
Total_loss	: 5.5936
Domain_loss	: 0.1746
Src_cls_loss	: 0.1034
Adv Loss	: 1.3284
-------------------------------------
[Epoch : 19/20]
Pr_Src_cls_loss	: 0.0949
Total_loss	: 5.5953
Domain_loss	: 0.1685
Src_cls_loss	: 0.1014
Adv Loss	: 1.3305
-------------------------------------
[Epoch : 20/20]
Pr_Src_cls_loss	: 0.0949
Total_loss	: 5.5970
Domain_loss	: 0.1623
Src_cls_loss	: 0.0997
Adv Loss	: 1.3324
-------------------------------------
/mnt/data/home/tp2474/OpenSet-AdaTime/trainers/abstract_trainer.py:331: FutureWarning: The behavior of DataFrame concatenation with empty or all-NA entries is deprecated. In a future version, this will no longer exclude empty or all-NA columns when determining the result dtypes. To retain the old behavior, exclude the relevant entries before the concat operation.
  table = pd.concat([table, results_df], ignore_index=True)
H_score: 0.3990, OS* (acc_c): 0.3990, UNK (acc_p): 0.3990, acc_mix: 0.3990, F1: 0.4197
Uploading logs from: /mnt/data/home/tp2474/OpenSet-AdaTime/experiments_logs/curriculum/RealWorld to MHEALTH_UniDA_hard_n1_fno_mean/UDA_UniDA_hard_n1_fno_mean/RealWorld_to_MHEALTH_run_0
🏃 View run UDA_run_0 at: http://127.0.0.1:5001/#/experiments/391000965306048508/runs/feed5b70127042f4bce85ec170e834f1
🧪 View experiment at: http://127.0.0.1:5001/#/experiments/391000965306048508
=============================================
Dataset: RealWorld to MHEALTH_UniDA_hard_n1_fno_mean
Method:  UDA
=============================================
Source: RealWorld ---> Target: MHEALTH
Run ID: 1
=============================================
[Pr Epoch : 1/20]
Pr_Src_cls_loss	: 0.7655
-------------------------------------
[Pr Epoch : 2/20]
Pr_Src_cls_loss	: 0.4990
-------------------------------------
[Pr Epoch : 3/20]
Pr_Src_cls_loss	: 0.3804
-------------------------------------
[Pr Epoch : 4/20]
Pr_Src_cls_loss	: 0.3120
-------------------------------------
[Pr Epoch : 5/20]
Pr_Src_cls_loss	: 0.2664
-------------------------------------
[Pr Epoch : 6/20]
Pr_Src_cls_loss	: 0.2338
-------------------------------------
[Pr Epoch : 7/20]
Pr_Src_cls_loss	: 0.2092
-------------------------------------
[Pr Epoch : 8/20]
Pr_Src_cls_loss	: 0.1898
-------------------------------------
[Pr Epoch : 9/20]
Pr_Src_cls_loss	: 0.1739
-------------------------------------
[Pr Epoch : 10/20]
Pr_Src_cls_loss	: 0.1614
-------------------------------------
[Pr Epoch : 11/20]
Pr_Src_cls_loss	: 0.1508
-------------------------------------
[Pr Epoch : 12/20]
Pr_Src_cls_loss	: 0.1414
-------------------------------------
[Pr Epoch : 13/20]
Pr_Src_cls_loss	: 0.1333
-------------------------------------
[Pr Epoch : 14/20]
Pr_Src_cls_loss	: 0.1262
-------------------------------------
[Pr Epoch : 15/20]
Pr_Src_cls_loss	: 0.1203
-------------------------------------
[Pr Epoch : 16/20]
Pr_Src_cls_loss	: 0.1146
-------------------------------------
[Pr Epoch : 17/20]
Pr_Src_cls_loss	: 0.1098
-------------------------------------
[Pr Epoch : 18/20]
Pr_Src_cls_loss	: 0.1052
-------------------------------------
[Pr Epoch : 19/20]
Pr_Src_cls_loss	: 0.1010
-------------------------------------
[Pr Epoch : 20/20]
Pr_Src_cls_loss	: 0.0973
-------------------------------------
[Epoch : 1/20]
Pr_Src_cls_loss	: 0.0973
Total_loss	: 5.5539
Domain_loss	: 0.8325
Src_cls_loss	: 0.1114
Adv Loss	: 1.3115
-------------------------------------
[Epoch : 2/20]
Pr_Src_cls_loss	: 0.0973
Total_loss	: 5.5584
Domain_loss	: 0.6633
Src_cls_loss	: 0.1241
Adv Loss	: 1.3019
-------------------------------------
[Epoch : 3/20]
Pr_Src_cls_loss	: 0.0973
Total_loss	: 5.5710
Domain_loss	: 0.5428
Src_cls_loss	: 0.1201
Adv Loss	: 1.3085
-------------------------------------
[Epoch : 4/20]
Pr_Src_cls_loss	: 0.0973
Total_loss	: 5.5391
Domain_loss	: 0.4664
Src_cls_loss	: 0.1158
Adv Loss	: 1.3041
-------------------------------------
[Epoch : 5/20]
Pr_Src_cls_loss	: 0.0973
Total_loss	: 5.5680
Domain_loss	: 0.4211
Src_cls_loss	: 0.1180
Adv Loss	: 1.3095
-------------------------------------
[Epoch : 6/20]
Pr_Src_cls_loss	: 0.0973
Total_loss	: 5.5558
Domain_loss	: 0.3762
Src_cls_loss	: 0.1154
Adv Loss	: 1.3087
-------------------------------------
[Epoch : 7/20]
Pr_Src_cls_loss	: 0.0973
Total_loss	: 5.5313
Domain_loss	: 0.3522
Src_cls_loss	: 0.1138
Adv Loss	: 1.3038
-------------------------------------
[Epoch : 8/20]
Pr_Src_cls_loss	: 0.0973
Total_loss	: 5.5410
Domain_loss	: 0.3272
Src_cls_loss	: 0.1135
Adv Loss	: 1.3065
-------------------------------------
[Epoch : 9/20]
Pr_Src_cls_loss	: 0.0973
Total_loss	: 5.5399
Domain_loss	: 0.3063
Src_cls_loss	: 0.1124
Adv Loss	: 1.3072
-------------------------------------
[Epoch : 10/20]
Pr_Src_cls_loss	: 0.0973
Total_loss	: 5.5463
Domain_loss	: 0.2874
Src_cls_loss	: 0.1107
Adv Loss	: 1.3103
-------------------------------------
[Epoch : 11/20]
Pr_Src_cls_loss	: 0.0973
Total_loss	: 5.5567
Domain_loss	: 0.2718
Src_cls_loss	: 0.1083
Adv Loss	: 1.3149
-------------------------------------
[Epoch : 12/20]
Pr_Src_cls_loss	: 0.0973
Total_loss	: 5.5674
Domain_loss	: 0.2570
Src_cls_loss	: 0.1067
Adv Loss	: 1.3190
-------------------------------------
[Epoch : 13/20]
Pr_Src_cls_loss	: 0.0973
Total_loss	: 5.5707
Domain_loss	: 0.2437
Src_cls_loss	: 0.1048
Adv Loss	: 1.3215
-------------------------------------
[Epoch : 14/20]
Pr_Src_cls_loss	: 0.0973
Total_loss	: 5.5775
Domain_loss	: 0.2323
Src_cls_loss	: 0.1031
Adv Loss	: 1.3246
-------------------------------------
[Epoch : 15/20]
Pr_Src_cls_loss	: 0.0973
Total_loss	: 5.5808
Domain_loss	: 0.2219
Src_cls_loss	: 0.1014
Adv Loss	: 1.3269
-------------------------------------
[Epoch : 16/20]
Pr_Src_cls_loss	: 0.0973
Total_loss	: 5.5824
Domain_loss	: 0.2129
Src_cls_loss	: 0.1000
Adv Loss	: 1.3285
-------------------------------------
[Epoch : 17/20]
Pr_Src_cls_loss	: 0.0973
Total_loss	: 5.5843
Domain_loss	: 0.2043
Src_cls_loss	: 0.0982
Adv Loss	: 1.3305
-------------------------------------
[Epoch : 18/20]
Pr_Src_cls_loss	: 0.0973
Total_loss	: 5.5912
Domain_loss	: 0.1960
Src_cls_loss	: 0.0964
Adv Loss	: 1.3337
-------------------------------------
[Epoch : 19/20]
Pr_Src_cls_loss	: 0.0973
Total_loss	: 5.5943
Domain_loss	: 0.1884
Src_cls_loss	: 0.0953
Adv Loss	: 1.3354
-------------------------------------
[Epoch : 20/20]
Pr_Src_cls_loss	: 0.0973
Total_loss	: 5.5964
Domain_loss	: 0.1822
Src_cls_loss	: 0.0943
Adv Loss	: 1.3369
-------------------------------------
H_score: 0.3825, OS* (acc_c): 0.3738, UNK (acc_p): 0.3915, acc_mix: 0.3773, F1: 0.4025
Uploading logs from: /mnt/data/home/tp2474/OpenSet-AdaTime/experiments_logs/curriculum/RealWorld to MHEALTH_UniDA_hard_n1_fno_mean/UDA_UniDA_hard_n1_fno_mean/RealWorld_to_MHEALTH_run_1
🏃 View run UDA_run_1 at: http://127.0.0.1:5001/#/experiments/391000965306048508/runs/9e80756b65b4443db89bd996b7f89a1b
🧪 View experiment at: http://127.0.0.1:5001/#/experiments/391000965306048508
=============================================
Dataset: RealWorld to MHEALTH_UniDA_hard_n1_fno_mean
Method:  UDA
=============================================
Source: RealWorld ---> Target: MHEALTH
Run ID: 2
=============================================
[Pr Epoch : 1/20]
Pr_Src_cls_loss	: 0.7439
-------------------------------------
[Pr Epoch : 2/20]
Pr_Src_cls_loss	: 0.4847
-------------------------------------
[Pr Epoch : 3/20]
Pr_Src_cls_loss	: 0.3681
-------------------------------------
[Pr Epoch : 4/20]
Pr_Src_cls_loss	: 0.3016
-------------------------------------
[Pr Epoch : 5/20]
Pr_Src_cls_loss	: 0.2572
-------------------------------------
[Pr Epoch : 6/20]
Pr_Src_cls_loss	: 0.2261
-------------------------------------
[Pr Epoch : 7/20]
Pr_Src_cls_loss	: 0.2020
-------------------------------------
[Pr Epoch : 8/20]
Pr_Src_cls_loss	: 0.1830
-------------------------------------
[Pr Epoch : 9/20]
Pr_Src_cls_loss	: 0.1680
-------------------------------------
[Pr Epoch : 10/20]
Pr_Src_cls_loss	: 0.1556
-------------------------------------
[Pr Epoch : 11/20]
Pr_Src_cls_loss	: 0.1451
-------------------------------------
[Pr Epoch : 12/20]
Pr_Src_cls_loss	: 0.1361
-------------------------------------
[Pr Epoch : 13/20]
Pr_Src_cls_loss	: 0.1284
-------------------------------------
[Pr Epoch : 14/20]
Pr_Src_cls_loss	: 0.1218
-------------------------------------
[Pr Epoch : 15/20]
Pr_Src_cls_loss	: 0.1155
-------------------------------------
[Pr Epoch : 16/20]
Pr_Src_cls_loss	: 0.1102
-------------------------------------
[Pr Epoch : 17/20]
Pr_Src_cls_loss	: 0.1053
-------------------------------------
[Pr Epoch : 18/20]
Pr_Src_cls_loss	: 0.1009
-------------------------------------
[Pr Epoch : 19/20]
Pr_Src_cls_loss	: 0.0970
-------------------------------------
[Pr Epoch : 20/20]
Pr_Src_cls_loss	: 0.0935
-------------------------------------
[Epoch : 1/20]
Pr_Src_cls_loss	: 0.0935
Total_loss	: 5.6286
Domain_loss	: 0.9383
Src_cls_loss	: 0.1071
Adv Loss	: 1.3341
-------------------------------------
[Epoch : 2/20]
Pr_Src_cls_loss	: 0.0935
Total_loss	: 5.6063
Domain_loss	: 0.6471
Src_cls_loss	: 0.1151
Adv Loss	: 1.3217
-------------------------------------
[Epoch : 3/20]
Pr_Src_cls_loss	: 0.0935
Total_loss	: 5.6084
Domain_loss	: 0.5174
Src_cls_loss	: 0.1191
Adv Loss	: 1.3189
-------------------------------------
[Epoch : 4/20]
Pr_Src_cls_loss	: 0.0935
Total_loss	: 5.6170
Domain_loss	: 0.4419
Src_cls_loss	: 0.1192
Adv Loss	: 1.3209
-------------------------------------
[Epoch : 5/20]
Pr_Src_cls_loss	: 0.0935
Total_loss	: 5.5943
Domain_loss	: 0.3816
Src_cls_loss	: 0.1157
Adv Loss	: 1.3182
-------------------------------------
[Epoch : 6/20]
Pr_Src_cls_loss	: 0.0935
Total_loss	: 5.5917
Domain_loss	: 0.3422
Src_cls_loss	: 0.1120
Adv Loss	: 1.3207
-------------------------------------
[Epoch : 7/20]
Pr_Src_cls_loss	: 0.0935
Total_loss	: 5.5942
Domain_loss	: 0.3102
Src_cls_loss	: 0.1075
Adv Loss	: 1.3251
-------------------------------------
[Epoch : 8/20]
Pr_Src_cls_loss	: 0.0935
Total_loss	: 5.5920
Domain_loss	: 0.2850
Src_cls_loss	: 0.1052
Adv Loss	: 1.3265
-------------------------------------
[Epoch : 9/20]
Pr_Src_cls_loss	: 0.0935
Total_loss	: 5.5955
Domain_loss	: 0.2665
Src_cls_loss	: 0.1039
Adv Loss	: 1.3285
-------------------------------------
[Epoch : 10/20]
Pr_Src_cls_loss	: 0.0935
Total_loss	: 5.5873
Domain_loss	: 0.2484
Src_cls_loss	: 0.1027
Adv Loss	: 1.3274
-------------------------------------
[Epoch : 11/20]
Pr_Src_cls_loss	: 0.0935
Total_loss	: 5.5906
Domain_loss	: 0.2341
Src_cls_loss	: 0.1013
Adv Loss	: 1.3294
-------------------------------------
[Epoch : 12/20]
Pr_Src_cls_loss	: 0.0935
Total_loss	: 5.5905
Domain_loss	: 0.2229
Src_cls_loss	: 0.1002
Adv Loss	: 1.3304
-------------------------------------
[Epoch : 13/20]
Pr_Src_cls_loss	: 0.0935
Total_loss	: 5.5944
Domain_loss	: 0.2121
Src_cls_loss	: 0.0994
Adv Loss	: 1.3320
-------------------------------------
[Epoch : 14/20]
Pr_Src_cls_loss	: 0.0935
Total_loss	: 5.5955
Domain_loss	: 0.2015
Src_cls_loss	: 0.0980
Adv Loss	: 1.3335
-------------------------------------
[Epoch : 15/20]
Pr_Src_cls_loss	: 0.0935
Total_loss	: 5.5922
Domain_loss	: 0.1924
Src_cls_loss	: 0.0963
Adv Loss	: 1.3340
-------------------------------------
[Epoch : 16/20]
Pr_Src_cls_loss	: 0.0935
Total_loss	: 5.5879
Domain_loss	: 0.1858
Src_cls_loss	: 0.0950
Adv Loss	: 1.3341
-------------------------------------
[Epoch : 17/20]
Pr_Src_cls_loss	: 0.0935
Total_loss	: 5.5927
Domain_loss	: 0.1784
Src_cls_loss	: 0.0939
Adv Loss	: 1.3363
-------------------------------------
[Epoch : 18/20]
Pr_Src_cls_loss	: 0.0935
Total_loss	: 5.5931
Domain_loss	: 0.1708
Src_cls_loss	: 0.0921
Adv Loss	: 1.3378
-------------------------------------
[Epoch : 19/20]
Pr_Src_cls_loss	: 0.0935
Total_loss	: 5.5962
Domain_loss	: 0.1644
Src_cls_loss	: 0.0906
Adv Loss	: 1.3399
-------------------------------------
[Epoch : 20/20]
Pr_Src_cls_loss	: 0.0935
Total_loss	: 5.5981
Domain_loss	: 0.1584
Src_cls_loss	: 0.0894
Adv Loss	: 1.3414
-------------------------------------
H_score: 0.3359, OS* (acc_c): 0.4463, UNK (acc_p): 0.2693, acc_mix: 0.4113, F1: 0.4438
Uploading logs from: /mnt/data/home/tp2474/OpenSet-AdaTime/experiments_logs/curriculum/RealWorld to MHEALTH_UniDA_hard_n1_fno_mean/UDA_UniDA_hard_n1_fno_mean/RealWorld_to_MHEALTH_run_2
🏃 View run UDA_run_2 at: http://127.0.0.1:5001/#/experiments/391000965306048508/runs/f1365a6bac5f4e579d271a7dc6a05b10
🧪 View experiment at: http://127.0.0.1:5001/#/experiments/391000965306048508
=============================================
Dataset: RealWorld to MHEALTH_UniDA_hard_n1_fno_mean
Method:  UDA
=============================================
Source: RealWorld ---> Target: MHEALTH
Run ID: 3
=============================================
[Pr Epoch : 1/20]
Pr_Src_cls_loss	: 0.7395
-------------------------------------
[Pr Epoch : 2/20]
Pr_Src_cls_loss	: 0.4847
-------------------------------------
[Pr Epoch : 3/20]
Pr_Src_cls_loss	: 0.3696
-------------------------------------
[Pr Epoch : 4/20]
Pr_Src_cls_loss	: 0.3030
-------------------------------------
[Pr Epoch : 5/20]
Pr_Src_cls_loss	: 0.2594
-------------------------------------
[Pr Epoch : 6/20]
Pr_Src_cls_loss	: 0.2277
-------------------------------------
[Pr Epoch : 7/20]
Pr_Src_cls_loss	: 0.2039
-------------------------------------
[Pr Epoch : 8/20]
Pr_Src_cls_loss	: 0.1851
-------------------------------------
[Pr Epoch : 9/20]
Pr_Src_cls_loss	: 0.1699
-------------------------------------
[Pr Epoch : 10/20]
Pr_Src_cls_loss	: 0.1573
-------------------------------------
[Pr Epoch : 11/20]
Pr_Src_cls_loss	: 0.1465
-------------------------------------
[Pr Epoch : 12/20]
Pr_Src_cls_loss	: 0.1376
-------------------------------------
[Pr Epoch : 13/20]
Pr_Src_cls_loss	: 0.1298
-------------------------------------
[Pr Epoch : 14/20]
Pr_Src_cls_loss	: 0.1231
-------------------------------------
[Pr Epoch : 15/20]
Pr_Src_cls_loss	: 0.1169
-------------------------------------
[Pr Epoch : 16/20]
Pr_Src_cls_loss	: 0.1116
-------------------------------------
[Pr Epoch : 17/20]
Pr_Src_cls_loss	: 0.1068
-------------------------------------
[Pr Epoch : 18/20]
Pr_Src_cls_loss	: 0.1024
-------------------------------------
[Pr Epoch : 19/20]
Pr_Src_cls_loss	: 0.0983
-------------------------------------
[Pr Epoch : 20/20]
Pr_Src_cls_loss	: 0.0947
-------------------------------------
[Epoch : 1/20]
Pr_Src_cls_loss	: 0.0947
Total_loss	: 5.6132
Domain_loss	: 0.8813
Src_cls_loss	: 0.1050
Adv Loss	: 1.3320
-------------------------------------
[Epoch : 2/20]
Pr_Src_cls_loss	: 0.0947
Total_loss	: 5.6063
Domain_loss	: 0.6287
Src_cls_loss	: 0.1197
Adv Loss	: 1.3178
-------------------------------------
[Epoch : 3/20]
Pr_Src_cls_loss	: 0.0947
Total_loss	: 5.6265
Domain_loss	: 0.4892
Src_cls_loss	: 0.1214
Adv Loss	: 1.3215
-------------------------------------
[Epoch : 4/20]
Pr_Src_cls_loss	: 0.0947
Total_loss	: 5.6260
Domain_loss	: 0.4145
Src_cls_loss	: 0.1181
Adv Loss	: 1.3241
-------------------------------------
[Epoch : 5/20]
Pr_Src_cls_loss	: 0.0947
Total_loss	: 5.6088
Domain_loss	: 0.3573
Src_cls_loss	: 0.1162
Adv Loss	: 1.3214
-------------------------------------
[Epoch : 6/20]
Pr_Src_cls_loss	: 0.0947
Total_loss	: 5.6098
Domain_loss	: 0.3151
Src_cls_loss	: 0.1140
Adv Loss	: 1.3236
-------------------------------------
[Epoch : 7/20]
Pr_Src_cls_loss	: 0.0947
Total_loss	: 5.6121
Domain_loss	: 0.2880
Src_cls_loss	: 0.1124
Adv Loss	: 1.3255
-------------------------------------
[Epoch : 8/20]
Pr_Src_cls_loss	: 0.0947
Total_loss	: 5.6139
Domain_loss	: 0.2669
Src_cls_loss	: 0.1098
Adv Loss	: 1.3281
-------------------------------------
[Epoch : 9/20]
Pr_Src_cls_loss	: 0.0947
Total_loss	: 5.6089
Domain_loss	: 0.2450
Src_cls_loss	: 0.1055
Adv Loss	: 1.3305
-------------------------------------
[Epoch : 10/20]
Pr_Src_cls_loss	: 0.0947
Total_loss	: 5.6101
Domain_loss	: 0.2285
Src_cls_loss	: 0.1019
Adv Loss	: 1.3339
-------------------------------------
[Epoch : 11/20]
Pr_Src_cls_loss	: 0.0947
Total_loss	: 5.6086
Domain_loss	: 0.2143
Src_cls_loss	: 0.0992
Adv Loss	: 1.3357
-------------------------------------
[Epoch : 12/20]
Pr_Src_cls_loss	: 0.0947
Total_loss	: 5.6081
Domain_loss	: 0.2035
Src_cls_loss	: 0.0978
Adv Loss	: 1.3368
-------------------------------------
[Epoch : 13/20]
Pr_Src_cls_loss	: 0.0947
Total_loss	: 5.6054
Domain_loss	: 0.1953
Src_cls_loss	: 0.0965
Adv Loss	: 1.3372
-------------------------------------
[Epoch : 14/20]
Pr_Src_cls_loss	: 0.0947
Total_loss	: 5.6069
Domain_loss	: 0.1883
Src_cls_loss	: 0.0960
Adv Loss	: 1.3380
-------------------------------------
[Epoch : 15/20]
Pr_Src_cls_loss	: 0.0947
Total_loss	: 5.6022
Domain_loss	: 0.1797
Src_cls_loss	: 0.0949
Adv Loss	: 1.3378
-------------------------------------
[Epoch : 16/20]
Pr_Src_cls_loss	: 0.0947
Total_loss	: 5.5965
Domain_loss	: 0.1725
Src_cls_loss	: 0.0935
Adv Loss	: 1.3376
-------------------------------------
[Epoch : 17/20]
Pr_Src_cls_loss	: 0.0947
Total_loss	: 5.5957
Domain_loss	: 0.1663
Src_cls_loss	: 0.0922
Adv Loss	: 1.3384
-------------------------------------
[Epoch : 18/20]
Pr_Src_cls_loss	: 0.0947
Total_loss	: 5.5995
Domain_loss	: 0.1599
Src_cls_loss	: 0.0910
Adv Loss	: 1.3404
-------------------------------------
[Epoch : 19/20]
Pr_Src_cls_loss	: 0.0947
Total_loss	: 5.6001
Domain_loss	: 0.1543
Src_cls_loss	: 0.0896
Adv Loss	: 1.3417
-------------------------------------
[Epoch : 20/20]
Pr_Src_cls_loss	: 0.0947
Total_loss	: 5.5997
Domain_loss	: 0.1489
Src_cls_loss	: 0.0883
Adv Loss	: 1.3428
-------------------------------------
H_score: 0.3536, OS* (acc_c): 0.3241, UNK (acc_p): 0.3890, acc_mix: 0.3369, F1: 0.3466
Uploading logs from: /mnt/data/home/tp2474/OpenSet-AdaTime/experiments_logs/curriculum/RealWorld to MHEALTH_UniDA_hard_n1_fno_mean/UDA_UniDA_hard_n1_fno_mean/RealWorld_to_MHEALTH_run_3
🏃 View run UDA_run_3 at: http://127.0.0.1:5001/#/experiments/391000965306048508/runs/27bd5bb77cc54b01b0713003708f55bf
🧪 View experiment at: http://127.0.0.1:5001/#/experiments/391000965306048508
=============================================
Dataset: RealWorld to MHEALTH_UniDA_hard_n1_fno_mean
Method:  UDA
=============================================
Source: RealWorld ---> Target: MHEALTH
Run ID: 4
=============================================
[Pr Epoch : 1/20]
Pr_Src_cls_loss	: 0.7412
-------------------------------------
[Pr Epoch : 2/20]
Pr_Src_cls_loss	: 0.4837
-------------------------------------
[Pr Epoch : 3/20]
Pr_Src_cls_loss	: 0.3691
-------------------------------------
[Pr Epoch : 4/20]
Pr_Src_cls_loss	: 0.3023
-------------------------------------
[Pr Epoch : 5/20]
Pr_Src_cls_loss	: 0.2589
-------------------------------------
[Pr Epoch : 6/20]
Pr_Src_cls_loss	: 0.2270
-------------------------------------
[Pr Epoch : 7/20]
Pr_Src_cls_loss	: 0.2028
-------------------------------------
[Pr Epoch : 8/20]
Pr_Src_cls_loss	: 0.1840
-------------------------------------
[Pr Epoch : 9/20]
Pr_Src_cls_loss	: 0.1689
-------------------------------------
[Pr Epoch : 10/20]
Pr_Src_cls_loss	: 0.1561
-------------------------------------
[Pr Epoch : 11/20]
Pr_Src_cls_loss	: 0.1460
-------------------------------------
[Pr Epoch : 12/20]
Pr_Src_cls_loss	: 0.1371
-------------------------------------
[Pr Epoch : 13/20]
Pr_Src_cls_loss	: 0.1295
-------------------------------------
[Pr Epoch : 14/20]
Pr_Src_cls_loss	: 0.1226
-------------------------------------
[Pr Epoch : 15/20]
Pr_Src_cls_loss	: 0.1164
-------------------------------------
[Pr Epoch : 16/20]
Pr_Src_cls_loss	: 0.1109
-------------------------------------
[Pr Epoch : 17/20]
Pr_Src_cls_loss	: 0.1062
-------------------------------------
[Pr Epoch : 18/20]
Pr_Src_cls_loss	: 0.1018
-------------------------------------
[Pr Epoch : 19/20]
Pr_Src_cls_loss	: 0.0978
-------------------------------------
[Pr Epoch : 20/20]
Pr_Src_cls_loss	: 0.0942
-------------------------------------
[Epoch : 1/20]
Pr_Src_cls_loss	: 0.0942
Total_loss	: 5.5794
Domain_loss	: 0.9962
Src_cls_loss	: 0.1004
Adv Loss	: 1.3274
-------------------------------------
[Epoch : 2/20]
Pr_Src_cls_loss	: 0.0942
Total_loss	: 5.5856
Domain_loss	: 0.7535
Src_cls_loss	: 0.1105
Adv Loss	: 1.3204
-------------------------------------
[Epoch : 3/20]
Pr_Src_cls_loss	: 0.0942
Total_loss	: 5.5904
Domain_loss	: 0.6227
Src_cls_loss	: 0.1160
Adv Loss	: 1.3169
-------------------------------------
[Epoch : 4/20]
Pr_Src_cls_loss	: 0.0942
Total_loss	: 5.5602
Domain_loss	: 0.5325
Src_cls_loss	: 0.1185
Adv Loss	: 1.3072
-------------------------------------
[Epoch : 5/20]
Pr_Src_cls_loss	: 0.0942
Total_loss	: 5.5877
Domain_loss	: 0.4608
Src_cls_loss	: 0.1156
Adv Loss	: 1.3166
-------------------------------------
[Epoch : 6/20]
Pr_Src_cls_loss	: 0.0942
Total_loss	: 5.5931
Domain_loss	: 0.4065
Src_cls_loss	: 0.1132
Adv Loss	: 1.3199
-------------------------------------
[Epoch : 7/20]
Pr_Src_cls_loss	: 0.0942
Total_loss	: 5.5829
Domain_loss	: 0.3685
Src_cls_loss	: 0.1099
Adv Loss	: 1.3201
-------------------------------------
[Epoch : 8/20]
Pr_Src_cls_loss	: 0.0942
Total_loss	: 5.5793
Domain_loss	: 0.3390
Src_cls_loss	: 0.1073
Adv Loss	: 1.3215
-------------------------------------
[Epoch : 9/20]
Pr_Src_cls_loss	: 0.0942
Total_loss	: 5.5817
Domain_loss	: 0.3154
Src_cls_loss	: 0.1055
Adv Loss	: 1.3236
-------------------------------------
[Epoch : 10/20]
Pr_Src_cls_loss	: 0.0942
Total_loss	: 5.5756
Domain_loss	: 0.2938
Src_cls_loss	: 0.1034
Adv Loss	: 1.3238
-------------------------------------
[Epoch : 11/20]
Pr_Src_cls_loss	: 0.0942
Total_loss	: 5.5821
Domain_loss	: 0.2773
Src_cls_loss	: 0.1016
Adv Loss	: 1.3270
-------------------------------------
[Epoch : 12/20]
Pr_Src_cls_loss	: 0.0942
Total_loss	: 5.5822
Domain_loss	: 0.2614
Src_cls_loss	: 0.0994
Adv Loss	: 1.3289
-------------------------------------
[Epoch : 13/20]
Pr_Src_cls_loss	: 0.0942
Total_loss	: 5.5842
Domain_loss	: 0.2463
Src_cls_loss	: 0.0973
Adv Loss	: 1.3312
-------------------------------------
[Epoch : 14/20]
Pr_Src_cls_loss	: 0.0942
Total_loss	: 5.5865
Domain_loss	: 0.2323
Src_cls_loss	: 0.0949
Adv Loss	: 1.3338
-------------------------------------
[Epoch : 15/20]
Pr_Src_cls_loss	: 0.0942
Total_loss	: 5.5856
Domain_loss	: 0.2204
Src_cls_loss	: 0.0928
Adv Loss	: 1.3354
-------------------------------------
[Epoch : 16/20]
Pr_Src_cls_loss	: 0.0942
Total_loss	: 5.5863
Domain_loss	: 0.2100
Src_cls_loss	: 0.0907
Adv Loss	: 1.3373
-------------------------------------
[Epoch : 17/20]
Pr_Src_cls_loss	: 0.0942
Total_loss	: 5.5851
Domain_loss	: 0.2019
Src_cls_loss	: 0.0889
Adv Loss	: 1.3385
-------------------------------------
[Epoch : 18/20]
Pr_Src_cls_loss	: 0.0942
Total_loss	: 5.5877
Domain_loss	: 0.1944
Src_cls_loss	: 0.0878
Adv Loss	: 1.3401
-------------------------------------
[Epoch : 19/20]
Pr_Src_cls_loss	: 0.0942
Total_loss	: 5.5880
Domain_loss	: 0.1881
Src_cls_loss	: 0.0870
Adv Loss	: 1.3409
-------------------------------------
[Epoch : 20/20]
Pr_Src_cls_loss	: 0.0942
Total_loss	: 5.5869
Domain_loss	: 0.1813
Src_cls_loss	: 0.0857
Adv Loss	: 1.3417
-------------------------------------
H_score: 0.3588, OS* (acc_c): 0.3689, UNK (acc_p): 0.3491, acc_mix: 0.3650, F1: 0.3917
Uploading logs from: /mnt/data/home/tp2474/OpenSet-AdaTime/experiments_logs/curriculum/RealWorld to MHEALTH_UniDA_hard_n1_fno_mean/UDA_UniDA_hard_n1_fno_mean/RealWorld_to_MHEALTH_run_4
🏃 View run UDA_run_4 at: http://127.0.0.1:5001/#/experiments/391000965306048508/runs/2852d6aff1664c1ebef5716c6a4451d8
🧪 View experiment at: http://127.0.0.1:5001/#/experiments/391000965306048508
==================== [n1 fno_mean] OVANet ====================
[curriculum] scenario=UniDA  strategy=hard  n_unknown=1  rank_variant=fno_mean
[curriculum] source mapping (5 classes): {'lying': 'lying', 'sitting': 'sitting', 'walking': 'walking', 'running': 'running', 'climbingup': 'climbingup'}
[curriculum] target mapping (5 classes): {'Lying down': 'lying', 'Sitting and relaxing': 'sitting', 'Walking': 'walking', 'Running': 'running', 'Climbing stairs': 'Climbing stairs'}
[curriculum] unknowns added (in hard order): src=[climbingup] | trg=[Climbing stairs]
[scenario] OVANet -> UniDA (uniDA=True)
Unlabeled data shape:  (2030, 150, 18)
Unlabelled Combined shape: (3491, 150, 18)

--- Dataloader Size Check ---
Source Train batches:   344
Target Train batches:   31
-------------------------------

Private classes:  tensor([5.])
=============================================
Dataset: RealWorld to MHEALTH_UniDA_hard_n1_fno_mean
Method:  OVANet
=============================================
Source: RealWorld ---> Target: MHEALTH
Run ID: 0
=============================================
[Pr Epoch : 1/20]
Pr_Src_cls_loss	: 0.7451
-------------------------------------
[Pr Epoch : 2/20]
Pr_Src_cls_loss	: 0.4866
-------------------------------------
[Pr Epoch : 3/20]
Pr_Src_cls_loss	: 0.3698
-------------------------------------
[Pr Epoch : 4/20]
Pr_Src_cls_loss	: 0.3020
-------------------------------------
[Pr Epoch : 5/20]
Pr_Src_cls_loss	: 0.2570
-------------------------------------
[Pr Epoch : 6/20]
Pr_Src_cls_loss	: 0.2248
-------------------------------------
[Pr Epoch : 7/20]
Pr_Src_cls_loss	: 0.2002
-------------------------------------
[Pr Epoch : 8/20]
Pr_Src_cls_loss	: 0.1810
-------------------------------------
[Pr Epoch : 9/20]
Pr_Src_cls_loss	: 0.1654
-------------------------------------
[Pr Epoch : 10/20]
Pr_Src_cls_loss	: 0.1523
-------------------------------------
[Pr Epoch : 11/20]
Pr_Src_cls_loss	: 0.1413
-------------------------------------
[Pr Epoch : 12/20]
Pr_Src_cls_loss	: 0.1318
-------------------------------------
[Pr Epoch : 13/20]
Pr_Src_cls_loss	: 0.1234
-------------------------------------
[Pr Epoch : 14/20]
Pr_Src_cls_loss	: 0.1161
-------------------------------------
[Pr Epoch : 15/20]
Pr_Src_cls_loss	: 0.1099
-------------------------------------
[Pr Epoch : 16/20]
Pr_Src_cls_loss	: 0.1041
-------------------------------------
[Pr Epoch : 17/20]
Pr_Src_cls_loss	: 0.0990
-------------------------------------
[Pr Epoch : 18/20]
Pr_Src_cls_loss	: 0.0946
-------------------------------------
[Pr Epoch : 19/20]
Pr_Src_cls_loss	: 0.0903
-------------------------------------
[Pr Epoch : 20/20]
Pr_Src_cls_loss	: 0.0866
-------------------------------------
[Epoch : 1/20]
Pr_Src_cls_loss	: 0.0866
Total_loss	: 1.3407
Open Loss	: 0.6402
Src_cls_loss	: 0.0088
Entropy Open	: 0.6917
-------------------------------------
[Epoch : 2/20]
Pr_Src_cls_loss	: 0.0866
Total_loss	: 1.2758
Open Loss	: 0.5829
Src_cls_loss	: 0.0081
Entropy Open	: 0.6848
-------------------------------------
[Epoch : 3/20]
Pr_Src_cls_loss	: 0.0866
Total_loss	: 1.2084
Open Loss	: 0.5321
Src_cls_loss	: 0.0084
Entropy Open	: 0.6679
-------------------------------------
[Epoch : 4/20]
Pr_Src_cls_loss	: 0.0866
Total_loss	: 1.1357
Open Loss	: 0.4866
Src_cls_loss	: 0.0083
Entropy Open	: 0.6408
-------------------------------------
[Epoch : 5/20]
Pr_Src_cls_loss	: 0.0866
Total_loss	: 1.0613
Open Loss	: 0.4470
Src_cls_loss	: 0.0085
Entropy Open	: 0.6059
-------------------------------------
[Epoch : 6/20]
Pr_Src_cls_loss	: 0.0866
Total_loss	: 0.9893
Open Loss	: 0.4126
Src_cls_loss	: 0.0087
Entropy Open	: 0.5680
-------------------------------------
[Epoch : 7/20]
Pr_Src_cls_loss	: 0.0866
Total_loss	: 0.9225
Open Loss	: 0.3830
Src_cls_loss	: 0.0089
Entropy Open	: 0.5306
-------------------------------------
[Epoch : 8/20]
Pr_Src_cls_loss	: 0.0866
Total_loss	: 0.8613
Open Loss	: 0.3570
Src_cls_loss	: 0.0089
Entropy Open	: 0.4954
-------------------------------------
[Epoch : 9/20]
Pr_Src_cls_loss	: 0.0866
Total_loss	: 0.8058
Open Loss	: 0.3341
Src_cls_loss	: 0.0090
Entropy Open	: 0.4627
-------------------------------------
[Epoch : 10/20]
Pr_Src_cls_loss	: 0.0866
Total_loss	: 0.7560
Open Loss	: 0.3138
Src_cls_loss	: 0.0091
Entropy Open	: 0.4331
-------------------------------------
[Epoch : 11/20]
Pr_Src_cls_loss	: 0.0866
Total_loss	: 0.7110
Open Loss	: 0.2955
Src_cls_loss	: 0.0091
Entropy Open	: 0.4064
-------------------------------------
[Epoch : 12/20]
Pr_Src_cls_loss	: 0.0866
Total_loss	: 0.6706
Open Loss	: 0.2791
Src_cls_loss	: 0.0091
Entropy Open	: 0.3823
-------------------------------------
[Epoch : 13/20]
Pr_Src_cls_loss	: 0.0866
Total_loss	: 0.6342
Open Loss	: 0.2644
Src_cls_loss	: 0.0092
Entropy Open	: 0.3606
-------------------------------------
[Epoch : 14/20]
Pr_Src_cls_loss	: 0.0866
Total_loss	: 0.6011
Open Loss	: 0.2509
Src_cls_loss	: 0.0092
Entropy Open	: 0.3410
-------------------------------------
[Epoch : 15/20]
Pr_Src_cls_loss	: 0.0866
Total_loss	: 0.5711
Open Loss	: 0.2387
Src_cls_loss	: 0.0092
Entropy Open	: 0.3232
-------------------------------------
[Epoch : 16/20]
Pr_Src_cls_loss	: 0.0866
Total_loss	: 0.5438
Open Loss	: 0.2276
Src_cls_loss	: 0.0092
Entropy Open	: 0.3071
-------------------------------------
[Epoch : 17/20]
Pr_Src_cls_loss	: 0.0866
Total_loss	: 0.5190
Open Loss	: 0.2174
Src_cls_loss	: 0.0092
Entropy Open	: 0.2923
-------------------------------------
[Epoch : 18/20]
Pr_Src_cls_loss	: 0.0866
Total_loss	: 0.4961
Open Loss	: 0.2080
Src_cls_loss	: 0.0092
Entropy Open	: 0.2788
-------------------------------------
[Epoch : 19/20]
Pr_Src_cls_loss	: 0.0866
Total_loss	: 0.4750
Open Loss	: 0.1994
Src_cls_loss	: 0.0092
Entropy Open	: 0.2665
-------------------------------------
[Epoch : 20/20]
Pr_Src_cls_loss	: 0.0866
Total_loss	: 0.4556
Open Loss	: 0.1914
Src_cls_loss	: 0.0092
Entropy Open	: 0.2550
-------------------------------------
/mnt/data/home/tp2474/OpenSet-AdaTime/algorithms/algorithms.py:661: UserWarning: Implicit dimension choice for softmax has been deprecated. Change the call to include dim=X as an argument.
  predictions = F.softmax(self.classifier(features))
/mnt/data/home/tp2474/OpenSet-AdaTime/trainers/abstract_trainer.py:331: FutureWarning: The behavior of DataFrame concatenation with empty or all-NA entries is deprecated. In a future version, this will no longer exclude empty or all-NA columns when determining the result dtypes. To retain the old behavior, exclude the relevant entries before the concat operation.
  table = pd.concat([table, results_df], ignore_index=True)
H_score: 0.4427, OS* (acc_c): 0.3241, UNK (acc_p): 0.6983, acc_mix: 0.3980, F1: 0.2845
Uploading logs from: /mnt/data/home/tp2474/OpenSet-AdaTime/experiments_logs/curriculum/RealWorld to MHEALTH_UniDA_hard_n1_fno_mean/OVANet_UniDA_hard_n1_fno_mean/RealWorld_to_MHEALTH_run_0
🏃 View run OVANet_run_0 at: http://127.0.0.1:5001/#/experiments/391000965306048508/runs/3e5d60c9bca54f09a3d3b352f13de1c8
🧪 View experiment at: http://127.0.0.1:5001/#/experiments/391000965306048508
=============================================
Dataset: RealWorld to MHEALTH_UniDA_hard_n1_fno_mean
Method:  OVANet
=============================================
Source: RealWorld ---> Target: MHEALTH
Run ID: 1
=============================================
[Pr Epoch : 1/20]
Pr_Src_cls_loss	: 0.7565
-------------------------------------
[Pr Epoch : 2/20]
Pr_Src_cls_loss	: 0.4935
-------------------------------------
[Pr Epoch : 3/20]
Pr_Src_cls_loss	: 0.3747
-------------------------------------
[Pr Epoch : 4/20]
Pr_Src_cls_loss	: 0.3064
-------------------------------------
[Pr Epoch : 5/20]
Pr_Src_cls_loss	: 0.2606
-------------------------------------
[Pr Epoch : 6/20]
Pr_Src_cls_loss	: 0.2285
-------------------------------------
[Pr Epoch : 7/20]
Pr_Src_cls_loss	: 0.2035
-------------------------------------
[Pr Epoch : 8/20]
Pr_Src_cls_loss	: 0.1840
-------------------------------------
[Pr Epoch : 9/20]
Pr_Src_cls_loss	: 0.1683
-------------------------------------
[Pr Epoch : 10/20]
Pr_Src_cls_loss	: 0.1552
-------------------------------------
[Pr Epoch : 11/20]
Pr_Src_cls_loss	: 0.1440
-------------------------------------
[Pr Epoch : 12/20]
Pr_Src_cls_loss	: 0.1345
-------------------------------------
[Pr Epoch : 13/20]
Pr_Src_cls_loss	: 0.1263
-------------------------------------
[Pr Epoch : 14/20]
Pr_Src_cls_loss	: 0.1191
-------------------------------------
[Pr Epoch : 15/20]
Pr_Src_cls_loss	: 0.1126
-------------------------------------
[Pr Epoch : 16/20]
Pr_Src_cls_loss	: 0.1068
-------------------------------------
[Pr Epoch : 17/20]
Pr_Src_cls_loss	: 0.1017
-------------------------------------
[Pr Epoch : 18/20]
Pr_Src_cls_loss	: 0.0971
-------------------------------------
[Pr Epoch : 19/20]
Pr_Src_cls_loss	: 0.0928
-------------------------------------
[Pr Epoch : 20/20]
Pr_Src_cls_loss	: 0.0890
-------------------------------------
[Epoch : 1/20]
Pr_Src_cls_loss	: 0.0890
Total_loss	: 1.3547
Open Loss	: 0.6497
Src_cls_loss	: 0.0132
Entropy Open	: 0.6918
-------------------------------------
[Epoch : 2/20]
Pr_Src_cls_loss	: 0.0890
Total_loss	: 1.2914
Open Loss	: 0.5935
Src_cls_loss	: 0.0122
Entropy Open	: 0.6858
-------------------------------------
[Epoch : 3/20]
Pr_Src_cls_loss	: 0.0890
Total_loss	: 1.2254
Open Loss	: 0.5434
Src_cls_loss	: 0.0120
Entropy Open	: 0.6700
-------------------------------------
[Epoch : 4/20]
Pr_Src_cls_loss	: 0.0890
Total_loss	: 1.1536
Open Loss	: 0.4986
Src_cls_loss	: 0.0120
Entropy Open	: 0.6430
-------------------------------------
[Epoch : 5/20]
Pr_Src_cls_loss	: 0.0890
Total_loss	: 1.0794
Open Loss	: 0.4592
Src_cls_loss	: 0.0121
Entropy Open	: 0.6082
-------------------------------------
[Epoch : 6/20]
Pr_Src_cls_loss	: 0.0890
Total_loss	: 1.0074
Open Loss	: 0.4245
Src_cls_loss	: 0.0120
Entropy Open	: 0.5709
-------------------------------------
[Epoch : 7/20]
Pr_Src_cls_loss	: 0.0890
Total_loss	: 0.9409
Open Loss	: 0.3943
Src_cls_loss	: 0.0121
Entropy Open	: 0.5345
-------------------------------------
[Epoch : 8/20]
Pr_Src_cls_loss	: 0.0890
Total_loss	: 0.8799
Open Loss	: 0.3677
Src_cls_loss	: 0.0122
Entropy Open	: 0.5000
-------------------------------------
[Epoch : 9/20]
Pr_Src_cls_loss	: 0.0890
Total_loss	: 0.8245
Open Loss	: 0.3441
Src_cls_loss	: 0.0122
Entropy Open	: 0.4682
-------------------------------------
[Epoch : 10/20]
Pr_Src_cls_loss	: 0.0890
Total_loss	: 0.7746
Open Loss	: 0.3232
Src_cls_loss	: 0.0123
Entropy Open	: 0.4392
-------------------------------------
[Epoch : 11/20]
Pr_Src_cls_loss	: 0.0890
Total_loss	: 0.7296
Open Loss	: 0.3046
Src_cls_loss	: 0.0123
Entropy Open	: 0.4128
-------------------------------------
[Epoch : 12/20]
Pr_Src_cls_loss	: 0.0890
Total_loss	: 0.6890
Open Loss	: 0.2879
Src_cls_loss	: 0.0123
Entropy Open	: 0.3889
-------------------------------------
[Epoch : 13/20]
Pr_Src_cls_loss	: 0.0890
Total_loss	: 0.6520
Open Loss	: 0.2727
Src_cls_loss	: 0.0122
Entropy Open	: 0.3671
-------------------------------------
[Epoch : 14/20]
Pr_Src_cls_loss	: 0.0890
Total_loss	: 0.6185
Open Loss	: 0.2590
Src_cls_loss	: 0.0121
Entropy Open	: 0.3474
-------------------------------------
[Epoch : 15/20]
Pr_Src_cls_loss	: 0.0890
Total_loss	: 0.5880
Open Loss	: 0.2466
Src_cls_loss	: 0.0120
Entropy Open	: 0.3295
-------------------------------------
[Epoch : 16/20]
Pr_Src_cls_loss	: 0.0890
Total_loss	: 0.5604
Open Loss	: 0.2353
Src_cls_loss	: 0.0119
Entropy Open	: 0.3132
-------------------------------------
[Epoch : 17/20]
Pr_Src_cls_loss	: 0.0890
Total_loss	: 0.5350
Open Loss	: 0.2249
Src_cls_loss	: 0.0118
Entropy Open	: 0.2983
-------------------------------------
[Epoch : 18/20]
Pr_Src_cls_loss	: 0.0890
Total_loss	: 0.5116
Open Loss	: 0.2153
Src_cls_loss	: 0.0117
Entropy Open	: 0.2846
-------------------------------------
[Epoch : 19/20]
Pr_Src_cls_loss	: 0.0890
Total_loss	: 0.4902
Open Loss	: 0.2065
Src_cls_loss	: 0.0116
Entropy Open	: 0.2720
-------------------------------------
[Epoch : 20/20]
Pr_Src_cls_loss	: 0.0890
Total_loss	: 0.4703
Open Loss	: 0.1984
Src_cls_loss	: 0.0115
Entropy Open	: 0.2604
-------------------------------------
H_score: 0.0049, OS* (acc_c): 0.3020, UNK (acc_p): 0.0025, acc_mix: 0.2429, F1: 0.1374
Uploading logs from: /mnt/data/home/tp2474/OpenSet-AdaTime/experiments_logs/curriculum/RealWorld to MHEALTH_UniDA_hard_n1_fno_mean/OVANet_UniDA_hard_n1_fno_mean/RealWorld_to_MHEALTH_run_1
🏃 View run OVANet_run_1 at: http://127.0.0.1:5001/#/experiments/391000965306048508/runs/da7e07ed66684750a3d9a2bb7b44b70b
🧪 View experiment at: http://127.0.0.1:5001/#/experiments/391000965306048508
=============================================
Dataset: RealWorld to MHEALTH_UniDA_hard_n1_fno_mean
Method:  OVANet
=============================================
Source: RealWorld ---> Target: MHEALTH
Run ID: 2
=============================================
[Pr Epoch : 1/20]
Pr_Src_cls_loss	: 0.7343
-------------------------------------
[Pr Epoch : 2/20]
Pr_Src_cls_loss	: 0.4784
-------------------------------------
[Pr Epoch : 3/20]
Pr_Src_cls_loss	: 0.3637
-------------------------------------
[Pr Epoch : 4/20]
Pr_Src_cls_loss	: 0.2964
-------------------------------------
[Pr Epoch : 5/20]
Pr_Src_cls_loss	: 0.2523
-------------------------------------
[Pr Epoch : 6/20]
Pr_Src_cls_loss	: 0.2205
-------------------------------------
[Pr Epoch : 7/20]
Pr_Src_cls_loss	: 0.1966
-------------------------------------
[Pr Epoch : 8/20]
Pr_Src_cls_loss	: 0.1777
-------------------------------------
[Pr Epoch : 9/20]
Pr_Src_cls_loss	: 0.1620
-------------------------------------
[Pr Epoch : 10/20]
Pr_Src_cls_loss	: 0.1494
-------------------------------------
[Pr Epoch : 11/20]
Pr_Src_cls_loss	: 0.1388
-------------------------------------
[Pr Epoch : 12/20]
Pr_Src_cls_loss	: 0.1294
-------------------------------------
[Pr Epoch : 13/20]
Pr_Src_cls_loss	: 0.1217
-------------------------------------
[Pr Epoch : 14/20]
Pr_Src_cls_loss	: 0.1147
-------------------------------------
[Pr Epoch : 15/20]
Pr_Src_cls_loss	: 0.1086
-------------------------------------
[Pr Epoch : 16/20]
Pr_Src_cls_loss	: 0.1031
-------------------------------------
[Pr Epoch : 17/20]
Pr_Src_cls_loss	: 0.0982
-------------------------------------
[Pr Epoch : 18/20]
Pr_Src_cls_loss	: 0.0936
-------------------------------------
[Pr Epoch : 19/20]
Pr_Src_cls_loss	: 0.0896
-------------------------------------
[Pr Epoch : 20/20]
Pr_Src_cls_loss	: 0.0860
-------------------------------------
[Epoch : 1/20]
Pr_Src_cls_loss	: 0.0860
Total_loss	: 1.3460
Open Loss	: 0.6427
Src_cls_loss	: 0.0129
Entropy Open	: 0.6905
-------------------------------------
[Epoch : 2/20]
Pr_Src_cls_loss	: 0.0860
Total_loss	: 1.2756
Open Loss	: 0.5835
Src_cls_loss	: 0.0116
Entropy Open	: 0.6805
-------------------------------------
[Epoch : 3/20]
Pr_Src_cls_loss	: 0.0860
Total_loss	: 1.2023
Open Loss	: 0.5316
Src_cls_loss	: 0.0112
Entropy Open	: 0.6595
-------------------------------------
[Epoch : 4/20]
Pr_Src_cls_loss	: 0.0860
Total_loss	: 1.1256
Open Loss	: 0.4865
Src_cls_loss	: 0.0110
Entropy Open	: 0.6280
-------------------------------------
[Epoch : 5/20]
Pr_Src_cls_loss	: 0.0860
Total_loss	: 1.0492
Open Loss	: 0.4480
Src_cls_loss	: 0.0110
Entropy Open	: 0.5901
-------------------------------------
[Epoch : 6/20]
Pr_Src_cls_loss	: 0.0860
Total_loss	: 0.9753
Open Loss	: 0.4157
Src_cls_loss	: 0.0110
Entropy Open	: 0.5486
-------------------------------------
[Epoch : 7/20]
Pr_Src_cls_loss	: 0.0860
Total_loss	: 0.9065
Open Loss	: 0.3883
Src_cls_loss	: 0.0111
Entropy Open	: 0.5071
-------------------------------------
[Epoch : 8/20]
Pr_Src_cls_loss	: 0.0860
Total_loss	: 0.8447
Open Loss	: 0.3644
Src_cls_loss	: 0.0112
Entropy Open	: 0.4691
-------------------------------------
[Epoch : 9/20]
Pr_Src_cls_loss	: 0.0860
Total_loss	: 0.7895
Open Loss	: 0.3432
Src_cls_loss	: 0.0112
Entropy Open	: 0.4352
-------------------------------------
[Epoch : 10/20]
Pr_Src_cls_loss	: 0.0860
Total_loss	: 0.7402
Open Loss	: 0.3241
Src_cls_loss	: 0.0111
Entropy Open	: 0.4050
-------------------------------------
[Epoch : 11/20]
Pr_Src_cls_loss	: 0.0860
Total_loss	: 0.6963
Open Loss	: 0.3068
Src_cls_loss	: 0.0112
Entropy Open	: 0.3784
-------------------------------------
[Epoch : 12/20]
Pr_Src_cls_loss	: 0.0860
Total_loss	: 0.6568
Open Loss	: 0.2910
Src_cls_loss	: 0.0111
Entropy Open	: 0.3546
-------------------------------------
[Epoch : 13/20]
Pr_Src_cls_loss	: 0.0860
Total_loss	: 0.6212
Open Loss	: 0.2766
Src_cls_loss	: 0.0111
Entropy Open	: 0.3335
-------------------------------------
[Epoch : 14/20]
Pr_Src_cls_loss	: 0.0860
Total_loss	: 0.5892
Open Loss	: 0.2635
Src_cls_loss	: 0.0111
Entropy Open	: 0.3146
-------------------------------------
[Epoch : 15/20]
Pr_Src_cls_loss	: 0.0860
Total_loss	: 0.5601
Open Loss	: 0.2514
Src_cls_loss	: 0.0111
Entropy Open	: 0.2976
-------------------------------------
[Epoch : 16/20]
Pr_Src_cls_loss	: 0.0860
Total_loss	: 0.5335
Open Loss	: 0.2403
Src_cls_loss	: 0.0110
Entropy Open	: 0.2822
-------------------------------------
[Epoch : 17/20]
Pr_Src_cls_loss	: 0.0860
Total_loss	: 0.5092
Open Loss	: 0.2300
Src_cls_loss	: 0.0110
Entropy Open	: 0.2682
-------------------------------------
[Epoch : 18/20]
Pr_Src_cls_loss	: 0.0860
Total_loss	: 0.4869
Open Loss	: 0.2206
Src_cls_loss	: 0.0109
Entropy Open	: 0.2555
-------------------------------------
[Epoch : 19/20]
Pr_Src_cls_loss	: 0.0860
Total_loss	: 0.4665
Open Loss	: 0.2118
Src_cls_loss	: 0.0109
Entropy Open	: 0.2439
-------------------------------------
[Epoch : 20/20]
Pr_Src_cls_loss	: 0.0860
Total_loss	: 0.4476
Open Loss	: 0.2037
Src_cls_loss	: 0.0108
Entropy Open	: 0.2331
-------------------------------------
H_score: 0.0490, OS* (acc_c): 0.0252, UNK (acc_p): 0.9401, acc_mix: 0.2059, F1: 0.0948
Uploading logs from: /mnt/data/home/tp2474/OpenSet-AdaTime/experiments_logs/curriculum/RealWorld to MHEALTH_UniDA_hard_n1_fno_mean/OVANet_UniDA_hard_n1_fno_mean/RealWorld_to_MHEALTH_run_2
🏃 View run OVANet_run_2 at: http://127.0.0.1:5001/#/experiments/391000965306048508/runs/16cd24471f014f218a1e51f144dab030
🧪 View experiment at: http://127.0.0.1:5001/#/experiments/391000965306048508
=============================================
Dataset: RealWorld to MHEALTH_UniDA_hard_n1_fno_mean
Method:  OVANet
=============================================
Source: RealWorld ---> Target: MHEALTH
Run ID: 3
=============================================
[Pr Epoch : 1/20]
Pr_Src_cls_loss	: 0.7472
-------------------------------------
[Pr Epoch : 2/20]
Pr_Src_cls_loss	: 0.4881
-------------------------------------
[Pr Epoch : 3/20]
Pr_Src_cls_loss	: 0.3707
-------------------------------------
[Pr Epoch : 4/20]
Pr_Src_cls_loss	: 0.3025
-------------------------------------
[Pr Epoch : 5/20]
Pr_Src_cls_loss	: 0.2577
-------------------------------------
[Pr Epoch : 6/20]
Pr_Src_cls_loss	: 0.2251
-------------------------------------
[Pr Epoch : 7/20]
Pr_Src_cls_loss	: 0.2007
-------------------------------------
[Pr Epoch : 8/20]
Pr_Src_cls_loss	: 0.1813
-------------------------------------
[Pr Epoch : 9/20]
Pr_Src_cls_loss	: 0.1659
-------------------------------------
[Pr Epoch : 10/20]
Pr_Src_cls_loss	: 0.1527
-------------------------------------
[Pr Epoch : 11/20]
Pr_Src_cls_loss	: 0.1419
-------------------------------------
[Pr Epoch : 12/20]
Pr_Src_cls_loss	: 0.1325
-------------------------------------
[Pr Epoch : 13/20]
Pr_Src_cls_loss	: 0.1244
-------------------------------------
[Pr Epoch : 14/20]
Pr_Src_cls_loss	: 0.1175
-------------------------------------
[Pr Epoch : 15/20]
Pr_Src_cls_loss	: 0.1111
-------------------------------------
[Pr Epoch : 16/20]
Pr_Src_cls_loss	: 0.1056
-------------------------------------
[Pr Epoch : 17/20]
Pr_Src_cls_loss	: 0.1006
-------------------------------------
[Pr Epoch : 18/20]
Pr_Src_cls_loss	: 0.0959
-------------------------------------
[Pr Epoch : 19/20]
Pr_Src_cls_loss	: 0.0918
-------------------------------------
[Pr Epoch : 20/20]
Pr_Src_cls_loss	: 0.0881
-------------------------------------
[Epoch : 1/20]
Pr_Src_cls_loss	: 0.0881
Total_loss	: 1.3427
Open Loss	: 0.6419
Src_cls_loss	: 0.0096
Entropy Open	: 0.6912
-------------------------------------
[Epoch : 2/20]
Pr_Src_cls_loss	: 0.0881
Total_loss	: 1.2775
Open Loss	: 0.5851
Src_cls_loss	: 0.0096
Entropy Open	: 0.6828
-------------------------------------
[Epoch : 3/20]
Pr_Src_cls_loss	: 0.0881
Total_loss	: 1.2071
Open Loss	: 0.5343
Src_cls_loss	: 0.0097
Entropy Open	: 0.6632
-------------------------------------
[Epoch : 4/20]
Pr_Src_cls_loss	: 0.0881
Total_loss	: 1.1327
Open Loss	: 0.4894
Src_cls_loss	: 0.0098
Entropy Open	: 0.6335
-------------------------------------
[Epoch : 5/20]
Pr_Src_cls_loss	: 0.0881
Total_loss	: 1.0590
Open Loss	: 0.4501
Src_cls_loss	: 0.0101
Entropy Open	: 0.5988
-------------------------------------
[Epoch : 6/20]
Pr_Src_cls_loss	: 0.0881
Total_loss	: 0.9891
Open Loss	: 0.4157
Src_cls_loss	: 0.0103
Entropy Open	: 0.5631
-------------------------------------
[Epoch : 7/20]
Pr_Src_cls_loss	: 0.0881
Total_loss	: 0.9243
Open Loss	: 0.3857
Src_cls_loss	: 0.0104
Entropy Open	: 0.5282
-------------------------------------
[Epoch : 8/20]
Pr_Src_cls_loss	: 0.0881
Total_loss	: 0.8648
Open Loss	: 0.3593
Src_cls_loss	: 0.0104
Entropy Open	: 0.4951
-------------------------------------
[Epoch : 9/20]
Pr_Src_cls_loss	: 0.0881
Total_loss	: 0.8108
Open Loss	: 0.3360
Src_cls_loss	: 0.0105
Entropy Open	: 0.4643
-------------------------------------
[Epoch : 10/20]
Pr_Src_cls_loss	: 0.0881
Total_loss	: 0.7621
Open Loss	: 0.3154
Src_cls_loss	: 0.0106
Entropy Open	: 0.4361
-------------------------------------
[Epoch : 11/20]
Pr_Src_cls_loss	: 0.0881
Total_loss	: 0.7181
Open Loss	: 0.2971
Src_cls_loss	: 0.0106
Entropy Open	: 0.4104
-------------------------------------
[Epoch : 12/20]
Pr_Src_cls_loss	: 0.0881
Total_loss	: 0.6783
Open Loss	: 0.2806
Src_cls_loss	: 0.0106
Entropy Open	: 0.3871
-------------------------------------
[Epoch : 13/20]
Pr_Src_cls_loss	: 0.0881
Total_loss	: 0.6423
Open Loss	: 0.2659
Src_cls_loss	: 0.0107
Entropy Open	: 0.3658
-------------------------------------
[Epoch : 14/20]
Pr_Src_cls_loss	: 0.0881
Total_loss	: 0.6095
Open Loss	: 0.2525
Src_cls_loss	: 0.0107
Entropy Open	: 0.3464
-------------------------------------
[Epoch : 15/20]
Pr_Src_cls_loss	: 0.0881
Total_loss	: 0.5795
Open Loss	: 0.2403
Src_cls_loss	: 0.0107
Entropy Open	: 0.3285
-------------------------------------
[Epoch : 16/20]
Pr_Src_cls_loss	: 0.0881
Total_loss	: 0.5520
Open Loss	: 0.2292
Src_cls_loss	: 0.0107
Entropy Open	: 0.3121
-------------------------------------
[Epoch : 17/20]
Pr_Src_cls_loss	: 0.0881
Total_loss	: 0.5269
Open Loss	: 0.2190
Src_cls_loss	: 0.0107
Entropy Open	: 0.2972
-------------------------------------
[Epoch : 18/20]
Pr_Src_cls_loss	: 0.0881
Total_loss	: 0.5036
Open Loss	: 0.2096
Src_cls_loss	: 0.0106
Entropy Open	: 0.2834
-------------------------------------
[Epoch : 19/20]
Pr_Src_cls_loss	: 0.0881
Total_loss	: 0.4822
Open Loss	: 0.2009
Src_cls_loss	: 0.0105
Entropy Open	: 0.2708
-------------------------------------
[Epoch : 20/20]
Pr_Src_cls_loss	: 0.0881
Total_loss	: 0.4626
Open Loss	: 0.1930
Src_cls_loss	: 0.0105
Entropy Open	: 0.2592
-------------------------------------
H_score: 0.0594, OS* (acc_c): 0.3511, UNK (acc_p): 0.0324, acc_mix: 0.2882, F1: 0.2102
Uploading logs from: /mnt/data/home/tp2474/OpenSet-AdaTime/experiments_logs/curriculum/RealWorld to MHEALTH_UniDA_hard_n1_fno_mean/OVANet_UniDA_hard_n1_fno_mean/RealWorld_to_MHEALTH_run_3
🏃 View run OVANet_run_3 at: http://127.0.0.1:5001/#/experiments/391000965306048508/runs/8ba46fc8f8f3430e883fc69f1ce73775
🧪 View experiment at: http://127.0.0.1:5001/#/experiments/391000965306048508
=============================================
Dataset: RealWorld to MHEALTH_UniDA_hard_n1_fno_mean
Method:  OVANet
=============================================
Source: RealWorld ---> Target: MHEALTH
Run ID: 4
=============================================
[Pr Epoch : 1/20]
Pr_Src_cls_loss	: 0.7340
-------------------------------------
[Pr Epoch : 2/20]
Pr_Src_cls_loss	: 0.4788
-------------------------------------
[Pr Epoch : 3/20]
Pr_Src_cls_loss	: 0.3648
-------------------------------------
[Pr Epoch : 4/20]
Pr_Src_cls_loss	: 0.2984
-------------------------------------
[Pr Epoch : 5/20]
Pr_Src_cls_loss	: 0.2538
-------------------------------------
[Pr Epoch : 6/20]
Pr_Src_cls_loss	: 0.2219
-------------------------------------
[Pr Epoch : 7/20]
Pr_Src_cls_loss	: 0.1977
-------------------------------------
[Pr Epoch : 8/20]
Pr_Src_cls_loss	: 0.1789
-------------------------------------
[Pr Epoch : 9/20]
Pr_Src_cls_loss	: 0.1632
-------------------------------------
[Pr Epoch : 10/20]
Pr_Src_cls_loss	: 0.1505
-------------------------------------
[Pr Epoch : 11/20]
Pr_Src_cls_loss	: 0.1398
-------------------------------------
[Pr Epoch : 12/20]
Pr_Src_cls_loss	: 0.1306
-------------------------------------
[Pr Epoch : 13/20]
Pr_Src_cls_loss	: 0.1226
-------------------------------------
[Pr Epoch : 14/20]
Pr_Src_cls_loss	: 0.1154
-------------------------------------
[Pr Epoch : 15/20]
Pr_Src_cls_loss	: 0.1093
-------------------------------------
[Pr Epoch : 16/20]
Pr_Src_cls_loss	: 0.1038
-------------------------------------
[Pr Epoch : 17/20]
Pr_Src_cls_loss	: 0.0989
-------------------------------------
[Pr Epoch : 18/20]
Pr_Src_cls_loss	: 0.0944
-------------------------------------
[Pr Epoch : 19/20]
Pr_Src_cls_loss	: 0.0903
-------------------------------------
[Pr Epoch : 20/20]
Pr_Src_cls_loss	: 0.0866
-------------------------------------
[Epoch : 1/20]
Pr_Src_cls_loss	: 0.0866
Total_loss	: 1.3370
Open Loss	: 0.6356
Src_cls_loss	: 0.0104
Entropy Open	: 0.6910
-------------------------------------
[Epoch : 2/20]
Pr_Src_cls_loss	: 0.0866
Total_loss	: 1.2667
Open Loss	: 0.5764
Src_cls_loss	: 0.0093
Entropy Open	: 0.6809
-------------------------------------
[Epoch : 3/20]
Pr_Src_cls_loss	: 0.0866
Total_loss	: 1.1914
Open Loss	: 0.5232
Src_cls_loss	: 0.0092
Entropy Open	: 0.6591
-------------------------------------
[Epoch : 4/20]
Pr_Src_cls_loss	: 0.0866
Total_loss	: 1.1130
Open Loss	: 0.4766
Src_cls_loss	: 0.0094
Entropy Open	: 0.6270
-------------------------------------
[Epoch : 5/20]
Pr_Src_cls_loss	: 0.0866
Total_loss	: 1.0355
Open Loss	: 0.4363
Src_cls_loss	: 0.0095
Entropy Open	: 0.5896
-------------------------------------
[Epoch : 6/20]
Pr_Src_cls_loss	: 0.0866
Total_loss	: 0.9629
Open Loss	: 0.4015
Src_cls_loss	: 0.0096
Entropy Open	: 0.5517
-------------------------------------
[Epoch : 7/20]
Pr_Src_cls_loss	: 0.0866
Total_loss	: 0.8964
Open Loss	: 0.3712
Src_cls_loss	: 0.0097
Entropy Open	: 0.5154
-------------------------------------
[Epoch : 8/20]
Pr_Src_cls_loss	: 0.0866
Total_loss	: 0.8364
Open Loss	: 0.3447
Src_cls_loss	: 0.0098
Entropy Open	: 0.4819
-------------------------------------
[Epoch : 9/20]
Pr_Src_cls_loss	: 0.0866
Total_loss	: 0.7829
Open Loss	: 0.3216
Src_cls_loss	: 0.0100
Entropy Open	: 0.4513
-------------------------------------
[Epoch : 10/20]
Pr_Src_cls_loss	: 0.0866
Total_loss	: 0.7347
Open Loss	: 0.3010
Src_cls_loss	: 0.0100
Entropy Open	: 0.4236
-------------------------------------
[Epoch : 11/20]
Pr_Src_cls_loss	: 0.0866
Total_loss	: 0.6914
Open Loss	: 0.2828
Src_cls_loss	: 0.0101
Entropy Open	: 0.3985
-------------------------------------
[Epoch : 12/20]
Pr_Src_cls_loss	: 0.0866
Total_loss	: 0.6525
Open Loss	: 0.2666
Src_cls_loss	: 0.0101
Entropy Open	: 0.3758
-------------------------------------
[Epoch : 13/20]
Pr_Src_cls_loss	: 0.0866
Total_loss	: 0.6173
Open Loss	: 0.2520
Src_cls_loss	: 0.0101
Entropy Open	: 0.3552
-------------------------------------
[Epoch : 14/20]
Pr_Src_cls_loss	: 0.0866
Total_loss	: 0.5854
Open Loss	: 0.2389
Src_cls_loss	: 0.0101
Entropy Open	: 0.3364
-------------------------------------
[Epoch : 15/20]
Pr_Src_cls_loss	: 0.0866
Total_loss	: 0.5565
Open Loss	: 0.2271
Src_cls_loss	: 0.0101
Entropy Open	: 0.3194
-------------------------------------
[Epoch : 16/20]
Pr_Src_cls_loss	: 0.0866
Total_loss	: 0.5302
Open Loss	: 0.2163
Src_cls_loss	: 0.0101
Entropy Open	: 0.3038
-------------------------------------
[Epoch : 17/20]
Pr_Src_cls_loss	: 0.0866
Total_loss	: 0.5061
Open Loss	: 0.2065
Src_cls_loss	: 0.0100
Entropy Open	: 0.2896
-------------------------------------
[Epoch : 18/20]
Pr_Src_cls_loss	: 0.0866
Total_loss	: 0.4839
Open Loss	: 0.1974
Src_cls_loss	: 0.0100
Entropy Open	: 0.2765
-------------------------------------
[Epoch : 19/20]
Pr_Src_cls_loss	: 0.0866
Total_loss	: 0.4635
Open Loss	: 0.1891
Src_cls_loss	: 0.0100
Entropy Open	: 0.2644
-------------------------------------
[Epoch : 20/20]
Pr_Src_cls_loss	: 0.0866
Total_loss	: 0.4447
Open Loss	: 0.1815
Src_cls_loss	: 0.0100
Entropy Open	: 0.2532
-------------------------------------
H_score: 0.2297, OS* (acc_c): 0.6470, UNK (acc_p): 0.1397, acc_mix: 0.5468, F1: 0.4749
Uploading logs from: /mnt/data/home/tp2474/OpenSet-AdaTime/experiments_logs/curriculum/RealWorld to MHEALTH_UniDA_hard_n1_fno_mean/OVANet_UniDA_hard_n1_fno_mean/RealWorld_to_MHEALTH_run_4
🏃 View run OVANet_run_4 at: http://127.0.0.1:5001/#/experiments/391000965306048508/runs/cff0c94a6e6e48aeab0a6d550d3a8f9e
🧪 View experiment at: http://127.0.0.1:5001/#/experiments/391000965306048508
==================== [n1 fno_mean] DANCE ====================
[curriculum] scenario=UniDA  strategy=hard  n_unknown=1  rank_variant=fno_mean
[curriculum] source mapping (5 classes): {'lying': 'lying', 'sitting': 'sitting', 'walking': 'walking', 'running': 'running', 'climbingup': 'climbingup'}
[curriculum] target mapping (5 classes): {'Lying down': 'lying', 'Sitting and relaxing': 'sitting', 'Walking': 'walking', 'Running': 'running', 'Climbing stairs': 'Climbing stairs'}
[curriculum] unknowns added (in hard order): src=[climbingup] | trg=[Climbing stairs]
[scenario] DANCE -> UniDA (uniDA=True)
Unlabeled data shape:  (2030, 150, 18)
Unlabelled Combined shape: (3491, 150, 18)

--- Dataloader Size Check ---
Source Train batches:   344
Target Train batches:   31
-------------------------------

Private classes:  tensor([5.])
=============================================
Dataset: RealWorld to MHEALTH_UniDA_hard_n1_fno_mean
Method:  DANCE
=============================================
Source: RealWorld ---> Target: MHEALTH
Run ID: 0
=============================================
[Pr Epoch : 1/20]
Pr_Src_cls_loss	: 1.4133
-------------------------------------
[Pr Epoch : 2/20]
Pr_Src_cls_loss	: 1.3953
-------------------------------------
[Pr Epoch : 3/20]
Pr_Src_cls_loss	: 1.3863
-------------------------------------
[Pr Epoch : 4/20]
Pr_Src_cls_loss	: 1.3809
-------------------------------------
[Pr Epoch : 5/20]
Pr_Src_cls_loss	: 1.3773
-------------------------------------
[Pr Epoch : 6/20]
Pr_Src_cls_loss	: 1.3747
-------------------------------------
[Pr Epoch : 7/20]
Pr_Src_cls_loss	: 1.3726
-------------------------------------
[Pr Epoch : 8/20]
Pr_Src_cls_loss	: 1.3710
-------------------------------------
[Pr Epoch : 9/20]
Pr_Src_cls_loss	: 1.3697
-------------------------------------
[Pr Epoch : 10/20]
Pr_Src_cls_loss	: 1.3686
-------------------------------------
[Pr Epoch : 11/20]
Pr_Src_cls_loss	: 1.3676
-------------------------------------
[Pr Epoch : 12/20]
Pr_Src_cls_loss	: 1.3667
-------------------------------------
[Pr Epoch : 13/20]
Pr_Src_cls_loss	: 1.3659
-------------------------------------
[Pr Epoch : 14/20]
Pr_Src_cls_loss	: 1.3652
-------------------------------------
[Pr Epoch : 15/20]
Pr_Src_cls_loss	: 1.3646
-------------------------------------
[Pr Epoch : 16/20]
Pr_Src_cls_loss	: 1.3639
-------------------------------------
[Pr Epoch : 17/20]
Pr_Src_cls_loss	: 1.3634
-------------------------------------
[Pr Epoch : 18/20]
Pr_Src_cls_loss	: 1.3629
-------------------------------------
[Pr Epoch : 19/20]
Pr_Src_cls_loss	: 1.3624
-------------------------------------
[Pr Epoch : 20/20]
Pr_Src_cls_loss	: 1.3620
-------------------------------------
/mnt/data/home/tp2474/OpenSet-AdaTime/algorithms/algorithms.py:733: UserWarning: Implicit dimension choice for softmax has been deprecated. Change the call to include dim=X as an argument.
  p = F.softmax(p)
/mnt/data/home/tp2474/OpenSet-AdaTime/algorithms/algorithms.py:737: UserWarning: Implicit dimension choice for softmax has been deprecated. Change the call to include dim=X as an argument.
  p = F.softmax(p)
[Epoch : 1/20]
Pr_Src_cls_loss	: 1.3620
Total_loss	: 1.5654
Ent Loss	: -0.0797
Src_cls_loss	: 1.2417
Neighbors Clustering 	: 0.4033
-------------------------------------
[Epoch : 2/20]
Pr_Src_cls_loss	: 1.3620
Total_loss	: 1.4318
Ent Loss	: -0.0792
Src_cls_loss	: 1.1361
Neighbors Clustering 	: 0.3749
-------------------------------------
[Epoch : 3/20]
Pr_Src_cls_loss	: 1.3620
Total_loss	: 1.3177
Ent Loss	: -0.0786
Src_cls_loss	: 1.0393
Neighbors Clustering 	: 0.3571
-------------------------------------
[Epoch : 4/20]
Pr_Src_cls_loss	: 1.3620
Total_loss	: 1.2181
Ent Loss	: -0.0780
Src_cls_loss	: 0.9526
Neighbors Clustering 	: 0.3436
-------------------------------------
[Epoch : 5/20]
Pr_Src_cls_loss	: 1.3620
Total_loss	: 1.1317
Ent Loss	: -0.0775
Src_cls_loss	: 0.8759
Neighbors Clustering 	: 0.3333
-------------------------------------
[Epoch : 6/20]
Pr_Src_cls_loss	: 1.3620
Total_loss	: 1.0550
Ent Loss	: -0.0770
Src_cls_loss	: 0.8081
Neighbors Clustering 	: 0.3239
-------------------------------------
[Epoch : 7/20]
Pr_Src_cls_loss	: 1.3620
Total_loss	: 0.9873
Ent Loss	: -0.0766
Src_cls_loss	: 0.7485
Neighbors Clustering 	: 0.3154
-------------------------------------
[Epoch : 8/20]
Pr_Src_cls_loss	: 1.3620
Total_loss	: 0.9272
Ent Loss	: -0.0763
Src_cls_loss	: 0.6960
Neighbors Clustering 	: 0.3075
-------------------------------------
[Epoch : 9/20]
Pr_Src_cls_loss	: 1.3620
Total_loss	: 0.8739
Ent Loss	: -0.0760
Src_cls_loss	: 0.6495
Neighbors Clustering 	: 0.3005
-------------------------------------
[Epoch : 10/20]
Pr_Src_cls_loss	: 1.3620
Total_loss	: 0.8264
Ent Loss	: -0.0758
Src_cls_loss	: 0.6082
Neighbors Clustering 	: 0.2940
-------------------------------------
[Epoch : 11/20]
Pr_Src_cls_loss	: 1.3620
Total_loss	: 0.7838
Ent Loss	: -0.0756
Src_cls_loss	: 0.5713
Neighbors Clustering 	: 0.2882
-------------------------------------
[Epoch : 12/20]
Pr_Src_cls_loss	: 1.3620
Total_loss	: 0.7455
Ent Loss	: -0.0754
Src_cls_loss	: 0.5383
Neighbors Clustering 	: 0.2827
-------------------------------------
[Epoch : 13/20]
Pr_Src_cls_loss	: 1.3620
Total_loss	: 0.7109
Ent Loss	: -0.0753
Src_cls_loss	: 0.5087
Neighbors Clustering 	: 0.2775
-------------------------------------
[Epoch : 14/20]
Pr_Src_cls_loss	: 1.3620
Total_loss	: 0.6795
Ent Loss	: -0.0751
Src_cls_loss	: 0.4819
Neighbors Clustering 	: 0.2727
-------------------------------------
[Epoch : 15/20]
Pr_Src_cls_loss	: 1.3620
Total_loss	: 0.6507
Ent Loss	: -0.0750
Src_cls_loss	: 0.4576
Neighbors Clustering 	: 0.2681
-------------------------------------
[Epoch : 16/20]
Pr_Src_cls_loss	: 1.3620
Total_loss	: 0.6242
Ent Loss	: -0.0749
Src_cls_loss	: 0.4355
Neighbors Clustering 	: 0.2635
-------------------------------------
[Epoch : 17/20]
Pr_Src_cls_loss	: 1.3620
Total_loss	: 0.5997
Ent Loss	: -0.0747
Src_cls_loss	: 0.4153
Neighbors Clustering 	: 0.2591
-------------------------------------
[Epoch : 18/20]
Pr_Src_cls_loss	: 1.3620
Total_loss	: 0.5774
Ent Loss	: -0.0746
Src_cls_loss	: 0.3969
Neighbors Clustering 	: 0.2551
-------------------------------------
[Epoch : 19/20]
Pr_Src_cls_loss	: 1.3620
Total_loss	: 0.5567
Ent Loss	: -0.0745
Src_cls_loss	: 0.3800
Neighbors Clustering 	: 0.2512
-------------------------------------
[Epoch : 20/20]
Pr_Src_cls_loss	: 1.3620
Total_loss	: 0.5373
Ent Loss	: -0.0745
Src_cls_loss	: 0.3644
Neighbors Clustering 	: 0.2473
-------------------------------------
/mnt/data/home/tp2474/OpenSet-AdaTime/algorithms/algorithms.py:870: UserWarning: Implicit dimension choice for softmax has been deprecated. Change the call to include dim=X as an argument.
  predictions = F.softmax(self.classifier(features))
/mnt/data/home/tp2474/OpenSet-AdaTime/trainers/abstract_trainer.py:331: FutureWarning: The behavior of DataFrame concatenation with empty or all-NA entries is deprecated. In a future version, this will no longer exclude empty or all-NA columns when determining the result dtypes. To retain the old behavior, exclude the relevant entries before the concat operation.
  table = pd.concat([table, results_df], ignore_index=True)
H_score: 0.0000, OS* (acc_c): 0.0000, UNK (acc_p): 1.0000, acc_mix: 0.1975, F1: 0.0680
Uploading logs from: /mnt/data/home/tp2474/OpenSet-AdaTime/experiments_logs/curriculum/RealWorld to MHEALTH_UniDA_hard_n1_fno_mean/DANCE_UniDA_hard_n1_fno_mean/RealWorld_to_MHEALTH_run_0
🏃 View run DANCE_run_0 at: http://127.0.0.1:5001/#/experiments/391000965306048508/runs/c989beb0a06041da9bf09eba600f6a3c
🧪 View experiment at: http://127.0.0.1:5001/#/experiments/391000965306048508
=============================================
Dataset: RealWorld to MHEALTH_UniDA_hard_n1_fno_mean
Method:  DANCE
=============================================
Source: RealWorld ---> Target: MHEALTH
Run ID: 1
=============================================
[Pr Epoch : 1/20]
Pr_Src_cls_loss	: 1.3989
-------------------------------------
[Pr Epoch : 2/20]
Pr_Src_cls_loss	: 1.3804
-------------------------------------
[Pr Epoch : 3/20]
Pr_Src_cls_loss	: 1.3713
-------------------------------------
[Pr Epoch : 4/20]
Pr_Src_cls_loss	: 1.3659
-------------------------------------
[Pr Epoch : 5/20]
Pr_Src_cls_loss	: 1.3623
-------------------------------------
[Pr Epoch : 6/20]
Pr_Src_cls_loss	: 1.3596
-------------------------------------
[Pr Epoch : 7/20]
Pr_Src_cls_loss	: 1.3575
-------------------------------------
[Pr Epoch : 8/20]
Pr_Src_cls_loss	: 1.3558
-------------------------------------
[Pr Epoch : 9/20]
Pr_Src_cls_loss	: 1.3545
-------------------------------------
[Pr Epoch : 10/20]
Pr_Src_cls_loss	: 1.3534
-------------------------------------
[Pr Epoch : 11/20]
Pr_Src_cls_loss	: 1.3524
-------------------------------------
[Pr Epoch : 12/20]
Pr_Src_cls_loss	: 1.3516
-------------------------------------
[Pr Epoch : 13/20]
Pr_Src_cls_loss	: 1.3508
-------------------------------------
[Pr Epoch : 14/20]
Pr_Src_cls_loss	: 1.3501
-------------------------------------
[Pr Epoch : 15/20]
Pr_Src_cls_loss	: 1.3495
-------------------------------------
[Pr Epoch : 16/20]
Pr_Src_cls_loss	: 1.3489
-------------------------------------
[Pr Epoch : 17/20]
Pr_Src_cls_loss	: 1.3484
-------------------------------------
[Pr Epoch : 18/20]
Pr_Src_cls_loss	: 1.3480
-------------------------------------
[Pr Epoch : 19/20]
Pr_Src_cls_loss	: 1.3475
-------------------------------------
[Pr Epoch : 20/20]
Pr_Src_cls_loss	: 1.3471
-------------------------------------
[Epoch : 1/20]
Pr_Src_cls_loss	: 1.3471
Total_loss	: 1.5546
Ent Loss	: -0.0796
Src_cls_loss	: 1.2277
Neighbors Clustering 	: 0.4065
-------------------------------------
[Epoch : 2/20]
Pr_Src_cls_loss	: 1.3471
Total_loss	: 1.4166
Ent Loss	: -0.0791
Src_cls_loss	: 1.1225
Neighbors Clustering 	: 0.3733
-------------------------------------
[Epoch : 3/20]
Pr_Src_cls_loss	: 1.3471
Total_loss	: 1.2993
Ent Loss	: -0.0786
Src_cls_loss	: 1.0262
Neighbors Clustering 	: 0.3518
-------------------------------------
[Epoch : 4/20]
Pr_Src_cls_loss	: 1.3471
Total_loss	: 1.1961
Ent Loss	: -0.0781
Src_cls_loss	: 0.9404
Neighbors Clustering 	: 0.3338
-------------------------------------
[Epoch : 5/20]
Pr_Src_cls_loss	: 1.3471
Total_loss	: 1.1061
Ent Loss	: -0.0777
Src_cls_loss	: 0.8646
Neighbors Clustering 	: 0.3192
-------------------------------------
[Epoch : 6/20]
Pr_Src_cls_loss	: 1.3471
Total_loss	: 1.0278
Ent Loss	: -0.0774
Src_cls_loss	: 0.7980
Neighbors Clustering 	: 0.3072
-------------------------------------
[Epoch : 7/20]
Pr_Src_cls_loss	: 1.3471
Total_loss	: 0.9593
Ent Loss	: -0.0771
Src_cls_loss	: 0.7395
Neighbors Clustering 	: 0.2969
-------------------------------------
[Epoch : 8/20]
Pr_Src_cls_loss	: 1.3471
Total_loss	: 0.8989
Ent Loss	: -0.0769
Src_cls_loss	: 0.6880
Neighbors Clustering 	: 0.2878
-------------------------------------
[Epoch : 9/20]
Pr_Src_cls_loss	: 1.3471
Total_loss	: 0.8458
Ent Loss	: -0.0767
Src_cls_loss	: 0.6424
Neighbors Clustering 	: 0.2801
-------------------------------------
[Epoch : 10/20]
Pr_Src_cls_loss	: 1.3471
Total_loss	: 0.7986
Ent Loss	: -0.0765
Src_cls_loss	: 0.6020
Neighbors Clustering 	: 0.2731
-------------------------------------
[Epoch : 11/20]
Pr_Src_cls_loss	: 1.3471
Total_loss	: 0.7566
Ent Loss	: -0.0763
Src_cls_loss	: 0.5659
Neighbors Clustering 	: 0.2671
-------------------------------------
[Epoch : 12/20]
Pr_Src_cls_loss	: 1.3471
Total_loss	: 0.7189
Ent Loss	: -0.0762
Src_cls_loss	: 0.5335
Neighbors Clustering 	: 0.2616
-------------------------------------
[Epoch : 13/20]
Pr_Src_cls_loss	: 1.3471
Total_loss	: 0.6850
Ent Loss	: -0.0760
Src_cls_loss	: 0.5043
Neighbors Clustering 	: 0.2567
-------------------------------------
[Epoch : 14/20]
Pr_Src_cls_loss	: 1.3471
Total_loss	: 0.6544
Ent Loss	: -0.0759
Src_cls_loss	: 0.4780
Neighbors Clustering 	: 0.2523
-------------------------------------
[Epoch : 15/20]
Pr_Src_cls_loss	: 1.3471
Total_loss	: nan
Ent Loss	: nan
Src_cls_loss	: nan
Neighbors Clustering 	: nan
-------------------------------------
[Epoch : 16/20]
Pr_Src_cls_loss	: 1.3471
Total_loss	: nan
Ent Loss	: nan
Src_cls_loss	: nan
Neighbors Clustering 	: nan
-------------------------------------
[Epoch : 17/20]
Pr_Src_cls_loss	: 1.3471
Total_loss	: nan
Ent Loss	: nan
Src_cls_loss	: nan
Neighbors Clustering 	: nan
-------------------------------------
[Epoch : 18/20]
Pr_Src_cls_loss	: 1.3471
Total_loss	: nan
Ent Loss	: nan
Src_cls_loss	: nan
Neighbors Clustering 	: nan
-------------------------------------
[Epoch : 19/20]
Pr_Src_cls_loss	: 1.3471
Total_loss	: nan
Ent Loss	: nan
Src_cls_loss	: nan
Neighbors Clustering 	: nan
-------------------------------------
[Epoch : 20/20]
Pr_Src_cls_loss	: 1.3471
Total_loss	: nan
Ent Loss	: nan
Src_cls_loss	: nan
Neighbors Clustering 	: nan
-------------------------------------
H_score: 0.0000, OS* (acc_c): 0.0000, UNK (acc_p): 0.0000, acc_mix: 0.0000, F1: 0.0000
Uploading logs from: /mnt/data/home/tp2474/OpenSet-AdaTime/experiments_logs/curriculum/RealWorld to MHEALTH_UniDA_hard_n1_fno_mean/DANCE_UniDA_hard_n1_fno_mean/RealWorld_to_MHEALTH_run_1
🏃 View run DANCE_run_1 at: http://127.0.0.1:5001/#/experiments/391000965306048508/runs/62ca61fe5daf40fbaf15fe8fae3c3e02
🧪 View experiment at: http://127.0.0.1:5001/#/experiments/391000965306048508
=============================================
Dataset: RealWorld to MHEALTH_UniDA_hard_n1_fno_mean
Method:  DANCE
=============================================
Source: RealWorld ---> Target: MHEALTH
Run ID: 2
=============================================
[Pr Epoch : 1/20]
Pr_Src_cls_loss	: 1.4012
-------------------------------------
[Pr Epoch : 2/20]
Pr_Src_cls_loss	: 1.3833
-------------------------------------
[Pr Epoch : 3/20]
Pr_Src_cls_loss	: 1.3745
-------------------------------------
[Pr Epoch : 4/20]
Pr_Src_cls_loss	: 1.3692
-------------------------------------
[Pr Epoch : 5/20]
Pr_Src_cls_loss	: 1.3655
-------------------------------------
[Pr Epoch : 6/20]
Pr_Src_cls_loss	: 1.3630
-------------------------------------
[Pr Epoch : 7/20]
Pr_Src_cls_loss	: 1.3609
-------------------------------------
[Pr Epoch : 8/20]
Pr_Src_cls_loss	: 1.3591
-------------------------------------
[Pr Epoch : 9/20]
Pr_Src_cls_loss	: 1.3576
-------------------------------------
[Pr Epoch : 10/20]
Pr_Src_cls_loss	: 1.3562
-------------------------------------
[Pr Epoch : 11/20]
Pr_Src_cls_loss	: 1.3550
-------------------------------------
[Pr Epoch : 12/20]
Pr_Src_cls_loss	: 1.3539
-------------------------------------
[Pr Epoch : 13/20]
Pr_Src_cls_loss	: 1.3529
-------------------------------------
[Pr Epoch : 14/20]
Pr_Src_cls_loss	: 1.3521
-------------------------------------
[Pr Epoch : 15/20]
Pr_Src_cls_loss	: 1.3513
-------------------------------------
[Pr Epoch : 16/20]
Pr_Src_cls_loss	: 1.3505
-------------------------------------
[Pr Epoch : 17/20]
Pr_Src_cls_loss	: 1.3499
-------------------------------------
[Pr Epoch : 18/20]
Pr_Src_cls_loss	: 1.3493
-------------------------------------
[Pr Epoch : 19/20]
Pr_Src_cls_loss	: 1.3487
-------------------------------------
[Pr Epoch : 20/20]
Pr_Src_cls_loss	: 1.3482
-------------------------------------
[Epoch : 1/20]
Pr_Src_cls_loss	: 1.3482
Total_loss	: 1.5654
Ent Loss	: -0.0795
Src_cls_loss	: 1.2238
Neighbors Clustering 	: 0.4211
-------------------------------------
[Epoch : 2/20]
Pr_Src_cls_loss	: 1.3482
Total_loss	: 1.4297
Ent Loss	: -0.0790
Src_cls_loss	: 1.1171
Neighbors Clustering 	: 0.3916
-------------------------------------
[Epoch : 3/20]
Pr_Src_cls_loss	: 1.3482
Total_loss	: 1.3142
Ent Loss	: -0.0784
Src_cls_loss	: 1.0201
Neighbors Clustering 	: 0.3725
-------------------------------------
[Epoch : 4/20]
Pr_Src_cls_loss	: 1.3482
Total_loss	: 1.2144
Ent Loss	: -0.0778
Src_cls_loss	: 0.9337
Neighbors Clustering 	: 0.3585
-------------------------------------
[Epoch : 5/20]
Pr_Src_cls_loss	: 1.3482
Total_loss	: 1.1269
Ent Loss	: -0.0772
Src_cls_loss	: 0.8575
Neighbors Clustering 	: 0.3466
-------------------------------------
[Epoch : 6/20]
Pr_Src_cls_loss	: 1.3482
Total_loss	: 1.0506
Ent Loss	: -0.0767
Src_cls_loss	: 0.7907
Neighbors Clustering 	: 0.3366
-------------------------------------
[Epoch : 7/20]
Pr_Src_cls_loss	: 1.3482
Total_loss	: 0.9830
Ent Loss	: -0.0763
Src_cls_loss	: 0.7319
Neighbors Clustering 	: 0.3274
-------------------------------------
[Epoch : 8/20]
Pr_Src_cls_loss	: 1.3482
Total_loss	: 0.9235
Ent Loss	: -0.0760
Src_cls_loss	: 0.6802
Neighbors Clustering 	: 0.3193
-------------------------------------
[Epoch : 9/20]
Pr_Src_cls_loss	: 1.3482
Total_loss	: 0.8706
Ent Loss	: -0.0756
Src_cls_loss	: 0.6345
Neighbors Clustering 	: 0.3117
-------------------------------------
[Epoch : 10/20]
Pr_Src_cls_loss	: 1.3482
Total_loss	: 0.8237
Ent Loss	: -0.0754
Src_cls_loss	: 0.5942
Neighbors Clustering 	: 0.3049
-------------------------------------
[Epoch : 11/20]
Pr_Src_cls_loss	: 1.3482
Total_loss	: 0.7815
Ent Loss	: -0.0751
Src_cls_loss	: 0.5582
Neighbors Clustering 	: 0.2984
-------------------------------------
[Epoch : 12/20]
Pr_Src_cls_loss	: 1.3482
Total_loss	: 0.7432
Ent Loss	: -0.0749
Src_cls_loss	: 0.5261
Neighbors Clustering 	: 0.2920
-------------------------------------
[Epoch : 13/20]
Pr_Src_cls_loss	: 1.3482
Total_loss	: 0.7083
Ent Loss	: -0.0747
Src_cls_loss	: 0.4971
Neighbors Clustering 	: 0.2859
-------------------------------------
[Epoch : 14/20]
Pr_Src_cls_loss	: 1.3482
Total_loss	: 0.6767
Ent Loss	: -0.0745
Src_cls_loss	: 0.4711
Neighbors Clustering 	: 0.2801
-------------------------------------
[Epoch : 15/20]
Pr_Src_cls_loss	: 1.3482
Total_loss	: 0.6481
Ent Loss	: -0.0743
Src_cls_loss	: 0.4474
Neighbors Clustering 	: 0.2750
-------------------------------------
[Epoch : 16/20]
Pr_Src_cls_loss	: 1.3482
Total_loss	: 0.6218
Ent Loss	: -0.0742
Src_cls_loss	: 0.4260
Neighbors Clustering 	: 0.2700
-------------------------------------
[Epoch : 17/20]
Pr_Src_cls_loss	: 1.3482
Total_loss	: 0.5977
Ent Loss	: -0.0740
Src_cls_loss	: 0.4064
Neighbors Clustering 	: 0.2653
-------------------------------------
[Epoch : 18/20]
Pr_Src_cls_loss	: 1.3482
Total_loss	: 0.5756
Ent Loss	: -0.0739
Src_cls_loss	: 0.3885
Neighbors Clustering 	: 0.2610
-------------------------------------
[Epoch : 19/20]
Pr_Src_cls_loss	: 1.3482
Total_loss	: 0.5552
Ent Loss	: -0.0738
Src_cls_loss	: 0.3721
Neighbors Clustering 	: 0.2569
-------------------------------------
[Epoch : 20/20]
Pr_Src_cls_loss	: 1.3482
Total_loss	: 0.5363
Ent Loss	: -0.0737
Src_cls_loss	: 0.3568
Neighbors Clustering 	: 0.2531
-------------------------------------
H_score: 0.0000, OS* (acc_c): 0.0000, UNK (acc_p): 0.9776, acc_mix: 0.1931, F1: 0.0649
Uploading logs from: /mnt/data/home/tp2474/OpenSet-AdaTime/experiments_logs/curriculum/RealWorld to MHEALTH_UniDA_hard_n1_fno_mean/DANCE_UniDA_hard_n1_fno_mean/RealWorld_to_MHEALTH_run_2
🏃 View run DANCE_run_2 at: http://127.0.0.1:5001/#/experiments/391000965306048508/runs/0303dccb31a64969bc80fa7466fc1a0b
🧪 View experiment at: http://127.0.0.1:5001/#/experiments/391000965306048508
=============================================
Dataset: RealWorld to MHEALTH_UniDA_hard_n1_fno_mean
Method:  DANCE
=============================================
Source: RealWorld ---> Target: MHEALTH
Run ID: 3
=============================================
[Pr Epoch : 1/20]
Pr_Src_cls_loss	: 1.4192
-------------------------------------
[Pr Epoch : 2/20]
Pr_Src_cls_loss	: 1.4019
-------------------------------------
[Pr Epoch : 3/20]
Pr_Src_cls_loss	: 1.3933
-------------------------------------
[Pr Epoch : 4/20]
Pr_Src_cls_loss	: 1.3883
-------------------------------------
[Pr Epoch : 5/20]
Pr_Src_cls_loss	: 1.3849
-------------------------------------
[Pr Epoch : 6/20]
Pr_Src_cls_loss	: 1.3823
-------------------------------------
[Pr Epoch : 7/20]
Pr_Src_cls_loss	: 1.3803
-------------------------------------
[Pr Epoch : 8/20]
Pr_Src_cls_loss	: 1.3787
-------------------------------------
[Pr Epoch : 9/20]
Pr_Src_cls_loss	: 1.3774
-------------------------------------
[Pr Epoch : 10/20]
Pr_Src_cls_loss	: 1.3762
-------------------------------------
[Pr Epoch : 11/20]
Pr_Src_cls_loss	: 1.3753
-------------------------------------
[Pr Epoch : 12/20]
Pr_Src_cls_loss	: 1.3744
-------------------------------------
[Pr Epoch : 13/20]
Pr_Src_cls_loss	: 1.3736
-------------------------------------
[Pr Epoch : 14/20]
Pr_Src_cls_loss	: 1.3729
-------------------------------------
[Pr Epoch : 15/20]
Pr_Src_cls_loss	: 1.3723
-------------------------------------
[Pr Epoch : 16/20]
Pr_Src_cls_loss	: 1.3717
-------------------------------------
[Pr Epoch : 17/20]
Pr_Src_cls_loss	: 1.3712
-------------------------------------
[Pr Epoch : 18/20]
Pr_Src_cls_loss	: 1.3707
-------------------------------------
[Pr Epoch : 19/20]
Pr_Src_cls_loss	: 1.3703
-------------------------------------
[Pr Epoch : 20/20]
Pr_Src_cls_loss	: 1.3699
-------------------------------------
[Epoch : 1/20]
Pr_Src_cls_loss	: 1.3699
Total_loss	: 1.5752
Ent Loss	: -0.0798
Src_cls_loss	: 1.2509
Neighbors Clustering 	: 0.4041
-------------------------------------
[Epoch : 2/20]
Pr_Src_cls_loss	: 1.3699
Total_loss	: 1.4378
Ent Loss	: -0.0794
Src_cls_loss	: 1.1449
Neighbors Clustering 	: 0.3723
-------------------------------------
[Epoch : 3/20]
Pr_Src_cls_loss	: 1.3699
Total_loss	: 1.3198
Ent Loss	: -0.0789
Src_cls_loss	: 1.0478
Neighbors Clustering 	: 0.3510
-------------------------------------
[Epoch : 4/20]
Pr_Src_cls_loss	: 1.3699
Total_loss	: 1.2164
Ent Loss	: -0.0784
Src_cls_loss	: 0.9607
Neighbors Clustering 	: 0.3342
-------------------------------------
[Epoch : 5/20]
Pr_Src_cls_loss	: 1.3699
Total_loss	: 1.1261
Ent Loss	: -0.0780
Src_cls_loss	: 0.8835
Neighbors Clustering 	: 0.3206
-------------------------------------
[Epoch : 6/20]
Pr_Src_cls_loss	: 1.3699
Total_loss	: 1.0469
Ent Loss	: -0.0776
Src_cls_loss	: 0.8153
Neighbors Clustering 	: 0.3092
-------------------------------------
[Epoch : 7/20]
Pr_Src_cls_loss	: 1.3699
Total_loss	: 0.9768
Ent Loss	: -0.0773
Src_cls_loss	: 0.7552
Neighbors Clustering 	: 0.2989
-------------------------------------
[Epoch : 8/20]
Pr_Src_cls_loss	: 1.3699
Total_loss	: 0.9148
Ent Loss	: -0.0770
Src_cls_loss	: 0.7022
Neighbors Clustering 	: 0.2896
-------------------------------------
[Epoch : 9/20]
Pr_Src_cls_loss	: 1.3699
Total_loss	: 0.8602
Ent Loss	: -0.0767
Src_cls_loss	: 0.6554
Neighbors Clustering 	: 0.2815
-------------------------------------
[Epoch : 10/20]
Pr_Src_cls_loss	: 1.3699
Total_loss	: 0.8112
Ent Loss	: -0.0765
Src_cls_loss	: 0.6137
Neighbors Clustering 	: 0.2740
-------------------------------------
[Epoch : 11/20]
Pr_Src_cls_loss	: 1.3699
Total_loss	: 0.7673
Ent Loss	: -0.0763
Src_cls_loss	: 0.5766
Neighbors Clustering 	: 0.2670
-------------------------------------
[Epoch : 12/20]
Pr_Src_cls_loss	: 1.3699
Total_loss	: 0.7278
Ent Loss	: -0.0761
Src_cls_loss	: 0.5434
Neighbors Clustering 	: 0.2605
-------------------------------------
[Epoch : 13/20]
Pr_Src_cls_loss	: 1.3699
Total_loss	: 0.6921
Ent Loss	: -0.0760
Src_cls_loss	: 0.5134
Neighbors Clustering 	: 0.2546
-------------------------------------
[Epoch : 14/20]
Pr_Src_cls_loss	: 1.3699
Total_loss	: 0.6599
Ent Loss	: -0.0758
Src_cls_loss	: 0.4865
Neighbors Clustering 	: 0.2492
-------------------------------------
[Epoch : 15/20]
Pr_Src_cls_loss	: 1.3699
Total_loss	: 0.6305
Ent Loss	: -0.0757
Src_cls_loss	: 0.4621
Neighbors Clustering 	: 0.2441
-------------------------------------
[Epoch : 16/20]
Pr_Src_cls_loss	: 1.3699
Total_loss	: 0.6037
Ent Loss	: -0.0756
Src_cls_loss	: 0.4398
Neighbors Clustering 	: 0.2395
-------------------------------------
[Epoch : 17/20]
Pr_Src_cls_loss	: 1.3699
Total_loss	: 0.5790
Ent Loss	: -0.0755
Src_cls_loss	: 0.4194
Neighbors Clustering 	: 0.2351
-------------------------------------
[Epoch : 18/20]
Pr_Src_cls_loss	: 1.3699
Total_loss	: 0.5567
Ent Loss	: -0.0754
Src_cls_loss	: 0.4008
Neighbors Clustering 	: 0.2313
-------------------------------------
[Epoch : 19/20]
Pr_Src_cls_loss	: 1.3699
Total_loss	: 0.5361
Ent Loss	: -0.0753
Src_cls_loss	: 0.3837
Neighbors Clustering 	: 0.2277
-------------------------------------
[Epoch : 20/20]
Pr_Src_cls_loss	: 1.3699
Total_loss	: 0.5170
Ent Loss	: -0.0752
Src_cls_loss	: 0.3679
Neighbors Clustering 	: 0.2243
-------------------------------------
H_score: 0.0000, OS* (acc_c): 0.0000, UNK (acc_p): 0.9776, acc_mix: 0.1931, F1: 0.0653
Uploading logs from: /mnt/data/home/tp2474/OpenSet-AdaTime/experiments_logs/curriculum/RealWorld to MHEALTH_UniDA_hard_n1_fno_mean/DANCE_UniDA_hard_n1_fno_mean/RealWorld_to_MHEALTH_run_3
🏃 View run DANCE_run_3 at: http://127.0.0.1:5001/#/experiments/391000965306048508/runs/1c40b8f8dce74bd8a7eebe8aeb340960
🧪 View experiment at: http://127.0.0.1:5001/#/experiments/391000965306048508
=============================================
Dataset: RealWorld to MHEALTH_UniDA_hard_n1_fno_mean
Method:  DANCE
=============================================
Source: RealWorld ---> Target: MHEALTH
Run ID: 4
=============================================
[Pr Epoch : 1/20]
Pr_Src_cls_loss	: 1.3941
-------------------------------------
[Pr Epoch : 2/20]
Pr_Src_cls_loss	: 1.3761
-------------------------------------
[Pr Epoch : 3/20]
Pr_Src_cls_loss	: 1.3668
-------------------------------------
[Pr Epoch : 4/20]
Pr_Src_cls_loss	: 1.3610
-------------------------------------
[Pr Epoch : 5/20]
Pr_Src_cls_loss	: 1.3572
-------------------------------------
[Pr Epoch : 6/20]
Pr_Src_cls_loss	: 1.3544
-------------------------------------
[Pr Epoch : 7/20]
Pr_Src_cls_loss	: 1.3522
-------------------------------------
[Pr Epoch : 8/20]
Pr_Src_cls_loss	: 1.3503
-------------------------------------
[Pr Epoch : 9/20]
Pr_Src_cls_loss	: 1.3486
-------------------------------------
[Pr Epoch : 10/20]
Pr_Src_cls_loss	: 1.3472
-------------------------------------
[Pr Epoch : 11/20]
Pr_Src_cls_loss	: 1.3460
-------------------------------------
[Pr Epoch : 12/20]
Pr_Src_cls_loss	: 1.3448
-------------------------------------
[Pr Epoch : 13/20]
Pr_Src_cls_loss	: 1.3438
-------------------------------------
[Pr Epoch : 14/20]
Pr_Src_cls_loss	: 1.3429
-------------------------------------
[Pr Epoch : 15/20]
Pr_Src_cls_loss	: 1.3421
-------------------------------------
[Pr Epoch : 16/20]
Pr_Src_cls_loss	: 1.3413
-------------------------------------
[Pr Epoch : 17/20]
Pr_Src_cls_loss	: 1.3406
-------------------------------------
[Pr Epoch : 18/20]
Pr_Src_cls_loss	: 1.3400
-------------------------------------
[Pr Epoch : 19/20]
Pr_Src_cls_loss	: 1.3395
-------------------------------------
[Pr Epoch : 20/20]
Pr_Src_cls_loss	: 1.3390
-------------------------------------
[Epoch : 1/20]
Pr_Src_cls_loss	: 1.3390
Total_loss	: 1.5360
Ent Loss	: -0.0795
Src_cls_loss	: 1.2135
Neighbors Clustering 	: 0.4020
-------------------------------------
[Epoch : 2/20]
Pr_Src_cls_loss	: 1.3390
Total_loss	: 1.3967
Ent Loss	: -0.0791
Src_cls_loss	: 1.1065
Neighbors Clustering 	: 0.3694
-------------------------------------
[Epoch : 3/20]
Pr_Src_cls_loss	: 1.3390
Total_loss	: 1.2773
Ent Loss	: -0.0787
Src_cls_loss	: 1.0094
Neighbors Clustering 	: 0.3466
-------------------------------------
[Epoch : 4/20]
Pr_Src_cls_loss	: 1.3390
Total_loss	: 1.1736
Ent Loss	: -0.0782
Src_cls_loss	: 0.9231
Neighbors Clustering 	: 0.3286
-------------------------------------
[Epoch : 5/20]
Pr_Src_cls_loss	: 1.3390
Total_loss	: 1.0839
Ent Loss	: -0.0777
Src_cls_loss	: 0.8471
Neighbors Clustering 	: 0.3145
-------------------------------------
[Epoch : 6/20]
Pr_Src_cls_loss	: 1.3390
Total_loss	: 1.0061
Ent Loss	: -0.0773
Src_cls_loss	: 0.7804
Neighbors Clustering 	: 0.3030
-------------------------------------
[Epoch : 7/20]
Pr_Src_cls_loss	: 1.3390
Total_loss	: 0.9381
Ent Loss	: -0.0770
Src_cls_loss	: 0.7220
Neighbors Clustering 	: 0.2931
-------------------------------------
[Epoch : 8/20]
Pr_Src_cls_loss	: 1.3390
Total_loss	: 0.8788
Ent Loss	: -0.0767
Src_cls_loss	: 0.6706
Neighbors Clustering 	: 0.2849
-------------------------------------
[Epoch : 9/20]
Pr_Src_cls_loss	: 1.3390
Total_loss	: 0.8265
Ent Loss	: -0.0764
Src_cls_loss	: 0.6253
Neighbors Clustering 	: 0.2776
-------------------------------------
[Epoch : 10/20]
Pr_Src_cls_loss	: 1.3390
Total_loss	: 0.7799
Ent Loss	: -0.0762
Src_cls_loss	: 0.5852
Neighbors Clustering 	: 0.2709
-------------------------------------
[Epoch : 11/20]
Pr_Src_cls_loss	: 1.3390
Total_loss	: 0.7386
Ent Loss	: -0.0760
Src_cls_loss	: 0.5494
Neighbors Clustering 	: 0.2651
-------------------------------------
[Epoch : 12/20]
Pr_Src_cls_loss	: 1.3390
Total_loss	: 0.7015
Ent Loss	: -0.0758
Src_cls_loss	: 0.5174
Neighbors Clustering 	: 0.2598
-------------------------------------
[Epoch : 13/20]
Pr_Src_cls_loss	: 1.3390
Total_loss	: 0.6682
Ent Loss	: -0.0756
Src_cls_loss	: 0.4889
Neighbors Clustering 	: 0.2549
-------------------------------------
[Epoch : 14/20]
Pr_Src_cls_loss	: 1.3390
Total_loss	: 0.6379
Ent Loss	: -0.0754
Src_cls_loss	: 0.4631
Neighbors Clustering 	: 0.2503
-------------------------------------
[Epoch : 15/20]
Pr_Src_cls_loss	: 1.3390
Total_loss	: 0.6104
Ent Loss	: -0.0753
Src_cls_loss	: 0.4398
Neighbors Clustering 	: 0.2460
-------------------------------------
[Epoch : 16/20]
Pr_Src_cls_loss	: 1.3390
Total_loss	: 0.5854
Ent Loss	: -0.0752
Src_cls_loss	: 0.4185
Neighbors Clustering 	: 0.2420
-------------------------------------
[Epoch : 17/20]
Pr_Src_cls_loss	: 1.3390
Total_loss	: 0.5623
Ent Loss	: -0.0751
Src_cls_loss	: 0.3992
Neighbors Clustering 	: 0.2382
-------------------------------------
[Epoch : 18/20]
Pr_Src_cls_loss	: 1.3390
Total_loss	: 0.5411
Ent Loss	: -0.0749
Src_cls_loss	: 0.3814
Neighbors Clustering 	: 0.2347
-------------------------------------
[Epoch : 19/20]
Pr_Src_cls_loss	: 1.3390
Total_loss	: 0.5216
Ent Loss	: -0.0748
Src_cls_loss	: 0.3652
Neighbors Clustering 	: 0.2313
-------------------------------------
[Epoch : 20/20]
Pr_Src_cls_loss	: 1.3390
Total_loss	: 0.5037
Ent Loss	: -0.0747
Src_cls_loss	: 0.3501
Neighbors Clustering 	: 0.2283
-------------------------------------
H_score: 0.0025, OS* (acc_c): 0.0012, UNK (acc_p): 1.0000, acc_mix: 0.1985, F1: 0.0763
Uploading logs from: /mnt/data/home/tp2474/OpenSet-AdaTime/experiments_logs/curriculum/RealWorld to MHEALTH_UniDA_hard_n1_fno_mean/DANCE_UniDA_hard_n1_fno_mean/RealWorld_to_MHEALTH_run_4
🏃 View run DANCE_run_4 at: http://127.0.0.1:5001/#/experiments/391000965306048508/runs/0ba9287d7d474ea0978daaa4cd2030b6
🧪 View experiment at: http://127.0.0.1:5001/#/experiments/391000965306048508
==================== [n1 fno_mean] PPOT ====================
[curriculum] scenario=UniDA  strategy=hard  n_unknown=1  rank_variant=fno_mean
[curriculum] source mapping (5 classes): {'lying': 'lying', 'sitting': 'sitting', 'walking': 'walking', 'running': 'running', 'climbingup': 'climbingup'}
[curriculum] target mapping (5 classes): {'Lying down': 'lying', 'Sitting and relaxing': 'sitting', 'Walking': 'walking', 'Running': 'running', 'Climbing stairs': 'Climbing stairs'}
[curriculum] unknowns added (in hard order): src=[climbingup] | trg=[Climbing stairs]
[scenario] PPOT -> UniDA (uniDA=True)
Unlabeled data shape:  (2030, 150, 18)
Unlabelled Combined shape: (3491, 150, 18)

--- Dataloader Size Check ---
Source Train batches:   344
Target Train batches:   31
-------------------------------

Private classes:  tensor([5.])
=============================================
Dataset: RealWorld to MHEALTH_UniDA_hard_n1_fno_mean
Method:  PPOT
=============================================
Source: RealWorld ---> Target: MHEALTH
Run ID: 0
=============================================
[Pr Epoch : 1/20]
Pr_Src_cls_loss	: 1.4395
-------------------------------------
[Pr Epoch : 2/20]
Pr_Src_cls_loss	: 1.3682
-------------------------------------
[Pr Epoch : 3/20]
Pr_Src_cls_loss	: 1.3052
-------------------------------------
[Pr Epoch : 4/20]
Pr_Src_cls_loss	: 1.2466
-------------------------------------
[Pr Epoch : 5/20]
Pr_Src_cls_loss	: 1.1921
-------------------------------------
[Pr Epoch : 6/20]
Pr_Src_cls_loss	: 1.1413
-------------------------------------
[Pr Epoch : 7/20]
Pr_Src_cls_loss	: 1.0936
-------------------------------------
[Pr Epoch : 8/20]
Pr_Src_cls_loss	: 1.0488
-------------------------------------
[Pr Epoch : 9/20]
Pr_Src_cls_loss	: 1.0066
-------------------------------------
[Pr Epoch : 10/20]
Pr_Src_cls_loss	: 0.9669
-------------------------------------
[Pr Epoch : 11/20]
Pr_Src_cls_loss	: 0.9295
-------------------------------------
[Pr Epoch : 12/20]
Pr_Src_cls_loss	: 0.8944
-------------------------------------
[Pr Epoch : 13/20]
Pr_Src_cls_loss	: 0.8612
-------------------------------------
[Pr Epoch : 14/20]
Pr_Src_cls_loss	: 0.8300
-------------------------------------
[Pr Epoch : 15/20]
Pr_Src_cls_loss	: 0.8006
-------------------------------------
[Pr Epoch : 16/20]
Pr_Src_cls_loss	: 0.7728
-------------------------------------
[Pr Epoch : 17/20]
Pr_Src_cls_loss	: 0.7465
-------------------------------------
[Pr Epoch : 18/20]
Pr_Src_cls_loss	: 0.7217
-------------------------------------
[Pr Epoch : 19/20]
Pr_Src_cls_loss	: 0.6981
-------------------------------------
[Pr Epoch : 20/20]
Pr_Src_cls_loss	: 0.6758
-------------------------------------
[Epoch : 1/20]
Pr_Src_cls_loss	: 0.6758
Total_loss	: -0.5848
OT Loss	: 0.2052
Entropic Loss	: -1.1517
Src_cls_loss	: 0.2591
-------------------------------------
[Epoch : 2/20]
Pr_Src_cls_loss	: 0.6758
Total_loss	: -0.7447
OT Loss	: 0.2105
Entropic Loss	: -1.2783
Src_cls_loss	: 0.2178
-------------------------------------
[Epoch : 3/20]
Pr_Src_cls_loss	: 0.6758
Total_loss	: -0.7981
OT Loss	: 0.2116
Entropic Loss	: -1.3277
Src_cls_loss	: 0.2122
-------------------------------------
[Epoch : 4/20]
Pr_Src_cls_loss	: 0.6758
Total_loss	: -0.7767
OT Loss	: 0.2077
Entropic Loss	: -1.2904
Src_cls_loss	: 0.2022
-------------------------------------
[Epoch : 5/20]
Pr_Src_cls_loss	: 0.6758
Total_loss	: -0.7808
OT Loss	: 0.2075
Entropic Loss	: -1.2939
Src_cls_loss	: 0.2018
-------------------------------------
[Epoch : 6/20]
Pr_Src_cls_loss	: 0.6758
Total_loss	: -0.8112
OT Loss	: 0.2059
Entropic Loss	: -1.3176
Src_cls_loss	: 0.1976
-------------------------------------
[Epoch : 7/20]
Pr_Src_cls_loss	: 0.6758
Total_loss	: -0.8195
OT Loss	: 0.2085
Entropic Loss	: -1.3200
Src_cls_loss	: 0.1878
-------------------------------------
[Epoch : 8/20]
Pr_Src_cls_loss	: 0.6758
Total_loss	: -0.8141
OT Loss	: 0.2107
Entropic Loss	: -1.3077
Src_cls_loss	: 0.1775
-------------------------------------
[Epoch : 9/20]
Pr_Src_cls_loss	: 0.6758
Total_loss	: -0.8148
OT Loss	: 0.2064
Entropic Loss	: -1.2933
Src_cls_loss	: 0.1689
-------------------------------------
[Epoch : 10/20]
Pr_Src_cls_loss	: 0.6758
Total_loss	: -0.8215
OT Loss	: 0.2071
Entropic Loss	: -1.2972
Src_cls_loss	: 0.1650
-------------------------------------
[Epoch : 11/20]
Pr_Src_cls_loss	: 0.6758
Total_loss	: -0.8342
OT Loss	: 0.2056
Entropic Loss	: -1.3072
Src_cls_loss	: 0.1645
-------------------------------------
[Epoch : 12/20]
Pr_Src_cls_loss	: 0.6758
Total_loss	: -0.8410
OT Loss	: 0.2027
Entropic Loss	: -1.3042
Src_cls_loss	: 0.1591
-------------------------------------
[Epoch : 13/20]
Pr_Src_cls_loss	: 0.6758
Total_loss	: -0.8440
OT Loss	: 0.2018
Entropic Loss	: -1.3022
Src_cls_loss	: 0.1555
-------------------------------------
[Epoch : 14/20]
Pr_Src_cls_loss	: 0.6758
Total_loss	: -0.8488
OT Loss	: 0.2011
Entropic Loss	: -1.3041
Src_cls_loss	: 0.1535
-------------------------------------
[Epoch : 15/20]
Pr_Src_cls_loss	: 0.6758
Total_loss	: -0.8452
OT Loss	: 0.2001
Entropic Loss	: -1.2946
Src_cls_loss	: 0.1492
-------------------------------------
[Epoch : 16/20]
Pr_Src_cls_loss	: 0.6758
Total_loss	: -0.8557
OT Loss	: 0.1993
Entropic Loss	: -1.3003
Src_cls_loss	: 0.1455
-------------------------------------
[Epoch : 17/20]
Pr_Src_cls_loss	: 0.6758
Total_loss	: -0.8460
OT Loss	: 0.1985
Entropic Loss	: -1.2886
Src_cls_loss	: 0.1449
-------------------------------------
[Epoch : 18/20]
Pr_Src_cls_loss	: 0.6758
Total_loss	: -0.8355
OT Loss	: 0.1984
Entropic Loss	: -1.2762
Src_cls_loss	: 0.1431
-------------------------------------
[Epoch : 19/20]
Pr_Src_cls_loss	: 0.6758
Total_loss	: -0.8397
OT Loss	: 0.1971
Entropic Loss	: -1.2743
Src_cls_loss	: 0.1390
-------------------------------------
[Epoch : 20/20]
Pr_Src_cls_loss	: 0.6758
Total_loss	: -0.8342
OT Loss	: 0.1974
Entropic Loss	: -1.2678
Src_cls_loss	: 0.1375
-------------------------------------
/mnt/data/home/tp2474/OpenSet-AdaTime/trainers/abstract_trainer.py:331: FutureWarning: The behavior of DataFrame concatenation with empty or all-NA entries is deprecated. In a future version, this will no longer exclude empty or all-NA columns when determining the result dtypes. To retain the old behavior, exclude the relevant entries before the concat operation.
  table = pd.concat([table, results_df], ignore_index=True)
H_score: 0.3034, OS* (acc_c): 0.1983, UNK (acc_p): 0.6459, acc_mix: 0.2867, F1: 0.2808
Uploading logs from: /mnt/data/home/tp2474/OpenSet-AdaTime/experiments_logs/curriculum/RealWorld to MHEALTH_UniDA_hard_n1_fno_mean/PPOT_UniDA_hard_n1_fno_mean/RealWorld_to_MHEALTH_run_0
🏃 View run PPOT_run_0 at: http://127.0.0.1:5001/#/experiments/391000965306048508/runs/c26108bf0ffa45ff8d9ae046473a061d
🧪 View experiment at: http://127.0.0.1:5001/#/experiments/391000965306048508
=============================================
Dataset: RealWorld to MHEALTH_UniDA_hard_n1_fno_mean
Method:  PPOT
=============================================
Source: RealWorld ---> Target: MHEALTH
Run ID: 1
=============================================
[Pr Epoch : 1/20]
Pr_Src_cls_loss	: 1.4430
-------------------------------------
[Pr Epoch : 2/20]
Pr_Src_cls_loss	: 1.3768
-------------------------------------
[Pr Epoch : 3/20]
Pr_Src_cls_loss	: 1.3177
-------------------------------------
[Pr Epoch : 4/20]
Pr_Src_cls_loss	: 1.2613
-------------------------------------
[Pr Epoch : 5/20]
Pr_Src_cls_loss	: 1.2080
-------------------------------------
[Pr Epoch : 6/20]
Pr_Src_cls_loss	: 1.1574
-------------------------------------
[Pr Epoch : 7/20]
Pr_Src_cls_loss	: 1.1096
-------------------------------------
[Pr Epoch : 8/20]
Pr_Src_cls_loss	: 1.0646
-------------------------------------
[Pr Epoch : 9/20]
Pr_Src_cls_loss	: 1.0222
-------------------------------------
[Pr Epoch : 10/20]
Pr_Src_cls_loss	: 0.9822
-------------------------------------
[Pr Epoch : 11/20]
Pr_Src_cls_loss	: 0.9445
-------------------------------------
[Pr Epoch : 12/20]
Pr_Src_cls_loss	: 0.9089
-------------------------------------
[Pr Epoch : 13/20]
Pr_Src_cls_loss	: 0.8753
-------------------------------------
[Pr Epoch : 14/20]
Pr_Src_cls_loss	: 0.8436
-------------------------------------
[Pr Epoch : 15/20]
Pr_Src_cls_loss	: 0.8136
-------------------------------------
[Pr Epoch : 16/20]
Pr_Src_cls_loss	: 0.7852
-------------------------------------
[Pr Epoch : 17/20]
Pr_Src_cls_loss	: 0.7584
-------------------------------------
[Pr Epoch : 18/20]
Pr_Src_cls_loss	: 0.7330
-------------------------------------
[Pr Epoch : 19/20]
Pr_Src_cls_loss	: 0.7091
-------------------------------------
[Pr Epoch : 20/20]
Pr_Src_cls_loss	: 0.6864
-------------------------------------
[Epoch : 1/20]
Pr_Src_cls_loss	: 0.6864
Total_loss	: -0.8773
OT Loss	: 0.1869
Entropic Loss	: -1.3895
Src_cls_loss	: 0.2319
-------------------------------------
[Epoch : 2/20]
Pr_Src_cls_loss	: 0.6864
Total_loss	: -0.6396
OT Loss	: 0.2398
Entropic Loss	: -1.2140
Src_cls_loss	: 0.2147
-------------------------------------
[Epoch : 3/20]
Pr_Src_cls_loss	: 0.6864
Total_loss	: -0.5492
OT Loss	: 0.2267
Entropic Loss	: -1.1086
Src_cls_loss	: 0.2194
-------------------------------------
[Epoch : 4/20]
Pr_Src_cls_loss	: 0.6864
Total_loss	: -0.5096
OT Loss	: 0.2206
Entropic Loss	: -1.0667
Src_cls_loss	: 0.2261
-------------------------------------
[Epoch : 5/20]
Pr_Src_cls_loss	: 0.6864
Total_loss	: -0.4425
OT Loss	: 0.2121
Entropic Loss	: -0.9986
Src_cls_loss	: 0.2379
-------------------------------------
[Epoch : 6/20]
Pr_Src_cls_loss	: 0.6864
Total_loss	: -0.3731
OT Loss	: 0.2038
Entropic Loss	: -0.9046
Src_cls_loss	: 0.2257
-------------------------------------
[Epoch : 7/20]
Pr_Src_cls_loss	: 0.6864
Total_loss	: -0.2850
OT Loss	: 0.1996
Entropic Loss	: -0.7999
Src_cls_loss	: 0.2155
-------------------------------------
[Epoch : 8/20]
Pr_Src_cls_loss	: 0.6864
Total_loss	: -0.2366
OT Loss	: 0.1979
Entropic Loss	: -0.7398
Src_cls_loss	: 0.2064
-------------------------------------
[Epoch : 9/20]
Pr_Src_cls_loss	: 0.6864
Total_loss	: -0.1929
OT Loss	: 0.1992
Entropic Loss	: -0.6906
Src_cls_loss	: 0.1989
-------------------------------------
[Epoch : 10/20]
Pr_Src_cls_loss	: 0.6864
Total_loss	: -0.1590
OT Loss	: 0.2025
Entropic Loss	: -0.6533
Src_cls_loss	: 0.1907
-------------------------------------
[Epoch : 11/20]
Pr_Src_cls_loss	: 0.6864
Total_loss	: -0.1444
OT Loss	: 0.1967
Entropic Loss	: -0.6243
Src_cls_loss	: 0.1848
-------------------------------------
[Epoch : 12/20]
Pr_Src_cls_loss	: 0.6864
Total_loss	: -0.1123
OT Loss	: 0.2046
Entropic Loss	: -0.5983
Src_cls_loss	: 0.1791
-------------------------------------
[Epoch : 13/20]
Pr_Src_cls_loss	: 0.6864
Total_loss	: -0.0919
OT Loss	: 0.2028
Entropic Loss	: -0.5705
Src_cls_loss	: 0.1745
-------------------------------------
[Epoch : 14/20]
Pr_Src_cls_loss	: 0.6864
Total_loss	: -0.0703
OT Loss	: 0.2043
Entropic Loss	: -0.5459
Src_cls_loss	: 0.1691
-------------------------------------
[Epoch : 15/20]
Pr_Src_cls_loss	: 0.6864
Total_loss	: -0.0520
OT Loss	: 0.2033
Entropic Loss	: -0.5219
Src_cls_loss	: 0.1650
-------------------------------------
[Epoch : 16/20]
Pr_Src_cls_loss	: 0.6864
Total_loss	: -0.0242
OT Loss	: 0.2107
Entropic Loss	: -0.4999
Src_cls_loss	: 0.1597
-------------------------------------
[Epoch : 17/20]
Pr_Src_cls_loss	: 0.6864
Total_loss	: -0.0210
OT Loss	: 0.2072
Entropic Loss	: -0.4868
Src_cls_loss	: 0.1551
-------------------------------------
[Epoch : 18/20]
Pr_Src_cls_loss	: 0.6864
Total_loss	: -0.0081
OT Loss	: 0.2133
Entropic Loss	: -0.4823
Src_cls_loss	: 0.1542
-------------------------------------
[Epoch : 19/20]
Pr_Src_cls_loss	: 0.6864
Total_loss	: 0.0044
OT Loss	: 0.2121
Entropic Loss	: -0.4631
Src_cls_loss	: 0.1494
-------------------------------------
[Epoch : 20/20]
Pr_Src_cls_loss	: 0.6864
Total_loss	: 0.0024
OT Loss	: 0.2089
Entropic Loss	: -0.4556
Src_cls_loss	: 0.1447
-------------------------------------
H_score: 0.1627, OS* (acc_c): 0.4979, UNK (acc_p): 0.0973, acc_mix: 0.4187, F1: 0.4481
Uploading logs from: /mnt/data/home/tp2474/OpenSet-AdaTime/experiments_logs/curriculum/RealWorld to MHEALTH_UniDA_hard_n1_fno_mean/PPOT_UniDA_hard_n1_fno_mean/RealWorld_to_MHEALTH_run_1
🏃 View run PPOT_run_1 at: http://127.0.0.1:5001/#/experiments/391000965306048508/runs/45db9961ffee40ad8e060a78f1a7c36f
🧪 View experiment at: http://127.0.0.1:5001/#/experiments/391000965306048508
=============================================
Dataset: RealWorld to MHEALTH_UniDA_hard_n1_fno_mean
Method:  PPOT
=============================================
Source: RealWorld ---> Target: MHEALTH
Run ID: 2
=============================================
[Pr Epoch : 1/20]
Pr_Src_cls_loss	: 1.4379
-------------------------------------
[Pr Epoch : 2/20]
Pr_Src_cls_loss	: 1.3672
-------------------------------------
[Pr Epoch : 3/20]
Pr_Src_cls_loss	: 1.3049
-------------------------------------
[Pr Epoch : 4/20]
Pr_Src_cls_loss	: 1.2465
-------------------------------------
[Pr Epoch : 5/20]
Pr_Src_cls_loss	: 1.1919
-------------------------------------
[Pr Epoch : 6/20]
Pr_Src_cls_loss	: 1.1406
-------------------------------------
[Pr Epoch : 7/20]
Pr_Src_cls_loss	: 1.0923
-------------------------------------
[Pr Epoch : 8/20]
Pr_Src_cls_loss	: 1.0470
-------------------------------------
[Pr Epoch : 9/20]
Pr_Src_cls_loss	: 1.0043
-------------------------------------
[Pr Epoch : 10/20]
Pr_Src_cls_loss	: 0.9643
-------------------------------------
[Pr Epoch : 11/20]
Pr_Src_cls_loss	: 0.9266
-------------------------------------
[Pr Epoch : 12/20]
Pr_Src_cls_loss	: 0.8910
-------------------------------------
[Pr Epoch : 13/20]
Pr_Src_cls_loss	: 0.8575
-------------------------------------
[Pr Epoch : 14/20]
Pr_Src_cls_loss	: 0.8260
-------------------------------------
[Pr Epoch : 15/20]
Pr_Src_cls_loss	: 0.7962
-------------------------------------
[Pr Epoch : 16/20]
Pr_Src_cls_loss	: 0.7681
-------------------------------------
[Pr Epoch : 17/20]
Pr_Src_cls_loss	: 0.7416
-------------------------------------
[Pr Epoch : 18/20]
Pr_Src_cls_loss	: 0.7166
-------------------------------------
[Pr Epoch : 19/20]
Pr_Src_cls_loss	: 0.6928
-------------------------------------
[Pr Epoch : 20/20]
Pr_Src_cls_loss	: 0.6704
-------------------------------------
[Epoch : 1/20]
Pr_Src_cls_loss	: 0.6704
Total_loss	: -1.0243
OT Loss	: 0.1672
Entropic Loss	: -1.5276
Src_cls_loss	: 0.2525
-------------------------------------
[Epoch : 2/20]
Pr_Src_cls_loss	: 0.6704
Total_loss	: -0.9271
OT Loss	: 0.1842
Entropic Loss	: -1.4803
Src_cls_loss	: 0.2769
-------------------------------------
[Epoch : 3/20]
Pr_Src_cls_loss	: 0.6704
Total_loss	: -0.9800
OT Loss	: 0.1854
Entropic Loss	: -1.5001
Src_cls_loss	: 0.2419
-------------------------------------
[Epoch : 4/20]
Pr_Src_cls_loss	: 0.6704
Total_loss	: -0.9924
OT Loss	: 0.1818
Entropic Loss	: -1.5035
Src_cls_loss	: 0.2384
-------------------------------------
[Epoch : 5/20]
Pr_Src_cls_loss	: 0.6704
Total_loss	: -0.9800
OT Loss	: 0.1899
Entropic Loss	: -1.4938
Src_cls_loss	: 0.2290
-------------------------------------
[Epoch : 6/20]
Pr_Src_cls_loss	: 0.6704
Total_loss	: -0.9866
OT Loss	: 0.1864
Entropic Loss	: -1.4807
Src_cls_loss	: 0.2145
-------------------------------------
[Epoch : 7/20]
Pr_Src_cls_loss	: 0.6704
Total_loss	: -0.9866
OT Loss	: 0.1907
Entropic Loss	: -1.4715
Src_cls_loss	: 0.1988
-------------------------------------
[Epoch : 8/20]
Pr_Src_cls_loss	: 0.6704
Total_loss	: -1.0001
OT Loss	: 0.1883
Entropic Loss	: -1.4732
Src_cls_loss	: 0.1908
-------------------------------------
[Epoch : 9/20]
Pr_Src_cls_loss	: 0.6704
Total_loss	: -1.0036
OT Loss	: 0.1888
Entropic Loss	: -1.4744
Src_cls_loss	: 0.1878
-------------------------------------
[Epoch : 10/20]
Pr_Src_cls_loss	: 0.6704
Total_loss	: -1.0068
OT Loss	: 0.1857
Entropic Loss	: -1.4664
Src_cls_loss	: 0.1811
-------------------------------------
[Epoch : 11/20]
Pr_Src_cls_loss	: 0.6704
Total_loss	: -1.0138
OT Loss	: 0.1857
Entropic Loss	: -1.4655
Src_cls_loss	: 0.1732
-------------------------------------
[Epoch : 12/20]
Pr_Src_cls_loss	: 0.6704
Total_loss	: -1.0183
OT Loss	: 0.1873
Entropic Loss	: -1.4649
Src_cls_loss	: 0.1656
-------------------------------------
[Epoch : 13/20]
Pr_Src_cls_loss	: 0.6704
Total_loss	: -1.0216
OT Loss	: 0.1875
Entropic Loss	: -1.4645
Src_cls_loss	: 0.1616
-------------------------------------
[Epoch : 14/20]
Pr_Src_cls_loss	: 0.6704
Total_loss	: -1.0217
OT Loss	: 0.1857
Entropic Loss	: -1.4562
Src_cls_loss	: 0.1559
-------------------------------------
[Epoch : 15/20]
Pr_Src_cls_loss	: 0.6704
Total_loss	: -1.0037
OT Loss	: 0.1901
Entropic Loss	: -1.4430
Src_cls_loss	: 0.1542
-------------------------------------
[Epoch : 16/20]
Pr_Src_cls_loss	: 0.6704
Total_loss	: -1.0059
OT Loss	: 0.1905
Entropic Loss	: -1.4418
Src_cls_loss	: 0.1502
-------------------------------------
[Epoch : 17/20]
Pr_Src_cls_loss	: 0.6704
Total_loss	: -1.0097
OT Loss	: 0.1877
Entropic Loss	: -1.4377
Src_cls_loss	: 0.1465
-------------------------------------
[Epoch : 18/20]
Pr_Src_cls_loss	: 0.6704
Total_loss	: -1.0183
OT Loss	: 0.1864
Entropic Loss	: -1.4392
Src_cls_loss	: 0.1412
-------------------------------------
[Epoch : 19/20]
Pr_Src_cls_loss	: 0.6704
Total_loss	: -1.0201
OT Loss	: 0.1863
Entropic Loss	: -1.4377
Src_cls_loss	: 0.1382
-------------------------------------
[Epoch : 20/20]
Pr_Src_cls_loss	: 0.6704
Total_loss	: -1.0075
OT Loss	: 0.1843
Entropic Loss	: -1.4186
Src_cls_loss	: 0.1347
-------------------------------------
H_score: 0.0927, OS* (acc_c): 0.2996, UNK (acc_p): 0.0549, acc_mix: 0.2512, F1: 0.3358
Uploading logs from: /mnt/data/home/tp2474/OpenSet-AdaTime/experiments_logs/curriculum/RealWorld to MHEALTH_UniDA_hard_n1_fno_mean/PPOT_UniDA_hard_n1_fno_mean/RealWorld_to_MHEALTH_run_2
🏃 View run PPOT_run_2 at: http://127.0.0.1:5001/#/experiments/391000965306048508/runs/6e1f805c89804ad7964a90a87f30cdfd
🧪 View experiment at: http://127.0.0.1:5001/#/experiments/391000965306048508
=============================================
Dataset: RealWorld to MHEALTH_UniDA_hard_n1_fno_mean
Method:  PPOT
=============================================
Source: RealWorld ---> Target: MHEALTH
Run ID: 3
=============================================
[Pr Epoch : 1/20]
Pr_Src_cls_loss	: 1.4299
-------------------------------------
[Pr Epoch : 2/20]
Pr_Src_cls_loss	: 1.3577
-------------------------------------
[Pr Epoch : 3/20]
Pr_Src_cls_loss	: 1.2940
-------------------------------------
[Pr Epoch : 4/20]
Pr_Src_cls_loss	: 1.2354
-------------------------------------
[Pr Epoch : 5/20]
Pr_Src_cls_loss	: 1.1814
-------------------------------------
[Pr Epoch : 6/20]
Pr_Src_cls_loss	: 1.1308
-------------------------------------
[Pr Epoch : 7/20]
Pr_Src_cls_loss	: 1.0832
-------------------------------------
[Pr Epoch : 8/20]
Pr_Src_cls_loss	: 1.0386
-------------------------------------
[Pr Epoch : 9/20]
Pr_Src_cls_loss	: 0.9966
-------------------------------------
[Pr Epoch : 10/20]
Pr_Src_cls_loss	: 0.9571
-------------------------------------
[Pr Epoch : 11/20]
Pr_Src_cls_loss	: 0.9199
-------------------------------------
[Pr Epoch : 12/20]
Pr_Src_cls_loss	: 0.8850
-------------------------------------
[Pr Epoch : 13/20]
Pr_Src_cls_loss	: 0.8520
-------------------------------------
[Pr Epoch : 14/20]
Pr_Src_cls_loss	: 0.8208
-------------------------------------
[Pr Epoch : 15/20]
Pr_Src_cls_loss	: 0.7915
-------------------------------------
[Pr Epoch : 16/20]
Pr_Src_cls_loss	: 0.7639
-------------------------------------
[Pr Epoch : 17/20]
Pr_Src_cls_loss	: 0.7378
-------------------------------------
[Pr Epoch : 18/20]
Pr_Src_cls_loss	: 0.7131
-------------------------------------
[Pr Epoch : 19/20]
Pr_Src_cls_loss	: 0.6897
-------------------------------------
[Pr Epoch : 20/20]
Pr_Src_cls_loss	: 0.6676
-------------------------------------
[Epoch : 1/20]
Pr_Src_cls_loss	: 0.6676
Total_loss	: -0.9934
OT Loss	: 0.1824
Entropic Loss	: -1.5050
Src_cls_loss	: 0.2379
-------------------------------------
[Epoch : 2/20]
Pr_Src_cls_loss	: 0.6676
Total_loss	: -0.8892
OT Loss	: 0.1892
Entropic Loss	: -1.3782
Src_cls_loss	: 0.2052
-------------------------------------
[Epoch : 3/20]
Pr_Src_cls_loss	: 0.6676
Total_loss	: -0.8999
OT Loss	: 0.2000
Entropic Loss	: -1.4099
Src_cls_loss	: 0.2100
-------------------------------------
[Epoch : 4/20]
Pr_Src_cls_loss	: 0.6676
Total_loss	: -0.8565
OT Loss	: 0.2161
Entropic Loss	: -1.3843
Src_cls_loss	: 0.2036
-------------------------------------
[Epoch : 5/20]
Pr_Src_cls_loss	: 0.6676
Total_loss	: -0.7668
OT Loss	: 0.2196
Entropic Loss	: -1.2948
Src_cls_loss	: 0.1986
-------------------------------------
[Epoch : 6/20]
Pr_Src_cls_loss	: 0.6676
Total_loss	: -0.7920
OT Loss	: 0.2155
Entropic Loss	: -1.3092
Src_cls_loss	: 0.1940
-------------------------------------
[Epoch : 7/20]
Pr_Src_cls_loss	: 0.6676
Total_loss	: -0.7882
OT Loss	: 0.2115
Entropic Loss	: -1.2957
Src_cls_loss	: 0.1903
-------------------------------------
[Epoch : 8/20]
Pr_Src_cls_loss	: 0.6676
Total_loss	: -0.7992
OT Loss	: 0.2064
Entropic Loss	: -1.2943
Src_cls_loss	: 0.1855
-------------------------------------
[Epoch : 9/20]
Pr_Src_cls_loss	: 0.6676
Total_loss	: -0.8264
OT Loss	: 0.2011
Entropic Loss	: -1.3059
Src_cls_loss	: 0.1779
-------------------------------------
[Epoch : 10/20]
Pr_Src_cls_loss	: 0.6676
Total_loss	: -0.7744
OT Loss	: 0.2109
Entropic Loss	: -1.2631
Src_cls_loss	: 0.1724
-------------------------------------
[Epoch : 11/20]
Pr_Src_cls_loss	: 0.6676
Total_loss	: -0.7899
OT Loss	: 0.2056
Entropic Loss	: -1.2646
Src_cls_loss	: 0.1663
-------------------------------------
[Epoch : 12/20]
Pr_Src_cls_loss	: 0.6676
Total_loss	: -0.7990
OT Loss	: 0.2012
Entropic Loss	: -1.2605
Src_cls_loss	: 0.1597
-------------------------------------
[Epoch : 13/20]
Pr_Src_cls_loss	: 0.6676
Total_loss	: -0.7792
OT Loss	: 0.1966
Entropic Loss	: -1.2270
Src_cls_loss	: 0.1530
-------------------------------------
[Epoch : 14/20]
Pr_Src_cls_loss	: 0.6676
Total_loss	: -0.7802
OT Loss	: 0.1926
Entropic Loss	: -1.2163
Src_cls_loss	: 0.1472
-------------------------------------
[Epoch : 15/20]
Pr_Src_cls_loss	: 0.6676
Total_loss	: -0.7914
OT Loss	: 0.1942
Entropic Loss	: -1.2269
Src_cls_loss	: 0.1442
-------------------------------------
[Epoch : 16/20]
Pr_Src_cls_loss	: 0.6676
Total_loss	: -0.7434
OT Loss	: 0.2034
Entropic Loss	: -1.1899
Src_cls_loss	: 0.1415
-------------------------------------
[Epoch : 17/20]
Pr_Src_cls_loss	: 0.6676
Total_loss	: -0.7597
OT Loss	: 0.2016
Entropic Loss	: -1.1986
Src_cls_loss	: 0.1364
-------------------------------------
[Epoch : 18/20]
Pr_Src_cls_loss	: 0.6676
Total_loss	: -0.7614
OT Loss	: 0.1997
Entropic Loss	: -1.1941
Src_cls_loss	: 0.1331
-------------------------------------
[Epoch : 19/20]
Pr_Src_cls_loss	: 0.6676
Total_loss	: -0.7714
OT Loss	: 0.1984
Entropic Loss	: -1.2002
Src_cls_loss	: 0.1313
-------------------------------------
[Epoch : 20/20]
Pr_Src_cls_loss	: 0.6676
Total_loss	: -0.7708
OT Loss	: 0.2000
Entropic Loss	: -1.1982
Src_cls_loss	: 0.1274
-------------------------------------
H_score: 0.3073, OS* (acc_c): 0.2241, UNK (acc_p): 0.4888, acc_mix: 0.2764, F1: 0.3038
Uploading logs from: /mnt/data/home/tp2474/OpenSet-AdaTime/experiments_logs/curriculum/RealWorld to MHEALTH_UniDA_hard_n1_fno_mean/PPOT_UniDA_hard_n1_fno_mean/RealWorld_to_MHEALTH_run_3
🏃 View run PPOT_run_3 at: http://127.0.0.1:5001/#/experiments/391000965306048508/runs/db1d4331efcb41bf8b0891b445964e71
🧪 View experiment at: http://127.0.0.1:5001/#/experiments/391000965306048508
=============================================
Dataset: RealWorld to MHEALTH_UniDA_hard_n1_fno_mean
Method:  PPOT
=============================================
Source: RealWorld ---> Target: MHEALTH
Run ID: 4
=============================================
[Pr Epoch : 1/20]
Pr_Src_cls_loss	: 1.4335
-------------------------------------
[Pr Epoch : 2/20]
Pr_Src_cls_loss	: 1.3620
-------------------------------------
[Pr Epoch : 3/20]
Pr_Src_cls_loss	: 1.2995
-------------------------------------
[Pr Epoch : 4/20]
Pr_Src_cls_loss	: 1.2415
-------------------------------------
[Pr Epoch : 5/20]
Pr_Src_cls_loss	: 1.1872
-------------------------------------
[Pr Epoch : 6/20]
Pr_Src_cls_loss	: 1.1360
-------------------------------------
[Pr Epoch : 7/20]
Pr_Src_cls_loss	: 1.0879
-------------------------------------
[Pr Epoch : 8/20]
Pr_Src_cls_loss	: 1.0427
-------------------------------------
[Pr Epoch : 9/20]
Pr_Src_cls_loss	: 1.0004
-------------------------------------
[Pr Epoch : 10/20]
Pr_Src_cls_loss	: 0.9606
-------------------------------------
[Pr Epoch : 11/20]
Pr_Src_cls_loss	: 0.9230
-------------------------------------
[Pr Epoch : 12/20]
Pr_Src_cls_loss	: 0.8876
-------------------------------------
[Pr Epoch : 13/20]
Pr_Src_cls_loss	: 0.8543
-------------------------------------
[Pr Epoch : 14/20]
Pr_Src_cls_loss	: 0.8229
-------------------------------------
[Pr Epoch : 15/20]
Pr_Src_cls_loss	: 0.7934
-------------------------------------
[Pr Epoch : 16/20]
Pr_Src_cls_loss	: 0.7655
-------------------------------------
[Pr Epoch : 17/20]
Pr_Src_cls_loss	: 0.7391
-------------------------------------
[Pr Epoch : 18/20]
Pr_Src_cls_loss	: 0.7141
-------------------------------------
[Pr Epoch : 19/20]
Pr_Src_cls_loss	: 0.6906
-------------------------------------
[Pr Epoch : 20/20]
Pr_Src_cls_loss	: 0.6683
-------------------------------------
[Epoch : 1/20]
Pr_Src_cls_loss	: 0.6683
Total_loss	: -0.9135
OT Loss	: 0.1860
Entropic Loss	: -1.4633
Src_cls_loss	: 0.2708
-------------------------------------
[Epoch : 2/20]
Pr_Src_cls_loss	: 0.6683
Total_loss	: -0.9512
OT Loss	: 0.1885
Entropic Loss	: -1.4669
Src_cls_loss	: 0.2330
-------------------------------------
[Epoch : 3/20]
Pr_Src_cls_loss	: 0.6683
Total_loss	: -0.9594
OT Loss	: 0.1881
Entropic Loss	: -1.4495
Src_cls_loss	: 0.2080
-------------------------------------
[Epoch : 4/20]
Pr_Src_cls_loss	: 0.6683
Total_loss	: -0.9167
OT Loss	: 0.1830
Entropic Loss	: -1.3895
Src_cls_loss	: 0.1983
-------------------------------------
[Epoch : 5/20]
Pr_Src_cls_loss	: 0.6683
Total_loss	: -0.8719
OT Loss	: 0.2009
Entropic Loss	: -1.3604
Src_cls_loss	: 0.1871
-------------------------------------
[Epoch : 6/20]
Pr_Src_cls_loss	: 0.6683
Total_loss	: -0.8779
OT Loss	: 0.1969
Entropic Loss	: -1.3521
Src_cls_loss	: 0.1788
-------------------------------------
[Epoch : 7/20]
Pr_Src_cls_loss	: 0.6683
Total_loss	: -0.8888
OT Loss	: 0.1927
Entropic Loss	: -1.3517
Src_cls_loss	: 0.1740
-------------------------------------
[Epoch : 8/20]
Pr_Src_cls_loss	: 0.6683
Total_loss	: -0.9180
OT Loss	: 0.1895
Entropic Loss	: -1.3673
Src_cls_loss	: 0.1650
-------------------------------------
[Epoch : 9/20]
Pr_Src_cls_loss	: 0.6683
Total_loss	: -0.9360
OT Loss	: 0.1877
Entropic Loss	: -1.3774
Src_cls_loss	: 0.1599
-------------------------------------
[Epoch : 10/20]
Pr_Src_cls_loss	: 0.6683
Total_loss	: -0.9295
OT Loss	: 0.1841
Entropic Loss	: -1.3613
Src_cls_loss	: 0.1557
-------------------------------------
[Epoch : 11/20]
Pr_Src_cls_loss	: 0.6683
Total_loss	: -0.9433
OT Loss	: 0.1829
Entropic Loss	: -1.3691
Src_cls_loss	: 0.1515
-------------------------------------
[Epoch : 12/20]
Pr_Src_cls_loss	: 0.6683
Total_loss	: -0.9404
OT Loss	: 0.1822
Entropic Loss	: -1.3626
Src_cls_loss	: 0.1489
-------------------------------------
[Epoch : 13/20]
Pr_Src_cls_loss	: 0.6683
Total_loss	: -0.9312
OT Loss	: 0.1810
Entropic Loss	: -1.3487
Src_cls_loss	: 0.1460
-------------------------------------
[Epoch : 14/20]
Pr_Src_cls_loss	: 0.6683
Total_loss	: -0.9406
OT Loss	: 0.1808
Entropic Loss	: -1.3516
Src_cls_loss	: 0.1398
-------------------------------------
[Epoch : 15/20]
Pr_Src_cls_loss	: 0.6683
Total_loss	: -0.9302
OT Loss	: 0.1798
Entropic Loss	: -1.3387
Src_cls_loss	: 0.1387
-------------------------------------
[Epoch : 16/20]
Pr_Src_cls_loss	: 0.6683
Total_loss	: -0.9328
OT Loss	: 0.1791
Entropic Loss	: -1.3365
Src_cls_loss	: 0.1350
-------------------------------------
[Epoch : 17/20]
Pr_Src_cls_loss	: 0.6683
Total_loss	: -0.9342
OT Loss	: 0.1783
Entropic Loss	: -1.3399
Src_cls_loss	: 0.1381
-------------------------------------
[Epoch : 18/20]
Pr_Src_cls_loss	: 0.6683
Total_loss	: -0.9283
OT Loss	: 0.1807
Entropic Loss	: -1.3370
Src_cls_loss	: 0.1377
-------------------------------------
[Epoch : 19/20]
Pr_Src_cls_loss	: 0.6683
Total_loss	: -0.9231
OT Loss	: 0.1802
Entropic Loss	: -1.3289
Src_cls_loss	: 0.1355
-------------------------------------
[Epoch : 20/20]
Pr_Src_cls_loss	: 0.6683
Total_loss	: -0.9173
OT Loss	: 0.1806
Entropic Loss	: -1.3217
Src_cls_loss	: 0.1335
-------------------------------------
H_score: 0.2818, OS* (acc_c): 0.2897, UNK (acc_p): 0.2743, acc_mix: 0.2867, F1: 0.3230
Uploading logs from: /mnt/data/home/tp2474/OpenSet-AdaTime/experiments_logs/curriculum/RealWorld to MHEALTH_UniDA_hard_n1_fno_mean/PPOT_UniDA_hard_n1_fno_mean/RealWorld_to_MHEALTH_run_4
🏃 View run PPOT_run_4 at: http://127.0.0.1:5001/#/experiments/391000965306048508/runs/11911b0fc10d4ea1bdccbcdf23405d95
🧪 View experiment at: http://127.0.0.1:5001/#/experiments/391000965306048508
==================== [n1 fno_mean] UniOT ====================
[curriculum] scenario=UniDA  strategy=hard  n_unknown=1  rank_variant=fno_mean
[curriculum] source mapping (5 classes): {'lying': 'lying', 'sitting': 'sitting', 'walking': 'walking', 'running': 'running', 'climbingup': 'climbingup'}
[curriculum] target mapping (5 classes): {'Lying down': 'lying', 'Sitting and relaxing': 'sitting', 'Walking': 'walking', 'Running': 'running', 'Climbing stairs': 'Climbing stairs'}
[curriculum] unknowns added (in hard order): src=[climbingup] | trg=[Climbing stairs]
[scenario] UniOT -> UniDA (uniDA=True)
Unlabeled data shape:  (2030, 150, 18)
Unlabelled Combined shape: (3491, 150, 18)

--- Dataloader Size Check ---
Source Train batches:   688
Target Train batches:   63
-------------------------------

Private classes:  tensor([5.])
=============================================
Dataset: RealWorld to MHEALTH_UniDA_hard_n1_fno_mean
Method:  UniOT
=============================================
Source: RealWorld ---> Target: MHEALTH
Run ID: 0
=============================================
[Pr Epoch : 1/20]
Pr_Src_cls_loss	: 0.2113
-------------------------------------
[Pr Epoch : 2/20]
Pr_Src_cls_loss	: 0.1659
-------------------------------------
[Pr Epoch : 3/20]
Pr_Src_cls_loss	: 0.1419
-------------------------------------
[Pr Epoch : 4/20]
Pr_Src_cls_loss	: 0.1272
-------------------------------------
[Pr Epoch : 5/20]
Pr_Src_cls_loss	: 0.1165
-------------------------------------
[Pr Epoch : 6/20]
Pr_Src_cls_loss	: 0.1090
-------------------------------------
[Pr Epoch : 7/20]
Pr_Src_cls_loss	: 0.1038
-------------------------------------
[Pr Epoch : 8/20]
Pr_Src_cls_loss	: 0.0987
-------------------------------------
[Pr Epoch : 9/20]
Pr_Src_cls_loss	: 0.0943
-------------------------------------
[Pr Epoch : 10/20]
Pr_Src_cls_loss	: 0.0908
-------------------------------------
[Pr Epoch : 11/20]
Pr_Src_cls_loss	: 0.0874
-------------------------------------
[Pr Epoch : 12/20]
Pr_Src_cls_loss	: 0.0847
-------------------------------------
[Pr Epoch : 13/20]
Pr_Src_cls_loss	: 0.0820
-------------------------------------
[Pr Epoch : 14/20]
Pr_Src_cls_loss	: 0.0797
-------------------------------------
[Pr Epoch : 15/20]
Pr_Src_cls_loss	: 0.0778
-------------------------------------
[Pr Epoch : 16/20]
Pr_Src_cls_loss	: 0.0758
-------------------------------------
[Pr Epoch : 17/20]
Pr_Src_cls_loss	: 0.0741
-------------------------------------
[Pr Epoch : 18/20]
Pr_Src_cls_loss	: 0.0725
-------------------------------------
[Pr Epoch : 19/20]
Pr_Src_cls_loss	: 0.0710
-------------------------------------
[Pr Epoch : 20/20]
Pr_Src_cls_loss	: 0.0696
-------------------------------------
/mnt/data/home/tp2474/OpenSet-AdaTime/algorithms/algorithms.py:1401: UserWarning: Implicit dimension choice for log_softmax has been deprecated. Change the call to include dim=X as an argument.
  sub_loss_local += -torch.sum(neighbor_Q[i, :] * F.log_softmax(after_cluhead_t[i, :]))
/mnt/data/home/tp2474/OpenSet-AdaTime/algorithms/algorithms.py:1402: UserWarning: Implicit dimension choice for log_softmax has been deprecated. Change the call to include dim=X as an argument.
  sub_loss_local += -torch.sum(anchor_Q[i, :] * F.log_softmax(neighbor_output[i, :]))
[Epoch : 1/20]
Pr_Src_cls_loss	: 0.0696
Total_loss	: 0.0429
loss_cls	: 0.0420
loss_PCD	: 3.9311
loss_CCD	: 0.0027
-------------------------------------
[Epoch : 2/20]
Pr_Src_cls_loss	: 0.0696
Total_loss	: 0.0408
loss_cls	: 0.0402
loss_PCD	: 4.0030
loss_CCD	: 0.0016
-------------------------------------
[Epoch : 3/20]
Pr_Src_cls_loss	: 0.0696
Total_loss	: 0.0393
loss_cls	: 0.0389
loss_PCD	: 4.0389
loss_CCD	: 0.0012
-------------------------------------
[Epoch : 4/20]
Pr_Src_cls_loss	: 0.0696
Total_loss	: 0.0400
loss_cls	: 0.0397
loss_PCD	: 4.0545
loss_CCD	: 0.0010
-------------------------------------
[Epoch : 5/20]
Pr_Src_cls_loss	: 0.0696
Total_loss	: 0.0405
loss_cls	: 0.0402
loss_PCD	: 4.0768
loss_CCD	: 0.0009
-------------------------------------
[Epoch : 6/20]
Pr_Src_cls_loss	: 0.0696
Total_loss	: 0.0399
loss_cls	: 0.0396
loss_PCD	: 4.0852
loss_CCD	: 0.0008
-------------------------------------
[Epoch : 7/20]
Pr_Src_cls_loss	: 0.0696
Total_loss	: 0.0398
loss_cls	: 0.0395
loss_PCD	: 4.0850
loss_CCD	: 0.0007
-------------------------------------
[Epoch : 8/20]
Pr_Src_cls_loss	: 0.0696
Total_loss	: 0.0396
loss_cls	: 0.0394
loss_PCD	: 4.0912
loss_CCD	: 0.0007
-------------------------------------
[Epoch : 9/20]
Pr_Src_cls_loss	: 0.0696
Total_loss	: 0.0395
loss_cls	: 0.0393
loss_PCD	: 4.0927
loss_CCD	: 0.0007
Src_cls_loss	: 0.0000
-------------------------------------
[Epoch : 10/20]
Pr_Src_cls_loss	: 0.0696
Total_loss	: 0.0394
loss_cls	: 0.0392
loss_PCD	: 4.0910
loss_CCD	: 0.0006
Src_cls_loss	: 0.0000
-------------------------------------
[Epoch : 11/20]
Pr_Src_cls_loss	: 0.0696
Total_loss	: 0.0392
loss_cls	: 0.0389
loss_PCD	: 4.0905
loss_CCD	: 0.0006
Src_cls_loss	: 0.0000
-------------------------------------
[Epoch : 12/20]
Pr_Src_cls_loss	: 0.0696
Total_loss	: 0.0387
loss_cls	: 0.0385
loss_PCD	: 4.0931
loss_CCD	: 0.0006
Src_cls_loss	: 0.0000
-------------------------------------
[Epoch : 13/20]
Pr_Src_cls_loss	: 0.0696
Total_loss	: 0.0383
loss_cls	: 0.0381
loss_PCD	: 4.0896
loss_CCD	: 0.0006
Src_cls_loss	: 0.0000
-------------------------------------
[Epoch : 14/20]
Pr_Src_cls_loss	: 0.0696
Total_loss	: 0.0381
loss_cls	: 0.0379
loss_PCD	: 4.0839
loss_CCD	: 0.0005
Src_cls_loss	: 0.0000
-------------------------------------
[Epoch : 15/20]
Pr_Src_cls_loss	: 0.0696
Total_loss	: 0.0380
loss_cls	: 0.0378
loss_PCD	: 4.0850
loss_CCD	: 0.0005
Src_cls_loss	: 0.0000
-------------------------------------
[Epoch : 16/20]
Pr_Src_cls_loss	: 0.0696
Total_loss	: 0.0380
loss_cls	: 0.0378
loss_PCD	: 4.0885
loss_CCD	: 0.0005
Src_cls_loss	: 0.0000
-------------------------------------
[Epoch : 17/20]
Pr_Src_cls_loss	: 0.0696
Total_loss	: 0.0378
loss_cls	: 0.0376
loss_PCD	: 4.0903
loss_CCD	: 0.0005
Src_cls_loss	: 0.0000
-------------------------------------
[Epoch : 18/20]
Pr_Src_cls_loss	: 0.0696
Total_loss	: 0.0377
loss_cls	: 0.0375
loss_PCD	: 4.0907
loss_CCD	: 0.0005
Src_cls_loss	: 0.0000
-------------------------------------
[Epoch : 19/20]
Pr_Src_cls_loss	: 0.0696
Total_loss	: 0.0374
loss_cls	: 0.0373
loss_PCD	: 4.0888
loss_CCD	: 0.0005
Src_cls_loss	: 0.0000
-------------------------------------
[Epoch : 20/20]
Pr_Src_cls_loss	: 0.0696
Total_loss	: 0.0374
loss_cls	: 0.0372
loss_PCD	: 4.0896
loss_CCD	: 0.0005
Src_cls_loss	: 0.0000
-------------------------------------
/mnt/data/home/tp2474/OpenSet-AdaTime/trainers/abstract_trainer.py:331: FutureWarning: The behavior of DataFrame concatenation with empty or all-NA entries is deprecated. In a future version, this will no longer exclude empty or all-NA columns when determining the result dtypes. To retain the old behavior, exclude the relevant entries before the concat operation.
  table = pd.concat([table, results_df], ignore_index=True)
H_score: 0.1954, OS* (acc_c): 0.1087, UNK (acc_p): 0.9676, acc_mix: 0.2783, F1: 0.1813
Uploading logs from: /mnt/data/home/tp2474/OpenSet-AdaTime/experiments_logs/curriculum/RealWorld to MHEALTH_UniDA_hard_n1_fno_mean/UniOT_UniDA_hard_n1_fno_mean/RealWorld_to_MHEALTH_run_0
🏃 View run UniOT_run_0 at: http://127.0.0.1:5001/#/experiments/391000965306048508/runs/333a92d7821b4382813111761f78f0d0
🧪 View experiment at: http://127.0.0.1:5001/#/experiments/391000965306048508
=============================================
Dataset: RealWorld to MHEALTH_UniDA_hard_n1_fno_mean
Method:  UniOT
=============================================
Source: RealWorld ---> Target: MHEALTH
Run ID: 1
=============================================
[Pr Epoch : 1/20]
Pr_Src_cls_loss	: 0.2173
-------------------------------------
[Pr Epoch : 2/20]
Pr_Src_cls_loss	: 0.1691
-------------------------------------
[Pr Epoch : 3/20]
Pr_Src_cls_loss	: 0.1459
-------------------------------------
[Pr Epoch : 4/20]
Pr_Src_cls_loss	: 0.1294
-------------------------------------
[Pr Epoch : 5/20]
Pr_Src_cls_loss	: 0.1197
-------------------------------------
[Pr Epoch : 6/20]
Pr_Src_cls_loss	: 0.1123
-------------------------------------
[Pr Epoch : 7/20]
Pr_Src_cls_loss	: 0.1046
-------------------------------------
[Pr Epoch : 8/20]
Pr_Src_cls_loss	: 0.0997
-------------------------------------
[Pr Epoch : 9/20]
Pr_Src_cls_loss	: 0.0946
-------------------------------------
[Pr Epoch : 10/20]
Pr_Src_cls_loss	: 0.0909
-------------------------------------
[Pr Epoch : 11/20]
Pr_Src_cls_loss	: 0.0879
-------------------------------------
[Pr Epoch : 12/20]
Pr_Src_cls_loss	: 0.0852
-------------------------------------
[Pr Epoch : 13/20]
Pr_Src_cls_loss	: 0.0826
-------------------------------------
[Pr Epoch : 14/20]
Pr_Src_cls_loss	: 0.0803
-------------------------------------
[Pr Epoch : 15/20]
Pr_Src_cls_loss	: 0.0780
-------------------------------------
[Pr Epoch : 16/20]
Pr_Src_cls_loss	: 0.0759
-------------------------------------
[Pr Epoch : 17/20]
Pr_Src_cls_loss	: 0.0743
-------------------------------------
[Pr Epoch : 18/20]
Pr_Src_cls_loss	: 0.0727
-------------------------------------
[Pr Epoch : 19/20]
Pr_Src_cls_loss	: 0.0710
-------------------------------------
[Pr Epoch : 20/20]
Pr_Src_cls_loss	: 0.0695
-------------------------------------
[Epoch : 1/20]
Pr_Src_cls_loss	: 0.0695
Total_loss	: 0.0455
loss_cls	: 0.0453
loss_PCD	: 3.4526
loss_CCD	: 0.0005
-------------------------------------
[Epoch : 2/20]
Pr_Src_cls_loss	: 0.0695
Total_loss	: 0.0417
loss_cls	: 0.0416
loss_PCD	: 3.4651
loss_CCD	: 0.0004
-------------------------------------
[Epoch : 3/20]
Pr_Src_cls_loss	: 0.0695
Total_loss	: 0.0415
loss_cls	: 0.0414
loss_PCD	: 3.4675
loss_CCD	: 0.0003
-------------------------------------
[Epoch : 4/20]
Pr_Src_cls_loss	: 0.0695
Total_loss	: 0.0403
loss_cls	: 0.0402
loss_PCD	: 3.4597
loss_CCD	: 0.0003
-------------------------------------
[Epoch : 5/20]
Pr_Src_cls_loss	: 0.0695
Total_loss	: 0.0407
loss_cls	: 0.0406
loss_PCD	: 3.4576
loss_CCD	: 0.0003
-------------------------------------
[Epoch : 6/20]
Pr_Src_cls_loss	: 0.0695
Total_loss	: 0.0404
loss_cls	: 0.0403
loss_PCD	: 3.4599
loss_CCD	: 0.0003
-------------------------------------
[Epoch : 7/20]
Pr_Src_cls_loss	: 0.0695
Total_loss	: 0.0407
loss_cls	: 0.0406
loss_PCD	: 3.4695
loss_CCD	: 0.0003
-------------------------------------
[Epoch : 8/20]
Pr_Src_cls_loss	: 0.0695
Total_loss	: 0.0403
loss_cls	: 0.0403
loss_PCD	: 3.4737
loss_CCD	: 0.0003
-------------------------------------
[Epoch : 9/20]
Pr_Src_cls_loss	: 0.0695
Total_loss	: 0.0398
loss_cls	: 0.0397
loss_PCD	: 3.4755
loss_CCD	: 0.0003
Src_cls_loss	: 0.0000
-------------------------------------
[Epoch : 10/20]
Pr_Src_cls_loss	: 0.0695
Total_loss	: 0.0394
loss_cls	: 0.0393
loss_PCD	: 3.4811
loss_CCD	: 0.0003
Src_cls_loss	: 0.0000
-------------------------------------
[Epoch : 11/20]
Pr_Src_cls_loss	: 0.0695
Total_loss	: 0.0394
loss_cls	: 0.0393
loss_PCD	: 3.4817
loss_CCD	: 0.0003
Src_cls_loss	: 0.0000
-------------------------------------
[Epoch : 12/20]
Pr_Src_cls_loss	: 0.0695
Total_loss	: 0.0392
loss_cls	: 0.0391
loss_PCD	: 3.4815
loss_CCD	: 0.0003
Src_cls_loss	: 0.0000
-------------------------------------
[Epoch : 13/20]
Pr_Src_cls_loss	: 0.0695
Total_loss	: 0.0389
loss_cls	: 0.0388
loss_PCD	: 3.4846
loss_CCD	: 0.0003
Src_cls_loss	: 0.0000
-------------------------------------
[Epoch : 14/20]
Pr_Src_cls_loss	: 0.0695
Total_loss	: 0.0386
loss_cls	: 0.0385
loss_PCD	: 3.4844
loss_CCD	: 0.0003
Src_cls_loss	: 0.0000
-------------------------------------
[Epoch : 15/20]
Pr_Src_cls_loss	: 0.0695
Total_loss	: 0.0384
loss_cls	: 0.0383
loss_PCD	: 3.4856
loss_CCD	: 0.0003
Src_cls_loss	: 0.0000
-------------------------------------
[Epoch : 16/20]
Pr_Src_cls_loss	: 0.0695
Total_loss	: 0.0383
loss_cls	: 0.0382
loss_PCD	: 3.4864
loss_CCD	: 0.0003
Src_cls_loss	: 0.0000
-------------------------------------
[Epoch : 17/20]
Pr_Src_cls_loss	: 0.0695
Total_loss	: 0.0381
loss_cls	: 0.0380
loss_PCD	: 3.4862
loss_CCD	: 0.0003
Src_cls_loss	: 0.0000
-------------------------------------
[Epoch : 18/20]
Pr_Src_cls_loss	: 0.0695
Total_loss	: 0.0380
loss_cls	: 0.0379
loss_PCD	: 3.4876
loss_CCD	: 0.0003
Src_cls_loss	: 0.0000
-------------------------------------
[Epoch : 19/20]
Pr_Src_cls_loss	: 0.0695
Total_loss	: 0.0377
loss_cls	: 0.0376
loss_PCD	: 3.4880
loss_CCD	: 0.0002
Src_cls_loss	: 0.0000
-------------------------------------
[Epoch : 20/20]
Pr_Src_cls_loss	: 0.0695
Total_loss	: 0.0375
loss_cls	: 0.0374
loss_PCD	: 3.4895
loss_CCD	: 0.0002
Src_cls_loss	: 0.0000
-------------------------------------
H_score: 0.3440, OS* (acc_c): 0.2185, UNK (acc_p): 0.8080, acc_mix: 0.3350, F1: 0.2569
Uploading logs from: /mnt/data/home/tp2474/OpenSet-AdaTime/experiments_logs/curriculum/RealWorld to MHEALTH_UniDA_hard_n1_fno_mean/UniOT_UniDA_hard_n1_fno_mean/RealWorld_to_MHEALTH_run_1
🏃 View run UniOT_run_1 at: http://127.0.0.1:5001/#/experiments/391000965306048508/runs/d734202ac55e452d917ca107175a3a2e
🧪 View experiment at: http://127.0.0.1:5001/#/experiments/391000965306048508
=============================================
Dataset: RealWorld to MHEALTH_UniDA_hard_n1_fno_mean
Method:  UniOT
=============================================
Source: RealWorld ---> Target: MHEALTH
Run ID: 2
=============================================
[Pr Epoch : 1/20]
Pr_Src_cls_loss	: 0.2161
-------------------------------------
[Pr Epoch : 2/20]
Pr_Src_cls_loss	: 0.1678
-------------------------------------
[Pr Epoch : 3/20]
Pr_Src_cls_loss	: 0.1446
-------------------------------------
[Pr Epoch : 4/20]
Pr_Src_cls_loss	: 0.1292
-------------------------------------
[Pr Epoch : 5/20]
Pr_Src_cls_loss	: 0.1203
-------------------------------------
[Pr Epoch : 6/20]
Pr_Src_cls_loss	: 0.1126
-------------------------------------
[Pr Epoch : 7/20]
Pr_Src_cls_loss	: 0.1064
-------------------------------------
[Pr Epoch : 8/20]
Pr_Src_cls_loss	: 0.1012
-------------------------------------
[Pr Epoch : 9/20]
Pr_Src_cls_loss	: 0.0967
-------------------------------------
[Pr Epoch : 10/20]
Pr_Src_cls_loss	: 0.0934
-------------------------------------
[Pr Epoch : 11/20]
Pr_Src_cls_loss	: 0.0898
-------------------------------------
[Pr Epoch : 12/20]
Pr_Src_cls_loss	: 0.0871
-------------------------------------
[Pr Epoch : 13/20]
Pr_Src_cls_loss	: 0.0846
-------------------------------------
[Pr Epoch : 14/20]
Pr_Src_cls_loss	: 0.0820
-------------------------------------
[Pr Epoch : 15/20]
Pr_Src_cls_loss	: 0.0798
-------------------------------------
[Pr Epoch : 16/20]
Pr_Src_cls_loss	: 0.0777
-------------------------------------
[Pr Epoch : 17/20]
Pr_Src_cls_loss	: 0.0760
-------------------------------------
[Pr Epoch : 18/20]
Pr_Src_cls_loss	: 0.0740
-------------------------------------
[Pr Epoch : 19/20]
Pr_Src_cls_loss	: 0.0726
-------------------------------------
[Pr Epoch : 20/20]
Pr_Src_cls_loss	: 0.0712
-------------------------------------
[Epoch : 1/20]
Pr_Src_cls_loss	: 0.0712
Total_loss	: 0.0458
loss_cls	: 0.0457
loss_PCD	: 4.6117
loss_CCD	: 0.0003
-------------------------------------
[Epoch : 2/20]
Pr_Src_cls_loss	: 0.0712
Total_loss	: 0.0433
loss_cls	: 0.0432
loss_PCD	: 4.6190
loss_CCD	: 0.0003
-------------------------------------
[Epoch : 3/20]
Pr_Src_cls_loss	: 0.0712
Total_loss	: 0.0419
loss_cls	: 0.0418
loss_PCD	: 4.6002
loss_CCD	: 0.0002
-------------------------------------
[Epoch : 4/20]
Pr_Src_cls_loss	: 0.0712
Total_loss	: 0.0423
loss_cls	: 0.0423
loss_PCD	: 4.5957
loss_CCD	: 0.0002
-------------------------------------
[Epoch : 5/20]
Pr_Src_cls_loss	: 0.0712
Total_loss	: 0.0415
loss_cls	: 0.0415
loss_PCD	: 4.5835
loss_CCD	: 0.0002
-------------------------------------
[Epoch : 6/20]
Pr_Src_cls_loss	: 0.0712
Total_loss	: 0.0411
loss_cls	: 0.0410
loss_PCD	: 4.5702
loss_CCD	: 0.0002
-------------------------------------
[Epoch : 7/20]
Pr_Src_cls_loss	: 0.0712
Total_loss	: 0.0407
loss_cls	: 0.0407
loss_PCD	: 4.5624
loss_CCD	: 0.0002
-------------------------------------
[Epoch : 8/20]
Pr_Src_cls_loss	: 0.0712
Total_loss	: 0.0403
loss_cls	: 0.0403
loss_PCD	: 4.5509
loss_CCD	: 0.0001
-------------------------------------
[Epoch : 9/20]
Pr_Src_cls_loss	: 0.0712
Total_loss	: 0.0400
loss_cls	: 0.0399
loss_PCD	: 4.5400
loss_CCD	: 0.0001
Src_cls_loss	: 0.0000
-------------------------------------
[Epoch : 10/20]
Pr_Src_cls_loss	: 0.0712
Total_loss	: 0.0399
loss_cls	: 0.0398
loss_PCD	: 4.5308
loss_CCD	: 0.0001
Src_cls_loss	: 0.0000
-------------------------------------
[Epoch : 11/20]
Pr_Src_cls_loss	: 0.0712
Total_loss	: 0.0393
loss_cls	: 0.0393
loss_PCD	: 4.5283
loss_CCD	: 0.0001
Src_cls_loss	: 0.0000
-------------------------------------
[Epoch : 12/20]
Pr_Src_cls_loss	: 0.0712
Total_loss	: 0.0391
loss_cls	: 0.0391
loss_PCD	: 4.5292
loss_CCD	: 0.0001
Src_cls_loss	: 0.0000
-------------------------------------
[Epoch : 13/20]
Pr_Src_cls_loss	: 0.0712
Total_loss	: 0.0389
loss_cls	: 0.0388
loss_PCD	: 4.5283
loss_CCD	: 0.0001
Src_cls_loss	: 0.0000
-------------------------------------
[Epoch : 14/20]
Pr_Src_cls_loss	: 0.0712
Total_loss	: 0.0387
loss_cls	: 0.0386
loss_PCD	: 4.5229
loss_CCD	: 0.0001
Src_cls_loss	: 0.0000
-------------------------------------
[Epoch : 15/20]
Pr_Src_cls_loss	: 0.0712
Total_loss	: 0.0383
loss_cls	: 0.0383
loss_PCD	: 4.5208
loss_CCD	: 0.0001
Src_cls_loss	: 0.0000
-------------------------------------
[Epoch : 16/20]
Pr_Src_cls_loss	: 0.0712
Total_loss	: 0.0379
loss_cls	: 0.0379
loss_PCD	: 4.5175
loss_CCD	: 0.0001
Src_cls_loss	: 0.0000
-------------------------------------
[Epoch : 17/20]
Pr_Src_cls_loss	: 0.0712
Total_loss	: 0.0379
loss_cls	: 0.0378
loss_PCD	: 4.5162
loss_CCD	: 0.0001
Src_cls_loss	: 0.0000
-------------------------------------
[Epoch : 18/20]
Pr_Src_cls_loss	: 0.0712
Total_loss	: 0.0378
loss_cls	: 0.0377
loss_PCD	: 4.5155
loss_CCD	: 0.0001
Src_cls_loss	: 0.0000
-------------------------------------
[Epoch : 19/20]
Pr_Src_cls_loss	: 0.0712
Total_loss	: 0.0375
loss_cls	: 0.0374
loss_PCD	: 4.5149
loss_CCD	: 0.0001
Src_cls_loss	: 0.0000
-------------------------------------
[Epoch : 20/20]
Pr_Src_cls_loss	: 0.0712
Total_loss	: 0.0373
loss_cls	: 0.0373
loss_PCD	: 4.5172
loss_CCD	: 0.0001
Src_cls_loss	: 0.0000
-------------------------------------
H_score: 0.3270, OS* (acc_c): 0.2081, UNK (acc_p): 0.7631, acc_mix: 0.3177, F1: 0.2991
Uploading logs from: /mnt/data/home/tp2474/OpenSet-AdaTime/experiments_logs/curriculum/RealWorld to MHEALTH_UniDA_hard_n1_fno_mean/UniOT_UniDA_hard_n1_fno_mean/RealWorld_to_MHEALTH_run_2
🏃 View run UniOT_run_2 at: http://127.0.0.1:5001/#/experiments/391000965306048508/runs/174de395cc2943968030c68743aca4f1
🧪 View experiment at: http://127.0.0.1:5001/#/experiments/391000965306048508
=============================================
Dataset: RealWorld to MHEALTH_UniDA_hard_n1_fno_mean
Method:  UniOT
=============================================
Source: RealWorld ---> Target: MHEALTH
Run ID: 3
=============================================
[Pr Epoch : 1/20]
Pr_Src_cls_loss	: 0.2017
-------------------------------------
[Pr Epoch : 2/20]
Pr_Src_cls_loss	: 0.1635
-------------------------------------
[Pr Epoch : 3/20]
Pr_Src_cls_loss	: 0.1402
-------------------------------------
[Pr Epoch : 4/20]
Pr_Src_cls_loss	: 0.1262
-------------------------------------
[Pr Epoch : 5/20]
Pr_Src_cls_loss	: 0.1160
-------------------------------------
[Pr Epoch : 6/20]
Pr_Src_cls_loss	: 0.1084
-------------------------------------
[Pr Epoch : 7/20]
Pr_Src_cls_loss	: 0.1031
-------------------------------------
[Pr Epoch : 8/20]
Pr_Src_cls_loss	: 0.0977
-------------------------------------
[Pr Epoch : 9/20]
Pr_Src_cls_loss	: 0.0939
-------------------------------------
[Pr Epoch : 10/20]
Pr_Src_cls_loss	: 0.0903
-------------------------------------
[Pr Epoch : 11/20]
Pr_Src_cls_loss	: 0.0875
-------------------------------------
[Pr Epoch : 12/20]
Pr_Src_cls_loss	: 0.0845
-------------------------------------
[Pr Epoch : 13/20]
Pr_Src_cls_loss	: 0.0821
-------------------------------------
[Pr Epoch : 14/20]
Pr_Src_cls_loss	: 0.0800
-------------------------------------
[Pr Epoch : 15/20]
Pr_Src_cls_loss	: 0.0778
-------------------------------------
[Pr Epoch : 16/20]
Pr_Src_cls_loss	: 0.0759
-------------------------------------
[Pr Epoch : 17/20]
Pr_Src_cls_loss	: 0.0742
-------------------------------------
[Pr Epoch : 18/20]
Pr_Src_cls_loss	: 0.0725
-------------------------------------
[Pr Epoch : 19/20]
Pr_Src_cls_loss	: 0.0709
-------------------------------------
[Pr Epoch : 20/20]
Pr_Src_cls_loss	: 0.0697
-------------------------------------
[Epoch : 1/20]
Pr_Src_cls_loss	: 0.0697
Total_loss	: 0.0445
loss_cls	: 0.0444
loss_PCD	: 3.3039
loss_CCD	: 0.0004
-------------------------------------
[Epoch : 2/20]
Pr_Src_cls_loss	: 0.0697
Total_loss	: 0.0432
loss_cls	: 0.0431
loss_PCD	: 3.3890
loss_CCD	: 0.0003
-------------------------------------
[Epoch : 3/20]
Pr_Src_cls_loss	: 0.0697
Total_loss	: 0.0413
loss_cls	: 0.0412
loss_PCD	: 3.4011
loss_CCD	: 0.0003
-------------------------------------
[Epoch : 4/20]
Pr_Src_cls_loss	: 0.0697
Total_loss	: 0.0408
loss_cls	: 0.0407
loss_PCD	: 3.4035
loss_CCD	: 0.0003
-------------------------------------
[Epoch : 5/20]
Pr_Src_cls_loss	: 0.0697
Total_loss	: 0.0411
loss_cls	: 0.0410
loss_PCD	: 3.4178
loss_CCD	: 0.0003
-------------------------------------
[Epoch : 6/20]
Pr_Src_cls_loss	: 0.0697
Total_loss	: 0.0404
loss_cls	: 0.0403
loss_PCD	: 3.4267
loss_CCD	: 0.0003
-------------------------------------
[Epoch : 7/20]
Pr_Src_cls_loss	: 0.0697
Total_loss	: 0.0408
loss_cls	: 0.0407
loss_PCD	: 3.4349
loss_CCD	: 0.0003
-------------------------------------
[Epoch : 8/20]
Pr_Src_cls_loss	: 0.0697
Total_loss	: 0.0401
loss_cls	: 0.0400
loss_PCD	: 3.4440
loss_CCD	: 0.0003
-------------------------------------
[Epoch : 9/20]
Pr_Src_cls_loss	: 0.0697
Total_loss	: 0.0399
loss_cls	: 0.0398
loss_PCD	: 3.4602
loss_CCD	: 0.0003
Src_cls_loss	: 0.0000
-------------------------------------
[Epoch : 10/20]
Pr_Src_cls_loss	: 0.0697
Total_loss	: 0.0395
loss_cls	: 0.0394
loss_PCD	: 3.4725
loss_CCD	: 0.0002
Src_cls_loss	: 0.0000
-------------------------------------
[Epoch : 11/20]
Pr_Src_cls_loss	: 0.0697
Total_loss	: 0.0392
loss_cls	: 0.0392
loss_PCD	: 3.4861
loss_CCD	: 0.0002
Src_cls_loss	: 0.0000
-------------------------------------
[Epoch : 12/20]
Pr_Src_cls_loss	: 0.0697
Total_loss	: 0.0394
loss_cls	: 0.0393
loss_PCD	: 3.5014
loss_CCD	: 0.0002
Src_cls_loss	: 0.0000
-------------------------------------
[Epoch : 13/20]
Pr_Src_cls_loss	: 0.0697
Total_loss	: 0.0390
loss_cls	: 0.0389
loss_PCD	: 3.5114
loss_CCD	: 0.0002
Src_cls_loss	: 0.0000
-------------------------------------
[Epoch : 14/20]
Pr_Src_cls_loss	: 0.0697
Total_loss	: 0.0387
loss_cls	: 0.0386
loss_PCD	: 3.5196
loss_CCD	: 0.0002
Src_cls_loss	: 0.0000
-------------------------------------
[Epoch : 15/20]
Pr_Src_cls_loss	: 0.0697
Total_loss	: 0.0385
loss_cls	: 0.0384
loss_PCD	: 3.5250
loss_CCD	: 0.0002
Src_cls_loss	: 0.0000
-------------------------------------
[Epoch : 16/20]
Pr_Src_cls_loss	: 0.0697
Total_loss	: 0.0384
loss_cls	: 0.0383
loss_PCD	: 3.5348
loss_CCD	: 0.0002
Src_cls_loss	: 0.0000
-------------------------------------
[Epoch : 17/20]
Pr_Src_cls_loss	: 0.0697
Total_loss	: 0.0382
loss_cls	: 0.0381
loss_PCD	: 3.5434
loss_CCD	: 0.0002
Src_cls_loss	: 0.0000
-------------------------------------
[Epoch : 18/20]
Pr_Src_cls_loss	: 0.0697
Total_loss	: 0.0383
loss_cls	: 0.0382
loss_PCD	: 3.5557
loss_CCD	: 0.0002
Src_cls_loss	: 0.0000
-------------------------------------
[Epoch : 19/20]
Pr_Src_cls_loss	: 0.0697
Total_loss	: 0.0381
loss_cls	: 0.0381
loss_PCD	: 3.5690
loss_CCD	: 0.0002
Src_cls_loss	: 0.0000
-------------------------------------
[Epoch : 20/20]
Pr_Src_cls_loss	: 0.0697
Total_loss	: 0.0378
loss_cls	: 0.0377
loss_PCD	: 3.5784
loss_CCD	: 0.0002
Src_cls_loss	: 0.0000
-------------------------------------
H_score: 0.5426, OS* (acc_c): 0.3794, UNK (acc_p): 0.9526, acc_mix: 0.4926, F1: 0.4294
Uploading logs from: /mnt/data/home/tp2474/OpenSet-AdaTime/experiments_logs/curriculum/RealWorld to MHEALTH_UniDA_hard_n1_fno_mean/UniOT_UniDA_hard_n1_fno_mean/RealWorld_to_MHEALTH_run_3
🏃 View run UniOT_run_3 at: http://127.0.0.1:5001/#/experiments/391000965306048508/runs/e95ade9cc3904214993c600b91e31186
🧪 View experiment at: http://127.0.0.1:5001/#/experiments/391000965306048508
=============================================
Dataset: RealWorld to MHEALTH_UniDA_hard_n1_fno_mean
Method:  UniOT
=============================================
Source: RealWorld ---> Target: MHEALTH
Run ID: 4
=============================================
[Pr Epoch : 1/20]
Pr_Src_cls_loss	: 0.2074
-------------------------------------
[Pr Epoch : 2/20]
Pr_Src_cls_loss	: 0.1604
-------------------------------------
[Pr Epoch : 3/20]
Pr_Src_cls_loss	: 0.1393
-------------------------------------
[Pr Epoch : 4/20]
Pr_Src_cls_loss	: 0.1257
-------------------------------------
[Pr Epoch : 5/20]
Pr_Src_cls_loss	: 0.1154
-------------------------------------
[Pr Epoch : 6/20]
Pr_Src_cls_loss	: 0.1087
-------------------------------------
[Pr Epoch : 7/20]
Pr_Src_cls_loss	: 0.1030
-------------------------------------
[Pr Epoch : 8/20]
Pr_Src_cls_loss	: 0.0980
-------------------------------------
[Pr Epoch : 9/20]
Pr_Src_cls_loss	: 0.0938
-------------------------------------
[Pr Epoch : 10/20]
Pr_Src_cls_loss	: 0.0906
-------------------------------------
[Pr Epoch : 11/20]
Pr_Src_cls_loss	: 0.0875
-------------------------------------
[Pr Epoch : 12/20]
Pr_Src_cls_loss	: 0.0848
-------------------------------------
[Pr Epoch : 13/20]
Pr_Src_cls_loss	: 0.0822
-------------------------------------
[Pr Epoch : 14/20]
Pr_Src_cls_loss	: 0.0800
-------------------------------------
[Pr Epoch : 15/20]
Pr_Src_cls_loss	: 0.0777
-------------------------------------
[Pr Epoch : 16/20]
Pr_Src_cls_loss	: 0.0758
-------------------------------------
[Pr Epoch : 17/20]
Pr_Src_cls_loss	: 0.0740
-------------------------------------
[Pr Epoch : 18/20]
Pr_Src_cls_loss	: 0.0727
-------------------------------------
[Pr Epoch : 19/20]
Pr_Src_cls_loss	: 0.0712
-------------------------------------
[Pr Epoch : 20/20]
Pr_Src_cls_loss	: 0.0698
-------------------------------------
[Epoch : 1/20]
Pr_Src_cls_loss	: 0.0698
Total_loss	: 0.0459
loss_cls	: 0.0458
loss_PCD	: 3.7709
loss_CCD	: 0.0004
-------------------------------------
[Epoch : 2/20]
Pr_Src_cls_loss	: 0.0698
Total_loss	: 0.0415
loss_cls	: 0.0414
loss_PCD	: 3.8929
loss_CCD	: 0.0003
-------------------------------------
[Epoch : 3/20]
Pr_Src_cls_loss	: 0.0698
Total_loss	: 0.0407
loss_cls	: 0.0406
loss_PCD	: 3.9522
loss_CCD	: 0.0003
-------------------------------------
[Epoch : 4/20]
Pr_Src_cls_loss	: 0.0698
Total_loss	: 0.0409
loss_cls	: 0.0409
loss_PCD	: 3.9781
loss_CCD	: 0.0002
-------------------------------------
[Epoch : 5/20]
Pr_Src_cls_loss	: 0.0698
Total_loss	: 0.0408
loss_cls	: 0.0407
loss_PCD	: 4.0088
loss_CCD	: 0.0002
-------------------------------------
[Epoch : 6/20]
Pr_Src_cls_loss	: 0.0698
Total_loss	: 0.0401
loss_cls	: 0.0400
loss_PCD	: 4.0265
loss_CCD	: 0.0002
-------------------------------------
[Epoch : 7/20]
Pr_Src_cls_loss	: 0.0698
Total_loss	: 0.0403
loss_cls	: 0.0402
loss_PCD	: 4.0431
loss_CCD	: 0.0002
-------------------------------------
[Epoch : 8/20]
Pr_Src_cls_loss	: 0.0698
Total_loss	: 0.0403
loss_cls	: 0.0402
loss_PCD	: 4.0574
loss_CCD	: 0.0002
-------------------------------------
[Epoch : 9/20]
Pr_Src_cls_loss	: 0.0698
Total_loss	: 0.0397
loss_cls	: 0.0396
loss_PCD	: 4.0502
loss_CCD	: 0.0002
Src_cls_loss	: 0.0000
-------------------------------------
[Epoch : 10/20]
Pr_Src_cls_loss	: 0.0698
Total_loss	: 0.0395
loss_cls	: 0.0395
loss_PCD	: 4.0588
loss_CCD	: 0.0002
Src_cls_loss	: 0.0000
-------------------------------------
[Epoch : 11/20]
Pr_Src_cls_loss	: 0.0698
Total_loss	: 0.0394
loss_cls	: 0.0394
loss_PCD	: 4.0640
loss_CCD	: 0.0002
Src_cls_loss	: 0.0000
-------------------------------------
[Epoch : 12/20]
Pr_Src_cls_loss	: 0.0698
Total_loss	: 0.0392
loss_cls	: 0.0391
loss_PCD	: 4.0638
loss_CCD	: 0.0002
Src_cls_loss	: 0.0000
-------------------------------------
[Epoch : 13/20]
Pr_Src_cls_loss	: 0.0698
Total_loss	: 0.0389
loss_cls	: 0.0389
loss_PCD	: 4.0627
loss_CCD	: 0.0002
Src_cls_loss	: 0.0000
-------------------------------------
[Epoch : 14/20]
Pr_Src_cls_loss	: 0.0698
Total_loss	: 0.0387
loss_cls	: 0.0386
loss_PCD	: 4.0621
loss_CCD	: 0.0002
Src_cls_loss	: 0.0000
-------------------------------------
[Epoch : 15/20]
Pr_Src_cls_loss	: 0.0698
Total_loss	: 0.0383
loss_cls	: 0.0382
loss_PCD	: 4.0632
loss_CCD	: 0.0002
Src_cls_loss	: 0.0000
-------------------------------------
[Epoch : 16/20]
Pr_Src_cls_loss	: 0.0698
Total_loss	: 0.0381
loss_cls	: 0.0381
loss_PCD	: 4.0652
loss_CCD	: 0.0002
Src_cls_loss	: 0.0000
-------------------------------------
[Epoch : 17/20]
Pr_Src_cls_loss	: 0.0698
Total_loss	: 0.0380
loss_cls	: 0.0379
loss_PCD	: 4.0628
loss_CCD	: 0.0001
Src_cls_loss	: 0.0000
-------------------------------------
[Epoch : 18/20]
Pr_Src_cls_loss	: 0.0698
Total_loss	: 0.0378
loss_cls	: 0.0378
loss_PCD	: 4.0633
loss_CCD	: 0.0001
Src_cls_loss	: 0.0000
-------------------------------------
[Epoch : 19/20]
Pr_Src_cls_loss	: 0.0698
Total_loss	: 0.0378
loss_cls	: 0.0377
loss_PCD	: 4.0655
loss_CCD	: 0.0001
Src_cls_loss	: 0.0000
-------------------------------------
[Epoch : 20/20]
Pr_Src_cls_loss	: 0.0698
Total_loss	: 0.0375
loss_cls	: 0.0375
loss_PCD	: 4.0668
loss_CCD	: 0.0001
Src_cls_loss	: 0.0000
-------------------------------------
H_score: 0.6785, OS* (acc_c): 0.5408, UNK (acc_p): 0.9102, acc_mix: 0.6138, F1: 0.6305
Uploading logs from: /mnt/data/home/tp2474/OpenSet-AdaTime/experiments_logs/curriculum/RealWorld to MHEALTH_UniDA_hard_n1_fno_mean/UniOT_UniDA_hard_n1_fno_mean/RealWorld_to_MHEALTH_run_4
🏃 View run UniOT_run_4 at: http://127.0.0.1:5001/#/experiments/391000965306048508/runs/8b010174d56544dea6cf4f48c0f9f12f
🧪 View experiment at: http://127.0.0.1:5001/#/experiments/391000965306048508
==================== [n1 fno_mean] UniJDOT ====================
[curriculum] scenario=UniDA  strategy=hard  n_unknown=1  rank_variant=fno_mean
[curriculum] source mapping (5 classes): {'lying': 'lying', 'sitting': 'sitting', 'walking': 'walking', 'running': 'running', 'climbingup': 'climbingup'}
[curriculum] target mapping (5 classes): {'Lying down': 'lying', 'Sitting and relaxing': 'sitting', 'Walking': 'walking', 'Running': 'running', 'Climbing stairs': 'Climbing stairs'}
[curriculum] unknowns added (in hard order): src=[climbingup] | trg=[Climbing stairs]
[scenario] UniJDOT -> UniDA (uniDA=True)
Unlabeled data shape:  (2030, 150, 18)
Unlabelled Combined shape: (3491, 150, 18)

--- Dataloader Size Check ---
Source Train batches:   688
Target Train batches:   63
-------------------------------

Private classes:  tensor([5.])
=============================================
Dataset: RealWorld to MHEALTH_UniDA_hard_n1_fno_mean
Method:  UniJDOT
=============================================
Source: RealWorld ---> Target: MHEALTH
Run ID: 0
=============================================
[Pr Epoch : 1/20]
Pr_Src_cls_loss	: 0.2163
-------------------------------------
[Pr Epoch : 2/20]
Pr_Src_cls_loss	: 0.1645
-------------------------------------
[Pr Epoch : 3/20]
Pr_Src_cls_loss	: 0.1394
-------------------------------------
[Pr Epoch : 4/20]
Pr_Src_cls_loss	: 0.1236
-------------------------------------
[Pr Epoch : 5/20]
Pr_Src_cls_loss	: 0.1125
-------------------------------------
[Pr Epoch : 6/20]
Pr_Src_cls_loss	: 0.1047
-------------------------------------
[Pr Epoch : 7/20]
Pr_Src_cls_loss	: 0.0974
-------------------------------------
[Pr Epoch : 8/20]
Pr_Src_cls_loss	: 0.0923
-------------------------------------
[Pr Epoch : 9/20]
Pr_Src_cls_loss	: 0.0878
-------------------------------------
[Pr Epoch : 10/20]
Pr_Src_cls_loss	: 0.0838
-------------------------------------
[Pr Epoch : 11/20]
Pr_Src_cls_loss	: 0.0803
-------------------------------------
[Pr Epoch : 12/20]
Pr_Src_cls_loss	: 0.0775
-------------------------------------
[Pr Epoch : 13/20]
Pr_Src_cls_loss	: 0.0748
-------------------------------------
[Pr Epoch : 14/20]
Pr_Src_cls_loss	: 0.0722
-------------------------------------
[Pr Epoch : 15/20]
Pr_Src_cls_loss	: 0.0698
-------------------------------------
[Pr Epoch : 16/20]
Pr_Src_cls_loss	: 0.0678
-------------------------------------
[Pr Epoch : 17/20]
Pr_Src_cls_loss	: 0.0659
-------------------------------------
[Pr Epoch : 18/20]
Pr_Src_cls_loss	: 0.0642
-------------------------------------
[Pr Epoch : 19/20]
Pr_Src_cls_loss	: 0.0627
-------------------------------------
[Pr Epoch : 20/20]
Pr_Src_cls_loss	: 0.0610
-------------------------------------
/mnt/data/home/tp2474/OpenSet-AdaTime/algorithms/algorithms.py:1865: UserWarning: Implicit dimension choice for softmax has been deprecated. Change the call to include dim=X as an argument.
  trg_soft_cen = torch.nn.functional.softmax(after_lincls_cen).double()
[Epoch : 1/20]
Pr_Src_cls_loss	: 0.0610
Total_loss	: 0.0450
loss_cls	: 0.0149
loss_align	: 0.0302
-------------------------------------
[Epoch : 2/20]
Pr_Src_cls_loss	: 0.0610
Total_loss	: 0.0406
loss_cls	: 0.0165
loss_align	: 0.0241
-------------------------------------
[Epoch : 3/20]
Pr_Src_cls_loss	: 0.0610
Total_loss	: 0.0398
loss_cls	: 0.0162
loss_align	: 0.0236
-------------------------------------
[Epoch : 4/20]
Pr_Src_cls_loss	: 0.0610
Total_loss	: 0.0404
loss_cls	: 0.0169
loss_align	: 0.0236
-------------------------------------
[Epoch : 5/20]
Pr_Src_cls_loss	: 0.0610
Total_loss	: 0.0399
loss_cls	: 0.0167
loss_align	: 0.0232
-------------------------------------
[Epoch : 6/20]
Pr_Src_cls_loss	: 0.0610
Total_loss	: 0.0393
loss_cls	: 0.0169
loss_align	: 0.0224
-------------------------------------
[Epoch : 7/20]
Pr_Src_cls_loss	: 0.0610
Total_loss	: 0.0381
loss_cls	: 0.0168
loss_align	: 0.0213
-------------------------------------
[Epoch : 8/20]
Pr_Src_cls_loss	: 0.0610
Total_loss	: 0.0372
loss_cls	: 0.0169
loss_align	: 0.0204
-------------------------------------
[Epoch : 9/20]
Pr_Src_cls_loss	: 0.0610
Total_loss	: 0.0369
loss_cls	: 0.0172
loss_align	: 0.0197
Src_cls_loss	: 0.0000
-------------------------------------
[Epoch : 10/20]
Pr_Src_cls_loss	: 0.0610
Total_loss	: 0.0367
loss_cls	: 0.0176
loss_align	: 0.0191
Src_cls_loss	: 0.0000
-------------------------------------
[Epoch : 11/20]
Pr_Src_cls_loss	: 0.0610
Total_loss	: 0.0365
loss_cls	: 0.0178
loss_align	: 0.0186
Src_cls_loss	: 0.0000
-------------------------------------
[Epoch : 12/20]
Pr_Src_cls_loss	: 0.0610
Total_loss	: 0.0360
loss_cls	: 0.0179
loss_align	: 0.0181
Src_cls_loss	: 0.0000
-------------------------------------
[Epoch : 13/20]
Pr_Src_cls_loss	: 0.0610
Total_loss	: 0.0356
loss_cls	: 0.0179
loss_align	: 0.0177
Src_cls_loss	: 0.0000
-------------------------------------
[Epoch : 14/20]
Pr_Src_cls_loss	: 0.0610
Total_loss	: 0.0353
loss_cls	: 0.0179
loss_align	: 0.0174
Src_cls_loss	: 0.0000
-------------------------------------
[Epoch : 15/20]
Pr_Src_cls_loss	: 0.0610
Total_loss	: 0.0348
loss_cls	: 0.0177
loss_align	: 0.0171
Src_cls_loss	: 0.0000
-------------------------------------
[Epoch : 16/20]
Pr_Src_cls_loss	: 0.0610
Total_loss	: 0.0344
loss_cls	: 0.0176
loss_align	: 0.0167
Src_cls_loss	: 0.0000
-------------------------------------
[Epoch : 17/20]
Pr_Src_cls_loss	: 0.0610
Total_loss	: 0.0340
loss_cls	: 0.0176
loss_align	: 0.0164
Src_cls_loss	: 0.0000
-------------------------------------
[Epoch : 18/20]
Pr_Src_cls_loss	: 0.0610
Total_loss	: 0.0334
loss_cls	: 0.0174
loss_align	: 0.0160
Src_cls_loss	: 0.0000
-------------------------------------
[Epoch : 19/20]
Pr_Src_cls_loss	: 0.0610
Total_loss	: 0.0329
loss_cls	: 0.0172
loss_align	: 0.0157
Src_cls_loss	: 0.0000
-------------------------------------
[Epoch : 20/20]
Pr_Src_cls_loss	: 0.0610
Total_loss	: 0.0325
loss_cls	: 0.0171
loss_align	: 0.0154
Src_cls_loss	: 0.0000
-------------------------------------
/mnt/data/home/tp2474/OpenSet-AdaTime/trainers/abstract_trainer.py:331: FutureWarning: The behavior of DataFrame concatenation with empty or all-NA entries is deprecated. In a future version, this will no longer exclude empty or all-NA columns when determining the result dtypes. To retain the old behavior, exclude the relevant entries before the concat operation.
  table = pd.concat([table, results_df], ignore_index=True)

[UniJDOT Debug] final_threshold = 0.7905 conf mean=0.5942 std=0.2946 reject=46.88%
[UniJDOT Eval ALL] n=2030 threshold=0.7905
[UniJDOT Eval ALL] conf: min=0.2096 max=0.8518 mean=0.5856 std=0.2959
[UniJDOT Eval ALL] rejected: 47.78%
[UniJDOT Eval ALL] pred class dist (pre-reject): [26, 625, 459, 918, 2]
[UniJDOT Eval ALL] true label dist: [0, 409, 405, 405, 410, 401] (last bin = unknown)
H_score: 0.6829, OS* (acc_c): 0.5206, UNK (acc_p): 0.9925, acc_mix: 0.6138, F1: 0.5294
[UniJDOT Eval ALL] n=2030 threshold=0.7905
[UniJDOT Eval ALL] conf: min=0.2096 max=0.8518 mean=0.5856 std=0.2959
[UniJDOT Eval ALL] rejected: 47.78%
[UniJDOT Eval ALL] pred class dist (pre-reject): [26, 625, 459, 918, 2]
[UniJDOT Eval ALL] true label dist: [0, 409, 405, 405, 410, 401] (last bin = unknown)
Uploading logs from: /mnt/data/home/tp2474/OpenSet-AdaTime/experiments_logs/curriculum/RealWorld to MHEALTH_UniDA_hard_n1_fno_mean/UniJDOT_UniDA_hard_n1_fno_mean/RealWorld_to_MHEALTH_run_0
🏃 View run UniJDOT_run_0 at: http://127.0.0.1:5001/#/experiments/391000965306048508/runs/dc596a3eab654a43b55fb239668ebeb1
🧪 View experiment at: http://127.0.0.1:5001/#/experiments/391000965306048508
=============================================
Dataset: RealWorld to MHEALTH_UniDA_hard_n1_fno_mean
Method:  UniJDOT
=============================================
Source: RealWorld ---> Target: MHEALTH
Run ID: 1
=============================================
[Pr Epoch : 1/20]
Pr_Src_cls_loss	: 0.2278
-------------------------------------
[Pr Epoch : 2/20]
Pr_Src_cls_loss	: 0.1670
-------------------------------------
[Pr Epoch : 3/20]
Pr_Src_cls_loss	: 0.1427
-------------------------------------
[Pr Epoch : 4/20]
Pr_Src_cls_loss	: 0.1265
-------------------------------------
[Pr Epoch : 5/20]
Pr_Src_cls_loss	: 0.1150
-------------------------------------
[Pr Epoch : 6/20]
Pr_Src_cls_loss	: 0.1061
-------------------------------------
[Pr Epoch : 7/20]
Pr_Src_cls_loss	: 0.1002
-------------------------------------
[Pr Epoch : 8/20]
Pr_Src_cls_loss	: 0.0946
-------------------------------------
[Pr Epoch : 9/20]
Pr_Src_cls_loss	: 0.0894
-------------------------------------
[Pr Epoch : 10/20]
Pr_Src_cls_loss	: 0.0852
-------------------------------------
[Pr Epoch : 11/20]
Pr_Src_cls_loss	: 0.0818
-------------------------------------
[Pr Epoch : 12/20]
Pr_Src_cls_loss	: 0.0786
-------------------------------------
[Pr Epoch : 13/20]
Pr_Src_cls_loss	: 0.0757
-------------------------------------
[Pr Epoch : 14/20]
Pr_Src_cls_loss	: 0.0729
-------------------------------------
[Pr Epoch : 15/20]
Pr_Src_cls_loss	: 0.0704
-------------------------------------
[Pr Epoch : 16/20]
Pr_Src_cls_loss	: 0.0683
-------------------------------------
[Pr Epoch : 17/20]
Pr_Src_cls_loss	: 0.0661
-------------------------------------
[Pr Epoch : 18/20]
Pr_Src_cls_loss	: 0.0644
-------------------------------------
[Pr Epoch : 19/20]
Pr_Src_cls_loss	: 0.0628
-------------------------------------
[Pr Epoch : 20/20]
Pr_Src_cls_loss	: 0.0610
-------------------------------------
/mnt/data/home/tp2474/OpenSet-AdaTime/algorithms/algorithms.py:1865: UserWarning: Implicit dimension choice for softmax has been deprecated. Change the call to include dim=X as an argument.
  trg_soft_cen = torch.nn.functional.softmax(after_lincls_cen).double()
[Epoch : 1/20]
Pr_Src_cls_loss	: 0.0610
Total_loss	: 0.0526
loss_cls	: 0.0149
loss_align	: 0.0378
-------------------------------------
[Epoch : 2/20]
Pr_Src_cls_loss	: 0.0610
Total_loss	: 0.0481
loss_cls	: 0.0152
loss_align	: 0.0329
-------------------------------------
[Epoch : 3/20]
Pr_Src_cls_loss	: 0.0610
Total_loss	: 0.0458
loss_cls	: 0.0154
loss_align	: 0.0304
-------------------------------------
[Epoch : 4/20]
Pr_Src_cls_loss	: 0.0610
Total_loss	: 0.0439
loss_cls	: 0.0151
loss_align	: 0.0287
-------------------------------------
[Epoch : 5/20]
Pr_Src_cls_loss	: 0.0610
Total_loss	: 0.0426
loss_cls	: 0.0148
loss_align	: 0.0277
-------------------------------------
[Epoch : 6/20]
Pr_Src_cls_loss	: 0.0610
Total_loss	: 0.0416
loss_cls	: 0.0146
loss_align	: 0.0270
-------------------------------------
[Epoch : 7/20]
Pr_Src_cls_loss	: 0.0610
Total_loss	: 0.0412
loss_cls	: 0.0144
loss_align	: 0.0268
-------------------------------------
[Epoch : 8/20]
Pr_Src_cls_loss	: 0.0610
Total_loss	: 0.0413
loss_cls	: 0.0145
loss_align	: 0.0268
-------------------------------------
[Epoch : 9/20]
Pr_Src_cls_loss	: 0.0610
Total_loss	: 0.0409
loss_cls	: 0.0143
loss_align	: 0.0266
Src_cls_loss	: 0.0000
-------------------------------------
[Epoch : 10/20]
Pr_Src_cls_loss	: 0.0610
Total_loss	: 0.0404
loss_cls	: 0.0142
loss_align	: 0.0262
Src_cls_loss	: 0.0000
-------------------------------------
[Epoch : 11/20]
Pr_Src_cls_loss	: 0.0610
Total_loss	: 0.0404
loss_cls	: 0.0144
loss_align	: 0.0260
Src_cls_loss	: 0.0000
-------------------------------------
[Epoch : 12/20]
Pr_Src_cls_loss	: 0.0610
Total_loss	: 0.0398
loss_cls	: 0.0141
loss_align	: 0.0257
Src_cls_loss	: 0.0000
-------------------------------------
[Epoch : 13/20]
Pr_Src_cls_loss	: 0.0610
Total_loss	: 0.0394
loss_cls	: 0.0140
loss_align	: 0.0254
Src_cls_loss	: 0.0000
-------------------------------------
[Epoch : 14/20]
Pr_Src_cls_loss	: 0.0610
Total_loss	: 0.0391
loss_cls	: 0.0139
loss_align	: 0.0252
Src_cls_loss	: 0.0000
-------------------------------------
[Epoch : 15/20]
Pr_Src_cls_loss	: 0.0610
Total_loss	: 0.0387
loss_cls	: 0.0137
loss_align	: 0.0251
Src_cls_loss	: 0.0000
-------------------------------------
[Epoch : 16/20]
Pr_Src_cls_loss	: 0.0610
Total_loss	: 0.0387
loss_cls	: 0.0138
loss_align	: 0.0250
Src_cls_loss	: 0.0000
-------------------------------------
[Epoch : 17/20]
Pr_Src_cls_loss	: 0.0610
Total_loss	: 0.0384
loss_cls	: 0.0136
loss_align	: 0.0248
Src_cls_loss	: 0.0000
-------------------------------------
[Epoch : 18/20]
Pr_Src_cls_loss	: 0.0610
Total_loss	: 0.0380
loss_cls	: 0.0136
loss_align	: 0.0245
Src_cls_loss	: 0.0000
-------------------------------------
[Epoch : 19/20]
Pr_Src_cls_loss	: 0.0610
Total_loss	: 0.0377
loss_cls	: 0.0135
loss_align	: 0.0241
Src_cls_loss	: 0.0000
-------------------------------------
[Epoch : 20/20]
Pr_Src_cls_loss	: 0.0610
Total_loss	: 0.0372
loss_cls	: 0.0134
loss_align	: 0.0238
Src_cls_loss	: 0.0000
-------------------------------------

[UniJDOT Debug] final_threshold = 0.7812 conf mean=0.5173 std=0.2822 reject=71.88%
[UniJDOT Eval ALL] n=2030 threshold=0.7812
[UniJDOT Eval ALL] conf: min=0.2021 max=0.8651 mean=0.5195 std=0.2782
[UniJDOT Eval ALL] rejected: 74.14%
[UniJDOT Eval ALL] pred class dist (pre-reject): [231, 82, 414, 891, 412]
[UniJDOT Eval ALL] true label dist: [0, 409, 405, 405, 410, 401] (last bin = unknown)
H_score: 0.2948, OS* (acc_c): 0.1731, UNK (acc_p): 0.9925, acc_mix: 0.3350, F1: 0.2684
[UniJDOT Eval ALL] n=2030 threshold=0.7812
[UniJDOT Eval ALL] conf: min=0.2021 max=0.8651 mean=0.5195 std=0.2782
[UniJDOT Eval ALL] rejected: 74.14%
[UniJDOT Eval ALL] pred class dist (pre-reject): [231, 82, 414, 891, 412]
[UniJDOT Eval ALL] true label dist: [0, 409, 405, 405, 410, 401] (last bin = unknown)
Uploading logs from: /mnt/data/home/tp2474/OpenSet-AdaTime/experiments_logs/curriculum/RealWorld to MHEALTH_UniDA_hard_n1_fno_mean/UniJDOT_UniDA_hard_n1_fno_mean/RealWorld_to_MHEALTH_run_1
🏃 View run UniJDOT_run_1 at: http://127.0.0.1:5001/#/experiments/391000965306048508/runs/bb17894157524bff805eb3f481c525c0
🧪 View experiment at: http://127.0.0.1:5001/#/experiments/391000965306048508
=============================================
Dataset: RealWorld to MHEALTH_UniDA_hard_n1_fno_mean
Method:  UniJDOT
=============================================
Source: RealWorld ---> Target: MHEALTH
Run ID: 2
=============================================
[Pr Epoch : 1/20]
Pr_Src_cls_loss	: 0.2170
-------------------------------------
[Pr Epoch : 2/20]
Pr_Src_cls_loss	: 0.1668
-------------------------------------
[Pr Epoch : 3/20]
Pr_Src_cls_loss	: 0.1424
-------------------------------------
[Pr Epoch : 4/20]
Pr_Src_cls_loss	: 0.1272
-------------------------------------
[Pr Epoch : 5/20]
Pr_Src_cls_loss	: 0.1154
-------------------------------------
[Pr Epoch : 6/20]
Pr_Src_cls_loss	: 0.1078
-------------------------------------
[Pr Epoch : 7/20]
Pr_Src_cls_loss	: 0.1011
-------------------------------------
[Pr Epoch : 8/20]
Pr_Src_cls_loss	: 0.0958
-------------------------------------
[Pr Epoch : 9/20]
Pr_Src_cls_loss	: 0.0909
-------------------------------------
[Pr Epoch : 10/20]
Pr_Src_cls_loss	: 0.0873
-------------------------------------
[Pr Epoch : 11/20]
Pr_Src_cls_loss	: 0.0834
-------------------------------------
[Pr Epoch : 12/20]
Pr_Src_cls_loss	: 0.0803
-------------------------------------
[Pr Epoch : 13/20]
Pr_Src_cls_loss	: 0.0775
-------------------------------------
[Pr Epoch : 14/20]
Pr_Src_cls_loss	: 0.0748
-------------------------------------
[Pr Epoch : 15/20]
Pr_Src_cls_loss	: 0.0727
-------------------------------------
[Pr Epoch : 16/20]
Pr_Src_cls_loss	: 0.0703
-------------------------------------
[Pr Epoch : 17/20]
Pr_Src_cls_loss	: 0.0683
-------------------------------------
[Pr Epoch : 18/20]
Pr_Src_cls_loss	: 0.0665
-------------------------------------
[Pr Epoch : 19/20]
Pr_Src_cls_loss	: 0.0647
-------------------------------------
[Pr Epoch : 20/20]
Pr_Src_cls_loss	: 0.0632
-------------------------------------
/mnt/data/home/tp2474/OpenSet-AdaTime/algorithms/algorithms.py:1865: UserWarning: Implicit dimension choice for softmax has been deprecated. Change the call to include dim=X as an argument.
  trg_soft_cen = torch.nn.functional.softmax(after_lincls_cen).double()
[Epoch : 1/20]
Pr_Src_cls_loss	: 0.0632
Total_loss	: 0.0539
loss_cls	: 0.0157
loss_align	: 0.0382
-------------------------------------
[Epoch : 2/20]
Pr_Src_cls_loss	: 0.0632
Total_loss	: 0.0482
loss_cls	: 0.0164
loss_align	: 0.0317
-------------------------------------
[Epoch : 3/20]
Pr_Src_cls_loss	: 0.0632
Total_loss	: 0.0451
loss_cls	: 0.0164
loss_align	: 0.0287
-------------------------------------
[Epoch : 4/20]
Pr_Src_cls_loss	: 0.0632
Total_loss	: 0.0429
loss_cls	: 0.0159
loss_align	: 0.0270
-------------------------------------
[Epoch : 5/20]
Pr_Src_cls_loss	: 0.0632
Total_loss	: 0.0417
loss_cls	: 0.0157
loss_align	: 0.0260
-------------------------------------
[Epoch : 6/20]
Pr_Src_cls_loss	: 0.0632
Total_loss	: 0.0408
loss_cls	: 0.0156
loss_align	: 0.0252
-------------------------------------
[Epoch : 7/20]
Pr_Src_cls_loss	: 0.0632
Total_loss	: 0.0402
loss_cls	: 0.0155
loss_align	: 0.0247
-------------------------------------
[Epoch : 8/20]
Pr_Src_cls_loss	: 0.0632
Total_loss	: 0.0396
loss_cls	: 0.0153
loss_align	: 0.0243
-------------------------------------
[Epoch : 9/20]
Pr_Src_cls_loss	: 0.0632
Total_loss	: 0.0396
loss_cls	: 0.0156
loss_align	: 0.0239
Src_cls_loss	: 0.0000
-------------------------------------
[Epoch : 10/20]
Pr_Src_cls_loss	: 0.0632
Total_loss	: 0.0394
loss_cls	: 0.0157
loss_align	: 0.0237
Src_cls_loss	: 0.0000
-------------------------------------
[Epoch : 11/20]
Pr_Src_cls_loss	: 0.0632
Total_loss	: 0.0389
loss_cls	: 0.0155
loss_align	: 0.0234
Src_cls_loss	: 0.0000
-------------------------------------
[Epoch : 12/20]
Pr_Src_cls_loss	: 0.0632
Total_loss	: 0.0385
loss_cls	: 0.0153
loss_align	: 0.0231
Src_cls_loss	: 0.0000
-------------------------------------
[Epoch : 13/20]
Pr_Src_cls_loss	: 0.0632
Total_loss	: 0.0379
loss_cls	: 0.0150
loss_align	: 0.0229
Src_cls_loss	: 0.0000
-------------------------------------
[Epoch : 14/20]
Pr_Src_cls_loss	: 0.0632
Total_loss	: 0.0375
loss_cls	: 0.0148
loss_align	: 0.0227
Src_cls_loss	: 0.0000
-------------------------------------
[Epoch : 15/20]
Pr_Src_cls_loss	: 0.0632
Total_loss	: 0.0373
loss_cls	: 0.0148
loss_align	: 0.0225
Src_cls_loss	: 0.0000
-------------------------------------
[Epoch : 16/20]
Pr_Src_cls_loss	: 0.0632
Total_loss	: 0.0370
loss_cls	: 0.0146
loss_align	: 0.0223
Src_cls_loss	: 0.0000
-------------------------------------
[Epoch : 17/20]
Pr_Src_cls_loss	: 0.0632
Total_loss	: 0.0368
loss_cls	: 0.0146
loss_align	: 0.0222
Src_cls_loss	: 0.0000
-------------------------------------
[Epoch : 18/20]
Pr_Src_cls_loss	: 0.0632
Total_loss	: 0.0364
loss_cls	: 0.0144
loss_align	: 0.0220
Src_cls_loss	: 0.0000
-------------------------------------
[Epoch : 19/20]
Pr_Src_cls_loss	: 0.0632
Total_loss	: 0.0362
loss_cls	: 0.0143
loss_align	: 0.0219
Src_cls_loss	: 0.0000
-------------------------------------
[Epoch : 20/20]
Pr_Src_cls_loss	: 0.0632
Total_loss	: 0.0361
loss_cls	: 0.0143
loss_align	: 0.0218
Src_cls_loss	: 0.0000
-------------------------------------

[UniJDOT Debug] final_threshold = 0.6799 conf mean=0.4444 std=0.2480 reject=62.50%
[UniJDOT Eval ALL] n=2030 threshold=0.6799
[UniJDOT Eval ALL] conf: min=0.2012 max=0.7393 mean=0.4691 std=0.2449
[UniJDOT Eval ALL] rejected: 56.16%
[UniJDOT Eval ALL] pred class dist (pre-reject): [102, 482, 336, 61, 1049]
[UniJDOT Eval ALL] true label dist: [0, 409, 405, 405, 410, 401] (last bin = unknown)
H_score: 0.5534, OS* (acc_c): 0.4156, UNK (acc_p): 0.8279, acc_mix: 0.4970, F1: 0.4887
[UniJDOT Eval ALL] n=2030 threshold=0.6799
[UniJDOT Eval ALL] conf: min=0.2012 max=0.7393 mean=0.4691 std=0.2449
[UniJDOT Eval ALL] rejected: 56.16%
[UniJDOT Eval ALL] pred class dist (pre-reject): [102, 482, 336, 61, 1049]
[UniJDOT Eval ALL] true label dist: [0, 409, 405, 405, 410, 401] (last bin = unknown)
Uploading logs from: /mnt/data/home/tp2474/OpenSet-AdaTime/experiments_logs/curriculum/RealWorld to MHEALTH_UniDA_hard_n1_fno_mean/UniJDOT_UniDA_hard_n1_fno_mean/RealWorld_to_MHEALTH_run_2
🏃 View run UniJDOT_run_2 at: http://127.0.0.1:5001/#/experiments/391000965306048508/runs/8716237c0cfa4ac48414f9872ac1fdef
🧪 View experiment at: http://127.0.0.1:5001/#/experiments/391000965306048508
=============================================
Dataset: RealWorld to MHEALTH_UniDA_hard_n1_fno_mean
Method:  UniJDOT
=============================================
Source: RealWorld ---> Target: MHEALTH
Run ID: 3
=============================================
[Pr Epoch : 1/20]
Pr_Src_cls_loss	: 0.2050
-------------------------------------
[Pr Epoch : 2/20]
Pr_Src_cls_loss	: 0.1599
-------------------------------------
[Pr Epoch : 3/20]
Pr_Src_cls_loss	: 0.1356
-------------------------------------
[Pr Epoch : 4/20]
Pr_Src_cls_loss	: 0.1212
-------------------------------------
[Pr Epoch : 5/20]
Pr_Src_cls_loss	: 0.1111
-------------------------------------
[Pr Epoch : 6/20]
Pr_Src_cls_loss	: 0.1030
-------------------------------------
[Pr Epoch : 7/20]
Pr_Src_cls_loss	: 0.0971
-------------------------------------
[Pr Epoch : 8/20]
Pr_Src_cls_loss	: 0.0918
-------------------------------------
[Pr Epoch : 9/20]
Pr_Src_cls_loss	: 0.0876
-------------------------------------
[Pr Epoch : 10/20]
Pr_Src_cls_loss	: 0.0840
-------------------------------------
[Pr Epoch : 11/20]
Pr_Src_cls_loss	: 0.0810
-------------------------------------
[Pr Epoch : 12/20]
Pr_Src_cls_loss	: 0.0777
-------------------------------------
[Pr Epoch : 13/20]
Pr_Src_cls_loss	: 0.0752
-------------------------------------
[Pr Epoch : 14/20]
Pr_Src_cls_loss	: 0.0729
-------------------------------------
[Pr Epoch : 15/20]
Pr_Src_cls_loss	: 0.0709
-------------------------------------
[Pr Epoch : 16/20]
Pr_Src_cls_loss	: 0.0689
-------------------------------------
[Pr Epoch : 17/20]
Pr_Src_cls_loss	: 0.0669
-------------------------------------
[Pr Epoch : 18/20]
Pr_Src_cls_loss	: 0.0653
-------------------------------------
[Pr Epoch : 19/20]
Pr_Src_cls_loss	: 0.0637
-------------------------------------
[Pr Epoch : 20/20]
Pr_Src_cls_loss	: 0.0622
-------------------------------------
/mnt/data/home/tp2474/OpenSet-AdaTime/algorithms/algorithms.py:1865: UserWarning: Implicit dimension choice for softmax has been deprecated. Change the call to include dim=X as an argument.
  trg_soft_cen = torch.nn.functional.softmax(after_lincls_cen).double()
[Epoch : 1/20]
Pr_Src_cls_loss	: 0.0622
Total_loss	: 0.0492
loss_cls	: 0.0180
loss_align	: 0.0312
-------------------------------------
[Epoch : 2/20]
Pr_Src_cls_loss	: 0.0622
Total_loss	: 0.0431
loss_cls	: 0.0180
loss_align	: 0.0251
-------------------------------------
[Epoch : 3/20]
Pr_Src_cls_loss	: 0.0622
Total_loss	: 0.0414
loss_cls	: 0.0177
loss_align	: 0.0236
-------------------------------------
[Epoch : 4/20]
Pr_Src_cls_loss	: 0.0622
Total_loss	: 0.0408
loss_cls	: 0.0180
loss_align	: 0.0228
-------------------------------------
[Epoch : 5/20]
Pr_Src_cls_loss	: 0.0622
Total_loss	: 0.0392
loss_cls	: 0.0176
loss_align	: 0.0216
-------------------------------------
[Epoch : 6/20]
Pr_Src_cls_loss	: 0.0622
Total_loss	: 0.0382
loss_cls	: 0.0175
loss_align	: 0.0206
-------------------------------------
[Epoch : 7/20]
Pr_Src_cls_loss	: 0.0622
Total_loss	: 0.0372
loss_cls	: 0.0171
loss_align	: 0.0201
-------------------------------------
[Epoch : 8/20]
Pr_Src_cls_loss	: 0.0622
Total_loss	: 0.0369
loss_cls	: 0.0171
loss_align	: 0.0198
-------------------------------------
[Epoch : 9/20]
Pr_Src_cls_loss	: 0.0622
Total_loss	: 0.0362
loss_cls	: 0.0169
loss_align	: 0.0193
Src_cls_loss	: 0.0000
-------------------------------------
[Epoch : 10/20]
Pr_Src_cls_loss	: 0.0622
Total_loss	: 0.0355
loss_cls	: 0.0165
loss_align	: 0.0190
Src_cls_loss	: 0.0000
-------------------------------------
[Epoch : 11/20]
Pr_Src_cls_loss	: 0.0622
Total_loss	: 0.0352
loss_cls	: 0.0165
loss_align	: 0.0187
Src_cls_loss	: 0.0000
-------------------------------------
[Epoch : 12/20]
Pr_Src_cls_loss	: 0.0622
Total_loss	: 0.0349
loss_cls	: 0.0164
loss_align	: 0.0185
Src_cls_loss	: 0.0000
-------------------------------------
[Epoch : 13/20]
Pr_Src_cls_loss	: 0.0622
Total_loss	: 0.0346
loss_cls	: 0.0161
loss_align	: 0.0184
Src_cls_loss	: 0.0000
-------------------------------------
[Epoch : 14/20]
Pr_Src_cls_loss	: 0.0622
Total_loss	: 0.0345
loss_cls	: 0.0161
loss_align	: 0.0183
Src_cls_loss	: 0.0000
-------------------------------------
[Epoch : 15/20]
Pr_Src_cls_loss	: 0.0622
Total_loss	: 0.0340
loss_cls	: 0.0158
loss_align	: 0.0182
Src_cls_loss	: 0.0000
-------------------------------------
[Epoch : 16/20]
Pr_Src_cls_loss	: 0.0622
Total_loss	: 0.0338
loss_cls	: 0.0157
loss_align	: 0.0181
Src_cls_loss	: 0.0000
-------------------------------------
[Epoch : 17/20]
Pr_Src_cls_loss	: 0.0622
Total_loss	: 0.0337
loss_cls	: 0.0157
loss_align	: 0.0180
Src_cls_loss	: 0.0000
-------------------------------------
[Epoch : 18/20]
Pr_Src_cls_loss	: 0.0622
Total_loss	: 0.0335
loss_cls	: 0.0155
loss_align	: 0.0180
Src_cls_loss	: 0.0000
-------------------------------------
[Epoch : 19/20]
Pr_Src_cls_loss	: 0.0622
Total_loss	: 0.0333
loss_cls	: 0.0154
loss_align	: 0.0179
Src_cls_loss	: 0.0000
-------------------------------------
[Epoch : 20/20]
Pr_Src_cls_loss	: 0.0622
Total_loss	: 0.0331
loss_cls	: 0.0153
loss_align	: 0.0178
Src_cls_loss	: 0.0000
-------------------------------------

[UniJDOT Debug] final_threshold = 0.7859 conf mean=0.5569 std=0.2791 reject=73.44%
[UniJDOT Eval ALL] n=2030 threshold=0.7859
[UniJDOT Eval ALL] conf: min=0.2039 max=0.9272 mean=0.5374 std=0.2748
[UniJDOT Eval ALL] rejected: 76.06%
[UniJDOT Eval ALL] pred class dist (pre-reject): [721, 333, 334, 525, 117]
[UniJDOT Eval ALL] true label dist: [0, 409, 405, 405, 410, 401] (last bin = unknown)
H_score: 0.0902, OS* (acc_c): 0.0473, UNK (acc_p): 0.9950, acc_mix: 0.2345, F1: 0.1290
[UniJDOT Eval ALL] n=2030 threshold=0.7859
[UniJDOT Eval ALL] conf: min=0.2039 max=0.9272 mean=0.5374 std=0.2748
[UniJDOT Eval ALL] rejected: 76.06%
[UniJDOT Eval ALL] pred class dist (pre-reject): [721, 333, 334, 525, 117]
[UniJDOT Eval ALL] true label dist: [0, 409, 405, 405, 410, 401] (last bin = unknown)
Uploading logs from: /mnt/data/home/tp2474/OpenSet-AdaTime/experiments_logs/curriculum/RealWorld to MHEALTH_UniDA_hard_n1_fno_mean/UniJDOT_UniDA_hard_n1_fno_mean/RealWorld_to_MHEALTH_run_3
🏃 View run UniJDOT_run_3 at: http://127.0.0.1:5001/#/experiments/391000965306048508/runs/83df0f0955b7449ebed2b21d4aa6da95
🧪 View experiment at: http://127.0.0.1:5001/#/experiments/391000965306048508
=============================================
Dataset: RealWorld to MHEALTH_UniDA_hard_n1_fno_mean
Method:  UniJDOT
=============================================
Source: RealWorld ---> Target: MHEALTH
Run ID: 4
=============================================
[Pr Epoch : 1/20]
Pr_Src_cls_loss	: 0.2055
-------------------------------------
[Pr Epoch : 2/20]
Pr_Src_cls_loss	: 0.1623
-------------------------------------
[Pr Epoch : 3/20]
Pr_Src_cls_loss	: 0.1390
-------------------------------------
[Pr Epoch : 4/20]
Pr_Src_cls_loss	: 0.1240
-------------------------------------
[Pr Epoch : 5/20]
Pr_Src_cls_loss	: 0.1124
-------------------------------------
[Pr Epoch : 6/20]
Pr_Src_cls_loss	: 0.1051
-------------------------------------
[Pr Epoch : 7/20]
Pr_Src_cls_loss	: 0.0986
-------------------------------------
[Pr Epoch : 8/20]
Pr_Src_cls_loss	: 0.0934
-------------------------------------
[Pr Epoch : 9/20]
Pr_Src_cls_loss	: 0.0893
-------------------------------------
[Pr Epoch : 10/20]
Pr_Src_cls_loss	: 0.0854
-------------------------------------
[Pr Epoch : 11/20]
Pr_Src_cls_loss	: 0.0821
-------------------------------------
[Pr Epoch : 12/20]
Pr_Src_cls_loss	: 0.0790
-------------------------------------
[Pr Epoch : 13/20]
Pr_Src_cls_loss	: 0.0759
-------------------------------------
[Pr Epoch : 14/20]
Pr_Src_cls_loss	: 0.0736
-------------------------------------
[Pr Epoch : 15/20]
Pr_Src_cls_loss	: 0.0712
-------------------------------------
[Pr Epoch : 16/20]
Pr_Src_cls_loss	: 0.0692
-------------------------------------
[Pr Epoch : 17/20]
Pr_Src_cls_loss	: 0.0674
-------------------------------------
[Pr Epoch : 18/20]
Pr_Src_cls_loss	: 0.0659
-------------------------------------
[Pr Epoch : 19/20]
Pr_Src_cls_loss	: 0.0642
-------------------------------------
[Pr Epoch : 20/20]
Pr_Src_cls_loss	: 0.0625
-------------------------------------
/mnt/data/home/tp2474/OpenSet-AdaTime/algorithms/algorithms.py:1865: UserWarning: Implicit dimension choice for softmax has been deprecated. Change the call to include dim=X as an argument.
  trg_soft_cen = torch.nn.functional.softmax(after_lincls_cen).double()
[Epoch : 1/20]
Pr_Src_cls_loss	: 0.0625
Total_loss	: 0.0475
loss_cls	: 0.0159
loss_align	: 0.0316
-------------------------------------
[Epoch : 2/20]
Pr_Src_cls_loss	: 0.0625
Total_loss	: 0.0439
loss_cls	: 0.0166
loss_align	: 0.0273
-------------------------------------
[Epoch : 3/20]
Pr_Src_cls_loss	: 0.0625
Total_loss	: 0.0418
loss_cls	: 0.0170
loss_align	: 0.0248
-------------------------------------
[Epoch : 4/20]
Pr_Src_cls_loss	: 0.0625
Total_loss	: 0.0393
loss_cls	: 0.0163
loss_align	: 0.0230
-------------------------------------
[Epoch : 5/20]
Pr_Src_cls_loss	: 0.0625
Total_loss	: 0.0382
loss_cls	: 0.0162
loss_align	: 0.0221
-------------------------------------
[Epoch : 6/20]
Pr_Src_cls_loss	: 0.0625
Total_loss	: 0.0377
loss_cls	: 0.0161
loss_align	: 0.0216
-------------------------------------
[Epoch : 7/20]
Pr_Src_cls_loss	: 0.0625
Total_loss	: 0.0375
loss_cls	: 0.0161
loss_align	: 0.0213
-------------------------------------
[Epoch : 8/20]
Pr_Src_cls_loss	: 0.0625
Total_loss	: 0.0369
loss_cls	: 0.0159
loss_align	: 0.0210
-------------------------------------
[Epoch : 9/20]
Pr_Src_cls_loss	: 0.0625
Total_loss	: 0.0365
loss_cls	: 0.0158
loss_align	: 0.0207
Src_cls_loss	: 0.0000
-------------------------------------
[Epoch : 10/20]
Pr_Src_cls_loss	: 0.0625
Total_loss	: 0.0361
loss_cls	: 0.0156
loss_align	: 0.0205
Src_cls_loss	: 0.0000
-------------------------------------
[Epoch : 11/20]
Pr_Src_cls_loss	: 0.0625
Total_loss	: 0.0359
loss_cls	: 0.0157
loss_align	: 0.0203
Src_cls_loss	: 0.0000
-------------------------------------
[Epoch : 12/20]
Pr_Src_cls_loss	: 0.0625
Total_loss	: 0.0357
loss_cls	: 0.0156
loss_align	: 0.0201
Src_cls_loss	: 0.0000
-------------------------------------
[Epoch : 13/20]
Pr_Src_cls_loss	: 0.0625
Total_loss	: 0.0354
loss_cls	: 0.0155
loss_align	: 0.0199
Src_cls_loss	: 0.0000
-------------------------------------
[Epoch : 14/20]
Pr_Src_cls_loss	: 0.0625
Total_loss	: 0.0351
loss_cls	: 0.0153
loss_align	: 0.0198
Src_cls_loss	: 0.0000
-------------------------------------
[Epoch : 15/20]
Pr_Src_cls_loss	: 0.0625
Total_loss	: 0.0349
loss_cls	: 0.0152
loss_align	: 0.0197
Src_cls_loss	: 0.0000
-------------------------------------
[Epoch : 16/20]
Pr_Src_cls_loss	: 0.0625
Total_loss	: 0.0347
loss_cls	: 0.0152
loss_align	: 0.0196
Src_cls_loss	: 0.0000
-------------------------------------
[Epoch : 17/20]
Pr_Src_cls_loss	: 0.0625
Total_loss	: 0.0344
loss_cls	: 0.0149
loss_align	: 0.0195
Src_cls_loss	: 0.0000
-------------------------------------
[Epoch : 18/20]
Pr_Src_cls_loss	: 0.0625
Total_loss	: 0.0341
loss_cls	: 0.0148
loss_align	: 0.0194
Src_cls_loss	: 0.0000
-------------------------------------
[Epoch : 19/20]
Pr_Src_cls_loss	: 0.0625
Total_loss	: 0.0340
loss_cls	: 0.0148
loss_align	: 0.0193
Src_cls_loss	: 0.0000
-------------------------------------
[Epoch : 20/20]
Pr_Src_cls_loss	: 0.0625
Total_loss	: 0.0340
loss_cls	: 0.0148
loss_align	: 0.0192
Src_cls_loss	: 0.0000
-------------------------------------

[UniJDOT Debug] final_threshold = 0.7647 conf mean=0.5551 std=0.2603 reject=75.00%
[UniJDOT Eval ALL] n=2030 threshold=0.7647
[UniJDOT Eval ALL] conf: min=0.2006 max=0.8409 mean=0.5034 std=0.2729
[UniJDOT Eval ALL] rejected: 71.38%
[UniJDOT Eval ALL] pred class dist (pre-reject): [16, 366, 411, 176, 1061]
[UniJDOT Eval ALL] true label dist: [0, 409, 405, 405, 410, 401] (last bin = unknown)
H_score: 0.2903, OS* (acc_c): 0.1700, UNK (acc_p): 0.9925, acc_mix: 0.3325, F1: 0.2483
[UniJDOT Eval ALL] n=2030 threshold=0.7647
[UniJDOT Eval ALL] conf: min=0.2006 max=0.8409 mean=0.5034 std=0.2729
[UniJDOT Eval ALL] rejected: 71.38%
[UniJDOT Eval ALL] pred class dist (pre-reject): [16, 366, 411, 176, 1061]
[UniJDOT Eval ALL] true label dist: [0, 409, 405, 405, 410, 401] (last bin = unknown)
Uploading logs from: /mnt/data/home/tp2474/OpenSet-AdaTime/experiments_logs/curriculum/RealWorld to MHEALTH_UniDA_hard_n1_fno_mean/UniJDOT_UniDA_hard_n1_fno_mean/RealWorld_to_MHEALTH_run_4
🏃 View run UniJDOT_run_4 at: http://127.0.0.1:5001/#/experiments/391000965306048508/runs/0d2362be91db427bb1c0a90ce684555e
🧪 View experiment at: http://127.0.0.1:5001/#/experiments/391000965306048508
==================== [n1 fno_mean] done ====================
==================== [n2 fno_mean] RAINCOAT ====================
[curriculum] scenario=UniDA  strategy=hard  n_unknown=2  rank_variant=fno_mean
[curriculum] source mapping (6 classes): {'lying': 'lying', 'sitting': 'sitting', 'walking': 'walking', 'running': 'running', 'climbingup': 'climbingup', 'jumping': 'jumping'}
[curriculum] target mapping (6 classes): {'Lying down': 'lying', 'Sitting and relaxing': 'sitting', 'Walking': 'walking', 'Running': 'running', 'Climbing stairs': 'Climbing stairs', 'Jogging': 'Jogging'}
[curriculum] unknowns added (in hard order): src=[climbingup,jumping] | trg=[Climbing stairs,Jogging]
2026/05/11 12:06:31 INFO mlflow.tracking.fluent: Experiment with name 'RealWorld to MHEALTH_UniDA_hard_n2_fno_mean' does not exist. Creating a new experiment.
[scenario] RAINCOAT -> UniDA (uniDA=True)
Unlabeled data shape:  (2440, 150, 18)
Unlabelled Combined shape: (4196, 150, 18)

--- Dataloader Size Check ---
Source Train batches:   355
Target Train batches:   38
-------------------------------

Private classes:  tensor([6., 7.])
=============================================
Dataset: RealWorld to MHEALTH_UniDA_hard_n2_fno_mean
Method:  RAINCOAT
=============================================
Source: RealWorld ---> Target: MHEALTH
Run ID: 0
=============================================
[Align Epoch : 1/20]
Src_cls_loss	: 0.8765
Sink	: 0.7101
Recon	: 24.2421
-------------------------------------
[Align Epoch : 2/20]
Src_cls_loss	: 0.7253
Sink	: 0.6436
Recon	: 24.1764
-------------------------------------
[Align Epoch : 3/20]
Src_cls_loss	: 0.6296
Sink	: 0.5980
Recon	: 24.2282
-------------------------------------
[Align Epoch : 4/20]
Src_cls_loss	: 0.5666
Sink	: 0.5648
Recon	: 24.1879
-------------------------------------
[Align Epoch : 5/20]
Src_cls_loss	: 0.5184
Sink	: 0.5383
Recon	: 24.1954
-------------------------------------
[Align Epoch : 6/20]
Src_cls_loss	: 0.4849
Sink	: 0.5167
Recon	: 24.1835
-------------------------------------
[Align Epoch : 7/20]
Src_cls_loss	: 0.4563
Sink	: 0.4960
Recon	: 24.1653
-------------------------------------
[Align Epoch : 8/20]
Src_cls_loss	: 0.4319
Sink	: 0.4764
Recon	: 24.1628
-------------------------------------
[Align Epoch : 9/20]
Src_cls_loss	: 0.4146
Sink	: 0.4590
Recon	: 24.1309
-------------------------------------
[Align Epoch : 10/20]
Src_cls_loss	: 0.3933
Sink	: 0.4429
Recon	: 24.1160
-------------------------------------
[Align Epoch : 11/20]
Src_cls_loss	: 0.3795
Sink	: 0.4286
Recon	: 24.0876
-------------------------------------
[Align Epoch : 12/20]
Src_cls_loss	: 0.3661
Sink	: 0.4153
Recon	: 24.0796
-------------------------------------
[Align Epoch : 13/20]
Src_cls_loss	: 0.3536
Sink	: 0.4042
Recon	: 24.0662
-------------------------------------
[Align Epoch : 14/20]
Src_cls_loss	: 0.3434
Sink	: 0.3936
Recon	: 24.0470
-------------------------------------
[Align Epoch : 15/20]
Src_cls_loss	: 0.3321
Sink	: 0.3831
Recon	: 24.0236
-------------------------------------
[Align Epoch : 16/20]
Src_cls_loss	: 0.3239
Sink	: 0.3733
Recon	: 24.0074
-------------------------------------
[Align Epoch : 17/20]
Src_cls_loss	: 0.3138
Sink	: 0.3640
Recon	: 23.9853
-------------------------------------
[Align Epoch : 18/20]
Src_cls_loss	: 0.3062
Sink	: 0.3553
Recon	: 23.9676
-------------------------------------
[Align Epoch : 19/20]
Src_cls_loss	: 0.2998
Sink	: 0.3469
Recon	: 23.9471
-------------------------------------
[Align Epoch : 20/20]
Src_cls_loss	: 0.2932
Sink	: 0.3392
Recon	: 23.9198
-------------------------------------
[Correct Epoch : 1/20]
Recon_correct	: 23.2454
-------------------------------------
[Correct Epoch : 2/20]
Recon_correct	: 23.1625
-------------------------------------
[Correct Epoch : 3/20]
Recon_correct	: 23.1006
-------------------------------------
[Correct Epoch : 4/20]
Recon_correct	: 23.0974
-------------------------------------
[Correct Epoch : 5/20]
Recon_correct	: 23.0331
-------------------------------------
[Correct Epoch : 6/20]
Recon_correct	: 22.9723
-------------------------------------
[Correct Epoch : 7/20]
Recon_correct	: 22.9404
-------------------------------------
[Correct Epoch : 8/20]
Recon_correct	: 22.9281
-------------------------------------
[Correct Epoch : 9/20]
Recon_correct	: 22.8827
-------------------------------------
[Correct Epoch : 10/20]
Recon_correct	: 22.8364
-------------------------------------
[Correct Epoch : 11/20]
Recon_correct	: 22.7935
-------------------------------------
[Correct Epoch : 12/20]
Recon_correct	: 22.7479
-------------------------------------
[Correct Epoch : 13/20]
Recon_correct	: 22.7143
-------------------------------------
[Correct Epoch : 14/20]
Recon_correct	: 22.6843
-------------------------------------
[Correct Epoch : 15/20]
Recon_correct	: 22.6506
-------------------------------------
[Correct Epoch : 16/20]
Recon_correct	: 22.6149
-------------------------------------
[Correct Epoch : 17/20]
Recon_correct	: 22.5773
-------------------------------------
[Correct Epoch : 18/20]
Recon_correct	: 22.5404
-------------------------------------
[Correct Epoch : 19/20]
Recon_correct	: 22.5040
-------------------------------------
[Correct Epoch : 20/20]
Recon_correct	: 22.4661
-------------------------------------
/mnt/data/home/tp2474/OpenSet-AdaTime/trainers/abstract_trainer.py:331: FutureWarning: The behavior of DataFrame concatenation with empty or all-NA entries is deprecated. In a future version, this will no longer exclude empty or all-NA columns when determining the result dtypes. To retain the old behavior, exclude the relevant entries before the concat operation.
  table = pd.concat([table, results_df], ignore_index=True)
H_score: 0.1799, OS* (acc_c): 0.2719, UNK (acc_p): 0.1344, acc_mix: 0.2262, F1: 0.2445
Uploading logs from: /mnt/data/home/tp2474/OpenSet-AdaTime/experiments_logs/curriculum/RealWorld to MHEALTH_UniDA_hard_n2_fno_mean/RAINCOAT_UniDA_hard_n2_fno_mean/RealWorld_to_MHEALTH_run_0
🏃 View run RAINCOAT_run_0 at: http://127.0.0.1:5001/#/experiments/958908129315819629/runs/3ccf25f930ab47b2ad060495c8b9558a
🧪 View experiment at: http://127.0.0.1:5001/#/experiments/958908129315819629
=============================================
Dataset: RealWorld to MHEALTH_UniDA_hard_n2_fno_mean
Method:  RAINCOAT
=============================================
Source: RealWorld ---> Target: MHEALTH
Run ID: 1
=============================================
[Align Epoch : 1/20]
Src_cls_loss	: 0.9052
Sink	: 0.7775
Recon	: 24.3446
-------------------------------------
[Align Epoch : 2/20]
Src_cls_loss	: 0.7301
Sink	: 0.7125
Recon	: 24.3133
-------------------------------------
[Align Epoch : 3/20]
Src_cls_loss	: 0.6295
Sink	: 0.6646
Recon	: 24.2825
-------------------------------------
[Align Epoch : 4/20]
Src_cls_loss	: 0.5661
Sink	: 0.6291
Recon	: 24.2305
-------------------------------------
[Align Epoch : 5/20]
Src_cls_loss	: 0.5153
Sink	: 0.6002
Recon	: 24.1849
-------------------------------------
[Align Epoch : 6/20]
Src_cls_loss	: 0.4780
Sink	: 0.5757
Recon	: 24.1705
-------------------------------------
[Align Epoch : 7/20]
Src_cls_loss	: 0.4444
Sink	: 0.5547
Recon	: 24.1485
-------------------------------------
[Align Epoch : 8/20]
Src_cls_loss	: 0.4187
Sink	: 0.5356
Recon	: 24.1287
-------------------------------------
[Align Epoch : 9/20]
Src_cls_loss	: 0.3970
Sink	: 0.5181
Recon	: 24.1122
-------------------------------------
[Align Epoch : 10/20]
Src_cls_loss	: 0.3801
Sink	: 0.5016
Recon	: 24.0893
-------------------------------------
[Align Epoch : 11/20]
Src_cls_loss	: 0.3638
Sink	: 0.4859
Recon	: 24.0534
-------------------------------------
[Align Epoch : 12/20]
Src_cls_loss	: 0.3506
Sink	: 0.4718
Recon	: 24.0290
-------------------------------------
[Align Epoch : 13/20]
Src_cls_loss	: 0.3371
Sink	: 0.4596
Recon	: 24.0059
-------------------------------------
[Align Epoch : 14/20]
Src_cls_loss	: 0.3260
Sink	: 0.4474
Recon	: 23.9930
-------------------------------------
[Align Epoch : 15/20]
Src_cls_loss	: 0.3152
Sink	: 0.4353
Recon	: 23.9729
-------------------------------------
[Align Epoch : 16/20]
Src_cls_loss	: 0.3055
Sink	: 0.4238
Recon	: 23.9526
-------------------------------------
[Align Epoch : 17/20]
Src_cls_loss	: 0.2967
Sink	: 0.4129
Recon	: 23.9281
-------------------------------------
[Align Epoch : 18/20]
Src_cls_loss	: 0.2882
Sink	: 0.4032
Recon	: 23.9099
-------------------------------------
[Align Epoch : 19/20]
Src_cls_loss	: 0.2825
Sink	: 0.3946
Recon	: 23.8792
-------------------------------------
[Align Epoch : 20/20]
Src_cls_loss	: 0.2754
Sink	: 0.3868
Recon	: 23.8585
-------------------------------------
[Correct Epoch : 1/20]
Recon_correct	: 23.4231
-------------------------------------
[Correct Epoch : 2/20]
Recon_correct	: 23.3177
-------------------------------------
[Correct Epoch : 3/20]
Recon_correct	: 23.2461
-------------------------------------
[Correct Epoch : 4/20]
Recon_correct	: 23.1897
-------------------------------------
[Correct Epoch : 5/20]
Recon_correct	: 23.1493
-------------------------------------
[Correct Epoch : 6/20]
Recon_correct	: 23.1058
-------------------------------------
[Correct Epoch : 7/20]
Recon_correct	: 23.0629
-------------------------------------
[Correct Epoch : 8/20]
Recon_correct	: 23.0188
-------------------------------------
[Correct Epoch : 9/20]
Recon_correct	: 22.9799
-------------------------------------
[Correct Epoch : 10/20]
Recon_correct	: 22.9359
-------------------------------------
[Correct Epoch : 11/20]
Recon_correct	: 22.8976
-------------------------------------
[Correct Epoch : 12/20]
Recon_correct	: 22.8515
-------------------------------------
[Correct Epoch : 13/20]
Recon_correct	: 22.8239
-------------------------------------
[Correct Epoch : 14/20]
Recon_correct	: 22.8040
-------------------------------------
[Correct Epoch : 15/20]
Recon_correct	: 22.7536
-------------------------------------
[Correct Epoch : 16/20]
Recon_correct	: 22.7051
-------------------------------------
[Correct Epoch : 17/20]
Recon_correct	: 22.6650
-------------------------------------
[Correct Epoch : 18/20]
Recon_correct	: 22.6224
-------------------------------------
[Correct Epoch : 19/20]
Recon_correct	: 22.5799
-------------------------------------
[Correct Epoch : 20/20]
Recon_correct	: 22.5414
-------------------------------------
H_score: 0.1394, OS* (acc_c): 0.4451, UNK (acc_p): 0.0826, acc_mix: 0.3246, F1: 0.2950
Uploading logs from: /mnt/data/home/tp2474/OpenSet-AdaTime/experiments_logs/curriculum/RealWorld to MHEALTH_UniDA_hard_n2_fno_mean/RAINCOAT_UniDA_hard_n2_fno_mean/RealWorld_to_MHEALTH_run_1
🏃 View run RAINCOAT_run_1 at: http://127.0.0.1:5001/#/experiments/958908129315819629/runs/7ca9855801044266bf48146c94756c44
🧪 View experiment at: http://127.0.0.1:5001/#/experiments/958908129315819629
=============================================
Dataset: RealWorld to MHEALTH_UniDA_hard_n2_fno_mean
Method:  RAINCOAT
=============================================
Source: RealWorld ---> Target: MHEALTH
Run ID: 2
=============================================
[Align Epoch : 1/20]
Src_cls_loss	: 0.9455
Sink	: 0.7524
Recon	: 24.2739
-------------------------------------
[Align Epoch : 2/20]
Src_cls_loss	: 0.7640
Sink	: 0.6978
Recon	: 24.2163
-------------------------------------
[Align Epoch : 3/20]
Src_cls_loss	: 0.6629
Sink	: 0.6576
Recon	: 24.2242
-------------------------------------
[Align Epoch : 4/20]
Src_cls_loss	: 0.5930
Sink	: 0.6275
Recon	: 24.2159
-------------------------------------
[Align Epoch : 5/20]
Src_cls_loss	: 0.5382
Sink	: 0.5976
Recon	: 24.1992
-------------------------------------
[Align Epoch : 6/20]
Src_cls_loss	: 0.4976
Sink	: 0.5725
Recon	: 24.1756
-------------------------------------
[Align Epoch : 7/20]
Src_cls_loss	: 0.4663
Sink	: 0.5490
Recon	: 24.1686
-------------------------------------
[Align Epoch : 8/20]
Src_cls_loss	: 0.4366
Sink	: 0.5283
Recon	: 24.1458
-------------------------------------
[Align Epoch : 9/20]
Src_cls_loss	: 0.4139
Sink	: 0.5092
Recon	: 24.1421
-------------------------------------
[Align Epoch : 10/20]
Src_cls_loss	: 0.3938
Sink	: 0.4922
Recon	: 24.1198
-------------------------------------
[Align Epoch : 11/20]
Src_cls_loss	: 0.3776
Sink	: 0.4769
Recon	: 24.0964
-------------------------------------
[Align Epoch : 12/20]
Src_cls_loss	: 0.3633
Sink	: 0.4625
Recon	: 24.0741
-------------------------------------
[Align Epoch : 13/20]
Src_cls_loss	: 0.3514
Sink	: 0.4489
Recon	: 24.0569
-------------------------------------
[Align Epoch : 14/20]
Src_cls_loss	: 0.3419
Sink	: 0.4369
Recon	: 24.0282
-------------------------------------
[Align Epoch : 15/20]
Src_cls_loss	: 0.3333
Sink	: 0.4254
Recon	: 24.0042
-------------------------------------
[Align Epoch : 16/20]
Src_cls_loss	: 0.3235
Sink	: 0.4143
Recon	: 23.9801
-------------------------------------
[Align Epoch : 17/20]
Src_cls_loss	: 0.3159
Sink	: 0.4032
Recon	: 23.9568
-------------------------------------
[Align Epoch : 18/20]
Src_cls_loss	: 0.3074
Sink	: 0.3925
Recon	: 23.9290
-------------------------------------
[Align Epoch : 19/20]
Src_cls_loss	: 0.2998
Sink	: 0.3826
Recon	: 23.9085
-------------------------------------
[Align Epoch : 20/20]
Src_cls_loss	: 0.2929
Sink	: 0.3737
Recon	: 23.8905
-------------------------------------
[Correct Epoch : 1/20]
Recon_correct	: 23.4738
-------------------------------------
[Correct Epoch : 2/20]
Recon_correct	: 23.3626
-------------------------------------
[Correct Epoch : 3/20]
Recon_correct	: 23.2937
-------------------------------------
[Correct Epoch : 4/20]
Recon_correct	: 23.2223
-------------------------------------
[Correct Epoch : 5/20]
Recon_correct	: 23.1861
-------------------------------------
[Correct Epoch : 6/20]
Recon_correct	: 23.1741
-------------------------------------
[Correct Epoch : 7/20]
Recon_correct	: 23.1314
-------------------------------------
[Correct Epoch : 8/20]
Recon_correct	: 23.0968
-------------------------------------
[Correct Epoch : 9/20]
Recon_correct	: 23.0340
-------------------------------------
[Correct Epoch : 10/20]
Recon_correct	: 22.9991
-------------------------------------
[Correct Epoch : 11/20]
Recon_correct	: 22.9530
-------------------------------------
[Correct Epoch : 12/20]
Recon_correct	: 22.9065
-------------------------------------
[Correct Epoch : 13/20]
Recon_correct	: 22.8532
-------------------------------------
[Correct Epoch : 14/20]
Recon_correct	: 22.8156
-------------------------------------
[Correct Epoch : 15/20]
Recon_correct	: 22.7708
-------------------------------------
[Correct Epoch : 16/20]
Recon_correct	: 22.7180
-------------------------------------
[Correct Epoch : 17/20]
Recon_correct	: 22.6833
-------------------------------------
[Correct Epoch : 18/20]
Recon_correct	: 22.6310
-------------------------------------
[Correct Epoch : 19/20]
Recon_correct	: 22.5871
-------------------------------------
[Correct Epoch : 20/20]
Recon_correct	: 22.5382
-------------------------------------
H_score: 0.2596, OS* (acc_c): 0.2026, UNK (acc_p): 0.3613, acc_mix: 0.2553, F1: 0.2263
Uploading logs from: /mnt/data/home/tp2474/OpenSet-AdaTime/experiments_logs/curriculum/RealWorld to MHEALTH_UniDA_hard_n2_fno_mean/RAINCOAT_UniDA_hard_n2_fno_mean/RealWorld_to_MHEALTH_run_2
🏃 View run RAINCOAT_run_2 at: http://127.0.0.1:5001/#/experiments/958908129315819629/runs/602bb94b383b4291936ae06dc1ad0725
🧪 View experiment at: http://127.0.0.1:5001/#/experiments/958908129315819629
=============================================
Dataset: RealWorld to MHEALTH_UniDA_hard_n2_fno_mean
Method:  RAINCOAT
=============================================
Source: RealWorld ---> Target: MHEALTH
Run ID: 3
=============================================
[Align Epoch : 1/20]
Src_cls_loss	: 0.8947
Sink	: 0.7564
Recon	: 24.3096
-------------------------------------
[Align Epoch : 2/20]
Src_cls_loss	: 0.7190
Sink	: 0.6935
Recon	: 24.3081
-------------------------------------
[Align Epoch : 3/20]
Src_cls_loss	: 0.6369
Sink	: 0.6549
Recon	: 24.2230
-------------------------------------
[Align Epoch : 4/20]
Src_cls_loss	: 0.5772
Sink	: 0.6291
Recon	: 24.1530
-------------------------------------
[Align Epoch : 5/20]
Src_cls_loss	: 0.5305
Sink	: 0.6028
Recon	: 24.1760
-------------------------------------
[Align Epoch : 6/20]
Src_cls_loss	: 0.4910
Sink	: 0.5839
Recon	: 24.1532
-------------------------------------
[Align Epoch : 7/20]
Src_cls_loss	: 0.4613
Sink	: 0.5635
Recon	: 24.1081
-------------------------------------
[Align Epoch : 8/20]
Src_cls_loss	: 0.4332
Sink	: 0.5435
Recon	: 24.0706
-------------------------------------
[Align Epoch : 9/20]
Src_cls_loss	: 0.4102
Sink	: 0.5265
Recon	: 24.0232
-------------------------------------
[Align Epoch : 10/20]
Src_cls_loss	: 0.3923
Sink	: 0.5106
Recon	: 23.9976
-------------------------------------
[Align Epoch : 11/20]
Src_cls_loss	: 0.3754
Sink	: 0.4960
Recon	: 23.9804
-------------------------------------
[Align Epoch : 12/20]
Src_cls_loss	: 0.3620
Sink	: 0.4822
Recon	: 23.9548
-------------------------------------
[Align Epoch : 13/20]
Src_cls_loss	: 0.3505
Sink	: 0.4695
Recon	: 23.9374
-------------------------------------
[Align Epoch : 14/20]
Src_cls_loss	: 0.3393
Sink	: 0.4571
Recon	: 23.9077
-------------------------------------
[Align Epoch : 15/20]
Src_cls_loss	: 0.3281
Sink	: 0.4452
Recon	: 23.8746
-------------------------------------
[Align Epoch : 16/20]
Src_cls_loss	: 0.3188
Sink	: 0.4339
Recon	: 23.8436
-------------------------------------
[Align Epoch : 17/20]
Src_cls_loss	: 0.3102
Sink	: 0.4230
Recon	: 23.8207
-------------------------------------
[Align Epoch : 18/20]
Src_cls_loss	: 0.3017
Sink	: 0.4127
Recon	: 23.7946
-------------------------------------
[Align Epoch : 19/20]
Src_cls_loss	: 0.2946
Sink	: 0.4029
Recon	: 23.7730
-------------------------------------
[Align Epoch : 20/20]
Src_cls_loss	: 0.2885
Sink	: 0.3938
Recon	: 23.7428
-------------------------------------
[Correct Epoch : 1/20]
Recon_correct	: 22.9640
-------------------------------------
[Correct Epoch : 2/20]
Recon_correct	: 22.9792
-------------------------------------
[Correct Epoch : 3/20]
Recon_correct	: 22.9743
-------------------------------------
[Correct Epoch : 4/20]
Recon_correct	: 22.9508
-------------------------------------
[Correct Epoch : 5/20]
Recon_correct	: 22.8708
-------------------------------------
[Correct Epoch : 6/20]
Recon_correct	: 22.8460
-------------------------------------
[Correct Epoch : 7/20]
Recon_correct	: 22.8009
-------------------------------------
[Correct Epoch : 8/20]
Recon_correct	: 22.7560
-------------------------------------
[Correct Epoch : 9/20]
Recon_correct	: 22.7211
-------------------------------------
[Correct Epoch : 10/20]
Recon_correct	: 22.6661
-------------------------------------
[Correct Epoch : 11/20]
Recon_correct	: 22.6088
-------------------------------------
[Correct Epoch : 12/20]
Recon_correct	: 22.5600
-------------------------------------
[Correct Epoch : 13/20]
Recon_correct	: 22.4971
-------------------------------------
[Correct Epoch : 14/20]
Recon_correct	: 22.4525
-------------------------------------
[Correct Epoch : 15/20]
Recon_correct	: 22.3990
-------------------------------------
[Correct Epoch : 16/20]
Recon_correct	: 22.3573
-------------------------------------
[Correct Epoch : 17/20]
Recon_correct	: 22.3044
-------------------------------------
[Correct Epoch : 18/20]
Recon_correct	: 22.2585
-------------------------------------
[Correct Epoch : 19/20]
Recon_correct	: 22.2036
-------------------------------------
[Correct Epoch : 20/20]
Recon_correct	: 22.1534
-------------------------------------
H_score: 0.2199, OS* (acc_c): 0.1627, UNK (acc_p): 0.3391, acc_mix: 0.2213, F1: 0.2102
Uploading logs from: /mnt/data/home/tp2474/OpenSet-AdaTime/experiments_logs/curriculum/RealWorld to MHEALTH_UniDA_hard_n2_fno_mean/RAINCOAT_UniDA_hard_n2_fno_mean/RealWorld_to_MHEALTH_run_3
🏃 View run RAINCOAT_run_3 at: http://127.0.0.1:5001/#/experiments/958908129315819629/runs/2c758fffeae545aaab6510c06f947571
🧪 View experiment at: http://127.0.0.1:5001/#/experiments/958908129315819629
=============================================
Dataset: RealWorld to MHEALTH_UniDA_hard_n2_fno_mean
Method:  RAINCOAT
=============================================
Source: RealWorld ---> Target: MHEALTH
Run ID: 4
=============================================
[Align Epoch : 1/20]
Src_cls_loss	: 0.8663
Sink	: 0.7428
Recon	: 24.2819
-------------------------------------
[Align Epoch : 2/20]
Src_cls_loss	: 0.6902
Sink	: 0.6800
Recon	: 24.2634
-------------------------------------
[Align Epoch : 3/20]
Src_cls_loss	: 0.6053
Sink	: 0.6341
Recon	: 24.2255
-------------------------------------
[Align Epoch : 4/20]
Src_cls_loss	: 0.5471
Sink	: 0.6017
Recon	: 24.1971
-------------------------------------
[Align Epoch : 5/20]
Src_cls_loss	: 0.5022
Sink	: 0.5742
Recon	: 24.1876
-------------------------------------
[Align Epoch : 6/20]
Src_cls_loss	: 0.4686
Sink	: 0.5509
Recon	: 24.1486
-------------------------------------
[Align Epoch : 7/20]
Src_cls_loss	: 0.4370
Sink	: 0.5294
Recon	: 24.1389
-------------------------------------
[Align Epoch : 8/20]
Src_cls_loss	: 0.4109
Sink	: 0.5097
Recon	: 24.1139
-------------------------------------
[Align Epoch : 9/20]
Src_cls_loss	: 0.3879
Sink	: 0.4913
Recon	: 24.1258
-------------------------------------
[Align Epoch : 10/20]
Src_cls_loss	: 0.3699
Sink	: 0.4748
Recon	: 24.1049
-------------------------------------
[Align Epoch : 11/20]
Src_cls_loss	: 0.3541
Sink	: 0.4590
Recon	: 24.0961
-------------------------------------
[Align Epoch : 12/20]
Src_cls_loss	: 0.3396
Sink	: 0.4447
Recon	: 24.0770
-------------------------------------
[Align Epoch : 13/20]
Src_cls_loss	: 0.3273
Sink	: 0.4310
Recon	: 24.0536
-------------------------------------
[Align Epoch : 14/20]
Src_cls_loss	: 0.3160
Sink	: 0.4190
Recon	: 24.0442
-------------------------------------
[Align Epoch : 15/20]
Src_cls_loss	: 0.3088
Sink	: 0.4081
Recon	: 24.0275
-------------------------------------
[Align Epoch : 16/20]
Src_cls_loss	: 0.2998
Sink	: 0.3981
Recon	: 24.0039
-------------------------------------
[Align Epoch : 17/20]
Src_cls_loss	: 0.2920
Sink	: 0.3886
Recon	: 23.9807
-------------------------------------
[Align Epoch : 18/20]
Src_cls_loss	: 0.2848
Sink	: 0.3797
Recon	: 23.9570
-------------------------------------
[Align Epoch : 19/20]
Src_cls_loss	: 0.2780
Sink	: 0.3717
Recon	: 23.9292
-------------------------------------
[Align Epoch : 20/20]
Src_cls_loss	: 0.2720
Sink	: 0.3641
Recon	: 23.9039
-------------------------------------
[Correct Epoch : 1/20]
Recon_correct	: 23.3587
-------------------------------------
[Correct Epoch : 2/20]
Recon_correct	: 23.3192
-------------------------------------
[Correct Epoch : 3/20]
Recon_correct	: 23.2640
-------------------------------------
[Correct Epoch : 4/20]
Recon_correct	: 23.2068
-------------------------------------
[Correct Epoch : 5/20]
Recon_correct	: 23.1735
-------------------------------------
[Correct Epoch : 6/20]
Recon_correct	: 23.1422
-------------------------------------
[Correct Epoch : 7/20]
Recon_correct	: 23.0679
-------------------------------------
[Correct Epoch : 8/20]
Recon_correct	: 23.0026
-------------------------------------
[Correct Epoch : 9/20]
Recon_correct	: 22.9459
-------------------------------------
[Correct Epoch : 10/20]
Recon_correct	: 22.9115
-------------------------------------
[Correct Epoch : 11/20]
Recon_correct	: 22.8552
-------------------------------------
[Correct Epoch : 12/20]
Recon_correct	: 22.8141
-------------------------------------
[Correct Epoch : 13/20]
Recon_correct	: 22.7678
-------------------------------------
[Correct Epoch : 14/20]
Recon_correct	: 22.7213
-------------------------------------
[Correct Epoch : 15/20]
Recon_correct	: 22.6812
-------------------------------------
[Correct Epoch : 16/20]
Recon_correct	: 22.6476
-------------------------------------
[Correct Epoch : 17/20]
Recon_correct	: 22.6195
-------------------------------------
[Correct Epoch : 18/20]
Recon_correct	: 22.5769
-------------------------------------
[Correct Epoch : 19/20]
Recon_correct	: 22.5319
-------------------------------------
[Correct Epoch : 20/20]
Recon_correct	: 22.4888
-------------------------------------
H_score: 0.3156, OS* (acc_c): 0.3247, UNK (acc_p): 0.3070, acc_mix: 0.3189, F1: 0.3153
Uploading logs from: /mnt/data/home/tp2474/OpenSet-AdaTime/experiments_logs/curriculum/RealWorld to MHEALTH_UniDA_hard_n2_fno_mean/RAINCOAT_UniDA_hard_n2_fno_mean/RealWorld_to_MHEALTH_run_4
🏃 View run RAINCOAT_run_4 at: http://127.0.0.1:5001/#/experiments/958908129315819629/runs/621817866edd461693811712c6e73274
🧪 View experiment at: http://127.0.0.1:5001/#/experiments/958908129315819629
==================== [n2 fno_mean] UDA ====================
[curriculum] scenario=UniDA  strategy=hard  n_unknown=2  rank_variant=fno_mean
[curriculum] source mapping (6 classes): {'lying': 'lying', 'sitting': 'sitting', 'walking': 'walking', 'running': 'running', 'climbingup': 'climbingup', 'jumping': 'jumping'}
[curriculum] target mapping (6 classes): {'Lying down': 'lying', 'Sitting and relaxing': 'sitting', 'Walking': 'walking', 'Running': 'running', 'Climbing stairs': 'Climbing stairs', 'Jogging': 'Jogging'}
[curriculum] unknowns added (in hard order): src=[climbingup,jumping] | trg=[Climbing stairs,Jogging]
[scenario] UDA -> UniDA (uniDA=True)
Unlabeled data shape:  (2440, 150, 18)
Unlabelled Combined shape: (4196, 150, 18)

--- Dataloader Size Check ---
Source Train batches:   355
Target Train batches:   38
-------------------------------

Private classes:  tensor([6., 7.])
=============================================
Dataset: RealWorld to MHEALTH_UniDA_hard_n2_fno_mean
Method:  UDA
=============================================
Source: RealWorld ---> Target: MHEALTH
Run ID: 0
=============================================
[Pr Epoch : 1/20]
Pr_Src_cls_loss	: 0.8321
-------------------------------------
[Pr Epoch : 2/20]
Pr_Src_cls_loss	: 0.5460
-------------------------------------
[Pr Epoch : 3/20]
Pr_Src_cls_loss	: 0.4153
-------------------------------------
[Pr Epoch : 4/20]
Pr_Src_cls_loss	: 0.3400
-------------------------------------
[Pr Epoch : 5/20]
Pr_Src_cls_loss	: 0.2894
-------------------------------------
[Pr Epoch : 6/20]
Pr_Src_cls_loss	: 0.2537
-------------------------------------
[Pr Epoch : 7/20]
Pr_Src_cls_loss	: 0.2266
-------------------------------------
[Pr Epoch : 8/20]
Pr_Src_cls_loss	: 0.2049
-------------------------------------
[Pr Epoch : 9/20]
Pr_Src_cls_loss	: 0.1878
-------------------------------------
[Pr Epoch : 10/20]
Pr_Src_cls_loss	: 0.1737
-------------------------------------
[Pr Epoch : 11/20]
Pr_Src_cls_loss	: 0.1618
-------------------------------------
[Pr Epoch : 12/20]
Pr_Src_cls_loss	: 0.1517
-------------------------------------
[Pr Epoch : 13/20]
Pr_Src_cls_loss	: 0.1430
-------------------------------------
[Pr Epoch : 14/20]
Pr_Src_cls_loss	: 0.1351
-------------------------------------
[Pr Epoch : 15/20]
Pr_Src_cls_loss	: 0.1285
-------------------------------------
[Pr Epoch : 16/20]
Pr_Src_cls_loss	: 0.1225
-------------------------------------
[Pr Epoch : 17/20]
Pr_Src_cls_loss	: 0.1171
-------------------------------------
[Pr Epoch : 18/20]
Pr_Src_cls_loss	: 0.1124
-------------------------------------
[Pr Epoch : 19/20]
Pr_Src_cls_loss	: 0.1080
-------------------------------------
[Pr Epoch : 20/20]
Pr_Src_cls_loss	: 0.1040
-------------------------------------
[Epoch : 1/20]
Pr_Src_cls_loss	: 0.1040
Total_loss	: 5.6559
Domain_loss	: 0.8666
Src_cls_loss	: 0.1126
Adv Loss	: 1.3364
-------------------------------------
[Epoch : 2/20]
Pr_Src_cls_loss	: 0.1040
Total_loss	: 5.6356
Domain_loss	: 0.5840
Src_cls_loss	: 0.1243
Adv Loss	: 1.3213
-------------------------------------
[Epoch : 3/20]
Pr_Src_cls_loss	: 0.1040
Total_loss	: 5.6319
Domain_loss	: 0.4662
Src_cls_loss	: 0.1212
Adv Loss	: 1.3230
-------------------------------------
[Epoch : 4/20]
Pr_Src_cls_loss	: 0.1040
Total_loss	: 5.6301
Domain_loss	: 0.4091
Src_cls_loss	: 0.1221
Adv Loss	: 1.3218
-------------------------------------
[Epoch : 5/20]
Pr_Src_cls_loss	: 0.1040
Total_loss	: 5.6278
Domain_loss	: 0.3579
Src_cls_loss	: 0.1197
Adv Loss	: 1.3232
-------------------------------------
[Epoch : 6/20]
Pr_Src_cls_loss	: 0.1040
Total_loss	: 5.6278
Domain_loss	: 0.3218
Src_cls_loss	: 0.1180
Adv Loss	: 1.3247
-------------------------------------
[Epoch : 7/20]
Pr_Src_cls_loss	: 0.1040
Total_loss	: 5.6308
Domain_loss	: 0.2969
Src_cls_loss	: 0.1174
Adv Loss	: 1.3260
-------------------------------------
[Epoch : 8/20]
Pr_Src_cls_loss	: 0.1040
Total_loss	: 5.6237
Domain_loss	: 0.2738
Src_cls_loss	: 0.1153
Adv Loss	: 1.3259
-------------------------------------
[Epoch : 9/20]
Pr_Src_cls_loss	: 0.1040
Total_loss	: 5.6303
Domain_loss	: 0.2546
Src_cls_loss	: 0.1134
Adv Loss	: 1.3293
-------------------------------------
[Epoch : 10/20]
Pr_Src_cls_loss	: 0.1040
Total_loss	: 5.6245
Domain_loss	: 0.2410
Src_cls_loss	: 0.1113
Adv Loss	: 1.3295
-------------------------------------
[Epoch : 11/20]
Pr_Src_cls_loss	: 0.1040
Total_loss	: 5.6315
Domain_loss	: 0.2292
Src_cls_loss	: 0.1101
Adv Loss	: 1.3323
-------------------------------------
[Epoch : 12/20]
Pr_Src_cls_loss	: 0.1040
Total_loss	: 5.6254
Domain_loss	: 0.2167
Src_cls_loss	: 0.1082
Adv Loss	: 1.3324
-------------------------------------
[Epoch : 13/20]
Pr_Src_cls_loss	: 0.1040
Total_loss	: 5.6299
Domain_loss	: 0.2058
Src_cls_loss	: 0.1067
Adv Loss	: 1.3348
-------------------------------------
[Epoch : 14/20]
Pr_Src_cls_loss	: 0.1040
Total_loss	: 5.6274
Domain_loss	: 0.1964
Src_cls_loss	: 0.1044
Adv Loss	: 1.3361
-------------------------------------
[Epoch : 15/20]
Pr_Src_cls_loss	: 0.1040
Total_loss	: 5.6321
Domain_loss	: 0.1885
Src_cls_loss	: 0.1029
Adv Loss	: 1.3386
-------------------------------------
[Epoch : 16/20]
Pr_Src_cls_loss	: 0.1040
Total_loss	: 5.6347
Domain_loss	: 0.1793
Src_cls_loss	: 0.1007
Adv Loss	: 1.3411
-------------------------------------
[Epoch : 17/20]
Pr_Src_cls_loss	: 0.1040
Total_loss	: 5.6363
Domain_loss	: 0.1714
Src_cls_loss	: 0.0986
Adv Loss	: 1.3433
-------------------------------------
[Epoch : 18/20]
Pr_Src_cls_loss	: 0.1040
Total_loss	: 5.6364
Domain_loss	: 0.1648
Src_cls_loss	: 0.0966
Adv Loss	: 1.3450
-------------------------------------
[Epoch : 19/20]
Pr_Src_cls_loss	: 0.1040
Total_loss	: 5.6354
Domain_loss	: 0.1587
Src_cls_loss	: 0.0950
Adv Loss	: 1.3461
-------------------------------------
[Epoch : 20/20]
Pr_Src_cls_loss	: 0.1040
Total_loss	: 5.6325
Domain_loss	: 0.1532
Src_cls_loss	: 0.0932
Adv Loss	: 1.3469
-------------------------------------
/mnt/data/home/tp2474/OpenSet-AdaTime/trainers/abstract_trainer.py:331: FutureWarning: The behavior of DataFrame concatenation with empty or all-NA entries is deprecated. In a future version, this will no longer exclude empty or all-NA columns when determining the result dtypes. To retain the old behavior, exclude the relevant entries before the concat operation.
  table = pd.concat([table, results_df], ignore_index=True)
H_score: 0.4831, OS* (acc_c): 0.5316, UNK (acc_p): 0.4427, acc_mix: 0.5020, F1: 0.5349
Uploading logs from: /mnt/data/home/tp2474/OpenSet-AdaTime/experiments_logs/curriculum/RealWorld to MHEALTH_UniDA_hard_n2_fno_mean/UDA_UniDA_hard_n2_fno_mean/RealWorld_to_MHEALTH_run_0
🏃 View run UDA_run_0 at: http://127.0.0.1:5001/#/experiments/958908129315819629/runs/e17ccc4bf4f74da48c999582ec6197c3
🧪 View experiment at: http://127.0.0.1:5001/#/experiments/958908129315819629
=============================================
Dataset: RealWorld to MHEALTH_UniDA_hard_n2_fno_mean
Method:  UDA
=============================================
Source: RealWorld ---> Target: MHEALTH
Run ID: 1
=============================================
[Pr Epoch : 1/20]
Pr_Src_cls_loss	: 0.8455
-------------------------------------
[Pr Epoch : 2/20]
Pr_Src_cls_loss	: 0.5546
-------------------------------------
[Pr Epoch : 3/20]
Pr_Src_cls_loss	: 0.4204
-------------------------------------
[Pr Epoch : 4/20]
Pr_Src_cls_loss	: 0.3433
-------------------------------------
[Pr Epoch : 5/20]
Pr_Src_cls_loss	: 0.2924
-------------------------------------
[Pr Epoch : 6/20]
Pr_Src_cls_loss	: 0.2558
-------------------------------------
[Pr Epoch : 7/20]
Pr_Src_cls_loss	: 0.2290
-------------------------------------
[Pr Epoch : 8/20]
Pr_Src_cls_loss	: 0.2079
-------------------------------------
[Pr Epoch : 9/20]
Pr_Src_cls_loss	: 0.1908
-------------------------------------
[Pr Epoch : 10/20]
Pr_Src_cls_loss	: 0.1763
-------------------------------------
[Pr Epoch : 11/20]
Pr_Src_cls_loss	: 0.1640
-------------------------------------
[Pr Epoch : 12/20]
Pr_Src_cls_loss	: 0.1536
-------------------------------------
[Pr Epoch : 13/20]
Pr_Src_cls_loss	: 0.1448
-------------------------------------
[Pr Epoch : 14/20]
Pr_Src_cls_loss	: 0.1370
-------------------------------------
[Pr Epoch : 15/20]
Pr_Src_cls_loss	: 0.1303
-------------------------------------
[Pr Epoch : 16/20]
Pr_Src_cls_loss	: 0.1240
-------------------------------------
[Pr Epoch : 17/20]
Pr_Src_cls_loss	: 0.1186
-------------------------------------
[Pr Epoch : 18/20]
Pr_Src_cls_loss	: 0.1135
-------------------------------------
[Pr Epoch : 19/20]
Pr_Src_cls_loss	: 0.1090
-------------------------------------
[Pr Epoch : 20/20]
Pr_Src_cls_loss	: 0.1050
-------------------------------------
[Epoch : 1/20]
Pr_Src_cls_loss	: 0.1050
Total_loss	: 5.6943
Domain_loss	: 0.9373
Src_cls_loss	: 0.1248
Adv Loss	: 1.3357
-------------------------------------
[Epoch : 2/20]
Pr_Src_cls_loss	: 0.1050
Total_loss	: 5.6838
Domain_loss	: 0.6368
Src_cls_loss	: 0.1303
Adv Loss	: 1.3284
-------------------------------------
[Epoch : 3/20]
Pr_Src_cls_loss	: 0.1050
Total_loss	: 5.6619
Domain_loss	: 0.5076
Src_cls_loss	: 0.1279
Adv Loss	: 1.3250
-------------------------------------
[Epoch : 4/20]
Pr_Src_cls_loss	: 0.1050
Total_loss	: 5.6741
Domain_loss	: 0.4375
Src_cls_loss	: 0.1263
Adv Loss	: 1.3294
-------------------------------------
[Epoch : 5/20]
Pr_Src_cls_loss	: 0.1050
Total_loss	: 5.6510
Domain_loss	: 0.3780
Src_cls_loss	: 0.1241
Adv Loss	: 1.3254
-------------------------------------
[Epoch : 6/20]
Pr_Src_cls_loss	: 0.1050
Total_loss	: 5.6507
Domain_loss	: 0.3416
Src_cls_loss	: 0.1232
Adv Loss	: 1.3261
-------------------------------------
[Epoch : 7/20]
Pr_Src_cls_loss	: 0.1050
Total_loss	: 5.6432
Domain_loss	: 0.3073
Src_cls_loss	: 0.1201
Adv Loss	: 1.3268
-------------------------------------
[Epoch : 8/20]
Pr_Src_cls_loss	: 0.1050
Total_loss	: 5.6295
Domain_loss	: 0.2815
Src_cls_loss	: 0.1169
Adv Loss	: 1.3260
-------------------------------------
[Epoch : 9/20]
Pr_Src_cls_loss	: 0.1050
Total_loss	: 5.6385
Domain_loss	: 0.2634
Src_cls_loss	: 0.1160
Adv Loss	: 1.3291
-------------------------------------
[Epoch : 10/20]
Pr_Src_cls_loss	: 0.1050
Total_loss	: 5.6478
Domain_loss	: 0.2439
Src_cls_loss	: 0.1138
Adv Loss	: 1.3333
-------------------------------------
[Epoch : 11/20]
Pr_Src_cls_loss	: 0.1050
Total_loss	: 5.6445
Domain_loss	: 0.2285
Src_cls_loss	: 0.1108
Adv Loss	: 1.3350
-------------------------------------
[Epoch : 12/20]
Pr_Src_cls_loss	: 0.1050
Total_loss	: 5.6388
Domain_loss	: 0.2153
Src_cls_loss	: 0.1076
Adv Loss	: 1.3363
-------------------------------------
[Epoch : 13/20]
Pr_Src_cls_loss	: 0.1050
Total_loss	: 5.6416
Domain_loss	: 0.2033
Src_cls_loss	: 0.1051
Adv Loss	: 1.3391
-------------------------------------
[Epoch : 14/20]
Pr_Src_cls_loss	: 0.1050
Total_loss	: 5.6362
Domain_loss	: 0.1946
Src_cls_loss	: 0.1034
Adv Loss	: 1.3392
-------------------------------------
[Epoch : 15/20]
Pr_Src_cls_loss	: 0.1050
Total_loss	: 5.6306
Domain_loss	: 0.1850
Src_cls_loss	: 0.1012
Adv Loss	: 1.3396
-------------------------------------
[Epoch : 16/20]
Pr_Src_cls_loss	: 0.1050
Total_loss	: 5.6262
Domain_loss	: 0.1794
Src_cls_loss	: 0.1007
Adv Loss	: 1.3390
-------------------------------------
[Epoch : 17/20]
Pr_Src_cls_loss	: 0.1050
Total_loss	: 5.6304
Domain_loss	: 0.1762
Src_cls_loss	: 0.1003
Adv Loss	: 1.3403
-------------------------------------
[Epoch : 18/20]
Pr_Src_cls_loss	: 0.1050
Total_loss	: 5.6308
Domain_loss	: 0.1720
Src_cls_loss	: 0.1001
Adv Loss	: 1.3406
-------------------------------------
[Epoch : 19/20]
Pr_Src_cls_loss	: 0.1050
Total_loss	: 5.6319
Domain_loss	: 0.1666
Src_cls_loss	: 0.0991
Adv Loss	: 1.3418
-------------------------------------
[Epoch : 20/20]
Pr_Src_cls_loss	: 0.1050
Total_loss	: 5.6325
Domain_loss	: 0.1621
Src_cls_loss	: 0.0980
Adv Loss	: 1.3428
-------------------------------------
H_score: 0.2529, OS* (acc_c): 0.2007, UNK (acc_p): 0.3416, acc_mix: 0.2475, F1: 0.2680
Uploading logs from: /mnt/data/home/tp2474/OpenSet-AdaTime/experiments_logs/curriculum/RealWorld to MHEALTH_UniDA_hard_n2_fno_mean/UDA_UniDA_hard_n2_fno_mean/RealWorld_to_MHEALTH_run_1
🏃 View run UDA_run_1 at: http://127.0.0.1:5001/#/experiments/958908129315819629/runs/7e5e6a2022424df3b860da4b6c6ff164
🧪 View experiment at: http://127.0.0.1:5001/#/experiments/958908129315819629
=============================================
Dataset: RealWorld to MHEALTH_UniDA_hard_n2_fno_mean
Method:  UDA
=============================================
Source: RealWorld ---> Target: MHEALTH
Run ID: 2
=============================================
[Pr Epoch : 1/20]
Pr_Src_cls_loss	: 0.8394
-------------------------------------
[Pr Epoch : 2/20]
Pr_Src_cls_loss	: 0.5501
-------------------------------------
[Pr Epoch : 3/20]
Pr_Src_cls_loss	: 0.4170
-------------------------------------
[Pr Epoch : 4/20]
Pr_Src_cls_loss	: 0.3399
-------------------------------------
[Pr Epoch : 5/20]
Pr_Src_cls_loss	: 0.2891
-------------------------------------
[Pr Epoch : 6/20]
Pr_Src_cls_loss	: 0.2534
-------------------------------------
[Pr Epoch : 7/20]
Pr_Src_cls_loss	: 0.2264
-------------------------------------
[Pr Epoch : 8/20]
Pr_Src_cls_loss	: 0.2051
-------------------------------------
[Pr Epoch : 9/20]
Pr_Src_cls_loss	: 0.1880
-------------------------------------
[Pr Epoch : 10/20]
Pr_Src_cls_loss	: 0.1742
-------------------------------------
[Pr Epoch : 11/20]
Pr_Src_cls_loss	: 0.1623
-------------------------------------
[Pr Epoch : 12/20]
Pr_Src_cls_loss	: 0.1522
-------------------------------------
[Pr Epoch : 13/20]
Pr_Src_cls_loss	: 0.1434
-------------------------------------
[Pr Epoch : 14/20]
Pr_Src_cls_loss	: 0.1358
-------------------------------------
[Pr Epoch : 15/20]
Pr_Src_cls_loss	: 0.1289
-------------------------------------
[Pr Epoch : 16/20]
Pr_Src_cls_loss	: 0.1231
-------------------------------------
[Pr Epoch : 17/20]
Pr_Src_cls_loss	: 0.1178
-------------------------------------
[Pr Epoch : 18/20]
Pr_Src_cls_loss	: 0.1128
-------------------------------------
[Pr Epoch : 19/20]
Pr_Src_cls_loss	: 0.1085
-------------------------------------
[Pr Epoch : 20/20]
Pr_Src_cls_loss	: 0.1044
-------------------------------------
[Epoch : 1/20]
Pr_Src_cls_loss	: 0.1044
Total_loss	: 5.6582
Domain_loss	: 0.8278
Src_cls_loss	: 0.1146
Adv Loss	: 1.3353
-------------------------------------
[Epoch : 2/20]
Pr_Src_cls_loss	: 0.1044
Total_loss	: 5.6249
Domain_loss	: 0.6107
Src_cls_loss	: 0.1342
Adv Loss	: 1.3102
-------------------------------------
[Epoch : 3/20]
Pr_Src_cls_loss	: 0.1044
Total_loss	: 5.6390
Domain_loss	: 0.4912
Src_cls_loss	: 0.1345
Adv Loss	: 1.3135
-------------------------------------
[Epoch : 4/20]
Pr_Src_cls_loss	: 0.1044
Total_loss	: 5.6443
Domain_loss	: 0.4071
Src_cls_loss	: 0.1304
Adv Loss	: 1.3184
-------------------------------------
[Epoch : 5/20]
Pr_Src_cls_loss	: 0.1044
Total_loss	: 5.6211
Domain_loss	: 0.3538
Src_cls_loss	: 0.1246
Adv Loss	: 1.3174
-------------------------------------
[Epoch : 6/20]
Pr_Src_cls_loss	: 0.1044
Total_loss	: 5.6269
Domain_loss	: 0.3164
Src_cls_loss	: 0.1202
Adv Loss	: 1.3226
-------------------------------------
[Epoch : 7/20]
Pr_Src_cls_loss	: 0.1044
Total_loss	: 5.6227
Domain_loss	: 0.2882
Src_cls_loss	: 0.1172
Adv Loss	: 1.3240
-------------------------------------
[Epoch : 8/20]
Pr_Src_cls_loss	: 0.1044
Total_loss	: 5.6209
Domain_loss	: 0.2675
Src_cls_loss	: 0.1153
Adv Loss	: 1.3252
-------------------------------------
[Epoch : 9/20]
Pr_Src_cls_loss	: 0.1044
Total_loss	: 5.6161
Domain_loss	: 0.2504
Src_cls_loss	: 0.1128
Adv Loss	: 1.3261
-------------------------------------
[Epoch : 10/20]
Pr_Src_cls_loss	: 0.1044
Total_loss	: 5.6070
Domain_loss	: 0.2379
Src_cls_loss	: 0.1111
Adv Loss	: 1.3253
-------------------------------------
[Epoch : 11/20]
Pr_Src_cls_loss	: 0.1044
Total_loss	: 5.6060
Domain_loss	: 0.2264
Src_cls_loss	: 0.1094
Adv Loss	: 1.3265
-------------------------------------
[Epoch : 12/20]
Pr_Src_cls_loss	: 0.1044
Total_loss	: 5.6056
Domain_loss	: 0.2173
Src_cls_loss	: 0.1086
Adv Loss	: 1.3271
-------------------------------------
[Epoch : 13/20]
Pr_Src_cls_loss	: 0.1044
Total_loss	: 5.6050
Domain_loss	: 0.2068
Src_cls_loss	: 0.1065
Adv Loss	: 1.3286
-------------------------------------
[Epoch : 14/20]
Pr_Src_cls_loss	: 0.1044
Total_loss	: 5.6118
Domain_loss	: 0.1969
Src_cls_loss	: 0.1048
Adv Loss	: 1.3318
-------------------------------------
[Epoch : 15/20]
Pr_Src_cls_loss	: 0.1044
Total_loss	: 5.6162
Domain_loss	: 0.1878
Src_cls_loss	: 0.1028
Adv Loss	: 1.3346
-------------------------------------
[Epoch : 16/20]
Pr_Src_cls_loss	: 0.1044
Total_loss	: 5.6149
Domain_loss	: 0.1803
Src_cls_loss	: 0.1009
Adv Loss	: 1.3359
-------------------------------------
[Epoch : 17/20]
Pr_Src_cls_loss	: 0.1044
Total_loss	: 5.6105
Domain_loss	: 0.1739
Src_cls_loss	: 0.0992
Adv Loss	: 1.3362
-------------------------------------
[Epoch : 18/20]
Pr_Src_cls_loss	: 0.1044
Total_loss	: 5.6069
Domain_loss	: 0.1681
Src_cls_loss	: 0.0977
Adv Loss	: 1.3366
-------------------------------------
[Epoch : 19/20]
Pr_Src_cls_loss	: 0.1044
Total_loss	: 5.6054
Domain_loss	: 0.1628
Src_cls_loss	: 0.0961
Adv Loss	: 1.3376
-------------------------------------
[Epoch : 20/20]
Pr_Src_cls_loss	: 0.1044
Total_loss	: 5.6079
Domain_loss	: 0.1588
Src_cls_loss	: 0.0952
Adv Loss	: 1.3389
-------------------------------------
H_score: 0.3596, OS* (acc_c): 0.4266, UNK (acc_p): 0.3107, acc_mix: 0.3881, F1: 0.4059
Uploading logs from: /mnt/data/home/tp2474/OpenSet-AdaTime/experiments_logs/curriculum/RealWorld to MHEALTH_UniDA_hard_n2_fno_mean/UDA_UniDA_hard_n2_fno_mean/RealWorld_to_MHEALTH_run_2
🏃 View run UDA_run_2 at: http://127.0.0.1:5001/#/experiments/958908129315819629/runs/8bd8c428dee142f591831593ceec7099
🧪 View experiment at: http://127.0.0.1:5001/#/experiments/958908129315819629
=============================================
Dataset: RealWorld to MHEALTH_UniDA_hard_n2_fno_mean
Method:  UDA
=============================================
Source: RealWorld ---> Target: MHEALTH
Run ID: 3
=============================================
[Pr Epoch : 1/20]
Pr_Src_cls_loss	: 0.8373
-------------------------------------
[Pr Epoch : 2/20]
Pr_Src_cls_loss	: 0.5489
-------------------------------------
[Pr Epoch : 3/20]
Pr_Src_cls_loss	: 0.4177
-------------------------------------
[Pr Epoch : 4/20]
Pr_Src_cls_loss	: 0.3413
-------------------------------------
[Pr Epoch : 5/20]
Pr_Src_cls_loss	: 0.2912
-------------------------------------
[Pr Epoch : 6/20]
Pr_Src_cls_loss	: 0.2554
-------------------------------------
[Pr Epoch : 7/20]
Pr_Src_cls_loss	: 0.2283
-------------------------------------
[Pr Epoch : 8/20]
Pr_Src_cls_loss	: 0.2071
-------------------------------------
[Pr Epoch : 9/20]
Pr_Src_cls_loss	: 0.1899
-------------------------------------
[Pr Epoch : 10/20]
Pr_Src_cls_loss	: 0.1758
-------------------------------------
[Pr Epoch : 11/20]
Pr_Src_cls_loss	: 0.1639
-------------------------------------
[Pr Epoch : 12/20]
Pr_Src_cls_loss	: 0.1537
-------------------------------------
[Pr Epoch : 13/20]
Pr_Src_cls_loss	: 0.1449
-------------------------------------
[Pr Epoch : 14/20]
Pr_Src_cls_loss	: 0.1370
-------------------------------------
[Pr Epoch : 15/20]
Pr_Src_cls_loss	: 0.1303
-------------------------------------
[Pr Epoch : 16/20]
Pr_Src_cls_loss	: 0.1243
-------------------------------------
[Pr Epoch : 17/20]
Pr_Src_cls_loss	: 0.1188
-------------------------------------
[Pr Epoch : 18/20]
Pr_Src_cls_loss	: 0.1139
-------------------------------------
[Pr Epoch : 19/20]
Pr_Src_cls_loss	: 0.1096
-------------------------------------
[Pr Epoch : 20/20]
Pr_Src_cls_loss	: 0.1055
-------------------------------------
[Epoch : 1/20]
Pr_Src_cls_loss	: 0.1055
Total_loss	: 5.6205
Domain_loss	: 0.8457
Src_cls_loss	: 0.1221
Adv Loss	: 1.3194
-------------------------------------
[Epoch : 2/20]
Pr_Src_cls_loss	: 0.1055
Total_loss	: 5.6955
Domain_loss	: 0.5749
Src_cls_loss	: 0.1391
Adv Loss	: 1.3239
-------------------------------------
[Epoch : 3/20]
Pr_Src_cls_loss	: 0.1055
Total_loss	: 5.7034
Domain_loss	: 0.4499
Src_cls_loss	: 0.1367
Adv Loss	: 1.3280
-------------------------------------
[Epoch : 4/20]
Pr_Src_cls_loss	: 0.1055
Total_loss	: 5.6867
Domain_loss	: 0.3817
Src_cls_loss	: 0.1332
Adv Loss	: 1.3267
-------------------------------------
[Epoch : 5/20]
Pr_Src_cls_loss	: 0.1055
Total_loss	: 5.6775
Domain_loss	: 0.3314
Src_cls_loss	: 0.1293
Adv Loss	: 1.3277
-------------------------------------
[Epoch : 6/20]
Pr_Src_cls_loss	: 0.1055
Total_loss	: 5.6693
Domain_loss	: 0.2940
Src_cls_loss	: 0.1249
Adv Loss	: 1.3294
-------------------------------------
[Epoch : 7/20]
Pr_Src_cls_loss	: 0.1055
Total_loss	: 5.6597
Domain_loss	: 0.2620
Src_cls_loss	: 0.1201
Adv Loss	: 1.3310
-------------------------------------
[Epoch : 8/20]
Pr_Src_cls_loss	: 0.1055
Total_loss	: 5.6585
Domain_loss	: 0.2395
Src_cls_loss	: 0.1164
Adv Loss	: 1.3338
-------------------------------------
[Epoch : 9/20]
Pr_Src_cls_loss	: 0.1055
Total_loss	: 5.6588
Domain_loss	: 0.2213
Src_cls_loss	: 0.1132
Adv Loss	: 1.3366
-------------------------------------
[Epoch : 10/20]
Pr_Src_cls_loss	: 0.1055
Total_loss	: 5.6546
Domain_loss	: 0.2059
Src_cls_loss	: 0.1104
Adv Loss	: 1.3379
-------------------------------------
[Epoch : 11/20]
Pr_Src_cls_loss	: 0.1055
Total_loss	: 5.6524
Domain_loss	: 0.1945
Src_cls_loss	: 0.1078
Adv Loss	: 1.3395
-------------------------------------
[Epoch : 12/20]
Pr_Src_cls_loss	: 0.1055
Total_loss	: 5.6537
Domain_loss	: 0.1830
Src_cls_loss	: 0.1056
Adv Loss	: 1.3418
-------------------------------------
[Epoch : 13/20]
Pr_Src_cls_loss	: 0.1055
Total_loss	: 5.6545
Domain_loss	: 0.1737
Src_cls_loss	: 0.1041
Adv Loss	: 1.3432
-------------------------------------
[Epoch : 14/20]
Pr_Src_cls_loss	: 0.1055
Total_loss	: 5.6522
Domain_loss	: 0.1662
Src_cls_loss	: 0.1027
Adv Loss	: 1.3438
-------------------------------------
[Epoch : 15/20]
Pr_Src_cls_loss	: 0.1055
Total_loss	: 5.6481
Domain_loss	: 0.1589
Src_cls_loss	: 0.1012
Adv Loss	: 1.3441
-------------------------------------
[Epoch : 16/20]
Pr_Src_cls_loss	: 0.1055
Total_loss	: 5.6480
Domain_loss	: 0.1521
Src_cls_loss	: 0.0992
Adv Loss	: 1.3458
-------------------------------------
[Epoch : 17/20]
Pr_Src_cls_loss	: 0.1055
Total_loss	: 5.6496
Domain_loss	: 0.1468
Src_cls_loss	: 0.0975
Adv Loss	: 1.3475
-------------------------------------
[Epoch : 18/20]
Pr_Src_cls_loss	: 0.1055
Total_loss	: 5.6494
Domain_loss	: 0.1414
Src_cls_loss	: 0.0958
Adv Loss	: 1.3490
-------------------------------------
[Epoch : 19/20]
Pr_Src_cls_loss	: 0.1055
Total_loss	: 5.6463
Domain_loss	: 0.1364
Src_cls_loss	: 0.0941
Adv Loss	: 1.3496
-------------------------------------
[Epoch : 20/20]
Pr_Src_cls_loss	: 0.1055
Total_loss	: 5.6453
Domain_loss	: 0.1317
Src_cls_loss	: 0.0925
Adv Loss	: 1.3507
-------------------------------------
H_score: 0.3938, OS* (acc_c): 0.5611, UNK (acc_p): 0.3033, acc_mix: 0.4754, F1: 0.5056
Uploading logs from: /mnt/data/home/tp2474/OpenSet-AdaTime/experiments_logs/curriculum/RealWorld to MHEALTH_UniDA_hard_n2_fno_mean/UDA_UniDA_hard_n2_fno_mean/RealWorld_to_MHEALTH_run_3
🏃 View run UDA_run_3 at: http://127.0.0.1:5001/#/experiments/958908129315819629/runs/d3747d8261f1412683627452bd37c6f8
🧪 View experiment at: http://127.0.0.1:5001/#/experiments/958908129315819629
=============================================
Dataset: RealWorld to MHEALTH_UniDA_hard_n2_fno_mean
Method:  UDA
=============================================
Source: RealWorld ---> Target: MHEALTH
Run ID: 4
=============================================
[Pr Epoch : 1/20]
Pr_Src_cls_loss	: 0.8301
-------------------------------------
[Pr Epoch : 2/20]
Pr_Src_cls_loss	: 0.5446
-------------------------------------
[Pr Epoch : 3/20]
Pr_Src_cls_loss	: 0.4130
-------------------------------------
[Pr Epoch : 4/20]
Pr_Src_cls_loss	: 0.3382
-------------------------------------
[Pr Epoch : 5/20]
Pr_Src_cls_loss	: 0.2879
-------------------------------------
[Pr Epoch : 6/20]
Pr_Src_cls_loss	: 0.2521
-------------------------------------
[Pr Epoch : 7/20]
Pr_Src_cls_loss	: 0.2255
-------------------------------------
[Pr Epoch : 8/20]
Pr_Src_cls_loss	: 0.2044
-------------------------------------
[Pr Epoch : 9/20]
Pr_Src_cls_loss	: 0.1871
-------------------------------------
[Pr Epoch : 10/20]
Pr_Src_cls_loss	: 0.1728
-------------------------------------
[Pr Epoch : 11/20]
Pr_Src_cls_loss	: 0.1609
-------------------------------------
[Pr Epoch : 12/20]
Pr_Src_cls_loss	: 0.1511
-------------------------------------
[Pr Epoch : 13/20]
Pr_Src_cls_loss	: 0.1423
-------------------------------------
[Pr Epoch : 14/20]
Pr_Src_cls_loss	: 0.1348
-------------------------------------
[Pr Epoch : 15/20]
Pr_Src_cls_loss	: 0.1280
-------------------------------------
[Pr Epoch : 16/20]
Pr_Src_cls_loss	: 0.1220
-------------------------------------
[Pr Epoch : 17/20]
Pr_Src_cls_loss	: 0.1166
-------------------------------------
[Pr Epoch : 18/20]
Pr_Src_cls_loss	: 0.1119
-------------------------------------
[Pr Epoch : 19/20]
Pr_Src_cls_loss	: 0.1074
-------------------------------------
[Pr Epoch : 20/20]
Pr_Src_cls_loss	: 0.1035
-------------------------------------
[Epoch : 1/20]
Pr_Src_cls_loss	: 0.1035
Total_loss	: 5.6263
Domain_loss	: 0.9120
Src_cls_loss	: 0.1163
Adv Loss	: 1.3257
-------------------------------------
[Epoch : 2/20]
Pr_Src_cls_loss	: 0.1035
Total_loss	: 5.6298
Domain_loss	: 0.6483
Src_cls_loss	: 0.1317
Adv Loss	: 1.3136
-------------------------------------
[Epoch : 3/20]
Pr_Src_cls_loss	: 0.1035
Total_loss	: 5.6383
Domain_loss	: 0.5258
Src_cls_loss	: 0.1325
Adv Loss	: 1.3151
-------------------------------------
[Epoch : 4/20]
Pr_Src_cls_loss	: 0.1035
Total_loss	: 5.6311
Domain_loss	: 0.4492
Src_cls_loss	: 0.1310
Adv Loss	: 1.3145
-------------------------------------
[Epoch : 5/20]
Pr_Src_cls_loss	: 0.1035
Total_loss	: 5.6161
Domain_loss	: 0.4036
Src_cls_loss	: 0.1292
Adv Loss	: 1.3122
-------------------------------------
[Epoch : 6/20]
Pr_Src_cls_loss	: 0.1035
Total_loss	: 5.5989
Domain_loss	: 0.3661
Src_cls_loss	: 0.1268
Adv Loss	: 1.3099
-------------------------------------
[Epoch : 7/20]
Pr_Src_cls_loss	: 0.1035
Total_loss	: 5.6001
Domain_loss	: 0.3406
Src_cls_loss	: 0.1253
Adv Loss	: 1.3115
-------------------------------------
[Epoch : 8/20]
Pr_Src_cls_loss	: 0.1035
Total_loss	: 5.6078
Domain_loss	: 0.3148
Src_cls_loss	: 0.1231
Adv Loss	: 1.3153
-------------------------------------
[Epoch : 9/20]
Pr_Src_cls_loss	: 0.1035
Total_loss	: 5.6086
Domain_loss	: 0.2902
Src_cls_loss	: 0.1196
Adv Loss	: 1.3184
-------------------------------------
[Epoch : 10/20]
Pr_Src_cls_loss	: 0.1035
Total_loss	: 5.6088
Domain_loss	: 0.2692
Src_cls_loss	: 0.1164
Adv Loss	: 1.3212
-------------------------------------
[Epoch : 11/20]
Pr_Src_cls_loss	: 0.1035
Total_loss	: 5.6129
Domain_loss	: 0.2534
Src_cls_loss	: 0.1143
Adv Loss	: 1.3241
-------------------------------------
[Epoch : 12/20]
Pr_Src_cls_loss	: 0.1035
Total_loss	: 5.6101
Domain_loss	: 0.2402
Src_cls_loss	: 0.1122
Adv Loss	: 1.3251
-------------------------------------
[Epoch : 13/20]
Pr_Src_cls_loss	: 0.1035
Total_loss	: 5.6129
Domain_loss	: 0.2286
Src_cls_loss	: 0.1108
Adv Loss	: 1.3270
-------------------------------------
[Epoch : 14/20]
Pr_Src_cls_loss	: 0.1035
Total_loss	: 5.6078
Domain_loss	: 0.2193
Src_cls_loss	: 0.1089
Adv Loss	: 1.3273
-------------------------------------
[Epoch : 15/20]
Pr_Src_cls_loss	: 0.1035
Total_loss	: 5.6039
Domain_loss	: 0.2107
Src_cls_loss	: 0.1076
Adv Loss	: 1.3274
-------------------------------------
[Epoch : 16/20]
Pr_Src_cls_loss	: 0.1035
Total_loss	: 5.6082
Domain_loss	: 0.2023
Src_cls_loss	: 0.1061
Adv Loss	: 1.3298
-------------------------------------
[Epoch : 17/20]
Pr_Src_cls_loss	: 0.1035
Total_loss	: 5.6091
Domain_loss	: 0.1941
Src_cls_loss	: 0.1046
Adv Loss	: 1.3313
-------------------------------------
[Epoch : 18/20]
Pr_Src_cls_loss	: 0.1035
Total_loss	: 5.6105
Domain_loss	: 0.1861
Src_cls_loss	: 0.1028
Adv Loss	: 1.3332
-------------------------------------
[Epoch : 19/20]
Pr_Src_cls_loss	: 0.1035
Total_loss	: 5.6102
Domain_loss	: 0.1794
Src_cls_loss	: 0.1014
Adv Loss	: 1.3343
-------------------------------------
[Epoch : 20/20]
Pr_Src_cls_loss	: 0.1035
Total_loss	: 5.6122
Domain_loss	: 0.1739
Src_cls_loss	: 0.1003
Adv Loss	: 1.3357
-------------------------------------
H_score: 0.3888, OS* (acc_c): 0.4113, UNK (acc_p): 0.3687, acc_mix: 0.3971, F1: 0.4220
Uploading logs from: /mnt/data/home/tp2474/OpenSet-AdaTime/experiments_logs/curriculum/RealWorld to MHEALTH_UniDA_hard_n2_fno_mean/UDA_UniDA_hard_n2_fno_mean/RealWorld_to_MHEALTH_run_4
🏃 View run UDA_run_4 at: http://127.0.0.1:5001/#/experiments/958908129315819629/runs/4bf26e422dcd48feb6eb4d4ffc857787
🧪 View experiment at: http://127.0.0.1:5001/#/experiments/958908129315819629
==================== [n2 fno_mean] OVANet ====================
[curriculum] scenario=UniDA  strategy=hard  n_unknown=2  rank_variant=fno_mean
[curriculum] source mapping (6 classes): {'lying': 'lying', 'sitting': 'sitting', 'walking': 'walking', 'running': 'running', 'climbingup': 'climbingup', 'jumping': 'jumping'}
[curriculum] target mapping (6 classes): {'Lying down': 'lying', 'Sitting and relaxing': 'sitting', 'Walking': 'walking', 'Running': 'running', 'Climbing stairs': 'Climbing stairs', 'Jogging': 'Jogging'}
[curriculum] unknowns added (in hard order): src=[climbingup,jumping] | trg=[Climbing stairs,Jogging]
[scenario] OVANet -> UniDA (uniDA=True)
Unlabeled data shape:  (2440, 150, 18)
Unlabelled Combined shape: (4196, 150, 18)

--- Dataloader Size Check ---
Source Train batches:   355
Target Train batches:   38
-------------------------------

Private classes:  tensor([6., 7.])
=============================================
Dataset: RealWorld to MHEALTH_UniDA_hard_n2_fno_mean
Method:  OVANet
=============================================
Source: RealWorld ---> Target: MHEALTH
Run ID: 0
=============================================
[Pr Epoch : 1/20]
Pr_Src_cls_loss	: 0.8339
-------------------------------------
[Pr Epoch : 2/20]
Pr_Src_cls_loss	: 0.5466
-------------------------------------
[Pr Epoch : 3/20]
Pr_Src_cls_loss	: 0.4130
-------------------------------------
[Pr Epoch : 4/20]
Pr_Src_cls_loss	: 0.3365
-------------------------------------
[Pr Epoch : 5/20]
Pr_Src_cls_loss	: 0.2857
-------------------------------------
[Pr Epoch : 6/20]
Pr_Src_cls_loss	: 0.2497
-------------------------------------
[Pr Epoch : 7/20]
Pr_Src_cls_loss	: 0.2223
-------------------------------------
[Pr Epoch : 8/20]
Pr_Src_cls_loss	: 0.2003
-------------------------------------
[Pr Epoch : 9/20]
Pr_Src_cls_loss	: 0.1829
-------------------------------------
[Pr Epoch : 10/20]
Pr_Src_cls_loss	: 0.1682
-------------------------------------
[Pr Epoch : 11/20]
Pr_Src_cls_loss	: 0.1557
-------------------------------------
[Pr Epoch : 12/20]
Pr_Src_cls_loss	: 0.1452
-------------------------------------
[Pr Epoch : 13/20]
Pr_Src_cls_loss	: 0.1362
-------------------------------------
[Pr Epoch : 14/20]
Pr_Src_cls_loss	: 0.1281
-------------------------------------
[Pr Epoch : 15/20]
Pr_Src_cls_loss	: 0.1210
-------------------------------------
[Pr Epoch : 16/20]
Pr_Src_cls_loss	: 0.1149
-------------------------------------
[Pr Epoch : 17/20]
Pr_Src_cls_loss	: 0.1092
-------------------------------------
[Pr Epoch : 18/20]
Pr_Src_cls_loss	: 0.1041
-------------------------------------
[Pr Epoch : 19/20]
Pr_Src_cls_loss	: 0.0994
-------------------------------------
[Pr Epoch : 20/20]
Pr_Src_cls_loss	: 0.0953
-------------------------------------
[Epoch : 1/20]
Pr_Src_cls_loss	: 0.0953
Total_loss	: 1.3338
Open Loss	: 0.6340
Src_cls_loss	: 0.0101
Entropy Open	: 0.6898
-------------------------------------
[Epoch : 2/20]
Pr_Src_cls_loss	: 0.0953
Total_loss	: 1.2623
Open Loss	: 0.5765
Src_cls_loss	: 0.0101
Entropy Open	: 0.6758
-------------------------------------
[Epoch : 3/20]
Pr_Src_cls_loss	: 0.0953
Total_loss	: 1.1818
Open Loss	: 0.5271
Src_cls_loss	: 0.0101
Entropy Open	: 0.6447
-------------------------------------
[Epoch : 4/20]
Pr_Src_cls_loss	: 0.0953
Total_loss	: 1.0974
Open Loss	: 0.4847
Src_cls_loss	: 0.0104
Entropy Open	: 0.6023
-------------------------------------
[Epoch : 5/20]
Pr_Src_cls_loss	: 0.0953
Total_loss	: 1.0155
Open Loss	: 0.4487
Src_cls_loss	: 0.0106
Entropy Open	: 0.5562
-------------------------------------
[Epoch : 6/20]
Pr_Src_cls_loss	: 0.0953
Total_loss	: 0.9405
Open Loss	: 0.4177
Src_cls_loss	: 0.0107
Entropy Open	: 0.5121
-------------------------------------
[Epoch : 7/20]
Pr_Src_cls_loss	: 0.0953
Total_loss	: 0.8738
Open Loss	: 0.3907
Src_cls_loss	: 0.0108
Entropy Open	: 0.4723
-------------------------------------
[Epoch : 8/20]
Pr_Src_cls_loss	: 0.0953
Total_loss	: 0.8148
Open Loss	: 0.3670
Src_cls_loss	: 0.0110
Entropy Open	: 0.4369
-------------------------------------
[Epoch : 9/20]
Pr_Src_cls_loss	: 0.0953
Total_loss	: 0.7622
Open Loss	: 0.3457
Src_cls_loss	: 0.0110
Entropy Open	: 0.4055
-------------------------------------
[Epoch : 10/20]
Pr_Src_cls_loss	: 0.0953
Total_loss	: 0.7155
Open Loss	: 0.3267
Src_cls_loss	: 0.0110
Entropy Open	: 0.3777
-------------------------------------
[Epoch : 11/20]
Pr_Src_cls_loss	: 0.0953
Total_loss	: 0.6737
Open Loss	: 0.3096
Src_cls_loss	: 0.0111
Entropy Open	: 0.3530
-------------------------------------
[Epoch : 12/20]
Pr_Src_cls_loss	: 0.0953
Total_loss	: 0.6361
Open Loss	: 0.2939
Src_cls_loss	: 0.0112
Entropy Open	: 0.3310
-------------------------------------
[Epoch : 13/20]
Pr_Src_cls_loss	: 0.0953
Total_loss	: 0.6022
Open Loss	: 0.2797
Src_cls_loss	: 0.0113
Entropy Open	: 0.3113
-------------------------------------
[Epoch : 14/20]
Pr_Src_cls_loss	: 0.0953
Total_loss	: 0.5715
Open Loss	: 0.2666
Src_cls_loss	: 0.0113
Entropy Open	: 0.2936
-------------------------------------
[Epoch : 15/20]
Pr_Src_cls_loss	: 0.0953
Total_loss	: 0.5435
Open Loss	: 0.2546
Src_cls_loss	: 0.0113
Entropy Open	: 0.2776
-------------------------------------
[Epoch : 16/20]
Pr_Src_cls_loss	: 0.0953
Total_loss	: 0.5180
Open Loss	: 0.2435
Src_cls_loss	: 0.0113
Entropy Open	: 0.2632
-------------------------------------
[Epoch : 17/20]
Pr_Src_cls_loss	: 0.0953
Total_loss	: 0.4947
Open Loss	: 0.2333
Src_cls_loss	: 0.0113
Entropy Open	: 0.2501
-------------------------------------
[Epoch : 18/20]
Pr_Src_cls_loss	: 0.0953
Total_loss	: 0.4734
Open Loss	: 0.2239
Src_cls_loss	: 0.0113
Entropy Open	: 0.2381
-------------------------------------
[Epoch : 19/20]
Pr_Src_cls_loss	: 0.0953
Total_loss	: 0.4537
Open Loss	: 0.2151
Src_cls_loss	: 0.0114
Entropy Open	: 0.2272
-------------------------------------
[Epoch : 20/20]
Pr_Src_cls_loss	: 0.0953
Total_loss	: 0.4355
Open Loss	: 0.2070
Src_cls_loss	: 0.0114
Entropy Open	: 0.2172
-------------------------------------
/mnt/data/home/tp2474/OpenSet-AdaTime/algorithms/algorithms.py:661: UserWarning: Implicit dimension choice for softmax has been deprecated. Change the call to include dim=X as an argument.
  predictions = F.softmax(self.classifier(features))
/mnt/data/home/tp2474/OpenSet-AdaTime/trainers/abstract_trainer.py:331: FutureWarning: The behavior of DataFrame concatenation with empty or all-NA entries is deprecated. In a future version, this will no longer exclude empty or all-NA columns when determining the result dtypes. To retain the old behavior, exclude the relevant entries before the concat operation.
  table = pd.concat([table, results_df], ignore_index=True)
H_score: 0.0000, OS* (acc_c): 0.0000, UNK (acc_p): 0.9716, acc_mix: 0.3230, F1: 0.1807
Uploading logs from: /mnt/data/home/tp2474/OpenSet-AdaTime/experiments_logs/curriculum/RealWorld to MHEALTH_UniDA_hard_n2_fno_mean/OVANet_UniDA_hard_n2_fno_mean/RealWorld_to_MHEALTH_run_0
🏃 View run OVANet_run_0 at: http://127.0.0.1:5001/#/experiments/958908129315819629/runs/184e39d7248c496d99d6ca9101ef47d2
🧪 View experiment at: http://127.0.0.1:5001/#/experiments/958908129315819629
=============================================
Dataset: RealWorld to MHEALTH_UniDA_hard_n2_fno_mean
Method:  OVANet
=============================================
Source: RealWorld ---> Target: MHEALTH
Run ID: 1
=============================================
[Pr Epoch : 1/20]
Pr_Src_cls_loss	: 0.8371
-------------------------------------
[Pr Epoch : 2/20]
Pr_Src_cls_loss	: 0.5468
-------------------------------------
[Pr Epoch : 3/20]
Pr_Src_cls_loss	: 0.4142
-------------------------------------
[Pr Epoch : 4/20]
Pr_Src_cls_loss	: 0.3371
-------------------------------------
[Pr Epoch : 5/20]
Pr_Src_cls_loss	: 0.2860
-------------------------------------
[Pr Epoch : 6/20]
Pr_Src_cls_loss	: 0.2497
-------------------------------------
[Pr Epoch : 7/20]
Pr_Src_cls_loss	: 0.2220
-------------------------------------
[Pr Epoch : 8/20]
Pr_Src_cls_loss	: 0.2003
-------------------------------------
[Pr Epoch : 9/20]
Pr_Src_cls_loss	: 0.1830
-------------------------------------
[Pr Epoch : 10/20]
Pr_Src_cls_loss	: 0.1687
-------------------------------------
[Pr Epoch : 11/20]
Pr_Src_cls_loss	: 0.1565
-------------------------------------
[Pr Epoch : 12/20]
Pr_Src_cls_loss	: 0.1459
-------------------------------------
[Pr Epoch : 13/20]
Pr_Src_cls_loss	: 0.1368
-------------------------------------
[Pr Epoch : 14/20]
Pr_Src_cls_loss	: 0.1290
-------------------------------------
[Pr Epoch : 15/20]
Pr_Src_cls_loss	: 0.1218
-------------------------------------
[Pr Epoch : 16/20]
Pr_Src_cls_loss	: 0.1155
-------------------------------------
[Pr Epoch : 17/20]
Pr_Src_cls_loss	: 0.1100
-------------------------------------
[Pr Epoch : 18/20]
Pr_Src_cls_loss	: 0.1051
-------------------------------------
[Pr Epoch : 19/20]
Pr_Src_cls_loss	: 0.1005
-------------------------------------
[Pr Epoch : 20/20]
Pr_Src_cls_loss	: 0.0963
-------------------------------------
[Epoch : 1/20]
Pr_Src_cls_loss	: 0.0963
Total_loss	: 1.3319
Open Loss	: 0.6338
Src_cls_loss	: 0.0094
Entropy Open	: 0.6887
-------------------------------------
[Epoch : 2/20]
Pr_Src_cls_loss	: 0.0963
Total_loss	: 1.2596
Open Loss	: 0.5766
Src_cls_loss	: 0.0099
Entropy Open	: 0.6730
-------------------------------------
[Epoch : 3/20]
Pr_Src_cls_loss	: 0.0963
Total_loss	: 1.1812
Open Loss	: 0.5279
Src_cls_loss	: 0.0102
Entropy Open	: 0.6432
-------------------------------------
[Epoch : 4/20]
Pr_Src_cls_loss	: 0.0963
Total_loss	: 1.0994
Open Loss	: 0.4855
Src_cls_loss	: 0.0106
Entropy Open	: 0.6032
-------------------------------------
[Epoch : 5/20]
Pr_Src_cls_loss	: 0.0963
Total_loss	: 1.0200
Open Loss	: 0.4493
Src_cls_loss	: 0.0110
Entropy Open	: 0.5597
-------------------------------------
[Epoch : 6/20]
Pr_Src_cls_loss	: 0.0963
Total_loss	: 0.9466
Open Loss	: 0.4181
Src_cls_loss	: 0.0112
Entropy Open	: 0.5172
-------------------------------------
[Epoch : 7/20]
Pr_Src_cls_loss	: 0.0963
Total_loss	: 0.8802
Open Loss	: 0.3909
Src_cls_loss	: 0.0114
Entropy Open	: 0.4778
-------------------------------------
[Epoch : 8/20]
Pr_Src_cls_loss	: 0.0963
Total_loss	: 0.8207
Open Loss	: 0.3669
Src_cls_loss	: 0.0115
Entropy Open	: 0.4422
-------------------------------------
[Epoch : 9/20]
Pr_Src_cls_loss	: 0.0963
Total_loss	: 0.7676
Open Loss	: 0.3455
Src_cls_loss	: 0.0116
Entropy Open	: 0.4105
-------------------------------------
[Epoch : 10/20]
Pr_Src_cls_loss	: 0.0963
Total_loss	: 0.7201
Open Loss	: 0.3261
Src_cls_loss	: 0.0117
Entropy Open	: 0.3824
-------------------------------------
[Epoch : 11/20]
Pr_Src_cls_loss	: 0.0963
Total_loss	: 0.6777
Open Loss	: 0.3086
Src_cls_loss	: 0.0118
Entropy Open	: 0.3573
-------------------------------------
[Epoch : 12/20]
Pr_Src_cls_loss	: 0.0963
Total_loss	: 0.6396
Open Loss	: 0.2928
Src_cls_loss	: 0.0119
Entropy Open	: 0.3350
-------------------------------------
[Epoch : 13/20]
Pr_Src_cls_loss	: 0.0963
Total_loss	: 0.6052
Open Loss	: 0.2783
Src_cls_loss	: 0.0119
Entropy Open	: 0.3150
-------------------------------------
[Epoch : 14/20]
Pr_Src_cls_loss	: 0.0963
Total_loss	: 0.5739
Open Loss	: 0.2649
Src_cls_loss	: 0.0119
Entropy Open	: 0.2971
-------------------------------------
[Epoch : 15/20]
Pr_Src_cls_loss	: 0.0963
Total_loss	: 0.5456
Open Loss	: 0.2527
Src_cls_loss	: 0.0118
Entropy Open	: 0.2810
-------------------------------------
[Epoch : 16/20]
Pr_Src_cls_loss	: 0.0963
Total_loss	: 0.5198
Open Loss	: 0.2416
Src_cls_loss	: 0.0118
Entropy Open	: 0.2663
-------------------------------------
[Epoch : 17/20]
Pr_Src_cls_loss	: 0.0963
Total_loss	: 0.4962
Open Loss	: 0.2313
Src_cls_loss	: 0.0119
Entropy Open	: 0.2531
-------------------------------------
[Epoch : 18/20]
Pr_Src_cls_loss	: 0.0963
Total_loss	: 0.4746
Open Loss	: 0.2218
Src_cls_loss	: 0.0118
Entropy Open	: 0.2409
-------------------------------------
[Epoch : 19/20]
Pr_Src_cls_loss	: 0.0963
Total_loss	: 0.4546
Open Loss	: 0.2130
Src_cls_loss	: 0.0118
Entropy Open	: 0.2298
-------------------------------------
[Epoch : 20/20]
Pr_Src_cls_loss	: 0.0963
Total_loss	: 0.4362
Open Loss	: 0.2048
Src_cls_loss	: 0.0117
Entropy Open	: 0.2197
-------------------------------------
H_score: 0.3286, OS* (acc_c): 0.1989, UNK (acc_p): 0.9445, acc_mix: 0.4467, F1: 0.3156
Uploading logs from: /mnt/data/home/tp2474/OpenSet-AdaTime/experiments_logs/curriculum/RealWorld to MHEALTH_UniDA_hard_n2_fno_mean/OVANet_UniDA_hard_n2_fno_mean/RealWorld_to_MHEALTH_run_1
🏃 View run OVANet_run_1 at: http://127.0.0.1:5001/#/experiments/958908129315819629/runs/355475540fa34101849811ca3a0bf232
🧪 View experiment at: http://127.0.0.1:5001/#/experiments/958908129315819629
=============================================
Dataset: RealWorld to MHEALTH_UniDA_hard_n2_fno_mean
Method:  OVANet
=============================================
Source: RealWorld ---> Target: MHEALTH
Run ID: 2
=============================================
[Pr Epoch : 1/20]
Pr_Src_cls_loss	: 0.8298
-------------------------------------
[Pr Epoch : 2/20]
Pr_Src_cls_loss	: 0.5426
-------------------------------------
[Pr Epoch : 3/20]
Pr_Src_cls_loss	: 0.4105
-------------------------------------
[Pr Epoch : 4/20]
Pr_Src_cls_loss	: 0.3344
-------------------------------------
[Pr Epoch : 5/20]
Pr_Src_cls_loss	: 0.2838
-------------------------------------
[Pr Epoch : 6/20]
Pr_Src_cls_loss	: 0.2483
-------------------------------------
[Pr Epoch : 7/20]
Pr_Src_cls_loss	: 0.2208
-------------------------------------
[Pr Epoch : 8/20]
Pr_Src_cls_loss	: 0.1990
-------------------------------------
[Pr Epoch : 9/20]
Pr_Src_cls_loss	: 0.1815
-------------------------------------
[Pr Epoch : 10/20]
Pr_Src_cls_loss	: 0.1669
-------------------------------------
[Pr Epoch : 11/20]
Pr_Src_cls_loss	: 0.1551
-------------------------------------
[Pr Epoch : 12/20]
Pr_Src_cls_loss	: 0.1447
-------------------------------------
[Pr Epoch : 13/20]
Pr_Src_cls_loss	: 0.1356
-------------------------------------
[Pr Epoch : 14/20]
Pr_Src_cls_loss	: 0.1276
-------------------------------------
[Pr Epoch : 15/20]
Pr_Src_cls_loss	: 0.1206
-------------------------------------
[Pr Epoch : 16/20]
Pr_Src_cls_loss	: 0.1144
-------------------------------------
[Pr Epoch : 17/20]
Pr_Src_cls_loss	: 0.1089
-------------------------------------
[Pr Epoch : 18/20]
Pr_Src_cls_loss	: 0.1038
-------------------------------------
[Pr Epoch : 19/20]
Pr_Src_cls_loss	: 0.0994
-------------------------------------
[Pr Epoch : 20/20]
Pr_Src_cls_loss	: 0.0953
-------------------------------------
[Epoch : 1/20]
Pr_Src_cls_loss	: 0.0953
Total_loss	: 1.3481
Open Loss	: 0.6480
Src_cls_loss	: 0.0099
Entropy Open	: 0.6902
-------------------------------------
[Epoch : 2/20]
Pr_Src_cls_loss	: 0.0953
Total_loss	: 1.2747
Open Loss	: 0.5881
Src_cls_loss	: 0.0097
Entropy Open	: 0.6769
-------------------------------------
[Epoch : 3/20]
Pr_Src_cls_loss	: 0.0953
Total_loss	: 1.1926
Open Loss	: 0.5359
Src_cls_loss	: 0.0101
Entropy Open	: 0.6465
-------------------------------------
[Epoch : 4/20]
Pr_Src_cls_loss	: 0.0953
Total_loss	: 1.1059
Open Loss	: 0.4909
Src_cls_loss	: 0.0105
Entropy Open	: 0.6046
-------------------------------------
[Epoch : 5/20]
Pr_Src_cls_loss	: 0.0953
Total_loss	: 1.0210
Open Loss	: 0.4527
Src_cls_loss	: 0.0107
Entropy Open	: 0.5576
-------------------------------------
[Epoch : 6/20]
Pr_Src_cls_loss	: 0.0953
Total_loss	: 0.9432
Open Loss	: 0.4201
Src_cls_loss	: 0.0108
Entropy Open	: 0.5123
-------------------------------------
[Epoch : 7/20]
Pr_Src_cls_loss	: 0.0953
Total_loss	: 0.8747
Open Loss	: 0.3920
Src_cls_loss	: 0.0111
Entropy Open	: 0.4716
-------------------------------------
[Epoch : 8/20]
Pr_Src_cls_loss	: 0.0953
Total_loss	: 0.8142
Open Loss	: 0.3673
Src_cls_loss	: 0.0113
Entropy Open	: 0.4357
-------------------------------------
[Epoch : 9/20]
Pr_Src_cls_loss	: 0.0953
Total_loss	: 0.7606
Open Loss	: 0.3452
Src_cls_loss	: 0.0113
Entropy Open	: 0.4041
-------------------------------------
[Epoch : 10/20]
Pr_Src_cls_loss	: 0.0953
Total_loss	: 0.7129
Open Loss	: 0.3254
Src_cls_loss	: 0.0113
Entropy Open	: 0.3762
-------------------------------------
[Epoch : 11/20]
Pr_Src_cls_loss	: 0.0953
Total_loss	: 0.6706
Open Loss	: 0.3078
Src_cls_loss	: 0.0114
Entropy Open	: 0.3514
-------------------------------------
[Epoch : 12/20]
Pr_Src_cls_loss	: 0.0953
Total_loss	: 0.6325
Open Loss	: 0.2916
Src_cls_loss	: 0.0114
Entropy Open	: 0.3294
-------------------------------------
[Epoch : 13/20]
Pr_Src_cls_loss	: 0.0953
Total_loss	: 0.5983
Open Loss	: 0.2770
Src_cls_loss	: 0.0115
Entropy Open	: 0.3098
-------------------------------------
[Epoch : 14/20]
Pr_Src_cls_loss	: 0.0953
Total_loss	: 0.5673
Open Loss	: 0.2637
Src_cls_loss	: 0.0116
Entropy Open	: 0.2921
-------------------------------------
[Epoch : 15/20]
Pr_Src_cls_loss	: 0.0953
Total_loss	: 0.5394
Open Loss	: 0.2515
Src_cls_loss	: 0.0116
Entropy Open	: 0.2762
-------------------------------------
[Epoch : 16/20]
Pr_Src_cls_loss	: 0.0953
Total_loss	: 0.5140
Open Loss	: 0.2404
Src_cls_loss	: 0.0117
Entropy Open	: 0.2619
-------------------------------------
[Epoch : 17/20]
Pr_Src_cls_loss	: 0.0953
Total_loss	: 0.4907
Open Loss	: 0.2301
Src_cls_loss	: 0.0117
Entropy Open	: 0.2489
-------------------------------------
[Epoch : 18/20]
Pr_Src_cls_loss	: 0.0953
Total_loss	: 0.4693
Open Loss	: 0.2206
Src_cls_loss	: 0.0117
Entropy Open	: 0.2370
-------------------------------------
[Epoch : 19/20]
Pr_Src_cls_loss	: 0.0953
Total_loss	: 0.4496
Open Loss	: 0.2119
Src_cls_loss	: 0.0117
Entropy Open	: 0.2261
-------------------------------------
[Epoch : 20/20]
Pr_Src_cls_loss	: 0.0953
Total_loss	: 0.4315
Open Loss	: 0.2037
Src_cls_loss	: 0.0117
Entropy Open	: 0.2162
-------------------------------------
H_score: 0.0000, OS* (acc_c): 0.0000, UNK (acc_p): 0.9642, acc_mix: 0.3205, F1: 0.1938
Uploading logs from: /mnt/data/home/tp2474/OpenSet-AdaTime/experiments_logs/curriculum/RealWorld to MHEALTH_UniDA_hard_n2_fno_mean/OVANet_UniDA_hard_n2_fno_mean/RealWorld_to_MHEALTH_run_2
🏃 View run OVANet_run_2 at: http://127.0.0.1:5001/#/experiments/958908129315819629/runs/db3f098ad4f846549059134ab8c21a71
🧪 View experiment at: http://127.0.0.1:5001/#/experiments/958908129315819629
=============================================
Dataset: RealWorld to MHEALTH_UniDA_hard_n2_fno_mean
Method:  OVANet
=============================================
Source: RealWorld ---> Target: MHEALTH
Run ID: 3
=============================================
[Pr Epoch : 1/20]
Pr_Src_cls_loss	: 0.8363
-------------------------------------
[Pr Epoch : 2/20]
Pr_Src_cls_loss	: 0.5504
-------------------------------------
[Pr Epoch : 3/20]
Pr_Src_cls_loss	: 0.4176
-------------------------------------
[Pr Epoch : 4/20]
Pr_Src_cls_loss	: 0.3406
-------------------------------------
[Pr Epoch : 5/20]
Pr_Src_cls_loss	: 0.2895
-------------------------------------
[Pr Epoch : 6/20]
Pr_Src_cls_loss	: 0.2532
-------------------------------------
[Pr Epoch : 7/20]
Pr_Src_cls_loss	: 0.2258
-------------------------------------
[Pr Epoch : 8/20]
Pr_Src_cls_loss	: 0.2039
-------------------------------------
[Pr Epoch : 9/20]
Pr_Src_cls_loss	: 0.1861
-------------------------------------
[Pr Epoch : 10/20]
Pr_Src_cls_loss	: 0.1715
-------------------------------------
[Pr Epoch : 11/20]
Pr_Src_cls_loss	: 0.1591
-------------------------------------
[Pr Epoch : 12/20]
Pr_Src_cls_loss	: 0.1487
-------------------------------------
[Pr Epoch : 13/20]
Pr_Src_cls_loss	: 0.1395
-------------------------------------
[Pr Epoch : 14/20]
Pr_Src_cls_loss	: 0.1316
-------------------------------------
[Pr Epoch : 15/20]
Pr_Src_cls_loss	: 0.1245
-------------------------------------
[Pr Epoch : 16/20]
Pr_Src_cls_loss	: 0.1181
-------------------------------------
[Pr Epoch : 17/20]
Pr_Src_cls_loss	: 0.1123
-------------------------------------
[Pr Epoch : 18/20]
Pr_Src_cls_loss	: 0.1072
-------------------------------------
[Pr Epoch : 19/20]
Pr_Src_cls_loss	: 0.1024
-------------------------------------
[Pr Epoch : 20/20]
Pr_Src_cls_loss	: 0.0981
-------------------------------------
[Epoch : 1/20]
Pr_Src_cls_loss	: 0.0981
Total_loss	: 1.3275
Open Loss	: 0.6315
Src_cls_loss	: 0.0106
Entropy Open	: 0.6855
-------------------------------------
[Epoch : 2/20]
Pr_Src_cls_loss	: 0.0981
Total_loss	: 1.2507
Open Loss	: 0.5758
Src_cls_loss	: 0.0101
Entropy Open	: 0.6648
-------------------------------------
[Epoch : 3/20]
Pr_Src_cls_loss	: 0.0981
Total_loss	: 1.1679
Open Loss	: 0.5277
Src_cls_loss	: 0.0106
Entropy Open	: 0.6296
-------------------------------------
[Epoch : 4/20]
Pr_Src_cls_loss	: 0.0981
Total_loss	: 1.0835
Open Loss	: 0.4861
Src_cls_loss	: 0.0109
Entropy Open	: 0.5865
-------------------------------------
[Epoch : 5/20]
Pr_Src_cls_loss	: 0.0981
Total_loss	: 1.0038
Open Loss	: 0.4504
Src_cls_loss	: 0.0111
Entropy Open	: 0.5422
-------------------------------------
[Epoch : 6/20]
Pr_Src_cls_loss	: 0.0981
Total_loss	: 0.9318
Open Loss	: 0.4196
Src_cls_loss	: 0.0113
Entropy Open	: 0.5008
-------------------------------------
[Epoch : 7/20]
Pr_Src_cls_loss	: 0.0981
Total_loss	: 0.8677
Open Loss	: 0.3929
Src_cls_loss	: 0.0116
Entropy Open	: 0.4631
-------------------------------------
[Epoch : 8/20]
Pr_Src_cls_loss	: 0.0981
Total_loss	: 0.8104
Open Loss	: 0.3694
Src_cls_loss	: 0.0117
Entropy Open	: 0.4292
-------------------------------------
[Epoch : 9/20]
Pr_Src_cls_loss	: 0.0981
Total_loss	: 0.7593
Open Loss	: 0.3484
Src_cls_loss	: 0.0119
Entropy Open	: 0.3990
-------------------------------------
[Epoch : 10/20]
Pr_Src_cls_loss	: 0.0981
Total_loss	: 0.7134
Open Loss	: 0.3295
Src_cls_loss	: 0.0119
Entropy Open	: 0.3720
-------------------------------------
[Epoch : 11/20]
Pr_Src_cls_loss	: 0.0981
Total_loss	: 0.6723
Open Loss	: 0.3124
Src_cls_loss	: 0.0120
Entropy Open	: 0.3479
-------------------------------------
[Epoch : 12/20]
Pr_Src_cls_loss	: 0.0981
Total_loss	: 0.6352
Open Loss	: 0.2968
Src_cls_loss	: 0.0120
Entropy Open	: 0.3264
-------------------------------------
[Epoch : 13/20]
Pr_Src_cls_loss	: 0.0981
Total_loss	: 0.6016
Open Loss	: 0.2826
Src_cls_loss	: 0.0120
Entropy Open	: 0.3069
-------------------------------------
[Epoch : 14/20]
Pr_Src_cls_loss	: 0.0981
Total_loss	: 0.5710
Open Loss	: 0.2695
Src_cls_loss	: 0.0120
Entropy Open	: 0.2894
-------------------------------------
[Epoch : 15/20]
Pr_Src_cls_loss	: 0.0981
Total_loss	: 0.5431
Open Loss	: 0.2575
Src_cls_loss	: 0.0120
Entropy Open	: 0.2736
-------------------------------------
[Epoch : 16/20]
Pr_Src_cls_loss	: 0.0981
Total_loss	: 0.5177
Open Loss	: 0.2464
Src_cls_loss	: 0.0119
Entropy Open	: 0.2594
-------------------------------------
[Epoch : 17/20]
Pr_Src_cls_loss	: 0.0981
Total_loss	: 0.4945
Open Loss	: 0.2362
Src_cls_loss	: 0.0119
Entropy Open	: 0.2464
-------------------------------------
[Epoch : 18/20]
Pr_Src_cls_loss	: 0.0981
Total_loss	: 0.4731
Open Loss	: 0.2267
Src_cls_loss	: 0.0119
Entropy Open	: 0.2345
-------------------------------------
[Epoch : 19/20]
Pr_Src_cls_loss	: 0.0981
Total_loss	: 0.4535
Open Loss	: 0.2179
Src_cls_loss	: 0.0119
Entropy Open	: 0.2237
-------------------------------------
[Epoch : 20/20]
Pr_Src_cls_loss	: 0.0981
Total_loss	: 0.4353
Open Loss	: 0.2096
Src_cls_loss	: 0.0119
Entropy Open	: 0.2138
-------------------------------------
H_score: 0.0000, OS* (acc_c): 0.0000, UNK (acc_p): 0.9642, acc_mix: 0.3205, F1: 0.1613
Uploading logs from: /mnt/data/home/tp2474/OpenSet-AdaTime/experiments_logs/curriculum/RealWorld to MHEALTH_UniDA_hard_n2_fno_mean/OVANet_UniDA_hard_n2_fno_mean/RealWorld_to_MHEALTH_run_3
🏃 View run OVANet_run_3 at: http://127.0.0.1:5001/#/experiments/958908129315819629/runs/10dda7e8975f40c0bd95521c34867eb8
🧪 View experiment at: http://127.0.0.1:5001/#/experiments/958908129315819629
=============================================
Dataset: RealWorld to MHEALTH_UniDA_hard_n2_fno_mean
Method:  OVANet
=============================================
Source: RealWorld ---> Target: MHEALTH
Run ID: 4
=============================================
[Pr Epoch : 1/20]
Pr_Src_cls_loss	: 0.8302
-------------------------------------
[Pr Epoch : 2/20]
Pr_Src_cls_loss	: 0.5445
-------------------------------------
[Pr Epoch : 3/20]
Pr_Src_cls_loss	: 0.4126
-------------------------------------
[Pr Epoch : 4/20]
Pr_Src_cls_loss	: 0.3360
-------------------------------------
[Pr Epoch : 5/20]
Pr_Src_cls_loss	: 0.2851
-------------------------------------
[Pr Epoch : 6/20]
Pr_Src_cls_loss	: 0.2493
-------------------------------------
[Pr Epoch : 7/20]
Pr_Src_cls_loss	: 0.2215
-------------------------------------
[Pr Epoch : 8/20]
Pr_Src_cls_loss	: 0.1998
-------------------------------------
[Pr Epoch : 9/20]
Pr_Src_cls_loss	: 0.1824
-------------------------------------
[Pr Epoch : 10/20]
Pr_Src_cls_loss	: 0.1680
-------------------------------------
[Pr Epoch : 11/20]
Pr_Src_cls_loss	: 0.1557
-------------------------------------
[Pr Epoch : 12/20]
Pr_Src_cls_loss	: 0.1452
-------------------------------------
[Pr Epoch : 13/20]
Pr_Src_cls_loss	: 0.1361
-------------------------------------
[Pr Epoch : 14/20]
Pr_Src_cls_loss	: 0.1281
-------------------------------------
[Pr Epoch : 15/20]
Pr_Src_cls_loss	: 0.1211
-------------------------------------
[Pr Epoch : 16/20]
Pr_Src_cls_loss	: 0.1151
-------------------------------------
[Pr Epoch : 17/20]
Pr_Src_cls_loss	: 0.1096
-------------------------------------
[Pr Epoch : 18/20]
Pr_Src_cls_loss	: 0.1044
-------------------------------------
[Pr Epoch : 19/20]
Pr_Src_cls_loss	: 0.0998
-------------------------------------
[Pr Epoch : 20/20]
Pr_Src_cls_loss	: 0.0955
-------------------------------------
[Epoch : 1/20]
Pr_Src_cls_loss	: 0.0955
Total_loss	: 1.3368
Open Loss	: 0.6381
Src_cls_loss	: 0.0095
Entropy Open	: 0.6892
-------------------------------------
[Epoch : 2/20]
Pr_Src_cls_loss	: 0.0955
Total_loss	: 1.2612
Open Loss	: 0.5791
Src_cls_loss	: 0.0093
Entropy Open	: 0.6728
-------------------------------------
[Epoch : 3/20]
Pr_Src_cls_loss	: 0.0955
Total_loss	: 1.1808
Open Loss	: 0.5279
Src_cls_loss	: 0.0095
Entropy Open	: 0.6433
-------------------------------------
[Epoch : 4/20]
Pr_Src_cls_loss	: 0.0955
Total_loss	: 1.0988
Open Loss	: 0.4834
Src_cls_loss	: 0.0097
Entropy Open	: 0.6058
-------------------------------------
[Epoch : 5/20]
Pr_Src_cls_loss	: 0.0955
Total_loss	: 1.0200
Open Loss	: 0.4454
Src_cls_loss	: 0.0100
Entropy Open	: 0.5646
-------------------------------------
[Epoch : 6/20]
Pr_Src_cls_loss	: 0.0955
Total_loss	: 0.9468
Open Loss	: 0.4131
Src_cls_loss	: 0.0104
Entropy Open	: 0.5234
-------------------------------------
[Epoch : 7/20]
Pr_Src_cls_loss	: 0.0955
Total_loss	: 0.8806
Open Loss	: 0.3854
Src_cls_loss	: 0.0106
Entropy Open	: 0.4846
-------------------------------------
[Epoch : 8/20]
Pr_Src_cls_loss	: 0.0955
Total_loss	: 0.8212
Open Loss	: 0.3612
Src_cls_loss	: 0.0108
Entropy Open	: 0.4491
-------------------------------------
[Epoch : 9/20]
Pr_Src_cls_loss	: 0.0955
Total_loss	: 0.7680
Open Loss	: 0.3399
Src_cls_loss	: 0.0110
Entropy Open	: 0.4172
-------------------------------------
[Epoch : 10/20]
Pr_Src_cls_loss	: 0.0955
Total_loss	: 0.7203
Open Loss	: 0.3208
Src_cls_loss	: 0.0111
Entropy Open	: 0.3884
-------------------------------------
[Epoch : 11/20]
Pr_Src_cls_loss	: 0.0955
Total_loss	: 0.6776
Open Loss	: 0.3035
Src_cls_loss	: 0.0112
Entropy Open	: 0.3629
-------------------------------------
[Epoch : 12/20]
Pr_Src_cls_loss	: 0.0955
Total_loss	: 0.6391
Open Loss	: 0.2879
Src_cls_loss	: 0.0113
Entropy Open	: 0.3400
-------------------------------------
[Epoch : 13/20]
Pr_Src_cls_loss	: 0.0955
Total_loss	: 0.6046
Open Loss	: 0.2737
Src_cls_loss	: 0.0114
Entropy Open	: 0.3196
-------------------------------------
[Epoch : 14/20]
Pr_Src_cls_loss	: 0.0955
Total_loss	: 0.5734
Open Loss	: 0.2607
Src_cls_loss	: 0.0114
Entropy Open	: 0.3013
-------------------------------------
[Epoch : 15/20]
Pr_Src_cls_loss	: 0.0955
Total_loss	: 0.5450
Open Loss	: 0.2487
Src_cls_loss	: 0.0114
Entropy Open	: 0.2848
-------------------------------------
[Epoch : 16/20]
Pr_Src_cls_loss	: 0.0955
Total_loss	: 0.5192
Open Loss	: 0.2378
Src_cls_loss	: 0.0115
Entropy Open	: 0.2700
-------------------------------------
[Epoch : 17/20]
Pr_Src_cls_loss	: 0.0955
Total_loss	: 0.4956
Open Loss	: 0.2277
Src_cls_loss	: 0.0115
Entropy Open	: 0.2565
-------------------------------------
[Epoch : 18/20]
Pr_Src_cls_loss	: 0.0955
Total_loss	: 0.4740
Open Loss	: 0.2183
Src_cls_loss	: 0.0115
Entropy Open	: 0.2442
-------------------------------------
[Epoch : 19/20]
Pr_Src_cls_loss	: 0.0955
Total_loss	: 0.4541
Open Loss	: 0.2097
Src_cls_loss	: 0.0115
Entropy Open	: 0.2329
-------------------------------------
[Epoch : 20/20]
Pr_Src_cls_loss	: 0.0955
Total_loss	: 0.4357
Open Loss	: 0.2016
Src_cls_loss	: 0.0115
Entropy Open	: 0.2226
-------------------------------------
H_score: 0.0000, OS* (acc_c): 0.0000, UNK (acc_p): 0.9667, acc_mix: 0.3213, F1: 0.1716
Uploading logs from: /mnt/data/home/tp2474/OpenSet-AdaTime/experiments_logs/curriculum/RealWorld to MHEALTH_UniDA_hard_n2_fno_mean/OVANet_UniDA_hard_n2_fno_mean/RealWorld_to_MHEALTH_run_4
🏃 View run OVANet_run_4 at: http://127.0.0.1:5001/#/experiments/958908129315819629/runs/919a77daffba4430aa7a7d0386f614ea
🧪 View experiment at: http://127.0.0.1:5001/#/experiments/958908129315819629
==================== [n2 fno_mean] DANCE ====================
[curriculum] scenario=UniDA  strategy=hard  n_unknown=2  rank_variant=fno_mean
[curriculum] source mapping (6 classes): {'lying': 'lying', 'sitting': 'sitting', 'walking': 'walking', 'running': 'running', 'climbingup': 'climbingup', 'jumping': 'jumping'}
[curriculum] target mapping (6 classes): {'Lying down': 'lying', 'Sitting and relaxing': 'sitting', 'Walking': 'walking', 'Running': 'running', 'Climbing stairs': 'Climbing stairs', 'Jogging': 'Jogging'}
[curriculum] unknowns added (in hard order): src=[climbingup,jumping] | trg=[Climbing stairs,Jogging]
[scenario] DANCE -> UniDA (uniDA=True)
Unlabeled data shape:  (2440, 150, 18)
Unlabelled Combined shape: (4196, 150, 18)

--- Dataloader Size Check ---
Source Train batches:   355
Target Train batches:   38
-------------------------------

Private classes:  tensor([6., 7.])
=============================================
Dataset: RealWorld to MHEALTH_UniDA_hard_n2_fno_mean
Method:  DANCE
=============================================
Source: RealWorld ---> Target: MHEALTH
Run ID: 0
=============================================
[Pr Epoch : 1/20]
Pr_Src_cls_loss	: 1.5847
-------------------------------------
[Pr Epoch : 2/20]
Pr_Src_cls_loss	: 1.5654
-------------------------------------
[Pr Epoch : 3/20]
Pr_Src_cls_loss	: 1.5562
-------------------------------------
[Pr Epoch : 4/20]
Pr_Src_cls_loss	: 1.5505
-------------------------------------
[Pr Epoch : 5/20]
Pr_Src_cls_loss	: 1.5466
-------------------------------------
[Pr Epoch : 6/20]
Pr_Src_cls_loss	: 1.5437
-------------------------------------
[Pr Epoch : 7/20]
Pr_Src_cls_loss	: 1.5414
-------------------------------------
[Pr Epoch : 8/20]
Pr_Src_cls_loss	: 1.5395
-------------------------------------
[Pr Epoch : 9/20]
Pr_Src_cls_loss	: 1.5378
-------------------------------------
[Pr Epoch : 10/20]
Pr_Src_cls_loss	: 1.5363
-------------------------------------
[Pr Epoch : 11/20]
Pr_Src_cls_loss	: 1.5351
-------------------------------------
[Pr Epoch : 12/20]
Pr_Src_cls_loss	: 1.5340
-------------------------------------
[Pr Epoch : 13/20]
Pr_Src_cls_loss	: 1.5330
-------------------------------------
[Pr Epoch : 14/20]
Pr_Src_cls_loss	: 1.5322
-------------------------------------
[Pr Epoch : 15/20]
Pr_Src_cls_loss	: 1.5314
-------------------------------------
[Pr Epoch : 16/20]
Pr_Src_cls_loss	: 1.5307
-------------------------------------
[Pr Epoch : 17/20]
Pr_Src_cls_loss	: 1.5301
-------------------------------------
[Pr Epoch : 18/20]
Pr_Src_cls_loss	: 1.5295
-------------------------------------
[Pr Epoch : 19/20]
Pr_Src_cls_loss	: 1.5290
-------------------------------------
[Pr Epoch : 20/20]
Pr_Src_cls_loss	: 1.5285
-------------------------------------
/mnt/data/home/tp2474/OpenSet-AdaTime/algorithms/algorithms.py:733: UserWarning: Implicit dimension choice for softmax has been deprecated. Change the call to include dim=X as an argument.
  p = F.softmax(p)
/mnt/data/home/tp2474/OpenSet-AdaTime/algorithms/algorithms.py:737: UserWarning: Implicit dimension choice for softmax has been deprecated. Change the call to include dim=X as an argument.
  p = F.softmax(p)
[Epoch : 1/20]
Pr_Src_cls_loss	: 1.5285
Total_loss	: 1.7283
Ent Loss	: -0.0887
Src_cls_loss	: 1.3947
Neighbors Clustering 	: 0.4224
-------------------------------------
[Epoch : 2/20]
Pr_Src_cls_loss	: 1.5285
Total_loss	: 1.5797
Ent Loss	: -0.0882
Src_cls_loss	: 1.2767
Neighbors Clustering 	: 0.3912
-------------------------------------
[Epoch : 3/20]
Pr_Src_cls_loss	: 1.5285
Total_loss	: 1.4520
Ent Loss	: -0.0876
Src_cls_loss	: 1.1684
Neighbors Clustering 	: 0.3712
-------------------------------------
[Epoch : 4/20]
Pr_Src_cls_loss	: 1.5285
Total_loss	: 1.3411
Ent Loss	: -0.0870
Src_cls_loss	: 1.0712
Neighbors Clustering 	: 0.3569
-------------------------------------
[Epoch : 5/20]
Pr_Src_cls_loss	: 1.5285
Total_loss	: 1.2437
Ent Loss	: -0.0863
Src_cls_loss	: 0.9853
Neighbors Clustering 	: 0.3447
-------------------------------------
[Epoch : 6/20]
Pr_Src_cls_loss	: 1.5285
Total_loss	: 1.1582
Ent Loss	: -0.0857
Src_cls_loss	: 0.9093
Neighbors Clustering 	: 0.3347
-------------------------------------
[Epoch : 7/20]
Pr_Src_cls_loss	: 1.5285
Total_loss	: 1.0824
Ent Loss	: -0.0852
Src_cls_loss	: 0.8423
Neighbors Clustering 	: 0.3253
-------------------------------------
[Epoch : 8/20]
Pr_Src_cls_loss	: 1.5285
Total_loss	: 1.0159
Ent Loss	: -0.0847
Src_cls_loss	: 0.7833
Neighbors Clustering 	: 0.3172
-------------------------------------
[Epoch : 9/20]
Pr_Src_cls_loss	: 1.5285
Total_loss	: 0.9567
Ent Loss	: -0.0843
Src_cls_loss	: 0.7311
Neighbors Clustering 	: 0.3099
-------------------------------------
[Epoch : 10/20]
Pr_Src_cls_loss	: 1.5285
Total_loss	: 0.9035
Ent Loss	: -0.0839
Src_cls_loss	: 0.6845
Neighbors Clustering 	: 0.3029
-------------------------------------
[Epoch : 11/20]
Pr_Src_cls_loss	: 1.5285
Total_loss	: 0.8564
Ent Loss	: -0.0835
Src_cls_loss	: 0.6431
Neighbors Clustering 	: 0.2969
-------------------------------------
[Epoch : 12/20]
Pr_Src_cls_loss	: 1.5285
Total_loss	: 0.8139
Ent Loss	: -0.0832
Src_cls_loss	: 0.6061
Neighbors Clustering 	: 0.2910
-------------------------------------
[Epoch : 13/20]
Pr_Src_cls_loss	: 1.5285
Total_loss	: 0.7752
Ent Loss	: -0.0829
Src_cls_loss	: 0.5728
Neighbors Clustering 	: 0.2854
-------------------------------------
[Epoch : 14/20]
Pr_Src_cls_loss	: 1.5285
Total_loss	: 0.7398
Ent Loss	: -0.0827
Src_cls_loss	: 0.5427
Neighbors Clustering 	: 0.2798
-------------------------------------
[Epoch : 15/20]
Pr_Src_cls_loss	: 1.5285
Total_loss	: 0.7075
Ent Loss	: -0.0824
Src_cls_loss	: 0.5154
Neighbors Clustering 	: 0.2746
-------------------------------------
[Epoch : 16/20]
Pr_Src_cls_loss	: 1.5285
Total_loss	: 0.6781
Ent Loss	: -0.0822
Src_cls_loss	: 0.4906
Neighbors Clustering 	: 0.2697
-------------------------------------
[Epoch : 17/20]
Pr_Src_cls_loss	: 1.5285
Total_loss	: 0.6511
Ent Loss	: -0.0820
Src_cls_loss	: 0.4679
Neighbors Clustering 	: 0.2652
-------------------------------------
[Epoch : 18/20]
Pr_Src_cls_loss	: 1.5285
Total_loss	: 0.6259
Ent Loss	: -0.0819
Src_cls_loss	: 0.4472
Neighbors Clustering 	: 0.2606
-------------------------------------
[Epoch : 19/20]
Pr_Src_cls_loss	: 1.5285
Total_loss	: 0.6028
Ent Loss	: -0.0817
Src_cls_loss	: 0.4281
Neighbors Clustering 	: 0.2564
-------------------------------------
[Epoch : 20/20]
Pr_Src_cls_loss	: 1.5285
Total_loss	: 0.5814
Ent Loss	: -0.0816
Src_cls_loss	: 0.4105
Neighbors Clustering 	: 0.2524
-------------------------------------
/mnt/data/home/tp2474/OpenSet-AdaTime/algorithms/algorithms.py:870: UserWarning: Implicit dimension choice for softmax has been deprecated. Change the call to include dim=X as an argument.
  predictions = F.softmax(self.classifier(features))
/mnt/data/home/tp2474/OpenSet-AdaTime/trainers/abstract_trainer.py:331: FutureWarning: The behavior of DataFrame concatenation with empty or all-NA entries is deprecated. In a future version, this will no longer exclude empty or all-NA columns when determining the result dtypes. To retain the old behavior, exclude the relevant entries before the concat operation.
  table = pd.concat([table, results_df], ignore_index=True)
H_score: 0.0923, OS* (acc_c): 0.0485, UNK (acc_p): 0.9494, acc_mix: 0.3480, F1: 0.2227
Uploading logs from: /mnt/data/home/tp2474/OpenSet-AdaTime/experiments_logs/curriculum/RealWorld to MHEALTH_UniDA_hard_n2_fno_mean/DANCE_UniDA_hard_n2_fno_mean/RealWorld_to_MHEALTH_run_0
🏃 View run DANCE_run_0 at: http://127.0.0.1:5001/#/experiments/958908129315819629/runs/4182749c35b6417c8e68da51c6653495
🧪 View experiment at: http://127.0.0.1:5001/#/experiments/958908129315819629
=============================================
Dataset: RealWorld to MHEALTH_UniDA_hard_n2_fno_mean
Method:  DANCE
=============================================
Source: RealWorld ---> Target: MHEALTH
Run ID: 1
=============================================
[Pr Epoch : 1/20]
Pr_Src_cls_loss	: 1.5820
-------------------------------------
[Pr Epoch : 2/20]
Pr_Src_cls_loss	: 1.5621
-------------------------------------
[Pr Epoch : 3/20]
Pr_Src_cls_loss	: 1.5526
-------------------------------------
[Pr Epoch : 4/20]
Pr_Src_cls_loss	: 1.5471
-------------------------------------
[Pr Epoch : 5/20]
Pr_Src_cls_loss	: 1.5432
-------------------------------------
[Pr Epoch : 6/20]
Pr_Src_cls_loss	: 1.5404
-------------------------------------
[Pr Epoch : 7/20]
Pr_Src_cls_loss	: 1.5383
-------------------------------------
[Pr Epoch : 8/20]
Pr_Src_cls_loss	: 1.5365
-------------------------------------
[Pr Epoch : 9/20]
Pr_Src_cls_loss	: 1.5351
-------------------------------------
[Pr Epoch : 10/20]
Pr_Src_cls_loss	: 1.5338
-------------------------------------
[Pr Epoch : 11/20]
Pr_Src_cls_loss	: 1.5327
-------------------------------------
[Pr Epoch : 12/20]
Pr_Src_cls_loss	: 1.5317
-------------------------------------
[Pr Epoch : 13/20]
Pr_Src_cls_loss	: 1.5309
-------------------------------------
[Pr Epoch : 14/20]
Pr_Src_cls_loss	: 1.5301
-------------------------------------
[Pr Epoch : 15/20]
Pr_Src_cls_loss	: 1.5294
-------------------------------------
[Pr Epoch : 16/20]
Pr_Src_cls_loss	: 1.5287
-------------------------------------
[Pr Epoch : 17/20]
Pr_Src_cls_loss	: 1.5281
-------------------------------------
[Pr Epoch : 18/20]
Pr_Src_cls_loss	: 1.5275
-------------------------------------
[Pr Epoch : 19/20]
Pr_Src_cls_loss	: 1.5270
-------------------------------------
[Pr Epoch : 20/20]
Pr_Src_cls_loss	: 1.5265
-------------------------------------
[Epoch : 1/20]
Pr_Src_cls_loss	: 1.5265
Total_loss	: 1.7269
Ent Loss	: -0.0888
Src_cls_loss	: 1.3948
Neighbors Clustering 	: 0.4208
-------------------------------------
[Epoch : 2/20]
Pr_Src_cls_loss	: 1.5265
Total_loss	: 1.5777
Ent Loss	: -0.0882
Src_cls_loss	: 1.2777
Neighbors Clustering 	: 0.3883
-------------------------------------
[Epoch : 3/20]
Pr_Src_cls_loss	: 1.5265
Total_loss	: 1.4483
Ent Loss	: -0.0876
Src_cls_loss	: 1.1690
Neighbors Clustering 	: 0.3669
-------------------------------------
[Epoch : 4/20]
Pr_Src_cls_loss	: 1.5265
Total_loss	: 1.3352
Ent Loss	: -0.0870
Src_cls_loss	: 1.0710
Neighbors Clustering 	: 0.3511
-------------------------------------
[Epoch : 5/20]
Pr_Src_cls_loss	: 1.5265
Total_loss	: 1.2371
Ent Loss	: -0.0863
Src_cls_loss	: 0.9845
Neighbors Clustering 	: 0.3390
-------------------------------------
[Epoch : 6/20]
Pr_Src_cls_loss	: 1.5265
Total_loss	: 1.1511
Ent Loss	: -0.0857
Src_cls_loss	: 0.9084
Neighbors Clustering 	: 0.3284
-------------------------------------
[Epoch : 7/20]
Pr_Src_cls_loss	: 1.5265
Total_loss	: 1.0755
Ent Loss	: -0.0852
Src_cls_loss	: 0.8414
Neighbors Clustering 	: 0.3193
-------------------------------------
[Epoch : 8/20]
Pr_Src_cls_loss	: 1.5265
Total_loss	: 1.0086
Ent Loss	: -0.0847
Src_cls_loss	: 0.7823
Neighbors Clustering 	: 0.3110
-------------------------------------
[Epoch : 9/20]
Pr_Src_cls_loss	: 1.5265
Total_loss	: 0.9494
Ent Loss	: -0.0843
Src_cls_loss	: 0.7302
Neighbors Clustering 	: 0.3036
-------------------------------------
[Epoch : 10/20]
Pr_Src_cls_loss	: 1.5265
Total_loss	: 0.8967
Ent Loss	: -0.0840
Src_cls_loss	: 0.6839
Neighbors Clustering 	: 0.2968
-------------------------------------
[Epoch : 11/20]
Pr_Src_cls_loss	: 1.5265
Total_loss	: 0.8495
Ent Loss	: -0.0837
Src_cls_loss	: 0.6426
Neighbors Clustering 	: 0.2906
-------------------------------------
[Epoch : 12/20]
Pr_Src_cls_loss	: 1.5265
Total_loss	: 0.8070
Ent Loss	: -0.0834
Src_cls_loss	: 0.6058
Neighbors Clustering 	: 0.2846
-------------------------------------
[Epoch : 13/20]
Pr_Src_cls_loss	: 1.5265
Total_loss	: 0.7685
Ent Loss	: -0.0832
Src_cls_loss	: 0.5726
Neighbors Clustering 	: 0.2791
-------------------------------------
[Epoch : 14/20]
Pr_Src_cls_loss	: 1.5265
Total_loss	: 0.7334
Ent Loss	: -0.0830
Src_cls_loss	: 0.5426
Neighbors Clustering 	: 0.2738
-------------------------------------
[Epoch : 15/20]
Pr_Src_cls_loss	: 1.5265
Total_loss	: 0.7016
Ent Loss	: -0.0829
Src_cls_loss	: 0.5155
Neighbors Clustering 	: 0.2690
-------------------------------------
[Epoch : 16/20]
Pr_Src_cls_loss	: 1.5265
Total_loss	: 0.6724
Ent Loss	: -0.0827
Src_cls_loss	: 0.4907
Neighbors Clustering 	: 0.2644
-------------------------------------
[Epoch : 17/20]
Pr_Src_cls_loss	: 1.5265
Total_loss	: 0.6454
Ent Loss	: -0.0825
Src_cls_loss	: 0.4681
Neighbors Clustering 	: 0.2599
-------------------------------------
[Epoch : 18/20]
Pr_Src_cls_loss	: 1.5265
Total_loss	: 0.6205
Ent Loss	: -0.0824
Src_cls_loss	: 0.4474
Neighbors Clustering 	: 0.2555
-------------------------------------
[Epoch : 19/20]
Pr_Src_cls_loss	: 1.5265
Total_loss	: 0.5974
Ent Loss	: -0.0823
Src_cls_loss	: 0.4284
Neighbors Clustering 	: 0.2513
-------------------------------------
[Epoch : 20/20]
Pr_Src_cls_loss	: 1.5265
Total_loss	: 0.5760
Ent Loss	: -0.0822
Src_cls_loss	: 0.4108
Neighbors Clustering 	: 0.2473
-------------------------------------
H_score: 0.0000, OS* (acc_c): 0.0000, UNK (acc_p): 0.9864, acc_mix: 0.3279, F1: 0.1662
Uploading logs from: /mnt/data/home/tp2474/OpenSet-AdaTime/experiments_logs/curriculum/RealWorld to MHEALTH_UniDA_hard_n2_fno_mean/DANCE_UniDA_hard_n2_fno_mean/RealWorld_to_MHEALTH_run_1
🏃 View run DANCE_run_1 at: http://127.0.0.1:5001/#/experiments/958908129315819629/runs/c2090f9d665c44248efc80b761fa83da
🧪 View experiment at: http://127.0.0.1:5001/#/experiments/958908129315819629
=============================================
Dataset: RealWorld to MHEALTH_UniDA_hard_n2_fno_mean
Method:  DANCE
=============================================
Source: RealWorld ---> Target: MHEALTH
Run ID: 2
=============================================
[Pr Epoch : 1/20]
Pr_Src_cls_loss	: 1.5826
-------------------------------------
[Pr Epoch : 2/20]
Pr_Src_cls_loss	: 1.5617
-------------------------------------
[Pr Epoch : 3/20]
Pr_Src_cls_loss	: 1.5517
-------------------------------------
[Pr Epoch : 4/20]
Pr_Src_cls_loss	: 1.5458
-------------------------------------
[Pr Epoch : 5/20]
Pr_Src_cls_loss	: 1.5418
-------------------------------------
[Pr Epoch : 6/20]
Pr_Src_cls_loss	: 1.5388
-------------------------------------
[Pr Epoch : 7/20]
Pr_Src_cls_loss	: 1.5364
-------------------------------------
[Pr Epoch : 8/20]
Pr_Src_cls_loss	: 1.5344
-------------------------------------
[Pr Epoch : 9/20]
Pr_Src_cls_loss	: 1.5327
-------------------------------------
[Pr Epoch : 10/20]
Pr_Src_cls_loss	: 1.5312
-------------------------------------
[Pr Epoch : 11/20]
Pr_Src_cls_loss	: 1.5299
-------------------------------------
[Pr Epoch : 12/20]
Pr_Src_cls_loss	: 1.5288
-------------------------------------
[Pr Epoch : 13/20]
Pr_Src_cls_loss	: 1.5278
-------------------------------------
[Pr Epoch : 14/20]
Pr_Src_cls_loss	: 1.5269
-------------------------------------
[Pr Epoch : 15/20]
Pr_Src_cls_loss	: 1.5261
-------------------------------------
[Pr Epoch : 16/20]
Pr_Src_cls_loss	: 1.5254
-------------------------------------
[Pr Epoch : 17/20]
Pr_Src_cls_loss	: 1.5247
-------------------------------------
[Pr Epoch : 18/20]
Pr_Src_cls_loss	: 1.5241
-------------------------------------
[Pr Epoch : 19/20]
Pr_Src_cls_loss	: 1.5235
-------------------------------------
[Pr Epoch : 20/20]
Pr_Src_cls_loss	: 1.5229
-------------------------------------
[Epoch : 1/20]
Pr_Src_cls_loss	: 1.5229
Total_loss	: 1.7141
Ent Loss	: -0.0888
Src_cls_loss	: 1.3867
Neighbors Clustering 	: 0.4162
-------------------------------------
[Epoch : 2/20]
Pr_Src_cls_loss	: 1.5229
Total_loss	: 1.5645
Ent Loss	: -0.0883
Src_cls_loss	: 1.2680
Neighbors Clustering 	: 0.3848
-------------------------------------
[Epoch : 3/20]
Pr_Src_cls_loss	: 1.5229
Total_loss	: 1.4359
Ent Loss	: -0.0876
Src_cls_loss	: 1.1592
Neighbors Clustering 	: 0.3644
-------------------------------------
[Epoch : 4/20]
Pr_Src_cls_loss	: 1.5229
Total_loss	: 1.3244
Ent Loss	: -0.0869
Src_cls_loss	: 1.0618
Neighbors Clustering 	: 0.3495
-------------------------------------
[Epoch : 5/20]
Pr_Src_cls_loss	: 1.5229
Total_loss	: 1.2267
Ent Loss	: -0.0863
Src_cls_loss	: 0.9756
Neighbors Clustering 	: 0.3374
-------------------------------------
[Epoch : 6/20]
Pr_Src_cls_loss	: 1.5229
Total_loss	: 1.1414
Ent Loss	: -0.0857
Src_cls_loss	: 0.8999
Neighbors Clustering 	: 0.3272
-------------------------------------
[Epoch : 7/20]
Pr_Src_cls_loss	: 1.5229
Total_loss	: 1.0667
Ent Loss	: -0.0852
Src_cls_loss	: 0.8333
Neighbors Clustering 	: 0.3186
-------------------------------------
[Epoch : 8/20]
Pr_Src_cls_loss	: 1.5229
Total_loss	: 1.0012
Ent Loss	: -0.0848
Src_cls_loss	: 0.7751
Neighbors Clustering 	: 0.3109
-------------------------------------
[Epoch : 9/20]
Pr_Src_cls_loss	: 1.5229
Total_loss	: 0.9429
Ent Loss	: -0.0844
Src_cls_loss	: 0.7234
Neighbors Clustering 	: 0.3039
-------------------------------------
[Epoch : 10/20]
Pr_Src_cls_loss	: 1.5229
Total_loss	: 0.8908
Ent Loss	: -0.0841
Src_cls_loss	: 0.6777
Neighbors Clustering 	: 0.2973
-------------------------------------
[Epoch : 11/20]
Pr_Src_cls_loss	: 1.5229
Total_loss	: 0.8443
Ent Loss	: -0.0839
Src_cls_loss	: 0.6370
Neighbors Clustering 	: 0.2911
-------------------------------------
[Epoch : 12/20]
Pr_Src_cls_loss	: 1.5229
Total_loss	: 0.8025
Ent Loss	: -0.0836
Src_cls_loss	: 0.6006
Neighbors Clustering 	: 0.2856
-------------------------------------
[Epoch : 13/20]
Pr_Src_cls_loss	: 1.5229
Total_loss	: 0.7646
Ent Loss	: -0.0834
Src_cls_loss	: 0.5678
Neighbors Clustering 	: 0.2803
-------------------------------------
[Epoch : 14/20]
Pr_Src_cls_loss	: 1.5229
Total_loss	: 0.7306
Ent Loss	: -0.0832
Src_cls_loss	: 0.5383
Neighbors Clustering 	: 0.2755
-------------------------------------
[Epoch : 15/20]
Pr_Src_cls_loss	: 1.5229
Total_loss	: 0.6994
Ent Loss	: -0.0831
Src_cls_loss	: 0.5115
Neighbors Clustering 	: 0.2709
-------------------------------------
[Epoch : 16/20]
Pr_Src_cls_loss	: 1.5229
Total_loss	: 0.6712
Ent Loss	: -0.0829
Src_cls_loss	: 0.4873
Neighbors Clustering 	: 0.2668
-------------------------------------
[Epoch : 17/20]
Pr_Src_cls_loss	: 1.5229
Total_loss	: 0.6449
Ent Loss	: -0.0827
Src_cls_loss	: 0.4650
Neighbors Clustering 	: 0.2627
-------------------------------------
[Epoch : 18/20]
Pr_Src_cls_loss	: 1.5229
Total_loss	: 0.6208
Ent Loss	: -0.0826
Src_cls_loss	: 0.4446
Neighbors Clustering 	: 0.2588
-------------------------------------
[Epoch : 19/20]
Pr_Src_cls_loss	: 1.5229
Total_loss	: 0.5986
Ent Loss	: -0.0824
Src_cls_loss	: 0.4259
Neighbors Clustering 	: 0.2552
-------------------------------------
[Epoch : 20/20]
Pr_Src_cls_loss	: 1.5229
Total_loss	: 0.5780
Ent Loss	: -0.0823
Src_cls_loss	: 0.4087
Neighbors Clustering 	: 0.2517
-------------------------------------
H_score: 0.0012, OS* (acc_c): 0.0006, UNK (acc_p): 0.9901, acc_mix: 0.3295, F1: 0.1697
Uploading logs from: /mnt/data/home/tp2474/OpenSet-AdaTime/experiments_logs/curriculum/RealWorld to MHEALTH_UniDA_hard_n2_fno_mean/DANCE_UniDA_hard_n2_fno_mean/RealWorld_to_MHEALTH_run_2
🏃 View run DANCE_run_2 at: http://127.0.0.1:5001/#/experiments/958908129315819629/runs/d0ea6f90b15a49c6aa76eb2e0d53fdfc
🧪 View experiment at: http://127.0.0.1:5001/#/experiments/958908129315819629
=============================================
Dataset: RealWorld to MHEALTH_UniDA_hard_n2_fno_mean
Method:  DANCE
=============================================
Source: RealWorld ---> Target: MHEALTH
Run ID: 3
=============================================
[Pr Epoch : 1/20]
Pr_Src_cls_loss	: 1.5905
-------------------------------------
[Pr Epoch : 2/20]
Pr_Src_cls_loss	: 1.5714
-------------------------------------
[Pr Epoch : 3/20]
Pr_Src_cls_loss	: 1.5621
-------------------------------------
[Pr Epoch : 4/20]
Pr_Src_cls_loss	: 1.5563
-------------------------------------
[Pr Epoch : 5/20]
Pr_Src_cls_loss	: 1.5524
-------------------------------------
[Pr Epoch : 6/20]
Pr_Src_cls_loss	: 1.5494
-------------------------------------
[Pr Epoch : 7/20]
Pr_Src_cls_loss	: 1.5470
-------------------------------------
[Pr Epoch : 8/20]
Pr_Src_cls_loss	: 1.5449
-------------------------------------
[Pr Epoch : 9/20]
Pr_Src_cls_loss	: 1.5432
-------------------------------------
[Pr Epoch : 10/20]
Pr_Src_cls_loss	: 1.5417
-------------------------------------
[Pr Epoch : 11/20]
Pr_Src_cls_loss	: 1.5404
-------------------------------------
[Pr Epoch : 12/20]
Pr_Src_cls_loss	: 1.5392
-------------------------------------
[Pr Epoch : 13/20]
Pr_Src_cls_loss	: 1.5382
-------------------------------------
[Pr Epoch : 14/20]
Pr_Src_cls_loss	: 1.5373
-------------------------------------
[Pr Epoch : 15/20]
Pr_Src_cls_loss	: 1.5364
-------------------------------------
[Pr Epoch : 16/20]
Pr_Src_cls_loss	: 1.5357
-------------------------------------
[Pr Epoch : 17/20]
Pr_Src_cls_loss	: 1.5350
-------------------------------------
[Pr Epoch : 18/20]
Pr_Src_cls_loss	: 1.5344
-------------------------------------
[Pr Epoch : 19/20]
Pr_Src_cls_loss	: 1.5338
-------------------------------------
[Pr Epoch : 20/20]
Pr_Src_cls_loss	: 1.5333
-------------------------------------
[Epoch : 1/20]
Pr_Src_cls_loss	: 1.5333
Total_loss	: 1.7439
Ent Loss	: -0.0887
Src_cls_loss	: 1.3990
Neighbors Clustering 	: 0.4337
-------------------------------------
[Epoch : 2/20]
Pr_Src_cls_loss	: 1.5333
Total_loss	: 1.5928
Ent Loss	: -0.0881
Src_cls_loss	: 1.2818
Neighbors Clustering 	: 0.3991
-------------------------------------
[Epoch : 3/20]
Pr_Src_cls_loss	: 1.5333
Total_loss	: 1.4626
Ent Loss	: -0.0874
Src_cls_loss	: 1.1735
Neighbors Clustering 	: 0.3765
-------------------------------------
[Epoch : 4/20]
Pr_Src_cls_loss	: 1.5333
Total_loss	: 1.3496
Ent Loss	: -0.0866
Src_cls_loss	: 1.0761
Neighbors Clustering 	: 0.3601
-------------------------------------
[Epoch : 5/20]
Pr_Src_cls_loss	: 1.5333
Total_loss	: 1.2510
Ent Loss	: -0.0858
Src_cls_loss	: 0.9893
Neighbors Clustering 	: 0.3475
-------------------------------------
[Epoch : 6/20]
Pr_Src_cls_loss	: 1.5333
Total_loss	: 1.1648
Ent Loss	: -0.0851
Src_cls_loss	: 0.9128
Neighbors Clustering 	: 0.3371
-------------------------------------
[Epoch : 7/20]
Pr_Src_cls_loss	: 1.5333
Total_loss	: 1.0890
Ent Loss	: -0.0845
Src_cls_loss	: 0.8453
Neighbors Clustering 	: 0.3281
-------------------------------------
[Epoch : 8/20]
Pr_Src_cls_loss	: 1.5333
Total_loss	: 1.0220
Ent Loss	: -0.0839
Src_cls_loss	: 0.7857
Neighbors Clustering 	: 0.3203
-------------------------------------
[Epoch : 9/20]
Pr_Src_cls_loss	: 1.5333
Total_loss	: 0.9630
Ent Loss	: -0.0835
Src_cls_loss	: 0.7330
Neighbors Clustering 	: 0.3135
-------------------------------------
[Epoch : 10/20]
Pr_Src_cls_loss	: 1.5333
Total_loss	: 0.9102
Ent Loss	: -0.0831
Src_cls_loss	: 0.6862
Neighbors Clustering 	: 0.3072
-------------------------------------
[Epoch : 11/20]
Pr_Src_cls_loss	: 1.5333
Total_loss	: 0.8632
Ent Loss	: -0.0828
Src_cls_loss	: 0.6446
Neighbors Clustering 	: 0.3014
-------------------------------------
[Epoch : 12/20]
Pr_Src_cls_loss	: 1.5333
Total_loss	: 0.8209
Ent Loss	: -0.0825
Src_cls_loss	: 0.6075
Neighbors Clustering 	: 0.2959
-------------------------------------
[Epoch : 13/20]
Pr_Src_cls_loss	: 1.5333
Total_loss	: 0.7827
Ent Loss	: -0.0823
Src_cls_loss	: 0.5741
Neighbors Clustering 	: 0.2909
-------------------------------------
[Epoch : 14/20]
Pr_Src_cls_loss	: 1.5333
Total_loss	: 0.7478
Ent Loss	: -0.0820
Src_cls_loss	: 0.5439
Neighbors Clustering 	: 0.2860
-------------------------------------
[Epoch : 15/20]
Pr_Src_cls_loss	: 1.5333
Total_loss	: 0.7161
Ent Loss	: -0.0818
Src_cls_loss	: 0.5166
Neighbors Clustering 	: 0.2813
-------------------------------------
[Epoch : 16/20]
Pr_Src_cls_loss	: 1.5333
Total_loss	: 0.6871
Ent Loss	: -0.0817
Src_cls_loss	: 0.4918
Neighbors Clustering 	: 0.2770
-------------------------------------
[Epoch : 17/20]
Pr_Src_cls_loss	: 1.5333
Total_loss	: 0.6604
Ent Loss	: -0.0815
Src_cls_loss	: 0.4692
Neighbors Clustering 	: 0.2727
-------------------------------------
[Epoch : 18/20]
Pr_Src_cls_loss	: 1.5333
Total_loss	: 0.6359
Ent Loss	: -0.0813
Src_cls_loss	: 0.4485
Neighbors Clustering 	: 0.2688
-------------------------------------
[Epoch : 19/20]
Pr_Src_cls_loss	: 1.5333
Total_loss	: 0.6132
Ent Loss	: -0.0812
Src_cls_loss	: 0.4294
Neighbors Clustering 	: 0.2649
-------------------------------------
[Epoch : 20/20]
Pr_Src_cls_loss	: 1.5333
Total_loss	: 0.5922
Ent Loss	: -0.0811
Src_cls_loss	: 0.4119
Neighbors Clustering 	: 0.2613
-------------------------------------
H_score: 0.0944, OS* (acc_c): 0.0497, UNK (acc_p): 0.9236, acc_mix: 0.3402, F1: 0.2151
Uploading logs from: /mnt/data/home/tp2474/OpenSet-AdaTime/experiments_logs/curriculum/RealWorld to MHEALTH_UniDA_hard_n2_fno_mean/DANCE_UniDA_hard_n2_fno_mean/RealWorld_to_MHEALTH_run_3
🏃 View run DANCE_run_3 at: http://127.0.0.1:5001/#/experiments/958908129315819629/runs/853a445da4cc4dc782eab035da291322
🧪 View experiment at: http://127.0.0.1:5001/#/experiments/958908129315819629
=============================================
Dataset: RealWorld to MHEALTH_UniDA_hard_n2_fno_mean
Method:  DANCE
=============================================
Source: RealWorld ---> Target: MHEALTH
Run ID: 4
=============================================
[Pr Epoch : 1/20]
Pr_Src_cls_loss	: 1.5823
-------------------------------------
[Pr Epoch : 2/20]
Pr_Src_cls_loss	: 1.5614
-------------------------------------
[Pr Epoch : 3/20]
Pr_Src_cls_loss	: 1.5510
-------------------------------------
[Pr Epoch : 4/20]
Pr_Src_cls_loss	: 1.5448
-------------------------------------
[Pr Epoch : 5/20]
Pr_Src_cls_loss	: 1.5404
-------------------------------------
[Pr Epoch : 6/20]
Pr_Src_cls_loss	: 1.5371
-------------------------------------
[Pr Epoch : 7/20]
Pr_Src_cls_loss	: 1.5344
-------------------------------------
[Pr Epoch : 8/20]
Pr_Src_cls_loss	: 1.5323
-------------------------------------
[Pr Epoch : 9/20]
Pr_Src_cls_loss	: 1.5304
-------------------------------------
[Pr Epoch : 10/20]
Pr_Src_cls_loss	: 1.5289
-------------------------------------
[Pr Epoch : 11/20]
Pr_Src_cls_loss	: 1.5275
-------------------------------------
[Pr Epoch : 12/20]
Pr_Src_cls_loss	: 1.5263
-------------------------------------
[Pr Epoch : 13/20]
Pr_Src_cls_loss	: 1.5252
-------------------------------------
[Pr Epoch : 14/20]
Pr_Src_cls_loss	: 1.5243
-------------------------------------
[Pr Epoch : 15/20]
Pr_Src_cls_loss	: 1.5234
-------------------------------------
[Pr Epoch : 16/20]
Pr_Src_cls_loss	: 1.5226
-------------------------------------
[Pr Epoch : 17/20]
Pr_Src_cls_loss	: 1.5219
-------------------------------------
[Pr Epoch : 18/20]
Pr_Src_cls_loss	: 1.5212
-------------------------------------
[Pr Epoch : 19/20]
Pr_Src_cls_loss	: 1.5206
-------------------------------------
[Pr Epoch : 20/20]
Pr_Src_cls_loss	: 1.5201
-------------------------------------
[Epoch : 1/20]
Pr_Src_cls_loss	: 1.5201
Total_loss	: 1.7223
Ent Loss	: -0.0887
Src_cls_loss	: 1.3844
Neighbors Clustering 	: 0.4266
-------------------------------------
[Epoch : 2/20]
Pr_Src_cls_loss	: 1.5201
Total_loss	: 1.5674
Ent Loss	: -0.0882
Src_cls_loss	: 1.2656
Neighbors Clustering 	: 0.3900
-------------------------------------
[Epoch : 3/20]
Pr_Src_cls_loss	: 1.5201
Total_loss	: 1.4382
Ent Loss	: -0.0876
Src_cls_loss	: 1.1569
Neighbors Clustering 	: 0.3690
-------------------------------------
[Epoch : 4/20]
Pr_Src_cls_loss	: 1.5201
Total_loss	: 1.3271
Ent Loss	: -0.0870
Src_cls_loss	: 1.0594
Neighbors Clustering 	: 0.3547
-------------------------------------
[Epoch : 5/20]
Pr_Src_cls_loss	: 1.5201
Total_loss	: 1.2297
Ent Loss	: -0.0865
Src_cls_loss	: 0.9733
Neighbors Clustering 	: 0.3429
-------------------------------------
[Epoch : 6/20]
Pr_Src_cls_loss	: 1.5201
Total_loss	: 1.1440
Ent Loss	: -0.0859
Src_cls_loss	: 0.8974
Neighbors Clustering 	: 0.3325
-------------------------------------
[Epoch : 7/20]
Pr_Src_cls_loss	: 1.5201
Total_loss	: 1.0689
Ent Loss	: -0.0855
Src_cls_loss	: 0.8306
Neighbors Clustering 	: 0.3238
-------------------------------------
[Epoch : 8/20]
Pr_Src_cls_loss	: 1.5201
Total_loss	: 1.0029
Ent Loss	: -0.0851
Src_cls_loss	: 0.7718
Neighbors Clustering 	: 0.3161
-------------------------------------
[Epoch : 9/20]
Pr_Src_cls_loss	: 1.5201
Total_loss	: 0.9444
Ent Loss	: -0.0847
Src_cls_loss	: 0.7199
Neighbors Clustering 	: 0.3092
-------------------------------------
[Epoch : 10/20]
Pr_Src_cls_loss	: 1.5201
Total_loss	: 0.8918
Ent Loss	: -0.0844
Src_cls_loss	: 0.6737
Neighbors Clustering 	: 0.3025
-------------------------------------
[Epoch : 11/20]
Pr_Src_cls_loss	: 1.5201
Total_loss	: 0.8449
Ent Loss	: -0.0841
Src_cls_loss	: 0.6327
Neighbors Clustering 	: 0.2963
-------------------------------------
[Epoch : 12/20]
Pr_Src_cls_loss	: 1.5201
Total_loss	: 0.8027
Ent Loss	: -0.0838
Src_cls_loss	: 0.5961
Neighbors Clustering 	: 0.2904
-------------------------------------
[Epoch : 13/20]
Pr_Src_cls_loss	: 1.5201
Total_loss	: 0.7644
Ent Loss	: -0.0836
Src_cls_loss	: 0.5632
Neighbors Clustering 	: 0.2848
-------------------------------------
[Epoch : 14/20]
Pr_Src_cls_loss	: 1.5201
Total_loss	: 0.7295
Ent Loss	: -0.0833
Src_cls_loss	: 0.5335
Neighbors Clustering 	: 0.2794
-------------------------------------
[Epoch : 15/20]
Pr_Src_cls_loss	: 1.5201
Total_loss	: 0.6980
Ent Loss	: -0.0831
Src_cls_loss	: 0.5065
Neighbors Clustering 	: 0.2746
-------------------------------------
[Epoch : 16/20]
Pr_Src_cls_loss	: 1.5201
Total_loss	: 0.6692
Ent Loss	: -0.0829
Src_cls_loss	: 0.4822
Neighbors Clustering 	: 0.2700
-------------------------------------
[Epoch : 17/20]
Pr_Src_cls_loss	: 1.5201
Total_loss	: 0.6427
Ent Loss	: -0.0827
Src_cls_loss	: 0.4598
Neighbors Clustering 	: 0.2657
-------------------------------------
[Epoch : 18/20]
Pr_Src_cls_loss	: 1.5201
Total_loss	: 0.6182
Ent Loss	: -0.0826
Src_cls_loss	: 0.4395
Neighbors Clustering 	: 0.2613
-------------------------------------
[Epoch : 19/20]
Pr_Src_cls_loss	: 1.5201
Total_loss	: 0.5955
Ent Loss	: -0.0824
Src_cls_loss	: 0.4207
Neighbors Clustering 	: 0.2572
-------------------------------------
[Epoch : 20/20]
Pr_Src_cls_loss	: 1.5201
Total_loss	: 0.5744
Ent Loss	: -0.0823
Src_cls_loss	: 0.4034
Neighbors Clustering 	: 0.2533
-------------------------------------
H_score: 0.0479, OS* (acc_c): 0.0246, UNK (acc_p): 0.9470, acc_mix: 0.3311, F1: 0.1976
Uploading logs from: /mnt/data/home/tp2474/OpenSet-AdaTime/experiments_logs/curriculum/RealWorld to MHEALTH_UniDA_hard_n2_fno_mean/DANCE_UniDA_hard_n2_fno_mean/RealWorld_to_MHEALTH_run_4
🏃 View run DANCE_run_4 at: http://127.0.0.1:5001/#/experiments/958908129315819629/runs/9989713d3a824fb087492845bc28ae6a
🧪 View experiment at: http://127.0.0.1:5001/#/experiments/958908129315819629
==================== [n2 fno_mean] PPOT ====================
[curriculum] scenario=UniDA  strategy=hard  n_unknown=2  rank_variant=fno_mean
[curriculum] source mapping (6 classes): {'lying': 'lying', 'sitting': 'sitting', 'walking': 'walking', 'running': 'running', 'climbingup': 'climbingup', 'jumping': 'jumping'}
[curriculum] target mapping (6 classes): {'Lying down': 'lying', 'Sitting and relaxing': 'sitting', 'Walking': 'walking', 'Running': 'running', 'Climbing stairs': 'Climbing stairs', 'Jogging': 'Jogging'}
[curriculum] unknowns added (in hard order): src=[climbingup,jumping] | trg=[Climbing stairs,Jogging]
[scenario] PPOT -> UniDA (uniDA=True)
Unlabeled data shape:  (2440, 150, 18)
Unlabelled Combined shape: (4196, 150, 18)

--- Dataloader Size Check ---
Source Train batches:   355
Target Train batches:   38
-------------------------------

Private classes:  tensor([6., 7.])
=============================================
Dataset: RealWorld to MHEALTH_UniDA_hard_n2_fno_mean
Method:  PPOT
=============================================
Source: RealWorld ---> Target: MHEALTH
Run ID: 0
=============================================
[Pr Epoch : 1/20]
Pr_Src_cls_loss	: 1.6123
-------------------------------------
[Pr Epoch : 2/20]
Pr_Src_cls_loss	: 1.5326
-------------------------------------
[Pr Epoch : 3/20]
Pr_Src_cls_loss	: 1.4627
-------------------------------------
[Pr Epoch : 4/20]
Pr_Src_cls_loss	: 1.3974
-------------------------------------
[Pr Epoch : 5/20]
Pr_Src_cls_loss	: 1.3366
-------------------------------------
[Pr Epoch : 6/20]
Pr_Src_cls_loss	: 1.2794
-------------------------------------
[Pr Epoch : 7/20]
Pr_Src_cls_loss	: 1.2256
-------------------------------------
[Pr Epoch : 8/20]
Pr_Src_cls_loss	: 1.1752
-------------------------------------
[Pr Epoch : 9/20]
Pr_Src_cls_loss	: 1.1278
-------------------------------------
[Pr Epoch : 10/20]
Pr_Src_cls_loss	: 1.0832
-------------------------------------
[Pr Epoch : 11/20]
Pr_Src_cls_loss	: 1.0413
-------------------------------------
[Pr Epoch : 12/20]
Pr_Src_cls_loss	: 1.0019
-------------------------------------
[Pr Epoch : 13/20]
Pr_Src_cls_loss	: 0.9648
-------------------------------------
[Pr Epoch : 14/20]
Pr_Src_cls_loss	: 0.9298
-------------------------------------
[Pr Epoch : 15/20]
Pr_Src_cls_loss	: 0.8967
-------------------------------------
[Pr Epoch : 16/20]
Pr_Src_cls_loss	: 0.8656
-------------------------------------
[Pr Epoch : 17/20]
Pr_Src_cls_loss	: 0.8362
-------------------------------------
[Pr Epoch : 18/20]
Pr_Src_cls_loss	: 0.8084
-------------------------------------
[Pr Epoch : 19/20]
Pr_Src_cls_loss	: 0.7822
-------------------------------------
[Pr Epoch : 20/20]
Pr_Src_cls_loss	: 0.7573
-------------------------------------
[Epoch : 1/20]
Pr_Src_cls_loss	: 0.7573
Total_loss	: -1.2662
OT Loss	: 0.1347
Entropic Loss	: -1.6304
Src_cls_loss	: 0.1621
-------------------------------------
[Epoch : 2/20]
Pr_Src_cls_loss	: 0.7573
Total_loss	: -1.2074
OT Loss	: 0.1603
Entropic Loss	: -1.5994
Src_cls_loss	: 0.1516
-------------------------------------
[Epoch : 3/20]
Pr_Src_cls_loss	: 0.7573
Total_loss	: -1.1734
OT Loss	: 0.1657
Entropic Loss	: -1.5818
Src_cls_loss	: 0.1599
-------------------------------------
[Epoch : 4/20]
Pr_Src_cls_loss	: 0.7573
Total_loss	: -1.0927
OT Loss	: 0.1736
Entropic Loss	: -1.5324
Src_cls_loss	: 0.1794
-------------------------------------
[Epoch : 5/20]
Pr_Src_cls_loss	: 0.7573
Total_loss	: -1.0952
OT Loss	: 0.1676
Entropic Loss	: -1.5297
Src_cls_loss	: 0.1831
-------------------------------------
[Epoch : 6/20]
Pr_Src_cls_loss	: 0.7573
Total_loss	: -1.0880
OT Loss	: 0.1682
Entropic Loss	: -1.5158
Src_cls_loss	: 0.1755
-------------------------------------
[Epoch : 7/20]
Pr_Src_cls_loss	: 0.7573
Total_loss	: -1.0110
OT Loss	: 0.1732
Entropic Loss	: -1.4443
Src_cls_loss	: 0.1735
-------------------------------------
[Epoch : 8/20]
Pr_Src_cls_loss	: 0.7573
Total_loss	: -1.0043
OT Loss	: 0.1759
Entropic Loss	: -1.4398
Src_cls_loss	: 0.1717
-------------------------------------
[Epoch : 9/20]
Pr_Src_cls_loss	: 0.7573
Total_loss	: -0.9566
OT Loss	: 0.1877
Entropic Loss	: -1.4133
Src_cls_loss	: 0.1751
-------------------------------------
[Epoch : 10/20]
Pr_Src_cls_loss	: 0.7573
Total_loss	: -0.9192
OT Loss	: 0.1904
Entropic Loss	: -1.3802
Src_cls_loss	: 0.1753
-------------------------------------
[Epoch : 11/20]
Pr_Src_cls_loss	: 0.7573
Total_loss	: -0.8749
OT Loss	: 0.1919
Entropic Loss	: -1.3382
Src_cls_loss	: 0.1755
-------------------------------------
[Epoch : 12/20]
Pr_Src_cls_loss	: 0.7573
Total_loss	: -0.8293
OT Loss	: 0.2011
Entropic Loss	: -1.3021
Src_cls_loss	: 0.1713
-------------------------------------
[Epoch : 13/20]
Pr_Src_cls_loss	: 0.7573
Total_loss	: -0.7940
OT Loss	: 0.2006
Entropic Loss	: -1.2646
Src_cls_loss	: 0.1697
-------------------------------------
[Epoch : 14/20]
Pr_Src_cls_loss	: 0.7573
Total_loss	: -0.7580
OT Loss	: 0.1995
Entropic Loss	: -1.2281
Src_cls_loss	: 0.1708
-------------------------------------
[Epoch : 15/20]
Pr_Src_cls_loss	: 0.7573
Total_loss	: -0.7242
OT Loss	: 0.2043
Entropic Loss	: -1.1992
Src_cls_loss	: 0.1686
-------------------------------------
[Epoch : 16/20]
Pr_Src_cls_loss	: 0.7573
Total_loss	: -0.6677
OT Loss	: 0.2164
Entropic Loss	: -1.1561
Src_cls_loss	: 0.1639
-------------------------------------
[Epoch : 17/20]
Pr_Src_cls_loss	: 0.7573
Total_loss	: -0.6225
OT Loss	: 0.2266
Entropic Loss	: -1.1274
Src_cls_loss	: 0.1649
-------------------------------------
[Epoch : 18/20]
Pr_Src_cls_loss	: 0.7573
Total_loss	: -0.6118
OT Loss	: 0.2253
Entropic Loss	: -1.1107
Src_cls_loss	: 0.1610
-------------------------------------
[Epoch : 19/20]
Pr_Src_cls_loss	: 0.7573
Total_loss	: -0.5906
OT Loss	: 0.2228
Entropic Loss	: -1.0816
Src_cls_loss	: 0.1569
-------------------------------------
[Epoch : 20/20]
Pr_Src_cls_loss	: 0.7573
Total_loss	: -0.5729
OT Loss	: 0.2231
Entropic Loss	: -1.0610
Src_cls_loss	: 0.1535
-------------------------------------
/mnt/data/home/tp2474/OpenSet-AdaTime/trainers/abstract_trainer.py:331: FutureWarning: The behavior of DataFrame concatenation with empty or all-NA entries is deprecated. In a future version, this will no longer exclude empty or all-NA columns when determining the result dtypes. To retain the old behavior, exclude the relevant entries before the concat operation.
  table = pd.concat([table, results_df], ignore_index=True)
H_score: 0.1274, OS* (acc_c): 0.4156, UNK (acc_p): 0.0752, acc_mix: 0.3025, F1: 0.3549
Uploading logs from: /mnt/data/home/tp2474/OpenSet-AdaTime/experiments_logs/curriculum/RealWorld to MHEALTH_UniDA_hard_n2_fno_mean/PPOT_UniDA_hard_n2_fno_mean/RealWorld_to_MHEALTH_run_0
🏃 View run PPOT_run_0 at: http://127.0.0.1:5001/#/experiments/958908129315819629/runs/13fe78864dc74ef9a4e4d8928c4a9002
🧪 View experiment at: http://127.0.0.1:5001/#/experiments/958908129315819629
=============================================
Dataset: RealWorld to MHEALTH_UniDA_hard_n2_fno_mean
Method:  PPOT
=============================================
Source: RealWorld ---> Target: MHEALTH
Run ID: 1
=============================================
[Pr Epoch : 1/20]
Pr_Src_cls_loss	: 1.6197
-------------------------------------
[Pr Epoch : 2/20]
Pr_Src_cls_loss	: 1.5412
-------------------------------------
[Pr Epoch : 3/20]
Pr_Src_cls_loss	: 1.4713
-------------------------------------
[Pr Epoch : 4/20]
Pr_Src_cls_loss	: 1.4055
-------------------------------------
[Pr Epoch : 5/20]
Pr_Src_cls_loss	: 1.3439
-------------------------------------
[Pr Epoch : 6/20]
Pr_Src_cls_loss	: 1.2861
-------------------------------------
[Pr Epoch : 7/20]
Pr_Src_cls_loss	: 1.2318
-------------------------------------
[Pr Epoch : 8/20]
Pr_Src_cls_loss	: 1.1809
-------------------------------------
[Pr Epoch : 9/20]
Pr_Src_cls_loss	: 1.1329
-------------------------------------
[Pr Epoch : 10/20]
Pr_Src_cls_loss	: 1.0879
-------------------------------------
[Pr Epoch : 11/20]
Pr_Src_cls_loss	: 1.0456
-------------------------------------
[Pr Epoch : 12/20]
Pr_Src_cls_loss	: 1.0058
-------------------------------------
[Pr Epoch : 13/20]
Pr_Src_cls_loss	: 0.9683
-------------------------------------
[Pr Epoch : 14/20]
Pr_Src_cls_loss	: 0.9331
-------------------------------------
[Pr Epoch : 15/20]
Pr_Src_cls_loss	: 0.8999
-------------------------------------
[Pr Epoch : 16/20]
Pr_Src_cls_loss	: 0.8686
-------------------------------------
[Pr Epoch : 17/20]
Pr_Src_cls_loss	: 0.8391
-------------------------------------
[Pr Epoch : 18/20]
Pr_Src_cls_loss	: 0.8113
-------------------------------------
[Pr Epoch : 19/20]
Pr_Src_cls_loss	: 0.7849
-------------------------------------
[Pr Epoch : 20/20]
Pr_Src_cls_loss	: 0.7599
-------------------------------------
[Epoch : 1/20]
Pr_Src_cls_loss	: 0.7599
Total_loss	: -0.7404
OT Loss	: 0.2301
Entropic Loss	: -1.3117
Src_cls_loss	: 0.2261
-------------------------------------
[Epoch : 2/20]
Pr_Src_cls_loss	: 0.7599
Total_loss	: -0.5830
OT Loss	: 0.2348
Entropic Loss	: -1.1715
Src_cls_loss	: 0.2363
-------------------------------------
[Epoch : 3/20]
Pr_Src_cls_loss	: 0.7599
Total_loss	: -0.5548
OT Loss	: 0.2331
Entropic Loss	: -1.1520
Src_cls_loss	: 0.2475
-------------------------------------
[Epoch : 4/20]
Pr_Src_cls_loss	: 0.7599
Total_loss	: -0.5232
OT Loss	: 0.2227
Entropic Loss	: -1.0928
Src_cls_loss	: 0.2357
-------------------------------------
[Epoch : 5/20]
Pr_Src_cls_loss	: 0.7599
Total_loss	: -0.4957
OT Loss	: 0.2205
Entropic Loss	: -1.0485
Src_cls_loss	: 0.2221
-------------------------------------
[Epoch : 6/20]
Pr_Src_cls_loss	: 0.7599
Total_loss	: -0.5332
OT Loss	: 0.2198
Entropic Loss	: -1.0754
Src_cls_loss	: 0.2125
-------------------------------------
[Epoch : 7/20]
Pr_Src_cls_loss	: 0.7599
Total_loss	: -0.5207
OT Loss	: 0.2157
Entropic Loss	: -1.0540
Src_cls_loss	: 0.2096
-------------------------------------
[Epoch : 8/20]
Pr_Src_cls_loss	: 0.7599
Total_loss	: -0.5118
OT Loss	: 0.2140
Entropic Loss	: -1.0456
Src_cls_loss	: 0.2128
-------------------------------------
[Epoch : 9/20]
Pr_Src_cls_loss	: 0.7599
Total_loss	: -0.4858
OT Loss	: 0.2142
Entropic Loss	: -1.0135
Src_cls_loss	: 0.2065
-------------------------------------
[Epoch : 10/20]
Pr_Src_cls_loss	: 0.7599
Total_loss	: -0.4667
OT Loss	: 0.2174
Entropic Loss	: -0.9952
Src_cls_loss	: 0.2024
-------------------------------------
[Epoch : 11/20]
Pr_Src_cls_loss	: 0.7599
Total_loss	: -0.4332
OT Loss	: 0.2232
Entropic Loss	: -0.9657
Src_cls_loss	: 0.1977
-------------------------------------
[Epoch : 12/20]
Pr_Src_cls_loss	: 0.7599
Total_loss	: -0.4192
OT Loss	: 0.2230
Entropic Loss	: -0.9464
Src_cls_loss	: 0.1928
-------------------------------------
[Epoch : 13/20]
Pr_Src_cls_loss	: 0.7599
Total_loss	: -0.3893
OT Loss	: 0.2262
Entropic Loss	: -0.9229
Src_cls_loss	: 0.1943
-------------------------------------
[Epoch : 14/20]
Pr_Src_cls_loss	: 0.7599
Total_loss	: -0.3534
OT Loss	: 0.2290
Entropic Loss	: -0.8896
Src_cls_loss	: 0.1927
-------------------------------------
[Epoch : 15/20]
Pr_Src_cls_loss	: 0.7599
Total_loss	: -0.3420
OT Loss	: 0.2274
Entropic Loss	: -0.8806
Src_cls_loss	: 0.1976
-------------------------------------
[Epoch : 16/20]
Pr_Src_cls_loss	: 0.7599
Total_loss	: -0.3242
OT Loss	: 0.2250
Entropic Loss	: -0.8562
Src_cls_loss	: 0.1945
-------------------------------------
[Epoch : 17/20]
Pr_Src_cls_loss	: 0.7599
Total_loss	: -0.3020
OT Loss	: 0.2239
Entropic Loss	: -0.8271
Src_cls_loss	: 0.1893
-------------------------------------
[Epoch : 18/20]
Pr_Src_cls_loss	: 0.7599
Total_loss	: -0.2739
OT Loss	: 0.2295
Entropic Loss	: -0.8043
Src_cls_loss	: 0.1862
-------------------------------------
[Epoch : 19/20]
Pr_Src_cls_loss	: 0.7599
Total_loss	: -0.2666
OT Loss	: 0.2274
Entropic Loss	: -0.7882
Src_cls_loss	: 0.1804
-------------------------------------
[Epoch : 20/20]
Pr_Src_cls_loss	: 0.7599
Total_loss	: -0.2453
OT Loss	: 0.2347
Entropic Loss	: -0.7727
Src_cls_loss	: 0.1753
-------------------------------------
H_score: 0.2437, OS* (acc_c): 0.2719, UNK (acc_p): 0.2207, acc_mix: 0.2549, F1: 0.3068
Uploading logs from: /mnt/data/home/tp2474/OpenSet-AdaTime/experiments_logs/curriculum/RealWorld to MHEALTH_UniDA_hard_n2_fno_mean/PPOT_UniDA_hard_n2_fno_mean/RealWorld_to_MHEALTH_run_1
🏃 View run PPOT_run_1 at: http://127.0.0.1:5001/#/experiments/958908129315819629/runs/914b59c289214b65996b187700a31ba3
🧪 View experiment at: http://127.0.0.1:5001/#/experiments/958908129315819629
=============================================
Dataset: RealWorld to MHEALTH_UniDA_hard_n2_fno_mean
Method:  PPOT
=============================================
Source: RealWorld ---> Target: MHEALTH
Run ID: 2
=============================================
[Pr Epoch : 1/20]
Pr_Src_cls_loss	: 1.6220
-------------------------------------
[Pr Epoch : 2/20]
Pr_Src_cls_loss	: 1.5417
-------------------------------------
[Pr Epoch : 3/20]
Pr_Src_cls_loss	: 1.4703
-------------------------------------
[Pr Epoch : 4/20]
Pr_Src_cls_loss	: 1.4039
-------------------------------------
[Pr Epoch : 5/20]
Pr_Src_cls_loss	: 1.3419
-------------------------------------
[Pr Epoch : 6/20]
Pr_Src_cls_loss	: 1.2837
-------------------------------------
[Pr Epoch : 7/20]
Pr_Src_cls_loss	: 1.2290
-------------------------------------
[Pr Epoch : 8/20]
Pr_Src_cls_loss	: 1.1778
-------------------------------------
[Pr Epoch : 9/20]
Pr_Src_cls_loss	: 1.1298
-------------------------------------
[Pr Epoch : 10/20]
Pr_Src_cls_loss	: 1.0847
-------------------------------------
[Pr Epoch : 11/20]
Pr_Src_cls_loss	: 1.0424
-------------------------------------
[Pr Epoch : 12/20]
Pr_Src_cls_loss	: 1.0026
-------------------------------------
[Pr Epoch : 13/20]
Pr_Src_cls_loss	: 0.9651
-------------------------------------
[Pr Epoch : 14/20]
Pr_Src_cls_loss	: 0.9298
-------------------------------------
[Pr Epoch : 15/20]
Pr_Src_cls_loss	: 0.8966
-------------------------------------
[Pr Epoch : 16/20]
Pr_Src_cls_loss	: 0.8651
-------------------------------------
[Pr Epoch : 17/20]
Pr_Src_cls_loss	: 0.8355
-------------------------------------
[Pr Epoch : 18/20]
Pr_Src_cls_loss	: 0.8076
-------------------------------------
[Pr Epoch : 19/20]
Pr_Src_cls_loss	: 0.7812
-------------------------------------
[Pr Epoch : 20/20]
Pr_Src_cls_loss	: 0.7562
-------------------------------------
[Epoch : 1/20]
Pr_Src_cls_loss	: 0.7562
Total_loss	: -0.8542
OT Loss	: 0.1974
Entropic Loss	: -1.4521
Src_cls_loss	: 0.3018
-------------------------------------
[Epoch : 2/20]
Pr_Src_cls_loss	: 0.7562
Total_loss	: -0.8847
OT Loss	: 0.2125
Entropic Loss	: -1.4660
Src_cls_loss	: 0.2625
-------------------------------------
[Epoch : 3/20]
Pr_Src_cls_loss	: 0.7562
Total_loss	: -0.8633
OT Loss	: 0.2131
Entropic Loss	: -1.4484
Src_cls_loss	: 0.2655
-------------------------------------
[Epoch : 4/20]
Pr_Src_cls_loss	: 0.7562
Total_loss	: -0.7753
OT Loss	: 0.2145
Entropic Loss	: -1.3819
Src_cls_loss	: 0.2849
-------------------------------------
[Epoch : 5/20]
Pr_Src_cls_loss	: 0.7562
Total_loss	: -0.7410
OT Loss	: 0.2089
Entropic Loss	: -1.3319
Src_cls_loss	: 0.2775
-------------------------------------
[Epoch : 6/20]
Pr_Src_cls_loss	: 0.7562
Total_loss	: -0.7423
OT Loss	: 0.2056
Entropic Loss	: -1.3139
Src_cls_loss	: 0.2631
-------------------------------------
[Epoch : 7/20]
Pr_Src_cls_loss	: 0.7562
Total_loss	: -0.7497
OT Loss	: 0.2015
Entropic Loss	: -1.3022
Src_cls_loss	: 0.2502
-------------------------------------
[Epoch : 8/20]
Pr_Src_cls_loss	: 0.7562
Total_loss	: -0.7317
OT Loss	: 0.2049
Entropic Loss	: -1.2789
Src_cls_loss	: 0.2399
-------------------------------------
[Epoch : 9/20]
Pr_Src_cls_loss	: 0.7562
Total_loss	: -0.6638
OT Loss	: 0.2154
Entropic Loss	: -1.2244
Src_cls_loss	: 0.2375
-------------------------------------
[Epoch : 10/20]
Pr_Src_cls_loss	: 0.7562
Total_loss	: -0.6850
OT Loss	: 0.2177
Entropic Loss	: -1.2383
Src_cls_loss	: 0.2266
-------------------------------------
[Epoch : 11/20]
Pr_Src_cls_loss	: 0.7562
Total_loss	: -0.6930
OT Loss	: 0.2168
Entropic Loss	: -1.2387
Src_cls_loss	: 0.2206
-------------------------------------
[Epoch : 12/20]
Pr_Src_cls_loss	: 0.7562
Total_loss	: -0.6845
OT Loss	: 0.2196
Entropic Loss	: -1.2297
Src_cls_loss	: 0.2158
-------------------------------------
[Epoch : 13/20]
Pr_Src_cls_loss	: 0.7562
Total_loss	: -0.6616
OT Loss	: 0.2218
Entropic Loss	: -1.2159
Src_cls_loss	: 0.2216
-------------------------------------
[Epoch : 14/20]
Pr_Src_cls_loss	: 0.7562
Total_loss	: -0.6561
OT Loss	: 0.2183
Entropic Loss	: -1.1961
Src_cls_loss	: 0.2126
-------------------------------------
[Epoch : 15/20]
Pr_Src_cls_loss	: 0.7562
Total_loss	: -0.6649
OT Loss	: 0.2171
Entropic Loss	: -1.1944
Src_cls_loss	: 0.2038
-------------------------------------
[Epoch : 16/20]
Pr_Src_cls_loss	: 0.7562
Total_loss	: -0.6576
OT Loss	: 0.2184
Entropic Loss	: -1.1839
Src_cls_loss	: 0.1987
-------------------------------------
[Epoch : 17/20]
Pr_Src_cls_loss	: 0.7562
Total_loss	: -0.6278
OT Loss	: 0.2255
Entropic Loss	: -1.1602
Src_cls_loss	: 0.1942
-------------------------------------
[Epoch : 18/20]
Pr_Src_cls_loss	: 0.7562
Total_loss	: -0.6130
OT Loss	: 0.2239
Entropic Loss	: -1.1392
Src_cls_loss	: 0.1904
-------------------------------------
[Epoch : 19/20]
Pr_Src_cls_loss	: 0.7562
Total_loss	: -0.5946
OT Loss	: 0.2231
Entropic Loss	: -1.1147
Src_cls_loss	: 0.1854
-------------------------------------
[Epoch : 20/20]
Pr_Src_cls_loss	: 0.7562
Total_loss	: -0.5819
OT Loss	: 0.2226
Entropic Loss	: -1.0950
Src_cls_loss	: 0.1792
-------------------------------------
H_score: 0.3007, OS* (acc_c): 0.2701, UNK (acc_p): 0.3391, acc_mix: 0.2930, F1: 0.3407
Uploading logs from: /mnt/data/home/tp2474/OpenSet-AdaTime/experiments_logs/curriculum/RealWorld to MHEALTH_UniDA_hard_n2_fno_mean/PPOT_UniDA_hard_n2_fno_mean/RealWorld_to_MHEALTH_run_2
🏃 View run PPOT_run_2 at: http://127.0.0.1:5001/#/experiments/958908129315819629/runs/b457c14cc36043e78c8d46538876478a
🧪 View experiment at: http://127.0.0.1:5001/#/experiments/958908129315819629
=============================================
Dataset: RealWorld to MHEALTH_UniDA_hard_n2_fno_mean
Method:  PPOT
=============================================
Source: RealWorld ---> Target: MHEALTH
Run ID: 3
=============================================
[Pr Epoch : 1/20]
Pr_Src_cls_loss	: 1.5976
-------------------------------------
[Pr Epoch : 2/20]
Pr_Src_cls_loss	: 1.5195
-------------------------------------
[Pr Epoch : 3/20]
Pr_Src_cls_loss	: 1.4500
-------------------------------------
[Pr Epoch : 4/20]
Pr_Src_cls_loss	: 1.3859
-------------------------------------
[Pr Epoch : 5/20]
Pr_Src_cls_loss	: 1.3257
-------------------------------------
[Pr Epoch : 6/20]
Pr_Src_cls_loss	: 1.2693
-------------------------------------
[Pr Epoch : 7/20]
Pr_Src_cls_loss	: 1.2163
-------------------------------------
[Pr Epoch : 8/20]
Pr_Src_cls_loss	: 1.1667
-------------------------------------
[Pr Epoch : 9/20]
Pr_Src_cls_loss	: 1.1200
-------------------------------------
[Pr Epoch : 10/20]
Pr_Src_cls_loss	: 1.0762
-------------------------------------
[Pr Epoch : 11/20]
Pr_Src_cls_loss	: 1.0348
-------------------------------------
[Pr Epoch : 12/20]
Pr_Src_cls_loss	: 0.9962
-------------------------------------
[Pr Epoch : 13/20]
Pr_Src_cls_loss	: 0.9595
-------------------------------------
[Pr Epoch : 14/20]
Pr_Src_cls_loss	: 0.9249
-------------------------------------
[Pr Epoch : 15/20]
Pr_Src_cls_loss	: 0.8924
-------------------------------------
[Pr Epoch : 16/20]
Pr_Src_cls_loss	: 0.8617
-------------------------------------
[Pr Epoch : 17/20]
Pr_Src_cls_loss	: 0.8326
-------------------------------------
[Pr Epoch : 18/20]
Pr_Src_cls_loss	: 0.8052
-------------------------------------
[Pr Epoch : 19/20]
Pr_Src_cls_loss	: 0.7792
-------------------------------------
[Pr Epoch : 20/20]
Pr_Src_cls_loss	: 0.7546
-------------------------------------
[Epoch : 1/20]
Pr_Src_cls_loss	: 0.7546
Total_loss	: -1.1324
OT Loss	: 0.1593
Entropic Loss	: -1.5524
Src_cls_loss	: 0.1810
-------------------------------------
[Epoch : 2/20]
Pr_Src_cls_loss	: 0.7546
Total_loss	: -0.8971
OT Loss	: 0.1904
Entropic Loss	: -1.4138
Src_cls_loss	: 0.2311
-------------------------------------
[Epoch : 3/20]
Pr_Src_cls_loss	: 0.7546
Total_loss	: -0.8435
OT Loss	: 0.1981
Entropic Loss	: -1.3597
Src_cls_loss	: 0.2190
-------------------------------------
[Epoch : 4/20]
Pr_Src_cls_loss	: 0.7546
Total_loss	: -0.7970
OT Loss	: 0.1982
Entropic Loss	: -1.3567
Src_cls_loss	: 0.2624
-------------------------------------
[Epoch : 5/20]
Pr_Src_cls_loss	: 0.7546
Total_loss	: -0.7945
OT Loss	: 0.1959
Entropic Loss	: -1.3464
Src_cls_loss	: 0.2580
-------------------------------------
[Epoch : 6/20]
Pr_Src_cls_loss	: 0.7546
Total_loss	: -0.8401
OT Loss	: 0.1939
Entropic Loss	: -1.3805
Src_cls_loss	: 0.2494
-------------------------------------
[Epoch : 7/20]
Pr_Src_cls_loss	: 0.7546
Total_loss	: -0.7942
OT Loss	: 0.1929
Entropic Loss	: -1.3194
Src_cls_loss	: 0.2358
-------------------------------------
[Epoch : 8/20]
Pr_Src_cls_loss	: 0.7546
Total_loss	: -0.7780
OT Loss	: 0.1893
Entropic Loss	: -1.2945
Src_cls_loss	: 0.2326
-------------------------------------
[Epoch : 9/20]
Pr_Src_cls_loss	: 0.7546
Total_loss	: -0.7740
OT Loss	: 0.1890
Entropic Loss	: -1.2858
Src_cls_loss	: 0.2283
-------------------------------------
[Epoch : 10/20]
Pr_Src_cls_loss	: 0.7546
Total_loss	: -0.7828
OT Loss	: 0.1915
Entropic Loss	: -1.2929
Src_cls_loss	: 0.2228
-------------------------------------
[Epoch : 11/20]
Pr_Src_cls_loss	: 0.7546
Total_loss	: -0.7597
OT Loss	: 0.1957
Entropic Loss	: -1.2742
Src_cls_loss	: 0.2210
-------------------------------------
[Epoch : 12/20]
Pr_Src_cls_loss	: 0.7546
Total_loss	: -0.7641
OT Loss	: 0.1955
Entropic Loss	: -1.2736
Src_cls_loss	: 0.2162
-------------------------------------
[Epoch : 13/20]
Pr_Src_cls_loss	: 0.7546
Total_loss	: -0.7578
OT Loss	: 0.1972
Entropic Loss	: -1.2623
Src_cls_loss	: 0.2087
-------------------------------------
[Epoch : 14/20]
Pr_Src_cls_loss	: 0.7546
Total_loss	: -0.7396
OT Loss	: 0.1949
Entropic Loss	: -1.2367
Src_cls_loss	: 0.2047
-------------------------------------
[Epoch : 15/20]
Pr_Src_cls_loss	: 0.7546
Total_loss	: -0.7362
OT Loss	: 0.1919
Entropic Loss	: -1.2231
Src_cls_loss	: 0.1992
-------------------------------------
[Epoch : 16/20]
Pr_Src_cls_loss	: 0.7546
Total_loss	: -0.7266
OT Loss	: 0.1914
Entropic Loss	: -1.2067
Src_cls_loss	: 0.1930
-------------------------------------
[Epoch : 17/20]
Pr_Src_cls_loss	: 0.7546
Total_loss	: -0.7157
OT Loss	: 0.1907
Entropic Loss	: -1.1951
Src_cls_loss	: 0.1934
-------------------------------------
[Epoch : 18/20]
Pr_Src_cls_loss	: 0.7546
Total_loss	: -0.7186
OT Loss	: 0.1897
Entropic Loss	: -1.1920
Src_cls_loss	: 0.1888
-------------------------------------
[Epoch : 19/20]
Pr_Src_cls_loss	: 0.7546
Total_loss	: -0.6970
OT Loss	: 0.1890
Entropic Loss	: -1.1655
Src_cls_loss	: 0.1850
-------------------------------------
[Epoch : 20/20]
Pr_Src_cls_loss	: 0.7546
Total_loss	: -0.6842
OT Loss	: 0.1931
Entropic Loss	: -1.1555
Src_cls_loss	: 0.1817
-------------------------------------
H_score: 0.1999, OS* (acc_c): 0.1479, UNK (acc_p): 0.3083, acc_mix: 0.2012, F1: 0.2201
Uploading logs from: /mnt/data/home/tp2474/OpenSet-AdaTime/experiments_logs/curriculum/RealWorld to MHEALTH_UniDA_hard_n2_fno_mean/PPOT_UniDA_hard_n2_fno_mean/RealWorld_to_MHEALTH_run_3
🏃 View run PPOT_run_3 at: http://127.0.0.1:5001/#/experiments/958908129315819629/runs/c8e07c03d7494944b5a1de90a794edd3
🧪 View experiment at: http://127.0.0.1:5001/#/experiments/958908129315819629
=============================================
Dataset: RealWorld to MHEALTH_UniDA_hard_n2_fno_mean
Method:  PPOT
=============================================
Source: RealWorld ---> Target: MHEALTH
Run ID: 4
=============================================
[Pr Epoch : 1/20]
Pr_Src_cls_loss	: 1.6057
-------------------------------------
[Pr Epoch : 2/20]
Pr_Src_cls_loss	: 1.5261
-------------------------------------
[Pr Epoch : 3/20]
Pr_Src_cls_loss	: 1.4559
-------------------------------------
[Pr Epoch : 4/20]
Pr_Src_cls_loss	: 1.3911
-------------------------------------
[Pr Epoch : 5/20]
Pr_Src_cls_loss	: 1.3304
-------------------------------------
[Pr Epoch : 6/20]
Pr_Src_cls_loss	: 1.2734
-------------------------------------
[Pr Epoch : 7/20]
Pr_Src_cls_loss	: 1.2198
-------------------------------------
[Pr Epoch : 8/20]
Pr_Src_cls_loss	: 1.1696
-------------------------------------
[Pr Epoch : 9/20]
Pr_Src_cls_loss	: 1.1225
-------------------------------------
[Pr Epoch : 10/20]
Pr_Src_cls_loss	: 1.0782
-------------------------------------
[Pr Epoch : 11/20]
Pr_Src_cls_loss	: 1.0364
-------------------------------------
[Pr Epoch : 12/20]
Pr_Src_cls_loss	: 0.9972
-------------------------------------
[Pr Epoch : 13/20]
Pr_Src_cls_loss	: 0.9603
-------------------------------------
[Pr Epoch : 14/20]
Pr_Src_cls_loss	: 0.9255
-------------------------------------
[Pr Epoch : 15/20]
Pr_Src_cls_loss	: 0.8927
-------------------------------------
[Pr Epoch : 16/20]
Pr_Src_cls_loss	: 0.8619
-------------------------------------
[Pr Epoch : 17/20]
Pr_Src_cls_loss	: 0.8327
-------------------------------------
[Pr Epoch : 18/20]
Pr_Src_cls_loss	: 0.8052
-------------------------------------
[Pr Epoch : 19/20]
Pr_Src_cls_loss	: 0.7791
-------------------------------------
[Pr Epoch : 20/20]
Pr_Src_cls_loss	: 0.7544
-------------------------------------
[Epoch : 1/20]
Pr_Src_cls_loss	: 0.7544
Total_loss	: -0.9237
OT Loss	: 0.1793
Entropic Loss	: -1.4364
Src_cls_loss	: 0.2438
-------------------------------------
[Epoch : 2/20]
Pr_Src_cls_loss	: 0.7544
Total_loss	: -0.6962
OT Loss	: 0.1942
Entropic Loss	: -1.2452
Src_cls_loss	: 0.2576
-------------------------------------
[Epoch : 3/20]
Pr_Src_cls_loss	: 0.7544
Total_loss	: -0.6609
OT Loss	: 0.1993
Entropic Loss	: -1.2200
Src_cls_loss	: 0.2601
-------------------------------------
[Epoch : 4/20]
Pr_Src_cls_loss	: 0.7544
Total_loss	: -0.6820
OT Loss	: 0.1999
Entropic Loss	: -1.2378
Src_cls_loss	: 0.2559
-------------------------------------
[Epoch : 5/20]
Pr_Src_cls_loss	: 0.7544
Total_loss	: -0.6932
OT Loss	: 0.1936
Entropic Loss	: -1.2239
Src_cls_loss	: 0.2402
-------------------------------------
[Epoch : 6/20]
Pr_Src_cls_loss	: 0.7544
Total_loss	: -0.6933
OT Loss	: 0.1988
Entropic Loss	: -1.2417
Src_cls_loss	: 0.2502
-------------------------------------
[Epoch : 7/20]
Pr_Src_cls_loss	: 0.7544
Total_loss	: -0.6284
OT Loss	: 0.2085
Entropic Loss	: -1.1841
Src_cls_loss	: 0.2430
-------------------------------------
[Epoch : 8/20]
Pr_Src_cls_loss	: 0.7544
Total_loss	: -0.5888
OT Loss	: 0.2145
Entropic Loss	: -1.1423
Src_cls_loss	: 0.2318
-------------------------------------
[Epoch : 9/20]
Pr_Src_cls_loss	: 0.7544
Total_loss	: -0.5471
OT Loss	: 0.2216
Entropic Loss	: -1.1045
Src_cls_loss	: 0.2249
-------------------------------------
[Epoch : 10/20]
Pr_Src_cls_loss	: 0.7544
Total_loss	: -0.5229
OT Loss	: 0.2258
Entropic Loss	: -1.0804
Src_cls_loss	: 0.2188
-------------------------------------
[Epoch : 11/20]
Pr_Src_cls_loss	: 0.7544
Total_loss	: -0.5136
OT Loss	: 0.2242
Entropic Loss	: -1.0597
Src_cls_loss	: 0.2097
-------------------------------------
[Epoch : 12/20]
Pr_Src_cls_loss	: 0.7544
Total_loss	: -0.5096
OT Loss	: 0.2243
Entropic Loss	: -1.0508
Src_cls_loss	: 0.2047
-------------------------------------
[Epoch : 13/20]
Pr_Src_cls_loss	: 0.7544
Total_loss	: -0.4984
OT Loss	: 0.2241
Entropic Loss	: -1.0322
Src_cls_loss	: 0.1978
-------------------------------------
[Epoch : 14/20]
Pr_Src_cls_loss	: 0.7544
Total_loss	: -0.4808
OT Loss	: 0.2232
Entropic Loss	: -1.0153
Src_cls_loss	: 0.1998
-------------------------------------
[Epoch : 15/20]
Pr_Src_cls_loss	: 0.7544
Total_loss	: -0.4637
OT Loss	: 0.2206
Entropic Loss	: -0.9905
Src_cls_loss	: 0.1959
-------------------------------------
[Epoch : 16/20]
Pr_Src_cls_loss	: 0.7544
Total_loss	: -0.4626
OT Loss	: 0.2191
Entropic Loss	: -0.9823
Src_cls_loss	: 0.1911
-------------------------------------
[Epoch : 17/20]
Pr_Src_cls_loss	: 0.7544
Total_loss	: -0.4588
OT Loss	: 0.2213
Entropic Loss	: -0.9754
Src_cls_loss	: 0.1847
-------------------------------------
[Epoch : 18/20]
Pr_Src_cls_loss	: 0.7544
Total_loss	: -0.4506
OT Loss	: 0.2198
Entropic Loss	: -0.9610
Src_cls_loss	: 0.1807
-------------------------------------
[Epoch : 19/20]
Pr_Src_cls_loss	: 0.7544
Total_loss	: -0.4469
OT Loss	: 0.2182
Entropic Loss	: -0.9535
Src_cls_loss	: 0.1793
-------------------------------------
[Epoch : 20/20]
Pr_Src_cls_loss	: 0.7544
Total_loss	: -0.4403
OT Loss	: 0.2177
Entropic Loss	: -0.9422
Src_cls_loss	: 0.1754
-------------------------------------
H_score: 0.2236, OS* (acc_c): 0.2413, UNK (acc_p): 0.2084, acc_mix: 0.2303, F1: 0.2709
Uploading logs from: /mnt/data/home/tp2474/OpenSet-AdaTime/experiments_logs/curriculum/RealWorld to MHEALTH_UniDA_hard_n2_fno_mean/PPOT_UniDA_hard_n2_fno_mean/RealWorld_to_MHEALTH_run_4
🏃 View run PPOT_run_4 at: http://127.0.0.1:5001/#/experiments/958908129315819629/runs/e6d5ef8e563142a2a4142090a5191f82
🧪 View experiment at: http://127.0.0.1:5001/#/experiments/958908129315819629
==================== [n2 fno_mean] UniOT ====================
[curriculum] scenario=UniDA  strategy=hard  n_unknown=2  rank_variant=fno_mean
[curriculum] source mapping (6 classes): {'lying': 'lying', 'sitting': 'sitting', 'walking': 'walking', 'running': 'running', 'climbingup': 'climbingup', 'jumping': 'jumping'}
[curriculum] target mapping (6 classes): {'Lying down': 'lying', 'Sitting and relaxing': 'sitting', 'Walking': 'walking', 'Running': 'running', 'Climbing stairs': 'Climbing stairs', 'Jogging': 'Jogging'}
[curriculum] unknowns added (in hard order): src=[climbingup,jumping] | trg=[Climbing stairs,Jogging]
[scenario] UniOT -> UniDA (uniDA=True)
Unlabeled data shape:  (2440, 150, 18)
Unlabelled Combined shape: (4196, 150, 18)

--- Dataloader Size Check ---
Source Train batches:   710
Target Train batches:   76
-------------------------------

Private classes:  tensor([6., 7.])
=============================================
Dataset: RealWorld to MHEALTH_UniDA_hard_n2_fno_mean
Method:  UniOT
=============================================
Source: RealWorld ---> Target: MHEALTH
Run ID: 0
=============================================
[Pr Epoch : 1/20]
Pr_Src_cls_loss	: 0.2343
-------------------------------------
[Pr Epoch : 2/20]
Pr_Src_cls_loss	: 0.1834
-------------------------------------
[Pr Epoch : 3/20]
Pr_Src_cls_loss	: 0.1542
-------------------------------------
[Pr Epoch : 4/20]
Pr_Src_cls_loss	: 0.1388
-------------------------------------
[Pr Epoch : 5/20]
Pr_Src_cls_loss	: 0.1271
-------------------------------------
[Pr Epoch : 6/20]
Pr_Src_cls_loss	: 0.1190
-------------------------------------
[Pr Epoch : 7/20]
Pr_Src_cls_loss	: 0.1124
-------------------------------------
[Pr Epoch : 8/20]
Pr_Src_cls_loss	: 0.1066
-------------------------------------
[Pr Epoch : 9/20]
Pr_Src_cls_loss	: 0.1017
-------------------------------------
[Pr Epoch : 10/20]
Pr_Src_cls_loss	: 0.0973
-------------------------------------
[Pr Epoch : 11/20]
Pr_Src_cls_loss	: 0.0942
-------------------------------------
[Pr Epoch : 12/20]
Pr_Src_cls_loss	: 0.0909
-------------------------------------
[Pr Epoch : 13/20]
Pr_Src_cls_loss	: 0.0882
-------------------------------------
[Pr Epoch : 14/20]
Pr_Src_cls_loss	: 0.0856
-------------------------------------
[Pr Epoch : 15/20]
Pr_Src_cls_loss	: 0.0834
-------------------------------------
[Pr Epoch : 16/20]
Pr_Src_cls_loss	: 0.0811
-------------------------------------
[Pr Epoch : 17/20]
Pr_Src_cls_loss	: 0.0792
-------------------------------------
[Pr Epoch : 18/20]
Pr_Src_cls_loss	: 0.0774
-------------------------------------
[Pr Epoch : 19/20]
Pr_Src_cls_loss	: 0.0758
-------------------------------------
[Pr Epoch : 20/20]
Pr_Src_cls_loss	: 0.0742
-------------------------------------
/mnt/data/home/tp2474/OpenSet-AdaTime/algorithms/algorithms.py:1401: UserWarning: Implicit dimension choice for log_softmax has been deprecated. Change the call to include dim=X as an argument.
  sub_loss_local += -torch.sum(neighbor_Q[i, :] * F.log_softmax(after_cluhead_t[i, :]))
/mnt/data/home/tp2474/OpenSet-AdaTime/algorithms/algorithms.py:1402: UserWarning: Implicit dimension choice for log_softmax has been deprecated. Change the call to include dim=X as an argument.
  sub_loss_local += -torch.sum(anchor_Q[i, :] * F.log_softmax(neighbor_output[i, :]))
[Epoch : 1/20]
Pr_Src_cls_loss	: 0.0742
Total_loss	: 0.0462
loss_cls	: 0.0460
loss_PCD	: 4.1323
loss_CCD	: 0.0006
-------------------------------------
[Epoch : 2/20]
Pr_Src_cls_loss	: 0.0742
Total_loss	: 0.0478
loss_cls	: 0.0476
loss_PCD	: 4.1785
loss_CCD	: 0.0005
-------------------------------------
[Epoch : 3/20]
Pr_Src_cls_loss	: 0.0742
Total_loss	: 0.0455
loss_cls	: 0.0454
loss_PCD	: 4.1709
loss_CCD	: 0.0004
-------------------------------------
[Epoch : 4/20]
Pr_Src_cls_loss	: 0.0742
Total_loss	: 0.0442
loss_cls	: 0.0441
loss_PCD	: 4.1804
loss_CCD	: 0.0003
-------------------------------------
[Epoch : 5/20]
Pr_Src_cls_loss	: 0.0742
Total_loss	: 0.0433
loss_cls	: 0.0432
loss_PCD	: 4.1944
loss_CCD	: 0.0003
-------------------------------------
[Epoch : 6/20]
Pr_Src_cls_loss	: 0.0742
Total_loss	: 0.0426
loss_cls	: 0.0425
loss_PCD	: 4.2126
loss_CCD	: 0.0003
-------------------------------------
[Epoch : 7/20]
Pr_Src_cls_loss	: 0.0742
Total_loss	: 0.0423
loss_cls	: 0.0422
loss_PCD	: 4.2340
loss_CCD	: 0.0003
-------------------------------------
[Epoch : 8/20]
Pr_Src_cls_loss	: 0.0742
Total_loss	: 0.0423
loss_cls	: 0.0422
loss_PCD	: 4.2426
loss_CCD	: 0.0003
-------------------------------------
[Epoch : 9/20]
Pr_Src_cls_loss	: 0.0742
Total_loss	: 0.0419
loss_cls	: 0.0418
loss_PCD	: 4.2516
loss_CCD	: 0.0003
Src_cls_loss	: 0.0000
-------------------------------------
[Epoch : 10/20]
Pr_Src_cls_loss	: 0.0742
Total_loss	: 0.0418
loss_cls	: 0.0417
loss_PCD	: 4.2644
loss_CCD	: 0.0003
Src_cls_loss	: 0.0000
-------------------------------------
[Epoch : 11/20]
Pr_Src_cls_loss	: 0.0742
Total_loss	: 0.0414
loss_cls	: 0.0413
loss_PCD	: 4.2795
loss_CCD	: 0.0003
Src_cls_loss	: 0.0000
-------------------------------------
[Epoch : 12/20]
Pr_Src_cls_loss	: 0.0742
Total_loss	: 0.0412
loss_cls	: 0.0411
loss_PCD	: 4.2930
loss_CCD	: 0.0003
Src_cls_loss	: 0.0000
-------------------------------------
[Epoch : 13/20]
Pr_Src_cls_loss	: 0.0742
Total_loss	: 0.0410
loss_cls	: 0.0409
loss_PCD	: 4.3065
loss_CCD	: 0.0003
Src_cls_loss	: 0.0000
-------------------------------------
[Epoch : 14/20]
Pr_Src_cls_loss	: 0.0742
Total_loss	: 0.0410
loss_cls	: 0.0409
loss_PCD	: 4.3154
loss_CCD	: 0.0002
Src_cls_loss	: 0.0000
-------------------------------------
[Epoch : 15/20]
Pr_Src_cls_loss	: 0.0742
Total_loss	: 0.0407
loss_cls	: 0.0407
loss_PCD	: 4.3209
loss_CCD	: 0.0002
Src_cls_loss	: 0.0000
-------------------------------------
/home/tp2474/miniconda3/envs/myenv/lib/python3.9/site-packages/ot/backend.py:1203: RuntimeWarning: overflow encountered in exp
  return np.exp(a)
/home/tp2474/miniconda3/envs/myenv/lib/python3.9/site-packages/ot/unbalanced/_sinkhorn.py:770: UserWarning: Numerical errors at iteration 0
  warnings.warn("Numerical errors at iteration %s" % i)
[Epoch : 16/20]
Pr_Src_cls_loss	: 0.0742
Total_loss	: 0.0404
loss_cls	: 0.0403
loss_PCD	: 4.3308
loss_CCD	: 0.0002
Src_cls_loss	: 0.0000
-------------------------------------
[Epoch : 17/20]
Pr_Src_cls_loss	: 0.0742
Total_loss	: 0.0402
loss_cls	: 0.0401
loss_PCD	: 4.3425
loss_CCD	: 0.0002
Src_cls_loss	: 0.0000
-------------------------------------
[Epoch : 18/20]
Pr_Src_cls_loss	: 0.0742
Total_loss	: 0.0399
loss_cls	: 0.0398
loss_PCD	: 4.3508
loss_CCD	: 0.0002
Src_cls_loss	: 0.0000
-------------------------------------
[Epoch : 19/20]
Pr_Src_cls_loss	: 0.0742
Total_loss	: 0.0397
loss_cls	: 0.0396
loss_PCD	: 4.3637
loss_CCD	: 0.0002
Src_cls_loss	: 0.0000
-------------------------------------
[Epoch : 20/20]
Pr_Src_cls_loss	: 0.0742
Total_loss	: 0.0396
loss_cls	: 0.0395
loss_PCD	: 4.3695
loss_CCD	: 0.0002
Src_cls_loss	: 0.0000
-------------------------------------
/mnt/data/home/tp2474/OpenSet-AdaTime/trainers/abstract_trainer.py:331: FutureWarning: The behavior of DataFrame concatenation with empty or all-NA entries is deprecated. In a future version, this will no longer exclude empty or all-NA columns when determining the result dtypes. To retain the old behavior, exclude the relevant entries before the concat operation.
  table = pd.concat([table, results_df], ignore_index=True)
H_score: 0.0000, OS* (acc_c): 0.0000, UNK (acc_p): 1.0000, acc_mix: 0.3324, F1: 0.1658
Uploading logs from: /mnt/data/home/tp2474/OpenSet-AdaTime/experiments_logs/curriculum/RealWorld to MHEALTH_UniDA_hard_n2_fno_mean/UniOT_UniDA_hard_n2_fno_mean/RealWorld_to_MHEALTH_run_0
🏃 View run UniOT_run_0 at: http://127.0.0.1:5001/#/experiments/958908129315819629/runs/ff0df6f822444879bfdcd491c129bb92
🧪 View experiment at: http://127.0.0.1:5001/#/experiments/958908129315819629
=============================================
Dataset: RealWorld to MHEALTH_UniDA_hard_n2_fno_mean
Method:  UniOT
=============================================
Source: RealWorld ---> Target: MHEALTH
Run ID: 1
=============================================
[Pr Epoch : 1/20]
Pr_Src_cls_loss	: 0.2244
-------------------------------------
[Pr Epoch : 2/20]
Pr_Src_cls_loss	: 0.1712
-------------------------------------
[Pr Epoch : 3/20]
Pr_Src_cls_loss	: 0.1478
-------------------------------------
[Pr Epoch : 4/20]
Pr_Src_cls_loss	: 0.1342
-------------------------------------
[Pr Epoch : 5/20]
Pr_Src_cls_loss	: 0.1235
-------------------------------------
[Pr Epoch : 6/20]
Pr_Src_cls_loss	: 0.1161
-------------------------------------
[Pr Epoch : 7/20]
Pr_Src_cls_loss	: 0.1101
-------------------------------------
[Pr Epoch : 8/20]
Pr_Src_cls_loss	: 0.1048
-------------------------------------
[Pr Epoch : 9/20]
Pr_Src_cls_loss	: 0.1011
-------------------------------------
[Pr Epoch : 10/20]
Pr_Src_cls_loss	: 0.0972
-------------------------------------
[Pr Epoch : 11/20]
Pr_Src_cls_loss	: 0.0937
-------------------------------------
[Pr Epoch : 12/20]
Pr_Src_cls_loss	: 0.0909
-------------------------------------
[Pr Epoch : 13/20]
Pr_Src_cls_loss	: 0.0884
-------------------------------------
[Pr Epoch : 14/20]
Pr_Src_cls_loss	: 0.0860
-------------------------------------
[Pr Epoch : 15/20]
Pr_Src_cls_loss	: 0.0840
-------------------------------------
[Pr Epoch : 16/20]
Pr_Src_cls_loss	: 0.0818
-------------------------------------
[Pr Epoch : 17/20]
Pr_Src_cls_loss	: 0.0798
-------------------------------------
[Pr Epoch : 18/20]
Pr_Src_cls_loss	: 0.0783
-------------------------------------
[Pr Epoch : 19/20]
Pr_Src_cls_loss	: 0.0766
-------------------------------------
[Pr Epoch : 20/20]
Pr_Src_cls_loss	: 0.0751
-------------------------------------
[Epoch : 1/20]
Pr_Src_cls_loss	: 0.0751
Total_loss	: 0.0483
loss_cls	: 0.0480
loss_PCD	: 3.6064
loss_CCD	: 0.0006
-------------------------------------
[Epoch : 2/20]
Pr_Src_cls_loss	: 0.0751
Total_loss	: 0.0467
loss_cls	: 0.0466
loss_PCD	: 3.6196
loss_CCD	: 0.0004
-------------------------------------
[Epoch : 3/20]
Pr_Src_cls_loss	: 0.0751
Total_loss	: 0.0454
loss_cls	: 0.0453
loss_PCD	: 3.6174
loss_CCD	: 0.0004
-------------------------------------
[Epoch : 4/20]
Pr_Src_cls_loss	: 0.0751
Total_loss	: 0.0446
loss_cls	: 0.0444
loss_PCD	: 3.6218
loss_CCD	: 0.0004
-------------------------------------
[Epoch : 5/20]
Pr_Src_cls_loss	: 0.0751
Total_loss	: 0.0440
loss_cls	: 0.0438
loss_PCD	: 3.6351
loss_CCD	: 0.0004
-------------------------------------
[Epoch : 6/20]
Pr_Src_cls_loss	: 0.0751
Total_loss	: 0.0443
loss_cls	: 0.0442
loss_PCD	: 3.6425
loss_CCD	: 0.0003
-------------------------------------
[Epoch : 7/20]
Pr_Src_cls_loss	: 0.0751
Total_loss	: 0.0440
loss_cls	: 0.0439
loss_PCD	: 3.6546
loss_CCD	: 0.0003
-------------------------------------
[Epoch : 8/20]
Pr_Src_cls_loss	: 0.0751
Total_loss	: 0.0437
loss_cls	: 0.0436
loss_PCD	: 3.6646
loss_CCD	: 0.0003
-------------------------------------
[Epoch : 9/20]
Pr_Src_cls_loss	: 0.0751
Total_loss	: 0.0435
loss_cls	: 0.0434
loss_PCD	: 3.6747
loss_CCD	: 0.0003
Src_cls_loss	: 0.0000
-------------------------------------
[Epoch : 10/20]
Pr_Src_cls_loss	: 0.0751
Total_loss	: 0.0432
loss_cls	: 0.0431
loss_PCD	: 3.6828
loss_CCD	: 0.0003
Src_cls_loss	: 0.0000
-------------------------------------
[Epoch : 11/20]
Pr_Src_cls_loss	: 0.0751
Total_loss	: 0.0430
loss_cls	: 0.0429
loss_PCD	: 3.6964
loss_CCD	: 0.0003
Src_cls_loss	: 0.0000
-------------------------------------
[Epoch : 12/20]
Pr_Src_cls_loss	: 0.0751
Total_loss	: 0.0430
loss_cls	: 0.0429
loss_PCD	: 3.7169
loss_CCD	: 0.0003
Src_cls_loss	: 0.0000
-------------------------------------
[Epoch : 13/20]
Pr_Src_cls_loss	: 0.0751
Total_loss	: 0.0427
loss_cls	: 0.0426
loss_PCD	: 3.7307
loss_CCD	: 0.0003
Src_cls_loss	: 0.0000
-------------------------------------
[Epoch : 14/20]
Pr_Src_cls_loss	: 0.0751
Total_loss	: 0.0422
loss_cls	: 0.0421
loss_PCD	: 3.7439
loss_CCD	: 0.0003
Src_cls_loss	: 0.0000
-------------------------------------
[Epoch : 15/20]
Pr_Src_cls_loss	: 0.0751
Total_loss	: 0.0421
loss_cls	: 0.0420
loss_PCD	: 3.7573
loss_CCD	: 0.0003
Src_cls_loss	: 0.0000
-------------------------------------
[Epoch : 16/20]
Pr_Src_cls_loss	: 0.0751
Total_loss	: 0.0419
loss_cls	: 0.0418
loss_PCD	: 3.7728
loss_CCD	: 0.0003
Src_cls_loss	: 0.0000
-------------------------------------
[Epoch : 17/20]
Pr_Src_cls_loss	: 0.0751
Total_loss	: 0.0415
loss_cls	: 0.0414
loss_PCD	: 3.7828
loss_CCD	: 0.0003
Src_cls_loss	: 0.0000
-------------------------------------
[Epoch : 18/20]
Pr_Src_cls_loss	: 0.0751
Total_loss	: 0.0414
loss_cls	: 0.0413
loss_PCD	: 3.7945
loss_CCD	: 0.0003
Src_cls_loss	: 0.0000
-------------------------------------
[Epoch : 19/20]
Pr_Src_cls_loss	: 0.0751
Total_loss	: 0.0411
loss_cls	: 0.0410
loss_PCD	: 3.8028
loss_CCD	: 0.0003
Src_cls_loss	: 0.0000
-------------------------------------
[Epoch : 20/20]
Pr_Src_cls_loss	: 0.0751
Total_loss	: 0.0409
loss_cls	: 0.0408
loss_PCD	: 3.8122
loss_CCD	: 0.0003
Src_cls_loss	: 0.0000
-------------------------------------
H_score: 0.3324, OS* (acc_c): 0.2198, UNK (acc_p): 0.6819, acc_mix: 0.3734, F1: 0.3266
Uploading logs from: /mnt/data/home/tp2474/OpenSet-AdaTime/experiments_logs/curriculum/RealWorld to MHEALTH_UniDA_hard_n2_fno_mean/UniOT_UniDA_hard_n2_fno_mean/RealWorld_to_MHEALTH_run_1
🏃 View run UniOT_run_1 at: http://127.0.0.1:5001/#/experiments/958908129315819629/runs/9b51b5f22580463fbe3a76222984d3da
🧪 View experiment at: http://127.0.0.1:5001/#/experiments/958908129315819629
=============================================
Dataset: RealWorld to MHEALTH_UniDA_hard_n2_fno_mean
Method:  UniOT
=============================================
Source: RealWorld ---> Target: MHEALTH
Run ID: 2
=============================================
[Pr Epoch : 1/20]
Pr_Src_cls_loss	: 0.2359
-------------------------------------
[Pr Epoch : 2/20]
Pr_Src_cls_loss	: 0.1789
-------------------------------------
[Pr Epoch : 3/20]
Pr_Src_cls_loss	: 0.1532
-------------------------------------
[Pr Epoch : 4/20]
Pr_Src_cls_loss	: 0.1374
-------------------------------------
[Pr Epoch : 5/20]
Pr_Src_cls_loss	: 0.1252
-------------------------------------
[Pr Epoch : 6/20]
Pr_Src_cls_loss	: 0.1168
-------------------------------------
[Pr Epoch : 7/20]
Pr_Src_cls_loss	: 0.1100
-------------------------------------
[Pr Epoch : 8/20]
Pr_Src_cls_loss	: 0.1047
-------------------------------------
[Pr Epoch : 9/20]
Pr_Src_cls_loss	: 0.0998
-------------------------------------
[Pr Epoch : 10/20]
Pr_Src_cls_loss	: 0.0965
-------------------------------------
[Pr Epoch : 11/20]
Pr_Src_cls_loss	: 0.0932
-------------------------------------
[Pr Epoch : 12/20]
Pr_Src_cls_loss	: 0.0899
-------------------------------------
[Pr Epoch : 13/20]
Pr_Src_cls_loss	: 0.0874
-------------------------------------
[Pr Epoch : 14/20]
Pr_Src_cls_loss	: 0.0850
-------------------------------------
[Pr Epoch : 15/20]
Pr_Src_cls_loss	: 0.0828
-------------------------------------
[Pr Epoch : 16/20]
Pr_Src_cls_loss	: 0.0808
-------------------------------------
[Pr Epoch : 17/20]
Pr_Src_cls_loss	: 0.0791
-------------------------------------
[Pr Epoch : 18/20]
Pr_Src_cls_loss	: 0.0774
-------------------------------------
[Pr Epoch : 19/20]
Pr_Src_cls_loss	: 0.0760
-------------------------------------
[Pr Epoch : 20/20]
Pr_Src_cls_loss	: 0.0745
-------------------------------------
[Epoch : 1/20]
Pr_Src_cls_loss	: 0.0745
Total_loss	: 0.0455
loss_cls	: 0.0453
loss_PCD	: 4.0610
loss_CCD	: 0.0005
-------------------------------------
[Epoch : 2/20]
Pr_Src_cls_loss	: 0.0745
Total_loss	: 0.0451
loss_cls	: 0.0450
loss_PCD	: 4.1461
loss_CCD	: 0.0003
-------------------------------------
[Epoch : 3/20]
Pr_Src_cls_loss	: 0.0745
Total_loss	: 0.0440
loss_cls	: 0.0439
loss_PCD	: 4.1867
loss_CCD	: 0.0003
-------------------------------------
[Epoch : 4/20]
Pr_Src_cls_loss	: 0.0745
Total_loss	: 0.0437
loss_cls	: 0.0436
loss_PCD	: 4.2017
loss_CCD	: 0.0003
-------------------------------------
[Epoch : 5/20]
Pr_Src_cls_loss	: 0.0745
Total_loss	: 0.0433
loss_cls	: 0.0432
loss_PCD	: 4.2165
loss_CCD	: 0.0003
-------------------------------------
[Epoch : 6/20]
Pr_Src_cls_loss	: 0.0745
Total_loss	: 0.0427
loss_cls	: 0.0426
loss_PCD	: 4.2207
loss_CCD	: 0.0002
-------------------------------------
[Epoch : 7/20]
Pr_Src_cls_loss	: 0.0745
Total_loss	: 0.0425
loss_cls	: 0.0424
loss_PCD	: 4.2394
loss_CCD	: 0.0002
-------------------------------------
[Epoch : 8/20]
Pr_Src_cls_loss	: 0.0745
Total_loss	: 0.0421
loss_cls	: 0.0421
loss_PCD	: 4.2475
loss_CCD	: 0.0002
-------------------------------------
[Epoch : 9/20]
Pr_Src_cls_loss	: 0.0745
Total_loss	: 0.0419
loss_cls	: 0.0418
loss_PCD	: 4.2478
loss_CCD	: 0.0002
Src_cls_loss	: 0.0000
-------------------------------------
[Epoch : 10/20]
Pr_Src_cls_loss	: 0.0745
Total_loss	: 0.0418
loss_cls	: 0.0417
loss_PCD	: 4.2508
loss_CCD	: 0.0002
Src_cls_loss	: 0.0000
-------------------------------------
[Epoch : 11/20]
Pr_Src_cls_loss	: 0.0745
Total_loss	: 0.0414
loss_cls	: 0.0414
loss_PCD	: 4.2495
loss_CCD	: 0.0002
Src_cls_loss	: 0.0000
-------------------------------------
[Epoch : 12/20]
Pr_Src_cls_loss	: 0.0745
Total_loss	: 0.0416
loss_cls	: 0.0415
loss_PCD	: 4.2564
loss_CCD	: 0.0002
Src_cls_loss	: 0.0000
-------------------------------------
[Epoch : 13/20]
Pr_Src_cls_loss	: 0.0745
Total_loss	: 0.0414
loss_cls	: 0.0413
loss_PCD	: 4.2586
loss_CCD	: 0.0002
Src_cls_loss	: 0.0000
-------------------------------------
[Epoch : 14/20]
Pr_Src_cls_loss	: 0.0745
Total_loss	: 0.0411
loss_cls	: 0.0410
loss_PCD	: 4.2667
loss_CCD	: 0.0002
Src_cls_loss	: 0.0000
-------------------------------------
[Epoch : 15/20]
Pr_Src_cls_loss	: 0.0745
Total_loss	: 0.0408
loss_cls	: 0.0408
loss_PCD	: 4.2653
loss_CCD	: 0.0002
Src_cls_loss	: 0.0000
-------------------------------------
[Epoch : 16/20]
Pr_Src_cls_loss	: 0.0745
Total_loss	: 0.0407
loss_cls	: 0.0407
loss_PCD	: 4.2610
loss_CCD	: 0.0002
Src_cls_loss	: 0.0000
-------------------------------------
[Epoch : 17/20]
Pr_Src_cls_loss	: 0.0745
Total_loss	: 0.0408
loss_cls	: 0.0407
loss_PCD	: 4.2573
loss_CCD	: 0.0002
Src_cls_loss	: 0.0000
-------------------------------------
[Epoch : 18/20]
Pr_Src_cls_loss	: 0.0745
Total_loss	: 0.0406
loss_cls	: 0.0406
loss_PCD	: 4.2553
loss_CCD	: 0.0002
Src_cls_loss	: 0.0000
-------------------------------------
[Epoch : 19/20]
Pr_Src_cls_loss	: 0.0745
Total_loss	: 0.0405
loss_cls	: 0.0405
loss_PCD	: 4.2537
loss_CCD	: 0.0002
Src_cls_loss	: 0.0000
-------------------------------------
[Epoch : 20/20]
Pr_Src_cls_loss	: 0.0745
Total_loss	: 0.0403
loss_cls	: 0.0402
loss_PCD	: 4.2534
loss_CCD	: 0.0002
Src_cls_loss	: 0.0000
-------------------------------------
H_score: 0.4641, OS* (acc_c): 0.3137, UNK (acc_p): 0.8915, acc_mix: 0.5057, F1: 0.4241
Uploading logs from: /mnt/data/home/tp2474/OpenSet-AdaTime/experiments_logs/curriculum/RealWorld to MHEALTH_UniDA_hard_n2_fno_mean/UniOT_UniDA_hard_n2_fno_mean/RealWorld_to_MHEALTH_run_2
🏃 View run UniOT_run_2 at: http://127.0.0.1:5001/#/experiments/958908129315819629/runs/83b4baa6d51d45ee83a3d64def341509
🧪 View experiment at: http://127.0.0.1:5001/#/experiments/958908129315819629
=============================================
Dataset: RealWorld to MHEALTH_UniDA_hard_n2_fno_mean
Method:  UniOT
=============================================
Source: RealWorld ---> Target: MHEALTH
Run ID: 3
=============================================
[Pr Epoch : 1/20]
Pr_Src_cls_loss	: 0.2228
-------------------------------------
[Pr Epoch : 2/20]
Pr_Src_cls_loss	: 0.1699
-------------------------------------
[Pr Epoch : 3/20]
Pr_Src_cls_loss	: 0.1466
-------------------------------------
[Pr Epoch : 4/20]
Pr_Src_cls_loss	: 0.1316
-------------------------------------
[Pr Epoch : 5/20]
Pr_Src_cls_loss	: 0.1212
-------------------------------------
[Pr Epoch : 6/20]
Pr_Src_cls_loss	: 0.1126
-------------------------------------
[Pr Epoch : 7/20]
Pr_Src_cls_loss	: 0.1068
-------------------------------------
[Pr Epoch : 8/20]
Pr_Src_cls_loss	: 0.1020
-------------------------------------
[Pr Epoch : 9/20]
Pr_Src_cls_loss	: 0.0975
-------------------------------------
[Pr Epoch : 10/20]
Pr_Src_cls_loss	: 0.0936
-------------------------------------
[Pr Epoch : 11/20]
Pr_Src_cls_loss	: 0.0903
-------------------------------------
[Pr Epoch : 12/20]
Pr_Src_cls_loss	: 0.0877
-------------------------------------
[Pr Epoch : 13/20]
Pr_Src_cls_loss	: 0.0854
-------------------------------------
[Pr Epoch : 14/20]
Pr_Src_cls_loss	: 0.0829
-------------------------------------
[Pr Epoch : 15/20]
Pr_Src_cls_loss	: 0.0805
-------------------------------------
[Pr Epoch : 16/20]
Pr_Src_cls_loss	: 0.0788
-------------------------------------
[Pr Epoch : 17/20]
Pr_Src_cls_loss	: 0.0769
-------------------------------------
[Pr Epoch : 18/20]
Pr_Src_cls_loss	: 0.0753
-------------------------------------
[Pr Epoch : 19/20]
Pr_Src_cls_loss	: 0.0739
-------------------------------------
[Pr Epoch : 20/20]
Pr_Src_cls_loss	: 0.0723
-------------------------------------
[Epoch : 1/20]
Pr_Src_cls_loss	: 0.0723
Total_loss	: 0.0484
loss_cls	: 0.0481
loss_PCD	: 4.0580
loss_CCD	: 0.0008
-------------------------------------
[Epoch : 2/20]
Pr_Src_cls_loss	: 0.0723
Total_loss	: 0.0453
loss_cls	: 0.0451
loss_PCD	: 4.0534
loss_CCD	: 0.0006
-------------------------------------
[Epoch : 3/20]
Pr_Src_cls_loss	: 0.0723
Total_loss	: 0.0445
loss_cls	: 0.0443
loss_PCD	: 4.0362
loss_CCD	: 0.0005
-------------------------------------
[Epoch : 4/20]
Pr_Src_cls_loss	: 0.0723
Total_loss	: 0.0452
loss_cls	: 0.0450
loss_PCD	: 4.0416
loss_CCD	: 0.0005
-------------------------------------
[Epoch : 5/20]
Pr_Src_cls_loss	: 0.0723
Total_loss	: 0.0437
loss_cls	: 0.0435
loss_PCD	: 4.0310
loss_CCD	: 0.0005
-------------------------------------
[Epoch : 6/20]
Pr_Src_cls_loss	: 0.0723
Total_loss	: 0.0434
loss_cls	: 0.0433
loss_PCD	: 4.0189
loss_CCD	: 0.0005
-------------------------------------
[Epoch : 7/20]
Pr_Src_cls_loss	: 0.0723
Total_loss	: 0.0436
loss_cls	: 0.0435
loss_PCD	: 4.0056
loss_CCD	: 0.0005
-------------------------------------
[Epoch : 8/20]
Pr_Src_cls_loss	: 0.0723
Total_loss	: 0.0427
loss_cls	: 0.0426
loss_PCD	: 3.9846
loss_CCD	: 0.0004
-------------------------------------
[Epoch : 9/20]
Pr_Src_cls_loss	: 0.0723
Total_loss	: 0.0424
loss_cls	: 0.0423
loss_PCD	: 3.9807
loss_CCD	: 0.0004
Src_cls_loss	: 0.0000
-------------------------------------
[Epoch : 10/20]
Pr_Src_cls_loss	: 0.0723
Total_loss	: 0.0423
loss_cls	: 0.0422
loss_PCD	: 3.9840
loss_CCD	: 0.0003
Src_cls_loss	: 0.0000
-------------------------------------
[Epoch : 11/20]
Pr_Src_cls_loss	: 0.0723
Total_loss	: 0.0422
loss_cls	: 0.0421
loss_PCD	: 3.9887
loss_CCD	: 0.0003
Src_cls_loss	: 0.0000
-------------------------------------
[Epoch : 12/20]
Pr_Src_cls_loss	: 0.0723
Total_loss	: 0.0418
loss_cls	: 0.0417
loss_PCD	: 3.9946
loss_CCD	: 0.0003
Src_cls_loss	: 0.0000
-------------------------------------
[Epoch : 13/20]
Pr_Src_cls_loss	: 0.0723
Total_loss	: 0.0416
loss_cls	: 0.0415
loss_PCD	: 4.0058
loss_CCD	: 0.0003
Src_cls_loss	: 0.0000
-------------------------------------
[Epoch : 14/20]
Pr_Src_cls_loss	: 0.0723
Total_loss	: 0.0413
loss_cls	: 0.0412
loss_PCD	: 4.0142
loss_CCD	: 0.0002
Src_cls_loss	: 0.0000
-------------------------------------
[Epoch : 15/20]
Pr_Src_cls_loss	: 0.0723
Total_loss	: 0.0409
loss_cls	: 0.0408
loss_PCD	: 4.0155
loss_CCD	: 0.0002
Src_cls_loss	: 0.0000
-------------------------------------
[Epoch : 16/20]
Pr_Src_cls_loss	: 0.0723
Total_loss	: 0.0408
loss_cls	: 0.0407
loss_PCD	: 4.0179
loss_CCD	: 0.0002
Src_cls_loss	: 0.0000
-------------------------------------
[Epoch : 17/20]
Pr_Src_cls_loss	: 0.0723
Total_loss	: 0.0407
loss_cls	: 0.0406
loss_PCD	: 4.0222
loss_CCD	: 0.0002
Src_cls_loss	: 0.0000
-------------------------------------
[Epoch : 18/20]
Pr_Src_cls_loss	: 0.0723
Total_loss	: 0.0404
loss_cls	: 0.0404
loss_PCD	: 4.0208
loss_CCD	: 0.0002
Src_cls_loss	: 0.0000
-------------------------------------
[Epoch : 19/20]
Pr_Src_cls_loss	: 0.0723
Total_loss	: 0.0402
loss_cls	: 0.0402
loss_PCD	: 4.0222
loss_CCD	: 0.0002
Src_cls_loss	: 0.0000
-------------------------------------
[Epoch : 20/20]
Pr_Src_cls_loss	: 0.0723
Total_loss	: 0.0399
loss_cls	: 0.0399
loss_PCD	: 4.0206
loss_CCD	: 0.0002
Src_cls_loss	: 0.0000
-------------------------------------
H_score: 0.0000, OS* (acc_c): 0.0000, UNK (acc_p): 1.0000, acc_mix: 0.3324, F1: 0.1658
Uploading logs from: /mnt/data/home/tp2474/OpenSet-AdaTime/experiments_logs/curriculum/RealWorld to MHEALTH_UniDA_hard_n2_fno_mean/UniOT_UniDA_hard_n2_fno_mean/RealWorld_to_MHEALTH_run_3
🏃 View run UniOT_run_3 at: http://127.0.0.1:5001/#/experiments/958908129315819629/runs/01750bbf3b3343da9f0d15febe1cda99
🧪 View experiment at: http://127.0.0.1:5001/#/experiments/958908129315819629
=============================================
Dataset: RealWorld to MHEALTH_UniDA_hard_n2_fno_mean
Method:  UniOT
=============================================
Source: RealWorld ---> Target: MHEALTH
Run ID: 4
=============================================
[Pr Epoch : 1/20]
Pr_Src_cls_loss	: 0.2175
-------------------------------------
[Pr Epoch : 2/20]
Pr_Src_cls_loss	: 0.1688
-------------------------------------
[Pr Epoch : 3/20]
Pr_Src_cls_loss	: 0.1480
-------------------------------------
[Pr Epoch : 4/20]
Pr_Src_cls_loss	: 0.1332
-------------------------------------
[Pr Epoch : 5/20]
Pr_Src_cls_loss	: 0.1246
-------------------------------------
[Pr Epoch : 6/20]
Pr_Src_cls_loss	: 0.1169
-------------------------------------
[Pr Epoch : 7/20]
Pr_Src_cls_loss	: 0.1104
-------------------------------------
[Pr Epoch : 8/20]
Pr_Src_cls_loss	: 0.1050
-------------------------------------
[Pr Epoch : 9/20]
Pr_Src_cls_loss	: 0.1010
-------------------------------------
[Pr Epoch : 10/20]
Pr_Src_cls_loss	: 0.0969
-------------------------------------
[Pr Epoch : 11/20]
Pr_Src_cls_loss	: 0.0935
-------------------------------------
[Pr Epoch : 12/20]
Pr_Src_cls_loss	: 0.0903
-------------------------------------
[Pr Epoch : 13/20]
Pr_Src_cls_loss	: 0.0876
-------------------------------------
[Pr Epoch : 14/20]
Pr_Src_cls_loss	: 0.0849
-------------------------------------
[Pr Epoch : 15/20]
Pr_Src_cls_loss	: 0.0826
-------------------------------------
[Pr Epoch : 16/20]
Pr_Src_cls_loss	: 0.0805
-------------------------------------
[Pr Epoch : 17/20]
Pr_Src_cls_loss	: 0.0788
-------------------------------------
[Pr Epoch : 18/20]
Pr_Src_cls_loss	: 0.0771
-------------------------------------
[Pr Epoch : 19/20]
Pr_Src_cls_loss	: 0.0755
-------------------------------------
[Pr Epoch : 20/20]
Pr_Src_cls_loss	: 0.0739
-------------------------------------
[Epoch : 1/20]
Pr_Src_cls_loss	: 0.0739
Total_loss	: 0.0481
loss_cls	: 0.0479
loss_PCD	: 3.8972
loss_CCD	: 0.0007
-------------------------------------
[Epoch : 2/20]
Pr_Src_cls_loss	: 0.0739
Total_loss	: 0.0441
loss_cls	: 0.0440
loss_PCD	: 3.9445
loss_CCD	: 0.0005
-------------------------------------
[Epoch : 3/20]
Pr_Src_cls_loss	: 0.0739
Total_loss	: 0.0442
loss_cls	: 0.0440
loss_PCD	: 3.9711
loss_CCD	: 0.0005
-------------------------------------
[Epoch : 4/20]
Pr_Src_cls_loss	: 0.0739
Total_loss	: 0.0448
loss_cls	: 0.0447
loss_PCD	: 3.9931
loss_CCD	: 0.0004
-------------------------------------
[Epoch : 5/20]
Pr_Src_cls_loss	: 0.0739
Total_loss	: 0.0449
loss_cls	: 0.0447
loss_PCD	: 3.9944
loss_CCD	: 0.0004
-------------------------------------
[Epoch : 6/20]
Pr_Src_cls_loss	: 0.0739
Total_loss	: 0.0442
loss_cls	: 0.0440
loss_PCD	: 3.9830
loss_CCD	: 0.0004
-------------------------------------
[Epoch : 7/20]
Pr_Src_cls_loss	: 0.0739
Total_loss	: 0.0444
loss_cls	: 0.0443
loss_PCD	: 3.9894
loss_CCD	: 0.0004
-------------------------------------
[Epoch : 8/20]
Pr_Src_cls_loss	: 0.0739
Total_loss	: 0.0439
loss_cls	: 0.0437
loss_PCD	: 3.9935
loss_CCD	: 0.0004
-------------------------------------
[Epoch : 9/20]
Pr_Src_cls_loss	: 0.0739
Total_loss	: 0.0434
loss_cls	: 0.0432
loss_PCD	: 3.9921
loss_CCD	: 0.0004
Src_cls_loss	: 0.0000
-------------------------------------
[Epoch : 10/20]
Pr_Src_cls_loss	: 0.0739
Total_loss	: 0.0430
loss_cls	: 0.0429
loss_PCD	: 3.9828
loss_CCD	: 0.0004
Src_cls_loss	: 0.0000
-------------------------------------
[Epoch : 11/20]
Pr_Src_cls_loss	: 0.0739
Total_loss	: 0.0427
loss_cls	: 0.0426
loss_PCD	: 3.9703
loss_CCD	: 0.0004
Src_cls_loss	: 0.0000
-------------------------------------
[Epoch : 12/20]
Pr_Src_cls_loss	: 0.0739
Total_loss	: 0.0426
loss_cls	: 0.0425
loss_PCD	: 3.9628
loss_CCD	: 0.0004
Src_cls_loss	: 0.0000
-------------------------------------
[Epoch : 13/20]
Pr_Src_cls_loss	: 0.0739
Total_loss	: 0.0422
loss_cls	: 0.0421
loss_PCD	: 3.9558
loss_CCD	: 0.0004
Src_cls_loss	: 0.0000
-------------------------------------
[Epoch : 14/20]
Pr_Src_cls_loss	: 0.0739
Total_loss	: 0.0421
loss_cls	: 0.0420
loss_PCD	: 3.9464
loss_CCD	: 0.0004
Src_cls_loss	: 0.0000
-------------------------------------
[Epoch : 15/20]
Pr_Src_cls_loss	: 0.0739
Total_loss	: 0.0417
loss_cls	: 0.0416
loss_PCD	: 3.9377
loss_CCD	: 0.0003
Src_cls_loss	: 0.0000
-------------------------------------
[Epoch : 16/20]
Pr_Src_cls_loss	: 0.0739
Total_loss	: 0.0417
loss_cls	: 0.0415
loss_PCD	: 3.9282
loss_CCD	: 0.0004
Src_cls_loss	: 0.0000
-------------------------------------
[Epoch : 17/20]
Pr_Src_cls_loss	: 0.0739
Total_loss	: 0.0413
loss_cls	: 0.0412
loss_PCD	: 3.9228
loss_CCD	: 0.0003
Src_cls_loss	: 0.0000
-------------------------------------
[Epoch : 18/20]
Pr_Src_cls_loss	: 0.0739
Total_loss	: 0.0410
loss_cls	: 0.0408
loss_PCD	: 3.9161
loss_CCD	: 0.0003
Src_cls_loss	: 0.0000
-------------------------------------
[Epoch : 19/20]
Pr_Src_cls_loss	: 0.0739
Total_loss	: 0.0408
loss_cls	: 0.0407
loss_PCD	: 3.9111
loss_CCD	: 0.0003
Src_cls_loss	: 0.0000
-------------------------------------
[Epoch : 20/20]
Pr_Src_cls_loss	: 0.0739
Total_loss	: 0.0407
loss_cls	: 0.0406
loss_PCD	: 3.9091
loss_CCD	: 0.0003
Src_cls_loss	: 0.0000
-------------------------------------
H_score: 0.4607, OS* (acc_c): 0.4285, UNK (acc_p): 0.4982, acc_mix: 0.4516, F1: 0.4333
Uploading logs from: /mnt/data/home/tp2474/OpenSet-AdaTime/experiments_logs/curriculum/RealWorld to MHEALTH_UniDA_hard_n2_fno_mean/UniOT_UniDA_hard_n2_fno_mean/RealWorld_to_MHEALTH_run_4
🏃 View run UniOT_run_4 at: http://127.0.0.1:5001/#/experiments/958908129315819629/runs/0a279d26de004d0f9fd2f96561cad682
🧪 View experiment at: http://127.0.0.1:5001/#/experiments/958908129315819629
==================== [n2 fno_mean] UniJDOT ====================
[curriculum] scenario=UniDA  strategy=hard  n_unknown=2  rank_variant=fno_mean
[curriculum] source mapping (6 classes): {'lying': 'lying', 'sitting': 'sitting', 'walking': 'walking', 'running': 'running', 'climbingup': 'climbingup', 'jumping': 'jumping'}
[curriculum] target mapping (6 classes): {'Lying down': 'lying', 'Sitting and relaxing': 'sitting', 'Walking': 'walking', 'Running': 'running', 'Climbing stairs': 'Climbing stairs', 'Jogging': 'Jogging'}
[curriculum] unknowns added (in hard order): src=[climbingup,jumping] | trg=[Climbing stairs,Jogging]
[scenario] UniJDOT -> UniDA (uniDA=True)
Unlabeled data shape:  (2440, 150, 18)
Unlabelled Combined shape: (4196, 150, 18)

--- Dataloader Size Check ---
Source Train batches:   710
Target Train batches:   76
-------------------------------

Private classes:  tensor([6., 7.])
=============================================
Dataset: RealWorld to MHEALTH_UniDA_hard_n2_fno_mean
Method:  UniJDOT
=============================================
Source: RealWorld ---> Target: MHEALTH
Run ID: 0
=============================================
[Pr Epoch : 1/20]
Pr_Src_cls_loss	: 0.2396
-------------------------------------
[Pr Epoch : 2/20]
Pr_Src_cls_loss	: 0.1806
-------------------------------------
[Pr Epoch : 3/20]
Pr_Src_cls_loss	: 0.1523
-------------------------------------
[Pr Epoch : 4/20]
Pr_Src_cls_loss	: 0.1358
-------------------------------------
[Pr Epoch : 5/20]
Pr_Src_cls_loss	: 0.1230
-------------------------------------
[Pr Epoch : 6/20]
Pr_Src_cls_loss	: 0.1133
-------------------------------------
[Pr Epoch : 7/20]
Pr_Src_cls_loss	: 0.1065
-------------------------------------
[Pr Epoch : 8/20]
Pr_Src_cls_loss	: 0.0999
-------------------------------------
[Pr Epoch : 9/20]
Pr_Src_cls_loss	: 0.0947
-------------------------------------
[Pr Epoch : 10/20]
Pr_Src_cls_loss	: 0.0907
-------------------------------------
[Pr Epoch : 11/20]
Pr_Src_cls_loss	: 0.0867
-------------------------------------
[Pr Epoch : 12/20]
Pr_Src_cls_loss	: 0.0831
-------------------------------------
[Pr Epoch : 13/20]
Pr_Src_cls_loss	: 0.0800
-------------------------------------
[Pr Epoch : 14/20]
Pr_Src_cls_loss	: 0.0773
-------------------------------------
[Pr Epoch : 15/20]
Pr_Src_cls_loss	: 0.0749
-------------------------------------
[Pr Epoch : 16/20]
Pr_Src_cls_loss	: 0.0724
-------------------------------------
[Pr Epoch : 17/20]
Pr_Src_cls_loss	: 0.0703
-------------------------------------
[Pr Epoch : 18/20]
Pr_Src_cls_loss	: 0.0684
-------------------------------------
[Pr Epoch : 19/20]
Pr_Src_cls_loss	: 0.0665
-------------------------------------
[Pr Epoch : 20/20]
Pr_Src_cls_loss	: 0.0650
-------------------------------------
/mnt/data/home/tp2474/OpenSet-AdaTime/algorithms/algorithms.py:1865: UserWarning: Implicit dimension choice for softmax has been deprecated. Change the call to include dim=X as an argument.
  trg_soft_cen = torch.nn.functional.softmax(after_lincls_cen).double()
[Epoch : 1/20]
Pr_Src_cls_loss	: 0.0650
Total_loss	: 0.0518
loss_cls	: 0.0159
loss_align	: 0.0359
-------------------------------------
[Epoch : 2/20]
Pr_Src_cls_loss	: 0.0650
Total_loss	: 0.0484
loss_cls	: 0.0163
loss_align	: 0.0321
-------------------------------------
[Epoch : 3/20]
Pr_Src_cls_loss	: 0.0650
Total_loss	: 0.0470
loss_cls	: 0.0174
loss_align	: 0.0296
-------------------------------------
[Epoch : 4/20]
Pr_Src_cls_loss	: 0.0650
Total_loss	: 0.0458
loss_cls	: 0.0182
loss_align	: 0.0276
-------------------------------------
[Epoch : 5/20]
Pr_Src_cls_loss	: 0.0650
Total_loss	: 0.0446
loss_cls	: 0.0185
loss_align	: 0.0261
-------------------------------------
[Epoch : 6/20]
Pr_Src_cls_loss	: 0.0650
Total_loss	: 0.0443
loss_cls	: 0.0192
loss_align	: 0.0251
-------------------------------------
[Epoch : 7/20]
Pr_Src_cls_loss	: 0.0650
Total_loss	: 0.0437
loss_cls	: 0.0194
loss_align	: 0.0243
-------------------------------------
[Epoch : 8/20]
Pr_Src_cls_loss	: 0.0650
Total_loss	: 0.0431
loss_cls	: 0.0196
loss_align	: 0.0235
-------------------------------------
[Epoch : 9/20]
Pr_Src_cls_loss	: 0.0650
Total_loss	: 0.0425
loss_cls	: 0.0197
loss_align	: 0.0228
Src_cls_loss	: 0.0000
-------------------------------------
[Epoch : 10/20]
Pr_Src_cls_loss	: 0.0650
Total_loss	: 0.0419
loss_cls	: 0.0197
loss_align	: 0.0222
Src_cls_loss	: 0.0000
-------------------------------------
[Epoch : 11/20]
Pr_Src_cls_loss	: 0.0650
Total_loss	: 0.0413
loss_cls	: 0.0196
loss_align	: 0.0217
Src_cls_loss	: 0.0000
-------------------------------------
[Epoch : 12/20]
Pr_Src_cls_loss	: 0.0650
Total_loss	: 0.0406
loss_cls	: 0.0194
loss_align	: 0.0212
Src_cls_loss	: 0.0000
-------------------------------------
[Epoch : 13/20]
Pr_Src_cls_loss	: 0.0650
Total_loss	: 0.0401
loss_cls	: 0.0193
loss_align	: 0.0209
Src_cls_loss	: 0.0000
-------------------------------------
[Epoch : 14/20]
Pr_Src_cls_loss	: 0.0650
Total_loss	: 0.0398
loss_cls	: 0.0192
loss_align	: 0.0205
Src_cls_loss	: 0.0000
-------------------------------------
[Epoch : 15/20]
Pr_Src_cls_loss	: 0.0650
Total_loss	: 0.0391
loss_cls	: 0.0189
loss_align	: 0.0201
Src_cls_loss	: 0.0000
-------------------------------------
[Epoch : 16/20]
Pr_Src_cls_loss	: 0.0650
Total_loss	: 0.0388
loss_cls	: 0.0189
loss_align	: 0.0198
Src_cls_loss	: 0.0000
-------------------------------------
[Epoch : 17/20]
Pr_Src_cls_loss	: 0.0650
Total_loss	: 0.0383
loss_cls	: 0.0188
loss_align	: 0.0195
Src_cls_loss	: 0.0000
-------------------------------------
[Epoch : 18/20]
Pr_Src_cls_loss	: 0.0650
Total_loss	: 0.0380
loss_cls	: 0.0188
loss_align	: 0.0192
Src_cls_loss	: 0.0000
-------------------------------------
[Epoch : 19/20]
Pr_Src_cls_loss	: 0.0650
Total_loss	: 0.0375
loss_cls	: 0.0186
loss_align	: 0.0189
Src_cls_loss	: 0.0000
-------------------------------------
[Epoch : 20/20]
Pr_Src_cls_loss	: 0.0650
Total_loss	: 0.0370
loss_cls	: 0.0184
loss_align	: 0.0186
Src_cls_loss	: 0.0000
-------------------------------------
/mnt/data/home/tp2474/OpenSet-AdaTime/trainers/abstract_trainer.py:331: FutureWarning: The behavior of DataFrame concatenation with empty or all-NA entries is deprecated. In a future version, this will no longer exclude empty or all-NA columns when determining the result dtypes. To retain the old behavior, exclude the relevant entries before the concat operation.
  table = pd.concat([table, results_df], ignore_index=True)

[UniJDOT Debug] final_threshold = 0.6911 conf mean=0.6007 std=0.3125 reject=50.00%
[UniJDOT Eval ALL] n=2440 threshold=0.6911
[UniJDOT Eval ALL] conf: min=0.1695 max=0.9533 mean=0.6095 std=0.3244
[UniJDOT Eval ALL] rejected: 47.46%
[UniJDOT Eval ALL] pred class dist (pre-reject): [142, 1, 1374, 202, 596, 125]
[UniJDOT Eval ALL] true label dist: [0, 0, 409, 405, 405, 410, 811] (last bin = unknown)
H_score: 0.4270, OS* (acc_c): 0.3757, UNK (acc_p): 0.4945, acc_mix: 0.4152, F1: 0.3364
[UniJDOT Eval ALL] n=2440 threshold=0.6911
[UniJDOT Eval ALL] conf: min=0.1695 max=0.9533 mean=0.6095 std=0.3244
[UniJDOT Eval ALL] rejected: 47.46%
[UniJDOT Eval ALL] pred class dist (pre-reject): [142, 1, 1374, 202, 596, 125]
[UniJDOT Eval ALL] true label dist: [0, 0, 409, 405, 405, 410, 811] (last bin = unknown)
Uploading logs from: /mnt/data/home/tp2474/OpenSet-AdaTime/experiments_logs/curriculum/RealWorld to MHEALTH_UniDA_hard_n2_fno_mean/UniJDOT_UniDA_hard_n2_fno_mean/RealWorld_to_MHEALTH_run_0
🏃 View run UniJDOT_run_0 at: http://127.0.0.1:5001/#/experiments/958908129315819629/runs/9b54b51123874dbca00efbddec1d81c2
🧪 View experiment at: http://127.0.0.1:5001/#/experiments/958908129315819629
=============================================
Dataset: RealWorld to MHEALTH_UniDA_hard_n2_fno_mean
Method:  UniJDOT
=============================================
Source: RealWorld ---> Target: MHEALTH
Run ID: 1
=============================================
[Pr Epoch : 1/20]
Pr_Src_cls_loss	: 0.2285
-------------------------------------
[Pr Epoch : 2/20]
Pr_Src_cls_loss	: 0.1747
-------------------------------------
[Pr Epoch : 3/20]
Pr_Src_cls_loss	: 0.1478
-------------------------------------
[Pr Epoch : 4/20]
Pr_Src_cls_loss	: 0.1316
-------------------------------------
[Pr Epoch : 5/20]
Pr_Src_cls_loss	: 0.1191
-------------------------------------
[Pr Epoch : 6/20]
Pr_Src_cls_loss	: 0.1118
-------------------------------------
[Pr Epoch : 7/20]
Pr_Src_cls_loss	: 0.1048
-------------------------------------
[Pr Epoch : 8/20]
Pr_Src_cls_loss	: 0.0988
-------------------------------------
[Pr Epoch : 9/20]
Pr_Src_cls_loss	: 0.0947
-------------------------------------
[Pr Epoch : 10/20]
Pr_Src_cls_loss	: 0.0906
-------------------------------------
[Pr Epoch : 11/20]
Pr_Src_cls_loss	: 0.0867
-------------------------------------
[Pr Epoch : 12/20]
Pr_Src_cls_loss	: 0.0837
-------------------------------------
[Pr Epoch : 13/20]
Pr_Src_cls_loss	: 0.0810
-------------------------------------
[Pr Epoch : 14/20]
Pr_Src_cls_loss	: 0.0782
-------------------------------------
[Pr Epoch : 15/20]
Pr_Src_cls_loss	: 0.0757
-------------------------------------
[Pr Epoch : 16/20]
Pr_Src_cls_loss	: 0.0736
-------------------------------------
[Pr Epoch : 17/20]
Pr_Src_cls_loss	: 0.0720
-------------------------------------
[Pr Epoch : 18/20]
Pr_Src_cls_loss	: 0.0700
-------------------------------------
[Pr Epoch : 19/20]
Pr_Src_cls_loss	: 0.0681
-------------------------------------
[Pr Epoch : 20/20]
Pr_Src_cls_loss	: 0.0665
-------------------------------------
/mnt/data/home/tp2474/OpenSet-AdaTime/algorithms/algorithms.py:1865: UserWarning: Implicit dimension choice for softmax has been deprecated. Change the call to include dim=X as an argument.
  trg_soft_cen = torch.nn.functional.softmax(after_lincls_cen).double()
[Epoch : 1/20]
Pr_Src_cls_loss	: 0.0665
Total_loss	: 0.0484
loss_cls	: 0.0174
loss_align	: 0.0310
-------------------------------------
[Epoch : 2/20]
Pr_Src_cls_loss	: 0.0665
Total_loss	: 0.0416
loss_cls	: 0.0183
loss_align	: 0.0232
-------------------------------------
[Epoch : 3/20]
Pr_Src_cls_loss	: 0.0665
Total_loss	: 0.0379
loss_cls	: 0.0182
loss_align	: 0.0196
-------------------------------------
[Epoch : 4/20]
Pr_Src_cls_loss	: 0.0665
Total_loss	: 0.0365
loss_cls	: 0.0182
loss_align	: 0.0183
-------------------------------------
[Epoch : 5/20]
Pr_Src_cls_loss	: 0.0665
Total_loss	: 0.0365
loss_cls	: 0.0184
loss_align	: 0.0182
-------------------------------------
[Epoch : 6/20]
Pr_Src_cls_loss	: 0.0665
Total_loss	: 0.0366
loss_cls	: 0.0189
loss_align	: 0.0177
-------------------------------------
[Epoch : 7/20]
Pr_Src_cls_loss	: 0.0665
Total_loss	: 0.0361
loss_cls	: 0.0190
loss_align	: 0.0171
-------------------------------------
[Epoch : 8/20]
Pr_Src_cls_loss	: 0.0665
Total_loss	: 0.0353
loss_cls	: 0.0188
loss_align	: 0.0165
-------------------------------------
[Epoch : 9/20]
Pr_Src_cls_loss	: 0.0665
Total_loss	: 0.0348
loss_cls	: 0.0188
loss_align	: 0.0160
Src_cls_loss	: 0.0000
-------------------------------------
[Epoch : 10/20]
Pr_Src_cls_loss	: 0.0665
Total_loss	: 0.0344
loss_cls	: 0.0187
loss_align	: 0.0157
Src_cls_loss	: 0.0000
-------------------------------------
[Epoch : 11/20]
Pr_Src_cls_loss	: 0.0665
Total_loss	: 0.0337
loss_cls	: 0.0183
loss_align	: 0.0154
Src_cls_loss	: 0.0000
-------------------------------------
[Epoch : 12/20]
Pr_Src_cls_loss	: 0.0665
Total_loss	: 0.0334
loss_cls	: 0.0183
loss_align	: 0.0151
Src_cls_loss	: 0.0000
-------------------------------------
[Epoch : 13/20]
Pr_Src_cls_loss	: 0.0665
Total_loss	: 0.0329
loss_cls	: 0.0180
loss_align	: 0.0149
Src_cls_loss	: 0.0000
-------------------------------------
[Epoch : 14/20]
Pr_Src_cls_loss	: 0.0665
Total_loss	: 0.0325
loss_cls	: 0.0178
loss_align	: 0.0147
Src_cls_loss	: 0.0000
-------------------------------------
[Epoch : 15/20]
Pr_Src_cls_loss	: 0.0665
Total_loss	: 0.0323
loss_cls	: 0.0177
loss_align	: 0.0146
Src_cls_loss	: 0.0000
-------------------------------------
[Epoch : 16/20]
Pr_Src_cls_loss	: 0.0665
Total_loss	: 0.0319
loss_cls	: 0.0175
loss_align	: 0.0144
Src_cls_loss	: 0.0000
-------------------------------------
[Epoch : 17/20]
Pr_Src_cls_loss	: 0.0665
Total_loss	: 0.0316
loss_cls	: 0.0173
loss_align	: 0.0143
Src_cls_loss	: 0.0000
-------------------------------------
[Epoch : 18/20]
Pr_Src_cls_loss	: 0.0665
Total_loss	: 0.0314
loss_cls	: 0.0172
loss_align	: 0.0142
Src_cls_loss	: 0.0000
-------------------------------------
[Epoch : 19/20]
Pr_Src_cls_loss	: 0.0665
Total_loss	: 0.0312
loss_cls	: 0.0171
loss_align	: 0.0142
Src_cls_loss	: 0.0000
-------------------------------------
[Epoch : 20/20]
Pr_Src_cls_loss	: 0.0665
Total_loss	: 0.0311
loss_cls	: 0.0170
loss_align	: 0.0141
Src_cls_loss	: 0.0000
-------------------------------------

[UniJDOT Debug] final_threshold = 0.8288 conf mean=0.6586 std=0.2798 reject=45.31%
[UniJDOT Eval ALL] n=2440 threshold=0.8288
[UniJDOT Eval ALL] conf: min=0.1688 max=0.8558 mean=0.6046 std=0.3001
[UniJDOT Eval ALL] rejected: 47.83%
[UniJDOT Eval ALL] pred class dist (pre-reject): [132, 1, 887, 772, 604, 44]
[UniJDOT Eval ALL] true label dist: [0, 0, 409, 405, 405, 410, 811] (last bin = unknown)
H_score: 0.1721, OS* (acc_c): 0.0982, UNK (acc_p): 0.6954, acc_mix: 0.2967, F1: 0.2438
[UniJDOT Eval ALL] n=2440 threshold=0.8288
[UniJDOT Eval ALL] conf: min=0.1688 max=0.8558 mean=0.6046 std=0.3001
[UniJDOT Eval ALL] rejected: 47.83%
[UniJDOT Eval ALL] pred class dist (pre-reject): [132, 1, 887, 772, 604, 44]
[UniJDOT Eval ALL] true label dist: [0, 0, 409, 405, 405, 410, 811] (last bin = unknown)
Uploading logs from: /mnt/data/home/tp2474/OpenSet-AdaTime/experiments_logs/curriculum/RealWorld to MHEALTH_UniDA_hard_n2_fno_mean/UniJDOT_UniDA_hard_n2_fno_mean/RealWorld_to_MHEALTH_run_1
🏃 View run UniJDOT_run_1 at: http://127.0.0.1:5001/#/experiments/958908129315819629/runs/4aca8cafeee949e5a1759c48e3c8d2a2
🧪 View experiment at: http://127.0.0.1:5001/#/experiments/958908129315819629
=============================================
Dataset: RealWorld to MHEALTH_UniDA_hard_n2_fno_mean
Method:  UniJDOT
=============================================
Source: RealWorld ---> Target: MHEALTH
Run ID: 2
=============================================
[Pr Epoch : 1/20]
Pr_Src_cls_loss	: 0.2353
-------------------------------------
[Pr Epoch : 2/20]
Pr_Src_cls_loss	: 0.1756
-------------------------------------
[Pr Epoch : 3/20]
Pr_Src_cls_loss	: 0.1488
-------------------------------------
[Pr Epoch : 4/20]
Pr_Src_cls_loss	: 0.1320
-------------------------------------
[Pr Epoch : 5/20]
Pr_Src_cls_loss	: 0.1204
-------------------------------------
[Pr Epoch : 6/20]
Pr_Src_cls_loss	: 0.1113
-------------------------------------
[Pr Epoch : 7/20]
Pr_Src_cls_loss	: 0.1041
-------------------------------------
[Pr Epoch : 8/20]
Pr_Src_cls_loss	: 0.0978
-------------------------------------
[Pr Epoch : 9/20]
Pr_Src_cls_loss	: 0.0931
-------------------------------------
[Pr Epoch : 10/20]
Pr_Src_cls_loss	: 0.0890
-------------------------------------
[Pr Epoch : 11/20]
Pr_Src_cls_loss	: 0.0854
-------------------------------------
[Pr Epoch : 12/20]
Pr_Src_cls_loss	: 0.0817
-------------------------------------
[Pr Epoch : 13/20]
Pr_Src_cls_loss	: 0.0791
-------------------------------------
[Pr Epoch : 14/20]
Pr_Src_cls_loss	: 0.0762
-------------------------------------
[Pr Epoch : 15/20]
Pr_Src_cls_loss	: 0.0739
-------------------------------------
[Pr Epoch : 16/20]
Pr_Src_cls_loss	: 0.0718
-------------------------------------
[Pr Epoch : 17/20]
Pr_Src_cls_loss	: 0.0695
-------------------------------------
[Pr Epoch : 18/20]
Pr_Src_cls_loss	: 0.0676
-------------------------------------
[Pr Epoch : 19/20]
Pr_Src_cls_loss	: 0.0660
-------------------------------------
[Pr Epoch : 20/20]
Pr_Src_cls_loss	: 0.0642
-------------------------------------
/mnt/data/home/tp2474/OpenSet-AdaTime/algorithms/algorithms.py:1865: UserWarning: Implicit dimension choice for softmax has been deprecated. Change the call to include dim=X as an argument.
  trg_soft_cen = torch.nn.functional.softmax(after_lincls_cen).double()
[Epoch : 1/20]
Pr_Src_cls_loss	: 0.0642
Total_loss	: 0.0540
loss_cls	: 0.0162
loss_align	: 0.0379
-------------------------------------
[Epoch : 2/20]
Pr_Src_cls_loss	: 0.0642
Total_loss	: 0.0464
loss_cls	: 0.0156
loss_align	: 0.0308
-------------------------------------
[Epoch : 3/20]
Pr_Src_cls_loss	: 0.0642
Total_loss	: 0.0431
loss_cls	: 0.0157
loss_align	: 0.0274
-------------------------------------
[Epoch : 4/20]
Pr_Src_cls_loss	: 0.0642
Total_loss	: 0.0411
loss_cls	: 0.0158
loss_align	: 0.0254
-------------------------------------
[Epoch : 5/20]
Pr_Src_cls_loss	: 0.0642
Total_loss	: 0.0397
loss_cls	: 0.0156
loss_align	: 0.0241
-------------------------------------
[Epoch : 6/20]
Pr_Src_cls_loss	: 0.0642
Total_loss	: 0.0387
loss_cls	: 0.0155
loss_align	: 0.0232
-------------------------------------
[Epoch : 7/20]
Pr_Src_cls_loss	: 0.0642
Total_loss	: 0.0378
loss_cls	: 0.0153
loss_align	: 0.0225
-------------------------------------
[Epoch : 8/20]
Pr_Src_cls_loss	: 0.0642
Total_loss	: 0.0370
loss_cls	: 0.0150
loss_align	: 0.0220
-------------------------------------
[Epoch : 9/20]
Pr_Src_cls_loss	: 0.0642
Total_loss	: 0.0366
loss_cls	: 0.0150
loss_align	: 0.0216
Src_cls_loss	: 0.0000
-------------------------------------
[Epoch : 10/20]
Pr_Src_cls_loss	: 0.0642
Total_loss	: 0.0362
loss_cls	: 0.0149
loss_align	: 0.0213
Src_cls_loss	: 0.0000
-------------------------------------
[Epoch : 11/20]
Pr_Src_cls_loss	: 0.0642
Total_loss	: 0.0358
loss_cls	: 0.0148
loss_align	: 0.0210
Src_cls_loss	: 0.0000
-------------------------------------
[Epoch : 12/20]
Pr_Src_cls_loss	: 0.0642
Total_loss	: 0.0356
loss_cls	: 0.0148
loss_align	: 0.0208
Src_cls_loss	: 0.0000
-------------------------------------
[Epoch : 13/20]
Pr_Src_cls_loss	: 0.0642
Total_loss	: 0.0352
loss_cls	: 0.0146
loss_align	: 0.0206
Src_cls_loss	: 0.0000
-------------------------------------
[Epoch : 14/20]
Pr_Src_cls_loss	: 0.0642
Total_loss	: 0.0348
loss_cls	: 0.0144
loss_align	: 0.0204
Src_cls_loss	: 0.0000
-------------------------------------
[Epoch : 15/20]
Pr_Src_cls_loss	: 0.0642
Total_loss	: 0.0346
loss_cls	: 0.0143
loss_align	: 0.0203
Src_cls_loss	: 0.0000
-------------------------------------
[Epoch : 16/20]
Pr_Src_cls_loss	: 0.0642
Total_loss	: 0.0344
loss_cls	: 0.0143
loss_align	: 0.0201
Src_cls_loss	: 0.0000
-------------------------------------
[Epoch : 17/20]
Pr_Src_cls_loss	: 0.0642
Total_loss	: 0.0342
loss_cls	: 0.0142
loss_align	: 0.0200
Src_cls_loss	: 0.0000
-------------------------------------
[Epoch : 18/20]
Pr_Src_cls_loss	: 0.0642
Total_loss	: 0.0340
loss_cls	: 0.0141
loss_align	: 0.0199
Src_cls_loss	: 0.0000
-------------------------------------
[Epoch : 19/20]
Pr_Src_cls_loss	: 0.0642
Total_loss	: 0.0338
loss_cls	: 0.0140
loss_align	: 0.0198
Src_cls_loss	: 0.0000
-------------------------------------
[Epoch : 20/20]
Pr_Src_cls_loss	: 0.0642
Total_loss	: 0.0336
loss_cls	: 0.0139
loss_align	: 0.0197
Src_cls_loss	: 0.0000
-------------------------------------

[UniJDOT Debug] final_threshold = 0.1900 conf mean=0.3654 std=0.2306 reject=51.56%
[UniJDOT Eval ALL] n=2440 threshold=0.1900
[UniJDOT Eval ALL] conf: min=0.1687 max=0.6767 mean=0.4256 std=0.2339
[UniJDOT Eval ALL] rejected: 41.89%
[UniJDOT Eval ALL] pred class dist (pre-reject): [192, 915, 537, 286, 103, 407]
[UniJDOT Eval ALL] true label dist: [0, 0, 409, 405, 405, 410, 811] (last bin = unknown)
H_score: 0.6653, OS* (acc_c): 0.6219, UNK (acc_p): 0.7152, acc_mix: 0.6529, F1: 0.6338
[UniJDOT Eval ALL] n=2440 threshold=0.1900
[UniJDOT Eval ALL] conf: min=0.1687 max=0.6767 mean=0.4256 std=0.2339
[UniJDOT Eval ALL] rejected: 41.89%
[UniJDOT Eval ALL] pred class dist (pre-reject): [192, 915, 537, 286, 103, 407]
[UniJDOT Eval ALL] true label dist: [0, 0, 409, 405, 405, 410, 811] (last bin = unknown)
Uploading logs from: /mnt/data/home/tp2474/OpenSet-AdaTime/experiments_logs/curriculum/RealWorld to MHEALTH_UniDA_hard_n2_fno_mean/UniJDOT_UniDA_hard_n2_fno_mean/RealWorld_to_MHEALTH_run_2
🏃 View run UniJDOT_run_2 at: http://127.0.0.1:5001/#/experiments/958908129315819629/runs/ac35ed3f9c014f0997557c99a62d5f8d
🧪 View experiment at: http://127.0.0.1:5001/#/experiments/958908129315819629
=============================================
Dataset: RealWorld to MHEALTH_UniDA_hard_n2_fno_mean
Method:  UniJDOT
=============================================
Source: RealWorld ---> Target: MHEALTH
Run ID: 3
=============================================
[Pr Epoch : 1/20]
Pr_Src_cls_loss	: 0.2151
-------------------------------------
[Pr Epoch : 2/20]
Pr_Src_cls_loss	: 0.1663
-------------------------------------
[Pr Epoch : 3/20]
Pr_Src_cls_loss	: 0.1417
-------------------------------------
[Pr Epoch : 4/20]
Pr_Src_cls_loss	: 0.1251
-------------------------------------
[Pr Epoch : 5/20]
Pr_Src_cls_loss	: 0.1142
-------------------------------------
[Pr Epoch : 6/20]
Pr_Src_cls_loss	: 0.1070
-------------------------------------
[Pr Epoch : 7/20]
Pr_Src_cls_loss	: 0.1003
-------------------------------------
[Pr Epoch : 8/20]
Pr_Src_cls_loss	: 0.0944
-------------------------------------
[Pr Epoch : 9/20]
Pr_Src_cls_loss	: 0.0900
-------------------------------------
[Pr Epoch : 10/20]
Pr_Src_cls_loss	: 0.0862
-------------------------------------
[Pr Epoch : 11/20]
Pr_Src_cls_loss	: 0.0824
-------------------------------------
[Pr Epoch : 12/20]
Pr_Src_cls_loss	: 0.0793
-------------------------------------
[Pr Epoch : 13/20]
Pr_Src_cls_loss	: 0.0764
-------------------------------------
[Pr Epoch : 14/20]
Pr_Src_cls_loss	: 0.0739
-------------------------------------
[Pr Epoch : 15/20]
Pr_Src_cls_loss	: 0.0718
-------------------------------------
[Pr Epoch : 16/20]
Pr_Src_cls_loss	: 0.0698
-------------------------------------
[Pr Epoch : 17/20]
Pr_Src_cls_loss	: 0.0679
-------------------------------------
[Pr Epoch : 18/20]
Pr_Src_cls_loss	: 0.0661
-------------------------------------
[Pr Epoch : 19/20]
Pr_Src_cls_loss	: 0.0646
-------------------------------------
[Pr Epoch : 20/20]
Pr_Src_cls_loss	: 0.0629
-------------------------------------
/mnt/data/home/tp2474/OpenSet-AdaTime/algorithms/algorithms.py:1865: UserWarning: Implicit dimension choice for softmax has been deprecated. Change the call to include dim=X as an argument.
  trg_soft_cen = torch.nn.functional.softmax(after_lincls_cen).double()
[Epoch : 1/20]
Pr_Src_cls_loss	: 0.0629
Total_loss	: 0.0482
loss_cls	: 0.0151
loss_align	: 0.0331
-------------------------------------
[Epoch : 2/20]
Pr_Src_cls_loss	: 0.0629
Total_loss	: 0.0452
loss_cls	: 0.0168
loss_align	: 0.0284
-------------------------------------
[Epoch : 3/20]
Pr_Src_cls_loss	: 0.0629
Total_loss	: 0.0434
loss_cls	: 0.0177
loss_align	: 0.0257
-------------------------------------
[Epoch : 4/20]
Pr_Src_cls_loss	: 0.0629
Total_loss	: 0.0413
loss_cls	: 0.0171
loss_align	: 0.0242
-------------------------------------
[Epoch : 5/20]
Pr_Src_cls_loss	: 0.0629
Total_loss	: 0.0401
loss_cls	: 0.0168
loss_align	: 0.0233
-------------------------------------
[Epoch : 6/20]
Pr_Src_cls_loss	: 0.0629
Total_loss	: 0.0397
loss_cls	: 0.0168
loss_align	: 0.0229
-------------------------------------
[Epoch : 7/20]
Pr_Src_cls_loss	: 0.0629
Total_loss	: 0.0402
loss_cls	: 0.0176
loss_align	: 0.0226
-------------------------------------
[Epoch : 8/20]
Pr_Src_cls_loss	: 0.0629
Total_loss	: 0.0400
loss_cls	: 0.0176
loss_align	: 0.0223
-------------------------------------
[Epoch : 9/20]
Pr_Src_cls_loss	: 0.0629
Total_loss	: 0.0400
loss_cls	: 0.0179
loss_align	: 0.0221
Src_cls_loss	: 0.0000
-------------------------------------
[Epoch : 10/20]
Pr_Src_cls_loss	: 0.0629
Total_loss	: 0.0398
loss_cls	: 0.0181
loss_align	: 0.0217
Src_cls_loss	: 0.0000
-------------------------------------
[Epoch : 11/20]
Pr_Src_cls_loss	: 0.0629
Total_loss	: 0.0393
loss_cls	: 0.0180
loss_align	: 0.0213
Src_cls_loss	: 0.0000
-------------------------------------
[Epoch : 12/20]
Pr_Src_cls_loss	: 0.0629
Total_loss	: 0.0389
loss_cls	: 0.0180
loss_align	: 0.0209
Src_cls_loss	: 0.0000
-------------------------------------
[Epoch : 13/20]
Pr_Src_cls_loss	: 0.0629
Total_loss	: 0.0387
loss_cls	: 0.0181
loss_align	: 0.0206
Src_cls_loss	: 0.0000
-------------------------------------
[Epoch : 14/20]
Pr_Src_cls_loss	: 0.0629
Total_loss	: 0.0384
loss_cls	: 0.0181
loss_align	: 0.0203
Src_cls_loss	: 0.0000
-------------------------------------
[Epoch : 15/20]
Pr_Src_cls_loss	: 0.0629
Total_loss	: 0.0380
loss_cls	: 0.0179
loss_align	: 0.0200
Src_cls_loss	: 0.0000
-------------------------------------
[Epoch : 16/20]
Pr_Src_cls_loss	: 0.0629
Total_loss	: 0.0376
loss_cls	: 0.0178
loss_align	: 0.0198
Src_cls_loss	: 0.0000
-------------------------------------
[Epoch : 17/20]
Pr_Src_cls_loss	: 0.0629
Total_loss	: 0.0373
loss_cls	: 0.0178
loss_align	: 0.0194
Src_cls_loss	: 0.0000
-------------------------------------
[Epoch : 18/20]
Pr_Src_cls_loss	: 0.0629
Total_loss	: 0.0370
loss_cls	: 0.0178
loss_align	: 0.0192
Src_cls_loss	: 0.0000
-------------------------------------
[Epoch : 19/20]
Pr_Src_cls_loss	: 0.0629
Total_loss	: 0.0367
loss_cls	: 0.0177
loss_align	: 0.0190
Src_cls_loss	: 0.0000
-------------------------------------
[Epoch : 20/20]
Pr_Src_cls_loss	: 0.0629
Total_loss	: 0.0363
loss_cls	: 0.0176
loss_align	: 0.0187
Src_cls_loss	: 0.0000
-------------------------------------

[UniJDOT Debug] final_threshold = 0.7927 conf mean=0.5857 std=0.3293 reject=46.88%
[UniJDOT Eval ALL] n=2440 threshold=0.7927
[UniJDOT Eval ALL] conf: min=0.1686 max=0.8901 mean=0.6113 std=0.2964
[UniJDOT Eval ALL] rejected: 46.76%
[UniJDOT Eval ALL] pred class dist (pre-reject): [766, 0, 582, 91, 718, 283]
[UniJDOT Eval ALL] true label dist: [0, 0, 409, 405, 405, 410, 811] (last bin = unknown)
H_score: 0.4661, OS* (acc_c): 0.4180, UNK (acc_p): 0.5265, acc_mix: 0.4541, F1: 0.3806
[UniJDOT Eval ALL] n=2440 threshold=0.7927
[UniJDOT Eval ALL] conf: min=0.1686 max=0.8901 mean=0.6113 std=0.2964
[UniJDOT Eval ALL] rejected: 46.76%
[UniJDOT Eval ALL] pred class dist (pre-reject): [766, 0, 582, 91, 718, 283]
[UniJDOT Eval ALL] true label dist: [0, 0, 409, 405, 405, 410, 811] (last bin = unknown)
Uploading logs from: /mnt/data/home/tp2474/OpenSet-AdaTime/experiments_logs/curriculum/RealWorld to MHEALTH_UniDA_hard_n2_fno_mean/UniJDOT_UniDA_hard_n2_fno_mean/RealWorld_to_MHEALTH_run_3
🏃 View run UniJDOT_run_3 at: http://127.0.0.1:5001/#/experiments/958908129315819629/runs/9817992987ac4d46b7d07e1836f3016b
🧪 View experiment at: http://127.0.0.1:5001/#/experiments/958908129315819629
=============================================
Dataset: RealWorld to MHEALTH_UniDA_hard_n2_fno_mean
Method:  UniJDOT
=============================================
Source: RealWorld ---> Target: MHEALTH
Run ID: 4
=============================================
[Pr Epoch : 1/20]
Pr_Src_cls_loss	: 0.2185
-------------------------------------
[Pr Epoch : 2/20]
Pr_Src_cls_loss	: 0.1687
-------------------------------------
[Pr Epoch : 3/20]
Pr_Src_cls_loss	: 0.1448
-------------------------------------
[Pr Epoch : 4/20]
Pr_Src_cls_loss	: 0.1304
-------------------------------------
[Pr Epoch : 5/20]
Pr_Src_cls_loss	: 0.1195
-------------------------------------
[Pr Epoch : 6/20]
Pr_Src_cls_loss	: 0.1106
-------------------------------------
[Pr Epoch : 7/20]
Pr_Src_cls_loss	: 0.1039
-------------------------------------
[Pr Epoch : 8/20]
Pr_Src_cls_loss	: 0.0982
-------------------------------------
[Pr Epoch : 9/20]
Pr_Src_cls_loss	: 0.0936
-------------------------------------
[Pr Epoch : 10/20]
Pr_Src_cls_loss	: 0.0893
-------------------------------------
[Pr Epoch : 11/20]
Pr_Src_cls_loss	: 0.0857
-------------------------------------
[Pr Epoch : 12/20]
Pr_Src_cls_loss	: 0.0827
-------------------------------------
[Pr Epoch : 13/20]
Pr_Src_cls_loss	: 0.0799
-------------------------------------
[Pr Epoch : 14/20]
Pr_Src_cls_loss	: 0.0772
-------------------------------------
[Pr Epoch : 15/20]
Pr_Src_cls_loss	: 0.0748
-------------------------------------
[Pr Epoch : 16/20]
Pr_Src_cls_loss	: 0.0727
-------------------------------------
[Pr Epoch : 17/20]
Pr_Src_cls_loss	: 0.0707
-------------------------------------
[Pr Epoch : 18/20]
Pr_Src_cls_loss	: 0.0687
-------------------------------------
[Pr Epoch : 19/20]
Pr_Src_cls_loss	: 0.0668
-------------------------------------
[Pr Epoch : 20/20]
Pr_Src_cls_loss	: 0.0653
-------------------------------------
/mnt/data/home/tp2474/OpenSet-AdaTime/algorithms/algorithms.py:1865: UserWarning: Implicit dimension choice for softmax has been deprecated. Change the call to include dim=X as an argument.
  trg_soft_cen = torch.nn.functional.softmax(after_lincls_cen).double()
[Epoch : 1/20]
Pr_Src_cls_loss	: 0.0653
Total_loss	: 0.0544
loss_cls	: 0.0161
loss_align	: 0.0383
-------------------------------------
[Epoch : 2/20]
Pr_Src_cls_loss	: 0.0653
Total_loss	: 0.0501
loss_cls	: 0.0179
loss_align	: 0.0322
-------------------------------------
[Epoch : 3/20]
Pr_Src_cls_loss	: 0.0653
Total_loss	: 0.0461
loss_cls	: 0.0173
loss_align	: 0.0288
-------------------------------------
[Epoch : 4/20]
Pr_Src_cls_loss	: 0.0653
Total_loss	: 0.0443
loss_cls	: 0.0172
loss_align	: 0.0271
-------------------------------------
[Epoch : 5/20]
Pr_Src_cls_loss	: 0.0653
Total_loss	: 0.0431
loss_cls	: 0.0172
loss_align	: 0.0258
-------------------------------------
[Epoch : 6/20]
Pr_Src_cls_loss	: 0.0653
Total_loss	: 0.0418
loss_cls	: 0.0171
loss_align	: 0.0248
-------------------------------------
[Epoch : 7/20]
Pr_Src_cls_loss	: 0.0653
Total_loss	: 0.0410
loss_cls	: 0.0169
loss_align	: 0.0240
-------------------------------------
[Epoch : 8/20]
Pr_Src_cls_loss	: 0.0653
Total_loss	: 0.0400
loss_cls	: 0.0167
loss_align	: 0.0234
-------------------------------------
[Epoch : 9/20]
Pr_Src_cls_loss	: 0.0653
Total_loss	: 0.0392
loss_cls	: 0.0164
loss_align	: 0.0229
Src_cls_loss	: 0.0000
-------------------------------------
[Epoch : 10/20]
Pr_Src_cls_loss	: 0.0653
Total_loss	: 0.0388
loss_cls	: 0.0163
loss_align	: 0.0225
Src_cls_loss	: 0.0000
-------------------------------------
[Epoch : 11/20]
Pr_Src_cls_loss	: 0.0653
Total_loss	: 0.0383
loss_cls	: 0.0162
loss_align	: 0.0222
Src_cls_loss	: 0.0000
-------------------------------------
[Epoch : 12/20]
Pr_Src_cls_loss	: 0.0653
Total_loss	: 0.0377
loss_cls	: 0.0159
loss_align	: 0.0218
Src_cls_loss	: 0.0000
-------------------------------------
[Epoch : 13/20]
Pr_Src_cls_loss	: 0.0653
Total_loss	: 0.0371
loss_cls	: 0.0156
loss_align	: 0.0215
Src_cls_loss	: 0.0000
-------------------------------------
[Epoch : 14/20]
Pr_Src_cls_loss	: 0.0653
Total_loss	: 0.0368
loss_cls	: 0.0156
loss_align	: 0.0212
Src_cls_loss	: 0.0000
-------------------------------------
[Epoch : 15/20]
Pr_Src_cls_loss	: 0.0653
Total_loss	: 0.0366
loss_cls	: 0.0156
loss_align	: 0.0210
Src_cls_loss	: 0.0000
-------------------------------------
[Epoch : 16/20]
Pr_Src_cls_loss	: 0.0653
Total_loss	: 0.0364
loss_cls	: 0.0155
loss_align	: 0.0209
Src_cls_loss	: 0.0000
-------------------------------------
[Epoch : 17/20]
Pr_Src_cls_loss	: 0.0653
Total_loss	: 0.0362
loss_cls	: 0.0155
loss_align	: 0.0207
Src_cls_loss	: 0.0000
-------------------------------------
[Epoch : 18/20]
Pr_Src_cls_loss	: 0.0653
Total_loss	: 0.0360
loss_cls	: 0.0154
loss_align	: 0.0206
Src_cls_loss	: 0.0000
-------------------------------------
[Epoch : 19/20]
Pr_Src_cls_loss	: 0.0653
Total_loss	: 0.0357
loss_cls	: 0.0153
loss_align	: 0.0204
Src_cls_loss	: 0.0000
-------------------------------------
[Epoch : 20/20]
Pr_Src_cls_loss	: 0.0653
Total_loss	: 0.0355
loss_cls	: 0.0152
loss_align	: 0.0203
Src_cls_loss	: 0.0000
-------------------------------------

[UniJDOT Debug] final_threshold = 0.5937 conf mean=0.4017 std=0.2218 reject=75.00%
[UniJDOT Eval ALL] n=2440 threshold=0.5937
[UniJDOT Eval ALL] conf: min=0.1689 max=0.6893 mean=0.4146 std=0.2244
[UniJDOT Eval ALL] rejected: 68.77%
[UniJDOT Eval ALL] pred class dist (pre-reject): [183, 770, 438, 159, 579, 311]
[UniJDOT Eval ALL] true label dist: [0, 0, 409, 405, 405, 410, 811] (last bin = unknown)
H_score: 0.3549, OS* (acc_c): 0.2247, UNK (acc_p): 0.8446, acc_mix: 0.4307, F1: 0.3544
[UniJDOT Eval ALL] n=2440 threshold=0.5937
[UniJDOT Eval ALL] conf: min=0.1689 max=0.6893 mean=0.4146 std=0.2244
[UniJDOT Eval ALL] rejected: 68.77%
[UniJDOT Eval ALL] pred class dist (pre-reject): [183, 770, 438, 159, 579, 311]
[UniJDOT Eval ALL] true label dist: [0, 0, 409, 405, 405, 410, 811] (last bin = unknown)
Uploading logs from: /mnt/data/home/tp2474/OpenSet-AdaTime/experiments_logs/curriculum/RealWorld to MHEALTH_UniDA_hard_n2_fno_mean/UniJDOT_UniDA_hard_n2_fno_mean/RealWorld_to_MHEALTH_run_4
🏃 View run UniJDOT_run_4 at: http://127.0.0.1:5001/#/experiments/958908129315819629/runs/1eb1fc08f1c84316b1ec274b5377c4dd
🧪 View experiment at: http://127.0.0.1:5001/#/experiments/958908129315819629
==================== [n2 fno_mean] done ====================
==================== [n3 fno_mean] RAINCOAT ====================
[curriculum] scenario=UniDA  strategy=hard  n_unknown=3  rank_variant=fno_mean
[curriculum] source mapping (7 classes): {'lying': 'lying', 'sitting': 'sitting', 'walking': 'walking', 'running': 'running', 'climbingup': 'climbingup', 'jumping': 'jumping', 'climbingdown': 'climbingdown'}
[curriculum] target mapping (7 classes): {'Lying down': 'lying', 'Sitting and relaxing': 'sitting', 'Walking': 'walking', 'Running': 'running', 'Climbing stairs': 'Climbing stairs', 'Jogging': 'Jogging', 'Jump front & back': 'Jump front & back'}
[curriculum] unknowns added (in hard order): src=[climbingup,jumping,climbingdown] | trg=[Climbing stairs,Jogging,Jump front & back]
2026/05/11 15:31:54 INFO mlflow.tracking.fluent: Experiment with name 'RealWorld to MHEALTH_UniDA_hard_n3_fno_mean' does not exist. Creating a new experiment.
[scenario] RAINCOAT -> UniDA (uniDA=True)
Unlabeled data shape:  (2582, 150, 18)
Unlabelled Combined shape: (4441, 150, 18)

--- Dataloader Size Check ---
Source Train batches:   396
Target Train batches:   40
-------------------------------

Private classes:  tensor([7., 8., 9.])
=============================================
Dataset: RealWorld to MHEALTH_UniDA_hard_n3_fno_mean
Method:  RAINCOAT
=============================================
Source: RealWorld ---> Target: MHEALTH
Run ID: 0
=============================================
[Align Epoch : 1/20]
Src_cls_loss	: 1.0505
Sink	: 0.7026
Recon	: 24.2847
-------------------------------------
[Align Epoch : 2/20]
Src_cls_loss	: 0.8778
Sink	: 0.6291
Recon	: 24.3476
-------------------------------------
[Align Epoch : 3/20]
Src_cls_loss	: 0.7725
Sink	: 0.5887
Recon	: 24.3350
-------------------------------------
[Align Epoch : 4/20]
Src_cls_loss	: 0.7008
Sink	: 0.5613
Recon	: 24.3278
-------------------------------------
[Align Epoch : 5/20]
Src_cls_loss	: 0.6493
Sink	: 0.5417
Recon	: 24.3296
-------------------------------------
[Align Epoch : 6/20]
Src_cls_loss	: 0.6078
Sink	: 0.5189
Recon	: 24.3016
-------------------------------------
[Align Epoch : 7/20]
Src_cls_loss	: 0.5713
Sink	: 0.4997
Recon	: 24.2924
-------------------------------------
[Align Epoch : 8/20]
Src_cls_loss	: 0.5401
Sink	: 0.4812
Recon	: 24.2786
-------------------------------------
[Align Epoch : 9/20]
Src_cls_loss	: 0.5109
Sink	: 0.4647
Recon	: 24.2532
-------------------------------------
[Align Epoch : 10/20]
Src_cls_loss	: 0.4880
Sink	: 0.4508
Recon	: 24.2395
-------------------------------------
[Align Epoch : 11/20]
Src_cls_loss	: 0.4675
Sink	: 0.4373
Recon	: 24.2130
-------------------------------------
[Align Epoch : 12/20]
Src_cls_loss	: 0.4493
Sink	: 0.4240
Recon	: 24.1967
-------------------------------------
[Align Epoch : 13/20]
Src_cls_loss	: 0.4328
Sink	: 0.4118
Recon	: 24.1806
-------------------------------------
[Align Epoch : 14/20]
Src_cls_loss	: 0.4190
Sink	: 0.4008
Recon	: 24.1594
-------------------------------------
[Align Epoch : 15/20]
Src_cls_loss	: 0.4077
Sink	: 0.3912
Recon	: 24.1298
-------------------------------------
[Align Epoch : 16/20]
Src_cls_loss	: 0.3983
Sink	: 0.3824
Recon	: 24.1096
-------------------------------------
[Align Epoch : 17/20]
Src_cls_loss	: 0.3881
Sink	: 0.3734
Recon	: 24.0985
-------------------------------------
[Align Epoch : 18/20]
Src_cls_loss	: 0.3784
Sink	: 0.3657
Recon	: 24.0735
-------------------------------------
[Align Epoch : 19/20]
Src_cls_loss	: 0.3701
Sink	: 0.3585
Recon	: 24.0519
-------------------------------------
[Align Epoch : 20/20]
Src_cls_loss	: 0.3624
Sink	: 0.3517
Recon	: 24.0274
-------------------------------------
[Correct Epoch : 1/20]
Recon_correct	: 23.2895
-------------------------------------
[Correct Epoch : 2/20]
Recon_correct	: 23.2766
-------------------------------------
[Correct Epoch : 3/20]
Recon_correct	: 23.1735
-------------------------------------
[Correct Epoch : 4/20]
Recon_correct	: 23.1498
-------------------------------------
[Correct Epoch : 5/20]
Recon_correct	: 23.0940
-------------------------------------
[Correct Epoch : 6/20]
Recon_correct	: 23.0665
-------------------------------------
[Correct Epoch : 7/20]
Recon_correct	: 23.0082
-------------------------------------
[Correct Epoch : 8/20]
Recon_correct	: 22.9693
-------------------------------------
[Correct Epoch : 9/20]
Recon_correct	: 22.9280
-------------------------------------
[Correct Epoch : 10/20]
Recon_correct	: 22.8839
-------------------------------------
[Correct Epoch : 11/20]
Recon_correct	: 22.8260
-------------------------------------
[Correct Epoch : 12/20]
Recon_correct	: 22.7758
-------------------------------------
[Correct Epoch : 13/20]
Recon_correct	: 22.7231
-------------------------------------
[Correct Epoch : 14/20]
Recon_correct	: 22.6696
-------------------------------------
[Correct Epoch : 15/20]
Recon_correct	: 22.6315
-------------------------------------
[Correct Epoch : 16/20]
Recon_correct	: 22.5774
-------------------------------------
[Correct Epoch : 17/20]
Recon_correct	: 22.5266
-------------------------------------
[Correct Epoch : 18/20]
Recon_correct	: 22.4827
-------------------------------------
[Correct Epoch : 19/20]
Recon_correct	: 22.4350
-------------------------------------
[Correct Epoch : 20/20]
Recon_correct	: 22.3891
-------------------------------------
/mnt/data/home/tp2474/OpenSet-AdaTime/trainers/abstract_trainer.py:331: FutureWarning: The behavior of DataFrame concatenation with empty or all-NA entries is deprecated. In a future version, this will no longer exclude empty or all-NA columns when determining the result dtypes. To retain the old behavior, exclude the relevant entries before the concat operation.
  table = pd.concat([table, results_df], ignore_index=True)
H_score: 0.2032, OS* (acc_c): 0.1487, UNK (acc_p): 0.3207, acc_mix: 0.2119, F1: 0.2141
Uploading logs from: /mnt/data/home/tp2474/OpenSet-AdaTime/experiments_logs/curriculum/RealWorld to MHEALTH_UniDA_hard_n3_fno_mean/RAINCOAT_UniDA_hard_n3_fno_mean/RealWorld_to_MHEALTH_run_0
🏃 View run RAINCOAT_run_0 at: http://127.0.0.1:5001/#/experiments/827127228733241128/runs/34f02a5c47bb45a49b83aa4d8d8de5dd
🧪 View experiment at: http://127.0.0.1:5001/#/experiments/827127228733241128
=============================================
Dataset: RealWorld to MHEALTH_UniDA_hard_n3_fno_mean
Method:  RAINCOAT
=============================================
Source: RealWorld ---> Target: MHEALTH
Run ID: 1
=============================================
[Align Epoch : 1/20]
Src_cls_loss	: 1.0701
Sink	: 0.7613
Recon	: 24.4975
-------------------------------------
[Align Epoch : 2/20]
Src_cls_loss	: 0.8784
Sink	: 0.6901
Recon	: 24.4381
-------------------------------------
[Align Epoch : 3/20]
Src_cls_loss	: 0.7731
Sink	: 0.6368
Recon	: 24.3795
-------------------------------------
[Align Epoch : 4/20]
Src_cls_loss	: 0.6980
Sink	: 0.5982
Recon	: 24.3669
-------------------------------------
[Align Epoch : 5/20]
Src_cls_loss	: 0.6384
Sink	: 0.5709
Recon	: 24.3034
-------------------------------------
[Align Epoch : 6/20]
Src_cls_loss	: 0.5950
Sink	: 0.5482
Recon	: 24.2704
-------------------------------------
[Align Epoch : 7/20]
Src_cls_loss	: 0.5592
Sink	: 0.5287
Recon	: 24.2363
-------------------------------------
[Align Epoch : 8/20]
Src_cls_loss	: 0.5290
Sink	: 0.5112
Recon	: 24.2220
-------------------------------------
[Align Epoch : 9/20]
Src_cls_loss	: 0.5018
Sink	: 0.4944
Recon	: 24.1963
-------------------------------------
[Align Epoch : 10/20]
Src_cls_loss	: 0.4782
Sink	: 0.4786
Recon	: 24.1781
-------------------------------------
[Align Epoch : 11/20]
Src_cls_loss	: 0.4574
Sink	: 0.4641
Recon	: 24.1550
-------------------------------------
[Align Epoch : 12/20]
Src_cls_loss	: 0.4410
Sink	: 0.4513
Recon	: 24.1163
-------------------------------------
[Align Epoch : 13/20]
Src_cls_loss	: 0.4248
Sink	: 0.4385
Recon	: 24.0866
-------------------------------------
[Align Epoch : 14/20]
Src_cls_loss	: 0.4114
Sink	: 0.4275
Recon	: 24.0514
-------------------------------------
[Align Epoch : 15/20]
Src_cls_loss	: 0.3979
Sink	: 0.4164
Recon	: 24.0366
-------------------------------------
[Align Epoch : 16/20]
Src_cls_loss	: 0.3855
Sink	: 0.4053
Recon	: 24.0168
-------------------------------------
[Align Epoch : 17/20]
Src_cls_loss	: 0.3743
Sink	: 0.3953
Recon	: 23.9947
-------------------------------------
[Align Epoch : 18/20]
Src_cls_loss	: 0.3648
Sink	: 0.3859
Recon	: 23.9710
-------------------------------------
[Align Epoch : 19/20]
Src_cls_loss	: 0.3550
Sink	: 0.3766
Recon	: 23.9407
-------------------------------------
[Align Epoch : 20/20]
Src_cls_loss	: 0.3470
Sink	: 0.3683
Recon	: 23.9131
-------------------------------------
[Correct Epoch : 1/20]
Recon_correct	: 23.1862
-------------------------------------
[Correct Epoch : 2/20]
Recon_correct	: 23.2011
-------------------------------------
[Correct Epoch : 3/20]
Recon_correct	: 23.1532
-------------------------------------
[Correct Epoch : 4/20]
Recon_correct	: 23.1181
-------------------------------------
[Correct Epoch : 5/20]
Recon_correct	: 23.0588
-------------------------------------
[Correct Epoch : 6/20]
Recon_correct	: 23.0056
-------------------------------------
[Correct Epoch : 7/20]
Recon_correct	: 22.9773
-------------------------------------
[Correct Epoch : 8/20]
Recon_correct	: 22.9228
-------------------------------------
[Correct Epoch : 9/20]
Recon_correct	: 22.8655
-------------------------------------
[Correct Epoch : 10/20]
Recon_correct	: 22.8302
-------------------------------------
[Correct Epoch : 11/20]
Recon_correct	: 22.7843
-------------------------------------
[Correct Epoch : 12/20]
Recon_correct	: 22.7457
-------------------------------------
[Correct Epoch : 13/20]
Recon_correct	: 22.6944
-------------------------------------
[Correct Epoch : 14/20]
Recon_correct	: 22.6437
-------------------------------------
[Correct Epoch : 15/20]
Recon_correct	: 22.6009
-------------------------------------
[Correct Epoch : 16/20]
Recon_correct	: 22.5613
-------------------------------------
[Correct Epoch : 17/20]
Recon_correct	: 22.5236
-------------------------------------
[Correct Epoch : 18/20]
Recon_correct	: 22.4890
-------------------------------------
[Correct Epoch : 19/20]
Recon_correct	: 22.4479
-------------------------------------
[Correct Epoch : 20/20]
Recon_correct	: 22.4115
-------------------------------------
H_score: 0.0323, OS* (acc_c): 0.3623, UNK (acc_p): 0.0169, acc_mix: 0.2355, F1: 0.2028
Uploading logs from: /mnt/data/home/tp2474/OpenSet-AdaTime/experiments_logs/curriculum/RealWorld to MHEALTH_UniDA_hard_n3_fno_mean/RAINCOAT_UniDA_hard_n3_fno_mean/RealWorld_to_MHEALTH_run_1
🏃 View run RAINCOAT_run_1 at: http://127.0.0.1:5001/#/experiments/827127228733241128/runs/dc2a9929accc492f893374ffb978b034
🧪 View experiment at: http://127.0.0.1:5001/#/experiments/827127228733241128
=============================================
Dataset: RealWorld to MHEALTH_UniDA_hard_n3_fno_mean
Method:  RAINCOAT
=============================================
Source: RealWorld ---> Target: MHEALTH
Run ID: 2
=============================================
[Align Epoch : 1/20]
Src_cls_loss	: 1.0877
Sink	: 0.7482
Recon	: 24.5446
-------------------------------------
[Align Epoch : 2/20]
Src_cls_loss	: 0.9085
Sink	: 0.6931
Recon	: 24.4316
-------------------------------------
[Align Epoch : 3/20]
Src_cls_loss	: 0.8044
Sink	: 0.6547
Recon	: 24.4158
-------------------------------------
[Align Epoch : 4/20]
Src_cls_loss	: 0.7229
Sink	: 0.6274
Recon	: 24.3317
-------------------------------------
[Align Epoch : 5/20]
Src_cls_loss	: 0.6668
Sink	: 0.6010
Recon	: 24.2887
-------------------------------------
[Align Epoch : 6/20]
Src_cls_loss	: 0.6195
Sink	: 0.5761
Recon	: 24.2460
-------------------------------------
[Align Epoch : 7/20]
Src_cls_loss	: 0.5798
Sink	: 0.5546
Recon	: 24.2336
-------------------------------------
[Align Epoch : 8/20]
Src_cls_loss	: 0.5460
Sink	: 0.5341
Recon	: 24.2058
-------------------------------------
[Align Epoch : 9/20]
Src_cls_loss	: 0.5198
Sink	: 0.5155
Recon	: 24.1786
-------------------------------------
[Align Epoch : 10/20]
Src_cls_loss	: 0.4936
Sink	: 0.4983
Recon	: 24.1532
-------------------------------------
[Align Epoch : 11/20]
Src_cls_loss	: 0.4731
Sink	: 0.4817
Recon	: 24.1079
-------------------------------------
[Align Epoch : 12/20]
Src_cls_loss	: 0.4554
Sink	: 0.4663
Recon	: 24.0862
-------------------------------------
[Align Epoch : 13/20]
Src_cls_loss	: 0.4387
Sink	: 0.4526
Recon	: 24.0580
-------------------------------------
[Align Epoch : 14/20]
Src_cls_loss	: 0.4227
Sink	: 0.4391
Recon	: 24.0394
-------------------------------------
[Align Epoch : 15/20]
Src_cls_loss	: 0.4099
Sink	: 0.4263
Recon	: 24.0045
-------------------------------------
[Align Epoch : 16/20]
Src_cls_loss	: 0.3985
Sink	: 0.4148
Recon	: 23.9830
-------------------------------------
[Align Epoch : 17/20]
Src_cls_loss	: 0.3874
Sink	: 0.4037
Recon	: 23.9542
-------------------------------------
[Align Epoch : 18/20]
Src_cls_loss	: 0.3765
Sink	: 0.3937
Recon	: 23.9290
-------------------------------------
[Align Epoch : 19/20]
Src_cls_loss	: 0.3673
Sink	: 0.3838
Recon	: 23.9063
-------------------------------------
[Align Epoch : 20/20]
Src_cls_loss	: 0.3588
Sink	: 0.3745
Recon	: 23.8788
-------------------------------------
[Correct Epoch : 1/20]
Recon_correct	: 23.2987
-------------------------------------
[Correct Epoch : 2/20]
Recon_correct	: 23.2329
-------------------------------------
[Correct Epoch : 3/20]
Recon_correct	: 23.1706
-------------------------------------
[Correct Epoch : 4/20]
Recon_correct	: 23.1477
-------------------------------------
[Correct Epoch : 5/20]
Recon_correct	: 23.1186
-------------------------------------
[Correct Epoch : 6/20]
Recon_correct	: 23.0904
-------------------------------------
[Correct Epoch : 7/20]
Recon_correct	: 23.0451
-------------------------------------
[Correct Epoch : 8/20]
Recon_correct	: 22.9945
-------------------------------------
[Correct Epoch : 9/20]
Recon_correct	: 22.9603
-------------------------------------
[Correct Epoch : 10/20]
Recon_correct	: 22.9081
-------------------------------------
[Correct Epoch : 11/20]
Recon_correct	: 22.8646
-------------------------------------
[Correct Epoch : 12/20]
Recon_correct	: 22.8224
-------------------------------------
[Correct Epoch : 13/20]
Recon_correct	: 22.7851
-------------------------------------
[Correct Epoch : 14/20]
Recon_correct	: 22.7411
-------------------------------------
[Correct Epoch : 15/20]
Recon_correct	: 22.7018
-------------------------------------
[Correct Epoch : 16/20]
Recon_correct	: 22.6650
-------------------------------------
[Correct Epoch : 17/20]
Recon_correct	: 22.6209
-------------------------------------
[Correct Epoch : 18/20]
Recon_correct	: 22.5751
-------------------------------------
[Correct Epoch : 19/20]
Recon_correct	: 22.5319
-------------------------------------
[Correct Epoch : 20/20]
Recon_correct	: 22.4879
-------------------------------------
H_score: 0.2563, OS* (acc_c): 0.2222, UNK (acc_p): 0.3027, acc_mix: 0.2517, F1: 0.2619
Uploading logs from: /mnt/data/home/tp2474/OpenSet-AdaTime/experiments_logs/curriculum/RealWorld to MHEALTH_UniDA_hard_n3_fno_mean/RAINCOAT_UniDA_hard_n3_fno_mean/RealWorld_to_MHEALTH_run_2
🏃 View run RAINCOAT_run_2 at: http://127.0.0.1:5001/#/experiments/827127228733241128/runs/31023a99c10e414e9a2579debfd04692
🧪 View experiment at: http://127.0.0.1:5001/#/experiments/827127228733241128
=============================================
Dataset: RealWorld to MHEALTH_UniDA_hard_n3_fno_mean
Method:  RAINCOAT
=============================================
Source: RealWorld ---> Target: MHEALTH
Run ID: 3
=============================================
[Align Epoch : 1/20]
Src_cls_loss	: 1.0304
Sink	: 0.7298
Recon	: 24.3363
-------------------------------------
[Align Epoch : 2/20]
Src_cls_loss	: 0.8542
Sink	: 0.6737
Recon	: 24.3705
-------------------------------------
[Align Epoch : 3/20]
Src_cls_loss	: 0.7572
Sink	: 0.6445
Recon	: 24.3289
-------------------------------------
[Align Epoch : 4/20]
Src_cls_loss	: 0.6838
Sink	: 0.6176
Recon	: 24.3098
-------------------------------------
[Align Epoch : 5/20]
Src_cls_loss	: 0.6283
Sink	: 0.5952
Recon	: 24.2715
-------------------------------------
[Align Epoch : 6/20]
Src_cls_loss	: 0.5836
Sink	: 0.5745
Recon	: 24.2485
-------------------------------------
[Align Epoch : 7/20]
Src_cls_loss	: 0.5446
Sink	: 0.5553
Recon	: 24.2051
-------------------------------------
[Align Epoch : 8/20]
Src_cls_loss	: 0.5147
Sink	: 0.5375
Recon	: 24.1981
-------------------------------------
[Align Epoch : 9/20]
Src_cls_loss	: 0.4881
Sink	: 0.5205
Recon	: 24.1699
-------------------------------------
[Align Epoch : 10/20]
Src_cls_loss	: 0.4637
Sink	: 0.5043
Recon	: 24.1407
-------------------------------------
[Align Epoch : 11/20]
Src_cls_loss	: 0.4430
Sink	: 0.4891
Recon	: 24.1245
-------------------------------------
[Align Epoch : 12/20]
Src_cls_loss	: 0.4260
Sink	: 0.4753
Recon	: 24.0934
-------------------------------------
[Align Epoch : 13/20]
Src_cls_loss	: 0.4107
Sink	: 0.4616
Recon	: 24.0671
-------------------------------------
[Align Epoch : 14/20]
Src_cls_loss	: 0.3969
Sink	: 0.4486
Recon	: 24.0450
-------------------------------------
[Align Epoch : 15/20]
Src_cls_loss	: 0.3839
Sink	: 0.4368
Recon	: 24.0185
-------------------------------------
[Align Epoch : 16/20]
Src_cls_loss	: 0.3731
Sink	: 0.4254
Recon	: 23.9957
-------------------------------------
[Align Epoch : 17/20]
Src_cls_loss	: 0.3648
Sink	: 0.4148
Recon	: 23.9635
-------------------------------------
[Align Epoch : 18/20]
Src_cls_loss	: 0.3565
Sink	: 0.4046
Recon	: 23.9429
-------------------------------------
[Align Epoch : 19/20]
Src_cls_loss	: 0.3481
Sink	: 0.3947
Recon	: 23.9223
-------------------------------------
[Align Epoch : 20/20]
Src_cls_loss	: 0.3410
Sink	: 0.3862
Recon	: 23.8963
-------------------------------------
[Correct Epoch : 1/20]
Recon_correct	: 23.3485
-------------------------------------
[Correct Epoch : 2/20]
Recon_correct	: 23.2737
-------------------------------------
[Correct Epoch : 3/20]
Recon_correct	: 23.2316
-------------------------------------
[Correct Epoch : 4/20]
Recon_correct	: 23.1901
-------------------------------------
[Correct Epoch : 5/20]
Recon_correct	: 23.1128
-------------------------------------
[Correct Epoch : 6/20]
Recon_correct	: 23.0994
-------------------------------------
[Correct Epoch : 7/20]
Recon_correct	: 23.0391
-------------------------------------
[Correct Epoch : 8/20]
Recon_correct	: 23.0022
-------------------------------------
[Correct Epoch : 9/20]
Recon_correct	: 22.9525
-------------------------------------
[Correct Epoch : 10/20]
Recon_correct	: 22.9040
-------------------------------------
[Correct Epoch : 11/20]
Recon_correct	: 22.8615
-------------------------------------
[Correct Epoch : 12/20]
Recon_correct	: 22.8099
-------------------------------------
[Correct Epoch : 13/20]
Recon_correct	: 22.7638
-------------------------------------
[Correct Epoch : 14/20]
Recon_correct	: 22.7147
-------------------------------------
[Correct Epoch : 15/20]
Recon_correct	: 22.6692
-------------------------------------
[Correct Epoch : 16/20]
Recon_correct	: 22.6245
-------------------------------------
[Correct Epoch : 17/20]
Recon_correct	: 22.5856
-------------------------------------
[Correct Epoch : 18/20]
Recon_correct	: 22.5416
-------------------------------------
[Correct Epoch : 19/20]
Recon_correct	: 22.4986
-------------------------------------
[Correct Epoch : 20/20]
Recon_correct	: 22.4500
-------------------------------------
H_score: 0.2403, OS* (acc_c): 0.2503, UNK (acc_p): 0.2310, acc_mix: 0.2432, F1: 0.2495
Uploading logs from: /mnt/data/home/tp2474/OpenSet-AdaTime/experiments_logs/curriculum/RealWorld to MHEALTH_UniDA_hard_n3_fno_mean/RAINCOAT_UniDA_hard_n3_fno_mean/RealWorld_to_MHEALTH_run_3
🏃 View run RAINCOAT_run_3 at: http://127.0.0.1:5001/#/experiments/827127228733241128/runs/35ec62b5e54e4901bb85859344f5ae64
🧪 View experiment at: http://127.0.0.1:5001/#/experiments/827127228733241128
=============================================
Dataset: RealWorld to MHEALTH_UniDA_hard_n3_fno_mean
Method:  RAINCOAT
=============================================
Source: RealWorld ---> Target: MHEALTH
Run ID: 4
=============================================
[Align Epoch : 1/20]
Src_cls_loss	: 1.0716
Sink	: 0.7711
Recon	: 24.5455
-------------------------------------
[Align Epoch : 2/20]
Src_cls_loss	: 0.8723
Sink	: 0.7089
Recon	: 24.4430
-------------------------------------
[Align Epoch : 3/20]
Src_cls_loss	: 0.7619
Sink	: 0.6645
Recon	: 24.3692
-------------------------------------
[Align Epoch : 4/20]
Src_cls_loss	: 0.6844
Sink	: 0.6273
Recon	: 24.3624
-------------------------------------
[Align Epoch : 5/20]
Src_cls_loss	: 0.6262
Sink	: 0.5959
Recon	: 24.3324
-------------------------------------
[Align Epoch : 6/20]
Src_cls_loss	: 0.5791
Sink	: 0.5701
Recon	: 24.3078
-------------------------------------
[Align Epoch : 7/20]
Src_cls_loss	: 0.5415
Sink	: 0.5456
Recon	: 24.2834
-------------------------------------
[Align Epoch : 8/20]
Src_cls_loss	: 0.5116
Sink	: 0.5249
Recon	: 24.2624
-------------------------------------
[Align Epoch : 9/20]
Src_cls_loss	: 0.4875
Sink	: 0.5055
Recon	: 24.2301
-------------------------------------
[Align Epoch : 10/20]
Src_cls_loss	: 0.4649
Sink	: 0.4876
Recon	: 24.2074
-------------------------------------
[Align Epoch : 11/20]
Src_cls_loss	: 0.4439
Sink	: 0.4717
Recon	: 24.1946
-------------------------------------
[Align Epoch : 12/20]
Src_cls_loss	: 0.4292
Sink	: 0.4569
Recon	: 24.1650
-------------------------------------
[Align Epoch : 13/20]
Src_cls_loss	: 0.4150
Sink	: 0.4430
Recon	: 24.1388
-------------------------------------
[Align Epoch : 14/20]
Src_cls_loss	: 0.4030
Sink	: 0.4298
Recon	: 24.1041
-------------------------------------
[Align Epoch : 15/20]
Src_cls_loss	: 0.3925
Sink	: 0.4180
Recon	: 24.0762
-------------------------------------
[Align Epoch : 16/20]
Src_cls_loss	: 0.3813
Sink	: 0.4067
Recon	: 24.0567
-------------------------------------
[Align Epoch : 17/20]
Src_cls_loss	: 0.3713
Sink	: 0.3963
Recon	: 24.0323
-------------------------------------
[Align Epoch : 18/20]
Src_cls_loss	: 0.3621
Sink	: 0.3858
Recon	: 24.0017
-------------------------------------
[Align Epoch : 19/20]
Src_cls_loss	: 0.3523
Sink	: 0.3767
Recon	: 23.9780
-------------------------------------
[Align Epoch : 20/20]
Src_cls_loss	: 0.3447
Sink	: 0.3675
Recon	: 23.9440
-------------------------------------
[Correct Epoch : 1/20]
Recon_correct	: 23.4739
-------------------------------------
[Correct Epoch : 2/20]
Recon_correct	: 23.3029
-------------------------------------
[Correct Epoch : 3/20]
Recon_correct	: 23.3025
-------------------------------------
[Correct Epoch : 4/20]
Recon_correct	: 23.2521
-------------------------------------
[Correct Epoch : 5/20]
Recon_correct	: 23.2278
-------------------------------------
[Correct Epoch : 6/20]
Recon_correct	: 23.1663
-------------------------------------
[Correct Epoch : 7/20]
Recon_correct	: 23.1074
-------------------------------------
[Correct Epoch : 8/20]
Recon_correct	: 23.0692
-------------------------------------
[Correct Epoch : 9/20]
Recon_correct	: 23.0251
-------------------------------------
[Correct Epoch : 10/20]
Recon_correct	: 22.9795
-------------------------------------
[Correct Epoch : 11/20]
Recon_correct	: 22.9355
-------------------------------------
[Correct Epoch : 12/20]
Recon_correct	: 22.8973
-------------------------------------
[Correct Epoch : 13/20]
Recon_correct	: 22.8614
-------------------------------------
[Correct Epoch : 14/20]
Recon_correct	: 22.8167
-------------------------------------
[Correct Epoch : 15/20]
Recon_correct	: 22.7684
-------------------------------------
[Correct Epoch : 16/20]
Recon_correct	: 22.7316
-------------------------------------
[Correct Epoch : 17/20]
Recon_correct	: 22.6954
-------------------------------------
[Correct Epoch : 18/20]
Recon_correct	: 22.6618
-------------------------------------
[Correct Epoch : 19/20]
Recon_correct	: 22.6218
-------------------------------------
[Correct Epoch : 20/20]
Recon_correct	: 22.5862
-------------------------------------
H_score: 0.1261, OS* (acc_c): 0.0826, UNK (acc_p): 0.2658, acc_mix: 0.1499, F1: 0.1718
Uploading logs from: /mnt/data/home/tp2474/OpenSet-AdaTime/experiments_logs/curriculum/RealWorld to MHEALTH_UniDA_hard_n3_fno_mean/RAINCOAT_UniDA_hard_n3_fno_mean/RealWorld_to_MHEALTH_run_4
🏃 View run RAINCOAT_run_4 at: http://127.0.0.1:5001/#/experiments/827127228733241128/runs/a3c8259545fd4f34be0b8e3f19dc0899
🧪 View experiment at: http://127.0.0.1:5001/#/experiments/827127228733241128
==================== [n3 fno_mean] UDA ====================
[curriculum] scenario=UniDA  strategy=hard  n_unknown=3  rank_variant=fno_mean
[curriculum] source mapping (7 classes): {'lying': 'lying', 'sitting': 'sitting', 'walking': 'walking', 'running': 'running', 'climbingup': 'climbingup', 'jumping': 'jumping', 'climbingdown': 'climbingdown'}
[curriculum] target mapping (7 classes): {'Lying down': 'lying', 'Sitting and relaxing': 'sitting', 'Walking': 'walking', 'Running': 'running', 'Climbing stairs': 'Climbing stairs', 'Jogging': 'Jogging', 'Jump front & back': 'Jump front & back'}
[curriculum] unknowns added (in hard order): src=[climbingup,jumping,climbingdown] | trg=[Climbing stairs,Jogging,Jump front & back]
[scenario] UDA -> UniDA (uniDA=True)
Unlabeled data shape:  (2582, 150, 18)
Unlabelled Combined shape: (4441, 150, 18)

--- Dataloader Size Check ---
Source Train batches:   396
Target Train batches:   40
-------------------------------

Private classes:  tensor([7., 8., 9.])
=============================================
Dataset: RealWorld to MHEALTH_UniDA_hard_n3_fno_mean
Method:  UDA
=============================================
Source: RealWorld ---> Target: MHEALTH
Run ID: 0
=============================================
[Pr Epoch : 1/20]
Pr_Src_cls_loss	: 0.9308
-------------------------------------
[Pr Epoch : 2/20]
Pr_Src_cls_loss	: 0.6174
-------------------------------------
[Pr Epoch : 3/20]
Pr_Src_cls_loss	: 0.4717
-------------------------------------
[Pr Epoch : 4/20]
Pr_Src_cls_loss	: 0.3864
-------------------------------------
[Pr Epoch : 5/20]
Pr_Src_cls_loss	: 0.3296
-------------------------------------
[Pr Epoch : 6/20]
Pr_Src_cls_loss	: 0.2891
-------------------------------------
[Pr Epoch : 7/20]
Pr_Src_cls_loss	: 0.2585
-------------------------------------
[Pr Epoch : 8/20]
Pr_Src_cls_loss	: 0.2346
-------------------------------------
[Pr Epoch : 9/20]
Pr_Src_cls_loss	: 0.2153
-------------------------------------
[Pr Epoch : 10/20]
Pr_Src_cls_loss	: 0.1993
-------------------------------------
[Pr Epoch : 11/20]
Pr_Src_cls_loss	: 0.1857
-------------------------------------
[Pr Epoch : 12/20]
Pr_Src_cls_loss	: 0.1743
-------------------------------------
[Pr Epoch : 13/20]
Pr_Src_cls_loss	: 0.1644
-------------------------------------
[Pr Epoch : 14/20]
Pr_Src_cls_loss	: 0.1556
-------------------------------------
[Pr Epoch : 15/20]
Pr_Src_cls_loss	: 0.1480
-------------------------------------
[Pr Epoch : 16/20]
Pr_Src_cls_loss	: 0.1411
-------------------------------------
[Pr Epoch : 17/20]
Pr_Src_cls_loss	: 0.1351
-------------------------------------
[Pr Epoch : 18/20]
Pr_Src_cls_loss	: 0.1296
-------------------------------------
[Pr Epoch : 19/20]
Pr_Src_cls_loss	: 0.1248
-------------------------------------
[Pr Epoch : 20/20]
Pr_Src_cls_loss	: 0.1202
-------------------------------------
[Epoch : 1/20]
Pr_Src_cls_loss	: 0.1202
Total_loss	: 5.7907
Domain_loss	: 0.7944
Src_cls_loss	: 0.1440
Adv Loss	: 1.3439
-------------------------------------
[Epoch : 2/20]
Pr_Src_cls_loss	: 0.1202
Total_loss	: 5.7187
Domain_loss	: 0.5781
Src_cls_loss	: 0.1568
Adv Loss	: 1.3148
-------------------------------------
[Epoch : 3/20]
Pr_Src_cls_loss	: 0.1202
Total_loss	: 5.7076
Domain_loss	: 0.4822
Src_cls_loss	: 0.1560
Adv Loss	: 1.3126
-------------------------------------
[Epoch : 4/20]
Pr_Src_cls_loss	: 0.1202
Total_loss	: 5.6839
Domain_loss	: 0.4166
Src_cls_loss	: 0.1563
Adv Loss	: 1.3064
-------------------------------------
[Epoch : 5/20]
Pr_Src_cls_loss	: 0.1202
Total_loss	: 5.6893
Domain_loss	: 0.3691
Src_cls_loss	: 0.1536
Adv Loss	: 1.3100
-------------------------------------
[Epoch : 6/20]
Pr_Src_cls_loss	: 0.1202
Total_loss	: 5.6914
Domain_loss	: 0.3331
Src_cls_loss	: 0.1497
Adv Loss	: 1.3139
-------------------------------------
[Epoch : 7/20]
Pr_Src_cls_loss	: 0.1202
Total_loss	: 5.6918
Domain_loss	: 0.3024
Src_cls_loss	: 0.1467
Adv Loss	: 1.3165
-------------------------------------
[Epoch : 8/20]
Pr_Src_cls_loss	: 0.1202
Total_loss	: 5.6898
Domain_loss	: 0.2767
Src_cls_loss	: 0.1419
Adv Loss	: 1.3201
-------------------------------------
[Epoch : 9/20]
Pr_Src_cls_loss	: 0.1202
Total_loss	: 5.6886
Domain_loss	: 0.2578
Src_cls_loss	: 0.1376
Adv Loss	: 1.3235
-------------------------------------
[Epoch : 10/20]
Pr_Src_cls_loss	: 0.1202
Total_loss	: 5.6914
Domain_loss	: 0.2387
Src_cls_loss	: 0.1335
Adv Loss	: 1.3276
-------------------------------------
[Epoch : 11/20]
Pr_Src_cls_loss	: 0.1202
Total_loss	: 5.6846
Domain_loss	: 0.2255
Src_cls_loss	: 0.1303
Adv Loss	: 1.3286
-------------------------------------
[Epoch : 12/20]
Pr_Src_cls_loss	: 0.1202
Total_loss	: 5.6854
Domain_loss	: 0.2148
Src_cls_loss	: 0.1280
Adv Loss	: 1.3308
-------------------------------------
[Epoch : 13/20]
Pr_Src_cls_loss	: 0.1202
Total_loss	: 5.6846
Domain_loss	: 0.2071
Src_cls_loss	: 0.1265
Adv Loss	: 1.3319
-------------------------------------
[Epoch : 14/20]
Pr_Src_cls_loss	: 0.1202
Total_loss	: 5.6774
Domain_loss	: 0.1988
Src_cls_loss	: 0.1245
Adv Loss	: 1.3318
-------------------------------------
[Epoch : 15/20]
Pr_Src_cls_loss	: 0.1202
Total_loss	: 5.6741
Domain_loss	: 0.1905
Src_cls_loss	: 0.1227
Adv Loss	: 1.3324
-------------------------------------
[Epoch : 16/20]
Pr_Src_cls_loss	: 0.1202
Total_loss	: 5.6741
Domain_loss	: 0.1847
Src_cls_loss	: 0.1210
Adv Loss	: 1.3339
-------------------------------------
[Epoch : 17/20]
Pr_Src_cls_loss	: 0.1202
Total_loss	: 5.6724
Domain_loss	: 0.1791
Src_cls_loss	: 0.1194
Adv Loss	: 1.3348
-------------------------------------
[Epoch : 18/20]
Pr_Src_cls_loss	: 0.1202
Total_loss	: 5.6684
Domain_loss	: 0.1736
Src_cls_loss	: 0.1175
Adv Loss	: 1.3354
-------------------------------------
[Epoch : 19/20]
Pr_Src_cls_loss	: 0.1202
Total_loss	: 5.6693
Domain_loss	: 0.1687
Src_cls_loss	: 0.1159
Adv Loss	: 1.3370
-------------------------------------
[Epoch : 20/20]
Pr_Src_cls_loss	: 0.1202
Total_loss	: 5.6679
Domain_loss	: 0.1642
Src_cls_loss	: 0.1147
Adv Loss	: 1.3377
-------------------------------------
/mnt/data/home/tp2474/OpenSet-AdaTime/trainers/abstract_trainer.py:331: FutureWarning: The behavior of DataFrame concatenation with empty or all-NA entries is deprecated. In a future version, this will no longer exclude empty or all-NA columns when determining the result dtypes. To retain the old behavior, exclude the relevant entries before the concat operation.
  table = pd.concat([table, results_df], ignore_index=True)
H_score: 0.3096, OS* (acc_c): 0.3146, UNK (acc_p): 0.3049, acc_mix: 0.3110, F1: 0.3328
Uploading logs from: /mnt/data/home/tp2474/OpenSet-AdaTime/experiments_logs/curriculum/RealWorld to MHEALTH_UniDA_hard_n3_fno_mean/UDA_UniDA_hard_n3_fno_mean/RealWorld_to_MHEALTH_run_0
🏃 View run UDA_run_0 at: http://127.0.0.1:5001/#/experiments/827127228733241128/runs/1f359f97a0a044039adc3f42b5f97ff4
🧪 View experiment at: http://127.0.0.1:5001/#/experiments/827127228733241128
=============================================
Dataset: RealWorld to MHEALTH_UniDA_hard_n3_fno_mean
Method:  UDA
=============================================
Source: RealWorld ---> Target: MHEALTH
Run ID: 1
=============================================
[Pr Epoch : 1/20]
Pr_Src_cls_loss	: 0.9554
-------------------------------------
[Pr Epoch : 2/20]
Pr_Src_cls_loss	: 0.6312
-------------------------------------
[Pr Epoch : 3/20]
Pr_Src_cls_loss	: 0.4810
-------------------------------------
[Pr Epoch : 4/20]
Pr_Src_cls_loss	: 0.3935
-------------------------------------
[Pr Epoch : 5/20]
Pr_Src_cls_loss	: 0.3353
-------------------------------------
[Pr Epoch : 6/20]
Pr_Src_cls_loss	: 0.2938
-------------------------------------
[Pr Epoch : 7/20]
Pr_Src_cls_loss	: 0.2623
-------------------------------------
[Pr Epoch : 8/20]
Pr_Src_cls_loss	: 0.2374
-------------------------------------
[Pr Epoch : 9/20]
Pr_Src_cls_loss	: 0.2174
-------------------------------------
[Pr Epoch : 10/20]
Pr_Src_cls_loss	: 0.2009
-------------------------------------
[Pr Epoch : 11/20]
Pr_Src_cls_loss	: 0.1874
-------------------------------------
[Pr Epoch : 12/20]
Pr_Src_cls_loss	: 0.1754
-------------------------------------
[Pr Epoch : 13/20]
Pr_Src_cls_loss	: 0.1654
-------------------------------------
[Pr Epoch : 14/20]
Pr_Src_cls_loss	: 0.1566
-------------------------------------
[Pr Epoch : 15/20]
Pr_Src_cls_loss	: 0.1487
-------------------------------------
[Pr Epoch : 16/20]
Pr_Src_cls_loss	: 0.1420
-------------------------------------
[Pr Epoch : 17/20]
Pr_Src_cls_loss	: 0.1359
-------------------------------------
[Pr Epoch : 18/20]
Pr_Src_cls_loss	: 0.1303
-------------------------------------
[Pr Epoch : 19/20]
Pr_Src_cls_loss	: 0.1253
-------------------------------------
[Pr Epoch : 20/20]
Pr_Src_cls_loss	: 0.1208
-------------------------------------
[Epoch : 1/20]
Pr_Src_cls_loss	: 0.1208
Total_loss	: 5.7380
Domain_loss	: 0.8306
Src_cls_loss	: 0.1398
Adv Loss	: 1.3341
-------------------------------------
[Epoch : 2/20]
Pr_Src_cls_loss	: 0.1208
Total_loss	: 5.7231
Domain_loss	: 0.6224
Src_cls_loss	: 0.1530
Adv Loss	: 1.3191
-------------------------------------
[Epoch : 3/20]
Pr_Src_cls_loss	: 0.1208
Total_loss	: 5.7317
Domain_loss	: 0.5357
Src_cls_loss	: 0.1571
Adv Loss	: 1.3179
-------------------------------------
[Epoch : 4/20]
Pr_Src_cls_loss	: 0.1208
Total_loss	: 5.7190
Domain_loss	: 0.4374
Src_cls_loss	: 0.1502
Adv Loss	: 1.3205
-------------------------------------
[Epoch : 5/20]
Pr_Src_cls_loss	: 0.1208
Total_loss	: 5.7139
Domain_loss	: 0.3783
Src_cls_loss	: 0.1450
Adv Loss	: 1.3235
-------------------------------------
[Epoch : 6/20]
Pr_Src_cls_loss	: 0.1208
Total_loss	: 5.7041
Domain_loss	: 0.3366
Src_cls_loss	: 0.1417
Adv Loss	: 1.3239
-------------------------------------
[Epoch : 7/20]
Pr_Src_cls_loss	: 0.1208
Total_loss	: 5.7042
Domain_loss	: 0.3079
Src_cls_loss	: 0.1392
Adv Loss	: 1.3260
-------------------------------------
[Epoch : 8/20]
Pr_Src_cls_loss	: 0.1208
Total_loss	: 5.6970
Domain_loss	: 0.2836
Src_cls_loss	: 0.1370
Adv Loss	: 1.3261
-------------------------------------
[Epoch : 9/20]
Pr_Src_cls_loss	: 0.1208
Total_loss	: 5.6845
Domain_loss	: 0.2679
Src_cls_loss	: 0.1346
Adv Loss	: 1.3250
-------------------------------------
[Epoch : 10/20]
Pr_Src_cls_loss	: 0.1208
Total_loss	: 5.6831
Domain_loss	: 0.2512
Src_cls_loss	: 0.1320
Adv Loss	: 1.3268
-------------------------------------
[Epoch : 11/20]
Pr_Src_cls_loss	: 0.1208
Total_loss	: 5.6784
Domain_loss	: 0.2386
Src_cls_loss	: 0.1291
Adv Loss	: 1.3281
-------------------------------------
[Epoch : 12/20]
Pr_Src_cls_loss	: 0.1208
Total_loss	: 5.6746
Domain_loss	: 0.2267
Src_cls_loss	: 0.1267
Adv Loss	: 1.3291
-------------------------------------
[Epoch : 13/20]
Pr_Src_cls_loss	: 0.1208
Total_loss	: 5.6750
Domain_loss	: 0.2160
Src_cls_loss	: 0.1249
Adv Loss	: 1.3308
-------------------------------------
[Epoch : 14/20]
Pr_Src_cls_loss	: 0.1208
Total_loss	: 5.6772
Domain_loss	: 0.2064
Src_cls_loss	: 0.1229
Adv Loss	: 1.3330
-------------------------------------
[Epoch : 15/20]
Pr_Src_cls_loss	: 0.1208
Total_loss	: 5.6778
Domain_loss	: 0.1966
Src_cls_loss	: 0.1205
Adv Loss	: 1.3352
-------------------------------------
[Epoch : 16/20]
Pr_Src_cls_loss	: 0.1208
Total_loss	: 5.6734
Domain_loss	: 0.1878
Src_cls_loss	: 0.1181
Adv Loss	: 1.3361
-------------------------------------
[Epoch : 17/20]
Pr_Src_cls_loss	: 0.1208
Total_loss	: 5.6699
Domain_loss	: 0.1823
Src_cls_loss	: 0.1170
Adv Loss	: 1.3362
-------------------------------------
[Epoch : 18/20]
Pr_Src_cls_loss	: 0.1208
Total_loss	: 5.6683
Domain_loss	: 0.1775
Src_cls_loss	: 0.1156
Adv Loss	: 1.3370
-------------------------------------
[Epoch : 19/20]
Pr_Src_cls_loss	: 0.1208
Total_loss	: 5.6685
Domain_loss	: 0.1723
Src_cls_loss	: 0.1142
Adv Loss	: 1.3382
-------------------------------------
[Epoch : 20/20]
Pr_Src_cls_loss	: 0.1208
Total_loss	: 5.6705
Domain_loss	: 0.1664
Src_cls_loss	: 0.1126
Adv Loss	: 1.3401
-------------------------------------
H_score: 0.4687, OS* (acc_c): 0.5392, UNK (acc_p): 0.4146, acc_mix: 0.4934, F1: 0.5274
Uploading logs from: /mnt/data/home/tp2474/OpenSet-AdaTime/experiments_logs/curriculum/RealWorld to MHEALTH_UniDA_hard_n3_fno_mean/UDA_UniDA_hard_n3_fno_mean/RealWorld_to_MHEALTH_run_1
🏃 View run UDA_run_1 at: http://127.0.0.1:5001/#/experiments/827127228733241128/runs/2588454144ba420cbc93be6749330b1d
🧪 View experiment at: http://127.0.0.1:5001/#/experiments/827127228733241128
=============================================
Dataset: RealWorld to MHEALTH_UniDA_hard_n3_fno_mean
Method:  UDA
=============================================
Source: RealWorld ---> Target: MHEALTH
Run ID: 2
=============================================
[Pr Epoch : 1/20]
Pr_Src_cls_loss	: 0.9497
-------------------------------------
[Pr Epoch : 2/20]
Pr_Src_cls_loss	: 0.6307
-------------------------------------
[Pr Epoch : 3/20]
Pr_Src_cls_loss	: 0.4812
-------------------------------------
[Pr Epoch : 4/20]
Pr_Src_cls_loss	: 0.3932
-------------------------------------
[Pr Epoch : 5/20]
Pr_Src_cls_loss	: 0.3358
-------------------------------------
[Pr Epoch : 6/20]
Pr_Src_cls_loss	: 0.2943
-------------------------------------
[Pr Epoch : 7/20]
Pr_Src_cls_loss	: 0.2628
-------------------------------------
[Pr Epoch : 8/20]
Pr_Src_cls_loss	: 0.2381
-------------------------------------
[Pr Epoch : 9/20]
Pr_Src_cls_loss	: 0.2180
-------------------------------------
[Pr Epoch : 10/20]
Pr_Src_cls_loss	: 0.2016
-------------------------------------
[Pr Epoch : 11/20]
Pr_Src_cls_loss	: 0.1877
-------------------------------------
[Pr Epoch : 12/20]
Pr_Src_cls_loss	: 0.1763
-------------------------------------
[Pr Epoch : 13/20]
Pr_Src_cls_loss	: 0.1663
-------------------------------------
[Pr Epoch : 14/20]
Pr_Src_cls_loss	: 0.1576
-------------------------------------
[Pr Epoch : 15/20]
Pr_Src_cls_loss	: 0.1500
-------------------------------------
[Pr Epoch : 16/20]
Pr_Src_cls_loss	: 0.1429
-------------------------------------
[Pr Epoch : 17/20]
Pr_Src_cls_loss	: 0.1369
-------------------------------------
[Pr Epoch : 18/20]
Pr_Src_cls_loss	: 0.1314
-------------------------------------
[Pr Epoch : 19/20]
Pr_Src_cls_loss	: 0.1265
-------------------------------------
[Pr Epoch : 20/20]
Pr_Src_cls_loss	: 0.1219
-------------------------------------
[Epoch : 1/20]
Pr_Src_cls_loss	: 0.1219
Total_loss	: 5.6703
Domain_loss	: 0.8596
Src_cls_loss	: 0.1428
Adv Loss	: 1.3145
-------------------------------------
[Epoch : 2/20]
Pr_Src_cls_loss	: 0.1219
Total_loss	: 5.7132
Domain_loss	: 0.5886
Src_cls_loss	: 0.1490
Adv Loss	: 1.3200
-------------------------------------
[Epoch : 3/20]
Pr_Src_cls_loss	: 0.1219
Total_loss	: 5.7200
Domain_loss	: 0.4578
Src_cls_loss	: 0.1465
Adv Loss	: 1.3239
-------------------------------------
[Epoch : 4/20]
Pr_Src_cls_loss	: 0.1219
Total_loss	: 5.7030
Domain_loss	: 0.3865
Src_cls_loss	: 0.1425
Adv Loss	: 1.3229
-------------------------------------
[Epoch : 5/20]
Pr_Src_cls_loss	: 0.1219
Total_loss	: 5.7025
Domain_loss	: 0.3397
Src_cls_loss	: 0.1401
Adv Loss	: 1.3248
-------------------------------------
[Epoch : 6/20]
Pr_Src_cls_loss	: 0.1219
Total_loss	: 5.7037
Domain_loss	: 0.3067
Src_cls_loss	: 0.1382
Adv Loss	: 1.3267
-------------------------------------
[Epoch : 7/20]
Pr_Src_cls_loss	: 0.1219
Total_loss	: 5.7089
Domain_loss	: 0.2733
Src_cls_loss	: 0.1332
Adv Loss	: 1.3324
-------------------------------------
[Epoch : 8/20]
Pr_Src_cls_loss	: 0.1219
Total_loss	: 5.7085
Domain_loss	: 0.2499
Src_cls_loss	: 0.1281
Adv Loss	: 1.3366
-------------------------------------
[Epoch : 9/20]
Pr_Src_cls_loss	: 0.1219
Total_loss	: 5.7045
Domain_loss	: 0.2281
Src_cls_loss	: 0.1236
Adv Loss	: 1.3393
-------------------------------------
[Epoch : 10/20]
Pr_Src_cls_loss	: 0.1219
Total_loss	: 5.7051
Domain_loss	: 0.2110
Src_cls_loss	: 0.1200
Adv Loss	: 1.3425
-------------------------------------
[Epoch : 11/20]
Pr_Src_cls_loss	: 0.1219
Total_loss	: 5.6956
Domain_loss	: 0.1990
Src_cls_loss	: 0.1175
Adv Loss	: 1.3423
-------------------------------------
[Epoch : 12/20]
Pr_Src_cls_loss	: 0.1219
Total_loss	: 5.6980
Domain_loss	: 0.1895
Src_cls_loss	: 0.1160
Adv Loss	: 1.3442
-------------------------------------
[Epoch : 13/20]
Pr_Src_cls_loss	: 0.1219
Total_loss	: 5.6945
Domain_loss	: 0.1801
Src_cls_loss	: 0.1142
Adv Loss	: 1.3448
-------------------------------------
[Epoch : 14/20]
Pr_Src_cls_loss	: 0.1219
Total_loss	: 5.6960
Domain_loss	: 0.1718
Src_cls_loss	: 0.1121
Adv Loss	: 1.3469
-------------------------------------
[Epoch : 15/20]
Pr_Src_cls_loss	: 0.1219
Total_loss	: 5.6961
Domain_loss	: 0.1650
Src_cls_loss	: 0.1101
Adv Loss	: 1.3487
-------------------------------------
[Epoch : 16/20]
Pr_Src_cls_loss	: 0.1219
Total_loss	: 5.6939
Domain_loss	: 0.1586
Src_cls_loss	: 0.1083
Adv Loss	: 1.3497
-------------------------------------
[Epoch : 17/20]
Pr_Src_cls_loss	: 0.1219
Total_loss	: 5.6933
Domain_loss	: 0.1534
Src_cls_loss	: 0.1067
Adv Loss	: 1.3508
-------------------------------------
[Epoch : 18/20]
Pr_Src_cls_loss	: 0.1219
Total_loss	: 5.6888
Domain_loss	: 0.1487
Src_cls_loss	: 0.1054
Adv Loss	: 1.3508
-------------------------------------
[Epoch : 19/20]
Pr_Src_cls_loss	: 0.1219
Total_loss	: 5.6921
Domain_loss	: 0.1437
Src_cls_loss	: 0.1040
Adv Loss	: 1.3529
-------------------------------------
[Epoch : 20/20]
Pr_Src_cls_loss	: 0.1219
Total_loss	: 5.6917
Domain_loss	: 0.1392
Src_cls_loss	: 0.1023
Adv Loss	: 1.3542
-------------------------------------
H_score: 0.4659, OS* (acc_c): 0.5973, UNK (acc_p): 0.3819, acc_mix: 0.5182, F1: 0.5579
Uploading logs from: /mnt/data/home/tp2474/OpenSet-AdaTime/experiments_logs/curriculum/RealWorld to MHEALTH_UniDA_hard_n3_fno_mean/UDA_UniDA_hard_n3_fno_mean/RealWorld_to_MHEALTH_run_2
🏃 View run UDA_run_2 at: http://127.0.0.1:5001/#/experiments/827127228733241128/runs/bc4fe0dbe9584bc1a9bfce11da2edb1f
🧪 View experiment at: http://127.0.0.1:5001/#/experiments/827127228733241128
=============================================
Dataset: RealWorld to MHEALTH_UniDA_hard_n3_fno_mean
Method:  UDA
=============================================
Source: RealWorld ---> Target: MHEALTH
Run ID: 3
=============================================
[Pr Epoch : 1/20]
Pr_Src_cls_loss	: 0.9470
-------------------------------------
[Pr Epoch : 2/20]
Pr_Src_cls_loss	: 0.6274
-------------------------------------
[Pr Epoch : 3/20]
Pr_Src_cls_loss	: 0.4790
-------------------------------------
[Pr Epoch : 4/20]
Pr_Src_cls_loss	: 0.3922
-------------------------------------
[Pr Epoch : 5/20]
Pr_Src_cls_loss	: 0.3354
-------------------------------------
[Pr Epoch : 6/20]
Pr_Src_cls_loss	: 0.2947
-------------------------------------
[Pr Epoch : 7/20]
Pr_Src_cls_loss	: 0.2642
-------------------------------------
[Pr Epoch : 8/20]
Pr_Src_cls_loss	: 0.2395
-------------------------------------
[Pr Epoch : 9/20]
Pr_Src_cls_loss	: 0.2200
-------------------------------------
[Pr Epoch : 10/20]
Pr_Src_cls_loss	: 0.2039
-------------------------------------
[Pr Epoch : 11/20]
Pr_Src_cls_loss	: 0.1901
-------------------------------------
[Pr Epoch : 12/20]
Pr_Src_cls_loss	: 0.1782
-------------------------------------
[Pr Epoch : 13/20]
Pr_Src_cls_loss	: 0.1684
-------------------------------------
[Pr Epoch : 14/20]
Pr_Src_cls_loss	: 0.1596
-------------------------------------
[Pr Epoch : 15/20]
Pr_Src_cls_loss	: 0.1520
-------------------------------------
[Pr Epoch : 16/20]
Pr_Src_cls_loss	: 0.1450
-------------------------------------
[Pr Epoch : 17/20]
Pr_Src_cls_loss	: 0.1390
-------------------------------------
[Pr Epoch : 18/20]
Pr_Src_cls_loss	: 0.1334
-------------------------------------
[Pr Epoch : 19/20]
Pr_Src_cls_loss	: 0.1283
-------------------------------------
[Pr Epoch : 20/20]
Pr_Src_cls_loss	: 0.1236
-------------------------------------
[Epoch : 1/20]
Pr_Src_cls_loss	: 0.1236
Total_loss	: 5.7343
Domain_loss	: 0.8261
Src_cls_loss	: 0.1422
Adv Loss	: 1.3312
-------------------------------------
[Epoch : 2/20]
Pr_Src_cls_loss	: 0.1236
Total_loss	: 5.7716
Domain_loss	: 0.5783
Src_cls_loss	: 0.1537
Adv Loss	: 1.3308
-------------------------------------
[Epoch : 3/20]
Pr_Src_cls_loss	: 0.1236
Total_loss	: 5.7380
Domain_loss	: 0.4454
Src_cls_loss	: 0.1460
Adv Loss	: 1.3288
-------------------------------------
[Epoch : 4/20]
Pr_Src_cls_loss	: 0.1236
Total_loss	: 5.7242
Domain_loss	: 0.3751
Src_cls_loss	: 0.1386
Adv Loss	: 1.3316
-------------------------------------
[Epoch : 5/20]
Pr_Src_cls_loss	: 0.1236
Total_loss	: 5.7074
Domain_loss	: 0.3332
Src_cls_loss	: 0.1364
Adv Loss	: 1.3292
-------------------------------------
[Epoch : 6/20]
Pr_Src_cls_loss	: 0.1236
Total_loss	: 5.7048
Domain_loss	: 0.2983
Src_cls_loss	: 0.1338
Adv Loss	: 1.3307
-------------------------------------
[Epoch : 7/20]
Pr_Src_cls_loss	: 0.1236
Total_loss	: 5.6901
Domain_loss	: 0.2739
Src_cls_loss	: 0.1321
Adv Loss	: 1.3285
-------------------------------------
[Epoch : 8/20]
Pr_Src_cls_loss	: 0.1236
Total_loss	: 5.6929
Domain_loss	: 0.2558
Src_cls_loss	: 0.1301
Adv Loss	: 1.3309
-------------------------------------
[Epoch : 9/20]
Pr_Src_cls_loss	: 0.1236
Total_loss	: 5.6948
Domain_loss	: 0.2378
Src_cls_loss	: 0.1274
Adv Loss	: 1.3337
-------------------------------------
[Epoch : 10/20]
Pr_Src_cls_loss	: 0.1236
Total_loss	: 5.6934
Domain_loss	: 0.2251
Src_cls_loss	: 0.1253
Adv Loss	: 1.3351
-------------------------------------
[Epoch : 11/20]
Pr_Src_cls_loss	: 0.1236
Total_loss	: 5.6871
Domain_loss	: 0.2120
Src_cls_loss	: 0.1225
Adv Loss	: 1.3359
-------------------------------------
[Epoch : 12/20]
Pr_Src_cls_loss	: 0.1236
Total_loss	: 5.6855
Domain_loss	: 0.2015
Src_cls_loss	: 0.1201
Adv Loss	: 1.3375
-------------------------------------
[Epoch : 13/20]
Pr_Src_cls_loss	: 0.1236
Total_loss	: 5.6813
Domain_loss	: 0.1935
Src_cls_loss	: 0.1184
Adv Loss	: 1.3379
-------------------------------------
[Epoch : 14/20]
Pr_Src_cls_loss	: 0.1236
Total_loss	: 5.6772
Domain_loss	: 0.1874
Src_cls_loss	: 0.1173
Adv Loss	: 1.3378
-------------------------------------
[Epoch : 15/20]
Pr_Src_cls_loss	: 0.1236
Total_loss	: 5.6721
Domain_loss	: 0.1816
Src_cls_loss	: 0.1162
Adv Loss	: 1.3374
-------------------------------------
[Epoch : 16/20]
Pr_Src_cls_loss	: 0.1236
Total_loss	: 5.6806
Domain_loss	: 0.1754
Src_cls_loss	: 0.1154
Adv Loss	: 1.3402
-------------------------------------
[Epoch : 17/20]
Pr_Src_cls_loss	: 0.1236
Total_loss	: 5.6814
Domain_loss	: 0.1690
Src_cls_loss	: 0.1141
Adv Loss	: 1.3415
-------------------------------------
[Epoch : 18/20]
Pr_Src_cls_loss	: 0.1236
Total_loss	: 5.6780
Domain_loss	: 0.1636
Src_cls_loss	: 0.1129
Adv Loss	: 1.3417
-------------------------------------
[Epoch : 19/20]
Pr_Src_cls_loss	: 0.1236
Total_loss	: 5.6761
Domain_loss	: 0.1584
Src_cls_loss	: 0.1115
Adv Loss	: 1.3424
-------------------------------------
[Epoch : 20/20]
Pr_Src_cls_loss	: 0.1236
Total_loss	: 5.6736
Domain_loss	: 0.1533
Src_cls_loss	: 0.1097
Adv Loss	: 1.3433
-------------------------------------
H_score: 0.3080, OS* (acc_c): 0.2723, UNK (acc_p): 0.3544, acc_mix: 0.3025, F1: 0.3277
Uploading logs from: /mnt/data/home/tp2474/OpenSet-AdaTime/experiments_logs/curriculum/RealWorld to MHEALTH_UniDA_hard_n3_fno_mean/UDA_UniDA_hard_n3_fno_mean/RealWorld_to_MHEALTH_run_3
🏃 View run UDA_run_3 at: http://127.0.0.1:5001/#/experiments/827127228733241128/runs/5ca88e908b7f47d686c4be6c3efef9b3
🧪 View experiment at: http://127.0.0.1:5001/#/experiments/827127228733241128
=============================================
Dataset: RealWorld to MHEALTH_UniDA_hard_n3_fno_mean
Method:  UDA
=============================================
Source: RealWorld ---> Target: MHEALTH
Run ID: 4
=============================================
[Pr Epoch : 1/20]
Pr_Src_cls_loss	: 0.9458
-------------------------------------
[Pr Epoch : 2/20]
Pr_Src_cls_loss	: 0.6294
-------------------------------------
[Pr Epoch : 3/20]
Pr_Src_cls_loss	: 0.4803
-------------------------------------
[Pr Epoch : 4/20]
Pr_Src_cls_loss	: 0.3930
-------------------------------------
[Pr Epoch : 5/20]
Pr_Src_cls_loss	: 0.3360
-------------------------------------
[Pr Epoch : 6/20]
Pr_Src_cls_loss	: 0.2951
-------------------------------------
[Pr Epoch : 7/20]
Pr_Src_cls_loss	: 0.2635
-------------------------------------
[Pr Epoch : 8/20]
Pr_Src_cls_loss	: 0.2388
-------------------------------------
[Pr Epoch : 9/20]
Pr_Src_cls_loss	: 0.2190
-------------------------------------
[Pr Epoch : 10/20]
Pr_Src_cls_loss	: 0.2026
-------------------------------------
[Pr Epoch : 11/20]
Pr_Src_cls_loss	: 0.1890
-------------------------------------
[Pr Epoch : 12/20]
Pr_Src_cls_loss	: 0.1772
-------------------------------------
[Pr Epoch : 13/20]
Pr_Src_cls_loss	: 0.1669
-------------------------------------
[Pr Epoch : 14/20]
Pr_Src_cls_loss	: 0.1579
-------------------------------------
[Pr Epoch : 15/20]
Pr_Src_cls_loss	: 0.1501
-------------------------------------
[Pr Epoch : 16/20]
Pr_Src_cls_loss	: 0.1431
-------------------------------------
[Pr Epoch : 17/20]
Pr_Src_cls_loss	: 0.1369
-------------------------------------
[Pr Epoch : 18/20]
Pr_Src_cls_loss	: 0.1313
-------------------------------------
[Pr Epoch : 19/20]
Pr_Src_cls_loss	: 0.1263
-------------------------------------
[Pr Epoch : 20/20]
Pr_Src_cls_loss	: 0.1217
-------------------------------------
[Epoch : 1/20]
Pr_Src_cls_loss	: 0.1217
Total_loss	: 5.6930
Domain_loss	: 0.9059
Src_cls_loss	: 0.1355
Adv Loss	: 1.3264
-------------------------------------
[Epoch : 2/20]
Pr_Src_cls_loss	: 0.1217
Total_loss	: 5.6705
Domain_loss	: 0.6529
Src_cls_loss	: 0.1415
Adv Loss	: 1.3156
-------------------------------------
[Epoch : 3/20]
Pr_Src_cls_loss	: 0.1217
Total_loss	: 5.6801
Domain_loss	: 0.5434
Src_cls_loss	: 0.1506
Adv Loss	: 1.3103
-------------------------------------
[Epoch : 4/20]
Pr_Src_cls_loss	: 0.1217
Total_loss	: 5.6878
Domain_loss	: 0.4690
Src_cls_loss	: 0.1493
Adv Loss	: 1.3133
-------------------------------------
[Epoch : 5/20]
Pr_Src_cls_loss	: 0.1217
Total_loss	: 5.7125
Domain_loss	: 0.4125
Src_cls_loss	: 0.1479
Adv Loss	: 1.3208
-------------------------------------
[Epoch : 6/20]
Pr_Src_cls_loss	: 0.1217
Total_loss	: 5.7020
Domain_loss	: 0.3641
Src_cls_loss	: 0.1421
Adv Loss	: 1.3231
-------------------------------------
[Epoch : 7/20]
Pr_Src_cls_loss	: 0.1217
Total_loss	: 5.7056
Domain_loss	: 0.3299
Src_cls_loss	: 0.1372
Adv Loss	: 1.3281
-------------------------------------
[Epoch : 8/20]
Pr_Src_cls_loss	: 0.1217
Total_loss	: 5.6959
Domain_loss	: 0.3061
Src_cls_loss	: 0.1337
Adv Loss	: 1.3286
-------------------------------------
[Epoch : 9/20]
Pr_Src_cls_loss	: 0.1217
Total_loss	: 5.7007
Domain_loss	: 0.2863
Src_cls_loss	: 0.1328
Adv Loss	: 1.3306
-------------------------------------
[Epoch : 10/20]
Pr_Src_cls_loss	: 0.1217
Total_loss	: 5.6952
Domain_loss	: 0.2671
Src_cls_loss	: 0.1297
Adv Loss	: 1.3318
-------------------------------------
[Epoch : 11/20]
Pr_Src_cls_loss	: 0.1217
Total_loss	: 5.6928
Domain_loss	: 0.2511
Src_cls_loss	: 0.1264
Adv Loss	: 1.3340
-------------------------------------
[Epoch : 12/20]
Pr_Src_cls_loss	: 0.1217
Total_loss	: 5.6809
Domain_loss	: 0.2368
Src_cls_loss	: 0.1230
Adv Loss	: 1.3338
-------------------------------------
[Epoch : 13/20]
Pr_Src_cls_loss	: 0.1217
Total_loss	: 5.6761
Domain_loss	: 0.2256
Src_cls_loss	: 0.1208
Adv Loss	: 1.3345
-------------------------------------
[Epoch : 14/20]
Pr_Src_cls_loss	: 0.1217
Total_loss	: 5.6740
Domain_loss	: 0.2173
Src_cls_loss	: 0.1195
Adv Loss	: 1.3351
-------------------------------------
[Epoch : 15/20]
Pr_Src_cls_loss	: 0.1217
Total_loss	: 5.6742
Domain_loss	: 0.2091
Src_cls_loss	: 0.1184
Adv Loss	: 1.3361
-------------------------------------
[Epoch : 16/20]
Pr_Src_cls_loss	: 0.1217
Total_loss	: 5.6786
Domain_loss	: 0.2003
Src_cls_loss	: 0.1166
Adv Loss	: 1.3387
-------------------------------------
/pytorch/aten/src/ATen/native/cuda/Loss.cu:90: operator(): block: [0,0,0], thread: [0,0,0] Assertion `input_val >= zero && input_val <= one` failed.
/pytorch/aten/src/ATen/native/cuda/Loss.cu:90: operator(): block: [0,0,0], thread: [1,0,0] Assertion `input_val >= zero && input_val <= one` failed.
/pytorch/aten/src/ATen/native/cuda/Loss.cu:90: operator(): block: [0,0,0], thread: [2,0,0] Assertion `input_val >= zero && input_val <= one` failed.
/pytorch/aten/src/ATen/native/cuda/Loss.cu:90: operator(): block: [0,0,0], thread: [3,0,0] Assertion `input_val >= zero && input_val <= one` failed.
/pytorch/aten/src/ATen/native/cuda/Loss.cu:90: operator(): block: [0,0,0], thread: [4,0,0] Assertion `input_val >= zero && input_val <= one` failed.
/pytorch/aten/src/ATen/native/cuda/Loss.cu:90: operator(): block: [0,0,0], thread: [5,0,0] Assertion `input_val >= zero && input_val <= one` failed.
/pytorch/aten/src/ATen/native/cuda/Loss.cu:90: operator(): block: [0,0,0], thread: [6,0,0] Assertion `input_val >= zero && input_val <= one` failed.
/pytorch/aten/src/ATen/native/cuda/Loss.cu:90: operator(): block: [0,0,0], thread: [7,0,0] Assertion `input_val >= zero && input_val <= one` failed.
/pytorch/aten/src/ATen/native/cuda/Loss.cu:90: operator(): block: [0,0,0], thread: [8,0,0] Assertion `input_val >= zero && input_val <= one` failed.
/pytorch/aten/src/ATen/native/cuda/Loss.cu:90: operator(): block: [0,0,0], thread: [9,0,0] Assertion `input_val >= zero && input_val <= one` failed.
/pytorch/aten/src/ATen/native/cuda/Loss.cu:90: operator(): block: [0,0,0], thread: [10,0,0] Assertion `input_val >= zero && input_val <= one` failed.
/pytorch/aten/src/ATen/native/cuda/Loss.cu:90: operator(): block: [0,0,0], thread: [11,0,0] Assertion `input_val >= zero && input_val <= one` failed.
/pytorch/aten/src/ATen/native/cuda/Loss.cu:90: operator(): block: [0,0,0], thread: [12,0,0] Assertion `input_val >= zero && input_val <= one` failed.
/pytorch/aten/src/ATen/native/cuda/Loss.cu:90: operator(): block: [0,0,0], thread: [13,0,0] Assertion `input_val >= zero && input_val <= one` failed.
/pytorch/aten/src/ATen/native/cuda/Loss.cu:90: operator(): block: [0,0,0], thread: [14,0,0] Assertion `input_val >= zero && input_val <= one` failed.
/pytorch/aten/src/ATen/native/cuda/Loss.cu:90: operator(): block: [0,0,0], thread: [15,0,0] Assertion `input_val >= zero && input_val <= one` failed.
/pytorch/aten/src/ATen/native/cuda/Loss.cu:90: operator(): block: [0,0,0], thread: [16,0,0] Assertion `input_val >= zero && input_val <= one` failed.
/pytorch/aten/src/ATen/native/cuda/Loss.cu:90: operator(): block: [0,0,0], thread: [17,0,0] Assertion `input_val >= zero && input_val <= one` failed.
/pytorch/aten/src/ATen/native/cuda/Loss.cu:90: operator(): block: [0,0,0], thread: [18,0,0] Assertion `input_val >= zero && input_val <= one` failed.
/pytorch/aten/src/ATen/native/cuda/Loss.cu:90: operator(): block: [0,0,0], thread: [19,0,0] Assertion `input_val >= zero && input_val <= one` failed.
/pytorch/aten/src/ATen/native/cuda/Loss.cu:90: operator(): block: [0,0,0], thread: [20,0,0] Assertion `input_val >= zero && input_val <= one` failed.
/pytorch/aten/src/ATen/native/cuda/Loss.cu:90: operator(): block: [0,0,0], thread: [21,0,0] Assertion `input_val >= zero && input_val <= one` failed.
/pytorch/aten/src/ATen/native/cuda/Loss.cu:90: operator(): block: [0,0,0], thread: [22,0,0] Assertion `input_val >= zero && input_val <= one` failed.
/pytorch/aten/src/ATen/native/cuda/Loss.cu:90: operator(): block: [0,0,0], thread: [23,0,0] Assertion `input_val >= zero && input_val <= one` failed.
/pytorch/aten/src/ATen/native/cuda/Loss.cu:90: operator(): block: [0,0,0], thread: [24,0,0] Assertion `input_val >= zero && input_val <= one` failed.
/pytorch/aten/src/ATen/native/cuda/Loss.cu:90: operator(): block: [0,0,0], thread: [25,0,0] Assertion `input_val >= zero && input_val <= one` failed.
/pytorch/aten/src/ATen/native/cuda/Loss.cu:90: operator(): block: [0,0,0], thread: [26,0,0] Assertion `input_val >= zero && input_val <= one` failed.
/pytorch/aten/src/ATen/native/cuda/Loss.cu:90: operator(): block: [0,0,0], thread: [27,0,0] Assertion `input_val >= zero && input_val <= one` failed.
/pytorch/aten/src/ATen/native/cuda/Loss.cu:90: operator(): block: [0,0,0], thread: [28,0,0] Assertion `input_val >= zero && input_val <= one` failed.
/pytorch/aten/src/ATen/native/cuda/Loss.cu:90: operator(): block: [0,0,0], thread: [29,0,0] Assertion `input_val >= zero && input_val <= one` failed.
/pytorch/aten/src/ATen/native/cuda/Loss.cu:90: operator(): block: [0,0,0], thread: [30,0,0] Assertion `input_val >= zero && input_val <= one` failed.
/pytorch/aten/src/ATen/native/cuda/Loss.cu:90: operator(): block: [0,0,0], thread: [31,0,0] Assertion `input_val >= zero && input_val <= one` failed.
/pytorch/aten/src/ATen/native/cuda/Loss.cu:90: operator(): block: [0,0,0], thread: [32,0,0] Assertion `input_val >= zero && input_val <= one` failed.
/pytorch/aten/src/ATen/native/cuda/Loss.cu:90: operator(): block: [0,0,0], thread: [33,0,0] Assertion `input_val >= zero && input_val <= one` failed.
/pytorch/aten/src/ATen/native/cuda/Loss.cu:90: operator(): block: [0,0,0], thread: [34,0,0] Assertion `input_val >= zero && input_val <= one` failed.
/pytorch/aten/src/ATen/native/cuda/Loss.cu:90: operator(): block: [0,0,0], thread: [35,0,0] Assertion `input_val >= zero && input_val <= one` failed.
/pytorch/aten/src/ATen/native/cuda/Loss.cu:90: operator(): block: [0,0,0], thread: [36,0,0] Assertion `input_val >= zero && input_val <= one` failed.
/pytorch/aten/src/ATen/native/cuda/Loss.cu:90: operator(): block: [0,0,0], thread: [37,0,0] Assertion `input_val >= zero && input_val <= one` failed.
/pytorch/aten/src/ATen/native/cuda/Loss.cu:90: operator(): block: [0,0,0], thread: [38,0,0] Assertion `input_val >= zero && input_val <= one` failed.
/pytorch/aten/src/ATen/native/cuda/Loss.cu:90: operator(): block: [0,0,0], thread: [39,0,0] Assertion `input_val >= zero && input_val <= one` failed.
/pytorch/aten/src/ATen/native/cuda/Loss.cu:90: operator(): block: [0,0,0], thread: [40,0,0] Assertion `input_val >= zero && input_val <= one` failed.
/pytorch/aten/src/ATen/native/cuda/Loss.cu:90: operator(): block: [0,0,0], thread: [41,0,0] Assertion `input_val >= zero && input_val <= one` failed.
/pytorch/aten/src/ATen/native/cuda/Loss.cu:90: operator(): block: [0,0,0], thread: [42,0,0] Assertion `input_val >= zero && input_val <= one` failed.
/pytorch/aten/src/ATen/native/cuda/Loss.cu:90: operator(): block: [0,0,0], thread: [43,0,0] Assertion `input_val >= zero && input_val <= one` failed.
/pytorch/aten/src/ATen/native/cuda/Loss.cu:90: operator(): block: [0,0,0], thread: [44,0,0] Assertion `input_val >= zero && input_val <= one` failed.
/pytorch/aten/src/ATen/native/cuda/Loss.cu:90: operator(): block: [0,0,0], thread: [45,0,0] Assertion `input_val >= zero && input_val <= one` failed.
/pytorch/aten/src/ATen/native/cuda/Loss.cu:90: operator(): block: [0,0,0], thread: [46,0,0] Assertion `input_val >= zero && input_val <= one` failed.
/pytorch/aten/src/ATen/native/cuda/Loss.cu:90: operator(): block: [0,0,0], thread: [47,0,0] Assertion `input_val >= zero && input_val <= one` failed.
/pytorch/aten/src/ATen/native/cuda/Loss.cu:90: operator(): block: [0,0,0], thread: [48,0,0] Assertion `input_val >= zero && input_val <= one` failed.
/pytorch/aten/src/ATen/native/cuda/Loss.cu:90: operator(): block: [0,0,0], thread: [49,0,0] Assertion `input_val >= zero && input_val <= one` failed.
/pytorch/aten/src/ATen/native/cuda/Loss.cu:90: operator(): block: [0,0,0], thread: [50,0,0] Assertion `input_val >= zero && input_val <= one` failed.
/pytorch/aten/src/ATen/native/cuda/Loss.cu:90: operator(): block: [0,0,0], thread: [51,0,0] Assertion `input_val >= zero && input_val <= one` failed.
/pytorch/aten/src/ATen/native/cuda/Loss.cu:90: operator(): block: [0,0,0], thread: [52,0,0] Assertion `input_val >= zero && input_val <= one` failed.
/pytorch/aten/src/ATen/native/cuda/Loss.cu:90: operator(): block: [0,0,0], thread: [53,0,0] Assertion `input_val >= zero && input_val <= one` failed.
/pytorch/aten/src/ATen/native/cuda/Loss.cu:90: operator(): block: [0,0,0], thread: [54,0,0] Assertion `input_val >= zero && input_val <= one` failed.
/pytorch/aten/src/ATen/native/cuda/Loss.cu:90: operator(): block: [0,0,0], thread: [55,0,0] Assertion `input_val >= zero && input_val <= one` failed.
/pytorch/aten/src/ATen/native/cuda/Loss.cu:90: operator(): block: [0,0,0], thread: [56,0,0] Assertion `input_val >= zero && input_val <= one` failed.
/pytorch/aten/src/ATen/native/cuda/Loss.cu:90: operator(): block: [0,0,0], thread: [57,0,0] Assertion `input_val >= zero && input_val <= one` failed.
/pytorch/aten/src/ATen/native/cuda/Loss.cu:90: operator(): block: [0,0,0], thread: [58,0,0] Assertion `input_val >= zero && input_val <= one` failed.
/pytorch/aten/src/ATen/native/cuda/Loss.cu:90: operator(): block: [0,0,0], thread: [59,0,0] Assertion `input_val >= zero && input_val <= one` failed.
/pytorch/aten/src/ATen/native/cuda/Loss.cu:90: operator(): block: [0,0,0], thread: [60,0,0] Assertion `input_val >= zero && input_val <= one` failed.
/pytorch/aten/src/ATen/native/cuda/Loss.cu:90: operator(): block: [0,0,0], thread: [61,0,0] Assertion `input_val >= zero && input_val <= one` failed.
/pytorch/aten/src/ATen/native/cuda/Loss.cu:90: operator(): block: [0,0,0], thread: [62,0,0] Assertion `input_val >= zero && input_val <= one` failed.
/pytorch/aten/src/ATen/native/cuda/Loss.cu:90: operator(): block: [0,0,0], thread: [63,0,0] Assertion `input_val >= zero && input_val <= one` failed.
🏃 View run UDA_run_4 at: http://127.0.0.1:5001/#/experiments/827127228733241128/runs/6c53bd2c1f47437a90d73b42bbfb97ef
🧪 View experiment at: http://127.0.0.1:5001/#/experiments/827127228733241128
Traceback (most recent call last):
  File "/mnt/data/home/tp2474/OpenSet-AdaTime/run_curriculum.py", line 286, in <module>
    main()
  File "/mnt/data/home/tp2474/OpenSet-AdaTime/run_curriculum.py", line 282, in main
    trainer.fit()
  File "/mnt/data/home/tp2474/OpenSet-AdaTime/trainers/train.py", line 62, in fit
    self.last_model, self.best_model = self.algorithm.update(
  File "/mnt/data/home/tp2474/OpenSet-AdaTime/algorithms/algorithms.py", line 369, in update
    self.training_epoch(src_loader, trg_loader, avg_meter, epoch)
  File "/mnt/data/home/tp2474/OpenSet-AdaTime/algorithms/algorithms.py", line 444, in training_epoch
    domain_loss.backward()
  File "/home/tp2474/miniconda3/envs/myenv/lib/python3.9/site-packages/torch/_tensor.py", line 648, in backward
    torch.autograd.backward(
  File "/home/tp2474/miniconda3/envs/myenv/lib/python3.9/site-packages/torch/autograd/__init__.py", line 353, in backward
    _engine_run_backward(
  File "/home/tp2474/miniconda3/envs/myenv/lib/python3.9/site-packages/torch/autograd/graph.py", line 824, in _engine_run_backward
    return Variable._execution_engine.run_backward(  # Calls into the C++ engine to run the backward pass
RuntimeError: cuDNN error: CUDNN_STATUS_EXECUTION_FAILED
[n3 fno_mean] UDA FAILED — continuing
==================== [n3 fno_mean] OVANet ====================
[curriculum] scenario=UniDA  strategy=hard  n_unknown=3  rank_variant=fno_mean
[curriculum] source mapping (7 classes): {'lying': 'lying', 'sitting': 'sitting', 'walking': 'walking', 'running': 'running', 'climbingup': 'climbingup', 'jumping': 'jumping', 'climbingdown': 'climbingdown'}
[curriculum] target mapping (7 classes): {'Lying down': 'lying', 'Sitting and relaxing': 'sitting', 'Walking': 'walking', 'Running': 'running', 'Climbing stairs': 'Climbing stairs', 'Jogging': 'Jogging', 'Jump front & back': 'Jump front & back'}
[curriculum] unknowns added (in hard order): src=[climbingup,jumping,climbingdown] | trg=[Climbing stairs,Jogging,Jump front & back]
[scenario] OVANet -> UniDA (uniDA=True)
Unlabeled data shape:  (2582, 150, 18)
Unlabelled Combined shape: (4441, 150, 18)

--- Dataloader Size Check ---
Source Train batches:   396
Target Train batches:   40
-------------------------------

Private classes:  tensor([7., 8., 9.])
=============================================
Dataset: RealWorld to MHEALTH_UniDA_hard_n3_fno_mean
Method:  OVANet
=============================================
Source: RealWorld ---> Target: MHEALTH
Run ID: 0
=============================================
[Pr Epoch : 1/20]
Pr_Src_cls_loss	: 0.9330
-------------------------------------
[Pr Epoch : 2/20]
Pr_Src_cls_loss	: 0.6183
-------------------------------------
[Pr Epoch : 3/20]
Pr_Src_cls_loss	: 0.4709
-------------------------------------
[Pr Epoch : 4/20]
Pr_Src_cls_loss	: 0.3844
-------------------------------------
[Pr Epoch : 5/20]
Pr_Src_cls_loss	: 0.3271
-------------------------------------
[Pr Epoch : 6/20]
Pr_Src_cls_loss	: 0.2855
-------------------------------------
[Pr Epoch : 7/20]
Pr_Src_cls_loss	: 0.2545
-------------------------------------
[Pr Epoch : 8/20]
Pr_Src_cls_loss	: 0.2296
-------------------------------------
[Pr Epoch : 9/20]
Pr_Src_cls_loss	: 0.2093
-------------------------------------
[Pr Epoch : 10/20]
Pr_Src_cls_loss	: 0.1926
-------------------------------------
[Pr Epoch : 11/20]
Pr_Src_cls_loss	: 0.1787
-------------------------------------
[Pr Epoch : 12/20]
Pr_Src_cls_loss	: 0.1666
-------------------------------------
[Pr Epoch : 13/20]
Pr_Src_cls_loss	: 0.1563
-------------------------------------
[Pr Epoch : 14/20]
Pr_Src_cls_loss	: 0.1472
-------------------------------------
[Pr Epoch : 15/20]
Pr_Src_cls_loss	: 0.1393
-------------------------------------
[Pr Epoch : 16/20]
Pr_Src_cls_loss	: 0.1321
-------------------------------------
[Pr Epoch : 17/20]
Pr_Src_cls_loss	: 0.1256
-------------------------------------
[Pr Epoch : 18/20]
Pr_Src_cls_loss	: 0.1196
-------------------------------------
[Pr Epoch : 19/20]
Pr_Src_cls_loss	: 0.1145
-------------------------------------
[Pr Epoch : 20/20]
Pr_Src_cls_loss	: 0.1097
-------------------------------------
[Epoch : 1/20]
Pr_Src_cls_loss	: 0.1097
Total_loss	: 1.3577
Open Loss	: 0.6546
Src_cls_loss	: 0.0116
Entropy Open	: 0.6916
-------------------------------------
[Epoch : 2/20]
Pr_Src_cls_loss	: 0.1097
Total_loss	: 1.2918
Open Loss	: 0.5988
Src_cls_loss	: 0.0112
Entropy Open	: 0.6818
-------------------------------------
[Epoch : 3/20]
Pr_Src_cls_loss	: 0.1097
Total_loss	: 1.2143
Open Loss	: 0.5496
Src_cls_loss	: 0.0114
Entropy Open	: 0.6533
-------------------------------------
[Epoch : 4/20]
Pr_Src_cls_loss	: 0.1097
Total_loss	: 1.1250
Open Loss	: 0.5070
Src_cls_loss	: 0.0116
Entropy Open	: 0.6064
-------------------------------------
[Epoch : 5/20]
Pr_Src_cls_loss	: 0.1097
Total_loss	: 1.0366
Open Loss	: 0.4703
Src_cls_loss	: 0.0119
Entropy Open	: 0.5545
-------------------------------------
[Epoch : 6/20]
Pr_Src_cls_loss	: 0.1097
Total_loss	: 0.9565
Open Loss	: 0.4381
Src_cls_loss	: 0.0122
Entropy Open	: 0.5062
-------------------------------------
[Epoch : 7/20]
Pr_Src_cls_loss	: 0.1097
Total_loss	: 0.8856
Open Loss	: 0.4097
Src_cls_loss	: 0.0125
Entropy Open	: 0.4635
-------------------------------------
[Epoch : 8/20]
Pr_Src_cls_loss	: 0.1097
Total_loss	: 0.8231
Open Loss	: 0.3845
Src_cls_loss	: 0.0127
Entropy Open	: 0.4260
-------------------------------------
[Epoch : 9/20]
Pr_Src_cls_loss	: 0.1097
Total_loss	: 0.7677
Open Loss	: 0.3618
Src_cls_loss	: 0.0128
Entropy Open	: 0.3930
-------------------------------------
[Epoch : 10/20]
Pr_Src_cls_loss	: 0.1097
Total_loss	: 0.7185
Open Loss	: 0.3415
Src_cls_loss	: 0.0129
Entropy Open	: 0.3642
-------------------------------------
[Epoch : 11/20]
Pr_Src_cls_loss	: 0.1097
Total_loss	: 0.6750
Open Loss	: 0.3232
Src_cls_loss	: 0.0130
Entropy Open	: 0.3388
-------------------------------------
[Epoch : 12/20]
Pr_Src_cls_loss	: 0.1097
Total_loss	: 0.6361
Open Loss	: 0.3066
Src_cls_loss	: 0.0131
Entropy Open	: 0.3164
-------------------------------------
[Epoch : 13/20]
Pr_Src_cls_loss	: 0.1097
Total_loss	: 0.6012
Open Loss	: 0.2915
Src_cls_loss	: 0.0131
Entropy Open	: 0.2966
-------------------------------------
[Epoch : 14/20]
Pr_Src_cls_loss	: 0.1097
Total_loss	: 0.5699
Open Loss	: 0.2778
Src_cls_loss	: 0.0131
Entropy Open	: 0.2789
-------------------------------------
[Epoch : 15/20]
Pr_Src_cls_loss	: 0.1097
Total_loss	: 0.5415
Open Loss	: 0.2652
Src_cls_loss	: 0.0132
Entropy Open	: 0.2631
-------------------------------------
[Epoch : 16/20]
Pr_Src_cls_loss	: 0.1097
Total_loss	: 0.5158
Open Loss	: 0.2537
Src_cls_loss	: 0.0132
Entropy Open	: 0.2489
-------------------------------------
[Epoch : 17/20]
Pr_Src_cls_loss	: 0.1097
Total_loss	: 0.4923
Open Loss	: 0.2431
Src_cls_loss	: 0.0132
Entropy Open	: 0.2361
-------------------------------------
[Epoch : 18/20]
Pr_Src_cls_loss	: 0.1097
Total_loss	: 0.4708
Open Loss	: 0.2332
Src_cls_loss	: 0.0131
Entropy Open	: 0.2244
-------------------------------------
[Epoch : 19/20]
Pr_Src_cls_loss	: 0.1097
Total_loss	: 0.4510
Open Loss	: 0.2241
Src_cls_loss	: 0.0131
Entropy Open	: 0.2138
-------------------------------------
[Epoch : 20/20]
Pr_Src_cls_loss	: 0.1097
Total_loss	: 0.4327
Open Loss	: 0.2156
Src_cls_loss	: 0.0130
Entropy Open	: 0.2041
-------------------------------------
/mnt/data/home/tp2474/OpenSet-AdaTime/algorithms/algorithms.py:661: UserWarning: Implicit dimension choice for softmax has been deprecated. Change the call to include dim=X as an argument.
  predictions = F.softmax(self.classifier(features))
/mnt/data/home/tp2474/OpenSet-AdaTime/trainers/abstract_trainer.py:331: FutureWarning: The behavior of DataFrame concatenation with empty or all-NA entries is deprecated. In a future version, this will no longer exclude empty or all-NA columns when determining the result dtypes. To retain the old behavior, exclude the relevant entries before the concat operation.
  table = pd.concat([table, results_df], ignore_index=True)
H_score: 0.1687, OS* (acc_c): 0.2448, UNK (acc_p): 0.1287, acc_mix: 0.2022, F1: 0.1094
Uploading logs from: /mnt/data/home/tp2474/OpenSet-AdaTime/experiments_logs/curriculum/RealWorld to MHEALTH_UniDA_hard_n3_fno_mean/OVANet_UniDA_hard_n3_fno_mean/RealWorld_to_MHEALTH_run_0
🏃 View run OVANet_run_0 at: http://127.0.0.1:5001/#/experiments/827127228733241128/runs/5c4076d4e4644dc5b7579f04e2031556
🧪 View experiment at: http://127.0.0.1:5001/#/experiments/827127228733241128
=============================================
Dataset: RealWorld to MHEALTH_UniDA_hard_n3_fno_mean
Method:  OVANet
=============================================
Source: RealWorld ---> Target: MHEALTH
Run ID: 1
=============================================
[Pr Epoch : 1/20]
Pr_Src_cls_loss	: 0.9533
-------------------------------------
[Pr Epoch : 2/20]
Pr_Src_cls_loss	: 0.6297
-------------------------------------
[Pr Epoch : 3/20]
Pr_Src_cls_loss	: 0.4772
-------------------------------------
[Pr Epoch : 4/20]
Pr_Src_cls_loss	: 0.3885
-------------------------------------
[Pr Epoch : 5/20]
Pr_Src_cls_loss	: 0.3299
-------------------------------------
[Pr Epoch : 6/20]
Pr_Src_cls_loss	: 0.2880
-------------------------------------
[Pr Epoch : 7/20]
Pr_Src_cls_loss	: 0.2566
-------------------------------------
[Pr Epoch : 8/20]
Pr_Src_cls_loss	: 0.2317
-------------------------------------
[Pr Epoch : 9/20]
Pr_Src_cls_loss	: 0.2113
-------------------------------------
[Pr Epoch : 10/20]
Pr_Src_cls_loss	: 0.1946
-------------------------------------
[Pr Epoch : 11/20]
Pr_Src_cls_loss	: 0.1804
-------------------------------------
[Pr Epoch : 12/20]
Pr_Src_cls_loss	: 0.1682
-------------------------------------
[Pr Epoch : 13/20]
Pr_Src_cls_loss	: 0.1577
-------------------------------------
[Pr Epoch : 14/20]
Pr_Src_cls_loss	: 0.1483
-------------------------------------
[Pr Epoch : 15/20]
Pr_Src_cls_loss	: 0.1403
-------------------------------------
[Pr Epoch : 16/20]
Pr_Src_cls_loss	: 0.1330
-------------------------------------
[Pr Epoch : 17/20]
Pr_Src_cls_loss	: 0.1266
-------------------------------------
[Pr Epoch : 18/20]
Pr_Src_cls_loss	: 0.1206
-------------------------------------
[Pr Epoch : 19/20]
Pr_Src_cls_loss	: 0.1152
-------------------------------------
[Pr Epoch : 20/20]
Pr_Src_cls_loss	: 0.1103
-------------------------------------
[Epoch : 1/20]
Pr_Src_cls_loss	: 0.1103
Total_loss	: 1.3417
Open Loss	: 0.6407
Src_cls_loss	: 0.0104
Entropy Open	: 0.6906
-------------------------------------
[Epoch : 2/20]
Pr_Src_cls_loss	: 0.1103
Total_loss	: 1.2721
Open Loss	: 0.5852
Src_cls_loss	: 0.0104
Entropy Open	: 0.6765
-------------------------------------
[Epoch : 3/20]
Pr_Src_cls_loss	: 0.1103
Total_loss	: 1.1886
Open Loss	: 0.5369
Src_cls_loss	: 0.0104
Entropy Open	: 0.6412
-------------------------------------
[Epoch : 4/20]
Pr_Src_cls_loss	: 0.1103
Total_loss	: 1.0985
Open Loss	: 0.4950
Src_cls_loss	: 0.0107
Entropy Open	: 0.5927
-------------------------------------
[Epoch : 5/20]
Pr_Src_cls_loss	: 0.1103
Total_loss	: 1.0123
Open Loss	: 0.4591
Src_cls_loss	: 0.0110
Entropy Open	: 0.5422
-------------------------------------
[Epoch : 6/20]
Pr_Src_cls_loss	: 0.1103
Total_loss	: 0.9347
Open Loss	: 0.4279
Src_cls_loss	: 0.0113
Entropy Open	: 0.4955
-------------------------------------
[Epoch : 7/20]
Pr_Src_cls_loss	: 0.1103
Total_loss	: 0.8659
Open Loss	: 0.4003
Src_cls_loss	: 0.0115
Entropy Open	: 0.4541
-------------------------------------
[Epoch : 8/20]
Pr_Src_cls_loss	: 0.1103
Total_loss	: 0.8052
Open Loss	: 0.3758
Src_cls_loss	: 0.0118
Entropy Open	: 0.4176
-------------------------------------
[Epoch : 9/20]
Pr_Src_cls_loss	: 0.1103
Total_loss	: 0.7512
Open Loss	: 0.3537
Src_cls_loss	: 0.0120
Entropy Open	: 0.3856
-------------------------------------
[Epoch : 10/20]
Pr_Src_cls_loss	: 0.1103
Total_loss	: 0.7034
Open Loss	: 0.3337
Src_cls_loss	: 0.0121
Entropy Open	: 0.3576
-------------------------------------
[Epoch : 11/20]
Pr_Src_cls_loss	: 0.1103
Total_loss	: 0.6608
Open Loss	: 0.3157
Src_cls_loss	: 0.0122
Entropy Open	: 0.3328
-------------------------------------
[Epoch : 12/20]
Pr_Src_cls_loss	: 0.1103
Total_loss	: 0.6227
Open Loss	: 0.2995
Src_cls_loss	: 0.0123
Entropy Open	: 0.3110
-------------------------------------
[Epoch : 13/20]
Pr_Src_cls_loss	: 0.1103
Total_loss	: 0.5885
Open Loss	: 0.2846
Src_cls_loss	: 0.0123
Entropy Open	: 0.2916
-------------------------------------
[Epoch : 14/20]
Pr_Src_cls_loss	: 0.1103
Total_loss	: 0.5577
Open Loss	: 0.2711
Src_cls_loss	: 0.0124
Entropy Open	: 0.2743
-------------------------------------
[Epoch : 15/20]
Pr_Src_cls_loss	: 0.1103
Total_loss	: 0.5299
Open Loss	: 0.2587
Src_cls_loss	: 0.0124
Entropy Open	: 0.2588
-------------------------------------
[Epoch : 16/20]
Pr_Src_cls_loss	: 0.1103
Total_loss	: 0.5046
Open Loss	: 0.2473
Src_cls_loss	: 0.0125
Entropy Open	: 0.2448
-------------------------------------
[Epoch : 17/20]
Pr_Src_cls_loss	: 0.1103
Total_loss	: 0.4817
Open Loss	: 0.2369
Src_cls_loss	: 0.0125
Entropy Open	: 0.2322
-------------------------------------
[Epoch : 18/20]
Pr_Src_cls_loss	: 0.1103
Total_loss	: 0.4606
Open Loss	: 0.2273
Src_cls_loss	: 0.0125
Entropy Open	: 0.2208
-------------------------------------
[Epoch : 19/20]
Pr_Src_cls_loss	: 0.1103
Total_loss	: 0.4412
Open Loss	: 0.2184
Src_cls_loss	: 0.0125
Entropy Open	: 0.2104
-------------------------------------
[Epoch : 20/20]
Pr_Src_cls_loss	: 0.1103
Total_loss	: 0.4234
Open Loss	: 0.2101
Src_cls_loss	: 0.0125
Entropy Open	: 0.2008
-------------------------------------
H_score: 0.3153, OS* (acc_c): 0.2509, UNK (acc_p): 0.4241, acc_mix: 0.3145, F1: 0.2100
Uploading logs from: /mnt/data/home/tp2474/OpenSet-AdaTime/experiments_logs/curriculum/RealWorld to MHEALTH_UniDA_hard_n3_fno_mean/OVANet_UniDA_hard_n3_fno_mean/RealWorld_to_MHEALTH_run_1
🏃 View run OVANet_run_1 at: http://127.0.0.1:5001/#/experiments/827127228733241128/runs/3c74173a9b914fe1b01f5a9154b11133
🧪 View experiment at: http://127.0.0.1:5001/#/experiments/827127228733241128
=============================================
Dataset: RealWorld to MHEALTH_UniDA_hard_n3_fno_mean
Method:  OVANet
=============================================
Source: RealWorld ---> Target: MHEALTH
Run ID: 2
=============================================
[Pr Epoch : 1/20]
Pr_Src_cls_loss	: 0.9588
-------------------------------------
[Pr Epoch : 2/20]
Pr_Src_cls_loss	: 0.6351
-------------------------------------
[Pr Epoch : 3/20]
Pr_Src_cls_loss	: 0.4822
-------------------------------------
[Pr Epoch : 4/20]
Pr_Src_cls_loss	: 0.3925
-------------------------------------
[Pr Epoch : 5/20]
Pr_Src_cls_loss	: 0.3332
-------------------------------------
[Pr Epoch : 6/20]
Pr_Src_cls_loss	: 0.2906
-------------------------------------
[Pr Epoch : 7/20]
Pr_Src_cls_loss	: 0.2584
-------------------------------------
[Pr Epoch : 8/20]
Pr_Src_cls_loss	: 0.2329
-------------------------------------
[Pr Epoch : 9/20]
Pr_Src_cls_loss	: 0.2126
-------------------------------------
[Pr Epoch : 10/20]
Pr_Src_cls_loss	: 0.1955
-------------------------------------
[Pr Epoch : 11/20]
Pr_Src_cls_loss	: 0.1812
-------------------------------------
[Pr Epoch : 12/20]
Pr_Src_cls_loss	: 0.1690
-------------------------------------
[Pr Epoch : 13/20]
Pr_Src_cls_loss	: 0.1584
-------------------------------------
[Pr Epoch : 14/20]
Pr_Src_cls_loss	: 0.1492
-------------------------------------
[Pr Epoch : 15/20]
Pr_Src_cls_loss	: 0.1409
-------------------------------------
[Pr Epoch : 16/20]
Pr_Src_cls_loss	: 0.1339
-------------------------------------
[Pr Epoch : 17/20]
Pr_Src_cls_loss	: 0.1273
-------------------------------------
[Pr Epoch : 18/20]
Pr_Src_cls_loss	: 0.1214
-------------------------------------
[Pr Epoch : 19/20]
Pr_Src_cls_loss	: 0.1160
-------------------------------------
[Pr Epoch : 20/20]
Pr_Src_cls_loss	: 0.1111
-------------------------------------
[Epoch : 1/20]
Pr_Src_cls_loss	: 0.1111
Total_loss	: 1.3479
Open Loss	: 0.6460
Src_cls_loss	: 0.0133
Entropy Open	: 0.6886
-------------------------------------
[Epoch : 2/20]
Pr_Src_cls_loss	: 0.1111
Total_loss	: 1.2715
Open Loss	: 0.5912
Src_cls_loss	: 0.0120
Entropy Open	: 0.6683
-------------------------------------
[Epoch : 3/20]
Pr_Src_cls_loss	: 0.1111
Total_loss	: 1.1836
Open Loss	: 0.5432
Src_cls_loss	: 0.0117
Entropy Open	: 0.6287
-------------------------------------
[Epoch : 4/20]
Pr_Src_cls_loss	: 0.1111
Total_loss	: 1.0916
Open Loss	: 0.5017
Src_cls_loss	: 0.0119
Entropy Open	: 0.5780
-------------------------------------
[Epoch : 5/20]
Pr_Src_cls_loss	: 0.1111
Total_loss	: 1.0045
Open Loss	: 0.4658
Src_cls_loss	: 0.0120
Entropy Open	: 0.5268
-------------------------------------
[Epoch : 6/20]
Pr_Src_cls_loss	: 0.1111
Total_loss	: 0.9269
Open Loss	: 0.4347
Src_cls_loss	: 0.0122
Entropy Open	: 0.4801
-------------------------------------
[Epoch : 7/20]
Pr_Src_cls_loss	: 0.1111
Total_loss	: 0.8584
Open Loss	: 0.4072
Src_cls_loss	: 0.0123
Entropy Open	: 0.4390
-------------------------------------
[Epoch : 8/20]
Pr_Src_cls_loss	: 0.1111
Total_loss	: 0.7987
Open Loss	: 0.3828
Src_cls_loss	: 0.0125
Entropy Open	: 0.4035
-------------------------------------
[Epoch : 9/20]
Pr_Src_cls_loss	: 0.1111
Total_loss	: 0.7459
Open Loss	: 0.3608
Src_cls_loss	: 0.0126
Entropy Open	: 0.3726
-------------------------------------
[Epoch : 10/20]
Pr_Src_cls_loss	: 0.1111
Total_loss	: 0.6992
Open Loss	: 0.3409
Src_cls_loss	: 0.0127
Entropy Open	: 0.3456
-------------------------------------
[Epoch : 11/20]
Pr_Src_cls_loss	: 0.1111
Total_loss	: 0.6576
Open Loss	: 0.3229
Src_cls_loss	: 0.0127
Entropy Open	: 0.3221
-------------------------------------
[Epoch : 12/20]
Pr_Src_cls_loss	: 0.1111
Total_loss	: 0.6205
Open Loss	: 0.3065
Src_cls_loss	: 0.0127
Entropy Open	: 0.3013
-------------------------------------
[Epoch : 13/20]
Pr_Src_cls_loss	: 0.1111
Total_loss	: 0.5870
Open Loss	: 0.2916
Src_cls_loss	: 0.0127
Entropy Open	: 0.2828
-------------------------------------
[Epoch : 14/20]
Pr_Src_cls_loss	: 0.1111
Total_loss	: 0.5570
Open Loss	: 0.2780
Src_cls_loss	: 0.0128
Entropy Open	: 0.2662
-------------------------------------
[Epoch : 15/20]
Pr_Src_cls_loss	: 0.1111
Total_loss	: 0.5298
Open Loss	: 0.2656
Src_cls_loss	: 0.0128
Entropy Open	: 0.2514
-------------------------------------
[Epoch : 16/20]
Pr_Src_cls_loss	: 0.1111
Total_loss	: 0.5049
Open Loss	: 0.2541
Src_cls_loss	: 0.0128
Entropy Open	: 0.2381
-------------------------------------
[Epoch : 17/20]
Pr_Src_cls_loss	: 0.1111
Total_loss	: 0.4822
Open Loss	: 0.2434
Src_cls_loss	: 0.0128
Entropy Open	: 0.2259
-------------------------------------
[Epoch : 18/20]
Pr_Src_cls_loss	: 0.1111
Total_loss	: 0.4612
Open Loss	: 0.2336
Src_cls_loss	: 0.0127
Entropy Open	: 0.2149
-------------------------------------
[Epoch : 19/20]
Pr_Src_cls_loss	: 0.1111
Total_loss	: 0.4421
Open Loss	: 0.2245
Src_cls_loss	: 0.0127
Entropy Open	: 0.2049
-------------------------------------
[Epoch : 20/20]
Pr_Src_cls_loss	: 0.1111
Total_loss	: 0.4244
Open Loss	: 0.2160
Src_cls_loss	: 0.0127
Entropy Open	: 0.1957
-------------------------------------
H_score: 0.0000, OS* (acc_c): 0.0000, UNK (acc_p): 0.9968, acc_mix: 0.3660, F1: 0.2015
Uploading logs from: /mnt/data/home/tp2474/OpenSet-AdaTime/experiments_logs/curriculum/RealWorld to MHEALTH_UniDA_hard_n3_fno_mean/OVANet_UniDA_hard_n3_fno_mean/RealWorld_to_MHEALTH_run_2
🏃 View run OVANet_run_2 at: http://127.0.0.1:5001/#/experiments/827127228733241128/runs/919ff4c9e9f94ac28ef993111cdd001e
🧪 View experiment at: http://127.0.0.1:5001/#/experiments/827127228733241128
=============================================
Dataset: RealWorld to MHEALTH_UniDA_hard_n3_fno_mean
Method:  OVANet
=============================================
Source: RealWorld ---> Target: MHEALTH
Run ID: 3
=============================================
[Pr Epoch : 1/20]
Pr_Src_cls_loss	: 0.9551
-------------------------------------
[Pr Epoch : 2/20]
Pr_Src_cls_loss	: 0.6329
-------------------------------------
[Pr Epoch : 3/20]
Pr_Src_cls_loss	: 0.4821
-------------------------------------
[Pr Epoch : 4/20]
Pr_Src_cls_loss	: 0.3935
-------------------------------------
[Pr Epoch : 5/20]
Pr_Src_cls_loss	: 0.3355
-------------------------------------
[Pr Epoch : 6/20]
Pr_Src_cls_loss	: 0.2932
-------------------------------------
[Pr Epoch : 7/20]
Pr_Src_cls_loss	: 0.2609
-------------------------------------
[Pr Epoch : 8/20]
Pr_Src_cls_loss	: 0.2355
-------------------------------------
[Pr Epoch : 9/20]
Pr_Src_cls_loss	: 0.2152
-------------------------------------
[Pr Epoch : 10/20]
Pr_Src_cls_loss	: 0.1983
-------------------------------------
[Pr Epoch : 11/20]
Pr_Src_cls_loss	: 0.1840
-------------------------------------
[Pr Epoch : 12/20]
Pr_Src_cls_loss	: 0.1716
-------------------------------------
[Pr Epoch : 13/20]
Pr_Src_cls_loss	: 0.1611
-------------------------------------
[Pr Epoch : 14/20]
Pr_Src_cls_loss	: 0.1517
-------------------------------------
[Pr Epoch : 15/20]
Pr_Src_cls_loss	: 0.1434
-------------------------------------
[Pr Epoch : 16/20]
Pr_Src_cls_loss	: 0.1361
-------------------------------------
[Pr Epoch : 17/20]
Pr_Src_cls_loss	: 0.1296
-------------------------------------
[Pr Epoch : 18/20]
Pr_Src_cls_loss	: 0.1235
-------------------------------------
[Pr Epoch : 19/20]
Pr_Src_cls_loss	: 0.1181
-------------------------------------
[Pr Epoch : 20/20]
Pr_Src_cls_loss	: 0.1132
-------------------------------------
[Epoch : 1/20]
Pr_Src_cls_loss	: 0.1132
Total_loss	: 1.3454
Open Loss	: 0.6439
Src_cls_loss	: 0.0123
Entropy Open	: 0.6892
-------------------------------------
[Epoch : 2/20]
Pr_Src_cls_loss	: 0.1132
Total_loss	: 1.2724
Open Loss	: 0.5900
Src_cls_loss	: 0.0118
Entropy Open	: 0.6707
-------------------------------------
[Epoch : 3/20]
Pr_Src_cls_loss	: 0.1132
Total_loss	: 1.1870
Open Loss	: 0.5424
Src_cls_loss	: 0.0119
Entropy Open	: 0.6327
-------------------------------------
[Epoch : 4/20]
Pr_Src_cls_loss	: 0.1132
Total_loss	: 1.0966
Open Loss	: 0.5008
Src_cls_loss	: 0.0120
Entropy Open	: 0.5838
-------------------------------------
[Epoch : 5/20]
Pr_Src_cls_loss	: 0.1132
Total_loss	: 1.0118
Open Loss	: 0.4651
Src_cls_loss	: 0.0126
Entropy Open	: 0.5342
-------------------------------------
[Epoch : 6/20]
Pr_Src_cls_loss	: 0.1132
Total_loss	: 0.9353
Open Loss	: 0.4339
Src_cls_loss	: 0.0128
Entropy Open	: 0.4886
-------------------------------------
[Epoch : 7/20]
Pr_Src_cls_loss	: 0.1132
Total_loss	: 0.8674
Open Loss	: 0.4068
Src_cls_loss	: 0.0130
Entropy Open	: 0.4477
-------------------------------------
[Epoch : 8/20]
Pr_Src_cls_loss	: 0.1132
Total_loss	: 0.8071
Open Loss	: 0.3826
Src_cls_loss	: 0.0131
Entropy Open	: 0.4114
-------------------------------------
[Epoch : 9/20]
Pr_Src_cls_loss	: 0.1132
Total_loss	: 0.7536
Open Loss	: 0.3609
Src_cls_loss	: 0.0132
Entropy Open	: 0.3795
-------------------------------------
[Epoch : 10/20]
Pr_Src_cls_loss	: 0.1132
Total_loss	: 0.7061
Open Loss	: 0.3413
Src_cls_loss	: 0.0132
Entropy Open	: 0.3516
-------------------------------------
[Epoch : 11/20]
Pr_Src_cls_loss	: 0.1132
Total_loss	: 0.6638
Open Loss	: 0.3235
Src_cls_loss	: 0.0133
Entropy Open	: 0.3270
-------------------------------------
[Epoch : 12/20]
Pr_Src_cls_loss	: 0.1132
Total_loss	: 0.6260
Open Loss	: 0.3073
Src_cls_loss	: 0.0134
Entropy Open	: 0.3053
-------------------------------------
[Epoch : 13/20]
Pr_Src_cls_loss	: 0.1132
Total_loss	: 0.5919
Open Loss	: 0.2924
Src_cls_loss	: 0.0134
Entropy Open	: 0.2861
-------------------------------------
[Epoch : 14/20]
Pr_Src_cls_loss	: 0.1132
Total_loss	: 0.5611
Open Loss	: 0.2787
Src_cls_loss	: 0.0133
Entropy Open	: 0.2690
-------------------------------------
[Epoch : 15/20]
Pr_Src_cls_loss	: 0.1132
Total_loss	: 0.5332
Open Loss	: 0.2662
Src_cls_loss	: 0.0133
Entropy Open	: 0.2537
-------------------------------------
[Epoch : 16/20]
Pr_Src_cls_loss	: 0.1132
Total_loss	: 0.5079
Open Loss	: 0.2547
Src_cls_loss	: 0.0133
Entropy Open	: 0.2400
-------------------------------------
[Epoch : 17/20]
Pr_Src_cls_loss	: 0.1132
Total_loss	: 0.4849
Open Loss	: 0.2440
Src_cls_loss	: 0.0133
Entropy Open	: 0.2276
-------------------------------------
[Epoch : 18/20]
Pr_Src_cls_loss	: 0.1132
Total_loss	: 0.4638
Open Loss	: 0.2342
Src_cls_loss	: 0.0133
Entropy Open	: 0.2163
-------------------------------------
[Epoch : 19/20]
Pr_Src_cls_loss	: 0.1132
Total_loss	: 0.4443
Open Loss	: 0.2250
Src_cls_loss	: 0.0133
Entropy Open	: 0.2060
-------------------------------------
[Epoch : 20/20]
Pr_Src_cls_loss	: 0.1132
Total_loss	: 0.4264
Open Loss	: 0.2165
Src_cls_loss	: 0.0132
Entropy Open	: 0.1967
-------------------------------------
H_score: 0.0000, OS* (acc_c): 0.0000, UNK (acc_p): 0.9979, acc_mix: 0.3664, F1: 0.1970
Uploading logs from: /mnt/data/home/tp2474/OpenSet-AdaTime/experiments_logs/curriculum/RealWorld to MHEALTH_UniDA_hard_n3_fno_mean/OVANet_UniDA_hard_n3_fno_mean/RealWorld_to_MHEALTH_run_3
🏃 View run OVANet_run_3 at: http://127.0.0.1:5001/#/experiments/827127228733241128/runs/58e3af5977cd42feb0f4a955d706e5a4
🧪 View experiment at: http://127.0.0.1:5001/#/experiments/827127228733241128
=============================================
Dataset: RealWorld to MHEALTH_UniDA_hard_n3_fno_mean
Method:  OVANet
=============================================
Source: RealWorld ---> Target: MHEALTH
Run ID: 4
=============================================
[Pr Epoch : 1/20]
Pr_Src_cls_loss	: 0.9418
-------------------------------------
[Pr Epoch : 2/20]
Pr_Src_cls_loss	: 0.6240
-------------------------------------
[Pr Epoch : 3/20]
Pr_Src_cls_loss	: 0.4751
-------------------------------------
[Pr Epoch : 4/20]
Pr_Src_cls_loss	: 0.3885
-------------------------------------
[Pr Epoch : 5/20]
Pr_Src_cls_loss	: 0.3307
-------------------------------------
[Pr Epoch : 6/20]
Pr_Src_cls_loss	: 0.2893
-------------------------------------
[Pr Epoch : 7/20]
Pr_Src_cls_loss	: 0.2578
-------------------------------------
[Pr Epoch : 8/20]
Pr_Src_cls_loss	: 0.2330
-------------------------------------
[Pr Epoch : 9/20]
Pr_Src_cls_loss	: 0.2125
-------------------------------------
[Pr Epoch : 10/20]
Pr_Src_cls_loss	: 0.1959
-------------------------------------
[Pr Epoch : 11/20]
Pr_Src_cls_loss	: 0.1815
-------------------------------------
[Pr Epoch : 12/20]
Pr_Src_cls_loss	: 0.1694
-------------------------------------
[Pr Epoch : 13/20]
Pr_Src_cls_loss	: 0.1590
-------------------------------------
[Pr Epoch : 14/20]
Pr_Src_cls_loss	: 0.1496
-------------------------------------
[Pr Epoch : 15/20]
Pr_Src_cls_loss	: 0.1417
-------------------------------------
[Pr Epoch : 16/20]
Pr_Src_cls_loss	: 0.1343
-------------------------------------
[Pr Epoch : 17/20]
Pr_Src_cls_loss	: 0.1277
-------------------------------------
[Pr Epoch : 18/20]
Pr_Src_cls_loss	: 0.1217
-------------------------------------
[Pr Epoch : 19/20]
Pr_Src_cls_loss	: 0.1163
-------------------------------------
[Pr Epoch : 20/20]
Pr_Src_cls_loss	: 0.1114
-------------------------------------
[Epoch : 1/20]
Pr_Src_cls_loss	: 0.1114
Total_loss	: 1.3439
Open Loss	: 0.6439
Src_cls_loss	: 0.0115
Entropy Open	: 0.6885
-------------------------------------
[Epoch : 2/20]
Pr_Src_cls_loss	: 0.1114
Total_loss	: 1.2692
Open Loss	: 0.5889
Src_cls_loss	: 0.0112
Entropy Open	: 0.6692
-------------------------------------
[Epoch : 3/20]
Pr_Src_cls_loss	: 0.1114
Total_loss	: 1.1853
Open Loss	: 0.5408
Src_cls_loss	: 0.0112
Entropy Open	: 0.6333
-------------------------------------
[Epoch : 4/20]
Pr_Src_cls_loss	: 0.1114
Total_loss	: 1.0960
Open Loss	: 0.4988
Src_cls_loss	: 0.0113
Entropy Open	: 0.5858
-------------------------------------
[Epoch : 5/20]
Pr_Src_cls_loss	: 0.1114
Total_loss	: 1.0107
Open Loss	: 0.4626
Src_cls_loss	: 0.0115
Entropy Open	: 0.5365
-------------------------------------
[Epoch : 6/20]
Pr_Src_cls_loss	: 0.1114
Total_loss	: 0.9337
Open Loss	: 0.4311
Src_cls_loss	: 0.0118
Entropy Open	: 0.4908
-------------------------------------
[Epoch : 7/20]
Pr_Src_cls_loss	: 0.1114
Total_loss	: 0.8654
Open Loss	: 0.4034
Src_cls_loss	: 0.0120
Entropy Open	: 0.4500
-------------------------------------
[Epoch : 8/20]
Pr_Src_cls_loss	: 0.1114
Total_loss	: 0.8049
Open Loss	: 0.3785
Src_cls_loss	: 0.0122
Entropy Open	: 0.4142
-------------------------------------
[Epoch : 9/20]
Pr_Src_cls_loss	: 0.1114
Total_loss	: 0.7514
Open Loss	: 0.3563
Src_cls_loss	: 0.0124
Entropy Open	: 0.3827
-------------------------------------
[Epoch : 10/20]
Pr_Src_cls_loss	: 0.1114
Total_loss	: 0.7042
Open Loss	: 0.3365
Src_cls_loss	: 0.0127
Entropy Open	: 0.3550
-------------------------------------
[Epoch : 11/20]
Pr_Src_cls_loss	: 0.1114
Total_loss	: 0.6618
Open Loss	: 0.3183
Src_cls_loss	: 0.0128
Entropy Open	: 0.3307
-------------------------------------
[Epoch : 12/20]
Pr_Src_cls_loss	: 0.1114
Total_loss	: 0.6242
Open Loss	: 0.3021
Src_cls_loss	: 0.0129
Entropy Open	: 0.3092
-------------------------------------
[Epoch : 13/20]
Pr_Src_cls_loss	: 0.1114
Total_loss	: 0.5903
Open Loss	: 0.2872
Src_cls_loss	: 0.0130
Entropy Open	: 0.2901
-------------------------------------
[Epoch : 14/20]
Pr_Src_cls_loss	: 0.1114
Total_loss	: 0.5596
Open Loss	: 0.2737
Src_cls_loss	: 0.0130
Entropy Open	: 0.2729
-------------------------------------
[Epoch : 15/20]
Pr_Src_cls_loss	: 0.1114
Total_loss	: 0.5319
Open Loss	: 0.2612
Src_cls_loss	: 0.0131
Entropy Open	: 0.2576
-------------------------------------
[Epoch : 16/20]
Pr_Src_cls_loss	: 0.1114
Total_loss	: 0.5067
Open Loss	: 0.2498
Src_cls_loss	: 0.0131
Entropy Open	: 0.2439
-------------------------------------
[Epoch : 17/20]
Pr_Src_cls_loss	: 0.1114
Total_loss	: 0.4838
Open Loss	: 0.2393
Src_cls_loss	: 0.0131
Entropy Open	: 0.2314
-------------------------------------
[Epoch : 18/20]
Pr_Src_cls_loss	: 0.1114
Total_loss	: 0.4628
Open Loss	: 0.2296
Src_cls_loss	: 0.0131
Entropy Open	: 0.2201
-------------------------------------
[Epoch : 19/20]
Pr_Src_cls_loss	: 0.1114
Total_loss	: 0.4435
Open Loss	: 0.2206
Src_cls_loss	: 0.0131
Entropy Open	: 0.2098
-------------------------------------
[Epoch : 20/20]
Pr_Src_cls_loss	: 0.1114
Total_loss	: 0.4257
Open Loss	: 0.2123
Src_cls_loss	: 0.0130
Entropy Open	: 0.2003
-------------------------------------
H_score: 0.3067, OS* (acc_c): 0.2509, UNK (acc_p): 0.3945, acc_mix: 0.3036, F1: 0.2013
Uploading logs from: /mnt/data/home/tp2474/OpenSet-AdaTime/experiments_logs/curriculum/RealWorld to MHEALTH_UniDA_hard_n3_fno_mean/OVANet_UniDA_hard_n3_fno_mean/RealWorld_to_MHEALTH_run_4
🏃 View run OVANet_run_4 at: http://127.0.0.1:5001/#/experiments/827127228733241128/runs/fbc6472536804f699d04ae025f19af0e
🧪 View experiment at: http://127.0.0.1:5001/#/experiments/827127228733241128
==================== [n3 fno_mean] DANCE ====================
[curriculum] scenario=UniDA  strategy=hard  n_unknown=3  rank_variant=fno_mean
[curriculum] source mapping (7 classes): {'lying': 'lying', 'sitting': 'sitting', 'walking': 'walking', 'running': 'running', 'climbingup': 'climbingup', 'jumping': 'jumping', 'climbingdown': 'climbingdown'}
[curriculum] target mapping (7 classes): {'Lying down': 'lying', 'Sitting and relaxing': 'sitting', 'Walking': 'walking', 'Running': 'running', 'Climbing stairs': 'Climbing stairs', 'Jogging': 'Jogging', 'Jump front & back': 'Jump front & back'}
[curriculum] unknowns added (in hard order): src=[climbingup,jumping,climbingdown] | trg=[Climbing stairs,Jogging,Jump front & back]
[scenario] DANCE -> UniDA (uniDA=True)
Unlabeled data shape:  (2582, 150, 18)
Unlabelled Combined shape: (4441, 150, 18)

--- Dataloader Size Check ---
Source Train batches:   396
Target Train batches:   40
-------------------------------

Private classes:  tensor([7., 8., 9.])
=============================================
Dataset: RealWorld to MHEALTH_UniDA_hard_n3_fno_mean
Method:  DANCE
=============================================
Source: RealWorld ---> Target: MHEALTH
Run ID: 0
=============================================
[Pr Epoch : 1/20]
Pr_Src_cls_loss	: 1.7442
-------------------------------------
[Pr Epoch : 2/20]
Pr_Src_cls_loss	: 1.7235
-------------------------------------
[Pr Epoch : 3/20]
Pr_Src_cls_loss	: 1.7136
-------------------------------------
[Pr Epoch : 4/20]
Pr_Src_cls_loss	: 1.7078
-------------------------------------
[Pr Epoch : 5/20]
Pr_Src_cls_loss	: 1.7038
-------------------------------------
[Pr Epoch : 6/20]
Pr_Src_cls_loss	: 1.7009
-------------------------------------
[Pr Epoch : 7/20]
Pr_Src_cls_loss	: 1.6985
-------------------------------------
[Pr Epoch : 8/20]
Pr_Src_cls_loss	: 1.6965
-------------------------------------
[Pr Epoch : 9/20]
Pr_Src_cls_loss	: 1.6949
-------------------------------------
[Pr Epoch : 10/20]
Pr_Src_cls_loss	: 1.6935
-------------------------------------
[Pr Epoch : 11/20]
Pr_Src_cls_loss	: 1.6923
-------------------------------------
[Pr Epoch : 12/20]
Pr_Src_cls_loss	: 1.6912
-------------------------------------
[Pr Epoch : 13/20]
Pr_Src_cls_loss	: 1.6903
-------------------------------------
[Pr Epoch : 14/20]
Pr_Src_cls_loss	: 1.6894
-------------------------------------
[Pr Epoch : 15/20]
Pr_Src_cls_loss	: 1.6886
-------------------------------------
[Pr Epoch : 16/20]
Pr_Src_cls_loss	: 1.6879
-------------------------------------
[Pr Epoch : 17/20]
Pr_Src_cls_loss	: 1.6873
-------------------------------------
[Pr Epoch : 18/20]
Pr_Src_cls_loss	: 1.6867
-------------------------------------
[Pr Epoch : 19/20]
Pr_Src_cls_loss	: 1.6861
-------------------------------------
[Pr Epoch : 20/20]
Pr_Src_cls_loss	: 1.6855
-------------------------------------
/mnt/data/home/tp2474/OpenSet-AdaTime/algorithms/algorithms.py:733: UserWarning: Implicit dimension choice for softmax has been deprecated. Change the call to include dim=X as an argument.
  p = F.softmax(p)
/mnt/data/home/tp2474/OpenSet-AdaTime/algorithms/algorithms.py:737: UserWarning: Implicit dimension choice for softmax has been deprecated. Change the call to include dim=X as an argument.
  p = F.softmax(p)
[Epoch : 1/20]
Pr_Src_cls_loss	: 1.6855
Total_loss	: 1.8387
Ent Loss	: -0.0965
Src_cls_loss	: 1.5370
Neighbors Clustering 	: 0.3982
-------------------------------------
[Epoch : 2/20]
Pr_Src_cls_loss	: 1.6855
Total_loss	: 1.6796
Ent Loss	: -0.0959
Src_cls_loss	: 1.4046
Neighbors Clustering 	: 0.3709
-------------------------------------
[Epoch : 3/20]
Pr_Src_cls_loss	: 1.6855
Total_loss	: 1.5399
Ent Loss	: -0.0952
Src_cls_loss	: 1.2824
Neighbors Clustering 	: 0.3527
-------------------------------------
[Epoch : 4/20]
Pr_Src_cls_loss	: 1.6855
Total_loss	: 1.4172
Ent Loss	: -0.0945
Src_cls_loss	: 1.1730
Neighbors Clustering 	: 0.3387
-------------------------------------
[Epoch : 5/20]
Pr_Src_cls_loss	: 1.6855
Total_loss	: 1.3099
Ent Loss	: -0.0938
Src_cls_loss	: 1.0764
Neighbors Clustering 	: 0.3274
-------------------------------------
[Epoch : 6/20]
Pr_Src_cls_loss	: 1.6855
Total_loss	: 1.2160
Ent Loss	: -0.0932
Src_cls_loss	: 0.9917
Neighbors Clustering 	: 0.3175
-------------------------------------
[Epoch : 7/20]
Pr_Src_cls_loss	: 1.6855
Total_loss	: 1.1332
Ent Loss	: -0.0926
Src_cls_loss	: 0.9173
Neighbors Clustering 	: 0.3085
-------------------------------------
[Epoch : 8/20]
Pr_Src_cls_loss	: 1.6855
Total_loss	: 1.0600
Ent Loss	: -0.0921
Src_cls_loss	: 0.8518
Neighbors Clustering 	: 0.3003
-------------------------------------
[Epoch : 9/20]
Pr_Src_cls_loss	: 1.6855
Total_loss	: 0.9955
Ent Loss	: -0.0917
Src_cls_loss	: 0.7941
Neighbors Clustering 	: 0.2932
-------------------------------------
[Epoch : 10/20]
Pr_Src_cls_loss	: 1.6855
Total_loss	: 0.9382
Ent Loss	: -0.0914
Src_cls_loss	: 0.7429
Neighbors Clustering 	: 0.2866
-------------------------------------
[Epoch : 11/20]
Pr_Src_cls_loss	: 1.6855
Total_loss	: 0.8870
Ent Loss	: -0.0910
Src_cls_loss	: 0.6976
Neighbors Clustering 	: 0.2805
-------------------------------------
[Epoch : 12/20]
Pr_Src_cls_loss	: 1.6855
Total_loss	: 0.8412
Ent Loss	: -0.0907
Src_cls_loss	: 0.6570
Neighbors Clustering 	: 0.2749
-------------------------------------
[Epoch : 13/20]
Pr_Src_cls_loss	: 1.6855
Total_loss	: 0.7998
Ent Loss	: -0.0905
Src_cls_loss	: 0.6206
Neighbors Clustering 	: 0.2696
-------------------------------------
[Epoch : 14/20]
Pr_Src_cls_loss	: 1.6855
Total_loss	: 0.7624
Ent Loss	: -0.0902
Src_cls_loss	: 0.5878
Neighbors Clustering 	: 0.2648
-------------------------------------
[Epoch : 15/20]
Pr_Src_cls_loss	: 1.6855
Total_loss	: 0.7284
Ent Loss	: -0.0900
Src_cls_loss	: 0.5581
Neighbors Clustering 	: 0.2603
-------------------------------------
[Epoch : 16/20]
Pr_Src_cls_loss	: 1.6855
Total_loss	: 0.6975
Ent Loss	: -0.0898
Src_cls_loss	: 0.5312
Neighbors Clustering 	: 0.2562
-------------------------------------
[Epoch : 17/20]
Pr_Src_cls_loss	: 1.6855
Total_loss	: 0.6691
Ent Loss	: -0.0897
Src_cls_loss	: 0.5066
Neighbors Clustering 	: 0.2522
-------------------------------------
[Epoch : 18/20]
Pr_Src_cls_loss	: 1.6855
Total_loss	: 0.6429
Ent Loss	: -0.0895
Src_cls_loss	: 0.4841
Neighbors Clustering 	: 0.2483
-------------------------------------
[Epoch : 19/20]
Pr_Src_cls_loss	: 1.6855
Total_loss	: 0.6188
Ent Loss	: -0.0893
Src_cls_loss	: 0.4634
Neighbors Clustering 	: 0.2447
-------------------------------------
[Epoch : 20/20]
Pr_Src_cls_loss	: 1.6855
Total_loss	: 0.5964
Ent Loss	: -0.0892
Src_cls_loss	: 0.4445
Neighbors Clustering 	: 0.2412
-------------------------------------
/mnt/data/home/tp2474/OpenSet-AdaTime/algorithms/algorithms.py:870: UserWarning: Implicit dimension choice for softmax has been deprecated. Change the call to include dim=X as an argument.
  predictions = F.softmax(self.classifier(features))
/mnt/data/home/tp2474/OpenSet-AdaTime/trainers/abstract_trainer.py:331: FutureWarning: The behavior of DataFrame concatenation with empty or all-NA entries is deprecated. In a future version, this will no longer exclude empty or all-NA columns when determining the result dtypes. To retain the old behavior, exclude the relevant entries before the concat operation.
  table = pd.concat([table, results_df], ignore_index=True)
H_score: 0.0000, OS* (acc_c): 0.0000, UNK (acc_p): 0.9789, acc_mix: 0.3594, F1: 0.1988
Uploading logs from: /mnt/data/home/tp2474/OpenSet-AdaTime/experiments_logs/curriculum/RealWorld to MHEALTH_UniDA_hard_n3_fno_mean/DANCE_UniDA_hard_n3_fno_mean/RealWorld_to_MHEALTH_run_0
🏃 View run DANCE_run_0 at: http://127.0.0.1:5001/#/experiments/827127228733241128/runs/e76a93da41b245bcaece3e867e567c4f
🧪 View experiment at: http://127.0.0.1:5001/#/experiments/827127228733241128
=============================================
Dataset: RealWorld to MHEALTH_UniDA_hard_n3_fno_mean
Method:  DANCE
=============================================
Source: RealWorld ---> Target: MHEALTH
Run ID: 1
=============================================
[Pr Epoch : 1/20]
Pr_Src_cls_loss	: 1.7469
-------------------------------------
[Pr Epoch : 2/20]
Pr_Src_cls_loss	: 1.7262
-------------------------------------
[Pr Epoch : 3/20]
Pr_Src_cls_loss	: 1.7162
-------------------------------------
[Pr Epoch : 4/20]
Pr_Src_cls_loss	: 1.7103
-------------------------------------
[Pr Epoch : 5/20]
Pr_Src_cls_loss	: 1.7064
-------------------------------------
[Pr Epoch : 6/20]
Pr_Src_cls_loss	: 1.7035
-------------------------------------
[Pr Epoch : 7/20]
Pr_Src_cls_loss	: 1.7012
-------------------------------------
[Pr Epoch : 8/20]
Pr_Src_cls_loss	: 1.6993
-------------------------------------
[Pr Epoch : 9/20]
Pr_Src_cls_loss	: 1.6977
-------------------------------------
[Pr Epoch : 10/20]
Pr_Src_cls_loss	: 1.6963
-------------------------------------
[Pr Epoch : 11/20]
Pr_Src_cls_loss	: 1.6951
-------------------------------------
[Pr Epoch : 12/20]
Pr_Src_cls_loss	: 1.6940
-------------------------------------
[Pr Epoch : 13/20]
Pr_Src_cls_loss	: 1.6929
-------------------------------------
[Pr Epoch : 14/20]
Pr_Src_cls_loss	: 1.6920
-------------------------------------
[Pr Epoch : 15/20]
Pr_Src_cls_loss	: 1.6911
-------------------------------------
[Pr Epoch : 16/20]
Pr_Src_cls_loss	: 1.6903
-------------------------------------
[Pr Epoch : 17/20]
Pr_Src_cls_loss	: 1.6896
-------------------------------------
[Pr Epoch : 18/20]
Pr_Src_cls_loss	: 1.6889
-------------------------------------
[Pr Epoch : 19/20]
Pr_Src_cls_loss	: 1.6883
-------------------------------------
[Pr Epoch : 20/20]
Pr_Src_cls_loss	: 1.6876
-------------------------------------
[Epoch : 1/20]
Pr_Src_cls_loss	: 1.6876
Total_loss	: 1.8766
Ent Loss	: -0.0964
Src_cls_loss	: 1.5389
Neighbors Clustering 	: 0.4342
-------------------------------------
[Epoch : 2/20]
Pr_Src_cls_loss	: 1.6876
Total_loss	: 1.7154
Ent Loss	: -0.0958
Src_cls_loss	: 1.4088
Neighbors Clustering 	: 0.4025
-------------------------------------
[Epoch : 3/20]
Pr_Src_cls_loss	: 1.6876
Total_loss	: 1.5744
Ent Loss	: -0.0951
Src_cls_loss	: 1.2893
Neighbors Clustering 	: 0.3802
-------------------------------------
[Epoch : 4/20]
Pr_Src_cls_loss	: 1.6876
Total_loss	: 1.4520
Ent Loss	: -0.0944
Src_cls_loss	: 1.1824
Neighbors Clustering 	: 0.3640
-------------------------------------
[Epoch : 5/20]
Pr_Src_cls_loss	: 1.6876
Total_loss	: 1.3445
Ent Loss	: -0.0936
Src_cls_loss	: 1.0875
Neighbors Clustering 	: 0.3506
-------------------------------------
[Epoch : 6/20]
Pr_Src_cls_loss	: 1.6876
Total_loss	: 1.2500
Ent Loss	: -0.0930
Src_cls_loss	: 1.0040
Neighbors Clustering 	: 0.3391
-------------------------------------
[Epoch : 7/20]
Pr_Src_cls_loss	: 1.6876
Total_loss	: 1.1671
Ent Loss	: -0.0925
Src_cls_loss	: 0.9305
Neighbors Clustering 	: 0.3291
-------------------------------------
[Epoch : 8/20]
Pr_Src_cls_loss	: 1.6876
Total_loss	: 1.0932
Ent Loss	: -0.0920
Src_cls_loss	: 0.8655
Neighbors Clustering 	: 0.3197
-------------------------------------
[Epoch : 9/20]
Pr_Src_cls_loss	: 1.6876
Total_loss	: 1.0278
Ent Loss	: -0.0916
Src_cls_loss	: 0.8082
Neighbors Clustering 	: 0.3113
-------------------------------------
[Epoch : 10/20]
Pr_Src_cls_loss	: 1.6876
Total_loss	: 0.9690
Ent Loss	: -0.0913
Src_cls_loss	: 0.7571
Neighbors Clustering 	: 0.3032
-------------------------------------
[Epoch : 11/20]
Pr_Src_cls_loss	: 1.6876
Total_loss	: 0.9161
Ent Loss	: -0.0910
Src_cls_loss	: 0.7116
Neighbors Clustering 	: 0.2955
-------------------------------------
[Epoch : 12/20]
Pr_Src_cls_loss	: 1.6876
Total_loss	: 0.8687
Ent Loss	: -0.0907
Src_cls_loss	: 0.6709
Neighbors Clustering 	: 0.2885
-------------------------------------
[Epoch : 13/20]
Pr_Src_cls_loss	: 1.6876
Total_loss	: 0.8257
Ent Loss	: -0.0905
Src_cls_loss	: 0.6343
Neighbors Clustering 	: 0.2818
-------------------------------------
[Epoch : 14/20]
Pr_Src_cls_loss	: 1.6876
Total_loss	: 0.7865
Ent Loss	: -0.0903
Src_cls_loss	: 0.6011
Neighbors Clustering 	: 0.2756
-------------------------------------
[Epoch : 15/20]
Pr_Src_cls_loss	: 1.6876
Total_loss	: 0.7509
Ent Loss	: -0.0901
Src_cls_loss	: 0.5711
Neighbors Clustering 	: 0.2698
-------------------------------------
[Epoch : 16/20]
Pr_Src_cls_loss	: 1.6876
Total_loss	: 0.7187
Ent Loss	: -0.0899
Src_cls_loss	: 0.5439
Neighbors Clustering 	: 0.2646
-------------------------------------
[Epoch : 17/20]
Pr_Src_cls_loss	: 1.6876
Total_loss	: 0.6886
Ent Loss	: -0.0897
Src_cls_loss	: 0.5190
Neighbors Clustering 	: 0.2593
-------------------------------------
[Epoch : 18/20]
Pr_Src_cls_loss	: 1.6876
Total_loss	: 0.6613
Ent Loss	: -0.0895
Src_cls_loss	: 0.4963
Neighbors Clustering 	: 0.2545
-------------------------------------
[Epoch : 19/20]
Pr_Src_cls_loss	: 1.6876
Total_loss	: 0.6357
Ent Loss	: -0.0894
Src_cls_loss	: 0.4753
Neighbors Clustering 	: 0.2498
-------------------------------------
[Epoch : 20/20]
Pr_Src_cls_loss	: 1.6876
Total_loss	: 0.6121
Ent Loss	: -0.0892
Src_cls_loss	: 0.4559
Neighbors Clustering 	: 0.2454
-------------------------------------
H_score: 0.0000, OS* (acc_c): 0.0000, UNK (acc_p): 0.9895, acc_mix: 0.3633, F1: 0.1981
Uploading logs from: /mnt/data/home/tp2474/OpenSet-AdaTime/experiments_logs/curriculum/RealWorld to MHEALTH_UniDA_hard_n3_fno_mean/DANCE_UniDA_hard_n3_fno_mean/RealWorld_to_MHEALTH_run_1
🏃 View run DANCE_run_1 at: http://127.0.0.1:5001/#/experiments/827127228733241128/runs/ab27d09baa4f43c79d28e44df2a94124
🧪 View experiment at: http://127.0.0.1:5001/#/experiments/827127228733241128
=============================================
Dataset: RealWorld to MHEALTH_UniDA_hard_n3_fno_mean
Method:  DANCE
=============================================
Source: RealWorld ---> Target: MHEALTH
Run ID: 2
=============================================
[Pr Epoch : 1/20]
Pr_Src_cls_loss	: 1.7395
-------------------------------------
[Pr Epoch : 2/20]
Pr_Src_cls_loss	: 1.7182
-------------------------------------
[Pr Epoch : 3/20]
Pr_Src_cls_loss	: 1.7079
-------------------------------------
[Pr Epoch : 4/20]
Pr_Src_cls_loss	: 1.7016
-------------------------------------
[Pr Epoch : 5/20]
Pr_Src_cls_loss	: 1.6971
-------------------------------------
[Pr Epoch : 6/20]
Pr_Src_cls_loss	: 1.6937
-------------------------------------
[Pr Epoch : 7/20]
Pr_Src_cls_loss	: 1.6910
-------------------------------------
[Pr Epoch : 8/20]
Pr_Src_cls_loss	: 1.6888
-------------------------------------
[Pr Epoch : 9/20]
Pr_Src_cls_loss	: 1.6869
-------------------------------------
[Pr Epoch : 10/20]
Pr_Src_cls_loss	: 1.6853
-------------------------------------
[Pr Epoch : 11/20]
Pr_Src_cls_loss	: 1.6839
-------------------------------------
[Pr Epoch : 12/20]
Pr_Src_cls_loss	: 1.6826
-------------------------------------
[Pr Epoch : 13/20]
Pr_Src_cls_loss	: 1.6815
-------------------------------------
[Pr Epoch : 14/20]
Pr_Src_cls_loss	: 1.6806
-------------------------------------
[Pr Epoch : 15/20]
Pr_Src_cls_loss	: 1.6796
-------------------------------------
[Pr Epoch : 16/20]
Pr_Src_cls_loss	: 1.6788
-------------------------------------
[Pr Epoch : 17/20]
Pr_Src_cls_loss	: 1.6781
-------------------------------------
[Pr Epoch : 18/20]
Pr_Src_cls_loss	: 1.6774
-------------------------------------
[Pr Epoch : 19/20]
Pr_Src_cls_loss	: 1.6767
-------------------------------------
[Pr Epoch : 20/20]
Pr_Src_cls_loss	: 1.6761
-------------------------------------
[Epoch : 1/20]
Pr_Src_cls_loss	: 1.6761
Total_loss	: 1.8774
Ent Loss	: -0.0964
Src_cls_loss	: 1.5285
Neighbors Clustering 	: 0.4452
-------------------------------------
[Epoch : 2/20]
Pr_Src_cls_loss	: 1.6761
Total_loss	: 1.7149
Ent Loss	: -0.0957
Src_cls_loss	: 1.3986
Neighbors Clustering 	: 0.4121
-------------------------------------
[Epoch : 3/20]
Pr_Src_cls_loss	: 1.6761
Total_loss	: 1.5748
Ent Loss	: -0.0950
Src_cls_loss	: 1.2788
Neighbors Clustering 	: 0.3910
-------------------------------------
[Epoch : 4/20]
Pr_Src_cls_loss	: 1.6761
Total_loss	: 1.4525
Ent Loss	: -0.0942
Src_cls_loss	: 1.1713
Neighbors Clustering 	: 0.3755
-------------------------------------
[Epoch : 5/20]
Pr_Src_cls_loss	: 1.6761
Total_loss	: 1.3450
Ent Loss	: -0.0933
Src_cls_loss	: 1.0759
Neighbors Clustering 	: 0.3624
-------------------------------------
[Epoch : 6/20]
Pr_Src_cls_loss	: 1.6761
Total_loss	: 1.2511
Ent Loss	: -0.0925
Src_cls_loss	: 0.9922
Neighbors Clustering 	: 0.3514
-------------------------------------
[Epoch : 7/20]
Pr_Src_cls_loss	: 1.6761
Total_loss	: 1.1692
Ent Loss	: -0.0918
Src_cls_loss	: 0.9184
Neighbors Clustering 	: 0.3425
-------------------------------------
[Epoch : 8/20]
Pr_Src_cls_loss	: 1.6761
Total_loss	: 1.0969
Ent Loss	: -0.0911
Src_cls_loss	: 0.8535
Neighbors Clustering 	: 0.3344
-------------------------------------
[Epoch : 9/20]
Pr_Src_cls_loss	: 1.6761
Total_loss	: 1.0328
Ent Loss	: -0.0905
Src_cls_loss	: 0.7962
Neighbors Clustering 	: 0.3270
-------------------------------------
[Epoch : 10/20]
Pr_Src_cls_loss	: 1.6761
Total_loss	: 0.9760
Ent Loss	: -0.0899
Src_cls_loss	: 0.7455
Neighbors Clustering 	: 0.3204
-------------------------------------
[Epoch : 11/20]
Pr_Src_cls_loss	: 1.6761
Total_loss	: 0.9254
Ent Loss	: -0.0894
Src_cls_loss	: 0.7001
Neighbors Clustering 	: 0.3147
-------------------------------------
[Epoch : 12/20]
Pr_Src_cls_loss	: 1.6761
Total_loss	: 0.8797
Ent Loss	: -0.0890
Src_cls_loss	: 0.6596
Neighbors Clustering 	: 0.3091
-------------------------------------
[Epoch : 13/20]
Pr_Src_cls_loss	: 1.6761
Total_loss	: 0.8389
Ent Loss	: -0.0886
Src_cls_loss	: 0.6233
Neighbors Clustering 	: 0.3041
-------------------------------------
[Epoch : 14/20]
Pr_Src_cls_loss	: 1.6761
Total_loss	: 0.8018
Ent Loss	: -0.0882
Src_cls_loss	: 0.5905
Neighbors Clustering 	: 0.2995
-------------------------------------
[Epoch : 15/20]
Pr_Src_cls_loss	: 1.6761
Total_loss	: 0.7680
Ent Loss	: -0.0879
Src_cls_loss	: 0.5608
Neighbors Clustering 	: 0.2951
-------------------------------------
[Epoch : 16/20]
Pr_Src_cls_loss	: 1.6761
Total_loss	: 0.7371
Ent Loss	: -0.0875
Src_cls_loss	: 0.5336
Neighbors Clustering 	: 0.2910
-------------------------------------
[Epoch : 17/20]
Pr_Src_cls_loss	: 1.6761
Total_loss	: 0.7089
Ent Loss	: -0.0872
Src_cls_loss	: 0.5090
Neighbors Clustering 	: 0.2872
-------------------------------------
[Epoch : 18/20]
Pr_Src_cls_loss	: 1.6761
Total_loss	: 0.6829
Ent Loss	: -0.0870
Src_cls_loss	: 0.4864
Neighbors Clustering 	: 0.2834
-------------------------------------
[Epoch : 19/20]
Pr_Src_cls_loss	: 1.6761
Total_loss	: 0.6588
Ent Loss	: -0.0867
Src_cls_loss	: 0.4658
Neighbors Clustering 	: 0.2797
-------------------------------------
[Epoch : 20/20]
Pr_Src_cls_loss	: 1.6761
Total_loss	: 0.6364
Ent Loss	: -0.0865
Src_cls_loss	: 0.4467
Neighbors Clustering 	: 0.2762
-------------------------------------
H_score: 0.0466, OS* (acc_c): 0.0239, UNK (acc_p): 0.9494, acc_mix: 0.3637, F1: 0.2217
Uploading logs from: /mnt/data/home/tp2474/OpenSet-AdaTime/experiments_logs/curriculum/RealWorld to MHEALTH_UniDA_hard_n3_fno_mean/DANCE_UniDA_hard_n3_fno_mean/RealWorld_to_MHEALTH_run_2
🏃 View run DANCE_run_2 at: http://127.0.0.1:5001/#/experiments/827127228733241128/runs/2c07bdcd1eb242bc837ec13bd8c258b9
🧪 View experiment at: http://127.0.0.1:5001/#/experiments/827127228733241128
=============================================
Dataset: RealWorld to MHEALTH_UniDA_hard_n3_fno_mean
Method:  DANCE
=============================================
Source: RealWorld ---> Target: MHEALTH
Run ID: 3
=============================================
[Pr Epoch : 1/20]
Pr_Src_cls_loss	: 1.7524
-------------------------------------
[Pr Epoch : 2/20]
Pr_Src_cls_loss	: 1.7308
-------------------------------------
[Pr Epoch : 3/20]
Pr_Src_cls_loss	: 1.7203
-------------------------------------
[Pr Epoch : 4/20]
Pr_Src_cls_loss	: 1.7141
-------------------------------------
[Pr Epoch : 5/20]
Pr_Src_cls_loss	: 1.7099
-------------------------------------
[Pr Epoch : 6/20]
Pr_Src_cls_loss	: 1.7067
-------------------------------------
[Pr Epoch : 7/20]
Pr_Src_cls_loss	: 1.7041
-------------------------------------
[Pr Epoch : 8/20]
Pr_Src_cls_loss	: 1.7020
-------------------------------------
[Pr Epoch : 9/20]
Pr_Src_cls_loss	: 1.7001
-------------------------------------
[Pr Epoch : 10/20]
Pr_Src_cls_loss	: 1.6986
-------------------------------------
[Pr Epoch : 11/20]
Pr_Src_cls_loss	: 1.6972
-------------------------------------
[Pr Epoch : 12/20]
Pr_Src_cls_loss	: 1.6961
-------------------------------------
[Pr Epoch : 13/20]
Pr_Src_cls_loss	: 1.6950
-------------------------------------
[Pr Epoch : 14/20]
Pr_Src_cls_loss	: 1.6941
-------------------------------------
[Pr Epoch : 15/20]
Pr_Src_cls_loss	: 1.6932
-------------------------------------
[Pr Epoch : 16/20]
Pr_Src_cls_loss	: 1.6924
-------------------------------------
[Pr Epoch : 17/20]
Pr_Src_cls_loss	: 1.6917
-------------------------------------
[Pr Epoch : 18/20]
Pr_Src_cls_loss	: 1.6911
-------------------------------------
[Pr Epoch : 19/20]
Pr_Src_cls_loss	: 1.6905
-------------------------------------
[Pr Epoch : 20/20]
Pr_Src_cls_loss	: 1.6899
-------------------------------------
[Epoch : 1/20]
Pr_Src_cls_loss	: 1.6899
Total_loss	: 1.8750
Ent Loss	: -0.0965
Src_cls_loss	: 1.5419
Neighbors Clustering 	: 0.4296
-------------------------------------
[Epoch : 2/20]
Pr_Src_cls_loss	: 1.6899
Total_loss	: 1.7143
Ent Loss	: -0.0958
Src_cls_loss	: 1.4113
Neighbors Clustering 	: 0.3988
-------------------------------------
[Epoch : 3/20]
Pr_Src_cls_loss	: 1.6899
Total_loss	: 1.5757
Ent Loss	: -0.0951
Src_cls_loss	: 1.2908
Neighbors Clustering 	: 0.3800
-------------------------------------
[Epoch : 4/20]
Pr_Src_cls_loss	: 1.6899
Total_loss	: 1.4533
Ent Loss	: -0.0943
Src_cls_loss	: 1.1823
Neighbors Clustering 	: 0.3653
-------------------------------------
[Epoch : 5/20]
Pr_Src_cls_loss	: 1.6899
Total_loss	: 1.3460
Ent Loss	: -0.0935
Src_cls_loss	: 1.0863
Neighbors Clustering 	: 0.3532
-------------------------------------
[Epoch : 6/20]
Pr_Src_cls_loss	: 1.6899
Total_loss	: 1.2509
Ent Loss	: -0.0928
Src_cls_loss	: 1.0014
Neighbors Clustering 	: 0.3423
-------------------------------------
[Epoch : 7/20]
Pr_Src_cls_loss	: 1.6899
Total_loss	: 1.1670
Ent Loss	: -0.0921
Src_cls_loss	: 0.9267
Neighbors Clustering 	: 0.3323
-------------------------------------
[Epoch : 8/20]
Pr_Src_cls_loss	: 1.6899
Total_loss	: 1.0929
Ent Loss	: -0.0915
Src_cls_loss	: 0.8610
Neighbors Clustering 	: 0.3234
-------------------------------------
[Epoch : 9/20]
Pr_Src_cls_loss	: 1.6899
Total_loss	: 1.0269
Ent Loss	: -0.0909
Src_cls_loss	: 0.8031
Neighbors Clustering 	: 0.3148
-------------------------------------
[Epoch : 10/20]
Pr_Src_cls_loss	: 1.6899
Total_loss	: 0.9678
Ent Loss	: -0.0905
Src_cls_loss	: 0.7516
Neighbors Clustering 	: 0.3067
-------------------------------------
[Epoch : 11/20]
Pr_Src_cls_loss	: 1.6899
Total_loss	: 0.9148
Ent Loss	: -0.0901
Src_cls_loss	: 0.7058
Neighbors Clustering 	: 0.2991
-------------------------------------
[Epoch : 12/20]
Pr_Src_cls_loss	: 1.6899
Total_loss	: 0.8669
Ent Loss	: -0.0897
Src_cls_loss	: 0.6648
Neighbors Clustering 	: 0.2918
-------------------------------------
[Epoch : 13/20]
Pr_Src_cls_loss	: 1.6899
Total_loss	: 0.8242
Ent Loss	: -0.0894
Src_cls_loss	: 0.6283
Neighbors Clustering 	: 0.2854
-------------------------------------
[Epoch : 14/20]
Pr_Src_cls_loss	: 1.6899
Total_loss	: 0.7853
Ent Loss	: -0.0891
Src_cls_loss	: 0.5952
Neighbors Clustering 	: 0.2793
-------------------------------------
[Epoch : 15/20]
Pr_Src_cls_loss	: 1.6899
Total_loss	: 0.7498
Ent Loss	: -0.0889
Src_cls_loss	: 0.5652
Neighbors Clustering 	: 0.2735
-------------------------------------
[Epoch : 16/20]
Pr_Src_cls_loss	: 1.6899
Total_loss	: 0.7175
Ent Loss	: -0.0887
Src_cls_loss	: 0.5379
Neighbors Clustering 	: 0.2682
-------------------------------------
[Epoch : 17/20]
Pr_Src_cls_loss	: 1.6899
Total_loss	: 0.6877
Ent Loss	: -0.0885
Src_cls_loss	: 0.5132
Neighbors Clustering 	: 0.2630
-------------------------------------
[Epoch : 18/20]
Pr_Src_cls_loss	: 1.6899
Total_loss	: 0.6603
Ent Loss	: -0.0883
Src_cls_loss	: 0.4905
Neighbors Clustering 	: 0.2581
-------------------------------------
[Epoch : 19/20]
Pr_Src_cls_loss	: 1.6899
Total_loss	: 0.6348
Ent Loss	: -0.0881
Src_cls_loss	: 0.4696
Neighbors Clustering 	: 0.2534
-------------------------------------
[Epoch : 20/20]
Pr_Src_cls_loss	: 1.6899
Total_loss	: 0.6116
Ent Loss	: -0.0879
Src_cls_loss	: 0.4504
Neighbors Clustering 	: 0.2491
-------------------------------------
H_score: 0.0000, OS* (acc_c): 0.0000, UNK (acc_p): 0.9979, acc_mix: 0.3664, F1: 0.2015
Uploading logs from: /mnt/data/home/tp2474/OpenSet-AdaTime/experiments_logs/curriculum/RealWorld to MHEALTH_UniDA_hard_n3_fno_mean/DANCE_UniDA_hard_n3_fno_mean/RealWorld_to_MHEALTH_run_3
🏃 View run DANCE_run_3 at: http://127.0.0.1:5001/#/experiments/827127228733241128/runs/18da983d5d0d4bc6a38c5f071f02778f
🧪 View experiment at: http://127.0.0.1:5001/#/experiments/827127228733241128
=============================================
Dataset: RealWorld to MHEALTH_UniDA_hard_n3_fno_mean
Method:  DANCE
=============================================
Source: RealWorld ---> Target: MHEALTH
Run ID: 4
=============================================
[Pr Epoch : 1/20]
Pr_Src_cls_loss	: 1.7427
-------------------------------------
[Pr Epoch : 2/20]
Pr_Src_cls_loss	: 1.7215
-------------------------------------
[Pr Epoch : 3/20]
Pr_Src_cls_loss	: 1.7115
-------------------------------------
[Pr Epoch : 4/20]
Pr_Src_cls_loss	: 1.7053
-------------------------------------
[Pr Epoch : 5/20]
Pr_Src_cls_loss	: 1.7012
-------------------------------------
[Pr Epoch : 6/20]
Pr_Src_cls_loss	: 1.6982
-------------------------------------
[Pr Epoch : 7/20]
Pr_Src_cls_loss	: 1.6958
-------------------------------------
[Pr Epoch : 8/20]
Pr_Src_cls_loss	: 1.6938
-------------------------------------
[Pr Epoch : 9/20]
Pr_Src_cls_loss	: 1.6921
-------------------------------------
[Pr Epoch : 10/20]
Pr_Src_cls_loss	: 1.6907
-------------------------------------
[Pr Epoch : 11/20]
Pr_Src_cls_loss	: 1.6894
-------------------------------------
[Pr Epoch : 12/20]
Pr_Src_cls_loss	: 1.6883
-------------------------------------
[Pr Epoch : 13/20]
Pr_Src_cls_loss	: 1.6873
-------------------------------------
[Pr Epoch : 14/20]
Pr_Src_cls_loss	: 1.6864
-------------------------------------
[Pr Epoch : 15/20]
Pr_Src_cls_loss	: 1.6855
-------------------------------------
[Pr Epoch : 16/20]
Pr_Src_cls_loss	: 1.6847
-------------------------------------
[Pr Epoch : 17/20]
Pr_Src_cls_loss	: 1.6840
-------------------------------------
[Pr Epoch : 18/20]
Pr_Src_cls_loss	: 1.6833
-------------------------------------
[Pr Epoch : 19/20]
Pr_Src_cls_loss	: 1.6826
-------------------------------------
[Pr Epoch : 20/20]
Pr_Src_cls_loss	: 1.6820
-------------------------------------
[Epoch : 1/20]
Pr_Src_cls_loss	: 1.6820
Total_loss	: 1.8660
Ent Loss	: -0.0964
Src_cls_loss	: 1.5330
Neighbors Clustering 	: 0.4294
-------------------------------------
[Epoch : 2/20]
Pr_Src_cls_loss	: 1.6820
Total_loss	: 1.7070
Ent Loss	: -0.0958
Src_cls_loss	: 1.4022
Neighbors Clustering 	: 0.4006
-------------------------------------
[Epoch : 3/20]
Pr_Src_cls_loss	: 1.6820
Total_loss	: 1.5681
Ent Loss	: -0.0951
Src_cls_loss	: 1.2819
Neighbors Clustering 	: 0.3813
-------------------------------------
[Epoch : 4/20]
Pr_Src_cls_loss	: 1.6820
Total_loss	: 1.4457
Ent Loss	: -0.0943
Src_cls_loss	: 1.1741
Neighbors Clustering 	: 0.3660
-------------------------------------
[Epoch : 5/20]
Pr_Src_cls_loss	: 1.6820
Total_loss	: 1.3385
Ent Loss	: -0.0935
Src_cls_loss	: 1.0789
Neighbors Clustering 	: 0.3531
-------------------------------------
[Epoch : 6/20]
Pr_Src_cls_loss	: 1.6820
Total_loss	: 1.2443
Ent Loss	: -0.0928
Src_cls_loss	: 0.9950
Neighbors Clustering 	: 0.3421
-------------------------------------
[Epoch : 7/20]
Pr_Src_cls_loss	: 1.6820
Total_loss	: 1.1619
Ent Loss	: -0.0921
Src_cls_loss	: 0.9212
Neighbors Clustering 	: 0.3328
-------------------------------------
[Epoch : 8/20]
Pr_Src_cls_loss	: 1.6820
Total_loss	: 1.0891
Ent Loss	: -0.0915
Src_cls_loss	: 0.8562
Neighbors Clustering 	: 0.3244
-------------------------------------
[Epoch : 9/20]
Pr_Src_cls_loss	: 1.6820
Total_loss	: 1.0247
Ent Loss	: -0.0910
Src_cls_loss	: 0.7990
Neighbors Clustering 	: 0.3167
-------------------------------------
[Epoch : 10/20]
Pr_Src_cls_loss	: 1.6820
Total_loss	: 0.9674
Ent Loss	: -0.0906
Src_cls_loss	: 0.7483
Neighbors Clustering 	: 0.3098
-------------------------------------
[Epoch : 11/20]
Pr_Src_cls_loss	: 1.6820
Total_loss	: 0.9157
Ent Loss	: -0.0903
Src_cls_loss	: 0.7029
Neighbors Clustering 	: 0.3031
-------------------------------------
[Epoch : 12/20]
Pr_Src_cls_loss	: 1.6820
Total_loss	: 0.8694
Ent Loss	: -0.0899
Src_cls_loss	: 0.6624
Neighbors Clustering 	: 0.2970
-------------------------------------
[Epoch : 13/20]
Pr_Src_cls_loss	: 1.6820
Total_loss	: 0.8273
Ent Loss	: -0.0896
Src_cls_loss	: 0.6260
Neighbors Clustering 	: 0.2909
-------------------------------------
[Epoch : 14/20]
Pr_Src_cls_loss	: 1.6820
Total_loss	: 0.7893
Ent Loss	: -0.0894
Src_cls_loss	: 0.5932
Neighbors Clustering 	: 0.2855
-------------------------------------
[Epoch : 15/20]
Pr_Src_cls_loss	: 1.6820
Total_loss	: 0.7547
Ent Loss	: -0.0891
Src_cls_loss	: 0.5635
Neighbors Clustering 	: 0.2803
-------------------------------------
[Epoch : 16/20]
Pr_Src_cls_loss	: 1.6820
Total_loss	: nan
Ent Loss	: nan
Src_cls_loss	: nan
Neighbors Clustering 	: nan
-------------------------------------
[Epoch : 17/20]
Pr_Src_cls_loss	: 1.6820
Total_loss	: nan
Ent Loss	: nan
Src_cls_loss	: nan
Neighbors Clustering 	: nan
-------------------------------------
[Epoch : 18/20]
Pr_Src_cls_loss	: 1.6820
Total_loss	: nan
Ent Loss	: nan
Src_cls_loss	: nan
Neighbors Clustering 	: nan
-------------------------------------
[Epoch : 19/20]
Pr_Src_cls_loss	: 1.6820
Total_loss	: nan
Ent Loss	: nan
Src_cls_loss	: nan
Neighbors Clustering 	: nan
-------------------------------------
[Epoch : 20/20]
Pr_Src_cls_loss	: 1.6820
Total_loss	: nan
Ent Loss	: nan
Src_cls_loss	: nan
Neighbors Clustering 	: nan
-------------------------------------
H_score: 0.0000, OS* (acc_c): 0.0000, UNK (acc_p): 0.0000, acc_mix: 0.0000, F1: 0.0000
Uploading logs from: /mnt/data/home/tp2474/OpenSet-AdaTime/experiments_logs/curriculum/RealWorld to MHEALTH_UniDA_hard_n3_fno_mean/DANCE_UniDA_hard_n3_fno_mean/RealWorld_to_MHEALTH_run_4
🏃 View run DANCE_run_4 at: http://127.0.0.1:5001/#/experiments/827127228733241128/runs/49253ce2fe2b48c4b30c6b44b883e331
🧪 View experiment at: http://127.0.0.1:5001/#/experiments/827127228733241128
==================== [n3 fno_mean] PPOT ====================
[curriculum] scenario=UniDA  strategy=hard  n_unknown=3  rank_variant=fno_mean
[curriculum] source mapping (7 classes): {'lying': 'lying', 'sitting': 'sitting', 'walking': 'walking', 'running': 'running', 'climbingup': 'climbingup', 'jumping': 'jumping', 'climbingdown': 'climbingdown'}
[curriculum] target mapping (7 classes): {'Lying down': 'lying', 'Sitting and relaxing': 'sitting', 'Walking': 'walking', 'Running': 'running', 'Climbing stairs': 'Climbing stairs', 'Jogging': 'Jogging', 'Jump front & back': 'Jump front & back'}
[curriculum] unknowns added (in hard order): src=[climbingup,jumping,climbingdown] | trg=[Climbing stairs,Jogging,Jump front & back]
[scenario] PPOT -> UniDA (uniDA=True)
Unlabeled data shape:  (2582, 150, 18)
Unlabelled Combined shape: (4441, 150, 18)

--- Dataloader Size Check ---
Source Train batches:   396
Target Train batches:   40
-------------------------------

Private classes:  tensor([7., 8., 9.])
=============================================
Dataset: RealWorld to MHEALTH_UniDA_hard_n3_fno_mean
Method:  PPOT
=============================================
Source: RealWorld ---> Target: MHEALTH
Run ID: 0
=============================================
[Pr Epoch : 1/20]
Pr_Src_cls_loss	: 1.7607
-------------------------------------
[Pr Epoch : 2/20]
Pr_Src_cls_loss	: 1.6785
-------------------------------------
[Pr Epoch : 3/20]
Pr_Src_cls_loss	: 1.6044
-------------------------------------
[Pr Epoch : 4/20]
Pr_Src_cls_loss	: 1.5351
-------------------------------------
[Pr Epoch : 5/20]
Pr_Src_cls_loss	: 1.4698
-------------------------------------
[Pr Epoch : 6/20]
Pr_Src_cls_loss	: 1.4085
-------------------------------------
[Pr Epoch : 7/20]
Pr_Src_cls_loss	: 1.3509
-------------------------------------
[Pr Epoch : 8/20]
Pr_Src_cls_loss	: 1.2967
-------------------------------------
[Pr Epoch : 9/20]
Pr_Src_cls_loss	: 1.2458
-------------------------------------
[Pr Epoch : 10/20]
Pr_Src_cls_loss	: 1.1978
-------------------------------------
[Pr Epoch : 11/20]
Pr_Src_cls_loss	: 1.1524
-------------------------------------
[Pr Epoch : 12/20]
Pr_Src_cls_loss	: 1.1097
-------------------------------------
[Pr Epoch : 13/20]
Pr_Src_cls_loss	: 1.0692
-------------------------------------
[Pr Epoch : 14/20]
Pr_Src_cls_loss	: 1.0311
-------------------------------------
[Pr Epoch : 15/20]
Pr_Src_cls_loss	: 0.9951
-------------------------------------
[Pr Epoch : 16/20]
Pr_Src_cls_loss	: 0.9612
-------------------------------------
[Pr Epoch : 17/20]
Pr_Src_cls_loss	: 0.9290
-------------------------------------
[Pr Epoch : 18/20]
Pr_Src_cls_loss	: 0.8986
-------------------------------------
[Pr Epoch : 19/20]
Pr_Src_cls_loss	: 0.8698
-------------------------------------
[Pr Epoch : 20/20]
Pr_Src_cls_loss	: 0.8426
-------------------------------------
[Epoch : 1/20]
Pr_Src_cls_loss	: 0.8426
Total_loss	: -1.1984
OT Loss	: 0.1760
Entropic Loss	: -1.6763
Src_cls_loss	: 0.2139
-------------------------------------
[Epoch : 2/20]
Pr_Src_cls_loss	: 0.8426
Total_loss	: -1.0744
OT Loss	: 0.1884
Entropic Loss	: -1.5695
Src_cls_loss	: 0.2125
-------------------------------------
[Epoch : 3/20]
Pr_Src_cls_loss	: 0.8426
Total_loss	: -1.0213
OT Loss	: 0.1978
Entropic Loss	: -1.5497
Src_cls_loss	: 0.2316
-------------------------------------
[Epoch : 4/20]
Pr_Src_cls_loss	: 0.8426
Total_loss	: -1.0362
OT Loss	: 0.1968
Entropic Loss	: -1.5635
Src_cls_loss	: 0.2322
-------------------------------------
[Epoch : 5/20]
Pr_Src_cls_loss	: 0.8426
Total_loss	: -1.0623
OT Loss	: 0.1963
Entropic Loss	: -1.5887
Src_cls_loss	: 0.2319
-------------------------------------
[Epoch : 6/20]
Pr_Src_cls_loss	: 0.8426
Total_loss	: -1.0782
OT Loss	: 0.1970
Entropic Loss	: -1.6047
Src_cls_loss	: 0.2310
-------------------------------------
[Epoch : 7/20]
Pr_Src_cls_loss	: 0.8426
Total_loss	: -1.0436
OT Loss	: 0.1938
Entropic Loss	: -1.5535
Src_cls_loss	: 0.2193
-------------------------------------
[Epoch : 8/20]
Pr_Src_cls_loss	: 0.8426
Total_loss	: -1.0166
OT Loss	: 0.1917
Entropic Loss	: -1.5260
Src_cls_loss	: 0.2219
-------------------------------------
[Epoch : 9/20]
Pr_Src_cls_loss	: 0.8426
Total_loss	: -1.0277
OT Loss	: 0.1921
Entropic Loss	: -1.5336
Src_cls_loss	: 0.2177
-------------------------------------
[Epoch : 10/20]
Pr_Src_cls_loss	: 0.8426
Total_loss	: -1.0025
OT Loss	: 0.1945
Entropic Loss	: -1.5053
Src_cls_loss	: 0.2111
-------------------------------------
[Epoch : 11/20]
Pr_Src_cls_loss	: 0.8426
Total_loss	: -0.9711
OT Loss	: 0.1953
Entropic Loss	: -1.4755
Src_cls_loss	: 0.2115
-------------------------------------
[Epoch : 12/20]
Pr_Src_cls_loss	: 0.8426
Total_loss	: -0.9444
OT Loss	: 0.1963
Entropic Loss	: -1.4462
Src_cls_loss	: 0.2074
-------------------------------------
[Epoch : 13/20]
Pr_Src_cls_loss	: 0.8426
Total_loss	: -0.9183
OT Loss	: 0.1995
Entropic Loss	: -1.4293
Src_cls_loss	: 0.2118
-------------------------------------
[Epoch : 14/20]
Pr_Src_cls_loss	: 0.8426
Total_loss	: -0.9136
OT Loss	: 0.2009
Entropic Loss	: -1.4206
Src_cls_loss	: 0.2057
-------------------------------------
[Epoch : 15/20]
Pr_Src_cls_loss	: 0.8426
Total_loss	: -0.8964
OT Loss	: 0.2018
Entropic Loss	: -1.4034
Src_cls_loss	: 0.2043
-------------------------------------
[Epoch : 16/20]
Pr_Src_cls_loss	: 0.8426
Total_loss	: -0.8701
OT Loss	: 0.2085
Entropic Loss	: -1.3838
Src_cls_loss	: 0.2009
-------------------------------------
[Epoch : 17/20]
Pr_Src_cls_loss	: 0.8426
Total_loss	: -0.8540
OT Loss	: 0.2107
Entropic Loss	: -1.3683
Src_cls_loss	: 0.1983
-------------------------------------
[Epoch : 18/20]
Pr_Src_cls_loss	: 0.8426
Total_loss	: -0.8320
OT Loss	: 0.2140
Entropic Loss	: -1.3514
Src_cls_loss	: 0.1985
-------------------------------------
[Epoch : 19/20]
Pr_Src_cls_loss	: 0.8426
Total_loss	: -0.8195
OT Loss	: 0.2198
Entropic Loss	: -1.3433
Src_cls_loss	: 0.1940
-------------------------------------
[Epoch : 20/20]
Pr_Src_cls_loss	: 0.8426
Total_loss	: -0.7996
OT Loss	: 0.2217
Entropic Loss	: -1.3245
Src_cls_loss	: 0.1924
-------------------------------------
/mnt/data/home/tp2474/OpenSet-AdaTime/trainers/abstract_trainer.py:331: FutureWarning: The behavior of DataFrame concatenation with empty or all-NA entries is deprecated. In a future version, this will no longer exclude empty or all-NA columns when determining the result dtypes. To retain the old behavior, exclude the relevant entries before the concat operation.
  table = pd.concat([table, results_df], ignore_index=True)
H_score: 0.2423, OS* (acc_c): 0.2234, UNK (acc_p): 0.2648, acc_mix: 0.2386, F1: 0.2914
Uploading logs from: /mnt/data/home/tp2474/OpenSet-AdaTime/experiments_logs/curriculum/RealWorld to MHEALTH_UniDA_hard_n3_fno_mean/PPOT_UniDA_hard_n3_fno_mean/RealWorld_to_MHEALTH_run_0
🏃 View run PPOT_run_0 at: http://127.0.0.1:5001/#/experiments/827127228733241128/runs/3d8f98f683f54f86b451448d4c7d209d
🧪 View experiment at: http://127.0.0.1:5001/#/experiments/827127228733241128
=============================================
Dataset: RealWorld to MHEALTH_UniDA_hard_n3_fno_mean
Method:  PPOT
=============================================
Source: RealWorld ---> Target: MHEALTH
Run ID: 1
=============================================
[Pr Epoch : 1/20]
Pr_Src_cls_loss	: 1.7880
-------------------------------------
[Pr Epoch : 2/20]
Pr_Src_cls_loss	: 1.7044
-------------------------------------
[Pr Epoch : 3/20]
Pr_Src_cls_loss	: 1.6288
-------------------------------------
[Pr Epoch : 4/20]
Pr_Src_cls_loss	: 1.5579
-------------------------------------
[Pr Epoch : 5/20]
Pr_Src_cls_loss	: 1.4916
-------------------------------------
[Pr Epoch : 6/20]
Pr_Src_cls_loss	: 1.4294
-------------------------------------
[Pr Epoch : 7/20]
Pr_Src_cls_loss	: 1.3713
-------------------------------------
[Pr Epoch : 8/20]
Pr_Src_cls_loss	: 1.3169
-------------------------------------
[Pr Epoch : 9/20]
Pr_Src_cls_loss	: 1.2655
-------------------------------------
[Pr Epoch : 10/20]
Pr_Src_cls_loss	: 1.2172
-------------------------------------
[Pr Epoch : 11/20]
Pr_Src_cls_loss	: 1.1717
-------------------------------------
[Pr Epoch : 12/20]
Pr_Src_cls_loss	: 1.1287
-------------------------------------
[Pr Epoch : 13/20]
Pr_Src_cls_loss	: 1.0883
-------------------------------------
[Pr Epoch : 14/20]
Pr_Src_cls_loss	: 1.0501
-------------------------------------
[Pr Epoch : 15/20]
Pr_Src_cls_loss	: 1.0139
-------------------------------------
[Pr Epoch : 16/20]
Pr_Src_cls_loss	: 0.9798
-------------------------------------
[Pr Epoch : 17/20]
Pr_Src_cls_loss	: 0.9475
-------------------------------------
[Pr Epoch : 18/20]
Pr_Src_cls_loss	: 0.9169
-------------------------------------
[Pr Epoch : 19/20]
Pr_Src_cls_loss	: 0.8879
-------------------------------------
[Pr Epoch : 20/20]
Pr_Src_cls_loss	: 0.8604
-------------------------------------
[Epoch : 1/20]
Pr_Src_cls_loss	: 0.8604
Total_loss	: -1.1585
OT Loss	: 0.1557
Entropic Loss	: -1.6806
Src_cls_loss	: 0.2886
-------------------------------------
[Epoch : 2/20]
Pr_Src_cls_loss	: 0.8604
Total_loss	: -1.0034
OT Loss	: 0.1913
Entropic Loss	: -1.5477
Src_cls_loss	: 0.2573
-------------------------------------
[Epoch : 3/20]
Pr_Src_cls_loss	: 0.8604
Total_loss	: -0.9316
OT Loss	: 0.2010
Entropic Loss	: -1.5088
Src_cls_loss	: 0.2756
-------------------------------------
[Epoch : 4/20]
Pr_Src_cls_loss	: 0.8604
Total_loss	: -0.7963
OT Loss	: 0.2076
Entropic Loss	: -1.3931
Src_cls_loss	: 0.2855
-------------------------------------
[Epoch : 5/20]
Pr_Src_cls_loss	: 0.8604
Total_loss	: -0.8277
OT Loss	: 0.2097
Entropic Loss	: -1.4275
Src_cls_loss	: 0.2852
-------------------------------------
[Epoch : 6/20]
Pr_Src_cls_loss	: 0.8604
Total_loss	: -0.8602
OT Loss	: 0.2071
Entropic Loss	: -1.4400
Src_cls_loss	: 0.2693
-------------------------------------
[Epoch : 7/20]
Pr_Src_cls_loss	: 0.8604
Total_loss	: -0.8572
OT Loss	: 0.2103
Entropic Loss	: -1.4278
Src_cls_loss	: 0.2551
-------------------------------------
[Epoch : 8/20]
Pr_Src_cls_loss	: 0.8604
Total_loss	: -0.8370
OT Loss	: 0.2077
Entropic Loss	: -1.3969
Src_cls_loss	: 0.2483
-------------------------------------
[Epoch : 9/20]
Pr_Src_cls_loss	: 0.8604
Total_loss	: -0.8454
OT Loss	: 0.2092
Entropic Loss	: -1.3984
Src_cls_loss	: 0.2392
-------------------------------------
[Epoch : 10/20]
Pr_Src_cls_loss	: 0.8604
Total_loss	: -0.8268
OT Loss	: 0.2081
Entropic Loss	: -1.3720
Src_cls_loss	: 0.2330
-------------------------------------
[Epoch : 11/20]
Pr_Src_cls_loss	: 0.8604
Total_loss	: -0.7872
OT Loss	: 0.2068
Entropic Loss	: -1.3332
Src_cls_loss	: 0.2357
-------------------------------------
[Epoch : 12/20]
Pr_Src_cls_loss	: 0.8604
Total_loss	: -0.7904
OT Loss	: 0.2072
Entropic Loss	: -1.3322
Src_cls_loss	: 0.2311
-------------------------------------
[Epoch : 13/20]
Pr_Src_cls_loss	: 0.8604
Total_loss	: -0.7816
OT Loss	: 0.2094
Entropic Loss	: -1.3214
Src_cls_loss	: 0.2257
-------------------------------------
[Epoch : 14/20]
Pr_Src_cls_loss	: 0.8604
Total_loss	: -0.7590
OT Loss	: 0.2078
Entropic Loss	: -1.2907
Src_cls_loss	: 0.2201
-------------------------------------
[Epoch : 15/20]
Pr_Src_cls_loss	: 0.8604
Total_loss	: -0.7413
OT Loss	: 0.2116
Entropic Loss	: -1.2755
Src_cls_loss	: 0.2168
-------------------------------------
[Epoch : 16/20]
Pr_Src_cls_loss	: 0.8604
Total_loss	: -0.7266
OT Loss	: 0.2131
Entropic Loss	: -1.2581
Src_cls_loss	: 0.2118
-------------------------------------
[Epoch : 17/20]
Pr_Src_cls_loss	: 0.8604
Total_loss	: -0.7103
OT Loss	: 0.2121
Entropic Loss	: -1.2336
Src_cls_loss	: 0.2051
-------------------------------------
[Epoch : 18/20]
Pr_Src_cls_loss	: 0.8604
Total_loss	: -0.6880
OT Loss	: 0.2166
Entropic Loss	: -1.2143
Src_cls_loss	: 0.2013
-------------------------------------
[Epoch : 19/20]
Pr_Src_cls_loss	: 0.8604
Total_loss	: -0.6835
OT Loss	: 0.2190
Entropic Loss	: -1.2119
Src_cls_loss	: 0.1999
-------------------------------------
[Epoch : 20/20]
Pr_Src_cls_loss	: 0.8604
Total_loss	: -0.6647
OT Loss	: 0.2177
Entropic Loss	: -1.1859
Src_cls_loss	: 0.1946
-------------------------------------
H_score: 0.2607, OS* (acc_c): 0.2466, UNK (acc_p): 0.2764, acc_mix: 0.2576, F1: 0.2902
Uploading logs from: /mnt/data/home/tp2474/OpenSet-AdaTime/experiments_logs/curriculum/RealWorld to MHEALTH_UniDA_hard_n3_fno_mean/PPOT_UniDA_hard_n3_fno_mean/RealWorld_to_MHEALTH_run_1
🏃 View run PPOT_run_1 at: http://127.0.0.1:5001/#/experiments/827127228733241128/runs/bfd4206726254994881d880de7b12fc2
🧪 View experiment at: http://127.0.0.1:5001/#/experiments/827127228733241128
=============================================
Dataset: RealWorld to MHEALTH_UniDA_hard_n3_fno_mean
Method:  PPOT
=============================================
Source: RealWorld ---> Target: MHEALTH
Run ID: 2
=============================================
[Pr Epoch : 1/20]
Pr_Src_cls_loss	: 1.7703
-------------------------------------
[Pr Epoch : 2/20]
Pr_Src_cls_loss	: 1.6897
-------------------------------------
[Pr Epoch : 3/20]
Pr_Src_cls_loss	: 1.6170
-------------------------------------
[Pr Epoch : 4/20]
Pr_Src_cls_loss	: 1.5486
-------------------------------------
[Pr Epoch : 5/20]
Pr_Src_cls_loss	: 1.4842
-------------------------------------
[Pr Epoch : 6/20]
Pr_Src_cls_loss	: 1.4239
-------------------------------------
[Pr Epoch : 7/20]
Pr_Src_cls_loss	: 1.3672
-------------------------------------
[Pr Epoch : 8/20]
Pr_Src_cls_loss	: 1.3139
-------------------------------------
[Pr Epoch : 9/20]
Pr_Src_cls_loss	: 1.2637
-------------------------------------
[Pr Epoch : 10/20]
Pr_Src_cls_loss	: 1.2164
-------------------------------------
[Pr Epoch : 11/20]
Pr_Src_cls_loss	: 1.1717
-------------------------------------
[Pr Epoch : 12/20]
Pr_Src_cls_loss	: 1.1294
-------------------------------------
[Pr Epoch : 13/20]
Pr_Src_cls_loss	: 1.0894
-------------------------------------
[Pr Epoch : 14/20]
Pr_Src_cls_loss	: 1.0515
-------------------------------------
[Pr Epoch : 15/20]
Pr_Src_cls_loss	: 1.0157
-------------------------------------
[Pr Epoch : 16/20]
Pr_Src_cls_loss	: 0.9817
-------------------------------------
[Pr Epoch : 17/20]
Pr_Src_cls_loss	: 0.9495
-------------------------------------
[Pr Epoch : 18/20]
Pr_Src_cls_loss	: 0.9191
-------------------------------------
[Pr Epoch : 19/20]
Pr_Src_cls_loss	: 0.8901
-------------------------------------
[Pr Epoch : 20/20]
Pr_Src_cls_loss	: 0.8626
-------------------------------------
[Epoch : 1/20]
Pr_Src_cls_loss	: 0.8626
Total_loss	: -1.2496
OT Loss	: 0.1653
Entropic Loss	: -1.6476
Src_cls_loss	: 0.1501
-------------------------------------
[Epoch : 2/20]
Pr_Src_cls_loss	: 0.8626
Total_loss	: -1.1429
OT Loss	: 0.1953
Entropic Loss	: -1.6282
Src_cls_loss	: 0.1923
-------------------------------------
[Epoch : 3/20]
Pr_Src_cls_loss	: 0.8626
Total_loss	: -1.1301
OT Loss	: 0.1977
Entropic Loss	: -1.6199
Src_cls_loss	: 0.1933
-------------------------------------
[Epoch : 4/20]
Pr_Src_cls_loss	: 0.8626
Total_loss	: -1.0795
OT Loss	: 0.2022
Entropic Loss	: -1.5858
Src_cls_loss	: 0.2030
-------------------------------------
[Epoch : 5/20]
Pr_Src_cls_loss	: 0.8626
Total_loss	: -1.0261
OT Loss	: 0.2020
Entropic Loss	: -1.5334
Src_cls_loss	: 0.2043
-------------------------------------
[Epoch : 6/20]
Pr_Src_cls_loss	: 0.8626
Total_loss	: -0.9967
OT Loss	: 0.2004
Entropic Loss	: -1.5155
Src_cls_loss	: 0.2183
-------------------------------------
[Epoch : 7/20]
Pr_Src_cls_loss	: 0.8626
Total_loss	: -0.9820
OT Loss	: 0.1996
Entropic Loss	: -1.4944
Src_cls_loss	: 0.2130
-------------------------------------
[Epoch : 8/20]
Pr_Src_cls_loss	: 0.8626
Total_loss	: -0.9683
OT Loss	: 0.1975
Entropic Loss	: -1.4767
Src_cls_loss	: 0.2123
-------------------------------------
[Epoch : 9/20]
Pr_Src_cls_loss	: 0.8626
Total_loss	: -0.9650
OT Loss	: 0.1964
Entropic Loss	: -1.4744
Src_cls_loss	: 0.2147
-------------------------------------
[Epoch : 10/20]
Pr_Src_cls_loss	: 0.8626
Total_loss	: -0.9877
OT Loss	: 0.1959
Entropic Loss	: -1.4936
Src_cls_loss	: 0.2120
-------------------------------------
[Epoch : 11/20]
Pr_Src_cls_loss	: 0.8626
Total_loss	: -0.9359
OT Loss	: 0.2046
Entropic Loss	: -1.4592
Src_cls_loss	: 0.2164
-------------------------------------
[Epoch : 12/20]
Pr_Src_cls_loss	: 0.8626
Total_loss	: -0.9072
OT Loss	: 0.2082
Entropic Loss	: -1.4338
Src_cls_loss	: 0.2143
-------------------------------------
[Epoch : 13/20]
Pr_Src_cls_loss	: 0.8626
Total_loss	: -0.9108
OT Loss	: 0.2104
Entropic Loss	: -1.4349
Src_cls_loss	: 0.2085
-------------------------------------
[Epoch : 14/20]
Pr_Src_cls_loss	: 0.8626
Total_loss	: -0.8869
OT Loss	: 0.2134
Entropic Loss	: -1.4143
Src_cls_loss	: 0.2073
-------------------------------------
[Epoch : 15/20]
Pr_Src_cls_loss	: 0.8626
Total_loss	: -0.8300
OT Loss	: 0.2166
Entropic Loss	: -1.3591
Src_cls_loss	: 0.2042
-------------------------------------
[Epoch : 16/20]
Pr_Src_cls_loss	: 0.8626
Total_loss	: -0.8101
OT Loss	: 0.2176
Entropic Loss	: -1.3355
Src_cls_loss	: 0.1989
-------------------------------------
[Epoch : 17/20]
Pr_Src_cls_loss	: 0.8626
Total_loss	: -0.7929
OT Loss	: 0.2205
Entropic Loss	: -1.3237
Src_cls_loss	: 0.2000
-------------------------------------
[Epoch : 18/20]
Pr_Src_cls_loss	: 0.8626
Total_loss	: -0.7675
OT Loss	: 0.2207
Entropic Loss	: -1.2940
Src_cls_loss	: 0.1955
-------------------------------------
[Epoch : 19/20]
Pr_Src_cls_loss	: 0.8626
Total_loss	: -0.7492
OT Loss	: 0.2229
Entropic Loss	: -1.2743
Src_cls_loss	: 0.1907
-------------------------------------
[Epoch : 20/20]
Pr_Src_cls_loss	: 0.8626
Total_loss	: -0.7298
OT Loss	: 0.2258
Entropic Loss	: -1.2567
Src_cls_loss	: 0.1883
-------------------------------------
H_score: 0.1192, OS* (acc_c): 0.0985, UNK (acc_p): 0.1508, acc_mix: 0.1177, F1: 0.1313
Uploading logs from: /mnt/data/home/tp2474/OpenSet-AdaTime/experiments_logs/curriculum/RealWorld to MHEALTH_UniDA_hard_n3_fno_mean/PPOT_UniDA_hard_n3_fno_mean/RealWorld_to_MHEALTH_run_2
🏃 View run PPOT_run_2 at: http://127.0.0.1:5001/#/experiments/827127228733241128/runs/3daacf4939f6459aade2ba0df40e3b0d
🧪 View experiment at: http://127.0.0.1:5001/#/experiments/827127228733241128
=============================================
Dataset: RealWorld to MHEALTH_UniDA_hard_n3_fno_mean
Method:  PPOT
=============================================
Source: RealWorld ---> Target: MHEALTH
Run ID: 3
=============================================
[Pr Epoch : 1/20]
Pr_Src_cls_loss	: 1.7640
-------------------------------------
[Pr Epoch : 2/20]
Pr_Src_cls_loss	: 1.6822
-------------------------------------
[Pr Epoch : 3/20]
Pr_Src_cls_loss	: 1.6083
-------------------------------------
[Pr Epoch : 4/20]
Pr_Src_cls_loss	: 1.5398
-------------------------------------
[Pr Epoch : 5/20]
Pr_Src_cls_loss	: 1.4754
-------------------------------------
[Pr Epoch : 6/20]
Pr_Src_cls_loss	: 1.4152
-------------------------------------
[Pr Epoch : 7/20]
Pr_Src_cls_loss	: 1.3585
-------------------------------------
[Pr Epoch : 8/20]
Pr_Src_cls_loss	: 1.3053
-------------------------------------
[Pr Epoch : 9/20]
Pr_Src_cls_loss	: 1.2551
-------------------------------------
[Pr Epoch : 10/20]
Pr_Src_cls_loss	: 1.2079
-------------------------------------
[Pr Epoch : 11/20]
Pr_Src_cls_loss	: 1.1632
-------------------------------------
[Pr Epoch : 12/20]
Pr_Src_cls_loss	: 1.1210
-------------------------------------
[Pr Epoch : 13/20]
Pr_Src_cls_loss	: 1.0811
-------------------------------------
[Pr Epoch : 14/20]
Pr_Src_cls_loss	: 1.0434
-------------------------------------
[Pr Epoch : 15/20]
Pr_Src_cls_loss	: 1.0077
-------------------------------------
[Pr Epoch : 16/20]
Pr_Src_cls_loss	: 0.9738
-------------------------------------
[Pr Epoch : 17/20]
Pr_Src_cls_loss	: 0.9418
-------------------------------------
[Pr Epoch : 18/20]
Pr_Src_cls_loss	: 0.9115
-------------------------------------
[Pr Epoch : 19/20]
Pr_Src_cls_loss	: 0.8827
-------------------------------------
[Pr Epoch : 20/20]
Pr_Src_cls_loss	: 0.8555
-------------------------------------
[Epoch : 1/20]
Pr_Src_cls_loss	: 0.8555
Total_loss	: -1.3698
OT Loss	: 0.1317
Entropic Loss	: -1.7880
Src_cls_loss	: 0.2207
-------------------------------------
[Epoch : 2/20]
Pr_Src_cls_loss	: 0.8555
Total_loss	: -1.1735
OT Loss	: 0.1782
Entropic Loss	: -1.7164
Src_cls_loss	: 0.2756
-------------------------------------
[Epoch : 3/20]
Pr_Src_cls_loss	: 0.8555
Total_loss	: -1.0441
OT Loss	: 0.1971
Entropic Loss	: -1.5980
Src_cls_loss	: 0.2582
-------------------------------------
[Epoch : 4/20]
Pr_Src_cls_loss	: 0.8555
Total_loss	: -0.8713
OT Loss	: 0.2037
Entropic Loss	: -1.4489
Src_cls_loss	: 0.2720
-------------------------------------
[Epoch : 5/20]
Pr_Src_cls_loss	: 0.8555
Total_loss	: -0.7739
OT Loss	: 0.2037
Entropic Loss	: -1.3225
Src_cls_loss	: 0.2431
-------------------------------------
[Epoch : 6/20]
Pr_Src_cls_loss	: 0.8555
Total_loss	: -0.7041
OT Loss	: 0.2016
Entropic Loss	: -1.2453
Src_cls_loss	: 0.2388
-------------------------------------
[Epoch : 7/20]
Pr_Src_cls_loss	: 0.8555
Total_loss	: -0.5828
OT Loss	: 0.1967
Entropic Loss	: -1.1068
Src_cls_loss	: 0.2290
-------------------------------------
[Epoch : 8/20]
Pr_Src_cls_loss	: 0.8555
Total_loss	: -0.5359
OT Loss	: 0.1967
Entropic Loss	: -1.0687
Src_cls_loss	: 0.2377
-------------------------------------
[Epoch : 9/20]
Pr_Src_cls_loss	: 0.8555
Total_loss	: -0.4851
OT Loss	: 0.1937
Entropic Loss	: -1.0148
Src_cls_loss	: 0.2391
-------------------------------------
[Epoch : 10/20]
Pr_Src_cls_loss	: 0.8555
Total_loss	: -0.4800
OT Loss	: 0.1943
Entropic Loss	: -0.9957
Src_cls_loss	: 0.2242
-------------------------------------
[Epoch : 11/20]
Pr_Src_cls_loss	: 0.8555
Total_loss	: -0.4502
OT Loss	: 0.1947
Entropic Loss	: -0.9619
Src_cls_loss	: 0.2196
-------------------------------------
[Epoch : 12/20]
Pr_Src_cls_loss	: 0.8555
Total_loss	: -0.4233
OT Loss	: 0.1976
Entropic Loss	: -0.9359
Src_cls_loss	: 0.2163
-------------------------------------
[Epoch : 13/20]
Pr_Src_cls_loss	: 0.8555
Total_loss	: -0.4054
OT Loss	: 0.1998
Entropic Loss	: -0.9177
Src_cls_loss	: 0.2126
-------------------------------------
[Epoch : 14/20]
Pr_Src_cls_loss	: 0.8555
Total_loss	: -0.4050
OT Loss	: 0.2014
Entropic Loss	: -0.9168
Src_cls_loss	: 0.2097
-------------------------------------
[Epoch : 15/20]
Pr_Src_cls_loss	: 0.8555
Total_loss	: -0.3894
OT Loss	: 0.2030
Entropic Loss	: -0.9018
Src_cls_loss	: 0.2078
-------------------------------------
[Epoch : 16/20]
Pr_Src_cls_loss	: 0.8555
Total_loss	: -0.3857
OT Loss	: 0.2050
Entropic Loss	: -0.8980
Src_cls_loss	: 0.2048
-------------------------------------
[Epoch : 17/20]
Pr_Src_cls_loss	: 0.8555
Total_loss	: -0.3772
OT Loss	: 0.2077
Entropic Loss	: -0.8946
Src_cls_loss	: 0.2059
-------------------------------------
[Epoch : 18/20]
Pr_Src_cls_loss	: 0.8555
Total_loss	: -0.3650
OT Loss	: 0.2088
Entropic Loss	: -0.8851
Src_cls_loss	: 0.2069
-------------------------------------
[Epoch : 19/20]
Pr_Src_cls_loss	: 0.8555
Total_loss	: -0.3480
OT Loss	: 0.2099
Entropic Loss	: -0.8689
Src_cls_loss	: 0.2060
-------------------------------------
[Epoch : 20/20]
Pr_Src_cls_loss	: 0.8555
Total_loss	: -0.3468
OT Loss	: 0.2091
Entropic Loss	: -0.8607
Src_cls_loss	: 0.2002
-------------------------------------
H_score: 0.3771, OS* (acc_c): 0.3452, UNK (acc_p): 0.4156, acc_mix: 0.3710, F1: 0.4116
Uploading logs from: /mnt/data/home/tp2474/OpenSet-AdaTime/experiments_logs/curriculum/RealWorld to MHEALTH_UniDA_hard_n3_fno_mean/PPOT_UniDA_hard_n3_fno_mean/RealWorld_to_MHEALTH_run_3
🏃 View run PPOT_run_3 at: http://127.0.0.1:5001/#/experiments/827127228733241128/runs/d7f7b85a53d944b2bd427dfd91777783
🧪 View experiment at: http://127.0.0.1:5001/#/experiments/827127228733241128
=============================================
Dataset: RealWorld to MHEALTH_UniDA_hard_n3_fno_mean
Method:  PPOT
=============================================
Source: RealWorld ---> Target: MHEALTH
Run ID: 4
=============================================
[Pr Epoch : 1/20]
Pr_Src_cls_loss	: 1.7640
-------------------------------------
[Pr Epoch : 2/20]
Pr_Src_cls_loss	: 1.6818
-------------------------------------
[Pr Epoch : 3/20]
Pr_Src_cls_loss	: 1.6085
-------------------------------------
[Pr Epoch : 4/20]
Pr_Src_cls_loss	: 1.5404
-------------------------------------
[Pr Epoch : 5/20]
Pr_Src_cls_loss	: 1.4762
-------------------------------------
[Pr Epoch : 6/20]
Pr_Src_cls_loss	: 1.4157
-------------------------------------
[Pr Epoch : 7/20]
Pr_Src_cls_loss	: 1.3587
-------------------------------------
[Pr Epoch : 8/20]
Pr_Src_cls_loss	: 1.3049
-------------------------------------
[Pr Epoch : 9/20]
Pr_Src_cls_loss	: 1.2542
-------------------------------------
[Pr Epoch : 10/20]
Pr_Src_cls_loss	: 1.2064
-------------------------------------
[Pr Epoch : 11/20]
Pr_Src_cls_loss	: 1.1614
-------------------------------------
[Pr Epoch : 12/20]
Pr_Src_cls_loss	: 1.1189
-------------------------------------
[Pr Epoch : 13/20]
Pr_Src_cls_loss	: 1.0788
-------------------------------------
[Pr Epoch : 14/20]
Pr_Src_cls_loss	: 1.0409
-------------------------------------
[Pr Epoch : 15/20]
Pr_Src_cls_loss	: 1.0051
-------------------------------------
[Pr Epoch : 16/20]
Pr_Src_cls_loss	: 0.9711
-------------------------------------
[Pr Epoch : 17/20]
Pr_Src_cls_loss	: 0.9391
-------------------------------------
[Pr Epoch : 18/20]
Pr_Src_cls_loss	: 0.9087
-------------------------------------
[Pr Epoch : 19/20]
Pr_Src_cls_loss	: 0.8800
-------------------------------------
[Pr Epoch : 20/20]
Pr_Src_cls_loss	: 0.8526
-------------------------------------
[Epoch : 1/20]
Pr_Src_cls_loss	: 0.8526
Total_loss	: -1.1411
OT Loss	: 0.1900
Entropic Loss	: -1.5827
Src_cls_loss	: 0.1566
-------------------------------------
[Epoch : 2/20]
Pr_Src_cls_loss	: 0.8526
Total_loss	: -1.0376
OT Loss	: 0.2174
Entropic Loss	: -1.5210
Src_cls_loss	: 0.1573
-------------------------------------
[Epoch : 3/20]
Pr_Src_cls_loss	: 0.8526
Total_loss	: -0.9106
OT Loss	: 0.2057
Entropic Loss	: -1.3880
Src_cls_loss	: 0.1690
-------------------------------------
[Epoch : 4/20]
Pr_Src_cls_loss	: 0.8526
Total_loss	: -0.8731
OT Loss	: 0.2026
Entropic Loss	: -1.3481
Src_cls_loss	: 0.1711
-------------------------------------
[Epoch : 5/20]
Pr_Src_cls_loss	: 0.8526
Total_loss	: -0.8704
OT Loss	: 0.1962
Entropic Loss	: -1.3377
Src_cls_loss	: 0.1730
-------------------------------------
[Epoch : 6/20]
Pr_Src_cls_loss	: 0.8526
Total_loss	: -0.9038
OT Loss	: 0.1991
Entropic Loss	: -1.3737
Src_cls_loss	: 0.1714
-------------------------------------
[Epoch : 7/20]
Pr_Src_cls_loss	: 0.8526
Total_loss	: -0.8459
OT Loss	: 0.2120
Entropic Loss	: -1.3498
Src_cls_loss	: 0.1858
-------------------------------------
[Epoch : 8/20]
Pr_Src_cls_loss	: 0.8526
Total_loss	: -0.7568
OT Loss	: 0.2269
Entropic Loss	: -1.2878
Src_cls_loss	: 0.1906
-------------------------------------
[Epoch : 9/20]
Pr_Src_cls_loss	: 0.8526
Total_loss	: -0.7162
OT Loss	: 0.2359
Entropic Loss	: -1.2591
Src_cls_loss	: 0.1890
-------------------------------------
[Epoch : 10/20]
Pr_Src_cls_loss	: 0.8526
Total_loss	: -0.6477
OT Loss	: 0.2471
Entropic Loss	: -1.2116
Src_cls_loss	: 0.1933
-------------------------------------
[Epoch : 11/20]
Pr_Src_cls_loss	: 0.8526
Total_loss	: -0.6166
OT Loss	: 0.2455
Entropic Loss	: -1.1747
Src_cls_loss	: 0.1897
-------------------------------------
[Epoch : 12/20]
Pr_Src_cls_loss	: 0.8526
Total_loss	: -0.5784
OT Loss	: 0.2443
Entropic Loss	: -1.1455
Src_cls_loss	: 0.2008
-------------------------------------
[Epoch : 13/20]
Pr_Src_cls_loss	: 0.8526
Total_loss	: -0.5308
OT Loss	: 0.2529
Entropic Loss	: -1.1118
Src_cls_loss	: 0.2016
-------------------------------------
[Epoch : 14/20]
Pr_Src_cls_loss	: 0.8526
Total_loss	: -0.5145
OT Loss	: 0.2576
Entropic Loss	: -1.0960
Src_cls_loss	: 0.1951
-------------------------------------
[Epoch : 15/20]
Pr_Src_cls_loss	: 0.8526
Total_loss	: -0.5038
OT Loss	: 0.2587
Entropic Loss	: -1.0854
Src_cls_loss	: 0.1936
-------------------------------------
[Epoch : 16/20]
Pr_Src_cls_loss	: 0.8526
Total_loss	: -0.5000
OT Loss	: 0.2568
Entropic Loss	: -1.0770
Src_cls_loss	: 0.1918
-------------------------------------
[Epoch : 17/20]
Pr_Src_cls_loss	: 0.8526
Total_loss	: -0.4771
OT Loss	: 0.2539
Entropic Loss	: -1.0436
Src_cls_loss	: 0.1857
-------------------------------------
[Epoch : 18/20]
Pr_Src_cls_loss	: 0.8526
Total_loss	: -0.4732
OT Loss	: 0.2495
Entropic Loss	: -1.0300
Src_cls_loss	: 0.1825
-------------------------------------
[Epoch : 19/20]
Pr_Src_cls_loss	: 0.8526
Total_loss	: -0.4570
OT Loss	: 0.2478
Entropic Loss	: -1.0103
Src_cls_loss	: 0.1815
-------------------------------------
[Epoch : 20/20]
Pr_Src_cls_loss	: 0.8526
Total_loss	: -0.4294
OT Loss	: 0.2494
Entropic Loss	: -0.9872
Src_cls_loss	: 0.1837
-------------------------------------
H_score: 0.0749, OS* (acc_c): 0.0771, UNK (acc_p): 0.0728, acc_mix: 0.0755, F1: 0.0878
Uploading logs from: /mnt/data/home/tp2474/OpenSet-AdaTime/experiments_logs/curriculum/RealWorld to MHEALTH_UniDA_hard_n3_fno_mean/PPOT_UniDA_hard_n3_fno_mean/RealWorld_to_MHEALTH_run_4
🏃 View run PPOT_run_4 at: http://127.0.0.1:5001/#/experiments/827127228733241128/runs/2a3441c7e319489e9ea2f283c8cd3ae6
🧪 View experiment at: http://127.0.0.1:5001/#/experiments/827127228733241128
==================== [n3 fno_mean] UniOT ====================
[curriculum] scenario=UniDA  strategy=hard  n_unknown=3  rank_variant=fno_mean
[curriculum] source mapping (7 classes): {'lying': 'lying', 'sitting': 'sitting', 'walking': 'walking', 'running': 'running', 'climbingup': 'climbingup', 'jumping': 'jumping', 'climbingdown': 'climbingdown'}
[curriculum] target mapping (7 classes): {'Lying down': 'lying', 'Sitting and relaxing': 'sitting', 'Walking': 'walking', 'Running': 'running', 'Climbing stairs': 'Climbing stairs', 'Jogging': 'Jogging', 'Jump front & back': 'Jump front & back'}
[curriculum] unknowns added (in hard order): src=[climbingup,jumping,climbingdown] | trg=[Climbing stairs,Jogging,Jump front & back]
[scenario] UniOT -> UniDA (uniDA=True)
Unlabeled data shape:  (2582, 150, 18)
Unlabelled Combined shape: (4441, 150, 18)

--- Dataloader Size Check ---
Source Train batches:   792
Target Train batches:   80
-------------------------------

Private classes:  tensor([7., 8., 9.])
=============================================
Dataset: RealWorld to MHEALTH_UniDA_hard_n3_fno_mean
Method:  UniOT
=============================================
Source: RealWorld ---> Target: MHEALTH
Run ID: 0
=============================================
[Pr Epoch : 1/20]
Pr_Src_cls_loss	: 0.2600
-------------------------------------
[Pr Epoch : 2/20]
Pr_Src_cls_loss	: 0.1999
-------------------------------------
[Pr Epoch : 3/20]
Pr_Src_cls_loss	: 0.1707
-------------------------------------
[Pr Epoch : 4/20]
Pr_Src_cls_loss	: 0.1544
-------------------------------------
[Pr Epoch : 5/20]
Pr_Src_cls_loss	: 0.1424
-------------------------------------
[Pr Epoch : 6/20]
Pr_Src_cls_loss	: 0.1344
-------------------------------------
[Pr Epoch : 7/20]
Pr_Src_cls_loss	: 0.1270
-------------------------------------
[Pr Epoch : 8/20]
Pr_Src_cls_loss	: 0.1213
-------------------------------------
[Pr Epoch : 9/20]
Pr_Src_cls_loss	: 0.1168
-------------------------------------
[Pr Epoch : 10/20]
Pr_Src_cls_loss	: 0.1123
-------------------------------------
[Pr Epoch : 11/20]
Pr_Src_cls_loss	: 0.1085
-------------------------------------
[Pr Epoch : 12/20]
Pr_Src_cls_loss	: 0.1053
-------------------------------------
[Pr Epoch : 13/20]
Pr_Src_cls_loss	: 0.1024
-------------------------------------
[Pr Epoch : 14/20]
Pr_Src_cls_loss	: 0.0996
-------------------------------------
[Pr Epoch : 15/20]
Pr_Src_cls_loss	: 0.0970
-------------------------------------
[Pr Epoch : 16/20]
Pr_Src_cls_loss	: 0.0947
-------------------------------------
[Pr Epoch : 17/20]
Pr_Src_cls_loss	: 0.0927
-------------------------------------
[Pr Epoch : 18/20]
Pr_Src_cls_loss	: 0.0907
-------------------------------------
[Pr Epoch : 19/20]
Pr_Src_cls_loss	: 0.0887
-------------------------------------
[Pr Epoch : 20/20]
Pr_Src_cls_loss	: 0.0870
-------------------------------------
/mnt/data/home/tp2474/OpenSet-AdaTime/algorithms/algorithms.py:1401: UserWarning: Implicit dimension choice for log_softmax has been deprecated. Change the call to include dim=X as an argument.
  sub_loss_local += -torch.sum(neighbor_Q[i, :] * F.log_softmax(after_cluhead_t[i, :]))
/mnt/data/home/tp2474/OpenSet-AdaTime/algorithms/algorithms.py:1402: UserWarning: Implicit dimension choice for log_softmax has been deprecated. Change the call to include dim=X as an argument.
  sub_loss_local += -torch.sum(anchor_Q[i, :] * F.log_softmax(neighbor_output[i, :]))
[Epoch : 1/20]
Pr_Src_cls_loss	: 0.0870
Total_loss	: 0.0558
loss_cls	: 0.0556
loss_PCD	: 3.6016
loss_CCD	: 0.0006
-------------------------------------
[Epoch : 2/20]
Pr_Src_cls_loss	: 0.0870
Total_loss	: 0.0526
loss_cls	: 0.0524
loss_PCD	: 3.6297
loss_CCD	: 0.0004
-------------------------------------
[Epoch : 3/20]
Pr_Src_cls_loss	: 0.0870
Total_loss	: 0.0511
loss_cls	: 0.0510
loss_PCD	: 3.6520
loss_CCD	: 0.0004
-------------------------------------
[Epoch : 4/20]
Pr_Src_cls_loss	: 0.0870
Total_loss	: 0.0519
loss_cls	: 0.0518
loss_PCD	: 3.6516
loss_CCD	: 0.0004
-------------------------------------
[Epoch : 5/20]
Pr_Src_cls_loss	: 0.0870
Total_loss	: 0.0513
loss_cls	: 0.0512
loss_PCD	: 3.6520
loss_CCD	: 0.0004
-------------------------------------
[Epoch : 6/20]
Pr_Src_cls_loss	: 0.0870
Total_loss	: 0.0512
loss_cls	: 0.0510
loss_PCD	: 3.6434
loss_CCD	: 0.0004
-------------------------------------
[Epoch : 7/20]
Pr_Src_cls_loss	: 0.0870
Total_loss	: 0.0504
loss_cls	: 0.0503
loss_PCD	: 3.6396
loss_CCD	: 0.0003
-------------------------------------
[Epoch : 8/20]
Pr_Src_cls_loss	: 0.0870
Total_loss	: 0.0501
loss_cls	: 0.0499
loss_PCD	: 3.6408
loss_CCD	: 0.0003
-------------------------------------
[Epoch : 9/20]
Pr_Src_cls_loss	: 0.0870
Total_loss	: 0.0499
loss_cls	: 0.0498
loss_PCD	: 3.6359
loss_CCD	: 0.0003
Src_cls_loss	: 0.0000
-------------------------------------
[Epoch : 10/20]
Pr_Src_cls_loss	: 0.0870
Total_loss	: 0.0498
loss_cls	: 0.0497
loss_PCD	: 3.6448
loss_CCD	: 0.0003
Src_cls_loss	: 0.0000
-------------------------------------
[Epoch : 11/20]
Pr_Src_cls_loss	: 0.0870
Total_loss	: 0.0493
loss_cls	: 0.0492
loss_PCD	: 3.6471
loss_CCD	: 0.0003
Src_cls_loss	: 0.0000
-------------------------------------
[Epoch : 12/20]
Pr_Src_cls_loss	: 0.0870
Total_loss	: 0.0492
loss_cls	: 0.0491
loss_PCD	: 3.6500
loss_CCD	: 0.0003
Src_cls_loss	: 0.0000
-------------------------------------
[Epoch : 13/20]
Pr_Src_cls_loss	: 0.0870
Total_loss	: 0.0489
loss_cls	: 0.0488
loss_PCD	: 3.6492
loss_CCD	: 0.0003
Src_cls_loss	: 0.0000
-------------------------------------
[Epoch : 14/20]
Pr_Src_cls_loss	: 0.0870
Total_loss	: 0.0488
loss_cls	: 0.0487
loss_PCD	: 3.6473
loss_CCD	: 0.0003
Src_cls_loss	: 0.0000
-------------------------------------
[Epoch : 15/20]
Pr_Src_cls_loss	: 0.0870
Total_loss	: 0.0486
loss_cls	: 0.0485
loss_PCD	: 3.6489
loss_CCD	: 0.0003
Src_cls_loss	: 0.0000
-------------------------------------
[Epoch : 16/20]
Pr_Src_cls_loss	: 0.0870
Total_loss	: 0.0481
loss_cls	: 0.0480
loss_PCD	: 3.6485
loss_CCD	: 0.0003
Src_cls_loss	: 0.0000
-------------------------------------
[Epoch : 17/20]
Pr_Src_cls_loss	: 0.0870
Total_loss	: 0.0478
loss_cls	: 0.0477
loss_PCD	: 3.6476
loss_CCD	: 0.0003
Src_cls_loss	: 0.0000
-------------------------------------
[Epoch : 18/20]
Pr_Src_cls_loss	: 0.0870
Total_loss	: 0.0477
loss_cls	: 0.0476
loss_PCD	: 3.6511
loss_CCD	: 0.0003
Src_cls_loss	: 0.0000
-------------------------------------
[Epoch : 19/20]
Pr_Src_cls_loss	: 0.0870
Total_loss	: 0.0475
loss_cls	: 0.0474
loss_PCD	: 3.6518
loss_CCD	: 0.0003
Src_cls_loss	: 0.0000
-------------------------------------
[Epoch : 20/20]
Pr_Src_cls_loss	: 0.0870
Total_loss	: 0.0474
loss_cls	: 0.0473
loss_PCD	: 3.6509
loss_CCD	: 0.0003
Src_cls_loss	: 0.0000
-------------------------------------
/mnt/data/home/tp2474/OpenSet-AdaTime/trainers/abstract_trainer.py:331: FutureWarning: The behavior of DataFrame concatenation with empty or all-NA entries is deprecated. In a future version, this will no longer exclude empty or all-NA columns when determining the result dtypes. To retain the old behavior, exclude the relevant entries before the concat operation.
  table = pd.concat([table, results_df], ignore_index=True)
H_score: 0.4806, OS* (acc_c): 0.3446, UNK (acc_p): 0.7943, acc_mix: 0.5097, F1: 0.4627
Uploading logs from: /mnt/data/home/tp2474/OpenSet-AdaTime/experiments_logs/curriculum/RealWorld to MHEALTH_UniDA_hard_n3_fno_mean/UniOT_UniDA_hard_n3_fno_mean/RealWorld_to_MHEALTH_run_0
🏃 View run UniOT_run_0 at: http://127.0.0.1:5001/#/experiments/827127228733241128/runs/da5b6528facc476d98dbcf84342d0d86
🧪 View experiment at: http://127.0.0.1:5001/#/experiments/827127228733241128
=============================================
Dataset: RealWorld to MHEALTH_UniDA_hard_n3_fno_mean
Method:  UniOT
=============================================
Source: RealWorld ---> Target: MHEALTH
Run ID: 1
=============================================
[Pr Epoch : 1/20]
Pr_Src_cls_loss	: 0.2823
-------------------------------------
[Pr Epoch : 2/20]
Pr_Src_cls_loss	: 0.2163
-------------------------------------
[Pr Epoch : 3/20]
Pr_Src_cls_loss	: 0.1832
-------------------------------------
[Pr Epoch : 4/20]
Pr_Src_cls_loss	: 0.1637
-------------------------------------
[Pr Epoch : 5/20]
Pr_Src_cls_loss	: 0.1503
-------------------------------------
[Pr Epoch : 6/20]
Pr_Src_cls_loss	: 0.1407
-------------------------------------
[Pr Epoch : 7/20]
Pr_Src_cls_loss	: 0.1326
-------------------------------------
[Pr Epoch : 8/20]
Pr_Src_cls_loss	: 0.1261
-------------------------------------
[Pr Epoch : 9/20]
Pr_Src_cls_loss	: 0.1205
-------------------------------------
[Pr Epoch : 10/20]
Pr_Src_cls_loss	: 0.1160
-------------------------------------
[Pr Epoch : 11/20]
Pr_Src_cls_loss	: 0.1116
-------------------------------------
[Pr Epoch : 12/20]
Pr_Src_cls_loss	: 0.1076
-------------------------------------
[Pr Epoch : 13/20]
Pr_Src_cls_loss	: 0.1042
-------------------------------------
[Pr Epoch : 14/20]
Pr_Src_cls_loss	: 0.1013
-------------------------------------
[Pr Epoch : 15/20]
Pr_Src_cls_loss	: 0.0987
-------------------------------------
[Pr Epoch : 16/20]
Pr_Src_cls_loss	: 0.0962
-------------------------------------
[Pr Epoch : 17/20]
Pr_Src_cls_loss	: 0.0941
-------------------------------------
[Pr Epoch : 18/20]
Pr_Src_cls_loss	: 0.0921
-------------------------------------
[Pr Epoch : 19/20]
Pr_Src_cls_loss	: 0.0903
-------------------------------------
[Pr Epoch : 20/20]
Pr_Src_cls_loss	: 0.0885
-------------------------------------
/home/tp2474/miniconda3/envs/myenv/lib/python3.9/site-packages/ot/backend.py:1203: RuntimeWarning: overflow encountered in exp
  return np.exp(a)
/home/tp2474/miniconda3/envs/myenv/lib/python3.9/site-packages/ot/unbalanced/_sinkhorn.py:770: UserWarning: Numerical errors at iteration 0
  warnings.warn("Numerical errors at iteration %s" % i)
[Epoch : 1/20]
Pr_Src_cls_loss	: 0.0885
Total_loss	: 0.0545
loss_cls	: 0.0545
loss_PCD	: 4.1783
loss_CCD	: 0.0001
-------------------------------------
[Epoch : 2/20]
Pr_Src_cls_loss	: 0.0885
Total_loss	: 0.0527
loss_cls	: 0.0527
loss_PCD	: 4.2452
loss_CCD	: 0.0000
-------------------------------------
[Epoch : 3/20]
Pr_Src_cls_loss	: 0.0885
Total_loss	: 0.0521
loss_cls	: 0.0521
loss_PCD	: 4.2771
loss_CCD	: 0.0000
-------------------------------------
[Epoch : 4/20]
Pr_Src_cls_loss	: 0.0885
Total_loss	: 0.0513
loss_cls	: 0.0513
loss_PCD	: 4.2770
loss_CCD	: 0.0000
-------------------------------------
[Epoch : 5/20]
Pr_Src_cls_loss	: 0.0885
Total_loss	: 0.0509
loss_cls	: 0.0509
loss_PCD	: 4.2885
loss_CCD	: 0.0000
-------------------------------------
[Epoch : 6/20]
Pr_Src_cls_loss	: 0.0885
Total_loss	: 0.0504
loss_cls	: 0.0504
loss_PCD	: 4.3060
loss_CCD	: 0.0000
-------------------------------------
[Epoch : 7/20]
Pr_Src_cls_loss	: 0.0885
Total_loss	: 0.0499
loss_cls	: 0.0499
loss_PCD	: 4.3111
loss_CCD	: 0.0000
-------------------------------------
[Epoch : 8/20]
Pr_Src_cls_loss	: 0.0885
Total_loss	: 0.0494
loss_cls	: 0.0494
loss_PCD	: 4.3217
loss_CCD	: 0.0000
-------------------------------------
[Epoch : 9/20]
Pr_Src_cls_loss	: 0.0885
Total_loss	: 0.0491
loss_cls	: 0.0491
loss_PCD	: 4.3257
loss_CCD	: 0.0000
Src_cls_loss	: 0.0000
-------------------------------------
[Epoch : 10/20]
Pr_Src_cls_loss	: 0.0885
Total_loss	: 0.0488
loss_cls	: 0.0488
loss_PCD	: 4.3225
loss_CCD	: 0.0000
Src_cls_loss	: 0.0000
-------------------------------------
[Epoch : 11/20]
Pr_Src_cls_loss	: 0.0885
Total_loss	: 0.0488
loss_cls	: 0.0488
loss_PCD	: 4.3180
loss_CCD	: 0.0000
Src_cls_loss	: 0.0000
-------------------------------------
[Epoch : 12/20]
Pr_Src_cls_loss	: 0.0885
Total_loss	: 0.0487
loss_cls	: 0.0487
loss_PCD	: 4.3285
loss_CCD	: 0.0000
Src_cls_loss	: 0.0000
-------------------------------------
[Epoch : 13/20]
Pr_Src_cls_loss	: 0.0885
Total_loss	: 0.0482
loss_cls	: 0.0482
loss_PCD	: 4.3354
loss_CCD	: 0.0000
Src_cls_loss	: 0.0000
-------------------------------------
[Epoch : 14/20]
Pr_Src_cls_loss	: 0.0885
Total_loss	: 0.0481
loss_cls	: 0.0481
loss_PCD	: 4.3396
loss_CCD	: 0.0000
Src_cls_loss	: 0.0000
-------------------------------------
[Epoch : 15/20]
Pr_Src_cls_loss	: 0.0885
Total_loss	: 0.0480
loss_cls	: 0.0480
loss_PCD	: 4.3440
loss_CCD	: 0.0000
Src_cls_loss	: 0.0000
-------------------------------------
[Epoch : 16/20]
Pr_Src_cls_loss	: 0.0885
Total_loss	: 0.0479
loss_cls	: 0.0479
loss_PCD	: 4.3465
loss_CCD	: 0.0000
Src_cls_loss	: 0.0000
-------------------------------------
[Epoch : 17/20]
Pr_Src_cls_loss	: 0.0885
Total_loss	: 0.0477
loss_cls	: 0.0477
loss_PCD	: 4.3492
loss_CCD	: 0.0000
Src_cls_loss	: 0.0000
-------------------------------------
[Epoch : 18/20]
Pr_Src_cls_loss	: 0.0885
Total_loss	: 0.0475
loss_cls	: 0.0475
loss_PCD	: 4.3503
loss_CCD	: 0.0000
Src_cls_loss	: 0.0000
-------------------------------------
[Epoch : 19/20]
Pr_Src_cls_loss	: 0.0885
Total_loss	: 0.0473
loss_cls	: 0.0473
loss_PCD	: 4.3519
loss_CCD	: 0.0000
Src_cls_loss	: 0.0000
-------------------------------------
[Epoch : 20/20]
Pr_Src_cls_loss	: 0.0885
Total_loss	: 0.0472
loss_cls	: 0.0472
loss_PCD	: 4.3480
loss_CCD	: 0.0000
Src_cls_loss	: 0.0000
-------------------------------------
H_score: 0.0000, OS* (acc_c): 0.0000, UNK (acc_p): 1.0000, acc_mix: 0.3672, F1: 0.1972
Uploading logs from: /mnt/data/home/tp2474/OpenSet-AdaTime/experiments_logs/curriculum/RealWorld to MHEALTH_UniDA_hard_n3_fno_mean/UniOT_UniDA_hard_n3_fno_mean/RealWorld_to_MHEALTH_run_1
🏃 View run UniOT_run_1 at: http://127.0.0.1:5001/#/experiments/827127228733241128/runs/f7ed47ad271b4f43b101fb8fe9049129
🧪 View experiment at: http://127.0.0.1:5001/#/experiments/827127228733241128
=============================================
Dataset: RealWorld to MHEALTH_UniDA_hard_n3_fno_mean
Method:  UniOT
=============================================
Source: RealWorld ---> Target: MHEALTH
Run ID: 2
=============================================
[Pr Epoch : 1/20]
Pr_Src_cls_loss	: 0.2941
-------------------------------------
[Pr Epoch : 2/20]
Pr_Src_cls_loss	: 0.2220
-------------------------------------
[Pr Epoch : 3/20]
Pr_Src_cls_loss	: 0.1885
-------------------------------------
[Pr Epoch : 4/20]
Pr_Src_cls_loss	: 0.1696
-------------------------------------
[Pr Epoch : 5/20]
Pr_Src_cls_loss	: 0.1540
-------------------------------------
[Pr Epoch : 6/20]
Pr_Src_cls_loss	: 0.1438
-------------------------------------
[Pr Epoch : 7/20]
Pr_Src_cls_loss	: 0.1354
-------------------------------------
[Pr Epoch : 8/20]
Pr_Src_cls_loss	: 0.1285
-------------------------------------
[Pr Epoch : 9/20]
Pr_Src_cls_loss	: 0.1226
-------------------------------------
[Pr Epoch : 10/20]
Pr_Src_cls_loss	: 0.1174
-------------------------------------
[Pr Epoch : 11/20]
Pr_Src_cls_loss	: 0.1137
-------------------------------------
[Pr Epoch : 12/20]
Pr_Src_cls_loss	: 0.1096
-------------------------------------
[Pr Epoch : 13/20]
Pr_Src_cls_loss	: 0.1065
-------------------------------------
[Pr Epoch : 14/20]
Pr_Src_cls_loss	: 0.1035
-------------------------------------
[Pr Epoch : 15/20]
Pr_Src_cls_loss	: 0.1008
-------------------------------------
[Pr Epoch : 16/20]
Pr_Src_cls_loss	: 0.0983
-------------------------------------
[Pr Epoch : 17/20]
Pr_Src_cls_loss	: 0.0961
-------------------------------------
[Pr Epoch : 18/20]
Pr_Src_cls_loss	: 0.0940
-------------------------------------
[Pr Epoch : 19/20]
Pr_Src_cls_loss	: 0.0920
-------------------------------------
[Pr Epoch : 20/20]
Pr_Src_cls_loss	: 0.0902
-------------------------------------
[Epoch : 1/20]
Pr_Src_cls_loss	: 0.0902
Total_loss	: 0.0558
loss_cls	: 0.0553
loss_PCD	: 4.6378
loss_CCD	: 0.0014
-------------------------------------
[Epoch : 2/20]
Pr_Src_cls_loss	: 0.0902
Total_loss	: 0.0575
loss_cls	: 0.0572
loss_PCD	: 4.6611
loss_CCD	: 0.0010
-------------------------------------
[Epoch : 3/20]
Pr_Src_cls_loss	: 0.0902
Total_loss	: 0.0549
loss_cls	: 0.0546
loss_PCD	: 4.6762
loss_CCD	: 0.0008
-------------------------------------
[Epoch : 4/20]
Pr_Src_cls_loss	: 0.0902
Total_loss	: 0.0561
loss_cls	: 0.0558
loss_PCD	: 4.7017
loss_CCD	: 0.0007
-------------------------------------
[Epoch : 5/20]
Pr_Src_cls_loss	: 0.0902
Total_loss	: 0.0548
loss_cls	: 0.0546
loss_PCD	: 4.7038
loss_CCD	: 0.0007
-------------------------------------
[Epoch : 6/20]
Pr_Src_cls_loss	: 0.0902
Total_loss	: 0.0550
loss_cls	: 0.0547
loss_PCD	: 4.7117
loss_CCD	: 0.0007
-------------------------------------
[Epoch : 7/20]
Pr_Src_cls_loss	: 0.0902
Total_loss	: 0.0539
loss_cls	: 0.0537
loss_PCD	: 4.7080
loss_CCD	: 0.0006
-------------------------------------
[Epoch : 8/20]
Pr_Src_cls_loss	: 0.0902
Total_loss	: 0.0534
loss_cls	: 0.0532
loss_PCD	: 4.7029
loss_CCD	: 0.0006
-------------------------------------
[Epoch : 9/20]
Pr_Src_cls_loss	: 0.0902
Total_loss	: 0.0533
loss_cls	: 0.0531
loss_PCD	: 4.6961
loss_CCD	: 0.0005
Src_cls_loss	: 0.0000
-------------------------------------
[Epoch : 10/20]
Pr_Src_cls_loss	: 0.0902
Total_loss	: 0.0529
loss_cls	: 0.0527
loss_PCD	: 4.6833
loss_CCD	: 0.0005
Src_cls_loss	: 0.0000
-------------------------------------
[Epoch : 11/20]
Pr_Src_cls_loss	: 0.0902
Total_loss	: 0.0524
loss_cls	: 0.0522
loss_PCD	: 4.6773
loss_CCD	: 0.0005
Src_cls_loss	: 0.0000
-------------------------------------
[Epoch : 12/20]
Pr_Src_cls_loss	: 0.0902
Total_loss	: 0.0521
loss_cls	: 0.0519
loss_PCD	: 4.6623
loss_CCD	: 0.0005
Src_cls_loss	: 0.0000
-------------------------------------
[Epoch : 13/20]
Pr_Src_cls_loss	: 0.0902
Total_loss	: 0.0520
loss_cls	: 0.0518
loss_PCD	: 4.6445
loss_CCD	: 0.0005
Src_cls_loss	: 0.0000
-------------------------------------
[Epoch : 14/20]
Pr_Src_cls_loss	: 0.0902
Total_loss	: 0.0516
loss_cls	: 0.0515
loss_PCD	: 4.6313
loss_CCD	: 0.0005
Src_cls_loss	: 0.0000
-------------------------------------
[Epoch : 15/20]
Pr_Src_cls_loss	: 0.0902
Total_loss	: 0.0516
loss_cls	: 0.0514
loss_PCD	: 4.6256
loss_CCD	: 0.0005
Src_cls_loss	: 0.0000
-------------------------------------
[Epoch : 16/20]
Pr_Src_cls_loss	: 0.0902
Total_loss	: 0.0514
loss_cls	: 0.0512
loss_PCD	: 4.6197
loss_CCD	: 0.0005
Src_cls_loss	: 0.0000
-------------------------------------
[Epoch : 17/20]
Pr_Src_cls_loss	: 0.0902
Total_loss	: 0.0510
loss_cls	: 0.0508
loss_PCD	: 4.6118
loss_CCD	: 0.0005
Src_cls_loss	: 0.0000
-------------------------------------
[Epoch : 18/20]
Pr_Src_cls_loss	: 0.0902
Total_loss	: 0.0507
loss_cls	: 0.0505
loss_PCD	: 4.6002
loss_CCD	: 0.0004
Src_cls_loss	: 0.0000
-------------------------------------
[Epoch : 19/20]
Pr_Src_cls_loss	: 0.0902
Total_loss	: 0.0503
loss_cls	: 0.0502
loss_PCD	: 4.5887
loss_CCD	: 0.0004
Src_cls_loss	: 0.0000
-------------------------------------
[Epoch : 20/20]
Pr_Src_cls_loss	: 0.0902
Total_loss	: 0.0502
loss_cls	: 0.0501
loss_PCD	: 4.5796
loss_CCD	: 0.0004
Src_cls_loss	: 0.0000
-------------------------------------
H_score: 0.5375, OS* (acc_c): 0.4076, UNK (acc_p): 0.7890, acc_mix: 0.5476, F1: 0.4563
Uploading logs from: /mnt/data/home/tp2474/OpenSet-AdaTime/experiments_logs/curriculum/RealWorld to MHEALTH_UniDA_hard_n3_fno_mean/UniOT_UniDA_hard_n3_fno_mean/RealWorld_to_MHEALTH_run_2
🏃 View run UniOT_run_2 at: http://127.0.0.1:5001/#/experiments/827127228733241128/runs/debda5a446c04c1da32ac9293f832010
🧪 View experiment at: http://127.0.0.1:5001/#/experiments/827127228733241128
=============================================
Dataset: RealWorld to MHEALTH_UniDA_hard_n3_fno_mean
Method:  UniOT
=============================================
Source: RealWorld ---> Target: MHEALTH
Run ID: 3
=============================================
[Pr Epoch : 1/20]
Pr_Src_cls_loss	: 0.2609
-------------------------------------
[Pr Epoch : 2/20]
Pr_Src_cls_loss	: 0.2028
-------------------------------------
[Pr Epoch : 3/20]
Pr_Src_cls_loss	: 0.1742
-------------------------------------
[Pr Epoch : 4/20]
Pr_Src_cls_loss	: 0.1569
-------------------------------------
[Pr Epoch : 5/20]
Pr_Src_cls_loss	: 0.1446
-------------------------------------
[Pr Epoch : 6/20]
Pr_Src_cls_loss	: 0.1360
-------------------------------------
[Pr Epoch : 7/20]
Pr_Src_cls_loss	: 0.1285
-------------------------------------
[Pr Epoch : 8/20]
Pr_Src_cls_loss	: 0.1226
-------------------------------------
[Pr Epoch : 9/20]
Pr_Src_cls_loss	: 0.1176
-------------------------------------
[Pr Epoch : 10/20]
Pr_Src_cls_loss	: 0.1137
-------------------------------------
[Pr Epoch : 11/20]
Pr_Src_cls_loss	: 0.1100
-------------------------------------
[Pr Epoch : 12/20]
Pr_Src_cls_loss	: 0.1067
-------------------------------------
[Pr Epoch : 13/20]
Pr_Src_cls_loss	: 0.1035
-------------------------------------
[Pr Epoch : 14/20]
Pr_Src_cls_loss	: 0.1007
-------------------------------------
[Pr Epoch : 15/20]
Pr_Src_cls_loss	: 0.0981
-------------------------------------
[Pr Epoch : 16/20]
Pr_Src_cls_loss	: 0.0956
-------------------------------------
[Pr Epoch : 17/20]
Pr_Src_cls_loss	: 0.0934
-------------------------------------
[Pr Epoch : 18/20]
Pr_Src_cls_loss	: 0.0913
-------------------------------------
[Pr Epoch : 19/20]
Pr_Src_cls_loss	: 0.0896
-------------------------------------
[Pr Epoch : 20/20]
Pr_Src_cls_loss	: 0.0878
-------------------------------------
[Epoch : 1/20]
Pr_Src_cls_loss	: 0.0878
Total_loss	: 0.0594
loss_cls	: 0.0592
loss_PCD	: 4.2497
loss_CCD	: 0.0007
-------------------------------------
[Epoch : 2/20]
Pr_Src_cls_loss	: 0.0878
Total_loss	: 0.0558
loss_cls	: 0.0556
loss_PCD	: 4.2296
loss_CCD	: 0.0007
-------------------------------------
[Epoch : 3/20]
Pr_Src_cls_loss	: 0.0878
Total_loss	: 0.0546
loss_cls	: 0.0544
loss_PCD	: 4.1907
loss_CCD	: 0.0006
-------------------------------------
[Epoch : 4/20]
Pr_Src_cls_loss	: 0.0878
Total_loss	: 0.0531
loss_cls	: 0.0529
loss_PCD	: 4.1655
loss_CCD	: 0.0005
-------------------------------------
[Epoch : 5/20]
Pr_Src_cls_loss	: 0.0878
Total_loss	: 0.0531
loss_cls	: 0.0529
loss_PCD	: 4.1546
loss_CCD	: 0.0005
-------------------------------------
[Epoch : 6/20]
Pr_Src_cls_loss	: 0.0878
Total_loss	: 0.0528
loss_cls	: 0.0526
loss_PCD	: 4.1512
loss_CCD	: 0.0005
-------------------------------------
[Epoch : 7/20]
Pr_Src_cls_loss	: 0.0878
Total_loss	: 0.0525
loss_cls	: 0.0523
loss_PCD	: 4.1425
loss_CCD	: 0.0005
-------------------------------------
[Epoch : 8/20]
Pr_Src_cls_loss	: 0.0878
Total_loss	: 0.0517
loss_cls	: 0.0516
loss_PCD	: 4.1341
loss_CCD	: 0.0004
-------------------------------------
[Epoch : 9/20]
Pr_Src_cls_loss	: 0.0878
Total_loss	: 0.0513
loss_cls	: 0.0512
loss_PCD	: 4.1221
loss_CCD	: 0.0004
Src_cls_loss	: 0.0000
-------------------------------------
[Epoch : 10/20]
Pr_Src_cls_loss	: 0.0878
Total_loss	: 0.0510
loss_cls	: 0.0508
loss_PCD	: 4.1181
loss_CCD	: 0.0004
Src_cls_loss	: 0.0000
-------------------------------------
[Epoch : 11/20]
Pr_Src_cls_loss	: 0.0878
Total_loss	: 0.0508
loss_cls	: 0.0506
loss_PCD	: 4.1093
loss_CCD	: 0.0004
Src_cls_loss	: 0.0000
-------------------------------------
[Epoch : 12/20]
Pr_Src_cls_loss	: 0.0878
Total_loss	: 0.0504
loss_cls	: 0.0503
loss_PCD	: 4.0952
loss_CCD	: 0.0004
Src_cls_loss	: 0.0000
-------------------------------------
[Epoch : 13/20]
Pr_Src_cls_loss	: 0.0878
Total_loss	: 0.0503
loss_cls	: 0.0501
loss_PCD	: 4.0868
loss_CCD	: 0.0004
Src_cls_loss	: 0.0000
-------------------------------------
[Epoch : 14/20]
Pr_Src_cls_loss	: 0.0878
Total_loss	: 0.0500
loss_cls	: 0.0499
loss_PCD	: 4.0908
loss_CCD	: 0.0004
Src_cls_loss	: 0.0000
-------------------------------------
[Epoch : 15/20]
Pr_Src_cls_loss	: 0.0878
Total_loss	: 0.0497
loss_cls	: 0.0496
loss_PCD	: 4.0913
loss_CCD	: 0.0004
Src_cls_loss	: 0.0000
-------------------------------------
[Epoch : 16/20]
Pr_Src_cls_loss	: 0.0878
Total_loss	: 0.0493
loss_cls	: 0.0492
loss_PCD	: 4.0915
loss_CCD	: 0.0004
Src_cls_loss	: 0.0000
-------------------------------------
[Epoch : 17/20]
Pr_Src_cls_loss	: 0.0878
Total_loss	: 0.0491
loss_cls	: 0.0490
loss_PCD	: 4.0922
loss_CCD	: 0.0003
Src_cls_loss	: 0.0000
-------------------------------------
[Epoch : 18/20]
Pr_Src_cls_loss	: 0.0878
Total_loss	: 0.0490
loss_cls	: 0.0489
loss_PCD	: 4.0912
loss_CCD	: 0.0003
Src_cls_loss	: 0.0000
-------------------------------------
[Epoch : 19/20]
Pr_Src_cls_loss	: 0.0878
Total_loss	: 0.0487
loss_cls	: 0.0486
loss_PCD	: 4.0865
loss_CCD	: 0.0003
Src_cls_loss	: 0.0000
-------------------------------------
[Epoch : 20/20]
Pr_Src_cls_loss	: 0.0878
Total_loss	: 0.0485
loss_cls	: 0.0484
loss_PCD	: 4.0847
loss_CCD	: 0.0003
Src_cls_loss	: 0.0000
-------------------------------------
H_score: 0.3899, OS* (acc_c): 0.2540, UNK (acc_p): 0.8386, acc_mix: 0.4686, F1: 0.3527
Uploading logs from: /mnt/data/home/tp2474/OpenSet-AdaTime/experiments_logs/curriculum/RealWorld to MHEALTH_UniDA_hard_n3_fno_mean/UniOT_UniDA_hard_n3_fno_mean/RealWorld_to_MHEALTH_run_3
🏃 View run UniOT_run_3 at: http://127.0.0.1:5001/#/experiments/827127228733241128/runs/eed48ce99c804eda9dd22ed24130cf8d
🧪 View experiment at: http://127.0.0.1:5001/#/experiments/827127228733241128
=============================================
Dataset: RealWorld to MHEALTH_UniDA_hard_n3_fno_mean
Method:  UniOT
=============================================
Source: RealWorld ---> Target: MHEALTH
Run ID: 4
=============================================
[Pr Epoch : 1/20]
Pr_Src_cls_loss	: 0.2838
-------------------------------------
[Pr Epoch : 2/20]
Pr_Src_cls_loss	: 0.2179
-------------------------------------
[Pr Epoch : 3/20]
Pr_Src_cls_loss	: 0.1849
-------------------------------------
[Pr Epoch : 4/20]
Pr_Src_cls_loss	: 0.1642
-------------------------------------
[Pr Epoch : 5/20]
Pr_Src_cls_loss	: 0.1497
-------------------------------------
[Pr Epoch : 6/20]
Pr_Src_cls_loss	: 0.1393
-------------------------------------
[Pr Epoch : 7/20]
Pr_Src_cls_loss	: 0.1313
-------------------------------------
[Pr Epoch : 8/20]
Pr_Src_cls_loss	: 0.1246
-------------------------------------
[Pr Epoch : 9/20]
Pr_Src_cls_loss	: 0.1192
-------------------------------------
[Pr Epoch : 10/20]
Pr_Src_cls_loss	: 0.1149
-------------------------------------
[Pr Epoch : 11/20]
Pr_Src_cls_loss	: 0.1106
-------------------------------------
[Pr Epoch : 12/20]
Pr_Src_cls_loss	: 0.1069
-------------------------------------
[Pr Epoch : 13/20]
Pr_Src_cls_loss	: 0.1036
-------------------------------------
[Pr Epoch : 14/20]
Pr_Src_cls_loss	: 0.1004
-------------------------------------
[Pr Epoch : 15/20]
Pr_Src_cls_loss	: 0.0977
-------------------------------------
[Pr Epoch : 16/20]
Pr_Src_cls_loss	: 0.0955
-------------------------------------
[Pr Epoch : 17/20]
Pr_Src_cls_loss	: 0.0933
-------------------------------------
[Pr Epoch : 18/20]
Pr_Src_cls_loss	: 0.0913
-------------------------------------
[Pr Epoch : 19/20]
Pr_Src_cls_loss	: 0.0895
-------------------------------------
[Pr Epoch : 20/20]
Pr_Src_cls_loss	: 0.0876
-------------------------------------
[Epoch : 1/20]
Pr_Src_cls_loss	: 0.0876
Total_loss	: 0.0564
loss_cls	: 0.0561
loss_PCD	: 3.4721
loss_CCD	: 0.0008
-------------------------------------
[Epoch : 2/20]
Pr_Src_cls_loss	: 0.0876
Total_loss	: 0.0562
loss_cls	: 0.0559
loss_PCD	: 3.4960
loss_CCD	: 0.0006
-------------------------------------
[Epoch : 3/20]
Pr_Src_cls_loss	: 0.0876
Total_loss	: 0.0543
loss_cls	: 0.0541
loss_PCD	: 3.5055
loss_CCD	: 0.0005
-------------------------------------
[Epoch : 4/20]
Pr_Src_cls_loss	: 0.0876
Total_loss	: 0.0531
loss_cls	: 0.0529
loss_PCD	: 3.5090
loss_CCD	: 0.0004
-------------------------------------
[Epoch : 5/20]
Pr_Src_cls_loss	: 0.0876
Total_loss	: 0.0531
loss_cls	: 0.0530
loss_PCD	: 3.5076
loss_CCD	: 0.0004
-------------------------------------
[Epoch : 6/20]
Pr_Src_cls_loss	: 0.0876
Total_loss	: 0.0526
loss_cls	: 0.0525
loss_PCD	: 3.5065
loss_CCD	: 0.0004
-------------------------------------
[Epoch : 7/20]
Pr_Src_cls_loss	: 0.0876
Total_loss	: 0.0520
loss_cls	: 0.0519
loss_PCD	: 3.5100
loss_CCD	: 0.0004
-------------------------------------
[Epoch : 8/20]
Pr_Src_cls_loss	: 0.0876
Total_loss	: 0.0520
loss_cls	: 0.0519
loss_PCD	: 3.5097
loss_CCD	: 0.0004
-------------------------------------
[Epoch : 9/20]
Pr_Src_cls_loss	: 0.0876
Total_loss	: 0.0516
loss_cls	: 0.0515
loss_PCD	: 3.5054
loss_CCD	: 0.0004
Src_cls_loss	: 0.0000
-------------------------------------
[Epoch : 10/20]
Pr_Src_cls_loss	: 0.0876
Total_loss	: 0.0511
loss_cls	: 0.0510
loss_PCD	: 3.5009
loss_CCD	: 0.0003
Src_cls_loss	: 0.0000
-------------------------------------
[Epoch : 11/20]
Pr_Src_cls_loss	: 0.0876
Total_loss	: 0.0510
loss_cls	: 0.0509
loss_PCD	: 3.5026
loss_CCD	: 0.0003
Src_cls_loss	: 0.0000
-------------------------------------
[Epoch : 12/20]
Pr_Src_cls_loss	: 0.0876
Total_loss	: 0.0507
loss_cls	: 0.0506
loss_PCD	: 3.5033
loss_CCD	: 0.0003
Src_cls_loss	: 0.0000
-------------------------------------
[Epoch : 13/20]
Pr_Src_cls_loss	: 0.0876
Total_loss	: 0.0503
loss_cls	: 0.0502
loss_PCD	: 3.5051
loss_CCD	: 0.0003
Src_cls_loss	: 0.0000
-------------------------------------
[Epoch : 14/20]
Pr_Src_cls_loss	: 0.0876
Total_loss	: 0.0501
loss_cls	: 0.0500
loss_PCD	: 3.5069
loss_CCD	: 0.0003
Src_cls_loss	: 0.0000
-------------------------------------
[Epoch : 15/20]
Pr_Src_cls_loss	: 0.0876
Total_loss	: 0.0496
loss_cls	: 0.0495
loss_PCD	: 3.5064
loss_CCD	: 0.0003
Src_cls_loss	: 0.0000
-------------------------------------
[Epoch : 16/20]
Pr_Src_cls_loss	: 0.0876
Total_loss	: 0.0498
loss_cls	: 0.0496
loss_PCD	: 3.5095
loss_CCD	: 0.0003
Src_cls_loss	: 0.0000
-------------------------------------
[Epoch : 17/20]
Pr_Src_cls_loss	: 0.0876
Total_loss	: 0.0493
loss_cls	: 0.0492
loss_PCD	: 3.5134
loss_CCD	: 0.0003
Src_cls_loss	: 0.0000
-------------------------------------
[Epoch : 18/20]
Pr_Src_cls_loss	: 0.0876
Total_loss	: 0.0489
loss_cls	: 0.0488
loss_PCD	: 3.5168
loss_CCD	: 0.0003
Src_cls_loss	: 0.0000
-------------------------------------
[Epoch : 19/20]
Pr_Src_cls_loss	: 0.0876
Total_loss	: 0.0487
loss_cls	: 0.0486
loss_PCD	: 3.5196
loss_CCD	: 0.0003
Src_cls_loss	: 0.0000
-------------------------------------
[Epoch : 20/20]
Pr_Src_cls_loss	: 0.0876
Total_loss	: 0.0485
loss_cls	: 0.0484
loss_PCD	: 3.5196
loss_CCD	: 0.0003
Src_cls_loss	: 0.0000
-------------------------------------
H_score: 0.5709, OS* (acc_c): 0.4204, UNK (acc_p): 0.8892, acc_mix: 0.5926, F1: 0.5212
Uploading logs from: /mnt/data/home/tp2474/OpenSet-AdaTime/experiments_logs/curriculum/RealWorld to MHEALTH_UniDA_hard_n3_fno_mean/UniOT_UniDA_hard_n3_fno_mean/RealWorld_to_MHEALTH_run_4
🏃 View run UniOT_run_4 at: http://127.0.0.1:5001/#/experiments/827127228733241128/runs/4b13712defb64603825f749c4da90599
🧪 View experiment at: http://127.0.0.1:5001/#/experiments/827127228733241128
==================== [n3 fno_mean] UniJDOT ====================
[curriculum] scenario=UniDA  strategy=hard  n_unknown=3  rank_variant=fno_mean
[curriculum] source mapping (7 classes): {'lying': 'lying', 'sitting': 'sitting', 'walking': 'walking', 'running': 'running', 'climbingup': 'climbingup', 'jumping': 'jumping', 'climbingdown': 'climbingdown'}
[curriculum] target mapping (7 classes): {'Lying down': 'lying', 'Sitting and relaxing': 'sitting', 'Walking': 'walking', 'Running': 'running', 'Climbing stairs': 'Climbing stairs', 'Jogging': 'Jogging', 'Jump front & back': 'Jump front & back'}
[curriculum] unknowns added (in hard order): src=[climbingup,jumping,climbingdown] | trg=[Climbing stairs,Jogging,Jump front & back]
[scenario] UniJDOT -> UniDA (uniDA=True)
Unlabeled data shape:  (2582, 150, 18)
Unlabelled Combined shape: (4441, 150, 18)

--- Dataloader Size Check ---
Source Train batches:   792
Target Train batches:   80
-------------------------------

Private classes:  tensor([7., 8., 9.])
=============================================
Dataset: RealWorld to MHEALTH_UniDA_hard_n3_fno_mean
Method:  UniJDOT
=============================================
Source: RealWorld ---> Target: MHEALTH
Run ID: 0
=============================================
[Pr Epoch : 1/20]
Pr_Src_cls_loss	: 0.2611
-------------------------------------
[Pr Epoch : 2/20]
Pr_Src_cls_loss	: 0.2006
-------------------------------------
[Pr Epoch : 3/20]
Pr_Src_cls_loss	: 0.1724
-------------------------------------
[Pr Epoch : 4/20]
Pr_Src_cls_loss	: 0.1543
-------------------------------------
[Pr Epoch : 5/20]
Pr_Src_cls_loss	: 0.1409
-------------------------------------
[Pr Epoch : 6/20]
Pr_Src_cls_loss	: 0.1306
-------------------------------------
[Pr Epoch : 7/20]
Pr_Src_cls_loss	: 0.1228
-------------------------------------
[Pr Epoch : 8/20]
Pr_Src_cls_loss	: 0.1164
-------------------------------------
[Pr Epoch : 9/20]
Pr_Src_cls_loss	: 0.1102
-------------------------------------
[Pr Epoch : 10/20]
Pr_Src_cls_loss	: 0.1055
-------------------------------------
[Pr Epoch : 11/20]
Pr_Src_cls_loss	: 0.1014
-------------------------------------
[Pr Epoch : 12/20]
Pr_Src_cls_loss	: 0.0980
-------------------------------------
[Pr Epoch : 13/20]
Pr_Src_cls_loss	: 0.0943
-------------------------------------
[Pr Epoch : 14/20]
Pr_Src_cls_loss	: 0.0911
-------------------------------------
[Pr Epoch : 15/20]
Pr_Src_cls_loss	: 0.0883
-------------------------------------
[Pr Epoch : 16/20]
Pr_Src_cls_loss	: 0.0856
-------------------------------------
[Pr Epoch : 17/20]
Pr_Src_cls_loss	: 0.0836
-------------------------------------
[Pr Epoch : 18/20]
Pr_Src_cls_loss	: 0.0813
-------------------------------------
[Pr Epoch : 19/20]
Pr_Src_cls_loss	: 0.0790
-------------------------------------
[Pr Epoch : 20/20]
Pr_Src_cls_loss	: 0.0773
-------------------------------------
/mnt/data/home/tp2474/OpenSet-AdaTime/algorithms/algorithms.py:1865: UserWarning: Implicit dimension choice for softmax has been deprecated. Change the call to include dim=X as an argument.
  trg_soft_cen = torch.nn.functional.softmax(after_lincls_cen).double()
[Epoch : 1/20]
Pr_Src_cls_loss	: 0.0773
Total_loss	: 0.0596
loss_cls	: 0.0213
loss_align	: 0.0384
-------------------------------------
[Epoch : 2/20]
Pr_Src_cls_loss	: 0.0773
Total_loss	: 0.0518
loss_cls	: 0.0206
loss_align	: 0.0313
-------------------------------------
[Epoch : 3/20]
Pr_Src_cls_loss	: 0.0773
Total_loss	: 0.0493
loss_cls	: 0.0214
loss_align	: 0.0279
-------------------------------------
[Epoch : 4/20]
Pr_Src_cls_loss	: 0.0773
Total_loss	: 0.0462
loss_cls	: 0.0206
loss_align	: 0.0256
-------------------------------------
[Epoch : 5/20]
Pr_Src_cls_loss	: 0.0773
Total_loss	: 0.0446
loss_cls	: 0.0205
loss_align	: 0.0241
-------------------------------------
[Epoch : 6/20]
Pr_Src_cls_loss	: 0.0773
Total_loss	: 0.0434
loss_cls	: 0.0204
loss_align	: 0.0230
-------------------------------------
[Epoch : 7/20]
Pr_Src_cls_loss	: 0.0773
Total_loss	: 0.0419
loss_cls	: 0.0200
loss_align	: 0.0219
-------------------------------------
[Epoch : 8/20]
Pr_Src_cls_loss	: 0.0773
Total_loss	: 0.0413
loss_cls	: 0.0201
loss_align	: 0.0212
-------------------------------------
[Epoch : 9/20]
Pr_Src_cls_loss	: 0.0773
Total_loss	: 0.0409
loss_cls	: 0.0203
loss_align	: 0.0207
Src_cls_loss	: 0.0000
-------------------------------------
[Epoch : 10/20]
Pr_Src_cls_loss	: 0.0773
Total_loss	: 0.0401
loss_cls	: 0.0200
loss_align	: 0.0201
Src_cls_loss	: 0.0000
-------------------------------------
[Epoch : 11/20]
Pr_Src_cls_loss	: 0.0773
Total_loss	: 0.0395
loss_cls	: 0.0199
loss_align	: 0.0196
Src_cls_loss	: 0.0000
-------------------------------------
[Epoch : 12/20]
Pr_Src_cls_loss	: 0.0773
Total_loss	: 0.0390
loss_cls	: 0.0198
loss_align	: 0.0192
Src_cls_loss	: 0.0000
-------------------------------------
[Epoch : 13/20]
Pr_Src_cls_loss	: 0.0773
Total_loss	: 0.0384
loss_cls	: 0.0196
loss_align	: 0.0188
Src_cls_loss	: 0.0000
-------------------------------------
[Epoch : 14/20]
Pr_Src_cls_loss	: 0.0773
Total_loss	: 0.0380
loss_cls	: 0.0195
loss_align	: 0.0185
Src_cls_loss	: 0.0000
-------------------------------------
[Epoch : 15/20]
Pr_Src_cls_loss	: 0.0773
Total_loss	: 0.0377
loss_cls	: 0.0194
loss_align	: 0.0183
Src_cls_loss	: 0.0000
-------------------------------------
[Epoch : 16/20]
Pr_Src_cls_loss	: 0.0773
Total_loss	: 0.0374
loss_cls	: 0.0193
loss_align	: 0.0181
Src_cls_loss	: 0.0000
-------------------------------------
[Epoch : 17/20]
Pr_Src_cls_loss	: 0.0773
Total_loss	: 0.0370
loss_cls	: 0.0192
loss_align	: 0.0178
Src_cls_loss	: 0.0000
-------------------------------------
[Epoch : 18/20]
Pr_Src_cls_loss	: 0.0773
Total_loss	: 0.0367
loss_cls	: 0.0191
loss_align	: 0.0176
Src_cls_loss	: 0.0000
-------------------------------------
[Epoch : 19/20]
Pr_Src_cls_loss	: 0.0773
Total_loss	: 0.0366
loss_cls	: 0.0191
loss_align	: 0.0176
Src_cls_loss	: 0.0000
-------------------------------------
[Epoch : 20/20]
Pr_Src_cls_loss	: 0.0773
Total_loss	: 0.0364
loss_cls	: 0.0190
loss_align	: 0.0174
Src_cls_loss	: 0.0000
-------------------------------------
/mnt/data/home/tp2474/OpenSet-AdaTime/trainers/abstract_trainer.py:331: FutureWarning: The behavior of DataFrame concatenation with empty or all-NA entries is deprecated. In a future version, this will no longer exclude empty or all-NA columns when determining the result dtypes. To retain the old behavior, exclude the relevant entries before the concat operation.
  table = pd.concat([table, results_df], ignore_index=True)

[UniJDOT Debug] final_threshold = 0.5626 conf mean=0.4222 std=0.2563 reject=50.00%
[UniJDOT Eval ALL] n=2582 threshold=0.5626
[UniJDOT Eval ALL] conf: min=0.1437 max=0.7242 mean=0.4344 std=0.2483
[UniJDOT Eval ALL] rejected: 50.81%
[UniJDOT Eval ALL] pred class dist (pre-reject): [106, 202, 13, 702, 818, 353, 388]
[UniJDOT Eval ALL] true label dist: [0, 0, 0, 409, 410, 405, 410, 948] (last bin = unknown)
H_score: 0.6093, OS* (acc_c): 0.5092, UNK (acc_p): 0.7584, acc_mix: 0.6007, F1: 0.5535
[UniJDOT Eval ALL] n=2582 threshold=0.5626
[UniJDOT Eval ALL] conf: min=0.1437 max=0.7242 mean=0.4344 std=0.2483
[UniJDOT Eval ALL] rejected: 50.81%
[UniJDOT Eval ALL] pred class dist (pre-reject): [106, 202, 13, 702, 818, 353, 388]
[UniJDOT Eval ALL] true label dist: [0, 0, 0, 409, 410, 405, 410, 948] (last bin = unknown)
Uploading logs from: /mnt/data/home/tp2474/OpenSet-AdaTime/experiments_logs/curriculum/RealWorld to MHEALTH_UniDA_hard_n3_fno_mean/UniJDOT_UniDA_hard_n3_fno_mean/RealWorld_to_MHEALTH_run_0
🏃 View run UniJDOT_run_0 at: http://127.0.0.1:5001/#/experiments/827127228733241128/runs/57614408a7aa4b6480a4e192652b97ee
🧪 View experiment at: http://127.0.0.1:5001/#/experiments/827127228733241128
=============================================
Dataset: RealWorld to MHEALTH_UniDA_hard_n3_fno_mean
Method:  UniJDOT
=============================================
Source: RealWorld ---> Target: MHEALTH
Run ID: 1
=============================================
[Pr Epoch : 1/20]
Pr_Src_cls_loss	: 0.2808
-------------------------------------
[Pr Epoch : 2/20]
Pr_Src_cls_loss	: 0.2107
-------------------------------------
[Pr Epoch : 3/20]
Pr_Src_cls_loss	: 0.1785
-------------------------------------
[Pr Epoch : 4/20]
Pr_Src_cls_loss	: 0.1574
-------------------------------------
[Pr Epoch : 5/20]
Pr_Src_cls_loss	: 0.1435
-------------------------------------
[Pr Epoch : 6/20]
Pr_Src_cls_loss	: 0.1327
-------------------------------------
[Pr Epoch : 7/20]
Pr_Src_cls_loss	: 0.1252
-------------------------------------
[Pr Epoch : 8/20]
Pr_Src_cls_loss	: 0.1183
-------------------------------------
[Pr Epoch : 9/20]
Pr_Src_cls_loss	: 0.1119
-------------------------------------
[Pr Epoch : 10/20]
Pr_Src_cls_loss	: 0.1065
-------------------------------------
[Pr Epoch : 11/20]
Pr_Src_cls_loss	: 0.1021
-------------------------------------
[Pr Epoch : 12/20]
Pr_Src_cls_loss	: 0.0981
-------------------------------------
[Pr Epoch : 13/20]
Pr_Src_cls_loss	: 0.0949
-------------------------------------
[Pr Epoch : 14/20]
Pr_Src_cls_loss	: 0.0917
-------------------------------------
[Pr Epoch : 15/20]
Pr_Src_cls_loss	: 0.0889
-------------------------------------
[Pr Epoch : 16/20]
Pr_Src_cls_loss	: 0.0863
-------------------------------------
[Pr Epoch : 17/20]
Pr_Src_cls_loss	: 0.0838
-------------------------------------
[Pr Epoch : 18/20]
Pr_Src_cls_loss	: 0.0815
-------------------------------------
[Pr Epoch : 19/20]
Pr_Src_cls_loss	: 0.0795
-------------------------------------
[Pr Epoch : 20/20]
Pr_Src_cls_loss	: 0.0776
-------------------------------------
/mnt/data/home/tp2474/OpenSet-AdaTime/algorithms/algorithms.py:1865: UserWarning: Implicit dimension choice for softmax has been deprecated. Change the call to include dim=X as an argument.
  trg_soft_cen = torch.nn.functional.softmax(after_lincls_cen).double()
[Epoch : 1/20]
Pr_Src_cls_loss	: 0.0776
Total_loss	: 0.0585
loss_cls	: 0.0208
loss_align	: 0.0377
-------------------------------------
[Epoch : 2/20]
Pr_Src_cls_loss	: 0.0776
Total_loss	: 0.0532
loss_cls	: 0.0204
loss_align	: 0.0328
-------------------------------------
[Epoch : 3/20]
Pr_Src_cls_loss	: 0.0776
Total_loss	: 0.0509
loss_cls	: 0.0207
loss_align	: 0.0302
-------------------------------------
[Epoch : 4/20]
Pr_Src_cls_loss	: 0.0776
Total_loss	: 0.0495
loss_cls	: 0.0208
loss_align	: 0.0286
-------------------------------------
[Epoch : 5/20]
Pr_Src_cls_loss	: 0.0776
Total_loss	: 0.0484
loss_cls	: 0.0208
loss_align	: 0.0275
-------------------------------------
[Epoch : 6/20]
Pr_Src_cls_loss	: 0.0776
Total_loss	: 0.0475
loss_cls	: 0.0208
loss_align	: 0.0267
-------------------------------------
[Epoch : 7/20]
Pr_Src_cls_loss	: 0.0776
Total_loss	: 0.0467
loss_cls	: 0.0205
loss_align	: 0.0261
-------------------------------------
[Epoch : 8/20]
Pr_Src_cls_loss	: 0.0776
Total_loss	: 0.0461
loss_cls	: 0.0205
loss_align	: 0.0256
-------------------------------------
[Epoch : 9/20]
Pr_Src_cls_loss	: 0.0776
Total_loss	: 0.0458
loss_cls	: 0.0205
loss_align	: 0.0253
Src_cls_loss	: 0.0000
-------------------------------------
[Epoch : 10/20]
Pr_Src_cls_loss	: 0.0776
Total_loss	: 0.0454
loss_cls	: 0.0205
loss_align	: 0.0249
Src_cls_loss	: 0.0000
-------------------------------------
[Epoch : 11/20]
Pr_Src_cls_loss	: 0.0776
Total_loss	: 0.0448
loss_cls	: 0.0202
loss_align	: 0.0246
Src_cls_loss	: 0.0000
-------------------------------------
[Epoch : 12/20]
Pr_Src_cls_loss	: 0.0776
Total_loss	: 0.0443
loss_cls	: 0.0200
loss_align	: 0.0243
Src_cls_loss	: 0.0000
-------------------------------------
[Epoch : 13/20]
Pr_Src_cls_loss	: 0.0776
Total_loss	: 0.0440
loss_cls	: 0.0199
loss_align	: 0.0241
Src_cls_loss	: 0.0000
-------------------------------------
[Epoch : 14/20]
Pr_Src_cls_loss	: 0.0776
Total_loss	: 0.0438
loss_cls	: 0.0199
loss_align	: 0.0239
Src_cls_loss	: 0.0000
-------------------------------------
[Epoch : 15/20]
Pr_Src_cls_loss	: 0.0776
Total_loss	: 0.0436
loss_cls	: 0.0198
loss_align	: 0.0238
Src_cls_loss	: 0.0000
-------------------------------------
[Epoch : 16/20]
Pr_Src_cls_loss	: 0.0776
Total_loss	: 0.0434
loss_cls	: 0.0198
loss_align	: 0.0236
Src_cls_loss	: 0.0000
-------------------------------------
[Epoch : 17/20]
Pr_Src_cls_loss	: 0.0776
Total_loss	: 0.0430
loss_cls	: 0.0196
loss_align	: 0.0235
Src_cls_loss	: 0.0000
-------------------------------------
[Epoch : 18/20]
Pr_Src_cls_loss	: 0.0776
Total_loss	: 0.0428
loss_cls	: 0.0194
loss_align	: 0.0233
Src_cls_loss	: 0.0000
-------------------------------------
[Epoch : 19/20]
Pr_Src_cls_loss	: 0.0776
Total_loss	: 0.0426
loss_cls	: 0.0194
loss_align	: 0.0232
Src_cls_loss	: 0.0000
-------------------------------------
[Epoch : 20/20]
Pr_Src_cls_loss	: 0.0776
Total_loss	: 0.0424
loss_cls	: 0.0193
loss_align	: 0.0231
Src_cls_loss	: 0.0000
-------------------------------------

[UniJDOT Debug] final_threshold = 0.5754 conf mean=0.4156 std=0.2223 reject=50.00%
[UniJDOT Eval ALL] n=2582 threshold=0.5754
[UniJDOT Eval ALL] conf: min=0.1453 max=0.6346 mean=0.4092 std=0.2228
[UniJDOT Eval ALL] rejected: 51.39%
[UniJDOT Eval ALL] pred class dist (pre-reject): [938, 101, 49, 417, 106, 603, 368]
[UniJDOT Eval ALL] true label dist: [0, 0, 0, 409, 410, 405, 410, 948] (last bin = unknown)
H_score: 0.6731, OS* (acc_c): 0.6163, UNK (acc_p): 0.7416, acc_mix: 0.6623, F1: 0.6279
[UniJDOT Eval ALL] n=2582 threshold=0.5754
[UniJDOT Eval ALL] conf: min=0.1453 max=0.6346 mean=0.4092 std=0.2228
[UniJDOT Eval ALL] rejected: 51.39%
[UniJDOT Eval ALL] pred class dist (pre-reject): [938, 101, 49, 417, 106, 603, 368]
[UniJDOT Eval ALL] true label dist: [0, 0, 0, 409, 410, 405, 410, 948] (last bin = unknown)
Uploading logs from: /mnt/data/home/tp2474/OpenSet-AdaTime/experiments_logs/curriculum/RealWorld to MHEALTH_UniDA_hard_n3_fno_mean/UniJDOT_UniDA_hard_n3_fno_mean/RealWorld_to_MHEALTH_run_1
🏃 View run UniJDOT_run_1 at: http://127.0.0.1:5001/#/experiments/827127228733241128/runs/7589fd8a137c42f5a0dd6811f35d128c
🧪 View experiment at: http://127.0.0.1:5001/#/experiments/827127228733241128
=============================================
Dataset: RealWorld to MHEALTH_UniDA_hard_n3_fno_mean
Method:  UniJDOT
=============================================
Source: RealWorld ---> Target: MHEALTH
Run ID: 2
=============================================
[Pr Epoch : 1/20]
Pr_Src_cls_loss	: 0.2867
-------------------------------------
[Pr Epoch : 2/20]
Pr_Src_cls_loss	: 0.2165
-------------------------------------
[Pr Epoch : 3/20]
Pr_Src_cls_loss	: 0.1812
-------------------------------------
[Pr Epoch : 4/20]
Pr_Src_cls_loss	: 0.1603
-------------------------------------
[Pr Epoch : 5/20]
Pr_Src_cls_loss	: 0.1452
-------------------------------------
[Pr Epoch : 6/20]
Pr_Src_cls_loss	: 0.1342
-------------------------------------
[Pr Epoch : 7/20]
Pr_Src_cls_loss	: 0.1258
-------------------------------------
[Pr Epoch : 8/20]
Pr_Src_cls_loss	: 0.1181
-------------------------------------
[Pr Epoch : 9/20]
Pr_Src_cls_loss	: 0.1118
-------------------------------------
[Pr Epoch : 10/20]
Pr_Src_cls_loss	: 0.1071
-------------------------------------
[Pr Epoch : 11/20]
Pr_Src_cls_loss	: 0.1025
-------------------------------------
[Pr Epoch : 12/20]
Pr_Src_cls_loss	: 0.0988
-------------------------------------
[Pr Epoch : 13/20]
Pr_Src_cls_loss	: 0.0954
-------------------------------------
[Pr Epoch : 14/20]
Pr_Src_cls_loss	: 0.0922
-------------------------------------
[Pr Epoch : 15/20]
Pr_Src_cls_loss	: 0.0895
-------------------------------------
[Pr Epoch : 16/20]
Pr_Src_cls_loss	: 0.0868
-------------------------------------
[Pr Epoch : 17/20]
Pr_Src_cls_loss	: 0.0844
-------------------------------------
[Pr Epoch : 18/20]
Pr_Src_cls_loss	: 0.0820
-------------------------------------
[Pr Epoch : 19/20]
Pr_Src_cls_loss	: 0.0799
-------------------------------------
[Pr Epoch : 20/20]
Pr_Src_cls_loss	: 0.0779
-------------------------------------
/mnt/data/home/tp2474/OpenSet-AdaTime/algorithms/algorithms.py:1865: UserWarning: Implicit dimension choice for softmax has been deprecated. Change the call to include dim=X as an argument.
  trg_soft_cen = torch.nn.functional.softmax(after_lincls_cen).double()
[Epoch : 1/20]
Pr_Src_cls_loss	: 0.0779
Total_loss	: 0.0617
loss_cls	: 0.0208
loss_align	: 0.0409
-------------------------------------
[Epoch : 2/20]
Pr_Src_cls_loss	: 0.0779
Total_loss	: 0.0561
loss_cls	: 0.0204
loss_align	: 0.0357
-------------------------------------
[Epoch : 3/20]
Pr_Src_cls_loss	: 0.0779
Total_loss	: 0.0519
loss_cls	: 0.0200
loss_align	: 0.0319
-------------------------------------
[Epoch : 4/20]
Pr_Src_cls_loss	: 0.0779
Total_loss	: 0.0492
loss_cls	: 0.0201
loss_align	: 0.0291
-------------------------------------
[Epoch : 5/20]
Pr_Src_cls_loss	: 0.0779
Total_loss	: 0.0484
loss_cls	: 0.0212
loss_align	: 0.0273
-------------------------------------
[Epoch : 6/20]
Pr_Src_cls_loss	: 0.0779
Total_loss	: 0.0473
loss_cls	: 0.0217
loss_align	: 0.0257
-------------------------------------
[Epoch : 7/20]
Pr_Src_cls_loss	: 0.0779
Total_loss	: 0.0467
loss_cls	: 0.0222
loss_align	: 0.0245
-------------------------------------
[Epoch : 8/20]
Pr_Src_cls_loss	: 0.0779
Total_loss	: 0.0462
loss_cls	: 0.0226
loss_align	: 0.0236
-------------------------------------
[Epoch : 9/20]
Pr_Src_cls_loss	: 0.0779
Total_loss	: 0.0460
loss_cls	: 0.0229
loss_align	: 0.0231
Src_cls_loss	: 0.0000
-------------------------------------
[Epoch : 10/20]
Pr_Src_cls_loss	: 0.0779
Total_loss	: 0.0457
loss_cls	: 0.0231
loss_align	: 0.0226
Src_cls_loss	: 0.0000
-------------------------------------
[Epoch : 11/20]
Pr_Src_cls_loss	: 0.0779
Total_loss	: 0.0448
loss_cls	: 0.0229
loss_align	: 0.0219
Src_cls_loss	: 0.0000
-------------------------------------
[Epoch : 12/20]
Pr_Src_cls_loss	: 0.0779
Total_loss	: 0.0443
loss_cls	: 0.0229
loss_align	: 0.0214
Src_cls_loss	: 0.0000
-------------------------------------
[Epoch : 13/20]
Pr_Src_cls_loss	: 0.0779
Total_loss	: 0.0437
loss_cls	: 0.0228
loss_align	: 0.0209
Src_cls_loss	: 0.0000
-------------------------------------
[Epoch : 14/20]
Pr_Src_cls_loss	: 0.0779
Total_loss	: 0.0435
loss_cls	: 0.0229
loss_align	: 0.0206
Src_cls_loss	: 0.0000
-------------------------------------
[Epoch : 15/20]
Pr_Src_cls_loss	: 0.0779
Total_loss	: 0.0430
loss_cls	: 0.0227
loss_align	: 0.0203
Src_cls_loss	: 0.0000
-------------------------------------
[Epoch : 16/20]
Pr_Src_cls_loss	: 0.0779
Total_loss	: 0.0424
loss_cls	: 0.0225
loss_align	: 0.0199
Src_cls_loss	: 0.0000
-------------------------------------
[Epoch : 17/20]
Pr_Src_cls_loss	: 0.0779
Total_loss	: 0.0420
loss_cls	: 0.0224
loss_align	: 0.0196
Src_cls_loss	: 0.0000
-------------------------------------
[Epoch : 18/20]
Pr_Src_cls_loss	: 0.0779
Total_loss	: 0.0418
loss_cls	: 0.0224
loss_align	: 0.0193
Src_cls_loss	: 0.0000
-------------------------------------
[Epoch : 19/20]
Pr_Src_cls_loss	: 0.0779
Total_loss	: 0.0414
loss_cls	: 0.0224
loss_align	: 0.0191
Src_cls_loss	: 0.0000
-------------------------------------
[Epoch : 20/20]
Pr_Src_cls_loss	: 0.0779
Total_loss	: 0.0412
loss_cls	: 0.0223
loss_align	: 0.0189
Src_cls_loss	: 0.0000
-------------------------------------

[UniJDOT Debug] final_threshold = 0.6182 conf mean=0.6028 std=0.2635 reject=29.69%
[UniJDOT Eval ALL] n=2582 threshold=0.6182
[UniJDOT Eval ALL] conf: min=0.1456 max=0.8110 mean=0.5702 std=0.2665
[UniJDOT Eval ALL] rejected: 34.00%
[UniJDOT Eval ALL] pred class dist (pre-reject): [177, 233, 7, 1115, 611, 100, 339]
[UniJDOT Eval ALL] true label dist: [0, 0, 0, 409, 410, 405, 410, 948] (last bin = unknown)
H_score: 0.4602, OS* (acc_c): 0.4076, UNK (acc_p): 0.5285, acc_mix: 0.4520, F1: 0.4083
[UniJDOT Eval ALL] n=2582 threshold=0.6182
[UniJDOT Eval ALL] conf: min=0.1456 max=0.8110 mean=0.5702 std=0.2665
[UniJDOT Eval ALL] rejected: 34.00%
[UniJDOT Eval ALL] pred class dist (pre-reject): [177, 233, 7, 1115, 611, 100, 339]
[UniJDOT Eval ALL] true label dist: [0, 0, 0, 409, 410, 405, 410, 948] (last bin = unknown)
Uploading logs from: /mnt/data/home/tp2474/OpenSet-AdaTime/experiments_logs/curriculum/RealWorld to MHEALTH_UniDA_hard_n3_fno_mean/UniJDOT_UniDA_hard_n3_fno_mean/RealWorld_to_MHEALTH_run_2
🏃 View run UniJDOT_run_2 at: http://127.0.0.1:5001/#/experiments/827127228733241128/runs/02d5324589e0405e9fecc72e8a64de62
🧪 View experiment at: http://127.0.0.1:5001/#/experiments/827127228733241128
=============================================
Dataset: RealWorld to MHEALTH_UniDA_hard_n3_fno_mean
Method:  UniJDOT
=============================================
Source: RealWorld ---> Target: MHEALTH
Run ID: 3
=============================================
[Pr Epoch : 1/20]
Pr_Src_cls_loss	: 0.2586
-------------------------------------
[Pr Epoch : 2/20]
Pr_Src_cls_loss	: 0.1985
-------------------------------------
[Pr Epoch : 3/20]
Pr_Src_cls_loss	: 0.1702
-------------------------------------
[Pr Epoch : 4/20]
Pr_Src_cls_loss	: 0.1512
-------------------------------------
[Pr Epoch : 5/20]
Pr_Src_cls_loss	: 0.1393
-------------------------------------
[Pr Epoch : 6/20]
Pr_Src_cls_loss	: 0.1287
-------------------------------------
[Pr Epoch : 7/20]
Pr_Src_cls_loss	: 0.1210
-------------------------------------
[Pr Epoch : 8/20]
Pr_Src_cls_loss	: 0.1143
-------------------------------------
[Pr Epoch : 9/20]
Pr_Src_cls_loss	: 0.1085
-------------------------------------
[Pr Epoch : 10/20]
Pr_Src_cls_loss	: 0.1036
-------------------------------------
[Pr Epoch : 11/20]
Pr_Src_cls_loss	: 0.0993
-------------------------------------
[Pr Epoch : 12/20]
Pr_Src_cls_loss	: 0.0955
-------------------------------------
[Pr Epoch : 13/20]
Pr_Src_cls_loss	: 0.0920
-------------------------------------
[Pr Epoch : 14/20]
Pr_Src_cls_loss	: 0.0889
-------------------------------------
[Pr Epoch : 15/20]
Pr_Src_cls_loss	: 0.0861
-------------------------------------
[Pr Epoch : 16/20]
Pr_Src_cls_loss	: 0.0837
-------------------------------------
[Pr Epoch : 17/20]
Pr_Src_cls_loss	: 0.0813
-------------------------------------
[Pr Epoch : 18/20]
Pr_Src_cls_loss	: 0.0793
-------------------------------------
[Pr Epoch : 19/20]
Pr_Src_cls_loss	: 0.0773
-------------------------------------
[Pr Epoch : 20/20]
Pr_Src_cls_loss	: 0.0755
-------------------------------------
/mnt/data/home/tp2474/OpenSet-AdaTime/algorithms/algorithms.py:1865: UserWarning: Implicit dimension choice for softmax has been deprecated. Change the call to include dim=X as an argument.
  trg_soft_cen = torch.nn.functional.softmax(after_lincls_cen).double()
[Epoch : 1/20]
Pr_Src_cls_loss	: 0.0755
Total_loss	: 0.0647
loss_cls	: 0.0218
loss_align	: 0.0429
-------------------------------------
[Epoch : 2/20]
Pr_Src_cls_loss	: 0.0755
Total_loss	: 0.0567
loss_cls	: 0.0215
loss_align	: 0.0352
-------------------------------------
[Epoch : 3/20]
Pr_Src_cls_loss	: 0.0755
Total_loss	: 0.0514
loss_cls	: 0.0208
loss_align	: 0.0306
-------------------------------------
[Epoch : 4/20]
Pr_Src_cls_loss	: 0.0755
Total_loss	: 0.0494
loss_cls	: 0.0212
loss_align	: 0.0282
-------------------------------------
[Epoch : 5/20]
Pr_Src_cls_loss	: 0.0755
Total_loss	: 0.0479
loss_cls	: 0.0211
loss_align	: 0.0267
-------------------------------------
[Epoch : 6/20]
Pr_Src_cls_loss	: 0.0755
Total_loss	: 0.0467
loss_cls	: 0.0210
loss_align	: 0.0256
-------------------------------------
[Epoch : 7/20]
Pr_Src_cls_loss	: 0.0755
Total_loss	: 0.0458
loss_cls	: 0.0210
loss_align	: 0.0248
-------------------------------------
[Epoch : 8/20]
Pr_Src_cls_loss	: 0.0755
Total_loss	: 0.0450
loss_cls	: 0.0209
loss_align	: 0.0241
-------------------------------------
[Epoch : 9/20]
Pr_Src_cls_loss	: 0.0755
Total_loss	: 0.0444
loss_cls	: 0.0208
loss_align	: 0.0235
Src_cls_loss	: 0.0000
-------------------------------------
[Epoch : 10/20]
Pr_Src_cls_loss	: 0.0755
Total_loss	: 0.0439
loss_cls	: 0.0207
loss_align	: 0.0231
Src_cls_loss	: 0.0000
-------------------------------------
[Epoch : 11/20]
Pr_Src_cls_loss	: 0.0755
Total_loss	: 0.0434
loss_cls	: 0.0206
loss_align	: 0.0227
Src_cls_loss	: 0.0000
-------------------------------------
[Epoch : 12/20]
Pr_Src_cls_loss	: 0.0755
Total_loss	: 0.0429
loss_cls	: 0.0204
loss_align	: 0.0224
Src_cls_loss	: 0.0000
-------------------------------------
[Epoch : 13/20]
Pr_Src_cls_loss	: 0.0755
Total_loss	: 0.0423
loss_cls	: 0.0202
loss_align	: 0.0221
Src_cls_loss	: 0.0000
-------------------------------------
[Epoch : 14/20]
Pr_Src_cls_loss	: 0.0755
Total_loss	: 0.0420
loss_cls	: 0.0201
loss_align	: 0.0219
Src_cls_loss	: 0.0000
-------------------------------------
[Epoch : 15/20]
Pr_Src_cls_loss	: 0.0755
Total_loss	: 0.0417
loss_cls	: 0.0200
loss_align	: 0.0216
Src_cls_loss	: 0.0000
-------------------------------------
[Epoch : 16/20]
Pr_Src_cls_loss	: 0.0755
Total_loss	: 0.0414
loss_cls	: 0.0200
loss_align	: 0.0214
Src_cls_loss	: 0.0000
-------------------------------------
[Epoch : 17/20]
Pr_Src_cls_loss	: 0.0755
Total_loss	: 0.0411
loss_cls	: 0.0199
loss_align	: 0.0213
Src_cls_loss	: 0.0000
-------------------------------------
[Epoch : 18/20]
Pr_Src_cls_loss	: 0.0755
Total_loss	: 0.0412
loss_cls	: 0.0200
loss_align	: 0.0212
Src_cls_loss	: 0.0000
-------------------------------------
[Epoch : 19/20]
Pr_Src_cls_loss	: 0.0755
Total_loss	: 0.0410
loss_cls	: 0.0200
loss_align	: 0.0210
Src_cls_loss	: 0.0000
-------------------------------------
[Epoch : 20/20]
Pr_Src_cls_loss	: 0.0755
Total_loss	: 0.0407
loss_cls	: 0.0199
loss_align	: 0.0208
Src_cls_loss	: 0.0000
-------------------------------------

[UniJDOT Debug] final_threshold = 0.5624 conf mean=0.3652 std=0.2168 reject=68.75%
[UniJDOT Eval ALL] n=2582 threshold=0.5624
[UniJDOT Eval ALL] conf: min=0.1437 max=0.6682 mean=0.3684 std=0.2178
[UniJDOT Eval ALL] rejected: 67.35%
[UniJDOT Eval ALL] pred class dist (pre-reject): [94, 160, 4, 1505, 142, 417, 260]
[UniJDOT Eval ALL] true label dist: [0, 0, 0, 409, 410, 405, 410, 948] (last bin = unknown)
H_score: 0.3313, OS* (acc_c): 0.2130, UNK (acc_p): 0.7458, acc_mix: 0.4086, F1: 0.3594
[UniJDOT Eval ALL] n=2582 threshold=0.5624
[UniJDOT Eval ALL] conf: min=0.1437 max=0.6682 mean=0.3684 std=0.2178
[UniJDOT Eval ALL] rejected: 67.35%
[UniJDOT Eval ALL] pred class dist (pre-reject): [94, 160, 4, 1505, 142, 417, 260]
[UniJDOT Eval ALL] true label dist: [0, 0, 0, 409, 410, 405, 410, 948] (last bin = unknown)
Uploading logs from: /mnt/data/home/tp2474/OpenSet-AdaTime/experiments_logs/curriculum/RealWorld to MHEALTH_UniDA_hard_n3_fno_mean/UniJDOT_UniDA_hard_n3_fno_mean/RealWorld_to_MHEALTH_run_3
🏃 View run UniJDOT_run_3 at: http://127.0.0.1:5001/#/experiments/827127228733241128/runs/f65922bfa30840c891ff4532d035d11e
🧪 View experiment at: http://127.0.0.1:5001/#/experiments/827127228733241128
=============================================
Dataset: RealWorld to MHEALTH_UniDA_hard_n3_fno_mean
Method:  UniJDOT
=============================================
Source: RealWorld ---> Target: MHEALTH
Run ID: 4
=============================================
[Pr Epoch : 1/20]
Pr_Src_cls_loss	: 0.2902
-------------------------------------
[Pr Epoch : 2/20]
Pr_Src_cls_loss	: 0.2177
-------------------------------------
[Pr Epoch : 3/20]
Pr_Src_cls_loss	: 0.1839
-------------------------------------
[Pr Epoch : 4/20]
Pr_Src_cls_loss	: 0.1624
-------------------------------------
[Pr Epoch : 5/20]
Pr_Src_cls_loss	: 0.1477
-------------------------------------
[Pr Epoch : 6/20]
Pr_Src_cls_loss	: 0.1368
-------------------------------------
[Pr Epoch : 7/20]
Pr_Src_cls_loss	: 0.1283
-------------------------------------
[Pr Epoch : 8/20]
Pr_Src_cls_loss	: 0.1208
-------------------------------------
[Pr Epoch : 9/20]
Pr_Src_cls_loss	: 0.1149
-------------------------------------
[Pr Epoch : 10/20]
Pr_Src_cls_loss	: 0.1098
-------------------------------------
[Pr Epoch : 11/20]
Pr_Src_cls_loss	: 0.1052
-------------------------------------
[Pr Epoch : 12/20]
Pr_Src_cls_loss	: 0.1011
-------------------------------------
[Pr Epoch : 13/20]
Pr_Src_cls_loss	: 0.0974
-------------------------------------
[Pr Epoch : 14/20]
Pr_Src_cls_loss	: 0.0939
-------------------------------------
[Pr Epoch : 15/20]
Pr_Src_cls_loss	: 0.0909
-------------------------------------
[Pr Epoch : 16/20]
Pr_Src_cls_loss	: 0.0883
-------------------------------------
[Pr Epoch : 17/20]
Pr_Src_cls_loss	: 0.0858
-------------------------------------
[Pr Epoch : 18/20]
Pr_Src_cls_loss	: 0.0834
-------------------------------------
[Pr Epoch : 19/20]
Pr_Src_cls_loss	: 0.0811
-------------------------------------
[Pr Epoch : 20/20]
Pr_Src_cls_loss	: 0.0792
-------------------------------------
/mnt/data/home/tp2474/OpenSet-AdaTime/algorithms/algorithms.py:1865: UserWarning: Implicit dimension choice for softmax has been deprecated. Change the call to include dim=X as an argument.
  trg_soft_cen = torch.nn.functional.softmax(after_lincls_cen).double()
[Epoch : 1/20]
Pr_Src_cls_loss	: 0.0792
Total_loss	: 0.0643
loss_cls	: 0.0205
loss_align	: 0.0438
-------------------------------------
[Epoch : 2/20]
Pr_Src_cls_loss	: 0.0792
Total_loss	: 0.0572
loss_cls	: 0.0208
loss_align	: 0.0363
-------------------------------------
[Epoch : 3/20]
Pr_Src_cls_loss	: 0.0792
Total_loss	: 0.0535
loss_cls	: 0.0208
loss_align	: 0.0327
-------------------------------------
[Epoch : 4/20]
Pr_Src_cls_loss	: 0.0792
Total_loss	: 0.0506
loss_cls	: 0.0204
loss_align	: 0.0302
-------------------------------------
[Epoch : 5/20]
Pr_Src_cls_loss	: 0.0792
Total_loss	: 0.0490
loss_cls	: 0.0203
loss_align	: 0.0287
-------------------------------------
[Epoch : 6/20]
Pr_Src_cls_loss	: 0.0792
Total_loss	: 0.0473
loss_cls	: 0.0198
loss_align	: 0.0275
-------------------------------------
[Epoch : 7/20]
Pr_Src_cls_loss	: 0.0792
Total_loss	: 0.0464
loss_cls	: 0.0196
loss_align	: 0.0267
-------------------------------------
[Epoch : 8/20]
Pr_Src_cls_loss	: 0.0792
Total_loss	: 0.0457
loss_cls	: 0.0196
loss_align	: 0.0261
-------------------------------------
[Epoch : 9/20]
Pr_Src_cls_loss	: 0.0792
Total_loss	: 0.0447
loss_cls	: 0.0194
loss_align	: 0.0254
Src_cls_loss	: 0.0000
-------------------------------------
[Epoch : 10/20]
Pr_Src_cls_loss	: 0.0792
Total_loss	: 0.0440
loss_cls	: 0.0193
loss_align	: 0.0247
Src_cls_loss	: 0.0000
-------------------------------------
[Epoch : 11/20]
Pr_Src_cls_loss	: 0.0792
Total_loss	: 0.0434
loss_cls	: 0.0192
loss_align	: 0.0242
Src_cls_loss	: 0.0000
-------------------------------------
[Epoch : 12/20]
Pr_Src_cls_loss	: 0.0792
Total_loss	: 0.0430
loss_cls	: 0.0193
loss_align	: 0.0237
Src_cls_loss	: 0.0000
-------------------------------------
[Epoch : 13/20]
Pr_Src_cls_loss	: 0.0792
Total_loss	: 0.0424
loss_cls	: 0.0192
loss_align	: 0.0232
Src_cls_loss	: 0.0000
-------------------------------------
[Epoch : 14/20]
Pr_Src_cls_loss	: 0.0792
Total_loss	: 0.0419
loss_cls	: 0.0191
loss_align	: 0.0228
Src_cls_loss	: 0.0000
-------------------------------------
[Epoch : 15/20]
Pr_Src_cls_loss	: 0.0792
Total_loss	: 0.0414
loss_cls	: 0.0190
loss_align	: 0.0224
Src_cls_loss	: 0.0000
-------------------------------------
[Epoch : 16/20]
Pr_Src_cls_loss	: 0.0792
Total_loss	: 0.0409
loss_cls	: 0.0189
loss_align	: 0.0220
Src_cls_loss	: 0.0000
-------------------------------------
[Epoch : 17/20]
Pr_Src_cls_loss	: 0.0792
Total_loss	: 0.0405
loss_cls	: 0.0188
loss_align	: 0.0217
Src_cls_loss	: 0.0000
-------------------------------------
[Epoch : 18/20]
Pr_Src_cls_loss	: 0.0792
Total_loss	: 0.0401
loss_cls	: 0.0187
loss_align	: 0.0214
Src_cls_loss	: 0.0000
-------------------------------------
[Epoch : 19/20]
Pr_Src_cls_loss	: 0.0792
Total_loss	: 0.0397
loss_cls	: 0.0186
loss_align	: 0.0211
Src_cls_loss	: 0.0000
-------------------------------------
[Epoch : 20/20]
Pr_Src_cls_loss	: 0.0792
Total_loss	: 0.0393
loss_cls	: 0.0185
loss_align	: 0.0209
Src_cls_loss	: 0.0000
-------------------------------------

[UniJDOT Debug] final_threshold = 0.5963 conf mean=0.4131 std=0.2159 reject=84.38%
[UniJDOT Eval ALL] n=2582 threshold=0.5963
[UniJDOT Eval ALL] conf: min=0.1433 max=0.7247 mean=0.3857 std=0.2158
[UniJDOT Eval ALL] rejected: 85.09%
[UniJDOT Eval ALL] pred class dist (pre-reject): [297, 94, 44, 540, 1167, 300, 140]
[UniJDOT Eval ALL] true label dist: [0, 0, 0, 409, 410, 405, 410, 948] (last bin = unknown)
H_score: 0.3584, OS* (acc_c): 0.2197, UNK (acc_p): 0.9726, acc_mix: 0.4961, F1: 0.4036
[UniJDOT Eval ALL] n=2582 threshold=0.5963
[UniJDOT Eval ALL] conf: min=0.1433 max=0.7247 mean=0.3857 std=0.2158
[UniJDOT Eval ALL] rejected: 85.09%
[UniJDOT Eval ALL] pred class dist (pre-reject): [297, 94, 44, 540, 1167, 300, 140]
[UniJDOT Eval ALL] true label dist: [0, 0, 0, 409, 410, 405, 410, 948] (last bin = unknown)
Uploading logs from: /mnt/data/home/tp2474/OpenSet-AdaTime/experiments_logs/curriculum/RealWorld to MHEALTH_UniDA_hard_n3_fno_mean/UniJDOT_UniDA_hard_n3_fno_mean/RealWorld_to_MHEALTH_run_4
🏃 View run UniJDOT_run_4 at: http://127.0.0.1:5001/#/experiments/827127228733241128/runs/2bd659c5d5594417b6aec12083b07e0a
🧪 View experiment at: http://127.0.0.1:5001/#/experiments/827127228733241128
==================== [n3 fno_mean] done ====================
==================== [n4 fno_mean] RAINCOAT ====================
[curriculum] scenario=UniDA  strategy=hard  n_unknown=4  rank_variant=fno_mean
[curriculum] source mapping (8 classes): {'lying': 'lying', 'sitting': 'sitting', 'walking': 'walking', 'running': 'running', 'climbingup': 'climbingup', 'jumping': 'jumping', 'climbingdown': 'climbingdown', 'standing': 'standing'}
[curriculum] target mapping (8 classes): {'Lying down': 'lying', 'Sitting and relaxing': 'sitting', 'Walking': 'walking', 'Running': 'running', 'Climbing stairs': 'Climbing stairs', 'Jogging': 'Jogging', 'Jump front & back': 'Jump front & back', 'Frontal elevation of arms': 'Frontal elevation of arms'}
[curriculum] unknowns added (in hard order): src=[climbingup,jumping,climbingdown,standing] | trg=[Climbing stairs,Jogging,Jump front & back,Frontal elevation of arms]
2026/05/11 19:08:36 INFO mlflow.tracking.fluent: Experiment with name 'RealWorld to MHEALTH_UniDA_hard_n4_fno_mean' does not exist. Creating a new experiment.
[scenario] RAINCOAT -> UniDA (uniDA=True)
Unlabeled data shape:  (2974, 150, 18)
Unlabelled Combined shape: (5127, 150, 18)

--- Dataloader Size Check ---
Source Train batches:   467
Target Train batches:   46
-------------------------------

Private classes:  tensor([ 8.,  9., 10., 11.])
=============================================
Dataset: RealWorld to MHEALTH_UniDA_hard_n4_fno_mean
Method:  RAINCOAT
=============================================
Source: RealWorld ---> Target: MHEALTH
Run ID: 0
=============================================
[Align Epoch : 1/20]
Src_cls_loss	: 1.1955
Sink	: 0.6918
Recon	: 23.9954
-------------------------------------
[Align Epoch : 2/20]
Src_cls_loss	: 0.9846
Sink	: 0.6239
Recon	: 23.9845
-------------------------------------
[Align Epoch : 3/20]
Src_cls_loss	: 0.8505
Sink	: 0.5835
Recon	: 23.9639
-------------------------------------
[Align Epoch : 4/20]
Src_cls_loss	: 0.7734
Sink	: 0.5561
Recon	: 23.9242
-------------------------------------
[Align Epoch : 5/20]
Src_cls_loss	: 0.7119
Sink	: 0.5342
Recon	: 23.8869
-------------------------------------
[Align Epoch : 6/20]
Src_cls_loss	: 0.6655
Sink	: 0.5148
Recon	: 23.8695
-------------------------------------
[Align Epoch : 7/20]
Src_cls_loss	: 0.6310
Sink	: 0.4956
Recon	: 23.8667
-------------------------------------
[Align Epoch : 8/20]
Src_cls_loss	: 0.5978
Sink	: 0.4787
Recon	: 23.8498
-------------------------------------
[Align Epoch : 9/20]
Src_cls_loss	: 0.5725
Sink	: 0.4634
Recon	: 23.8099
-------------------------------------
[Align Epoch : 10/20]
Src_cls_loss	: 0.5533
Sink	: 0.4495
Recon	: 23.7779
-------------------------------------
[Align Epoch : 11/20]
Src_cls_loss	: 0.5337
Sink	: 0.4360
Recon	: 23.7496
-------------------------------------
[Align Epoch : 12/20]
Src_cls_loss	: 0.5171
Sink	: 0.4237
Recon	: 23.7282
-------------------------------------
[Align Epoch : 13/20]
Src_cls_loss	: 0.5002
Sink	: 0.4118
Recon	: 23.7035
-------------------------------------
[Align Epoch : 14/20]
Src_cls_loss	: 0.4852
Sink	: 0.4005
Recon	: 23.6804
-------------------------------------
[Align Epoch : 15/20]
Src_cls_loss	: 0.4725
Sink	: 0.3899
Recon	: 23.6427
-------------------------------------
[Align Epoch : 16/20]
Src_cls_loss	: 0.4617
Sink	: 0.3803
Recon	: 23.6164
-------------------------------------
[Align Epoch : 17/20]
Src_cls_loss	: 0.4528
Sink	: 0.3711
Recon	: 23.5918
-------------------------------------
[Align Epoch : 18/20]
Src_cls_loss	: 0.4432
Sink	: 0.3627
Recon	: 23.5538
-------------------------------------
[Align Epoch : 19/20]
Src_cls_loss	: 0.4341
Sink	: 0.3548
Recon	: 23.5281
-------------------------------------
[Align Epoch : 20/20]
Src_cls_loss	: 0.4250
Sink	: 0.3471
Recon	: 23.4977
-------------------------------------
[Correct Epoch : 1/20]
Recon_correct	: 22.7175
-------------------------------------
[Correct Epoch : 2/20]
Recon_correct	: 22.6929
-------------------------------------
[Correct Epoch : 3/20]
Recon_correct	: 22.6222
-------------------------------------
[Correct Epoch : 4/20]
Recon_correct	: 22.5589
-------------------------------------
[Correct Epoch : 5/20]
Recon_correct	: 22.4682
-------------------------------------
[Correct Epoch : 6/20]
Recon_correct	: 22.4339
-------------------------------------
[Correct Epoch : 7/20]
Recon_correct	: 22.3613
-------------------------------------
[Correct Epoch : 8/20]
Recon_correct	: 22.3172
-------------------------------------
[Correct Epoch : 9/20]
Recon_correct	: 22.2505
-------------------------------------
[Correct Epoch : 10/20]
Recon_correct	: 22.2009
-------------------------------------
[Correct Epoch : 11/20]
Recon_correct	: 22.1486
-------------------------------------
[Correct Epoch : 12/20]
Recon_correct	: 22.0917
-------------------------------------
[Correct Epoch : 13/20]
Recon_correct	: 22.0331
-------------------------------------
[Correct Epoch : 14/20]
Recon_correct	: 21.9854
-------------------------------------
[Correct Epoch : 15/20]
Recon_correct	: 21.9421
-------------------------------------
[Correct Epoch : 16/20]
Recon_correct	: 21.8780
-------------------------------------
[Correct Epoch : 17/20]
Recon_correct	: 21.8212
-------------------------------------
[Correct Epoch : 18/20]
Recon_correct	: 21.7765
-------------------------------------
[Correct Epoch : 19/20]
Recon_correct	: 21.7248
-------------------------------------
[Correct Epoch : 20/20]
Recon_correct	: 21.6650
-------------------------------------
/home/tp2474/miniconda3/envs/myenv/lib/python3.9/site-packages/diptest/diptest.py:170: UserWarning: Dip test is not valid for n <= 3
  warnings.warn("Dip test is not valid for n <= 3", stacklevel=1)
/home/tp2474/miniconda3/envs/myenv/lib/python3.9/site-packages/diptest/diptest.py:170: UserWarning: Dip test is not valid for n <= 3
  warnings.warn("Dip test is not valid for n <= 3", stacklevel=1)
/mnt/data/home/tp2474/OpenSet-AdaTime/trainers/abstract_trainer.py:331: FutureWarning: The behavior of DataFrame concatenation with empty or all-NA entries is deprecated. In a future version, this will no longer exclude empty or all-NA columns when determining the result dtypes. To retain the old behavior, exclude the relevant entries before the concat operation.
  table = pd.concat([table, results_df], ignore_index=True)
H_score: 0.2492, OS* (acc_c): 0.1946, UNK (acc_p): 0.3463, acc_mix: 0.2629, F1: 0.2386
Uploading logs from: /mnt/data/home/tp2474/OpenSet-AdaTime/experiments_logs/curriculum/RealWorld to MHEALTH_UniDA_hard_n4_fno_mean/RAINCOAT_UniDA_hard_n4_fno_mean/RealWorld_to_MHEALTH_run_0
🏃 View run RAINCOAT_run_0 at: http://127.0.0.1:5001/#/experiments/969386100323708088/runs/3c052940fd8446999c6df76091869d0b
🧪 View experiment at: http://127.0.0.1:5001/#/experiments/969386100323708088
=============================================
Dataset: RealWorld to MHEALTH_UniDA_hard_n4_fno_mean
Method:  RAINCOAT
=============================================
Source: RealWorld ---> Target: MHEALTH
Run ID: 1
=============================================
[Align Epoch : 1/20]
Src_cls_loss	: 1.1138
Sink	: 0.7580
Recon	: 23.9916
-------------------------------------
[Align Epoch : 2/20]
Src_cls_loss	: 0.9231
Sink	: 0.6932
Recon	: 23.9426
-------------------------------------
[Align Epoch : 3/20]
Src_cls_loss	: 0.8066
Sink	: 0.6493
Recon	: 23.9195
-------------------------------------
[Align Epoch : 4/20]
Src_cls_loss	: 0.7279
Sink	: 0.6153
Recon	: 23.8944
-------------------------------------
[Align Epoch : 5/20]
Src_cls_loss	: 0.6697
Sink	: 0.5871
Recon	: 23.8907
-------------------------------------
[Align Epoch : 6/20]
Src_cls_loss	: 0.6295
Sink	: 0.5631
Recon	: 23.8448
-------------------------------------
[Align Epoch : 7/20]
Src_cls_loss	: 0.5945
Sink	: 0.5430
Recon	: 23.8196
-------------------------------------
[Align Epoch : 8/20]
Src_cls_loss	: 0.5646
Sink	: 0.5238
Recon	: 23.8018
-------------------------------------
[Align Epoch : 9/20]
Src_cls_loss	: 0.5392
Sink	: 0.5060
Recon	: 23.8005
-------------------------------------
[Align Epoch : 10/20]
Src_cls_loss	: 0.5188
Sink	: 0.4890
Recon	: 23.7726
-------------------------------------
[Align Epoch : 11/20]
Src_cls_loss	: 0.4999
Sink	: 0.4733
Recon	: 23.7686
-------------------------------------
[Align Epoch : 12/20]
Src_cls_loss	: 0.4831
Sink	: 0.4586
Recon	: 23.7464
-------------------------------------
[Align Epoch : 13/20]
Src_cls_loss	: 0.4677
Sink	: 0.4455
Recon	: 23.7106
-------------------------------------
[Align Epoch : 14/20]
Src_cls_loss	: 0.4537
Sink	: 0.4334
Recon	: 23.6912
-------------------------------------
[Align Epoch : 15/20]
Src_cls_loss	: 0.4430
Sink	: 0.4218
Recon	: 23.6608
-------------------------------------
[Align Epoch : 16/20]
Src_cls_loss	: 0.4321
Sink	: 0.4106
Recon	: 23.6322
-------------------------------------
[Align Epoch : 17/20]
Src_cls_loss	: 0.4208
Sink	: 0.3999
Recon	: 23.6115
-------------------------------------
[Align Epoch : 18/20]
Src_cls_loss	: 0.4113
Sink	: 0.3898
Recon	: 23.5894
-------------------------------------
[Align Epoch : 19/20]
Src_cls_loss	: 0.4034
Sink	: 0.3801
Recon	: 23.5645
-------------------------------------
[Align Epoch : 20/20]
Src_cls_loss	: 0.3953
Sink	: 0.3703
Recon	: 23.5351
-------------------------------------
[Correct Epoch : 1/20]
Recon_correct	: 22.8893
-------------------------------------
[Correct Epoch : 2/20]
Recon_correct	: 22.8474
-------------------------------------
[Correct Epoch : 3/20]
Recon_correct	: 22.7988
-------------------------------------
[Correct Epoch : 4/20]
Recon_correct	: 22.7477
-------------------------------------
[Correct Epoch : 5/20]
Recon_correct	: 22.7281
-------------------------------------
[Correct Epoch : 6/20]
Recon_correct	: 22.6804
-------------------------------------
[Correct Epoch : 7/20]
Recon_correct	: 22.6212
-------------------------------------
[Correct Epoch : 8/20]
Recon_correct	: 22.5679
-------------------------------------
[Correct Epoch : 9/20]
Recon_correct	: 22.5164
-------------------------------------
[Correct Epoch : 10/20]
Recon_correct	: 22.4596
-------------------------------------
[Correct Epoch : 11/20]
Recon_correct	: 22.4197
-------------------------------------
[Correct Epoch : 12/20]
Recon_correct	: 22.3723
-------------------------------------
[Correct Epoch : 13/20]
Recon_correct	: 22.3219
-------------------------------------
[Correct Epoch : 14/20]
Recon_correct	: 22.2655
-------------------------------------
[Correct Epoch : 15/20]
Recon_correct	: 22.2117
-------------------------------------
[Correct Epoch : 16/20]
Recon_correct	: 22.1589
-------------------------------------
[Correct Epoch : 17/20]
Recon_correct	: 22.1127
-------------------------------------
[Correct Epoch : 18/20]
Recon_correct	: 22.0625
-------------------------------------
[Correct Epoch : 19/20]
Recon_correct	: 22.0072
-------------------------------------
[Correct Epoch : 20/20]
Recon_correct	: 21.9547
-------------------------------------
H_score: 0.1961, OS* (acc_c): 0.1903, UNK (acc_p): 0.2022, acc_mix: 0.1957, F1: 0.2251
Uploading logs from: /mnt/data/home/tp2474/OpenSet-AdaTime/experiments_logs/curriculum/RealWorld to MHEALTH_UniDA_hard_n4_fno_mean/RAINCOAT_UniDA_hard_n4_fno_mean/RealWorld_to_MHEALTH_run_1
🏃 View run RAINCOAT_run_1 at: http://127.0.0.1:5001/#/experiments/969386100323708088/runs/d2fbe085476341b2918a608f0c01faa8
🧪 View experiment at: http://127.0.0.1:5001/#/experiments/969386100323708088
=============================================
Dataset: RealWorld to MHEALTH_UniDA_hard_n4_fno_mean
Method:  RAINCOAT
=============================================
Source: RealWorld ---> Target: MHEALTH
Run ID: 2
=============================================
[Align Epoch : 1/20]
Src_cls_loss	: 1.1229
Sink	: 0.7490
Recon	: 24.0228
-------------------------------------
[Align Epoch : 2/20]
Src_cls_loss	: 0.9189
Sink	: 0.6952
Recon	: 23.9107
-------------------------------------
[Align Epoch : 3/20]
Src_cls_loss	: 0.8213
Sink	: 0.6487
Recon	: 23.8871
-------------------------------------
[Align Epoch : 4/20]
Src_cls_loss	: 0.7389
Sink	: 0.6111
Recon	: 23.8815
-------------------------------------
[Align Epoch : 5/20]
Src_cls_loss	: 0.6796
Sink	: 0.5806
Recon	: 23.8619
-------------------------------------
[Align Epoch : 6/20]
Src_cls_loss	: 0.6360
Sink	: 0.5533
Recon	: 23.8515
-------------------------------------
[Align Epoch : 7/20]
Src_cls_loss	: 0.5982
Sink	: 0.5294
Recon	: 23.8138
-------------------------------------
[Align Epoch : 8/20]
Src_cls_loss	: 0.5690
Sink	: 0.5085
Recon	: 23.7805
-------------------------------------
[Align Epoch : 9/20]
Src_cls_loss	: 0.5418
Sink	: 0.4895
Recon	: 23.7573
-------------------------------------
[Align Epoch : 10/20]
Src_cls_loss	: 0.5216
Sink	: 0.4722
Recon	: 23.7293
-------------------------------------
[Align Epoch : 11/20]
Src_cls_loss	: 0.5023
Sink	: 0.4567
Recon	: 23.7047
-------------------------------------
[Align Epoch : 12/20]
Src_cls_loss	: 0.4866
Sink	: 0.4417
Recon	: 23.6723
-------------------------------------
[Align Epoch : 13/20]
Src_cls_loss	: 0.4724
Sink	: 0.4280
Recon	: 23.6437
-------------------------------------
[Align Epoch : 14/20]
Src_cls_loss	: 0.4577
Sink	: 0.4151
Recon	: 23.6228
-------------------------------------
[Align Epoch : 15/20]
Src_cls_loss	: 0.4451
Sink	: 0.4026
Recon	: 23.5984
-------------------------------------
[Align Epoch : 16/20]
Src_cls_loss	: 0.4339
Sink	: 0.3912
Recon	: 23.5723
-------------------------------------
[Align Epoch : 17/20]
Src_cls_loss	: 0.4253
Sink	: 0.3803
Recon	: 23.5458
-------------------------------------
[Align Epoch : 18/20]
Src_cls_loss	: 0.4159
Sink	: 0.3697
Recon	: 23.5311
-------------------------------------
[Align Epoch : 19/20]
Src_cls_loss	: 0.4077
Sink	: 0.3598
Recon	: 23.5045
-------------------------------------
[Align Epoch : 20/20]
Src_cls_loss	: 0.3994
Sink	: 0.3504
Recon	: 23.4826
-------------------------------------
[Correct Epoch : 1/20]
Recon_correct	: 22.7646
-------------------------------------
[Correct Epoch : 2/20]
Recon_correct	: 22.8044
-------------------------------------
[Correct Epoch : 3/20]
Recon_correct	: 22.7629
-------------------------------------
[Correct Epoch : 4/20]
Recon_correct	: 22.7410
-------------------------------------
[Correct Epoch : 5/20]
Recon_correct	: 22.7059
-------------------------------------
[Correct Epoch : 6/20]
Recon_correct	: 22.6719
-------------------------------------
[Correct Epoch : 7/20]
Recon_correct	: 22.6275
-------------------------------------
[Correct Epoch : 8/20]
Recon_correct	: 22.5609
-------------------------------------
[Correct Epoch : 9/20]
Recon_correct	: 22.5060
-------------------------------------
[Correct Epoch : 10/20]
Recon_correct	: 22.4526
-------------------------------------
[Correct Epoch : 11/20]
Recon_correct	: 22.4004
-------------------------------------
[Correct Epoch : 12/20]
Recon_correct	: 22.3641
-------------------------------------
[Correct Epoch : 13/20]
Recon_correct	: 22.3237
-------------------------------------
[Correct Epoch : 14/20]
Recon_correct	: 22.2680
-------------------------------------
[Correct Epoch : 15/20]
Recon_correct	: 22.2136
-------------------------------------
[Correct Epoch : 16/20]
Recon_correct	: 22.1631
-------------------------------------
[Correct Epoch : 17/20]
Recon_correct	: 22.1075
-------------------------------------
[Correct Epoch : 18/20]
Recon_correct	: 22.0583
-------------------------------------
[Correct Epoch : 19/20]
Recon_correct	: 22.0070
-------------------------------------
[Correct Epoch : 20/20]
Recon_correct	: 21.9616
-------------------------------------
H_score: 0.1813, OS* (acc_c): 0.1903, UNK (acc_p): 0.1731, acc_mix: 0.1826, F1: 0.2140
Uploading logs from: /mnt/data/home/tp2474/OpenSet-AdaTime/experiments_logs/curriculum/RealWorld to MHEALTH_UniDA_hard_n4_fno_mean/RAINCOAT_UniDA_hard_n4_fno_mean/RealWorld_to_MHEALTH_run_2
🏃 View run RAINCOAT_run_2 at: http://127.0.0.1:5001/#/experiments/969386100323708088/runs/7939c11826fd48e4a407418fcd3f6b4e
🧪 View experiment at: http://127.0.0.1:5001/#/experiments/969386100323708088
=============================================
Dataset: RealWorld to MHEALTH_UniDA_hard_n4_fno_mean
Method:  RAINCOAT
=============================================
Source: RealWorld ---> Target: MHEALTH
Run ID: 3
=============================================
[Align Epoch : 1/20]
Src_cls_loss	: 1.1212
Sink	: 0.7658
Recon	: 23.9328
-------------------------------------
[Align Epoch : 2/20]
Src_cls_loss	: 0.9074
Sink	: 0.7023
Recon	: 23.9159
-------------------------------------
[Align Epoch : 3/20]
Src_cls_loss	: 0.7935
Sink	: 0.6620
Recon	: 23.9011
-------------------------------------
[Align Epoch : 4/20]
Src_cls_loss	: 0.7127
Sink	: 0.6317
Recon	: 23.8708
-------------------------------------
[Align Epoch : 5/20]
Src_cls_loss	: 0.6538
Sink	: 0.6046
Recon	: 23.8598
-------------------------------------
[Align Epoch : 6/20]
Src_cls_loss	: 0.6101
Sink	: 0.5794
Recon	: 23.8388
-------------------------------------
[Align Epoch : 7/20]
Src_cls_loss	: 0.5770
Sink	: 0.5554
Recon	: 23.8280
-------------------------------------
[Align Epoch : 8/20]
Src_cls_loss	: 0.5472
Sink	: 0.5332
Recon	: 23.7971
-------------------------------------
[Align Epoch : 9/20]
Src_cls_loss	: 0.5274
Sink	: 0.5125
Recon	: 23.7599
-------------------------------------
[Align Epoch : 10/20]
Src_cls_loss	: 0.5118
Sink	: 0.4928
Recon	: 23.7075
-------------------------------------
[Align Epoch : 11/20]
Src_cls_loss	: 0.4937
Sink	: 0.4750
Recon	: 23.6759
-------------------------------------
[Align Epoch : 12/20]
Src_cls_loss	: 0.4779
Sink	: 0.4579
Recon	: 23.6431
-------------------------------------
[Align Epoch : 13/20]
Src_cls_loss	: 0.4634
Sink	: 0.4429
Recon	: 23.6221
-------------------------------------
[Align Epoch : 14/20]
Src_cls_loss	: 0.4497
Sink	: 0.4283
Recon	: 23.5927
-------------------------------------
[Align Epoch : 15/20]
Src_cls_loss	: 0.4366
Sink	: 0.4145
Recon	: 23.5680
-------------------------------------
[Align Epoch : 16/20]
Src_cls_loss	: 0.4248
Sink	: 0.4016
Recon	: 23.5474
-------------------------------------
[Align Epoch : 17/20]
Src_cls_loss	: 0.4157
Sink	: 0.3890
Recon	: 23.5238
-------------------------------------
[Align Epoch : 18/20]
Src_cls_loss	: 0.4081
Sink	: 0.3775
Recon	: 23.4935
-------------------------------------
[Align Epoch : 19/20]
Src_cls_loss	: 0.4005
Sink	: 0.3670
Recon	: 23.4676
-------------------------------------
[Align Epoch : 20/20]
Src_cls_loss	: 0.3923
Sink	: 0.3570
Recon	: 23.4485
-------------------------------------
[Correct Epoch : 1/20]
Recon_correct	: 22.8177
-------------------------------------
[Correct Epoch : 2/20]
Recon_correct	: 22.7614
-------------------------------------
[Correct Epoch : 3/20]
Recon_correct	: 22.7422
-------------------------------------
[Correct Epoch : 4/20]
Recon_correct	: 22.7001
-------------------------------------
[Correct Epoch : 5/20]
Recon_correct	: 22.6627
-------------------------------------
[Correct Epoch : 6/20]
Recon_correct	: 22.6374
-------------------------------------
[Correct Epoch : 7/20]
Recon_correct	: 22.5629
-------------------------------------
[Correct Epoch : 8/20]
Recon_correct	: 22.5046
-------------------------------------
[Correct Epoch : 9/20]
Recon_correct	: 22.4354
-------------------------------------
[Correct Epoch : 10/20]
Recon_correct	: 22.3849
-------------------------------------
[Correct Epoch : 11/20]
Recon_correct	: 22.3345
-------------------------------------
[Correct Epoch : 12/20]
Recon_correct	: 22.2892
-------------------------------------
[Correct Epoch : 13/20]
Recon_correct	: 22.2392
-------------------------------------
[Correct Epoch : 14/20]
Recon_correct	: 22.1976
-------------------------------------
[Correct Epoch : 15/20]
Recon_correct	: 22.1505
-------------------------------------
[Correct Epoch : 16/20]
Recon_correct	: 22.0968
-------------------------------------
[Correct Epoch : 17/20]
Recon_correct	: 22.0452
-------------------------------------
[Correct Epoch : 18/20]
Recon_correct	: 21.9995
-------------------------------------
[Correct Epoch : 19/20]
Recon_correct	: 21.9499
-------------------------------------
[Correct Epoch : 20/20]
Recon_correct	: 21.9065
-------------------------------------
H_score: 0.2391, OS* (acc_c): 0.2693, UNK (acc_p): 0.2149, acc_mix: 0.2448, F1: 0.2588
Uploading logs from: /mnt/data/home/tp2474/OpenSet-AdaTime/experiments_logs/curriculum/RealWorld to MHEALTH_UniDA_hard_n4_fno_mean/RAINCOAT_UniDA_hard_n4_fno_mean/RealWorld_to_MHEALTH_run_3
🏃 View run RAINCOAT_run_3 at: http://127.0.0.1:5001/#/experiments/969386100323708088/runs/d2c3419adfdf4b4ba06519ba23ef6006
🧪 View experiment at: http://127.0.0.1:5001/#/experiments/969386100323708088
=============================================
Dataset: RealWorld to MHEALTH_UniDA_hard_n4_fno_mean
Method:  RAINCOAT
=============================================
Source: RealWorld ---> Target: MHEALTH
Run ID: 4
=============================================
[Align Epoch : 1/20]
Src_cls_loss	: 1.1248
Sink	: 0.7254
Recon	: 23.9890
-------------------------------------
[Align Epoch : 2/20]
Src_cls_loss	: 0.9166
Sink	: 0.6497
Recon	: 23.9696
-------------------------------------
[Align Epoch : 3/20]
Src_cls_loss	: 0.8040
Sink	: 0.6079
Recon	: 23.9492
-------------------------------------
[Align Epoch : 4/20]
Src_cls_loss	: 0.7264
Sink	: 0.5781
Recon	: 23.9283
-------------------------------------
[Align Epoch : 5/20]
Src_cls_loss	: 0.6677
Sink	: 0.5540
Recon	: 23.9056
-------------------------------------
[Align Epoch : 6/20]
Src_cls_loss	: 0.6276
Sink	: 0.5337
Recon	: 23.8921
-------------------------------------
[Align Epoch : 7/20]
Src_cls_loss	: 0.5905
Sink	: 0.5143
Recon	: 23.8796
-------------------------------------
[Align Epoch : 8/20]
Src_cls_loss	: 0.5611
Sink	: 0.4969
Recon	: 23.8700
-------------------------------------
[Align Epoch : 9/20]
Src_cls_loss	: 0.5371
Sink	: 0.4802
Recon	: 23.8259
-------------------------------------
[Align Epoch : 10/20]
Src_cls_loss	: 0.5149
Sink	: 0.4644
Recon	: 23.8011
-------------------------------------
[Align Epoch : 11/20]
Src_cls_loss	: 0.4970
Sink	: 0.4507
Recon	: 23.7759
-------------------------------------
[Align Epoch : 12/20]
Src_cls_loss	: 0.4802
Sink	: 0.4387
Recon	: 23.7498
-------------------------------------
[Align Epoch : 13/20]
Src_cls_loss	: 0.4649
Sink	: 0.4278
Recon	: 23.7287
-------------------------------------
[Align Epoch : 14/20]
Src_cls_loss	: 0.4511
Sink	: 0.4168
Recon	: 23.7131
-------------------------------------
[Align Epoch : 15/20]
Src_cls_loss	: 0.4385
Sink	: 0.4060
Recon	: 23.6875
-------------------------------------
[Align Epoch : 16/20]
Src_cls_loss	: 0.4272
Sink	: 0.3963
Recon	: 23.6633
-------------------------------------
[Align Epoch : 17/20]
Src_cls_loss	: 0.4168
Sink	: 0.3870
Recon	: 23.6403
-------------------------------------
[Align Epoch : 18/20]
Src_cls_loss	: 0.4085
Sink	: 0.3784
Recon	: 23.6058
-------------------------------------
[Align Epoch : 19/20]
Src_cls_loss	: 0.4010
Sink	: 0.3700
Recon	: 23.5805
-------------------------------------
[Align Epoch : 20/20]
Src_cls_loss	: 0.3932
Sink	: 0.3615
Recon	: 23.5471
-------------------------------------
[Correct Epoch : 1/20]
Recon_correct	: 22.8704
-------------------------------------
[Correct Epoch : 2/20]
Recon_correct	: 22.7099
-------------------------------------
[Correct Epoch : 3/20]
Recon_correct	: 22.7133
-------------------------------------
[Correct Epoch : 4/20]
Recon_correct	: 22.6334
-------------------------------------
[Correct Epoch : 5/20]
Recon_correct	: 22.6107
-------------------------------------
[Correct Epoch : 6/20]
Recon_correct	: 22.5751
-------------------------------------
[Correct Epoch : 7/20]
Recon_correct	: 22.5415
-------------------------------------
[Correct Epoch : 8/20]
Recon_correct	: 22.5140
-------------------------------------
[Correct Epoch : 9/20]
Recon_correct	: 22.4532
-------------------------------------
[Correct Epoch : 10/20]
Recon_correct	: 22.3928
-------------------------------------
[Correct Epoch : 11/20]
Recon_correct	: 22.3490
-------------------------------------
[Correct Epoch : 12/20]
Recon_correct	: 22.2959
-------------------------------------
[Correct Epoch : 13/20]
Recon_correct	: 22.2458
-------------------------------------
[Correct Epoch : 14/20]
Recon_correct	: 22.2070
-------------------------------------
[Correct Epoch : 15/20]
Recon_correct	: 22.1714
-------------------------------------
[Correct Epoch : 16/20]
Recon_correct	: 22.1317
-------------------------------------
[Correct Epoch : 17/20]
Recon_correct	: 22.0914
-------------------------------------
[Correct Epoch : 18/20]
Recon_correct	: 22.0530
-------------------------------------
[Correct Epoch : 19/20]
Recon_correct	: 22.0087
-------------------------------------
[Correct Epoch : 20/20]
Recon_correct	: 21.9680
-------------------------------------
H_score: 0.2443, OS* (acc_c): 0.3274, UNK (acc_p): 0.1948, acc_mix: 0.2677, F1: 0.2861
Uploading logs from: /mnt/data/home/tp2474/OpenSet-AdaTime/experiments_logs/curriculum/RealWorld to MHEALTH_UniDA_hard_n4_fno_mean/RAINCOAT_UniDA_hard_n4_fno_mean/RealWorld_to_MHEALTH_run_4
🏃 View run RAINCOAT_run_4 at: http://127.0.0.1:5001/#/experiments/969386100323708088/runs/5812eda62e5c43aa92adafe6798b44f5
🧪 View experiment at: http://127.0.0.1:5001/#/experiments/969386100323708088
==================== [n4 fno_mean] UDA ====================
[curriculum] scenario=UniDA  strategy=hard  n_unknown=4  rank_variant=fno_mean
[curriculum] source mapping (8 classes): {'lying': 'lying', 'sitting': 'sitting', 'walking': 'walking', 'running': 'running', 'climbingup': 'climbingup', 'jumping': 'jumping', 'climbingdown': 'climbingdown', 'standing': 'standing'}
[curriculum] target mapping (8 classes): {'Lying down': 'lying', 'Sitting and relaxing': 'sitting', 'Walking': 'walking', 'Running': 'running', 'Climbing stairs': 'Climbing stairs', 'Jogging': 'Jogging', 'Jump front & back': 'Jump front & back', 'Frontal elevation of arms': 'Frontal elevation of arms'}
[curriculum] unknowns added (in hard order): src=[climbingup,jumping,climbingdown,standing] | trg=[Climbing stairs,Jogging,Jump front & back,Frontal elevation of arms]
[scenario] UDA -> UniDA (uniDA=True)
Unlabeled data shape:  (2974, 150, 18)
Unlabelled Combined shape: (5127, 150, 18)

--- Dataloader Size Check ---
Source Train batches:   467
Target Train batches:   46
-------------------------------

Private classes:  tensor([ 8.,  9., 10., 11.])
=============================================
Dataset: RealWorld to MHEALTH_UniDA_hard_n4_fno_mean
Method:  UDA
=============================================
Source: RealWorld ---> Target: MHEALTH
Run ID: 0
=============================================
[Pr Epoch : 1/20]
Pr_Src_cls_loss	: 0.9812
-------------------------------------
[Pr Epoch : 2/20]
Pr_Src_cls_loss	: 0.6566
-------------------------------------
[Pr Epoch : 3/20]
Pr_Src_cls_loss	: 0.5067
-------------------------------------
[Pr Epoch : 4/20]
Pr_Src_cls_loss	: 0.4193
-------------------------------------
[Pr Epoch : 5/20]
Pr_Src_cls_loss	: 0.3618
-------------------------------------
[Pr Epoch : 6/20]
Pr_Src_cls_loss	: 0.3200
-------------------------------------
[Pr Epoch : 7/20]
Pr_Src_cls_loss	: 0.2877
-------------------------------------
[Pr Epoch : 8/20]
Pr_Src_cls_loss	: 0.2624
-------------------------------------
[Pr Epoch : 9/20]
Pr_Src_cls_loss	: 0.2420
-------------------------------------
[Pr Epoch : 10/20]
Pr_Src_cls_loss	: 0.2251
-------------------------------------
[Pr Epoch : 11/20]
Pr_Src_cls_loss	: 0.2109
-------------------------------------
[Pr Epoch : 12/20]
Pr_Src_cls_loss	: 0.1985
-------------------------------------
[Pr Epoch : 13/20]
Pr_Src_cls_loss	: 0.1876
-------------------------------------
[Pr Epoch : 14/20]
Pr_Src_cls_loss	: 0.1782
-------------------------------------
[Pr Epoch : 15/20]
Pr_Src_cls_loss	: 0.1700
-------------------------------------
[Pr Epoch : 16/20]
Pr_Src_cls_loss	: 0.1628
-------------------------------------
[Pr Epoch : 17/20]
Pr_Src_cls_loss	: 0.1563
-------------------------------------
[Pr Epoch : 18/20]
Pr_Src_cls_loss	: 0.1503
-------------------------------------
[Pr Epoch : 19/20]
Pr_Src_cls_loss	: 0.1448
-------------------------------------
[Pr Epoch : 20/20]
Pr_Src_cls_loss	: 0.1399
-------------------------------------
[Epoch : 1/20]
Pr_Src_cls_loss	: 0.1399
Total_loss	: 5.7620
Domain_loss	: 0.7758
Src_cls_loss	: 0.1703
Adv Loss	: 1.3143
-------------------------------------
[Epoch : 2/20]
Pr_Src_cls_loss	: 0.1399
Total_loss	: 5.7992
Domain_loss	: 0.5621
Src_cls_loss	: 0.1753
Adv Loss	: 1.3195
-------------------------------------
[Epoch : 3/20]
Pr_Src_cls_loss	: 0.1399
Total_loss	: 5.7974
Domain_loss	: 0.4313
Src_cls_loss	: 0.1671
Adv Loss	: 1.3260
-------------------------------------
[Epoch : 4/20]
Pr_Src_cls_loss	: 0.1399
Total_loss	: 5.7955
Domain_loss	: 0.3614
Src_cls_loss	: 0.1617
Adv Loss	: 1.3301
-------------------------------------
[Epoch : 5/20]
Pr_Src_cls_loss	: 0.1399
Total_loss	: 5.7688
Domain_loss	: 0.3178
Src_cls_loss	: 0.1553
Adv Loss	: 1.3287
-------------------------------------
[Epoch : 6/20]
Pr_Src_cls_loss	: 0.1399
Total_loss	: 5.7646
Domain_loss	: 0.2874
Src_cls_loss	: 0.1525
Adv Loss	: 1.3300
-------------------------------------
[Epoch : 7/20]
Pr_Src_cls_loss	: 0.1399
Total_loss	: 5.7628
Domain_loss	: 0.2630
Src_cls_loss	: 0.1492
Adv Loss	: 1.3324
-------------------------------------
[Epoch : 8/20]
Pr_Src_cls_loss	: 0.1399
Total_loss	: 5.7463
Domain_loss	: 0.2435
Src_cls_loss	: 0.1465
Adv Loss	: 1.3305
-------------------------------------
[Epoch : 9/20]
Pr_Src_cls_loss	: 0.1399
Total_loss	: 5.7500
Domain_loss	: 0.2296
Src_cls_loss	: 0.1440
Adv Loss	: 1.3336
-------------------------------------
[Epoch : 10/20]
Pr_Src_cls_loss	: 0.1399
Total_loss	: 5.7454
Domain_loss	: 0.2169
Src_cls_loss	: 0.1413
Adv Loss	: 1.3347
-------------------------------------
[Epoch : 11/20]
Pr_Src_cls_loss	: 0.1399
Total_loss	: 5.7424
Domain_loss	: 0.2090
Src_cls_loss	: 0.1399
Adv Loss	: 1.3351
-------------------------------------
[Epoch : 12/20]
Pr_Src_cls_loss	: 0.1399
Total_loss	: 5.7413
Domain_loss	: 0.2014
Src_cls_loss	: 0.1388
Adv Loss	: 1.3358
-------------------------------------
[Epoch : 13/20]
Pr_Src_cls_loss	: 0.1399
Total_loss	: 5.7430
Domain_loss	: 0.1925
Src_cls_loss	: 0.1372
Adv Loss	: 1.3376
-------------------------------------
[Epoch : 14/20]
Pr_Src_cls_loss	: 0.1399
Total_loss	: 5.7381
Domain_loss	: 0.1849
Src_cls_loss	: 0.1354
Adv Loss	: 1.3378
-------------------------------------
[Epoch : 15/20]
Pr_Src_cls_loss	: 0.1399
Total_loss	: 5.7425
Domain_loss	: 0.1783
Src_cls_loss	: 0.1338
Adv Loss	: 1.3403
-------------------------------------
[Epoch : 16/20]
Pr_Src_cls_loss	: 0.1399
Total_loss	: 5.7397
Domain_loss	: 0.1714
Src_cls_loss	: 0.1320
Adv Loss	: 1.3412
-------------------------------------
[Epoch : 17/20]
Pr_Src_cls_loss	: 0.1399
Total_loss	: 5.7356
Domain_loss	: 0.1666
Src_cls_loss	: 0.1308
Adv Loss	: 1.3411
-------------------------------------
[Epoch : 18/20]
Pr_Src_cls_loss	: 0.1399
Total_loss	: 5.7383
Domain_loss	: 0.1622
Src_cls_loss	: 0.1297
Adv Loss	: 1.3427
-------------------------------------
[Epoch : 19/20]
Pr_Src_cls_loss	: 0.1399
Total_loss	: 5.7398
Domain_loss	: 0.1581
Src_cls_loss	: 0.1285
Adv Loss	: 1.3441
-------------------------------------
[Epoch : 20/20]
Pr_Src_cls_loss	: 0.1399
Total_loss	: 5.7385
Domain_loss	: 0.1532
Src_cls_loss	: 0.1269
Adv Loss	: 1.3452
-------------------------------------
/mnt/data/home/tp2474/OpenSet-AdaTime/trainers/abstract_trainer.py:331: FutureWarning: The behavior of DataFrame concatenation with empty or all-NA entries is deprecated. In a future version, this will no longer exclude empty or all-NA columns when determining the result dtypes. To retain the old behavior, exclude the relevant entries before the concat operation.
  table = pd.concat([table, results_df], ignore_index=True)
H_score: 0.2837, OS* (acc_c): 0.3446, UNK (acc_p): 0.2410, acc_mix: 0.2979, F1: 0.3458
Uploading logs from: /mnt/data/home/tp2474/OpenSet-AdaTime/experiments_logs/curriculum/RealWorld to MHEALTH_UniDA_hard_n4_fno_mean/UDA_UniDA_hard_n4_fno_mean/RealWorld_to_MHEALTH_run_0
🏃 View run UDA_run_0 at: http://127.0.0.1:5001/#/experiments/969386100323708088/runs/a2e7365c0c8249bea7eeb0547af2b7f3
🧪 View experiment at: http://127.0.0.1:5001/#/experiments/969386100323708088
=============================================
Dataset: RealWorld to MHEALTH_UniDA_hard_n4_fno_mean
Method:  UDA
=============================================
Source: RealWorld ---> Target: MHEALTH
Run ID: 1
=============================================
[Pr Epoch : 1/20]
Pr_Src_cls_loss	: 0.9975
-------------------------------------
[Pr Epoch : 2/20]
Pr_Src_cls_loss	: 0.6631
-------------------------------------
[Pr Epoch : 3/20]
Pr_Src_cls_loss	: 0.5103
-------------------------------------
[Pr Epoch : 4/20]
Pr_Src_cls_loss	: 0.4215
-------------------------------------
[Pr Epoch : 5/20]
Pr_Src_cls_loss	: 0.3620
-------------------------------------
[Pr Epoch : 6/20]
Pr_Src_cls_loss	: 0.3197
-------------------------------------
[Pr Epoch : 7/20]
Pr_Src_cls_loss	: 0.2879
-------------------------------------
[Pr Epoch : 8/20]
Pr_Src_cls_loss	: 0.2624
-------------------------------------
[Pr Epoch : 9/20]
Pr_Src_cls_loss	: 0.2417
-------------------------------------
[Pr Epoch : 10/20]
Pr_Src_cls_loss	: 0.2243
-------------------------------------
[Pr Epoch : 11/20]
Pr_Src_cls_loss	: 0.2097
-------------------------------------
[Pr Epoch : 12/20]
Pr_Src_cls_loss	: 0.1971
-------------------------------------
[Pr Epoch : 13/20]
Pr_Src_cls_loss	: 0.1862
-------------------------------------
[Pr Epoch : 14/20]
Pr_Src_cls_loss	: 0.1769
-------------------------------------
[Pr Epoch : 15/20]
Pr_Src_cls_loss	: 0.1686
-------------------------------------
[Pr Epoch : 16/20]
Pr_Src_cls_loss	: 0.1611
-------------------------------------
[Pr Epoch : 17/20]
Pr_Src_cls_loss	: 0.1545
-------------------------------------
[Pr Epoch : 18/20]
Pr_Src_cls_loss	: 0.1486
-------------------------------------
[Pr Epoch : 19/20]
Pr_Src_cls_loss	: 0.1433
-------------------------------------
[Pr Epoch : 20/20]
Pr_Src_cls_loss	: 0.1385
-------------------------------------
[Epoch : 1/20]
Pr_Src_cls_loss	: 0.1385
Total_loss	: 5.7859
Domain_loss	: 0.7365
Src_cls_loss	: 0.1557
Adv Loss	: 1.3328
-------------------------------------
[Epoch : 2/20]
Pr_Src_cls_loss	: 0.1385
Total_loss	: 5.8092
Domain_loss	: 0.5151
Src_cls_loss	: 0.1694
Adv Loss	: 1.3270
-------------------------------------
[Epoch : 3/20]
Pr_Src_cls_loss	: 0.1385
Total_loss	: 5.8038
Domain_loss	: 0.3995
Src_cls_loss	: 0.1642
Adv Loss	: 1.3301
-------------------------------------
[Epoch : 4/20]
Pr_Src_cls_loss	: 0.1385
Total_loss	: 5.8023
Domain_loss	: 0.3451
Src_cls_loss	: 0.1625
Adv Loss	: 1.3311
-------------------------------------
/pytorch/aten/src/ATen/native/cuda/Loss.cu:90: operator(): block: [0,0,0], thread: [0,0,0] Assertion `input_val >= zero && input_val <= one` failed.
/pytorch/aten/src/ATen/native/cuda/Loss.cu:90: operator(): block: [0,0,0], thread: [1,0,0] Assertion `input_val >= zero && input_val <= one` failed.
/pytorch/aten/src/ATen/native/cuda/Loss.cu:90: operator(): block: [0,0,0], thread: [2,0,0] Assertion `input_val >= zero && input_val <= one` failed.
/pytorch/aten/src/ATen/native/cuda/Loss.cu:90: operator(): block: [0,0,0], thread: [3,0,0] Assertion `input_val >= zero && input_val <= one` failed.
/pytorch/aten/src/ATen/native/cuda/Loss.cu:90: operator(): block: [0,0,0], thread: [4,0,0] Assertion `input_val >= zero && input_val <= one` failed.
/pytorch/aten/src/ATen/native/cuda/Loss.cu:90: operator(): block: [0,0,0], thread: [5,0,0] Assertion `input_val >= zero && input_val <= one` failed.
/pytorch/aten/src/ATen/native/cuda/Loss.cu:90: operator(): block: [0,0,0], thread: [6,0,0] Assertion `input_val >= zero && input_val <= one` failed.
/pytorch/aten/src/ATen/native/cuda/Loss.cu:90: operator(): block: [0,0,0], thread: [7,0,0] Assertion `input_val >= zero && input_val <= one` failed.
/pytorch/aten/src/ATen/native/cuda/Loss.cu:90: operator(): block: [0,0,0], thread: [8,0,0] Assertion `input_val >= zero && input_val <= one` failed.
/pytorch/aten/src/ATen/native/cuda/Loss.cu:90: operator(): block: [0,0,0], thread: [9,0,0] Assertion `input_val >= zero && input_val <= one` failed.
/pytorch/aten/src/ATen/native/cuda/Loss.cu:90: operator(): block: [0,0,0], thread: [10,0,0] Assertion `input_val >= zero && input_val <= one` failed.
/pytorch/aten/src/ATen/native/cuda/Loss.cu:90: operator(): block: [0,0,0], thread: [11,0,0] Assertion `input_val >= zero && input_val <= one` failed.
/pytorch/aten/src/ATen/native/cuda/Loss.cu:90: operator(): block: [0,0,0], thread: [12,0,0] Assertion `input_val >= zero && input_val <= one` failed.
/pytorch/aten/src/ATen/native/cuda/Loss.cu:90: operator(): block: [0,0,0], thread: [13,0,0] Assertion `input_val >= zero && input_val <= one` failed.
/pytorch/aten/src/ATen/native/cuda/Loss.cu:90: operator(): block: [0,0,0], thread: [14,0,0] Assertion `input_val >= zero && input_val <= one` failed.
/pytorch/aten/src/ATen/native/cuda/Loss.cu:90: operator(): block: [0,0,0], thread: [15,0,0] Assertion `input_val >= zero && input_val <= one` failed.
/pytorch/aten/src/ATen/native/cuda/Loss.cu:90: operator(): block: [0,0,0], thread: [16,0,0] Assertion `input_val >= zero && input_val <= one` failed.
/pytorch/aten/src/ATen/native/cuda/Loss.cu:90: operator(): block: [0,0,0], thread: [17,0,0] Assertion `input_val >= zero && input_val <= one` failed.
/pytorch/aten/src/ATen/native/cuda/Loss.cu:90: operator(): block: [0,0,0], thread: [18,0,0] Assertion `input_val >= zero && input_val <= one` failed.
/pytorch/aten/src/ATen/native/cuda/Loss.cu:90: operator(): block: [0,0,0], thread: [19,0,0] Assertion `input_val >= zero && input_val <= one` failed.
/pytorch/aten/src/ATen/native/cuda/Loss.cu:90: operator(): block: [0,0,0], thread: [20,0,0] Assertion `input_val >= zero && input_val <= one` failed.
/pytorch/aten/src/ATen/native/cuda/Loss.cu:90: operator(): block: [0,0,0], thread: [21,0,0] Assertion `input_val >= zero && input_val <= one` failed.
/pytorch/aten/src/ATen/native/cuda/Loss.cu:90: operator(): block: [0,0,0], thread: [22,0,0] Assertion `input_val >= zero && input_val <= one` failed.
/pytorch/aten/src/ATen/native/cuda/Loss.cu:90: operator(): block: [0,0,0], thread: [23,0,0] Assertion `input_val >= zero && input_val <= one` failed.
/pytorch/aten/src/ATen/native/cuda/Loss.cu:90: operator(): block: [0,0,0], thread: [24,0,0] Assertion `input_val >= zero && input_val <= one` failed.
/pytorch/aten/src/ATen/native/cuda/Loss.cu:90: operator(): block: [0,0,0], thread: [25,0,0] Assertion `input_val >= zero && input_val <= one` failed.
/pytorch/aten/src/ATen/native/cuda/Loss.cu:90: operator(): block: [0,0,0], thread: [26,0,0] Assertion `input_val >= zero && input_val <= one` failed.
/pytorch/aten/src/ATen/native/cuda/Loss.cu:90: operator(): block: [0,0,0], thread: [27,0,0] Assertion `input_val >= zero && input_val <= one` failed.
/pytorch/aten/src/ATen/native/cuda/Loss.cu:90: operator(): block: [0,0,0], thread: [28,0,0] Assertion `input_val >= zero && input_val <= one` failed.
/pytorch/aten/src/ATen/native/cuda/Loss.cu:90: operator(): block: [0,0,0], thread: [29,0,0] Assertion `input_val >= zero && input_val <= one` failed.
/pytorch/aten/src/ATen/native/cuda/Loss.cu:90: operator(): block: [0,0,0], thread: [30,0,0] Assertion `input_val >= zero && input_val <= one` failed.
/pytorch/aten/src/ATen/native/cuda/Loss.cu:90: operator(): block: [0,0,0], thread: [31,0,0] Assertion `input_val >= zero && input_val <= one` failed.
/pytorch/aten/src/ATen/native/cuda/Loss.cu:90: operator(): block: [0,0,0], thread: [32,0,0] Assertion `input_val >= zero && input_val <= one` failed.
/pytorch/aten/src/ATen/native/cuda/Loss.cu:90: operator(): block: [0,0,0], thread: [33,0,0] Assertion `input_val >= zero && input_val <= one` failed.
/pytorch/aten/src/ATen/native/cuda/Loss.cu:90: operator(): block: [0,0,0], thread: [34,0,0] Assertion `input_val >= zero && input_val <= one` failed.
/pytorch/aten/src/ATen/native/cuda/Loss.cu:90: operator(): block: [0,0,0], thread: [35,0,0] Assertion `input_val >= zero && input_val <= one` failed.
/pytorch/aten/src/ATen/native/cuda/Loss.cu:90: operator(): block: [0,0,0], thread: [36,0,0] Assertion `input_val >= zero && input_val <= one` failed.
/pytorch/aten/src/ATen/native/cuda/Loss.cu:90: operator(): block: [0,0,0], thread: [37,0,0] Assertion `input_val >= zero && input_val <= one` failed.
/pytorch/aten/src/ATen/native/cuda/Loss.cu:90: operator(): block: [0,0,0], thread: [38,0,0] Assertion `input_val >= zero && input_val <= one` failed.
/pytorch/aten/src/ATen/native/cuda/Loss.cu:90: operator(): block: [0,0,0], thread: [39,0,0] Assertion `input_val >= zero && input_val <= one` failed.
/pytorch/aten/src/ATen/native/cuda/Loss.cu:90: operator(): block: [0,0,0], thread: [40,0,0] Assertion `input_val >= zero && input_val <= one` failed.
/pytorch/aten/src/ATen/native/cuda/Loss.cu:90: operator(): block: [0,0,0], thread: [41,0,0] Assertion `input_val >= zero && input_val <= one` failed.
/pytorch/aten/src/ATen/native/cuda/Loss.cu:90: operator(): block: [0,0,0], thread: [42,0,0] Assertion `input_val >= zero && input_val <= one` failed.
/pytorch/aten/src/ATen/native/cuda/Loss.cu:90: operator(): block: [0,0,0], thread: [43,0,0] Assertion `input_val >= zero && input_val <= one` failed.
/pytorch/aten/src/ATen/native/cuda/Loss.cu:90: operator(): block: [0,0,0], thread: [44,0,0] Assertion `input_val >= zero && input_val <= one` failed.
/pytorch/aten/src/ATen/native/cuda/Loss.cu:90: operator(): block: [0,0,0], thread: [45,0,0] Assertion `input_val >= zero && input_val <= one` failed.
/pytorch/aten/src/ATen/native/cuda/Loss.cu:90: operator(): block: [0,0,0], thread: [46,0,0] Assertion `input_val >= zero && input_val <= one` failed.
/pytorch/aten/src/ATen/native/cuda/Loss.cu:90: operator(): block: [0,0,0], thread: [47,0,0] Assertion `input_val >= zero && input_val <= one` failed.
/pytorch/aten/src/ATen/native/cuda/Loss.cu:90: operator(): block: [0,0,0], thread: [48,0,0] Assertion `input_val >= zero && input_val <= one` failed.
/pytorch/aten/src/ATen/native/cuda/Loss.cu:90: operator(): block: [0,0,0], thread: [49,0,0] Assertion `input_val >= zero && input_val <= one` failed.
/pytorch/aten/src/ATen/native/cuda/Loss.cu:90: operator(): block: [0,0,0], thread: [50,0,0] Assertion `input_val >= zero && input_val <= one` failed.
/pytorch/aten/src/ATen/native/cuda/Loss.cu:90: operator(): block: [0,0,0], thread: [51,0,0] Assertion `input_val >= zero && input_val <= one` failed.
/pytorch/aten/src/ATen/native/cuda/Loss.cu:90: operator(): block: [0,0,0], thread: [52,0,0] Assertion `input_val >= zero && input_val <= one` failed.
/pytorch/aten/src/ATen/native/cuda/Loss.cu:90: operator(): block: [0,0,0], thread: [53,0,0] Assertion `input_val >= zero && input_val <= one` failed.
/pytorch/aten/src/ATen/native/cuda/Loss.cu:90: operator(): block: [0,0,0], thread: [54,0,0] Assertion `input_val >= zero && input_val <= one` failed.
/pytorch/aten/src/ATen/native/cuda/Loss.cu:90: operator(): block: [0,0,0], thread: [55,0,0] Assertion `input_val >= zero && input_val <= one` failed.
/pytorch/aten/src/ATen/native/cuda/Loss.cu:90: operator(): block: [0,0,0], thread: [56,0,0] Assertion `input_val >= zero && input_val <= one` failed.
/pytorch/aten/src/ATen/native/cuda/Loss.cu:90: operator(): block: [0,0,0], thread: [57,0,0] Assertion `input_val >= zero && input_val <= one` failed.
/pytorch/aten/src/ATen/native/cuda/Loss.cu:90: operator(): block: [0,0,0], thread: [58,0,0] Assertion `input_val >= zero && input_val <= one` failed.
/pytorch/aten/src/ATen/native/cuda/Loss.cu:90: operator(): block: [0,0,0], thread: [59,0,0] Assertion `input_val >= zero && input_val <= one` failed.
/pytorch/aten/src/ATen/native/cuda/Loss.cu:90: operator(): block: [0,0,0], thread: [60,0,0] Assertion `input_val >= zero && input_val <= one` failed.
/pytorch/aten/src/ATen/native/cuda/Loss.cu:90: operator(): block: [0,0,0], thread: [61,0,0] Assertion `input_val >= zero && input_val <= one` failed.
/pytorch/aten/src/ATen/native/cuda/Loss.cu:90: operator(): block: [0,0,0], thread: [62,0,0] Assertion `input_val >= zero && input_val <= one` failed.
/pytorch/aten/src/ATen/native/cuda/Loss.cu:90: operator(): block: [0,0,0], thread: [63,0,0] Assertion `input_val >= zero && input_val <= one` failed.
🏃 View run UDA_run_1 at: http://127.0.0.1:5001/#/experiments/969386100323708088/runs/4270018576d245588ac785ac382c7b85
🧪 View experiment at: http://127.0.0.1:5001/#/experiments/969386100323708088
Traceback (most recent call last):
  File "/mnt/data/home/tp2474/OpenSet-AdaTime/run_curriculum.py", line 286, in <module>
    main()
  File "/mnt/data/home/tp2474/OpenSet-AdaTime/run_curriculum.py", line 282, in main
    trainer.fit()
  File "/mnt/data/home/tp2474/OpenSet-AdaTime/trainers/train.py", line 62, in fit
    self.last_model, self.best_model = self.algorithm.update(
  File "/mnt/data/home/tp2474/OpenSet-AdaTime/algorithms/algorithms.py", line 369, in update
    self.training_epoch(src_loader, trg_loader, avg_meter, epoch)
  File "/mnt/data/home/tp2474/OpenSet-AdaTime/algorithms/algorithms.py", line 444, in training_epoch
    domain_loss.backward()
  File "/home/tp2474/miniconda3/envs/myenv/lib/python3.9/site-packages/torch/_tensor.py", line 648, in backward
    torch.autograd.backward(
  File "/home/tp2474/miniconda3/envs/myenv/lib/python3.9/site-packages/torch/autograd/__init__.py", line 353, in backward
    _engine_run_backward(
  File "/home/tp2474/miniconda3/envs/myenv/lib/python3.9/site-packages/torch/autograd/graph.py", line 824, in _engine_run_backward
    return Variable._execution_engine.run_backward(  # Calls into the C++ engine to run the backward pass
RuntimeError: cuDNN error: CUDNN_STATUS_EXECUTION_FAILED
[n4 fno_mean] UDA FAILED — continuing
==================== [n4 fno_mean] OVANet ====================
[curriculum] scenario=UniDA  strategy=hard  n_unknown=4  rank_variant=fno_mean
[curriculum] source mapping (8 classes): {'lying': 'lying', 'sitting': 'sitting', 'walking': 'walking', 'running': 'running', 'climbingup': 'climbingup', 'jumping': 'jumping', 'climbingdown': 'climbingdown', 'standing': 'standing'}
[curriculum] target mapping (8 classes): {'Lying down': 'lying', 'Sitting and relaxing': 'sitting', 'Walking': 'walking', 'Running': 'running', 'Climbing stairs': 'Climbing stairs', 'Jogging': 'Jogging', 'Jump front & back': 'Jump front & back', 'Frontal elevation of arms': 'Frontal elevation of arms'}
[curriculum] unknowns added (in hard order): src=[climbingup,jumping,climbingdown,standing] | trg=[Climbing stairs,Jogging,Jump front & back,Frontal elevation of arms]
[scenario] OVANet -> UniDA (uniDA=True)
Unlabeled data shape:  (2974, 150, 18)
Unlabelled Combined shape: (5127, 150, 18)

--- Dataloader Size Check ---
Source Train batches:   467
Target Train batches:   46
-------------------------------

Private classes:  tensor([ 8.,  9., 10., 11.])
=============================================
Dataset: RealWorld to MHEALTH_UniDA_hard_n4_fno_mean
Method:  OVANet
=============================================
Source: RealWorld ---> Target: MHEALTH
Run ID: 0
=============================================
[Pr Epoch : 1/20]
Pr_Src_cls_loss	: 0.9806
-------------------------------------
[Pr Epoch : 2/20]
Pr_Src_cls_loss	: 0.6548
-------------------------------------
[Pr Epoch : 3/20]
Pr_Src_cls_loss	: 0.5045
-------------------------------------
[Pr Epoch : 4/20]
Pr_Src_cls_loss	: 0.4159
-------------------------------------
[Pr Epoch : 5/20]
Pr_Src_cls_loss	: 0.3570
-------------------------------------
[Pr Epoch : 6/20]
Pr_Src_cls_loss	: 0.3138
-------------------------------------
[Pr Epoch : 7/20]
Pr_Src_cls_loss	: 0.2810
-------------------------------------
[Pr Epoch : 8/20]
Pr_Src_cls_loss	: 0.2548
-------------------------------------
[Pr Epoch : 9/20]
Pr_Src_cls_loss	: 0.2336
-------------------------------------
[Pr Epoch : 10/20]
Pr_Src_cls_loss	: 0.2161
-------------------------------------
[Pr Epoch : 11/20]
Pr_Src_cls_loss	: 0.2009
-------------------------------------
[Pr Epoch : 12/20]
Pr_Src_cls_loss	: 0.1880
-------------------------------------
[Pr Epoch : 13/20]
Pr_Src_cls_loss	: 0.1769
-------------------------------------
[Pr Epoch : 14/20]
Pr_Src_cls_loss	: 0.1670
-------------------------------------
[Pr Epoch : 15/20]
Pr_Src_cls_loss	: 0.1582
-------------------------------------
[Pr Epoch : 16/20]
Pr_Src_cls_loss	: 0.1505
-------------------------------------
[Pr Epoch : 17/20]
Pr_Src_cls_loss	: 0.1434
-------------------------------------
[Pr Epoch : 18/20]
Pr_Src_cls_loss	: 0.1371
-------------------------------------
[Pr Epoch : 19/20]
Pr_Src_cls_loss	: 0.1312
-------------------------------------
[Pr Epoch : 20/20]
Pr_Src_cls_loss	: 0.1258
-------------------------------------
[Epoch : 1/20]
Pr_Src_cls_loss	: 0.1258
Total_loss	: 1.3408
Open Loss	: 0.6364
Src_cls_loss	: 0.0137
Entropy Open	: 0.6907
-------------------------------------
[Epoch : 2/20]
Pr_Src_cls_loss	: 0.1258
Total_loss	: 1.2699
Open Loss	: 0.5824
Src_cls_loss	: 0.0131
Entropy Open	: 0.6744
-------------------------------------
[Epoch : 3/20]
Pr_Src_cls_loss	: 0.1258
Total_loss	: 1.1790
Open Loss	: 0.5349
Src_cls_loss	: 0.0134
Entropy Open	: 0.6308
-------------------------------------
[Epoch : 4/20]
Pr_Src_cls_loss	: 0.1258
Total_loss	: 1.0785
Open Loss	: 0.4944
Src_cls_loss	: 0.0139
Entropy Open	: 0.5702
-------------------------------------
[Epoch : 5/20]
Pr_Src_cls_loss	: 0.1258
Total_loss	: 0.9852
Open Loss	: 0.4599
Src_cls_loss	: 0.0144
Entropy Open	: 0.5110
-------------------------------------
[Epoch : 6/20]
Pr_Src_cls_loss	: 0.1258
Total_loss	: 0.9034
Open Loss	: 0.4293
Src_cls_loss	: 0.0145
Entropy Open	: 0.4595
-------------------------------------
[Epoch : 7/20]
Pr_Src_cls_loss	: 0.1258
Total_loss	: 0.8332
Open Loss	: 0.4022
Src_cls_loss	: 0.0148
Entropy Open	: 0.4161
-------------------------------------
[Epoch : 8/20]
Pr_Src_cls_loss	: 0.1258
Total_loss	: 0.7726
Open Loss	: 0.3779
Src_cls_loss	: 0.0151
Entropy Open	: 0.3795
-------------------------------------
[Epoch : 9/20]
Pr_Src_cls_loss	: 0.1258
Total_loss	: 0.7196
Open Loss	: 0.3560
Src_cls_loss	: 0.0153
Entropy Open	: 0.3483
-------------------------------------
[Epoch : 10/20]
Pr_Src_cls_loss	: 0.1258
Total_loss	: 0.6733
Open Loss	: 0.3363
Src_cls_loss	: 0.0155
Entropy Open	: 0.3215
-------------------------------------
[Epoch : 11/20]
Pr_Src_cls_loss	: 0.1258
Total_loss	: 0.6325
Open Loss	: 0.3186
Src_cls_loss	: 0.0156
Entropy Open	: 0.2983
-------------------------------------
[Epoch : 12/20]
Pr_Src_cls_loss	: 0.1258
Total_loss	: 0.5961
Open Loss	: 0.3024
Src_cls_loss	: 0.0157
Entropy Open	: 0.2779
-------------------------------------
[Epoch : 13/20]
Pr_Src_cls_loss	: 0.1258
Total_loss	: 0.5636
Open Loss	: 0.2878
Src_cls_loss	: 0.0157
Entropy Open	: 0.2601
-------------------------------------
[Epoch : 14/20]
Pr_Src_cls_loss	: 0.1258
Total_loss	: 0.5343
Open Loss	: 0.2743
Src_cls_loss	: 0.0158
Entropy Open	: 0.2442
-------------------------------------
[Epoch : 15/20]
Pr_Src_cls_loss	: 0.1258
Total_loss	: 0.5080
Open Loss	: 0.2620
Src_cls_loss	: 0.0158
Entropy Open	: 0.2301
-------------------------------------
[Epoch : 16/20]
Pr_Src_cls_loss	: 0.1258
Total_loss	: 0.4840
Open Loss	: 0.2507
Src_cls_loss	: 0.0158
Entropy Open	: 0.2174
-------------------------------------
[Epoch : 17/20]
Pr_Src_cls_loss	: 0.1258
Total_loss	: 0.4622
Open Loss	: 0.2403
Src_cls_loss	: 0.0159
Entropy Open	: 0.2060
-------------------------------------
[Epoch : 18/20]
Pr_Src_cls_loss	: 0.1258
Total_loss	: 0.4423
Open Loss	: 0.2307
Src_cls_loss	: 0.0159
Entropy Open	: 0.1957
-------------------------------------
[Epoch : 19/20]
Pr_Src_cls_loss	: 0.1258
Total_loss	: 0.4242
Open Loss	: 0.2219
Src_cls_loss	: 0.0160
Entropy Open	: 0.1863
-------------------------------------
[Epoch : 20/20]
Pr_Src_cls_loss	: 0.1258
Total_loss	: 0.4075
Open Loss	: 0.2137
Src_cls_loss	: 0.0160
Entropy Open	: 0.1778
-------------------------------------
/mnt/data/home/tp2474/OpenSet-AdaTime/algorithms/algorithms.py:661: UserWarning: Implicit dimension choice for softmax has been deprecated. Change the call to include dim=X as an argument.
  predictions = F.softmax(self.classifier(features))
/mnt/data/home/tp2474/OpenSet-AdaTime/trainers/abstract_trainer.py:331: FutureWarning: The behavior of DataFrame concatenation with empty or all-NA entries is deprecated. In a future version, this will no longer exclude empty or all-NA columns when determining the result dtypes. To retain the old behavior, exclude the relevant entries before the concat operation.
  table = pd.concat([table, results_df], ignore_index=True)
H_score: 0.0000, OS* (acc_c): 0.0000, UNK (acc_p): 0.9836, acc_mix: 0.4432, F1: 0.2767
Uploading logs from: /mnt/data/home/tp2474/OpenSet-AdaTime/experiments_logs/curriculum/RealWorld to MHEALTH_UniDA_hard_n4_fno_mean/OVANet_UniDA_hard_n4_fno_mean/RealWorld_to_MHEALTH_run_0
🏃 View run OVANet_run_0 at: http://127.0.0.1:5001/#/experiments/969386100323708088/runs/9945ea447c3e43f7a49bd96b4d415257
🧪 View experiment at: http://127.0.0.1:5001/#/experiments/969386100323708088
=============================================
Dataset: RealWorld to MHEALTH_UniDA_hard_n4_fno_mean
Method:  OVANet
=============================================
Source: RealWorld ---> Target: MHEALTH
Run ID: 1
=============================================
[Pr Epoch : 1/20]
Pr_Src_cls_loss	: 0.9884
-------------------------------------
[Pr Epoch : 2/20]
Pr_Src_cls_loss	: 0.6592
-------------------------------------
[Pr Epoch : 3/20]
Pr_Src_cls_loss	: 0.5074
-------------------------------------
[Pr Epoch : 4/20]
Pr_Src_cls_loss	: 0.4182
-------------------------------------
[Pr Epoch : 5/20]
Pr_Src_cls_loss	: 0.3578
-------------------------------------
[Pr Epoch : 6/20]
Pr_Src_cls_loss	: 0.3147
-------------------------------------
[Pr Epoch : 7/20]
Pr_Src_cls_loss	: 0.2816
-------------------------------------
[Pr Epoch : 8/20]
Pr_Src_cls_loss	: 0.2555
-------------------------------------
[Pr Epoch : 9/20]
Pr_Src_cls_loss	: 0.2343
-------------------------------------
[Pr Epoch : 10/20]
Pr_Src_cls_loss	: 0.2167
-------------------------------------
[Pr Epoch : 11/20]
Pr_Src_cls_loss	: 0.2019
-------------------------------------
[Pr Epoch : 12/20]
Pr_Src_cls_loss	: 0.1889
-------------------------------------
[Pr Epoch : 13/20]
Pr_Src_cls_loss	: 0.1775
-------------------------------------
[Pr Epoch : 14/20]
Pr_Src_cls_loss	: 0.1676
-------------------------------------
[Pr Epoch : 15/20]
Pr_Src_cls_loss	: 0.1588
-------------------------------------
[Pr Epoch : 16/20]
Pr_Src_cls_loss	: 0.1510
-------------------------------------
[Pr Epoch : 17/20]
Pr_Src_cls_loss	: 0.1441
-------------------------------------
[Pr Epoch : 18/20]
Pr_Src_cls_loss	: 0.1377
-------------------------------------
[Pr Epoch : 19/20]
Pr_Src_cls_loss	: 0.1318
-------------------------------------
[Pr Epoch : 20/20]
Pr_Src_cls_loss	: 0.1265
-------------------------------------
[Epoch : 1/20]
Pr_Src_cls_loss	: 0.1265
Total_loss	: 1.3566
Open Loss	: 0.6502
Src_cls_loss	: 0.0165
Entropy Open	: 0.6898
-------------------------------------
[Epoch : 2/20]
Pr_Src_cls_loss	: 0.1265
Total_loss	: 1.2786
Open Loss	: 0.5920
Src_cls_loss	: 0.0158
Entropy Open	: 0.6708
-------------------------------------
[Epoch : 3/20]
Pr_Src_cls_loss	: 0.1265
Total_loss	: 1.1816
Open Loss	: 0.5413
Src_cls_loss	: 0.0154
Entropy Open	: 0.6248
-------------------------------------
[Epoch : 4/20]
Pr_Src_cls_loss	: 0.1265
Total_loss	: 1.0790
Open Loss	: 0.4983
Src_cls_loss	: 0.0156
Entropy Open	: 0.5651
-------------------------------------
[Epoch : 5/20]
Pr_Src_cls_loss	: 0.1265
Total_loss	: 0.9856
Open Loss	: 0.4620
Src_cls_loss	: 0.0159
Entropy Open	: 0.5077
-------------------------------------
[Epoch : 6/20]
Pr_Src_cls_loss	: 0.1265
Total_loss	: 0.9043
Open Loss	: 0.4303
Src_cls_loss	: 0.0161
Entropy Open	: 0.4580
-------------------------------------
[Epoch : 7/20]
Pr_Src_cls_loss	: 0.1265
Total_loss	: 0.8344
Open Loss	: 0.4023
Src_cls_loss	: 0.0162
Entropy Open	: 0.4158
-------------------------------------
[Epoch : 8/20]
Pr_Src_cls_loss	: 0.1265
Total_loss	: 0.7738
Open Loss	: 0.3775
Src_cls_loss	: 0.0164
Entropy Open	: 0.3799
-------------------------------------
[Epoch : 9/20]
Pr_Src_cls_loss	: 0.1265
Total_loss	: 0.7208
Open Loss	: 0.3554
Src_cls_loss	: 0.0165
Entropy Open	: 0.3490
-------------------------------------
[Epoch : 10/20]
Pr_Src_cls_loss	: 0.1265
Total_loss	: 0.6742
Open Loss	: 0.3355
Src_cls_loss	: 0.0166
Entropy Open	: 0.3221
-------------------------------------
[Epoch : 11/20]
Pr_Src_cls_loss	: 0.1265
Total_loss	: 0.6331
Open Loss	: 0.3176
Src_cls_loss	: 0.0167
Entropy Open	: 0.2988
-------------------------------------
[Epoch : 12/20]
Pr_Src_cls_loss	: 0.1265
Total_loss	: 0.5964
Open Loss	: 0.3013
Src_cls_loss	: 0.0167
Entropy Open	: 0.2783
-------------------------------------
[Epoch : 13/20]
Pr_Src_cls_loss	: 0.1265
Total_loss	: 0.5638
Open Loss	: 0.2866
Src_cls_loss	: 0.0168
Entropy Open	: 0.2604
-------------------------------------
[Epoch : 14/20]
Pr_Src_cls_loss	: 0.1265
Total_loss	: 0.5342
Open Loss	: 0.2730
Src_cls_loss	: 0.0167
Entropy Open	: 0.2444
-------------------------------------
[Epoch : 15/20]
Pr_Src_cls_loss	: 0.1265
Total_loss	: 0.5078
Open Loss	: 0.2608
Src_cls_loss	: 0.0168
Entropy Open	: 0.2302
-------------------------------------
[Epoch : 16/20]
Pr_Src_cls_loss	: 0.1265
Total_loss	: 0.4837
Open Loss	: 0.2494
Src_cls_loss	: 0.0168
Entropy Open	: 0.2175
-------------------------------------
[Epoch : 17/20]
Pr_Src_cls_loss	: 0.1265
Total_loss	: 0.4617
Open Loss	: 0.2390
Src_cls_loss	: 0.0167
Entropy Open	: 0.2061
-------------------------------------
[Epoch : 18/20]
Pr_Src_cls_loss	: 0.1265
Total_loss	: 0.4418
Open Loss	: 0.2294
Src_cls_loss	: 0.0167
Entropy Open	: 0.1957
-------------------------------------
[Epoch : 19/20]
Pr_Src_cls_loss	: 0.1265
Total_loss	: 0.4236
Open Loss	: 0.2205
Src_cls_loss	: 0.0167
Entropy Open	: 0.1863
-------------------------------------
[Epoch : 20/20]
Pr_Src_cls_loss	: 0.1265
Total_loss	: 0.4067
Open Loss	: 0.2122
Src_cls_loss	: 0.0167
Entropy Open	: 0.1778
-------------------------------------
H_score: 0.0012, OS* (acc_c): 0.0006, UNK (acc_p): 0.9993, acc_mix: 0.4506, F1: 0.2808
Uploading logs from: /mnt/data/home/tp2474/OpenSet-AdaTime/experiments_logs/curriculum/RealWorld to MHEALTH_UniDA_hard_n4_fno_mean/OVANet_UniDA_hard_n4_fno_mean/RealWorld_to_MHEALTH_run_1
🏃 View run OVANet_run_1 at: http://127.0.0.1:5001/#/experiments/969386100323708088/runs/20ea2030274046b1aa5948b227875075
🧪 View experiment at: http://127.0.0.1:5001/#/experiments/969386100323708088
=============================================
Dataset: RealWorld to MHEALTH_UniDA_hard_n4_fno_mean
Method:  OVANet
=============================================
Source: RealWorld ---> Target: MHEALTH
Run ID: 2
=============================================
[Pr Epoch : 1/20]
Pr_Src_cls_loss	: 0.9882
-------------------------------------
[Pr Epoch : 2/20]
Pr_Src_cls_loss	: 0.6591
-------------------------------------
[Pr Epoch : 3/20]
Pr_Src_cls_loss	: 0.5059
-------------------------------------
[Pr Epoch : 4/20]
Pr_Src_cls_loss	: 0.4159
-------------------------------------
[Pr Epoch : 5/20]
Pr_Src_cls_loss	: 0.3563
-------------------------------------
[Pr Epoch : 6/20]
Pr_Src_cls_loss	: 0.3132
-------------------------------------
[Pr Epoch : 7/20]
Pr_Src_cls_loss	: 0.2803
-------------------------------------
[Pr Epoch : 8/20]
Pr_Src_cls_loss	: 0.2543
-------------------------------------
[Pr Epoch : 9/20]
Pr_Src_cls_loss	: 0.2331
-------------------------------------
[Pr Epoch : 10/20]
Pr_Src_cls_loss	: 0.2153
-------------------------------------
[Pr Epoch : 11/20]
Pr_Src_cls_loss	: 0.2003
-------------------------------------
[Pr Epoch : 12/20]
Pr_Src_cls_loss	: 0.1874
-------------------------------------
[Pr Epoch : 13/20]
Pr_Src_cls_loss	: 0.1761
-------------------------------------
[Pr Epoch : 14/20]
Pr_Src_cls_loss	: 0.1664
-------------------------------------
[Pr Epoch : 15/20]
Pr_Src_cls_loss	: 0.1575
-------------------------------------
[Pr Epoch : 16/20]
Pr_Src_cls_loss	: 0.1497
-------------------------------------
[Pr Epoch : 17/20]
Pr_Src_cls_loss	: 0.1427
-------------------------------------
[Pr Epoch : 18/20]
Pr_Src_cls_loss	: 0.1362
-------------------------------------
[Pr Epoch : 19/20]
Pr_Src_cls_loss	: 0.1303
-------------------------------------
[Pr Epoch : 20/20]
Pr_Src_cls_loss	: 0.1251
-------------------------------------
[Epoch : 1/20]
Pr_Src_cls_loss	: 0.1251
Total_loss	: 1.3546
Open Loss	: 0.6537
Src_cls_loss	: 0.0154
Entropy Open	: 0.6855
-------------------------------------
[Epoch : 2/20]
Pr_Src_cls_loss	: 0.1251
Total_loss	: 1.2642
Open Loss	: 0.5951
Src_cls_loss	: 0.0151
Entropy Open	: 0.6541
-------------------------------------
[Epoch : 3/20]
Pr_Src_cls_loss	: 0.1251
Total_loss	: 1.1578
Open Loss	: 0.5453
Src_cls_loss	: 0.0149
Entropy Open	: 0.5975
-------------------------------------
[Epoch : 4/20]
Pr_Src_cls_loss	: 0.1251
Total_loss	: 1.0529
Open Loss	: 0.5028
Src_cls_loss	: 0.0150
Entropy Open	: 0.5351
-------------------------------------
[Epoch : 5/20]
Pr_Src_cls_loss	: 0.1251
Total_loss	: 0.9599
Open Loss	: 0.4663
Src_cls_loss	: 0.0151
Entropy Open	: 0.4785
-------------------------------------
[Epoch : 6/20]
Pr_Src_cls_loss	: 0.1251
Total_loss	: 0.8806
Open Loss	: 0.4346
Src_cls_loss	: 0.0155
Entropy Open	: 0.4305
-------------------------------------
[Epoch : 7/20]
Pr_Src_cls_loss	: 0.1251
Total_loss	: 0.8120
Open Loss	: 0.4063
Src_cls_loss	: 0.0156
Entropy Open	: 0.3901
-------------------------------------
[Epoch : 8/20]
Pr_Src_cls_loss	: 0.1251
Total_loss	: 0.7529
Open Loss	: 0.3812
Src_cls_loss	: 0.0157
Entropy Open	: 0.3560
-------------------------------------
[Epoch : 9/20]
Pr_Src_cls_loss	: 0.1251
Total_loss	: 0.7013
Open Loss	: 0.3586
Src_cls_loss	: 0.0158
Entropy Open	: 0.3269
-------------------------------------
[Epoch : 10/20]
Pr_Src_cls_loss	: 0.1251
Total_loss	: 0.6559
Open Loss	: 0.3383
Src_cls_loss	: 0.0158
Entropy Open	: 0.3018
-------------------------------------
[Epoch : 11/20]
Pr_Src_cls_loss	: 0.1251
Total_loss	: 0.6159
Open Loss	: 0.3201
Src_cls_loss	: 0.0159
Entropy Open	: 0.2800
-------------------------------------
[Epoch : 12/20]
Pr_Src_cls_loss	: 0.1251
Total_loss	: 0.5803
Open Loss	: 0.3036
Src_cls_loss	: 0.0159
Entropy Open	: 0.2608
-------------------------------------
[Epoch : 13/20]
Pr_Src_cls_loss	: 0.1251
Total_loss	: 0.5485
Open Loss	: 0.2886
Src_cls_loss	: 0.0159
Entropy Open	: 0.2440
-------------------------------------
[Epoch : 14/20]
Pr_Src_cls_loss	: 0.1251
Total_loss	: 0.5199
Open Loss	: 0.2749
Src_cls_loss	: 0.0159
Entropy Open	: 0.2290
-------------------------------------
[Epoch : 15/20]
Pr_Src_cls_loss	: 0.1251
Total_loss	: 0.4941
Open Loss	: 0.2624
Src_cls_loss	: 0.0159
Entropy Open	: 0.2157
-------------------------------------
[Epoch : 16/20]
Pr_Src_cls_loss	: 0.1251
Total_loss	: 0.4707
Open Loss	: 0.2510
Src_cls_loss	: 0.0159
Entropy Open	: 0.2038
-------------------------------------
[Epoch : 17/20]
Pr_Src_cls_loss	: 0.1251
Total_loss	: 0.4495
Open Loss	: 0.2405
Src_cls_loss	: 0.0159
Entropy Open	: 0.1931
-------------------------------------
[Epoch : 18/20]
Pr_Src_cls_loss	: 0.1251
Total_loss	: 0.4301
Open Loss	: 0.2308
Src_cls_loss	: 0.0159
Entropy Open	: 0.1834
-------------------------------------
[Epoch : 19/20]
Pr_Src_cls_loss	: 0.1251
Total_loss	: 0.4124
Open Loss	: 0.2218
Src_cls_loss	: 0.0160
Entropy Open	: 0.1746
-------------------------------------
[Epoch : 20/20]
Pr_Src_cls_loss	: 0.1251
Total_loss	: 0.3962
Open Loss	: 0.2136
Src_cls_loss	: 0.0160
Entropy Open	: 0.1666
-------------------------------------
H_score: 0.0000, OS* (acc_c): 0.0000, UNK (acc_p): 1.0000, acc_mix: 0.4506, F1: 0.2799
Uploading logs from: /mnt/data/home/tp2474/OpenSet-AdaTime/experiments_logs/curriculum/RealWorld to MHEALTH_UniDA_hard_n4_fno_mean/OVANet_UniDA_hard_n4_fno_mean/RealWorld_to_MHEALTH_run_2
🏃 View run OVANet_run_2 at: http://127.0.0.1:5001/#/experiments/969386100323708088/runs/ef22997b9fb54befaf84259846d614f5
🧪 View experiment at: http://127.0.0.1:5001/#/experiments/969386100323708088
=============================================
Dataset: RealWorld to MHEALTH_UniDA_hard_n4_fno_mean
Method:  OVANet
=============================================
Source: RealWorld ---> Target: MHEALTH
Run ID: 3
=============================================
[Pr Epoch : 1/20]
Pr_Src_cls_loss	: 0.9974
-------------------------------------
[Pr Epoch : 2/20]
Pr_Src_cls_loss	: 0.6657
-------------------------------------
[Pr Epoch : 3/20]
Pr_Src_cls_loss	: 0.5122
-------------------------------------
[Pr Epoch : 4/20]
Pr_Src_cls_loss	: 0.4219
-------------------------------------
[Pr Epoch : 5/20]
Pr_Src_cls_loss	: 0.3620
-------------------------------------
[Pr Epoch : 6/20]
Pr_Src_cls_loss	: 0.3191
-------------------------------------
[Pr Epoch : 7/20]
Pr_Src_cls_loss	: 0.2860
-------------------------------------
[Pr Epoch : 8/20]
Pr_Src_cls_loss	: 0.2596
-------------------------------------
[Pr Epoch : 9/20]
Pr_Src_cls_loss	: 0.2381
-------------------------------------
[Pr Epoch : 10/20]
Pr_Src_cls_loss	: 0.2203
-------------------------------------
[Pr Epoch : 11/20]
Pr_Src_cls_loss	: 0.2050
-------------------------------------
[Pr Epoch : 12/20]
Pr_Src_cls_loss	: 0.1917
-------------------------------------
[Pr Epoch : 13/20]
Pr_Src_cls_loss	: 0.1805
-------------------------------------
[Pr Epoch : 14/20]
Pr_Src_cls_loss	: 0.1705
-------------------------------------
[Pr Epoch : 15/20]
Pr_Src_cls_loss	: 0.1616
-------------------------------------
[Pr Epoch : 16/20]
Pr_Src_cls_loss	: 0.1536
-------------------------------------
[Pr Epoch : 17/20]
Pr_Src_cls_loss	: 0.1464
-------------------------------------
[Pr Epoch : 18/20]
Pr_Src_cls_loss	: 0.1398
-------------------------------------
[Pr Epoch : 19/20]
Pr_Src_cls_loss	: 0.1339
-------------------------------------
[Pr Epoch : 20/20]
Pr_Src_cls_loss	: 0.1285
-------------------------------------
[Epoch : 1/20]
Pr_Src_cls_loss	: 0.1285
Total_loss	: 1.3440
Open Loss	: 0.6392
Src_cls_loss	: 0.0164
Entropy Open	: 0.6883
-------------------------------------
[Epoch : 2/20]
Pr_Src_cls_loss	: 0.1285
Total_loss	: 1.2672
Open Loss	: 0.5842
Src_cls_loss	: 0.0157
Entropy Open	: 0.6673
-------------------------------------
[Epoch : 3/20]
Pr_Src_cls_loss	: 0.1285
Total_loss	: 1.1713
Open Loss	: 0.5366
Src_cls_loss	: 0.0158
Entropy Open	: 0.6190
-------------------------------------
[Epoch : 4/20]
Pr_Src_cls_loss	: 0.1285
Total_loss	: 1.0707
Open Loss	: 0.4964
Src_cls_loss	: 0.0158
Entropy Open	: 0.5586
-------------------------------------
[Epoch : 5/20]
Pr_Src_cls_loss	: 0.1285
Total_loss	: 0.9798
Open Loss	: 0.4619
Src_cls_loss	: 0.0162
Entropy Open	: 0.5016
-------------------------------------
[Epoch : 6/20]
Pr_Src_cls_loss	: 0.1285
Total_loss	: 0.9003
Open Loss	: 0.4316
Src_cls_loss	: 0.0163
Entropy Open	: 0.4523
-------------------------------------
[Epoch : 7/20]
Pr_Src_cls_loss	: 0.1285
Total_loss	: 0.8316
Open Loss	: 0.4047
Src_cls_loss	: 0.0166
Entropy Open	: 0.4104
-------------------------------------
[Epoch : 8/20]
Pr_Src_cls_loss	: 0.1285
Total_loss	: 0.7716
Open Loss	: 0.3803
Src_cls_loss	: 0.0165
Entropy Open	: 0.3748
-------------------------------------
[Epoch : 9/20]
Pr_Src_cls_loss	: 0.1285
Total_loss	: 0.7193
Open Loss	: 0.3585
Src_cls_loss	: 0.0165
Entropy Open	: 0.3443
-------------------------------------
[Epoch : 10/20]
Pr_Src_cls_loss	: 0.1285
Total_loss	: 0.6735
Open Loss	: 0.3388
Src_cls_loss	: 0.0166
Entropy Open	: 0.3181
-------------------------------------
[Epoch : 11/20]
Pr_Src_cls_loss	: 0.1285
Total_loss	: 0.6329
Open Loss	: 0.3210
Src_cls_loss	: 0.0166
Entropy Open	: 0.2952
-------------------------------------
[Epoch : 12/20]
Pr_Src_cls_loss	: 0.1285
Total_loss	: 0.5967
Open Loss	: 0.3048
Src_cls_loss	: 0.0166
Entropy Open	: 0.2753
-------------------------------------
[Epoch : 13/20]
Pr_Src_cls_loss	: 0.1285
Total_loss	: 0.5643
Open Loss	: 0.2900
Src_cls_loss	: 0.0166
Entropy Open	: 0.2577
-------------------------------------
[Epoch : 14/20]
Pr_Src_cls_loss	: 0.1285
Total_loss	: 0.5351
Open Loss	: 0.2765
Src_cls_loss	: 0.0166
Entropy Open	: 0.2420
-------------------------------------
[Epoch : 15/20]
Pr_Src_cls_loss	: 0.1285
Total_loss	: 0.5089
Open Loss	: 0.2642
Src_cls_loss	: 0.0166
Entropy Open	: 0.2280
-------------------------------------
[Epoch : 16/20]
Pr_Src_cls_loss	: 0.1285
Total_loss	: 0.4850
Open Loss	: 0.2528
Src_cls_loss	: 0.0166
Entropy Open	: 0.2155
-------------------------------------
[Epoch : 17/20]
Pr_Src_cls_loss	: 0.1285
Total_loss	: 0.4632
Open Loss	: 0.2424
Src_cls_loss	: 0.0166
Entropy Open	: 0.2042
-------------------------------------
[Epoch : 18/20]
Pr_Src_cls_loss	: 0.1285
Total_loss	: 0.4433
Open Loss	: 0.2327
Src_cls_loss	: 0.0165
Entropy Open	: 0.1940
-------------------------------------
[Epoch : 19/20]
Pr_Src_cls_loss	: 0.1285
Total_loss	: 0.4251
Open Loss	: 0.2238
Src_cls_loss	: 0.0165
Entropy Open	: 0.1848
-------------------------------------
[Epoch : 20/20]
Pr_Src_cls_loss	: 0.1285
Total_loss	: 0.4084
Open Loss	: 0.2155
Src_cls_loss	: 0.0165
Entropy Open	: 0.1764
-------------------------------------
H_score: 0.0000, OS* (acc_c): 0.0000, UNK (acc_p): 0.9739, acc_mix: 0.4388, F1: 0.2748
Uploading logs from: /mnt/data/home/tp2474/OpenSet-AdaTime/experiments_logs/curriculum/RealWorld to MHEALTH_UniDA_hard_n4_fno_mean/OVANet_UniDA_hard_n4_fno_mean/RealWorld_to_MHEALTH_run_3
🏃 View run OVANet_run_3 at: http://127.0.0.1:5001/#/experiments/969386100323708088/runs/b25fb1765d564206bb3ef606a8d6fddf
🧪 View experiment at: http://127.0.0.1:5001/#/experiments/969386100323708088
=============================================
Dataset: RealWorld to MHEALTH_UniDA_hard_n4_fno_mean
Method:  OVANet
=============================================
Source: RealWorld ---> Target: MHEALTH
Run ID: 4
=============================================
[Pr Epoch : 1/20]
Pr_Src_cls_loss	: 0.9823
-------------------------------------
[Pr Epoch : 2/20]
Pr_Src_cls_loss	: 0.6538
-------------------------------------
[Pr Epoch : 3/20]
Pr_Src_cls_loss	: 0.5029
-------------------------------------
[Pr Epoch : 4/20]
Pr_Src_cls_loss	: 0.4155
-------------------------------------
[Pr Epoch : 5/20]
Pr_Src_cls_loss	: 0.3575
-------------------------------------
[Pr Epoch : 6/20]
Pr_Src_cls_loss	: 0.3148
-------------------------------------
[Pr Epoch : 7/20]
Pr_Src_cls_loss	: 0.2820
-------------------------------------
[Pr Epoch : 8/20]
Pr_Src_cls_loss	: 0.2563
-------------------------------------
[Pr Epoch : 9/20]
Pr_Src_cls_loss	: 0.2350
-------------------------------------
[Pr Epoch : 10/20]
Pr_Src_cls_loss	: 0.2174
-------------------------------------
[Pr Epoch : 11/20]
Pr_Src_cls_loss	: 0.2025
-------------------------------------
[Pr Epoch : 12/20]
Pr_Src_cls_loss	: 0.1894
-------------------------------------
[Pr Epoch : 13/20]
Pr_Src_cls_loss	: 0.1780
-------------------------------------
[Pr Epoch : 14/20]
Pr_Src_cls_loss	: 0.1681
-------------------------------------
[Pr Epoch : 15/20]
Pr_Src_cls_loss	: 0.1593
-------------------------------------
[Pr Epoch : 16/20]
Pr_Src_cls_loss	: 0.1514
-------------------------------------
[Pr Epoch : 17/20]
Pr_Src_cls_loss	: 0.1441
-------------------------------------
[Pr Epoch : 18/20]
Pr_Src_cls_loss	: 0.1378
-------------------------------------
[Pr Epoch : 19/20]
Pr_Src_cls_loss	: 0.1318
-------------------------------------
[Pr Epoch : 20/20]
Pr_Src_cls_loss	: 0.1266
-------------------------------------
[Epoch : 1/20]
Pr_Src_cls_loss	: 0.1266
Total_loss	: 1.3500
Open Loss	: 0.6462
Src_cls_loss	: 0.0150
Entropy Open	: 0.6888
-------------------------------------
[Epoch : 2/20]
Pr_Src_cls_loss	: 0.1266
Total_loss	: 1.2688
Open Loss	: 0.5905
Src_cls_loss	: 0.0144
Entropy Open	: 0.6639
-------------------------------------
[Epoch : 3/20]
Pr_Src_cls_loss	: 0.1266
Total_loss	: 1.1721
Open Loss	: 0.5424
Src_cls_loss	: 0.0146
Entropy Open	: 0.6151
-------------------------------------
[Epoch : 4/20]
Pr_Src_cls_loss	: 0.1266
Total_loss	: 1.0717
Open Loss	: 0.5013
Src_cls_loss	: 0.0146
Entropy Open	: 0.5557
-------------------------------------
[Epoch : 5/20]
Pr_Src_cls_loss	: 0.1266
Total_loss	: 0.9796
Open Loss	: 0.4660
Src_cls_loss	: 0.0149
Entropy Open	: 0.4987
-------------------------------------
[Epoch : 6/20]
Pr_Src_cls_loss	: 0.1266
Total_loss	: 0.8991
Open Loss	: 0.4350
Src_cls_loss	: 0.0151
Entropy Open	: 0.4490
-------------------------------------
[Epoch : 7/20]
Pr_Src_cls_loss	: 0.1266
Total_loss	: 0.8298
Open Loss	: 0.4075
Src_cls_loss	: 0.0155
Entropy Open	: 0.4067
-------------------------------------
[Epoch : 8/20]
Pr_Src_cls_loss	: 0.1266
Total_loss	: 0.7694
Open Loss	: 0.3830
Src_cls_loss	: 0.0157
Entropy Open	: 0.3707
-------------------------------------
[Epoch : 9/20]
Pr_Src_cls_loss	: 0.1266
Total_loss	: 0.7165
Open Loss	: 0.3609
Src_cls_loss	: 0.0158
Entropy Open	: 0.3399
-------------------------------------
[Epoch : 10/20]
Pr_Src_cls_loss	: 0.1266
Total_loss	: 0.6700
Open Loss	: 0.3408
Src_cls_loss	: 0.0158
Entropy Open	: 0.3134
-------------------------------------
[Epoch : 11/20]
Pr_Src_cls_loss	: 0.1266
Total_loss	: 0.6293
Open Loss	: 0.3229
Src_cls_loss	: 0.0159
Entropy Open	: 0.2905
-------------------------------------
[Epoch : 12/20]
Pr_Src_cls_loss	: 0.1266
Total_loss	: 0.5930
Open Loss	: 0.3066
Src_cls_loss	: 0.0159
Entropy Open	: 0.2705
-------------------------------------
[Epoch : 13/20]
Pr_Src_cls_loss	: 0.1266
Total_loss	: 0.5605
Open Loss	: 0.2917
Src_cls_loss	: 0.0160
Entropy Open	: 0.2529
-------------------------------------
[Epoch : 14/20]
Pr_Src_cls_loss	: 0.1266
Total_loss	: 0.5314
Open Loss	: 0.2781
Src_cls_loss	: 0.0160
Entropy Open	: 0.2373
-------------------------------------
[Epoch : 15/20]
Pr_Src_cls_loss	: 0.1266
Total_loss	: 0.5051
Open Loss	: 0.2657
Src_cls_loss	: 0.0160
Entropy Open	: 0.2235
-------------------------------------
[Epoch : 16/20]
Pr_Src_cls_loss	: 0.1266
Total_loss	: 0.4814
Open Loss	: 0.2543
Src_cls_loss	: 0.0161
Entropy Open	: 0.2111
-------------------------------------
[Epoch : 17/20]
Pr_Src_cls_loss	: 0.1266
Total_loss	: 0.4598
Open Loss	: 0.2438
Src_cls_loss	: 0.0161
Entropy Open	: 0.1999
-------------------------------------
[Epoch : 18/20]
Pr_Src_cls_loss	: 0.1266
Total_loss	: 0.4401
Open Loss	: 0.2341
Src_cls_loss	: 0.0161
Entropy Open	: 0.1899
-------------------------------------
[Epoch : 19/20]
Pr_Src_cls_loss	: 0.1266
Total_loss	: 0.4221
Open Loss	: 0.2252
Src_cls_loss	: 0.0161
Entropy Open	: 0.1808
-------------------------------------
[Epoch : 20/20]
Pr_Src_cls_loss	: 0.1266
Total_loss	: 0.4055
Open Loss	: 0.2169
Src_cls_loss	: 0.0161
Entropy Open	: 0.1725
-------------------------------------
H_score: 0.0000, OS* (acc_c): 0.0000, UNK (acc_p): 0.9948, acc_mix: 0.4482, F1: 0.2789
Uploading logs from: /mnt/data/home/tp2474/OpenSet-AdaTime/experiments_logs/curriculum/RealWorld to MHEALTH_UniDA_hard_n4_fno_mean/OVANet_UniDA_hard_n4_fno_mean/RealWorld_to_MHEALTH_run_4
🏃 View run OVANet_run_4 at: http://127.0.0.1:5001/#/experiments/969386100323708088/runs/19664fd7d1d64c7093ac0c06369dc6ef
🧪 View experiment at: http://127.0.0.1:5001/#/experiments/969386100323708088
==================== [n4 fno_mean] DANCE ====================
[curriculum] scenario=UniDA  strategy=hard  n_unknown=4  rank_variant=fno_mean
[curriculum] source mapping (8 classes): {'lying': 'lying', 'sitting': 'sitting', 'walking': 'walking', 'running': 'running', 'climbingup': 'climbingup', 'jumping': 'jumping', 'climbingdown': 'climbingdown', 'standing': 'standing'}
[curriculum] target mapping (8 classes): {'Lying down': 'lying', 'Sitting and relaxing': 'sitting', 'Walking': 'walking', 'Running': 'running', 'Climbing stairs': 'Climbing stairs', 'Jogging': 'Jogging', 'Jump front & back': 'Jump front & back', 'Frontal elevation of arms': 'Frontal elevation of arms'}
[curriculum] unknowns added (in hard order): src=[climbingup,jumping,climbingdown,standing] | trg=[Climbing stairs,Jogging,Jump front & back,Frontal elevation of arms]
[scenario] DANCE -> UniDA (uniDA=True)
Unlabeled data shape:  (2974, 150, 18)
Unlabelled Combined shape: (5127, 150, 18)

--- Dataloader Size Check ---
Source Train batches:   467
Target Train batches:   46
-------------------------------

Private classes:  tensor([ 8.,  9., 10., 11.])
=============================================
Dataset: RealWorld to MHEALTH_UniDA_hard_n4_fno_mean
Method:  DANCE
=============================================
Source: RealWorld ---> Target: MHEALTH
Run ID: 0
=============================================
[Pr Epoch : 1/20]
Pr_Src_cls_loss	: 1.8813
-------------------------------------
[Pr Epoch : 2/20]
Pr_Src_cls_loss	: 1.8627
-------------------------------------
[Pr Epoch : 3/20]
Pr_Src_cls_loss	: 1.8540
-------------------------------------
[Pr Epoch : 4/20]
Pr_Src_cls_loss	: 1.8489
-------------------------------------
[Pr Epoch : 5/20]
Pr_Src_cls_loss	: 1.8453
-------------------------------------
[Pr Epoch : 6/20]
Pr_Src_cls_loss	: 1.8426
-------------------------------------
[Pr Epoch : 7/20]
Pr_Src_cls_loss	: 1.8404
-------------------------------------
[Pr Epoch : 8/20]
Pr_Src_cls_loss	: 1.8386
-------------------------------------
[Pr Epoch : 9/20]
Pr_Src_cls_loss	: 1.8370
-------------------------------------
[Pr Epoch : 10/20]
Pr_Src_cls_loss	: 1.8357
-------------------------------------
[Pr Epoch : 11/20]
Pr_Src_cls_loss	: 1.8346
-------------------------------------
[Pr Epoch : 12/20]
Pr_Src_cls_loss	: 1.8336
-------------------------------------
[Pr Epoch : 13/20]
Pr_Src_cls_loss	: 1.8327
-------------------------------------
[Pr Epoch : 14/20]
Pr_Src_cls_loss	: 1.8319
-------------------------------------
[Pr Epoch : 15/20]
Pr_Src_cls_loss	: 1.8312
-------------------------------------
[Pr Epoch : 16/20]
Pr_Src_cls_loss	: 1.8305
-------------------------------------
[Pr Epoch : 17/20]
Pr_Src_cls_loss	: 1.8299
-------------------------------------
[Pr Epoch : 18/20]
Pr_Src_cls_loss	: 1.8293
-------------------------------------
[Pr Epoch : 19/20]
Pr_Src_cls_loss	: 1.8288
-------------------------------------
[Pr Epoch : 20/20]
Pr_Src_cls_loss	: 1.8283
-------------------------------------
/mnt/data/home/tp2474/OpenSet-AdaTime/algorithms/algorithms.py:733: UserWarning: Implicit dimension choice for softmax has been deprecated. Change the call to include dim=X as an argument.
  p = F.softmax(p)
/mnt/data/home/tp2474/OpenSet-AdaTime/algorithms/algorithms.py:737: UserWarning: Implicit dimension choice for softmax has been deprecated. Change the call to include dim=X as an argument.
  p = F.softmax(p)
[Epoch : 1/20]
Pr_Src_cls_loss	: 1.8283
Total_loss	: 1.9855
Ent Loss	: -0.1032
Src_cls_loss	: 1.6626
Neighbors Clustering 	: 0.4262
-------------------------------------
[Epoch : 2/20]
Pr_Src_cls_loss	: 1.8283
Total_loss	: 1.8084
Ent Loss	: -0.1025
Src_cls_loss	: 1.5123
Neighbors Clustering 	: 0.3987
-------------------------------------
[Epoch : 3/20]
Pr_Src_cls_loss	: 1.8283
Total_loss	: 1.6546
Ent Loss	: -0.1017
Src_cls_loss	: 1.3750
Neighbors Clustering 	: 0.3813
-------------------------------------
[Epoch : 4/20]
Pr_Src_cls_loss	: 1.8283
Total_loss	: 1.5202
Ent Loss	: -0.1008
Src_cls_loss	: 1.2525
Neighbors Clustering 	: 0.3685
-------------------------------------
[Epoch : 5/20]
Pr_Src_cls_loss	: 1.8283
Total_loss	: 1.4032
Ent Loss	: -0.0998
Src_cls_loss	: 1.1454
Neighbors Clustering 	: 0.3577
-------------------------------------
[Epoch : 6/20]
Pr_Src_cls_loss	: 1.8283
Total_loss	: 1.3014
Ent Loss	: -0.0990
Src_cls_loss	: 1.0517
Neighbors Clustering 	: 0.3487
-------------------------------------
[Epoch : 7/20]
Pr_Src_cls_loss	: 1.8283
Total_loss	: 1.2126
Ent Loss	: -0.0983
Src_cls_loss	: 0.9701
Neighbors Clustering 	: 0.3408
-------------------------------------
[Epoch : 8/20]
Pr_Src_cls_loss	: 1.8283
Total_loss	: 1.1342
Ent Loss	: -0.0976
Src_cls_loss	: 0.8986
Neighbors Clustering 	: 0.3332
-------------------------------------
[Epoch : 9/20]
Pr_Src_cls_loss	: 1.8283
Total_loss	: 1.0651
Ent Loss	: -0.0970
Src_cls_loss	: 0.8358
Neighbors Clustering 	: 0.3262
-------------------------------------
[Epoch : 10/20]
Pr_Src_cls_loss	: 1.8283
Total_loss	: 1.0037
Ent Loss	: -0.0965
Src_cls_loss	: 0.7808
Neighbors Clustering 	: 0.3194
-------------------------------------
[Epoch : 11/20]
Pr_Src_cls_loss	: 1.8283
Total_loss	: 0.9491
Ent Loss	: -0.0960
Src_cls_loss	: 0.7320
Neighbors Clustering 	: 0.3131
-------------------------------------
[Epoch : 12/20]
Pr_Src_cls_loss	: 1.8283
Total_loss	: 0.9000
Ent Loss	: -0.0956
Src_cls_loss	: 0.6884
Neighbors Clustering 	: 0.3072
-------------------------------------
[Epoch : 13/20]
Pr_Src_cls_loss	: 1.8283
Total_loss	: 0.8558
Ent Loss	: -0.0952
Src_cls_loss	: 0.6495
Neighbors Clustering 	: 0.3016
-------------------------------------
[Epoch : 14/20]
Pr_Src_cls_loss	: 1.8283
Total_loss	: 0.8157
Ent Loss	: -0.0949
Src_cls_loss	: 0.6145
Neighbors Clustering 	: 0.2962
-------------------------------------
[Epoch : 15/20]
Pr_Src_cls_loss	: 1.8283
Total_loss	: 0.7793
Ent Loss	: -0.0946
Src_cls_loss	: 0.5830
Neighbors Clustering 	: 0.2910
-------------------------------------
[Epoch : 16/20]
Pr_Src_cls_loss	: 1.8283
Total_loss	: 0.7459
Ent Loss	: -0.0944
Src_cls_loss	: 0.5544
Neighbors Clustering 	: 0.2859
-------------------------------------
[Epoch : 17/20]
Pr_Src_cls_loss	: 1.8283
Total_loss	: 0.7154
Ent Loss	: -0.0942
Src_cls_loss	: 0.5285
Neighbors Clustering 	: 0.2811
-------------------------------------
[Epoch : 18/20]
Pr_Src_cls_loss	: 1.8283
Total_loss	: 0.6873
Ent Loss	: -0.0939
Src_cls_loss	: 0.5047
Neighbors Clustering 	: 0.2765
-------------------------------------
[Epoch : 19/20]
Pr_Src_cls_loss	: 1.8283
Total_loss	: 0.6613
Ent Loss	: -0.0937
Src_cls_loss	: 0.4830
Neighbors Clustering 	: 0.2720
-------------------------------------
[Epoch : 20/20]
Pr_Src_cls_loss	: 1.8283
Total_loss	: 0.6376
Ent Loss	: -0.0935
Src_cls_loss	: 0.4631
Neighbors Clustering 	: 0.2680
-------------------------------------
/mnt/data/home/tp2474/OpenSet-AdaTime/algorithms/algorithms.py:870: UserWarning: Implicit dimension choice for softmax has been deprecated. Change the call to include dim=X as an argument.
  predictions = F.softmax(self.classifier(features))
/mnt/data/home/tp2474/OpenSet-AdaTime/trainers/abstract_trainer.py:331: FutureWarning: The behavior of DataFrame concatenation with empty or all-NA entries is deprecated. In a future version, this will no longer exclude empty or all-NA columns when determining the result dtypes. To retain the old behavior, exclude the relevant entries before the concat operation.
  table = pd.concat([table, results_df], ignore_index=True)
H_score: 0.0000, OS* (acc_c): 0.0000, UNK (acc_p): 0.9993, acc_mix: 0.4502, F1: 0.2853
Uploading logs from: /mnt/data/home/tp2474/OpenSet-AdaTime/experiments_logs/curriculum/RealWorld to MHEALTH_UniDA_hard_n4_fno_mean/DANCE_UniDA_hard_n4_fno_mean/RealWorld_to_MHEALTH_run_0
🏃 View run DANCE_run_0 at: http://127.0.0.1:5001/#/experiments/969386100323708088/runs/61cf5d08bb6c482ab9ead475f17c77a7
🧪 View experiment at: http://127.0.0.1:5001/#/experiments/969386100323708088
=============================================
Dataset: RealWorld to MHEALTH_UniDA_hard_n4_fno_mean
Method:  DANCE
=============================================
Source: RealWorld ---> Target: MHEALTH
Run ID: 1
=============================================
[Pr Epoch : 1/20]
Pr_Src_cls_loss	: 1.8891
-------------------------------------
[Pr Epoch : 2/20]
Pr_Src_cls_loss	: 1.8692
-------------------------------------
[Pr Epoch : 3/20]
Pr_Src_cls_loss	: 1.8597
-------------------------------------
[Pr Epoch : 4/20]
Pr_Src_cls_loss	: 1.8540
-------------------------------------
[Pr Epoch : 5/20]
Pr_Src_cls_loss	: 1.8499
-------------------------------------
[Pr Epoch : 6/20]
Pr_Src_cls_loss	: 1.8468
-------------------------------------
[Pr Epoch : 7/20]
Pr_Src_cls_loss	: 1.8444
-------------------------------------
[Pr Epoch : 8/20]
Pr_Src_cls_loss	: 1.8424
-------------------------------------
[Pr Epoch : 9/20]
Pr_Src_cls_loss	: 1.8408
-------------------------------------
[Pr Epoch : 10/20]
Pr_Src_cls_loss	: 1.8394
-------------------------------------
[Pr Epoch : 11/20]
Pr_Src_cls_loss	: 1.8382
-------------------------------------
[Pr Epoch : 12/20]
Pr_Src_cls_loss	: 1.8371
-------------------------------------
[Pr Epoch : 13/20]
Pr_Src_cls_loss	: 1.8362
-------------------------------------
[Pr Epoch : 14/20]
Pr_Src_cls_loss	: 1.8354
-------------------------------------
[Pr Epoch : 15/20]
Pr_Src_cls_loss	: 1.8346
-------------------------------------
[Pr Epoch : 16/20]
Pr_Src_cls_loss	: 1.8339
-------------------------------------
[Pr Epoch : 17/20]
Pr_Src_cls_loss	: 1.8332
-------------------------------------
[Pr Epoch : 18/20]
Pr_Src_cls_loss	: 1.8326
-------------------------------------
[Pr Epoch : 19/20]
Pr_Src_cls_loss	: 1.8320
-------------------------------------
[Pr Epoch : 20/20]
Pr_Src_cls_loss	: 1.8315
-------------------------------------
[Epoch : 1/20]
Pr_Src_cls_loss	: 1.8315
Total_loss	: 2.0267
Ent Loss	: -0.1030
Src_cls_loss	: 1.6630
Neighbors Clustering 	: 0.4666
-------------------------------------
[Epoch : 2/20]
Pr_Src_cls_loss	: 1.8315
Total_loss	: 1.8374
Ent Loss	: -0.1023
Src_cls_loss	: 1.5115
Neighbors Clustering 	: 0.4282
-------------------------------------
[Epoch : 3/20]
Pr_Src_cls_loss	: 1.8315
Total_loss	: 1.6727
Ent Loss	: -0.1014
Src_cls_loss	: 1.3726
Neighbors Clustering 	: 0.4015
-------------------------------------
[Epoch : 4/20]
Pr_Src_cls_loss	: 1.8315
Total_loss	: 1.5311
Ent Loss	: -0.1004
Src_cls_loss	: 1.2488
Neighbors Clustering 	: 0.3827
-------------------------------------
[Epoch : 5/20]
Pr_Src_cls_loss	: 1.8315
Total_loss	: 1.4088
Ent Loss	: -0.0994
Src_cls_loss	: 1.1401
Neighbors Clustering 	: 0.3681
-------------------------------------
[Epoch : 6/20]
Pr_Src_cls_loss	: 1.8315
Total_loss	: 1.3035
Ent Loss	: -0.0984
Src_cls_loss	: 1.0451
Neighbors Clustering 	: 0.3568
-------------------------------------
[Epoch : 7/20]
Pr_Src_cls_loss	: 1.8315
Total_loss	: 1.2120
Ent Loss	: -0.0976
Src_cls_loss	: 0.9624
Neighbors Clustering 	: 0.3471
-------------------------------------
[Epoch : 8/20]
Pr_Src_cls_loss	: 1.8315
Total_loss	: 1.1325
Ent Loss	: -0.0969
Src_cls_loss	: 0.8903
Neighbors Clustering 	: 0.3390
-------------------------------------
[Epoch : 9/20]
Pr_Src_cls_loss	: 1.8315
Total_loss	: 1.0629
Ent Loss	: -0.0962
Src_cls_loss	: 0.8271
Neighbors Clustering 	: 0.3320
-------------------------------------
[Epoch : 10/20]
Pr_Src_cls_loss	: 1.8315
Total_loss	: 1.0016
Ent Loss	: -0.0957
Src_cls_loss	: 0.7714
Neighbors Clustering 	: 0.3258
-------------------------------------
[Epoch : 11/20]
Pr_Src_cls_loss	: 1.8315
Total_loss	: 0.9472
Ent Loss	: -0.0952
Src_cls_loss	: 0.7222
Neighbors Clustering 	: 0.3202
-------------------------------------
[Epoch : 12/20]
Pr_Src_cls_loss	: 1.8315
Total_loss	: 0.8988
Ent Loss	: -0.0948
Src_cls_loss	: 0.6786
Neighbors Clustering 	: 0.3150
-------------------------------------
[Epoch : 13/20]
Pr_Src_cls_loss	: 1.8315
Total_loss	: 0.8556
Ent Loss	: -0.0944
Src_cls_loss	: 0.6397
Neighbors Clustering 	: 0.3103
-------------------------------------
[Epoch : 14/20]
Pr_Src_cls_loss	: 1.8315
Total_loss	: 0.8165
Ent Loss	: -0.0940
Src_cls_loss	: 0.6047
Neighbors Clustering 	: 0.3058
-------------------------------------
[Epoch : 15/20]
Pr_Src_cls_loss	: 1.8315
Total_loss	: 0.7812
Ent Loss	: -0.0937
Src_cls_loss	: 0.5732
Neighbors Clustering 	: 0.3017
-------------------------------------
[Epoch : 16/20]
Pr_Src_cls_loss	: 1.8315
Total_loss	: 0.7492
Ent Loss	: -0.0934
Src_cls_loss	: 0.5446
Neighbors Clustering 	: 0.2979
-------------------------------------
[Epoch : 17/20]
Pr_Src_cls_loss	: 1.8315
Total_loss	: 0.7200
Ent Loss	: -0.0931
Src_cls_loss	: 0.5189
Neighbors Clustering 	: 0.2943
-------------------------------------
[Epoch : 18/20]
Pr_Src_cls_loss	: 1.8315
Total_loss	: 0.6936
Ent Loss	: -0.0928
Src_cls_loss	: 0.4953
Neighbors Clustering 	: 0.2911
-------------------------------------
[Epoch : 19/20]
Pr_Src_cls_loss	: 1.8315
Total_loss	: 0.6690
Ent Loss	: -0.0926
Src_cls_loss	: 0.4739
Neighbors Clustering 	: 0.2877
-------------------------------------
[Epoch : 20/20]
Pr_Src_cls_loss	: 1.8315
Total_loss	: 0.6463
Ent Loss	: -0.0924
Src_cls_loss	: 0.4542
Neighbors Clustering 	: 0.2845
-------------------------------------
H_score: 0.0511, OS* (acc_c): 0.0263, UNK (acc_p): 0.8873, acc_mix: 0.4143, F1: 0.2905
Uploading logs from: /mnt/data/home/tp2474/OpenSet-AdaTime/experiments_logs/curriculum/RealWorld to MHEALTH_UniDA_hard_n4_fno_mean/DANCE_UniDA_hard_n4_fno_mean/RealWorld_to_MHEALTH_run_1
🏃 View run DANCE_run_1 at: http://127.0.0.1:5001/#/experiments/969386100323708088/runs/51117b80f9f94215bc8e841faed8b847
🧪 View experiment at: http://127.0.0.1:5001/#/experiments/969386100323708088
=============================================
Dataset: RealWorld to MHEALTH_UniDA_hard_n4_fno_mean
Method:  DANCE
=============================================
Source: RealWorld ---> Target: MHEALTH
Run ID: 2
=============================================
[Pr Epoch : 1/20]
Pr_Src_cls_loss	: 1.8780
-------------------------------------
[Pr Epoch : 2/20]
Pr_Src_cls_loss	: 1.8593
-------------------------------------
[Pr Epoch : 3/20]
Pr_Src_cls_loss	: 1.8502
-------------------------------------
[Pr Epoch : 4/20]
Pr_Src_cls_loss	: 1.8447
-------------------------------------
[Pr Epoch : 5/20]
Pr_Src_cls_loss	: 1.8407
-------------------------------------
[Pr Epoch : 6/20]
Pr_Src_cls_loss	: 1.8377
-------------------------------------
[Pr Epoch : 7/20]
Pr_Src_cls_loss	: 1.8353
-------------------------------------
[Pr Epoch : 8/20]
Pr_Src_cls_loss	: 1.8333
-------------------------------------
[Pr Epoch : 9/20]
Pr_Src_cls_loss	: 1.8315
-------------------------------------
[Pr Epoch : 10/20]
Pr_Src_cls_loss	: 1.8300
-------------------------------------
[Pr Epoch : 11/20]
Pr_Src_cls_loss	: 1.8287
-------------------------------------
[Pr Epoch : 12/20]
Pr_Src_cls_loss	: 1.8275
-------------------------------------
[Pr Epoch : 13/20]
Pr_Src_cls_loss	: 1.8264
-------------------------------------
[Pr Epoch : 14/20]
Pr_Src_cls_loss	: 1.8255
-------------------------------------
[Pr Epoch : 15/20]
Pr_Src_cls_loss	: 1.8246
-------------------------------------
[Pr Epoch : 16/20]
Pr_Src_cls_loss	: 1.8238
-------------------------------------
[Pr Epoch : 17/20]
Pr_Src_cls_loss	: 1.8230
-------------------------------------
[Pr Epoch : 18/20]
Pr_Src_cls_loss	: 1.8223
-------------------------------------
[Pr Epoch : 19/20]
Pr_Src_cls_loss	: 1.8217
-------------------------------------
[Pr Epoch : 20/20]
Pr_Src_cls_loss	: 1.8211
-------------------------------------
[Epoch : 1/20]
Pr_Src_cls_loss	: 1.8211
Total_loss	: 2.0149
Ent Loss	: -0.1031
Src_cls_loss	: 1.6518
Neighbors Clustering 	: 0.4662
-------------------------------------
[Epoch : 2/20]
Pr_Src_cls_loss	: 1.8211
Total_loss	: 1.8366
Ent Loss	: -0.1023
Src_cls_loss	: 1.5016
Neighbors Clustering 	: 0.4373
-------------------------------------
[Epoch : 3/20]
Pr_Src_cls_loss	: 1.8211
Total_loss	: 1.6812
Ent Loss	: -0.1013
Src_cls_loss	: 1.3644
Neighbors Clustering 	: 0.4181
-------------------------------------
[Epoch : 4/20]
Pr_Src_cls_loss	: 1.8211
Total_loss	: 1.5454
Ent Loss	: -0.1003
Src_cls_loss	: 1.2425
Neighbors Clustering 	: 0.4031
-------------------------------------
[Epoch : 5/20]
Pr_Src_cls_loss	: 1.8211
Total_loss	: 1.4268
Ent Loss	: -0.0993
Src_cls_loss	: 1.1355
Neighbors Clustering 	: 0.3907
-------------------------------------
[Epoch : 6/20]
Pr_Src_cls_loss	: 1.8211
Total_loss	: 1.3233
Ent Loss	: -0.0984
Src_cls_loss	: 1.0419
Neighbors Clustering 	: 0.3798
-------------------------------------
[Epoch : 7/20]
Pr_Src_cls_loss	: 1.8211
Total_loss	: 1.2314
Ent Loss	: -0.0977
Src_cls_loss	: 0.9605
Neighbors Clustering 	: 0.3686
-------------------------------------
[Epoch : 8/20]
Pr_Src_cls_loss	: 1.8211
Total_loss	: 1.1510
Ent Loss	: -0.0970
Src_cls_loss	: 0.8894
Neighbors Clustering 	: 0.3586
-------------------------------------
[Epoch : 9/20]
Pr_Src_cls_loss	: 1.8211
Total_loss	: 1.0802
Ent Loss	: -0.0964
Src_cls_loss	: 0.8269
Neighbors Clustering 	: 0.3496
-------------------------------------
[Epoch : 10/20]
Pr_Src_cls_loss	: 1.8211
Total_loss	: 1.0178
Ent Loss	: -0.0959
Src_cls_loss	: 0.7719
Neighbors Clustering 	: 0.3418
-------------------------------------
[Epoch : 11/20]
Pr_Src_cls_loss	: 1.8211
Total_loss	: 0.9622
Ent Loss	: -0.0954
Src_cls_loss	: 0.7233
Neighbors Clustering 	: 0.3343
-------------------------------------
[Epoch : 12/20]
Pr_Src_cls_loss	: 1.8211
Total_loss	: 0.9124
Ent Loss	: -0.0949
Src_cls_loss	: 0.6799
Neighbors Clustering 	: 0.3274
-------------------------------------
[Epoch : 13/20]
Pr_Src_cls_loss	: 1.8211
Total_loss	: 0.8681
Ent Loss	: -0.0945
Src_cls_loss	: 0.6413
Neighbors Clustering 	: 0.3213
-------------------------------------
[Epoch : 14/20]
Pr_Src_cls_loss	: 1.8211
Total_loss	: 0.8280
Ent Loss	: -0.0941
Src_cls_loss	: 0.6066
Neighbors Clustering 	: 0.3155
-------------------------------------
[Epoch : 15/20]
Pr_Src_cls_loss	: 1.8211
Total_loss	: 0.7916
Ent Loss	: -0.0937
Src_cls_loss	: 0.5754
Neighbors Clustering 	: 0.3099
-------------------------------------
[Epoch : 16/20]
Pr_Src_cls_loss	: 1.8211
Total_loss	: 0.7584
Ent Loss	: -0.0934
Src_cls_loss	: 0.5472
Neighbors Clustering 	: 0.3047
-------------------------------------
[Epoch : 17/20]
Pr_Src_cls_loss	: 1.8211
Total_loss	: 0.7280
Ent Loss	: -0.0931
Src_cls_loss	: 0.5214
Neighbors Clustering 	: 0.2996
-------------------------------------
[Epoch : 18/20]
Pr_Src_cls_loss	: 1.8211
Total_loss	: 0.7003
Ent Loss	: -0.0928
Src_cls_loss	: 0.4981
Neighbors Clustering 	: 0.2950
-------------------------------------
[Epoch : 19/20]
Pr_Src_cls_loss	: 1.8211
Total_loss	: 0.6747
Ent Loss	: -0.0925
Src_cls_loss	: 0.4766
Neighbors Clustering 	: 0.2906
-------------------------------------
[Epoch : 20/20]
Pr_Src_cls_loss	: 1.8211
Total_loss	: 0.6510
Ent Loss	: -0.0923
Src_cls_loss	: 0.4569
Neighbors Clustering 	: 0.2863
-------------------------------------
H_score: 0.0000, OS* (acc_c): 0.0000, UNK (acc_p): 0.9134, acc_mix: 0.4116, F1: 0.2681
Uploading logs from: /mnt/data/home/tp2474/OpenSet-AdaTime/experiments_logs/curriculum/RealWorld to MHEALTH_UniDA_hard_n4_fno_mean/DANCE_UniDA_hard_n4_fno_mean/RealWorld_to_MHEALTH_run_2
🏃 View run DANCE_run_2 at: http://127.0.0.1:5001/#/experiments/969386100323708088/runs/102bd95f8a3f42b682020ff8eff2f0cf
🧪 View experiment at: http://127.0.0.1:5001/#/experiments/969386100323708088
=============================================
Dataset: RealWorld to MHEALTH_UniDA_hard_n4_fno_mean
Method:  DANCE
=============================================
Source: RealWorld ---> Target: MHEALTH
Run ID: 3
=============================================
[Pr Epoch : 1/20]
Pr_Src_cls_loss	: 1.8863
-------------------------------------
[Pr Epoch : 2/20]
Pr_Src_cls_loss	: 1.8674
-------------------------------------
[Pr Epoch : 3/20]
Pr_Src_cls_loss	: 1.8585
-------------------------------------
[Pr Epoch : 4/20]
Pr_Src_cls_loss	: 1.8533
-------------------------------------
[Pr Epoch : 5/20]
Pr_Src_cls_loss	: 1.8497
-------------------------------------
[Pr Epoch : 6/20]
Pr_Src_cls_loss	: 1.8470
-------------------------------------
[Pr Epoch : 7/20]
Pr_Src_cls_loss	: 1.8450
-------------------------------------
[Pr Epoch : 8/20]
Pr_Src_cls_loss	: 1.8434
-------------------------------------
[Pr Epoch : 9/20]
Pr_Src_cls_loss	: 1.8419
-------------------------------------
[Pr Epoch : 10/20]
Pr_Src_cls_loss	: 1.8407
-------------------------------------
[Pr Epoch : 11/20]
Pr_Src_cls_loss	: 1.8396
-------------------------------------
[Pr Epoch : 12/20]
Pr_Src_cls_loss	: 1.8385
-------------------------------------
[Pr Epoch : 13/20]
Pr_Src_cls_loss	: 1.8376
-------------------------------------
[Pr Epoch : 14/20]
Pr_Src_cls_loss	: 1.8368
-------------------------------------
[Pr Epoch : 15/20]
Pr_Src_cls_loss	: 1.8360
-------------------------------------
[Pr Epoch : 16/20]
Pr_Src_cls_loss	: 1.8353
-------------------------------------
[Pr Epoch : 17/20]
Pr_Src_cls_loss	: 1.8347
-------------------------------------
[Pr Epoch : 18/20]
Pr_Src_cls_loss	: 1.8341
-------------------------------------
[Pr Epoch : 19/20]
Pr_Src_cls_loss	: 1.8335
-------------------------------------
[Pr Epoch : 20/20]
Pr_Src_cls_loss	: 1.8330
-------------------------------------
[Epoch : 1/20]
Pr_Src_cls_loss	: 1.8330
Total_loss	: 1.9907
Ent Loss	: -0.1032
Src_cls_loss	: 1.6660
Neighbors Clustering 	: 0.4280
-------------------------------------
[Epoch : 2/20]
Pr_Src_cls_loss	: 1.8330
Total_loss	: 1.8077
Ent Loss	: -0.1026
Src_cls_loss	: 1.5147
Neighbors Clustering 	: 0.3956
-------------------------------------
[Epoch : 3/20]
Pr_Src_cls_loss	: 1.8330
Total_loss	: 1.6484
Ent Loss	: -0.1019
Src_cls_loss	: 1.3758
Neighbors Clustering 	: 0.3745
-------------------------------------
[Epoch : 4/20]
Pr_Src_cls_loss	: 1.8330
Total_loss	: 1.5088
Ent Loss	: -0.1012
Src_cls_loss	: 1.2518
Neighbors Clustering 	: 0.3583
-------------------------------------
[Epoch : 5/20]
Pr_Src_cls_loss	: 1.8330
Total_loss	: 1.3868
Ent Loss	: -0.1005
Src_cls_loss	: 1.1433
Neighbors Clustering 	: 0.3440
-------------------------------------
[Epoch : 6/20]
Pr_Src_cls_loss	: 1.8330
Total_loss	: 1.2808
Ent Loss	: -0.0998
Src_cls_loss	: 1.0485
Neighbors Clustering 	: 0.3322
-------------------------------------
[Epoch : 7/20]
Pr_Src_cls_loss	: 1.8330
Total_loss	: 1.1890
Ent Loss	: -0.0992
Src_cls_loss	: 0.9660
Neighbors Clustering 	: 0.3222
-------------------------------------
[Epoch : 8/20]
Pr_Src_cls_loss	: 1.8330
Total_loss	: 1.1085
Ent Loss	: -0.0987
Src_cls_loss	: 0.8941
Neighbors Clustering 	: 0.3131
-------------------------------------
[Epoch : 9/20]
Pr_Src_cls_loss	: 1.8330
Total_loss	: 1.0381
Ent Loss	: -0.0982
Src_cls_loss	: 0.8313
Neighbors Clustering 	: 0.3050
-------------------------------------
[Epoch : 10/20]
Pr_Src_cls_loss	: 1.8330
Total_loss	: 0.9760
Ent Loss	: -0.0977
Src_cls_loss	: 0.7760
Neighbors Clustering 	: 0.2977
-------------------------------------
[Epoch : 11/20]
Pr_Src_cls_loss	: 1.8330
Total_loss	: 0.9207
Ent Loss	: -0.0972
Src_cls_loss	: 0.7270
Neighbors Clustering 	: 0.2909
-------------------------------------
[Epoch : 12/20]
Pr_Src_cls_loss	: 1.8330
Total_loss	: 0.8715
Ent Loss	: -0.0969
Src_cls_loss	: 0.6836
Neighbors Clustering 	: 0.2848
-------------------------------------
[Epoch : 13/20]
Pr_Src_cls_loss	: 1.8330
Total_loss	: 0.8273
Ent Loss	: -0.0965
Src_cls_loss	: 0.6448
Neighbors Clustering 	: 0.2789
-------------------------------------
[Epoch : 14/20]
Pr_Src_cls_loss	: 1.8330
Total_loss	: 0.7877
Ent Loss	: -0.0962
Src_cls_loss	: 0.6102
Neighbors Clustering 	: 0.2736
-------------------------------------
[Epoch : 15/20]
Pr_Src_cls_loss	: 1.8330
Total_loss	: 0.7516
Ent Loss	: -0.0959
Src_cls_loss	: 0.5789
Neighbors Clustering 	: 0.2686
-------------------------------------
[Epoch : 16/20]
Pr_Src_cls_loss	: 1.8330
Total_loss	: 0.7187
Ent Loss	: -0.0956
Src_cls_loss	: 0.5505
Neighbors Clustering 	: 0.2638
-------------------------------------
[Epoch : 17/20]
Pr_Src_cls_loss	: 1.8330
Total_loss	: 0.6888
Ent Loss	: -0.0953
Src_cls_loss	: 0.5247
Neighbors Clustering 	: 0.2593
-------------------------------------
[Epoch : 18/20]
Pr_Src_cls_loss	: 1.8330
Total_loss	: 0.6615
Ent Loss	: -0.0951
Src_cls_loss	: 0.5013
Neighbors Clustering 	: 0.2552
-------------------------------------
[Epoch : 19/20]
Pr_Src_cls_loss	: 1.8330
Total_loss	: 0.6364
Ent Loss	: -0.0948
Src_cls_loss	: 0.4799
Neighbors Clustering 	: 0.2513
-------------------------------------
[Epoch : 20/20]
Pr_Src_cls_loss	: 1.8330
Total_loss	: 0.6133
Ent Loss	: -0.0946
Src_cls_loss	: 0.4602
Neighbors Clustering 	: 0.2478
-------------------------------------
H_score: 0.0419, OS* (acc_c): 0.0214, UNK (acc_p): 0.9970, acc_mix: 0.4610, F1: 0.3055
Uploading logs from: /mnt/data/home/tp2474/OpenSet-AdaTime/experiments_logs/curriculum/RealWorld to MHEALTH_UniDA_hard_n4_fno_mean/DANCE_UniDA_hard_n4_fno_mean/RealWorld_to_MHEALTH_run_3
🏃 View run DANCE_run_3 at: http://127.0.0.1:5001/#/experiments/969386100323708088/runs/80737afac58043cd9a8203d9e764bd5e
🧪 View experiment at: http://127.0.0.1:5001/#/experiments/969386100323708088
=============================================
Dataset: RealWorld to MHEALTH_UniDA_hard_n4_fno_mean
Method:  DANCE
=============================================
Source: RealWorld ---> Target: MHEALTH
Run ID: 4
=============================================
[Pr Epoch : 1/20]
Pr_Src_cls_loss	: 1.8694
-------------------------------------
[Pr Epoch : 2/20]
Pr_Src_cls_loss	: 1.8500
-------------------------------------
[Pr Epoch : 3/20]
Pr_Src_cls_loss	: 1.8410
-------------------------------------
[Pr Epoch : 4/20]
Pr_Src_cls_loss	: 1.8356
-------------------------------------
[Pr Epoch : 5/20]
Pr_Src_cls_loss	: 1.8320
-------------------------------------
[Pr Epoch : 6/20]
Pr_Src_cls_loss	: 1.8293
-------------------------------------
[Pr Epoch : 7/20]
Pr_Src_cls_loss	: 1.8271
-------------------------------------
[Pr Epoch : 8/20]
Pr_Src_cls_loss	: 1.8254
-------------------------------------
[Pr Epoch : 9/20]
Pr_Src_cls_loss	: 1.8239
-------------------------------------
[Pr Epoch : 10/20]
Pr_Src_cls_loss	: 1.8225
-------------------------------------
[Pr Epoch : 11/20]
Pr_Src_cls_loss	: 1.8213
-------------------------------------
[Pr Epoch : 12/20]
Pr_Src_cls_loss	: 1.8203
-------------------------------------
[Pr Epoch : 13/20]
Pr_Src_cls_loss	: 1.8193
-------------------------------------
[Pr Epoch : 14/20]
Pr_Src_cls_loss	: 1.8184
-------------------------------------
[Pr Epoch : 15/20]
Pr_Src_cls_loss	: 1.8176
-------------------------------------
[Pr Epoch : 16/20]
Pr_Src_cls_loss	: 1.8169
-------------------------------------
[Pr Epoch : 17/20]
Pr_Src_cls_loss	: 1.8163
-------------------------------------
[Pr Epoch : 18/20]
Pr_Src_cls_loss	: 1.8156
-------------------------------------
[Pr Epoch : 19/20]
Pr_Src_cls_loss	: 1.8151
-------------------------------------
[Pr Epoch : 20/20]
Pr_Src_cls_loss	: 1.8145
-------------------------------------
[Epoch : 1/20]
Pr_Src_cls_loss	: 1.8145
Total_loss	: 1.9756
Ent Loss	: -0.1030
Src_cls_loss	: 1.6467
Neighbors Clustering 	: 0.4319
-------------------------------------
[Epoch : 2/20]
Pr_Src_cls_loss	: 1.8145
Total_loss	: 1.7942
Ent Loss	: -0.1023
Src_cls_loss	: 1.4964
Neighbors Clustering 	: 0.4001
-------------------------------------
[Epoch : 3/20]
Pr_Src_cls_loss	: 1.8145
Total_loss	: 1.6391
Ent Loss	: -0.1014
Src_cls_loss	: 1.3595
Neighbors Clustering 	: 0.3810
-------------------------------------
[Epoch : 4/20]
Pr_Src_cls_loss	: 1.8145
Total_loss	: 1.5039
Ent Loss	: -0.1004
Src_cls_loss	: 1.2377
Neighbors Clustering 	: 0.3666
-------------------------------------
[Epoch : 5/20]
Pr_Src_cls_loss	: 1.8145
Total_loss	: 1.3862
Ent Loss	: -0.0995
Src_cls_loss	: 1.1310
Neighbors Clustering 	: 0.3547
-------------------------------------
[Epoch : 6/20]
Pr_Src_cls_loss	: 1.8145
Total_loss	: 1.2839
Ent Loss	: -0.0987
Src_cls_loss	: 1.0378
Neighbors Clustering 	: 0.3448
-------------------------------------
[Epoch : 7/20]
Pr_Src_cls_loss	: 1.8145
Total_loss	: 1.1949
Ent Loss	: -0.0979
Src_cls_loss	: 0.9565
Neighbors Clustering 	: 0.3363
-------------------------------------
[Epoch : 8/20]
Pr_Src_cls_loss	: 1.8145
Total_loss	: 1.1168
Ent Loss	: -0.0972
Src_cls_loss	: 0.8855
Neighbors Clustering 	: 0.3285
-------------------------------------
[Epoch : 9/20]
Pr_Src_cls_loss	: 1.8145
Total_loss	: 1.0479
Ent Loss	: -0.0966
Src_cls_loss	: 0.8234
Neighbors Clustering 	: 0.3212
-------------------------------------
[Epoch : 10/20]
Pr_Src_cls_loss	: 1.8145
Total_loss	: 0.9869
Ent Loss	: -0.0962
Src_cls_loss	: 0.7686
Neighbors Clustering 	: 0.3144
-------------------------------------
[Epoch : 11/20]
Pr_Src_cls_loss	: 1.8145
Total_loss	: 0.9323
Ent Loss	: -0.0957
Src_cls_loss	: 0.7201
Neighbors Clustering 	: 0.3079
-------------------------------------
[Epoch : 12/20]
Pr_Src_cls_loss	: 1.8145
Total_loss	: 0.8839
Ent Loss	: -0.0953
Src_cls_loss	: 0.6771
Neighbors Clustering 	: 0.3021
-------------------------------------
[Epoch : 13/20]
Pr_Src_cls_loss	: 1.8145
Total_loss	: 0.8400
Ent Loss	: -0.0950
Src_cls_loss	: 0.6386
Neighbors Clustering 	: 0.2964
-------------------------------------
[Epoch : 14/20]
Pr_Src_cls_loss	: 1.8145
Total_loss	: 0.8003
Ent Loss	: -0.0946
Src_cls_loss	: 0.6041
Neighbors Clustering 	: 0.2908
-------------------------------------
[Epoch : 15/20]
Pr_Src_cls_loss	: 1.8145
Total_loss	: 0.7644
Ent Loss	: -0.0943
Src_cls_loss	: 0.5729
Neighbors Clustering 	: 0.2858
-------------------------------------
[Epoch : 16/20]
Pr_Src_cls_loss	: 1.8145
Total_loss	: 0.7316
Ent Loss	: -0.0940
Src_cls_loss	: 0.5447
Neighbors Clustering 	: 0.2809
-------------------------------------
[Epoch : 17/20]
Pr_Src_cls_loss	: 1.8145
Total_loss	: 0.7018
Ent Loss	: -0.0937
Src_cls_loss	: 0.5192
Neighbors Clustering 	: 0.2764
-------------------------------------
[Epoch : 18/20]
Pr_Src_cls_loss	: 1.8145
Total_loss	: 0.6743
Ent Loss	: -0.0935
Src_cls_loss	: 0.4958
Neighbors Clustering 	: 0.2721
-------------------------------------
[Epoch : 19/20]
Pr_Src_cls_loss	: 1.8145
Total_loss	: 0.6491
Ent Loss	: -0.0932
Src_cls_loss	: 0.4744
Neighbors Clustering 	: 0.2680
-------------------------------------
[Epoch : 20/20]
Pr_Src_cls_loss	: 1.8145
Total_loss	: 0.6259
Ent Loss	: -0.0930
Src_cls_loss	: 0.4548
Neighbors Clustering 	: 0.2641
-------------------------------------
H_score: 0.0000, OS* (acc_c): 0.0000, UNK (acc_p): 0.8634, acc_mix: 0.3890, F1: 0.2550
Uploading logs from: /mnt/data/home/tp2474/OpenSet-AdaTime/experiments_logs/curriculum/RealWorld to MHEALTH_UniDA_hard_n4_fno_mean/DANCE_UniDA_hard_n4_fno_mean/RealWorld_to_MHEALTH_run_4
🏃 View run DANCE_run_4 at: http://127.0.0.1:5001/#/experiments/969386100323708088/runs/e8644c8fd0314b92972c8709b15cbec1
🧪 View experiment at: http://127.0.0.1:5001/#/experiments/969386100323708088
==================== [n4 fno_mean] PPOT ====================
[curriculum] scenario=UniDA  strategy=hard  n_unknown=4  rank_variant=fno_mean
[curriculum] source mapping (8 classes): {'lying': 'lying', 'sitting': 'sitting', 'walking': 'walking', 'running': 'running', 'climbingup': 'climbingup', 'jumping': 'jumping', 'climbingdown': 'climbingdown', 'standing': 'standing'}
[curriculum] target mapping (8 classes): {'Lying down': 'lying', 'Sitting and relaxing': 'sitting', 'Walking': 'walking', 'Running': 'running', 'Climbing stairs': 'Climbing stairs', 'Jogging': 'Jogging', 'Jump front & back': 'Jump front & back', 'Frontal elevation of arms': 'Frontal elevation of arms'}
[curriculum] unknowns added (in hard order): src=[climbingup,jumping,climbingdown,standing] | trg=[Climbing stairs,Jogging,Jump front & back,Frontal elevation of arms]
[scenario] PPOT -> UniDA (uniDA=True)
Unlabeled data shape:  (2974, 150, 18)
Unlabelled Combined shape: (5127, 150, 18)

--- Dataloader Size Check ---
Source Train batches:   467
Target Train batches:   46
-------------------------------

Private classes:  tensor([ 8.,  9., 10., 11.])
=============================================
Dataset: RealWorld to MHEALTH_UniDA_hard_n4_fno_mean
Method:  PPOT
=============================================
Source: RealWorld ---> Target: MHEALTH
Run ID: 0
=============================================
[Pr Epoch : 1/20]
Pr_Src_cls_loss	: 1.8916
-------------------------------------
[Pr Epoch : 2/20]
Pr_Src_cls_loss	: 1.7966
-------------------------------------
[Pr Epoch : 3/20]
Pr_Src_cls_loss	: 1.7118
-------------------------------------
[Pr Epoch : 4/20]
Pr_Src_cls_loss	: 1.6334
-------------------------------------
[Pr Epoch : 5/20]
Pr_Src_cls_loss	: 1.5603
-------------------------------------
[Pr Epoch : 6/20]
Pr_Src_cls_loss	: 1.4918
-------------------------------------
[Pr Epoch : 7/20]
Pr_Src_cls_loss	: 1.4275
-------------------------------------
[Pr Epoch : 8/20]
Pr_Src_cls_loss	: 1.3674
-------------------------------------
[Pr Epoch : 9/20]
Pr_Src_cls_loss	: 1.3109
-------------------------------------
[Pr Epoch : 10/20]
Pr_Src_cls_loss	: 1.2581
-------------------------------------
[Pr Epoch : 11/20]
Pr_Src_cls_loss	: 1.2083
-------------------------------------
[Pr Epoch : 12/20]
Pr_Src_cls_loss	: 1.1617
-------------------------------------
[Pr Epoch : 13/20]
Pr_Src_cls_loss	: 1.1179
-------------------------------------
[Pr Epoch : 14/20]
Pr_Src_cls_loss	: 1.0766
-------------------------------------
[Pr Epoch : 15/20]
Pr_Src_cls_loss	: 1.0378
-------------------------------------
[Pr Epoch : 16/20]
Pr_Src_cls_loss	: 1.0012
-------------------------------------
[Pr Epoch : 17/20]
Pr_Src_cls_loss	: 0.9668
-------------------------------------
[Pr Epoch : 18/20]
Pr_Src_cls_loss	: 0.9344
-------------------------------------
[Pr Epoch : 19/20]
Pr_Src_cls_loss	: 0.9037
-------------------------------------
[Pr Epoch : 20/20]
Pr_Src_cls_loss	: 0.8747
-------------------------------------
[Epoch : 1/20]
Pr_Src_cls_loss	: 0.8747
Total_loss	: -1.3882
OT Loss	: 0.1729
Entropic Loss	: -1.8194
Src_cls_loss	: 0.1718
-------------------------------------
[Epoch : 2/20]
Pr_Src_cls_loss	: 0.8747
Total_loss	: -1.1183
OT Loss	: 0.2026
Entropic Loss	: -1.6246
Src_cls_loss	: 0.2023
-------------------------------------
[Epoch : 3/20]
Pr_Src_cls_loss	: 0.8747
Total_loss	: -1.0227
OT Loss	: 0.2199
Entropic Loss	: -1.5634
Src_cls_loss	: 0.2108
-------------------------------------
[Epoch : 4/20]
Pr_Src_cls_loss	: 0.8747
Total_loss	: -1.0533
OT Loss	: 0.2212
Entropic Loss	: -1.6040
Src_cls_loss	: 0.2188
-------------------------------------
[Epoch : 5/20]
Pr_Src_cls_loss	: 0.8747
Total_loss	: -1.0135
OT Loss	: 0.2188
Entropic Loss	: -1.5594
Src_cls_loss	: 0.2177
-------------------------------------
[Epoch : 6/20]
Pr_Src_cls_loss	: 0.8747
Total_loss	: -0.9972
OT Loss	: 0.2179
Entropic Loss	: -1.5379
Src_cls_loss	: 0.2139
-------------------------------------
[Epoch : 7/20]
Pr_Src_cls_loss	: 0.8747
Total_loss	: -0.9775
OT Loss	: 0.2160
Entropic Loss	: -1.5307
Src_cls_loss	: 0.2292
-------------------------------------
[Epoch : 8/20]
Pr_Src_cls_loss	: 0.8747
Total_loss	: -0.9886
OT Loss	: 0.2180
Entropic Loss	: -1.5320
Src_cls_loss	: 0.2164
-------------------------------------
[Epoch : 9/20]
Pr_Src_cls_loss	: 0.8747
Total_loss	: -0.9896
OT Loss	: 0.2208
Entropic Loss	: -1.5303
Src_cls_loss	: 0.2095
-------------------------------------
[Epoch : 10/20]
Pr_Src_cls_loss	: 0.8747
Total_loss	: -0.9776
OT Loss	: 0.2206
Entropic Loss	: -1.5167
Src_cls_loss	: 0.2082
-------------------------------------
[Epoch : 11/20]
Pr_Src_cls_loss	: 0.8747
Total_loss	: -0.9701
OT Loss	: 0.2198
Entropic Loss	: -1.4999
Src_cls_loss	: 0.2001
-------------------------------------
[Epoch : 12/20]
Pr_Src_cls_loss	: 0.8747
Total_loss	: -0.9458
OT Loss	: 0.2194
Entropic Loss	: -1.4754
Src_cls_loss	: 0.2005
-------------------------------------
[Epoch : 13/20]
Pr_Src_cls_loss	: 0.8747
Total_loss	: -0.9220
OT Loss	: 0.2215
Entropic Loss	: -1.4526
Src_cls_loss	: 0.1984
-------------------------------------
[Epoch : 14/20]
Pr_Src_cls_loss	: 0.8747
Total_loss	: -0.8957
OT Loss	: 0.2224
Entropic Loss	: -1.4261
Src_cls_loss	: 0.1968
-------------------------------------
[Epoch : 15/20]
Pr_Src_cls_loss	: 0.8747
Total_loss	: -0.8690
OT Loss	: 0.2242
Entropic Loss	: -1.4000
Src_cls_loss	: 0.1947
-------------------------------------
[Epoch : 16/20]
Pr_Src_cls_loss	: 0.8747
Total_loss	: -0.8382
OT Loss	: 0.2303
Entropic Loss	: -1.3743
Src_cls_loss	: 0.1906
-------------------------------------
[Epoch : 17/20]
Pr_Src_cls_loss	: 0.8747
Total_loss	: -0.8139
OT Loss	: 0.2289
Entropic Loss	: -1.3406
Src_cls_loss	: 0.1835
-------------------------------------
[Epoch : 18/20]
Pr_Src_cls_loss	: 0.8747
Total_loss	: -0.8008
OT Loss	: 0.2327
Entropic Loss	: -1.3318
Src_cls_loss	: 0.1819
-------------------------------------
[Epoch : 19/20]
Pr_Src_cls_loss	: 0.8747
Total_loss	: -0.7906
OT Loss	: 0.2349
Entropic Loss	: -1.3219
Src_cls_loss	: 0.1790
-------------------------------------
[Epoch : 20/20]
Pr_Src_cls_loss	: 0.8747
Total_loss	: -0.7893
OT Loss	: 0.2359
Entropic Loss	: -1.3193
Src_cls_loss	: 0.1762
-------------------------------------
/mnt/data/home/tp2474/OpenSet-AdaTime/trainers/abstract_trainer.py:331: FutureWarning: The behavior of DataFrame concatenation with empty or all-NA entries is deprecated. In a future version, this will no longer exclude empty or all-NA columns when determining the result dtypes. To retain the old behavior, exclude the relevant entries before the concat operation.
  table = pd.concat([table, results_df], ignore_index=True)
H_score: 0.2602, OS* (acc_c): 0.2001, UNK (acc_p): 0.3716, acc_mix: 0.2774, F1: 0.3005
Uploading logs from: /mnt/data/home/tp2474/OpenSet-AdaTime/experiments_logs/curriculum/RealWorld to MHEALTH_UniDA_hard_n4_fno_mean/PPOT_UniDA_hard_n4_fno_mean/RealWorld_to_MHEALTH_run_0
🏃 View run PPOT_run_0 at: http://127.0.0.1:5001/#/experiments/969386100323708088/runs/ec538986d8f24a708daa20cbeff7df4e
🧪 View experiment at: http://127.0.0.1:5001/#/experiments/969386100323708088
=============================================
Dataset: RealWorld to MHEALTH_UniDA_hard_n4_fno_mean
Method:  PPOT
=============================================
Source: RealWorld ---> Target: MHEALTH
Run ID: 1
=============================================
[Pr Epoch : 1/20]
Pr_Src_cls_loss	: 1.9050
-------------------------------------
[Pr Epoch : 2/20]
Pr_Src_cls_loss	: 1.8107
-------------------------------------
[Pr Epoch : 3/20]
Pr_Src_cls_loss	: 1.7261
-------------------------------------
[Pr Epoch : 4/20]
Pr_Src_cls_loss	: 1.6478
-------------------------------------
[Pr Epoch : 5/20]
Pr_Src_cls_loss	: 1.5749
-------------------------------------
[Pr Epoch : 6/20]
Pr_Src_cls_loss	: 1.5064
-------------------------------------
[Pr Epoch : 7/20]
Pr_Src_cls_loss	: 1.4420
-------------------------------------
[Pr Epoch : 8/20]
Pr_Src_cls_loss	: 1.3817
-------------------------------------
[Pr Epoch : 9/20]
Pr_Src_cls_loss	: 1.3250
-------------------------------------
[Pr Epoch : 10/20]
Pr_Src_cls_loss	: 1.2717
-------------------------------------
[Pr Epoch : 11/20]
Pr_Src_cls_loss	: 1.2216
-------------------------------------
[Pr Epoch : 12/20]
Pr_Src_cls_loss	: 1.1744
-------------------------------------
[Pr Epoch : 13/20]
Pr_Src_cls_loss	: 1.1298
-------------------------------------
[Pr Epoch : 14/20]
Pr_Src_cls_loss	: 1.0880
-------------------------------------
[Pr Epoch : 15/20]
Pr_Src_cls_loss	: 1.0485
-------------------------------------
[Pr Epoch : 16/20]
Pr_Src_cls_loss	: 1.0113
-------------------------------------
[Pr Epoch : 17/20]
Pr_Src_cls_loss	: 0.9763
-------------------------------------
[Pr Epoch : 18/20]
Pr_Src_cls_loss	: 0.9433
-------------------------------------
[Pr Epoch : 19/20]
Pr_Src_cls_loss	: 0.9121
-------------------------------------
[Pr Epoch : 20/20]
Pr_Src_cls_loss	: 0.8827
-------------------------------------
[Epoch : 1/20]
Pr_Src_cls_loss	: 0.8827
Total_loss	: -1.4480
OT Loss	: 0.1500
Entropic Loss	: -1.8513
Src_cls_loss	: 0.1784
-------------------------------------
[Epoch : 2/20]
Pr_Src_cls_loss	: 0.8827
Total_loss	: -1.0120
OT Loss	: 0.1825
Entropic Loss	: -1.4754
Src_cls_loss	: 0.1897
-------------------------------------
[Epoch : 3/20]
Pr_Src_cls_loss	: 0.8827
Total_loss	: -0.8427
OT Loss	: 0.1763
Entropic Loss	: -1.3081
Src_cls_loss	: 0.2009
-------------------------------------
[Epoch : 4/20]
Pr_Src_cls_loss	: 0.8827
Total_loss	: -0.8325
OT Loss	: 0.1716
Entropic Loss	: -1.2894
Src_cls_loss	: 0.1996
-------------------------------------
[Epoch : 5/20]
Pr_Src_cls_loss	: 0.8827
Total_loss	: -0.7964
OT Loss	: 0.1702
Entropic Loss	: -1.2610
Src_cls_loss	: 0.2093
-------------------------------------
[Epoch : 6/20]
Pr_Src_cls_loss	: 0.8827
Total_loss	: -0.7462
OT Loss	: 0.1743
Entropic Loss	: -1.2341
Src_cls_loss	: 0.2265
-------------------------------------
[Epoch : 7/20]
Pr_Src_cls_loss	: 0.8827
Total_loss	: -0.7092
OT Loss	: 0.1817
Entropic Loss	: -1.2004
Src_cls_loss	: 0.2186
-------------------------------------
[Epoch : 8/20]
Pr_Src_cls_loss	: 0.8827
Total_loss	: -0.6625
OT Loss	: 0.1827
Entropic Loss	: -1.1477
Src_cls_loss	: 0.2111
-------------------------------------
[Epoch : 9/20]
Pr_Src_cls_loss	: 0.8827
Total_loss	: -0.6020
OT Loss	: 0.1915
Entropic Loss	: -1.1031
Src_cls_loss	: 0.2138
-------------------------------------
[Epoch : 10/20]
Pr_Src_cls_loss	: 0.8827
Total_loss	: -0.6021
OT Loss	: 0.1981
Entropic Loss	: -1.1050
Src_cls_loss	: 0.2058
-------------------------------------
[Epoch : 11/20]
Pr_Src_cls_loss	: 0.8827
Total_loss	: -0.5697
OT Loss	: 0.2070
Entropic Loss	: -1.0881
Src_cls_loss	: 0.2079
-------------------------------------
[Epoch : 12/20]
Pr_Src_cls_loss	: 0.8827
Total_loss	: -0.5597
OT Loss	: 0.2082
Entropic Loss	: -1.0754
Src_cls_loss	: 0.2034
-------------------------------------
[Epoch : 13/20]
Pr_Src_cls_loss	: 0.8827
Total_loss	: -0.5631
OT Loss	: 0.2091
Entropic Loss	: -1.0745
Src_cls_loss	: 0.1977
-------------------------------------
[Epoch : 14/20]
Pr_Src_cls_loss	: 0.8827
Total_loss	: -0.5355
OT Loss	: 0.2149
Entropic Loss	: -1.0561
Src_cls_loss	: 0.1983
-------------------------------------
[Epoch : 15/20]
Pr_Src_cls_loss	: 0.8827
Total_loss	: -0.5214
OT Loss	: 0.2222
Entropic Loss	: -1.0490
Src_cls_loss	: 0.1942
-------------------------------------
[Epoch : 16/20]
Pr_Src_cls_loss	: 0.8827
Total_loss	: -0.5134
OT Loss	: 0.2241
Entropic Loss	: -1.0397
Src_cls_loss	: 0.1901
-------------------------------------
[Epoch : 17/20]
Pr_Src_cls_loss	: 0.8827
Total_loss	: -0.5003
OT Loss	: 0.2237
Entropic Loss	: -1.0241
Src_cls_loss	: 0.1883
-------------------------------------
[Epoch : 18/20]
Pr_Src_cls_loss	: 0.8827
Total_loss	: -0.5086
OT Loss	: 0.2256
Entropic Loss	: -1.0300
Src_cls_loss	: 0.1831
-------------------------------------
[Epoch : 19/20]
Pr_Src_cls_loss	: 0.8827
Total_loss	: -0.5039
OT Loss	: 0.2279
Entropic Loss	: -1.0270
Src_cls_loss	: 0.1813
-------------------------------------
[Epoch : 20/20]
Pr_Src_cls_loss	: 0.8827
Total_loss	: -0.4956
OT Loss	: 0.2314
Entropic Loss	: -1.0186
Src_cls_loss	: 0.1760
-------------------------------------
H_score: 0.1590, OS* (acc_c): 0.0985, UNK (acc_p): 0.4112, acc_mix: 0.2394, F1: 0.2854
Uploading logs from: /mnt/data/home/tp2474/OpenSet-AdaTime/experiments_logs/curriculum/RealWorld to MHEALTH_UniDA_hard_n4_fno_mean/PPOT_UniDA_hard_n4_fno_mean/RealWorld_to_MHEALTH_run_1
🏃 View run PPOT_run_1 at: http://127.0.0.1:5001/#/experiments/969386100323708088/runs/5da5eb43636e47d8a12519840f4bf074
🧪 View experiment at: http://127.0.0.1:5001/#/experiments/969386100323708088
=============================================
Dataset: RealWorld to MHEALTH_UniDA_hard_n4_fno_mean
Method:  PPOT
=============================================
Source: RealWorld ---> Target: MHEALTH
Run ID: 2
=============================================
[Pr Epoch : 1/20]
Pr_Src_cls_loss	: 1.8893
-------------------------------------
[Pr Epoch : 2/20]
Pr_Src_cls_loss	: 1.7963
-------------------------------------
[Pr Epoch : 3/20]
Pr_Src_cls_loss	: 1.7136
-------------------------------------
[Pr Epoch : 4/20]
Pr_Src_cls_loss	: 1.6359
-------------------------------------
[Pr Epoch : 5/20]
Pr_Src_cls_loss	: 1.5632
-------------------------------------
[Pr Epoch : 6/20]
Pr_Src_cls_loss	: 1.4954
-------------------------------------
[Pr Epoch : 7/20]
Pr_Src_cls_loss	: 1.4316
-------------------------------------
[Pr Epoch : 8/20]
Pr_Src_cls_loss	: 1.3720
-------------------------------------
[Pr Epoch : 9/20]
Pr_Src_cls_loss	: 1.3159
-------------------------------------
[Pr Epoch : 10/20]
Pr_Src_cls_loss	: 1.2632
-------------------------------------
[Pr Epoch : 11/20]
Pr_Src_cls_loss	: 1.2137
-------------------------------------
[Pr Epoch : 12/20]
Pr_Src_cls_loss	: 1.1672
-------------------------------------
[Pr Epoch : 13/20]
Pr_Src_cls_loss	: 1.1234
-------------------------------------
[Pr Epoch : 14/20]
Pr_Src_cls_loss	: 1.0821
-------------------------------------
[Pr Epoch : 15/20]
Pr_Src_cls_loss	: 1.0432
-------------------------------------
[Pr Epoch : 16/20]
Pr_Src_cls_loss	: 1.0066
-------------------------------------
[Pr Epoch : 17/20]
Pr_Src_cls_loss	: 0.9720
-------------------------------------
[Pr Epoch : 18/20]
Pr_Src_cls_loss	: 0.9394
-------------------------------------
[Pr Epoch : 19/20]
Pr_Src_cls_loss	: 0.9087
-------------------------------------
[Pr Epoch : 20/20]
Pr_Src_cls_loss	: 0.8795
-------------------------------------
[Epoch : 1/20]
Pr_Src_cls_loss	: 0.8795
Total_loss	: -1.4369
OT Loss	: 0.1687
Entropic Loss	: -1.8070
Src_cls_loss	: 0.1171
-------------------------------------
[Epoch : 2/20]
Pr_Src_cls_loss	: 0.8795
Total_loss	: -1.2441
OT Loss	: 0.2023
Entropic Loss	: -1.6808
Src_cls_loss	: 0.1332
-------------------------------------
[Epoch : 3/20]
Pr_Src_cls_loss	: 0.8795
Total_loss	: -1.1321
OT Loss	: 0.2010
Entropic Loss	: -1.6065
Src_cls_loss	: 0.1730
-------------------------------------
[Epoch : 4/20]
Pr_Src_cls_loss	: 0.8795
Total_loss	: -1.0063
OT Loss	: 0.2025
Entropic Loss	: -1.4983
Src_cls_loss	: 0.1883
-------------------------------------
[Epoch : 5/20]
Pr_Src_cls_loss	: 0.8795
Total_loss	: -0.9816
OT Loss	: 0.2030
Entropic Loss	: -1.5016
Src_cls_loss	: 0.2155
-------------------------------------
[Epoch : 6/20]
Pr_Src_cls_loss	: 0.8795
Total_loss	: -0.9094
OT Loss	: 0.2103
Entropic Loss	: -1.4359
Src_cls_loss	: 0.2110
-------------------------------------
[Epoch : 7/20]
Pr_Src_cls_loss	: 0.8795
Total_loss	: -0.8641
OT Loss	: 0.2160
Entropic Loss	: -1.4080
Src_cls_loss	: 0.2198
-------------------------------------
[Epoch : 8/20]
Pr_Src_cls_loss	: 0.8795
Total_loss	: -0.8188
OT Loss	: 0.2184
Entropic Loss	: -1.3676
Src_cls_loss	: 0.2213
-------------------------------------
[Epoch : 9/20]
Pr_Src_cls_loss	: 0.8795
Total_loss	: -0.7803
OT Loss	: 0.2212
Entropic Loss	: -1.3250
Src_cls_loss	: 0.2129
-------------------------------------
[Epoch : 10/20]
Pr_Src_cls_loss	: 0.8795
Total_loss	: -0.7382
OT Loss	: 0.2351
Entropic Loss	: -1.2993
Src_cls_loss	: 0.2084
-------------------------------------
[Epoch : 11/20]
Pr_Src_cls_loss	: 0.8795
Total_loss	: -0.6906
OT Loss	: 0.2335
Entropic Loss	: -1.2463
Src_cls_loss	: 0.2055
-------------------------------------
[Epoch : 12/20]
Pr_Src_cls_loss	: 0.8795
Total_loss	: -0.6684
OT Loss	: 0.2370
Entropic Loss	: -1.2304
Src_cls_loss	: 0.2065
-------------------------------------
[Epoch : 13/20]
Pr_Src_cls_loss	: 0.8795
Total_loss	: -0.6516
OT Loss	: 0.2358
Entropic Loss	: -1.2070
Src_cls_loss	: 0.2016
-------------------------------------
[Epoch : 14/20]
Pr_Src_cls_loss	: 0.8795
Total_loss	: -0.6186
OT Loss	: 0.2351
Entropic Loss	: -1.1718
Src_cls_loss	: 0.2005
-------------------------------------
[Epoch : 15/20]
Pr_Src_cls_loss	: 0.8795
Total_loss	: -0.6045
OT Loss	: 0.2378
Entropic Loss	: -1.1559
Src_cls_loss	: 0.1947
-------------------------------------
[Epoch : 16/20]
Pr_Src_cls_loss	: 0.8795
Total_loss	: -0.5782
OT Loss	: 0.2405
Entropic Loss	: -1.1301
Src_cls_loss	: 0.1910
-------------------------------------
[Epoch : 17/20]
Pr_Src_cls_loss	: 0.8795
Total_loss	: -0.5663
OT Loss	: 0.2412
Entropic Loss	: -1.1163
Src_cls_loss	: 0.1883
-------------------------------------
[Epoch : 18/20]
Pr_Src_cls_loss	: 0.8795
Total_loss	: -0.5627
OT Loss	: 0.2400
Entropic Loss	: -1.1081
Src_cls_loss	: 0.1854
-------------------------------------
[Epoch : 19/20]
Pr_Src_cls_loss	: 0.8795
Total_loss	: -0.5492
OT Loss	: 0.2414
Entropic Loss	: -1.1005
Src_cls_loss	: 0.1892
-------------------------------------
[Epoch : 20/20]
Pr_Src_cls_loss	: 0.8795
Total_loss	: -0.5407
OT Loss	: 0.2416
Entropic Loss	: -1.0893
Src_cls_loss	: 0.1862
-------------------------------------
H_score: 0.2221, OS* (acc_c): 0.2485, UNK (acc_p): 0.2007, acc_mix: 0.2270, F1: 0.2743
Uploading logs from: /mnt/data/home/tp2474/OpenSet-AdaTime/experiments_logs/curriculum/RealWorld to MHEALTH_UniDA_hard_n4_fno_mean/PPOT_UniDA_hard_n4_fno_mean/RealWorld_to_MHEALTH_run_2
🏃 View run PPOT_run_2 at: http://127.0.0.1:5001/#/experiments/969386100323708088/runs/45c36c7118dd4e2688738198eaa9ed73
🧪 View experiment at: http://127.0.0.1:5001/#/experiments/969386100323708088
=============================================
Dataset: RealWorld to MHEALTH_UniDA_hard_n4_fno_mean
Method:  PPOT
=============================================
Source: RealWorld ---> Target: MHEALTH
Run ID: 3
=============================================
[Pr Epoch : 1/20]
Pr_Src_cls_loss	: 1.9008
-------------------------------------
[Pr Epoch : 2/20]
Pr_Src_cls_loss	: 1.8058
-------------------------------------
[Pr Epoch : 3/20]
Pr_Src_cls_loss	: 1.7220
-------------------------------------
[Pr Epoch : 4/20]
Pr_Src_cls_loss	: 1.6446
-------------------------------------
[Pr Epoch : 5/20]
Pr_Src_cls_loss	: 1.5730
-------------------------------------
[Pr Epoch : 6/20]
Pr_Src_cls_loss	: 1.5054
-------------------------------------
[Pr Epoch : 7/20]
Pr_Src_cls_loss	: 1.4421
-------------------------------------
[Pr Epoch : 8/20]
Pr_Src_cls_loss	: 1.3823
-------------------------------------
[Pr Epoch : 9/20]
Pr_Src_cls_loss	: 1.3261
-------------------------------------
[Pr Epoch : 10/20]
Pr_Src_cls_loss	: 1.2731
-------------------------------------
[Pr Epoch : 11/20]
Pr_Src_cls_loss	: 1.2233
-------------------------------------
[Pr Epoch : 12/20]
Pr_Src_cls_loss	: 1.1764
-------------------------------------
[Pr Epoch : 13/20]
Pr_Src_cls_loss	: 1.1321
-------------------------------------
[Pr Epoch : 14/20]
Pr_Src_cls_loss	: 1.0905
-------------------------------------
[Pr Epoch : 15/20]
Pr_Src_cls_loss	: 1.0511
-------------------------------------
[Pr Epoch : 16/20]
Pr_Src_cls_loss	: 1.0141
-------------------------------------
[Pr Epoch : 17/20]
Pr_Src_cls_loss	: 0.9791
-------------------------------------
[Pr Epoch : 18/20]
Pr_Src_cls_loss	: 0.9462
-------------------------------------
[Pr Epoch : 19/20]
Pr_Src_cls_loss	: 0.9150
-------------------------------------
[Pr Epoch : 20/20]
Pr_Src_cls_loss	: 0.8856
-------------------------------------
[Epoch : 1/20]
Pr_Src_cls_loss	: 0.8856
Total_loss	: -1.3141
OT Loss	: 0.1555
Entropic Loss	: -1.7599
Src_cls_loss	: 0.2126
-------------------------------------
[Epoch : 2/20]
Pr_Src_cls_loss	: 0.8856
Total_loss	: -1.2839
OT Loss	: 0.1804
Entropic Loss	: -1.7740
Src_cls_loss	: 0.2195
-------------------------------------
[Epoch : 3/20]
Pr_Src_cls_loss	: 0.8856
Total_loss	: -1.1653
OT Loss	: 0.1885
Entropic Loss	: -1.6889
Src_cls_loss	: 0.2409
-------------------------------------
[Epoch : 4/20]
Pr_Src_cls_loss	: 0.8856
Total_loss	: -1.1592
OT Loss	: 0.1890
Entropic Loss	: -1.6762
Src_cls_loss	: 0.2335
-------------------------------------
[Epoch : 5/20]
Pr_Src_cls_loss	: 0.8856
Total_loss	: -1.1339
OT Loss	: 0.1854
Entropic Loss	: -1.6363
Src_cls_loss	: 0.2243
-------------------------------------
[Epoch : 6/20]
Pr_Src_cls_loss	: 0.8856
Total_loss	: -1.1011
OT Loss	: 0.1881
Entropic Loss	: -1.5973
Src_cls_loss	: 0.2140
-------------------------------------
[Epoch : 7/20]
Pr_Src_cls_loss	: 0.8856
Total_loss	: -1.0519
OT Loss	: 0.1921
Entropic Loss	: -1.5584
Src_cls_loss	: 0.2184
-------------------------------------
[Epoch : 8/20]
Pr_Src_cls_loss	: 0.8856
Total_loss	: -1.0413
OT Loss	: 0.1962
Entropic Loss	: -1.5481
Src_cls_loss	: 0.2124
-------------------------------------
[Epoch : 9/20]
Pr_Src_cls_loss	: 0.8856
Total_loss	: -0.9979
OT Loss	: 0.2001
Entropic Loss	: -1.5140
Src_cls_loss	: 0.2159
-------------------------------------
[Epoch : 10/20]
Pr_Src_cls_loss	: 0.8856
Total_loss	: -0.9889
OT Loss	: 0.2015
Entropic Loss	: -1.4987
Src_cls_loss	: 0.2076
-------------------------------------
[Epoch : 11/20]
Pr_Src_cls_loss	: 0.8856
Total_loss	: -0.9622
OT Loss	: 0.2028
Entropic Loss	: -1.4702
Src_cls_loss	: 0.2038
-------------------------------------
[Epoch : 12/20]
Pr_Src_cls_loss	: 0.8856
Total_loss	: -0.9407
OT Loss	: 0.2074
Entropic Loss	: -1.4545
Src_cls_loss	: 0.2026
-------------------------------------
[Epoch : 13/20]
Pr_Src_cls_loss	: 0.8856
Total_loss	: -0.9098
OT Loss	: 0.2100
Entropic Loss	: -1.4276
Src_cls_loss	: 0.2028
-------------------------------------
[Epoch : 14/20]
Pr_Src_cls_loss	: 0.8856
Total_loss	: -0.8915
OT Loss	: 0.2115
Entropic Loss	: -1.4065
Src_cls_loss	: 0.1977
-------------------------------------
[Epoch : 15/20]
Pr_Src_cls_loss	: 0.8856
Total_loss	: -0.8670
OT Loss	: 0.2145
Entropic Loss	: -1.3927
Src_cls_loss	: 0.2038
-------------------------------------
[Epoch : 16/20]
Pr_Src_cls_loss	: 0.8856
Total_loss	: -0.8343
OT Loss	: 0.2217
Entropic Loss	: -1.3701
Src_cls_loss	: 0.2032
-------------------------------------
[Epoch : 17/20]
Pr_Src_cls_loss	: 0.8856
Total_loss	: -0.8024
OT Loss	: 0.2269
Entropic Loss	: -1.3454
Src_cls_loss	: 0.2026
-------------------------------------
[Epoch : 18/20]
Pr_Src_cls_loss	: 0.8856
Total_loss	: -0.7803
OT Loss	: 0.2280
Entropic Loss	: -1.3221
Src_cls_loss	: 0.1998
-------------------------------------
[Epoch : 19/20]
Pr_Src_cls_loss	: 0.8856
Total_loss	: -0.7609
OT Loss	: 0.2309
Entropic Loss	: -1.3048
Src_cls_loss	: 0.1975
-------------------------------------
[Epoch : 20/20]
Pr_Src_cls_loss	: 0.8856
Total_loss	: -0.7335
OT Loss	: 0.2357
Entropic Loss	: -1.2852
Src_cls_loss	: 0.1982
-------------------------------------
H_score: 0.1621, OS* (acc_c): 0.0979, UNK (acc_p): 0.4701, acc_mix: 0.2656, F1: 0.3039
Uploading logs from: /mnt/data/home/tp2474/OpenSet-AdaTime/experiments_logs/curriculum/RealWorld to MHEALTH_UniDA_hard_n4_fno_mean/PPOT_UniDA_hard_n4_fno_mean/RealWorld_to_MHEALTH_run_3
🏃 View run PPOT_run_3 at: http://127.0.0.1:5001/#/experiments/969386100323708088/runs/97a84be6701f406e9dcb43dfb2620657
🧪 View experiment at: http://127.0.0.1:5001/#/experiments/969386100323708088
=============================================
Dataset: RealWorld to MHEALTH_UniDA_hard_n4_fno_mean
Method:  PPOT
=============================================
Source: RealWorld ---> Target: MHEALTH
Run ID: 4
=============================================
[Pr Epoch : 1/20]
Pr_Src_cls_loss	: 1.8935
-------------------------------------
[Pr Epoch : 2/20]
Pr_Src_cls_loss	: 1.7989
-------------------------------------
[Pr Epoch : 3/20]
Pr_Src_cls_loss	: 1.7141
-------------------------------------
[Pr Epoch : 4/20]
Pr_Src_cls_loss	: 1.6358
-------------------------------------
[Pr Epoch : 5/20]
Pr_Src_cls_loss	: 1.5624
-------------------------------------
[Pr Epoch : 6/20]
Pr_Src_cls_loss	: 1.4938
-------------------------------------
[Pr Epoch : 7/20]
Pr_Src_cls_loss	: 1.4292
-------------------------------------
[Pr Epoch : 8/20]
Pr_Src_cls_loss	: 1.3684
-------------------------------------
[Pr Epoch : 9/20]
Pr_Src_cls_loss	: 1.3114
-------------------------------------
[Pr Epoch : 10/20]
Pr_Src_cls_loss	: 1.2578
-------------------------------------
[Pr Epoch : 11/20]
Pr_Src_cls_loss	: 1.2075
-------------------------------------
[Pr Epoch : 12/20]
Pr_Src_cls_loss	: 1.1602
-------------------------------------
[Pr Epoch : 13/20]
Pr_Src_cls_loss	: 1.1158
-------------------------------------
[Pr Epoch : 14/20]
Pr_Src_cls_loss	: 1.0741
-------------------------------------
[Pr Epoch : 15/20]
Pr_Src_cls_loss	: 1.0349
-------------------------------------
[Pr Epoch : 16/20]
Pr_Src_cls_loss	: 0.9980
-------------------------------------
[Pr Epoch : 17/20]
Pr_Src_cls_loss	: 0.9632
-------------------------------------
[Pr Epoch : 18/20]
Pr_Src_cls_loss	: 0.9305
-------------------------------------
[Pr Epoch : 19/20]
Pr_Src_cls_loss	: 0.8995
-------------------------------------
[Pr Epoch : 20/20]
Pr_Src_cls_loss	: 0.8703
-------------------------------------
[Epoch : 1/20]
Pr_Src_cls_loss	: 0.8703
Total_loss	: -1.4529
OT Loss	: 0.1677
Entropic Loss	: -1.8739
Src_cls_loss	: 0.1694
-------------------------------------
[Epoch : 2/20]
Pr_Src_cls_loss	: 0.8703
Total_loss	: -1.0656
OT Loss	: 0.2209
Entropic Loss	: -1.6400
Src_cls_loss	: 0.2431
-------------------------------------
[Epoch : 3/20]
Pr_Src_cls_loss	: 0.8703
Total_loss	: -1.0434
OT Loss	: 0.2278
Entropic Loss	: -1.6053
Src_cls_loss	: 0.2202
-------------------------------------
[Epoch : 4/20]
Pr_Src_cls_loss	: 0.8703
Total_loss	: -1.0350
OT Loss	: 0.2240
Entropic Loss	: -1.6119
Src_cls_loss	: 0.2410
-------------------------------------
[Epoch : 5/20]
Pr_Src_cls_loss	: 0.8703
Total_loss	: -1.0002
OT Loss	: 0.2303
Entropic Loss	: -1.6054
Src_cls_loss	: 0.2599
-------------------------------------
[Epoch : 6/20]
Pr_Src_cls_loss	: 0.8703
Total_loss	: -1.0363
OT Loss	: 0.2305
Entropic Loss	: -1.6419
Src_cls_loss	: 0.2598
-------------------------------------
[Epoch : 7/20]
Pr_Src_cls_loss	: 0.8703
Total_loss	: -1.0238
OT Loss	: 0.2232
Entropic Loss	: -1.6154
Src_cls_loss	: 0.2568
-------------------------------------
[Epoch : 8/20]
Pr_Src_cls_loss	: 0.8703
Total_loss	: -0.9992
OT Loss	: 0.2284
Entropic Loss	: -1.6134
Src_cls_loss	: 0.2717
-------------------------------------
[Epoch : 9/20]
Pr_Src_cls_loss	: 0.8703
Total_loss	: -1.0091
OT Loss	: 0.2269
Entropic Loss	: -1.6097
Src_cls_loss	: 0.2603
-------------------------------------
[Epoch : 10/20]
Pr_Src_cls_loss	: 0.8703
Total_loss	: -1.0253
OT Loss	: 0.2256
Entropic Loss	: -1.6105
Src_cls_loss	: 0.2468
-------------------------------------
[Epoch : 11/20]
Pr_Src_cls_loss	: 0.8703
Total_loss	: -1.0059
OT Loss	: 0.2239
Entropic Loss	: -1.5812
Src_cls_loss	: 0.2395
-------------------------------------
[Epoch : 12/20]
Pr_Src_cls_loss	: 0.8703
Total_loss	: -1.0121
OT Loss	: 0.2234
Entropic Loss	: -1.5753
Src_cls_loss	: 0.2282
-------------------------------------
[Epoch : 13/20]
Pr_Src_cls_loss	: 0.8703
Total_loss	: -1.0064
OT Loss	: 0.2228
Entropic Loss	: -1.5653
Src_cls_loss	: 0.2247
-------------------------------------
[Epoch : 14/20]
Pr_Src_cls_loss	: 0.8703
Total_loss	: -0.9751
OT Loss	: 0.2216
Entropic Loss	: -1.5263
Src_cls_loss	: 0.2189
-------------------------------------
[Epoch : 15/20]
Pr_Src_cls_loss	: 0.8703
Total_loss	: -0.9792
OT Loss	: 0.2208
Entropic Loss	: -1.5250
Src_cls_loss	: 0.2147
-------------------------------------
[Epoch : 16/20]
Pr_Src_cls_loss	: 0.8703
Total_loss	: -0.9830
OT Loss	: 0.2226
Entropic Loss	: -1.5283
Src_cls_loss	: 0.2113
-------------------------------------
[Epoch : 17/20]
Pr_Src_cls_loss	: 0.8703
Total_loss	: -0.9783
OT Loss	: 0.2213
Entropic Loss	: -1.5162
Src_cls_loss	: 0.2060
-------------------------------------
[Epoch : 18/20]
Pr_Src_cls_loss	: 0.8703
Total_loss	: -0.9737
OT Loss	: 0.2225
Entropic Loss	: -1.5086
Src_cls_loss	: 0.2012
-------------------------------------
[Epoch : 19/20]
Pr_Src_cls_loss	: 0.8703
Total_loss	: -0.9721
OT Loss	: 0.2229
Entropic Loss	: -1.5025
Src_cls_loss	: 0.1962
-------------------------------------
[Epoch : 20/20]
Pr_Src_cls_loss	: 0.8703
Total_loss	: -0.9747
OT Loss	: 0.2224
Entropic Loss	: -1.5002
Src_cls_loss	: 0.1919
-------------------------------------
H_score: 0.4077, OS* (acc_c): 0.3231, UNK (acc_p): 0.5522, acc_mix: 0.4264, F1: 0.4292
Uploading logs from: /mnt/data/home/tp2474/OpenSet-AdaTime/experiments_logs/curriculum/RealWorld to MHEALTH_UniDA_hard_n4_fno_mean/PPOT_UniDA_hard_n4_fno_mean/RealWorld_to_MHEALTH_run_4
🏃 View run PPOT_run_4 at: http://127.0.0.1:5001/#/experiments/969386100323708088/runs/d4eb07c19fd94067805ffe8341191072
🧪 View experiment at: http://127.0.0.1:5001/#/experiments/969386100323708088
==================== [n4 fno_mean] UniOT ====================
[curriculum] scenario=UniDA  strategy=hard  n_unknown=4  rank_variant=fno_mean
[curriculum] source mapping (8 classes): {'lying': 'lying', 'sitting': 'sitting', 'walking': 'walking', 'running': 'running', 'climbingup': 'climbingup', 'jumping': 'jumping', 'climbingdown': 'climbingdown', 'standing': 'standing'}
[curriculum] target mapping (8 classes): {'Lying down': 'lying', 'Sitting and relaxing': 'sitting', 'Walking': 'walking', 'Running': 'running', 'Climbing stairs': 'Climbing stairs', 'Jogging': 'Jogging', 'Jump front & back': 'Jump front & back', 'Frontal elevation of arms': 'Frontal elevation of arms'}
[curriculum] unknowns added (in hard order): src=[climbingup,jumping,climbingdown,standing] | trg=[Climbing stairs,Jogging,Jump front & back,Frontal elevation of arms]
[scenario] UniOT -> UniDA (uniDA=True)
Unlabeled data shape:  (2974, 150, 18)
Unlabelled Combined shape: (5127, 150, 18)

--- Dataloader Size Check ---
Source Train batches:   935
Target Train batches:   92
-------------------------------

Private classes:  tensor([ 8.,  9., 10., 11.])
=============================================
Dataset: RealWorld to MHEALTH_UniDA_hard_n4_fno_mean
Method:  UniOT
=============================================
Source: RealWorld ---> Target: MHEALTH
Run ID: 0
=============================================
[Pr Epoch : 1/20]
Pr_Src_cls_loss	: 0.3258
-------------------------------------
[Pr Epoch : 2/20]
Pr_Src_cls_loss	: 0.2649
-------------------------------------
[Pr Epoch : 3/20]
Pr_Src_cls_loss	: 0.2305
-------------------------------------
[Pr Epoch : 4/20]
Pr_Src_cls_loss	: 0.2095
-------------------------------------
[Pr Epoch : 5/20]
Pr_Src_cls_loss	: 0.1930
-------------------------------------
[Pr Epoch : 6/20]
Pr_Src_cls_loss	: 0.1810
-------------------------------------
[Pr Epoch : 7/20]
Pr_Src_cls_loss	: 0.1709
-------------------------------------
[Pr Epoch : 8/20]
Pr_Src_cls_loss	: 0.1633
-------------------------------------
[Pr Epoch : 9/20]
Pr_Src_cls_loss	: 0.1560
-------------------------------------
[Pr Epoch : 10/20]
Pr_Src_cls_loss	: 0.1499
-------------------------------------
[Pr Epoch : 11/20]
Pr_Src_cls_loss	: 0.1447
-------------------------------------
[Pr Epoch : 12/20]
Pr_Src_cls_loss	: 0.1399
-------------------------------------
[Pr Epoch : 13/20]
Pr_Src_cls_loss	: 0.1357
-------------------------------------
[Pr Epoch : 14/20]
Pr_Src_cls_loss	: 0.1320
-------------------------------------
[Pr Epoch : 15/20]
Pr_Src_cls_loss	: 0.1284
-------------------------------------
[Pr Epoch : 16/20]
Pr_Src_cls_loss	: 0.1254
-------------------------------------
[Pr Epoch : 17/20]
Pr_Src_cls_loss	: 0.1223
-------------------------------------
[Pr Epoch : 18/20]
Pr_Src_cls_loss	: 0.1199
-------------------------------------
[Pr Epoch : 19/20]
Pr_Src_cls_loss	: 0.1174
-------------------------------------
[Pr Epoch : 20/20]
Pr_Src_cls_loss	: 0.1150
-------------------------------------
/mnt/data/home/tp2474/OpenSet-AdaTime/algorithms/algorithms.py:1401: UserWarning: Implicit dimension choice for log_softmax has been deprecated. Change the call to include dim=X as an argument.
  sub_loss_local += -torch.sum(neighbor_Q[i, :] * F.log_softmax(after_cluhead_t[i, :]))
/mnt/data/home/tp2474/OpenSet-AdaTime/algorithms/algorithms.py:1402: UserWarning: Implicit dimension choice for log_softmax has been deprecated. Change the call to include dim=X as an argument.
  sub_loss_local += -torch.sum(anchor_Q[i, :] * F.log_softmax(neighbor_output[i, :]))
[Epoch : 1/20]
Pr_Src_cls_loss	: 0.1150
Total_loss	: 0.0723
loss_cls	: 0.0718
loss_PCD	: 4.0183
loss_CCD	: 0.0013
-------------------------------------
[Epoch : 2/20]
Pr_Src_cls_loss	: 0.1150
Total_loss	: 0.0700
loss_cls	: 0.0696
loss_PCD	: 4.0218
loss_CCD	: 0.0011
-------------------------------------
[Epoch : 3/20]
Pr_Src_cls_loss	: 0.1150
Total_loss	: 0.0687
loss_cls	: 0.0684
loss_PCD	: 4.0115
loss_CCD	: 0.0009
-------------------------------------
[Epoch : 4/20]
Pr_Src_cls_loss	: 0.1150
Total_loss	: 0.0687
loss_cls	: 0.0684
loss_PCD	: 4.0026
loss_CCD	: 0.0008
-------------------------------------
[Epoch : 5/20]
Pr_Src_cls_loss	: 0.1150
Total_loss	: 0.0684
loss_cls	: 0.0681
loss_PCD	: 3.9985
loss_CCD	: 0.0007
-------------------------------------
[Epoch : 6/20]
Pr_Src_cls_loss	: 0.1150
Total_loss	: 0.0678
loss_cls	: 0.0676
loss_PCD	: 3.9998
loss_CCD	: 0.0007
-------------------------------------
[Epoch : 7/20]
Pr_Src_cls_loss	: 0.1150
Total_loss	: 0.0672
loss_cls	: 0.0670
loss_PCD	: 4.0000
loss_CCD	: 0.0006
-------------------------------------
[Epoch : 8/20]
Pr_Src_cls_loss	: 0.1150
Total_loss	: 0.0670
loss_cls	: 0.0668
loss_PCD	: 4.0018
loss_CCD	: 0.0006
-------------------------------------
[Epoch : 9/20]
Pr_Src_cls_loss	: 0.1150
Total_loss	: 0.0665
loss_cls	: 0.0663
loss_PCD	: 4.0019
loss_CCD	: 0.0006
Src_cls_loss	: 0.0000
-------------------------------------
[Epoch : 10/20]
Pr_Src_cls_loss	: 0.1150
Total_loss	: 0.0662
loss_cls	: 0.0660
loss_PCD	: 4.0034
loss_CCD	: 0.0006
Src_cls_loss	: 0.0000
-------------------------------------
[Epoch : 11/20]
Pr_Src_cls_loss	: 0.1150
Total_loss	: 0.0660
loss_cls	: 0.0658
loss_PCD	: 4.0087
loss_CCD	: 0.0005
Src_cls_loss	: 0.0000
-------------------------------------
[Epoch : 12/20]
Pr_Src_cls_loss	: 0.1150
Total_loss	: 0.0655
loss_cls	: 0.0653
loss_PCD	: 4.0126
loss_CCD	: 0.0005
Src_cls_loss	: 0.0000
-------------------------------------
[Epoch : 13/20]
Pr_Src_cls_loss	: 0.1150
Total_loss	: 0.0653
loss_cls	: 0.0651
loss_PCD	: 4.0159
loss_CCD	: 0.0005
Src_cls_loss	: 0.0000
-------------------------------------
[Epoch : 14/20]
Pr_Src_cls_loss	: 0.1150
Total_loss	: 0.0651
loss_cls	: 0.0649
loss_PCD	: 4.0157
loss_CCD	: 0.0005
Src_cls_loss	: 0.0000
-------------------------------------
[Epoch : 15/20]
Pr_Src_cls_loss	: 0.1150
Total_loss	: 0.0648
loss_cls	: 0.0646
loss_PCD	: 4.0156
loss_CCD	: 0.0005
Src_cls_loss	: 0.0000
-------------------------------------
[Epoch : 16/20]
Pr_Src_cls_loss	: 0.1150
Total_loss	: 0.0646
loss_cls	: 0.0644
loss_PCD	: 4.0160
loss_CCD	: 0.0005
Src_cls_loss	: 0.0000
-------------------------------------
[Epoch : 17/20]
Pr_Src_cls_loss	: 0.1150
Total_loss	: 0.0643
loss_cls	: 0.0641
loss_PCD	: 4.0151
loss_CCD	: 0.0005
Src_cls_loss	: 0.0000
-------------------------------------
[Epoch : 18/20]
Pr_Src_cls_loss	: 0.1150
Total_loss	: 0.0640
loss_cls	: 0.0638
loss_PCD	: 4.0154
loss_CCD	: 0.0005
Src_cls_loss	: 0.0000
-------------------------------------
[Epoch : 19/20]
Pr_Src_cls_loss	: 0.1150
Total_loss	: 0.0638
loss_cls	: 0.0637
loss_PCD	: 4.0149
loss_CCD	: 0.0004
Src_cls_loss	: 0.0000
-------------------------------------
[Epoch : 20/20]
Pr_Src_cls_loss	: 0.1150
Total_loss	: 0.0636
loss_cls	: 0.0635
loss_PCD	: 4.0158
loss_CCD	: 0.0004
Src_cls_loss	: 0.0000
-------------------------------------
/mnt/data/home/tp2474/OpenSet-AdaTime/trainers/abstract_trainer.py:331: FutureWarning: The behavior of DataFrame concatenation with empty or all-NA entries is deprecated. In a future version, this will no longer exclude empty or all-NA columns when determining the result dtypes. To retain the old behavior, exclude the relevant entries before the concat operation.
  table = pd.concat([table, results_df], ignore_index=True)
H_score: 0.5869, OS* (acc_c): 0.4278, UNK (acc_p): 0.9343, acc_mix: 0.6560, F1: 0.5982
Uploading logs from: /mnt/data/home/tp2474/OpenSet-AdaTime/experiments_logs/curriculum/RealWorld to MHEALTH_UniDA_hard_n4_fno_mean/UniOT_UniDA_hard_n4_fno_mean/RealWorld_to_MHEALTH_run_0
🏃 View run UniOT_run_0 at: http://127.0.0.1:5001/#/experiments/969386100323708088/runs/2436e35c83a5475c93919ee5f736f124
🧪 View experiment at: http://127.0.0.1:5001/#/experiments/969386100323708088
=============================================
Dataset: RealWorld to MHEALTH_UniDA_hard_n4_fno_mean
Method:  UniOT
=============================================
Source: RealWorld ---> Target: MHEALTH
Run ID: 1
=============================================
[Pr Epoch : 1/20]
Pr_Src_cls_loss	: 0.3428
-------------------------------------
[Pr Epoch : 2/20]
Pr_Src_cls_loss	: 0.2704
-------------------------------------
[Pr Epoch : 3/20]
Pr_Src_cls_loss	: 0.2356
-------------------------------------
[Pr Epoch : 4/20]
Pr_Src_cls_loss	: 0.2134
-------------------------------------
[Pr Epoch : 5/20]
Pr_Src_cls_loss	: 0.1981
-------------------------------------
[Pr Epoch : 6/20]
Pr_Src_cls_loss	: 0.1853
-------------------------------------
[Pr Epoch : 7/20]
Pr_Src_cls_loss	: 0.1757
-------------------------------------
[Pr Epoch : 8/20]
Pr_Src_cls_loss	: 0.1672
-------------------------------------
[Pr Epoch : 9/20]
Pr_Src_cls_loss	: 0.1596
-------------------------------------
[Pr Epoch : 10/20]
Pr_Src_cls_loss	: 0.1533
-------------------------------------
[Pr Epoch : 11/20]
Pr_Src_cls_loss	: 0.1482
-------------------------------------
[Pr Epoch : 12/20]
Pr_Src_cls_loss	: 0.1431
-------------------------------------
[Pr Epoch : 13/20]
Pr_Src_cls_loss	: 0.1387
-------------------------------------
[Pr Epoch : 14/20]
Pr_Src_cls_loss	: 0.1346
-------------------------------------
[Pr Epoch : 15/20]
Pr_Src_cls_loss	: 0.1309
-------------------------------------
[Pr Epoch : 16/20]
Pr_Src_cls_loss	: 0.1276
-------------------------------------
[Pr Epoch : 17/20]
Pr_Src_cls_loss	: 0.1247
-------------------------------------
[Pr Epoch : 18/20]
Pr_Src_cls_loss	: 0.1220
-------------------------------------
[Pr Epoch : 19/20]
Pr_Src_cls_loss	: 0.1194
-------------------------------------
[Pr Epoch : 20/20]
Pr_Src_cls_loss	: 0.1169
-------------------------------------
[Epoch : 1/20]
Pr_Src_cls_loss	: 0.1169
Total_loss	: 0.0714
loss_cls	: 0.0708
loss_PCD	: 3.7330
loss_CCD	: 0.0017
-------------------------------------
[Epoch : 2/20]
Pr_Src_cls_loss	: 0.1169
Total_loss	: 0.0715
loss_cls	: 0.0710
loss_PCD	: 3.7689
loss_CCD	: 0.0013
-------------------------------------
[Epoch : 3/20]
Pr_Src_cls_loss	: 0.1169
Total_loss	: 0.0702
loss_cls	: 0.0698
loss_PCD	: 3.8022
loss_CCD	: 0.0012
-------------------------------------
[Epoch : 4/20]
Pr_Src_cls_loss	: 0.1169
Total_loss	: 0.0692
loss_cls	: 0.0689
loss_PCD	: 3.8018
loss_CCD	: 0.0010
-------------------------------------
[Epoch : 5/20]
Pr_Src_cls_loss	: 0.1169
Total_loss	: 0.0689
loss_cls	: 0.0685
loss_PCD	: 3.8219
loss_CCD	: 0.0010
-------------------------------------
[Epoch : 6/20]
Pr_Src_cls_loss	: 0.1169
Total_loss	: 0.0686
loss_cls	: 0.0683
loss_PCD	: 3.8264
loss_CCD	: 0.0009
-------------------------------------
[Epoch : 7/20]
Pr_Src_cls_loss	: 0.1169
Total_loss	: 0.0679
loss_cls	: 0.0676
loss_PCD	: 3.8402
loss_CCD	: 0.0008
-------------------------------------
[Epoch : 8/20]
Pr_Src_cls_loss	: 0.1169
Total_loss	: 0.0677
loss_cls	: 0.0674
loss_PCD	: 3.8579
loss_CCD	: 0.0008
-------------------------------------
[Epoch : 9/20]
Pr_Src_cls_loss	: 0.1169
Total_loss	: 0.0676
loss_cls	: 0.0673
loss_PCD	: 3.8671
loss_CCD	: 0.0008
Src_cls_loss	: 0.0000
-------------------------------------
[Epoch : 10/20]
Pr_Src_cls_loss	: 0.1169
Total_loss	: 0.0677
loss_cls	: 0.0674
loss_PCD	: 3.8686
loss_CCD	: 0.0008
Src_cls_loss	: 0.0000
-------------------------------------
[Epoch : 11/20]
Pr_Src_cls_loss	: 0.1169
Total_loss	: 0.0671
loss_cls	: 0.0668
loss_PCD	: 3.8755
loss_CCD	: 0.0008
Src_cls_loss	: 0.0000
-------------------------------------
[Epoch : 12/20]
Pr_Src_cls_loss	: 0.1169
Total_loss	: 0.0667
loss_cls	: 0.0664
loss_PCD	: 3.8849
loss_CCD	: 0.0007
Src_cls_loss	: 0.0000
-------------------------------------
[Epoch : 13/20]
Pr_Src_cls_loss	: 0.1169
Total_loss	: 0.0664
loss_cls	: 0.0662
loss_PCD	: 3.8873
loss_CCD	: 0.0007
Src_cls_loss	: 0.0000
-------------------------------------
/home/tp2474/miniconda3/envs/myenv/lib/python3.9/site-packages/ot/backend.py:1203: RuntimeWarning: overflow encountered in exp
  return np.exp(a)
/home/tp2474/miniconda3/envs/myenv/lib/python3.9/site-packages/ot/unbalanced/_sinkhorn.py:770: UserWarning: Numerical errors at iteration 0
  warnings.warn("Numerical errors at iteration %s" % i)
[Epoch : 14/20]
Pr_Src_cls_loss	: 0.1169
Total_loss	: 0.0662
loss_cls	: 0.0659
loss_PCD	: 3.8956
loss_CCD	: 0.0007
Src_cls_loss	: 0.0000
-------------------------------------
[Epoch : 15/20]
Pr_Src_cls_loss	: 0.1169
Total_loss	: 0.0658
loss_cls	: 0.0656
loss_PCD	: 3.9097
loss_CCD	: 0.0006
Src_cls_loss	: 0.0000
-------------------------------------
[Epoch : 16/20]
Pr_Src_cls_loss	: 0.1169
Total_loss	: 0.0654
loss_cls	: 0.0652
loss_PCD	: 3.9197
loss_CCD	: 0.0006
Src_cls_loss	: 0.0000
-------------------------------------
[Epoch : 17/20]
Pr_Src_cls_loss	: 0.1169
Total_loss	: 0.0652
loss_cls	: 0.0650
loss_PCD	: 3.9381
loss_CCD	: 0.0005
Src_cls_loss	: 0.0000
-------------------------------------
[Epoch : 18/20]
Pr_Src_cls_loss	: 0.1169
Total_loss	: 0.0646
loss_cls	: 0.0644
loss_PCD	: 3.9554
loss_CCD	: 0.0005
Src_cls_loss	: 0.0000
-------------------------------------
[Epoch : 19/20]
Pr_Src_cls_loss	: 0.1169
Total_loss	: 0.0644
loss_cls	: 0.0643
loss_PCD	: 3.9731
loss_CCD	: 0.0005
Src_cls_loss	: 0.0000
-------------------------------------
[Epoch : 20/20]
Pr_Src_cls_loss	: 0.1169
Total_loss	: 0.0642
loss_cls	: 0.0641
loss_PCD	: 3.9903
loss_CCD	: 0.0005
Src_cls_loss	: 0.0000
-------------------------------------
H_score: 0.0000, OS* (acc_c): 0.0000, UNK (acc_p): 1.0000, acc_mix: 0.4506, F1: 0.2799
Uploading logs from: /mnt/data/home/tp2474/OpenSet-AdaTime/experiments_logs/curriculum/RealWorld to MHEALTH_UniDA_hard_n4_fno_mean/UniOT_UniDA_hard_n4_fno_mean/RealWorld_to_MHEALTH_run_1
🏃 View run UniOT_run_1 at: http://127.0.0.1:5001/#/experiments/969386100323708088/runs/3e020414f1324b7793d6e4d34bb6780e
🧪 View experiment at: http://127.0.0.1:5001/#/experiments/969386100323708088
=============================================
Dataset: RealWorld to MHEALTH_UniDA_hard_n4_fno_mean
Method:  UniOT
=============================================
Source: RealWorld ---> Target: MHEALTH
Run ID: 2
=============================================
[Pr Epoch : 1/20]
Pr_Src_cls_loss	: 0.3362
-------------------------------------
[Pr Epoch : 2/20]
Pr_Src_cls_loss	: 0.2688
-------------------------------------
[Pr Epoch : 3/20]
Pr_Src_cls_loss	: 0.2333
-------------------------------------
[Pr Epoch : 4/20]
Pr_Src_cls_loss	: 0.2118
-------------------------------------
[Pr Epoch : 5/20]
Pr_Src_cls_loss	: 0.1959
-------------------------------------
[Pr Epoch : 6/20]
Pr_Src_cls_loss	: 0.1831
-------------------------------------
[Pr Epoch : 7/20]
Pr_Src_cls_loss	: 0.1732
-------------------------------------
[Pr Epoch : 8/20]
Pr_Src_cls_loss	: 0.1650
-------------------------------------
[Pr Epoch : 9/20]
Pr_Src_cls_loss	: 0.1579
-------------------------------------
[Pr Epoch : 10/20]
Pr_Src_cls_loss	: 0.1521
-------------------------------------
[Pr Epoch : 11/20]
Pr_Src_cls_loss	: 0.1468
-------------------------------------
[Pr Epoch : 12/20]
Pr_Src_cls_loss	: 0.1418
-------------------------------------
[Pr Epoch : 13/20]
Pr_Src_cls_loss	: 0.1379
-------------------------------------
[Pr Epoch : 14/20]
Pr_Src_cls_loss	: 0.1342
-------------------------------------
[Pr Epoch : 15/20]
Pr_Src_cls_loss	: 0.1307
-------------------------------------
[Pr Epoch : 16/20]
Pr_Src_cls_loss	: 0.1275
-------------------------------------
[Pr Epoch : 17/20]
Pr_Src_cls_loss	: 0.1246
-------------------------------------
[Pr Epoch : 18/20]
Pr_Src_cls_loss	: 0.1220
-------------------------------------
[Pr Epoch : 19/20]
Pr_Src_cls_loss	: 0.1195
-------------------------------------
[Pr Epoch : 20/20]
Pr_Src_cls_loss	: 0.1172
-------------------------------------
[Epoch : 1/20]
Pr_Src_cls_loss	: 0.1172
Total_loss	: 0.0732
loss_cls	: 0.0729
loss_PCD	: 3.9889
loss_CCD	: 0.0009
-------------------------------------
[Epoch : 2/20]
Pr_Src_cls_loss	: 0.1172
Total_loss	: 0.0713
loss_cls	: 0.0711
loss_PCD	: 3.9659
loss_CCD	: 0.0007
-------------------------------------
[Epoch : 3/20]
Pr_Src_cls_loss	: 0.1172
Total_loss	: 0.0706
loss_cls	: 0.0704
loss_PCD	: 3.9951
loss_CCD	: 0.0006
-------------------------------------
[Epoch : 4/20]
Pr_Src_cls_loss	: 0.1172
Total_loss	: 0.0693
loss_cls	: 0.0691
loss_PCD	: 3.9956
loss_CCD	: 0.0005
-------------------------------------
[Epoch : 5/20]
Pr_Src_cls_loss	: 0.1172
Total_loss	: 0.0689
loss_cls	: 0.0687
loss_PCD	: 3.9896
loss_CCD	: 0.0005
-------------------------------------
[Epoch : 6/20]
Pr_Src_cls_loss	: 0.1172
Total_loss	: 0.0689
loss_cls	: 0.0688
loss_PCD	: 3.9929
loss_CCD	: 0.0005
-------------------------------------
[Epoch : 7/20]
Pr_Src_cls_loss	: 0.1172
Total_loss	: 0.0683
loss_cls	: 0.0681
loss_PCD	: 3.9909
loss_CCD	: 0.0005
-------------------------------------
[Epoch : 8/20]
Pr_Src_cls_loss	: 0.1172
Total_loss	: 0.0679
loss_cls	: 0.0677
loss_PCD	: 3.9959
loss_CCD	: 0.0004
-------------------------------------
[Epoch : 9/20]
Pr_Src_cls_loss	: 0.1172
Total_loss	: 0.0673
loss_cls	: 0.0672
loss_PCD	: 3.9969
loss_CCD	: 0.0004
Src_cls_loss	: 0.0000
-------------------------------------
[Epoch : 10/20]
Pr_Src_cls_loss	: 0.1172
Total_loss	: 0.0671
loss_cls	: 0.0670
loss_PCD	: 3.9876
loss_CCD	: 0.0004
Src_cls_loss	: 0.0000
-------------------------------------
[Epoch : 11/20]
Pr_Src_cls_loss	: 0.1172
Total_loss	: 0.0669
loss_cls	: 0.0667
loss_PCD	: 3.9880
loss_CCD	: 0.0004
Src_cls_loss	: 0.0000
-------------------------------------
[Epoch : 12/20]
Pr_Src_cls_loss	: 0.1172
Total_loss	: 0.0665
loss_cls	: 0.0664
loss_PCD	: 3.9888
loss_CCD	: 0.0004
Src_cls_loss	: 0.0000
-------------------------------------
[Epoch : 13/20]
Pr_Src_cls_loss	: 0.1172
Total_loss	: 0.0662
loss_cls	: 0.0661
loss_PCD	: 3.9868
loss_CCD	: 0.0004
Src_cls_loss	: 0.0000
-------------------------------------
[Epoch : 14/20]
Pr_Src_cls_loss	: 0.1172
Total_loss	: 0.0658
loss_cls	: 0.0657
loss_PCD	: 3.9867
loss_CCD	: 0.0004
Src_cls_loss	: 0.0000
-------------------------------------
[Epoch : 15/20]
Pr_Src_cls_loss	: 0.1172
Total_loss	: 0.0655
loss_cls	: 0.0653
loss_PCD	: 3.9855
loss_CCD	: 0.0004
Src_cls_loss	: 0.0000
-------------------------------------
[Epoch : 16/20]
Pr_Src_cls_loss	: 0.1172
Total_loss	: 0.0651
loss_cls	: 0.0649
loss_PCD	: 3.9833
loss_CCD	: 0.0003
Src_cls_loss	: 0.0000
-------------------------------------
[Epoch : 17/20]
Pr_Src_cls_loss	: 0.1172
Total_loss	: 0.0648
loss_cls	: 0.0647
loss_PCD	: 3.9839
loss_CCD	: 0.0003
Src_cls_loss	: 0.0000
-------------------------------------
[Epoch : 18/20]
Pr_Src_cls_loss	: 0.1172
Total_loss	: 0.0645
loss_cls	: 0.0644
loss_PCD	: 3.9836
loss_CCD	: 0.0003
Src_cls_loss	: 0.0000
-------------------------------------
[Epoch : 19/20]
Pr_Src_cls_loss	: 0.1172
Total_loss	: 0.0644
loss_cls	: 0.0643
loss_PCD	: 3.9865
loss_CCD	: 0.0003
Src_cls_loss	: 0.0000
-------------------------------------
[Epoch : 20/20]
Pr_Src_cls_loss	: 0.1172
Total_loss	: 0.0643
loss_cls	: 0.0641
loss_PCD	: 3.9912
loss_CCD	: 0.0003
Src_cls_loss	: 0.0000
-------------------------------------
H_score: 0.1619, OS* (acc_c): 0.0887, UNK (acc_p): 0.9246, acc_mix: 0.4654, F1: 0.3540
Uploading logs from: /mnt/data/home/tp2474/OpenSet-AdaTime/experiments_logs/curriculum/RealWorld to MHEALTH_UniDA_hard_n4_fno_mean/UniOT_UniDA_hard_n4_fno_mean/RealWorld_to_MHEALTH_run_2
🏃 View run UniOT_run_2 at: http://127.0.0.1:5001/#/experiments/969386100323708088/runs/d05464a157af4e7dadd937a6c7e91cf4
🧪 View experiment at: http://127.0.0.1:5001/#/experiments/969386100323708088
=============================================
Dataset: RealWorld to MHEALTH_UniDA_hard_n4_fno_mean
Method:  UniOT
=============================================
Source: RealWorld ---> Target: MHEALTH
Run ID: 3
=============================================
[Pr Epoch : 1/20]
Pr_Src_cls_loss	: 0.3702
-------------------------------------
[Pr Epoch : 2/20]
Pr_Src_cls_loss	: 0.2930
-------------------------------------
[Pr Epoch : 3/20]
Pr_Src_cls_loss	: 0.2544
-------------------------------------
[Pr Epoch : 4/20]
Pr_Src_cls_loss	: 0.2281
-------------------------------------
[Pr Epoch : 5/20]
Pr_Src_cls_loss	: 0.2106
-------------------------------------
[Pr Epoch : 6/20]
Pr_Src_cls_loss	: 0.1965
-------------------------------------
[Pr Epoch : 7/20]
Pr_Src_cls_loss	: 0.1847
-------------------------------------
[Pr Epoch : 8/20]
Pr_Src_cls_loss	: 0.1757
-------------------------------------
[Pr Epoch : 9/20]
Pr_Src_cls_loss	: 0.1677
-------------------------------------
[Pr Epoch : 10/20]
Pr_Src_cls_loss	: 0.1605
-------------------------------------
[Pr Epoch : 11/20]
Pr_Src_cls_loss	: 0.1545
-------------------------------------
[Pr Epoch : 12/20]
Pr_Src_cls_loss	: 0.1490
-------------------------------------
[Pr Epoch : 13/20]
Pr_Src_cls_loss	: 0.1442
-------------------------------------
[Pr Epoch : 14/20]
Pr_Src_cls_loss	: 0.1396
-------------------------------------
[Pr Epoch : 15/20]
Pr_Src_cls_loss	: 0.1358
-------------------------------------
[Pr Epoch : 16/20]
Pr_Src_cls_loss	: 0.1322
-------------------------------------
[Pr Epoch : 17/20]
Pr_Src_cls_loss	: 0.1290
-------------------------------------
[Pr Epoch : 18/20]
Pr_Src_cls_loss	: 0.1261
-------------------------------------
[Pr Epoch : 19/20]
Pr_Src_cls_loss	: 0.1234
-------------------------------------
[Pr Epoch : 20/20]
Pr_Src_cls_loss	: 0.1208
-------------------------------------
[Epoch : 1/20]
Pr_Src_cls_loss	: 0.1208
Total_loss	: 0.0725
loss_cls	: 0.0723
loss_PCD	: 3.8948
loss_CCD	: 0.0007
-------------------------------------
[Epoch : 2/20]
Pr_Src_cls_loss	: 0.1208
Total_loss	: 0.0700
loss_cls	: 0.0698
loss_PCD	: 3.8994
loss_CCD	: 0.0005
-------------------------------------
[Epoch : 3/20]
Pr_Src_cls_loss	: 0.1208
Total_loss	: 0.0696
loss_cls	: 0.0694
loss_PCD	: 3.8952
loss_CCD	: 0.0004
-------------------------------------
[Epoch : 4/20]
Pr_Src_cls_loss	: 0.1208
Total_loss	: 0.0690
loss_cls	: 0.0689
loss_PCD	: 3.9056
loss_CCD	: 0.0004
-------------------------------------
[Epoch : 5/20]
Pr_Src_cls_loss	: 0.1208
Total_loss	: 0.0686
loss_cls	: 0.0685
loss_PCD	: 3.9104
loss_CCD	: 0.0004
-------------------------------------
[Epoch : 6/20]
Pr_Src_cls_loss	: 0.1208
Total_loss	: 0.0678
loss_cls	: 0.0677
loss_PCD	: 3.9076
loss_CCD	: 0.0004
-------------------------------------
[Epoch : 7/20]
Pr_Src_cls_loss	: 0.1208
Total_loss	: 0.0677
loss_cls	: 0.0676
loss_PCD	: 3.9116
loss_CCD	: 0.0004
-------------------------------------
[Epoch : 8/20]
Pr_Src_cls_loss	: 0.1208
Total_loss	: 0.0671
loss_cls	: 0.0670
loss_PCD	: 3.9186
loss_CCD	: 0.0004
-------------------------------------
[Epoch : 9/20]
Pr_Src_cls_loss	: 0.1208
Total_loss	: 0.0669
loss_cls	: 0.0667
loss_PCD	: 3.9218
loss_CCD	: 0.0003
Src_cls_loss	: 0.0000
-------------------------------------
[Epoch : 10/20]
Pr_Src_cls_loss	: 0.1208
Total_loss	: 0.0663
loss_cls	: 0.0661
loss_PCD	: 3.9234
loss_CCD	: 0.0003
Src_cls_loss	: 0.0000
-------------------------------------
[Epoch : 11/20]
Pr_Src_cls_loss	: 0.1208
Total_loss	: 0.0660
loss_cls	: 0.0659
loss_PCD	: 3.9280
loss_CCD	: 0.0003
Src_cls_loss	: 0.0000
-------------------------------------
[Epoch : 12/20]
Pr_Src_cls_loss	: 0.1208
Total_loss	: 0.0652
loss_cls	: 0.0651
loss_PCD	: 3.9343
loss_CCD	: 0.0003
Src_cls_loss	: 0.0000
-------------------------------------
[Epoch : 13/20]
Pr_Src_cls_loss	: 0.1208
Total_loss	: 0.0651
loss_cls	: 0.0650
loss_PCD	: 3.9406
loss_CCD	: 0.0003
Src_cls_loss	: 0.0000
-------------------------------------
[Epoch : 14/20]
Pr_Src_cls_loss	: 0.1208
Total_loss	: 0.0647
loss_cls	: 0.0646
loss_PCD	: 3.9463
loss_CCD	: 0.0003
Src_cls_loss	: 0.0000
-------------------------------------
[Epoch : 15/20]
Pr_Src_cls_loss	: 0.1208
Total_loss	: 0.0643
loss_cls	: 0.0642
loss_PCD	: 3.9523
loss_CCD	: 0.0002
Src_cls_loss	: 0.0000
-------------------------------------
[Epoch : 16/20]
Pr_Src_cls_loss	: 0.1208
Total_loss	: 0.0641
loss_cls	: 0.0640
loss_PCD	: 3.9562
loss_CCD	: 0.0002
Src_cls_loss	: 0.0000
-------------------------------------
[Epoch : 17/20]
Pr_Src_cls_loss	: 0.1208
Total_loss	: 0.0637
loss_cls	: 0.0636
loss_PCD	: 3.9598
loss_CCD	: 0.0002
Src_cls_loss	: 0.0000
-------------------------------------
[Epoch : 18/20]
Pr_Src_cls_loss	: 0.1208
Total_loss	: 0.0635
loss_cls	: 0.0635
loss_PCD	: 3.9626
loss_CCD	: 0.0002
Src_cls_loss	: 0.0000
-------------------------------------
[Epoch : 19/20]
Pr_Src_cls_loss	: 0.1208
Total_loss	: 0.0631
loss_cls	: 0.0630
loss_PCD	: 3.9655
loss_CCD	: 0.0002
Src_cls_loss	: 0.0000
-------------------------------------
[Epoch : 20/20]
Pr_Src_cls_loss	: 0.1208
Total_loss	: 0.0629
loss_cls	: 0.0628
loss_PCD	: 3.9680
loss_CCD	: 0.0002
Src_cls_loss	: 0.0000
-------------------------------------
H_score: 0.0000, OS* (acc_c): 0.0000, UNK (acc_p): 1.0000, acc_mix: 0.4506, F1: 0.2799
Uploading logs from: /mnt/data/home/tp2474/OpenSet-AdaTime/experiments_logs/curriculum/RealWorld to MHEALTH_UniDA_hard_n4_fno_mean/UniOT_UniDA_hard_n4_fno_mean/RealWorld_to_MHEALTH_run_3
🏃 View run UniOT_run_3 at: http://127.0.0.1:5001/#/experiments/969386100323708088/runs/b8d5b632aa4045f5a74792305a41b4bb
🧪 View experiment at: http://127.0.0.1:5001/#/experiments/969386100323708088
=============================================
Dataset: RealWorld to MHEALTH_UniDA_hard_n4_fno_mean
Method:  UniOT
=============================================
Source: RealWorld ---> Target: MHEALTH
Run ID: 4
=============================================
[Pr Epoch : 1/20]
Pr_Src_cls_loss	: 0.3393
-------------------------------------
[Pr Epoch : 2/20]
Pr_Src_cls_loss	: 0.2700
-------------------------------------
[Pr Epoch : 3/20]
Pr_Src_cls_loss	: 0.2353
-------------------------------------
[Pr Epoch : 4/20]
Pr_Src_cls_loss	: 0.2130
-------------------------------------
[Pr Epoch : 5/20]
Pr_Src_cls_loss	: 0.1971
-------------------------------------
[Pr Epoch : 6/20]
Pr_Src_cls_loss	: 0.1848
-------------------------------------
[Pr Epoch : 7/20]
Pr_Src_cls_loss	: 0.1748
-------------------------------------
[Pr Epoch : 8/20]
Pr_Src_cls_loss	: 0.1665
-------------------------------------
[Pr Epoch : 9/20]
Pr_Src_cls_loss	: 0.1595
-------------------------------------
[Pr Epoch : 10/20]
Pr_Src_cls_loss	: 0.1531
-------------------------------------
[Pr Epoch : 11/20]
Pr_Src_cls_loss	: 0.1478
-------------------------------------
[Pr Epoch : 12/20]
Pr_Src_cls_loss	: 0.1427
-------------------------------------
[Pr Epoch : 13/20]
Pr_Src_cls_loss	: 0.1384
-------------------------------------
[Pr Epoch : 14/20]
Pr_Src_cls_loss	: 0.1345
-------------------------------------
[Pr Epoch : 15/20]
Pr_Src_cls_loss	: 0.1310
-------------------------------------
[Pr Epoch : 16/20]
Pr_Src_cls_loss	: 0.1275
-------------------------------------
[Pr Epoch : 17/20]
Pr_Src_cls_loss	: 0.1245
-------------------------------------
[Pr Epoch : 18/20]
Pr_Src_cls_loss	: 0.1215
-------------------------------------
[Pr Epoch : 19/20]
Pr_Src_cls_loss	: 0.1190
-------------------------------------
[Pr Epoch : 20/20]
Pr_Src_cls_loss	: 0.1168
-------------------------------------
[Epoch : 1/20]
Pr_Src_cls_loss	: 0.1168
Total_loss	: 0.0698
loss_cls	: 0.0696
loss_PCD	: 3.6297
loss_CCD	: 0.0005
-------------------------------------
[Epoch : 2/20]
Pr_Src_cls_loss	: 0.1168
Total_loss	: 0.0693
loss_cls	: 0.0691
loss_PCD	: 3.6673
loss_CCD	: 0.0004
-------------------------------------
[Epoch : 3/20]
Pr_Src_cls_loss	: 0.1168
Total_loss	: 0.0687
loss_cls	: 0.0686
loss_PCD	: 3.6884
loss_CCD	: 0.0004
-------------------------------------
[Epoch : 4/20]
Pr_Src_cls_loss	: 0.1168
Total_loss	: 0.0681
loss_cls	: 0.0679
loss_PCD	: 3.6789
loss_CCD	: 0.0003
-------------------------------------
[Epoch : 5/20]
Pr_Src_cls_loss	: 0.1168
Total_loss	: 0.0671
loss_cls	: 0.0670
loss_PCD	: 3.6932
loss_CCD	: 0.0003
-------------------------------------
[Epoch : 6/20]
Pr_Src_cls_loss	: 0.1168
Total_loss	: 0.0677
loss_cls	: 0.0676
loss_PCD	: 3.6935
loss_CCD	: 0.0003
-------------------------------------
[Epoch : 7/20]
Pr_Src_cls_loss	: 0.1168
Total_loss	: 0.0674
loss_cls	: 0.0673
loss_PCD	: 3.7045
loss_CCD	: 0.0003
-------------------------------------
[Epoch : 8/20]
Pr_Src_cls_loss	: 0.1168
Total_loss	: 0.0670
loss_cls	: 0.0669
loss_PCD	: 3.7248
loss_CCD	: 0.0003
-------------------------------------
[Epoch : 9/20]
Pr_Src_cls_loss	: 0.1168
Total_loss	: 0.0665
loss_cls	: 0.0665
loss_PCD	: 3.7450
loss_CCD	: 0.0002
Src_cls_loss	: 0.0000
-------------------------------------
[Epoch : 10/20]
Pr_Src_cls_loss	: 0.1168
Total_loss	: 0.0657
loss_cls	: 0.0657
loss_PCD	: 3.7626
loss_CCD	: 0.0002
Src_cls_loss	: 0.0000
-------------------------------------
[Epoch : 11/20]
Pr_Src_cls_loss	: 0.1168
Total_loss	: 0.0654
loss_cls	: 0.0654
loss_PCD	: 3.7751
loss_CCD	: 0.0002
Src_cls_loss	: 0.0000
-------------------------------------
[Epoch : 12/20]
Pr_Src_cls_loss	: 0.1168
Total_loss	: 0.0652
loss_cls	: 0.0651
loss_PCD	: 3.7889
loss_CCD	: 0.0002
Src_cls_loss	: 0.0000
-------------------------------------
[Epoch : 13/20]
Pr_Src_cls_loss	: 0.1168
Total_loss	: 0.0647
loss_cls	: 0.0646
loss_PCD	: 3.7970
loss_CCD	: 0.0002
Src_cls_loss	: 0.0000
-------------------------------------
[Epoch : 14/20]
Pr_Src_cls_loss	: 0.1168
Total_loss	: 0.0644
loss_cls	: 0.0643
loss_PCD	: 3.8039
loss_CCD	: 0.0002
Src_cls_loss	: 0.0000
-------------------------------------
[Epoch : 15/20]
Pr_Src_cls_loss	: 0.1168
Total_loss	: 0.0641
loss_cls	: 0.0640
loss_PCD	: 3.8083
loss_CCD	: 0.0002
Src_cls_loss	: 0.0000
-------------------------------------
[Epoch : 16/20]
Pr_Src_cls_loss	: 0.1168
Total_loss	: 0.0638
loss_cls	: 0.0637
loss_PCD	: 3.8104
loss_CCD	: 0.0002
Src_cls_loss	: 0.0000
-------------------------------------
[Epoch : 17/20]
Pr_Src_cls_loss	: 0.1168
Total_loss	: 0.0636
loss_cls	: 0.0635
loss_PCD	: 3.8146
loss_CCD	: 0.0002
Src_cls_loss	: 0.0000
-------------------------------------
[Epoch : 18/20]
Pr_Src_cls_loss	: 0.1168
Total_loss	: 0.0632
loss_cls	: 0.0632
loss_PCD	: 3.8140
loss_CCD	: 0.0002
Src_cls_loss	: 0.0000
-------------------------------------
[Epoch : 19/20]
Pr_Src_cls_loss	: 0.1168
Total_loss	: 0.0630
loss_cls	: 0.0629
loss_PCD	: 3.8143
loss_CCD	: 0.0002
Src_cls_loss	: 0.0000
-------------------------------------
[Epoch : 20/20]
Pr_Src_cls_loss	: 0.1168
Total_loss	: 0.0628
loss_cls	: 0.0627
loss_PCD	: 3.8141
loss_CCD	: 0.0002
Src_cls_loss	: 0.0000
-------------------------------------
H_score: 0.5239, OS* (acc_c): 0.4002, UNK (acc_p): 0.7582, acc_mix: 0.5615, F1: 0.4973
Uploading logs from: /mnt/data/home/tp2474/OpenSet-AdaTime/experiments_logs/curriculum/RealWorld to MHEALTH_UniDA_hard_n4_fno_mean/UniOT_UniDA_hard_n4_fno_mean/RealWorld_to_MHEALTH_run_4
🏃 View run UniOT_run_4 at: http://127.0.0.1:5001/#/experiments/969386100323708088/runs/4543e35381f14eeaaeb3868029e9ec91
🧪 View experiment at: http://127.0.0.1:5001/#/experiments/969386100323708088
==================== [n4 fno_mean] UniJDOT ====================
[curriculum] scenario=UniDA  strategy=hard  n_unknown=4  rank_variant=fno_mean
[curriculum] source mapping (8 classes): {'lying': 'lying', 'sitting': 'sitting', 'walking': 'walking', 'running': 'running', 'climbingup': 'climbingup', 'jumping': 'jumping', 'climbingdown': 'climbingdown', 'standing': 'standing'}
[curriculum] target mapping (8 classes): {'Lying down': 'lying', 'Sitting and relaxing': 'sitting', 'Walking': 'walking', 'Running': 'running', 'Climbing stairs': 'Climbing stairs', 'Jogging': 'Jogging', 'Jump front & back': 'Jump front & back', 'Frontal elevation of arms': 'Frontal elevation of arms'}
[curriculum] unknowns added (in hard order): src=[climbingup,jumping,climbingdown,standing] | trg=[Climbing stairs,Jogging,Jump front & back,Frontal elevation of arms]
[scenario] UniJDOT -> UniDA (uniDA=True)
Unlabeled data shape:  (2974, 150, 18)
Unlabelled Combined shape: (5127, 150, 18)

--- Dataloader Size Check ---
Source Train batches:   935
Target Train batches:   92
-------------------------------

Private classes:  tensor([ 8.,  9., 10., 11.])
=============================================
Dataset: RealWorld to MHEALTH_UniDA_hard_n4_fno_mean
Method:  UniJDOT
=============================================
Source: RealWorld ---> Target: MHEALTH
Run ID: 0
=============================================
[Pr Epoch : 1/20]
Pr_Src_cls_loss	: 0.3257
-------------------------------------
[Pr Epoch : 2/20]
Pr_Src_cls_loss	: 0.2607
-------------------------------------
[Pr Epoch : 3/20]
Pr_Src_cls_loss	: 0.2263
-------------------------------------
[Pr Epoch : 4/20]
Pr_Src_cls_loss	: 0.2040
-------------------------------------
[Pr Epoch : 5/20]
Pr_Src_cls_loss	: 0.1871
-------------------------------------
[Pr Epoch : 6/20]
Pr_Src_cls_loss	: 0.1736
-------------------------------------
[Pr Epoch : 7/20]
Pr_Src_cls_loss	: 0.1625
-------------------------------------
[Pr Epoch : 8/20]
Pr_Src_cls_loss	: 0.1534
-------------------------------------
[Pr Epoch : 9/20]
Pr_Src_cls_loss	: 0.1457
-------------------------------------
[Pr Epoch : 10/20]
Pr_Src_cls_loss	: 0.1391
-------------------------------------
[Pr Epoch : 11/20]
Pr_Src_cls_loss	: 0.1331
-------------------------------------
[Pr Epoch : 12/20]
Pr_Src_cls_loss	: 0.1277
-------------------------------------
[Pr Epoch : 13/20]
Pr_Src_cls_loss	: 0.1227
-------------------------------------
[Pr Epoch : 14/20]
Pr_Src_cls_loss	: 0.1186
-------------------------------------
[Pr Epoch : 15/20]
Pr_Src_cls_loss	: 0.1147
-------------------------------------
[Pr Epoch : 16/20]
Pr_Src_cls_loss	: 0.1112
-------------------------------------
[Pr Epoch : 17/20]
Pr_Src_cls_loss	: 0.1079
-------------------------------------
[Pr Epoch : 18/20]
Pr_Src_cls_loss	: 0.1046
-------------------------------------
[Pr Epoch : 19/20]
Pr_Src_cls_loss	: 0.1018
-------------------------------------
[Pr Epoch : 20/20]
Pr_Src_cls_loss	: 0.0993
-------------------------------------
/mnt/data/home/tp2474/OpenSet-AdaTime/algorithms/algorithms.py:1865: UserWarning: Implicit dimension choice for softmax has been deprecated. Change the call to include dim=X as an argument.
  trg_soft_cen = torch.nn.functional.softmax(after_lincls_cen).double()
[Epoch : 1/20]
Pr_Src_cls_loss	: 0.0993
Total_loss	: 0.0733
loss_cls	: 0.0251
loss_align	: 0.0482
-------------------------------------
[Epoch : 2/20]
Pr_Src_cls_loss	: 0.0993
Total_loss	: 0.0679
loss_cls	: 0.0266
loss_align	: 0.0413
-------------------------------------
[Epoch : 3/20]
Pr_Src_cls_loss	: 0.0993
Total_loss	: 0.0640
loss_cls	: 0.0265
loss_align	: 0.0374
-------------------------------------
[Epoch : 4/20]
Pr_Src_cls_loss	: 0.0993
Total_loss	: 0.0635
loss_cls	: 0.0277
loss_align	: 0.0359
-------------------------------------
[Epoch : 5/20]
Pr_Src_cls_loss	: 0.0993
Total_loss	: 0.0638
loss_cls	: 0.0296
loss_align	: 0.0342
-------------------------------------
[Epoch : 6/20]
Pr_Src_cls_loss	: 0.0993
Total_loss	: 0.0620
loss_cls	: 0.0298
loss_align	: 0.0322
-------------------------------------
[Epoch : 7/20]
Pr_Src_cls_loss	: 0.0993
Total_loss	: 0.0603
loss_cls	: 0.0297
loss_align	: 0.0305
-------------------------------------
[Epoch : 8/20]
Pr_Src_cls_loss	: 0.0993
Total_loss	: 0.0588
loss_cls	: 0.0295
loss_align	: 0.0292
-------------------------------------
[Epoch : 9/20]
Pr_Src_cls_loss	: 0.0993
Total_loss	: 0.0577
loss_cls	: 0.0296
loss_align	: 0.0282
Src_cls_loss	: 0.0000
-------------------------------------
[Epoch : 10/20]
Pr_Src_cls_loss	: 0.0993
Total_loss	: 0.0575
loss_cls	: 0.0298
loss_align	: 0.0277
Src_cls_loss	: 0.0000
-------------------------------------
[Epoch : 11/20]
Pr_Src_cls_loss	: 0.0993
Total_loss	: 0.0570
loss_cls	: 0.0297
loss_align	: 0.0272
Src_cls_loss	: 0.0000
-------------------------------------
[Epoch : 12/20]
Pr_Src_cls_loss	: 0.0993
Total_loss	: 0.0563
loss_cls	: 0.0295
loss_align	: 0.0267
Src_cls_loss	: 0.0000
-------------------------------------
[Epoch : 13/20]
Pr_Src_cls_loss	: 0.0993
Total_loss	: 0.0556
loss_cls	: 0.0294
loss_align	: 0.0262
Src_cls_loss	: 0.0000
-------------------------------------
[Epoch : 14/20]
Pr_Src_cls_loss	: 0.0993
Total_loss	: 0.0552
loss_cls	: 0.0292
loss_align	: 0.0259
Src_cls_loss	: 0.0000
-------------------------------------
[Epoch : 15/20]
Pr_Src_cls_loss	: 0.0993
Total_loss	: 0.0547
loss_cls	: 0.0291
loss_align	: 0.0256
Src_cls_loss	: 0.0000
-------------------------------------
[Epoch : 16/20]
Pr_Src_cls_loss	: 0.0993
Total_loss	: 0.0543
loss_cls	: 0.0290
loss_align	: 0.0253
Src_cls_loss	: 0.0000
-------------------------------------
[Epoch : 17/20]
Pr_Src_cls_loss	: 0.0993
Total_loss	: 0.0539
loss_cls	: 0.0289
loss_align	: 0.0251
Src_cls_loss	: 0.0000
-------------------------------------
[Epoch : 18/20]
Pr_Src_cls_loss	: 0.0993
Total_loss	: 0.0536
loss_cls	: 0.0287
loss_align	: 0.0249
Src_cls_loss	: 0.0000
-------------------------------------
[Epoch : 19/20]
Pr_Src_cls_loss	: 0.0993
Total_loss	: 0.0532
loss_cls	: 0.0285
loss_align	: 0.0246
Src_cls_loss	: 0.0000
-------------------------------------
[Epoch : 20/20]
Pr_Src_cls_loss	: 0.0993
Total_loss	: 0.0529
loss_cls	: 0.0284
loss_align	: 0.0244
Src_cls_loss	: 0.0000
-------------------------------------
/mnt/data/home/tp2474/OpenSet-AdaTime/trainers/abstract_trainer.py:331: FutureWarning: The behavior of DataFrame concatenation with empty or all-NA entries is deprecated. In a future version, this will no longer exclude empty or all-NA columns when determining the result dtypes. To retain the old behavior, exclude the relevant entries before the concat operation.
  table = pd.concat([table, results_df], ignore_index=True)

[UniJDOT Debug] final_threshold = 0.6267 conf mean=0.4695 std=0.2548 reject=50.00%
[UniJDOT Eval ALL] n=2974 threshold=0.6267
[UniJDOT Eval ALL] conf: min=0.1288 max=0.8811 mean=0.4425 std=0.2495
[UniJDOT Eval ALL] rejected: 55.35%
[UniJDOT Eval ALL] pred class dist (pre-reject): [280, 215, 94, 128, 430, 586, 775, 466]
[UniJDOT Eval ALL] true label dist: [0, 0, 0, 409, 410, 405, 0, 410, 1340] (last bin = unknown)
H_score: 0.4555, OS* (acc_c): 0.3709, UNK (acc_p): 0.5903, acc_mix: 0.4697, F1: 0.4443
[UniJDOT Eval ALL] n=2974 threshold=0.6267
[UniJDOT Eval ALL] conf: min=0.1288 max=0.8811 mean=0.4425 std=0.2495
[UniJDOT Eval ALL] rejected: 55.35%
[UniJDOT Eval ALL] pred class dist (pre-reject): [280, 215, 94, 128, 430, 586, 775, 466]
[UniJDOT Eval ALL] true label dist: [0, 0, 0, 409, 410, 405, 0, 410, 1340] (last bin = unknown)
Uploading logs from: /mnt/data/home/tp2474/OpenSet-AdaTime/experiments_logs/curriculum/RealWorld to MHEALTH_UniDA_hard_n4_fno_mean/UniJDOT_UniDA_hard_n4_fno_mean/RealWorld_to_MHEALTH_run_0
🏃 View run UniJDOT_run_0 at: http://127.0.0.1:5001/#/experiments/969386100323708088/runs/49caa9ae19674ea3a4a98fd79ddd7071
🧪 View experiment at: http://127.0.0.1:5001/#/experiments/969386100323708088
=============================================
Dataset: RealWorld to MHEALTH_UniDA_hard_n4_fno_mean
Method:  UniJDOT
=============================================
Source: RealWorld ---> Target: MHEALTH
Run ID: 1
=============================================
[Pr Epoch : 1/20]
Pr_Src_cls_loss	: 0.3480
-------------------------------------
[Pr Epoch : 2/20]
Pr_Src_cls_loss	: 0.2715
-------------------------------------
[Pr Epoch : 3/20]
Pr_Src_cls_loss	: 0.2347
-------------------------------------
[Pr Epoch : 4/20]
Pr_Src_cls_loss	: 0.2092
-------------------------------------
[Pr Epoch : 5/20]
Pr_Src_cls_loss	: 0.1922
-------------------------------------
[Pr Epoch : 6/20]
Pr_Src_cls_loss	: 0.1787
-------------------------------------
[Pr Epoch : 7/20]
Pr_Src_cls_loss	: 0.1679
-------------------------------------
[Pr Epoch : 8/20]
Pr_Src_cls_loss	: 0.1582
-------------------------------------
[Pr Epoch : 9/20]
Pr_Src_cls_loss	: 0.1503
-------------------------------------
[Pr Epoch : 10/20]
Pr_Src_cls_loss	: 0.1433
-------------------------------------
[Pr Epoch : 11/20]
Pr_Src_cls_loss	: 0.1370
-------------------------------------
[Pr Epoch : 12/20]
Pr_Src_cls_loss	: 0.1316
-------------------------------------
[Pr Epoch : 13/20]
Pr_Src_cls_loss	: 0.1265
-------------------------------------
[Pr Epoch : 14/20]
Pr_Src_cls_loss	: 0.1221
-------------------------------------
[Pr Epoch : 15/20]
Pr_Src_cls_loss	: 0.1182
-------------------------------------
[Pr Epoch : 16/20]
Pr_Src_cls_loss	: 0.1147
-------------------------------------
[Pr Epoch : 17/20]
Pr_Src_cls_loss	: 0.1112
-------------------------------------
[Pr Epoch : 18/20]
Pr_Src_cls_loss	: 0.1082
-------------------------------------
[Pr Epoch : 19/20]
Pr_Src_cls_loss	: 0.1053
-------------------------------------
[Pr Epoch : 20/20]
Pr_Src_cls_loss	: 0.1025
-------------------------------------
/mnt/data/home/tp2474/OpenSet-AdaTime/algorithms/algorithms.py:1865: UserWarning: Implicit dimension choice for softmax has been deprecated. Change the call to include dim=X as an argument.
  trg_soft_cen = torch.nn.functional.softmax(after_lincls_cen).double()
[Epoch : 1/20]
Pr_Src_cls_loss	: 0.1025
Total_loss	: 0.0687
loss_cls	: 0.0266
loss_align	: 0.0421
-------------------------------------
[Epoch : 2/20]
Pr_Src_cls_loss	: 0.1025
Total_loss	: 0.0623
loss_cls	: 0.0276
loss_align	: 0.0347
-------------------------------------
[Epoch : 3/20]
Pr_Src_cls_loss	: 0.1025
Total_loss	: 0.0582
loss_cls	: 0.0274
loss_align	: 0.0308
-------------------------------------
[Epoch : 4/20]
Pr_Src_cls_loss	: 0.1025
Total_loss	: 0.0555
loss_cls	: 0.0272
loss_align	: 0.0283
-------------------------------------
[Epoch : 5/20]
Pr_Src_cls_loss	: 0.1025
Total_loss	: 0.0538
loss_cls	: 0.0271
loss_align	: 0.0267
-------------------------------------
[Epoch : 6/20]
Pr_Src_cls_loss	: 0.1025
Total_loss	: 0.0525
loss_cls	: 0.0270
loss_align	: 0.0255
-------------------------------------
[Epoch : 7/20]
Pr_Src_cls_loss	: 0.1025
Total_loss	: 0.0516
loss_cls	: 0.0269
loss_align	: 0.0247
-------------------------------------
[Epoch : 8/20]
Pr_Src_cls_loss	: 0.1025
Total_loss	: 0.0505
loss_cls	: 0.0266
loss_align	: 0.0239
-------------------------------------
[Epoch : 9/20]
Pr_Src_cls_loss	: 0.1025
Total_loss	: 0.0499
loss_cls	: 0.0266
loss_align	: 0.0233
Src_cls_loss	: 0.0000
-------------------------------------
[Epoch : 10/20]
Pr_Src_cls_loss	: 0.1025
Total_loss	: 0.0492
loss_cls	: 0.0264
loss_align	: 0.0228
Src_cls_loss	: 0.0000
-------------------------------------
[Epoch : 11/20]
Pr_Src_cls_loss	: 0.1025
Total_loss	: 0.0483
loss_cls	: 0.0259
loss_align	: 0.0223
Src_cls_loss	: 0.0000
-------------------------------------
[Epoch : 12/20]
Pr_Src_cls_loss	: 0.1025
Total_loss	: 0.0479
loss_cls	: 0.0259
loss_align	: 0.0220
Src_cls_loss	: 0.0000
-------------------------------------
[Epoch : 13/20]
Pr_Src_cls_loss	: 0.1025
Total_loss	: 0.0476
loss_cls	: 0.0258
loss_align	: 0.0218
Src_cls_loss	: 0.0000
-------------------------------------
[Epoch : 14/20]
Pr_Src_cls_loss	: 0.1025
Total_loss	: 0.0470
loss_cls	: 0.0255
loss_align	: 0.0215
Src_cls_loss	: 0.0000
-------------------------------------
[Epoch : 15/20]
Pr_Src_cls_loss	: 0.1025
Total_loss	: 0.0466
loss_cls	: 0.0254
loss_align	: 0.0212
Src_cls_loss	: 0.0000
-------------------------------------
[Epoch : 16/20]
Pr_Src_cls_loss	: 0.1025
Total_loss	: 0.0464
loss_cls	: 0.0253
loss_align	: 0.0211
Src_cls_loss	: 0.0000
-------------------------------------
[Epoch : 17/20]
Pr_Src_cls_loss	: 0.1025
Total_loss	: 0.0460
loss_cls	: 0.0251
loss_align	: 0.0209
Src_cls_loss	: 0.0000
-------------------------------------
[Epoch : 18/20]
Pr_Src_cls_loss	: 0.1025
Total_loss	: 0.0458
loss_cls	: 0.0250
loss_align	: 0.0207
Src_cls_loss	: 0.0000
-------------------------------------
[Epoch : 19/20]
Pr_Src_cls_loss	: 0.1025
Total_loss	: 0.0454
loss_cls	: 0.0248
loss_align	: 0.0206
Src_cls_loss	: 0.0000
-------------------------------------
[Epoch : 20/20]
Pr_Src_cls_loss	: 0.1025
Total_loss	: 0.0452
loss_cls	: 0.0248
loss_align	: 0.0204
Src_cls_loss	: 0.0000
-------------------------------------

[UniJDOT Debug] final_threshold = 0.4638 conf mean=0.3339 std=0.1808 reject=56.25%
[UniJDOT Eval ALL] n=2974 threshold=0.4638
[UniJDOT Eval ALL] conf: min=0.1254 max=0.5535 mean=0.3283 std=0.1810
[UniJDOT Eval ALL] rejected: 58.24%
[UniJDOT Eval ALL] pred class dist (pre-reject): [1008, 127, 49, 603, 190, 425, 210, 362]
[UniJDOT Eval ALL] true label dist: [0, 0, 0, 409, 410, 405, 0, 410, 1340] (last bin = unknown)
H_score: 0.4893, OS* (acc_c): 0.3678, UNK (acc_p): 0.7306, acc_mix: 0.5313, F1: 0.5023
[UniJDOT Eval ALL] n=2974 threshold=0.4638
[UniJDOT Eval ALL] conf: min=0.1254 max=0.5535 mean=0.3283 std=0.1810
[UniJDOT Eval ALL] rejected: 58.24%
[UniJDOT Eval ALL] pred class dist (pre-reject): [1008, 127, 49, 603, 190, 425, 210, 362]
[UniJDOT Eval ALL] true label dist: [0, 0, 0, 409, 410, 405, 0, 410, 1340] (last bin = unknown)
Uploading logs from: /mnt/data/home/tp2474/OpenSet-AdaTime/experiments_logs/curriculum/RealWorld to MHEALTH_UniDA_hard_n4_fno_mean/UniJDOT_UniDA_hard_n4_fno_mean/RealWorld_to_MHEALTH_run_1
🏃 View run UniJDOT_run_1 at: http://127.0.0.1:5001/#/experiments/969386100323708088/runs/32c436a1020e457ea2a923b8774acd59
🧪 View experiment at: http://127.0.0.1:5001/#/experiments/969386100323708088
=============================================
Dataset: RealWorld to MHEALTH_UniDA_hard_n4_fno_mean
Method:  UniJDOT
=============================================
Source: RealWorld ---> Target: MHEALTH
Run ID: 2
=============================================
[Pr Epoch : 1/20]
Pr_Src_cls_loss	: 0.3321
-------------------------------------
[Pr Epoch : 2/20]
Pr_Src_cls_loss	: 0.2660
-------------------------------------
[Pr Epoch : 3/20]
Pr_Src_cls_loss	: 0.2299
-------------------------------------
[Pr Epoch : 4/20]
Pr_Src_cls_loss	: 0.2062
-------------------------------------
[Pr Epoch : 5/20]
Pr_Src_cls_loss	: 0.1890
-------------------------------------
[Pr Epoch : 6/20]
Pr_Src_cls_loss	: 0.1761
-------------------------------------
[Pr Epoch : 7/20]
Pr_Src_cls_loss	: 0.1645
-------------------------------------
[Pr Epoch : 8/20]
Pr_Src_cls_loss	: 0.1557
-------------------------------------
[Pr Epoch : 9/20]
Pr_Src_cls_loss	: 0.1477
-------------------------------------
[Pr Epoch : 10/20]
Pr_Src_cls_loss	: 0.1410
-------------------------------------
[Pr Epoch : 11/20]
Pr_Src_cls_loss	: 0.1354
-------------------------------------
[Pr Epoch : 12/20]
Pr_Src_cls_loss	: 0.1302
-------------------------------------
[Pr Epoch : 13/20]
Pr_Src_cls_loss	: 0.1252
-------------------------------------
[Pr Epoch : 14/20]
Pr_Src_cls_loss	: 0.1208
-------------------------------------
[Pr Epoch : 15/20]
Pr_Src_cls_loss	: 0.1169
-------------------------------------
[Pr Epoch : 16/20]
Pr_Src_cls_loss	: 0.1135
-------------------------------------
[Pr Epoch : 17/20]
Pr_Src_cls_loss	: 0.1101
-------------------------------------
[Pr Epoch : 18/20]
Pr_Src_cls_loss	: 0.1070
-------------------------------------
[Pr Epoch : 19/20]
Pr_Src_cls_loss	: 0.1042
-------------------------------------
[Pr Epoch : 20/20]
Pr_Src_cls_loss	: 0.1016
-------------------------------------
/mnt/data/home/tp2474/OpenSet-AdaTime/algorithms/algorithms.py:1865: UserWarning: Implicit dimension choice for softmax has been deprecated. Change the call to include dim=X as an argument.
  trg_soft_cen = torch.nn.functional.softmax(after_lincls_cen).double()
[Epoch : 1/20]
Pr_Src_cls_loss	: 0.1016
Total_loss	: 0.0751
loss_cls	: 0.0269
loss_align	: 0.0482
-------------------------------------
[Epoch : 2/20]
Pr_Src_cls_loss	: 0.1016
Total_loss	: 0.0688
loss_cls	: 0.0277
loss_align	: 0.0411
-------------------------------------
[Epoch : 3/20]
Pr_Src_cls_loss	: 0.1016
Total_loss	: 0.0654
loss_cls	: 0.0282
loss_align	: 0.0371
-------------------------------------
[Epoch : 4/20]
Pr_Src_cls_loss	: 0.1016
Total_loss	: 0.0635
loss_cls	: 0.0291
loss_align	: 0.0344
-------------------------------------
[Epoch : 5/20]
Pr_Src_cls_loss	: 0.1016
Total_loss	: 0.0614
loss_cls	: 0.0290
loss_align	: 0.0324
-------------------------------------
[Epoch : 6/20]
Pr_Src_cls_loss	: 0.1016
Total_loss	: 0.0600
loss_cls	: 0.0290
loss_align	: 0.0310
-------------------------------------
[Epoch : 7/20]
Pr_Src_cls_loss	: 0.1016
Total_loss	: 0.0586
loss_cls	: 0.0288
loss_align	: 0.0298
-------------------------------------
[Epoch : 8/20]
Pr_Src_cls_loss	: 0.1016
Total_loss	: 0.0571
loss_cls	: 0.0283
loss_align	: 0.0288
-------------------------------------
[Epoch : 9/20]
Pr_Src_cls_loss	: 0.1016
Total_loss	: 0.0563
loss_cls	: 0.0282
loss_align	: 0.0281
Src_cls_loss	: 0.0000
-------------------------------------
[Epoch : 10/20]
Pr_Src_cls_loss	: 0.1016
Total_loss	: 0.0554
loss_cls	: 0.0280
loss_align	: 0.0275
Src_cls_loss	: 0.0000
-------------------------------------
[Epoch : 11/20]
Pr_Src_cls_loss	: 0.1016
Total_loss	: 0.0552
loss_cls	: 0.0282
loss_align	: 0.0270
Src_cls_loss	: 0.0000
-------------------------------------
[Epoch : 12/20]
Pr_Src_cls_loss	: 0.1016
Total_loss	: 0.0545
loss_cls	: 0.0280
loss_align	: 0.0266
Src_cls_loss	: 0.0000
-------------------------------------
[Epoch : 13/20]
Pr_Src_cls_loss	: 0.1016
Total_loss	: 0.0540
loss_cls	: 0.0279
loss_align	: 0.0261
Src_cls_loss	: 0.0000
-------------------------------------
[Epoch : 14/20]
Pr_Src_cls_loss	: 0.1016
Total_loss	: 0.0537
loss_cls	: 0.0279
loss_align	: 0.0258
Src_cls_loss	: 0.0000
-------------------------------------
[Epoch : 15/20]
Pr_Src_cls_loss	: 0.1016
Total_loss	: 0.0532
loss_cls	: 0.0277
loss_align	: 0.0254
Src_cls_loss	: 0.0000
-------------------------------------
[Epoch : 16/20]
Pr_Src_cls_loss	: 0.1016
Total_loss	: 0.0527
loss_cls	: 0.0275
loss_align	: 0.0252
Src_cls_loss	: 0.0000
-------------------------------------
[Epoch : 17/20]
Pr_Src_cls_loss	: 0.1016
Total_loss	: 0.0521
loss_cls	: 0.0273
loss_align	: 0.0248
Src_cls_loss	: 0.0000
-------------------------------------
[Epoch : 18/20]
Pr_Src_cls_loss	: 0.1016
Total_loss	: 0.0519
loss_cls	: 0.0273
loss_align	: 0.0246
Src_cls_loss	: 0.0000
-------------------------------------
[Epoch : 19/20]
Pr_Src_cls_loss	: 0.1016
Total_loss	: 0.0516
loss_cls	: 0.0272
loss_align	: 0.0244
Src_cls_loss	: 0.0000
-------------------------------------
[Epoch : 20/20]
Pr_Src_cls_loss	: 0.1016
Total_loss	: 0.0513
loss_cls	: 0.0272
loss_align	: 0.0241
Src_cls_loss	: 0.0000
-------------------------------------

[UniJDOT Debug] final_threshold = 0.4861 conf mean=0.3510 std=0.1933 reject=68.75%
[UniJDOT Eval ALL] n=2974 threshold=0.4861
[UniJDOT Eval ALL] conf: min=0.1277 max=0.6365 mean=0.3085 std=0.1885
[UniJDOT Eval ALL] rejected: 76.40%
[UniJDOT Eval ALL] pred class dist (pre-reject): [147, 205, 3, 2, 171, 1972, 128, 346]
[UniJDOT Eval ALL] true label dist: [0, 0, 0, 409, 410, 405, 0, 410, 1340] (last bin = unknown)
H_score: 0.3740, OS* (acc_c): 0.2436, UNK (acc_p): 0.8052, acc_mix: 0.4966, F1: 0.4289
[UniJDOT Eval ALL] n=2974 threshold=0.4861
[UniJDOT Eval ALL] conf: min=0.1277 max=0.6365 mean=0.3085 std=0.1885
[UniJDOT Eval ALL] rejected: 76.40%
[UniJDOT Eval ALL] pred class dist (pre-reject): [147, 205, 3, 2, 171, 1972, 128, 346]
[UniJDOT Eval ALL] true label dist: [0, 0, 0, 409, 410, 405, 0, 410, 1340] (last bin = unknown)
Uploading logs from: /mnt/data/home/tp2474/OpenSet-AdaTime/experiments_logs/curriculum/RealWorld to MHEALTH_UniDA_hard_n4_fno_mean/UniJDOT_UniDA_hard_n4_fno_mean/RealWorld_to_MHEALTH_run_2
🏃 View run UniJDOT_run_2 at: http://127.0.0.1:5001/#/experiments/969386100323708088/runs/b10904f0d3e4470496dc0bbf6b2f7df9
🧪 View experiment at: http://127.0.0.1:5001/#/experiments/969386100323708088
=============================================
Dataset: RealWorld to MHEALTH_UniDA_hard_n4_fno_mean
Method:  UniJDOT
=============================================
Source: RealWorld ---> Target: MHEALTH
Run ID: 3
=============================================
[Pr Epoch : 1/20]
Pr_Src_cls_loss	: 0.3615
-------------------------------------
[Pr Epoch : 2/20]
Pr_Src_cls_loss	: 0.2810
-------------------------------------
[Pr Epoch : 3/20]
Pr_Src_cls_loss	: 0.2399
-------------------------------------
[Pr Epoch : 4/20]
Pr_Src_cls_loss	: 0.2142
-------------------------------------
[Pr Epoch : 5/20]
Pr_Src_cls_loss	: 0.1956
-------------------------------------
[Pr Epoch : 6/20]
Pr_Src_cls_loss	: 0.1800
-------------------------------------
[Pr Epoch : 7/20]
Pr_Src_cls_loss	: 0.1681
-------------------------------------
[Pr Epoch : 8/20]
Pr_Src_cls_loss	: 0.1584
-------------------------------------
[Pr Epoch : 9/20]
Pr_Src_cls_loss	: 0.1504
-------------------------------------
[Pr Epoch : 10/20]
Pr_Src_cls_loss	: 0.1430
-------------------------------------
[Pr Epoch : 11/20]
Pr_Src_cls_loss	: 0.1367
-------------------------------------
[Pr Epoch : 12/20]
Pr_Src_cls_loss	: 0.1311
-------------------------------------
[Pr Epoch : 13/20]
Pr_Src_cls_loss	: 0.1259
-------------------------------------
[Pr Epoch : 14/20]
Pr_Src_cls_loss	: 0.1216
-------------------------------------
[Pr Epoch : 15/20]
Pr_Src_cls_loss	: 0.1177
-------------------------------------
[Pr Epoch : 16/20]
Pr_Src_cls_loss	: 0.1140
-------------------------------------
[Pr Epoch : 17/20]
Pr_Src_cls_loss	: 0.1107
-------------------------------------
[Pr Epoch : 18/20]
Pr_Src_cls_loss	: 0.1078
-------------------------------------
[Pr Epoch : 19/20]
Pr_Src_cls_loss	: 0.1050
-------------------------------------
[Pr Epoch : 20/20]
Pr_Src_cls_loss	: 0.1022
-------------------------------------
/mnt/data/home/tp2474/OpenSet-AdaTime/algorithms/algorithms.py:1865: UserWarning: Implicit dimension choice for softmax has been deprecated. Change the call to include dim=X as an argument.
  trg_soft_cen = torch.nn.functional.softmax(after_lincls_cen).double()
[Epoch : 1/20]
Pr_Src_cls_loss	: 0.1022
Total_loss	: 0.0671
loss_cls	: 0.0253
loss_align	: 0.0418
-------------------------------------
[Epoch : 2/20]
Pr_Src_cls_loss	: 0.1022
Total_loss	: 0.0630
loss_cls	: 0.0267
loss_align	: 0.0364
-------------------------------------
[Epoch : 3/20]
Pr_Src_cls_loss	: 0.1022
Total_loss	: 0.0591
loss_cls	: 0.0272
loss_align	: 0.0318
-------------------------------------
[Epoch : 4/20]
Pr_Src_cls_loss	: 0.1022
Total_loss	: 0.0564
loss_cls	: 0.0274
loss_align	: 0.0290
-------------------------------------
[Epoch : 5/20]
Pr_Src_cls_loss	: 0.1022
Total_loss	: 0.0548
loss_cls	: 0.0275
loss_align	: 0.0273
-------------------------------------
[Epoch : 6/20]
Pr_Src_cls_loss	: 0.1022
Total_loss	: 0.0536
loss_cls	: 0.0274
loss_align	: 0.0262
-------------------------------------
[Epoch : 7/20]
Pr_Src_cls_loss	: 0.1022
Total_loss	: 0.0535
loss_cls	: 0.0281
loss_align	: 0.0255
-------------------------------------
[Epoch : 8/20]
Pr_Src_cls_loss	: 0.1022
Total_loss	: 0.0527
loss_cls	: 0.0281
loss_align	: 0.0247
-------------------------------------
[Epoch : 9/20]
Pr_Src_cls_loss	: 0.1022
Total_loss	: 0.0523
loss_cls	: 0.0280
loss_align	: 0.0243
Src_cls_loss	: 0.0000
-------------------------------------
[Epoch : 10/20]
Pr_Src_cls_loss	: 0.1022
Total_loss	: 0.0520
loss_cls	: 0.0282
loss_align	: 0.0239
Src_cls_loss	: 0.0000
-------------------------------------
[Epoch : 11/20]
Pr_Src_cls_loss	: 0.1022
Total_loss	: 0.0517
loss_cls	: 0.0281
loss_align	: 0.0235
Src_cls_loss	: 0.0000
-------------------------------------
[Epoch : 12/20]
Pr_Src_cls_loss	: 0.1022
Total_loss	: 0.0513
loss_cls	: 0.0280
loss_align	: 0.0232
Src_cls_loss	: 0.0000
-------------------------------------
[Epoch : 13/20]
Pr_Src_cls_loss	: 0.1022
Total_loss	: 0.0509
loss_cls	: 0.0279
loss_align	: 0.0230
Src_cls_loss	: 0.0000
-------------------------------------
[Epoch : 14/20]
Pr_Src_cls_loss	: 0.1022
Total_loss	: 0.0502
loss_cls	: 0.0276
loss_align	: 0.0226
Src_cls_loss	: 0.0000
-------------------------------------
[Epoch : 15/20]
Pr_Src_cls_loss	: 0.1022
Total_loss	: 0.0499
loss_cls	: 0.0275
loss_align	: 0.0224
Src_cls_loss	: 0.0000
-------------------------------------
[Epoch : 16/20]
Pr_Src_cls_loss	: 0.1022
Total_loss	: 0.0499
loss_cls	: 0.0276
loss_align	: 0.0223
Src_cls_loss	: 0.0000
-------------------------------------
[Epoch : 17/20]
Pr_Src_cls_loss	: 0.1022
Total_loss	: 0.0498
loss_cls	: 0.0275
loss_align	: 0.0223
Src_cls_loss	: 0.0000
-------------------------------------
[Epoch : 18/20]
Pr_Src_cls_loss	: 0.1022
Total_loss	: 0.0494
loss_cls	: 0.0273
loss_align	: 0.0222
Src_cls_loss	: 0.0000
-------------------------------------
[Epoch : 19/20]
Pr_Src_cls_loss	: 0.1022
Total_loss	: 0.0491
loss_cls	: 0.0271
loss_align	: 0.0220
Src_cls_loss	: 0.0000
-------------------------------------
[Epoch : 20/20]
Pr_Src_cls_loss	: 0.1022
Total_loss	: 0.0488
loss_cls	: 0.0269
loss_align	: 0.0219
Src_cls_loss	: 0.0000
-------------------------------------

[UniJDOT Debug] final_threshold = 0.6341 conf mean=0.4903 std=0.2754 reject=45.31%
[UniJDOT Eval ALL] n=2974 threshold=0.6341
[UniJDOT Eval ALL] conf: min=0.1316 max=0.7558 mean=0.4878 std=0.2655
[UniJDOT Eval ALL] rejected: 49.23%
[UniJDOT Eval ALL] pred class dist (pre-reject): [168, 107, 0, 222, 1291, 398, 398, 390]
[UniJDOT Eval ALL] true label dist: [0, 0, 0, 409, 410, 405, 0, 410, 1340] (last bin = unknown)
H_score: 0.5751, OS* (acc_c): 0.5734, UNK (acc_p): 0.5769, acc_mix: 0.5750, F1: 0.5342
[UniJDOT Eval ALL] n=2974 threshold=0.6341
[UniJDOT Eval ALL] conf: min=0.1316 max=0.7558 mean=0.4878 std=0.2655
[UniJDOT Eval ALL] rejected: 49.23%
[UniJDOT Eval ALL] pred class dist (pre-reject): [168, 107, 0, 222, 1291, 398, 398, 390]
[UniJDOT Eval ALL] true label dist: [0, 0, 0, 409, 410, 405, 0, 410, 1340] (last bin = unknown)
Uploading logs from: /mnt/data/home/tp2474/OpenSet-AdaTime/experiments_logs/curriculum/RealWorld to MHEALTH_UniDA_hard_n4_fno_mean/UniJDOT_UniDA_hard_n4_fno_mean/RealWorld_to_MHEALTH_run_3
🏃 View run UniJDOT_run_3 at: http://127.0.0.1:5001/#/experiments/969386100323708088/runs/50354227920442aaaa686d19d3808237
🧪 View experiment at: http://127.0.0.1:5001/#/experiments/969386100323708088
=============================================
Dataset: RealWorld to MHEALTH_UniDA_hard_n4_fno_mean
Method:  UniJDOT
=============================================
Source: RealWorld ---> Target: MHEALTH
Run ID: 4
=============================================
[Pr Epoch : 1/20]
Pr_Src_cls_loss	: 0.3366
-------------------------------------
[Pr Epoch : 2/20]
Pr_Src_cls_loss	: 0.2683
-------------------------------------
[Pr Epoch : 3/20]
Pr_Src_cls_loss	: 0.2327
-------------------------------------
[Pr Epoch : 4/20]
Pr_Src_cls_loss	: 0.2099
-------------------------------------
[Pr Epoch : 5/20]
Pr_Src_cls_loss	: 0.1908
-------------------------------------
[Pr Epoch : 6/20]
Pr_Src_cls_loss	: 0.1770
-------------------------------------
[Pr Epoch : 7/20]
Pr_Src_cls_loss	: 0.1654
-------------------------------------
[Pr Epoch : 8/20]
Pr_Src_cls_loss	: 0.1565
-------------------------------------
[Pr Epoch : 9/20]
Pr_Src_cls_loss	: 0.1483
-------------------------------------
[Pr Epoch : 10/20]
Pr_Src_cls_loss	: 0.1414
-------------------------------------
[Pr Epoch : 11/20]
Pr_Src_cls_loss	: 0.1352
-------------------------------------
[Pr Epoch : 12/20]
Pr_Src_cls_loss	: 0.1299
-------------------------------------
[Pr Epoch : 13/20]
Pr_Src_cls_loss	: 0.1249
-------------------------------------
[Pr Epoch : 14/20]
Pr_Src_cls_loss	: 0.1205
-------------------------------------
[Pr Epoch : 15/20]
Pr_Src_cls_loss	: 0.1168
-------------------------------------
[Pr Epoch : 16/20]
Pr_Src_cls_loss	: 0.1128
-------------------------------------
[Pr Epoch : 17/20]
Pr_Src_cls_loss	: 0.1094
-------------------------------------
[Pr Epoch : 18/20]
Pr_Src_cls_loss	: 0.1063
-------------------------------------
[Pr Epoch : 19/20]
Pr_Src_cls_loss	: 0.1035
-------------------------------------
[Pr Epoch : 20/20]
Pr_Src_cls_loss	: 0.1006
-------------------------------------
/mnt/data/home/tp2474/OpenSet-AdaTime/algorithms/algorithms.py:1865: UserWarning: Implicit dimension choice for softmax has been deprecated. Change the call to include dim=X as an argument.
  trg_soft_cen = torch.nn.functional.softmax(after_lincls_cen).double()
[Epoch : 1/20]
Pr_Src_cls_loss	: 0.1006
Total_loss	: 0.0652
loss_cls	: 0.0246
loss_align	: 0.0405
-------------------------------------
[Epoch : 2/20]
Pr_Src_cls_loss	: 0.1006
Total_loss	: 0.0597
loss_cls	: 0.0262
loss_align	: 0.0335
-------------------------------------
[Epoch : 3/20]
Pr_Src_cls_loss	: 0.1006
Total_loss	: 0.0561
loss_cls	: 0.0270
loss_align	: 0.0291
-------------------------------------
[Epoch : 4/20]
Pr_Src_cls_loss	: 0.1006
Total_loss	: 0.0531
loss_cls	: 0.0267
loss_align	: 0.0265
-------------------------------------
[Epoch : 5/20]
Pr_Src_cls_loss	: 0.1006
Total_loss	: 0.0508
loss_cls	: 0.0261
loss_align	: 0.0247
-------------------------------------
[Epoch : 6/20]
Pr_Src_cls_loss	: 0.1006
Total_loss	: 0.0495
loss_cls	: 0.0258
loss_align	: 0.0237
-------------------------------------
[Epoch : 7/20]
Pr_Src_cls_loss	: 0.1006
Total_loss	: 0.0487
loss_cls	: 0.0257
loss_align	: 0.0229
-------------------------------------
[Epoch : 8/20]
Pr_Src_cls_loss	: 0.1006
Total_loss	: 0.0478
loss_cls	: 0.0255
loss_align	: 0.0223
-------------------------------------
[Epoch : 9/20]
Pr_Src_cls_loss	: 0.1006
Total_loss	: 0.0471
loss_cls	: 0.0254
loss_align	: 0.0217
Src_cls_loss	: 0.0000
-------------------------------------
[Epoch : 10/20]
Pr_Src_cls_loss	: 0.1006
Total_loss	: 0.0466
loss_cls	: 0.0253
loss_align	: 0.0214
Src_cls_loss	: 0.0000
-------------------------------------
[Epoch : 11/20]
Pr_Src_cls_loss	: 0.1006
Total_loss	: 0.0461
loss_cls	: 0.0252
loss_align	: 0.0209
Src_cls_loss	: 0.0000
-------------------------------------
[Epoch : 12/20]
Pr_Src_cls_loss	: 0.1006
Total_loss	: 0.0457
loss_cls	: 0.0250
loss_align	: 0.0206
Src_cls_loss	: 0.0000
-------------------------------------
[Epoch : 13/20]
Pr_Src_cls_loss	: 0.1006
Total_loss	: 0.0452
loss_cls	: 0.0248
loss_align	: 0.0203
Src_cls_loss	: 0.0000
-------------------------------------
[Epoch : 14/20]
Pr_Src_cls_loss	: 0.1006
Total_loss	: 0.0447
loss_cls	: 0.0246
loss_align	: 0.0201
Src_cls_loss	: 0.0000
-------------------------------------
[Epoch : 15/20]
Pr_Src_cls_loss	: 0.1006
Total_loss	: 0.0445
loss_cls	: 0.0246
loss_align	: 0.0199
Src_cls_loss	: 0.0000
-------------------------------------
[Epoch : 16/20]
Pr_Src_cls_loss	: 0.1006
Total_loss	: 0.0443
loss_cls	: 0.0245
loss_align	: 0.0198
Src_cls_loss	: 0.0000
-------------------------------------
[Epoch : 17/20]
Pr_Src_cls_loss	: 0.1006
Total_loss	: 0.0441
loss_cls	: 0.0244
loss_align	: 0.0198
Src_cls_loss	: 0.0000
-------------------------------------
[Epoch : 18/20]
Pr_Src_cls_loss	: 0.1006
Total_loss	: 0.0440
loss_cls	: 0.0243
loss_align	: 0.0197
Src_cls_loss	: 0.0000
-------------------------------------
[Epoch : 19/20]
Pr_Src_cls_loss	: 0.1006
Total_loss	: 0.0439
loss_cls	: 0.0243
loss_align	: 0.0196
Src_cls_loss	: 0.0000
-------------------------------------
[Epoch : 20/20]
Pr_Src_cls_loss	: 0.1006
Total_loss	: 0.0437
loss_cls	: 0.0241
loss_align	: 0.0196
Src_cls_loss	: 0.0000
-------------------------------------

[UniJDOT Debug] final_threshold = 0.4369 conf mean=0.3349 std=0.2014 reject=51.56%
[UniJDOT Eval ALL] n=2974 threshold=0.4369
[UniJDOT Eval ALL] conf: min=0.1257 max=0.8416 mean=0.3474 std=0.1966
[UniJDOT Eval ALL] rejected: 50.17%
[UniJDOT Eval ALL] pred class dist (pre-reject): [42, 1194, 27, 722, 134, 398, 83, 374]
[UniJDOT Eval ALL] true label dist: [0, 0, 0, 409, 410, 405, 0, 410, 1340] (last bin = unknown)
H_score: 0.5922, OS* (acc_c): 0.5324, UNK (acc_p): 0.6672, acc_mix: 0.5931, F1: 0.5570
[UniJDOT Eval ALL] n=2974 threshold=0.4369
[UniJDOT Eval ALL] conf: min=0.1257 max=0.8416 mean=0.3474 std=0.1966
[UniJDOT Eval ALL] rejected: 50.17%
[UniJDOT Eval ALL] pred class dist (pre-reject): [42, 1194, 27, 722, 134, 398, 83, 374]
[UniJDOT Eval ALL] true label dist: [0, 0, 0, 409, 410, 405, 0, 410, 1340] (last bin = unknown)
Uploading logs from: /mnt/data/home/tp2474/OpenSet-AdaTime/experiments_logs/curriculum/RealWorld to MHEALTH_UniDA_hard_n4_fno_mean/UniJDOT_UniDA_hard_n4_fno_mean/RealWorld_to_MHEALTH_run_4
🏃 View run UniJDOT_run_4 at: http://127.0.0.1:5001/#/experiments/969386100323708088/runs/8730f2e8f32b494089ce651fb4abf578
🧪 View experiment at: http://127.0.0.1:5001/#/experiments/969386100323708088
==================== [n4 fno_mean] done ====================
==================== ALL n done ====================
