scenario,pair,algorithm,n_unknown,seed,duration_sec,H_score,OS_star,UNK,target_f1,source_f1,source_acc
PDA,MHEALTH -> Pamap2,DANCE,7,0,37.745,0.000000,0.000000,0.000000,0.000000,,0.930730
PDA,MHEALTH -> Pamap2,UDA,7,3,42.009,0.000000,0.146044,0.000000,0.241392,,0.910579
PDA,MHEALTH -> Pamap2,PDAAN,7,4,27.388,,,,0.389654,,0.897985
PDA,MHEALTH -> Pamap2,DANCE,7,4,35.369,0.000000,0.000000,0.000000,0.000000,,0.921914
PDA,MHEALTH -> Pamap2,OVANet,7,3,38.965,0.000000,0.009470,0.000000,0.018336,,0.885390
PDA,MHEALTH -> Pamap2,SPADA,7,3,27.775,,,,0.414317,,0.892947
PDA,MHEALTH -> Pamap2,UniOT,7,2,116.252,0.000000,0.000000,0.000000,0.000000,,0.930730
PDA,MHEALTH -> Pamap2,RAINCOAT,7,2,54.821,0.000000,0.211279,0.000000,0.257272,,0.321159
PDA,MHEALTH -> Pamap2,PDAAN,7,0,29.441,,,,0.373763,,0.894207
PDA,MHEALTH -> Pamap2,UniJDOT,7,2,197.504,0.000000,0.171507,0.000000,0.202235,,0.928212
PDA,MHEALTH -> Pamap2,UDA,7,1,42.146,0.000000,0.033039,0.000000,0.059480,,0.832494
PDA,MHEALTH -> Pamap2,UniJDOT,7,3,196.222,0.000000,0.099537,0.000000,0.143240,,0.974811
PDA,MHEALTH -> Pamap2,UniOT,7,3,280.964,0.000000,0.150463,0.000000,0.166627,,0.969773
PDA,MHEALTH -> Pamap2,PDAAN,7,3,27.128,,,,0.384788,,0.901763
PDA,MHEALTH -> Pamap2,UniOT,7,4,171.864,0.000000,0.000000,0.000000,0.000000,,0.982368
PDA,MHEALTH -> Pamap2,OVANet,7,1,33.976,0.000000,0.011785,0.000000,0.022365,,0.904282
PDA,MHEALTH -> Pamap2,SPADA,7,0,29.731,,,,0.538472,,0.863980
PDA,MHEALTH -> Pamap2,DANCE,7,3,34.539,0.000000,0.000000,0.000000,0.000000,,0.921914
PDA,MHEALTH -> Pamap2,PPOT,7,1,63.694,0.000000,0.000000,0.000000,0.000000,,0.646096
PDA,MHEALTH -> Pamap2,UDA,7,2,42.107,0.000000,0.269360,0.000000,0.387814,,0.895466
PDA,MHEALTH -> Pamap2,OVANet,7,4,34.296,0.000000,0.000210,0.000000,0.000421,,0.910579
PDA,MHEALTH -> Pamap2,OVANet,7,2,34.269,0.000000,0.000631,0.000000,0.001256,,0.923174
PDA,MHEALTH -> Pamap2,RAINCOAT,7,1,56.834,0.000000,0.416035,0.000000,0.433832,,0.289673
PDA,MHEALTH -> Pamap2,RAINCOAT,7,3,55.855,0.000000,0.027567,0.000000,0.049022,,0.380353
PDA,MHEALTH -> Pamap2,DANCE,7,1,34.736,0.000000,0.000000,0.000000,0.000000,,0.897985
PDA,MHEALTH -> Pamap2,UDA,7,0,44.910,0.000000,0.078914,0.000000,0.132080,,0.856423
PDA,MHEALTH -> Pamap2,PPOT,7,0,68.137,0.000000,0.000000,0.000000,0.000000,,0.734257
PDA,MHEALTH -> Pamap2,OVANet,7,0,37.666,0.000000,0.000210,0.000000,0.000420,,0.891688
PDA,MHEALTH -> Pamap2,UniJDOT,7,4,196.104,0.000000,0.160774,0.000000,0.198296,,0.967254
PDA,MHEALTH -> Pamap2,PPOT,7,3,64.407,0.000000,0.000000,0.000000,0.000000,,0.642317
PDA,MHEALTH -> Pamap2,DANCE,7,2,34.647,0.000000,0.000000,0.000000,0.000000,,0.928212
PDA,MHEALTH -> Pamap2,PDAAN,7,1,27.077,,,,0.643987,,0.894207
PDA,MHEALTH -> Pamap2,UniOT,7,1,105.771,0.000000,0.000000,0.000000,0.000000,,0.981108
PDA,MHEALTH -> Pamap2,UniJDOT,7,0,204.933,0.000000,0.110480,0.000000,0.155210,,0.982368
PDA,MHEALTH -> Pamap2,UDA,7,4,41.571,0.000000,0.193182,0.000000,0.287045,,0.813602
PDA,MHEALTH -> Pamap2,SPADA,7,4,27.948,,,,0.277167,,0.855164
PDA,MHEALTH -> Pamap2,UniJDOT,7,1,195.221,0.000000,0.160354,0.000000,0.198074,,0.954660
PDA,MHEALTH -> Pamap2,SPADA,7,1,27.684,,,,0.629018,,0.903023
PDA,MHEALTH -> Pamap2,PPOT,7,2,64.170,0.000000,0.000000,0.000000,0.000000,,0.578086
PDA,MHEALTH -> Pamap2,UniOT,7,0,164.665,0.000000,0.000000,0.000000,0.000000,,0.943325
PDA,MHEALTH -> Pamap2,PDAAN,7,2,27.327,,,,0.323302,,0.892947
PDA,MHEALTH -> Pamap2,PPOT,7,4,63.933,0.000000,0.000000,0.000000,0.000000,,0.610831
PDA,MHEALTH -> Pamap2,RAINCOAT,7,4,55.023,0.000000,0.551557,0.000000,0.612529,,0.467254
PDA,MHEALTH -> Pamap2,SPADA,7,2,27.781,,,,0.455576,,0.892947
PDA,MHEALTH -> Pamap2,RAINCOAT,7,0,59.256,0.000000,0.076389,0.000000,0.112842,,0.287154
OSDA,RealWorld -> Pamap2,RAINCOAT,4,0,158.549,0.134684,0.166562,0.113047,0.146665,,0.565200
OSDA,RealWorld -> Pamap2,RAINCOAT,4,1,180.516,0.252175,0.266331,0.239448,0.257310,,0.569288
OSDA,RealWorld -> Pamap2,RAINCOAT,4,2,182.393,0.192052,0.356018,0.131493,0.206476,,0.609770
OSDA,RealWorld -> Pamap2,RAINCOAT,4,3,165.222,0.241594,0.288805,0.207650,0.253709,,0.580381
OSDA,RealWorld -> Pamap2,RAINCOAT,4,4,181.293,0.274462,0.297206,0.254951,0.266315,,0.557610
OSDA,RealWorld -> Pamap2,OSBP,4,0,148.710,0.677331,0.617097,0.750594,0.718465,,0.792332
OSDA,RealWorld -> Pamap2,OSBP,4,1,146.248,0.715249,0.660576,0.779790,0.744622,,0.775788
OSDA,RealWorld -> Pamap2,OSBP,4,2,146.920,0.772257,0.736190,0.812040,0.791528,,0.728688
OSDA,RealWorld -> Pamap2,OSBP,4,3,146.104,0.701752,0.641672,0.774245,0.738064,,0.790385
OSDA,RealWorld -> Pamap2,OSBP,4,4,145.888,0.767412,0.773577,0.761344,0.778869,,0.778318
OSDA,RealWorld -> Pamap2,TSFA,4,0,318.073,0.386946,0.643352,0.276678,0.422276,,0.819774
OSDA,RealWorld -> Pamap2,TSFA,4,1,308.023,0.373063,0.545054,0.283580,0.381618,,0.863760
OSDA,RealWorld -> Pamap2,TSFA,4,2,309.567,0.426607,0.858643,0.283807,0.468318,,0.854613
OSDA,RealWorld -> Pamap2,TSFA,4,3,312.257,0.374392,0.571519,0.278375,0.383954,,0.904438
OSDA,RealWorld -> Pamap2,TSFA,4,4,304.754,0.368189,0.718757,0.247482,0.406687,,0.863566
OSDA,RealWorld -> Pamap2,UDA,4,0,154.496,0.436888,0.586851,0.347969,0.447325,,0.912028
OSDA,RealWorld -> Pamap2,UDA,4,1,153.194,0.427416,0.553875,0.347969,0.432917,,0.947645
OSDA,RealWorld -> Pamap2,UDA,4,2,144.364,0.408776,0.524890,0.334729,0.416383,,0.914753
OSDA,RealWorld -> Pamap2,UDA,4,3,144.918,0.418754,0.561647,0.333824,0.422884,,0.949786
OSDA,RealWorld -> Pamap2,UDA,4,4,148.483,0.428007,0.488973,0.380559,0.434411,,0.925847
OSDA,RealWorld -> Pamap2,OVANet,4,0,135.655,0.369814,0.850452,0.236279,0.451102,,0.858116
OSDA,RealWorld -> Pamap2,OVANet,4,1,127.792,0.219844,0.607435,0.134208,0.283225,,0.784352
OSDA,RealWorld -> Pamap2,OVANet,4,2,134.616,0.090036,0.638521,0.048433,0.242893,,0.826975
OSDA,RealWorld -> Pamap2,OVANet,4,3,134.243,0.498776,0.595673,0.428992,0.494927,,0.869015
OSDA,RealWorld -> Pamap2,OVANet,4,4,129.508,0.083921,0.574879,0.045264,0.154040,,0.836123
OSDA,RealWorld -> Pamap2,DANCE,4,0,129.323,0.360183,0.226843,0.873826,0.596383,,0.875049
OSDA,RealWorld -> Pamap2,DANCE,4,1,136.384,0.378864,0.237765,0.931877,0.612965,,0.879525
OSDA,RealWorld -> Pamap2,DANCE,4,2,128.785,0.254585,0.148708,0.883897,0.561418,,0.854807
OSDA,RealWorld -> Pamap2,DANCE,4,3,133.064,0.088116,0.046419,0.866357,0.494640,,0.866874
OSDA,RealWorld -> Pamap2,DANCE,4,4,136.391,0.087837,0.046209,0.886047,0.502932,,0.862398
OSDA,RealWorld -> Pamap2,PPOT,4,0,283.836,0.141502,0.878387,0.076949,0.263481,,0.772285
OSDA,RealWorld -> Pamap2,PPOT,4,1,275.280,0.224677,0.880067,0.128777,0.322234,,0.799922
OSDA,RealWorld -> Pamap2,PPOT,4,2,281.084,0.157997,0.868095,0.086907,0.274386,,0.835734
OSDA,RealWorld -> Pamap2,PPOT,4,3,280.248,0.194552,0.841420,0.109992,0.293361,,0.870378
OSDA,RealWorld -> Pamap2,PPOT,4,4,269.760,0.189954,0.828397,0.107276,0.289642,,0.866290
OSDA,RealWorld -> Pamap2,UniOT,4,0,871.448,0.657556,0.553455,0.809890,0.696277,,0.938692
OSDA,RealWorld -> Pamap2,UniOT,4,1,866.047,0.484899,0.359168,0.746068,0.597028,,0.902880
OSDA,RealWorld -> Pamap2,UniOT,4,2,963.791,0.459090,0.324932,0.781940,0.595694,,0.862982
OSDA,RealWorld -> Pamap2,UniOT,4,3,950.008,0.638591,0.534552,0.792916,0.693403,,0.887894
OSDA,RealWorld -> Pamap2,UniOT,4,4,937.171,0.560362,0.440244,0.770624,0.649701,,0.911250
OSDA,RealWorld -> Pamap2,UniJDOT,4,0,1301.599,0.665688,0.709725,0.626796,0.670354,,0.821915
OSDA,RealWorld -> Pamap2,UniJDOT,4,1,1190.297,0.430864,0.579920,0.342763,0.423165,,0.811211
OSDA,RealWorld -> Pamap2,UniJDOT,4,2,1361.567,0.517846,0.520269,0.515446,0.553496,,0.866680
OSDA,RealWorld -> Pamap2,UniJDOT,4,3,1358.478,0.605278,0.659105,0.559579,0.603413,,0.800311
OSDA,RealWorld -> Pamap2,UniJDOT,4,4,1347.402,0.552856,0.637681,0.487948,0.536117,,0.878552
OSDA,Pamap2 -> RealWorld,OSBP,2,0,30.962,0.000961,0.597673,0.000481,0.419174,,0.973223
OSDA,Pamap2 -> RealWorld,OSBP,2,1,32.188,0.001201,0.566622,0.000601,0.392442,,0.974146
OSDA,Pamap2 -> RealWorld,OSBP,2,2,32.003,0.000000,0.649170,0.000000,0.418580,,0.976916
OSDA,Pamap2 -> RealWorld,OSBP,2,3,35.231,0.002161,0.705474,0.001082,0.480950,,0.980609
OSDA,Pamap2 -> RealWorld,OSBP,2,4,33.223,0.002641,0.724967,0.001323,0.494902,,0.971376
OSDA,Pamap2 -> RealWorld,TSFA,2,0,71.595,0.352172,0.613923,0.246903,0.464709,,0.971376
OSDA,Pamap2 -> RealWorld,TSFA,2,1,68.542,0.415225,0.535609,0.339026,0.430101,,0.974146
OSDA,Pamap2 -> RealWorld,TSFA,2,2,65.960,0.424972,0.608011,0.326639,0.488253,,0.972299
OSDA,Pamap2 -> RealWorld,TSFA,2,3,66.204,0.382860,0.610986,0.278773,0.471795,,0.972299
OSDA,Pamap2 -> RealWorld,TSFA,2,4,65.211,0.358868,0.548693,0.266627,0.422575,,0.970452
OSDA,Pamap2 -> RealWorld,UDA,2,0,32.228,0.446021,0.516994,0.392183,0.513491,,0.966759
OSDA,Pamap2 -> RealWorld,UDA,2,1,30.833,0.435423,0.509708,0.380036,0.501722,,0.975993
OSDA,Pamap2 -> RealWorld,UDA,2,2,30.553,0.430170,0.474194,0.393626,0.473560,,0.969529
OSDA,Pamap2 -> RealWorld,UDA,2,3,35.497,0.425924,0.480183,0.382682,0.467616,,0.975069
OSDA,Pamap2 -> RealWorld,UDA,2,4,33.722,0.401689,0.539996,0.319784,0.505096,,0.975993
OSDA,Pamap2 -> RealWorld,OVANet,2,0,29.821,0.094030,0.810566,0.049910,0.575907,,0.979686
OSDA,Pamap2 -> RealWorld,OVANet,2,1,28.114,0.106817,0.774175,0.057366,0.547240,,0.985226
OSDA,Pamap2 -> RealWorld,OVANet,2,2,30.320,0.116402,0.798245,0.062778,0.574653,,0.983379
OSDA,Pamap2 -> RealWorld,OVANet,2,3,28.018,0.088084,0.694640,0.047023,0.488683,,0.983379
OSDA,Pamap2 -> RealWorld,OVANet,2,4,30.217,0.084374,0.812321,0.044498,0.572007,,0.982456
OSDA,Pamap2 -> RealWorld,DANCE,2,0,32.912,0.000000,0.000000,1.000000,0.093467,,0.975069
OSDA,Pamap2 -> RealWorld,DANCE,2,1,29.667,0.000000,0.000000,1.000000,0.093467,,0.979686
OSDA,Pamap2 -> RealWorld,DANCE,2,2,26.682,0.000000,0.000000,1.000000,0.093467,,0.979686
OSDA,Pamap2 -> RealWorld,DANCE,2,3,29.707,0.000000,0.000000,1.000000,0.093467,,0.979686
OSDA,Pamap2 -> RealWorld,DANCE,2,4,30.946,0.000000,0.000000,1.000000,0.093467,,0.980609
OSDA,Pamap2 -> RealWorld,PPOT,2,0,83.446,0.000000,0.000000,1.000000,0.093467,,0.977839
OSDA,Pamap2 -> RealWorld,PPOT,2,1,86.435,0.003275,0.001640,0.999759,0.096099,,0.981533
OSDA,Pamap2 -> RealWorld,PPOT,2,2,85.027,0.000000,0.000000,1.000000,0.093467,,0.983379
OSDA,Pamap2 -> RealWorld,PPOT,2,3,85.528,0.108076,0.057143,0.994588,0.158295,,0.981533
OSDA,Pamap2 -> RealWorld,PPOT,2,4,84.498,0.000000,0.000000,1.000000,0.093467,,0.980609
OSDA,Pamap2 -> RealWorld,RAINCOAT,2,0,70.937,0.287751,0.489033,0.203848,0.432702,,0.681440
OSDA,Pamap2 -> RealWorld,RAINCOAT,2,1,64.596,0.329192,0.364944,0.299820,0.324687,,0.743306
OSDA,Pamap2 -> RealWorld,RAINCOAT,2,2,59.465,0.262395,0.449895,0.185207,0.393117,,0.809788
OSDA,Pamap2 -> RealWorld,RAINCOAT,2,3,71.228,0.417072,0.372153,0.474324,0.402507,,0.822715
OSDA,Pamap2 -> RealWorld,RAINCOAT,2,4,57.311,0.285568,0.434179,0.212748,0.388362,,0.757156
OSDA,Pamap2 -> RealWorld,UniOT,2,0,156.490,0.402259,0.279344,0.718340,0.370119,,0.979686
OSDA,Pamap2 -> RealWorld,UniOT,2,1,155.840,0.487544,0.386496,0.660132,0.451268,,0.974146
OSDA,Pamap2 -> RealWorld,UniOT,2,2,156.680,0.438683,0.327866,0.662658,0.409682,,0.979686
OSDA,Pamap2 -> RealWorld,UniOT,2,3,141.939,0.457746,0.335762,0.718942,0.405915,,0.977839
OSDA,Pamap2 -> RealWorld,UniOT,2,4,143.226,0.502065,0.366584,0.796392,0.474078,,0.975069
OSDA,Pamap2 -> RealWorld,UniJDOT,2,0,228.921,0.354905,0.217738,0.959110,0.354005,,0.975993
OSDA,Pamap2 -> RealWorld,UniJDOT,2,1,228.975,0.297502,0.387030,0.241612,0.305159,,0.969529
OSDA,Pamap2 -> RealWorld,UniJDOT,2,2,220.839,0.629320,0.539500,0.755021,0.581737,,0.938135
OSDA,Pamap2 -> RealWorld,UniJDOT,2,3,228.459,0.392244,0.359947,0.430908,0.367182,,0.971376
OSDA,Pamap2 -> RealWorld,UniJDOT,2,4,233.250,0.151203,0.613389,0.086230,0.432268,,0.977839
UniDA,Pamap2 -> MHEALTH,UDA,1,0,43.122,0.317097,0.375691,0.274314,0.434693,,0.827768
UniDA,Pamap2 -> MHEALTH,UDA,1,1,42.667,0.241599,0.173726,0.396509,0.252550,,0.890334
UniDA,Pamap2 -> MHEALTH,UDA,1,0,40.757,0.317097,0.375691,0.274314,0.434693,,0.827768
UniDA,Pamap2 -> MHEALTH,UDA,1,1,41.640,0.241599,0.173726,0.396509,0.252550,,0.890334
UniDA,Pamap2 -> MHEALTH,UDA,1,2,41.918,0.267355,0.232658,0.314214,0.299588,,0.781019
UniDA,Pamap2 -> MHEALTH,UDA,1,3,43.574,0.203321,0.141805,0.359102,0.226091,,0.819684
UniDA,Pamap2 -> MHEALTH,UDA,1,4,43.264,0.108063,0.069368,0.244389,0.132187,,0.811951
UniDA,Pamap2 -> MHEALTH,OVANet,1,0,37.647,0.000000,0.000000,0.004988,0.001337,,0.903691
UniDA,Pamap2 -> MHEALTH,OVANet,1,1,37.053,0.000000,0.000000,0.012469,0.002466,,0.918102
UniDA,Pamap2 -> MHEALTH,OVANet,1,2,35.881,0.000000,0.000000,0.007481,0.001489,,0.929350
UniDA,Pamap2 -> MHEALTH,OVANet,1,3,36.497,0.000000,0.000000,0.007481,0.001570,,0.908612
UniDA,Pamap2 -> MHEALTH,OVANet,1,4,37.218,0.000000,0.000000,0.007481,0.001979,,0.906151
UniDA,Pamap2 -> MHEALTH,DANCE,1,0,37.471,0.000000,0.000000,0.992519,0.064761,,0.917399
UniDA,Pamap2 -> MHEALTH,DANCE,1,1,35.639,0.000000,0.000000,0.997506,0.065033,,0.906854
UniDA,Pamap2 -> MHEALTH,DANCE,1,2,36.858,0.000000,0.000000,1.000000,0.065169,,0.917047
UniDA,Pamap2 -> MHEALTH,DANCE,1,3,36.898,0.000000,0.000000,1.000000,0.066259,,0.920914
UniDA,Pamap2 -> MHEALTH,DANCE,1,4,36.475,0.000000,0.000000,1.000000,0.065169,,0.882601
UniDA,Pamap2 -> MHEALTH,PPOT,1,0,64.071,0.225299,0.127072,0.992519,0.211887,,0.810545
UniDA,Pamap2 -> MHEALTH,PPOT,1,1,66.572,0.000000,0.000000,0.970075,0.074895,,0.921617
UniDA,Pamap2 -> MHEALTH,PPOT,1,2,66.883,0.000000,0.000000,1.000000,0.080174,,0.796837
UniDA,Pamap2 -> MHEALTH,PPOT,1,3,66.356,0.056070,0.028852,0.990025,0.113828,,0.785589
UniDA,Pamap2 -> MHEALTH,PPOT,1,4,66.372,0.000000,0.000000,0.995012,0.073284,,0.771529
UniDA,Pamap2 -> MHEALTH,RAINCOAT,1,0,21.960,0.079688,0.250460,0.047382,0.254448,,0.613357
UniDA,Pamap2 -> MHEALTH,RAINCOAT,1,1,21.658,0.001225,0.000614,0.266833,0.049218,,0.639016
UniDA,Pamap2 -> MHEALTH,RAINCOAT,1,2,22.625,0.175503,0.120319,0.324190,0.163326,,0.657645
UniDA,Pamap2 -> MHEALTH,RAINCOAT,1,3,22.885,0.248362,0.188459,0.364090,0.218511,,0.725483
UniDA,Pamap2 -> MHEALTH,RAINCOAT,1,4,21.505,0.004920,0.182320,0.002494,0.139788,,0.671705
UniDA,Pamap2 -> MHEALTH,UniOT,1,0,235.067,0.000000,0.000000,0.321696,0.035540,,0.819332
UniDA,Pamap2 -> MHEALTH,UniOT,1,1,207.100,0.080406,0.042357,0.790524,0.145420,,0.923374
UniDA,Pamap2 -> MHEALTH,UniOT,1,2,266.227,0.048060,0.025169,0.531172,0.086323,,0.870299
UniDA,Pamap2 -> MHEALTH,UniOT,1,3,267.538,0.001227,0.000614,0.673317,0.061385,,0.821793
UniDA,Pamap2 -> MHEALTH,UniOT,1,4,262.487,0.048609,0.025783,0.423940,0.075223,,0.878032
UniDA,Pamap2 -> MHEALTH,UniJDOT,1,0,382.500,0.360368,0.225905,0.890274,0.282720,,0.846397
UniDA,Pamap2 -> MHEALTH,UniJDOT,1,1,374.388,0.286017,0.206262,0.466334,0.285253,,0.894200
UniDA,Pamap2 -> MHEALTH,UniJDOT,1,2,428.468,0.389950,0.249847,0.887781,0.294359,,0.828471
UniDA,Pamap2 -> MHEALTH,UniJDOT,1,3,567.905,0.370377,0.341928,0.403990,0.366183,,0.835149
UniDA,Pamap2 -> MHEALTH,UniJDOT,1,4,554.070,0.095804,0.050338,0.990025,0.162642,,0.874165
PDA,RealWorld -> Pamap2,RAINCOAT,1,0,49.629,0.000000,0.317551,0.000000,0.436832,,0.501468
PDA,RealWorld -> Pamap2,RAINCOAT,1,1,50.047,0.000000,0.419192,0.000000,0.492810,,0.386297
PDA,RealWorld -> Pamap2,RAINCOAT,1,2,50.497,0.000000,0.251052,0.000000,0.364240,,0.331158
PDA,RealWorld -> Pamap2,RAINCOAT,1,3,46.538,0.000000,0.236532,0.000000,0.333698,,0.424633
PDA,RealWorld -> Pamap2,RAINCOAT,1,4,52.723,0.000000,0.320286,0.000000,0.428607,,0.347635
PDA,RealWorld -> Pamap2,PDAAN,1,0,78.655,,,,0.815073,,0.821533
PDA,RealWorld -> Pamap2,PDAAN,1,1,83.421,,,,0.788302,,0.815987
PDA,RealWorld -> Pamap2,PDAAN,1,2,83.837,,,,0.822840,,0.866069
PDA,RealWorld -> Pamap2,PDAAN,1,3,75.561,,,,0.818237,,0.839315
PDA,RealWorld -> Pamap2,PDAAN,1,4,82.314,,,,0.769826,,0.873246
PDA,RealWorld -> Pamap2,SPADA,1,0,92.755,,,,0.803876,,0.835563
PDA,RealWorld -> Pamap2,SPADA,1,1,81.208,,,,0.813841,,0.835889
PDA,RealWorld -> Pamap2,SPADA,1,2,85.673,,,,0.815521,,0.882219
PDA,RealWorld -> Pamap2,SPADA,1,3,95.280,,,,0.803172,,0.816476
PDA,RealWorld -> Pamap2,SPADA,1,4,84.591,,,,0.819469,,0.818760
PDA,RealWorld -> Pamap2,UDA,1,0,154.039,0.000000,0.453072,0.000000,0.574301,,0.832463
PDA,RealWorld -> Pamap2,UDA,1,1,152.411,0.000000,0.495581,0.000000,0.622763,,0.824144
PDA,RealWorld -> Pamap2,UDA,1,2,154.470,0.000000,0.468855,0.000000,0.577478,,0.877977
PDA,RealWorld -> Pamap2,UDA,1,3,151.754,0.000000,0.459596,0.000000,0.590144,,0.864111
PDA,RealWorld -> Pamap2,UDA,1,4,148.581,0.000000,0.533880,0.000000,0.668500,,0.827406
PDA,RealWorld -> Pamap2,OVANet,1,0,118.174,0.000000,0.595960,0.000000,0.527122,,0.854976
PDA,RealWorld -> Pamap2,OVANet,1,1,123.595,0.000000,0.595328,0.000000,0.522946,,0.851713
PDA,RealWorld -> Pamap2,OVANet,1,2,134.153,0.000000,0.581229,0.000000,0.520231,,0.880424
PDA,RealWorld -> Pamap2,OVANet,1,3,130.285,0.000000,0.387837,0.000000,0.355938,,0.809951
PDA,RealWorld -> Pamap2,OVANet,1,4,131.998,0.000000,0.578493,0.000000,0.578788,,0.854812
PDA,RealWorld -> Pamap2,DANCE,1,0,139.430,0.000000,0.000000,0.000000,0.000000,,0.161501
PDA,RealWorld -> Pamap2,DANCE,1,1,152.828,0.000000,0.000000,0.000000,0.000000,,0.161501
PDA,RealWorld -> Pamap2,DANCE,1,2,148.199,0.000000,0.101010,0.000000,0.162467,,0.826917
PDA,RealWorld -> Pamap2,DANCE,1,3,148.231,0.000000,0.000000,0.000000,0.000000,,0.161501
PDA,RealWorld -> Pamap2,DANCE,1,4,148.187,0.000000,0.052609,0.000000,0.089805,,0.829527
PDA,RealWorld -> Pamap2,PPOT,1,0,301.835,0.000000,0.496002,0.000000,0.611602,,0.859380
PDA,RealWorld -> Pamap2,PPOT,1,1,301.526,0.000000,0.297769,0.000000,0.367647,,0.845024
PDA,RealWorld -> Pamap2,PPOT,1,2,331.813,0.000000,0.414773,0.000000,0.539878,,0.870147
PDA,RealWorld -> Pamap2,PPOT,1,3,287.295,0.000000,0.467382,0.000000,0.582799,,0.815987
PDA,RealWorld -> Pamap2,PPOT,1,4,294.820,0.000000,0.499790,0.000000,0.617147,,0.845351
PDA,RealWorld -> Pamap2,UniOT,1,0,701.444,0.000000,0.383418,0.000000,0.484474,,0.844209
PDA,RealWorld -> Pamap2,UniOT,1,1,806.300,0.000000,0.448232,0.000000,0.544067,,0.823491
PDA,RealWorld -> Pamap2,UniOT,1,2,1025.553,0.000000,0.400042,0.000000,0.538448,,0.838499
PDA,RealWorld -> Pamap2,UniOT,1,3,1035.224,0.000000,0.491162,0.000000,0.587902,,0.842088
PDA,RealWorld -> Pamap2,UniOT,1,4,1076.045,0.000000,0.417508,0.000000,0.527114,,0.847635
PDA,RealWorld -> Pamap2,UniJDOT,1,0,1672.817,0.000000,0.577441,0.000000,0.647239,,0.811256
PDA,RealWorld -> Pamap2,UniJDOT,1,1,1521.835,0.000000,0.720328,0.000000,0.795089,,0.857749
PDA,RealWorld -> Pamap2,UniJDOT,1,2,1491.235,0.000000,0.430766,0.000000,0.538052,,0.855139
PDA,RealWorld -> Pamap2,UniJDOT,1,3,1775.386,0.000000,0.581650,0.000000,0.649888,,0.834095
PDA,RealWorld -> Pamap2,UniJDOT,1,4,1795.268,0.000000,0.457912,0.000000,0.575908,,0.872920
PDA,Pamap2 -> MHEALTH,PDAAN,1,0,30.870,,,,0.043768,,0.727241
PDA,Pamap2 -> MHEALTH,PDAAN,1,1,29.880,,,,0.043871,,0.723023
PDA,Pamap2 -> MHEALTH,PDAAN,1,2,30.558,,,,0.040001,,0.690334
PDA,Pamap2 -> MHEALTH,PDAAN,1,3,26.501,,,,0.109374,,0.733919
PDA,Pamap2 -> MHEALTH,PDAAN,1,4,32.093,,,,0.000000,,0.667135
PDA,Pamap2 -> MHEALTH,SPADA,1,0,33.511,,,,0.312880,,0.895606
PDA,Pamap2 -> MHEALTH,SPADA,1,1,34.854,,,,0.273050,,0.897012
PDA,Pamap2 -> MHEALTH,SPADA,1,2,33.519,,,,0.249795,,0.927944
PDA,Pamap2 -> MHEALTH,SPADA,1,3,33.575,,,,0.362645,,0.932865
PDA,Pamap2 -> MHEALTH,SPADA,1,4,28.503,,,,0.178065,,0.927241
PDA,Pamap2 -> MHEALTH,UDA,1,0,59.559,0.000000,0.046296,0.000000,0.077973,,0.894552
PDA,Pamap2 -> MHEALTH,UDA,1,1,56.142,0.000000,0.069136,0.000000,0.095270,,0.856591
PDA,Pamap2 -> MHEALTH,UDA,1,2,56.835,0.000000,0.143210,0.000000,0.226900,,0.797540
PDA,Pamap2 -> MHEALTH,UDA,1,3,55.293,0.000000,0.177160,0.000000,0.278690,,0.780668
PDA,Pamap2 -> MHEALTH,UDA,1,4,56.617,0.000000,0.104938,0.000000,0.182265,,0.753954
PDA,Pamap2 -> MHEALTH,OVANet,1,0,48.438,0.000000,0.000000,0.000000,0.000000,,0.907206
PDA,Pamap2 -> MHEALTH,OVANet,1,1,46.214,0.000000,0.000000,0.000000,0.000000,,0.912830
PDA,Pamap2 -> MHEALTH,OVANet,1,2,46.002,0.000000,0.000000,0.000000,0.000000,,0.928295
PDA,Pamap2 -> MHEALTH,OVANet,1,3,44.682,0.000000,0.000000,0.000000,0.000000,,0.908612
PDA,Pamap2 -> MHEALTH,OVANet,1,4,46.784,0.000000,0.000000,0.000000,0.000000,,0.917047
PDA,Pamap2 -> MHEALTH,DANCE,1,0,47.587,0.000000,0.000000,0.000000,0.000000,,0.924077
PDA,Pamap2 -> MHEALTH,DANCE,1,1,47.543,0.000000,0.000000,0.000000,0.000000,,0.913532
PDA,Pamap2 -> MHEALTH,DANCE,1,2,48.573,0.000000,0.000000,0.000000,0.000000,,0.926889
PDA,Pamap2 -> MHEALTH,DANCE,1,3,45.991,0.000000,0.000000,0.000000,0.000000,,0.910369
PDA,Pamap2 -> MHEALTH,DANCE,1,4,44.817,0.000000,0.000000,0.000000,0.000000,,0.912478
PDA,Pamap2 -> MHEALTH,PPOT,1,0,81.354,0.000000,0.000000,0.000000,0.000000,,0.785589
PDA,Pamap2 -> MHEALTH,PPOT,1,1,80.568,0.000000,0.000000,0.000000,0.000000,,0.820387
PDA,Pamap2 -> MHEALTH,PPOT,1,2,82.717,0.000000,0.000000,0.000000,0.000000,,0.794376
PDA,Pamap2 -> MHEALTH,PPOT,1,3,81.540,0.000000,0.000000,0.000000,0.000000,,0.790510
PDA,Pamap2 -> MHEALTH,PPOT,1,4,83.644,0.000000,0.000000,0.000000,0.000000,,0.793673
PDA,Pamap2 -> MHEALTH,RAINCOAT,1,0,22.489,0.000000,0.184568,0.000000,0.169718,,0.819332
PDA,Pamap2 -> MHEALTH,RAINCOAT,1,1,21.870,0.000000,0.250000,0.000000,0.292032,,0.721968
PDA,Pamap2 -> MHEALTH,RAINCOAT,1,2,26.008,0.000000,0.147531,0.000000,0.184702,,0.557469
PDA,Pamap2 -> MHEALTH,RAINCOAT,1,3,24.172,0.000000,0.196914,0.000000,0.247715,,0.663620
PDA,Pamap2 -> MHEALTH,RAINCOAT,1,4,23.234,0.000000,0.146914,0.000000,0.208332,,0.608436
PDA,Pamap2 -> MHEALTH,UniOT,1,0,291.464,0.000000,0.034568,0.000000,0.062442,,0.846749
PDA,Pamap2 -> MHEALTH,UniOT,1,1,257.661,0.000000,0.000000,0.000000,0.000000,,0.869244
PDA,Pamap2 -> MHEALTH,UniOT,1,2,313.417,0.000000,0.024074,0.000000,0.043957,,0.829877
PDA,Pamap2 -> MHEALTH,UniOT,1,3,311.362,0.000000,0.011728,0.000000,0.022415,,0.803866
PDA,Pamap2 -> MHEALTH,UniOT,1,4,302.941,0.000000,0.009259,0.000000,0.018115,,0.792619
PDA,Pamap2 -> MHEALTH,UniJDOT,1,0,523.241,0.000000,0.282716,0.000000,0.295066,,0.831986
PDA,Pamap2 -> MHEALTH,UniJDOT,1,1,607.470,0.000000,0.438272,0.000000,0.469196,,0.856942
PDA,Pamap2 -> MHEALTH,UniJDOT,1,2,692.737,0.000000,0.273457,0.000000,0.293669,,0.821441
PDA,Pamap2 -> MHEALTH,UniJDOT,1,3,679.739,0.000000,0.356790,0.000000,0.398967,,0.843234
PDA,Pamap2 -> MHEALTH,UniJDOT,1,4,712.174,0.000000,0.303086,0.000000,0.334104,,0.910018
UniDA,RealWorld -> Pamap2,RAINCOAT,2,0,114.460,0.136445,0.204073,0.102483,0.162968,,0.518049
UniDA,RealWorld -> Pamap2,RAINCOAT,2,1,122.044,0.153976,0.309469,0.102483,0.179131,,0.439519
UniDA,RealWorld -> Pamap2,RAINCOAT,2,2,124.883,0.126792,0.167751,0.101909,0.156307,,0.537999
UniDA,RealWorld -> Pamap2,RAINCOAT,2,3,126.134,0.113332,0.066975,0.368164,0.281390,,0.552090
UniDA,RealWorld -> Pamap2,RAINCOAT,2,4,128.925,0.275324,0.376024,0.217167,0.268265,,0.467226
UniDA,RealWorld -> Pamap2,UDA,2,0,170.729,0.405552,0.498635,0.341754,0.431575,,0.848322
UniDA,RealWorld -> Pamap2,UDA,2,1,161.873,0.454849,0.534747,0.395723,0.489669,,0.825681
UniDA,RealWorld -> Pamap2,OVANet,2,0,145.459,0.509392,0.348940,0.943017,0.618503,,0.815864
UniDA,RealWorld -> Pamap2,OVANet,2,1,143.665,0.080269,0.564980,0.043204,0.195727,,0.813331
UniDA,RealWorld -> Pamap2,OVANet,2,2,149.051,0.335711,0.301071,0.379360,0.378230,,0.751583
UniDA,RealWorld -> Pamap2,OVANet,2,3,156.310,0.355806,0.258451,0.570834,0.445322,,0.826631
UniDA,RealWorld -> Pamap2,OVANet,2,4,147.883,0.429523,0.528029,0.361992,0.412642,,0.808265
UniDA,RealWorld -> Pamap2,DANCE,2,0,151.680,0.119299,0.063615,0.956796,0.482510,,0.855605
UniDA,RealWorld -> Pamap2,DANCE,2,1,139.819,0.057054,0.029393,0.968135,0.459207,,0.836130
UniDA,RealWorld -> Pamap2,DANCE,2,2,143.950,0.076525,0.039891,0.937419,0.458435,,0.809056
UniDA,RealWorld -> Pamap2,DANCE,2,3,143.215,0.073796,0.038421,0.930817,0.453728,,0.823306
UniDA,RealWorld -> Pamap2,DANCE,2,4,149.526,0.087371,0.045769,0.959523,0.469428,,0.846263
UniDA,RealWorld -> Pamap2,PPOT,2,0,330.394,0.490309,0.419693,0.589493,0.582936,,0.827106
UniDA,RealWorld -> Pamap2,PPOT,2,1,305.842,0.396029,0.280286,0.674609,0.558385,,0.837714
UniDA,RealWorld -> Pamap2,PPOT,2,2,300.938,0.550350,0.479110,0.646476,0.645698,,0.799082
UniDA,RealWorld -> Pamap2,PPOT,2,3,316.365,0.413342,0.366996,0.473087,0.527142,,0.814756
UniDA,RealWorld -> Pamap2,PPOT,2,4,305.710,0.457207,0.358807,0.629970,0.575347,,0.762825
UniDA,RealWorld -> Pamap2,UniOT,2,0,636.904,0.000000,0.000000,1.000000,0.442641,,0.850538
UniDA,RealWorld -> Pamap2,UniOT,2,1,1088.279,0.671341,0.596263,0.768049,0.683904,,0.856238
UniDA,RealWorld -> Pamap2,UniOT,2,2,686.902,0.000000,0.000000,1.000000,0.442641,,0.854338
UniDA,RealWorld -> Pamap2,UniOT,2,3,683.833,0.000000,0.000000,1.000000,0.442641,,0.849747
UniDA,RealWorld -> Pamap2,UniOT,2,4,1151.460,0.652556,0.576947,0.750969,0.658221,,0.872071
UniDA,RealWorld -> Pamap2,UniJDOT,2,0,1744.406,0.673733,0.621457,0.735611,0.691872,,0.832647
UniDA,RealWorld -> Pamap2,UniJDOT,2,1,1685.936,0.490366,0.358598,0.775226,0.569828,,0.825681
UniDA,RealWorld -> Pamap2,UniJDOT,2,2,1653.786,0.525932,0.415914,0.715085,0.563623,,0.826947
UniDA,RealWorld -> Pamap2,UniJDOT,2,3,1687.948,0.724428,0.754776,0.696426,0.726910,,0.846105
UniDA,RealWorld -> Pamap2,UniJDOT,2,4,1731.973,0.581091,0.723704,0.485431,0.596101,,0.871596
OSDA,MHEALTH -> Pamap2,OSBP,2,0,9.450,0.129502,0.192356,0.097607,0.139244,,0.996914
OSDA,MHEALTH -> Pamap2,OSBP,2,1,8.420,0.310311,0.486350,0.227841,0.350244,,0.950617
OSDA,MHEALTH -> Pamap2,OSBP,2,2,8.208,0.258301,0.785384,0.154568,0.353388,,0.993827
OSDA,MHEALTH -> Pamap2,OSBP,2,3,8.325,0.321348,0.471441,0.243747,0.355885,,0.993827
OSDA,MHEALTH -> Pamap2,OSBP,2,4,9.717,0.350464,0.505460,0.268216,0.396243,,0.972222
OSDA,MHEALTH -> Pamap2,TSFA,2,0,21.591,0.336059,0.399832,0.289831,0.347356,,0.996914
OSDA,MHEALTH -> Pamap2,TSFA,2,1,19.968,0.336705,0.410332,0.285481,0.348487,,1.000000
OSDA,MHEALTH -> Pamap2,TSFA,2,2,20.486,0.347939,0.425451,0.294318,0.362541,,0.996914
OSDA,MHEALTH -> Pamap2,TSFA,2,3,20.133,0.327355,0.382402,0.286161,0.340032,,0.996914
OSDA,MHEALTH -> Pamap2,TSFA,2,4,20.341,0.347288,0.451701,0.282083,0.355016,,0.996914
OSDA,MHEALTH -> Pamap2,UDA,2,0,10.914,0.377886,0.327803,0.446030,0.432669,,0.956790
OSDA,MHEALTH -> Pamap2,UDA,2,1,11.206,0.461152,0.493070,0.433116,0.465695,,0.993827
OSDA,MHEALTH -> Pamap2,UDA,2,2,10.942,0.330265,0.327383,0.333197,0.351449,,0.870370
OSDA,MHEALTH -> Pamap2,UDA,2,3,11.502,0.278540,0.210626,0.411093,0.366776,,0.953704
OSDA,MHEALTH -> Pamap2,UDA,2,4,10.541,0.374482,0.363923,0.385672,0.402597,,0.996914
OSDA,MHEALTH -> Pamap2,OVANet,2,0,10.063,0.353887,0.740865,0.232463,0.412205,,0.996914
OSDA,MHEALTH -> Pamap2,OVANet,2,1,8.835,0.350239,0.326333,0.377923,0.376345,,0.996914
OSDA,MHEALTH -> Pamap2,OVANet,2,2,9.133,0.415319,0.714826,0.292686,0.447853,,0.996914
OSDA,MHEALTH -> Pamap2,OVANet,2,3,9.648,0.383843,0.464721,0.326944,0.421897,,0.996914
OSDA,MHEALTH -> Pamap2,OVANet,2,4,9.821,0.212762,0.543469,0.132273,0.265145,,0.996914
OSDA,MHEALTH -> Pamap2,DANCE,2,0,10.696,0.000000,0.000000,1.000000,0.458593,,0.996914
OSDA,MHEALTH -> Pamap2,DANCE,2,1,9.497,0.000000,0.000000,1.000000,0.458593,,0.990741
OSDA,MHEALTH -> Pamap2,DANCE,2,2,10.117,0.000000,0.000000,1.000000,0.458593,,0.996914
OSDA,MHEALTH -> Pamap2,DANCE,2,3,10.118,0.000000,0.000000,1.000000,0.458593,,0.990741
OSDA,MHEALTH -> Pamap2,DANCE,2,4,10.337,0.000000,0.000000,1.000000,0.458593,,0.996914
OSDA,MHEALTH -> Pamap2,PPOT,2,0,27.767,0.000000,0.000000,1.000000,0.458593,,0.987654
OSDA,MHEALTH -> Pamap2,PPOT,2,1,26.827,0.000000,0.000000,1.000000,0.458593,,0.978395
OSDA,MHEALTH -> Pamap2,PPOT,2,2,26.615,0.000000,0.000000,1.000000,0.458593,,0.990741
OSDA,MHEALTH -> Pamap2,PPOT,2,3,27.233,0.000000,0.000000,1.000000,0.458593,,0.987654
OSDA,MHEALTH -> Pamap2,PPOT,2,4,26.271,0.000000,0.000000,1.000000,0.458593,,0.993827
OSDA,MHEALTH -> Pamap2,RAINCOAT,2,0,28.347,0.162820,0.140067,0.194399,0.196259,,0.870370
OSDA,MHEALTH -> Pamap2,RAINCOAT,2,1,30.654,0.199403,0.193616,0.205546,0.230603,,0.487654
OSDA,MHEALTH -> Pamap2,RAINCOAT,2,2,18.693,0.134577,0.152247,0.120582,0.140891,,0.870370
OSDA,MHEALTH -> Pamap2,RAINCOAT,2,3,18.983,0.276414,0.182276,0.571642,0.453824,,0.817901
OSDA,MHEALTH -> Pamap2,RAINCOAT,2,4,18.398,0.157710,0.103108,0.335237,0.266360,,0.737654
OSDA,MHEALTH -> Pamap2,UniOT,2,0,55.798,0.238012,0.138597,0.841898,0.479899,,1.000000
OSDA,MHEALTH -> Pamap2,UniOT,2,1,50.283,0.270968,0.169467,0.675639,0.440899,,1.000000
OSDA,MHEALTH -> Pamap2,UniOT,2,2,52.042,0.339427,0.222176,0.718733,0.492326,,1.000000
OSDA,MHEALTH -> Pamap2,UniOT,2,3,51.534,0.337710,0.225115,0.675639,0.478806,,1.000000
OSDA,MHEALTH -> Pamap2,UniOT,2,4,52.979,0.351175,0.258925,0.545541,0.414640,,1.000000
OSDA,MHEALTH -> Pamap2,UniJDOT,2,0,100.917,0.287373,0.237085,0.364736,0.345173,,0.996914
OSDA,MHEALTH -> Pamap2,UniJDOT,2,1,98.800,0.143777,0.079588,0.743067,0.470473,,0.996914
OSDA,MHEALTH -> Pamap2,UniJDOT,2,2,87.370,0.473858,0.372533,0.650897,0.515144,,0.996914
OSDA,MHEALTH -> Pamap2,UniJDOT,2,3,91.151,0.465058,0.428601,0.508293,0.517282,,0.993827
OSDA,MHEALTH -> Pamap2,UniJDOT,2,4,112.113,0.179201,0.131877,0.279500,0.277759,,0.996914
OSDA,MHEALTH -> RealWorld,OSBP,1,0,13.444,0.093219,0.721343,0.049829,0.594345,,0.882716
OSDA,MHEALTH -> RealWorld,OSBP,1,1,13.070,0.288915,0.498417,0.203413,0.453368,,0.966049
OSDA,MHEALTH -> RealWorld,OSBP,1,2,12.442,0.057366,0.760786,0.029807,0.618004,,0.836420
OSDA,MHEALTH -> RealWorld,OSBP,1,3,11.972,0.421468,0.532901,0.348578,0.509874,,0.987654
OSDA,MHEALTH -> RealWorld,OSBP,1,4,11.406,0.424109,0.536029,0.350853,0.508616,,0.966049
OSDA,MHEALTH -> RealWorld,TSFA,1,0,24.040,0.504452,0.722563,0.387486,0.677310,,1.000000
OSDA,MHEALTH -> RealWorld,TSFA,1,1,21.240,0.494347,0.670914,0.391354,0.620725,,1.000000
OSDA,MHEALTH -> RealWorld,TSFA,1,2,22.196,0.458302,0.743277,0.331286,0.692775,,1.000000
OSDA,MHEALTH -> RealWorld,TSFA,1,3,23.463,0.395710,0.728171,0.271672,0.678154,,0.996914
OSDA,MHEALTH -> RealWorld,TSFA,1,4,24.768,0.356360,0.697082,0.239363,0.642792,,0.996914
OSDA,MHEALTH -> RealWorld,UDA,1,0,13.671,0.449139,0.586725,0.363823,0.599912,,0.993827
OSDA,MHEALTH -> RealWorld,UDA,1,1,13.486,0.337526,0.290139,0.403413,0.324156,,0.993827
OSDA,MHEALTH -> RealWorld,UDA,1,2,13.202,0.327783,0.296281,0.366780,0.314621,,0.987654
OSDA,MHEALTH -> RealWorld,UDA,1,3,13.325,0.381583,0.430479,0.342662,0.445475,,0.996914
OSDA,MHEALTH -> RealWorld,UDA,1,4,13.415,0.336511,0.330154,0.343117,0.339910,,0.993827
OSDA,MHEALTH -> RealWorld,OVANet,1,0,12.405,0.312290,0.239100,0.450057,0.265715,,0.993827
OSDA,MHEALTH -> RealWorld,OVANet,1,1,11.653,0.298828,0.270647,0.333561,0.273765,,0.996914
OSDA,MHEALTH -> RealWorld,OVANet,1,2,11.969,0.290439,0.475339,0.209101,0.436090,,0.996914
OSDA,MHEALTH -> RealWorld,OVANet,1,3,12.036,0.324219,0.253519,0.449602,0.268519,,0.993827
OSDA,MHEALTH -> RealWorld,OVANet,1,4,11.861,0.199177,0.358573,0.137884,0.306182,,0.993827
OSDA,MHEALTH -> RealWorld,DANCE,1,0,12.093,0.000000,0.000000,1.000000,0.036054,,0.996914
OSDA,MHEALTH -> RealWorld,DANCE,1,1,10.585,0.000000,0.000000,1.000000,0.036054,,0.993827
OSDA,MHEALTH -> RealWorld,DANCE,1,2,10.576,0.000000,0.000000,1.000000,0.036054,,0.996914
OSDA,MHEALTH -> RealWorld,DANCE,1,3,10.409,0.000000,0.000000,1.000000,0.036054,,0.990741
OSDA,MHEALTH -> RealWorld,DANCE,1,4,10.502,0.000000,0.000000,1.000000,0.036054,,0.993827
OSDA,MHEALTH -> RealWorld,PPOT,1,0,44.508,0.000000,0.000000,1.000000,0.036054,,0.984568
OSDA,MHEALTH -> RealWorld,PPOT,1,1,43.190,0.000000,0.000000,1.000000,0.036054,,0.953704
OSDA,MHEALTH -> RealWorld,PPOT,1,2,41.641,0.000000,0.000000,1.000000,0.036054,,0.987654
OSDA,MHEALTH -> RealWorld,PPOT,1,3,41.977,0.000000,0.000000,1.000000,0.036054,,0.932099
OSDA,MHEALTH -> RealWorld,PPOT,1,4,40.505,0.000000,0.000000,1.000000,0.036054,,0.969136
OSDA,MHEALTH -> RealWorld,RAINCOAT,1,0,32.749,0.287281,0.174023,0.822753,0.257858,,0.787037
OSDA,MHEALTH -> RealWorld,RAINCOAT,1,1,30.613,0.100928,0.554377,0.055518,0.454560,,0.496914
OSDA,MHEALTH -> RealWorld,RAINCOAT,1,2,22.158,0.128297,0.271867,0.083959,0.248214,,0.626543
OSDA,MHEALTH -> RealWorld,RAINCOAT,1,3,28.184,0.153607,0.313675,0.101706,0.285320,,0.626543
OSDA,MHEALTH -> RealWorld,RAINCOAT,1,4,24.448,0.054683,0.446729,0.029124,0.340482,,0.574074
OSDA,MHEALTH -> RealWorld,UniOT,1,0,39.965,0.417160,0.268968,0.929010,0.285731,,0.993827
OSDA,MHEALTH -> RealWorld,UniOT,1,1,39.449,0.090729,0.054663,0.266667,0.066980,,0.996914
OSDA,MHEALTH -> RealWorld,UniOT,1,2,40.288,0.221865,0.128056,0.829579,0.172444,,1.000000
OSDA,MHEALTH -> RealWorld,UniOT,1,3,42.608,0.437953,0.296014,0.841411,0.315882,,0.993827
OSDA,MHEALTH -> RealWorld,UniOT,1,4,37.758,0.468758,0.325386,0.837998,0.358930,,0.993827
OSDA,MHEALTH -> RealWorld,UniJDOT,1,0,69.563,0.145115,0.131566,0.161775,0.116581,,0.996914
OSDA,MHEALTH -> RealWorld,UniJDOT,1,1,71.873,0.417984,0.367576,0.484414,0.390804,,0.996914
OSDA,MHEALTH -> RealWorld,UniJDOT,1,2,67.699,0.585887,0.581842,0.589989,0.597401,,0.993827
OSDA,MHEALTH -> RealWorld,UniJDOT,1,3,73.740,0.572136,0.410833,0.941980,0.454427,,0.895062
OSDA,MHEALTH -> RealWorld,UniJDOT,1,4,66.382,0.262426,0.152050,0.957452,0.237600,,1.000000
UniDA,RealWorld -> Pamap2,RAINCOAT,4,0,160.903,0.160192,0.139887,0.187394,0.242443,,0.372061
UniDA,RealWorld -> Pamap2,RAINCOAT,4,1,143.980,0.245966,0.238185,0.254272,0.281528,,0.355879
UniDA,RealWorld -> Pamap2,RAINCOAT,4,2,153.292,0.159767,0.119933,0.239221,0.245497,,0.410128
UniDA,RealWorld -> Pamap2,RAINCOAT,4,3,140.774,0.093345,0.105440,0.083739,0.126335,,0.445518
UniDA,RealWorld -> Pamap2,RAINCOAT,4,4,147.774,0.261633,0.252678,0.271246,0.290698,,0.363562
UniDA,RealWorld -> Pamap2,OVANet,4,0,173.919,0.174369,0.095778,0.971710,0.551243,,0.713737
UniDA,RealWorld -> Pamap2,OVANet,4,1,180.475,0.043137,0.022054,0.978952,0.521170,,0.751572
UniDA,RealWorld -> Pamap2,OVANet,4,2,181.654,0.062210,0.032136,0.969673,0.525006,,0.693946
UniDA,RealWorld -> Pamap2,OVANet,4,3,185.685,0.041112,0.021004,0.964241,0.514944,,0.721886
UniDA,RealWorld -> Pamap2,OVANet,4,4,183.936,0.001679,0.000840,0.978160,0.506105,,0.689406
UniDA,RealWorld -> Pamap2,DANCE,4,0,189.785,0.000000,0.000000,0.000000,0.000000,,0.116298
UniDA,RealWorld -> Pamap2,DANCE,4,1,191.499,0.084044,0.043898,0.983252,0.540286,,0.705821
UniDA,RealWorld -> Pamap2,DANCE,4,2,193.363,0.220124,0.124134,0.970918,0.582005,,0.723516
UniDA,RealWorld -> Pamap2,DANCE,4,3,190.348,0.035466,0.018063,0.969673,0.516544,,0.714901
UniDA,RealWorld -> Pamap2,DANCE,4,4,186.476,0.000000,0.000000,0.000000,0.000000,,0.116298
UniDA,RealWorld -> Pamap2,PPOT,4,0,380.000,0.532992,0.430792,0.698767,0.667520,,0.696857
UniDA,RealWorld -> Pamap2,PPOT,4,1,437.604,0.494961,0.380592,0.707593,0.652528,,0.742957
UniDA,RealWorld -> Pamap2,PPOT,4,2,401.212,0.691425,0.603445,0.809438,0.744089,,0.701048
UniDA,RealWorld -> Pamap2,PPOT,4,3,444.257,0.581518,0.480781,0.735657,0.691734,,0.664726
UniDA,RealWorld -> Pamap2,PPOT,4,4,432.662,0.457509,0.336484,0.714496,0.615383,,0.658324
UniDA,RealWorld -> Pamap2,UniOT,4,0,1445.202,0.637558,0.516278,0.833314,0.688195,,0.706403
UniDA,RealWorld -> Pamap2,UniOT,4,1,1338.583,0.000000,0.000000,1.000000,0.511963,,0.736671
UniDA,RealWorld -> Pamap2,UniOT,4,2,1418.838,0.531760,0.391514,0.828562,0.686477,,0.721770
UniDA,RealWorld -> Pamap2,UniOT,4,3,838.816,0.000000,0.000000,1.000000,0.511963,,0.711409
UniDA,RealWorld -> Pamap2,UniOT,4,4,1408.950,0.535622,0.380382,0.904945,0.681180,,0.724331
UniDA,RealWorld -> Pamap2,UniJDOT,4,0,2578.978,0.684726,0.594413,0.807401,0.751605,,0.687893
UniDA,RealWorld -> Pamap2,UniJDOT,4,1,1810.245,0.670103,0.596723,0.764060,0.716424,,0.703958
UniDA,RealWorld -> Pamap2,UniJDOT,4,2,1643.245,0.513211,0.374291,0.816114,0.644123,,0.679511
UniDA,RealWorld -> Pamap2,UniJDOT,4,3,1394.229,0.618772,0.588742,0.652031,0.665321,,0.682654
UniDA,RealWorld -> Pamap2,UniJDOT,4,4,1358.291,0.650221,0.516278,0.878013,0.724473,,0.715832
OSDA,RealWorld -> Pamap2,RAINCOAT,3,0,172.271,0.160262,0.120487,0.239238,0.233647,,0.572207
OSDA,RealWorld -> Pamap2,RAINCOAT,3,1,173.717,0.291010,0.300588,0.282025,0.291386,,0.468859
OSDA,RealWorld -> Pamap2,RAINCOAT,3,2,164.448,0.180244,0.263014,0.137099,0.180878,,0.530946
OSDA,RealWorld -> Pamap2,RAINCOAT,3,3,174.365,0.252417,0.236566,0.270545,0.266311,,0.580381
OSDA,RealWorld -> Pamap2,RAINCOAT,3,4,175.709,0.310421,0.331234,0.292069,0.293951,,0.409109
OSDA,RealWorld -> Pamap2,OSBP,3,0,158.371,0.712470,0.648195,0.790895,0.738701,,0.791942
OSDA,RealWorld -> Pamap2,OSBP,3,1,163.448,0.725407,0.687028,0.768328,0.743338,,0.732192
OSDA,RealWorld -> Pamap2,OSBP,3,2,160.431,0.676378,0.555835,0.863684,0.736808,,0.759634
OSDA,RealWorld -> Pamap2,OSBP,3,3,157.522,0.712786,0.651553,0.786721,0.740757,,0.758466
OSDA,RealWorld -> Pamap2,OSBP,3,4,156.563,0.715150,0.672964,0.762979,0.732695,,0.816271
OSDA,RealWorld -> Pamap2,TSFA,3,0,309.789,0.245358,0.328505,0.195800,0.269550,,0.877579
OSDA,RealWorld -> Pamap2,TSFA,3,1,307.023,0.370011,0.545550,0.279937,0.386840,,0.906773
OSDA,RealWorld -> Pamap2,TSFA,3,2,313.457,0.411700,0.704870,0.290764,0.448686,,0.867069
OSDA,RealWorld -> Pamap2,TSFA,3,3,302.967,0.360642,0.575567,0.262588,0.390514,,0.923511
OSDA,RealWorld -> Pamap2,TSFA,3,4,305.162,0.361848,0.593619,0.260240,0.396247,,0.923706
OSDA,RealWorld -> Pamap2,UDA,3,0,154.371,0.380148,0.585222,0.281503,0.396295,,0.914558
OSDA,RealWorld -> Pamap2,UDA,3,1,153.269,0.385174,0.567380,0.291547,0.399396,,0.892371
OSDA,RealWorld -> Pamap2,UDA,3,2,155.424,0.422390,0.504198,0.363423,0.431224,,0.925263
OSDA,RealWorld -> Pamap2,UDA,3,3,158.938,0.426976,0.577666,0.338638,0.436626,,0.869210
OSDA,RealWorld -> Pamap2,UDA,3,4,157.171,0.374895,0.583543,0.276154,0.394486,,0.903464
OSDA,RealWorld -> Pamap2,OVANet,3,0,134.833,0.370959,0.859782,0.236499,0.459906,,0.869404
OSDA,RealWorld -> Pamap2,OVANet,3,1,130.950,0.271260,0.570529,0.177929,0.291633,,0.831257
OSDA,RealWorld -> Pamap2,OVANet,3,2,127.206,0.043600,0.484047,0.022828,0.154226,,0.852666
OSDA,RealWorld -> Pamap2,OVANet,3,3,130.236,0.519145,0.592569,0.461910,0.507811,,0.854807
OSDA,RealWorld -> Pamap2,OVANet,3,4,130.289,0.057321,0.586482,0.030133,0.160956,,0.832814
OSDA,RealWorld -> Pamap2,DANCE,3,0,134.346,0.309645,0.186608,0.908949,0.554118,,0.859673
OSDA,RealWorld -> Pamap2,DANCE,3,1,135.209,0.207238,0.116499,0.937255,0.531538,,0.877384
OSDA,RealWorld -> Pamap2,DANCE,3,2,133.888,0.172495,0.095298,0.908166,0.504430,,0.857727
OSDA,RealWorld -> Pamap2,DANCE,3,3,125.215,0.083097,0.043661,0.858857,0.456470,,0.871545
OSDA,RealWorld -> Pamap2,DANCE,3,4,125.047,0.065920,0.034215,0.898643,0.464404,,0.859089
OSDA,RealWorld -> Pamap2,PPOT,3,0,292.155,0.157381,0.859992,0.086616,0.294133,,0.840405
OSDA,RealWorld -> Pamap2,PPOT,3,1,285.662,0.253969,0.864819,0.148839,0.363795,,0.826002
OSDA,RealWorld -> Pamap2,PPOT,3,2,290.406,0.178093,0.836062,0.099661,0.303933,,0.805372
OSDA,RealWorld -> Pamap2,PPOT,3,3,282.524,0.272714,0.861041,0.162014,0.376548,,0.806929
OSDA,RealWorld -> Pamap2,PPOT,3,4,282.865,0.202846,0.784215,0.116488,0.309025,,0.792916
OSDA,RealWorld -> Pamap2,UniOT,3,0,995.048,0.602883,0.468724,0.844639,0.660689,,0.880693
OSDA,RealWorld -> Pamap2,UniOT,3,1,942.673,0.498706,0.369857,0.765327,0.585876,,0.928766
OSDA,RealWorld -> Pamap2,UniOT,3,2,895.289,0.606537,0.508816,0.750717,0.630122,,0.828338
OSDA,RealWorld -> Pamap2,UniOT,3,3,862.915,0.641256,0.560453,0.749283,0.675823,,0.877579
OSDA,RealWorld -> Pamap2,UniOT,3,4,875.808,0.573479,0.454870,0.775763,0.635830,,0.959128
OSDA,RealWorld -> Pamap2,UniJDOT,3,0,1303.013,0.641158,0.681570,0.605270,0.635371,,0.862203
OSDA,RealWorld -> Pamap2,UniJDOT,3,1,1417.875,0.654943,0.690806,0.622619,0.652394,,0.891397
OSDA,RealWorld -> Pamap2,UniJDOT,3,2,1499.678,0.621114,0.679261,0.572137,0.621201,,0.774231
OSDA,RealWorld -> Pamap2,UniJDOT,3,3,1420.986,0.550178,0.659740,0.471824,0.546801,,0.800895
OSDA,RealWorld -> Pamap2,UniJDOT,3,4,1415.609,0.575936,0.557515,0.595617,0.575995,,0.855975
OSDA,Pamap2 -> MHEALTH,OSBP,6,0,24.598,0.256433,0.182987,0.428368,0.333580,,0.965836
OSDA,Pamap2 -> MHEALTH,OSBP,6,1,21.252,0.280450,0.481640,0.197818,0.311027,,0.972299
OSDA,Pamap2 -> MHEALTH,OSBP,6,2,22.159,0.590123,0.770502,0.478178,0.603879,,0.956602
OSDA,Pamap2 -> MHEALTH,OSBP,6,3,21.392,0.413699,0.370257,0.468691,0.464215,,0.974146
OSDA,Pamap2 -> MHEALTH,OSBP,6,4,22.132,0.497156,0.550796,0.453036,0.509382,,0.938135
OSDA,Pamap2 -> MHEALTH,TSFA,6,0,51.263,0.299788,0.461444,0.222011,0.306551,,0.983379
OSDA,Pamap2 -> MHEALTH,TSFA,6,1,51.765,0.328585,0.402693,0.277514,0.333118,,0.981533
OSDA,Pamap2 -> MHEALTH,TSFA,6,2,51.289,0.335503,0.544676,0.242410,0.341447,,0.979686
OSDA,Pamap2 -> MHEALTH,TSFA,6,3,49.338,0.344756,0.497552,0.263757,0.346078,,0.983379
OSDA,Pamap2 -> MHEALTH,TSFA,6,4,51.162,0.316723,0.574051,0.218691,0.328129,,0.978763
OSDA,Pamap2 -> MHEALTH,UDA,6,0,24.183,0.328234,0.331089,0.325427,0.348089,,0.970452
OSDA,Pamap2 -> MHEALTH,UDA,6,1,24.327,0.508939,0.537332,0.483397,0.517122,,0.975069
OSDA,Pamap2 -> MHEALTH,UDA,6,2,24.345,0.379324,0.399021,0.361480,0.396427,,0.975993
OSDA,Pamap2 -> MHEALTH,UDA,6,3,25.383,0.302664,0.274174,0.337761,0.337648,,0.969529
OSDA,Pamap2 -> MHEALTH,UDA,6,4,27.158,0.384762,0.331089,0.459203,0.424159,,0.970452
OSDA,Pamap2 -> MHEALTH,OVANet,6,0,21.326,0.234321,0.262546,0.211575,0.209750,,0.981533
OSDA,Pamap2 -> MHEALTH,OVANet,6,1,19.806,0.220466,0.307834,0.171727,0.210218,,0.979686
OSDA,Pamap2 -> MHEALTH,OVANet,6,2,21.003,0.235309,0.275398,0.205408,0.216548,,0.979686
OSDA,Pamap2 -> MHEALTH,OVANet,6,3,20.982,0.221226,0.250918,0.197818,0.189438,,0.984303
OSDA,Pamap2 -> MHEALTH,OVANet,6,4,20.164,0.050428,0.495716,0.026565,0.137832,,0.981533
OSDA,Pamap2 -> MHEALTH,DANCE,6,0,21.566,0.000000,0.000000,1.000000,0.405986,,0.977839
OSDA,Pamap2 -> MHEALTH,DANCE,6,1,23.504,0.000000,0.000000,1.000000,0.405986,,0.976916
OSDA,Pamap2 -> MHEALTH,DANCE,6,2,23.156,0.000000,0.000000,1.000000,0.405986,,0.975993
OSDA,Pamap2 -> MHEALTH,DANCE,6,3,22.768,0.000000,0.000000,1.000000,0.405986,,0.979686
OSDA,Pamap2 -> MHEALTH,DANCE,6,4,22.225,0.000000,0.000000,1.000000,0.405986,,0.980609
OSDA,Pamap2 -> MHEALTH,PPOT,6,0,39.688,0.000000,0.000000,1.000000,0.405986,,0.976916
OSDA,Pamap2 -> MHEALTH,PPOT,6,1,39.595,0.000000,0.000000,0.999051,0.405740,,0.980609
OSDA,Pamap2 -> MHEALTH,PPOT,6,2,39.278,0.000000,0.000000,1.000000,0.405986,,0.981533
OSDA,Pamap2 -> MHEALTH,PPOT,6,3,39.592,0.000000,0.000000,1.000000,0.405986,,0.976916
OSDA,Pamap2 -> MHEALTH,PPOT,6,4,41.128,0.000000,0.000000,1.000000,0.405986,,0.981533
OSDA,Pamap2 -> MHEALTH,RAINCOAT,6,0,36.031,0.275681,0.211138,0.397059,0.332184,,0.723915
OSDA,Pamap2 -> MHEALTH,RAINCOAT,6,1,41.834,0.194221,0.268054,0.152277,0.224944,,0.797784
OSDA,Pamap2 -> MHEALTH,RAINCOAT,6,2,41.404,0.116792,0.066707,0.468691,0.294446,,0.829178
OSDA,Pamap2 -> MHEALTH,RAINCOAT,6,3,36.099,0.193484,0.282742,0.147059,0.192922,,0.889197
OSDA,Pamap2 -> MHEALTH,RAINCOAT,6,4,38.059,0.167714,0.105875,0.403226,0.301057,,0.885503
OSDA,Pamap2 -> MHEALTH,UniOT,6,0,123.089,0.366768,0.238066,0.798387,0.502089,,0.977839
OSDA,Pamap2 -> MHEALTH,UniOT,6,1,138.004,0.209417,0.121787,0.746679,0.434449,,0.977839
OSDA,Pamap2 -> MHEALTH,UniOT,6,2,132.977,0.301661,0.187271,0.775142,0.464065,,0.980609
OSDA,Pamap2 -> MHEALTH,UniOT,6,3,121.193,0.278773,0.168911,0.797438,0.442213,,0.977839
OSDA,Pamap2 -> MHEALTH,UniOT,6,4,139.271,0.168980,0.096695,0.669355,0.374414,,0.967682
OSDA,Pamap2 -> MHEALTH,UniJDOT,6,0,193.767,0.571734,0.470624,0.728178,0.588876,,0.976916
OSDA,Pamap2 -> MHEALTH,UniJDOT,6,1,197.440,0.226958,0.159119,0.395636,0.326002,,0.976916
OSDA,Pamap2 -> MHEALTH,UniJDOT,6,2,202.394,0.277991,0.179927,0.611006,0.402222,,0.974146
OSDA,Pamap2 -> MHEALTH,UniJDOT,6,3,201.523,0.414000,0.294982,0.694023,0.492513,,0.975993
OSDA,Pamap2 -> MHEALTH,UniJDOT,6,4,197.386,0.679615,0.618727,0.753795,0.658391,,0.975993
closed_set,MHEALTH -> Pamap2,Deep_Coral,,0,4.657,,,,0.229271,0.993827,0.993827
closed_set,MHEALTH -> Pamap2,Deep_Coral,,1,4.026,,,,0.141619,0.990741,0.990741
closed_set,MHEALTH -> Pamap2,Deep_Coral,,2,3.912,,,,0.199439,0.990741,0.990741
closed_set,MHEALTH -> Pamap2,Deep_Coral,,3,3.911,,,,0.163593,0.990741,0.990741
closed_set,MHEALTH -> Pamap2,Deep_Coral,,4,4.075,,,,0.284516,0.984563,0.984568
closed_set,MHEALTH -> Pamap2,DDC,,0,4.860,,,,0.276434,0.993827,0.993827
closed_set,MHEALTH -> Pamap2,DDC,,1,5.006,,,,0.173196,0.993827,0.993827
closed_set,MHEALTH -> Pamap2,DDC,,2,4.846,,,,0.203837,0.996913,0.996914
closed_set,MHEALTH -> Pamap2,DDC,,3,4.896,,,,0.177828,0.996913,0.996914
closed_set,MHEALTH -> Pamap2,DDC,,4,4.977,,,,0.305149,0.990739,0.990741
closed_set,MHEALTH -> Pamap2,MMDA,,0,10.590,,,,0.505170,0.990740,0.990741
closed_set,MHEALTH -> Pamap2,MMDA,,1,9.750,,,,0.297258,0.993827,0.993827
closed_set,MHEALTH -> Pamap2,MMDA,,2,9.746,,,,0.344165,0.993827,0.993827
closed_set,MHEALTH -> Pamap2,MMDA,,3,9.570,,,,0.341094,0.990740,0.990741
closed_set,MHEALTH -> Pamap2,MMDA,,4,10.403,,,,0.324410,0.956582,0.956790
closed_set,MHEALTH -> Pamap2,DANN,,0,4.941,,,,0.464502,0.851393,0.854938
closed_set,MHEALTH -> Pamap2,DANN,,1,4.822,,,,0.685514,0.859272,0.867284
closed_set,MHEALTH -> Pamap2,DANN,,2,4.731,,,,0.440431,0.820151,0.820988
closed_set,MHEALTH -> Pamap2,DANN,,3,4.757,,,,0.414209,0.773930,0.771605
closed_set,MHEALTH -> Pamap2,DANN,,4,4.724,,,,0.598931,0.981422,0.981481
closed_set,MHEALTH -> Pamap2,CDAN,,0,5.132,,,,0.274896,0.996913,0.996914
closed_set,MHEALTH -> Pamap2,CDAN,,1,4.968,,,,0.164248,0.990740,0.990741
closed_set,MHEALTH -> Pamap2,CDAN,,2,5.031,,,,0.323701,1.000000,1.000000
closed_set,MHEALTH -> Pamap2,CDAN,,3,5.252,,,,0.198995,0.993827,0.993827
closed_set,MHEALTH -> Pamap2,CDAN,,4,5.018,,,,0.455499,0.865021,0.873457
closed_set,MHEALTH -> Pamap2,DIRT,,0,15.399,,,,0.286877,0.993827,0.993827
closed_set,MHEALTH -> Pamap2,DIRT,,1,15.411,,,,0.132205,0.993827,0.993827
closed_set,MHEALTH -> Pamap2,DIRT,,2,15.169,,,,0.323259,0.993827,0.993827
closed_set,MHEALTH -> Pamap2,DIRT,,3,15.204,,,,0.190646,0.996914,0.996914
closed_set,MHEALTH -> Pamap2,DIRT,,4,15.224,,,,0.285488,1.000000,1.000000
closed_set,MHEALTH -> Pamap2,DSAN,,0,8.441,,,,0.313416,0.993825,0.993827
closed_set,MHEALTH -> Pamap2,DSAN,,1,8.406,,,,0.137995,0.996914,0.996914
closed_set,MHEALTH -> Pamap2,DSAN,,2,8.324,,,,0.140932,0.990740,0.990741
closed_set,MHEALTH -> Pamap2,DSAN,,3,8.537,,,,0.139600,0.996914,0.996914
closed_set,MHEALTH -> Pamap2,DSAN,,4,8.646,,,,0.259630,0.990741,0.990741
closed_set,MHEALTH -> Pamap2,HoMM,,0,9.225,,,,0.198626,0.993827,0.993827
closed_set,MHEALTH -> Pamap2,HoMM,,1,9.331,,,,0.209836,0.996914,0.996914
closed_set,MHEALTH -> Pamap2,HoMM,,2,9.275,,,,0.219499,0.996914,0.996914
closed_set,MHEALTH -> Pamap2,HoMM,,3,9.273,,,,0.161792,0.993827,0.993827
closed_set,MHEALTH -> Pamap2,HoMM,,4,9.344,,,,0.318988,0.993827,0.993827
closed_set,MHEALTH -> Pamap2,CoDATS,,0,4.388,,,,0.758625,0.862186,0.870370
closed_set,MHEALTH -> Pamap2,CoDATS,,1,4.426,,,,0.361664,0.996913,0.996914
closed_set,MHEALTH -> Pamap2,CoDATS,,2,4.721,,,,0.632544,0.862747,0.870370
closed_set,MHEALTH -> Pamap2,CoDATS,,3,4.654,,,,0.224770,0.944137,0.944444
closed_set,MHEALTH -> Pamap2,CoDATS,,4,4.544,,,,0.471645,0.928013,0.929012
closed_set,MHEALTH -> Pamap2,AdvSKM,,0,7.021,,,,0.238825,0.996913,0.996914
closed_set,MHEALTH -> Pamap2,AdvSKM,,1,6.699,,,,0.201630,0.993827,0.993827
closed_set,MHEALTH -> Pamap2,AdvSKM,,2,6.798,,,,0.205439,0.996914,0.996914
closed_set,MHEALTH -> Pamap2,AdvSKM,,3,6.940,,,,0.200521,0.993827,0.993827
closed_set,MHEALTH -> Pamap2,AdvSKM,,4,6.746,,,,0.317958,0.993827,0.993827
closed_set,MHEALTH -> Pamap2,SASA,,0,8.824,,,,0.347140,0.993825,0.993827
closed_set,MHEALTH -> Pamap2,SASA,,1,8.970,,,,0.350024,0.990739,0.990741
closed_set,MHEALTH -> Pamap2,SASA,,2,9.032,,,,0.321120,0.993825,0.993827
closed_set,MHEALTH -> Pamap2,SASA,,3,9.145,,,,0.109593,0.993825,0.993827
closed_set,MHEALTH -> Pamap2,SASA,,4,8.884,,,,0.326554,0.993827,0.993827
closed_set,MHEALTH -> Pamap2,CoTMix,,0,6.656,,,,0.609200,0.996914,0.996914
closed_set,MHEALTH -> Pamap2,CoTMix,,1,6.616,,,,0.447598,0.993827,0.993827
closed_set,MHEALTH -> Pamap2,CoTMix,,2,6.563,,,,0.258547,0.987729,0.987654
closed_set,MHEALTH -> Pamap2,CoTMix,,3,6.706,,,,0.175590,0.993827,0.993827
closed_set,MHEALTH -> Pamap2,CoTMix,,4,6.628,,,,0.256840,0.987729,0.987654
closed_set,MHEALTH -> Pamap2,SWL_Adapt,,0,39.440,,,,0.280958,0.990741,0.990741
closed_set,MHEALTH -> Pamap2,SWL_Adapt,,1,39.442,,,,0.376850,0.993827,0.993827
closed_set,MHEALTH -> Pamap2,SWL_Adapt,,2,38.858,,,,0.185618,0.987652,0.987654
closed_set,MHEALTH -> Pamap2,SWL_Adapt,,3,37.672,,,,0.153888,0.987652,0.987654
closed_set,MHEALTH -> Pamap2,SWL_Adapt,,4,38.628,,,,0.678106,0.862186,0.870370
closed_set,MHEALTH -> Pamap2,uDAR,,0,12.779,,,,0.258370,0.996913,0.996914
closed_set,MHEALTH -> Pamap2,uDAR,,1,13.001,,,,0.129791,1.000000,1.000000
closed_set,MHEALTH -> Pamap2,uDAR,,2,13.966,,,,0.142431,0.996914,0.996914
closed_set,MHEALTH -> Pamap2,uDAR,,3,12.803,,,,0.144297,0.996914,0.996914
closed_set,MHEALTH -> Pamap2,uDAR,,4,12.695,,,,0.255670,1.000000,1.000000
closed_set,MHEALTH -> Pamap2,DAAN,,0,15.761,,,,0.089196,1.000000,1.000000
closed_set,MHEALTH -> Pamap2,DAAN,,1,15.657,,,,0.175614,1.000000,1.000000
closed_set,MHEALTH -> Pamap2,DAAN,,2,15.695,,,,0.172090,1.000000,1.000000
closed_set,MHEALTH -> Pamap2,DAAN,,3,15.066,,,,0.162227,0.996914,0.996914
closed_set,MHEALTH -> Pamap2,DAAN,,4,15.580,,,,0.140556,0.996914,0.996914
closed_set,MHEALTH -> Pamap2,ACON,,0,11.442,,,,0.516191,0.996913,0.996914
closed_set,MHEALTH -> Pamap2,ACON,,1,10.849,,,,0.879044,0.996914,0.996914
closed_set,MHEALTH -> Pamap2,ACON,,2,10.867,,,,0.942621,0.864479,0.873457
closed_set,MHEALTH -> Pamap2,ACON,,3,10.868,,,,0.882022,0.864479,0.873457
closed_set,MHEALTH -> Pamap2,ACON,,4,11.008,,,,0.859813,0.864479,0.873457
closed_set,MHEALTH -> Pamap2,SSSS_TSA,,0,101.738,,,,0.479851,1.000000,1.000000
closed_set,MHEALTH -> Pamap2,SSSS_TSA,,1,101.685,,,,0.359572,0.996913,0.996914
closed_set,MHEALTH -> Pamap2,SSSS_TSA,,2,101.533,,,,0.647426,0.996913,0.996914
closed_set,MHEALTH -> Pamap2,SSSS_TSA,,3,101.559,,,,0.585877,1.000000,1.000000
closed_set,MHEALTH -> Pamap2,SSSS_TSA,,4,102.072,,,,0.666923,0.993846,0.993827
closed_set,MHEALTH -> Pamap2,CLUDA,,0,13.736,,,,0.233394,1.000000,1.000000
closed_set,MHEALTH -> Pamap2,CLUDA,,1,13.806,,,,0.206946,0.993827,0.993827
closed_set,MHEALTH -> Pamap2,CLUDA,,2,13.874,,,,0.361404,0.996914,0.996914
closed_set,MHEALTH -> Pamap2,CLUDA,,3,13.445,,,,0.329794,0.996913,0.996914
closed_set,MHEALTH -> Pamap2,CLUDA,,4,13.797,,,,0.670203,0.990741,0.990741
closed_set,MHEALTH -> Pamap2,OSBP,,0,7.566,0.000000,0.397096,0.000000,0.444673,,0.885802
closed_set,MHEALTH -> Pamap2,OSBP,,1,7.024,0.000000,0.518519,0.000000,0.527980,,0.993827
closed_set,MHEALTH -> Pamap2,OSBP,,2,6.667,0.000000,0.837753,0.000000,0.864058,,0.867284
closed_set,MHEALTH -> Pamap2,OSBP,,3,6.643,0.000000,0.377525,0.000000,0.419312,,0.984568
closed_set,MHEALTH -> Pamap2,OSBP,,4,6.587,0.000000,0.444234,0.000000,0.448874,,0.959877
closed_set,MHEALTH -> Pamap2,TSFA,,0,17.746,0.000000,0.660774,0.000000,0.704770,,0.996914
closed_set,MHEALTH -> Pamap2,TSFA,,1,17.625,0.000000,0.646886,0.000000,0.684616,,0.996914
closed_set,MHEALTH -> Pamap2,TSFA,,2,16.859,0.000000,0.726010,0.000000,0.803727,,0.996914
closed_set,MHEALTH -> Pamap2,TSFA,,3,18.383,0.000000,0.751052,0.000000,0.829655,,0.996914
closed_set,MHEALTH -> Pamap2,TSFA,,4,18.204,0.000000,0.713384,0.000000,0.780937,,0.873457
closed_set,MHEALTH -> Pamap2,UDA,,0,7.528,0.000000,0.436237,0.000000,0.525620,,0.996914
closed_set,MHEALTH -> Pamap2,UDA,,1,7.874,0.000000,0.472433,0.000000,0.549446,,0.990741
closed_set,MHEALTH -> Pamap2,UDA,,2,8.221,0.000000,0.238005,0.000000,0.265073,,1.000000
closed_set,MHEALTH -> Pamap2,UDA,,3,7.971,0.000000,0.603325,0.000000,0.727433,,0.993827
closed_set,MHEALTH -> Pamap2,UDA,,4,8.305,0.000000,0.606271,0.000000,0.730204,,0.996914
closed_set,MHEALTH -> Pamap2,UniOT,,0,45.725,0.000000,0.097222,0.000000,0.073400,,0.993827
closed_set,MHEALTH -> Pamap2,UniOT,,1,46.663,0.000000,0.195076,0.000000,0.207799,,1.000000
closed_set,MHEALTH -> Pamap2,UniOT,,2,38.893,0.000000,0.262626,0.000000,0.277958,,1.000000
closed_set,MHEALTH -> Pamap2,UniOT,,3,46.434,0.000000,0.218855,0.000000,0.252093,,1.000000
closed_set,MHEALTH -> Pamap2,UniOT,,4,46.790,0.000000,0.140572,0.000000,0.138486,,1.000000
closed_set,MHEALTH -> Pamap2,SPADA,,0,5.332,,,,0.484970,,0.996914
closed_set,MHEALTH -> Pamap2,SPADA,,1,4.934,,,,0.538731,,0.990741
closed_set,MHEALTH -> Pamap2,SPADA,,2,5.371,,,,0.851507,,0.993827
closed_set,MHEALTH -> Pamap2,SPADA,,3,5.198,,,,0.481061,,0.996914
closed_set,MHEALTH -> Pamap2,SPADA,,4,5.282,,,,0.461909,,0.993827
closed_set,MHEALTH -> Pamap2,PDAAN,,0,4.830,,,,0.803960,,0.981481
closed_set,MHEALTH -> Pamap2,PDAAN,,1,5.181,,,,0.360126,,0.993827
closed_set,MHEALTH -> Pamap2,PDAAN,,2,5.078,,,,0.465187,,0.987654
closed_set,MHEALTH -> Pamap2,PDAAN,,3,5.168,,,,0.494659,,0.990741
closed_set,MHEALTH -> Pamap2,PDAAN,,4,5.037,,,,0.145568,,0.993827
closed_set,MHEALTH -> Pamap2,RAINCOAT,,0,16.985,0.000000,0.190657,0.000000,0.123276,,0.750000
closed_set,MHEALTH -> Pamap2,RAINCOAT,,1,13.907,0.000000,0.534722,0.000000,0.540076,,0.496914
closed_set,MHEALTH -> Pamap2,RAINCOAT,,2,18.583,0.000000,0.205598,0.000000,0.230492,,0.617284
closed_set,MHEALTH -> Pamap2,RAINCOAT,,3,16.299,0.000000,0.145623,0.000000,0.095200,,0.638889
closed_set,MHEALTH -> Pamap2,RAINCOAT,,4,20.500,0.000000,0.166035,0.000000,0.129045,,0.743827
closed_set,MHEALTH -> Pamap2,OVANet,,0,9.057,0.000000,0.589857,0.000000,0.593996,,0.996914
closed_set,MHEALTH -> Pamap2,OVANet,,1,9.328,0.000000,0.575126,0.000000,0.600087,,0.996914
closed_set,MHEALTH -> Pamap2,OVANet,,2,8.873,0.000000,0.660774,0.000000,0.693898,,0.996914
closed_set,MHEALTH -> Pamap2,OVANet,,3,9.703,0.000000,0.526094,0.000000,0.550355,,0.993827
closed_set,MHEALTH -> Pamap2,OVANet,,4,9.199,0.000000,0.424874,0.000000,0.426025,,0.996914
closed_set,MHEALTH -> Pamap2,PPOT,,0,20.852,0.000000,0.000000,0.000000,0.000000,,0.901235
closed_set,MHEALTH -> Pamap2,PPOT,,1,20.417,0.000000,0.000000,0.000000,0.000000,,0.984568
closed_set,MHEALTH -> Pamap2,PPOT,,2,20.293,0.000000,0.000000,0.000000,0.000000,,0.990741
closed_set,MHEALTH -> Pamap2,PPOT,,3,19.776,0.000000,0.000000,0.000000,0.000000,,0.984568
closed_set,MHEALTH -> Pamap2,PPOT,,4,18.510,0.000000,0.000000,0.000000,0.000000,,0.990741
closed_set,MHEALTH -> Pamap2,DANCE,,0,9.558,0.000000,0.000000,0.000000,0.000000,,0.996914
closed_set,MHEALTH -> Pamap2,DANCE,,1,9.072,0.000000,0.000000,0.000000,0.000000,,0.990741
closed_set,MHEALTH -> Pamap2,DANCE,,2,8.633,0.000000,0.000000,0.000000,0.000000,,0.993827
closed_set,MHEALTH -> Pamap2,DANCE,,3,9.205,0.000000,0.000000,0.000000,0.000000,,0.993827
closed_set,MHEALTH -> Pamap2,DANCE,,4,9.530,0.000000,0.000000,0.000000,0.000000,,0.996914
closed_set,MHEALTH -> Pamap2,UniJDOT,,0,84.729,0.000000,0.265362,0.000000,0.324993,,1.000000
closed_set,MHEALTH -> Pamap2,UniJDOT,,1,73.399,0.000000,0.339226,0.000000,0.364054,,0.993827
closed_set,MHEALTH -> Pamap2,UniJDOT,,2,83.256,0.000000,0.147096,0.000000,0.118744,,0.993827
closed_set,MHEALTH -> Pamap2,UniJDOT,,3,74.787,0.000000,0.450968,0.000000,0.449682,,0.993827
closed_set,MHEALTH -> Pamap2,UniJDOT,,4,81.404,0.000000,0.271886,0.000000,0.287053,,0.996914
PDA,MHEALTH -> RealWorld,PPOT,2,0,103.366,0.000000,0.000000,0.000000,0.000000,,0.921444
PDA,MHEALTH -> RealWorld,DANCE,2,2,27.550,0.000000,0.000000,0.000000,0.000000,,0.991507
PDA,MHEALTH -> RealWorld,PDAAN,2,0,23.547,,,,0.529259,,0.985138
PDA,MHEALTH -> RealWorld,PPOT,2,4,96.928,0.000000,0.000000,0.000000,0.000000,,0.961783
PDA,MHEALTH -> RealWorld,SPADA,2,4,22.080,,,,0.557091,,0.983015
PDA,MHEALTH -> RealWorld,PPOT,2,2,99.388,0.000000,0.000000,0.000000,0.000000,,0.987261
PDA,MHEALTH -> RealWorld,UniOT,2,2,137.898,0.000000,0.000000,0.000000,0.000000,,0.995754
PDA,MHEALTH -> RealWorld,PDAAN,2,4,21.897,,,,0.155754,,0.985138
PDA,MHEALTH -> RealWorld,RAINCOAT,2,2,49.604,0.000000,0.178221,0.000000,0.215083,,0.630573
PDA,MHEALTH -> RealWorld,PDAAN,2,3,21.330,,,,0.354349,,0.978769
PDA,MHEALTH -> RealWorld,UDA,2,3,31.185,0.000000,0.145294,0.000000,0.202480,,0.989384
PDA,MHEALTH -> RealWorld,DANCE,2,4,27.747,0.000000,0.000000,0.000000,0.000000,,0.991507
PDA,MHEALTH -> RealWorld,UniJDOT,2,4,181.960,0.000000,0.253005,0.000000,0.302676,,0.993631
PDA,MHEALTH -> RealWorld,OVANet,2,1,27.303,0.000000,0.170972,0.000000,0.207521,,0.991507
PDA,MHEALTH -> RealWorld,PDAAN,2,2,21.264,,,,0.229344,,0.991507
PDA,MHEALTH -> RealWorld,RAINCOAT,2,1,49.371,0.000000,0.200504,0.000000,0.264169,,0.447983
PDA,MHEALTH -> RealWorld,OVANet,2,2,26.861,0.000000,0.107062,0.000000,0.154865,,0.993631
PDA,MHEALTH -> RealWorld,PDAAN,2,1,21.320,,,,0.342891,,0.985138
PDA,MHEALTH -> RealWorld,RAINCOAT,2,3,49.172,0.000000,0.191118,0.000000,0.267250,,0.643312
PDA,MHEALTH -> RealWorld,UniJDOT,2,0,174.768,0.000000,0.026212,0.000000,0.032253,,0.991507
PDA,MHEALTH -> RealWorld,UDA,2,0,35.963,0.000000,0.222901,0.000000,0.301609,,0.978769
PDA,MHEALTH -> RealWorld,OVANet,2,4,28.445,0.000000,0.178794,0.000000,0.211927,,0.993631
PDA,MHEALTH -> RealWorld,UniJDOT,2,1,168.957,0.000000,0.229196,0.000000,0.270841,,0.993631
PDA,MHEALTH -> RealWorld,UDA,2,4,31.047,0.000000,0.326911,0.000000,0.456986,,0.976645
PDA,MHEALTH -> RealWorld,UniOT,2,1,216.101,0.000000,0.216338,0.000000,0.289931,,0.991507
PDA,MHEALTH -> RealWorld,SPADA,2,3,21.610,,,,0.532831,,0.993631
PDA,MHEALTH -> RealWorld,OVANet,2,0,30.497,0.000000,0.210844,0.000000,0.252161,,0.993631
PDA,MHEALTH -> RealWorld,UniOT,2,3,243.586,0.000000,0.157618,0.000000,0.220924,,0.997877
PDA,MHEALTH -> RealWorld,UniOT,2,4,225.876,0.000000,0.159106,0.000000,0.229779,,0.993631
PDA,MHEALTH -> RealWorld,UniJDOT,2,3,160.801,0.000000,0.313251,0.000000,0.384596,,0.989384
PDA,MHEALTH -> RealWorld,RAINCOAT,2,0,56.804,0.000000,0.135984,0.000000,0.173136,,0.607219
PDA,MHEALTH -> RealWorld,SPADA,2,0,25.758,,,,0.670873,,0.989384
PDA,MHEALTH -> RealWorld,SPADA,2,2,21.645,,,,0.500363,,0.991507
PDA,MHEALTH -> RealWorld,SPADA,2,1,22.354,,,,0.368297,,0.989384
PDA,MHEALTH -> RealWorld,DANCE,2,3,28.766,0.000000,0.000000,0.000000,0.000000,,0.993631
PDA,MHEALTH -> RealWorld,PPOT,2,3,98.470,0.000000,0.000000,0.000000,0.000000,,0.851380
PDA,MHEALTH -> RealWorld,DANCE,2,1,27.342,0.000000,0.000000,0.000000,0.000000,,0.993631
PDA,MHEALTH -> RealWorld,UDA,2,2,33.423,0.000000,0.289939,0.000000,0.396474,,0.804671
PDA,MHEALTH -> RealWorld,UniJDOT,2,2,179.753,0.000000,0.227174,0.000000,0.261532,,0.993631
PDA,MHEALTH -> RealWorld,OVANet,2,3,27.673,0.000000,0.100271,0.000000,0.145210,,0.991507
PDA,MHEALTH -> RealWorld,DANCE,2,0,31.354,0.000000,0.000000,0.000000,0.000000,,0.991507
PDA,MHEALTH -> RealWorld,UniOT,2,0,217.981,0.000000,0.180091,0.000000,0.207851,,0.993631
PDA,MHEALTH -> RealWorld,RAINCOAT,2,4,51.451,0.000000,0.280743,0.000000,0.309007,,0.585987
PDA,MHEALTH -> RealWorld,UDA,2,1,30.980,0.000000,0.307833,0.000000,0.411856,,0.993631
PDA,MHEALTH -> RealWorld,PPOT,2,1,101.083,0.000000,0.000000,0.000000,0.000000,,0.832272
closed_set,Pamap2 -> RealWorld,Deep_Coral,,0,13.097,,,,0.615650,0.968796,0.969529
closed_set,Pamap2 -> RealWorld,Deep_Coral,,1,12.149,,,,0.595852,0.973820,0.974146
closed_set,Pamap2 -> RealWorld,Deep_Coral,,2,12.807,,,,0.553569,0.981449,0.981533
closed_set,Pamap2 -> RealWorld,Deep_Coral,,3,12.951,,,,0.564827,0.973478,0.974146
closed_set,Pamap2 -> RealWorld,Deep_Coral,,4,13.417,,,,0.582453,0.978514,0.978763
closed_set,Pamap2 -> RealWorld,DDC,,0,12.403,,,,0.582363,0.969835,0.970452
closed_set,Pamap2 -> RealWorld,DDC,,1,12.234,,,,0.545640,0.968837,0.969529
closed_set,Pamap2 -> RealWorld,DDC,,2,14.276,,,,0.518730,0.986037,0.986150
closed_set,Pamap2 -> RealWorld,DDC,,3,13.328,,,,0.527613,0.915957,0.929825
closed_set,Pamap2 -> RealWorld,DDC,,4,12.596,,,,0.520967,0.977819,0.978763
closed_set,Pamap2 -> RealWorld,MMDA,,0,29.738,,,,0.672506,0.963018,0.963066
closed_set,Pamap2 -> RealWorld,MMDA,,1,29.867,,,,0.597847,0.971218,0.971376
closed_set,Pamap2 -> RealWorld,MMDA,,2,30.125,,,,0.619398,0.918093,0.927978
closed_set,Pamap2 -> RealWorld,MMDA,,3,31.072,,,,0.678344,0.969385,0.969529
closed_set,Pamap2 -> RealWorld,MMDA,,4,30.346,,,,0.676381,0.972984,0.973223
closed_set,Pamap2 -> RealWorld,DANN,,0,16.108,,,,0.865260,0.954743,0.955679
closed_set,Pamap2 -> RealWorld,DANN,,1,15.530,,,,0.840117,0.966739,0.966759
closed_set,Pamap2 -> RealWorld,DANN,,2,14.220,,,,0.845353,0.939191,0.941828
closed_set,Pamap2 -> RealWorld,DANN,,3,16.720,,,,0.701075,0.898925,0.917821
closed_set,Pamap2 -> RealWorld,DANN,,4,15.845,,,,0.838817,0.968485,0.968606
closed_set,Pamap2 -> RealWorld,CDAN,,0,17.552,,,,0.817661,0.973183,0.973223
closed_set,Pamap2 -> RealWorld,CDAN,,1,20.346,,,,0.892039,0.914266,0.927978
closed_set,Pamap2 -> RealWorld,CDAN,,2,18.302,,,,0.886153,0.942877,0.947368
closed_set,Pamap2 -> RealWorld,CDAN,,3,17.345,,,,0.827912,0.973086,0.973223
closed_set,Pamap2 -> RealWorld,CDAN,,4,18.752,,,,0.832347,0.968489,0.968606
closed_set,Pamap2 -> RealWorld,DIRT,,0,53.866,,,,0.924959,0.961920,0.962142
closed_set,Pamap2 -> RealWorld,DIRT,,1,52.896,,,,0.893260,0.924627,0.932595
closed_set,Pamap2 -> RealWorld,DIRT,,2,56.334,,,,0.879978,0.972241,0.972299
closed_set,Pamap2 -> RealWorld,DIRT,,3,54.534,,,,0.820044,0.958053,0.959372
closed_set,Pamap2 -> RealWorld,DIRT,,4,55.155,,,,0.859153,0.975942,0.975993
closed_set,Pamap2 -> RealWorld,DSAN,,0,73.377,,,,0.883141,0.972984,0.973223
closed_set,Pamap2 -> RealWorld,DSAN,,1,73.063,,,,0.791017,0.973147,0.973223
closed_set,Pamap2 -> RealWorld,DSAN,,2,73.909,,,,0.867836,0.978591,0.978763
closed_set,Pamap2 -> RealWorld,DSAN,,3,74.464,,,,0.870468,0.947458,0.951062
closed_set,Pamap2 -> RealWorld,DSAN,,4,72.399,,,,0.813115,0.950685,0.953832
closed_set,Pamap2 -> RealWorld,HoMM,,0,36.895,,,,0.679074,0.952025,0.954755
closed_set,Pamap2 -> RealWorld,HoMM,,1,36.244,,,,0.597534,0.964222,0.965836
closed_set,Pamap2 -> RealWorld,HoMM,,2,42.837,,,,0.570261,0.985982,0.986150
closed_set,Pamap2 -> RealWorld,HoMM,,3,41.177,,,,0.586203,0.948679,0.952909
closed_set,Pamap2 -> RealWorld,HoMM,,4,34.719,,,,0.659531,0.966211,0.968606
closed_set,Pamap2 -> RealWorld,CoDATS,,0,16.962,,,,0.805369,0.931673,0.938135
closed_set,Pamap2 -> RealWorld,CoDATS,,1,16.607,,,,0.757661,0.910636,0.927978
closed_set,Pamap2 -> RealWorld,CoDATS,,2,15.519,,,,0.772902,0.921789,0.933518
closed_set,Pamap2 -> RealWorld,CoDATS,,3,17.061,,,,0.778700,0.935255,0.944598
closed_set,Pamap2 -> RealWorld,CoDATS,,4,16.840,,,,0.778535,0.901915,0.917821
closed_set,Pamap2 -> RealWorld,AdvSKM,,0,19.479,,,,0.565789,0.971306,0.972299
closed_set,Pamap2 -> RealWorld,AdvSKM,,1,19.339,,,,0.550197,0.970721,0.971376
closed_set,Pamap2 -> RealWorld,AdvSKM,,2,20.665,,,,0.549714,0.979515,0.979686
closed_set,Pamap2 -> RealWorld,AdvSKM,,3,20.753,,,,0.535310,0.963145,0.964912
closed_set,Pamap2 -> RealWorld,AdvSKM,,4,20.417,,,,0.546747,0.985146,0.985226
closed_set,Pamap2 -> RealWorld,SASA,,0,31.230,,,,0.836459,0.980471,0.980609
closed_set,Pamap2 -> RealWorld,SASA,,1,30.581,,,,0.844948,0.979546,0.979686
closed_set,Pamap2 -> RealWorld,SASA,,2,31.394,,,,0.780747,0.978632,0.978763
closed_set,Pamap2 -> RealWorld,SASA,,3,31.983,,,,0.780381,0.974595,0.975069
closed_set,Pamap2 -> RealWorld,SASA,,4,31.501,,,,0.829205,0.980307,0.980609
closed_set,Pamap2 -> RealWorld,CoTMix,,0,22.062,,,,0.809362,0.978766,0.978763
closed_set,Pamap2 -> RealWorld,CoTMix,,1,24.243,,,,0.788716,0.980560,0.980609
closed_set,Pamap2 -> RealWorld,CoTMix,,2,25.230,,,,0.829486,0.979537,0.979686
closed_set,Pamap2 -> RealWorld,CoTMix,,3,23.058,,,,0.827712,0.981484,0.981533
closed_set,Pamap2 -> RealWorld,CoTMix,,4,22.217,,,,0.574992,0.966237,0.965836
closed_set,Pamap2 -> RealWorld,SWL_Adapt,,0,130.143,,,,0.841249,0.970097,0.970452
closed_set,Pamap2 -> RealWorld,SWL_Adapt,,1,127.716,,,,0.826438,0.912062,0.927978
closed_set,Pamap2 -> RealWorld,SWL_Adapt,,2,129.048,,,,0.815446,0.965585,0.967682
closed_set,Pamap2 -> RealWorld,SWL_Adapt,,3,129.972,,,,0.836640,0.946876,0.951062
closed_set,Pamap2 -> RealWorld,SWL_Adapt,,4,132.158,,,,0.791841,0.968811,0.969529
closed_set,Pamap2 -> RealWorld,uDAR,,0,54.273,,,,0.789403,0.962845,0.963989
closed_set,Pamap2 -> RealWorld,uDAR,,1,57.465,,,,0.766995,0.953302,0.956602
closed_set,Pamap2 -> RealWorld,uDAR,,2,56.697,,,,0.795137,0.982279,0.982456
closed_set,Pamap2 -> RealWorld,uDAR,,3,54.434,,,,0.782498,0.906066,0.923361
closed_set,Pamap2 -> RealWorld,uDAR,,4,58.703,,,,0.772101,0.977833,0.977839
closed_set,Pamap2 -> RealWorld,DAAN,,0,52.454,,,,0.778212,0.906418,0.922438
closed_set,Pamap2 -> RealWorld,DAAN,,1,52.800,,,,0.789519,0.906381,0.924284
closed_set,Pamap2 -> RealWorld,DAAN,,2,52.811,,,,0.804977,0.973029,0.973223
closed_set,Pamap2 -> RealWorld,DAAN,,3,51.685,,,,0.785797,0.910235,0.925208
closed_set,Pamap2 -> RealWorld,DAAN,,4,51.067,,,,0.789049,0.907853,0.925208
closed_set,Pamap2 -> RealWorld,ACON,,0,41.089,,,,0.840039,0.971013,0.971376
closed_set,Pamap2 -> RealWorld,ACON,,1,113.669,,,,0.839951,0.953310,0.956602
closed_set,Pamap2 -> RealWorld,ACON,,2,61.274,,,,0.868769,0.946189,0.950139
closed_set,Pamap2 -> RealWorld,ACON,,3,36.519,,,,0.893661,0.937266,0.943675
closed_set,Pamap2 -> RealWorld,ACON,,4,39.572,,,,0.902862,0.964188,0.964912
closed_set,Pamap2 -> RealWorld,SSSS_TSA,,0,360.729,,,,0.850892,0.966198,0.965836
closed_set,Pamap2 -> RealWorld,SSSS_TSA,,1,350.458,,,,0.845506,0.970668,0.970452
closed_set,Pamap2 -> RealWorld,SSSS_TSA,,2,342.335,,,,0.814404,0.972625,0.972299
closed_set,Pamap2 -> RealWorld,SSSS_TSA,,3,351.185,,,,0.836369,0.968940,0.968606
closed_set,Pamap2 -> RealWorld,SSSS_TSA,,4,338.990,,,,0.856973,0.970789,0.970452
closed_set,Pamap2 -> RealWorld,CLUDA,,0,42.169,,,,0.765155,0.966001,0.966759
closed_set,Pamap2 -> RealWorld,CLUDA,,1,43.901,,,,0.773721,0.969018,0.969529
closed_set,Pamap2 -> RealWorld,CLUDA,,2,45.011,,,,0.828864,0.976815,0.976916
closed_set,Pamap2 -> RealWorld,CLUDA,,3,44.902,,,,0.844810,0.974955,0.975069
closed_set,Pamap2 -> RealWorld,CLUDA,,4,45.063,,,,0.689633,0.977747,0.977839
closed_set,Pamap2 -> RealWorld,OSBP,,0,22.081,0.000000,0.713801,0.000000,0.716567,,0.982456
closed_set,Pamap2 -> RealWorld,OSBP,,1,20.386,0.000000,0.639322,0.000000,0.642270,,0.979686
closed_set,Pamap2 -> RealWorld,OSBP,,2,21.578,0.000000,0.706704,0.000000,0.693361,,0.975993
closed_set,Pamap2 -> RealWorld,OSBP,,3,21.380,0.000000,0.670228,0.000000,0.668925,,0.972299
closed_set,Pamap2 -> RealWorld,OSBP,,4,20.903,0.000000,0.720936,0.000000,0.715854,,0.974146
closed_set,Pamap2 -> RealWorld,TSFA,,0,49.052,0.000000,0.597505,0.000000,0.573275,,0.970452
closed_set,Pamap2 -> RealWorld,TSFA,,1,47.277,0.000000,0.616048,0.000000,0.597723,,0.969529
closed_set,Pamap2 -> RealWorld,TSFA,,2,48.935,0.000000,0.567172,0.000000,0.545559,,0.975993
closed_set,Pamap2 -> RealWorld,TSFA,,3,47.807,0.000000,0.596513,0.000000,0.573187,,0.976916
closed_set,Pamap2 -> RealWorld,TSFA,,4,47.822,0.000000,0.590255,0.000000,0.566590,,0.973223
closed_set,Pamap2 -> RealWorld,UDA,,0,24.701,0.000000,0.488267,0.000000,0.593984,,0.975069
closed_set,Pamap2 -> RealWorld,UDA,,1,24.822,0.000000,0.455531,0.000000,0.558515,,0.976916
closed_set,Pamap2 -> RealWorld,UDA,,2,25.307,0.000000,0.509558,0.000000,0.616424,,0.969529
closed_set,Pamap2 -> RealWorld,UDA,,3,24.816,0.000000,0.532985,0.000000,0.653408,,0.965836
closed_set,Pamap2 -> RealWorld,UDA,,4,26.186,0.000000,0.532641,0.000000,0.650975,,0.971376
closed_set,Pamap2 -> RealWorld,UniOT,,0,174.156,0.000000,0.256324,0.000000,0.352398,,0.971376
closed_set,Pamap2 -> RealWorld,UniOT,,1,174.141,0.000000,0.320501,0.000000,0.431348,,0.979686
closed_set,Pamap2 -> RealWorld,UniOT,,2,164.570,0.000000,0.340761,0.000000,0.446824,,0.971376
closed_set,Pamap2 -> RealWorld,UniOT,,3,154.322,0.000000,0.332634,0.000000,0.417115,,0.980609
closed_set,Pamap2 -> RealWorld,UniOT,,4,160.062,0.000000,0.285627,0.000000,0.367651,,0.974146
closed_set,Pamap2 -> RealWorld,SPADA,,0,17.903,,,,0.826178,,0.975069
closed_set,Pamap2 -> RealWorld,SPADA,,1,17.957,,,,0.810854,,0.973223
closed_set,Pamap2 -> RealWorld,SPADA,,2,16.100,,,,0.792532,,0.975069
closed_set,Pamap2 -> RealWorld,SPADA,,3,15.930,,,,0.850097,,0.974146
closed_set,Pamap2 -> RealWorld,SPADA,,4,17.096,,,,0.813360,,0.974146
closed_set,Pamap2 -> RealWorld,PDAAN,,0,16.519,,,,0.597376,,0.971376
closed_set,Pamap2 -> RealWorld,PDAAN,,1,15.148,,,,0.424622,,0.979686
closed_set,Pamap2 -> RealWorld,PDAAN,,2,16.981,,,,0.592319,,0.975069
closed_set,Pamap2 -> RealWorld,PDAAN,,3,17.522,,,,0.442387,,0.962142
closed_set,Pamap2 -> RealWorld,PDAAN,,4,15.469,,,,0.667209,,0.979686
closed_set,Pamap2 -> RealWorld,RAINCOAT,,0,79.206,0.000000,0.407455,0.000000,0.460621,,0.737765
closed_set,Pamap2 -> RealWorld,RAINCOAT,,1,110.709,0.000000,0.340494,0.000000,0.424353,,0.816251
closed_set,Pamap2 -> RealWorld,RAINCOAT,,2,62.668,0.000000,0.440688,0.000000,0.483626,,0.742382
closed_set,Pamap2 -> RealWorld,RAINCOAT,,3,79.172,0.000000,0.438666,0.000000,0.509471,,0.710988
closed_set,Pamap2 -> RealWorld,RAINCOAT,,4,79.814,0.000000,0.374642,0.000000,0.399089,,0.874423
closed_set,Pamap2 -> RealWorld,OVANet,,0,28.367,0.000000,0.708154,0.000000,0.706517,,0.978763
closed_set,Pamap2 -> RealWorld,OVANet,,1,27.604,0.000000,0.730093,0.000000,0.735856,,0.982456
closed_set,Pamap2 -> RealWorld,OVANet,,2,29.701,0.000000,0.671182,0.000000,0.669602,,0.984303
closed_set,Pamap2 -> RealWorld,OVANet,,3,29.679,0.000000,0.578427,0.000000,0.512405,,0.979686
closed_set,Pamap2 -> RealWorld,OVANet,,4,27.712,0.000000,0.778091,0.000000,0.783080,,0.981533
closed_set,Pamap2 -> RealWorld,PPOT,,0,80.111,0.000000,0.002862,0.000000,0.005658,,0.977839
closed_set,Pamap2 -> RealWorld,PPOT,,1,70.750,0.000000,0.000000,0.000000,0.000000,,0.976916
closed_set,Pamap2 -> RealWorld,PPOT,,2,76.202,0.000000,0.001221,0.000000,0.002430,,0.975993
closed_set,Pamap2 -> RealWorld,PPOT,,3,68.980,0.000000,0.000534,0.000000,0.001065,,0.978763
closed_set,Pamap2 -> RealWorld,PPOT,,4,71.688,0.000000,0.000000,0.000000,0.000000,,0.980609
closed_set,Pamap2 -> RealWorld,DANCE,,0,28.855,0.000000,0.000000,0.000000,0.000000,,0.978763
closed_set,Pamap2 -> RealWorld,DANCE,,1,27.872,0.000000,0.000000,0.000000,0.000000,,0.981533
closed_set,Pamap2 -> RealWorld,DANCE,,2,29.430,0.000000,0.000000,0.000000,0.000000,,0.975069
closed_set,Pamap2 -> RealWorld,DANCE,,3,31.087,0.000000,0.000000,0.000000,0.000000,,0.980609
closed_set,Pamap2 -> RealWorld,DANCE,,4,29.931,0.000000,0.000000,0.000000,0.000000,,0.980609
closed_set,Pamap2 -> RealWorld,UniJDOT,,0,253.003,0.000000,0.624595,0.000000,0.688252,,0.971376
closed_set,Pamap2 -> RealWorld,UniJDOT,,1,245.265,0.000000,0.348926,0.000000,0.413445,,0.979686
closed_set,Pamap2 -> RealWorld,UniJDOT,,2,258.674,0.000000,0.689878,0.000000,0.747000,,0.975993
closed_set,Pamap2 -> RealWorld,UniJDOT,,3,249.668,0.000000,0.485558,0.000000,0.560039,,0.971376
closed_set,Pamap2 -> RealWorld,UniJDOT,,4,258.712,0.000000,0.479301,0.000000,0.535475,,0.976916
OSDA,Pamap2 -> MHEALTH,OSBP,1,0,22.160,0.000000,0.480049,0.000000,0.312921,,0.977839
OSDA,Pamap2 -> MHEALTH,OSBP,1,1,23.057,0.139023,0.447514,0.082294,0.321418,,0.967682
OSDA,Pamap2 -> MHEALTH,OSBP,1,2,21.162,0.216154,0.719460,0.127182,0.591724,,0.969529
OSDA,Pamap2 -> MHEALTH,OSBP,1,3,20.718,0.476946,0.518723,0.441397,0.520182,,0.970452
OSDA,Pamap2 -> MHEALTH,OSBP,1,4,20.605,0.490198,0.502149,0.478803,0.504447,,0.956602
OSDA,Pamap2 -> MHEALTH,TSFA,1,0,77.797,0.381132,0.430939,0.341646,0.362829,,0.981533
OSDA,Pamap2 -> MHEALTH,TSFA,1,1,53.674,0.420991,0.485574,0.371571,0.424681,,0.988920
OSDA,Pamap2 -> MHEALTH,TSFA,1,2,49.371,0.231249,0.403315,0.162095,0.259233,,0.978763
OSDA,Pamap2 -> MHEALTH,TSFA,1,3,46.693,0.194463,0.139349,0.321696,0.154476,,0.983379
OSDA,Pamap2 -> MHEALTH,TSFA,1,4,50.239,0.546194,0.821977,0.408978,0.738403,,0.980609
OSDA,Pamap2 -> MHEALTH,UDA,1,0,22.171,0.268322,0.225292,0.331671,0.259424,,0.972299
OSDA,Pamap2 -> MHEALTH,UDA,1,1,22.540,0.317691,0.472069,0.239401,0.420969,,0.968606
OSDA,Pamap2 -> MHEALTH,UDA,1,2,24.498,0.281692,0.225905,0.374065,0.248074,,0.974146
OSDA,Pamap2 -> MHEALTH,UDA,1,3,26.371,0.223673,0.230816,0.216958,0.258315,,0.974146
OSDA,Pamap2 -> MHEALTH,UDA,1,4,25.965,0.259881,0.277471,0.244389,0.293850,,0.975069
OSDA,Pamap2 -> MHEALTH,OVANet,1,0,19.394,0.028391,0.276857,0.014963,0.121683,,0.982456
OSDA,Pamap2 -> MHEALTH,OVANet,1,1,19.235,0.042061,0.333947,0.022444,0.194241,,0.977839
OSDA,Pamap2 -> MHEALTH,OVANet,1,2,19.239,0.037213,0.276243,0.019950,0.122888,,0.977839
OSDA,Pamap2 -> MHEALTH,OVANet,1,3,20.696,0.032648,0.251688,0.017456,0.085462,,0.984303
OSDA,Pamap2 -> MHEALTH,OVANet,1,4,18.227,0.024380,0.545120,0.012469,0.356543,,0.982456
OSDA,Pamap2 -> MHEALTH,DANCE,1,0,22.107,0.000000,0.000000,1.000000,0.065169,,0.974146
OSDA,Pamap2 -> MHEALTH,DANCE,1,1,20.881,0.000000,0.000000,1.000000,0.065169,,0.978763
OSDA,Pamap2 -> MHEALTH,DANCE,1,2,20.300,0.000000,0.000000,1.000000,0.065169,,0.974146
OSDA,Pamap2 -> MHEALTH,DANCE,1,3,18.625,0.000000,0.000000,1.000000,0.065169,,0.977839
OSDA,Pamap2 -> MHEALTH,DANCE,1,4,20.086,0.000000,0.000000,1.000000,0.065169,,0.979686
OSDA,Pamap2 -> MHEALTH,PPOT,1,0,38.856,0.000000,0.000000,1.000000,0.065169,,0.972299
OSDA,Pamap2 -> MHEALTH,PPOT,1,1,36.811,0.047933,0.024555,1.000000,0.098406,,0.978763
OSDA,Pamap2 -> MHEALTH,PPOT,1,2,36.148,0.105814,0.055862,1.000000,0.132675,,0.973223
OSDA,Pamap2 -> MHEALTH,PPOT,1,3,35.585,0.250190,0.143033,0.997506,0.198576,,0.972299
OSDA,Pamap2 -> MHEALTH,PPOT,1,4,39.963,0.000000,0.000000,1.000000,0.065169,,0.976916
OSDA,Pamap2 -> MHEALTH,RAINCOAT,1,0,26.574,0.042963,0.500921,0.022444,0.420223,,0.742382
OSDA,Pamap2 -> MHEALTH,RAINCOAT,1,1,29.058,0.219673,0.271332,0.184539,0.209510,,0.840259
OSDA,Pamap2 -> MHEALTH,RAINCOAT,1,2,35.877,0.346474,0.275629,0.466334,0.298698,,0.886427
OSDA,Pamap2 -> MHEALTH,RAINCOAT,1,3,32.701,0.157420,0.194598,0.132170,0.190367,,0.906741
OSDA,Pamap2 -> MHEALTH,RAINCOAT,1,4,23.802,0.061283,0.250460,0.034913,0.176029,,0.893813
OSDA,Pamap2 -> MHEALTH,UniOT,1,0,140.210,0.358672,0.221608,0.940150,0.274229,,0.975069
OSDA,Pamap2 -> MHEALTH,UniOT,1,1,143.693,0.095640,0.050952,0.778055,0.136996,,0.977839
OSDA,Pamap2 -> MHEALTH,UniOT,1,2,143.053,0.291625,0.175568,0.860349,0.235946,,0.976916
OSDA,Pamap2 -> MHEALTH,UniOT,1,3,131.419,0.142731,0.077348,0.922693,0.142637,,0.972299
OSDA,Pamap2 -> MHEALTH,UniOT,1,4,141.402,0.048745,0.025169,0.770574,0.099817,,0.979686
OSDA,Pamap2 -> MHEALTH,UniJDOT,1,0,209.026,0.443995,0.294659,0.900249,0.333793,,0.973223
OSDA,Pamap2 -> MHEALTH,UniJDOT,1,1,197.625,0.319426,0.349294,0.294264,0.340081,,0.972299
OSDA,Pamap2 -> MHEALTH,UniJDOT,1,2,240.726,0.023056,0.011664,0.992519,0.095592,,0.982456
OSDA,Pamap2 -> MHEALTH,UniJDOT,1,3,247.592,0.161559,0.090239,0.770574,0.169217,,0.971376
OSDA,Pamap2 -> MHEALTH,UniJDOT,1,4,209.067,0.683855,0.523020,0.987531,0.573893,,0.975069
OSDA,Pamap2 -> MHEALTH,OSBP,5,0,26.125,0.298360,0.299878,0.296857,0.333131,,0.973223
OSDA,Pamap2 -> MHEALTH,OSBP,5,1,24.354,0.503465,0.477356,0.532596,0.504484,,0.966759
OSDA,Pamap2 -> MHEALTH,OSBP,5,2,24.275,0.502991,0.894737,0.349825,0.593001,,0.895660
OSDA,Pamap2 -> MHEALTH,OSBP,5,3,24.392,0.276155,0.213586,0.390570,0.312634,,0.961219
OSDA,Pamap2 -> MHEALTH,OSBP,5,4,24.576,0.447525,0.533660,0.385332,0.462557,,0.963989
OSDA,Pamap2 -> MHEALTH,TSFA,5,0,51.174,0.240739,0.359241,0.181024,0.246170,,0.980609
OSDA,Pamap2 -> MHEALTH,TSFA,5,1,49.065,0.170844,0.130967,0.245634,0.219961,,0.986150
OSDA,Pamap2 -> MHEALTH,TSFA,5,2,48.186,0.283222,0.558140,0.189756,0.313834,,0.976916
OSDA,Pamap2 -> MHEALTH,TSFA,5,3,49.136,0.173176,0.130967,0.255530,0.226711,,0.987073
OSDA,Pamap2 -> MHEALTH,TSFA,5,4,48.908,0.276090,0.587515,0.180442,0.313048,,0.980609
OSDA,Pamap2 -> MHEALTH,UDA,5,0,27.168,0.479954,0.477968,0.481956,0.500833,,0.970452
OSDA,Pamap2 -> MHEALTH,UDA,5,1,25.995,0.438692,0.490208,0.396973,0.448460,,0.971376
OSDA,Pamap2 -> MHEALTH,UDA,5,2,24.731,0.355361,0.422277,0.306752,0.376620,,0.967682
OSDA,Pamap2 -> MHEALTH,UDA,5,3,26.269,0.338807,0.310282,0.373108,0.368046,,0.964912
OSDA,Pamap2 -> MHEALTH,UDA,5,4,25.875,0.312544,0.263158,0.384750,0.352534,,0.982456
OSDA,Pamap2 -> MHEALTH,OVANet,5,0,22.401,0.248395,0.271726,0.228754,0.215380,,0.983379
OSDA,Pamap2 -> MHEALTH,OVANet,5,1,22.156,0.240942,0.323133,0.192084,0.227726,,0.979686
OSDA,Pamap2 -> MHEALTH,OVANet,5,2,22.094,0.237475,0.276010,0.208382,0.207906,,0.984303
OSDA,Pamap2 -> MHEALTH,OVANet,5,3,21.485,0.250019,0.250918,0.249127,0.210347,,0.981533
OSDA,Pamap2 -> MHEALTH,OVANet,5,4,21.642,0.029362,0.490820,0.015134,0.135914,,0.981533
OSDA,Pamap2 -> MHEALTH,DANCE,5,0,21.975,0.000000,0.000000,1.000000,0.347348,,0.977839
OSDA,Pamap2 -> MHEALTH,DANCE,5,1,21.852,0.000000,0.000000,1.000000,0.347348,,0.978763
OSDA,Pamap2 -> MHEALTH,DANCE,5,2,18.919,0.000000,0.000000,1.000000,0.347348,,0.972299
OSDA,Pamap2 -> MHEALTH,DANCE,5,3,20.179,0.000000,0.000000,1.000000,0.347348,,0.978763
OSDA,Pamap2 -> MHEALTH,DANCE,5,4,23.191,0.000000,0.000000,1.000000,0.347348,,0.979686
OSDA,Pamap2 -> MHEALTH,PPOT,5,0,36.731,0.000000,0.000000,1.000000,0.347348,,0.976916
OSDA,Pamap2 -> MHEALTH,PPOT,5,1,43.564,0.344631,0.214198,0.881257,0.431846,,0.978763
OSDA,Pamap2 -> MHEALTH,PPOT,5,2,47.494,0.000000,0.000000,1.000000,0.347348,,0.976916
OSDA,Pamap2 -> MHEALTH,PPOT,5,3,38.778,0.000000,0.000000,1.000000,0.347348,,0.977839
OSDA,Pamap2 -> MHEALTH,PPOT,5,4,42.416,0.000000,0.000000,1.000000,0.347348,,0.975069
OSDA,Pamap2 -> MHEALTH,RAINCOAT,5,0,36.768,0.201388,0.282130,0.156577,0.184854,,0.893813
OSDA,Pamap2 -> MHEALTH,RAINCOAT,5,1,45.923,0.228563,0.175643,0.327125,0.247123,,0.879963
OSDA,Pamap2 -> MHEALTH,RAINCOAT,5,2,54.264,0.389303,0.334761,0.465076,0.413519,,0.887350
OSDA,Pamap2 -> MHEALTH,RAINCOAT,5,3,50.624,0.262345,0.204406,0.366123,0.291723,,0.893813
OSDA,Pamap2 -> MHEALTH,RAINCOAT,5,4,50.219,0.189721,0.195226,0.184517,0.205318,,0.900277
OSDA,Pamap2 -> MHEALTH,UniOT,5,0,142.178,0.432754,0.290698,0.846333,0.514515,,0.982456
OSDA,Pamap2 -> MHEALTH,UniOT,5,1,147.347,0.356662,0.240514,0.689756,0.423212,,0.981533
OSDA,Pamap2 -> MHEALTH,UniOT,5,2,128.856,0.361396,0.258874,0.598370,0.416774,,0.981533
OSDA,Pamap2 -> MHEALTH,UniOT,5,3,150.570,0.448596,0.336597,0.672293,0.460034,,0.978763
OSDA,Pamap2 -> MHEALTH,UniOT,5,4,129.687,0.040540,0.020808,0.784051,0.327336,,0.980609
OSDA,Pamap2 -> MHEALTH,UniJDOT,5,0,217.505,0.137607,0.076499,0.683935,0.364703,,0.974146
OSDA,Pamap2 -> MHEALTH,UniJDOT,5,1,197.058,0.136752,0.074663,0.811991,0.381345,,0.979686
OSDA,Pamap2 -> MHEALTH,UniJDOT,5,2,214.808,0.476335,0.378825,0.641444,0.518577,,0.955679
OSDA,Pamap2 -> MHEALTH,UniJDOT,5,3,220.343,0.497094,0.370257,0.756112,0.532052,,0.980609
OSDA,Pamap2 -> MHEALTH,UniJDOT,5,4,191.385,0.427559,0.368421,0.509313,0.418618,,0.973223
OSDA,Pamap2 -> MHEALTH,OSBP,3,0,21.620,0.369770,0.537139,0.281924,0.409328,,0.969529
OSDA,Pamap2 -> MHEALTH,OSBP,3,1,20.750,0.003299,0.305709,0.001658,0.103834,,0.984303
OSDA,Pamap2 -> MHEALTH,OSBP,3,2,22.965,0.436823,0.590546,0.346600,0.487466,,0.965836
OSDA,Pamap2 -> MHEALTH,OSBP,3,3,22.478,0.361037,0.297729,0.458541,0.350642,,0.970452
OSDA,Pamap2 -> MHEALTH,OSBP,3,4,24.839,0.409461,0.341314,0.511609,0.427608,,0.973223
OSDA,Pamap2 -> MHEALTH,TSFA,3,0,48.758,0.277197,0.335175,0.236318,0.268912,,0.976916
OSDA,Pamap2 -> MHEALTH,TSFA,3,1,47.144,0.300149,0.390424,0.243781,0.305439,,0.986150
OSDA,Pamap2 -> MHEALTH,TSFA,3,2,47.233,0.154611,0.193984,0.128524,0.147638,,0.984303
OSDA,Pamap2 -> MHEALTH,TSFA,3,3,49.748,0.294495,0.424187,0.225539,0.299334,,0.984303
OSDA,Pamap2 -> MHEALTH,TSFA,3,4,48.055,0.336440,0.534684,0.245439,0.357083,,0.980609
OSDA,Pamap2 -> MHEALTH,UDA,3,0,26.116,0.223954,0.168201,0.334992,0.263161,,0.964912
OSDA,Pamap2 -> MHEALTH,UDA,3,1,25.427,0.235393,0.189687,0.310116,0.253251,,0.964912
OSDA,Pamap2 -> MHEALTH,UDA,3,2,25.526,0.336238,0.262738,0.466833,0.345930,,0.975069
OSDA,Pamap2 -> MHEALTH,UDA,3,3,22.955,0.227866,0.198281,0.267828,0.232847,,0.979686
OSDA,Pamap2 -> MHEALTH,UDA,3,4,22.276,0.201222,0.161449,0.266998,0.215251,,0.981533
OSDA,Pamap2 -> MHEALTH,OVANet,3,0,18.982,0.283194,0.275015,0.291874,0.231099,,0.983379
OSDA,Pamap2 -> MHEALTH,OVANet,3,1,17.970,0.294542,0.328422,0.266998,0.269288,,0.978763
OSDA,Pamap2 -> MHEALTH,OVANet,3,2,19.752,0.197416,0.276857,0.153400,0.163732,,0.979686
OSDA,Pamap2 -> MHEALTH,OVANet,3,3,21.292,0.289541,0.251688,0.340796,0.226997,,0.983379
OSDA,Pamap2 -> MHEALTH,OVANet,3,4,21.122,0.141469,0.511357,0.082090,0.244552,,0.981533
OSDA,Pamap2 -> MHEALTH,DANCE,3,0,19.797,0.000000,0.000000,1.000000,0.253912,,0.977839
OSDA,Pamap2 -> MHEALTH,DANCE,3,1,19.494,0.000000,0.000000,1.000000,0.253912,,0.978763
OSDA,Pamap2 -> MHEALTH,DANCE,3,2,19.757,0.000000,0.000000,1.000000,0.253912,,0.973223
OSDA,Pamap2 -> MHEALTH,DANCE,3,3,19.619,0.000000,0.000000,1.000000,0.253912,,0.977839
OSDA,Pamap2 -> MHEALTH,DANCE,3,4,19.498,0.000000,0.000000,1.000000,0.253912,,0.977839
OSDA,Pamap2 -> MHEALTH,PPOT,3,0,37.222,0.000000,0.000000,1.000000,0.253912,,0.972299
OSDA,Pamap2 -> MHEALTH,PPOT,3,1,38.084,0.000000,0.000000,1.000000,0.253912,,0.979686
OSDA,Pamap2 -> MHEALTH,PPOT,3,2,36.146,0.000000,0.000000,1.000000,0.253912,,0.980609
OSDA,Pamap2 -> MHEALTH,PPOT,3,3,37.909,0.237072,0.136894,0.883914,0.326595,,0.978763
OSDA,Pamap2 -> MHEALTH,PPOT,3,4,35.523,0.000000,0.000000,1.000000,0.253912,,0.980609
OSDA,Pamap2 -> MHEALTH,RAINCOAT,3,0,45.938,0.279473,0.273174,0.286070,0.252189,,0.879963
OSDA,Pamap2 -> MHEALTH,RAINCOAT,3,1,38.771,0.334663,0.273788,0.430348,0.328622,,0.896584
OSDA,Pamap2 -> MHEALTH,RAINCOAT,3,2,35.449,0.294607,0.245549,0.368159,0.279800,,0.875346
OSDA,Pamap2 -> MHEALTH,RAINCOAT,3,3,30.044,0.090769,0.208103,0.058043,0.103436,,0.898430
OSDA,Pamap2 -> MHEALTH,RAINCOAT,3,4,32.928,0.092244,0.352363,0.053068,0.163494,,0.955679
OSDA,Pamap2 -> MHEALTH,UniOT,3,0,143.622,0.254364,0.148557,0.883914,0.365342,,0.975069
OSDA,Pamap2 -> MHEALTH,UniOT,3,1,140.652,0.247743,0.148557,0.745439,0.350679,,0.977839
OSDA,Pamap2 -> MHEALTH,UniOT,3,2,135.302,0.346244,0.227133,0.728027,0.363506,,0.977839
OSDA,Pamap2 -> MHEALTH,UniOT,3,3,143.022,0.189331,0.107428,0.796849,0.316063,,0.971376
OSDA,Pamap2 -> MHEALTH,UniOT,3,4,138.021,0.184867,0.106814,0.686567,0.305067,,0.968606
OSDA,Pamap2 -> MHEALTH,UniJDOT,3,0,193.686,0.322352,0.211172,0.680763,0.389993,,0.982456
OSDA,Pamap2 -> MHEALTH,UniJDOT,3,1,221.331,0.258051,0.289134,0.233002,0.277171,,0.975069
OSDA,Pamap2 -> MHEALTH,UniJDOT,3,2,228.544,0.415810,0.272560,0.876451,0.422739,,0.972299
OSDA,Pamap2 -> MHEALTH,UniJDOT,3,3,210.605,0.413779,0.561694,0.327529,0.445264,,0.979686
OSDA,Pamap2 -> MHEALTH,UniJDOT,3,4,208.680,0.430951,0.307551,0.719735,0.429427,,0.976916
OSDA,RealWorld -> MHEALTH,OSBP,2,0,135.497,0.476689,0.350522,0.744760,0.477110,,0.874465
OSDA,RealWorld -> MHEALTH,OSBP,2,1,137.023,0.451677,0.346839,0.647349,0.430511,,0.817633
OSDA,RealWorld -> MHEALTH,OSBP,2,2,141.765,0.598169,0.525476,0.694205,0.593880,,0.798560
OSDA,RealWorld -> MHEALTH,OSBP,2,3,145.825,0.367797,0.300184,0.474723,0.358069,,0.775010
OSDA,RealWorld -> MHEALTH,OSBP,2,4,131.970,0.479626,0.401473,0.595561,0.471659,,0.866290
OSDA,RealWorld -> MHEALTH,TSFA,2,0,295.711,0.283217,0.436464,0.209618,0.326891,,0.871156
OSDA,RealWorld -> MHEALTH,TSFA,2,1,310.334,0.420163,0.539595,0.344020,0.462969,,0.825613
OSDA,RealWorld -> MHEALTH,TSFA,2,2,314.254,0.436536,0.683855,0.320592,0.543497,,0.904632
OSDA,RealWorld -> MHEALTH,TSFA,2,3,310.468,0.282884,0.348680,0.237978,0.292403,,0.818023
OSDA,RealWorld -> MHEALTH,TSFA,2,4,302.628,0.402530,0.716390,0.279901,0.557723,,0.896263
OSDA,RealWorld -> MHEALTH,OVANet,2,0,120.016,0.263168,0.300184,0.234279,0.258171,,0.904048
OSDA,RealWorld -> MHEALTH,OVANet,2,1,126.976,0.522938,0.498465,0.549938,0.501234,,0.868237
OSDA,RealWorld -> MHEALTH,OVANet,2,2,124.812,0.449767,0.548803,0.381011,0.449975,,0.911055
OSDA,RealWorld -> MHEALTH,OVANet,2,3,126.642,0.526484,0.546347,0.508015,0.490284,,0.768976
OSDA,RealWorld -> MHEALTH,OVANet,2,4,126.005,0.406795,0.597913,0.308261,0.449676,,0.826392
OSDA,RealWorld -> MHEALTH,DANCE,2,0,129.013,0.125283,0.066912,0.981504,0.251296,,0.841962
OSDA,RealWorld -> MHEALTH,DANCE,2,1,126.633,0.012201,0.006139,0.975339,0.176820,,0.831257
OSDA,RealWorld -> MHEALTH,DANCE,2,2,124.724,0.143029,0.077348,0.948212,0.248436,,0.870572
OSDA,RealWorld -> MHEALTH,DANCE,2,3,125.188,0.061713,0.031921,0.924784,0.195991,,0.856948
OSDA,RealWorld -> MHEALTH,DANCE,2,4,127.621,0.132336,0.071209,0.934649,0.242878,,0.826781
OSDA,RealWorld -> MHEALTH,PPOT,2,0,236.683,0.432355,0.499693,0.381011,0.451146,,0.863566
OSDA,RealWorld -> MHEALTH,PPOT,2,1,228.336,0.523361,0.551258,0.498150,0.518738,,0.924095
OSDA,RealWorld -> MHEALTH,PPOT,2,2,226.801,0.457634,0.524862,0.405672,0.487423,,0.833204
OSDA,RealWorld -> MHEALTH,PPOT,2,3,224.127,0.528955,0.599141,0.473490,0.549600,,0.841183
OSDA,RealWorld -> MHEALTH,PPOT,2,4,231.001,0.486413,0.574586,0.421702,0.528099,,0.883807
OSDA,RealWorld -> MHEALTH,RAINCOAT,2,0,34.165,0.370790,0.333947,0.416769,0.337138,,0.766251
OSDA,RealWorld -> MHEALTH,RAINCOAT,2,1,32.671,0.014587,0.514426,0.007398,0.268622,,0.463799
OSDA,RealWorld -> MHEALTH,RAINCOAT,2,2,34.298,0.163530,0.258441,0.119605,0.182344,,0.694434
OSDA,RealWorld -> MHEALTH,RAINCOAT,2,3,35.962,0.326286,0.321056,0.331689,0.296214,,0.812768
OSDA,RealWorld -> MHEALTH,RAINCOAT,2,4,35.135,0.289109,0.191529,0.589396,0.261330,,0.690736
OSDA,RealWorld -> MHEALTH,UniOT,2,0,723.930,0.381731,0.258441,0.729963,0.339583,,0.862009
OSDA,RealWorld -> MHEALTH,UniOT,2,1,716.409,0.517930,0.367096,0.879162,0.469458,,0.946672
OSDA,RealWorld -> MHEALTH,UniOT,2,2,738.048,0.433819,0.302640,0.765721,0.395412,,0.852666
OSDA,RealWorld -> MHEALTH,UniOT,2,3,736.220,0.424162,0.322284,0.620222,0.378810,,0.889257
OSDA,RealWorld -> MHEALTH,UniOT,2,4,734.968,0.403819,0.293432,0.647349,0.348437,,0.859868
OSDA,RealWorld -> MHEALTH,UniJDOT,2,0,1254.365,0.548030,0.378146,0.995068,0.508874,,0.849552
OSDA,RealWorld -> MHEALTH,UniJDOT,2,1,1483.804,0.521083,0.489257,0.557337,0.403279,,0.885753
OSDA,RealWorld -> MHEALTH,UniJDOT,2,2,1708.742,0.555712,0.486802,0.647349,0.496704,,0.897042
OSDA,RealWorld -> MHEALTH,UniJDOT,2,3,1766.162,0.567850,0.658072,0.499383,0.576463,,0.917283
OSDA,RealWorld -> MHEALTH,UniJDOT,2,4,1871.548,0.612667,0.509515,0.768187,0.508388,,0.882445
OSDA,Pamap2 -> RealWorld,OSBP,4,0,35.312,0.001150,0.798367,0.000575,0.387327,,0.975069
OSDA,Pamap2 -> RealWorld,OSBP,4,1,34.953,0.000128,0.758850,0.000064,0.372494,,0.975069
OSDA,Pamap2 -> RealWorld,OSBP,4,2,31.945,0.002680,0.731996,0.001342,0.355578,,0.977839
OSDA,Pamap2 -> RealWorld,OSBP,4,3,26.817,0.001022,0.811298,0.000511,0.422852,,0.978763
OSDA,Pamap2 -> RealWorld,OSBP,4,4,26.902,0.003063,0.810383,0.001534,0.418422,,0.973223
OSDA,Pamap2 -> RealWorld,TSFA,4,0,63.583,0.331876,0.508544,0.246308,0.354078,,0.971376
OSDA,Pamap2 -> RealWorld,TSFA,4,1,62.748,0.328467,0.537992,0.236400,0.366556,,0.976916
OSDA,Pamap2 -> RealWorld,TSFA,4,2,64.591,0.346381,0.505073,0.263568,0.362285,,0.978763
OSDA,Pamap2 -> RealWorld,TSFA,4,3,62.671,0.342081,0.503280,0.259094,0.358379,,0.973223
OSDA,Pamap2 -> RealWorld,TSFA,4,4,63.953,0.321099,0.496414,0.237295,0.342394,,0.977839
OSDA,Pamap2 -> RealWorld,UDA,4,0,36.859,0.414556,0.542226,0.335549,0.469152,,0.972299
OSDA,Pamap2 -> RealWorld,UDA,4,1,30.920,0.461912,0.534139,0.406891,0.492341,,0.966759
OSDA,Pamap2 -> RealWorld,UDA,4,2,31.452,0.431527,0.583041,0.342517,0.494667,,0.969529
OSDA,Pamap2 -> RealWorld,UDA,4,3,35.299,0.420513,0.469751,0.380618,0.440598,,0.965836
OSDA,Pamap2 -> RealWorld,UDA,4,4,36.782,0.442138,0.487183,0.404718,0.461501,,0.971376
OSDA,Pamap2 -> RealWorld,OVANet,4,0,31.757,0.127170,0.831668,0.068849,0.481059,,0.976916
OSDA,Pamap2 -> RealWorld,OVANet,4,1,31.379,0.167418,0.762244,0.094036,0.454748,,0.983379
OSDA,Pamap2 -> RealWorld,OVANet,4,2,27.139,0.158058,0.809506,0.087579,0.481207,,0.982456
OSDA,Pamap2 -> RealWorld,OVANet,4,3,30.315,0.095664,0.646666,0.051652,0.359433,,0.984303
OSDA,Pamap2 -> RealWorld,OVANet,4,4,31.480,0.104455,0.827929,0.055744,0.467427,,0.980609
OSDA,Pamap2 -> RealWorld,DANCE,4,0,32.696,0.000000,0.000000,1.000000,0.203329,,0.973223
OSDA,Pamap2 -> RealWorld,DANCE,4,1,32.184,0.000000,0.000000,1.000000,0.203329,,0.982456
OSDA,Pamap2 -> RealWorld,DANCE,4,2,30.934,0.000000,0.000000,1.000000,0.203329,,0.979686
OSDA,Pamap2 -> RealWorld,DANCE,4,3,32.759,0.000000,0.000000,1.000000,0.203329,,0.982456
OSDA,Pamap2 -> RealWorld,DANCE,4,4,31.214,0.000000,0.000000,1.000000,0.203329,,0.978763
OSDA,Pamap2 -> RealWorld,PPOT,4,0,88.540,0.000000,0.000000,1.000000,0.203329,,0.984303
OSDA,Pamap2 -> RealWorld,PPOT,4,1,88.126,0.049471,0.025366,0.995014,0.233438,,0.980609
OSDA,Pamap2 -> RealWorld,PPOT,4,2,89.036,0.000000,0.000000,1.000000,0.203329,,0.982456
OSDA,Pamap2 -> RealWorld,PPOT,4,3,88.536,0.047536,0.024374,0.955188,0.224752,,0.980609
OSDA,Pamap2 -> RealWorld,PPOT,4,4,88.806,0.000000,0.000000,1.000000,0.203329,,0.977839
OSDA,Pamap2 -> RealWorld,RAINCOAT,4,0,57.973,0.287398,0.405439,0.222592,0.336529,,0.759003
OSDA,Pamap2 -> RealWorld,RAINCOAT,4,1,87.429,0.438685,0.344446,0.603912,0.433044,,0.766390
OSDA,Pamap2 -> RealWorld,RAINCOAT,4,2,75.168,0.356238,0.470972,0.286454,0.400195,,0.820868
OSDA,Pamap2 -> RealWorld,RAINCOAT,4,3,87.680,0.329541,0.465441,0.255066,0.388968,,0.830102
OSDA,Pamap2 -> RealWorld,RAINCOAT,4,4,66.700,0.259266,0.289518,0.234738,0.275924,,0.838412
OSDA,Pamap2 -> RealWorld,UniOT,4,0,152.393,0.421447,0.292341,0.754779,0.415236,,0.980609
OSDA,Pamap2 -> RealWorld,UniOT,4,1,149.257,0.525669,0.411695,0.726907,0.492607,,0.975993
OSDA,Pamap2 -> RealWorld,UniOT,4,2,156.380,0.459129,0.326976,0.770568,0.467704,,0.974146
OSDA,Pamap2 -> RealWorld,UniOT,4,3,149.323,0.472970,0.344561,0.753947,0.460000,,0.977839
OSDA,Pamap2 -> RealWorld,UniOT,4,4,151.823,0.584291,0.461512,0.796075,0.573206,,0.974146
OSDA,Pamap2 -> RealWorld,UniJDOT,4,0,262.843,0.583237,0.439312,0.867417,0.559106,,0.967682
OSDA,Pamap2 -> RealWorld,UniJDOT,4,1,298.248,0.443208,0.356271,0.586269,0.382647,,0.972299
OSDA,Pamap2 -> RealWorld,UniJDOT,4,2,269.591,0.582819,0.446063,0.840504,0.554045,,0.945522
OSDA,Pamap2 -> RealWorld,UniJDOT,4,3,264.751,0.507188,0.471201,0.549127,0.472883,,0.972299
OSDA,Pamap2 -> RealWorld,UniJDOT,4,4,262.920,0.508012,0.346239,0.953526,0.515612,,0.976916
closed_set,MHEALTH -> RealWorld,Deep_Coral,,0,5.903,,,,0.292583,0.993827,0.993827
closed_set,MHEALTH -> RealWorld,Deep_Coral,,1,5.314,,,,0.280618,0.990741,0.990741
closed_set,MHEALTH -> RealWorld,Deep_Coral,,2,5.159,,,,0.270775,0.993827,0.993827
closed_set,MHEALTH -> RealWorld,Deep_Coral,,3,5.365,,,,0.257944,0.993827,0.993827
closed_set,MHEALTH -> RealWorld,Deep_Coral,,4,5.371,,,,0.191016,0.987649,0.987654
closed_set,MHEALTH -> RealWorld,DDC,,0,5.992,,,,0.266250,0.993827,0.993827
closed_set,MHEALTH -> RealWorld,DDC,,1,5.539,,,,0.235391,0.996913,0.996914
closed_set,MHEALTH -> RealWorld,DDC,,2,6.442,,,,0.238585,0.996913,0.996914
closed_set,MHEALTH -> RealWorld,DDC,,3,6.597,,,,0.217840,0.996913,0.996914
closed_set,MHEALTH -> RealWorld,DDC,,4,5.974,,,,0.210836,0.990739,0.990741
closed_set,MHEALTH -> RealWorld,MMDA,,0,12.253,,,,0.356305,0.987654,0.987654
closed_set,MHEALTH -> RealWorld,MMDA,,1,11.759,,,,0.313345,0.987653,0.987654
closed_set,MHEALTH -> RealWorld,MMDA,,2,12.532,,,,0.277249,0.861533,0.870370
closed_set,MHEALTH -> RealWorld,MMDA,,3,12.762,,,,0.287251,0.993826,0.993827
closed_set,MHEALTH -> RealWorld,MMDA,,4,12.221,,,,0.324936,0.990741,0.990741
closed_set,MHEALTH -> RealWorld,DANN,,0,6.106,,,,0.370351,0.864461,0.870370
closed_set,MHEALTH -> RealWorld,DANN,,1,5.940,,,,0.292603,0.969091,0.969136
closed_set,MHEALTH -> RealWorld,DANN,,2,5.889,,,,0.258661,0.651953,0.737654
closed_set,MHEALTH -> RealWorld,DANN,,3,5.867,,,,0.380759,0.857905,0.867284
closed_set,MHEALTH -> RealWorld,DANN,,4,5.946,,,,0.312280,0.851732,0.861111
closed_set,MHEALTH -> RealWorld,CDAN,,0,5.675,,,,0.382522,0.993827,0.993827
closed_set,MHEALTH -> RealWorld,CDAN,,1,6.280,,,,0.311043,0.987673,0.987654
closed_set,MHEALTH -> RealWorld,CDAN,,2,5.864,,,,0.259515,0.861533,0.870370
closed_set,MHEALTH -> RealWorld,CDAN,,3,5.558,,,,0.265535,0.858631,0.867284
closed_set,MHEALTH -> RealWorld,CDAN,,4,5.806,,,,0.283762,1.000000,1.000000
closed_set,MHEALTH -> RealWorld,DIRT,,0,17.607,,,,0.397515,0.996913,0.996914
closed_set,MHEALTH -> RealWorld,DIRT,,1,18.597,,,,0.408075,0.993826,0.993827
closed_set,MHEALTH -> RealWorld,DIRT,,2,17.893,,,,0.266040,0.993827,0.993827
closed_set,MHEALTH -> RealWorld,DIRT,,3,16.652,,,,0.303001,0.858631,0.867284
closed_set,MHEALTH -> RealWorld,DIRT,,4,16.413,,,,0.292460,0.996913,0.996914
closed_set,MHEALTH -> RealWorld,DSAN,,0,9.753,,,,0.363724,0.990739,0.990741
closed_set,MHEALTH -> RealWorld,DSAN,,1,10.044,,,,0.283054,0.996914,0.996914
closed_set,MHEALTH -> RealWorld,DSAN,,2,9.594,,,,0.342500,0.996914,0.996914
closed_set,MHEALTH -> RealWorld,DSAN,,3,9.512,,,,0.296171,0.996913,0.996914
closed_set,MHEALTH -> RealWorld,DSAN,,4,9.377,,,,0.333600,0.990739,0.990741
closed_set,MHEALTH -> RealWorld,HoMM,,0,10.201,,,,0.309835,0.993827,0.993827
closed_set,MHEALTH -> RealWorld,HoMM,,1,10.278,,,,0.286689,0.996914,0.996914
closed_set,MHEALTH -> RealWorld,HoMM,,2,10.097,,,,0.305468,0.996914,0.996914
closed_set,MHEALTH -> RealWorld,HoMM,,3,10.197,,,,0.283967,0.993827,0.993827
closed_set,MHEALTH -> RealWorld,HoMM,,4,10.064,,,,0.190510,0.987649,0.987654
closed_set,MHEALTH -> RealWorld,CoDATS,,0,5.608,,,,0.465531,0.987654,0.987654
closed_set,MHEALTH -> RealWorld,CoDATS,,1,5.980,,,,0.521918,0.861533,0.870370
closed_set,MHEALTH -> RealWorld,CoDATS,,2,5.795,,,,0.302284,0.993827,0.993827
closed_set,MHEALTH -> RealWorld,CoDATS,,3,6.180,,,,0.468951,0.861533,0.870370
closed_set,MHEALTH -> RealWorld,CoDATS,,4,5.786,,,,0.332833,0.993827,0.993827
closed_set,MHEALTH -> RealWorld,AdvSKM,,0,8.444,,,,0.286768,0.996913,0.996914
closed_set,MHEALTH -> RealWorld,AdvSKM,,1,8.410,,,,0.218133,0.993827,0.993827
closed_set,MHEALTH -> RealWorld,AdvSKM,,2,8.356,,,,0.226810,0.993827,0.993827
closed_set,MHEALTH -> RealWorld,AdvSKM,,3,8.329,,,,0.231516,0.996913,0.996914
closed_set,MHEALTH -> RealWorld,AdvSKM,,4,8.599,,,,0.189994,0.996913,0.996914
closed_set,MHEALTH -> RealWorld,SASA,,0,12.236,,,,0.292086,0.996913,0.996914
closed_set,MHEALTH -> RealWorld,SASA,,1,12.312,,,,0.288405,0.993825,0.993827
closed_set,MHEALTH -> RealWorld,SASA,,2,12.332,,,,0.400777,0.993827,0.993827
closed_set,MHEALTH -> RealWorld,SASA,,3,12.063,,,,0.348175,0.996913,0.996914
closed_set,MHEALTH -> RealWorld,SASA,,4,10.922,,,,0.252589,0.996913,0.996914
closed_set,MHEALTH -> RealWorld,CoTMix,,0,7.897,,,,0.366565,0.984587,0.984568
closed_set,MHEALTH -> RealWorld,CoTMix,,1,7.985,,,,0.408044,0.996914,0.996914
closed_set,MHEALTH -> RealWorld,CoTMix,,2,7.926,,,,0.381805,0.993827,0.993827
closed_set,MHEALTH -> RealWorld,CoTMix,,3,7.699,,,,0.356704,0.990778,0.990741
closed_set,MHEALTH -> RealWorld,CoTMix,,4,7.729,,,,0.096528,0.102232,0.253086
closed_set,MHEALTH -> RealWorld,SWL_Adapt,,0,42.382,,,,0.403100,0.990740,0.990741
closed_set,MHEALTH -> RealWorld,SWL_Adapt,,1,44.043,,,,0.429203,0.993827,0.993827
closed_set,MHEALTH -> RealWorld,SWL_Adapt,,2,44.547,,,,0.270974,0.993827,0.993827
closed_set,MHEALTH -> RealWorld,SWL_Adapt,,3,43.561,,,,0.315688,0.996914,0.996914
closed_set,MHEALTH -> RealWorld,SWL_Adapt,,4,44.690,,,,0.295522,0.996914,0.996914
closed_set,MHEALTH -> RealWorld,uDAR,,0,14.503,,,,0.347804,1.000000,1.000000
closed_set,MHEALTH -> RealWorld,uDAR,,1,15.055,,,,0.309011,1.000000,1.000000
closed_set,MHEALTH -> RealWorld,uDAR,,2,15.348,,,,0.330143,0.996914,0.996914
closed_set,MHEALTH -> RealWorld,uDAR,,3,15.098,,,,0.299085,1.000000,1.000000
closed_set,MHEALTH -> RealWorld,uDAR,,4,15.134,,,,0.320084,0.993827,0.993827
closed_set,MHEALTH -> RealWorld,DAAN,,0,17.298,,,,0.398286,0.996914,0.996914
closed_set,MHEALTH -> RealWorld,DAAN,,1,17.548,,,,0.076740,1.000000,1.000000
closed_set,MHEALTH -> RealWorld,DAAN,,2,18.085,,,,0.269967,0.996914,0.996914
closed_set,MHEALTH -> RealWorld,DAAN,,3,17.468,,,,0.085994,0.990735,0.990741
closed_set,MHEALTH -> RealWorld,DAAN,,4,16.500,,,,0.072623,1.000000,1.000000
closed_set,MHEALTH -> RealWorld,ACON,,0,14.196,,,,0.916153,0.996914,0.996914
closed_set,MHEALTH -> RealWorld,ACON,,1,14.083,,,,0.919221,0.996914,0.996914
closed_set,MHEALTH -> RealWorld,ACON,,2,13.830,,,,0.912680,0.996914,0.996914
closed_set,MHEALTH -> RealWorld,ACON,,3,13.922,,,,0.914424,1.000000,1.000000
closed_set,MHEALTH -> RealWorld,ACON,,4,13.715,,,,0.891147,0.865021,0.873457
closed_set,MHEALTH -> RealWorld,SSSS_TSA,,0,109.627,,,,0.535634,1.000000,1.000000
closed_set,MHEALTH -> RealWorld,SSSS_TSA,,1,119.594,,,,0.456769,0.996914,0.996914
closed_set,MHEALTH -> RealWorld,SSSS_TSA,,2,119.094,,,,0.426147,0.993826,0.993827
closed_set,MHEALTH -> RealWorld,SSSS_TSA,,3,120.187,,,,0.458842,0.975047,0.975309
closed_set,MHEALTH -> RealWorld,SSSS_TSA,,4,113.807,,,,0.505217,0.993827,0.993827
closed_set,MHEALTH -> RealWorld,CLUDA,,0,15.286,,,,0.386235,0.993827,0.993827
closed_set,MHEALTH -> RealWorld,CLUDA,,1,15.550,,,,0.428563,0.990741,0.990741
closed_set,MHEALTH -> RealWorld,CLUDA,,2,15.279,,,,0.449491,0.990740,0.990741
closed_set,MHEALTH -> RealWorld,CLUDA,,3,14.477,,,,0.423259,0.984568,0.984568
closed_set,MHEALTH -> RealWorld,CLUDA,,4,15.204,,,,0.380905,0.990740,0.990741
closed_set,MHEALTH -> RealWorld,OSBP,,0,10.737,0.000000,0.876264,0.000000,0.879838,,0.864198
closed_set,MHEALTH -> RealWorld,OSBP,,1,9.614,0.000000,0.566027,0.000000,0.607261,,0.978395
closed_set,MHEALTH -> RealWorld,OSBP,,2,9.627,0.000000,0.631348,0.000000,0.651675,,0.993827
closed_set,MHEALTH -> RealWorld,OSBP,,3,9.345,0.000000,0.589072,0.000000,0.602324,,0.993827
closed_set,MHEALTH -> RealWorld,OSBP,,4,9.657,0.000000,0.498989,0.000000,0.521558,,0.932099
closed_set,MHEALTH -> RealWorld,TSFA,,0,22.991,0.000000,0.726048,0.000000,0.802889,,1.000000
closed_set,MHEALTH -> RealWorld,TSFA,,1,22.888,0.000000,0.698081,0.000000,0.739815,,1.000000
closed_set,MHEALTH -> RealWorld,TSFA,,2,23.520,0.000000,0.718952,0.000000,0.790564,,0.996914
closed_set,MHEALTH -> RealWorld,TSFA,,3,21.654,0.000000,0.749246,0.000000,0.823392,,0.996914
closed_set,MHEALTH -> RealWorld,TSFA,,4,22.603,0.000000,0.734709,0.000000,0.809222,,0.996914
closed_set,MHEALTH -> RealWorld,UDA,,0,11.082,0.000000,0.598001,0.000000,0.731560,,0.993827
closed_set,MHEALTH -> RealWorld,UDA,,1,12.246,0.000000,0.302034,0.000000,0.365093,,0.993827
closed_set,MHEALTH -> RealWorld,UDA,,2,10.922,0.000000,0.446755,0.000000,0.542987,,0.947531
closed_set,MHEALTH -> RealWorld,UDA,,3,11.056,0.000000,0.297951,0.000000,0.373202,,0.996914
closed_set,MHEALTH -> RealWorld,UDA,,4,10.954,0.000000,0.345759,0.000000,0.428389,,0.805556
closed_set,MHEALTH -> RealWorld,UniOT,,0,50.677,0.000000,0.198291,0.000000,0.204891,,1.000000
closed_set,MHEALTH -> RealWorld,UniOT,,1,49.264,0.000000,0.229387,0.000000,0.252565,,1.000000
closed_set,MHEALTH -> RealWorld,UniOT,,2,55.560,0.000000,0.212828,0.000000,0.248546,,1.000000
closed_set,MHEALTH -> RealWorld,UniOT,,3,47.674,0.000000,0.308177,0.000000,0.330850,,1.000000
closed_set,MHEALTH -> RealWorld,UniOT,,4,53.141,0.000000,0.196879,0.000000,0.234743,,1.000000
closed_set,MHEALTH -> RealWorld,SPADA,,0,8.002,,,,0.685616,,0.990741
closed_set,MHEALTH -> RealWorld,SPADA,,1,7.401,,,,0.357111,,0.993827
closed_set,MHEALTH -> RealWorld,SPADA,,2,7.638,,,,0.277534,,0.993827
closed_set,MHEALTH -> RealWorld,SPADA,,3,6.962,,,,0.654296,,0.990741
closed_set,MHEALTH -> RealWorld,SPADA,,4,7.121,,,,0.497508,,0.996914
closed_set,MHEALTH -> RealWorld,PDAAN,,0,7.133,,,,0.371832,,0.987654
closed_set,MHEALTH -> RealWorld,PDAAN,,1,7.040,,,,0.326172,,0.996914
closed_set,MHEALTH -> RealWorld,PDAAN,,2,6.654,,,,0.324333,,0.996914
closed_set,MHEALTH -> RealWorld,PDAAN,,3,6.834,,,,0.364557,,0.993827
closed_set,MHEALTH -> RealWorld,PDAAN,,4,7.142,,,,0.308550,,0.987654
closed_set,MHEALTH -> RealWorld,RAINCOAT,,0,48.649,0.000000,0.273456,0.000000,0.331214,,0.694444
closed_set,MHEALTH -> RealWorld,RAINCOAT,,1,34.594,0.000000,0.483536,0.000000,0.462358,,0.793210
closed_set,MHEALTH -> RealWorld,RAINCOAT,,2,32.420,0.000000,0.342325,0.000000,0.386863,,0.623457
closed_set,MHEALTH -> RealWorld,RAINCOAT,,3,35.703,0.000000,0.246022,0.000000,0.302359,,0.719136
closed_set,MHEALTH -> RealWorld,RAINCOAT,,4,36.918,0.000000,0.197795,0.000000,0.251045,,0.722222
closed_set,MHEALTH -> RealWorld,OVANet,,0,15.624,0.000000,0.239612,0.000000,0.211941,,0.996914
closed_set,MHEALTH -> RealWorld,OVANet,,1,15.035,0.000000,0.253501,0.000000,0.269234,,0.996914
closed_set,MHEALTH -> RealWorld,OVANet,,2,13.282,0.000000,0.453356,0.000000,0.466518,,0.996914
closed_set,MHEALTH -> RealWorld,OVANet,,3,13.074,0.000000,0.181770,0.000000,0.201306,,0.993827
closed_set,MHEALTH -> RealWorld,OVANet,,4,13.196,0.000000,0.403258,0.000000,0.373754,,0.996914
closed_set,MHEALTH -> RealWorld,PPOT,,0,47.297,0.000000,0.000000,0.000000,0.000000,,0.975309
closed_set,MHEALTH -> RealWorld,PPOT,,1,46.590,0.000000,0.000000,0.000000,0.000000,,0.895062
closed_set,MHEALTH -> RealWorld,PPOT,,2,48.341,0.000000,0.000000,0.000000,0.000000,,0.990741
closed_set,MHEALTH -> RealWorld,PPOT,,3,47.284,0.000000,0.000000,0.000000,0.000000,,0.966049
closed_set,MHEALTH -> RealWorld,PPOT,,4,47.378,0.000000,0.000000,0.000000,0.000000,,0.990741
closed_set,MHEALTH -> RealWorld,DANCE,,0,15.494,0.000000,0.000000,0.000000,0.000000,,0.996914
closed_set,MHEALTH -> RealWorld,DANCE,,1,12.957,0.000000,0.000000,0.000000,0.000000,,0.993827
closed_set,MHEALTH -> RealWorld,DANCE,,2,13.825,0.000000,0.000000,0.000000,0.000000,,0.993827
closed_set,MHEALTH -> RealWorld,DANCE,,3,12.886,0.000000,0.000000,0.000000,0.000000,,0.990741
closed_set,MHEALTH -> RealWorld,DANCE,,4,14.073,0.000000,0.000000,0.000000,0.000000,,0.996914
closed_set,MHEALTH -> RealWorld,UniJDOT,,0,94.998,0.000000,0.099203,0.000000,0.096984,,1.000000
closed_set,MHEALTH -> RealWorld,UniJDOT,,1,96.796,0.000000,0.182533,0.000000,0.247544,,0.996914
closed_set,MHEALTH -> RealWorld,UniJDOT,,2,106.794,0.000000,0.330116,0.000000,0.308363,,1.000000
closed_set,MHEALTH -> RealWorld,UniJDOT,,3,102.451,0.000000,0.110725,0.000000,0.121953,,0.996914
closed_set,MHEALTH -> RealWorld,UniJDOT,,4,87.216,0.000000,0.320195,0.000000,0.334674,,0.993827
PDA,MHEALTH -> RealWorld,UDA,4,3,36.101,0.000000,0.127628,0.000000,0.189540,,0.893287
PDA,MHEALTH -> RealWorld,UDA,4,2,35.799,0.000000,0.129459,0.000000,0.192769,,0.896730
PDA,MHEALTH -> RealWorld,UniOT,4,0,263.854,0.000000,0.051852,0.000000,0.076366,,0.929432
PDA,MHEALTH -> RealWorld,PPOT,4,2,99.979,0.000000,0.000000,0.000000,0.000000,,0.815835
PDA,MHEALTH -> RealWorld,DANCE,4,0,33.870,0.000000,0.000000,0.000000,0.000000,,0.901893
PDA,MHEALTH -> RealWorld,SPADA,4,2,24.567,,,,0.492629,,0.870912
PDA,MHEALTH -> RealWorld,UniOT,4,1,175.516,0.000000,0.000000,0.000000,0.000000,,0.920826
PDA,MHEALTH -> RealWorld,OVANet,4,2,29.774,0.000000,0.007173,0.000000,0.013998,,0.853701
PDA,MHEALTH -> RealWorld,UniOT,4,3,102.768,0.000000,0.000000,0.000000,0.000000,,0.925990
PDA,MHEALTH -> RealWorld,SPADA,4,0,29.351,,,,0.670512,,0.870912
PDA,MHEALTH -> RealWorld,UniJDOT,4,1,150.225,0.000000,0.075432,0.000000,0.107662,,0.944923
PDA,MHEALTH -> RealWorld,RAINCOAT,4,3,56.081,0.000000,0.186806,0.000000,0.217412,,0.504303
PDA,MHEALTH -> RealWorld,PDAAN,4,2,24.399,,,,0.498299,,0.867470
PDA,MHEALTH -> RealWorld,OVANet,4,0,32.867,0.000000,0.101148,0.000000,0.158277,,0.884682
PDA,MHEALTH -> RealWorld,RAINCOAT,4,2,56.139,0.000000,0.266817,0.000000,0.320227,,0.623064
PDA,MHEALTH -> RealWorld,DANCE,4,3,29.944,0.000000,0.000000,0.000000,0.000000,,0.919105
PDA,MHEALTH -> RealWorld,SPADA,4,3,24.892,,,,0.422679,,0.874355
PDA,MHEALTH -> RealWorld,DANCE,4,4,30.045,0.000000,0.000000,0.000000,0.000000,,0.917384
PDA,MHEALTH -> RealWorld,DANCE,4,1,29.970,0.000000,0.000000,0.000000,0.000000,,0.908778
PDA,MHEALTH -> RealWorld,PDAAN,4,0,27.423,,,,0.642855,,0.872633
PDA,MHEALTH -> RealWorld,SPADA,4,4,24.825,,,,0.484370,,0.874355
PDA,MHEALTH -> RealWorld,UniOT,4,4,183.213,0.000000,0.000000,0.000000,0.000000,,0.929432
PDA,MHEALTH -> RealWorld,OVANet,4,4,29.504,0.000000,0.106910,0.000000,0.154502,,0.886403
PDA,MHEALTH -> RealWorld,SPADA,4,1,24.364,,,,0.229645,,0.812392
PDA,MHEALTH -> RealWorld,OVANet,4,1,29.647,0.000000,0.006639,0.000000,0.012696,,0.915663
PDA,MHEALTH -> RealWorld,RAINCOAT,4,1,56.153,0.000000,0.331909,0.000000,0.347427,,0.364888
PDA,MHEALTH -> RealWorld,DANCE,4,2,30.065,0.000000,0.000000,0.000000,0.000000,,0.917384
PDA,MHEALTH -> RealWorld,UniJDOT,4,3,161.191,0.000000,0.203671,0.000000,0.230069,,0.943201
PDA,MHEALTH -> RealWorld,PDAAN,4,1,24.227,,,,0.191752,,0.865749
PDA,MHEALTH -> RealWorld,RAINCOAT,4,0,60.708,0.000000,0.129230,0.000000,0.188300,,0.347676
PDA,MHEALTH -> RealWorld,PPOT,4,0,103.259,0.000000,0.000000,0.000000,0.000000,,0.734940
PDA,MHEALTH -> RealWorld,UniOT,4,2,101.956,0.000000,0.000000,0.000000,0.000000,,0.864028
PDA,MHEALTH -> RealWorld,PDAAN,4,4,24.390,,,,0.329889,,0.869191
PDA,MHEALTH -> RealWorld,UDA,4,1,36.344,0.000000,0.169217,0.000000,0.271921,,0.869191
PDA,MHEALTH -> RealWorld,UDA,4,0,37.862,0.000000,0.168072,0.000000,0.251211,,0.917384
PDA,MHEALTH -> RealWorld,PDAAN,4,3,24.347,,,,0.512579,,0.865749
PDA,MHEALTH -> RealWorld,OVANet,4,3,29.949,0.000000,0.002785,0.000000,0.005514,,0.910499
PDA,MHEALTH -> RealWorld,UniJDOT,4,0,153.438,0.000000,0.217101,0.000000,0.254292,,0.910499
PDA,MHEALTH -> RealWorld,UniJDOT,4,2,148.896,0.000000,0.189095,0.000000,0.219994,,0.965577
PDA,MHEALTH -> RealWorld,RAINCOAT,4,4,57.398,0.000000,0.165210,0.000000,0.200196,,0.509466
PDA,MHEALTH -> RealWorld,PPOT,4,3,99.800,0.000000,0.000000,0.000000,0.000000,,0.679862
PDA,MHEALTH -> RealWorld,PPOT,4,1,99.603,0.000000,0.000000,0.000000,0.000000,,0.793460
PDA,MHEALTH -> RealWorld,UDA,4,4,36.131,0.000000,0.141402,0.000000,0.212338,,0.903614
PDA,MHEALTH -> RealWorld,UniJDOT,4,4,166.310,0.000000,0.184250,0.000000,0.210902,,0.920826
PDA,MHEALTH -> RealWorld,PPOT,4,4,99.682,0.000000,0.000000,0.000000,0.000000,,0.805508
OSDA,MHEALTH -> Pamap2,OSBP,3,0,10.761,0.176492,0.147448,0.219784,0.239615,,0.996914
OSDA,MHEALTH -> Pamap2,OSBP,3,1,9.962,0.364806,0.453266,0.305236,0.401515,,0.959877
OSDA,MHEALTH -> Pamap2,OSBP,3,2,9.797,0.343261,0.646083,0.233716,0.385540,,0.870370
OSDA,MHEALTH -> Pamap2,OSBP,3,3,9.692,0.363419,0.471330,0.295716,0.394346,,0.987654
OSDA,MHEALTH -> Pamap2,OSBP,3,4,9.500,0.328819,0.481622,0.249623,0.363042,,0.950617
OSDA,MHEALTH -> Pamap2,TSFA,3,0,23.044,0.312500,0.399286,0.256705,0.322586,,0.996914
OSDA,MHEALTH -> Pamap2,TSFA,3,1,23.780,0.326830,0.470699,0.250319,0.337814,,1.000000
OSDA,MHEALTH -> Pamap2,TSFA,3,2,24.662,0.307119,0.413148,0.244398,0.319997,,0.996914
OSDA,MHEALTH -> Pamap2,TSFA,3,3,25.018,0.297232,0.382903,0.242889,0.305167,,0.993827
OSDA,MHEALTH -> Pamap2,TSFA,3,4,25.092,0.339604,0.515438,0.253222,0.341380,,0.993827
OSDA,MHEALTH -> Pamap2,UDA,3,0,11.122,0.433437,0.536652,0.363520,0.437019,,0.996914
OSDA,MHEALTH -> Pamap2,UDA,3,1,11.145,0.399350,0.446335,0.361314,0.421290,,0.746914
OSDA,MHEALTH -> Pamap2,UDA,3,2,11.268,0.336134,0.292166,0.395681,0.406642,,0.993827
OSDA,MHEALTH -> Pamap2,UDA,3,3,11.571,0.392129,0.398656,0.385812,0.414854,,0.996914
OSDA,MHEALTH -> Pamap2,UDA,3,4,10.624,0.392875,0.405587,0.380936,0.424490,,0.978395
OSDA,MHEALTH -> Pamap2,OVANet,3,0,11.439,0.317475,0.722747,0.203413,0.365669,,0.996914
OSDA,MHEALTH -> Pamap2,OVANet,3,1,10.142,0.339345,0.364209,0.317659,0.353833,,0.993827
OSDA,MHEALTH -> Pamap2,OVANet,3,2,10.635,0.411029,0.747742,0.283409,0.440347,,0.996914
OSDA,MHEALTH -> Pamap2,OVANet,3,3,9.206,0.415523,0.477841,0.367584,0.453906,,0.996914
OSDA,MHEALTH -> Pamap2,OVANet,3,4,10.574,0.187051,0.546104,0.112853,0.237232,,0.996914
OSDA,MHEALTH -> Pamap2,DANCE,3,0,11.483,0.000000,0.000000,1.000000,0.504559,,0.996914
OSDA,MHEALTH -> Pamap2,DANCE,3,1,10.199,0.000000,0.000000,1.000000,0.504559,,0.990741
OSDA,MHEALTH -> Pamap2,DANCE,3,2,10.207,0.000000,0.000000,1.000000,0.504559,,0.993827
OSDA,MHEALTH -> Pamap2,DANCE,3,3,10.754,0.000000,0.000000,1.000000,0.504559,,0.990741
OSDA,MHEALTH -> Pamap2,DANCE,3,4,10.157,0.000000,0.000000,1.000000,0.504559,,0.996914
OSDA,MHEALTH -> Pamap2,PPOT,3,0,32.238,0.000000,0.000000,1.000000,0.504559,,0.981481
OSDA,MHEALTH -> Pamap2,PPOT,3,1,30.784,0.000000,0.000000,1.000000,0.504559,,0.962963
OSDA,MHEALTH -> Pamap2,PPOT,3,2,31.213,0.000000,0.000000,1.000000,0.504559,,0.990741
OSDA,MHEALTH -> Pamap2,PPOT,3,3,32.249,0.000000,0.000000,1.000000,0.504559,,0.984568
OSDA,MHEALTH -> Pamap2,PPOT,3,4,30.128,0.000000,0.000000,1.000000,0.504559,,0.993827
OSDA,MHEALTH -> Pamap2,RAINCOAT,3,0,27.092,0.160401,0.146608,0.177058,0.193303,,0.811728
OSDA,MHEALTH -> Pamap2,RAINCOAT,3,1,29.853,0.186856,0.123293,0.385696,0.320882,,0.626543
OSDA,MHEALTH -> Pamap2,RAINCOAT,3,2,20.899,0.172593,0.148708,0.205619,0.219695,,0.750000
OSDA,MHEALTH -> Pamap2,RAINCOAT,3,3,24.640,0.228233,0.146608,0.514919,0.401164,,0.808642
OSDA,MHEALTH -> Pamap2,RAINCOAT,3,4,23.950,0.148900,0.109431,0.232904,0.231475,,0.719136
OSDA,MHEALTH -> Pamap2,UniOT,3,0,47.103,0.420543,0.314010,0.636480,0.504672,,1.000000
OSDA,MHEALTH -> Pamap2,UniOT,3,1,49.848,0.243175,0.146818,0.707535,0.468817,,1.000000
OSDA,MHEALTH -> Pamap2,UniOT,3,2,51.737,0.403584,0.303718,0.601300,0.490440,,1.000000
OSDA,MHEALTH -> Pamap2,UniOT,3,3,54.551,0.325633,0.223693,0.598282,0.467797,,1.000000
OSDA,MHEALTH -> Pamap2,UniOT,3,4,47.213,0.299195,0.189876,0.705213,0.483047,,1.000000
OSDA,MHEALTH -> Pamap2,UniJDOT,3,0,78.307,0.316084,0.234825,0.483339,0.434840,,0.996914
OSDA,MHEALTH -> Pamap2,UniJDOT,3,1,73.166,0.299590,0.248057,0.378149,0.358066,,0.990741
OSDA,MHEALTH -> Pamap2,UniJDOT,3,2,82.653,0.339404,0.371141,0.312667,0.358401,,0.996914
OSDA,MHEALTH -> Pamap2,UniJDOT,3,3,80.879,0.317062,0.384583,0.269709,0.334989,,1.000000
OSDA,MHEALTH -> Pamap2,UniJDOT,3,4,79.005,0.114949,0.065953,0.447115,0.349557,,0.873457
OSDA,Pamap2 -> MHEALTH,OSBP,7,0,24.402,0.000794,0.429621,0.000397,0.095453,,0.978763
OSDA,Pamap2 -> MHEALTH,OSBP,7,1,24.409,0.000794,0.407589,0.000397,0.113299,,0.980609
OSDA,Pamap2 -> MHEALTH,OSBP,7,2,24.064,0.003171,0.799266,0.001589,0.187888,,0.980609
OSDA,Pamap2 -> MHEALTH,OSBP,7,3,22.202,0.155154,0.099143,0.356632,0.300957,,0.916898
OSDA,Pamap2 -> MHEALTH,OSBP,7,4,21.626,0.356260,0.652387,0.245036,0.387173,,0.960295
OSDA,Pamap2 -> MHEALTH,TSFA,7,0,51.572,0.284024,0.417381,0.215250,0.316214,,0.984303
OSDA,Pamap2 -> MHEALTH,TSFA,7,1,47.868,0.248336,0.334761,0.197379,0.250705,,0.985226
OSDA,Pamap2 -> MHEALTH,TSFA,7,2,49.614,0.238923,0.355569,0.179905,0.238481,,0.979686
OSDA,Pamap2 -> MHEALTH,TSFA,7,3,49.108,0.331385,0.580171,0.231930,0.335104,,0.985226
OSDA,Pamap2 -> MHEALTH,TSFA,7,4,51.322,0.189822,0.181151,0.199365,0.219078,,0.979686
OSDA,Pamap2 -> MHEALTH,UDA,7,0,26.951,0.402333,0.384945,0.421366,0.455110,,0.969529
OSDA,Pamap2 -> MHEALTH,UDA,7,1,24.612,0.442864,0.444920,0.440826,0.486818,,0.967682
OSDA,Pamap2 -> MHEALTH,UDA,7,2,24.685,0.353781,0.349449,0.358221,0.377889,,0.977839
OSDA,Pamap2 -> MHEALTH,UDA,7,3,27.005,0.164602,0.107099,0.355441,0.293784,,0.975069
OSDA,Pamap2 -> MHEALTH,UDA,7,4,28.680,0.343342,0.286414,0.428515,0.421000,,0.964912
OSDA,Pamap2 -> MHEALTH,OVANet,7,0,25.402,0.219570,0.258874,0.190627,0.202361,,0.980609
OSDA,Pamap2 -> MHEALTH,OVANet,7,1,23.096,0.230951,0.305998,0.185465,0.227546,,0.980609
OSDA,Pamap2 -> MHEALTH,OVANet,7,2,22.983,0.221903,0.273562,0.186656,0.210001,,0.983379
OSDA,Pamap2 -> MHEALTH,OVANet,7,3,20.178,0.174563,0.250918,0.133836,0.149254,,0.980609
OSDA,Pamap2 -> MHEALTH,OVANet,7,4,19.609,0.010991,0.473684,0.005560,0.089516,,0.977839
OSDA,Pamap2 -> MHEALTH,DANCE,7,0,23.379,0.000000,0.000000,1.000000,0.457887,,0.979686
OSDA,Pamap2 -> MHEALTH,DANCE,7,1,22.189,0.000000,0.000000,1.000000,0.457887,,0.974146
OSDA,Pamap2 -> MHEALTH,DANCE,7,2,20.054,0.000000,0.000000,1.000000,0.457887,,0.973223
OSDA,Pamap2 -> MHEALTH,DANCE,7,3,23.166,0.000000,0.000000,1.000000,0.457887,,0.981533
OSDA,Pamap2 -> MHEALTH,DANCE,7,4,23.326,0.000000,0.000000,1.000000,0.457887,,0.981533
OSDA,Pamap2 -> MHEALTH,PPOT,7,0,40.311,0.000000,0.000000,1.000000,0.457887,,0.981533
OSDA,Pamap2 -> MHEALTH,PPOT,7,1,39.101,0.163704,0.090575,0.849881,0.453478,,0.974146
OSDA,Pamap2 -> MHEALTH,PPOT,7,2,38.448,0.000000,0.000000,1.000000,0.457887,,0.979686
OSDA,Pamap2 -> MHEALTH,PPOT,7,3,38.063,0.000000,0.000000,1.000000,0.457887,,0.977839
OSDA,Pamap2 -> MHEALTH,PPOT,7,4,37.407,0.000000,0.000000,1.000000,0.457887,,0.979686
OSDA,Pamap2 -> MHEALTH,RAINCOAT,7,0,42.297,0.332703,0.271114,0.430500,0.395775,,0.807941
OSDA,Pamap2 -> MHEALTH,RAINCOAT,7,1,38.112,0.346268,0.269278,0.484909,0.409247,,0.894737
OSDA,Pamap2 -> MHEALTH,RAINCOAT,7,2,40.265,0.429893,0.466340,0.398729,0.472968,,0.884580
OSDA,Pamap2 -> MHEALTH,RAINCOAT,7,3,39.259,0.235323,0.274174,0.206116,0.233229,,0.889197
OSDA,Pamap2 -> MHEALTH,RAINCOAT,7,4,35.370,0.200826,0.209302,0.193010,0.208736,,0.892890
OSDA,Pamap2 -> MHEALTH,UniOT,7,0,127.124,0.276066,0.165239,0.838364,0.539212,,0.975993
OSDA,Pamap2 -> MHEALTH,UniOT,7,1,131.794,0.185213,0.104651,0.804607,0.496121,,0.975069
OSDA,Pamap2 -> MHEALTH,UniOT,7,2,128.403,0.269138,0.171971,0.618745,0.442689,,0.978763
OSDA,Pamap2 -> MHEALTH,UniOT,7,3,129.374,0.274408,0.164627,0.823670,0.491072,,0.966759
OSDA,Pamap2 -> MHEALTH,UniOT,7,4,125.523,0.028846,0.014688,0.800238,0.427015,,0.975069
OSDA,Pamap2 -> MHEALTH,UniJDOT,7,0,203.069,0.586849,0.492656,0.725576,0.600609,,0.972299
OSDA,Pamap2 -> MHEALTH,UniJDOT,7,1,211.344,0.238275,0.190330,0.318507,0.303189,,0.977839
OSDA,Pamap2 -> MHEALTH,UniJDOT,7,2,211.150,0.268742,0.164627,0.731136,0.490433,,0.975069
OSDA,Pamap2 -> MHEALTH,UniJDOT,7,3,193.080,0.408062,0.293146,0.671168,0.491072,,0.975069
OSDA,Pamap2 -> MHEALTH,UniJDOT,7,4,201.863,0.418582,0.295594,0.716839,0.540865,,0.978763
closed_set,Pamap2 -> MHEALTH,Deep_Coral,,0,6.119,,,,0.299133,0.971561,0.972299
closed_set,Pamap2 -> MHEALTH,Deep_Coral,,1,5.700,,,,0.220705,0.974794,0.975069
closed_set,Pamap2 -> MHEALTH,Deep_Coral,,2,5.279,,,,0.249733,0.976765,0.976916
closed_set,Pamap2 -> MHEALTH,Deep_Coral,,3,5.038,,,,0.217072,0.962425,0.963989
closed_set,Pamap2 -> MHEALTH,Deep_Coral,,4,5.543,,,,0.255288,0.980582,0.980609
closed_set,Pamap2 -> MHEALTH,DDC,,0,6.506,,,,0.117103,0.976861,0.976916
closed_set,Pamap2 -> MHEALTH,DDC,,1,6.666,,,,0.128634,0.968073,0.968606
closed_set,Pamap2 -> MHEALTH,DDC,,2,6.608,,,,0.096655,0.971567,0.972299
closed_set,Pamap2 -> MHEALTH,DDC,,3,6.205,,,,0.072147,0.973146,0.973223
closed_set,Pamap2 -> MHEALTH,DDC,,4,6.653,,,,0.102946,0.978667,0.978763
closed_set,Pamap2 -> MHEALTH,MMDA,,0,14.623,,,,0.394929,0.973282,0.973223
closed_set,Pamap2 -> MHEALTH,MMDA,,1,13.831,,,,0.329146,0.973458,0.973223
closed_set,Pamap2 -> MHEALTH,MMDA,,2,12.770,,,,0.204800,0.975946,0.975993
closed_set,Pamap2 -> MHEALTH,MMDA,,3,14.284,,,,0.455982,0.966931,0.966759
closed_set,Pamap2 -> MHEALTH,MMDA,,4,13.397,,,,0.395518,0.977782,0.977839
closed_set,Pamap2 -> MHEALTH,DANN,,0,5.595,,,,0.454123,0.960699,0.960295
closed_set,Pamap2 -> MHEALTH,DANN,,1,6.255,,,,0.178228,0.893387,0.908587
closed_set,Pamap2 -> MHEALTH,DANN,,2,6.481,,,,0.192714,0.940223,0.941828
closed_set,Pamap2 -> MHEALTH,DANN,,3,6.575,,,,0.283039,0.955490,0.956602
closed_set,Pamap2 -> MHEALTH,DANN,,4,6.569,,,,0.526785,0.940288,0.940905
closed_set,Pamap2 -> MHEALTH,CDAN,,0,7.577,,,,0.677177,0.978804,0.978763
closed_set,Pamap2 -> MHEALTH,CDAN,,1,7.590,,,,0.382688,0.981509,0.981533
closed_set,Pamap2 -> MHEALTH,CDAN,,2,7.426,,,,0.399847,0.980551,0.980609
closed_set,Pamap2 -> MHEALTH,CDAN,,3,6.584,,,,0.371639,0.978752,0.978763
closed_set,Pamap2 -> MHEALTH,CDAN,,4,6.978,,,,0.372496,0.972353,0.973223
closed_set,Pamap2 -> MHEALTH,DIRT,,0,23.843,,,,0.498147,0.984452,0.984303
closed_set,Pamap2 -> MHEALTH,DIRT,,1,24.168,,,,0.399825,0.979774,0.979686
closed_set,Pamap2 -> MHEALTH,DIRT,,2,22.867,,,,0.401815,0.976112,0.975993
closed_set,Pamap2 -> MHEALTH,DIRT,,3,23.224,,,,0.371942,0.979853,0.979686
closed_set,Pamap2 -> MHEALTH,DIRT,,4,23.739,,,,0.326271,0.978896,0.978763
closed_set,Pamap2 -> MHEALTH,DSAN,,0,32.896,,,,0.627974,0.980410,0.980609
closed_set,Pamap2 -> MHEALTH,DSAN,,1,36.380,,,,0.336463,0.978695,0.978763
closed_set,Pamap2 -> MHEALTH,DSAN,,2,33.143,,,,0.395794,0.975164,0.975069
closed_set,Pamap2 -> MHEALTH,DSAN,,3,34.625,,,,0.357610,0.979546,0.979686
closed_set,Pamap2 -> MHEALTH,DSAN,,4,33.080,,,,0.353670,0.975185,0.975069
closed_set,Pamap2 -> MHEALTH,HoMM,,0,13.097,,,,0.180411,0.980563,0.980609
closed_set,Pamap2 -> MHEALTH,HoMM,,1,13.246,,,,0.173302,0.971283,0.971376
closed_set,Pamap2 -> MHEALTH,HoMM,,2,14.071,,,,0.300111,0.977662,0.977839
closed_set,Pamap2 -> MHEALTH,HoMM,,3,13.614,,,,0.112466,0.972382,0.972299
closed_set,Pamap2 -> MHEALTH,HoMM,,4,16.323,,,,0.137412,0.977764,0.977839
closed_set,Pamap2 -> MHEALTH,CoDATS,,0,6.374,,,,0.258341,0.975125,0.975069
closed_set,Pamap2 -> MHEALTH,CoDATS,,1,6.752,,,,0.486834,0.908606,0.926131
closed_set,Pamap2 -> MHEALTH,CoDATS,,2,6.256,,,,0.193927,0.906546,0.921514
closed_set,Pamap2 -> MHEALTH,CoDATS,,3,6.126,,,,0.288416,0.967686,0.967682
closed_set,Pamap2 -> MHEALTH,CoDATS,,4,6.163,,,,0.556553,0.973212,0.973223
closed_set,Pamap2 -> MHEALTH,AdvSKM,,0,9.801,,,,0.183608,0.955597,0.958449
closed_set,Pamap2 -> MHEALTH,AdvSKM,,1,9.600,,,,0.122680,0.978509,0.978763
closed_set,Pamap2 -> MHEALTH,AdvSKM,,2,10.058,,,,0.242726,0.980468,0.980609
closed_set,Pamap2 -> MHEALTH,AdvSKM,,3,9.750,,,,0.119888,0.975827,0.975993
closed_set,Pamap2 -> MHEALTH,AdvSKM,,4,9.864,,,,0.185351,0.984245,0.984303
closed_set,Pamap2 -> MHEALTH,SASA,,0,13.704,,,,0.376031,0.972422,0.972299
closed_set,Pamap2 -> MHEALTH,SASA,,1,13.815,,,,0.585125,0.976014,0.975993
closed_set,Pamap2 -> MHEALTH,SASA,,2,13.614,,,,0.419183,0.974272,0.975069
closed_set,Pamap2 -> MHEALTH,SASA,,3,12.937,,,,0.557117,0.981421,0.981533
closed_set,Pamap2 -> MHEALTH,SASA,,4,13.397,,,,0.303031,0.973231,0.973223
closed_set,Pamap2 -> MHEALTH,CoTMix,,0,9.069,,,,0.110172,0.973379,0.973223
closed_set,Pamap2 -> MHEALTH,CoTMix,,1,9.027,,,,0.127741,0.987868,0.987996
closed_set,Pamap2 -> MHEALTH,CoTMix,,2,8.993,,,,0.233780,0.979732,0.979686
closed_set,Pamap2 -> MHEALTH,CoTMix,,3,9.556,,,,0.114611,0.977022,0.976916
closed_set,Pamap2 -> MHEALTH,CoTMix,,4,9.122,,,,0.136276,0.978924,0.978763
closed_set,Pamap2 -> MHEALTH,SWL_Adapt,,0,56.131,,,,0.400903,0.974038,0.974146
closed_set,Pamap2 -> MHEALTH,SWL_Adapt,,1,57.302,,,,0.391353,0.963801,0.964912
closed_set,Pamap2 -> MHEALTH,SWL_Adapt,,2,56.411,,,,0.242117,0.976951,0.976916
closed_set,Pamap2 -> MHEALTH,SWL_Adapt,,3,56.095,,,,0.324045,0.974115,0.974146
closed_set,Pamap2 -> MHEALTH,SWL_Adapt,,4,57.930,,,,0.234344,0.979680,0.979686
closed_set,Pamap2 -> MHEALTH,uDAR,,0,18.889,,,,0.441058,0.983400,0.983379
closed_set,Pamap2 -> MHEALTH,uDAR,,1,18.724,,,,0.403283,0.977718,0.977839
closed_set,Pamap2 -> MHEALTH,uDAR,,2,18.455,,,,0.334274,0.976924,0.976916
closed_set,Pamap2 -> MHEALTH,uDAR,,3,18.765,,,,0.398434,0.976935,0.976916
closed_set,Pamap2 -> MHEALTH,uDAR,,4,18.329,,,,0.353780,0.978783,0.978763
closed_set,Pamap2 -> MHEALTH,DAAN,,0,23.726,,,,0.490387,0.966089,0.966759
closed_set,Pamap2 -> MHEALTH,DAAN,,1,23.161,,,,0.177680,0.967049,0.967682
closed_set,Pamap2 -> MHEALTH,DAAN,,2,21.318,,,,0.172080,0.969229,0.969529
closed_set,Pamap2 -> MHEALTH,DAAN,,3,21.721,,,,0.413444,0.950432,0.953832
closed_set,Pamap2 -> MHEALTH,DAAN,,4,21.896,,,,0.134464,0.974720,0.975069
closed_set,Pamap2 -> MHEALTH,ACON,,0,17.427,,,,0.972158,0.979598,0.979686
closed_set,Pamap2 -> MHEALTH,ACON,,1,17.384,,,,0.944593,0.973285,0.973223
closed_set,Pamap2 -> MHEALTH,ACON,,2,17.497,,,,0.942748,0.973305,0.973223
closed_set,Pamap2 -> MHEALTH,ACON,,3,16.209,,,,0.618594,0.976944,0.976916
closed_set,Pamap2 -> MHEALTH,ACON,,4,15.578,,,,0.869950,0.974165,0.974146
closed_set,Pamap2 -> MHEALTH,SSSS_TSA,,0,156.061,,,,0.741264,0.974490,0.974146
closed_set,Pamap2 -> MHEALTH,SSSS_TSA,,1,152.124,,,,0.713700,0.965296,0.964912
closed_set,Pamap2 -> MHEALTH,SSSS_TSA,,2,148.509,,,,0.729071,0.970954,0.970452
closed_set,Pamap2 -> MHEALTH,SSSS_TSA,,3,151.701,,,,0.715227,0.969815,0.969529
closed_set,Pamap2 -> MHEALTH,SSSS_TSA,,4,152.390,,,,0.701096,0.962644,0.962142
closed_set,Pamap2 -> MHEALTH,CLUDA,,0,19.640,,,,0.259891,0.981484,0.981533
closed_set,Pamap2 -> MHEALTH,CLUDA,,1,18.713,,,,0.398353,0.980572,0.980609
closed_set,Pamap2 -> MHEALTH,CLUDA,,2,19.672,,,,0.466699,0.980507,0.980609
closed_set,Pamap2 -> MHEALTH,CLUDA,,3,19.241,,,,0.292074,0.975185,0.975069
closed_set,Pamap2 -> MHEALTH,CLUDA,,4,19.324,,,,0.462868,0.981485,0.981533
closed_set,Pamap2 -> MHEALTH,OSBP,,0,17.844,0.000000,0.508025,0.000000,0.496791,,0.973223
closed_set,Pamap2 -> MHEALTH,OSBP,,1,18.333,0.000000,0.378395,0.000000,0.385245,,0.985226
closed_set,Pamap2 -> MHEALTH,OSBP,,2,17.535,0.000000,0.748765,0.000000,0.734059,,0.981533
closed_set,Pamap2 -> MHEALTH,OSBP,,3,17.734,0.000000,0.382716,0.000000,0.296706,,0.976916
closed_set,Pamap2 -> MHEALTH,OSBP,,4,17.887,0.000000,0.361111,0.000000,0.416922,,0.963066
closed_set,Pamap2 -> MHEALTH,TSFA,,0,50.423,0.000000,0.495062,0.000000,0.551395,,0.976916
closed_set,Pamap2 -> MHEALTH,TSFA,,1,45.758,0.000000,0.420988,0.000000,0.321919,,0.988920
closed_set,Pamap2 -> MHEALTH,TSFA,,2,48.884,0.000000,0.326543,0.000000,0.273710,,0.984303
closed_set,Pamap2 -> MHEALTH,TSFA,,3,46.291,0.000000,0.367901,0.000000,0.376722,,0.987073
closed_set,Pamap2 -> MHEALTH,TSFA,,4,48.051,0.000000,0.700617,0.000000,0.682651,,0.980609
closed_set,Pamap2 -> MHEALTH,UDA,,0,20.022,0.000000,0.294444,0.000000,0.349520,,0.981533
closed_set,Pamap2 -> MHEALTH,UDA,,1,18.981,0.000000,0.112963,0.000000,0.159220,,0.977839
closed_set,Pamap2 -> MHEALTH,UDA,,2,20.063,0.000000,0.129630,0.000000,0.138096,,0.976916
closed_set,Pamap2 -> MHEALTH,UDA,,3,21.366,0.000000,0.123457,0.000000,0.132300,,0.976916
closed_set,Pamap2 -> MHEALTH,UDA,,4,19.449,0.000000,0.216049,0.000000,0.280621,,0.941828
closed_set,Pamap2 -> MHEALTH,UniOT,,0,146.118,0.000000,0.167901,0.000000,0.219992,,0.973223
closed_set,Pamap2 -> MHEALTH,UniOT,,1,130.324,0.000000,0.221605,0.000000,0.287504,,0.973223
closed_set,Pamap2 -> MHEALTH,UniOT,,2,114.850,0.000000,0.188889,0.000000,0.249451,,0.973223
closed_set,Pamap2 -> MHEALTH,UniOT,,3,120.390,0.000000,0.297531,0.000000,0.393688,,0.975993
closed_set,Pamap2 -> MHEALTH,UniOT,,4,119.395,0.000000,0.172222,0.000000,0.184756,,0.966759
closed_set,Pamap2 -> MHEALTH,SPADA,,0,11.030,,,,0.548010,,0.977839
closed_set,Pamap2 -> MHEALTH,SPADA,,1,12.071,,,,0.543811,,0.984303
closed_set,Pamap2 -> MHEALTH,SPADA,,2,11.181,,,,0.445685,,0.982456
closed_set,Pamap2 -> MHEALTH,SPADA,,3,11.028,,,,0.494385,,0.987996
closed_set,Pamap2 -> MHEALTH,SPADA,,4,11.344,,,,0.443940,,0.982456
closed_set,Pamap2 -> MHEALTH,PDAAN,,0,10.586,,,,0.419183,,0.977839
closed_set,Pamap2 -> MHEALTH,PDAAN,,1,10.630,,,,0.548731,,0.976916
closed_set,Pamap2 -> MHEALTH,PDAAN,,2,10.941,,,,0.359652,,0.976916
closed_set,Pamap2 -> MHEALTH,PDAAN,,3,10.878,,,,0.367516,,0.953832
closed_set,Pamap2 -> MHEALTH,PDAAN,,4,10.738,,,,0.441584,,0.974146
closed_set,Pamap2 -> MHEALTH,RAINCOAT,,0,26.457,0.000000,0.077778,0.000000,0.112488,,0.855956
closed_set,Pamap2 -> MHEALTH,RAINCOAT,,1,27.591,0.000000,0.150000,0.000000,0.124720,,0.903970
closed_set,Pamap2 -> MHEALTH,RAINCOAT,,2,22.757,0.000000,0.206173,0.000000,0.238185,,0.598338
closed_set,Pamap2 -> MHEALTH,RAINCOAT,,3,27.700,0.000000,0.185802,0.000000,0.211286,,0.855956
closed_set,Pamap2 -> MHEALTH,RAINCOAT,,4,24.767,0.000000,0.258642,0.000000,0.233711,,0.819945
closed_set,Pamap2 -> MHEALTH,OVANet,,0,22.210,0.000000,0.277778,0.000000,0.172213,,0.982456
closed_set,Pamap2 -> MHEALTH,OVANet,,1,23.079,0.000000,0.315432,0.000000,0.226874,,0.980609
closed_set,Pamap2 -> MHEALTH,OVANet,,2,22.385,0.000000,0.277778,0.000000,0.172213,,0.980609
closed_set,Pamap2 -> MHEALTH,OVANet,,3,21.391,0.000000,0.254321,0.000000,0.129776,,0.986150
closed_set,Pamap2 -> MHEALTH,OVANet,,4,21.856,0.000000,0.509259,0.000000,0.476858,,0.983379
closed_set,Pamap2 -> MHEALTH,PPOT,,0,39.558,0.000000,0.000000,0.000000,0.000000,,0.968606
closed_set,Pamap2 -> MHEALTH,PPOT,,1,38.809,0.000000,0.024691,0.000000,0.026056,,0.971376
closed_set,Pamap2 -> MHEALTH,PPOT,,2,39.550,0.000000,0.000000,0.000000,0.000000,,0.971376
closed_set,Pamap2 -> MHEALTH,PPOT,,3,38.894,0.000000,0.148148,0.000000,0.148148,,0.972299
closed_set,Pamap2 -> MHEALTH,PPOT,,4,39.661,0.000000,0.000000,0.000000,0.000000,,0.971376
closed_set,Pamap2 -> MHEALTH,DANCE,,0,21.965,0.000000,0.000000,0.000000,0.000000,,0.977839
closed_set,Pamap2 -> MHEALTH,DANCE,,1,20.322,0.000000,0.000000,0.000000,0.000000,,0.976916
closed_set,Pamap2 -> MHEALTH,DANCE,,2,20.823,0.000000,0.000000,0.000000,0.000000,,0.972299
closed_set,Pamap2 -> MHEALTH,DANCE,,3,22.448,0.000000,0.000000,0.000000,0.000000,,0.978763
closed_set,Pamap2 -> MHEALTH,DANCE,,4,26.136,0.000000,0.000000,0.000000,0.000000,,0.979686
closed_set,Pamap2 -> MHEALTH,UniJDOT,,0,210.649,0.000000,0.446296,0.000000,0.414328,,0.979686
closed_set,Pamap2 -> MHEALTH,UniJDOT,,1,218.303,0.000000,0.329012,0.000000,0.332825,,0.976916
closed_set,Pamap2 -> MHEALTH,UniJDOT,,2,212.878,0.000000,0.316049,0.000000,0.335107,,0.975069
closed_set,Pamap2 -> MHEALTH,UniJDOT,,3,225.394,0.000000,0.381481,0.000000,0.460767,,0.975069
closed_set,Pamap2 -> MHEALTH,UniJDOT,,4,219.361,0.000000,0.207407,0.000000,0.276782,,0.975069
PDA,MHEALTH -> RealWorld,PPOT,7,0,125.176,0.000000,0.000000,0.000000,0.000000,,0.714106
PDA,MHEALTH -> RealWorld,PDAAN,7,4,32.105,,,,0.246399,,0.904282
PDA,MHEALTH -> RealWorld,UniOT,7,4,196.290,0.000000,0.000000,0.000000,0.000000,,0.908060
PDA,MHEALTH -> RealWorld,DANCE,7,0,46.799,0.000000,0.000000,0.000000,0.000000,,0.908060
PDA,MHEALTH -> RealWorld,UniOT,7,0,139.372,0.000000,0.000000,0.000000,0.000000,,0.988665
PDA,MHEALTH -> RealWorld,UniJDOT,7,3,213.939,0.000000,0.076500,0.000000,0.111251,,0.982368
PDA,MHEALTH -> RealWorld,SPADA,7,4,34.148,,,,0.391807,,0.892947
PDA,MHEALTH -> RealWorld,UniOT,7,1,203.424,0.000000,0.000000,0.000000,0.000000,,0.983627
PDA,MHEALTH -> RealWorld,RAINCOAT,7,0,78.220,0.000000,0.068602,0.000000,0.118988,,0.423174
PDA,MHEALTH -> RealWorld,UniJDOT,7,1,204.006,0.000000,0.083597,0.000000,0.104719,,0.968514
PDA,MHEALTH -> RealWorld,RAINCOAT,7,3,71.952,0.000000,0.137243,0.000000,0.208726,,0.352645
PDA,MHEALTH -> RealWorld,RAINCOAT,7,1,71.782,0.000000,0.091114,0.000000,0.126594,,0.360202
PDA,MHEALTH -> RealWorld,DANCE,7,2,43.861,0.000000,0.000000,0.000000,0.000000,,0.925693
PDA,MHEALTH -> RealWorld,PPOT,7,1,129.860,0.000000,0.000000,0.000000,0.000000,,0.619647
PDA,MHEALTH -> RealWorld,PDAAN,7,3,32.040,,,,0.475263,,0.901763
PDA,MHEALTH -> RealWorld,DANCE,7,3,46.280,0.000000,0.000000,0.000000,0.000000,,0.891688
PDA,MHEALTH -> RealWorld,RAINCOAT,7,2,74.252,0.000000,0.093098,0.000000,0.141756,,0.396725
PDA,MHEALTH -> RealWorld,DANCE,7,1,45.452,0.000000,0.000000,0.000000,0.000000,,0.930730
PDA,MHEALTH -> RealWorld,UDA,7,2,48.493,0.000000,0.225266,0.000000,0.335778,,0.865239
PDA,MHEALTH -> RealWorld,RAINCOAT,7,4,72.450,0.000000,0.210996,0.000000,0.274795,,0.530227
PDA,MHEALTH -> RealWorld,OVANet,7,4,42.196,0.000000,0.000000,0.000000,0.000000,,0.890428
PDA,MHEALTH -> RealWorld,PDAAN,7,0,40.151,,,,0.455877,,0.903023
PDA,MHEALTH -> RealWorld,DANCE,7,4,43.688,0.000000,0.000000,0.000000,0.000000,,0.933249
PDA,MHEALTH -> RealWorld,UDA,7,4,47.984,0.000000,0.279332,0.000000,0.400306,,0.885390
PDA,MHEALTH -> RealWorld,UniJDOT,7,4,217.922,0.000000,0.024343,0.000000,0.043197,,0.908060
PDA,MHEALTH -> RealWorld,UDA,7,3,47.212,0.000000,0.189286,0.000000,0.306298,,0.778338
PDA,MHEALTH -> RealWorld,OVANet,7,0,42.051,0.000000,0.000725,0.000000,0.001446,,0.924433
PDA,MHEALTH -> RealWorld,PDAAN,7,1,32.531,,,,0.363906,,0.900504
PDA,MHEALTH -> RealWorld,UDA,7,1,49.821,0.000000,0.091610,0.000000,0.149352,,0.913098
PDA,MHEALTH -> RealWorld,PPOT,7,2,134.305,0.000000,0.000000,0.000000,0.000000,,0.712846
PDA,MHEALTH -> RealWorld,UniOT,7,3,146.337,0.000000,0.000000,0.000000,0.000000,,0.939547
PDA,MHEALTH -> RealWorld,OVANet,7,1,43.388,0.000000,0.037010,0.000000,0.041778,,0.866499
PDA,MHEALTH -> RealWorld,SPADA,7,2,34.135,,,,0.305817,,0.900504
PDA,MHEALTH -> RealWorld,PPOT,7,4,123.123,0.000000,0.000000,0.000000,0.000000,,0.745592
PDA,MHEALTH -> RealWorld,SPADA,7,0,34.516,,,,0.620268,,0.865239
PDA,MHEALTH -> RealWorld,SPADA,7,1,32.192,,,,0.430342,,0.897985
PDA,MHEALTH -> RealWorld,SPADA,7,3,32.910,,,,0.331452,,0.900504
PDA,MHEALTH -> RealWorld,UniJDOT,7,2,212.130,0.000000,0.000000,0.000000,0.000000,,0.976071
PDA,MHEALTH -> RealWorld,UDA,7,0,53.221,0.000000,0.194933,0.000000,0.303132,,0.938287
PDA,MHEALTH -> RealWorld,PDAAN,7,2,32.263,,,,0.434430,,0.897985
PDA,MHEALTH -> RealWorld,OVANet,7,2,42.417,0.000000,0.000305,0.000000,0.000609,,0.920655
PDA,MHEALTH -> RealWorld,UniOT,7,2,136.731,0.000000,0.000000,0.000000,0.000000,,0.981108
PDA,MHEALTH -> RealWorld,OVANet,7,3,43.624,0.000000,0.007898,0.000000,0.014895,,0.863980
PDA,MHEALTH -> RealWorld,PPOT,7,3,128.933,0.000000,0.000000,0.000000,0.000000,,0.602015
PDA,MHEALTH -> RealWorld,UniJDOT,7,0,204.750,0.000000,0.112671,0.000000,0.150886,,0.972292
UniDA,RealWorld -> Pamap2,RAINCOAT,3,0,152.971,0.204267,0.192485,0.217584,0.261196,,0.498360
UniDA,RealWorld -> Pamap2,RAINCOAT,3,1,155.426,0.293065,0.271830,0.317897,0.314175,,0.383816
UniDA,RealWorld -> Pamap2,RAINCOAT,3,2,172.093,0.249047,0.259236,0.239630,0.316010,,0.427146
UniDA,RealWorld -> Pamap2,RAINCOAT,3,3,145.672,0.138926,0.212007,0.103313,0.178463,,0.441225
UniDA,RealWorld -> Pamap2,RAINCOAT,3,4,150.007,0.335748,0.360411,0.314245,0.327876,,0.414844
UniDA,RealWorld -> Pamap2,UDA,3,0,209.160,0.475838,0.628463,0.382859,0.515784,,0.764215
UniDA,RealWorld -> Pamap2,UDA,3,1,208.895,0.431244,0.461587,0.404644,0.469228,,0.779798
UniDA,RealWorld -> Pamap2,UDA,3,2,214.187,0.408406,0.484467,0.352987,0.434523,,0.789776
UniDA,RealWorld -> Pamap2,UDA,3,3,221.082,0.461365,0.569060,0.387947,0.492177,,0.837343
UniDA,RealWorld -> Pamap2,UDA,3,4,215.693,0.428725,0.556465,0.348682,0.463502,,0.797840
UniDA,RealWorld -> Pamap2,OVANet,3,0,184.618,0.337363,0.344039,0.330942,0.367426,,0.823264
UniDA,RealWorld -> Pamap2,OVANet,3,1,190.001,0.336078,0.341100,0.331203,0.372657,,0.811782
UniDA,RealWorld -> Pamap2,OVANet,3,2,188.171,0.387031,0.242863,0.952387,0.593015,,0.803991
UniDA,RealWorld -> Pamap2,OVANet,3,3,190.328,0.039888,0.020361,0.973650,0.478554,,0.797704
UniDA,RealWorld -> Pamap2,OVANet,3,4,178.410,0.221898,0.129303,0.781633,0.443097,,0.829415
UniDA,RealWorld -> Pamap2,DANCE,3,0,185.298,0.173699,0.095298,0.979650,0.537092,,0.867004
UniDA,RealWorld -> Pamap2,DANCE,3,1,180.490,0.000000,0.000000,0.000000,0.000000,,0.136550
UniDA,RealWorld -> Pamap2,DANCE,3,2,182.856,0.361795,0.223552,0.948082,0.589223,,0.811236
UniDA,RealWorld -> Pamap2,DANCE,3,3,180.295,0.048315,0.024769,0.978476,0.483964,,0.806588
UniDA,RealWorld -> Pamap2,DANCE,3,4,177.810,0.000000,0.000000,0.000000,0.000000,,0.136550
UniDA,RealWorld -> Pamap2,PPOT,3,0,307.181,0.409131,0.324097,0.554657,0.532073,,0.789229
UniDA,RealWorld -> Pamap2,PPOT,3,1,316.393,0.352394,0.274979,0.490477,0.484654,,0.765309
UniDA,RealWorld -> Pamap2,PPOT,3,2,319.305,0.476292,0.400714,0.587008,0.595629,,0.752460
UniDA,RealWorld -> Pamap2,PPOT,3,3,308.497,0.354639,0.264694,0.537177,0.491785,,0.805632
UniDA,RealWorld -> Pamap2,PPOT,3,4,287.715,0.451940,0.354324,0.623793,0.613423,,0.819437
UniDA,RealWorld -> Pamap2,UniOT,3,0,892.057,0.560474,0.432200,0.797026,0.631353,,0.847731
UniDA,RealWorld -> Pamap2,UniOT,3,1,466.375,0.000000,0.000000,1.000000,0.470530,,0.838983
UniDA,RealWorld -> Pamap2,UniOT,3,2,886.390,0.649056,0.520151,0.862901,0.699818,,0.761345
UniDA,RealWorld -> Pamap2,UniOT,3,3,896.116,0.663372,0.579135,0.776285,0.684065,,0.818343
UniDA,RealWorld -> Pamap2,UniOT,3,4,918.837,0.443781,0.317590,0.736368,0.510435,,0.822717
UniDA,RealWorld -> Pamap2,UniJDOT,3,0,1489.736,0.637493,0.589421,0.694104,0.665874,,0.819574
UniDA,RealWorld -> Pamap2,UniJDOT,3,1,1399.770,0.488104,0.423384,0.576181,0.550269,,0.775150
UniDA,RealWorld -> Pamap2,UniJDOT,3,2,1383.189,0.631705,0.531486,0.778502,0.682207,,0.809595
UniDA,RealWorld -> Pamap2,UniJDOT,3,3,1415.787,0.515701,0.448153,0.607227,0.555377,,0.783762
UniDA,RealWorld -> Pamap2,UniJDOT,3,4,1506.593,0.443638,0.664778,0.332899,0.491697,,0.845681
UniDA,Pamap2 -> MHEALTH,UDA,7,0,68.713,0.281389,0.236230,0.347895,0.387427,,0.782980
UniDA,Pamap2 -> MHEALTH,UDA,7,1,67.299,0.252921,0.189718,0.379269,0.392497,,0.748616
UniDA,Pamap2 -> MHEALTH,UDA,7,2,61.355,0.287647,0.252142,0.334790,0.371314,,0.724170
UniDA,Pamap2 -> MHEALTH,UDA,7,3,64.589,0.260199,0.195226,0.389992,0.390293,,0.779290
UniDA,Pamap2 -> MHEALTH,UDA,7,4,66.465,0.199580,0.152387,0.289118,0.293316,,0.715637
UniDA,Pamap2 -> MHEALTH,OVANet,7,0,55.169,0.000000,0.000000,0.792295,0.419514,,0.834640
UniDA,Pamap2 -> MHEALTH,OVANet,7,1,53.518,0.000000,0.000000,0.948372,0.457933,,0.824031
UniDA,Pamap2 -> MHEALTH,OVANet,7,2,55.071,0.000000,0.000000,0.905083,0.438696,,0.841559
UniDA,Pamap2 -> MHEALTH,OVANet,7,3,55.609,0.000000,0.000000,0.730739,0.421404,,0.847555
UniDA,Pamap2 -> MHEALTH,OVANet,7,4,54.352,0.000000,0.000000,0.708102,0.420497,,0.780443
UniDA,Pamap2 -> MHEALTH,DANCE,7,0,58.851,0.000000,0.000000,1.000000,0.457887,,0.838791
UniDA,Pamap2 -> MHEALTH,DANCE,7,1,58.114,0.000000,0.000000,1.000000,0.457887,,0.840406
UniDA,Pamap2 -> MHEALTH,DANCE,7,2,56.809,0.000000,0.000000,1.000000,0.457887,,0.834410
UniDA,Pamap2 -> MHEALTH,DANCE,7,3,55.491,0.000000,0.000000,1.000000,0.457887,,0.843404
UniDA,Pamap2 -> MHEALTH,DANCE,7,4,56.115,0.000000,0.000000,1.000000,0.457887,,0.851015
UniDA,Pamap2 -> MHEALTH,PPOT,7,0,98.325,0.373755,0.244186,0.796267,0.563700,,0.559041
UniDA,Pamap2 -> MHEALTH,PPOT,7,1,94.932,0.008514,0.004284,0.678713,0.372786,,0.523755
UniDA,Pamap2 -> MHEALTH,PPOT,7,2,93.540,0.000000,0.000000,0.768864,0.413633,,0.497463
UniDA,Pamap2 -> MHEALTH,PPOT,7,3,95.829,0.000000,0.000000,0.662828,0.379802,,0.527214
UniDA,Pamap2 -> MHEALTH,PPOT,7,4,94.188,0.000000,0.000000,0.771247,0.421221,,0.599631
UniDA,Pamap2 -> MHEALTH,RAINCOAT,7,0,41.760,0.064258,0.063035,0.065528,0.095768,,0.185655
UniDA,Pamap2 -> MHEALTH,RAINCOAT,7,1,43.584,0.108520,0.066095,0.303018,0.268684,,0.390683
UniDA,Pamap2 -> MHEALTH,RAINCOAT,7,2,41.911,0.236564,0.222766,0.252184,0.307742,,0.340867
UniDA,Pamap2 -> MHEALTH,RAINCOAT,7,3,41.615,0.161664,0.186659,0.142573,0.197047,,0.301891
UniDA,Pamap2 -> MHEALTH,RAINCOAT,7,4,42.548,0.105517,0.074051,0.183479,0.185509,,0.399677
UniDA,Pamap2 -> MHEALTH,UniOT,7,0,216.418,0.000000,0.000000,1.000000,0.457887,,0.756919
UniDA,Pamap2 -> MHEALTH,UniOT,7,1,178.481,0.000000,0.000000,1.000000,0.457887,,0.704336
UniDA,Pamap2 -> MHEALTH,UniOT,7,2,262.852,0.009682,0.004896,0.430103,0.269440,,0.780443
UniDA,Pamap2 -> MHEALTH,UniOT,7,3,186.941,0.000000,0.000000,1.000000,0.457887,,0.727629
UniDA,Pamap2 -> MHEALTH,UniOT,7,4,206.198,0.000000,0.000000,1.000000,0.457887,,0.752306
UniDA,Pamap2 -> MHEALTH,UniJDOT,7,0,502.953,0.418206,0.297430,0.704130,0.533348,,0.734317
UniDA,Pamap2 -> MHEALTH,UniJDOT,7,1,485.186,0.075084,0.040392,0.532168,0.346169,,0.719788
UniDA,Pamap2 -> MHEALTH,UniJDOT,7,2,276.314,0.047469,0.024480,0.779587,0.447751,,0.744234
UniDA,Pamap2 -> MHEALTH,UniJDOT,7,3,272.797,0.127009,0.073439,0.469420,0.364932,,0.782980
UniDA,Pamap2 -> MHEALTH,UniJDOT,7,4,282.811,0.088741,0.048960,0.473392,0.306814,,0.762685
PDA,MHEALTH -> RealWorld,PPOT,8,0,131.418,0.000000,0.000000,0.000000,0.000000,,0.707763
PDA,MHEALTH -> RealWorld,UniJDOT,8,1,243.631,0.000000,0.127781,0.000000,0.171988,,0.971461
PDA,MHEALTH -> RealWorld,RAINCOAT,8,0,82.987,0.000000,0.247167,0.000000,0.303188,,0.280822
PDA,MHEALTH -> RealWorld,DANCE,8,3,45.805,0.000000,0.000000,0.000000,0.000000,,0.896119
PDA,MHEALTH -> RealWorld,UniOT,8,2,129.288,0.000000,0.000000,0.000000,0.000000,,0.947489
PDA,MHEALTH -> RealWorld,RAINCOAT,8,3,78.016,0.000000,0.220001,0.000000,0.284909,,0.414384
PDA,MHEALTH -> RealWorld,PPOT,8,4,132.856,0.000000,0.000000,0.000000,0.000000,,0.684932
PDA,MHEALTH -> RealWorld,UniOT,8,3,134.832,0.000000,0.000000,0.000000,0.000000,,0.900685
PDA,MHEALTH -> RealWorld,DANCE,8,1,45.149,0.000000,0.000000,0.000000,0.000000,,0.910959
PDA,MHEALTH -> RealWorld,RAINCOAT,8,2,76.165,0.000000,0.093479,0.000000,0.127247,,0.313927
PDA,MHEALTH -> RealWorld,PDAAN,8,4,35.232,,,,0.378333,,0.855023
PDA,MHEALTH -> RealWorld,UniJDOT,8,2,229.218,0.000000,0.010149,0.000000,0.012470,,0.947489
PDA,MHEALTH -> RealWorld,DANCE,8,2,46.311,0.000000,0.000000,0.000000,0.000000,,0.898402
PDA,MHEALTH -> RealWorld,PDAAN,8,2,37.188,,,,0.389201,,0.891553
PDA,MHEALTH -> RealWorld,UDA,8,4,51.031,0.000000,0.177382,0.000000,0.268072,,0.913242
PDA,MHEALTH -> RealWorld,UniOT,8,1,126.625,0.000000,0.000000,0.000000,0.000000,,0.989726
PDA,MHEALTH -> RealWorld,PDAAN,8,0,39.328,,,,0.261936,,0.843607
PDA,MHEALTH -> RealWorld,RAINCOAT,8,4,77.276,0.000000,0.110573,0.000000,0.153253,,0.267123
PDA,MHEALTH -> RealWorld,SPADA,8,2,35.250,,,,0.428736,,0.859589
PDA,MHEALTH -> RealWorld,SPADA,8,1,35.845,,,,0.210725,,0.873288
PDA,MHEALTH -> RealWorld,UDA,8,2,53.770,0.000000,0.147278,0.000000,0.236775,,0.900685
PDA,MHEALTH -> RealWorld,SPADA,8,3,34.866,,,,0.366150,,0.853881
PDA,MHEALTH -> RealWorld,SPADA,8,0,160.353,,,,0.395122,,0.835616
PDA,MHEALTH -> RealWorld,PPOT,8,3,133.180,0.000000,0.000000,0.000000,0.000000,,0.554795
PDA,MHEALTH -> RealWorld,SPADA,8,4,35.407,,,,0.440484,,0.904110
PDA,MHEALTH -> RealWorld,UDA,8,3,52.336,0.000000,0.130604,0.000000,0.213508,,0.869863
PDA,MHEALTH -> RealWorld,UniJDOT,8,0,245.058,0.000000,0.024877,0.000000,0.043603,,0.925799
PDA,MHEALTH -> RealWorld,OVANet,8,1,43.749,0.000000,0.000000,0.000000,0.000000,,0.860731
PDA,MHEALTH -> RealWorld,PPOT,8,1,129.463,0.000000,0.000000,0.000000,0.000000,,0.603881
PDA,MHEALTH -> RealWorld,PDAAN,8,1,35.366,,,,0.588181,,0.900685
PDA,MHEALTH -> RealWorld,DANCE,8,4,43.630,0.000000,0.000000,0.000000,0.000000,,0.883562
PDA,MHEALTH -> RealWorld,UniJDOT,8,3,225.534,0.000000,0.053684,0.000000,0.089165,,0.901827
PDA,MHEALTH -> RealWorld,UniJDOT,8,4,240.175,0.000000,0.041169,0.000000,0.065522,,0.910959
PDA,MHEALTH -> RealWorld,UniOT,8,4,148.142,0.000000,0.000000,0.000000,0.000000,,0.962329
PDA,MHEALTH -> RealWorld,UDA,8,0,55.860,0.000000,0.166431,0.000000,0.271885,,0.849315
PDA,MHEALTH -> RealWorld,DANCE,8,0,45.626,0.000000,0.000000,0.000000,0.000000,,0.878995
PDA,MHEALTH -> RealWorld,UniOT,8,0,135.629,0.000000,0.000000,0.000000,0.000000,,0.916667
PDA,MHEALTH -> RealWorld,PPOT,8,2,134.119,0.000000,0.000000,0.000000,0.000000,,0.680365
PDA,MHEALTH -> RealWorld,PDAAN,8,3,36.228,,,,0.253020,,0.859589
PDA,MHEALTH -> RealWorld,UDA,8,1,52.322,0.000000,0.057843,0.000000,0.096534,,0.916667
PDA,MHEALTH -> RealWorld,RAINCOAT,8,1,76.654,0.000000,0.144988,0.000000,0.173904,,0.393836
PDA,MHEALTH -> RealWorld,OVANet,8,4,44.524,0.000000,0.000038,0.000000,0.000076,,0.914384
PDA,MHEALTH -> RealWorld,OVANet,8,2,43.051,0.000000,0.000878,0.000000,0.001717,,0.896119
PDA,MHEALTH -> RealWorld,OVANet,8,0,48.627,0.000000,0.000954,0.000000,0.001893,,0.910959
PDA,MHEALTH -> RealWorld,OVANet,8,3,43.925,0.000000,0.004426,0.000000,0.008648,,0.900685
OSDA,RealWorld -> Pamap2,RAINCOAT,6,0,250.288,0.181221,0.128782,0.305699,0.299215,,0.547879
OSDA,RealWorld -> Pamap2,RAINCOAT,6,1,239.838,0.319902,0.292017,0.353675,0.350459,,0.553328
OSDA,RealWorld -> Pamap2,RAINCOAT,6,2,264.055,0.341703,0.347479,0.336116,0.352172,,0.537563
OSDA,RealWorld -> Pamap2,RAINCOAT,6,3,282.615,0.247805,0.366807,0.187104,0.258182,,0.601401
OSDA,RealWorld -> Pamap2,RAINCOAT,6,4,275.045,0.327812,0.343067,0.313855,0.332408,,0.558972
OSDA,RealWorld -> Pamap2,OSBP,6,0,226.114,0.646776,0.613445,0.683938,0.682823,,0.835344
OSDA,RealWorld -> Pamap2,OSBP,6,1,224.646,0.673457,0.607353,0.755709,0.721341,,0.813352
OSDA,RealWorld -> Pamap2,OSBP,6,2,224.814,0.744318,0.705882,0.787181,0.771315,,0.761970
OSDA,RealWorld -> Pamap2,OSBP,6,3,239.855,0.702867,0.654202,0.759355,0.735176,,0.842351
OSDA,RealWorld -> Pamap2,OSBP,6,4,239.064,0.757274,0.742017,0.773172,0.775350,,0.856364
OSDA,RealWorld -> Pamap2,TSFA,6,0,844.742,0.372389,0.643277,0.262042,0.387802,,0.830868
OSDA,RealWorld -> Pamap2,TSFA,6,1,770.192,0.362603,0.719538,0.242372,0.384214,,0.852472
OSDA,RealWorld -> Pamap2,TSFA,6,2,557.940,0.395417,0.697269,0.275955,0.417572,,0.911639
OSDA,RealWorld -> Pamap2,TSFA,6,3,585.827,0.399403,0.838445,0.262138,0.431313,,0.888478
OSDA,RealWorld -> Pamap2,TSFA,6,4,652.547,0.339653,0.503781,0.256189,0.363130,,0.908914
OSDA,RealWorld -> Pamap2,UDA,6,0,176.172,0.392464,0.547689,0.305795,0.399948,,0.924873
OSDA,RealWorld -> Pamap2,UDA,6,1,181.079,0.424094,0.582773,0.333333,0.430933,,0.948618
OSDA,RealWorld -> Pamap2,UDA,6,2,215.032,0.446130,0.594748,0.356937,0.451994,,0.949202
OSDA,RealWorld -> Pamap2,UDA,6,3,226.774,0.439812,0.498950,0.393207,0.453086,,0.944531
OSDA,RealWorld -> Pamap2,UDA,6,4,216.661,0.403969,0.591387,0.306755,0.407076,,0.916894
OSDA,RealWorld -> Pamap2,OVANet,6,0,216.425,0.456128,0.690546,0.340530,0.486455,,0.880888
OSDA,RealWorld -> Pamap2,OVANet,6,1,175.774,0.431126,0.561134,0.350029,0.429434,,0.853640
OSDA,RealWorld -> Pamap2,OVANet,6,2,190.909,0.121539,0.485294,0.069468,0.187487,,0.854223
OSDA,RealWorld -> Pamap2,OVANet,6,3,182.836,0.490953,0.599160,0.415851,0.486396,,0.862009
OSDA,RealWorld -> Pamap2,OVANet,6,4,164.597,0.094297,0.566387,0.051430,0.151046,,0.839237
OSDA,RealWorld -> Pamap2,DANCE,6,0,220.851,0.374546,0.240336,0.848206,0.614411,,0.873881
OSDA,RealWorld -> Pamap2,DANCE,6,1,207.111,0.307774,0.184664,0.923335,0.624378,,0.873881
OSDA,RealWorld -> Pamap2,DANCE,6,2,216.530,0.197283,0.110924,0.890808,0.576398,,0.857337
OSDA,RealWorld -> Pamap2,DANCE,6,3,244.935,0.082436,0.043277,0.866149,0.534393,,0.842740
OSDA,RealWorld -> Pamap2,DANCE,6,4,242.288,0.062104,0.032143,0.914892,0.546449,,0.865707
OSDA,RealWorld -> Pamap2,PPOT,6,0,818.226,0.115429,0.759034,0.062464,0.203637,,0.931880
OSDA,RealWorld -> Pamap2,PPOT,6,1,618.230,0.133693,0.879202,0.072347,0.236348,,0.845465
OSDA,RealWorld -> Pamap2,PPOT,6,2,501.303,0.137918,0.877311,0.074842,0.238390,,0.940249
OSDA,RealWorld -> Pamap2,PPOT,6,3,477.976,0.268825,0.858193,0.159374,0.333296,,0.870572
OSDA,RealWorld -> Pamap2,PPOT,6,4,472.468,0.291138,0.833824,0.176358,0.344340,,0.878357
OSDA,RealWorld -> Pamap2,UniOT,6,0,1659.255,0.000000,0.269748,0.000000,0.013190,,0.250097
OSDA,RealWorld -> Pamap2,UniOT,6,1,2367.649,0.467960,0.336555,0.767703,0.620821,,0.890424
OSDA,RealWorld -> Pamap2,UniOT,6,2,2423.734,0.335399,0.219748,0.708022,0.557279,,0.903464
OSDA,RealWorld -> Pamap2,UniOT,6,3,1657.699,0.616152,0.511975,0.773556,0.680170,,0.876606
OSDA,RealWorld -> Pamap2,UniOT,6,4,1880.440,0.550203,0.422479,0.788620,0.661113,,0.935773
OSDA,RealWorld -> Pamap2,UniJDOT,6,0,2845.410,0.617687,0.716387,0.542890,0.615283,,0.915142
OSDA,RealWorld -> Pamap2,UniJDOT,6,1,2121.132,0.509837,0.522479,0.497793,0.544827,,0.884975
OSDA,RealWorld -> Pamap2,UniJDOT,6,2,2267.786,0.459881,0.382983,0.575417,0.540056,,0.863566
OSDA,RealWorld -> Pamap2,UniJDOT,6,3,2904.428,0.612929,0.701471,0.544233,0.613226,,0.850915
OSDA,RealWorld -> Pamap2,UniJDOT,6,4,1332.338,0.481017,0.557563,0.422951,0.459997,,0.861230
PDA,MHEALTH -> RealWorld,DANCE,6,2,37.514,0.000000,0.000000,0.000000,0.000000,,0.916667
PDA,MHEALTH -> RealWorld,UniOT,6,4,154.036,0.000000,0.000000,0.000000,0.000000,,0.990437
PDA,MHEALTH -> RealWorld,SPADA,6,1,30.533,,,,0.414637,,0.885246
PDA,MHEALTH -> RealWorld,DANCE,6,3,38.431,0.000000,0.000000,0.000000,0.000000,,0.931694
PDA,MHEALTH -> RealWorld,UniJDOT,6,1,202.647,0.000000,0.002556,0.000000,0.004372,,0.959016
PDA,MHEALTH -> RealWorld,PDAAN,6,1,30.184,,,,0.276657,,0.896175
PDA,MHEALTH -> RealWorld,UniOT,6,1,205.745,0.000000,0.000000,0.000000,0.000000,,0.960383
PDA,MHEALTH -> RealWorld,DANCE,6,4,38.797,0.000000,0.000000,0.000000,0.000000,,0.913934
PDA,MHEALTH -> RealWorld,UDA,6,4,43.876,0.000000,0.089015,0.000000,0.140046,,0.918033
PDA,MHEALTH -> RealWorld,UniOT,6,3,209.089,0.000000,0.000000,0.000000,0.000000,,0.993169
PDA,MHEALTH -> RealWorld,PPOT,6,3,116.086,0.000000,0.000000,0.000000,0.000000,,0.654372
PDA,MHEALTH -> RealWorld,PDAAN,6,4,30.577,,,,0.346331,,0.900273
PDA,MHEALTH -> RealWorld,OVANet,6,4,41.066,0.000000,0.000000,0.000000,0.000000,,0.916667
PDA,MHEALTH -> RealWorld,SPADA,6,0,33.347,,,,0.602433,,0.890710
PDA,MHEALTH -> RealWorld,PPOT,6,0,130.604,0.000000,0.000000,0.000000,0.000000,,0.550546
PDA,MHEALTH -> RealWorld,PDAAN,6,3,31.578,,,,0.290645,,0.898907
PDA,MHEALTH -> RealWorld,UniJDOT,6,0,232.146,0.000000,0.005075,0.000000,0.008034,,0.972678
PDA,MHEALTH -> RealWorld,UDA,6,3,45.541,0.000000,0.207410,0.000000,0.302758,,0.928962
PDA,MHEALTH -> RealWorld,PPOT,6,2,117.300,0.000000,0.000000,0.000000,0.000000,,0.689891
PDA,MHEALTH -> RealWorld,UDA,6,0,168.718,0.000000,0.227326,0.000000,0.346996,,0.907104
PDA,MHEALTH -> RealWorld,UniJDOT,6,2,213.065,0.000000,0.085123,0.000000,0.131279,,0.979508
PDA,MHEALTH -> RealWorld,PPOT,6,4,116.622,0.000000,0.000000,0.000000,0.000000,,0.709016
PDA,MHEALTH -> RealWorld,DANCE,6,1,39.415,0.000000,0.000000,0.000000,0.000000,,0.933060
PDA,MHEALTH -> RealWorld,SPADA,6,2,30.818,,,,0.633452,,0.890710
PDA,MHEALTH -> RealWorld,SPADA,6,4,30.469,,,,0.610355,,0.898907
PDA,MHEALTH -> RealWorld,RAINCOAT,6,0,71.406,0.000000,0.051852,0.000000,0.087574,,0.491803
PDA,MHEALTH -> RealWorld,SPADA,6,3,30.557,,,,0.368242,,0.901639
PDA,MHEALTH -> RealWorld,UniOT,6,2,154.095,0.000000,0.000000,0.000000,0.000000,,0.933060
PDA,MHEALTH -> RealWorld,RAINCOAT,6,3,68.962,0.000000,0.167500,0.000000,0.245092,,0.527322
PDA,MHEALTH -> RealWorld,RAINCOAT,6,2,69.052,0.000000,0.207219,0.000000,0.258828,,0.486339
PDA,MHEALTH -> RealWorld,OVANet,6,2,37.664,0.000000,0.002595,0.000000,0.005142,,0.920765
PDA,MHEALTH -> RealWorld,PDAAN,6,0,34.010,,,,0.322415,,0.890710
PDA,MHEALTH -> RealWorld,RAINCOAT,6,1,73.454,0.000000,0.283529,0.000000,0.325079,,0.448087
PDA,MHEALTH -> RealWorld,OVANet,6,0,41.596,0.000000,0.004579,0.000000,0.008995,,0.889344
PDA,MHEALTH -> RealWorld,UniJDOT,6,3,235.365,0.000000,0.213438,0.000000,0.235231,,0.989071
PDA,MHEALTH -> RealWorld,UniJDOT,6,4,216.549,0.000000,0.232668,0.000000,0.267564,,0.965847
PDA,MHEALTH -> RealWorld,OVANet,6,3,37.786,0.000000,0.000649,0.000000,0.001281,,0.934426
PDA,MHEALTH -> RealWorld,DANCE,6,0,45.049,0.000000,0.000000,0.000000,0.000000,,0.930328
PDA,MHEALTH -> RealWorld,PDAAN,6,2,30.091,,,,0.544878,,0.894809
PDA,MHEALTH -> RealWorld,UDA,6,2,45.354,0.000000,0.125568,0.000000,0.192573,,0.816940
PDA,MHEALTH -> RealWorld,OVANet,6,1,37.051,0.000000,0.008013,0.000000,0.015322,,0.887978
PDA,MHEALTH -> RealWorld,RAINCOAT,6,4,68.837,0.000000,0.273036,0.000000,0.295953,,0.453552
PDA,MHEALTH -> RealWorld,PPOT,6,1,139.472,0.000000,0.000000,0.000000,0.000000,,0.816940
PDA,MHEALTH -> RealWorld,UDA,6,1,44.979,0.000000,0.189935,0.000000,0.277621,,0.859290
PDA,MHEALTH -> RealWorld,UniOT,6,0,130.666,0.000000,0.000000,0.000000,0.000000,,0.965847
PDA,Pamap2 -> RealWorld,PDAAN,1,0,38.803,,,,0.045147,,0.685764
PDA,Pamap2 -> RealWorld,PDAAN,1,1,36.743,,,,0.104057,,0.616520
PDA,Pamap2 -> RealWorld,PDAAN,1,2,34.825,,,,0.002283,,0.629877
PDA,Pamap2 -> RealWorld,PDAAN,1,3,40.046,,,,0.024370,,0.730053
PDA,Pamap2 -> RealWorld,PDAAN,1,4,40.053,,,,0.101003,,0.695606
PDA,Pamap2 -> RealWorld,SPADA,1,0,42.014,,,,0.267549,,0.901230
PDA,Pamap2 -> RealWorld,SPADA,1,1,38.691,,,,0.267811,,0.910018
PDA,Pamap2 -> RealWorld,SPADA,1,2,40.037,,,,0.415518,,0.927592
PDA,Pamap2 -> RealWorld,SPADA,1,3,44.130,,,,0.430408,,0.919156
PDA,Pamap2 -> RealWorld,SPADA,1,4,42.370,,,,0.414197,,0.932865
PDA,Pamap2 -> RealWorld,UDA,1,0,66.263,0.000000,0.148880,0.000000,0.240572,,0.863269
PDA,Pamap2 -> RealWorld,UDA,1,1,65.524,0.000000,0.153192,0.000000,0.245033,,0.894200
PDA,Pamap2 -> RealWorld,UDA,1,2,65.314,0.000000,0.164829,0.000000,0.264620,,0.849561
PDA,Pamap2 -> RealWorld,UDA,1,3,66.819,0.000000,0.213934,0.000000,0.329043,,0.870299
PDA,Pamap2 -> RealWorld,UDA,1,4,64.533,0.000000,0.172651,0.000000,0.270340,,0.843234
PDA,Pamap2 -> RealWorld,OVANet,1,0,57.537,0.000000,0.001908,0.000000,0.003794,,0.900176
PDA,Pamap2 -> RealWorld,OVANet,1,1,54.847,0.000000,0.000114,0.000000,0.000229,,0.920914
PDA,Pamap2 -> RealWorld,OVANet,1,2,54.015,0.000000,0.019650,0.000000,0.036582,,0.924429
PDA,Pamap2 -> RealWorld,OVANet,1,3,56.613,0.000000,0.019344,0.000000,0.036682,,0.907909
PDA,Pamap2 -> RealWorld,OVANet,1,4,56.369,0.000000,0.001870,0.000000,0.003712,,0.900879
PDA,Pamap2 -> RealWorld,DANCE,1,0,58.583,0.000000,0.000000,0.000000,0.000000,,0.919859
PDA,Pamap2 -> RealWorld,DANCE,1,1,57.370,0.000000,0.000000,0.000000,0.000000,,0.917399
PDA,Pamap2 -> RealWorld,DANCE,1,2,58.978,0.000000,0.000000,0.000000,0.000000,,0.918102
PDA,Pamap2 -> RealWorld,DANCE,1,3,55.422,0.000000,0.000000,0.000000,0.000000,,0.918453
PDA,Pamap2 -> RealWorld,DANCE,1,4,57.307,0.000000,0.000000,0.000000,0.000000,,0.919508
PDA,Pamap2 -> RealWorld,PPOT,1,0,120.274,0.000000,0.000000,0.000000,0.000000,,0.882601
PDA,Pamap2 -> RealWorld,PPOT,1,1,124.424,0.000000,0.000038,0.000000,0.000076,,0.828822
PDA,Pamap2 -> RealWorld,PPOT,1,2,125.129,0.000000,0.000000,0.000000,0.000000,,0.894903
PDA,Pamap2 -> RealWorld,PPOT,1,3,125.159,0.000000,0.000000,0.000000,0.000000,,0.781722
PDA,Pamap2 -> RealWorld,PPOT,1,4,123.628,0.000000,0.000000,0.000000,0.000000,,0.863620
PDA,Pamap2 -> RealWorld,RAINCOAT,1,0,100.196,0.000000,0.211645,0.000000,0.284669,,0.747627
PDA,Pamap2 -> RealWorld,RAINCOAT,1,1,95.660,0.000000,0.119577,0.000000,0.190264,,0.717047
PDA,Pamap2 -> RealWorld,RAINCOAT,1,2,105.509,0.000000,0.148842,0.000000,0.201789,,0.727592
PDA,Pamap2 -> RealWorld,RAINCOAT,1,3,99.694,0.000000,0.210844,0.000000,0.276434,,0.691740
PDA,Pamap2 -> RealWorld,RAINCOAT,1,4,119.737,0.000000,0.127895,0.000000,0.178935,,0.632337
PDA,Pamap2 -> RealWorld,UniOT,1,0,298.540,0.000000,0.008013,0.000000,0.015256,,0.846046
PDA,Pamap2 -> RealWorld,UniOT,1,1,271.839,0.000000,0.000305,0.000000,0.000610,,0.850967
PDA,Pamap2 -> RealWorld,UniOT,1,2,357.308,0.000000,0.003701,0.000000,0.007320,,0.862214
PDA,Pamap2 -> RealWorld,UniOT,1,3,373.057,0.000000,0.074593,0.000000,0.116130,,0.841125
PDA,Pamap2 -> RealWorld,UniOT,1,4,404.103,0.000000,0.074631,0.000000,0.122264,,0.899473
PDA,Pamap2 -> RealWorld,UniJDOT,1,0,740.608,0.000000,0.171048,0.000000,0.224285,,0.857996
PDA,Pamap2 -> RealWorld,UniJDOT,1,1,712.057,0.000000,0.478500,0.000000,0.599563,,0.910721
PDA,Pamap2 -> RealWorld,UniJDOT,1,2,750.676,0.000000,0.318784,0.000000,0.405943,,0.843937
PDA,Pamap2 -> RealWorld,UniJDOT,1,3,658.482,0.000000,0.426342,0.000000,0.555039,,0.871353
PDA,Pamap2 -> RealWorld,UniJDOT,1,4,629.400,0.000000,0.539776,0.000000,0.645253,,0.884359
PDA,Pamap2 -> RealWorld,PDAAN,6,0,56.518,,,,0.002738,,0.453371
PDA,Pamap2 -> RealWorld,PDAAN,6,1,53.522,,,,0.019139,,0.450329
PDA,Pamap2 -> RealWorld,PDAAN,6,2,54.081,,,,0.001673,,0.451597
PDA,Pamap2 -> RealWorld,PDAAN,6,3,52.777,,,,0.086149,,0.519513
PDA,Pamap2 -> RealWorld,PDAAN,6,4,58.310,,,,0.014118,,0.450076
PDA,Pamap2 -> RealWorld,SPADA,6,0,57.732,,,,0.365577,,0.720730
PDA,Pamap2 -> RealWorld,SPADA,6,1,60.549,,,,0.352441,,0.742777
PDA,Pamap2 -> RealWorld,SPADA,6,2,59.546,,,,0.364587,,0.721744
PDA,Pamap2 -> RealWorld,SPADA,6,3,59.123,,,,0.235045,,0.698175
PDA,Pamap2 -> RealWorld,SPADA,6,4,58.472,,,,0.349160,,0.748099
PDA,Pamap2 -> RealWorld,UDA,6,0,94.384,0.000000,0.152200,0.000000,0.251332,,0.731374
PDA,Pamap2 -> RealWorld,UDA,6,1,92.790,0.000000,0.102179,0.000000,0.168971,,0.779270
PDA,Pamap2 -> RealWorld,UDA,6,2,82.872,0.000000,0.137853,0.000000,0.230072,,0.754181
PDA,Pamap2 -> RealWorld,UDA,6,3,88.607,0.000000,0.132855,0.000000,0.217508,,0.780284
PDA,Pamap2 -> RealWorld,UDA,6,4,88.740,0.000000,0.120455,0.000000,0.196776,,0.719970
PDA,Pamap2 -> RealWorld,OVANet,6,0,73.302,0.000000,0.002251,0.000000,0.004481,,0.804612
PDA,Pamap2 -> RealWorld,OVANet,6,1,76.080,0.000000,0.001564,0.000000,0.003110,,0.809427
PDA,Pamap2 -> RealWorld,OVANet,6,2,74.101,0.000000,0.001335,0.000000,0.002656,,0.825139
PDA,Pamap2 -> RealWorld,OVANet,6,3,72.841,0.000000,0.000801,0.000000,0.001599,,0.825393
PDA,Pamap2 -> RealWorld,OVANet,6,4,77.427,0.000000,0.002633,0.000000,0.005236,,0.818804
PDA,Pamap2 -> RealWorld,DANCE,6,0,79.566,0.000000,0.000000,0.000000,0.000000,,0.828180
PDA,Pamap2 -> RealWorld,DANCE,6,1,76.305,0.000000,0.000000,0.000000,0.000000,,0.848201
PDA,Pamap2 -> RealWorld,DANCE,6,2,76.235,0.000000,0.000000,0.000000,0.000000,,0.816016
PDA,Pamap2 -> RealWorld,DANCE,6,3,76.402,0.000000,0.000000,0.000000,0.000000,,0.818297
PDA,Pamap2 -> RealWorld,DANCE,6,4,78.474,0.000000,0.000000,0.000000,0.000000,,0.835530
PDA,Pamap2 -> RealWorld,PPOT,6,0,234.850,0.000000,0.000000,0.000000,0.000000,,0.577547
PDA,Pamap2 -> RealWorld,PPOT,6,1,205.997,0.000000,0.000000,0.000000,0.000000,,0.584896
PDA,Pamap2 -> RealWorld,PPOT,6,2,194.932,0.000000,0.000000,0.000000,0.000000,,0.569184
PDA,Pamap2 -> RealWorld,PPOT,6,3,201.944,0.000000,0.000000,0.000000,0.000000,,0.576026
PDA,Pamap2 -> RealWorld,PPOT,6,4,204.098,0.000000,0.000000,0.000000,0.000000,,0.549164
PDA,Pamap2 -> RealWorld,RAINCOAT,6,0,118.852,0.000000,0.128391,0.000000,0.180201,,0.360618
PDA,Pamap2 -> RealWorld,RAINCOAT,6,1,116.939,0.000000,0.101644,0.000000,0.142682,,0.537760
PDA,Pamap2 -> RealWorld,RAINCOAT,6,2,114.617,0.000000,0.101072,0.000000,0.160287,,0.375063
PDA,Pamap2 -> RealWorld,RAINCOAT,6,3,114.737,0.000000,0.128696,0.000000,0.175291,,0.469083
PDA,Pamap2 -> RealWorld,RAINCOAT,6,4,128.309,0.000000,0.040940,0.000000,0.069466,,0.531678
PDA,Pamap2 -> RealWorld,UniOT,6,0,498.466,0.000000,0.000191,0.000000,0.000381,,0.700710
PDA,Pamap2 -> RealWorld,UniOT,6,1,477.076,0.000000,0.000000,0.000000,0.000000,,0.725545
PDA,Pamap2 -> RealWorld,UniOT,6,2,400.041,0.000000,0.000000,0.000000,0.000000,,0.747846
PDA,Pamap2 -> RealWorld,UniOT,6,3,440.899,0.000000,0.000000,0.000000,0.000000,,0.778003
PDA,Pamap2 -> RealWorld,UniOT,6,4,442.310,0.000000,0.000000,0.000000,0.000000,,0.782311
PDA,Pamap2 -> RealWorld,UniJDOT,6,0,876.320,0.000000,0.213362,0.000000,0.241727,,0.767866
PDA,Pamap2 -> RealWorld,UniJDOT,6,1,920.588,0.000000,0.344424,0.000000,0.387855,,0.788900
PDA,Pamap2 -> RealWorld,UniJDOT,6,2,943.079,0.000000,0.553474,0.000000,0.644005,,0.726812
PDA,Pamap2 -> RealWorld,UniJDOT,6,3,944.073,0.000000,0.365676,0.000000,0.436539,,0.765332
PDA,Pamap2 -> RealWorld,UniJDOT,6,4,939.100,0.000000,0.459079,0.000000,0.587254,,0.717942
PDA,MHEALTH -> Pamap2,DANCE,5,2,28.124,0.000000,0.000000,0.000000,0.000000,,0.914027
PDA,MHEALTH -> Pamap2,DANCE,5,3,28.443,0.000000,0.000000,0.000000,0.000000,,0.929110
PDA,MHEALTH -> Pamap2,UDA,5,3,36.568,0.000000,0.348064,0.000000,0.485372,,0.903469
PDA,MHEALTH -> Pamap2,PDAAN,5,4,22.916,,,,0.309350,,0.885370
PDA,MHEALTH -> Pamap2,OVANet,5,3,28.405,0.000000,0.026936,0.000000,0.042168,,0.898944
PDA,MHEALTH -> Pamap2,PDAAN,5,2,23.575,,,,0.191882,,0.883861
PDA,MHEALTH -> Pamap2,PPOT,5,0,54.557,0.000000,0.000000,0.000000,0.000000,,0.740573
PDA,MHEALTH -> Pamap2,PPOT,5,4,52.208,0.000000,0.000000,0.000000,0.000000,,0.794872
PDA,MHEALTH -> Pamap2,RAINCOAT,5,0,52.811,0.000000,0.031355,0.000000,0.030055,,0.297134
PDA,MHEALTH -> Pamap2,RAINCOAT,5,3,48.965,0.000000,0.098906,0.000000,0.152692,,0.441931
PDA,MHEALTH -> Pamap2,UDA,5,1,36.268,0.000000,0.018098,0.000000,0.029186,,0.873303
PDA,MHEALTH -> Pamap2,UniOT,5,1,293.138,0.000000,0.216330,0.000000,0.263773,,0.986425
PDA,MHEALTH -> Pamap2,PPOT,5,1,52.072,0.000000,0.000000,0.000000,0.000000,,0.621418
PDA,MHEALTH -> Pamap2,OVANet,5,1,29.421,0.000000,0.003788,0.000000,0.007426,,0.918552
PDA,MHEALTH -> Pamap2,UDA,5,4,35.665,0.000000,0.147938,0.000000,0.221413,,0.859729
PDA,MHEALTH -> Pamap2,DANCE,5,1,28.843,0.000000,0.000000,0.000000,0.000000,,0.889894
PDA,MHEALTH -> Pamap2,DANCE,5,0,31.532,0.000000,0.000000,0.000000,0.000000,,0.917044
PDA,MHEALTH -> Pamap2,UniJDOT,5,4,154.557,0.000000,0.394150,0.000000,0.450224,,0.933635
PDA,MHEALTH -> Pamap2,UniOT,5,3,222.494,0.000000,0.000000,0.000000,0.000000,,0.957768
PDA,MHEALTH -> Pamap2,UDA,5,0,38.365,0.000000,0.130471,0.000000,0.208629,,0.924585
PDA,MHEALTH -> Pamap2,UniOT,5,4,167.901,0.000000,0.000000,0.000000,0.000000,,0.926094
PDA,MHEALTH -> Pamap2,DANCE,5,4,28.436,0.000000,0.000000,0.000000,0.000000,,0.924585
PDA,MHEALTH -> Pamap2,SPADA,5,1,24.215,,,,0.251303,,0.891403
PDA,MHEALTH -> Pamap2,RAINCOAT,5,2,46.925,0.000000,0.063763,0.000000,0.045924,,0.604827
PDA,MHEALTH -> Pamap2,OVANet,5,2,30.353,0.000000,0.000000,0.000000,0.000000,,0.914027
PDA,MHEALTH -> Pamap2,UniOT,5,0,124.141,0.000000,0.000000,0.000000,0.000000,,0.956259
PDA,MHEALTH -> Pamap2,OVANet,5,0,31.717,0.000000,0.001684,0.000000,0.003340,,0.874811
PDA,MHEALTH -> Pamap2,UDA,5,2,36.202,0.000000,0.139520,0.000000,0.185544,,0.926094
PDA,MHEALTH -> Pamap2,PDAAN,5,3,23.080,,,,0.074006,,0.883861
PDA,MHEALTH -> Pamap2,SPADA,5,4,24.078,,,,0.270512,,0.892911
PDA,MHEALTH -> Pamap2,SPADA,5,3,23.846,,,,0.321347,,0.889894
PDA,MHEALTH -> Pamap2,UniJDOT,5,0,157.018,0.000000,0.175926,0.000000,0.207717,,0.948718
PDA,MHEALTH -> Pamap2,UniJDOT,5,2,154.604,0.000000,0.211069,0.000000,0.260813,,0.975867
PDA,MHEALTH -> Pamap2,UniOT,5,2,139.418,0.000000,0.000000,0.000000,0.000000,,0.965309
PDA,MHEALTH -> Pamap2,RAINCOAT,5,4,49.090,0.000000,0.180976,0.000000,0.266406,,0.337858
PDA,MHEALTH -> Pamap2,RAINCOAT,5,1,46.884,0.000000,0.384891,0.000000,0.447356,,0.506787
PDA,MHEALTH -> Pamap2,SPADA,5,0,26.496,,,,0.277125,,0.843137
PDA,MHEALTH -> Pamap2,PDAAN,5,0,27.159,,,,0.270663,,0.874811
PDA,MHEALTH -> Pamap2,PPOT,5,2,52.157,0.000000,0.000000,0.000000,0.000000,,0.742081
PDA,MHEALTH -> Pamap2,PDAAN,5,1,24.472,,,,0.272153,,0.883861
PDA,MHEALTH -> Pamap2,PPOT,5,3,52.104,0.000000,0.000000,0.000000,0.000000,,0.650075
PDA,MHEALTH -> Pamap2,OVANet,5,4,28.380,0.000000,0.009680,0.000000,0.018413,,0.897436
PDA,MHEALTH -> Pamap2,UniJDOT,5,3,156.061,0.000000,0.122264,0.000000,0.197701,,0.974359
PDA,MHEALTH -> Pamap2,SPADA,5,2,24.172,,,,0.497953,,0.891403
PDA,MHEALTH -> Pamap2,UniJDOT,5,1,153.843,0.000000,0.143729,0.000000,0.200157,,0.981900
UniDA,RealWorld -> MHEALTH,RAINCOAT,1,0,27.366,0.078311,0.512584,0.042394,0.467365,,0.331321
UniDA,RealWorld -> MHEALTH,RAINCOAT,1,1,24.301,0.009869,0.465316,0.004988,0.347126,,0.389560
UniDA,RealWorld -> MHEALTH,RAINCOAT,1,2,28.073,0.255151,0.231430,0.284289,0.255214,,0.515498
UniDA,RealWorld -> MHEALTH,RAINCOAT,1,3,30.310,0.221284,0.256599,0.194514,0.243196,,0.485808
UniDA,RealWorld -> MHEALTH,RAINCOAT,1,4,28.710,0.253880,0.205648,0.331671,0.205882,,0.518760
UniDA,RealWorld -> MHEALTH,UDA,1,0,155.192,0.399010,0.399018,0.399002,0.419679,,0.808972
UniDA,RealWorld -> MHEALTH,UDA,1,1,156.330,0.382481,0.373849,0.391521,0.402490,,0.815334
UniDA,RealWorld -> MHEALTH,UDA,1,2,154.460,0.335927,0.446286,0.269327,0.443817,,0.831484
UniDA,RealWorld -> MHEALTH,UDA,1,3,154.147,0.353623,0.324125,0.389027,0.346605,,0.802936
UniDA,RealWorld -> MHEALTH,UDA,1,4,155.024,0.358759,0.368938,0.349127,0.391722,,0.772431
UniDA,RealWorld -> MHEALTH,OVANet,1,0,127.972,0.442735,0.324125,0.698254,0.284486,,0.827896
UniDA,RealWorld -> MHEALTH,OVANet,1,1,127.917,0.004947,0.302026,0.002494,0.137390,,0.816639
UniDA,RealWorld -> MHEALTH,OVANet,1,2,126.124,0.049025,0.025169,0.940150,0.094823,,0.869331
UniDA,RealWorld -> MHEALTH,OVANet,1,3,129.287,0.059358,0.351136,0.032419,0.210181,,0.768679
UniDA,RealWorld -> MHEALTH,OVANet,1,4,129.908,0.229720,0.647023,0.139651,0.474875,,0.823165
UniDA,RealWorld -> MHEALTH,DANCE,1,0,130.954,0.000000,0.000000,1.000000,0.068023,,0.815334
UniDA,RealWorld -> MHEALTH,DANCE,1,1,128.645,0.000000,0.000000,0.000000,0.000000,,0.161501
UniDA,RealWorld -> MHEALTH,DANCE,1,2,130.058,0.000000,0.000000,0.977556,0.064880,,0.775367
UniDA,RealWorld -> MHEALTH,DANCE,1,3,144.745,0.000000,0.000000,0.977556,0.065346,,0.827732
UniDA,RealWorld -> MHEALTH,DANCE,1,4,139.065,0.002452,0.001228,1.000000,0.076329,,0.829853
UniDA,RealWorld -> MHEALTH,PPOT,1,0,268.289,0.303416,0.198281,0.645885,0.280791,,0.825938
UniDA,RealWorld -> MHEALTH,PPOT,1,1,338.752,0.162725,0.497851,0.097257,0.448110,,0.836868
UniDA,RealWorld -> MHEALTH,PPOT,1,2,276.369,0.092741,0.299570,0.054863,0.335768,,0.808809
UniDA,RealWorld -> MHEALTH,PPOT,1,3,292.870,0.307270,0.224064,0.488778,0.303820,,0.745677
UniDA,RealWorld -> MHEALTH,PPOT,1,4,267.379,0.281820,0.289748,0.274314,0.322988,,0.823491
UniDA,RealWorld -> MHEALTH,UniOT,1,0,900.183,0.195372,0.108656,0.967581,0.181299,,0.795922
UniDA,RealWorld -> MHEALTH,UniOT,1,1,900.754,0.344027,0.218539,0.807980,0.256891,,0.765905
UniDA,RealWorld -> MHEALTH,UniOT,1,2,1013.840,0.327024,0.208103,0.763092,0.299123,,0.868842
UniDA,RealWorld -> MHEALTH,UniOT,1,3,1027.556,0.542644,0.379374,0.952618,0.429391,,0.840457
UniDA,RealWorld -> MHEALTH,UniOT,1,4,1040.981,0.678503,0.540823,0.910224,0.630518,,0.876835
UniDA,RealWorld -> MHEALTH,UniJDOT,1,0,1455.281,0.682937,0.520565,0.992519,0.529359,,0.827732
UniDA,RealWorld -> MHEALTH,UniJDOT,1,1,1818.177,0.294805,0.173112,0.992519,0.268439,,0.865742
UniDA,RealWorld -> MHEALTH,UniJDOT,1,2,1520.204,0.553398,0.415592,0.827930,0.488694,,0.840131
UniDA,RealWorld -> MHEALTH,UniJDOT,1,3,1294.952,0.090249,0.047268,0.995012,0.128985,,0.824470
UniDA,RealWorld -> MHEALTH,UniJDOT,1,4,1230.348,0.290343,0.170043,0.992519,0.248322,,0.874062
OSDA,Pamap2 -> RealWorld,OSBP,3,0,32.653,0.000430,0.691293,0.000215,0.449835,,0.976916
OSDA,Pamap2 -> RealWorld,OSBP,3,1,30.788,0.002363,0.626912,0.001184,0.396193,,0.980609
OSDA,Pamap2 -> RealWorld,OSBP,3,2,31.418,0.000645,0.691788,0.000323,0.431593,,0.981533
OSDA,Pamap2 -> RealWorld,OSBP,3,3,27.303,0.001076,0.750639,0.000538,0.496650,,0.978763
OSDA,Pamap2 -> RealWorld,OSBP,3,4,26.697,0.001505,0.707044,0.000753,0.471171,,0.975993
OSDA,Pamap2 -> RealWorld,TSFA,3,0,64.745,0.382233,0.592090,0.282209,0.457070,,0.971376
OSDA,Pamap2 -> RealWorld,TSFA,3,1,63.009,0.357839,0.607079,0.253686,0.448777,,0.970452
OSDA,Pamap2 -> RealWorld,TSFA,3,2,63.897,0.396015,0.632023,0.288344,0.487573,,0.973223
OSDA,Pamap2 -> RealWorld,TSFA,3,3,61.678,0.393890,0.561997,0.303197,0.438286,,0.972299
OSDA,Pamap2 -> RealWorld,TSFA,3,4,60.354,0.372385,0.578474,0.274567,0.436006,,0.976916
OSDA,Pamap2 -> RealWorld,UDA,3,0,30.796,0.423860,0.460773,0.392423,0.449009,,0.975993
OSDA,Pamap2 -> RealWorld,UDA,3,1,29.032,0.476226,0.537473,0.427510,0.528012,,0.975993
OSDA,Pamap2 -> RealWorld,UDA,3,2,33.624,0.471859,0.527785,0.426649,0.520182,,0.975069
OSDA,Pamap2 -> RealWorld,UDA,3,3,35.336,0.431191,0.504291,0.376601,0.484834,,0.978763
OSDA,Pamap2 -> RealWorld,UDA,3,4,33.570,0.415381,0.522674,0.344635,0.494019,,0.974146
OSDA,Pamap2 -> RealWorld,OVANet,3,0,29.693,0.121081,0.808688,0.065440,0.561747,,0.979686
OSDA,Pamap2 -> RealWorld,OVANet,3,1,27.382,0.139839,0.775430,0.076849,0.538544,,0.984303
OSDA,Pamap2 -> RealWorld,OVANet,3,2,28.788,0.132783,0.795683,0.072436,0.558893,,0.983379
OSDA,Pamap2 -> RealWorld,OVANet,3,3,29.912,0.116254,0.699531,0.063395,0.483815,,0.982456
OSDA,Pamap2 -> RealWorld,OVANet,3,4,28.328,0.111436,0.808345,0.059843,0.556028,,0.982456
OSDA,Pamap2 -> RealWorld,DANCE,3,0,30.631,0.000000,0.000000,1.000000,0.108522,,0.975993
OSDA,Pamap2 -> RealWorld,DANCE,3,1,30.047,0.000000,0.000000,1.000000,0.108522,,0.975993
OSDA,Pamap2 -> RealWorld,DANCE,3,2,30.202,0.000000,0.000000,1.000000,0.108522,,0.975069
OSDA,Pamap2 -> RealWorld,DANCE,3,3,28.507,0.000000,0.000000,1.000000,0.108522,,0.982456
OSDA,Pamap2 -> RealWorld,DANCE,3,4,31.018,0.000000,0.000000,1.000000,0.108522,,0.983379
OSDA,Pamap2 -> RealWorld,PPOT,3,0,82.966,0.000000,0.000000,1.000000,0.108522,,0.984303
OSDA,Pamap2 -> RealWorld,PPOT,3,1,82.741,0.019713,0.009955,0.999247,0.123325,,0.979686
OSDA,Pamap2 -> RealWorld,PPOT,3,2,82.645,0.000000,0.000000,1.000000,0.108522,,0.983379
OSDA,Pamap2 -> RealWorld,PPOT,3,3,84.070,0.038820,0.019795,0.998063,0.135914,,0.980609
OSDA,Pamap2 -> RealWorld,PPOT,3,4,82.544,0.000000,0.000000,1.000000,0.108522,,0.980609
OSDA,Pamap2 -> RealWorld,RAINCOAT,3,0,54.473,0.408445,0.490713,0.349801,0.465790,,0.746999
OSDA,Pamap2 -> RealWorld,RAINCOAT,3,1,85.174,0.364804,0.430032,0.316758,0.401162,,0.759926
OSDA,Pamap2 -> RealWorld,RAINCOAT,3,2,55.324,0.304203,0.486479,0.221289,0.407189,,0.913204
OSDA,Pamap2 -> RealWorld,RAINCOAT,3,3,64.917,0.332675,0.336855,0.328598,0.334722,,0.732225
OSDA,Pamap2 -> RealWorld,RAINCOAT,3,4,68.216,0.279345,0.316107,0.250242,0.295385,,0.717452
OSDA,Pamap2 -> RealWorld,UniOT,3,0,141.635,0.339416,0.223578,0.704338,0.288307,,0.980609
OSDA,Pamap2 -> RealWorld,UniOT,3,1,145.892,0.463232,0.365384,0.632655,0.435522,,0.974146
OSDA,Pamap2 -> RealWorld,UniOT,3,2,150.178,0.476371,0.355162,0.723173,0.454574,,0.977839
OSDA,Pamap2 -> RealWorld,UniOT,3,3,149.765,0.506936,0.387124,0.734151,0.460538,,0.972299
OSDA,Pamap2 -> RealWorld,UniOT,3,4,152.555,0.456247,0.337999,0.701754,0.423316,,0.968606
OSDA,Pamap2 -> RealWorld,UniJDOT,3,0,223.621,0.481103,0.397841,0.608438,0.411281,,0.978763
OSDA,Pamap2 -> RealWorld,UniJDOT,3,1,229.940,0.513215,0.417865,0.664945,0.461832,,0.968606
OSDA,Pamap2 -> RealWorld,UniJDOT,3,2,225.832,0.357400,0.633968,0.248843,0.533146,,0.977839
OSDA,Pamap2 -> RealWorld,UniJDOT,3,3,213.832,0.302946,0.345856,0.269508,0.274396,,0.980609
OSDA,Pamap2 -> RealWorld,UniJDOT,3,4,220.425,0.544229,0.386247,0.920891,0.502077,,0.975993
OSDA,MHEALTH -> Pamap2,OSBP,9,0,14.028,0.168247,0.157917,0.180022,0.235763,,1.000000
OSDA,MHEALTH -> Pamap2,OSBP,9,1,13.690,0.235394,0.374003,0.171745,0.258451,,0.993827
OSDA,MHEALTH -> Pamap2,OSBP,9,2,12.011,0.267746,0.678076,0.166806,0.286104,,0.873457
OSDA,MHEALTH -> Pamap2,OSBP,9,3,11.334,0.235401,0.549769,0.149763,0.259875,,0.990741
OSDA,MHEALTH -> Pamap2,OSBP,9,4,12.355,0.293777,0.496850,0.208542,0.317834,,0.990741
OSDA,MHEALTH -> Pamap2,TSFA,9,0,28.209,0.298557,0.396472,0.239427,0.321030,,1.000000
OSDA,MHEALTH -> Pamap2,TSFA,9,1,23.672,0.299205,0.396472,0.240262,0.321747,,1.000000
OSDA,MHEALTH -> Pamap2,TSFA,9,2,23.176,0.352037,0.639227,0.242905,0.365796,,0.996914
OSDA,MHEALTH -> Pamap2,TSFA,9,3,23.353,0.302300,0.411802,0.238801,0.323876,,0.993827
OSDA,MHEALTH -> Pamap2,TSFA,9,4,23.192,0.292379,0.397942,0.231080,0.313145,,0.996914
OSDA,MHEALTH -> Pamap2,UDA,9,0,12.058,0.415891,0.472071,0.371661,0.444285,,0.959877
OSDA,MHEALTH -> Pamap2,UDA,9,1,14.797,0.406386,0.430701,0.384669,0.451927,,0.901235
OSDA,MHEALTH -> Pamap2,UDA,9,2,13.754,0.452328,0.547459,0.385365,0.471219,,0.996914
OSDA,MHEALTH -> Pamap2,UDA,9,3,12.417,0.408686,0.515960,0.338342,0.428370,,0.845679
OSDA,MHEALTH -> Pamap2,UDA,9,4,12.249,0.469609,0.609828,0.381817,0.478779,,0.993827
OSDA,MHEALTH -> Pamap2,OVANet,9,0,10.796,0.306345,0.729735,0.193865,0.328123,,0.996914
OSDA,MHEALTH -> Pamap2,OVANet,9,1,10.241,0.328637,0.321294,0.336324,0.399495,,0.996914
OSDA,MHEALTH -> Pamap2,OVANet,9,2,11.187,0.370621,0.677026,0.255147,0.381201,,0.996914
OSDA,MHEALTH -> Pamap2,OVANet,9,3,11.113,0.394351,0.464931,0.342376,0.441284,,0.996914
OSDA,MHEALTH -> Pamap2,OVANet,9,4,10.831,0.161867,0.434271,0.099471,0.183346,,0.996914
OSDA,MHEALTH -> Pamap2,DANCE,9,0,12.179,0.000000,0.000000,1.000000,0.644441,,0.996914
OSDA,MHEALTH -> Pamap2,DANCE,9,1,10.253,0.000000,0.000000,1.000000,0.644441,,0.990741
OSDA,MHEALTH -> Pamap2,DANCE,9,2,13.453,0.000000,0.000000,1.000000,0.644441,,0.993827
OSDA,MHEALTH -> Pamap2,DANCE,9,3,12.687,0.000000,0.000000,1.000000,0.644441,,0.990741
OSDA,MHEALTH -> Pamap2,DANCE,9,4,12.563,0.000000,0.000000,1.000000,0.644441,,0.996914
OSDA,MHEALTH -> Pamap2,PPOT,9,0,36.926,0.000000,0.000000,1.000000,0.644441,,0.987654
OSDA,MHEALTH -> Pamap2,PPOT,9,1,36.969,0.000000,0.000000,1.000000,0.644441,,0.984568
OSDA,MHEALTH -> Pamap2,PPOT,9,2,37.838,0.000000,0.000000,1.000000,0.644441,,0.990741
OSDA,MHEALTH -> Pamap2,PPOT,9,3,37.269,0.000000,0.000000,1.000000,0.644441,,0.987654
OSDA,MHEALTH -> Pamap2,PPOT,9,4,38.141,0.000000,0.000000,1.000000,0.644441,,0.993827
OSDA,MHEALTH -> Pamap2,RAINCOAT,9,0,27.388,0.179511,0.142167,0.243461,0.288316,,0.750000
OSDA,MHEALTH -> Pamap2,RAINCOAT,9,1,25.592,0.179513,0.148467,0.226976,0.269436,,0.743827
OSDA,MHEALTH -> Pamap2,RAINCOAT,9,2,22.858,0.145188,0.135237,0.156720,0.202395,,0.731481
OSDA,MHEALTH -> Pamap2,RAINCOAT,9,3,32.271,0.212084,0.137967,0.458264,0.455481,,0.867284
OSDA,MHEALTH -> Pamap2,RAINCOAT,9,4,30.237,0.174328,0.138807,0.234279,0.272933,,0.750000
OSDA,MHEALTH -> Pamap2,UniOT,9,0,50.566,0.289650,0.189206,0.617418,0.543124,,1.000000
OSDA,MHEALTH -> Pamap2,UniOT,9,1,46.913,0.339125,0.247795,0.537076,0.503689,,0.993827
OSDA,MHEALTH -> Pamap2,UniOT,9,2,51.099,0.298816,0.191516,0.679535,0.575174,,0.996914
OSDA,MHEALTH -> Pamap2,UniOT,9,3,55.934,0.209744,0.122218,0.738940,0.579584,,0.996914
OSDA,MHEALTH -> Pamap2,UniOT,9,4,49.813,0.397191,0.310164,0.552101,0.517312,,0.996914
OSDA,MHEALTH -> Pamap2,UniJDOT,9,0,106.935,0.275739,0.210836,0.398372,0.432246,,0.996914
OSDA,MHEALTH -> Pamap2,UniJDOT,9,1,78.673,0.236830,0.155817,0.493322,0.488760,,0.996914
OSDA,MHEALTH -> Pamap2,UniJDOT,9,2,95.779,0.375977,0.355523,0.398929,0.426744,,1.000000
OSDA,MHEALTH -> Pamap2,UniJDOT,9,3,114.984,0.184955,0.145527,0.253687,0.305398,,0.996914
OSDA,MHEALTH -> Pamap2,UniJDOT,9,4,84.142,0.194475,0.145317,0.293893,0.348427,,0.947531
OSDA,RealWorld -> MHEALTH,OSBP,3,0,163.066,0.487000,0.424725,0.570675,0.485638,,0.858116
OSDA,RealWorld -> MHEALTH,OSBP,3,1,159.550,0.392050,0.269890,0.716245,0.410684,,0.858116
OSDA,RealWorld -> MHEALTH,OSBP,3,2,153.388,0.532101,0.372093,0.933544,0.552399,,0.832230
OSDA,RealWorld -> MHEALTH,OSBP,3,3,166.861,0.453493,0.311505,0.833333,0.477272,,0.789023
OSDA,RealWorld -> MHEALTH,OSBP,3,4,155.091,0.657576,0.501224,0.955696,0.662376,,0.826197
OSDA,RealWorld -> MHEALTH,TSFA,3,0,337.733,0.262063,0.494492,0.178270,0.314671,,0.867069
OSDA,RealWorld -> MHEALTH,TSFA,3,1,359.156,0.464661,0.755814,0.335443,0.585628,,0.862203
OSDA,RealWorld -> MHEALTH,TSFA,3,2,353.766,0.298630,0.493268,0.214135,0.366334,,0.920786
OSDA,RealWorld -> MHEALTH,TSFA,3,3,326.582,0.229286,0.271726,0.198312,0.229568,,0.767225
OSDA,RealWorld -> MHEALTH,TSFA,3,4,315.904,0.384226,0.479192,0.320675,0.421621,,0.926041
OSDA,RealWorld -> MHEALTH,UDA,3,0,154.745,0.231792,0.308446,0.185654,0.271388,,0.925263
OSDA,RealWorld -> MHEALTH,UDA,3,1,157.981,0.382322,0.468788,0.322785,0.407138,,0.878941
OSDA,RealWorld -> MHEALTH,UDA,3,2,156.671,0.429684,0.594247,0.336498,0.487692,,0.878357
OSDA,RealWorld -> MHEALTH,UDA,3,3,156.091,0.314469,0.343329,0.290084,0.308521,,0.906189
OSDA,RealWorld -> MHEALTH,UDA,3,4,158.007,0.267744,0.447980,0.190928,0.350923,,0.829116
OSDA,RealWorld -> MHEALTH,OVANet,3,0,134.051,0.018667,0.553244,0.009494,0.226564,,0.907162
OSDA,RealWorld -> MHEALTH,OVANet,3,1,128.634,0.552537,0.599143,0.512658,0.541356,,0.867069
OSDA,RealWorld -> MHEALTH,OVANet,3,2,124.272,0.451554,0.550184,0.382911,0.452632,,0.908914
OSDA,RealWorld -> MHEALTH,OVANet,3,3,119.342,0.571749,0.572827,0.570675,0.531813,,0.797392
OSDA,RealWorld -> MHEALTH,OVANet,3,4,126.815,0.417757,0.599143,0.320675,0.451410,,0.833982
OSDA,RealWorld -> MHEALTH,DANCE,3,0,124.322,0.073798,0.038556,0.858650,0.226005,,0.848385
OSDA,RealWorld -> MHEALTH,DANCE,3,1,121.436,0.107290,0.056916,0.933544,0.257255,,0.837680
OSDA,RealWorld -> MHEALTH,DANCE,3,2,119.944,0.139065,0.075275,0.911392,0.264270,,0.879136
OSDA,RealWorld -> MHEALTH,DANCE,3,3,128.955,0.052344,0.026928,0.932489,0.217981,,0.859284
OSDA,RealWorld -> MHEALTH,DANCE,3,4,128.753,0.194705,0.108935,0.915612,0.302265,,0.859089
OSDA,RealWorld -> MHEALTH,PPOT,3,0,246.152,0.450758,0.525704,0.394515,0.465309,,0.854029
OSDA,RealWorld -> MHEALTH,PPOT,3,1,233.680,0.553716,0.499388,0.621308,0.528619,,0.915921
OSDA,RealWorld -> MHEALTH,PPOT,3,2,230.318,0.502775,0.551408,0.462025,0.511434,,0.857532
OSDA,RealWorld -> MHEALTH,PPOT,3,3,236.771,0.569217,0.600367,0.541139,0.578552,,0.778124
OSDA,RealWorld -> MHEALTH,PPOT,3,4,243.465,0.514678,0.552020,0.482068,0.521972,,0.873492
OSDA,RealWorld -> MHEALTH,RAINCOAT,3,0,32.918,0.129068,0.184823,0.099156,0.132990,,0.725380
OSDA,RealWorld -> MHEALTH,RAINCOAT,3,1,35.399,0.048120,0.484700,0.025316,0.277027,,0.581355
OSDA,RealWorld -> MHEALTH,RAINCOAT,3,2,34.204,0.271828,0.201958,0.415612,0.281378,,0.679642
OSDA,RealWorld -> MHEALTH,RAINCOAT,3,3,32.377,0.075789,0.261934,0.044304,0.138593,,0.717400
OSDA,RealWorld -> MHEALTH,RAINCOAT,3,4,36.666,0.194383,0.178703,0.213080,0.175332,,0.592254
OSDA,RealWorld -> MHEALTH,UniOT,3,0,915.449,0.462632,0.329865,0.774262,0.413160,,0.910471
OSDA,RealWorld -> MHEALTH,UniOT,3,1,906.924,0.576069,0.538556,0.619198,0.572335,,0.918256
OSDA,RealWorld -> MHEALTH,UniOT,3,2,1056.720,0.682167,0.573439,0.841772,0.625035,,0.897042
OSDA,RealWorld -> MHEALTH,UniOT,3,3,958.601,0.466065,0.336597,0.757384,0.441479,,0.873881
OSDA,RealWorld -> MHEALTH,UniOT,3,4,939.384,0.422513,0.299266,0.718354,0.375119,,0.914753
OSDA,RealWorld -> MHEALTH,UniJDOT,3,0,1102.806,0.404073,0.256426,0.952532,0.428345,,0.833593
OSDA,RealWorld -> MHEALTH,UniJDOT,3,1,1091.947,0.517908,0.383721,0.796413,0.440610,,0.870378
OSDA,RealWorld -> MHEALTH,UniJDOT,3,2,1211.197,0.284074,0.198898,0.496835,0.293692,,0.867847
OSDA,RealWorld -> MHEALTH,UniJDOT,3,3,1335.835,0.328185,0.470012,0.252110,0.309370,,0.869988
OSDA,RealWorld -> MHEALTH,UniJDOT,3,4,1512.139,0.612279,0.566095,0.666667,0.538767,,0.886726
OSDA,Pamap2 -> MHEALTH,OSBP,4,0,24.056,0.347593,0.550645,0.253948,0.393829,,0.953832
OSDA,Pamap2 -> MHEALTH,OSBP,4,1,23.516,0.436712,0.473910,0.404927,0.436839,,0.974146
OSDA,Pamap2 -> MHEALTH,OSBP,4,2,20.296,0.573777,0.874156,0.427037,0.640289,,0.963989
OSDA,Pamap2 -> MHEALTH,OSBP,4,3,19.441,0.000000,0.364027,0.000000,0.104608,,0.982456
OSDA,Pamap2 -> MHEALTH,OSBP,4,4,20.458,0.446604,0.532228,0.384713,0.464604,,0.952909
OSDA,Pamap2 -> MHEALTH,TSFA,4,0,50.880,0.311393,0.386126,0.260897,0.323494,,0.985226
OSDA,Pamap2 -> MHEALTH,TSFA,4,1,48.335,0.329231,0.515040,0.241946,0.342187,,0.987073
OSDA,Pamap2 -> MHEALTH,TSFA,4,2,47.318,0.286599,0.575813,0.190777,0.321817,,0.979686
OSDA,Pamap2 -> MHEALTH,TSFA,4,3,50.927,0.307514,0.418048,0.243209,0.307770,,0.986150
OSDA,Pamap2 -> MHEALTH,TSFA,4,4,47.673,0.172685,0.136280,0.235629,0.207427,,0.979686
OSDA,Pamap2 -> MHEALTH,UDA,4,0,26.175,0.490298,0.553100,0.440303,0.503573,,0.968606
OSDA,Pamap2 -> MHEALTH,UDA,4,1,24.197,0.371031,0.356661,0.386608,0.398548,,0.972299
OSDA,Pamap2 -> MHEALTH,UDA,4,2,23.386,0.512546,0.588091,0.454201,0.529279,,0.975993
OSDA,Pamap2 -> MHEALTH,UDA,4,3,22.744,0.286484,0.313076,0.264056,0.292971,,0.977839
OSDA,Pamap2 -> MHEALTH,UDA,4,4,23.610,0.362078,0.362185,0.361971,0.358334,,0.979686
OSDA,Pamap2 -> MHEALTH,OVANet,4,0,23.962,0.255716,0.271946,0.241314,0.220442,,0.981533
OSDA,Pamap2 -> MHEALTH,OVANet,4,1,24.164,0.254370,0.311848,0.214782,0.237372,,0.979686
OSDA,Pamap2 -> MHEALTH,OVANet,4,2,21.285,0.207490,0.276243,0.166140,0.176831,,0.979686
OSDA,Pamap2 -> MHEALTH,OVANet,4,3,19.222,0.207755,0.251688,0.176879,0.160811,,0.984303
OSDA,Pamap2 -> MHEALTH,OVANet,4,4,18.247,0.060633,0.513812,0.032217,0.175220,,0.982456
OSDA,Pamap2 -> MHEALTH,DANCE,4,0,20.319,0.000000,0.000000,1.000000,0.325408,,0.979686
OSDA,Pamap2 -> MHEALTH,DANCE,4,1,19.973,0.000000,0.000000,1.000000,0.325408,,0.978763
OSDA,Pamap2 -> MHEALTH,DANCE,4,2,21.971,0.000000,0.000000,1.000000,0.325408,,0.975069
OSDA,Pamap2 -> MHEALTH,DANCE,4,3,24.437,0.000000,0.000000,1.000000,0.325408,,0.980609
OSDA,Pamap2 -> MHEALTH,DANCE,4,4,22.389,0.000000,0.000000,1.000000,0.325408,,0.981533
OSDA,Pamap2 -> MHEALTH,PPOT,4,0,41.544,0.000000,0.000000,1.000000,0.325408,,0.975993
OSDA,Pamap2 -> MHEALTH,PPOT,4,1,41.209,0.092355,0.048496,0.965888,0.360573,,0.976916
OSDA,Pamap2 -> MHEALTH,PPOT,4,2,38.587,0.000000,0.000000,1.000000,0.325408,,0.982456
OSDA,Pamap2 -> MHEALTH,PPOT,4,3,41.354,0.000000,0.000000,1.000000,0.325408,,0.977839
OSDA,Pamap2 -> MHEALTH,PPOT,4,4,39.171,0.000000,0.000000,1.000000,0.325408,,0.974146
OSDA,Pamap2 -> MHEALTH,RAINCOAT,4,0,35.624,0.246239,0.184162,0.371447,0.274931,,0.908587
OSDA,Pamap2 -> MHEALTH,RAINCOAT,4,1,38.999,0.158822,0.093309,0.533165,0.304732,,0.762696
OSDA,Pamap2 -> MHEALTH,RAINCOAT,4,2,41.483,0.229450,0.154082,0.449147,0.299661,,0.877193
OSDA,Pamap2 -> MHEALTH,RAINCOAT,4,3,41.866,0.327353,0.243708,0.498421,0.369682,,0.881810
OSDA,Pamap2 -> MHEALTH,RAINCOAT,4,4,41.994,0.279390,0.317373,0.249526,0.286050,,0.780240
OSDA,Pamap2 -> MHEALTH,UniOT,4,0,143.349,0.212611,0.121547,0.847757,0.418410,,0.975069
OSDA,Pamap2 -> MHEALTH,UniOT,4,1,146.623,0.175896,0.100061,0.726469,0.360823,,0.979686
OSDA,Pamap2 -> MHEALTH,UniOT,4,2,124.903,0.425446,0.292204,0.782059,0.486232,,0.972299
OSDA,Pamap2 -> MHEALTH,UniOT,4,3,133.084,0.196943,0.114180,0.715730,0.360850,,0.970452
OSDA,Pamap2 -> MHEALTH,UniOT,4,4,141.886,0.108732,0.058318,0.802274,0.344712,,0.975069
OSDA,Pamap2 -> MHEALTH,UniJDOT,4,0,206.213,0.518445,0.422959,0.669615,0.523050,,0.979686
OSDA,Pamap2 -> MHEALTH,UniJDOT,4,1,215.887,0.358348,0.316759,0.412508,0.351840,,0.969529
OSDA,Pamap2 -> MHEALTH,UniJDOT,4,2,237.568,0.134744,0.076120,0.586229,0.313861,,0.978763
OSDA,Pamap2 -> MHEALTH,UniJDOT,4,3,222.285,0.472100,0.403315,0.569172,0.485632,,0.983379
OSDA,Pamap2 -> MHEALTH,UniJDOT,4,4,211.907,0.653542,0.543278,0.819962,0.636208,,0.978763
PDA,RealWorld -> MHEALTH,PDAAN,3,0,95.919,,,,0.106890,,0.780481
PDA,RealWorld -> MHEALTH,PDAAN,3,1,101.393,,,,0.222667,,0.749043
PDA,RealWorld -> MHEALTH,PDAAN,3,2,109.740,,,,0.338414,,0.804538
PDA,RealWorld -> MHEALTH,PDAAN,3,3,117.297,,,,0.059448,,0.758201
PDA,RealWorld -> MHEALTH,PDAAN,3,4,104.783,,,,0.565467,,0.772690
PDA,RealWorld -> MHEALTH,SPADA,3,0,110.718,,,,0.218394,,0.806042
PDA,RealWorld -> MHEALTH,SPADA,3,1,109.669,,,,0.619560,,0.805768
PDA,RealWorld -> MHEALTH,SPADA,3,2,104.855,,,,0.142593,,0.795517
PDA,RealWorld -> MHEALTH,SPADA,3,3,110.442,,,,0.194314,,0.820940
PDA,RealWorld -> MHEALTH,SPADA,3,4,108.283,,,,0.419170,,0.804538
PDA,RealWorld -> MHEALTH,UDA,3,0,190.945,0.000000,0.458025,0.000000,0.590120,,0.828185
PDA,RealWorld -> MHEALTH,UDA,3,1,188.841,0.000000,0.188889,0.000000,0.255713,,0.809049
PDA,RealWorld -> MHEALTH,UDA,3,2,197.760,0.000000,0.235185,0.000000,0.311494,,0.795927
PDA,RealWorld -> MHEALTH,UDA,3,3,187.570,0.000000,0.472840,0.000000,0.616504,,0.802488
PDA,RealWorld -> MHEALTH,UDA,3,4,185.981,0.000000,0.240123,0.000000,0.348775,,0.750000
PDA,RealWorld -> MHEALTH,OVANet,3,0,161.212,0.000000,0.246296,0.000000,0.113960,,0.812329
PDA,RealWorld -> MHEALTH,OVANet,3,1,159.403,0.000000,0.246914,0.000000,0.163519,,0.821897
PDA,RealWorld -> MHEALTH,OVANet,3,2,161.276,0.000000,0.000000,0.000000,0.000000,,0.811782
PDA,RealWorld -> MHEALTH,OVANet,3,3,163.137,0.000000,0.000000,0.000000,0.000000,,0.824084
PDA,RealWorld -> MHEALTH,OVANet,3,4,162.124,0.000000,0.248765,0.000000,0.237445,,0.823537
PDA,RealWorld -> MHEALTH,DANCE,3,0,169.784,0.000000,0.000000,0.000000,0.000000,,0.790596
PDA,RealWorld -> MHEALTH,DANCE,3,1,166.734,0.000000,0.000617,0.000000,0.001120,,0.831602
PDA,RealWorld -> MHEALTH,DANCE,3,2,159.969,0.000000,0.048148,0.000000,0.074546,,0.792100
PDA,RealWorld -> MHEALTH,DANCE,3,3,162.460,0.000000,0.047531,0.000000,0.066180,,0.802761
PDA,RealWorld -> MHEALTH,DANCE,3,4,162.493,0.000000,0.000000,0.000000,0.000000,,0.136550
PDA,RealWorld -> MHEALTH,PPOT,3,0,395.508,0.000000,0.145679,0.000000,0.198360,,0.832285
PDA,RealWorld -> MHEALTH,PPOT,3,1,373.093,0.000000,0.124074,0.000000,0.165699,,0.816566
PDA,RealWorld -> MHEALTH,PPOT,3,2,377.829,0.000000,0.199383,0.000000,0.274428,,0.819300
PDA,RealWorld -> MHEALTH,PPOT,3,3,367.333,0.000000,0.270988,0.000000,0.372278,,0.757928
PDA,RealWorld -> MHEALTH,PPOT,3,4,358.529,0.000000,0.089506,0.000000,0.116372,,0.832832
PDA,RealWorld -> MHEALTH,RAINCOAT,3,0,35.275,0.000000,0.340741,0.000000,0.374579,,0.456807
PDA,RealWorld -> MHEALTH,RAINCOAT,3,1,27.346,0.000000,0.489506,0.000000,0.574219,,0.286222
PDA,RealWorld -> MHEALTH,RAINCOAT,3,2,25.848,0.000000,0.338889,0.000000,0.370994,,0.467469
PDA,RealWorld -> MHEALTH,RAINCOAT,3,3,24.411,0.000000,0.249383,0.000000,0.285979,,0.541416
PDA,RealWorld -> MHEALTH,RAINCOAT,3,4,22.202,0.000000,0.114198,0.000000,0.175289,,0.405276
PDA,RealWorld -> MHEALTH,UniOT,3,0,1134.342,0.000000,0.330247,0.000000,0.411006,,0.848141
PDA,RealWorld -> MHEALTH,UniOT,3,1,734.275,0.000000,0.000000,0.000000,0.000000,,0.800301
PDA,RealWorld -> MHEALTH,UniOT,3,2,925.072,0.000000,0.000617,0.000000,0.001231,,0.816020
PDA,RealWorld -> MHEALTH,UniOT,3,3,1215.032,0.000000,0.350617,0.000000,0.443287,,0.815336
PDA,RealWorld -> MHEALTH,UniOT,3,4,1213.652,0.000000,0.376543,0.000000,0.457802,,0.799344
PDA,RealWorld -> MHEALTH,UniJDOT,3,0,1983.206,0.000000,0.730864,0.000000,0.805140,,0.802214
PDA,RealWorld -> MHEALTH,UniJDOT,3,1,1996.614,0.000000,0.471605,0.000000,0.546068,,0.818890
PDA,RealWorld -> MHEALTH,UniJDOT,3,2,1798.214,0.000000,0.183333,0.000000,0.238637,,0.813969
PDA,RealWorld -> MHEALTH,UniJDOT,3,3,2051.036,0.000000,0.200617,0.000000,0.197636,,0.828595
PDA,RealWorld -> MHEALTH,UniJDOT,3,4,2292.624,0.000000,0.443210,0.000000,0.479200,,0.836796
UniDA,Pamap2 -> RealWorld,UDA,2,0,74.739,0.293304,0.225100,0.420806,0.339295,,0.853223
UniDA,Pamap2 -> RealWorld,UDA,2,1,71.340,0.307931,0.252680,0.394107,0.353928,,0.823471
UniDA,Pamap2 -> RealWorld,UDA,2,2,71.688,0.281058,0.207896,0.433674,0.308761,,0.814876
UniDA,Pamap2 -> RealWorld,UDA,2,3,72.416,0.286269,0.211444,0.443055,0.322919,,0.825785
UniDA,Pamap2 -> RealWorld,UDA,2,4,75.220,0.268027,0.188861,0.461455,0.299127,,0.849587
UniDA,Pamap2 -> RealWorld,OVANet,2,0,66.668,0.016272,0.018081,0.014793,0.029643,,0.868430
UniDA,Pamap2 -> RealWorld,OVANet,2,1,64.896,0.001445,0.000763,0.013590,0.005084,,0.872397
UniDA,Pamap2 -> RealWorld,OVANet,2,2,62.100,0.014199,0.017585,0.011906,0.028479,,0.883636
UniDA,Pamap2 -> RealWorld,OVANet,2,3,73.190,0.002320,0.001259,0.014793,0.005721,,0.875703
UniDA,Pamap2 -> RealWorld,OVANet,2,4,68.402,0.010970,0.012359,0.009862,0.020425,,0.873719
UniDA,Pamap2 -> RealWorld,DANCE,2,0,65.664,0.000000,0.000000,0.996753,0.093541,,0.888264
UniDA,Pamap2 -> RealWorld,DANCE,2,1,66.700,0.000000,0.000000,0.998076,0.093381,,0.889256
UniDA,Pamap2 -> RealWorld,DANCE,2,2,73.783,0.000000,0.000000,0.997354,0.093422,,0.883636
UniDA,Pamap2 -> RealWorld,DANCE,2,3,69.715,0.000000,0.000000,0.996753,0.094983,,0.887934
UniDA,Pamap2 -> RealWorld,DANCE,2,4,64.106,0.000000,0.000000,0.997234,0.093376,,0.875703
UniDA,Pamap2 -> RealWorld,PPOT,2,0,156.218,0.000000,0.000000,0.919663,0.107110,,0.759008
UniDA,Pamap2 -> RealWorld,PPOT,2,1,161.989,0.000000,0.000000,0.793265,0.106074,,0.737851
UniDA,Pamap2 -> RealWorld,PPOT,2,2,157.884,0.000000,0.000000,0.942393,0.107301,,0.751736
UniDA,Pamap2 -> RealWorld,PPOT,2,3,153.857,0.000000,0.000000,0.941551,0.107853,,0.755041
UniDA,Pamap2 -> RealWorld,PPOT,2,4,157.327,0.000000,0.000000,0.925797,0.103949,,0.744793
UniDA,Pamap2 -> RealWorld,RAINCOAT,2,0,167.889,0.140921,0.097997,0.250752,0.169120,,0.602314
UniDA,Pamap2 -> RealWorld,RAINCOAT,2,1,152.670,0.193582,0.154873,0.258088,0.211610,,0.659504
UniDA,Pamap2 -> RealWorld,RAINCOAT,2,2,171.730,0.086574,0.083960,0.089357,0.117181,,0.649587
UniDA,Pamap2 -> RealWorld,RAINCOAT,2,3,151.516,0.067611,0.147053,0.043897,0.172071,,0.685950
UniDA,Pamap2 -> RealWorld,RAINCOAT,2,4,156.162,0.192543,0.147358,0.277691,0.213406,,0.632727
UniDA,Pamap2 -> RealWorld,UniOT,2,0,329.535,0.032781,0.017433,0.274083,0.064823,,0.820496
UniDA,Pamap2 -> RealWorld,UniOT,2,1,412.111,0.064605,0.037002,0.254360,0.086597,,0.813223
UniDA,Pamap2 -> RealWorld,UniOT,2,2,355.673,0.132917,0.096090,0.215514,0.149019,,0.780496
UniDA,Pamap2 -> RealWorld,UniOT,2,3,416.142,0.014305,0.007477,0.164883,0.033869,,0.809587
UniDA,Pamap2 -> RealWorld,UniOT,2,4,335.056,0.115688,0.079344,0.213470,0.122400,,0.799339
UniDA,Pamap2 -> RealWorld,UniJDOT,2,0,515.757,0.536106,0.488423,0.594107,0.517165,,0.840331
UniDA,Pamap2 -> RealWorld,UniJDOT,2,1,509.330,0.534771,0.376311,0.923752,0.495354,,0.831405
UniDA,Pamap2 -> RealWorld,UniJDOT,2,2,522.939,0.471198,0.564333,0.404450,0.571951,,0.823471
UniDA,Pamap2 -> RealWorld,UniJDOT,2,3,462.578,0.356496,0.411863,0.314251,0.428475,,0.848264
UniDA,Pamap2 -> RealWorld,UniJDOT,2,4,512.201,0.502300,0.428838,0.606134,0.515234,,0.830083
UniDA,Pamap2 -> RealWorld,UDA,2,0,75.064,0.293304,0.225100,0.420806,0.339295,,0.853223
UniDA,Pamap2 -> RealWorld,UDA,2,1,75.026,0.307931,0.252680,0.394107,0.353928,,0.823471
UniDA,Pamap2 -> RealWorld,UDA,2,2,70.684,0.281058,0.207896,0.433674,0.308761,,0.814876
UniDA,Pamap2 -> RealWorld,UDA,2,3,63.247,0.286269,0.211444,0.443055,0.322919,,0.825785
UniDA,Pamap2 -> RealWorld,UDA,2,4,75.567,0.268027,0.188861,0.461455,0.299127,,0.849587
UniDA,Pamap2 -> RealWorld,OVANet,2,0,62.542,0.016272,0.018081,0.014793,0.029643,,0.868430
UniDA,Pamap2 -> RealWorld,OVANet,2,1,63.450,0.001445,0.000763,0.013590,0.005084,,0.872397
UniDA,Pamap2 -> RealWorld,OVANet,2,2,65.276,0.014199,0.017585,0.011906,0.028479,,0.883636
UniDA,Pamap2 -> RealWorld,OVANet,2,3,66.041,0.002320,0.001259,0.014793,0.005721,,0.875703
UniDA,Pamap2 -> RealWorld,OVANet,2,4,62.743,0.010970,0.012359,0.009862,0.020425,,0.873719
UniDA,Pamap2 -> RealWorld,DANCE,2,0,63.156,0.000000,0.000000,0.996753,0.093541,,0.888264
UniDA,Pamap2 -> RealWorld,DANCE,2,1,53.729,0.000000,0.000000,0.998076,0.093381,,0.889256
UniDA,Pamap2 -> RealWorld,DANCE,2,2,53.764,0.000000,0.000000,0.997354,0.093422,,0.883636
UniDA,Pamap2 -> RealWorld,DANCE,2,3,53.395,0.000000,0.000000,0.996753,0.094983,,0.887934
UniDA,Pamap2 -> RealWorld,DANCE,2,4,53.187,0.000000,0.000000,0.997234,0.093376,,0.875703
UniDA,Pamap2 -> RealWorld,PPOT,2,0,115.398,0.000000,0.000000,0.919663,0.107110,,0.759008
UniDA,Pamap2 -> RealWorld,PPOT,2,1,114.826,0.000000,0.000000,0.793265,0.106074,,0.737851
UniDA,Pamap2 -> RealWorld,PPOT,2,2,111.285,0.000000,0.000000,0.942393,0.107301,,0.751736
UniDA,Pamap2 -> RealWorld,PPOT,2,3,105.342,0.000000,0.000000,0.941551,0.107853,,0.755041
UniDA,Pamap2 -> RealWorld,PPOT,2,4,117.047,0.000000,0.000000,0.925797,0.103949,,0.744793
UniDA,Pamap2 -> RealWorld,RAINCOAT,2,0,97.596,0.140921,0.097997,0.250752,0.169120,,0.602314
UniDA,Pamap2 -> RealWorld,RAINCOAT,2,1,96.292,0.193582,0.154873,0.258088,0.211610,,0.659504
UniDA,Pamap2 -> RealWorld,RAINCOAT,2,2,97.204,0.086574,0.083960,0.089357,0.117181,,0.649587
UniDA,Pamap2 -> RealWorld,RAINCOAT,2,3,86.535,0.067611,0.147053,0.043897,0.172071,,0.685950
UniDA,Pamap2 -> RealWorld,RAINCOAT,2,4,96.500,0.192543,0.147358,0.277691,0.213406,,0.632727
UniDA,Pamap2 -> RealWorld,UniOT,2,0,211.927,0.032781,0.017433,0.274083,0.064823,,0.820496
UniDA,Pamap2 -> RealWorld,UniOT,2,1,274.519,0.064605,0.037002,0.254360,0.086597,,0.813223
UniDA,Pamap2 -> RealWorld,UniOT,2,2,245.061,0.132917,0.096090,0.215514,0.149019,,0.780496
UniDA,Pamap2 -> RealWorld,UniOT,2,3,261.220,0.014305,0.007477,0.164883,0.033869,,0.809587
UniDA,Pamap2 -> RealWorld,UniOT,2,4,279.935,0.115688,0.079344,0.213470,0.122400,,0.799339
UniDA,Pamap2 -> RealWorld,UniJDOT,2,0,344.167,0.536106,0.488423,0.594107,0.517165,,0.840331
UniDA,Pamap2 -> RealWorld,UniJDOT,2,1,374.279,0.534771,0.376311,0.923752,0.495354,,0.831405
UniDA,Pamap2 -> RealWorld,UniJDOT,2,2,373.615,0.471198,0.564333,0.404450,0.571951,,0.823471
UniDA,Pamap2 -> RealWorld,UniJDOT,2,3,363.924,0.356496,0.411863,0.314251,0.428475,,0.848264
UniDA,MHEALTH -> Pamap2,UDA,2,0,14.059,0.207573,0.141117,0.392333,0.352998,,0.980892
UniDA,MHEALTH -> Pamap2,UDA,2,1,13.666,0.208205,0.138387,0.420201,0.374295,,0.825902
UniDA,MHEALTH -> Pamap2,UDA,2,2,13.824,0.401566,0.389542,0.414356,0.470475,,0.987261
UniDA,MHEALTH -> Pamap2,UDA,2,3,13.912,0.387862,0.406342,0.370990,0.452593,,0.989384
UniDA,MHEALTH -> Pamap2,UDA,2,4,14.104,0.352821,0.345443,0.360522,0.419094,,0.987261
UniDA,MHEALTH -> Pamap2,OVANet,2,0,13.188,0.182664,0.112138,0.492251,0.393425,,0.993631
UniDA,MHEALTH -> Pamap2,OVANet,2,1,12.861,0.188884,0.119068,0.456634,0.380466,,0.991507
UniDA,MHEALTH -> Pamap2,OVANet,2,2,12.932,0.147580,0.086098,0.516177,0.372711,,0.993631
UniDA,MHEALTH -> Pamap2,OVANet,2,3,13.394,0.186601,0.106888,0.733959,0.455375,,0.991507
UniDA,MHEALTH -> Pamap2,OVANet,2,4,12.912,0.195783,0.136497,0.346112,0.322812,,0.993631
UniDA,MHEALTH -> Pamap2,DANCE,2,0,12.745,0.000000,0.000000,1.000000,0.458593,,0.991507
UniDA,MHEALTH -> Pamap2,DANCE,2,1,12.327,0.000000,0.000000,1.000000,0.458593,,0.995754
UniDA,MHEALTH -> Pamap2,DANCE,2,2,12.324,0.000000,0.000000,1.000000,0.458593,,0.991507
UniDA,MHEALTH -> Pamap2,DANCE,2,3,12.107,0.000000,0.000000,1.000000,0.458593,,0.995754
UniDA,MHEALTH -> Pamap2,DANCE,2,4,12.397,0.000000,0.000000,1.000000,0.458593,,0.991507
UniDA,MHEALTH -> Pamap2,PPOT,2,0,30.968,0.000000,0.000000,1.000000,0.458593,,0.987261
UniDA,MHEALTH -> Pamap2,PPOT,2,1,31.736,0.000000,0.000000,1.000000,0.458593,,0.921444
UniDA,MHEALTH -> Pamap2,PPOT,2,2,31.636,0.000000,0.000000,1.000000,0.458593,,0.991507
UniDA,MHEALTH -> Pamap2,PPOT,2,3,32.932,0.000000,0.000000,1.000000,0.458593,,0.991507
UniDA,MHEALTH -> Pamap2,PPOT,2,4,31.311,0.000000,0.000000,1.000000,0.458593,,0.908705
UniDA,MHEALTH -> Pamap2,RAINCOAT,2,0,27.423,0.092055,0.131457,0.070827,0.081685,,0.600849
UniDA,MHEALTH -> Pamap2,RAINCOAT,2,1,27.261,0.075607,0.044309,0.257477,0.226052,,0.679406
UniDA,MHEALTH -> Pamap2,RAINCOAT,2,2,28.729,0.136217,0.123058,0.152529,0.160430,,0.711253
UniDA,MHEALTH -> Pamap2,RAINCOAT,2,3,26.152,0.100195,0.115918,0.088227,0.101359,,0.670913
UniDA,MHEALTH -> Pamap2,RAINCOAT,2,4,28.048,0.033653,0.017850,0.293502,0.218192,,0.658174
UniDA,MHEALTH -> Pamap2,UniOT,2,0,65.478,0.430883,0.311424,0.699021,0.500388,,0.987261
UniDA,MHEALTH -> Pamap2,UniOT,2,1,63.032,0.204307,0.118228,0.751359,0.448734,,0.991507
UniDA,MHEALTH -> Pamap2,UniOT,2,2,62.486,0.101635,0.056279,0.523654,0.377530,,0.991507
UniDA,MHEALTH -> Pamap2,UniOT,2,3,55.414,0.308041,0.203906,0.629554,0.470081,,0.993631
UniDA,MHEALTH -> Pamap2,UniOT,2,4,65.987,0.196701,0.118648,0.574905,0.383344,,0.989384
UniDA,MHEALTH -> Pamap2,UniJDOT,2,0,121.966,0.238367,0.142167,0.737221,0.506080,,0.991507
UniDA,MHEALTH -> Pamap2,UniJDOT,2,1,120.799,0.065287,0.034019,0.807096,0.458500,,0.995754
UniDA,MHEALTH -> Pamap2,UniJDOT,2,2,103.958,0.117563,0.062999,0.878059,0.486612,,0.993631
UniDA,MHEALTH -> Pamap2,UniJDOT,2,3,95.715,0.449064,0.323814,0.732327,0.566617,,0.993631
UniDA,MHEALTH -> Pamap2,UniJDOT,2,4,92.938,0.620448,0.529399,0.749320,0.673452,,0.995754
OSDA,Pamap2 -> MHEALTH,OSBP,8,0,21.016,0.185262,0.404268,0.120164,0.206181,,0.968606
OSDA,Pamap2 -> MHEALTH,OSBP,8,1,21.641,0.216761,0.421951,0.145840,0.237329,,0.975069
OSDA,Pamap2 -> MHEALTH,OSBP,8,2,21.380,0.013566,0.723171,0.006847,0.146578,,0.963989
OSDA,Pamap2 -> MHEALTH,OSBP,8,3,22.367,0.001365,0.226829,0.000685,0.026098,,0.976916
OSDA,Pamap2 -> MHEALTH,OSBP,8,4,21.004,0.386529,0.546951,0.298870,0.407500,,0.971376
OSDA,Pamap2 -> MHEALTH,TSFA,8,0,49.347,0.324829,0.591463,0.223896,0.326130,,0.976916
OSDA,Pamap2 -> MHEALTH,TSFA,8,1,48.948,0.292423,0.452439,0.216022,0.293538,,0.988920
OSDA,Pamap2 -> MHEALTH,TSFA,8,2,49.225,0.346397,0.576829,0.247518,0.346426,,0.981533
OSDA,Pamap2 -> MHEALTH,TSFA,8,3,49.602,0.266799,0.381707,0.205067,0.270056,,0.981533
OSDA,Pamap2 -> MHEALTH,TSFA,8,4,49.251,0.228939,0.315244,0.179733,0.232352,,0.980609
OSDA,Pamap2 -> MHEALTH,UDA,8,0,24.342,0.439815,0.539024,0.371448,0.462018,,0.975069
OSDA,Pamap2 -> MHEALTH,UDA,8,1,24.349,0.457178,0.464024,0.450531,0.479287,,0.971376
OSDA,Pamap2 -> MHEALTH,UDA,8,2,24.970,0.394545,0.406707,0.383088,0.404190,,0.971376
OSDA,Pamap2 -> MHEALTH,UDA,8,3,25.437,0.414632,0.374390,0.464567,0.456091,,0.982456
OSDA,Pamap2 -> MHEALTH,UDA,8,4,25.211,0.355077,0.301220,0.432386,0.425421,,0.975993
OSDA,Pamap2 -> MHEALTH,OVANet,8,0,21.672,0.201681,0.247561,0.170147,0.188721,,0.981533
OSDA,Pamap2 -> MHEALTH,OVANet,8,1,20.199,0.180877,0.350610,0.121876,0.192124,,0.977839
OSDA,Pamap2 -> MHEALTH,OVANet,8,2,21.108,0.203668,0.274390,0.161931,0.195744,,0.983379
OSDA,Pamap2 -> MHEALTH,OVANet,8,3,20.713,0.179310,0.248171,0.140363,0.159509,,0.983379
OSDA,Pamap2 -> MHEALTH,OVANet,8,4,22.599,0.020103,0.471341,0.010270,0.086189,,0.980609
OSDA,Pamap2 -> MHEALTH,DANCE,8,0,21.686,0.000000,0.000000,1.000000,0.500052,,0.977839
OSDA,Pamap2 -> MHEALTH,DANCE,8,1,22.207,0.000000,0.000000,1.000000,0.500052,,0.975069
OSDA,Pamap2 -> MHEALTH,DANCE,8,2,21.548,0.000000,0.000000,1.000000,0.500052,,0.975993
OSDA,Pamap2 -> MHEALTH,DANCE,8,3,23.305,0.000000,0.000000,1.000000,0.500052,,0.980609
OSDA,Pamap2 -> MHEALTH,DANCE,8,4,21.048,0.000000,0.000000,1.000000,0.500052,,0.980609
OSDA,Pamap2 -> MHEALTH,PPOT,8,0,39.410,0.000000,0.000000,1.000000,0.500052,,0.980609
OSDA,Pamap2 -> MHEALTH,PPOT,8,1,39.122,0.000000,0.000000,0.999658,0.499948,,0.974146
OSDA,Pamap2 -> MHEALTH,PPOT,8,2,39.119,0.000000,0.000000,1.000000,0.500052,,0.975993
OSDA,Pamap2 -> MHEALTH,PPOT,8,3,39.924,0.110283,0.058537,0.950702,0.517708,,0.977839
OSDA,Pamap2 -> MHEALTH,PPOT,8,4,38.305,0.000000,0.000000,1.000000,0.500052,,0.979686
OSDA,Pamap2 -> MHEALTH,RAINCOAT,8,0,40.390,0.307694,0.282927,0.337213,0.352007,,0.883657
OSDA,Pamap2 -> MHEALTH,RAINCOAT,8,1,35.264,0.177588,0.282927,0.129408,0.178069,,0.908587
OSDA,Pamap2 -> MHEALTH,RAINCOAT,8,2,37.542,0.116515,0.067683,0.418350,0.342161,,0.815328
OSDA,Pamap2 -> MHEALTH,RAINCOAT,8,3,34.347,0.297653,0.283537,0.313249,0.318810,,0.881810
OSDA,Pamap2 -> MHEALTH,RAINCOAT,8,4,37.370,0.245218,0.225000,0.269428,0.296456,,0.884580
OSDA,Pamap2 -> MHEALTH,UniOT,8,0,127.361,0.458890,0.318293,0.821979,0.597132,,0.983379
OSDA,Pamap2 -> MHEALTH,UniOT,8,1,137.101,0.160264,0.089634,0.755906,0.486030,,0.970452
OSDA,Pamap2 -> MHEALTH,UniOT,8,2,136.666,0.286863,0.189024,0.594659,0.446771,,0.978763
OSDA,Pamap2 -> MHEALTH,UniOT,8,3,137.090,0.317316,0.214634,0.608353,0.462973,,0.977839
OSDA,Pamap2 -> MHEALTH,UniOT,8,4,137.337,0.086918,0.046341,0.698733,0.435210,,0.982456
OSDA,Pamap2 -> MHEALTH,UniJDOT,8,0,223.496,0.354618,0.285976,0.466621,0.458019,,0.978763
OSDA,Pamap2 -> MHEALTH,UniJDOT,8,1,231.741,0.384645,0.313415,0.497775,0.463276,,0.972299
OSDA,Pamap2 -> MHEALTH,UniJDOT,8,2,242.253,0.368574,0.282927,0.528586,0.455920,,0.970452
OSDA,Pamap2 -> MHEALTH,UniJDOT,8,3,205.990,0.076174,0.040244,0.710716,0.446681,,0.975993
OSDA,Pamap2 -> MHEALTH,UniJDOT,8,4,213.095,0.544141,0.490854,0.610407,0.562304,,0.979686
OSDA,MHEALTH -> Pamap2,OSBP,4,0,10.819,0.304233,0.671147,0.196699,0.345025,,0.990741
OSDA,MHEALTH -> Pamap2,OSBP,4,1,10.147,0.322239,0.434061,0.256230,0.353989,,0.984568
OSDA,MHEALTH -> Pamap2,OSBP,4,2,10.184,0.324495,0.805124,0.203195,0.376302,,0.962963
OSDA,MHEALTH -> Pamap2,OSBP,4,3,10.282,0.408848,0.465771,0.364324,0.448128,,0.981481
OSDA,MHEALTH -> Pamap2,OSBP,4,4,10.563,0.415092,0.591978,0.319595,0.438372,,0.935185
OSDA,MHEALTH -> Pamap2,TSFA,4,0,23.568,0.306081,0.398782,0.248349,0.316888,,1.000000
OSDA,MHEALTH -> Pamap2,TSFA,4,1,21.276,0.334319,0.508190,0.249095,0.342251,,0.996914
OSDA,MHEALTH -> Pamap2,TSFA,4,2,21.207,0.317289,0.431751,0.250799,0.329340,,0.996914
OSDA,MHEALTH -> Pamap2,TSFA,4,3,22.705,0.303975,0.413062,0.240469,0.313285,,0.993827
OSDA,MHEALTH -> Pamap2,TSFA,4,4,21.325,0.310428,0.451491,0.236528,0.316937,,0.990741
OSDA,MHEALTH -> Pamap2,UDA,4,0,12.698,0.449808,0.536119,0.387433,0.461369,,0.972222
OSDA,MHEALTH -> Pamap2,UDA,4,1,12.521,0.365821,0.346493,0.387433,0.413102,,0.993827
OSDA,MHEALTH -> Pamap2,UDA,4,2,10.386,0.287545,0.227005,0.392119,0.387176,,0.910494
OSDA,MHEALTH -> Pamap2,UDA,4,3,11.160,0.340803,0.303864,0.387966,0.393949,,0.993827
OSDA,MHEALTH -> Pamap2,UDA,4,4,10.516,0.301155,0.246955,0.385836,0.391960,,0.882716
OSDA,MHEALTH -> Pamap2,OVANet,4,0,9.671,0.288678,0.716926,0.180724,0.334419,,0.996914
OSDA,MHEALTH -> Pamap2,OVANet,4,1,8.463,0.359150,0.369803,0.349095,0.382543,,0.993827
OSDA,MHEALTH -> Pamap2,OVANet,4,2,9.387,0.417799,0.756405,0.288605,0.440701,,0.996914
OSDA,MHEALTH -> Pamap2,OVANet,4,3,8.619,0.420817,0.477530,0.376145,0.458721,,0.993827
OSDA,MHEALTH -> Pamap2,OVANet,4,4,9.382,0.192913,0.570559,0.116081,0.240697,,0.996914
OSDA,MHEALTH -> Pamap2,DANCE,4,0,9.444,0.000000,0.000000,1.000000,0.529298,,0.996914
OSDA,MHEALTH -> Pamap2,DANCE,4,1,8.996,0.000000,0.000000,1.000000,0.529298,,0.990741
OSDA,MHEALTH -> Pamap2,DANCE,4,2,8.915,0.000000,0.000000,1.000000,0.529298,,0.996914
OSDA,MHEALTH -> Pamap2,DANCE,4,3,8.706,0.000000,0.000000,1.000000,0.529298,,0.990741
OSDA,MHEALTH -> Pamap2,DANCE,4,4,9.331,0.000000,0.000000,1.000000,0.529298,,0.996914
OSDA,MHEALTH -> Pamap2,PPOT,4,0,30.262,0.000000,0.000000,1.000000,0.529298,,0.981481
OSDA,MHEALTH -> Pamap2,PPOT,4,1,29.235,0.000000,0.000000,1.000000,0.529298,,0.981481
OSDA,MHEALTH -> Pamap2,PPOT,4,2,31.094,0.000000,0.000000,1.000000,0.529298,,0.990741
OSDA,MHEALTH -> Pamap2,PPOT,4,3,27.097,0.000000,0.000000,1.000000,0.529298,,0.984568
OSDA,MHEALTH -> Pamap2,PPOT,4,4,28.297,0.000000,0.000000,1.000000,0.529298,,0.987654
OSDA,MHEALTH -> Pamap2,RAINCOAT,4,0,18.327,0.173438,0.131877,0.253248,0.251877,,0.753086
OSDA,MHEALTH -> Pamap2,RAINCOAT,4,1,15.566,0.070058,0.114448,0.050479,0.073808,,0.746914
OSDA,MHEALTH -> Pamap2,RAINCOAT,4,2,15.864,0.160823,0.149727,0.173695,0.199988,,0.737654
OSDA,MHEALTH -> Pamap2,RAINCOAT,4,3,18.164,0.164897,0.148677,0.185091,0.207192,,0.750000
OSDA,MHEALTH -> Pamap2,RAINCOAT,4,4,24.377,0.157343,0.105838,0.306496,0.292479,,0.753086
OSDA,MHEALTH -> Pamap2,UniOT,4,0,48.301,0.278742,0.177446,0.649521,0.492505,,1.000000
OSDA,MHEALTH -> Pamap2,UniOT,4,1,49.661,0.371665,0.278454,0.558679,0.476820,,0.996914
OSDA,MHEALTH -> Pamap2,UniOT,4,2,51.439,0.415129,0.310374,0.626624,0.514191,,0.996914
OSDA,MHEALTH -> Pamap2,UniOT,4,3,50.561,0.288832,0.188996,0.612247,0.485592,,0.990741
OSDA,MHEALTH -> Pamap2,UniOT,4,4,51.337,0.413386,0.298404,0.672524,0.518532,,1.000000
OSDA,MHEALTH -> Pamap2,UniJDOT,4,0,95.944,0.401910,0.411382,0.392865,0.424721,,1.000000
OSDA,MHEALTH -> Pamap2,UniJDOT,4,1,90.387,0.207227,0.120118,0.754100,0.531212,,0.996914
OSDA,MHEALTH -> Pamap2,UniJDOT,4,2,95.142,0.338861,0.328643,0.349734,0.372343,,0.996914
OSDA,MHEALTH -> Pamap2,UniJDOT,4,3,79.628,0.385854,0.383452,0.388285,0.421845,,0.996914
OSDA,MHEALTH -> Pamap2,UniJDOT,4,4,97.371,0.190299,0.139437,0.299574,0.305391,,0.996914
UniDA,MHEALTH -> RealWorld,UDA,1,0,13.098,0.399321,0.382834,0.417292,0.466344,,0.980296
UniDA,MHEALTH -> RealWorld,UDA,1,1,12.828,0.404572,0.375052,0.439135,0.426636,,0.992611
UniDA,MHEALTH -> RealWorld,UDA,1,2,13.103,0.387904,0.402022,0.374744,0.494210,,0.948276
UniDA,MHEALTH -> RealWorld,UDA,1,3,13.153,0.220213,0.140225,0.512628,0.193337,,0.985222
UniDA,MHEALTH -> RealWorld,UDA,1,4,13.047,0.341542,0.268205,0.470080,0.328974,,0.977832
UniDA,MHEALTH -> RealWorld,OVANet,1,0,11.875,0.298002,0.335876,0.267804,0.341905,,0.992611
UniDA,MHEALTH -> RealWorld,OVANet,1,1,11.393,0.196443,0.210299,0.184300,0.224464,,0.992611
UniDA,MHEALTH -> RealWorld,OVANet,1,2,11.244,0.332367,0.216327,0.716951,0.266960,,0.992611
UniDA,MHEALTH -> RealWorld,OVANet,1,3,11.397,0.311695,0.316117,0.307395,0.321624,,0.992611
UniDA,MHEALTH -> RealWorld,OVANet,1,4,11.740,0.286623,0.265764,0.311035,0.313945,,0.992611
UniDA,MHEALTH -> RealWorld,DANCE,1,0,11.968,0.000000,0.000000,1.000000,0.036054,,0.992611
UniDA,MHEALTH -> RealWorld,DANCE,1,1,11.415,0.000000,0.000000,1.000000,0.036054,,0.992611
UniDA,MHEALTH -> RealWorld,DANCE,1,2,11.467,0.000000,0.000000,1.000000,0.036054,,0.990148
UniDA,MHEALTH -> RealWorld,DANCE,1,3,11.343,0.000000,0.000000,1.000000,0.036054,,0.992611
UniDA,MHEALTH -> RealWorld,DANCE,1,4,11.442,0.000000,0.000000,1.000000,0.036054,,0.992611
UniDA,MHEALTH -> RealWorld,PPOT,1,0,46.204,0.000000,0.000000,1.000000,0.036054,,0.990148
UniDA,MHEALTH -> RealWorld,PPOT,1,1,45.601,0.000000,0.000000,1.000000,0.036054,,0.948276
UniDA,MHEALTH -> RealWorld,PPOT,1,2,43.734,0.000000,0.000000,1.000000,0.036054,,0.891626
UniDA,MHEALTH -> RealWorld,PPOT,1,3,45.930,0.000000,0.000000,1.000000,0.036054,,0.837438
UniDA,MHEALTH -> RealWorld,PPOT,1,4,45.192,0.000000,0.000000,1.000000,0.036054,,0.987685
UniDA,MHEALTH -> RealWorld,RAINCOAT,1,0,29.208,0.163272,0.090444,0.838225,0.165655,,0.842365
UniDA,MHEALTH -> RealWorld,RAINCOAT,1,1,29.083,0.158186,0.126302,0.211604,0.168274,,0.512315
UniDA,MHEALTH -> RealWorld,RAINCOAT,1,2,23.611,0.095767,0.279268,0.057793,0.249166,,0.665025
UniDA,MHEALTH -> RealWorld,RAINCOAT,1,3,22.666,0.052717,0.215373,0.030034,0.225066,,0.541872
UniDA,MHEALTH -> RealWorld,RAINCOAT,1,4,30.438,0.124486,0.248446,0.083049,0.213638,,0.588670
UniDA,MHEALTH -> RealWorld,UniOT,1,0,52.797,0.308452,0.187946,0.859613,0.186405,,0.992611
UniDA,MHEALTH -> RealWorld,UniOT,1,1,41.598,0.423552,0.280908,0.860523,0.333733,,0.975369
UniDA,MHEALTH -> RealWorld,UniOT,1,2,51.793,0.356082,0.223193,0.880091,0.269478,,0.995074
UniDA,MHEALTH -> RealWorld,UniOT,1,3,54.723,0.344154,0.216136,0.844141,0.277142,,0.992611
UniDA,MHEALTH -> RealWorld,UniOT,1,4,50.273,0.340765,0.211711,0.872810,0.236251,,0.985222
UniDA,MHEALTH -> RealWorld,UniJDOT,1,0,66.574,0.441055,0.512607,0.387031,0.534832,,0.992611
UniDA,MHEALTH -> RealWorld,UniJDOT,1,1,67.613,0.368140,0.229525,0.929465,0.291242,,0.995074
UniDA,MHEALTH -> RealWorld,UniJDOT,1,2,68.593,0.329390,0.198398,0.969511,0.237886,,0.987685
UniDA,MHEALTH -> RealWorld,UniJDOT,1,3,66.036,0.476217,0.318787,0.940842,0.409016,,0.992611
UniDA,MHEALTH -> RealWorld,UniJDOT,1,4,69.468,0.411906,0.262636,0.954266,0.326800,,0.992611
PDA,MHEALTH -> Pamap2,UniOT,6,3,249.023,0.000000,0.337753,0.000000,0.375753,,0.983607
PDA,MHEALTH -> Pamap2,OVANet,6,4,30.452,0.000000,0.001263,0.000000,0.002498,,0.912568
PDA,MHEALTH -> Pamap2,DANCE,6,1,66.386,0.000000,0.000000,0.000000,0.000000,,0.933060
PDA,MHEALTH -> Pamap2,SPADA,6,1,24.867,,,,0.324802,,0.892076
PDA,MHEALTH -> Pamap2,DANCE,6,2,32.201,0.000000,0.000000,0.000000,0.000000,,0.897541
PDA,MHEALTH -> Pamap2,UDA,6,2,37.194,0.000000,0.203914,0.000000,0.280947,,0.883880
PDA,MHEALTH -> Pamap2,PPOT,6,2,57.321,0.000000,0.000000,0.000000,0.000000,,0.646175
PDA,MHEALTH -> Pamap2,PDAAN,6,3,38.708,,,,0.353894,,0.900273
PDA,MHEALTH -> Pamap2,UniJDOT,6,4,177.406,0.000000,0.211700,0.000000,0.295588,,0.971311
PDA,MHEALTH -> Pamap2,UDA,6,0,40.499,0.000000,0.080598,0.000000,0.129542,,0.874317
PDA,MHEALTH -> Pamap2,SPADA,6,4,25.003,,,,0.476080,,0.883880
PDA,MHEALTH -> Pamap2,DANCE,6,0,33.658,0.000000,0.000000,0.000000,0.000000,,0.931694
PDA,MHEALTH -> Pamap2,PDAAN,6,4,25.311,,,,0.368637,,0.894809
PDA,MHEALTH -> Pamap2,RAINCOAT,6,2,49.796,0.000000,0.014941,0.000000,0.027302,,0.342896
PDA,MHEALTH -> Pamap2,DANCE,6,3,31.348,0.000000,0.000000,0.000000,0.000000,,0.931694
PDA,MHEALTH -> Pamap2,OVANet,6,1,30.255,0.000000,0.012837,0.000000,0.024226,,0.922131
PDA,MHEALTH -> Pamap2,UniOT,6,0,171.390,0.000000,0.000000,0.000000,0.000000,,0.941257
PDA,MHEALTH -> Pamap2,OVANet,6,2,30.238,0.000000,0.001473,0.000000,0.002924,,0.915301
PDA,MHEALTH -> Pamap2,PPOT,6,4,57.541,0.000000,0.000000,0.000000,0.000000,,0.674863
PDA,MHEALTH -> Pamap2,RAINCOAT,6,1,50.195,0.000000,0.125421,0.000000,0.172427,,0.471311
PDA,MHEALTH -> Pamap2,PDAAN,6,0,26.644,,,,0.523219,,0.893443
PDA,MHEALTH -> Pamap2,DANCE,6,4,31.442,0.000000,0.000000,0.000000,0.000000,,0.903005
PDA,MHEALTH -> Pamap2,SPADA,6,2,24.772,,,,0.661183,,0.893443
PDA,MHEALTH -> Pamap2,RAINCOAT,6,3,50.272,0.000000,0.125210,0.000000,0.173762,,0.431694
PDA,MHEALTH -> Pamap2,RAINCOAT,6,4,50.542,0.000000,0.166246,0.000000,0.265946,,0.329235
PDA,MHEALTH -> Pamap2,PDAAN,6,2,24.412,,,,0.770401,,0.893443
PDA,MHEALTH -> Pamap2,UniJDOT,6,3,173.719,0.000000,0.190025,0.000000,0.239501,,0.995902
PDA,MHEALTH -> Pamap2,RAINCOAT,6,0,53.795,0.000000,0.080177,0.000000,0.091803,,0.493169
PDA,MHEALTH -> Pamap2,UniOT,6,4,235.070,0.000000,0.000000,0.000000,0.000000,,0.994536
PDA,MHEALTH -> Pamap2,OVANet,6,3,30.344,0.000000,0.002104,0.000000,0.004068,,0.924863
PDA,MHEALTH -> Pamap2,PPOT,6,1,57.447,0.000000,0.000000,0.000000,0.000000,,0.692623
PDA,MHEALTH -> Pamap2,PDAAN,6,1,24.577,,,,0.280108,,0.892076
PDA,MHEALTH -> Pamap2,SPADA,6,0,26.697,,,,0.501986,,0.894809
PDA,MHEALTH -> Pamap2,SPADA,6,3,24.801,,,,0.296395,,0.897541
PDA,MHEALTH -> Pamap2,UniJDOT,6,1,175.067,0.000000,0.139731,0.000000,0.199384,,0.964481
PDA,MHEALTH -> Pamap2,OVANet,6,0,32.856,0.000000,0.004209,0.000000,0.008046,,0.889344
PDA,MHEALTH -> Pamap2,UDA,6,1,36.709,0.000000,0.129419,0.000000,0.208829,,0.870219
PDA,MHEALTH -> Pamap2,UniJDOT,6,2,175.520,0.000000,0.120791,0.000000,0.162018,,0.952186
PDA,MHEALTH -> Pamap2,UniOT,6,1,287.170,0.000000,0.148359,0.000000,0.158892,,0.994536
PDA,MHEALTH -> Pamap2,UDA,6,4,37.230,0.000000,0.098274,0.000000,0.151760,,0.916667
PDA,MHEALTH -> Pamap2,PPOT,6,0,60.342,0.000000,0.000000,0.000000,0.000000,,0.785519
PDA,MHEALTH -> Pamap2,UniJDOT,6,0,210.779,0.000000,0.114899,0.000000,0.160206,,0.934426
PDA,MHEALTH -> Pamap2,PPOT,6,3,57.543,0.000000,0.000000,0.000000,0.000000,,0.674863
PDA,MHEALTH -> Pamap2,UniOT,6,2,123.099,0.000000,0.000000,0.000000,0.000000,,0.963115
PDA,MHEALTH -> Pamap2,UDA,6,3,36.933,0.000000,0.199495,0.000000,0.285235,,0.851093
OSDA,RealWorld -> Pamap2,RAINCOAT,1,0,248.434,0.233722,0.289164,0.196120,0.232304,,0.715064
OSDA,RealWorld -> Pamap2,RAINCOAT,1,1,276.388,0.264663,0.252205,0.278416,0.259880,,0.614247
OSDA,RealWorld -> Pamap2,RAINCOAT,1,2,276.525,0.322501,0.330953,0.314470,0.317257,,0.627676
OSDA,RealWorld -> Pamap2,RAINCOAT,1,3,280.980,0.301512,0.301974,0.301051,0.324126,,0.580381
OSDA,RealWorld -> Pamap2,RAINCOAT,1,4,261.368,0.132282,0.303654,0.084559,0.139444,,0.538147
OSDA,RealWorld -> Pamap2,RAINCOAT,1,0,112.327,0.200989,0.170097,0.245594,0.234169,,0.695018
OSDA,RealWorld -> Pamap2,RAINCOAT,1,1,107.608,0.259402,0.280974,0.240905,0.253020,,0.615609
OSDA,RealWorld -> Pamap2,RAINCOAT,1,2,107.884,0.192857,0.202226,0.184317,0.194542,,0.522188
OSDA,RealWorld -> Pamap2,RAINCOAT,1,3,103.324,0.205285,0.162747,0.277930,0.234746,,0.564811
OSDA,RealWorld -> Pamap2,RAINCOAT,1,4,103.635,0.281250,0.311634,0.256265,0.255032,,0.533476
OSDA,RealWorld -> Pamap2,OSBP,1,0,121.234,0.705651,0.623478,0.812773,0.725548,,0.800117
OSDA,RealWorld -> Pamap2,OSBP,1,1,120.622,0.641933,0.569299,0.735812,0.667011,,0.726353
OSDA,RealWorld -> Pamap2,OSBP,1,2,119.787,0.750104,0.660647,0.867583,0.772371,,0.787466
OSDA,RealWorld -> Pamap2,OSBP,1,3,122.781,0.637656,0.546619,0.765077,0.664964,,0.811016
OSDA,RealWorld -> Pamap2,OSBP,1,4,126.220,0.702484,0.622638,0.805821,0.718128,,0.792137
OSDA,RealWorld -> Pamap2,TSFA,1,0,456.104,0.400896,0.780764,0.269685,0.472845,,0.820747
OSDA,RealWorld -> Pamap2,TSFA,1,1,556.647,0.387322,0.606258,0.284559,0.414253,,0.861814
OSDA,RealWorld -> Pamap2,TSFA,1,2,869.207,0.405019,0.693616,0.286015,0.449778,,0.891787
OSDA,RealWorld -> Pamap2,TSFA,1,3,1296.259,0.332395,0.673037,0.220695,0.391339,,0.866485
OSDA,RealWorld -> Pamap2,TSFA,1,4,1005.752,0.405281,0.703906,0.284559,0.461996,,0.881666
OSDA,RealWorld -> Pamap2,UDA,1,0,219.189,0.398114,0.563839,0.307680,0.418829,,0.862592
OSDA,RealWorld -> Pamap2,UDA,1,1,209.271,0.437534,0.510710,0.382700,0.441229,,0.937914
OSDA,RealWorld -> Pamap2,UDA,1,2,191.208,0.451567,0.524779,0.396281,0.456393,,0.911639
OSDA,RealWorld -> Pamap2,UDA,1,3,197.911,0.400957,0.628307,0.294422,0.430572,,0.938497
OSDA,RealWorld -> Pamap2,UDA,1,4,195.896,0.446280,0.661907,0.336621,0.469711,,0.936357
OSDA,RealWorld -> Pamap2,OVANet,1,0,180.319,0.160001,0.901302,0.087793,0.357146,,0.889257
OSDA,RealWorld -> Pamap2,OVANet,1,1,161.206,0.130370,0.798614,0.070978,0.333245,,0.796224
OSDA,RealWorld -> Pamap2,OVANet,1,2,141.474,0.091504,0.633557,0.049313,0.284303,,0.805372
OSDA,RealWorld -> Pamap2,OVANet,1,3,163.710,0.262984,0.870433,0.154891,0.429037,,0.888283
OSDA,RealWorld -> Pamap2,OVANet,1,4,155.452,0.062733,0.584628,0.033145,0.180900,,0.830284
OSDA,RealWorld -> Pamap2,DANCE,1,0,168.551,0.220752,0.125367,0.923040,0.487259,,0.864928
OSDA,RealWorld -> Pamap2,DANCE,1,1,183.809,0.210703,0.118228,0.967340,0.491329,,0.911444
OSDA,RealWorld -> Pamap2,DANCE,1,2,183.737,0.189262,0.105418,0.924818,0.476803,,0.844103
OSDA,RealWorld -> Pamap2,DANCE,1,3,179.695,0.141666,0.077068,0.875505,0.431220,,0.879914
OSDA,RealWorld -> Pamap2,DANCE,1,4,185.920,0.182512,0.101428,0.909943,0.466475,,0.886532
OSDA,RealWorld -> Pamap2,PPOT,1,0,690.929,0.128343,0.857623,0.069361,0.312833,,0.792526
OSDA,RealWorld -> Pamap2,PPOT,1,1,833.672,0.139613,0.857833,0.075990,0.321477,,0.834177
OSDA,RealWorld -> Pamap2,PPOT,1,2,670.771,0.141519,0.819614,0.077445,0.310061,,0.852277
OSDA,RealWorld -> Pamap2,PPOT,1,3,896.239,0.143149,0.820454,0.078416,0.313368,,0.855002
OSDA,RealWorld -> Pamap2,PPOT,1,4,811.450,0.147622,0.783494,0.081487,0.305679,,0.887894
OSDA,RealWorld -> Pamap2,UniOT,1,0,2215.998,0.626886,0.497060,0.848504,0.670205,,0.878747
OSDA,RealWorld -> Pamap2,UniOT,1,1,1833.155,0.640383,0.597018,0.690542,0.647559,,0.899766
OSDA,RealWorld -> Pamap2,UniOT,1,2,2440.557,0.451097,0.312684,0.809378,0.542314,,0.928766
OSDA,RealWorld -> Pamap2,UniOT,1,3,2263.466,0.668930,0.562789,0.824414,0.676794,,0.902102
OSDA,RealWorld -> Pamap2,UniOT,1,4,1660.375,0.559708,0.450231,0.739531,0.594436,,0.904632
OSDA,RealWorld -> Pamap2,UniJDOT,1,0,2139.059,0.623558,0.543049,0.732094,0.598694,,0.854223
OSDA,RealWorld -> Pamap2,UniJDOT,1,1,2754.959,0.595935,0.583368,0.609054,0.574144,,0.858311
OSDA,RealWorld -> Pamap2,UniJDOT,1,2,2071.837,0.309263,0.475011,0.229264,0.357274,,0.884780
OSDA,RealWorld -> Pamap2,UniJDOT,1,3,2250.886,0.644521,0.694876,0.600970,0.638350,,0.845465
OSDA,RealWorld -> Pamap2,UniJDOT,1,4,2827.641,0.598133,0.581268,0.616006,0.573015,,0.803620
PDA,MHEALTH -> Pamap2,OVANet,8,3,36.946,0.000000,0.006734,0.000000,0.013119,,0.916667
PDA,MHEALTH -> Pamap2,RAINCOAT,8,4,60.233,0.000000,0.384470,0.000000,0.513805,,0.253425
PDA,MHEALTH -> Pamap2,UDA,8,1,45.495,0.000000,0.031987,0.000000,0.051204,,0.850457
PDA,MHEALTH -> Pamap2,SPADA,8,3,30.472,,,,0.366459,,0.836758
PDA,MHEALTH -> Pamap2,UDA,8,4,66.637,0.000000,0.079545,0.000000,0.135172,,0.849315
PDA,MHEALTH -> Pamap2,DANCE,8,4,37.833,0.000000,0.000000,0.000000,0.000000,,0.931507
PDA,MHEALTH -> Pamap2,OVANet,8,2,37.081,0.000000,0.000000,0.000000,0.000000,,0.896119
PDA,MHEALTH -> Pamap2,OVANet,8,1,36.687,0.000000,0.000000,0.000000,0.000000,,0.852740
PDA,MHEALTH -> Pamap2,PDAAN,8,0,32.650,,,,0.087090,,0.820776
PDA,MHEALTH -> Pamap2,UniOT,8,2,181.380,0.000000,0.000000,0.000000,0.000000,,0.958904
PDA,MHEALTH -> Pamap2,SPADA,8,4,30.522,,,,0.270807,,0.875571
PDA,MHEALTH -> Pamap2,PPOT,8,3,68.433,0.000000,0.000000,0.000000,0.000000,,0.618721
PDA,MHEALTH -> Pamap2,DANCE,8,0,41.405,0.000000,0.000000,0.000000,0.000000,,0.884703
PDA,MHEALTH -> Pamap2,DANCE,8,2,37.630,0.000000,0.000000,0.000000,0.000000,,0.923516
PDA,MHEALTH -> Pamap2,UniOT,8,0,133.860,0.000000,0.000000,0.000000,0.000000,,0.940639
PDA,MHEALTH -> Pamap2,OVANet,8,4,36.969,0.000000,0.000000,0.000000,0.000000,,0.876712
PDA,MHEALTH -> Pamap2,UniJDOT,8,1,223.737,0.000000,0.165404,0.000000,0.221981,,0.974886
PDA,MHEALTH -> Pamap2,PDAAN,8,4,29.652,,,,0.406878,,0.866438
PDA,MHEALTH -> Pamap2,PDAAN,8,1,29.735,,,,0.712819,,0.901827
PDA,MHEALTH -> Pamap2,RAINCOAT,8,2,70.336,0.000000,0.079756,0.000000,0.133822,,0.294521
PDA,MHEALTH -> Pamap2,UniOT,8,4,150.967,0.000000,0.000000,0.000000,0.000000,,0.987443
PDA,MHEALTH -> Pamap2,UniOT,8,1,121.781,0.000000,0.000000,0.000000,0.000000,,0.925799
PDA,MHEALTH -> Pamap2,DANCE,8,3,38.397,0.000000,0.000000,0.000000,0.000000,,0.922374
PDA,MHEALTH -> Pamap2,PPOT,8,4,69.116,0.000000,0.000000,0.000000,0.000000,,0.558219
PDA,MHEALTH -> Pamap2,RAINCOAT,8,0,64.332,0.000000,0.139731,0.000000,0.172601,,0.361872
PDA,MHEALTH -> Pamap2,SPADA,8,2,30.825,,,,0.408832,,0.848173
PDA,MHEALTH -> Pamap2,UniJDOT,8,3,212.185,0.000000,0.125000,0.000000,0.130338,,0.894977
PDA,MHEALTH -> Pamap2,SPADA,8,0,33.907,,,,0.403668,,0.859589
PDA,MHEALTH -> Pamap2,UDA,8,2,45.593,0.000000,0.250842,0.000000,0.380139,,0.804795
PDA,MHEALTH -> Pamap2,RAINCOAT,8,1,59.768,0.000000,0.369739,0.000000,0.382941,,0.420091
PDA,MHEALTH -> Pamap2,RAINCOAT,8,3,61.927,0.000000,0.310185,0.000000,0.394010,,0.345890
PDA,MHEALTH -> Pamap2,DANCE,8,1,37.399,0.000000,0.000000,0.000000,0.000000,,0.888128
PDA,MHEALTH -> Pamap2,PDAAN,8,3,29.841,,,,0.712790,,0.845890
PDA,MHEALTH -> Pamap2,UniJDOT,8,0,223.983,0.000000,0.174242,0.000000,0.207744,,0.977169
PDA,MHEALTH -> Pamap2,UDA,8,3,45.486,0.000000,0.116162,0.000000,0.180966,,0.857306
PDA,MHEALTH -> Pamap2,UDA,8,0,48.842,0.000000,0.147096,0.000000,0.241377,,0.899543
PDA,MHEALTH -> Pamap2,PPOT,8,0,72.907,0.000000,0.000000,0.000000,0.000000,,0.453196
PDA,MHEALTH -> Pamap2,PDAAN,8,2,30.119,,,,0.148734,,0.855023
PDA,MHEALTH -> Pamap2,PPOT,8,1,68.883,0.000000,0.000000,0.000000,0.000000,,0.520548
PDA,MHEALTH -> Pamap2,UniJDOT,8,4,212.770,0.000000,0.054714,0.000000,0.078059,,0.953196
PDA,MHEALTH -> Pamap2,OVANet,8,0,38.920,0.000000,0.000000,0.000000,0.000000,,0.853881
PDA,MHEALTH -> Pamap2,PPOT,8,2,68.826,0.000000,0.000000,0.000000,0.000000,,0.615297
PDA,MHEALTH -> Pamap2,UniJDOT,8,2,216.385,0.000000,0.087963,0.000000,0.142605,,0.900685
PDA,MHEALTH -> Pamap2,UniOT,8,3,114.667,0.000000,0.000000,0.000000,0.000000,,0.964612
PDA,MHEALTH -> Pamap2,SPADA,8,1,30.531,,,,0.313245,,0.902968
UniDA,Pamap2 -> MHEALTH,UDA,8,0,66.479,0.253451,0.196341,0.357412,0.372767,,0.668946
UniDA,Pamap2 -> MHEALTH,UDA,8,1,62.258,0.129679,0.079878,0.344403,0.328150,,0.735841
UniDA,Pamap2 -> MHEALTH,UDA,8,2,65.906,0.250923,0.210366,0.310852,0.339286,,0.609318
UniDA,Pamap2 -> MHEALTH,UDA,8,3,66.714,0.144966,0.088415,0.402259,0.359638,,0.687968
UniDA,Pamap2 -> MHEALTH,UDA,8,4,64.449,0.167336,0.114024,0.314276,0.318369,,0.655909
UniDA,Pamap2 -> MHEALTH,OVANet,8,0,54.335,0.000000,0.000000,0.675796,0.410324,,0.743535
UniDA,Pamap2 -> MHEALTH,OVANet,8,1,54.170,0.000000,0.000000,0.910647,0.499719,,0.774524
UniDA,Pamap2 -> MHEALTH,OVANet,8,2,54.927,0.000000,0.000000,0.821979,0.461209,,0.749092
UniDA,Pamap2 -> MHEALTH,OVANet,8,3,54.542,0.000000,0.000000,0.818555,0.468636,,0.790767
UniDA,Pamap2 -> MHEALTH,OVANet,8,4,53.839,0.000000,0.000000,0.744950,0.458111,,0.739474
UniDA,Pamap2 -> MHEALTH,DANCE,8,0,55.760,0.000000,0.000000,0.999658,0.499948,,0.764907
UniDA,Pamap2 -> MHEALTH,DANCE,8,1,54.160,0.000000,0.000000,1.000000,0.500052,,0.762129
UniDA,Pamap2 -> MHEALTH,DANCE,8,2,54.389,0.000000,0.000000,1.000000,0.500052,,0.781791
UniDA,Pamap2 -> MHEALTH,DANCE,8,3,54.821,0.000000,0.000000,1.000000,0.500052,,0.746100
UniDA,Pamap2 -> MHEALTH,DANCE,8,4,54.077,0.000000,0.000000,1.000000,0.500052,,0.758495
UniDA,Pamap2 -> MHEALTH,PPOT,8,0,89.907,0.313825,0.195732,0.791167,0.573169,,0.504809
UniDA,Pamap2 -> MHEALTH,PPOT,8,1,88.630,0.002435,0.001220,0.769257,0.479109,,0.493482
UniDA,Pamap2 -> MHEALTH,PPOT,8,2,89.880,0.000000,0.000000,0.704896,0.434909,,0.497970
UniDA,Pamap2 -> MHEALTH,PPOT,8,3,91.027,0.000000,0.000000,0.756933,0.466246,,0.511434
UniDA,Pamap2 -> MHEALTH,PPOT,8,4,91.399,0.000000,0.000000,0.785690,0.485559,,0.505022
UniDA,Pamap2 -> MHEALTH,RAINCOAT,8,0,42.822,0.282586,0.229878,0.366655,0.359347,,0.245993
UniDA,Pamap2 -> MHEALTH,RAINCOAT,8,1,37.779,0.120946,0.098171,0.157480,0.206761,,0.381705
UniDA,Pamap2 -> MHEALTH,RAINCOAT,8,2,38.792,0.007217,0.003659,0.264635,0.250001,,0.312246
UniDA,Pamap2 -> MHEALTH,RAINCOAT,8,3,40.011,0.259311,0.207317,0.346114,0.351915,,0.310109
UniDA,Pamap2 -> MHEALTH,RAINCOAT,8,4,41.329,0.116153,0.073780,0.272852,0.241639,,0.338748
UniDA,Pamap2 -> MHEALTH,UniOT,8,0,235.238,0.000000,0.000000,1.000000,0.500052,,0.676640
UniDA,Pamap2 -> MHEALTH,UniOT,8,1,249.305,0.000000,0.000000,1.000000,0.500052,,0.619149
UniDA,Pamap2 -> MHEALTH,UniOT,8,2,251.706,0.002432,0.001220,0.398494,0.282921,,0.649284
UniDA,Pamap2 -> MHEALTH,UniOT,8,3,220.720,0.000000,0.000000,1.000000,0.500052,,0.724086
UniDA,Pamap2 -> MHEALTH,UniOT,8,4,247.692,0.002434,0.001220,0.628552,0.409558,,0.658474
UniDA,Pamap2 -> MHEALTH,UniJDOT,8,0,304.259,0.047618,0.025000,0.499829,0.337767,,0.673648
UniDA,Pamap2 -> MHEALTH,UniJDOT,8,1,303.338,0.090923,0.050000,0.500856,0.354361,,0.705706
UniDA,Pamap2 -> MHEALTH,UniJDOT,8,2,302.985,0.349449,0.250000,0.580281,0.469024,,0.692028
UniDA,Pamap2 -> MHEALTH,UniJDOT,8,3,305.930,0.089947,0.049390,0.502910,0.349638,,0.724514
UniDA,Pamap2 -> MHEALTH,UniJDOT,8,4,305.318,0.003645,0.001829,0.481342,0.339470,,0.664244
UniDA,MHEALTH -> Pamap2,UDA,7,0,21.178,0.401119,0.399328,0.402927,0.504036,,0.855164
UniDA,MHEALTH -> Pamap2,UDA,7,1,20.314,0.347343,0.314928,0.387198,0.451422,,0.923174
UniDA,MHEALTH -> Pamap2,UDA,7,2,20.352,0.396207,0.376233,0.418421,0.486814,,0.874055
UniDA,MHEALTH -> Pamap2,UDA,7,3,20.393,0.321545,0.281125,0.375538,0.440231,,0.916877
UniDA,MHEALTH -> Pamap2,UDA,7,4,20.477,0.351719,0.296032,0.433211,0.481654,,0.843829
UniDA,MHEALTH -> Pamap2,OVANet,7,0,17.550,0.000839,0.000420,0.982237,0.613661,,0.867758
UniDA,MHEALTH -> Pamap2,OVANet,7,1,17.028,0.054845,0.028343,0.843885,0.573438,,0.879093
UniDA,MHEALTH -> Pamap2,OVANet,7,2,16.993,0.008361,0.004199,0.943579,0.604394,,0.919395
UniDA,MHEALTH -> Pamap2,OVANet,7,3,16.809,0.001259,0.000630,0.775882,0.540457,,0.887909
UniDA,MHEALTH -> Pamap2,OVANet,7,4,16.805,0.000000,0.000000,0.965725,0.602256,,0.884131
UniDA,MHEALTH -> Pamap2,DANCE,7,0,18.534,0.000000,0.000000,1.000000,0.614046,,0.937028
UniDA,MHEALTH -> Pamap2,DANCE,7,1,17.382,0.000000,0.000000,1.000000,0.614046,,0.909320
UniDA,MHEALTH -> Pamap2,DANCE,7,2,17.461,0.000000,0.000000,1.000000,0.614046,,0.918136
UniDA,MHEALTH -> Pamap2,DANCE,7,3,17.751,0.000000,0.000000,1.000000,0.614046,,0.904282
UniDA,MHEALTH -> Pamap2,DANCE,7,4,17.613,0.000000,0.000000,1.000000,0.614046,,0.933249
UniDA,MHEALTH -> Pamap2,PPOT,7,0,43.053,0.000000,0.000000,1.000000,0.614046,,0.778338
UniDA,MHEALTH -> Pamap2,PPOT,7,1,41.543,0.000000,0.000000,1.000000,0.614046,,0.605793
UniDA,MHEALTH -> Pamap2,PPOT,7,2,41.498,0.000000,0.000000,1.000000,0.614046,,0.607053
UniDA,MHEALTH -> Pamap2,PPOT,7,3,41.889,0.000000,0.000000,1.000000,0.614046,,0.633501
UniDA,MHEALTH -> Pamap2,PPOT,7,4,41.873,0.000000,0.000000,1.000000,0.614046,,0.644836
UniDA,MHEALTH -> Pamap2,RAINCOAT,7,0,31.784,0.070777,0.039891,0.313561,0.340269,,0.423174
UniDA,MHEALTH -> Pamap2,RAINCOAT,7,1,31.152,0.054027,0.029813,0.287659,0.293196,,0.459698
UniDA,MHEALTH -> Pamap2,RAINCOAT,7,2,30.213,0.065241,0.064455,0.066046,0.101905,,0.517632
UniDA,MHEALTH -> Pamap2,RAINCOAT,7,3,28.601,0.033230,0.029183,0.038579,0.058608,,0.429471
UniDA,MHEALTH -> Pamap2,RAINCOAT,7,4,32.093,0.051913,0.028553,0.285390,0.290026,,0.454660
UniDA,MHEALTH -> Pamap2,UniOT,7,0,42.325,0.000000,0.000000,1.000000,0.614046,,0.947103
UniDA,MHEALTH -> Pamap2,UniOT,7,1,47.811,0.000000,0.000000,1.000000,0.614046,,0.944584
UniDA,MHEALTH -> Pamap2,UniOT,7,2,43.101,0.000000,0.000000,1.000000,0.614046,,0.931990
UniDA,MHEALTH -> Pamap2,UniOT,7,3,46.941,0.000000,0.000000,1.000000,0.614046,,0.971033
UniDA,MHEALTH -> Pamap2,UniOT,7,4,42.584,0.000000,0.000000,1.000000,0.614046,,0.972292
UniDA,MHEALTH -> Pamap2,UniJDOT,7,0,86.578,0.090734,0.047869,0.867908,0.617354,,0.978589
UniDA,MHEALTH -> Pamap2,UniJDOT,7,1,87.780,0.233401,0.140458,0.689960,0.563475,,0.925693
UniDA,MHEALTH -> Pamap2,UniJDOT,7,2,86.601,0.252696,0.151585,0.758901,0.581663,,0.947103
UniDA,MHEALTH -> Pamap2,UniJDOT,7,3,86.281,0.278171,0.180768,0.603177,0.550866,,0.948363
UniDA,MHEALTH -> Pamap2,UniJDOT,7,4,85.770,0.205535,0.120302,0.705063,0.563671,,0.899244
PDA,Pamap2 -> MHEALTH,PDAAN,6,0,42.270,,,,0.000000,,0.536746
PDA,Pamap2 -> MHEALTH,PDAAN,6,1,41.250,,,,0.000000,,0.522554
PDA,Pamap2 -> MHEALTH,PDAAN,6,2,38.915,,,,0.000000,,0.448049
PDA,Pamap2 -> MHEALTH,PDAAN,6,3,41.292,,,,0.066139,,0.529650
PDA,Pamap2 -> MHEALTH,PDAAN,6,4,42.438,,,,0.000000,,0.448049
PDA,Pamap2 -> MHEALTH,SPADA,6,0,47.060,,,,0.323376,,0.729093
PDA,Pamap2 -> MHEALTH,SPADA,6,1,46.311,,,,0.358528,,0.743538
PDA,Pamap2 -> MHEALTH,SPADA,6,2,44.334,,,,0.259054,,0.755195
PDA,Pamap2 -> MHEALTH,SPADA,6,3,45.018,,,,0.272434,,0.759503
PDA,Pamap2 -> MHEALTH,SPADA,6,4,46.594,,,,0.314350,,0.757223
PDA,Pamap2 -> MHEALTH,UDA,6,0,73.564,0.000000,0.032099,0.000000,0.054243,,0.698936
PDA,Pamap2 -> MHEALTH,UDA,6,1,74.235,0.000000,0.145062,0.000000,0.204796,,0.681956
PDA,Pamap2 -> MHEALTH,UDA,6,2,78.795,0.000000,0.216049,0.000000,0.328331,,0.722504
PDA,Pamap2 -> MHEALTH,UDA,6,3,74.980,0.000000,0.088889,0.000000,0.140562,,0.750887
PDA,Pamap2 -> MHEALTH,UDA,6,4,76.847,0.000000,0.082716,0.000000,0.132685,,0.709326
PDA,Pamap2 -> MHEALTH,OVANet,6,0,67.256,0.000000,0.000000,0.000000,0.000000,,0.801318
PDA,Pamap2 -> MHEALTH,OVANet,6,1,62.066,0.000000,0.000000,0.000000,0.000000,,0.797770
PDA,Pamap2 -> MHEALTH,OVANet,6,2,60.439,0.000000,0.000000,0.000000,0.000000,,0.819564
PDA,Pamap2 -> MHEALTH,OVANet,6,3,63.320,0.000000,0.000000,0.000000,0.000000,,0.828180
PDA,Pamap2 -> MHEALTH,OVANet,6,4,61.731,0.000000,0.000000,0.000000,0.000000,,0.828180
PDA,Pamap2 -> MHEALTH,DANCE,6,0,67.664,0.000000,0.000000,0.000000,0.000000,,0.812215
PDA,Pamap2 -> MHEALTH,DANCE,6,1,65.048,0.000000,0.000000,0.000000,0.000000,,0.832742
PDA,Pamap2 -> MHEALTH,DANCE,6,2,62.879,0.000000,0.000000,0.000000,0.000000,,0.824126
PDA,Pamap2 -> MHEALTH,DANCE,6,3,63.205,0.000000,0.000000,0.000000,0.000000,,0.822605
PDA,Pamap2 -> MHEALTH,DANCE,6,4,66.717,0.000000,0.000000,0.000000,0.000000,,0.830461
PDA,Pamap2 -> MHEALTH,PPOT,6,0,135.047,0.000000,0.000000,0.000000,0.000000,,0.534719
PDA,Pamap2 -> MHEALTH,PPOT,6,1,131.562,0.000000,0.000000,0.000000,0.000000,,0.560314
PDA,Pamap2 -> MHEALTH,PPOT,6,2,130.398,0.000000,0.000000,0.000000,0.000000,,0.560314
PDA,Pamap2 -> MHEALTH,PPOT,6,3,133.692,0.000000,0.000000,0.000000,0.000000,,0.565890
PDA,Pamap2 -> MHEALTH,PPOT,6,4,126.085,0.000000,0.000000,0.000000,0.000000,,0.582615
PDA,Pamap2 -> MHEALTH,RAINCOAT,6,0,23.813,0.000000,0.000000,0.000000,0.000000,,0.473644
PDA,Pamap2 -> MHEALTH,RAINCOAT,6,1,17.607,0.000000,0.116667,0.000000,0.164823,,0.473137
PDA,Pamap2 -> MHEALTH,RAINCOAT,6,2,25.633,0.000000,0.127160,0.000000,0.167869,,0.327167
PDA,Pamap2 -> MHEALTH,RAINCOAT,6,3,26.818,0.000000,0.119753,0.000000,0.161013,,0.303092
PDA,Pamap2 -> MHEALTH,RAINCOAT,6,4,29.761,0.000000,0.000000,0.000000,0.000000,,0.466295
PDA,Pamap2 -> MHEALTH,UniOT,6,0,383.518,0.000000,0.001235,0.000000,0.002457,,0.704511
PDA,Pamap2 -> MHEALTH,UniOT,6,1,444.555,0.000000,0.000000,0.000000,0.000000,,0.701723
PDA,Pamap2 -> MHEALTH,UniOT,6,2,238.653,0.000000,0.000000,0.000000,0.000000,,0.774962
PDA,Pamap2 -> MHEALTH,UniOT,6,3,439.583,0.000000,0.000000,0.000000,0.000000,,0.670806
PDA,Pamap2 -> MHEALTH,UniOT,6,4,382.962,0.000000,0.032716,0.000000,0.061330,,0.710846
PDA,Pamap2 -> MHEALTH,UniJDOT,6,0,831.952,0.000000,0.422222,0.000000,0.458125,,0.684997
PDA,Pamap2 -> MHEALTH,UniJDOT,6,1,788.386,0.000000,0.374691,0.000000,0.428244,,0.774455
PDA,Pamap2 -> MHEALTH,UniJDOT,6,2,770.059,0.000000,0.320370,0.000000,0.376544,,0.681196
PDA,Pamap2 -> MHEALTH,UniJDOT,6,3,688.793,0.000000,0.222840,0.000000,0.260684,,0.744551
PDA,Pamap2 -> MHEALTH,UniJDOT,6,4,652.341,0.000000,0.351235,0.000000,0.401028,,0.779777
PDA,Pamap2 -> MHEALTH,PDAAN,3,0,32.515,,,,0.000000,,0.584101
PDA,Pamap2 -> MHEALTH,PDAAN,3,1,34.692,,,,0.000000,,0.624923
PDA,Pamap2 -> MHEALTH,PDAAN,3,2,37.076,,,,0.013193,,0.536832
PDA,Pamap2 -> MHEALTH,PDAAN,3,3,31.981,,,,0.075689,,0.632597
PDA,Pamap2 -> MHEALTH,PDAAN,3,4,32.138,,,,0.001232,,0.568140
PDA,Pamap2 -> MHEALTH,SPADA,3,0,40.071,,,,0.187584,,0.788521
PDA,Pamap2 -> MHEALTH,SPADA,3,1,36.178,,,,0.257370,,0.788827
PDA,Pamap2 -> MHEALTH,SPADA,3,2,35.550,,,,0.355101,,0.810313
PDA,Pamap2 -> MHEALTH,SPADA,3,3,36.699,,,,0.185608,,0.811234
PDA,Pamap2 -> MHEALTH,SPADA,3,4,34.831,,,,0.382609,,0.812155
PDA,Pamap2 -> MHEALTH,UDA,3,0,61.288,0.000000,0.120988,0.000000,0.198784,,0.783917
PDA,Pamap2 -> MHEALTH,UDA,3,1,66.208,0.000000,0.226543,0.000000,0.319098,,0.773481
PDA,Pamap2 -> MHEALTH,UDA,3,2,61.607,0.000000,0.318519,0.000000,0.398435,,0.741866
PDA,Pamap2 -> MHEALTH,UDA,3,3,65.590,0.000000,0.127160,0.000000,0.191195,,0.790669
PDA,Pamap2 -> MHEALTH,UDA,3,4,59.223,0.000000,0.025926,0.000000,0.034613,,0.727747
PDA,Pamap2 -> MHEALTH,OVANet,3,0,54.771,0.000000,0.000000,0.000000,0.000000,,0.849294
PDA,Pamap2 -> MHEALTH,OVANet,3,1,55.979,0.000000,0.000000,0.000000,0.000000,,0.836710
PDA,Pamap2 -> MHEALTH,OVANet,3,2,53.992,0.000000,0.000000,0.000000,0.000000,,0.840086
PDA,Pamap2 -> MHEALTH,OVANet,3,3,54.725,0.000000,0.000000,0.000000,0.000000,,0.850522
PDA,Pamap2 -> MHEALTH,OVANet,3,4,54.310,0.000000,0.000000,0.000000,0.000000,,0.860037
PDA,Pamap2 -> MHEALTH,DANCE,3,0,56.132,0.000000,0.000000,0.000000,0.000000,,0.836403
PDA,Pamap2 -> MHEALTH,DANCE,3,1,57.501,0.000000,0.000000,0.000000,0.000000,,0.822897
PDA,Pamap2 -> MHEALTH,DANCE,3,2,57.540,0.000000,0.000000,0.000000,0.000000,,0.841007
PDA,Pamap2 -> MHEALTH,DANCE,3,3,59.527,0.000000,0.000000,0.000000,0.000000,,0.824432
PDA,Pamap2 -> MHEALTH,DANCE,3,4,54.814,0.000000,0.000000,0.000000,0.000000,,0.817680
PDA,Pamap2 -> MHEALTH,PPOT,3,0,121.072,0.000000,0.000000,0.000000,0.000000,,0.680479
PDA,Pamap2 -> MHEALTH,PPOT,3,1,117.507,0.000000,0.000000,0.000000,0.000000,,0.644567
PDA,Pamap2 -> MHEALTH,PPOT,3,2,130.901,0.000000,0.000000,0.000000,0.000000,,0.697667
PDA,Pamap2 -> MHEALTH,PPOT,3,3,125.333,0.000000,0.000000,0.000000,0.000000,,0.647943
PDA,Pamap2 -> MHEALTH,PPOT,3,4,119.308,0.000000,0.000000,0.000000,0.000000,,0.700737
PDA,Pamap2 -> MHEALTH,RAINCOAT,3,0,22.244,0.000000,0.143827,0.000000,0.181485,,0.530694
PDA,Pamap2 -> MHEALTH,RAINCOAT,3,1,23.895,0.000000,0.099383,0.000000,0.158789,,0.612953
PDA,Pamap2 -> MHEALTH,RAINCOAT,3,2,23.742,0.000000,0.194444,0.000000,0.235370,,0.315224
PDA,Pamap2 -> MHEALTH,RAINCOAT,3,3,22.243,0.000000,0.006173,0.000000,0.011122,,0.581031
PDA,Pamap2 -> MHEALTH,RAINCOAT,3,4,20.822,0.000000,0.000000,0.000000,0.000000,,0.430939
PDA,Pamap2 -> MHEALTH,UniOT,3,0,369.459,0.000000,0.001852,0.000000,0.003676,,0.787907
PDA,Pamap2 -> MHEALTH,UniOT,3,1,364.127,0.000000,0.029630,0.000000,0.055691,,0.802947
PDA,Pamap2 -> MHEALTH,UniOT,3,2,431.302,0.000000,0.016667,0.000000,0.031269,,0.755678
PDA,Pamap2 -> MHEALTH,UniOT,3,3,402.548,0.000000,0.000000,0.000000,0.000000,,0.695826
PDA,Pamap2 -> MHEALTH,UniOT,3,4,366.803,0.000000,0.023457,0.000000,0.041646,,0.771639
PDA,Pamap2 -> MHEALTH,UniJDOT,3,0,552.426,0.000000,0.018519,0.000000,0.021873,,0.748312
PDA,Pamap2 -> MHEALTH,UniJDOT,3,1,529.151,0.000000,0.201852,0.000000,0.256754,,0.831799
PDA,Pamap2 -> MHEALTH,UniJDOT,3,2,542.837,0.000000,0.000000,0.000000,0.000000,,0.726826
PDA,Pamap2 -> MHEALTH,UniJDOT,3,3,515.143,0.000000,0.000617,0.000000,0.001226,,0.813996
PDA,Pamap2 -> MHEALTH,UniJDOT,3,4,528.734,0.000000,0.040741,0.000000,0.059716,,0.788827
PDA,RealWorld -> MHEALTH,PDAAN,2,0,101.158,,,,0.607478,,0.818714
PDA,RealWorld -> MHEALTH,PDAAN,2,1,98.612,,,,0.452868,,0.798607
PDA,RealWorld -> MHEALTH,PDAAN,2,2,94.884,,,,0.316414,,0.776124
PDA,RealWorld -> MHEALTH,PDAAN,2,3,91.445,,,,0.776898,,0.803990
PDA,RealWorld -> MHEALTH,PDAAN,2,4,101.815,,,,0.475136,,0.806681
PDA,RealWorld -> MHEALTH,SPADA,2,0,94.711,,,,0.275077,,0.833914
PDA,RealWorld -> MHEALTH,SPADA,2,1,105.347,,,,0.061805,,0.861305
PDA,RealWorld -> MHEALTH,SPADA,2,2,93.126,,,,0.428709,,0.837714
PDA,RealWorld -> MHEALTH,SPADA,2,3,107.330,,,,0.113463,,0.859880
PDA,RealWorld -> MHEALTH,SPADA,2,4,105.075,,,,0.274474,,0.788474
PDA,RealWorld -> MHEALTH,UDA,2,0,166.082,0.000000,0.331481,0.000000,0.417790,,0.841355
PDA,RealWorld -> MHEALTH,UDA,2,1,172.395,0.000000,0.361728,0.000000,0.477263,,0.813806
PDA,RealWorld -> MHEALTH,UDA,2,2,177.499,0.000000,0.261111,0.000000,0.326619,,0.820456
PDA,RealWorld -> MHEALTH,UDA,2,3,175.966,0.000000,0.441975,0.000000,0.561699,,0.860355
PDA,RealWorld -> MHEALTH,UDA,2,4,175.686,0.000000,0.151852,0.000000,0.197650,,0.797973
PDA,RealWorld -> MHEALTH,OVANet,2,0,147.046,0.000000,0.024691,0.000000,0.044893,,0.839614
PDA,RealWorld -> MHEALTH,OVANet,2,1,148.296,0.000000,0.197531,0.000000,0.186790,,0.833597
PDA,RealWorld -> MHEALTH,OVANet,2,2,143.338,0.000000,0.026543,0.000000,0.019172,,0.808423
PDA,RealWorld -> MHEALTH,OVANet,2,3,149.656,0.000000,0.074074,0.000000,0.113960,,0.860988
PDA,RealWorld -> MHEALTH,OVANet,2,4,147.665,0.000000,0.123457,0.000000,0.139373,,0.821564
PDA,RealWorld -> MHEALTH,DANCE,2,0,151.849,0.000000,0.098148,0.000000,0.141444,,0.790057
PDA,RealWorld -> MHEALTH,DANCE,2,1,153.749,0.000000,0.007407,0.000000,0.014384,,0.839455
PDA,RealWorld -> MHEALTH,DANCE,2,2,132.451,0.000000,0.000617,0.000000,0.001120,,0.857505
PDA,RealWorld -> MHEALTH,DANCE,2,3,138.340,0.000000,0.024691,0.000000,0.044802,,0.814598
PDA,RealWorld -> MHEALTH,DANCE,2,4,134.490,0.000000,0.058025,0.000000,0.087604,,0.793699
PDA,RealWorld -> MHEALTH,PPOT,2,0,243.470,0.000000,0.199383,0.000000,0.284379,,0.811590
PDA,RealWorld -> MHEALTH,PPOT,2,1,270.138,0.000000,0.075309,0.000000,0.115541,,0.844047
PDA,RealWorld -> MHEALTH,PPOT,2,2,267.921,0.000000,0.172840,0.000000,0.219842,,0.783249
PDA,RealWorld -> MHEALTH,PPOT,2,3,246.023,0.000000,0.050000,0.000000,0.083121,,0.801298
PDA,RealWorld -> MHEALTH,PPOT,2,4,271.938,0.000000,0.118519,0.000000,0.152000,,0.850222
PDA,RealWorld -> MHEALTH,RAINCOAT,2,0,23.859,0.000000,0.321605,0.000000,0.361771,,0.452185
PDA,RealWorld -> MHEALTH,RAINCOAT,2,1,25.515,0.000000,0.374074,0.000000,0.383682,,0.433819
PDA,RealWorld -> MHEALTH,RAINCOAT,2,2,25.038,0.000000,0.328395,0.000000,0.388176,,0.536732
PDA,RealWorld -> MHEALTH,RAINCOAT,2,3,24.685,0.000000,0.280864,0.000000,0.316858,,0.487967
PDA,RealWorld -> MHEALTH,RAINCOAT,2,4,21.053,0.000000,0.289506,0.000000,0.294118,,0.519158
PDA,RealWorld -> MHEALTH,UniOT,2,0,613.596,0.000000,0.000000,0.000000,0.000000,,0.893129
PDA,RealWorld -> MHEALTH,UniOT,2,1,799.052,0.000000,0.237037,0.000000,0.272642,,0.897245
PDA,RealWorld -> MHEALTH,UniOT,2,2,521.651,0.000000,0.000000,0.000000,0.000000,,0.859563
PDA,RealWorld -> MHEALTH,UniOT,2,3,585.623,0.000000,0.000000,0.000000,0.000000,,0.856713
PDA,RealWorld -> MHEALTH,UniOT,2,4,817.064,0.000000,0.373457,0.000000,0.441214,,0.813490
PDA,RealWorld -> MHEALTH,UniJDOT,2,0,2026.421,0.000000,0.569753,0.000000,0.614078,,0.871596
PDA,RealWorld -> MHEALTH,UniJDOT,2,1,2032.053,0.000000,0.037037,0.000000,0.043865,,0.835655
PDA,RealWorld -> MHEALTH,UniJDOT,2,2,1638.924,0.000000,0.464198,0.000000,0.459468,,0.855605
PDA,RealWorld -> MHEALTH,UniJDOT,2,3,1600.631,0.000000,0.543827,0.000000,0.550481,,0.868429
PDA,RealWorld -> MHEALTH,UniJDOT,2,4,1702.737,0.000000,0.112963,0.000000,0.140954,,0.892179
UniDA,Pamap2 -> RealWorld,UDA,1,0,65.926,0.302851,0.216632,0.503072,0.319917,,0.833040
UniDA,Pamap2 -> RealWorld,UDA,1,1,61.481,0.258963,0.193782,0.390216,0.284574,,0.858348
UniDA,Pamap2 -> RealWorld,UDA,1,2,61.616,0.305151,0.230059,0.453015,0.325498,,0.848155
UniDA,Pamap2 -> RealWorld,UDA,1,3,67.557,0.318379,0.237879,0.481229,0.341535,,0.883304
UniDA,Pamap2 -> RealWorld,UDA,1,4,62.071,0.274244,0.208278,0.401365,0.304799,,0.887873
UniDA,Pamap2 -> RealWorld,OVANet,1,0,57.594,0.003568,0.001984,0.017747,0.005524,,0.902636
UniDA,Pamap2 -> RealWorld,OVANet,1,1,55.628,0.000076,0.000038,0.014107,0.001660,,0.922671
UniDA,Pamap2 -> RealWorld,OVANet,1,2,53.871,0.023310,0.029868,0.019113,0.047807,,0.927241
UniDA,Pamap2 -> RealWorld,OVANet,1,3,50.663,0.018160,0.018348,0.017975,0.031723,,0.902988
UniDA,Pamap2 -> RealWorld,OVANet,1,4,57.331,0.016401,0.009880,0.048237,0.022286,,0.899824
UniDA,Pamap2 -> RealWorld,DANCE,1,0,58.058,0.000000,0.000000,0.991126,0.036708,,0.920211
UniDA,Pamap2 -> RealWorld,DANCE,1,1,53.978,0.000000,0.000000,0.984300,0.035960,,0.912830
UniDA,Pamap2 -> RealWorld,DANCE,1,2,57.784,0.000000,0.000000,0.977702,0.035677,,0.917399
UniDA,Pamap2 -> RealWorld,DANCE,1,3,57.971,0.000000,0.000000,0.984300,0.035747,,0.914235
UniDA,Pamap2 -> RealWorld,DANCE,1,4,58.217,0.000000,0.000000,0.995222,0.036022,,0.920562
UniDA,Pamap2 -> RealWorld,PPOT,1,0,128.150,0.000076,0.000038,0.909670,0.038911,,0.851318
UniDA,Pamap2 -> RealWorld,PPOT,1,1,137.018,0.000305,0.000153,0.946075,0.038156,,0.813005
UniDA,Pamap2 -> RealWorld,PPOT,1,2,138.017,0.000000,0.000000,0.958589,0.039283,,0.879438
UniDA,Pamap2 -> RealWorld,PPOT,1,3,127.898,0.000000,0.000000,0.954949,0.041678,,0.776450
UniDA,Pamap2 -> RealWorld,PPOT,1,4,135.512,0.000000,0.000000,0.918316,0.039642,,0.860105
UniDA,Pamap2 -> RealWorld,RAINCOAT,1,0,96.571,0.026442,0.143582,0.014562,0.180171,,0.679789
UniDA,Pamap2 -> RealWorld,RAINCOAT,1,1,88.133,0.019476,0.139920,0.010466,0.176183,,0.712478
UniDA,Pamap2 -> RealWorld,RAINCOAT,1,2,90.157,0.042344,0.186039,0.023891,0.198348,,0.695606
UniDA,Pamap2 -> RealWorld,RAINCOAT,1,3,82.563,0.031695,0.098531,0.018885,0.128925,,0.662917
UniDA,Pamap2 -> RealWorld,RAINCOAT,1,4,91.927,0.040302,0.087660,0.026166,0.120513,,0.679086
UniDA,Pamap2 -> RealWorld,UniOT,1,0,342.014,0.125539,0.083235,0.255290,0.136207,,0.847452
UniDA,Pamap2 -> RealWorld,UniOT,1,1,308.465,0.003256,0.001640,0.215927,0.015163,,0.873111
UniDA,Pamap2 -> RealWorld,UniOT,1,2,348.069,0.064384,0.035323,0.363140,0.072092,,0.885413
UniDA,Pamap2 -> RealWorld,UniOT,1,3,345.663,0.119003,0.074385,0.297383,0.117154,,0.855888
UniDA,Pamap2 -> RealWorld,UniOT,1,4,348.965,0.034590,0.018348,0.301251,0.045416,,0.824253
UniDA,Pamap2 -> RealWorld,UniJDOT,1,0,496.322,0.450812,0.519092,0.398407,0.587973,,0.860457
UniDA,Pamap2 -> RealWorld,UniJDOT,1,1,509.580,0.507065,0.518367,0.496246,0.582131,,0.894903
UniDA,Pamap2 -> RealWorld,UniJDOT,1,2,520.749,0.360307,0.309098,0.431854,0.351858,,0.835501
UniDA,Pamap2 -> RealWorld,UniJDOT,1,3,536.126,0.338036,0.374785,0.307850,0.397817,,0.844640
UniDA,Pamap2 -> RealWorld,UniJDOT,1,4,519.230,0.559304,0.491436,0.648919,0.524720,,0.862917
UniDA,Pamap2 -> RealWorld,UDA,1,0,54.967,0.302851,0.216632,0.503072,0.319917,,0.833040
UniDA,Pamap2 -> RealWorld,UDA,1,1,53.246,0.258963,0.193782,0.390216,0.284574,,0.858348
UniDA,Pamap2 -> RealWorld,UDA,1,2,53.600,0.305151,0.230059,0.453015,0.325498,,0.848155
UniDA,Pamap2 -> RealWorld,UDA,1,3,53.396,0.318379,0.237879,0.481229,0.341535,,0.883304
UniDA,Pamap2 -> RealWorld,UDA,1,4,53.862,0.274244,0.208278,0.401365,0.304799,,0.887873
UniDA,Pamap2 -> RealWorld,OVANet,1,0,46.848,0.003568,0.001984,0.017747,0.005524,,0.902636
UniDA,Pamap2 -> RealWorld,OVANet,1,1,44.756,0.000076,0.000038,0.014107,0.001660,,0.922671
UniDA,Pamap2 -> RealWorld,OVANet,1,2,45.100,0.023310,0.029868,0.019113,0.047807,,0.927241
UniDA,Pamap2 -> RealWorld,OVANet,1,3,44.822,0.018160,0.018348,0.017975,0.031723,,0.902988
UniDA,Pamap2 -> RealWorld,OVANet,1,4,44.994,0.016401,0.009880,0.048237,0.022286,,0.899824
UniDA,Pamap2 -> RealWorld,DANCE,1,0,44.920,0.000000,0.000000,0.991126,0.036708,,0.920211
UniDA,Pamap2 -> RealWorld,DANCE,1,1,46.017,0.000000,0.000000,0.984300,0.035960,,0.912830
UniDA,Pamap2 -> RealWorld,DANCE,1,2,44.725,0.000000,0.000000,0.977702,0.035677,,0.917399
UniDA,Pamap2 -> RealWorld,DANCE,1,3,42.955,0.000000,0.000000,0.984300,0.035747,,0.914235
UniDA,Pamap2 -> RealWorld,DANCE,1,4,45.433,0.000000,0.000000,0.995222,0.036022,,0.920562
UniDA,Pamap2 -> RealWorld,PPOT,1,0,109.305,0.000076,0.000038,0.909670,0.038911,,0.851318
UniDA,Pamap2 -> RealWorld,PPOT,1,1,110.017,0.000305,0.000153,0.946075,0.038156,,0.813005
UniDA,Pamap2 -> RealWorld,PPOT,1,2,106.248,0.000000,0.000000,0.958589,0.039283,,0.879438
UniDA,Pamap2 -> RealWorld,PPOT,1,3,109.691,0.000000,0.000000,0.954949,0.041678,,0.776450
UniDA,Pamap2 -> RealWorld,PPOT,1,4,110.072,0.000000,0.000000,0.918316,0.039642,,0.860105
UniDA,Pamap2 -> RealWorld,RAINCOAT,1,0,81.257,0.026442,0.143582,0.014562,0.180171,,0.679789
UniDA,Pamap2 -> RealWorld,RAINCOAT,1,1,78.721,0.019476,0.139920,0.010466,0.176183,,0.712478
UniDA,Pamap2 -> RealWorld,RAINCOAT,1,2,79.611,0.042344,0.186039,0.023891,0.198348,,0.695606
UniDA,Pamap2 -> RealWorld,RAINCOAT,1,3,81.189,0.031695,0.098531,0.018885,0.128925,,0.662917
UniDA,Pamap2 -> RealWorld,RAINCOAT,1,4,78.530,0.040302,0.087660,0.026166,0.120513,,0.679086
UniDA,Pamap2 -> RealWorld,UniOT,1,0,264.027,0.125539,0.083235,0.255290,0.136207,,0.847452
UniDA,Pamap2 -> RealWorld,UniOT,1,1,226.162,0.003256,0.001640,0.215927,0.015163,,0.873111
UniDA,Pamap2 -> RealWorld,UniOT,1,2,282.609,0.064384,0.035323,0.363140,0.072092,,0.885413
UniDA,Pamap2 -> RealWorld,UniOT,1,3,277.097,0.119003,0.074385,0.297383,0.117154,,0.855888
UniDA,Pamap2 -> RealWorld,UniOT,1,4,282.977,0.034590,0.018348,0.301251,0.045416,,0.824253
UniDA,Pamap2 -> RealWorld,UniJDOT,1,0,556.990,0.450812,0.519092,0.398407,0.587973,,0.860457
UniDA,Pamap2 -> RealWorld,UniJDOT,1,1,600.042,0.507065,0.518367,0.496246,0.582131,,0.894903
UniDA,Pamap2 -> RealWorld,UniJDOT,1,2,517.023,0.360307,0.309098,0.431854,0.351858,,0.835501
UniDA,Pamap2 -> RealWorld,UniJDOT,1,3,491.131,0.338036,0.374785,0.307850,0.397817,,0.844640
UniDA,Pamap2 -> RealWorld,UniJDOT,1,4,486.670,0.559304,0.491436,0.648919,0.524720,,0.862917
PDA,RealWorld -> Pamap2,RAINCOAT,3,0,54.277,0.000000,0.215278,0.000000,0.316411,,0.379306
PDA,RealWorld -> Pamap2,RAINCOAT,3,1,50.232,0.000000,0.368056,0.000000,0.450503,,0.281711
PDA,RealWorld -> Pamap2,RAINCOAT,3,2,65.359,0.000000,0.166667,0.000000,0.253054,,0.298934
PDA,RealWorld -> Pamap2,RAINCOAT,3,3,54.928,0.000000,0.122054,0.000000,0.195543,,0.272280
PDA,RealWorld -> Pamap2,RAINCOAT,3,4,49.056,0.000000,0.321549,0.000000,0.444886,,0.382996
PDA,RealWorld -> Pamap2,PDAAN,3,0,106.103,,,,0.758630,,0.789366
PDA,RealWorld -> Pamap2,PDAAN,3,1,92.464,,,,0.762706,,0.785265
PDA,RealWorld -> Pamap2,PDAAN,3,2,103.821,,,,0.780504,,0.814789
PDA,RealWorld -> Pamap2,PDAAN,3,3,98.072,,,,0.781929,,0.794150
PDA,RealWorld -> Pamap2,PDAAN,3,4,100.662,,,,0.756615,,0.779524
PDA,RealWorld -> Pamap2,SPADA,3,0,119.485,,,,0.779113,,0.804265
PDA,RealWorld -> Pamap2,SPADA,3,1,111.233,,,,0.763091,,0.810962
PDA,RealWorld -> Pamap2,SPADA,3,2,120.397,,,,0.810134,,0.803308
PDA,RealWorld -> Pamap2,SPADA,3,3,111.140,,,,0.779375,,0.839803
PDA,RealWorld -> Pamap2,SPADA,3,4,117.660,,,,0.763123,,0.823127
PDA,RealWorld -> Pamap2,UDA,3,0,178.897,0.000000,0.336069,0.000000,0.438236,,0.828322
PDA,RealWorld -> Pamap2,UDA,3,1,175.860,0.000000,0.403409,0.000000,0.519239,,0.812192
PDA,RealWorld -> Pamap2,UDA,3,2,178.034,0.000000,0.471380,0.000000,0.604804,,0.822581
PDA,RealWorld -> Pamap2,UDA,3,3,179.937,0.000000,0.460227,0.000000,0.577308,,0.760115
PDA,RealWorld -> Pamap2,OVANet,3,0,151.541,0.000000,0.130051,0.000000,0.056872,,0.829552
PDA,RealWorld -> Pamap2,OVANet,3,1,156.276,0.000000,0.205808,0.000000,0.177000,,0.836113
PDA,RealWorld -> Pamap2,OVANet,3,2,156.834,0.000000,0.020833,0.000000,0.035471,,0.813833
PDA,RealWorld -> Pamap2,OVANet,3,3,167.137,0.000000,0.095118,0.000000,0.110364,,0.827775
PDA,RealWorld -> Pamap2,OVANet,3,4,168.985,0.000000,0.130051,0.000000,0.111966,,0.835976
PDA,RealWorld -> Pamap2,DANCE,3,0,177.672,0.000000,0.016835,0.000000,0.032194,,0.821624
PDA,RealWorld -> Pamap2,DANCE,3,1,176.130,0.000000,0.000000,0.000000,0.000000,,0.136550
PDA,RealWorld -> Pamap2,DANCE,3,2,170.068,0.000000,0.091540,0.000000,0.147225,,0.811919
PDA,RealWorld -> Pamap2,DANCE,3,3,179.748,0.000000,0.052820,0.000000,0.096389,,0.817387
PDA,RealWorld -> Pamap2,DANCE,3,4,169.769,0.000000,0.000000,0.000000,0.000000,,0.136550
PDA,RealWorld -> Pamap2,PPOT,3,0,368.731,0.000000,0.260101,0.000000,0.381626,,0.789092
PDA,RealWorld -> Pamap2,PPOT,3,1,351.136,0.000000,0.187921,0.000000,0.263920,,0.804128
PDA,RealWorld -> Pamap2,PPOT,3,2,367.305,0.000000,0.296086,0.000000,0.408481,,0.808502
PDA,RealWorld -> Pamap2,PPOT,3,3,362.059,0.000000,0.251684,0.000000,0.381593,,0.828048
PDA,RealWorld -> Pamap2,PPOT,3,4,376.214,0.000000,0.326178,0.000000,0.448139,,0.819984
PDA,RealWorld -> Pamap2,UniOT,3,0,1248.752,0.000000,0.388047,0.000000,0.515228,,0.810826
PDA,RealWorld -> Pamap2,UniOT,3,1,730.682,0.000000,0.000000,0.000000,0.000000,,0.839803
PDA,RealWorld -> Pamap2,UniOT,3,2,1301.161,0.000000,0.285774,0.000000,0.340491,,0.791416
PDA,RealWorld -> Pamap2,UniOT,3,3,1252.435,0.000000,0.446970,0.000000,0.564765,,0.810279
PDA,RealWorld -> Pamap2,UniOT,3,4,1283.497,0.000000,0.318182,0.000000,0.374488,,0.837753
PDA,RealWorld -> Pamap2,UniJDOT,3,0,2056.878,0.000000,0.390993,0.000000,0.444891,,0.828595
PDA,RealWorld -> Pamap2,UniJDOT,3,1,2037.746,0.000000,0.380261,0.000000,0.433815,,0.836113
PDA,RealWorld -> Pamap2,UniJDOT,3,2,1930.885,0.000000,0.402146,0.000000,0.479643,,0.833379
PDA,RealWorld -> Pamap2,UniJDOT,3,3,2086.062,0.000000,0.404672,0.000000,0.478963,,0.819710
PDA,RealWorld -> Pamap2,UniJDOT,3,4,2380.803,0.000000,0.436237,0.000000,0.527326,,0.817523
OSDA,MHEALTH -> Pamap2,OSBP,8,0,11.336,0.295711,0.632794,0.192936,0.316274,,0.972222
OSDA,MHEALTH -> Pamap2,OSBP,8,1,10.351,0.304788,0.546504,0.211321,0.329744,,0.987654
OSDA,MHEALTH -> Pamap2,OSBP,8,2,8.940,0.296424,0.653160,0.191715,0.314783,,0.993827
OSDA,MHEALTH -> Pamap2,OSBP,8,3,9.474,0.372043,0.658199,0.259307,0.389715,,0.990741
OSDA,MHEALTH -> Pamap2,OSBP,8,4,9.118,0.312981,0.649801,0.206134,0.334294,,0.984568
OSDA,MHEALTH -> Pamap2,TSFA,8,0,22.979,0.301466,0.397439,0.242829,0.321411,,0.996914
OSDA,MHEALTH -> Pamap2,TSFA,8,1,22.369,0.302930,0.414655,0.238633,0.319852,,1.000000
OSDA,MHEALTH -> Pamap2,TSFA,8,2,22.611,0.314656,0.446567,0.242905,0.337972,,0.993827
OSDA,MHEALTH -> Pamap2,TSFA,8,3,22.480,0.304377,0.423473,0.237565,0.320559,,0.993827
OSDA,MHEALTH -> Pamap2,TSFA,8,4,22.008,0.287710,0.389041,0.228258,0.304863,,0.993827
OSDA,MHEALTH -> Pamap2,UDA,8,0,11.331,0.368764,0.356498,0.381904,0.428158,,0.956790
OSDA,MHEALTH -> Pamap2,UDA,8,1,11.329,0.400102,0.412975,0.388007,0.438203,,0.996914
OSDA,MHEALTH -> Pamap2,UDA,8,2,11.080,0.362444,0.370985,0.354287,0.412982,,1.000000
OSDA,MHEALTH -> Pamap2,UDA,8,3,11.092,0.440241,0.523620,0.379768,0.455998,,0.981481
OSDA,MHEALTH -> Pamap2,UDA,8,4,10.636,0.399492,0.449297,0.359628,0.433579,,0.990741
OSDA,MHEALTH -> Pamap2,OVANet,8,0,11.599,0.323480,0.725803,0.208117,0.345279,,0.996914
OSDA,MHEALTH -> Pamap2,OVANet,8,1,10.951,0.318026,0.305690,0.331401,0.383780,,0.993827
OSDA,MHEALTH -> Pamap2,OVANet,8,2,10.017,0.380631,0.687802,0.263122,0.392674,,0.996914
OSDA,MHEALTH -> Pamap2,OVANet,8,3,11.209,0.401817,0.477850,0.346659,0.444899,,0.996914
OSDA,MHEALTH -> Pamap2,OVANet,8,4,10.141,0.170922,0.470292,0.104440,0.196535,,0.996914
OSDA,MHEALTH -> Pamap2,DANCE,8,0,10.974,0.000000,0.000000,1.000000,0.620707,,0.996914
OSDA,MHEALTH -> Pamap2,DANCE,8,1,11.386,0.000000,0.000000,1.000000,0.620707,,0.993827
OSDA,MHEALTH -> Pamap2,DANCE,8,2,10.805,0.000000,0.000000,1.000000,0.620707,,0.996914
OSDA,MHEALTH -> Pamap2,DANCE,8,3,10.835,0.000000,0.000000,1.000000,0.620707,,0.993827
OSDA,MHEALTH -> Pamap2,DANCE,8,4,10.916,0.000000,0.000000,1.000000,0.620707,,0.996914
OSDA,MHEALTH -> Pamap2,PPOT,8,0,34.323,0.000000,0.000000,1.000000,0.620707,,0.990741
OSDA,MHEALTH -> Pamap2,PPOT,8,1,32.116,0.000000,0.000000,1.000000,0.620707,,0.975309
OSDA,MHEALTH -> Pamap2,PPOT,8,2,34.136,0.000000,0.000000,1.000000,0.620707,,0.990741
OSDA,MHEALTH -> Pamap2,PPOT,8,3,34.032,0.000000,0.000000,1.000000,0.620707,,0.987654
OSDA,MHEALTH -> Pamap2,PPOT,8,4,34.535,0.000000,0.000000,1.000000,0.620707,,0.993827
OSDA,MHEALTH -> Pamap2,RAINCOAT,8,0,18.363,0.157213,0.135419,0.187367,0.227599,,0.753086
OSDA,MHEALTH -> Pamap2,RAINCOAT,8,1,20.993,0.159604,0.122612,0.228563,0.280059,,0.740741
OSDA,MHEALTH -> Pamap2,RAINCOAT,8,2,18.366,0.156512,0.152845,0.160360,0.203247,,0.817901
OSDA,MHEALTH -> Pamap2,RAINCOAT,8,3,28.936,0.200534,0.128910,0.451251,0.440746,,0.898148
OSDA,MHEALTH -> Pamap2,RAINCOAT,8,4,39.208,0.167783,0.124081,0.259002,0.283460,,0.750000
OSDA,MHEALTH -> Pamap2,UniOT,8,0,52.928,0.324617,0.211841,0.694156,0.572779,,1.000000
OSDA,MHEALTH -> Pamap2,UniOT,8,1,52.880,0.333143,0.218770,0.698123,0.576718,,1.000000
OSDA,MHEALTH -> Pamap2,UniOT,8,2,50.939,0.297689,0.198614,0.593988,0.536062,,1.000000
OSDA,MHEALTH -> Pamap2,UniOT,8,3,51.732,0.256185,0.155574,0.725130,0.572938,,0.996914
OSDA,MHEALTH -> Pamap2,UniOT,8,4,52.561,0.442339,0.383582,0.522353,0.507216,,1.000000
OSDA,MHEALTH -> Pamap2,UniJDOT,8,0,100.515,0.255560,0.195465,0.369011,0.398280,,1.000000
OSDA,MHEALTH -> Pamap2,UniJDOT,8,1,97.886,0.332220,0.327315,0.337275,0.391574,,0.993827
OSDA,MHEALTH -> Pamap2,UniJDOT,8,2,105.865,0.206453,0.173630,0.254577,0.307071,,0.996914
OSDA,MHEALTH -> Pamap2,UniJDOT,8,3,106.396,0.356319,0.313038,0.413488,0.434255,,0.966049
OSDA,MHEALTH -> Pamap2,UniJDOT,8,4,81.633,0.229668,0.191056,0.287840,0.341512,,1.000000
PDA,Pamap2 -> MHEALTH,PDAAN,9,0,61.395,,,,0.001232,,0.412194
PDA,Pamap2 -> MHEALTH,PDAAN,9,1,56.015,,,,0.001232,,0.402920
PDA,Pamap2 -> MHEALTH,PDAAN,9,2,49.663,,,,0.100457,,0.466654
PDA,Pamap2 -> MHEALTH,PDAAN,9,3,52.006,,,,0.000000,,0.471389
PDA,Pamap2 -> MHEALTH,PDAAN,9,4,58.601,,,,0.018993,,0.457577
PDA,Pamap2 -> MHEALTH,SPADA,9,0,61.438,,,,0.278771,,0.695738
PDA,Pamap2 -> MHEALTH,SPADA,9,1,58.821,,,,0.209518,,0.635162
PDA,Pamap2 -> MHEALTH,SPADA,9,2,53.301,,,,0.279393,,0.712313
PDA,Pamap2 -> MHEALTH,SPADA,9,3,58.654,,,,0.191371,,0.688240
PDA,Pamap2 -> MHEALTH,SPADA,9,4,56.778,,,,0.137191,,0.694357
PDA,Pamap2 -> MHEALTH,UDA,9,0,93.708,0.000000,0.083333,0.000000,0.139617,,0.646803
PDA,Pamap2 -> MHEALTH,UDA,9,1,97.954,0.000000,0.037654,0.000000,0.067285,,0.684096
PDA,Pamap2 -> MHEALTH,UDA,9,2,96.156,0.000000,0.008025,0.000000,0.014529,,0.644436
PDA,Pamap2 -> MHEALTH,UDA,9,3,98.553,0.000000,0.119136,0.000000,0.206911,,0.645817
PDA,Pamap2 -> MHEALTH,UDA,9,4,96.629,0.000000,0.112963,0.000000,0.191229,,0.667324
PDA,Pamap2 -> MHEALTH,OVANet,9,0,82.404,0.000000,0.000000,0.000000,0.000000,,0.756709
PDA,Pamap2 -> MHEALTH,OVANet,9,1,79.841,0.000000,0.000000,0.000000,0.000000,,0.754538
PDA,Pamap2 -> MHEALTH,OVANet,9,2,80.492,0.000000,0.000000,0.000000,0.000000,,0.768745
PDA,Pamap2 -> MHEALTH,OVANet,9,3,81.244,0.000000,0.000000,0.000000,0.000000,,0.765391
PDA,Pamap2 -> MHEALTH,OVANet,9,4,84.992,0.000000,0.000000,0.000000,0.000000,,0.779400
PDA,Pamap2 -> MHEALTH,DANCE,9,0,84.875,0.000000,0.000000,0.000000,0.000000,,0.797356
PDA,Pamap2 -> MHEALTH,DANCE,9,1,79.190,0.000000,0.000000,0.000000,0.000000,,0.792620
PDA,Pamap2 -> MHEALTH,DANCE,9,2,79.713,0.000000,0.000000,0.000000,0.000000,,0.789661
PDA,Pamap2 -> MHEALTH,DANCE,9,3,80.192,0.000000,0.000000,0.000000,0.000000,,0.783149
PDA,Pamap2 -> MHEALTH,DANCE,9,4,82.936,0.000000,0.000000,0.000000,0.000000,,0.783741
PDA,Pamap2 -> MHEALTH,PPOT,9,0,170.777,0.000000,0.000000,0.000000,0.000000,,0.467837
PDA,Pamap2 -> MHEALTH,PPOT,9,1,183.662,0.000000,0.000000,0.000000,0.000000,,0.429755
PDA,Pamap2 -> MHEALTH,PPOT,9,2,171.254,0.000000,0.024691,0.000000,0.035497,,0.528611
PDA,Pamap2 -> MHEALTH,PPOT,9,3,159.871,0.000000,0.009877,0.000000,0.019009,,0.498816
PDA,Pamap2 -> MHEALTH,PPOT,9,4,180.700,0.000000,0.148148,0.000000,0.186726,,0.499408
PDA,Pamap2 -> MHEALTH,RAINCOAT,9,0,21.503,0.000000,0.008025,0.000000,0.015544,,0.235399
PDA,Pamap2 -> MHEALTH,RAINCOAT,9,1,24.651,0.000000,0.024691,0.000000,0.044586,,0.342344
PDA,Pamap2 -> MHEALTH,RAINCOAT,9,2,20.824,0.000000,0.184568,0.000000,0.211236,,0.425809
PDA,Pamap2 -> MHEALTH,RAINCOAT,9,3,27.690,0.000000,0.198765,0.000000,0.208678,,0.383978
PDA,Pamap2 -> MHEALTH,RAINCOAT,9,4,24.394,0.000000,0.049383,0.000000,0.082339,,0.334254
PDA,Pamap2 -> MHEALTH,UniOT,9,0,548.116,0.000000,0.000000,0.000000,0.000000,,0.677585
PDA,Pamap2 -> MHEALTH,UniOT,9,1,356.634,0.000000,0.000000,0.000000,0.000000,,0.686267
PDA,Pamap2 -> MHEALTH,UniOT,9,2,406.739,0.000000,0.000000,0.000000,0.000000,,0.656867
PDA,Pamap2 -> MHEALTH,UniOT,9,3,356.671,0.000000,0.000000,0.000000,0.000000,,0.681137
PDA,Pamap2 -> MHEALTH,UniOT,9,4,524.335,0.000000,0.001852,0.000000,0.003676,,0.675414
PDA,Pamap2 -> MHEALTH,UniJDOT,9,0,992.485,0.000000,0.473457,0.000000,0.569629,,0.705604
PDA,Pamap2 -> MHEALTH,UniJDOT,9,1,1248.967,0.000000,0.124691,0.000000,0.198762,,0.692581
PDA,Pamap2 -> MHEALTH,UniJDOT,9,2,1281.579,0.000000,0.257407,0.000000,0.315614,,0.691594
PDA,Pamap2 -> MHEALTH,UniJDOT,9,3,1229.377,0.000000,0.201235,0.000000,0.252890,,0.716851
PDA,Pamap2 -> MHEALTH,UniJDOT,9,4,1215.472,0.000000,0.000000,0.000000,0.000000,,0.668706
UniDA,Pamap2 -> MHEALTH,UDA,6,0,57.364,0.248249,0.165851,0.493359,0.408845,,0.708312
UniDA,Pamap2 -> MHEALTH,UDA,6,1,56.195,0.357363,0.332925,0.385674,0.431333,,0.775722
UniDA,Pamap2 -> MHEALTH,UDA,6,2,55.932,0.169368,0.110771,0.359583,0.315366,,0.697922
UniDA,Pamap2 -> MHEALTH,UDA,6,3,55.412,0.253662,0.186047,0.398482,0.388156,,0.742271
UniDA,Pamap2 -> MHEALTH,UDA,6,4,57.399,0.192438,0.123623,0.434061,0.355692,,0.709579
UniDA,Pamap2 -> MHEALTH,OVANet,6,0,42.847,0.000000,0.000000,0.567837,0.331276,,0.811961
UniDA,Pamap2 -> MHEALTH,OVANet,6,1,46.023,0.000000,0.000000,0.361954,0.233664,,0.817537
UniDA,Pamap2 -> MHEALTH,OVANet,6,2,46.042,0.000000,0.000000,0.620019,0.337898,,0.816523
UniDA,Pamap2 -> MHEALTH,OVANet,6,3,45.153,0.000000,0.000000,0.364801,0.216548,,0.835023
UniDA,Pamap2 -> MHEALTH,OVANet,6,4,45.165,0.000000,0.000000,0.644213,0.351728,,0.818804
UniDA,Pamap2 -> MHEALTH,DANCE,6,0,48.108,0.000000,0.000000,1.000000,0.405986,,0.825139
UniDA,Pamap2 -> MHEALTH,DANCE,6,1,47.819,0.000000,0.000000,1.000000,0.405986,,0.831728
UniDA,Pamap2 -> MHEALTH,DANCE,6,2,46.557,0.000000,0.000000,1.000000,0.405986,,0.814242
UniDA,Pamap2 -> MHEALTH,DANCE,6,3,46.655,0.000000,0.000000,1.000000,0.405986,,0.815003
UniDA,Pamap2 -> MHEALTH,DANCE,6,4,47.911,0.000000,0.000000,1.000000,0.405986,,0.826660
UniDA,Pamap2 -> MHEALTH,PPOT,6,0,84.832,0.000000,0.000000,0.713947,0.352597,,0.576533
UniDA,Pamap2 -> MHEALTH,PPOT,6,1,79.390,0.000000,0.000000,0.623814,0.313494,,0.527876
UniDA,Pamap2 -> MHEALTH,PPOT,6,2,76.621,0.000000,0.000000,0.743359,0.369195,,0.576280
UniDA,Pamap2 -> MHEALTH,PPOT,6,3,77.566,0.000000,0.000000,0.632827,0.322113,,0.563102
UniDA,Pamap2 -> MHEALTH,PPOT,6,4,79.311,0.000000,0.000000,0.745731,0.365633,,0.569944
UniDA,Pamap2 -> MHEALTH,RAINCOAT,6,0,31.548,0.041754,0.025092,0.124288,0.113423,,0.292195
UniDA,Pamap2 -> MHEALTH,RAINCOAT,6,1,33.196,0.209810,0.166463,0.283681,0.287821,,0.340598
UniDA,Pamap2 -> MHEALTH,RAINCOAT,6,2,35.437,0.072892,0.046512,0.168406,0.162895,,0.222250
UniDA,Pamap2 -> MHEALTH,RAINCOAT,6,3,36.117,0.263822,0.231334,0.306926,0.309835,,0.382159
UniDA,Pamap2 -> MHEALTH,RAINCOAT,6,4,35.666,0.097507,0.059364,0.272770,0.212527,,0.423213
UniDA,Pamap2 -> MHEALTH,UniOT,6,0,304.452,0.001223,0.000612,0.696869,0.368901,,0.705271
UniDA,Pamap2 -> MHEALTH,UniOT,6,1,302.943,0.024042,0.012240,0.671727,0.376902,,0.643436
UniDA,Pamap2 -> MHEALTH,UniOT,6,2,153.126,0.000000,0.000000,1.000000,0.405986,,0.773441
UniDA,Pamap2 -> MHEALTH,UniOT,6,3,225.880,0.002443,0.001224,0.561195,0.317492,,0.712367
UniDA,Pamap2 -> MHEALTH,UniOT,6,4,244.147,0.001222,0.000612,0.430740,0.259258,,0.760517
UniDA,Pamap2 -> MHEALTH,UniJDOT,6,0,467.187,0.313556,0.215422,0.575901,0.442617,,0.807400
UniDA,Pamap2 -> MHEALTH,UniJDOT,6,1,465.077,0.091122,0.050796,0.442125,0.267778,,0.752407
UniDA,Pamap2 -> MHEALTH,UniJDOT,6,2,433.991,0.048956,0.025704,0.513283,0.306901,,0.794729
UniDA,Pamap2 -> MHEALTH,UniJDOT,6,3,464.950,0.280978,0.211750,0.417457,0.363037,,0.711353
UniDA,Pamap2 -> MHEALTH,UniJDOT,6,4,462.613,0.089069,0.050184,0.395636,0.269145,,0.749620
OSDA,MHEALTH -> Pamap2,OSBP,7,0,12.069,0.146600,0.187487,0.120354,0.162039,,0.996914
OSDA,MHEALTH -> Pamap2,OSBP,7,1,10.859,0.289941,0.471132,0.209406,0.316666,,0.990741
OSDA,MHEALTH -> Pamap2,OSBP,7,2,11.500,0.368754,0.781230,0.241333,0.392386,,0.864198
OSDA,MHEALTH -> Pamap2,OSBP,7,3,10.752,0.412816,0.626076,0.307927,0.433695,,0.978395
OSDA,MHEALTH -> Pamap2,OSBP,7,4,10.964,0.320873,0.500315,0.236169,0.347375,,0.972222
OSDA,MHEALTH -> Pamap2,TSFA,7,0,27.048,0.302775,0.396179,0.245011,0.322834,,1.000000
OSDA,MHEALTH -> Pamap2,TSFA,7,1,25.232,0.313476,0.426202,0.247907,0.331058,,1.000000
OSDA,MHEALTH -> Pamap2,TSFA,7,2,24.394,0.315238,0.438379,0.246107,0.330991,,0.996914
OSDA,MHEALTH -> Pamap2,TSFA,7,3,23.484,0.288049,0.376443,0.233273,0.307789,,0.996914
OSDA,MHEALTH -> Pamap2,TSFA,7,4,23.243,0.298408,0.388201,0.242351,0.319037,,0.990741
OSDA,MHEALTH -> Pamap2,UDA,7,0,12.418,0.404501,0.420743,0.389467,0.440821,,0.962963
OSDA,MHEALTH -> Pamap2,UDA,7,1,11.136,0.371731,0.369515,0.373973,0.420385,,0.996914
OSDA,MHEALTH -> Pamap2,UDA,7,2,13.484,0.376502,0.360487,0.394006,0.430669,,0.993827
OSDA,MHEALTH -> Pamap2,UDA,7,3,12.044,0.341352,0.323746,0.360983,0.401528,,0.993827
OSDA,MHEALTH -> Pamap2,UDA,7,4,11.925,0.257462,0.188537,0.405822,0.416681,,0.993827
OSDA,MHEALTH -> Pamap2,OVANet,7,0,11.882,0.327902,0.739450,0.210658,0.351806,,0.996914
OSDA,MHEALTH -> Pamap2,OVANet,7,1,11.525,0.318348,0.293303,0.348071,0.390397,,0.996914
OSDA,MHEALTH -> Pamap2,OVANet,7,2,11.887,0.367267,0.697040,0.249315,0.381474,,0.996914
OSDA,MHEALTH -> Pamap2,OVANet,7,3,11.661,0.401142,0.476380,0.346428,0.444585,,0.996914
OSDA,MHEALTH -> Pamap2,OVANet,7,4,11.724,0.179958,0.467353,0.111433,0.205074,,0.996914
OSDA,MHEALTH -> Pamap2,DANCE,7,0,11.040,0.000000,0.000000,1.000000,0.614046,,0.996914
OSDA,MHEALTH -> Pamap2,DANCE,7,1,12.026,0.000000,0.000000,1.000000,0.614046,,0.993827
OSDA,MHEALTH -> Pamap2,DANCE,7,2,12.083,0.000000,0.000000,1.000000,0.614046,,0.996914
OSDA,MHEALTH -> Pamap2,DANCE,7,3,11.026,0.000000,0.000000,1.000000,0.614046,,0.990741
OSDA,MHEALTH -> Pamap2,DANCE,7,4,12.298,0.000000,0.000000,1.000000,0.614046,,0.996914
OSDA,MHEALTH -> Pamap2,PPOT,7,0,35.581,0.000000,0.000000,1.000000,0.614046,,0.984568
OSDA,MHEALTH -> Pamap2,PPOT,7,1,36.232,0.000000,0.000000,1.000000,0.614046,,0.984568
OSDA,MHEALTH -> Pamap2,PPOT,7,2,38.595,0.000000,0.000000,1.000000,0.614046,,0.990741
OSDA,MHEALTH -> Pamap2,PPOT,7,3,35.829,0.000000,0.000000,1.000000,0.614046,,0.981481
OSDA,MHEALTH -> Pamap2,PPOT,7,4,35.679,0.000000,0.000000,1.000000,0.614046,,0.993827
OSDA,MHEALTH -> Pamap2,RAINCOAT,7,0,25.239,0.178162,0.146126,0.228187,0.262354,,0.750000
OSDA,MHEALTH -> Pamap2,RAINCOAT,7,1,20.078,0.133779,0.144447,0.124579,0.153704,,0.768519
OSDA,MHEALTH -> Pamap2,RAINCOAT,7,2,17.903,0.156145,0.139198,0.177792,0.219063,,0.759259
OSDA,MHEALTH -> Pamap2,RAINCOAT,7,3,17.777,0.178693,0.148856,0.223492,0.249844,,0.746914
OSDA,MHEALTH -> Pamap2,RAINCOAT,7,4,18.192,0.136109,0.134159,0.138117,0.183713,,0.750000
OSDA,MHEALTH -> Pamap2,UniOT,7,0,47.334,0.312423,0.208272,0.624932,0.547801,,1.000000
OSDA,MHEALTH -> Pamap2,UniOT,7,1,47.340,0.372940,0.276506,0.572658,0.516786,,1.000000
OSDA,MHEALTH -> Pamap2,UniOT,7,2,63.849,0.437533,0.338022,0.620080,0.561556,,1.000000
OSDA,MHEALTH -> Pamap2,UniOT,7,3,49.326,0.291240,0.189796,0.625636,0.524174,,0.996914
OSDA,MHEALTH -> Pamap2,UniOT,7,4,47.641,0.273457,0.171950,0.667501,0.537053,,0.996914
OSDA,MHEALTH -> Pamap2,UniJDOT,7,0,77.465,0.327939,0.345790,0.311840,0.383382,,0.891975
OSDA,MHEALTH -> Pamap2,UniJDOT,7,1,89.549,0.288756,0.238505,0.365835,0.401254,,0.873457
OSDA,MHEALTH -> Pamap2,UniJDOT,7,2,83.378,0.140175,0.086920,0.361922,0.368981,,0.996914
OSDA,MHEALTH -> Pamap2,UniJDOT,7,3,85.709,0.379230,0.335293,0.436419,0.449643,,0.996914
OSDA,MHEALTH -> Pamap2,UniJDOT,7,4,84.195,0.200424,0.161663,0.263636,0.313724,,0.996914
OSDA,Pamap2 -> MHEALTH,OSBP,2,0,22.633,0.009929,0.459177,0.005019,0.233469,,0.975069
OSDA,Pamap2 -> MHEALTH,OSBP,2,1,23.811,0.002501,0.395335,0.001255,0.211561,,0.984303
OSDA,Pamap2 -> MHEALTH,OSBP,2,2,18.970,0.000000,0.577041,0.000000,0.312083,,0.978763
OSDA,Pamap2 -> MHEALTH,OSBP,2,3,19.194,0.184146,0.124616,0.352572,0.193312,,0.958449
OSDA,Pamap2 -> MHEALTH,OSBP,2,4,19.597,0.000000,0.396562,0.000000,0.228382,,0.975993
OSDA,Pamap2 -> MHEALTH,TSFA,2,0,49.319,0.326117,0.633518,0.219573,0.501877,,0.979686
OSDA,Pamap2 -> MHEALTH,TSFA,2,1,50.021,0.316863,0.482505,0.235885,0.375996,,0.987073
OSDA,Pamap2 -> MHEALTH,TSFA,2,2,48.826,0.238051,0.353591,0.179423,0.250269,,0.982456
OSDA,Pamap2 -> MHEALTH,TSFA,2,3,51.795,0.348762,0.405157,0.306148,0.332844,,0.982456
OSDA,Pamap2 -> MHEALTH,TSFA,2,4,47.199,0.296644,0.493554,0.212045,0.345298,,0.979686
OSDA,Pamap2 -> MHEALTH,UDA,2,0,27.649,0.260518,0.218539,0.322459,0.266419,,0.975993
OSDA,Pamap2 -> MHEALTH,UDA,2,1,25.431,0.194769,0.299570,0.144291,0.247718,,0.975069
OSDA,Pamap2 -> MHEALTH,UDA,2,2,24.493,0.233304,0.234500,0.232120,0.254576,,0.967682
OSDA,Pamap2 -> MHEALTH,UDA,2,3,25.073,0.201170,0.160835,0.268507,0.209503,,0.976916
OSDA,Pamap2 -> MHEALTH,UDA,2,4,25.473,0.382473,0.347452,0.425345,0.386700,,0.983379
OSDA,Pamap2 -> MHEALTH,OVANet,2,0,19.458,0.030772,0.271332,0.016311,0.089203,,0.985226
OSDA,Pamap2 -> MHEALTH,OVANet,2,1,21.244,0.033079,0.282996,0.017566,0.102754,,0.979686
OSDA,Pamap2 -> MHEALTH,OVANet,2,2,20.571,0.028560,0.276857,0.015056,0.094997,,0.980609
OSDA,Pamap2 -> MHEALTH,OVANet,2,3,20.627,0.028413,0.251688,0.015056,0.063982,,0.984303
OSDA,Pamap2 -> MHEALTH,OVANet,2,4,20.961,0.031591,0.499693,0.016311,0.262955,,0.980609
OSDA,Pamap2 -> MHEALTH,DANCE,2,0,19.275,0.000000,0.000000,1.000000,0.162478,,0.976916
OSDA,Pamap2 -> MHEALTH,DANCE,2,1,19.784,0.000000,0.000000,1.000000,0.162478,,0.979686
OSDA,Pamap2 -> MHEALTH,DANCE,2,2,19.481,0.000000,0.000000,1.000000,0.162478,,0.971376
OSDA,Pamap2 -> MHEALTH,DANCE,2,3,19.446,0.000000,0.000000,1.000000,0.162478,,0.975993
OSDA,Pamap2 -> MHEALTH,DANCE,2,4,20.948,0.000000,0.000000,1.000000,0.162478,,0.981533
OSDA,Pamap2 -> MHEALTH,PPOT,2,0,36.632,0.000000,0.000000,1.000000,0.162478,,0.974146
OSDA,Pamap2 -> MHEALTH,PPOT,2,1,35.834,0.092345,0.048496,0.963614,0.212127,,0.974146
OSDA,Pamap2 -> MHEALTH,PPOT,2,2,40.579,0.000000,0.000000,1.000000,0.162478,,0.978763
OSDA,Pamap2 -> MHEALTH,PPOT,2,3,38.366,0.049064,0.025169,0.969887,0.189836,,0.978763
OSDA,Pamap2 -> MHEALTH,PPOT,2,4,39.738,0.000000,0.000000,1.000000,0.162478,,0.975069
OSDA,Pamap2 -> MHEALTH,RAINCOAT,2,0,35.472,0.289452,0.243708,0.356336,0.242454,,0.822715
OSDA,Pamap2 -> MHEALTH,RAINCOAT,2,1,33.880,0.078116,0.246163,0.046424,0.165629,,0.885503
OSDA,Pamap2 -> MHEALTH,RAINCOAT,2,2,32.127,0.281321,0.222836,0.381430,0.276676,,0.643583
OSDA,Pamap2 -> MHEALTH,RAINCOAT,2,3,27.935,0.164879,0.115408,0.288582,0.177565,,0.875346
OSDA,Pamap2 -> MHEALTH,RAINCOAT,2,4,27.030,0.032976,0.017802,0.223338,0.074991,,0.805171
OSDA,Pamap2 -> MHEALTH,UniOT,2,0,129.970,0.549926,0.381829,0.982434,0.521588,,0.983379
OSDA,Pamap2 -> MHEALTH,UniOT,2,1,151.790,0.292824,0.176796,0.851945,0.334241,,0.977839
OSDA,Pamap2 -> MHEALTH,UniOT,2,2,124.505,0.355059,0.218539,0.946048,0.383572,,0.971376
OSDA,Pamap2 -> MHEALTH,UniOT,2,3,125.087,0.322225,0.198281,0.859473,0.351314,,0.978763
OSDA,Pamap2 -> MHEALTH,UniOT,2,4,124.448,0.252832,0.148557,0.848181,0.283716,,0.981533
OSDA,Pamap2 -> MHEALTH,UniJDOT,2,0,185.230,0.381770,0.312462,0.490590,0.383719,,0.981533
OSDA,Pamap2 -> MHEALTH,UniJDOT,2,1,198.108,0.518213,0.356661,0.947302,0.487017,,0.976916
OSDA,Pamap2 -> MHEALTH,UniJDOT,2,2,226.739,0.139429,0.077348,0.706399,0.253397,,0.975069
OSDA,Pamap2 -> MHEALTH,UniJDOT,2,3,210.377,0.767428,0.628606,0.984944,0.690481,,0.984303
OSDA,Pamap2 -> MHEALTH,UniJDOT,2,4,192.396,0.545518,0.383671,0.943538,0.522577,,0.976916
UniDA,Pamap2 -> MHEALTH,UDA,2,0,63.404,0.179972,0.135666,0.267252,0.203097,,0.829421
UniDA,Pamap2 -> MHEALTH,UDA,2,1,64.708,0.235442,0.190301,0.308657,0.254253,,0.771570
UniDA,Pamap2 -> MHEALTH,UDA,2,2,73.343,0.097445,0.058318,0.296110,0.157258,,0.760331
UniDA,Pamap2 -> MHEALTH,UDA,2,3,63.777,0.165109,0.118478,0.272271,0.212632,,0.752066
UniDA,Pamap2 -> MHEALTH,UDA,2,4,60.047,0.303661,0.251688,0.382685,0.357421,,0.754050
UniDA,Pamap2 -> MHEALTH,OVANet,2,0,54.904,0.000000,0.000000,0.010038,0.004344,,0.877355
UniDA,Pamap2 -> MHEALTH,OVANet,2,1,56.360,0.000000,0.000000,0.007528,0.003594,,0.866446
UniDA,Pamap2 -> MHEALTH,OVANet,2,2,56.451,0.000000,0.000000,0.011292,0.004883,,0.886612
UniDA,Pamap2 -> MHEALTH,OVANet,2,3,57.057,0.000000,0.000000,0.011292,0.004883,,0.882975
UniDA,Pamap2 -> MHEALTH,OVANet,2,4,56.544,0.000000,0.000000,0.007528,0.003375,,0.872066
UniDA,Pamap2 -> MHEALTH,DANCE,2,0,60.590,0.000000,0.000000,1.000000,0.162478,,0.874711
UniDA,Pamap2 -> MHEALTH,DANCE,2,1,56.534,0.000000,0.000000,1.000000,0.162478,,0.879008
UniDA,Pamap2 -> MHEALTH,DANCE,2,2,49.005,0.000000,0.000000,1.000000,0.162478,,0.886612
UniDA,Pamap2 -> MHEALTH,DANCE,2,3,56.347,0.000000,0.000000,0.998745,0.162325,,0.875041
UniDA,Pamap2 -> MHEALTH,DANCE,2,4,54.433,0.000000,0.000000,1.000000,0.162478,,0.850909
UniDA,Pamap2 -> MHEALTH,PPOT,2,0,92.483,0.000000,0.000000,0.949812,0.185108,,0.746116
UniDA,Pamap2 -> MHEALTH,PPOT,2,1,92.843,0.000000,0.000000,0.949812,0.185246,,0.750413
UniDA,Pamap2 -> MHEALTH,PPOT,2,2,93.574,0.000000,0.000000,0.884567,0.175728,,0.747107
UniDA,Pamap2 -> MHEALTH,PPOT,2,3,89.176,0.000000,0.000000,0.845671,0.155277,,0.748760
UniDA,Pamap2 -> MHEALTH,PPOT,2,4,89.291,0.000000,0.000000,0.904642,0.170714,,0.751736
UniDA,Pamap2 -> MHEALTH,RAINCOAT,2,0,31.286,0.110368,0.170657,0.081556,0.154254,,0.616529
UniDA,Pamap2 -> MHEALTH,RAINCOAT,2,1,27.400,0.142173,0.086556,0.397742,0.196074,,0.570909
UniDA,Pamap2 -> MHEALTH,RAINCOAT,2,2,25.422,0.156401,0.149171,0.164366,0.185970,,0.586116
UniDA,Pamap2 -> MHEALTH,RAINCOAT,2,3,23.538,0.123379,0.241866,0.082811,0.222281,,0.599339
UniDA,Pamap2 -> MHEALTH,RAINCOAT,2,4,26.307,0.238900,0.202578,0.291092,0.260478,,0.457190
UniDA,Pamap2 -> MHEALTH,UniOT,2,0,221.935,0.003672,0.001842,0.582183,0.140218,,0.786446
UniDA,Pamap2 -> MHEALTH,UniOT,2,1,266.689,0.071648,0.038060,0.609787,0.195377,,0.820165
UniDA,Pamap2 -> MHEALTH,UniOT,2,2,206.945,0.046867,0.024555,0.513174,0.162875,,0.842645
UniDA,Pamap2 -> MHEALTH,UniOT,2,3,246.373,0.050624,0.026397,0.616060,0.169026,,0.778512
UniDA,Pamap2 -> MHEALTH,UniOT,2,4,219.335,0.100629,0.055249,0.563363,0.192695,,0.813554
UniDA,Pamap2 -> MHEALTH,UniJDOT,2,0,354.841,0.045389,0.025169,0.230866,0.116042,,0.802645
UniDA,Pamap2 -> MHEALTH,UniJDOT,2,1,347.599,0.092251,0.049724,0.637390,0.201857,,0.831736
UniDA,Pamap2 -> MHEALTH,UniJDOT,2,2,327.894,0.255180,0.366482,0.195734,0.319191,,0.849917
UniDA,Pamap2 -> MHEALTH,UniJDOT,2,3,328.503,0.008489,0.004297,0.345044,0.094476,,0.763306
UniDA,Pamap2 -> MHEALTH,UniJDOT,2,4,342.826,0.505429,0.485574,0.526976,0.510455,,0.834711
PDA,Pamap2 -> RealWorld,PDAAN,7,0,69.902,,,,0.012470,,0.423893
PDA,Pamap2 -> RealWorld,PDAAN,7,1,59.240,,,,0.009512,,0.409133
PDA,Pamap2 -> RealWorld,PDAAN,7,2,61.817,,,,0.071306,,0.413284
PDA,Pamap2 -> RealWorld,PDAAN,7,3,69.072,,,,0.013118,,0.431965
PDA,Pamap2 -> RealWorld,PDAAN,7,4,76.418,,,,0.027280,,0.423432
PDA,Pamap2 -> RealWorld,SPADA,7,0,62.322,,,,0.327299,,0.760378
PDA,Pamap2 -> RealWorld,SPADA,7,1,72.260,,,,0.222393,,0.702491
PDA,Pamap2 -> RealWorld,SPADA,7,2,56.920,,,,0.346568,,0.750923
PDA,Pamap2 -> RealWorld,SPADA,7,3,61.925,,,,0.355796,,0.726476
PDA,Pamap2 -> RealWorld,SPADA,7,4,57.240,,,,0.339343,,0.754382
PDA,Pamap2 -> RealWorld,UDA,7,0,100.220,0.000000,0.165516,0.000000,0.270312,,0.749539
PDA,Pamap2 -> RealWorld,UDA,7,1,93.386,0.000000,0.151398,0.000000,0.254542,,0.746771
PDA,Pamap2 -> RealWorld,UDA,7,2,94.951,0.000000,0.111374,0.000000,0.188259,,0.728782
PDA,Pamap2 -> RealWorld,UDA,7,3,100.447,0.000000,0.072838,0.000000,0.120978,,0.769373
PDA,Pamap2 -> RealWorld,UDA,7,4,96.806,0.000000,0.132283,0.000000,0.221373,,0.690268
PDA,Pamap2 -> RealWorld,OVANet,7,0,86.402,0.000000,0.002595,0.000000,0.005154,,0.840637
PDA,Pamap2 -> RealWorld,OVANet,7,1,86.119,0.000000,0.000992,0.000000,0.001976,,0.834871
PDA,Pamap2 -> RealWorld,OVANet,7,2,86.231,0.000000,0.001755,0.000000,0.003484,,0.839945
PDA,Pamap2 -> RealWorld,OVANet,7,3,88.457,0.000000,0.000038,0.000000,0.000076,,0.847094
PDA,Pamap2 -> RealWorld,OVANet,7,4,82.461,0.000000,0.001259,0.000000,0.002503,,0.806965
PDA,Pamap2 -> RealWorld,DANCE,7,0,88.091,0.000000,0.000000,0.000000,0.000000,,0.847094
PDA,Pamap2 -> RealWorld,DANCE,7,1,83.003,0.000000,0.000000,0.000000,0.000000,,0.839945
PDA,Pamap2 -> RealWorld,DANCE,7,2,83.032,0.000000,0.000000,0.000000,0.000000,,0.841790
PDA,Pamap2 -> RealWorld,DANCE,7,3,85.693,0.000000,0.000000,0.000000,0.000000,,0.841790
PDA,Pamap2 -> RealWorld,DANCE,7,4,87.795,0.000000,0.000000,0.000000,0.000000,,0.849631
PDA,Pamap2 -> RealWorld,PPOT,7,0,214.146,0.000000,0.000000,0.000000,0.000000,,0.538745
PDA,Pamap2 -> RealWorld,PPOT,7,1,212.319,0.000000,0.000000,0.000000,0.000000,,0.555351
PDA,Pamap2 -> RealWorld,PPOT,7,2,207.526,0.000000,0.000000,0.000000,0.000000,,0.532288
PDA,Pamap2 -> RealWorld,PPOT,7,3,207.183,0.000000,0.000000,0.000000,0.000000,,0.601707
PDA,Pamap2 -> RealWorld,PPOT,7,4,211.446,0.000000,0.000000,0.000000,0.000000,,0.546125
PDA,Pamap2 -> RealWorld,RAINCOAT,7,0,135.935,0.000000,0.045519,0.000000,0.078790,,0.399216
PDA,Pamap2 -> RealWorld,RAINCOAT,7,1,139.077,0.000000,0.099775,0.000000,0.140164,,0.468173
PDA,Pamap2 -> RealWorld,RAINCOAT,7,2,149.362,0.000000,0.056355,0.000000,0.099065,,0.495387
PDA,Pamap2 -> RealWorld,RAINCOAT,7,3,135.195,0.000000,0.073830,0.000000,0.119206,,0.392297
PDA,Pamap2 -> RealWorld,RAINCOAT,7,4,139.175,0.000000,0.097257,0.000000,0.137624,,0.476937
PDA,Pamap2 -> RealWorld,UniOT,7,0,491.377,0.000000,0.000000,0.000000,0.000000,,0.754382
PDA,Pamap2 -> RealWorld,UniOT,7,1,506.704,0.000000,0.000000,0.000000,0.000000,,0.741236
PDA,Pamap2 -> RealWorld,UniOT,7,2,465.962,0.000000,0.000000,0.000000,0.000000,,0.769603
PDA,Pamap2 -> RealWorld,UniOT,7,3,335.474,0.000000,0.000000,0.000000,0.000000,,0.762223
PDA,Pamap2 -> RealWorld,UniOT,7,4,353.376,0.000000,0.000000,0.000000,0.000000,,0.743312
PDA,Pamap2 -> RealWorld,UniJDOT,7,0,921.414,0.000000,0.350261,0.000000,0.426041,,0.733856
PDA,Pamap2 -> RealWorld,UniJDOT,7,1,942.397,0.000000,0.202335,0.000000,0.231624,,0.733395
PDA,Pamap2 -> RealWorld,UniJDOT,7,2,956.832,0.000000,0.340379,0.000000,0.381491,,0.752998
PDA,Pamap2 -> RealWorld,UniJDOT,7,3,961.316,0.000000,0.595559,0.000000,0.689194,,0.731780
PDA,Pamap2 -> RealWorld,UniJDOT,7,4,907.436,0.000000,0.266130,0.000000,0.320566,,0.766375
PDA,Pamap2 -> RealWorld,PDAAN,5,0,69.836,,,,0.002959,,0.488699
PDA,Pamap2 -> RealWorld,PDAAN,5,1,64.216,,,,0.004545,,0.540794
PDA,Pamap2 -> RealWorld,PDAAN,5,2,73.733,,,,0.007608,,0.488423
PDA,Pamap2 -> RealWorld,PDAAN,5,3,65.353,,,,0.007363,,0.508269
PDA,Pamap2 -> RealWorld,PDAAN,5,4,67.375,,,,0.000305,,0.489250
PDA,Pamap2 -> RealWorld,SPADA,5,0,65.257,,,,0.370582,,0.735116
PDA,Pamap2 -> RealWorld,SPADA,5,1,69.735,,,,0.157677,,0.717200
PDA,Pamap2 -> RealWorld,SPADA,5,2,70.196,,,,0.355439,,0.724366
PDA,Pamap2 -> RealWorld,SPADA,5,3,63.293,,,,0.373027,,0.732911
PDA,Pamap2 -> RealWorld,SPADA,5,4,69.488,,,,0.342040,,0.738699
PDA,Pamap2 -> RealWorld,UDA,5,0,90.315,0.000000,0.136136,0.000000,0.227423,,0.738975
PDA,Pamap2 -> RealWorld,UDA,5,1,91.713,0.000000,0.099775,0.000000,0.172359,,0.762955
PDA,Pamap2 -> RealWorld,UDA,5,2,92.312,0.000000,0.107635,0.000000,0.177647,,0.703142
PDA,Pamap2 -> RealWorld,UDA,5,3,90.437,0.000000,0.122248,0.000000,0.204209,,0.734564
PDA,Pamap2 -> RealWorld,UDA,5,4,93.720,0.000000,0.139761,0.000000,0.229068,,0.755513
PDA,Pamap2 -> RealWorld,OVANet,5,0,76.957,0.000000,0.000458,0.000000,0.000914,,0.820838
PDA,Pamap2 -> RealWorld,OVANet,5,1,75.217,0.000000,0.000610,0.000000,0.001218,,0.832690
PDA,Pamap2 -> RealWorld,OVANet,5,2,76.808,0.000000,0.001374,0.000000,0.002732,,0.788037
PDA,Pamap2 -> RealWorld,OVANet,5,3,79.238,0.000000,0.000267,0.000000,0.000533,,0.818082
PDA,Pamap2 -> RealWorld,OVANet,5,4,79.070,0.000000,0.004846,0.000000,0.009549,,0.821940
PDA,Pamap2 -> RealWorld,DANCE,5,0,82.299,0.000000,0.000000,0.000000,0.000000,,0.799890
PDA,Pamap2 -> RealWorld,DANCE,5,1,81.876,0.000000,0.000000,0.000000,0.000000,,0.812845
PDA,Pamap2 -> RealWorld,DANCE,5,2,75.839,0.000000,0.000000,0.000000,0.000000,,0.807056
PDA,Pamap2 -> RealWorld,DANCE,5,3,79.862,0.000000,0.000000,0.000000,0.000000,,0.825799
PDA,Pamap2 -> RealWorld,DANCE,5,4,72.509,0.000000,0.000000,0.000000,0.000000,,0.809261
PDA,Pamap2 -> RealWorld,PPOT,5,0,173.008,0.000000,0.000000,0.000000,0.000000,,0.625965
PDA,Pamap2 -> RealWorld,PPOT,5,1,177.403,0.000000,0.000000,0.000000,0.000000,,0.609702
PDA,Pamap2 -> RealWorld,PPOT,5,2,174.332,0.000000,0.000000,0.000000,0.000000,,0.621003
PDA,Pamap2 -> RealWorld,PPOT,5,3,170.908,0.000000,0.000000,0.000000,0.000000,,0.633131
PDA,Pamap2 -> RealWorld,PPOT,5,4,160.967,0.000000,0.000000,0.000000,0.000000,,0.624035
PDA,Pamap2 -> RealWorld,RAINCOAT,5,0,123.705,0.000000,0.094853,0.000000,0.152532,,0.480430
PDA,Pamap2 -> RealWorld,RAINCOAT,5,1,117.036,0.000000,0.141669,0.000000,0.187174,,0.554851
PDA,Pamap2 -> RealWorld,RAINCOAT,5,2,118.278,0.000000,0.021252,0.000000,0.039133,,0.541345
PDA,Pamap2 -> RealWorld,RAINCOAT,5,3,120.403,0.000000,0.098478,0.000000,0.152921,,0.421720
PDA,Pamap2 -> RealWorld,RAINCOAT,5,4,130.578,0.000000,0.059789,0.000000,0.096568,,0.535281
PDA,Pamap2 -> RealWorld,UniOT,5,0,321.644,0.000000,0.000000,0.000000,0.000000,,0.759096
PDA,Pamap2 -> RealWorld,UniOT,5,1,374.360,0.000000,0.000000,0.000000,0.000000,,0.704796
PDA,Pamap2 -> RealWorld,UniOT,5,2,369.370,0.000000,0.000000,0.000000,0.000000,,0.745314
PDA,Pamap2 -> RealWorld,UniOT,5,3,395.730,0.000000,0.045099,0.000000,0.075965,,0.695700
PDA,Pamap2 -> RealWorld,UniOT,5,4,384.320,0.000000,0.025640,0.000000,0.046445,,0.698181
PDA,Pamap2 -> RealWorld,UniJDOT,5,0,727.198,0.000000,0.427716,0.000000,0.495867,,0.775910
PDA,Pamap2 -> RealWorld,UniJDOT,5,1,683.717,0.000000,0.169560,0.000000,0.213443,,0.748346
PDA,Pamap2 -> RealWorld,UniJDOT,5,2,824.737,0.000000,0.250296,0.000000,0.301340,,0.758820
PDA,Pamap2 -> RealWorld,UniJDOT,5,3,764.463,0.000000,0.167118,0.000000,0.208682,,0.723539
PDA,Pamap2 -> RealWorld,UniJDOT,5,4,770.331,0.000000,0.518791,0.000000,0.626521,,0.717751
PDA,MHEALTH -> Pamap2,OVANet,3,2,21.751,0.000000,0.034722,0.000000,0.061960,,0.989980
PDA,MHEALTH -> Pamap2,PPOT,3,3,41.968,0.000000,0.000000,0.000000,0.000000,,0.885772
PDA,MHEALTH -> Pamap2,RAINCOAT,3,0,40.812,0.000000,0.190657,0.000000,0.153664,,0.575150
PDA,MHEALTH -> Pamap2,OVANet,3,3,21.659,0.000000,0.029461,0.000000,0.049324,,0.989980
PDA,MHEALTH -> Pamap2,DANCE,3,1,22.667,0.000000,0.000000,0.000000,0.000000,,0.991984
PDA,MHEALTH -> Pamap2,DANCE,3,4,22.906,0.000000,0.000000,0.000000,0.000000,,0.989980
PDA,MHEALTH -> Pamap2,PDAAN,3,0,20.063,,,,0.272103,,0.931864
PDA,MHEALTH -> Pamap2,DANCE,3,3,22.630,0.000000,0.000000,0.000000,0.000000,,0.991984
PDA,MHEALTH -> Pamap2,UniOT,3,3,81.553,0.000000,0.000000,0.000000,0.000000,,1.000000
PDA,MHEALTH -> Pamap2,PPOT,3,2,43.667,0.000000,0.000000,0.000000,0.000000,,0.819639
PDA,MHEALTH -> Pamap2,UniJDOT,3,1,116.883,0.000000,0.244318,0.000000,0.323424,,0.987976
PDA,MHEALTH -> Pamap2,UniJDOT,3,2,120.372,0.000000,0.331860,0.000000,0.404809,,0.987976
PDA,MHEALTH -> Pamap2,UniOT,3,4,180.741,0.000000,0.074285,0.000000,0.098448,,0.991984
PDA,MHEALTH -> Pamap2,SPADA,3,2,18.356,,,,0.452420,,0.943888
PDA,MHEALTH -> Pamap2,PDAAN,3,4,17.765,,,,0.418835,,0.947896
PDA,MHEALTH -> Pamap2,PDAAN,3,2,35.662,,,,0.692070,,0.929860
PDA,MHEALTH -> Pamap2,UDA,3,0,29.842,0.000000,0.240951,0.000000,0.333105,,0.963928
PDA,MHEALTH -> Pamap2,PPOT,3,0,44.362,0.000000,0.000000,0.000000,0.000000,,0.761523
PDA,MHEALTH -> Pamap2,DANCE,3,0,24.422,0.000000,0.000000,0.000000,0.000000,,0.989980
PDA,MHEALTH -> Pamap2,PPOT,3,4,42.088,0.000000,0.000000,0.000000,0.000000,,0.781563
PDA,MHEALTH -> Pamap2,SPADA,3,4,18.974,,,,0.751492,,0.945892
PDA,MHEALTH -> Pamap2,UDA,3,4,27.963,0.000000,0.100379,0.000000,0.120826,,0.907816
PDA,MHEALTH -> Pamap2,UniOT,3,1,185.056,0.000000,0.220960,0.000000,0.258555,,0.989980
PDA,MHEALTH -> Pamap2,SPADA,3,3,18.588,,,,0.875380,,0.937876
PDA,MHEALTH -> Pamap2,UniJDOT,3,4,119.207,0.000000,0.019150,0.000000,0.033577,,0.991984
PDA,MHEALTH -> Pamap2,RAINCOAT,3,2,36.704,0.000000,0.095118,0.000000,0.091276,,0.505010
PDA,MHEALTH -> Pamap2,UniJDOT,3,0,120.395,0.000000,0.110059,0.000000,0.169313,,0.991984
PDA,MHEALTH -> Pamap2,RAINCOAT,3,1,36.660,0.000000,0.465488,0.000000,0.514374,,0.422846
PDA,MHEALTH -> Pamap2,UDA,3,2,28.232,0.000000,0.368056,0.000000,0.483479,,0.989980
PDA,MHEALTH -> Pamap2,UniJDOT,3,3,116.318,0.000000,0.165404,0.000000,0.203542,,0.993988
PDA,MHEALTH -> Pamap2,RAINCOAT,3,4,37.045,0.000000,0.355429,0.000000,0.388975,,0.625251
PDA,MHEALTH -> Pamap2,UniOT,3,2,201.769,0.000000,0.218434,0.000000,0.228063,,0.995992
PDA,MHEALTH -> Pamap2,OVANet,3,4,21.527,0.000000,0.069444,0.000000,0.113823,,0.989980
PDA,MHEALTH -> Pamap2,OVANet,3,0,24.218,0.000000,0.190657,0.000000,0.183168,,0.989980
PDA,MHEALTH -> Pamap2,UDA,3,3,27.521,0.000000,0.243476,0.000000,0.327568,,0.963928
PDA,MHEALTH -> Pamap2,PDAAN,3,3,18.405,,,,0.407390,,0.913828
PDA,MHEALTH -> Pamap2,SPADA,3,0,20.130,,,,0.397225,,0.971944
PDA,MHEALTH -> Pamap2,SPADA,3,1,18.203,,,,0.421042,,0.949900
PDA,MHEALTH -> Pamap2,RAINCOAT,3,3,37.283,0.000000,0.148779,0.000000,0.201475,,0.501002
PDA,MHEALTH -> Pamap2,UDA,3,1,27.670,0.000000,0.176557,0.000000,0.234570,,0.973948
PDA,MHEALTH -> Pamap2,DANCE,3,2,22.586,0.000000,0.000000,0.000000,0.000000,,0.989980
PDA,MHEALTH -> Pamap2,UniOT,3,0,229.316,0.000000,0.155724,0.000000,0.219215,,0.989980
PDA,MHEALTH -> Pamap2,OVANet,3,1,22.466,0.000000,0.233165,0.000000,0.178676,,0.987976
PDA,MHEALTH -> Pamap2,PDAAN,3,1,17.726,,,,0.185950,,0.931864
PDA,MHEALTH -> Pamap2,PPOT,3,1,41.939,0.000000,0.000000,0.000000,0.000000,,0.623246
UniDA,Pamap2 -> MHEALTH,UDA,5,0,53.703,0.193879,0.130967,0.373108,0.320988,,0.703418
UniDA,Pamap2 -> MHEALTH,UDA,5,1,51.522,0.174510,0.114443,0.367288,0.296986,,0.750827
UniDA,Pamap2 -> MHEALTH,UDA,5,2,51.411,0.180675,0.121787,0.349825,0.288577,,0.678886
UniDA,Pamap2 -> MHEALTH,UDA,5,3,51.333,0.202632,0.138923,0.374272,0.305937,,0.724917
UniDA,Pamap2 -> MHEALTH,UDA,5,4,52.115,0.129576,0.075887,0.442957,0.306646,,0.708379
UniDA,Pamap2 -> MHEALTH,OVANet,5,0,42.023,0.000000,0.000000,0.352736,0.201618,,0.805954
UniDA,Pamap2 -> MHEALTH,OVANet,5,1,42.709,0.000000,0.000000,0.341676,0.211200,,0.813671
UniDA,Pamap2 -> MHEALTH,OVANet,5,2,42.915,0.000000,0.000000,0.406868,0.221695,,0.790243
UniDA,Pamap2 -> MHEALTH,OVANet,5,3,40.123,0.000000,0.000000,0.328289,0.211152,,0.803197
UniDA,Pamap2 -> MHEALTH,OVANet,5,4,42.804,0.000000,0.000000,0.373690,0.199723,,0.829934
UniDA,Pamap2 -> MHEALTH,DANCE,5,0,44.987,0.000000,0.000000,1.000000,0.347348,,0.785557
UniDA,Pamap2 -> MHEALTH,DANCE,5,1,43.862,0.000000,0.000000,1.000000,0.347348,,0.805954
UniDA,Pamap2 -> MHEALTH,DANCE,5,2,45.291,0.000000,0.000000,1.000000,0.347348,,0.803473
UniDA,Pamap2 -> MHEALTH,DANCE,5,3,44.341,0.000000,0.000000,1.000000,0.347348,,0.815050
UniDA,Pamap2 -> MHEALTH,DANCE,5,4,45.040,0.000000,0.000000,1.000000,0.347348,,0.792723
UniDA,Pamap2 -> MHEALTH,PPOT,5,0,80.988,0.000000,0.000000,0.723516,0.326789,,0.627343
UniDA,Pamap2 -> MHEALTH,PPOT,5,1,77.697,0.000000,0.000000,0.707218,0.305107,,0.608048
UniDA,Pamap2 -> MHEALTH,PPOT,5,2,77.687,0.000000,0.000000,0.704889,0.298904,,0.601985
UniDA,Pamap2 -> MHEALTH,PPOT,5,3,78.504,0.000000,0.000000,0.693248,0.298131,,0.627619
UniDA,Pamap2 -> MHEALTH,PPOT,5,4,77.073,0.000000,0.000000,0.752619,0.325492,,0.625413
UniDA,Pamap2 -> MHEALTH,RAINCOAT,5,0,30.844,0.238374,0.182375,0.344005,0.309773,,0.396086
UniDA,Pamap2 -> MHEALTH,RAINCOAT,5,1,29.963,0.078899,0.083843,0.074505,0.104627,,0.438258
UniDA,Pamap2 -> MHEALTH,RAINCOAT,5,2,29.225,0.076963,0.043452,0.336438,0.248319,,0.356119
UniDA,Pamap2 -> MHEALTH,RAINCOAT,5,3,29.592,0.139779,0.209914,0.104773,0.174653,,0.421996
UniDA,Pamap2 -> MHEALTH,RAINCOAT,5,4,29.909,0.131209,0.113219,0.155995,0.157215,,0.345369
UniDA,Pamap2 -> MHEALTH,UniOT,5,0,211.323,0.000000,0.000000,0.417928,0.213269,,0.707001
UniDA,Pamap2 -> MHEALTH,UniOT,5,1,220.137,0.000000,0.000000,1.000000,0.347348,,0.708104
UniDA,Pamap2 -> MHEALTH,UniOT,5,2,233.039,0.023949,0.012240,0.551804,0.263309,,0.683297
UniDA,Pamap2 -> MHEALTH,UniOT,5,3,214.378,0.003657,0.001836,0.439464,0.224800,,0.717200
UniDA,Pamap2 -> MHEALTH,UniOT,5,4,224.082,0.001223,0.000612,0.540163,0.255551,,0.662624
UniDA,Pamap2 -> MHEALTH,UniJDOT,5,0,370.241,0.093323,0.050796,0.573341,0.289106,,0.738975
UniDA,Pamap2 -> MHEALTH,UniJDOT,5,1,337.265,0.170595,0.100367,0.568102,0.319478,,0.724917
UniDA,Pamap2 -> MHEALTH,UniJDOT,5,2,326.823,0.127760,0.074051,0.465076,0.281557,,0.779493
UniDA,Pamap2 -> MHEALTH,UniJDOT,5,3,325.743,0.008525,0.004284,0.854482,0.342975,,0.729879
UniDA,Pamap2 -> MHEALTH,UniJDOT,5,4,324.584,0.000000,0.000000,0.231665,0.136904,,0.671720
PDA,RealWorld -> MHEALTH,PDAAN,4,0,134.571,,,,0.627109,,0.722468
PDA,RealWorld -> MHEALTH,PDAAN,4,1,136.803,,,,0.067734,,0.759837
PDA,RealWorld -> MHEALTH,PDAAN,4,2,132.081,,,,0.688117,,0.741560
PDA,RealWorld -> MHEALTH,PDAAN,4,3,134.672,,,,0.559495,,0.697322
PDA,RealWorld -> MHEALTH,PDAAN,4,4,130.415,,,,0.303590,,0.716996
PDA,RealWorld -> MHEALTH,SPADA,4,0,146.971,,,,0.067554,,0.716647
PDA,RealWorld -> MHEALTH,SPADA,4,1,145.855,,,,0.219631,,0.747846
PDA,RealWorld -> MHEALTH,SPADA,4,2,144.894,,,,0.070435,,0.697905
PDA,RealWorld -> MHEALTH,SPADA,4,3,145.550,,,,0.425384,,0.742724
PDA,RealWorld -> MHEALTH,SPADA,4,4,144.251,,,,0.234780,,0.746799
PDA,RealWorld -> MHEALTH,UDA,4,0,250.410,0.000000,0.243827,0.000000,0.349341,,0.733993
PDA,RealWorld -> MHEALTH,OVANet,4,0,195.788,0.000000,0.024691,0.000000,0.044893,,0.746566
PDA,RealWorld -> MHEALTH,OVANet,4,1,191.620,0.000000,0.050617,0.000000,0.084762,,0.737835
PDA,RealWorld -> MHEALTH,OVANet,4,2,189.435,0.000000,0.000000,0.000000,0.000000,,0.752270
PDA,RealWorld -> MHEALTH,OVANet,4,3,199.412,0.000000,0.024691,0.000000,0.044893,,0.744936
PDA,RealWorld -> MHEALTH,OVANet,4,4,189.202,0.000000,0.000000,0.000000,0.000000,,0.708149
PDA,RealWorld -> MHEALTH,DANCE,4,0,190.118,0.000000,0.000000,0.000000,0.000000,,0.116298
PDA,RealWorld -> MHEALTH,DANCE,4,1,196.322,0.000000,0.000000,0.000000,0.000000,,0.116298
PDA,RealWorld -> MHEALTH,DANCE,4,2,193.802,0.000000,0.000000,0.000000,0.000000,,0.116298
PDA,RealWorld -> MHEALTH,DANCE,4,3,196.117,0.000000,0.048148,0.000000,0.080448,,0.681956
PDA,RealWorld -> MHEALTH,DANCE,4,4,197.447,0.000000,0.000000,0.000000,0.000000,,0.116298
PDA,RealWorld -> MHEALTH,PPOT,4,0,423.777,0.000000,0.150617,0.000000,0.203637,,0.739232
PDA,RealWorld -> MHEALTH,PPOT,4,1,382.836,0.000000,0.198148,0.000000,0.280304,,0.708848
PDA,RealWorld -> MHEALTH,PPOT,4,2,384.123,0.000000,0.123457,0.000000,0.163387,,0.766938
PDA,RealWorld -> MHEALTH,PPOT,4,3,453.060,0.000000,0.000617,0.000000,0.000937,,0.764494
PDA,RealWorld -> MHEALTH,PPOT,4,4,440.538,0.000000,0.246914,0.000000,0.328951,,0.747613
PDA,RealWorld -> MHEALTH,RAINCOAT,4,0,32.810,0.000000,0.322839,0.000000,0.390399,,0.248661
PDA,RealWorld -> MHEALTH,RAINCOAT,4,1,30.194,0.000000,0.100617,0.000000,0.152639,,0.529220
PDA,RealWorld -> MHEALTH,RAINCOAT,4,2,29.335,0.000000,0.232716,0.000000,0.239761,,0.372061
PDA,RealWorld -> MHEALTH,RAINCOAT,4,3,26.583,0.000000,0.180864,0.000000,0.241227,,0.341094
PDA,RealWorld -> MHEALTH,RAINCOAT,4,4,27.321,0.000000,0.053086,0.000000,0.055298,,0.412922
PDA,RealWorld -> MHEALTH,UniOT,4,0,1466.726,0.000000,0.346296,0.000000,0.427126,,0.754249
PDA,RealWorld -> MHEALTH,UniOT,4,1,1408.046,0.000000,0.058642,0.000000,0.062288,,0.687194
PDA,RealWorld -> MHEALTH,UniOT,4,2,1479.451,0.000000,0.070370,0.000000,0.091377,,0.702445
PDA,RealWorld -> MHEALTH,UniOT,4,3,1454.769,0.000000,0.000000,0.000000,0.000000,,0.727707
PDA,RealWorld -> MHEALTH,UniOT,4,4,1442.619,0.000000,0.224074,0.000000,0.238307,,0.765891
PDA,RealWorld -> MHEALTH,UniJDOT,4,0,2247.884,0.000000,0.360494,0.000000,0.502329,,0.734226
PDA,RealWorld -> MHEALTH,UniJDOT,4,1,2658.554,0.000000,0.413580,0.000000,0.447894,,0.744121
PDA,RealWorld -> MHEALTH,UniJDOT,4,2,2327.896,0.000000,0.443827,0.000000,0.520709,,0.702678
PDA,RealWorld -> MHEALTH,UniJDOT,4,3,2089.781,0.000000,0.464815,0.000000,0.559541,,0.697090
PDA,RealWorld -> MHEALTH,UniJDOT,4,4,2153.471,0.000000,0.434568,0.000000,0.529569,,0.745867
OSDA,MHEALTH -> RealWorld,OSBP,4,0,14.615,0.288801,0.736230,0.179633,0.498527,,0.895062
OSDA,MHEALTH -> RealWorld,OSBP,4,1,13.887,0.323526,0.641898,0.216263,0.466254,,0.996914
OSDA,MHEALTH -> RealWorld,OSBP,4,2,14.025,0.133124,0.728067,0.073260,0.440447,,0.962963
OSDA,MHEALTH -> RealWorld,OSBP,4,3,14.527,0.107813,0.735047,0.058173,0.411104,,0.848765
OSDA,MHEALTH -> RealWorld,OSBP,4,4,14.306,0.473356,0.482568,0.464489,0.522636,,0.987654
OSDA,MHEALTH -> RealWorld,TSFA,4,0,31.432,0.381736,0.666463,0.267468,0.494741,,0.996914
OSDA,MHEALTH -> RealWorld,TSFA,4,1,29.938,0.381724,0.573734,0.286007,0.436446,,1.000000
OSDA,MHEALTH -> RealWorld,TSFA,4,2,30.344,0.336591,0.677945,0.223870,0.487116,,0.996914
OSDA,MHEALTH -> RealWorld,TSFA,4,3,29.038,0.374405,0.693584,0.256409,0.508243,,0.996914
OSDA,MHEALTH -> RealWorld,TSFA,4,4,29.389,0.360370,0.660055,0.247842,0.484398,,0.996914
OSDA,MHEALTH -> RealWorld,UDA,4,0,17.135,0.406421,0.448810,0.371348,0.424110,,0.990741
OSDA,MHEALTH -> RealWorld,UDA,4,1,16.060,0.372012,0.365616,0.378636,0.384269,,0.990741
OSDA,MHEALTH -> RealWorld,UDA,4,2,16.033,0.348685,0.336855,0.361376,0.349421,,0.993827
OSDA,MHEALTH -> RealWorld,UDA,4,3,15.274,0.360837,0.334452,0.391741,0.353213,,0.987654
OSDA,MHEALTH -> RealWorld,UDA,4,4,15.273,0.363862,0.353486,0.374864,0.353743,,0.873457
OSDA,MHEALTH -> RealWorld,OVANet,4,0,15.601,0.231541,0.256294,0.211149,0.238154,,0.996914
OSDA,MHEALTH -> RealWorld,OVANet,4,1,14.982,0.286790,0.239358,0.357668,0.270511,,0.996914
OSDA,MHEALTH -> RealWorld,OVANet,4,2,14.460,0.246703,0.596163,0.155533,0.408341,,0.996914
OSDA,MHEALTH -> RealWorld,OVANet,4,3,14.839,0.336787,0.270865,0.445119,0.337252,,0.993827
OSDA,MHEALTH -> RealWorld,OVANet,4,4,14.286,0.182408,0.294744,0.132072,0.220126,,0.993827
OSDA,MHEALTH -> RealWorld,DANCE,4,0,16.363,0.000000,0.000000,1.000000,0.203329,,0.996914
OSDA,MHEALTH -> RealWorld,DANCE,4,1,15.414,0.000000,0.000000,1.000000,0.203329,,0.990741
OSDA,MHEALTH -> RealWorld,DANCE,4,2,15.311,0.000000,0.000000,1.000000,0.203329,,0.993827
OSDA,MHEALTH -> RealWorld,DANCE,4,3,15.502,0.000000,0.000000,1.000000,0.203329,,0.993827
OSDA,MHEALTH -> RealWorld,DANCE,4,4,15.507,0.000000,0.000000,1.000000,0.203329,,0.993827
OSDA,MHEALTH -> RealWorld,PPOT,4,0,64.627,0.000000,0.000000,1.000000,0.203329,,0.969136
OSDA,MHEALTH -> RealWorld,PPOT,4,1,64.583,0.000000,0.000000,1.000000,0.203329,,0.929012
OSDA,MHEALTH -> RealWorld,PPOT,4,2,63.784,0.000000,0.000000,1.000000,0.203329,,0.981481
OSDA,MHEALTH -> RealWorld,PPOT,4,3,64.091,0.000000,0.000000,1.000000,0.203329,,0.987654
OSDA,MHEALTH -> RealWorld,PPOT,4,4,65.015,0.000000,0.000000,1.000000,0.203329,,0.990741
OSDA,MHEALTH -> RealWorld,RAINCOAT,4,0,45.806,0.275740,0.177716,0.614908,0.316394,,0.635802
OSDA,MHEALTH -> RealWorld,RAINCOAT,4,1,33.017,0.063719,0.103830,0.045963,0.073863,,0.728395
OSDA,MHEALTH -> RealWorld,RAINCOAT,4,2,39.494,0.193305,0.146323,0.284728,0.219204,,0.617284
OSDA,MHEALTH -> RealWorld,RAINCOAT,4,3,41.205,0.163673,0.095857,0.559483,0.236819,,0.873457
OSDA,MHEALTH -> RealWorld,RAINCOAT,4,4,37.740,0.288457,0.343760,0.248482,0.245536,,0.503086
OSDA,MHEALTH -> RealWorld,UniOT,4,0,52.047,0.220705,0.136863,0.569712,0.257732,,0.996914
OSDA,MHEALTH -> RealWorld,UniOT,4,1,49.224,0.395216,0.300084,0.578661,0.349557,,1.000000
OSDA,MHEALTH -> RealWorld,UniOT,4,2,43.293,0.395118,0.314083,0.532507,0.349620,,1.000000
OSDA,MHEALTH -> RealWorld,UniOT,4,3,36.154,0.292349,0.191753,0.614972,0.295952,,1.000000
OSDA,MHEALTH -> RealWorld,UniOT,4,4,41.358,0.364054,0.234132,0.817938,0.366587,,1.000000
OSDA,MHEALTH -> RealWorld,UniJDOT,4,0,62.457,0.155381,0.103753,0.309276,0.166897,,0.996914
OSDA,MHEALTH -> RealWorld,UniJDOT,4,1,59.724,0.343471,0.401549,0.300070,0.331384,,0.993827
OSDA,MHEALTH -> RealWorld,UniJDOT,4,2,64.118,0.274143,0.206019,0.409576,0.249849,,1.000000
OSDA,MHEALTH -> RealWorld,UniJDOT,4,3,63.597,0.507584,0.443508,0.593301,0.489856,,0.870370
OSDA,MHEALTH -> RealWorld,UniJDOT,4,4,63.335,0.105716,0.057789,0.619446,0.210725,,0.996914
UniDA,MHEALTH -> Pamap2,UDA,4,0,15.821,0.279380,0.211256,0.412354,0.406949,,0.915663
UniDA,MHEALTH -> Pamap2,UDA,4,1,16.641,0.287105,0.221546,0.407774,0.416797,,0.903614
UniDA,MHEALTH -> Pamap2,UDA,4,2,18.143,0.109925,0.064049,0.387433,0.347753,,0.841652
UniDA,MHEALTH -> Pamap2,UDA,4,3,18.949,0.163574,0.103528,0.389457,0.357230,,0.910499
UniDA,MHEALTH -> Pamap2,UDA,4,4,18.882,0.114738,0.066779,0.407135,0.360581,,0.912220
UniDA,MHEALTH -> Pamap2,OVANet,4,0,15.461,0.063717,0.033599,0.614909,0.435034,,0.864028
UniDA,MHEALTH -> Pamap2,OVANet,4,1,14.480,0.052019,0.026879,0.803514,0.493370,,0.919105
UniDA,MHEALTH -> Pamap2,OVANet,4,2,15.462,0.012098,0.006090,0.900106,0.504608,,0.884682
UniDA,MHEALTH -> Pamap2,OVANet,4,3,15.653,0.010441,0.005250,0.932801,0.515459,,0.920826
UniDA,MHEALTH -> Pamap2,OVANet,4,4,16.719,0.073870,0.038849,0.749521,0.471452,,0.896730
UniDA,MHEALTH -> Pamap2,DANCE,4,0,18.004,0.000000,0.000000,1.000000,0.529298,,0.915663
UniDA,MHEALTH -> Pamap2,DANCE,4,1,16.742,0.000000,0.000000,1.000000,0.529298,,0.870912
UniDA,MHEALTH -> Pamap2,DANCE,4,2,16.778,0.000000,0.000000,1.000000,0.529298,,0.915663
UniDA,MHEALTH -> Pamap2,DANCE,4,3,16.112,0.000000,0.000000,1.000000,0.529298,,0.919105
UniDA,MHEALTH -> Pamap2,DANCE,4,4,16.892,0.000000,0.000000,1.000000,0.529298,,0.922547
UniDA,MHEALTH -> Pamap2,PPOT,4,0,38.705,0.000000,0.000000,1.000000,0.529298,,0.798623
UniDA,MHEALTH -> Pamap2,PPOT,4,1,37.538,0.000000,0.000000,1.000000,0.529298,,0.814114
UniDA,MHEALTH -> Pamap2,PPOT,4,2,38.059,0.000000,0.000000,1.000000,0.529298,,0.822719
UniDA,MHEALTH -> Pamap2,PPOT,4,3,37.692,0.000000,0.000000,1.000000,0.529298,,0.679862
UniDA,MHEALTH -> Pamap2,PPOT,4,4,36.805,0.000000,0.000000,1.000000,0.529298,,0.857143
UniDA,MHEALTH -> Pamap2,RAINCOAT,4,0,35.553,0.135730,0.082738,0.377529,0.350580,,0.476764
UniDA,MHEALTH -> Pamap2,RAINCOAT,4,1,28.470,0.108499,0.119488,0.099361,0.142630,,0.700516
UniDA,MHEALTH -> Pamap2,RAINCOAT,4,2,30.777,0.114154,0.116128,0.112247,0.145612,,0.514630
UniDA,MHEALTH -> Pamap2,RAINCOAT,4,3,32.499,0.081861,0.096388,0.071140,0.106544,,0.407917
UniDA,MHEALTH -> Pamap2,RAINCOAT,4,4,36.955,0.049971,0.027299,0.294782,0.272548,,0.409639
UniDA,MHEALTH -> Pamap2,UniOT,4,0,52.962,0.000000,0.000000,1.000000,0.529298,,0.927711
UniDA,MHEALTH -> Pamap2,UniOT,4,1,44.402,0.000000,0.000000,1.000000,0.529298,,0.929432
UniDA,MHEALTH -> Pamap2,UniOT,4,2,74.174,0.000000,0.000000,1.000000,0.529298,,0.879518
UniDA,MHEALTH -> Pamap2,UniOT,4,3,76.019,0.339964,0.224906,0.696060,0.547423,,0.924268
UniDA,MHEALTH -> Pamap2,UniOT,4,4,47.045,0.000000,0.000000,1.000000,0.529298,,0.920826
UniDA,MHEALTH -> Pamap2,UniJDOT,4,0,148.198,0.057413,0.029819,0.769329,0.490130,,0.872633
UniDA,MHEALTH -> Pamap2,UniJDOT,4,1,146.578,0.313723,0.211676,0.605751,0.492937,,0.939759
UniDA,MHEALTH -> Pamap2,UniJDOT,4,2,119.692,0.116413,0.064679,0.581683,0.454694,,0.991394
UniDA,MHEALTH -> Pamap2,UniJDOT,4,3,117.214,0.082986,0.043679,0.828967,0.506858,,0.924268
UniDA,MHEALTH -> Pamap2,UniJDOT,4,4,117.844,0.226154,0.145737,0.504579,0.420719,,0.924268
OSDA,RealWorld -> MHEALTH,OSBP,5,0,128.643,0.443350,0.298654,0.860035,0.559670,,0.917283
OSDA,RealWorld -> MHEALTH,OSBP,5,1,135.678,0.719635,0.594247,0.912088,0.747028,,0.855586
OSDA,RealWorld -> MHEALTH,OSBP,5,2,130.195,0.671491,0.549572,0.862927,0.702187,,0.805372
OSDA,RealWorld -> MHEALTH,OSBP,5,3,129.626,0.645304,0.525092,0.836900,0.674280,,0.798365
OSDA,RealWorld -> MHEALTH,OSBP,5,4,126.952,0.728691,0.609547,0.905726,0.754006,,0.811016
OSDA,RealWorld -> MHEALTH,TSFA,5,0,315.844,0.245857,0.310282,0.203586,0.272894,,0.788244
OSDA,RealWorld -> MHEALTH,TSFA,5,1,312.173,0.451259,0.585067,0.367264,0.474363,,0.877968
OSDA,RealWorld -> MHEALTH,TSFA,5,2,350.152,0.462364,0.701958,0.344708,0.507783,,0.901907
OSDA,RealWorld -> MHEALTH,TSFA,5,3,357.703,0.298528,0.359853,0.255061,0.339757,,0.852083
OSDA,RealWorld -> MHEALTH,TSFA,5,4,353.270,0.339501,0.641983,0.230769,0.420974,,0.918840
OSDA,RealWorld -> MHEALTH,UDA,5,0,148.574,0.407614,0.572827,0.316368,0.432308,,0.918061
OSDA,RealWorld -> MHEALTH,UDA,5,1,161.340,0.390615,0.619951,0.285136,0.431859,,0.928377
OSDA,RealWorld -> MHEALTH,UDA,5,2,165.296,0.401875,0.577111,0.308271,0.443836,,0.942001
OSDA,RealWorld -> MHEALTH,UDA,5,3,162.090,0.400782,0.580783,0.305957,0.432153,,0.898793
OSDA,RealWorld -> MHEALTH,UDA,5,4,166.400,0.404368,0.587515,0.308271,0.434664,,0.935383
OSDA,RealWorld -> MHEALTH,OVANet,5,0,148.322,0.336683,0.205018,0.941006,0.501415,,0.907941
OSDA,RealWorld -> MHEALTH,OVANet,5,1,137.706,0.333777,0.573439,0.235396,0.359298,,0.842351
OSDA,RealWorld -> MHEALTH,OVANet,5,2,142.245,0.363613,0.548960,0.271833,0.363971,,0.901129
OSDA,RealWorld -> MHEALTH,OVANet,5,3,139.388,0.395910,0.572827,0.302487,0.397208,,0.774815
OSDA,RealWorld -> MHEALTH,OVANet,5,4,128.918,0.015987,0.623623,0.008097,0.170674,,0.825613
OSDA,RealWorld -> MHEALTH,DANCE,5,0,132.400,0.291651,0.174419,0.889531,0.465854,,0.829895
OSDA,RealWorld -> MHEALTH,DANCE,5,1,142.323,0.062656,0.032436,0.917293,0.364654,,0.810237
OSDA,RealWorld -> MHEALTH,DANCE,5,2,141.212,0.146164,0.080171,0.826489,0.376924,,0.877968
OSDA,RealWorld -> MHEALTH,DANCE,5,3,144.311,0.043095,0.022032,0.980335,0.369808,,0.859089
OSDA,RealWorld -> MHEALTH,DANCE,5,4,142.616,0.148320,0.080171,0.989011,0.425588,,0.817828
OSDA,RealWorld -> MHEALTH,PPOT,5,0,276.873,0.314447,0.451652,0.241180,0.338179,,0.882445
OSDA,RealWorld -> MHEALTH,PPOT,5,1,263.999,0.402451,0.627907,0.296125,0.448249,,0.929545
OSDA,RealWorld -> MHEALTH,PPOT,5,2,259.888,0.365194,0.452876,0.305957,0.368456,,0.942779
OSDA,RealWorld -> MHEALTH,PPOT,5,3,258.923,0.420390,0.452264,0.392713,0.426143,,0.902491
OSDA,RealWorld -> MHEALTH,PPOT,5,4,252.656,0.445433,0.551408,0.373626,0.467001,,0.810432
OSDA,RealWorld -> MHEALTH,RAINCOAT,5,0,42.072,0.121189,0.073439,0.346443,0.225491,,0.511678
OSDA,RealWorld -> MHEALTH,RAINCOAT,5,1,43.334,0.196039,0.402693,0.129555,0.239453,,0.718373
OSDA,RealWorld -> MHEALTH,RAINCOAT,5,2,45.232,0.197163,0.137699,0.347021,0.265720,,0.664656
OSDA,RealWorld -> MHEALTH,RAINCOAT,5,3,38.913,0.230203,0.496940,0.149798,0.286790,,0.668937
OSDA,RealWorld -> MHEALTH,RAINCOAT,5,4,37.887,0.119529,0.511628,0.067669,0.220590,,0.598482
OSDA,RealWorld -> MHEALTH,UniOT,5,0,945.385,0.543253,0.399021,0.850781,0.544469,,0.917478
OSDA,RealWorld -> MHEALTH,UniOT,5,1,838.236,0.574287,0.494492,0.684789,0.577747,,0.914753
OSDA,RealWorld -> MHEALTH,UniOT,5,2,790.217,0.581770,0.438800,0.862927,0.614345,,0.907941
OSDA,RealWorld -> MHEALTH,UniOT,5,3,746.754,0.559862,0.435129,0.784847,0.563087,,0.862009
OSDA,RealWorld -> MHEALTH,UniOT,5,4,713.290,0.499885,0.372705,0.758820,0.518665,,0.888478
OSDA,RealWorld -> MHEALTH,UniJDOT,5,0,1169.581,0.536885,0.385557,0.883748,0.561896,,0.875633
OSDA,RealWorld -> MHEALTH,UniJDOT,5,1,1129.215,0.370587,0.249082,0.723540,0.388141,,0.866874
OSDA,RealWorld -> MHEALTH,UniJDOT,5,2,1177.593,0.042784,0.802326,0.021978,0.292774,,0.895679
OSDA,RealWorld -> MHEALTH,UniJDOT,5,3,1133.424,0.374390,0.281518,0.558704,0.373675,,0.877773
OSDA,RealWorld -> MHEALTH,UniJDOT,5,4,1205.545,0.501427,0.451040,0.564488,0.452821,,0.924484
OSDA,MHEALTH -> Pamap2,OSBP,5,0,11.194,0.246415,0.578781,0.156529,0.282498,,0.972222
OSDA,MHEALTH -> Pamap2,OSBP,5,1,9.743,0.331933,0.453571,0.261740,0.366205,,0.978395
OSDA,MHEALTH -> Pamap2,OSBP,5,2,9.674,0.335645,0.849580,0.209134,0.385172,,0.842593
OSDA,MHEALTH -> Pamap2,OSBP,5,3,9.893,0.395841,0.527101,0.316921,0.425573,,0.984568
OSDA,MHEALTH -> Pamap2,OSBP,5,4,10.660,0.331639,0.510504,0.245591,0.360464,,0.907407
OSDA,MHEALTH -> Pamap2,TSFA,5,0,22.179,0.300539,0.400420,0.240539,0.311540,,1.000000
OSDA,MHEALTH -> Pamap2,TSFA,5,1,23.676,0.331580,0.545588,0.238161,0.341206,,1.000000
OSDA,MHEALTH -> Pamap2,TSFA,5,2,23.435,0.319012,0.453361,0.246087,0.335143,,0.996914
OSDA,MHEALTH -> Pamap2,TSFA,5,3,24.059,0.300029,0.410294,0.236477,0.311665,,0.996914
OSDA,MHEALTH -> Pamap2,TSFA,5,4,23.120,0.297454,0.419118,0.230533,0.306268,,0.990741
OSDA,MHEALTH -> Pamap2,UDA,5,0,12.335,0.435245,0.594538,0.343273,0.438132,,0.990741
OSDA,MHEALTH -> Pamap2,UDA,5,1,9.959,0.305979,0.252941,0.387161,0.397261,,0.996914
OSDA,MHEALTH -> Pamap2,UDA,5,2,11.388,0.380401,0.383193,0.377650,0.417061,,0.990741
OSDA,MHEALTH -> Pamap2,UDA,5,3,10.052,0.457821,0.490966,0.428869,0.483735,,0.993827
OSDA,MHEALTH -> Pamap2,UDA,5,4,11.303,0.266882,0.207773,0.372994,0.367247,,0.981481
OSDA,MHEALTH -> Pamap2,OVANet,5,0,10.316,0.273961,0.713866,0.169507,0.316216,,0.996914
OSDA,MHEALTH -> Pamap2,OVANet,5,1,10.041,0.367702,0.380252,0.355954,0.391911,,0.996914
OSDA,MHEALTH -> Pamap2,OVANet,5,2,9.766,0.361172,0.688445,0.244799,0.382250,,0.996914
OSDA,MHEALTH -> Pamap2,OVANet,5,3,10.520,0.414933,0.472899,0.369626,0.453401,,0.993827
OSDA,MHEALTH -> Pamap2,OVANet,5,4,10.593,0.201431,0.567437,0.122449,0.241859,,0.996914
OSDA,MHEALTH -> Pamap2,DANCE,5,0,10.303,0.000000,0.000000,1.000000,0.549892,,0.996914
OSDA,MHEALTH -> Pamap2,DANCE,5,1,11.101,0.000000,0.000000,1.000000,0.549892,,0.990741
OSDA,MHEALTH -> Pamap2,DANCE,5,2,10.825,0.000000,0.000000,1.000000,0.549892,,0.996914
OSDA,MHEALTH -> Pamap2,DANCE,5,3,10.181,0.000000,0.000000,1.000000,0.549892,,0.990741
OSDA,MHEALTH -> Pamap2,DANCE,5,4,11.228,0.000000,0.000000,1.000000,0.549892,,0.996914
OSDA,MHEALTH -> Pamap2,PPOT,5,0,33.412,0.000000,0.000000,1.000000,0.549892,,0.981481
OSDA,MHEALTH -> Pamap2,PPOT,5,1,31.387,0.000000,0.000000,1.000000,0.549892,,0.950617
OSDA,MHEALTH -> Pamap2,PPOT,5,2,31.507,0.000000,0.000000,1.000000,0.549892,,0.990741
OSDA,MHEALTH -> Pamap2,PPOT,5,3,30.768,0.000000,0.000000,1.000000,0.549892,,0.981481
OSDA,MHEALTH -> Pamap2,PPOT,5,4,30.823,0.000000,0.000000,1.000000,0.549892,,0.990741
OSDA,MHEALTH -> Pamap2,RAINCOAT,5,0,18.005,0.157603,0.144328,0.173568,0.198073,,0.753086
OSDA,MHEALTH -> Pamap2,RAINCOAT,5,1,20.141,0.143354,0.128571,0.161977,0.197600,,0.746914
OSDA,MHEALTH -> Pamap2,RAINCOAT,5,2,19.907,0.124619,0.146218,0.108579,0.138643,,0.802469
OSDA,MHEALTH -> Pamap2,RAINCOAT,5,3,32.598,0.133554,0.080462,0.392609,0.360606,,0.595679
OSDA,MHEALTH -> Pamap2,RAINCOAT,5,4,16.543,0.000000,0.112815,0.000000,0.012465,,0.626543
OSDA,MHEALTH -> Pamap2,UniOT,5,0,52.623,0.293383,0.187395,0.675352,0.528903,,0.996914
OSDA,MHEALTH -> Pamap2,UniOT,5,1,46.907,0.249450,0.148109,0.789974,0.532412,,0.996914
OSDA,MHEALTH -> Pamap2,UniOT,5,2,43.611,0.350167,0.246008,0.607291,0.489460,,0.996914
OSDA,MHEALTH -> Pamap2,UniOT,5,3,49.041,0.290450,0.192437,0.591936,0.472359,,0.996914
OSDA,MHEALTH -> Pamap2,UniOT,5,4,50.182,0.333241,0.221849,0.669308,0.509684,,1.000000
OSDA,MHEALTH -> Pamap2,UniJDOT,5,0,88.737,0.372785,0.317857,0.450664,0.446889,,1.000000
OSDA,MHEALTH -> Pamap2,UniJDOT,5,1,73.792,0.254614,0.275630,0.236576,0.287696,,0.993827
OSDA,MHEALTH -> Pamap2,UniJDOT,5,2,91.743,0.317442,0.242017,0.461165,0.435516,,0.996914
OSDA,MHEALTH -> Pamap2,UniJDOT,5,3,81.650,0.274097,0.278571,0.269764,0.315479,,0.996914
OSDA,MHEALTH -> Pamap2,UniJDOT,5,4,82.039,0.332370,0.306092,0.363582,0.396027,,0.996914
UniDA,RealWorld -> Pamap2,RAINCOAT,1,0,164.194,0.230450,0.219656,0.242361,0.254198,,0.588418
UniDA,RealWorld -> Pamap2,RAINCOAT,1,1,168.534,0.289147,0.358673,0.242199,0.282268,,0.467374
UniDA,RealWorld -> Pamap2,RAINCOAT,1,2,138.296,0.174242,0.293784,0.123848,0.187668,,0.539967
UniDA,RealWorld -> Pamap2,RAINCOAT,1,3,156.866,0.163905,0.118228,0.267098,0.246191,,0.571615
UniDA,RealWorld -> Pamap2,RAINCOAT,1,4,180.867,0.302267,0.290424,0.315117,0.298109,,0.442741
UniDA,RealWorld -> Pamap2,UDA,1,0,202.267,0.420425,0.663587,0.307680,0.470451,,0.828222
UniDA,RealWorld -> Pamap2,UDA,1,1,205.724,0.432110,0.611718,0.334034,0.473262,,0.771452
UniDA,RealWorld -> Pamap2,UDA,1,2,202.979,0.402738,0.523100,0.327405,0.434589,,0.836215
UniDA,RealWorld -> Pamap2,UDA,1,3,212.339,0.453276,0.530869,0.395473,0.482318,,0.829038
UniDA,RealWorld -> Pamap2,UDA,1,4,205.370,0.429107,0.527089,0.361843,0.451630,,0.832463
UniDA,RealWorld -> Pamap2,OVANet,1,0,177.253,0.124884,0.589038,0.069846,0.235569,,0.815824
UniDA,RealWorld -> Pamap2,OVANet,1,1,175.846,0.056908,0.584208,0.029911,0.188996,,0.845351
UniDA,RealWorld -> Pamap2,OVANet,1,2,175.091,0.199576,0.597228,0.119806,0.279334,,0.869331
UniDA,RealWorld -> Pamap2,OVANet,1,3,184.293,0.303304,0.394792,0.246241,0.330577,,0.791028
UniDA,RealWorld -> Pamap2,OVANet,1,4,186.146,0.447713,0.577488,0.365562,0.423313,,0.842904
UniDA,RealWorld -> Pamap2,DANCE,1,0,175.006,0.000000,0.000000,0.000000,0.000000,,0.161501
UniDA,RealWorld -> Pamap2,DANCE,1,1,189.037,0.000000,0.000000,0.000000,0.000000,,0.161501
UniDA,RealWorld -> Pamap2,DANCE,1,2,180.724,0.256932,0.148887,0.936621,0.508416,,0.834747
UniDA,RealWorld -> Pamap2,DANCE,1,3,175.423,0.000000,0.000000,0.000000,0.000000,,0.161501
UniDA,RealWorld -> Pamap2,DANCE,1,4,187.499,0.130379,0.070139,0.923848,0.442639,,0.837194
UniDA,RealWorld -> Pamap2,PPOT,1,0,309.497,0.489782,0.537799,0.449636,0.532543,,0.805547
UniDA,RealWorld -> Pamap2,PPOT,1,1,312.109,0.476278,0.607308,0.391754,0.538890,,0.810440
UniDA,RealWorld -> Pamap2,PPOT,1,2,300.971,0.473668,0.425871,0.533549,0.520420,,0.824470
UniDA,RealWorld -> Pamap2,PPOT,1,3,292.136,0.482513,0.446871,0.524333,0.528360,,0.789886
UniDA,RealWorld -> Pamap2,PPOT,1,4,293.844,0.560047,0.595758,0.528375,0.603202,,0.786460
UniDA,RealWorld -> Pamap2,UniOT,1,0,733.736,0.606566,0.537379,0.696200,0.606524,,0.828222
UniDA,RealWorld -> Pamap2,UniOT,1,1,706.568,0.000000,0.000000,1.000000,0.407949,,0.911093
UniDA,RealWorld -> Pamap2,UniOT,1,2,952.407,0.478703,0.336413,0.829588,0.569854,,0.830179
UniDA,RealWorld -> Pamap2,UniOT,1,3,971.411,0.342036,0.217976,0.793856,0.533272,,0.821533
UniDA,RealWorld -> Pamap2,UniOT,1,4,974.276,0.478883,0.341453,0.801455,0.560008,,0.845677
UniDA,RealWorld -> Pamap2,UniJDOT,1,0,2038.220,0.665944,0.674717,0.657397,0.672702,,0.844535
UniDA,RealWorld -> Pamap2,UniJDOT,1,1,2079.570,0.464598,0.805544,0.326435,0.534040,,0.838662
UniDA,RealWorld -> Pamap2,UniJDOT,1,2,1969.144,0.607632,0.541999,0.691350,0.630564,,0.851550
UniDA,RealWorld -> Pamap2,UniJDOT,1,3,1540.309,0.619956,0.646157,0.595796,0.635047,,0.844861
UniDA,RealWorld -> Pamap2,UniJDOT,1,4,1448.675,0.667177,0.528139,0.905578,0.695271,,0.830343
OSDA,RealWorld -> MHEALTH,OSBP,8,0,120.692,0.339870,0.217683,0.774735,0.564627,,0.845465
OSDA,RealWorld -> MHEALTH,OSBP,8,1,136.800,0.173801,0.099390,0.691544,0.463775,,0.832036
OSDA,RealWorld -> MHEALTH,OSBP,8,2,137.048,0.787116,0.720122,0.867853,0.807325,,0.777345
OSDA,RealWorld -> MHEALTH,OSBP,8,3,135.897,0.353809,0.250610,0.601506,0.484482,,0.736668
OSDA,RealWorld -> MHEALTH,OSBP,8,4,144.580,0.371576,0.242073,0.799041,0.585841,,0.753990
OSDA,RealWorld -> MHEALTH,TSFA,8,0,316.733,0.266620,0.450610,0.189319,0.284458,,0.820358
OSDA,RealWorld -> MHEALTH,TSFA,8,1,327.437,0.307329,0.675610,0.198904,0.351593,,0.893928
OSDA,RealWorld -> MHEALTH,TSFA,8,2,322.021,0.321533,0.375610,0.281068,0.359213,,0.886532
OSDA,RealWorld -> MHEALTH,TSFA,8,3,315.455,0.359327,0.700000,0.241698,0.402347,,0.869015
OSDA,RealWorld -> MHEALTH,TSFA,8,4,332.060,0.358273,0.692073,0.241698,0.402755,,0.882834
OSDA,RealWorld -> MHEALTH,UDA,8,0,143.305,0.490292,0.758537,0.362205,0.505529,,0.898988
OSDA,RealWorld -> MHEALTH,UDA,8,1,156.940,0.411503,0.425000,0.398836,0.443511,,0.942585
OSDA,RealWorld -> MHEALTH,UDA,8,2,158.123,0.403883,0.663415,0.290312,0.431130,,0.916894
OSDA,RealWorld -> MHEALTH,UDA,8,3,159.328,0.401947,0.558537,0.313934,0.407393,,0.890619
OSDA,RealWorld -> MHEALTH,UDA,8,4,158.926,0.383805,0.500610,0.311195,0.383523,,0.896458
OSDA,RealWorld -> MHEALTH,OVANet,8,0,151.119,0.334963,0.206707,0.882574,0.594634,,0.917672
OSDA,RealWorld -> MHEALTH,OVANet,8,1,151.296,0.227706,0.450610,0.152345,0.228373,,0.867653
OSDA,RealWorld -> MHEALTH,OVANet,8,2,144.079,0.205119,0.499390,0.129065,0.211494,,0.905605
OSDA,RealWorld -> MHEALTH,OVANet,8,3,147.498,0.223716,0.426220,0.151660,0.227563,,0.854807
OSDA,RealWorld -> MHEALTH,OVANet,8,4,143.687,0.009499,0.524390,0.004793,0.079484,,0.818217
OSDA,RealWorld -> MHEALTH,DANCE,8,0,157.283,0.084846,0.044512,0.903800,0.505741,,0.808680
OSDA,RealWorld -> MHEALTH,DANCE,8,1,157.561,0.112318,0.059756,0.932900,0.518930,,0.803815
OSDA,RealWorld -> MHEALTH,DANCE,8,2,147.166,0.070206,0.036585,0.866484,0.483188,,0.860062
OSDA,RealWorld -> MHEALTH,DANCE,8,3,147.048,0.287822,0.168902,0.972612,0.589952,,0.843908
OSDA,RealWorld -> MHEALTH,DANCE,8,4,153.634,0.221723,0.125000,0.980144,0.573296,,0.816271
OSDA,RealWorld -> MHEALTH,PPOT,8,0,272.941,0.324771,0.451219,0.253680,0.342351,,0.832036
OSDA,RealWorld -> MHEALTH,PPOT,8,1,261.628,0.304845,0.378049,0.255392,0.323786,,0.927404
OSDA,RealWorld -> MHEALTH,PPOT,8,2,273.474,0.321905,0.307927,0.337213,0.381360,,0.962048
OSDA,RealWorld -> MHEALTH,PPOT,8,3,301.297,0.395241,0.503659,0.325231,0.416702,,0.927598
OSDA,RealWorld -> MHEALTH,PPOT,8,4,295.699,0.461190,0.551220,0.396440,0.482788,,0.923122
OSDA,RealWorld -> MHEALTH,RAINCOAT,8,0,68.449,0.254357,0.179878,0.434098,0.390815,,0.702219
OSDA,RealWorld -> MHEALTH,RAINCOAT,8,1,66.457,0.288582,0.458537,0.210544,0.298376,,0.618334
OSDA,RealWorld -> MHEALTH,RAINCOAT,8,2,80.469,0.134108,0.079878,0.417665,0.335809,,0.627482
OSDA,RealWorld -> MHEALTH,RAINCOAT,8,3,75.275,0.284126,0.351829,0.238275,0.290691,,0.776178
OSDA,RealWorld -> MHEALTH,RAINCOAT,8,4,69.686,0.326279,0.272561,0.406368,0.380830,,0.640327
OSDA,RealWorld -> MHEALTH,UniOT,8,0,860.881,0.299089,0.184756,0.784663,0.549543,,0.861425
OSDA,RealWorld -> MHEALTH,UniOT,8,1,899.052,0.624997,0.574390,0.685382,0.652724,,0.913390
OSDA,RealWorld -> MHEALTH,UniOT,8,2,992.355,0.580774,0.437195,0.864772,0.662658,,0.887699
OSDA,RealWorld -> MHEALTH,UniOT,8,3,999.940,0.341978,0.225610,0.706265,0.518194,,0.877579
OSDA,RealWorld -> MHEALTH,UniOT,8,4,950.099,0.354947,0.240854,0.674427,0.507802,,0.919813
OSDA,RealWorld -> MHEALTH,UniJDOT,8,0,1754.924,0.428683,0.328659,0.616227,0.499056,,0.886532
OSDA,RealWorld -> MHEALTH,UniJDOT,8,1,1632.455,0.332864,0.266463,0.443341,0.407388,,0.828143
OSDA,RealWorld -> MHEALTH,UniJDOT,8,2,1613.078,0.089641,0.049390,0.484423,0.360319,,0.929934
OSDA,RealWorld -> MHEALTH,UniJDOT,8,3,1554.353,0.386515,0.648780,0.275248,0.404527,,0.899766
OSDA,RealWorld -> MHEALTH,UniJDOT,8,4,1430.759,0.536392,0.498171,0.580965,0.516838,,0.872324
OSDA,Pamap2 -> RealWorld,OSBP,1,0,28.692,0.004535,0.678886,0.002275,0.544114,,0.977839
OSDA,Pamap2 -> RealWorld,OSBP,1,1,28.369,0.000000,0.747625,0.000000,0.598736,,0.976916
OSDA,Pamap2 -> RealWorld,OSBP,1,2,27.400,0.000000,0.663857,0.000000,0.516944,,0.976916
OSDA,Pamap2 -> RealWorld,OSBP,1,3,30.695,0.000000,0.753691,0.000000,0.608550,,0.977839
OSDA,Pamap2 -> RealWorld,OSBP,1,4,27.225,0.002272,0.732939,0.001138,0.595579,,0.976916
OSDA,Pamap2 -> RealWorld,TSFA,1,0,62.846,0.480714,0.610681,0.396360,0.517053,,0.967682
OSDA,Pamap2 -> RealWorld,TSFA,1,1,63.047,0.474737,0.603815,0.391126,0.513015,,0.973223
OSDA,Pamap2 -> RealWorld,TSFA,1,2,62.128,0.459893,0.612550,0.368146,0.514892,,0.975069
OSDA,Pamap2 -> RealWorld,TSFA,1,3,64.480,0.506977,0.627084,0.425483,0.533836,,0.972299
OSDA,Pamap2 -> RealWorld,TSFA,1,4,60.404,0.465795,0.589014,0.385210,0.499831,,0.972299
OSDA,Pamap2 -> RealWorld,UDA,1,0,34.217,0.393594,0.407438,0.380660,0.439471,,0.975993
OSDA,Pamap2 -> RealWorld,UDA,1,1,36.386,0.386024,0.480908,0.322412,0.496587,,0.975069
OSDA,Pamap2 -> RealWorld,UDA,1,2,32.430,0.450744,0.516994,0.399545,0.546315,,0.976916
OSDA,Pamap2 -> RealWorld,UDA,1,3,30.927,0.418152,0.538547,0.341752,0.558981,,0.958449
OSDA,Pamap2 -> RealWorld,UDA,1,4,32.493,0.375306,0.523174,0.292605,0.524079,,0.970452
OSDA,Pamap2 -> RealWorld,OVANet,1,0,26.937,0.112499,0.796529,0.060523,0.656318,,0.979686
OSDA,Pamap2 -> RealWorld,OVANet,1,1,25.839,0.155494,0.771352,0.086462,0.636205,,0.984303
OSDA,Pamap2 -> RealWorld,OVANet,1,2,27.072,0.142973,0.755865,0.078953,0.625371,,0.983379
OSDA,Pamap2 -> RealWorld,OVANet,1,3,24.229,0.075285,0.627274,0.040046,0.495873,,0.982456
OSDA,Pamap2 -> RealWorld,OVANet,1,4,26.368,0.107129,0.813885,0.057338,0.667056,,0.981533
OSDA,Pamap2 -> RealWorld,DANCE,1,0,28.788,0.000000,0.000000,1.000000,0.036054,,0.975069
OSDA,Pamap2 -> RealWorld,DANCE,1,1,27.788,0.000000,0.000000,1.000000,0.036054,,0.980609
OSDA,Pamap2 -> RealWorld,DANCE,1,2,28.113,0.000000,0.000000,1.000000,0.036054,,0.981533
OSDA,Pamap2 -> RealWorld,DANCE,1,3,28.589,0.000000,0.000000,1.000000,0.036054,,0.978763
OSDA,Pamap2 -> RealWorld,DANCE,1,4,31.339,0.000000,0.000000,1.000000,0.036054,,0.983379
OSDA,Pamap2 -> RealWorld,PPOT,1,0,76.685,0.000000,0.000000,1.000000,0.036054,,0.976916
OSDA,Pamap2 -> RealWorld,PPOT,1,1,82.918,0.000000,0.000000,1.000000,0.036054,,0.975993
OSDA,Pamap2 -> RealWorld,PPOT,1,2,75.778,0.000000,0.000000,1.000000,0.036054,,0.982456
OSDA,Pamap2 -> RealWorld,PPOT,1,3,84.147,0.007373,0.003700,0.998635,0.042365,,0.978763
OSDA,Pamap2 -> RealWorld,PPOT,1,4,76.442,0.000000,0.000000,1.000000,0.036054,,0.979686
OSDA,Pamap2 -> RealWorld,RAINCOAT,1,0,89.802,0.194108,0.458783,0.123094,0.423126,,0.916898
OSDA,Pamap2 -> RealWorld,RAINCOAT,1,1,56.069,0.319147,0.386267,0.271900,0.377269,,0.746076
OSDA,Pamap2 -> RealWorld,RAINCOAT,1,2,71.897,0.341743,0.447416,0.276451,0.444104,,0.901200
OSDA,Pamap2 -> RealWorld,RAINCOAT,1,3,63.629,0.288970,0.369369,0.237315,0.353030,,0.783934
OSDA,Pamap2 -> RealWorld,RAINCOAT,1,4,65.431,0.199804,0.304940,0.148578,0.299473,,0.816251
OSDA,Pamap2 -> RealWorld,UniOT,1,0,148.929,0.481804,0.354148,0.753356,0.435661,,0.980609
OSDA,Pamap2 -> RealWorld,UniOT,1,1,150.613,0.491233,0.386534,0.673720,0.463126,,0.977839
OSDA,Pamap2 -> RealWorld,UniOT,1,2,142.470,0.405289,0.314095,0.571104,0.384861,,0.960295
OSDA,Pamap2 -> RealWorld,UniOT,1,3,147.015,0.413248,0.317528,0.591581,0.362579,,0.974146
OSDA,Pamap2 -> RealWorld,UniOT,1,4,150.016,0.492446,0.372993,0.724460,0.457625,,0.981533
OSDA,Pamap2 -> RealWorld,UniJDOT,1,0,260.067,0.613913,0.488270,0.826621,0.547169,,0.975993
OSDA,Pamap2 -> RealWorld,UniJDOT,1,1,275.720,0.533685,0.382911,0.880319,0.437941,,0.971376
OSDA,Pamap2 -> RealWorld,UniJDOT,1,2,279.225,0.546451,0.444898,0.708077,0.474497,,0.973223
OSDA,Pamap2 -> RealWorld,UniJDOT,1,3,281.072,0.350830,0.230975,0.729238,0.263739,,0.974146
OSDA,Pamap2 -> RealWorld,UniJDOT,1,4,269.657,0.549001,0.402632,0.862571,0.482769,,0.975993
UniDA,MHEALTH -> RealWorld,UDA,2,0,15.231,0.377339,0.359243,0.397355,0.406626,,0.987261
UniDA,MHEALTH -> RealWorld,UDA,2,1,14.678,0.301288,0.234753,0.420455,0.307461,,0.987261
UniDA,MHEALTH -> RealWorld,UDA,2,2,14.034,0.376419,0.381708,0.371274,0.455087,,0.942675
UniDA,MHEALTH -> RealWorld,UDA,2,3,14.591,0.382133,0.393646,0.371274,0.477701,,0.940552
UniDA,MHEALTH -> RealWorld,UDA,2,4,14.825,0.313605,0.235821,0.467958,0.308362,,0.968153
UniDA,MHEALTH -> RealWorld,OVANet,2,0,12.234,0.343858,0.220069,0.785954,0.301287,,0.993631
UniDA,MHEALTH -> RealWorld,OVANet,2,1,12.860,0.275768,0.185667,0.535767,0.241622,,0.991507
UniDA,MHEALTH -> RealWorld,OVANet,2,2,12.477,0.187372,0.106068,0.802534,0.197592,,0.993631
UniDA,MHEALTH -> RealWorld,OVANet,2,3,12.449,0.255923,0.148633,0.920082,0.236312,,0.991507
UniDA,MHEALTH -> RealWorld,OVANet,2,4,12.467,0.240211,0.154888,0.534836,0.218896,,0.993631
UniDA,MHEALTH -> RealWorld,DANCE,2,0,13.740,0.000000,0.000000,1.000000,0.049371,,0.991507
UniDA,MHEALTH -> RealWorld,DANCE,2,1,12.448,0.000000,0.000000,1.000000,0.049371,,0.991507
UniDA,MHEALTH -> RealWorld,DANCE,2,2,12.354,0.000000,0.000000,1.000000,0.049371,,0.989384
UniDA,MHEALTH -> RealWorld,DANCE,2,3,12.857,0.000000,0.000000,1.000000,0.049371,,0.991507
UniDA,MHEALTH -> RealWorld,DANCE,2,4,12.790,0.000000,0.000000,1.000000,0.049371,,0.989384
UniDA,MHEALTH -> RealWorld,PPOT,2,0,48.833,0.000000,0.000000,1.000000,0.049371,,0.895966
UniDA,MHEALTH -> RealWorld,PPOT,2,1,46.440,0.000000,0.000000,1.000000,0.049371,,0.821656
UniDA,MHEALTH -> RealWorld,PPOT,2,2,48.212,0.000000,0.000000,1.000000,0.049371,,0.980892
UniDA,MHEALTH -> RealWorld,PPOT,2,3,49.180,0.000000,0.000000,1.000000,0.049371,,0.872611
UniDA,MHEALTH -> RealWorld,PPOT,2,4,46.751,0.000000,0.000000,1.000000,0.049371,,0.980892
UniDA,MHEALTH -> RealWorld,RAINCOAT,2,0,24.317,0.028230,0.118654,0.016021,0.128038,,0.649682
UniDA,MHEALTH -> RealWorld,RAINCOAT,2,1,24.278,0.019786,0.117205,0.010805,0.089685,,0.658174
UniDA,MHEALTH -> RealWorld,RAINCOAT,2,2,29.292,0.147400,0.423395,0.089232,0.373673,,0.356688
UniDA,MHEALTH -> RealWorld,RAINCOAT,2,3,34.783,0.109449,0.134216,0.092399,0.183965,,0.624204
UniDA,MHEALTH -> RealWorld,RAINCOAT,2,4,34.710,0.365924,0.276364,0.541356,0.314914,,0.662420
UniDA,MHEALTH -> RealWorld,UniOT,2,0,55.024,0.353711,0.228270,0.785209,0.268327,,0.995754
UniDA,MHEALTH -> RealWorld,UniOT,2,1,57.421,0.296789,0.206873,0.524963,0.234310,,0.995754
UniDA,MHEALTH -> RealWorld,UniOT,2,2,48.746,0.145907,0.080323,0.795082,0.151975,,0.995754
UniDA,MHEALTH -> RealWorld,UniOT,2,3,49.218,0.298111,0.189595,0.697094,0.232040,,0.995754
UniDA,MHEALTH -> RealWorld,UniOT,2,4,48.304,0.390425,0.269461,0.708458,0.319330,,0.993631
UniDA,MHEALTH -> RealWorld,UniJDOT,2,0,83.839,0.057652,0.029711,0.967399,0.113212,,0.991507
UniDA,MHEALTH -> RealWorld,UniJDOT,2,1,82.573,0.231252,0.132728,0.897355,0.227429,,0.997877
UniDA,MHEALTH -> RealWorld,UniJDOT,2,2,80.443,0.335946,0.201953,0.998323,0.251056,,0.993631
UniDA,MHEALTH -> RealWorld,UniJDOT,2,3,77.168,0.374829,0.233571,0.948398,0.289626,,0.991507
UniDA,MHEALTH -> RealWorld,UniJDOT,2,4,81.743,0.321566,0.192380,0.978949,0.260942,,0.993631
PDA,MHEALTH -> RealWorld,UniJDOT,5,3,184.840,0.000000,0.179404,0.000000,0.232485,,0.942685
PDA,MHEALTH -> RealWorld,UniOT,5,1,101.464,0.000000,0.000000,0.000000,0.000000,,0.981900
PDA,MHEALTH -> RealWorld,PPOT,5,2,110.123,0.000000,0.000000,0.000000,0.000000,,0.754148
PDA,MHEALTH -> RealWorld,DANCE,5,2,37.577,0.000000,0.000000,0.000000,0.000000,,0.876320
PDA,MHEALTH -> RealWorld,UniOT,5,3,163.958,0.000000,0.000000,0.000000,0.000000,,0.936652
PDA,MHEALTH -> RealWorld,PDAAN,5,2,30.463,,,,0.178283,,0.885370
PDA,MHEALTH -> RealWorld,RAINCOAT,5,0,66.552,0.000000,0.168263,0.000000,0.249884,,0.485671
PDA,MHEALTH -> RealWorld,PDAAN,5,3,29.550,,,,0.474200,,0.880845
PDA,MHEALTH -> RealWorld,DANCE,5,1,36.186,0.000000,0.000000,0.000000,0.000000,,0.929110
PDA,MHEALTH -> RealWorld,UniOT,5,2,131.837,0.000000,0.000000,0.000000,0.000000,,0.918552
PDA,MHEALTH -> RealWorld,OVANet,5,3,36.687,0.000000,0.094738,0.000000,0.142174,,0.915535
PDA,MHEALTH -> RealWorld,DANCE,5,4,36.824,0.000000,0.000000,0.000000,0.000000,,0.929110
PDA,MHEALTH -> RealWorld,RAINCOAT,5,1,62.792,0.000000,0.125339,0.000000,0.155536,,0.644042
PDA,MHEALTH -> RealWorld,UniJDOT,5,1,183.425,0.000000,0.065550,0.000000,0.102371,,0.938160
PDA,MHEALTH -> RealWorld,PPOT,5,1,106.278,0.000000,0.000000,0.000000,0.000000,,0.641026
PDA,MHEALTH -> RealWorld,SPADA,5,1,29.736,,,,0.618833,,0.889894
PDA,MHEALTH -> RealWorld,UniOT,5,4,116.603,0.000000,0.000000,0.000000,0.000000,,0.929110
PDA,MHEALTH -> RealWorld,OVANet,5,2,37.489,0.000000,0.000534,0.000000,0.001045,,0.920060
PDA,MHEALTH -> RealWorld,RAINCOAT,5,2,61.870,0.000000,0.144073,0.000000,0.210941,,0.377074
PDA,MHEALTH -> RealWorld,DANCE,5,0,40.432,0.000000,0.000000,0.000000,0.000000,,0.923077
PDA,MHEALTH -> RealWorld,PPOT,5,3,117.491,0.000000,0.000000,0.000000,0.000000,,0.680241
PDA,MHEALTH -> RealWorld,UDA,5,3,45.786,0.000000,0.329467,0.000000,0.475061,,0.882353
PDA,MHEALTH -> RealWorld,SPADA,5,2,29.626,,,,0.110536,,0.892911
PDA,MHEALTH -> RealWorld,UniJDOT,5,0,187.420,0.000000,0.123202,0.000000,0.152576,,0.962293
PDA,MHEALTH -> RealWorld,OVANet,5,4,36.313,0.000000,0.015262,0.000000,0.027728,,0.891403
PDA,MHEALTH -> RealWorld,UDA,5,1,46.629,0.000000,0.158839,0.000000,0.257066,,0.929110
PDA,MHEALTH -> RealWorld,SPADA,5,4,28.299,,,,0.472015,,0.888386
PDA,MHEALTH -> RealWorld,UniJDOT,5,2,174.518,0.000000,0.209852,0.000000,0.246171,,0.948718
PDA,MHEALTH -> RealWorld,RAINCOAT,5,4,64.188,0.000000,0.040597,0.000000,0.070309,,0.574661
PDA,MHEALTH -> RealWorld,PDAAN,5,0,32.628,,,,0.296122,,0.877828
PDA,MHEALTH -> RealWorld,OVANet,5,1,36.221,0.000000,0.001145,0.000000,0.002225,,0.923077
PDA,MHEALTH -> RealWorld,OVANet,5,0,158.859,0.000000,0.018925,0.000000,0.034854,,0.906486
PDA,MHEALTH -> RealWorld,RAINCOAT,5,3,63.660,0.000000,0.189362,0.000000,0.232856,,0.542986
PDA,MHEALTH -> RealWorld,PPOT,5,4,114.199,0.000000,0.000000,0.000000,0.000000,,0.695324
PDA,MHEALTH -> RealWorld,SPADA,5,3,31.857,,,,0.365360,,0.883861
PDA,MHEALTH -> RealWorld,PDAAN,5,4,29.284,,,,0.255612,,0.885370
PDA,MHEALTH -> RealWorld,PPOT,5,0,116.162,0.000000,0.000000,0.000000,0.000000,,0.763198
PDA,MHEALTH -> RealWorld,UDA,5,0,44.345,0.000000,0.124881,0.000000,0.201248,,0.900452
PDA,MHEALTH -> RealWorld,UDA,5,4,43.907,0.000000,0.217711,0.000000,0.300064,,0.912519
PDA,MHEALTH -> RealWorld,SPADA,5,0,33.115,,,,0.415527,,0.879336
PDA,MHEALTH -> RealWorld,UniJDOT,5,4,183.725,0.000000,0.011942,0.000000,0.017612,,0.930618
PDA,MHEALTH -> RealWorld,UDA,5,2,46.004,0.000000,0.310008,0.000000,0.449788,,0.923077
PDA,MHEALTH -> RealWorld,PDAAN,5,1,28.620,,,,0.587816,,0.882353
PDA,MHEALTH -> RealWorld,UniOT,5,0,264.673,0.000000,0.000000,0.000000,0.000000,,0.945701
PDA,MHEALTH -> RealWorld,DANCE,5,3,38.167,0.000000,0.000000,0.000000,0.000000,,0.929110
PDA,Pamap2 -> MHEALTH,PDAAN,5,0,40.322,,,,0.001232,,0.488699
PDA,Pamap2 -> MHEALTH,PDAAN,5,1,35.501,,,,0.000000,,0.518192
PDA,Pamap2 -> MHEALTH,PDAAN,5,2,36.697,,,,0.004889,,0.552646
PDA,Pamap2 -> MHEALTH,PDAAN,5,3,35.716,,,,0.031269,,0.488423
PDA,Pamap2 -> MHEALTH,PDAAN,5,4,36.836,,,,0.000000,,0.490077
PDA,Pamap2 -> MHEALTH,SPADA,5,0,53.149,,,,0.110920,,0.717200
PDA,Pamap2 -> MHEALTH,SPADA,5,1,41.159,,,,0.301077,,0.747244
PDA,Pamap2 -> MHEALTH,SPADA,5,2,43.049,,,,0.172848,,0.732359
PDA,Pamap2 -> MHEALTH,SPADA,5,3,43.769,,,,0.230020,,0.735667
PDA,Pamap2 -> MHEALTH,SPADA,5,4,47.825,,,,0.122722,,0.746141
PDA,Pamap2 -> MHEALTH,UDA,5,0,69.344,0.000000,0.108025,0.000000,0.172749,,0.686329
PDA,Pamap2 -> MHEALTH,UDA,5,1,72.178,0.000000,0.044444,0.000000,0.079481,,0.747795
PDA,Pamap2 -> MHEALTH,UDA,5,2,77.346,0.000000,0.100000,0.000000,0.147195,,0.667585
PDA,Pamap2 -> MHEALTH,UDA,5,3,74.121,0.000000,0.143827,0.000000,0.226473,,0.731533
PDA,Pamap2 -> MHEALTH,UDA,5,4,75.321,0.000000,0.196914,0.000000,0.297735,,0.732084
PDA,Pamap2 -> MHEALTH,OVANet,5,0,57.911,0.000000,0.000000,0.000000,0.000000,,0.815601
PDA,Pamap2 -> MHEALTH,OVANet,5,1,63.815,0.000000,0.000000,0.000000,0.000000,,0.822767
PDA,Pamap2 -> MHEALTH,OVANet,5,2,61.438,0.000000,0.000000,0.000000,0.000000,,0.799890
PDA,Pamap2 -> MHEALTH,OVANet,5,3,61.065,0.000000,0.000000,0.000000,0.000000,,0.829658
PDA,Pamap2 -> MHEALTH,OVANet,5,4,63.370,0.000000,0.000000,0.000000,0.000000,,0.839857
PDA,Pamap2 -> MHEALTH,DANCE,5,0,60.584,0.000000,0.000000,0.000000,0.000000,,0.794928
PDA,Pamap2 -> MHEALTH,DANCE,5,1,63.987,0.000000,0.000000,0.000000,0.000000,,0.810915
PDA,Pamap2 -> MHEALTH,DANCE,5,2,66.506,0.000000,0.000000,0.000000,0.000000,,0.815877
PDA,Pamap2 -> MHEALTH,DANCE,5,3,60.230,0.000000,0.000000,0.000000,0.000000,,0.803473
PDA,Pamap2 -> MHEALTH,DANCE,5,4,65.295,0.000000,0.000000,0.000000,0.000000,,0.797685
PDA,Pamap2 -> MHEALTH,PPOT,5,0,133.977,0.000000,0.000000,0.000000,0.000000,,0.582415
PDA,Pamap2 -> MHEALTH,PPOT,5,1,131.587,0.000000,0.000000,0.000000,0.000000,,0.582690
PDA,Pamap2 -> MHEALTH,PPOT,5,2,140.922,0.000000,0.000000,0.000000,0.000000,,0.631477
PDA,Pamap2 -> MHEALTH,PPOT,5,3,125.771,0.000000,0.000000,0.000000,0.000000,,0.624311
PDA,Pamap2 -> MHEALTH,PPOT,5,4,137.385,0.000000,0.000000,0.000000,0.000000,,0.581588
PDA,Pamap2 -> MHEALTH,RAINCOAT,5,0,32.921,0.000000,0.010494,0.000000,0.020132,,0.459482
PDA,Pamap2 -> MHEALTH,RAINCOAT,5,1,32.926,0.000000,0.050000,0.000000,0.059767,,0.492558
PDA,Pamap2 -> MHEALTH,RAINCOAT,5,2,25.159,0.000000,0.067901,0.000000,0.118452,,0.458379
PDA,Pamap2 -> MHEALTH,RAINCOAT,5,3,27.227,0.000000,0.166667,0.000000,0.199005,,0.460033
PDA,Pamap2 -> MHEALTH,RAINCOAT,5,4,32.465,0.000000,0.055556,0.000000,0.094674,,0.305402
PDA,Pamap2 -> MHEALTH,UniOT,5,0,418.539,0.000000,0.000000,0.000000,0.000000,,0.710584
PDA,Pamap2 -> MHEALTH,UniOT,5,1,378.963,0.000000,0.003086,0.000000,0.006097,,0.718026
PDA,Pamap2 -> MHEALTH,UniOT,5,2,399.559,0.000000,0.000000,0.000000,0.000000,,0.745590
PDA,Pamap2 -> MHEALTH,UniOT,5,3,377.008,0.000000,0.025926,0.000000,0.030084,,0.623208
PDA,Pamap2 -> MHEALTH,UniOT,5,4,351.947,0.000000,0.000000,0.000000,0.000000,,0.635612
PDA,Pamap2 -> MHEALTH,UniJDOT,5,0,944.987,0.000000,0.446296,0.000000,0.507895,,0.765711
PDA,Pamap2 -> MHEALTH,UniJDOT,5,1,846.772,0.000000,0.251852,0.000000,0.300421,,0.780871
PDA,Pamap2 -> MHEALTH,UniJDOT,5,2,719.190,0.000000,0.125309,0.000000,0.125358,,0.815601
PDA,Pamap2 -> MHEALTH,UniJDOT,5,3,672.820,0.000000,0.273457,0.000000,0.237649,,0.743109
PDA,Pamap2 -> MHEALTH,UniJDOT,5,4,684.523,0.000000,0.000000,0.000000,0.000000,,0.767916
PDA,MHEALTH -> RealWorld,UDA,1,0,37.808,0.000000,0.286581,0.000000,0.400289,,0.985222
PDA,MHEALTH -> RealWorld,UDA,1,3,31.658,0.000000,0.212561,0.000000,0.295718,,0.975369
PDA,MHEALTH -> RealWorld,SPADA,1,3,20.589,,,,0.565681,,0.987685
PDA,MHEALTH -> RealWorld,UDA,1,4,31.091,0.000000,0.289519,0.000000,0.363748,,0.963054
PDA,MHEALTH -> RealWorld,UDA,1,2,30.102,0.000000,0.392079,0.000000,0.506775,,0.963054
PDA,MHEALTH -> RealWorld,UniOT,1,3,202.464,0.000000,0.226258,0.000000,0.254498,,0.995074
PDA,MHEALTH -> RealWorld,PPOT,1,1,108.011,0.000000,0.000000,0.000000,0.000000,,0.901478
PDA,MHEALTH -> RealWorld,SPADA,1,1,21.203,,,,0.227755,,0.987685
PDA,MHEALTH -> RealWorld,UniOT,1,4,200.795,0.000000,0.147926,0.000000,0.172469,,0.985222
PDA,MHEALTH -> RealWorld,RAINCOAT,1,2,49.261,0.000000,0.198977,0.000000,0.247145,,0.692118
PDA,MHEALTH -> RealWorld,OVANet,1,2,26.580,0.000000,0.210004,0.000000,0.233783,,0.992611
PDA,MHEALTH -> RealWorld,OVANet,1,1,24.232,0.000000,0.223549,0.000000,0.250119,,0.995074
PDA,MHEALTH -> RealWorld,UniJDOT,1,0,110.299,0.000000,0.415010,0.000000,0.454227,,0.990148
PDA,MHEALTH -> RealWorld,DANCE,1,2,24.993,0.000000,0.000000,0.000000,0.000000,,0.990148
PDA,MHEALTH -> RealWorld,PPOT,1,4,95.934,0.000000,0.000000,0.000000,0.000000,,0.975369
PDA,MHEALTH -> RealWorld,RAINCOAT,1,0,58.664,0.000000,0.199359,0.000000,0.245463,,0.731527
PDA,MHEALTH -> RealWorld,OVANet,1,3,24.548,0.000000,0.313099,0.000000,0.350641,,0.992611
PDA,MHEALTH -> RealWorld,UniJDOT,1,3,105.363,0.000000,0.314739,0.000000,0.399894,,0.995074
PDA,MHEALTH -> RealWorld,UniOT,1,2,199.227,0.000000,0.249838,0.000000,0.237068,,0.997537
PDA,MHEALTH -> RealWorld,DANCE,1,1,27.190,0.000000,0.000000,0.000000,0.000000,,0.992611
PDA,MHEALTH -> RealWorld,OVANet,1,4,25.477,0.000000,0.269831,0.000000,0.308623,,0.992611
PDA,MHEALTH -> RealWorld,UniJDOT,1,1,107.135,0.000000,0.260979,0.000000,0.298160,,0.990148
PDA,MHEALTH -> RealWorld,UniJDOT,1,4,106.446,0.000000,0.090999,0.000000,0.114562,,0.997537
PDA,MHEALTH -> RealWorld,SPADA,1,4,21.936,,,,0.526031,,0.987685
PDA,MHEALTH -> RealWorld,DANCE,1,0,29.852,0.000000,0.000000,0.000000,0.000000,,0.992611
PDA,MHEALTH -> RealWorld,UDA,1,1,32.027,0.000000,0.297264,0.000000,0.376875,,0.891626
PDA,MHEALTH -> RealWorld,UniJDOT,1,2,103.261,0.000000,0.109352,0.000000,0.126230,,0.997537
PDA,MHEALTH -> RealWorld,PDAAN,1,3,19.516,,,,0.291979,,0.980296
PDA,MHEALTH -> RealWorld,DANCE,1,4,25.972,0.000000,0.000000,0.000000,0.000000,,0.992611
PDA,MHEALTH -> RealWorld,PDAAN,1,2,18.415,,,,0.260213,,0.963054
PDA,MHEALTH -> RealWorld,PDAAN,1,4,18.470,,,,0.317653,,0.972906
PDA,MHEALTH -> RealWorld,RAINCOAT,1,1,54.155,0.000000,0.113740,0.000000,0.162928,,0.628079
PDA,MHEALTH -> RealWorld,PPOT,1,2,110.997,0.000000,0.000000,0.000000,0.000000,,0.886699
PDA,MHEALTH -> RealWorld,RAINCOAT,1,3,51.791,0.000000,0.244038,0.000000,0.224747,,0.551724
PDA,MHEALTH -> RealWorld,RAINCOAT,1,4,51.131,0.000000,0.091114,0.000000,0.130975,,0.655172
PDA,MHEALTH -> RealWorld,SPADA,1,2,21.404,,,,0.535258,,0.987685
PDA,MHEALTH -> RealWorld,DANCE,1,3,25.440,0.000000,0.000000,0.000000,0.000000,,0.990148
PDA,MHEALTH -> RealWorld,PDAAN,1,0,23.447,,,,0.282486,,0.975369
PDA,MHEALTH -> RealWorld,OVANet,1,0,33.163,0.000000,0.308406,0.000000,0.331399,,0.990148
PDA,MHEALTH -> RealWorld,PDAAN,1,1,18.433,,,,0.163613,,0.977832
PDA,MHEALTH -> RealWorld,UniOT,1,1,146.982,0.000000,0.246442,0.000000,0.342852,,0.990148
PDA,MHEALTH -> RealWorld,PPOT,1,0,105.095,0.000000,0.000000,0.000000,0.000000,,0.990148
PDA,MHEALTH -> RealWorld,SPADA,1,0,21.956,,,,0.369502,,0.992611
PDA,MHEALTH -> RealWorld,PPOT,1,3,103.012,0.000000,0.000000,0.000000,0.000000,,0.866995
PDA,MHEALTH -> RealWorld,UniOT,1,0,201.280,0.000000,0.209661,0.000000,0.239099,,0.987685
OSDA,MHEALTH -> RealWorld,OSBP,3,0,14.223,0.388881,0.836073,0.253363,0.656198,,0.858025
OSDA,MHEALTH -> RealWorld,OSBP,3,1,13.941,0.509192,0.462870,0.565816,0.486866,,0.938272
OSDA,MHEALTH -> RealWorld,OSBP,3,2,14.020,0.471389,0.618254,0.380906,0.546086,,0.972222
OSDA,MHEALTH -> RealWorld,OSBP,3,3,13.793,0.464275,0.593577,0.381229,0.542415,,0.981481
OSDA,MHEALTH -> RealWorld,OSBP,3,4,13.361,0.093617,0.437507,0.052416,0.335250,,0.993827
OSDA,MHEALTH -> RealWorld,TSFA,3,0,29.123,0.560918,0.781952,0.437305,0.686861,,0.996914
OSDA,MHEALTH -> RealWorld,TSFA,3,1,28.770,0.480220,0.737404,0.356043,0.624926,,0.996914
OSDA,MHEALTH -> RealWorld,TSFA,3,2,28.752,0.551136,0.788054,0.423743,0.685277,,0.996914
OSDA,MHEALTH -> RealWorld,TSFA,3,3,29.169,0.535047,0.774171,0.408783,0.673139,,0.996914
OSDA,MHEALTH -> RealWorld,TSFA,3,4,29.109,0.547816,0.771769,0.424604,0.676903,,0.996914
OSDA,MHEALTH -> RealWorld,UDA,3,0,16.039,0.367436,0.317899,0.435260,0.352041,,0.981481
OSDA,MHEALTH -> RealWorld,UDA,3,1,15.804,0.370953,0.318281,0.444516,0.360367,,0.987654
OSDA,MHEALTH -> RealWorld,UDA,3,2,15.141,0.349253,0.310347,0.399311,0.315240,,0.981481
OSDA,MHEALTH -> RealWorld,UDA,3,3,14.747,0.403748,0.368206,0.446884,0.379276,,0.981481
OSDA,MHEALTH -> RealWorld,UDA,3,4,15.207,0.421430,0.460391,0.388548,0.436392,,0.996914
OSDA,MHEALTH -> RealWorld,OVANet,3,0,16.496,0.339194,0.309127,0.375740,0.326312,,0.996914
OSDA,MHEALTH -> RealWorld,OVANet,3,1,15.280,0.342593,0.270415,0.467334,0.320987,,0.996914
OSDA,MHEALTH -> RealWorld,OVANet,3,2,15.193,0.321905,0.552576,0.227101,0.469834,,0.996914
OSDA,MHEALTH -> RealWorld,OVANet,3,3,14.343,0.367718,0.259163,0.632763,0.333969,,0.993827
OSDA,MHEALTH -> RealWorld,OVANet,3,4,14.936,0.290015,0.483161,0.207190,0.384055,,0.996914
OSDA,MHEALTH -> RealWorld,DANCE,3,0,16.458,0.000000,0.000000,1.000000,0.108522,,0.996914
OSDA,MHEALTH -> RealWorld,DANCE,3,1,14.890,0.000000,0.000000,1.000000,0.108522,,0.993827
OSDA,MHEALTH -> RealWorld,DANCE,3,2,14.713,0.000000,0.000000,1.000000,0.108522,,0.993827
OSDA,MHEALTH -> RealWorld,DANCE,3,3,15.012,0.000000,0.000000,1.000000,0.108522,,0.990741
OSDA,MHEALTH -> RealWorld,DANCE,3,4,15.420,0.000000,0.000000,1.000000,0.108522,,0.993827
OSDA,MHEALTH -> RealWorld,PPOT,3,0,59.511,0.000000,0.000000,1.000000,0.108522,,0.978395
OSDA,MHEALTH -> RealWorld,PPOT,3,1,58.519,0.000000,0.000000,1.000000,0.108522,,0.953704
OSDA,MHEALTH -> RealWorld,PPOT,3,2,56.790,0.000000,0.000000,1.000000,0.108522,,0.981481
OSDA,MHEALTH -> RealWorld,PPOT,3,3,56.761,0.000000,0.000000,1.000000,0.108522,,0.935185
OSDA,MHEALTH -> RealWorld,PPOT,3,4,59.063,0.000000,0.000000,1.000000,0.108522,,0.984568
OSDA,MHEALTH -> RealWorld,RAINCOAT,3,0,34.313,0.034296,0.103398,0.020558,0.082804,,0.743827
OSDA,MHEALTH -> RealWorld,RAINCOAT,3,1,37.831,0.118599,0.532476,0.066731,0.363037,,0.623457
OSDA,MHEALTH -> RealWorld,RAINCOAT,3,2,41.215,0.191319,0.115069,0.567108,0.204272,,0.901235
OSDA,MHEALTH -> RealWorld,RAINCOAT,3,3,33.636,0.308784,0.198329,0.696911,0.316007,,0.885802
OSDA,MHEALTH -> RealWorld,RAINCOAT,3,4,33.593,0.254982,0.179755,0.438489,0.256515,,0.746914
OSDA,MHEALTH -> RealWorld,UniOT,3,0,58.876,0.374247,0.239864,0.851039,0.294208,,0.996914
OSDA,MHEALTH -> RealWorld,UniOT,3,1,56.949,0.488504,0.342729,0.850070,0.383360,,0.996914
OSDA,MHEALTH -> RealWorld,UniOT,3,2,56.807,0.373938,0.248217,0.757723,0.317063,,1.000000
OSDA,MHEALTH -> RealWorld,UniOT,3,3,55.743,0.402541,0.277661,0.731568,0.317052,,0.996914
OSDA,MHEALTH -> RealWorld,UniOT,3,4,51.778,0.440090,0.294519,0.870197,0.359502,,0.996914
OSDA,MHEALTH -> RealWorld,UniJDOT,3,0,81.133,0.273971,0.248370,0.305457,0.225845,,1.000000
OSDA,MHEALTH -> RealWorld,UniJDOT,3,1,81.250,0.358543,0.230024,0.812507,0.359649,,0.996914
OSDA,MHEALTH -> RealWorld,UniJDOT,3,2,79.085,0.583560,0.680079,0.511032,0.620831,,0.993827
OSDA,MHEALTH -> RealWorld,UniJDOT,3,3,80.930,0.455803,0.304626,0.904854,0.410353,,0.993827
OSDA,MHEALTH -> RealWorld,UniJDOT,3,4,80.445,0.624510,0.476105,0.907330,0.531879,,0.990741
OSDA,RealWorld -> Pamap2,RAINCOAT,7,0,198.573,0.265717,0.373714,0.206144,0.279070,,0.559362
OSDA,RealWorld -> Pamap2,RAINCOAT,7,1,208.581,0.166915,0.284275,0.118142,0.170265,,0.591475
OSDA,RealWorld -> Pamap2,RAINCOAT,7,2,226.585,0.299469,0.308839,0.290650,0.322257,,0.551187
OSDA,RealWorld -> Pamap2,RAINCOAT,7,3,225.218,0.256560,0.199244,0.360170,0.371009,,0.596341
OSDA,RealWorld -> Pamap2,RAINCOAT,7,4,218.321,0.313894,0.306529,0.321622,0.346188,,0.550993
OSDA,RealWorld -> Pamap2,OSBP,7,0,149.180,0.678152,0.651480,0.707102,0.714103,,0.811600
OSDA,RealWorld -> Pamap2,OSBP,7,1,153.880,0.714123,0.653580,0.787029,0.761286,,0.783184
OSDA,RealWorld -> Pamap2,OSBP,7,2,154.381,0.727953,0.689691,0.770710,0.760979,,0.819385
OSDA,RealWorld -> Pamap2,OSBP,7,3,150.100,0.658804,0.587445,0.749896,0.716692,,0.861619
OSDA,RealWorld -> Pamap2,OSBP,7,4,144.664,0.749166,0.741759,0.756723,0.768665,,0.737641
OSDA,RealWorld -> Pamap2,TSFA,7,0,316.698,0.350044,0.654839,0.238864,0.372961,,0.816076
OSDA,RealWorld -> Pamap2,TSFA,7,1,314.059,0.378152,0.806005,0.247024,0.399218,,0.911639
OSDA,RealWorld -> Pamap2,TSFA,7,2,324.557,0.389198,0.841906,0.253101,0.411956,,0.882055
OSDA,RealWorld -> Pamap2,TSFA,7,3,310.975,0.379959,0.794457,0.249688,0.400891,,0.898015
OSDA,RealWorld -> Pamap2,TSFA,7,4,311.453,0.375237,0.795507,0.245525,0.401263,,0.858700
OSDA,RealWorld -> Pamap2,UDA,7,0,158.708,0.380497,0.638463,0.271002,0.386652,,0.962242
OSDA,RealWorld -> Pamap2,UDA,7,1,159.785,0.410163,0.537476,0.331613,0.414616,,0.915142
OSDA,RealWorld -> Pamap2,UDA,7,2,160.280,0.404623,0.522990,0.329948,0.413705,,0.909498
OSDA,RealWorld -> Pamap2,UDA,7,3,162.287,0.433586,0.595633,0.340854,0.438132,,0.940249
OSDA,RealWorld -> Pamap2,UDA,7,4,161.814,0.411188,0.504304,0.347098,0.420388,,0.863371
OSDA,RealWorld -> Pamap2,OVANet,7,0,141.072,0.216036,0.897124,0.122804,0.307445,,0.906384
OSDA,RealWorld -> Pamap2,OVANet,7,1,136.325,0.419129,0.558681,0.335359,0.406580,,0.886726
OSDA,RealWorld -> Pamap2,OVANet,7,2,133.825,0.107617,0.474281,0.060694,0.167356,,0.881861
OSDA,RealWorld -> Pamap2,OVANet,7,3,134.589,0.453050,0.597313,0.364915,0.454518,,0.863566
OSDA,RealWorld -> Pamap2,OVANet,7,4,137.751,0.066728,0.475121,0.035884,0.101883,,0.881666
OSDA,RealWorld -> Pamap2,DANCE,7,0,136.933,0.399323,0.259290,0.868204,0.656177,,0.878163
OSDA,RealWorld -> Pamap2,DANCE,7,1,140.052,0.343148,0.210582,0.926234,0.661055,,0.888673
OSDA,RealWorld -> Pamap2,DANCE,7,2,134.926,0.318882,0.195465,0.865124,0.639924,,0.866680
OSDA,RealWorld -> Pamap2,DANCE,7,3,134.832,0.098611,0.052278,0.867122,0.574955,,0.862398
OSDA,RealWorld -> Pamap2,DANCE,7,4,137.768,0.188662,0.105816,0.869120,0.590866,,0.868042
OSDA,RealWorld -> Pamap2,PPOT,7,0,264.473,0.268806,0.870670,0.158938,0.319848,,0.864149
OSDA,RealWorld -> Pamap2,PPOT,7,1,293.329,0.122470,0.858283,0.065940,0.204948,,0.881471
OSDA,RealWorld -> Pamap2,PPOT,7,2,288.328,0.129700,0.853034,0.070186,0.210892,,0.912028
OSDA,RealWorld -> Pamap2,PPOT,7,3,267.837,0.244084,0.860802,0.142203,0.298229,,0.922733
OSDA,RealWorld -> Pamap2,PPOT,7,4,286.753,0.135935,0.791938,0.074349,0.208152,,0.923511
OSDA,RealWorld -> Pamap2,UniOT,7,0,771.233,0.683948,0.569389,0.856215,0.753263,,0.901323
OSDA,RealWorld -> Pamap2,UniOT,7,1,822.893,0.440987,0.315557,0.731912,0.626259,,0.924873
OSDA,RealWorld -> Pamap2,UniOT,7,2,798.584,0.462596,0.334243,0.750978,0.641167,,0.876022
OSDA,RealWorld -> Pamap2,UniOT,7,3,936.268,0.652063,0.562461,0.775622,0.707301,,0.872518
OSDA,RealWorld -> Pamap2,UniOT,7,4,983.587,0.556819,0.437119,0.766797,0.680119,,0.908525
OSDA,RealWorld -> Pamap2,UniJDOT,7,0,1827.033,0.604011,0.709007,0.526101,0.609001,,0.860062
OSDA,RealWorld -> Pamap2,UniJDOT,7,1,1862.300,0.599761,0.594583,0.605029,0.620835,,0.818412
OSDA,RealWorld -> Pamap2,UniJDOT,7,2,1759.059,0.600212,0.579887,0.622013,0.616809,,0.826586
OSDA,RealWorld -> Pamap2,UniJDOT,7,3,1555.552,0.634155,0.639303,0.629090,0.639920,,0.816855
OSDA,RealWorld -> Pamap2,UniJDOT,7,4,1343.277,0.591821,0.578417,0.605861,0.627374,,0.833398
UniDA,MHEALTH -> Pamap2,UDA,3,0,15.370,0.294878,0.244696,0.370951,0.382177,,0.979960
UniDA,MHEALTH -> Pamap2,UDA,3,1,14.760,0.298946,0.234825,0.411239,0.405321,,0.981964
UniDA,MHEALTH -> Pamap2,UDA,3,2,14.574,0.442113,0.467759,0.419134,0.482071,,0.987976
UniDA,MHEALTH -> Pamap2,UDA,3,3,14.902,0.287292,0.216341,0.427493,0.422022,,0.985972
UniDA,MHEALTH -> Pamap2,UDA,3,4,14.686,0.408908,0.405587,0.412284,0.458951,,0.975952
UniDA,MHEALTH -> Pamap2,OVANet,3,0,13.808,0.186067,0.119093,0.425171,0.377188,,0.989980
UniDA,MHEALTH -> Pamap2,OVANet,3,1,12.876,0.263223,0.197438,0.394752,0.368113,,0.987976
UniDA,MHEALTH -> Pamap2,OVANet,3,2,12.710,0.074301,0.040958,0.399628,0.352597,,0.991984
UniDA,MHEALTH -> Pamap2,OVANet,3,3,12.742,0.059718,0.031086,0.756415,0.489591,,0.989980
UniDA,MHEALTH -> Pamap2,OVANet,3,4,11.580,0.231715,0.162361,0.404505,0.388227,,0.993988
UniDA,MHEALTH -> Pamap2,DANCE,3,0,12.787,0.000000,0.000000,1.000000,0.504559,,0.989980
UniDA,MHEALTH -> Pamap2,DANCE,3,1,11.861,0.000000,0.000000,1.000000,0.504559,,0.989980
UniDA,MHEALTH -> Pamap2,DANCE,3,2,11.722,0.000000,0.000000,1.000000,0.504559,,0.993988
UniDA,MHEALTH -> Pamap2,DANCE,3,3,11.733,0.000000,0.000000,1.000000,0.504559,,0.991984
UniDA,MHEALTH -> Pamap2,DANCE,3,4,12.624,0.000000,0.000000,1.000000,0.504559,,0.991984
UniDA,MHEALTH -> Pamap2,PPOT,3,0,32.335,0.000000,0.000000,1.000000,0.504559,,0.845691
UniDA,MHEALTH -> Pamap2,PPOT,3,1,31.864,0.000000,0.000000,1.000000,0.504559,,0.797595
UniDA,MHEALTH -> Pamap2,PPOT,3,2,31.938,0.000000,0.000000,1.000000,0.504559,,0.865731
UniDA,MHEALTH -> Pamap2,PPOT,3,3,32.761,0.000000,0.000000,1.000000,0.504559,,0.911824
UniDA,MHEALTH -> Pamap2,PPOT,3,4,32.436,0.000000,0.000000,1.000000,0.504559,,0.843687
UniDA,MHEALTH -> Pamap2,RAINCOAT,3,0,24.649,0.126926,0.088217,0.226170,0.237019,,0.553106
UniDA,MHEALTH -> Pamap2,RAINCOAT,3,1,24.615,0.096220,0.057971,0.282828,0.253861,,0.440882
UniDA,MHEALTH -> Pamap2,RAINCOAT,3,2,22.851,0.072304,0.051250,0.122721,0.147967,,0.659319
UniDA,MHEALTH -> Pamap2,RAINCOAT,3,3,24.413,0.086640,0.060071,0.155347,0.185852,,0.577154
UniDA,MHEALTH -> Pamap2,RAINCOAT,3,4,24.064,0.083496,0.049989,0.253222,0.243563,,0.711423
UniDA,MHEALTH -> Pamap2,UniOT,3,0,59.405,0.054007,0.028145,0.665506,0.461886,,0.973948
UniDA,MHEALTH -> Pamap2,UniOT,3,1,53.579,0.374075,0.255829,0.695576,0.501473,,0.991984
UniDA,MHEALTH -> Pamap2,UniOT,3,2,55.640,0.378490,0.262340,0.679206,0.511849,,0.993988
UniDA,MHEALTH -> Pamap2,UniOT,3,3,51.803,0.157696,0.090107,0.631023,0.436876,,0.981964
UniDA,MHEALTH -> Pamap2,UniOT,3,4,64.548,0.263354,0.165511,0.644143,0.477670,,0.991984
UniDA,MHEALTH -> Pamap2,UniJDOT,3,0,106.967,0.206645,0.122663,0.655289,0.498636,,0.993988
UniDA,MHEALTH -> Pamap2,UniJDOT,3,1,106.311,0.110500,0.060912,0.594450,0.434880,,0.991984
UniDA,MHEALTH -> Pamap2,UniJDOT,3,2,103.438,0.280646,0.181264,0.621270,0.479080,,0.987976
UniDA,MHEALTH -> Pamap2,UniJDOT,3,3,106.372,0.479917,0.350137,0.762568,0.643212,,0.991984
UniDA,MHEALTH -> Pamap2,UniJDOT,3,4,96.006,0.251888,0.157320,0.631487,0.485473,,0.985972
OSDA,RealWorld -> MHEALTH,OSBP,1,0,171.719,0.567132,0.397790,0.987531,0.539784,,0.914364
OSDA,RealWorld -> MHEALTH,OSBP,1,1,169.668,0.441159,0.283610,0.992519,0.408732,,0.879330
OSDA,RealWorld -> MHEALTH,OSBP,1,2,171.659,0.555716,0.385513,0.995012,0.525095,,0.852666
OSDA,RealWorld -> MHEALTH,OSBP,1,3,198.961,0.522727,0.369552,0.892768,0.503159,,0.846633
OSDA,RealWorld -> MHEALTH,OSBP,1,4,203.578,0.537921,0.368938,0.992519,0.515640,,0.876411
OSDA,RealWorld -> MHEALTH,TSFA,1,0,1282.428,0.307511,0.559853,0.211970,0.484124,,0.811794
OSDA,RealWorld -> MHEALTH,TSFA,1,1,901.871,0.185039,0.478207,0.114713,0.388619,,0.818996
OSDA,RealWorld -> MHEALTH,TSFA,1,2,752.083,0.310678,0.399018,0.254364,0.357544,,0.903854
OSDA,RealWorld -> MHEALTH,TSFA,1,3,634.146,0.523253,0.832413,0.381546,0.746491,,0.880498
OSDA,RealWorld -> MHEALTH,TSFA,1,4,546.504,0.476210,0.466544,0.486284,0.453135,,0.927793
OSDA,RealWorld -> MHEALTH,UDA,1,0,163.926,0.220391,0.152241,0.399002,0.197369,,0.848579
OSDA,RealWorld -> MHEALTH,UDA,1,1,166.792,0.451062,0.481891,0.423940,0.480558,,0.926625
OSDA,RealWorld -> MHEALTH,UDA,1,2,159.304,0.381951,0.724371,0.259352,0.631913,,0.856170
OSDA,RealWorld -> MHEALTH,UDA,1,3,173.568,0.493193,0.580110,0.428928,0.557808,,0.878941
OSDA,RealWorld -> MHEALTH,UDA,1,4,166.987,0.469548,0.565378,0.401496,0.570250,,0.931491
OSDA,RealWorld -> MHEALTH,OVANet,1,0,153.286,0.392923,0.300184,0.568579,0.324821,,0.915142
OSDA,RealWorld -> MHEALTH,OVANet,1,1,154.752,0.444068,0.449355,0.438903,0.416879,,0.880498
OSDA,RealWorld -> MHEALTH,OVANet,1,2,184.810,0.100806,0.620012,0.054863,0.392220,,0.849747
OSDA,RealWorld -> MHEALTH,OVANet,1,3,187.665,0.056992,0.596685,0.029925,0.378645,,0.797392
OSDA,RealWorld -> MHEALTH,OVANet,1,4,211.572,0.061361,0.572130,0.032419,0.355045,,0.855780
OSDA,RealWorld -> MHEALTH,DANCE,1,0,212.295,0.003676,0.001842,0.972569,0.070286,,0.833982
OSDA,RealWorld -> MHEALTH,DANCE,1,1,194.397,0.025442,0.012891,0.962593,0.085848,,0.826392
OSDA,RealWorld -> MHEALTH,DANCE,1,2,167.441,0.129587,0.069368,0.982544,0.167201,,0.884975
OSDA,RealWorld -> MHEALTH,DANCE,1,3,178.218,0.000000,0.251074,0.000000,0.067572,,0.250097
OSDA,RealWorld -> MHEALTH,DANCE,1,4,174.155,0.117655,0.062615,0.972569,0.152514,,0.875438
OSDA,RealWorld -> MHEALTH,PPOT,1,0,638.893,0.280904,0.474524,0.199501,0.440683,,0.816076
OSDA,RealWorld -> MHEALTH,PPOT,1,1,857.098,0.140071,0.744629,0.077307,0.580648,,0.912028
OSDA,RealWorld -> MHEALTH,PPOT,1,2,709.206,0.260759,0.376304,0.199501,0.346601,,0.834955
OSDA,RealWorld -> MHEALTH,PPOT,1,3,495.245,0.404765,0.424800,0.386534,0.431472,,0.883223
OSDA,RealWorld -> MHEALTH,PPOT,1,4,455.722,0.135588,0.450583,0.079801,0.378807,,0.899377
OSDA,RealWorld -> MHEALTH,RAINCOAT,1,0,27.671,0.161404,0.305095,0.109726,0.254137,,0.841378
OSDA,RealWorld -> MHEALTH,RAINCOAT,1,1,28.733,0.004963,0.507060,0.002494,0.330955,,0.455041
OSDA,RealWorld -> MHEALTH,RAINCOAT,1,2,27.975,0.317507,0.323511,0.311721,0.281004,,0.638381
OSDA,RealWorld -> MHEALTH,RAINCOAT,1,3,31.317,0.293569,0.235727,0.389027,0.229121,,0.642663
OSDA,RealWorld -> MHEALTH,RAINCOAT,1,4,27.116,0.362478,0.273788,0.536160,0.271019,,0.648501
OSDA,RealWorld -> MHEALTH,UniOT,1,0,1887.103,0.491141,0.330264,0.957606,0.391072,,0.893928
OSDA,RealWorld -> MHEALTH,UniOT,1,1,1908.029,0.732229,0.620626,0.892768,0.688458,,0.908525
OSDA,RealWorld -> MHEALTH,UniOT,1,2,2738.795,0.440814,0.312462,0.748130,0.355439,,0.895679
OSDA,RealWorld -> MHEALTH,UniOT,1,3,1728.922,0.195880,0.116022,0.628429,0.163227,,0.878747
OSDA,RealWorld -> MHEALTH,UniOT,1,4,1819.232,0.388565,0.241866,0.987531,0.315402,,0.884975
OSDA,RealWorld -> MHEALTH,UniJDOT,1,0,2635.067,0.417242,0.263966,0.995012,0.312734,,0.865707
OSDA,RealWorld -> MHEALTH,UniJDOT,1,1,2292.599,0.092264,0.387354,0.052369,0.311554,,0.887894
OSDA,RealWorld -> MHEALTH,UniJDOT,1,2,2015.217,0.654380,0.542050,0.825436,0.575228,,0.864344
OSDA,RealWorld -> MHEALTH,UniJDOT,1,3,2533.899,0.728665,0.573972,0.997506,0.569100,,0.887505
OSDA,RealWorld -> MHEALTH,UniJDOT,1,4,2151.289,0.086925,0.525476,0.047382,0.383186,,0.911250
OSDA,MHEALTH -> RealWorld,OSBP,2,0,11.481,0.104827,0.843320,0.055887,0.661445,,0.929012
OSDA,MHEALTH -> RealWorld,OSBP,2,1,10.965,0.190095,0.647469,0.111401,0.530938,,0.987654
OSDA,MHEALTH -> RealWorld,OSBP,2,2,10.488,0.475115,0.615851,0.386736,0.566808,,0.888889
OSDA,MHEALTH -> RealWorld,OSBP,2,3,10.397,0.197259,0.738892,0.113823,0.603468,,0.972222
OSDA,MHEALTH -> RealWorld,OSBP,2,4,10.843,0.455886,0.431023,0.483793,0.449599,,0.993827
OSDA,MHEALTH -> RealWorld,TSFA,2,0,23.320,0.506967,0.732332,0.387668,0.676943,,0.996914
OSDA,MHEALTH -> RealWorld,TSFA,2,1,22.537,0.465014,0.670926,0.355812,0.602873,,0.996914
OSDA,MHEALTH -> RealWorld,TSFA,2,2,22.008,0.487071,0.762310,0.357861,0.699905,,0.996914
OSDA,MHEALTH -> RealWorld,TSFA,2,3,22.189,0.431364,0.726115,0.306818,0.660012,,0.996914
OSDA,MHEALTH -> RealWorld,TSFA,2,4,22.508,0.434168,0.731569,0.308681,0.665032,,0.993827
OSDA,MHEALTH -> RealWorld,UDA,2,0,12.983,0.399714,0.328159,0.511177,0.367659,,0.993827
OSDA,MHEALTH -> RealWorld,UDA,2,1,12.505,0.378892,0.354666,0.406669,0.370419,,0.996914
OSDA,MHEALTH -> RealWorld,UDA,2,2,11.941,0.143033,0.087685,0.387854,0.124770,,0.993827
OSDA,MHEALTH -> RealWorld,UDA,2,3,11.743,0.258579,0.207865,0.342027,0.208805,,0.996914
OSDA,MHEALTH -> RealWorld,UDA,2,4,12.702,0.442257,0.459972,0.425857,0.486813,,0.978395
OSDA,MHEALTH -> RealWorld,OVANet,2,0,11.426,0.299276,0.245585,0.383010,0.263096,,0.996914
OSDA,MHEALTH -> RealWorld,OVANet,2,1,10.784,0.297479,0.269728,0.331595,0.273746,,0.996914
OSDA,MHEALTH -> RealWorld,OVANet,2,2,10.370,0.281173,0.481368,0.198584,0.436001,,0.996914
OSDA,MHEALTH -> RealWorld,OVANet,2,3,10.550,0.326155,0.242229,0.499069,0.265830,,0.993827
OSDA,MHEALTH -> RealWorld,OVANet,2,4,10.343,0.247593,0.427972,0.174180,0.355683,,0.993827
OSDA,MHEALTH -> RealWorld,DANCE,2,0,11.087,0.000000,0.000000,1.000000,0.049371,,0.996914
OSDA,MHEALTH -> RealWorld,DANCE,2,1,10.736,0.000000,0.000000,1.000000,0.049371,,0.993827
OSDA,MHEALTH -> RealWorld,DANCE,2,2,10.472,0.000000,0.000000,1.000000,0.049371,,0.993827
OSDA,MHEALTH -> RealWorld,DANCE,2,3,10.343,0.000000,0.000000,1.000000,0.049371,,0.996914
OSDA,MHEALTH -> RealWorld,DANCE,2,4,10.383,0.000000,0.000000,1.000000,0.049371,,0.993827
OSDA,MHEALTH -> RealWorld,PPOT,2,0,44.594,0.000000,0.000000,1.000000,0.049371,,0.984568
OSDA,MHEALTH -> RealWorld,PPOT,2,1,52.912,0.000000,0.000000,1.000000,0.049371,,0.925926
OSDA,MHEALTH -> RealWorld,PPOT,2,2,52.117,0.000000,0.000000,1.000000,0.049371,,0.987654
OSDA,MHEALTH -> RealWorld,PPOT,2,3,53.513,0.000000,0.000000,1.000000,0.049371,,0.953704
OSDA,MHEALTH -> RealWorld,PPOT,2,4,51.635,0.000000,0.000000,1.000000,0.049371,,0.978395
OSDA,MHEALTH -> RealWorld,RAINCOAT,2,0,34.521,0.183272,0.146802,0.243852,0.145332,,0.876543
OSDA,MHEALTH -> RealWorld,RAINCOAT,2,1,41.941,0.134348,0.481864,0.078055,0.388126,,0.496914
OSDA,MHEALTH -> RealWorld,RAINCOAT,2,2,39.296,0.139160,0.466379,0.081781,0.367925,,0.617284
OSDA,MHEALTH -> RealWorld,RAINCOAT,2,3,37.499,0.299328,0.203860,0.562966,0.268596,,0.938272
OSDA,MHEALTH -> RealWorld,RAINCOAT,2,4,30.095,0.051742,0.530150,0.027198,0.385477,,0.623457
OSDA,MHEALTH -> RealWorld,UniOT,2,0,49.574,0.164772,0.097067,0.544709,0.136918,,0.993827
OSDA,MHEALTH -> RealWorld,UniOT,2,1,47.424,0.504690,0.354399,0.876304,0.351494,,1.000000
OSDA,MHEALTH -> RealWorld,UniOT,2,2,43.479,0.373210,0.240360,0.834389,0.257992,,1.000000
OSDA,MHEALTH -> RealWorld,UniOT,2,3,46.510,0.392223,0.258782,0.809799,0.292181,,1.000000
OSDA,MHEALTH -> RealWorld,UniOT,2,4,47.773,0.340602,0.212632,0.855440,0.253037,,0.996914
OSDA,MHEALTH -> RealWorld,UniJDOT,2,0,74.430,0.396566,0.379191,0.415611,0.365707,,1.000000
OSDA,MHEALTH -> RealWorld,UniJDOT,2,1,78.033,0.352345,0.422518,0.302161,0.365543,,0.996914
OSDA,MHEALTH -> RealWorld,UniJDOT,2,2,75.604,0.493709,0.375949,0.718890,0.371341,,0.993827
OSDA,MHEALTH -> RealWorld,UniJDOT,2,3,82.134,0.341731,0.459590,0.271982,0.418612,,1.000000
OSDA,MHEALTH -> RealWorld,UniJDOT,2,4,74.710,0.217734,0.123613,0.912630,0.223035,,0.996914
UniDA,MHEALTH -> Pamap2,UDA,1,0,13.463,0.435430,0.494960,0.388682,0.473093,,0.992611
UniDA,MHEALTH -> Pamap2,UDA,1,1,13.659,0.316292,0.269845,0.382053,0.384516,,0.990148
UniDA,MHEALTH -> Pamap2,UDA,1,2,13.582,0.344542,0.348173,0.340986,0.384888,,0.965517
UniDA,MHEALTH -> Pamap2,UDA,1,3,13.331,0.359394,0.344813,0.375263,0.389927,,0.950739
UniDA,MHEALTH -> Pamap2,UDA,1,4,12.559,0.337508,0.282444,0.419240,0.403196,,0.982759
UniDA,MHEALTH -> Pamap2,OVANet,1,0,10.391,0.225837,0.279084,0.189652,0.246733,,0.992611
UniDA,MHEALTH -> Pamap2,OVANet,1,1,10.131,0.155347,0.117178,0.230396,0.232483,,0.992611
UniDA,MHEALTH -> Pamap2,OVANet,1,2,10.042,0.264388,0.343553,0.214875,0.272752,,0.995074
UniDA,MHEALTH -> Pamap2,OVANet,1,3,9.585,0.288503,0.342923,0.248989,0.306125,,0.992611
UniDA,MHEALTH -> Pamap2,OVANet,1,4,9.830,0.194392,0.370433,0.131770,0.240084,,0.992611
UniDA,MHEALTH -> Pamap2,DANCE,1,0,10.551,0.000000,0.000000,1.000000,0.407949,,0.995074
UniDA,MHEALTH -> Pamap2,DANCE,1,1,9.526,0.000000,0.000000,1.000000,0.407949,,0.992611
UniDA,MHEALTH -> Pamap2,DANCE,1,2,9.163,0.000000,0.000000,1.000000,0.407949,,0.992611
UniDA,MHEALTH -> Pamap2,DANCE,1,3,9.633,0.000000,0.000000,1.000000,0.407949,,0.992611
UniDA,MHEALTH -> Pamap2,DANCE,1,4,9.277,0.000000,0.000000,1.000000,0.407949,,0.992611
UniDA,MHEALTH -> Pamap2,PPOT,1,0,24.192,0.000000,0.000000,1.000000,0.407949,,0.982759
UniDA,MHEALTH -> Pamap2,PPOT,1,1,25.075,0.000000,0.000000,1.000000,0.407949,,0.987685
UniDA,MHEALTH -> Pamap2,PPOT,1,2,25.207,0.000000,0.000000,1.000000,0.407949,,0.985222
UniDA,MHEALTH -> Pamap2,PPOT,1,3,25.327,0.000000,0.000000,1.000000,0.407949,,0.972906
UniDA,MHEALTH -> Pamap2,PPOT,1,4,25.636,0.000000,0.000000,1.000000,0.407949,,0.990148
UniDA,MHEALTH -> Pamap2,RAINCOAT,1,0,22.844,0.157906,0.133977,0.192239,0.174468,,0.637931
UniDA,MHEALTH -> Pamap2,RAINCOAT,1,1,19.452,0.075263,0.449811,0.041067,0.166663,,0.677340
UniDA,MHEALTH -> Pamap2,RAINCOAT,1,2,20.957,0.077297,0.116968,0.057720,0.076168,,0.669951
UniDA,MHEALTH -> Pamap2,RAINCOAT,1,3,19.925,0.152300,0.141957,0.164268,0.164167,,0.761084
UniDA,MHEALTH -> Pamap2,RAINCOAT,1,4,24.037,0.028227,0.014700,0.353759,0.222568,,0.561576
UniDA,MHEALTH -> Pamap2,UniOT,1,0,46.813,0.321968,0.214196,0.648019,0.432547,,0.992611
UniDA,MHEALTH -> Pamap2,UniOT,1,1,45.908,0.390208,0.288114,0.604365,0.460460,,0.975369
UniDA,MHEALTH -> Pamap2,UniOT,1,2,49.914,0.321887,0.218396,0.611803,0.411093,,0.990148
UniDA,MHEALTH -> Pamap2,UniOT,1,3,50.505,0.233088,0.136497,0.797251,0.427930,,0.997537
UniDA,MHEALTH -> Pamap2,UniOT,1,4,50.090,0.228004,0.133767,0.771544,0.417710,,0.995074
UniDA,MHEALTH -> Pamap2,UniJDOT,1,0,80.709,0.546165,0.449601,0.695554,0.553347,,0.995074
UniDA,MHEALTH -> Pamap2,UniJDOT,1,1,89.476,0.545446,0.427551,0.753112,0.611379,,0.985222
UniDA,MHEALTH -> Pamap2,UniJDOT,1,2,93.065,0.411656,0.299244,0.659337,0.484679,,0.992611
UniDA,MHEALTH -> Pamap2,UniJDOT,1,3,96.263,0.417917,0.325283,0.584317,0.456036,,0.990148
UniDA,MHEALTH -> Pamap2,UniJDOT,1,4,90.930,0.213862,0.128937,0.626516,0.393517,,0.987685
OSDA,RealWorld -> Pamap2,RAINCOAT,2,0,282.045,0.000000,0.321646,0.000000,0.057387,,0.544570
OSDA,RealWorld -> Pamap2,RAINCOAT,2,1,276.091,0.000000,0.263909,0.000000,0.042239,,0.652783
OSDA,RealWorld -> Pamap2,RAINCOAT,2,2,286.945,0.281123,0.334243,0.242572,0.279249,,0.572791
OSDA,RealWorld -> Pamap2,RAINCOAT,2,0,147.423,0.185991,0.265589,0.143103,0.197047,,0.480732
OSDA,RealWorld -> Pamap2,RAINCOAT,2,1,177.958,0.210436,0.145287,0.381513,0.297948,,0.539120
OSDA,RealWorld -> Pamap2,RAINCOAT,2,2,189.488,0.244711,0.255301,0.234965,0.238432,,0.568509
OSDA,RealWorld -> Pamap2,RAINCOAT,2,3,153.708,0.226856,0.277976,0.191618,0.227689,,0.580381
OSDA,RealWorld -> Pamap2,RAINCOAT,2,4,158.495,0.255109,0.267269,0.244007,0.245447,,0.498638
OSDA,RealWorld -> Pamap2,OSBP,2,0,158.689,0.649562,0.557842,0.777379,0.685853,,0.865123
OSDA,RealWorld -> Pamap2,OSBP,2,1,156.241,0.741104,0.666597,0.834362,0.762883,,0.738420
OSDA,RealWorld -> Pamap2,OSBP,2,2,142.373,0.671704,0.548814,0.865509,0.725238,,0.673219
OSDA,RealWorld -> Pamap2,OSBP,2,3,146.216,0.661432,0.578207,0.772642,0.697819,,0.786687
OSDA,RealWorld -> Pamap2,OSBP,2,4,152.066,0.760599,0.701869,0.830056,0.777358,,0.819969
OSDA,RealWorld -> Pamap2,TSFA,2,0,323.345,0.385781,0.619148,0.280178,0.415587,,0.885753
OSDA,RealWorld -> Pamap2,TSFA,2,1,324.466,0.362329,0.513122,0.280034,0.376535,,0.934605
OSDA,RealWorld -> Pamap2,TSFA,2,2,315.364,0.424970,0.819022,0.286924,0.483790,,0.885753
OSDA,RealWorld -> Pamap2,TSFA,2,3,312.649,0.442591,0.848205,0.299412,0.504514,,0.913780
OSDA,RealWorld -> Pamap2,TSFA,2,4,313.431,0.430534,0.813983,0.292665,0.489709,,0.902880
OSDA,RealWorld -> Pamap2,UDA,2,0,157.722,0.404222,0.519421,0.330845,0.411739,,0.891203
OSDA,RealWorld -> Pamap2,UDA,2,1,159.073,0.361298,0.602141,0.258074,0.387988,,0.893344
OSDA,RealWorld -> Pamap2,UDA,2,2,162.301,0.396348,0.585555,0.299555,0.411688,,0.843714
OSDA,RealWorld -> Pamap2,UDA,2,3,164.135,0.393138,0.616208,0.288646,0.414960,,0.863176
OSDA,RealWorld -> Pamap2,UDA,2,4,161.249,0.429190,0.525509,0.362710,0.434084,,0.887699
OSDA,RealWorld -> Pamap2,OVANet,2,0,140.615,0.241249,0.862692,0.140233,0.377652,,0.882639
OSDA,RealWorld -> Pamap2,OVANet,2,1,141.602,0.191321,0.607600,0.113535,0.280418,,0.788050
OSDA,RealWorld -> Pamap2,OVANet,2,2,139.652,0.085728,0.615158,0.046074,0.260744,,0.831063
OSDA,RealWorld -> Pamap2,OVANet,2,3,136.118,0.494619,0.592064,0.424717,0.481662,,0.878941
OSDA,RealWorld -> Pamap2,OVANet,2,4,131.671,0.052381,0.586395,0.027415,0.165628,,0.818412
OSDA,RealWorld -> Pamap2,DANCE,2,0,134.510,0.310528,0.188117,0.889048,0.536522,,0.874465
OSDA,RealWorld -> Pamap2,DANCE,2,1,138.050,0.000000,0.269578,0.000000,0.021600,,0.250097
OSDA,RealWorld -> Pamap2,DANCE,2,2,132.920,0.147941,0.080621,0.896656,0.471738,,0.863371
OSDA,RealWorld -> Pamap2,DANCE,2,3,133.182,0.076176,0.039891,0.842687,0.427041,,0.863371
OSDA,RealWorld -> Pamap2,DANCE,2,4,139.214,0.096256,0.050808,0.912301,0.456501,,0.877968
OSDA,RealWorld -> Pamap2,PPOT,2,0,293.118,0.127103,0.862062,0.068609,0.291469,,0.799533
OSDA,RealWorld -> Pamap2,PPOT,2,1,260.088,0.271179,0.870250,0.160614,0.390650,,0.808097
OSDA,RealWorld -> Pamap2,PPOT,2,2,275.853,0.161363,0.877808,0.088847,0.317876,,0.808875
OSDA,RealWorld -> Pamap2,PPOT,2,3,262.077,0.272826,0.862272,0.162050,0.389994,,0.831257
OSDA,RealWorld -> Pamap2,PPOT,2,4,258.320,0.316193,0.776611,0.198507,0.401870,,0.870183
OSDA,RealWorld -> Pamap2,UniOT,2,0,756.284,0.505325,0.365526,0.818286,0.583099,,0.853445
OSDA,RealWorld -> Pamap2,UniOT,2,1,752.695,0.484151,0.351459,0.777810,0.574751,,0.916699
OSDA,RealWorld -> Pamap2,UniOT,2,2,753.475,0.397649,0.266849,0.779963,0.538538,,0.822888
OSDA,RealWorld -> Pamap2,UniOT,2,3,801.857,0.693673,0.611589,0.801206,0.707400,,0.913196
OSDA,RealWorld -> Pamap2,UniOT,2,4,785.070,0.580616,0.471342,0.755849,0.641104,,0.907746
OSDA,RealWorld -> Pamap2,UniJDOT,2,0,1566.356,0.464693,0.626496,0.369312,0.454182,,0.912417
OSDA,RealWorld -> Pamap2,UniJDOT,2,1,1765.310,0.539177,0.533067,0.545428,0.494326,,0.863760
OSDA,RealWorld -> Pamap2,UniJDOT,2,2,1815.554,0.620529,0.686542,0.566097,0.619630,,0.932464
OSDA,RealWorld -> Pamap2,UniJDOT,2,3,1807.076,0.626195,0.695150,0.569686,0.616676,,0.895874
OSDA,RealWorld -> Pamap2,UniJDOT,2,4,1596.821,0.566390,0.568129,0.564662,0.565960,,0.875827
PDA,Pamap2 -> RealWorld,PDAAN,8,0,64.145,,,,0.104011,,0.415473
PDA,Pamap2 -> RealWorld,PDAAN,8,1,61.999,,,,0.034891,,0.391323
PDA,Pamap2 -> RealWorld,PDAAN,8,2,57.580,,,,0.001062,,0.427228
PDA,Pamap2 -> RealWorld,PDAAN,8,3,57.618,,,,0.008548,,0.372302
PDA,Pamap2 -> RealWorld,PDAAN,8,4,64.232,,,,0.002369,,0.419748
PDA,Pamap2 -> RealWorld,SPADA,8,0,68.205,,,,0.186981,,0.679632
PDA,Pamap2 -> RealWorld,SPADA,8,1,65.887,,,,0.300846,,0.711904
PDA,Pamap2 -> RealWorld,SPADA,8,2,63.783,,,,0.297613,,0.687968
PDA,Pamap2 -> RealWorld,SPADA,8,3,66.024,,,,0.246710,,0.663603
PDA,Pamap2 -> RealWorld,SPADA,8,4,64.158,,,,0.335875,,0.703569
PDA,Pamap2 -> RealWorld,UDA,8,0,103.608,0.000000,0.103018,0.000000,0.170244,,0.656764
PDA,Pamap2 -> RealWorld,UDA,8,1,100.252,0.000000,0.167423,0.000000,0.268925,,0.683266
PDA,Pamap2 -> RealWorld,UDA,8,2,98.544,0.000000,0.141669,0.000000,0.241819,,0.658688
PDA,Pamap2 -> RealWorld,UDA,8,3,100.050,0.000000,0.119386,0.000000,0.202960,,0.667237
PDA,Pamap2 -> RealWorld,UDA,8,4,102.142,0.000000,0.064024,0.000000,0.111404,,0.689891
PDA,Pamap2 -> RealWorld,OVANet,8,0,89.214,0.000000,0.000839,0.000000,0.001672,,0.727933
PDA,Pamap2 -> RealWorld,OVANet,8,1,87.332,0.000000,0.001679,0.000000,0.003346,,0.751229
PDA,Pamap2 -> RealWorld,OVANet,8,2,86.368,0.000000,0.001145,0.000000,0.002279,,0.757641
PDA,Pamap2 -> RealWorld,OVANet,8,3,84.268,0.000000,0.001717,0.000000,0.003418,,0.780936
PDA,Pamap2 -> RealWorld,OVANet,8,4,84.386,0.000000,0.000458,0.000000,0.000914,,0.742039
PDA,Pamap2 -> RealWorld,DANCE,8,0,89.238,0.000000,0.000000,0.000000,0.000000,,0.773242
PDA,Pamap2 -> RealWorld,DANCE,8,1,93.177,0.000000,0.000000,0.000000,0.000000,,0.745031
PDA,Pamap2 -> RealWorld,DANCE,8,2,91.922,0.000000,0.000000,0.000000,0.000000,,0.784142
PDA,Pamap2 -> RealWorld,DANCE,8,3,81.710,0.000000,0.000000,0.000000,0.000000,,0.748023
PDA,Pamap2 -> RealWorld,DANCE,8,4,88.584,0.000000,0.000000,0.000000,0.000000,,0.781577
PDA,Pamap2 -> RealWorld,PPOT,8,0,203.403,0.000000,0.000000,0.000000,0.000000,,0.486642
PDA,Pamap2 -> RealWorld,PPOT,8,1,203.557,0.000000,0.000000,0.000000,0.000000,,0.500107
PDA,Pamap2 -> RealWorld,PPOT,8,2,208.590,0.000000,0.000000,0.000000,0.000000,,0.510152
PDA,Pamap2 -> RealWorld,PPOT,8,3,209.413,0.000000,0.000000,0.000000,0.000000,,0.535157
PDA,Pamap2 -> RealWorld,PPOT,8,4,202.917,0.000000,0.000000,0.000000,0.000000,,0.476170
PDA,Pamap2 -> RealWorld,RAINCOAT,8,0,157.607,0.000000,0.051700,0.000000,0.087033,,0.269288
PDA,Pamap2 -> RealWorld,RAINCOAT,8,1,143.345,0.000000,0.139990,0.000000,0.173508,,0.423167
PDA,Pamap2 -> RealWorld,RAINCOAT,8,2,157.310,0.000000,0.067610,0.000000,0.107015,,0.405215
PDA,Pamap2 -> RealWorld,RAINCOAT,8,3,146.213,0.000000,0.081575,0.000000,0.129169,,0.398803
PDA,Pamap2 -> RealWorld,RAINCOAT,8,4,149.470,0.000000,0.067877,0.000000,0.105221,,0.394742
PDA,Pamap2 -> RealWorld,UniOT,8,0,390.706,0.000000,0.000000,0.000000,0.000000,,0.710408
PDA,Pamap2 -> RealWorld,UniOT,8,1,446.371,0.000000,0.000000,0.000000,0.000000,,0.727078
PDA,Pamap2 -> RealWorld,UniOT,8,2,462.666,0.000000,0.000000,0.000000,0.000000,,0.677495
PDA,Pamap2 -> RealWorld,UniOT,8,3,348.890,0.000000,0.000000,0.000000,0.000000,,0.735200
PDA,Pamap2 -> RealWorld,UniOT,8,4,378.746,0.000000,0.000000,0.000000,0.000000,,0.672366
PDA,Pamap2 -> RealWorld,UniJDOT,8,0,1239.561,0.000000,0.202335,0.000000,0.255306,,0.724300
PDA,Pamap2 -> RealWorld,UniJDOT,8,1,1219.908,0.000000,0.296730,0.000000,0.351501,,0.715324
PDA,Pamap2 -> RealWorld,UniJDOT,8,2,1162.496,0.000000,0.406921,0.000000,0.444288,,0.691601
PDA,Pamap2 -> RealWorld,UniJDOT,8,3,1151.337,0.000000,0.277920,0.000000,0.323056,,0.725796
PDA,Pamap2 -> RealWorld,UniJDOT,8,4,1113.528,0.000000,0.349384,0.000000,0.419238,,0.695020
PDA,Pamap2 -> MHEALTH,PDAAN,8,0,43.333,,,,0.030280,,0.465912
PDA,Pamap2 -> MHEALTH,PDAAN,8,1,49.625,,,,0.114542,,0.412481
PDA,Pamap2 -> MHEALTH,PDAAN,8,2,44.889,,,,0.002457,,0.428083
PDA,Pamap2 -> MHEALTH,PDAAN,8,3,42.463,,,,0.000000,,0.443043
PDA,Pamap2 -> MHEALTH,PDAAN,8,4,49.611,,,,0.021268,,0.454157
PDA,Pamap2 -> MHEALTH,SPADA,8,0,47.733,,,,0.360545,,0.651421
PDA,Pamap2 -> MHEALTH,SPADA,8,1,49.067,,,,0.310914,,0.713828
PDA,Pamap2 -> MHEALTH,SPADA,8,2,52.876,,,,0.244765,,0.714041
PDA,Pamap2 -> MHEALTH,SPADA,8,3,45.619,,,,0.300825,,0.707202
PDA,Pamap2 -> MHEALTH,SPADA,8,4,50.062,,,,0.287175,,0.676854
PDA,Pamap2 -> MHEALTH,UDA,8,0,85.595,0.000000,0.035185,0.000000,0.057003,,0.653131
PDA,Pamap2 -> MHEALTH,UDA,8,1,89.235,0.000000,0.020988,0.000000,0.038327,,0.669587
PDA,Pamap2 -> MHEALTH,UDA,8,2,84.588,0.000000,0.100617,0.000000,0.144857,,0.595854
PDA,Pamap2 -> MHEALTH,UDA,8,3,87.465,0.000000,0.053704,0.000000,0.078694,,0.691173
PDA,Pamap2 -> MHEALTH,UDA,8,4,85.340,0.000000,0.098148,0.000000,0.166193,,0.652490
PDA,Pamap2 -> MHEALTH,OVANet,8,0,77.263,0.000000,0.000000,0.000000,0.000000,,0.751015
PDA,Pamap2 -> MHEALTH,OVANet,8,1,73.870,0.000000,0.000000,0.000000,0.000000,,0.773456
PDA,Pamap2 -> MHEALTH,OVANet,8,2,75.259,0.000000,0.000000,0.000000,0.000000,,0.750160
PDA,Pamap2 -> MHEALTH,OVANet,8,3,73.953,0.000000,0.000000,0.000000,0.000000,,0.783287
PDA,Pamap2 -> MHEALTH,OVANet,8,4,73.151,0.000000,0.000000,0.000000,0.000000,,0.745458
PDA,Pamap2 -> MHEALTH,DANCE,8,0,74.936,0.000000,0.000000,0.000000,0.000000,,0.768113
PDA,Pamap2 -> MHEALTH,DANCE,8,1,79.194,0.000000,0.000000,0.000000,0.000000,,0.751443
PDA,Pamap2 -> MHEALTH,DANCE,8,2,74.886,0.000000,0.000000,0.000000,0.000000,,0.781577
PDA,Pamap2 -> MHEALTH,DANCE,8,3,76.689,0.000000,0.000000,0.000000,0.000000,,0.757427
PDA,Pamap2 -> MHEALTH,DANCE,8,4,76.305,0.000000,0.000000,0.000000,0.000000,,0.773670
PDA,Pamap2 -> MHEALTH,PPOT,8,0,189.767,0.000000,0.112963,0.000000,0.156087,,0.497115
PDA,Pamap2 -> MHEALTH,PPOT,8,1,189.954,0.000000,0.169136,0.000000,0.202567,,0.488566
PDA,Pamap2 -> MHEALTH,PPOT,8,2,185.752,0.000000,0.138889,0.000000,0.179197,,0.495405
PDA,Pamap2 -> MHEALTH,PPOT,8,3,182.212,0.000000,0.105556,0.000000,0.148870,,0.504381
PDA,Pamap2 -> MHEALTH,PPOT,8,4,187.479,0.000000,0.000000,0.000000,0.000000,,0.486642
PDA,Pamap2 -> MHEALTH,RAINCOAT,8,0,29.544,0.000000,0.088889,0.000000,0.131701,,0.282325
PDA,Pamap2 -> MHEALTH,RAINCOAT,8,1,21.763,0.000000,0.007407,0.000000,0.014383,,0.281257
PDA,Pamap2 -> MHEALTH,RAINCOAT,8,2,21.154,0.000000,0.080247,0.000000,0.118092,,0.322932
PDA,Pamap2 -> MHEALTH,RAINCOAT,8,3,20.820,0.000000,0.084568,0.000000,0.125986,,0.379996
PDA,Pamap2 -> MHEALTH,RAINCOAT,8,4,25.349,0.000000,0.000000,0.000000,0.000000,,0.370806
PDA,Pamap2 -> MHEALTH,UniOT,8,0,434.282,0.000000,0.000000,0.000000,0.000000,,0.673221
PDA,Pamap2 -> MHEALTH,UniOT,8,1,471.800,0.000000,0.000000,0.000000,0.000000,,0.645651
PDA,Pamap2 -> MHEALTH,UniOT,8,2,451.060,0.000000,0.000000,0.000000,0.000000,,0.657833
PDA,Pamap2 -> MHEALTH,UniOT,8,3,435.270,0.000000,0.000617,0.000000,0.001232,,0.701859
PDA,Pamap2 -> MHEALTH,UniOT,8,4,337.168,0.000000,0.000000,0.000000,0.000000,,0.672580
PDA,Pamap2 -> MHEALTH,UniJDOT,8,0,907.316,0.000000,0.280864,0.000000,0.355816,,0.659115
PDA,Pamap2 -> MHEALTH,UniJDOT,8,1,981.753,0.000000,0.225309,0.000000,0.267659,,0.726437
PDA,Pamap2 -> MHEALTH,UniJDOT,8,2,983.881,0.000000,0.424691,0.000000,0.460202,,0.678564
PDA,Pamap2 -> MHEALTH,UniJDOT,8,3,991.348,0.000000,0.297531,0.000000,0.333948,,0.750801
PDA,Pamap2 -> MHEALTH,UniJDOT,8,4,982.516,0.000000,0.075309,0.000000,0.112648,,0.642445
UniDA,MHEALTH -> Pamap2,UDA,8,0,22.808,0.339973,0.276296,0.441791,0.481640,,0.864155
UniDA,MHEALTH -> Pamap2,UDA,8,1,22.030,0.187275,0.118833,0.441639,0.440279,,0.878995
UniDA,MHEALTH -> Pamap2,UDA,8,2,22.268,0.323421,0.255511,0.440494,0.482348,,0.937215
UniDA,MHEALTH -> Pamap2,UDA,8,3,22.251,0.249463,0.174050,0.440189,0.461248,,0.886986
UniDA,MHEALTH -> Pamap2,UDA,8,4,22.273,0.159927,0.100357,0.393500,0.406275,,0.894977
UniDA,MHEALTH -> Pamap2,OVANet,8,0,18.288,0.001259,0.000630,0.911123,0.592158,,0.871005
UniDA,MHEALTH -> Pamap2,OVANet,8,1,17.682,0.000000,0.000000,0.967196,0.610955,,0.867580
UniDA,MHEALTH -> Pamap2,OVANet,8,2,17.648,0.000000,0.000000,0.979554,0.614362,,0.894977
UniDA,MHEALTH -> Pamap2,OVANet,8,3,17.507,0.005442,0.002729,0.863213,0.580737,,0.875571
UniDA,MHEALTH -> Pamap2,OVANet,8,4,18.466,0.000420,0.000210,0.998779,0.620462,,0.859589
UniDA,MHEALTH -> Pamap2,DANCE,8,0,17.930,0.000000,0.000000,1.000000,0.620707,,0.896119
UniDA,MHEALTH -> Pamap2,DANCE,8,1,17.286,0.000000,0.000000,1.000000,0.620707,,0.926941
UniDA,MHEALTH -> Pamap2,DANCE,8,2,18.100,0.000000,0.000000,1.000000,0.620707,,0.918950
UniDA,MHEALTH -> Pamap2,DANCE,8,3,18.361,0.000000,0.000000,1.000000,0.620707,,0.917808
UniDA,MHEALTH -> Pamap2,DANCE,8,4,18.457,0.000000,0.000000,1.000000,0.620707,,0.916667
UniDA,MHEALTH -> Pamap2,PPOT,8,0,45.354,0.000000,0.000000,1.000000,0.620707,,0.595890
UniDA,MHEALTH -> Pamap2,PPOT,8,1,44.469,0.000000,0.000000,1.000000,0.620707,,0.732877
UniDA,MHEALTH -> Pamap2,PPOT,8,2,44.424,0.000000,0.000000,1.000000,0.620707,,0.684932
UniDA,MHEALTH -> Pamap2,PPOT,8,3,44.565,0.000000,0.000000,1.000000,0.620707,,0.559361
UniDA,MHEALTH -> Pamap2,PPOT,8,4,43.790,0.000000,0.000000,1.000000,0.620707,,0.641553
UniDA,MHEALTH -> Pamap2,RAINCOAT,8,0,34.413,0.156498,0.118413,0.230699,0.292272,,0.288813
UniDA,MHEALTH -> Pamap2,RAINCOAT,8,1,33.428,0.034608,0.019316,0.166158,0.196429,,0.385845
UniDA,MHEALTH -> Pamap2,RAINCOAT,8,2,31.645,0.082088,0.048289,0.273573,0.295856,,0.259132
UniDA,MHEALTH -> Pamap2,RAINCOAT,8,3,35.182,0.070503,0.056687,0.093226,0.133859,,0.529680
UniDA,MHEALTH -> Pamap2,RAINCOAT,8,4,35.035,0.062583,0.035482,0.264953,0.280768,,0.381279
UniDA,MHEALTH -> Pamap2,UniOT,8,0,48.399,0.000000,0.000000,1.000000,0.620707,,0.993151
UniDA,MHEALTH -> Pamap2,UniOT,8,1,47.878,0.000000,0.000000,1.000000,0.620707,,0.980594
UniDA,MHEALTH -> Pamap2,UniOT,8,2,45.363,0.000000,0.000000,1.000000,0.620707,,0.924658
UniDA,MHEALTH -> Pamap2,UniOT,8,3,45.085,0.000000,0.000000,1.000000,0.620707,,0.947489
UniDA,MHEALTH -> Pamap2,UniOT,8,4,45.704,0.000000,0.000000,1.000000,0.620707,,0.982877
UniDA,MHEALTH -> Pamap2,UniJDOT,8,0,95.595,0.373458,0.240605,0.833918,0.657434,,0.936073
UniDA,MHEALTH -> Pamap2,UniJDOT,8,1,92.920,0.358412,0.243544,0.678364,0.582125,,0.940639
UniDA,MHEALTH -> Pamap2,UniJDOT,8,2,94.520,0.511210,0.444258,0.601923,0.617236,,0.945205
UniDA,MHEALTH -> Pamap2,UniJDOT,8,3,94.958,0.002514,0.001260,0.620003,0.517160,,0.973744
UniDA,MHEALTH -> Pamap2,UniJDOT,8,4,96.132,0.357057,0.232836,0.765410,0.616802,,0.936073
UniDA,MHEALTH -> Pamap2,UDA,5,0,16.234,0.064961,0.035084,0.437686,0.370935,,0.917044
UniDA,MHEALTH -> Pamap2,UDA,5,1,15.290,0.387189,0.349160,0.434516,0.475418,,0.924585
UniDA,MHEALTH -> Pamap2,UDA,5,2,15.123,0.145437,0.088445,0.408956,0.378372,,0.865762
UniDA,MHEALTH -> Pamap2,UDA,5,3,15.422,0.298675,0.230882,0.422825,0.442279,,0.891403
UniDA,MHEALTH -> Pamap2,UDA,5,4,16.151,0.173777,0.107773,0.448385,0.411997,,0.912519
UniDA,MHEALTH -> Pamap2,OVANet,5,0,14.406,0.005445,0.002731,0.878641,0.514910,,0.877828
UniDA,MHEALTH -> Pamap2,OVANet,5,1,13.318,0.002936,0.001471,0.774619,0.489385,,0.923077
UniDA,MHEALTH -> Pamap2,OVANet,5,2,13.644,0.002098,0.001050,0.890925,0.522215,,0.852187
UniDA,MHEALTH -> Pamap2,OVANet,5,3,13.838,0.044336,0.023109,0.544284,0.435258,,0.917044
UniDA,MHEALTH -> Pamap2,OVANet,5,4,12.963,0.012500,0.006303,0.749851,0.490212,,0.886878
UniDA,MHEALTH -> Pamap2,DANCE,5,0,14.874,0.000000,0.000000,1.000000,0.549892,,0.924585
UniDA,MHEALTH -> Pamap2,DANCE,5,1,13.629,0.000000,0.000000,1.000000,0.549892,,0.932127
UniDA,MHEALTH -> Pamap2,DANCE,5,2,14.177,0.000000,0.000000,1.000000,0.549892,,0.927602
UniDA,MHEALTH -> Pamap2,DANCE,5,3,13.949,0.000000,0.000000,1.000000,0.549892,,0.929110
UniDA,MHEALTH -> Pamap2,DANCE,5,4,13.705,0.000000,0.000000,1.000000,0.549892,,0.926094
UniDA,MHEALTH -> Pamap2,PPOT,5,0,33.341,0.000000,0.000000,1.000000,0.549892,,0.796380
UniDA,MHEALTH -> Pamap2,PPOT,5,1,33.915,0.000000,0.000000,1.000000,0.549892,,0.644042
UniDA,MHEALTH -> Pamap2,PPOT,5,2,33.443,0.000000,0.000000,1.000000,0.549892,,0.752640
UniDA,MHEALTH -> Pamap2,PPOT,5,3,33.302,0.000000,0.000000,1.000000,0.549892,,0.737557
UniDA,MHEALTH -> Pamap2,PPOT,5,4,33.455,0.000000,0.000000,1.000000,0.549892,,0.803922
UniDA,MHEALTH -> Pamap2,RAINCOAT,5,0,27.763,0.057601,0.035924,0.145235,0.165012,,0.380091
UniDA,MHEALTH -> Pamap2,RAINCOAT,5,1,25.577,0.058603,0.035504,0.167723,0.179266,,0.591252
UniDA,MHEALTH -> Pamap2,RAINCOAT,5,2,27.141,0.082256,0.052311,0.192392,0.213212,,0.533937
UniDA,MHEALTH -> Pamap2,RAINCOAT,5,3,24.606,0.016987,0.027521,0.012285,0.022421,,0.549020
UniDA,MHEALTH -> Pamap2,RAINCOAT,5,4,25.653,0.057405,0.032143,0.268179,0.258202,,0.595777
UniDA,MHEALTH -> Pamap2,UniOT,5,0,41.509,0.000000,0.000000,1.000000,0.549892,,0.957768
UniDA,MHEALTH -> Pamap2,UniOT,5,1,44.486,0.000000,0.000000,1.000000,0.549892,,0.996983
UniDA,MHEALTH -> Pamap2,UniOT,5,2,50.695,0.000000,0.000000,1.000000,0.549892,,0.959276
UniDA,MHEALTH -> Pamap2,UniOT,5,3,43.814,0.000000,0.000000,1.000000,0.549892,,0.986425
UniDA,MHEALTH -> Pamap2,UniOT,5,4,45.213,0.000000,0.000000,1.000000,0.549892,,0.935143
UniDA,MHEALTH -> Pamap2,UniJDOT,5,0,69.665,0.241472,0.143697,0.755597,0.547576,,0.972851
UniDA,MHEALTH -> Pamap2,UniJDOT,5,1,68.084,0.245787,0.156513,0.572122,0.476809,,0.906486
UniDA,MHEALTH -> Pamap2,UniJDOT,5,2,67.797,0.051412,0.026681,0.703784,0.516716,,0.977376
UniDA,MHEALTH -> Pamap2,UniJDOT,5,3,68.760,0.290403,0.179832,0.754012,0.582567,,0.917044
UniDA,MHEALTH -> Pamap2,UniJDOT,5,4,68.274,0.173645,0.100630,0.632752,0.491196,,0.936652
UniDA,Pamap2 -> MHEALTH,UDA,4,0,73.020,0.148315,0.092695,0.370815,0.264390,,0.765188
UniDA,Pamap2 -> MHEALTH,UDA,4,1,72.187,0.228339,0.167587,0.358181,0.316458,,0.779881
UniDA,Pamap2 -> MHEALTH,UDA,4,2,71.963,0.121374,0.074279,0.331649,0.236467,,0.751625
UniDA,Pamap2 -> MHEALTH,UDA,4,3,70.016,0.208271,0.146716,0.358812,0.302467,,0.725911
UniDA,Pamap2 -> MHEALTH,UDA,4,4,74.184,0.208788,0.144260,0.377764,0.323557,,0.703306
UniDA,Pamap2 -> MHEALTH,OVANet,4,0,50.558,0.000000,0.000000,0.173089,0.107216,,0.807290
UniDA,Pamap2 -> MHEALTH,OVANet,4,1,50.168,0.000000,0.000000,0.282375,0.180870,,0.807855
UniDA,Pamap2 -> MHEALTH,OVANet,4,2,49.433,0.000000,0.000000,0.214150,0.122667,,0.811246
UniDA,Pamap2 -> MHEALTH,OVANet,4,3,50.352,0.000000,0.000000,0.274163,0.150522,,0.818875
UniDA,Pamap2 -> MHEALTH,OVANet,4,4,47.708,0.000000,0.000000,0.445989,0.199110,,0.822831
UniDA,Pamap2 -> MHEALTH,DANCE,4,0,47.349,0.000000,0.000000,1.000000,0.325408,,0.810116
UniDA,Pamap2 -> MHEALTH,DANCE,4,1,52.325,0.000000,0.000000,1.000000,0.325408,,0.816897
UniDA,Pamap2 -> MHEALTH,DANCE,4,2,55.762,0.000000,0.000000,0.994315,0.324166,,0.803052
UniDA,Pamap2 -> MHEALTH,DANCE,4,3,60.055,0.000000,0.000000,1.000000,0.325408,,0.803052
UniDA,Pamap2 -> MHEALTH,DANCE,4,4,59.671,0.000000,0.000000,1.000000,0.325408,,0.799661
UniDA,Pamap2 -> MHEALTH,PPOT,4,0,107.197,0.000000,0.000000,0.864182,0.320363,,0.641424
UniDA,Pamap2 -> MHEALTH,PPOT,4,1,105.022,0.000000,0.000000,0.708149,0.276098,,0.641707
UniDA,Pamap2 -> MHEALTH,PPOT,4,2,105.957,0.000000,0.000000,0.742262,0.300824,,0.646793
UniDA,Pamap2 -> MHEALTH,PPOT,4,3,115.569,0.000000,0.000000,0.732154,0.297966,,0.642554
UniDA,Pamap2 -> MHEALTH,PPOT,4,4,112.161,0.000000,0.000000,0.747315,0.301853,,0.643685
UniDA,Pamap2 -> MHEALTH,RAINCOAT,4,0,48.873,0.247743,0.197053,0.333544,0.298871,,0.523029
UniDA,Pamap2 -> MHEALTH,RAINCOAT,4,1,39.232,0.223326,0.384899,0.157296,0.328661,,0.476688
UniDA,Pamap2 -> MHEALTH,RAINCOAT,4,2,41.186,0.144750,0.188459,0.117498,0.188854,,0.381181
UniDA,Pamap2 -> MHEALTH,RAINCOAT,4,3,38.337,0.067749,0.160221,0.042956,0.133777,,0.386550
UniDA,Pamap2 -> MHEALTH,RAINCOAT,4,4,39.035,0.067526,0.149785,0.043588,0.112497,,0.431760
UniDA,Pamap2 -> MHEALTH,UniOT,4,0,301.047,0.000000,0.000000,0.373973,0.176025,,0.713196
UniDA,Pamap2 -> MHEALTH,UniOT,4,1,287.841,0.013380,0.006753,0.722047,0.320233,,0.729302
UniDA,Pamap2 -> MHEALTH,UniOT,4,2,292.799,0.002451,0.001228,0.622236,0.267529,,0.709240
UniDA,Pamap2 -> MHEALTH,UniOT,4,3,282.548,0.001226,0.000614,0.369551,0.162140,,0.778186
UniDA,Pamap2 -> MHEALTH,UniOT,4,4,251.911,0.000000,0.000000,0.383449,0.187088,,0.719412
UniDA,Pamap2 -> MHEALTH,UniJDOT,4,0,439.320,0.171132,0.100061,0.590651,0.321963,,0.730150
UniDA,Pamap2 -> MHEALTH,UniJDOT,4,1,455.265,0.208373,0.124616,0.635502,0.363421,,0.728172
UniDA,Pamap2 -> MHEALTH,UniJDOT,4,2,502.686,0.094381,0.050952,0.639292,0.293444,,0.729585
UniDA,Pamap2 -> MHEALTH,UniJDOT,4,3,391.763,0.554229,0.635359,0.491472,0.539825,,0.780164
UniDA,Pamap2 -> MHEALTH,UniJDOT,4,4,313.798,0.000000,0.000000,0.591282,0.277639,,0.753603
PDA,MHEALTH -> Pamap2,PDAAN,4,2,19.689,,,,0.695833,,0.862306
PDA,MHEALTH -> Pamap2,OVANet,4,1,24.325,0.000000,0.001263,0.000000,0.002506,,0.913942
PDA,MHEALTH -> Pamap2,UniOT,4,1,195.813,0.000000,0.178241,0.000000,0.178792,,0.958692
PDA,MHEALTH -> Pamap2,DANCE,4,3,25.569,0.000000,0.000000,0.000000,0.000000,,0.915663
PDA,MHEALTH -> Pamap2,UDA,4,0,32.781,0.000000,0.323022,0.000000,0.441565,,0.834768
PDA,MHEALTH -> Pamap2,SPADA,4,0,22.261,,,,0.452557,,0.872633
PDA,MHEALTH -> Pamap2,UniJDOT,4,4,146.497,0.000000,0.133418,0.000000,0.217854,,0.925990
PDA,MHEALTH -> Pamap2,UDA,4,4,30.448,0.000000,0.449705,0.000000,0.589048,,0.876076
PDA,MHEALTH -> Pamap2,RAINCOAT,4,4,40.077,0.000000,0.016625,0.000000,0.031317,,0.519793
PDA,MHEALTH -> Pamap2,SPADA,4,3,20.285,,,,0.362777,,0.877797
PDA,MHEALTH -> Pamap2,SPADA,4,4,20.171,,,,0.287758,,0.876076
PDA,MHEALTH -> Pamap2,UniJDOT,4,2,166.622,0.000000,0.140783,0.000000,0.207370,,0.924268
PDA,MHEALTH -> Pamap2,RAINCOAT,4,2,40.927,0.000000,0.048190,0.000000,0.084194,,0.440620
PDA,MHEALTH -> Pamap2,SPADA,4,1,20.050,,,,0.749679,,0.870912
PDA,MHEALTH -> Pamap2,OVANet,4,0,27.364,0.000000,0.147727,0.000000,0.197732,,0.855422
PDA,MHEALTH -> Pamap2,UniJDOT,4,1,143.333,0.000000,0.158670,0.000000,0.167636,,0.960413
PDA,MHEALTH -> Pamap2,UDA,4,2,31.380,0.000000,0.071128,0.000000,0.111668,,0.846816
PDA,MHEALTH -> Pamap2,DANCE,4,4,25.323,0.000000,0.000000,0.000000,0.000000,,0.917384
PDA,MHEALTH -> Pamap2,RAINCOAT,4,1,41.243,0.000000,0.128367,0.000000,0.147347,,0.559380
PDA,MHEALTH -> Pamap2,OVANet,4,3,24.699,0.000000,0.002736,0.000000,0.005379,,0.915663
PDA,MHEALTH -> Pamap2,SPADA,4,2,20.228,,,,0.713890,,0.872633
PDA,MHEALTH -> Pamap2,UniOT,4,0,248.457,0.000000,0.211279,0.000000,0.201756,,0.912220
PDA,MHEALTH -> Pamap2,UniOT,4,2,127.633,0.000000,0.000000,0.000000,0.000000,,0.965577
PDA,MHEALTH -> Pamap2,UniOT,4,4,81.429,0.000000,0.000000,0.000000,0.000000,,0.900172
PDA,MHEALTH -> Pamap2,PDAAN,4,1,19.983,,,,0.121195,,0.864028
PDA,MHEALTH -> Pamap2,PDAAN,4,3,19.810,,,,0.275813,,0.872633
PDA,MHEALTH -> Pamap2,OVANet,4,4,24.464,0.000000,0.022096,0.000000,0.035310,,0.886403
PDA,MHEALTH -> Pamap2,DANCE,4,1,26.113,0.000000,0.000000,0.000000,0.000000,,0.850258
PDA,MHEALTH -> Pamap2,UniJDOT,4,0,145.199,0.000000,0.031355,0.000000,0.039483,,0.931153
PDA,MHEALTH -> Pamap2,PPOT,4,3,48.182,0.000000,0.000000,0.000000,0.000000,,0.650602
PDA,MHEALTH -> Pamap2,PDAAN,4,4,20.111,,,,0.602396,,0.874355
PDA,MHEALTH -> Pamap2,PPOT,4,2,47.509,0.000000,0.000000,0.000000,0.000000,,0.712565
PDA,MHEALTH -> Pamap2,PDAAN,4,0,22.027,,,,0.584473,,0.877797
PDA,MHEALTH -> Pamap2,UniOT,4,3,210.553,0.000000,0.000000,0.000000,0.000000,,0.922547
PDA,MHEALTH -> Pamap2,UDA,4,1,30.450,0.000000,0.175505,0.000000,0.282658,,0.776248
PDA,MHEALTH -> Pamap2,PPOT,4,0,51.563,0.000000,0.000000,0.000000,0.000000,,0.719449
PDA,MHEALTH -> Pamap2,DANCE,4,0,46.775,0.000000,0.000000,0.000000,0.000000,,0.857143
PDA,MHEALTH -> Pamap2,PPOT,4,1,47.637,0.000000,0.000000,0.000000,0.000000,,0.777969
PDA,MHEALTH -> Pamap2,UniJDOT,4,3,158.624,0.000000,0.161406,0.000000,0.195629,,0.920826
PDA,MHEALTH -> Pamap2,UDA,4,3,35.263,0.000000,0.106902,0.000000,0.152467,,0.903614
PDA,MHEALTH -> Pamap2,OVANet,4,2,24.693,0.000000,0.000631,0.000000,0.001248,,0.888124
PDA,MHEALTH -> Pamap2,RAINCOAT,4,3,40.265,0.000000,0.084175,0.000000,0.131789,,0.567986
PDA,MHEALTH -> Pamap2,PPOT,4,4,48.045,0.000000,0.000000,0.000000,0.000000,,0.839931
PDA,MHEALTH -> Pamap2,RAINCOAT,4,0,44.247,0.000000,0.103114,0.000000,0.056183,,0.550775
PDA,MHEALTH -> Pamap2,DANCE,4,2,25.272,0.000000,0.000000,0.000000,0.000000,,0.889845
OSDA,RealWorld -> MHEALTH,OSBP,6,0,145.017,0.284180,0.174419,0.766603,0.478397,,0.878941
OSDA,RealWorld -> MHEALTH,OSBP,6,1,146.560,0.370358,0.247246,0.737666,0.515385,,0.915142
OSDA,RealWorld -> MHEALTH,OSBP,6,2,152.158,0.702594,0.597307,0.852941,0.733513,,0.811016
OSDA,RealWorld -> MHEALTH,OSBP,6,3,140.919,0.604140,0.550184,0.669829,0.609445,,0.887894
OSDA,RealWorld -> MHEALTH,OSBP,6,4,148.736,0.757003,0.651775,0.902751,0.787410,,0.789023
OSDA,RealWorld -> MHEALTH,TSFA,6,0,303.564,0.197652,0.549572,0.120493,0.281336,,0.874270
OSDA,RealWorld -> MHEALTH,TSFA,6,1,310.345,0.345414,0.612607,0.240512,0.377341,,0.887310
OSDA,RealWorld -> MHEALTH,TSFA,6,2,311.500,0.334638,0.343329,0.326376,0.380676,,0.863760
OSDA,RealWorld -> MHEALTH,TSFA,6,3,302.589,0.316113,0.624847,0.211575,0.365103,,0.803425
OSDA,RealWorld -> MHEALTH,TSFA,6,4,322.524,0.249900,0.285802,0.222011,0.295112,,0.919813
OSDA,RealWorld -> MHEALTH,UDA,6,0,145.926,0.535577,0.822521,0.397059,0.565998,,0.942585
OSDA,RealWorld -> MHEALTH,UDA,6,1,158.301,0.464550,0.619951,0.371442,0.479117,,0.930518
OSDA,RealWorld -> MHEALTH,UDA,6,2,159.950,0.512291,0.776010,0.382353,0.546884,,0.944726
OSDA,RealWorld -> MHEALTH,UDA,6,3,159.645,0.399213,0.444308,0.362429,0.407967,,0.775399
OSDA,RealWorld -> MHEALTH,UDA,6,4,157.366,0.379797,0.643207,0.269450,0.411404,,0.847411
OSDA,RealWorld -> MHEALTH,OVANet,6,0,131.814,0.299456,0.176867,0.975806,0.526677,,0.899377
OSDA,RealWorld -> MHEALTH,OVANet,6,1,133.358,0.314950,0.572215,0.217268,0.340550,,0.849942
OSDA,RealWorld -> MHEALTH,OVANet,6,2,135.091,0.288778,0.548960,0.195920,0.301587,,0.897042
OSDA,RealWorld -> MHEALTH,OVANet,6,3,128.335,0.421207,0.523256,0.352467,0.409648,,0.778708
OSDA,RealWorld -> MHEALTH,OVANet,6,4,121.290,0.025101,0.623623,0.012808,0.150480,,0.805761
OSDA,RealWorld -> MHEALTH,DANCE,6,0,128.115,0.085176,0.044676,0.911290,0.419425,,0.838653
OSDA,RealWorld -> MHEALTH,DANCE,6,1,136.956,0.025341,0.012852,0.897533,0.391537,,0.815687
OSDA,RealWorld -> MHEALTH,DANCE,6,2,129.228,0.061340,0.031824,0.845825,0.394500,,0.893344
OSDA,RealWorld -> MHEALTH,DANCE,6,3,130.959,0.108614,0.057528,0.970114,0.442573,,0.866874
OSDA,RealWorld -> MHEALTH,DANCE,6,4,131.647,0.237375,0.135251,0.969165,0.508246,,0.808097
OSDA,RealWorld -> MHEALTH,PPOT,6,0,239.539,0.408170,0.551408,0.324004,0.440796,,0.864733
OSDA,RealWorld -> MHEALTH,PPOT,6,1,225.591,0.503956,0.603427,0.432638,0.524081,,0.899377
OSDA,RealWorld -> MHEALTH,PPOT,6,2,232.571,0.420247,0.503672,0.360531,0.428842,,0.966524
OSDA,RealWorld -> MHEALTH,PPOT,6,3,230.154,0.482697,0.552020,0.428843,0.499249,,0.825808
OSDA,RealWorld -> MHEALTH,PPOT,6,4,233.599,0.461353,0.551408,0.396584,0.480069,,0.894901
OSDA,RealWorld -> MHEALTH,RAINCOAT,6,0,57.582,0.316351,0.242350,0.455408,0.377794,,0.648307
OSDA,RealWorld -> MHEALTH,RAINCOAT,6,1,50.212,0.187706,0.378825,0.124763,0.194650,,0.573180
OSDA,RealWorld -> MHEALTH,RAINCOAT,6,2,54.242,0.235714,0.196450,0.294592,0.270141,,0.676722
OSDA,RealWorld -> MHEALTH,RAINCOAT,6,3,59.610,0.296016,0.205018,0.532258,0.387331,,0.737836
OSDA,RealWorld -> MHEALTH,RAINCOAT,6,4,58.354,0.334428,0.328029,0.341082,0.351499,,0.643246
OSDA,RealWorld -> MHEALTH,UniOT,6,0,674.323,0.519372,0.371481,0.862903,0.569417,,0.932659
OSDA,RealWorld -> MHEALTH,UniOT,6,1,622.498,0.529324,0.407589,0.754744,0.585554,,0.926041
OSDA,RealWorld -> MHEALTH,UniOT,6,2,631.786,0.569015,0.420441,0.879981,0.606957,,0.836318
OSDA,RealWorld -> MHEALTH,UniOT,6,3,627.448,0.575759,0.454712,0.784630,0.574605,,0.902880
OSDA,RealWorld -> MHEALTH,UniOT,6,4,636.160,0.543694,0.416769,0.781784,0.562111,,0.888283
OSDA,RealWorld -> MHEALTH,UniJDOT,6,0,1211.196,0.295812,0.341493,0.260911,0.313056,,0.893538
OSDA,RealWorld -> MHEALTH,UniJDOT,6,1,1202.493,0.427315,0.343941,0.564042,0.459063,,0.881666
OSDA,RealWorld -> MHEALTH,UniJDOT,6,2,1223.051,0.458635,0.356793,0.641841,0.518957,,0.928571
OSDA,RealWorld -> MHEALTH,UniJDOT,6,3,1214.398,0.398427,0.272338,0.741935,0.484717,,0.881861
OSDA,RealWorld -> MHEALTH,UniJDOT,6,4,1220.090,0.580631,0.518972,0.658918,0.557394,,0.854418
PDA,MHEALTH -> Pamap2,PDAAN,2,4,17.449,,,,0.334490,,0.970276
PDA,MHEALTH -> Pamap2,UDA,2,2,28.831,0.000000,0.253367,0.000000,0.357470,,0.878981
PDA,MHEALTH -> Pamap2,UDA,2,1,31.807,0.000000,0.409722,0.000000,0.518118,,0.983015
PDA,MHEALTH -> Pamap2,OVANet,2,0,26.027,0.000000,0.116162,0.000000,0.108988,,0.995754
PDA,MHEALTH -> Pamap2,OVANet,2,2,20.705,0.000000,0.170455,0.000000,0.248744,,0.995754
PDA,MHEALTH -> Pamap2,UniOT,2,2,182.956,0.000000,0.100168,0.000000,0.052276,,0.993631
PDA,MHEALTH -> Pamap2,PPOT,2,3,43.877,0.000000,0.000000,0.000000,0.000000,,0.974522
PDA,MHEALTH -> Pamap2,PDAAN,2,0,34.835,,,,0.470165,,0.987261
PDA,MHEALTH -> Pamap2,UniOT,2,3,217.473,0.000000,0.000000,0.000000,0.000000,,0.993631
PDA,MHEALTH -> Pamap2,SPADA,2,3,19.439,,,,0.614623,,0.989384
PDA,MHEALTH -> Pamap2,UniJDOT,2,3,108.495,0.000000,0.154040,0.000000,0.237226,,0.993631
PDA,MHEALTH -> Pamap2,DANCE,2,3,24.169,0.000000,0.000000,0.000000,0.000000,,0.995754
PDA,MHEALTH -> Pamap2,OVANet,2,3,20.964,0.000000,0.033249,0.000000,0.061635,,0.991507
PDA,MHEALTH -> Pamap2,UDA,2,3,29.101,0.000000,0.095960,0.000000,0.124620,,0.959660
PDA,MHEALTH -> Pamap2,OVANet,2,1,24.056,0.000000,0.081019,0.000000,0.095657,,0.991507
PDA,MHEALTH -> Pamap2,RAINCOAT,2,1,35.173,0.000000,0.498737,0.000000,0.509253,,0.426752
PDA,MHEALTH -> Pamap2,UniOT,2,0,215.191,0.000000,0.267677,0.000000,0.315355,,0.993631
PDA,MHEALTH -> Pamap2,OVANet,2,4,20.993,0.000000,0.093855,0.000000,0.081960,,0.993631
PDA,MHEALTH -> Pamap2,DANCE,2,2,23.302,0.000000,0.000000,0.000000,0.000000,,0.993631
PDA,MHEALTH -> Pamap2,PPOT,2,1,45.801,0.000000,0.000000,0.000000,0.000000,,0.908705
PDA,MHEALTH -> Pamap2,DANCE,2,1,21.568,0.000000,0.000000,0.000000,0.000000,,0.993631
PDA,MHEALTH -> Pamap2,UDA,2,0,31.001,0.000000,0.342803,0.000000,0.453533,,0.970276
PDA,MHEALTH -> Pamap2,UniOT,2,4,214.014,0.000000,0.187079,0.000000,0.222721,,0.989384
PDA,MHEALTH -> Pamap2,SPADA,2,0,21.820,,,,0.394066,,0.991507
PDA,MHEALTH -> Pamap2,UniJDOT,2,1,109.385,0.000000,0.169402,0.000000,0.189163,,0.989384
PDA,MHEALTH -> Pamap2,DANCE,2,0,24.147,0.000000,0.000000,0.000000,0.000000,,0.993631
PDA,MHEALTH -> Pamap2,PDAAN,2,3,16.873,,,,0.522137,,0.987261
PDA,MHEALTH -> Pamap2,UniOT,2,1,191.005,0.000000,0.219907,0.000000,0.231649,,0.993631
PDA,MHEALTH -> Pamap2,UDA,2,4,29.981,0.000000,0.381103,0.000000,0.507657,,0.985138
PDA,MHEALTH -> Pamap2,PDAAN,2,1,18.282,,,,0.204862,,0.972399
PDA,MHEALTH -> Pamap2,RAINCOAT,2,4,42.138,0.000000,0.181397,0.000000,0.249044,,0.420382
PDA,MHEALTH -> Pamap2,RAINCOAT,2,0,40.731,0.000000,0.201178,0.000000,0.201674,,0.598726
PDA,MHEALTH -> Pamap2,SPADA,2,2,17.995,,,,0.605458,,0.993631
PDA,MHEALTH -> Pamap2,SPADA,2,1,18.064,,,,0.409692,,0.993631
PDA,MHEALTH -> Pamap2,UniJDOT,2,0,112.960,0.000000,0.115109,0.000000,0.124750,,0.995754
PDA,MHEALTH -> Pamap2,PPOT,2,2,46.716,0.000000,0.000000,0.000000,0.000000,,0.904459
PDA,MHEALTH -> Pamap2,RAINCOAT,2,2,36.463,0.000000,0.339646,0.000000,0.331063,,0.607219
PDA,MHEALTH -> Pamap2,PPOT,2,4,43.631,0.000000,0.000000,0.000000,0.000000,,0.923567
PDA,MHEALTH -> Pamap2,RAINCOAT,2,3,35.486,0.000000,0.199495,0.000000,0.232556,,0.590234
PDA,MHEALTH -> Pamap2,UniJDOT,2,2,110.022,0.000000,0.208965,0.000000,0.320592,,0.993631
PDA,MHEALTH -> Pamap2,UniJDOT,2,4,112.530,0.000000,0.131734,0.000000,0.137451,,0.997877
PDA,MHEALTH -> Pamap2,PDAAN,2,2,18.155,,,,0.540036,,0.993631
PDA,MHEALTH -> Pamap2,DANCE,2,4,30.046,0.000000,0.000000,0.000000,0.000000,,0.991507
PDA,MHEALTH -> Pamap2,SPADA,2,4,19.737,,,,0.451842,,0.972399
PDA,MHEALTH -> Pamap2,PPOT,2,0,50.636,0.000000,0.000000,0.000000,0.000000,,0.980892
UniDA,Pamap2 -> RealWorld,UDA,4,0,64.566,0.287890,0.215555,0.433293,0.368330,,0.731280
UniDA,Pamap2 -> RealWorld,UDA,4,1,62.505,0.281143,0.211321,0.419868,0.355821,,0.762645
UniDA,Pamap2 -> RealWorld,UDA,4,2,60.690,0.342906,0.295468,0.408489,0.416690,,0.753885
UniDA,Pamap2 -> RealWorld,UDA,4,3,61.643,0.243702,0.172223,0.416608,0.312897,,0.759254
UniDA,Pamap2 -> RealWorld,UDA,4,4,61.740,0.288550,0.213686,0.444160,0.363856,,0.744561
UniDA,Pamap2 -> RealWorld,OVANet,4,0,56.062,0.001962,0.000992,0.090839,0.037728,,0.819441
UniDA,Pamap2 -> RealWorld,OVANet,4,1,56.126,0.002055,0.001030,0.461037,0.153028,,0.816615
UniDA,Pamap2 -> RealWorld,OVANet,4,2,53.820,0.010485,0.005417,0.163204,0.070136,,0.816050
UniDA,Pamap2 -> RealWorld,OVANet,4,3,56.358,0.019712,0.010070,0.463274,0.162587,,0.817463
UniDA,Pamap2 -> RealWorld,OVANet,4,4,56.512,0.003268,0.001640,0.416097,0.131663,,0.806725
UniDA,Pamap2 -> RealWorld,DANCE,4,0,64.065,0.000000,0.000000,0.997507,0.203224,,0.822549
UniDA,Pamap2 -> RealWorld,DANCE,4,1,61.577,0.000000,0.000000,0.998210,0.203276,,0.809268
UniDA,Pamap2 -> RealWorld,DANCE,4,2,60.401,0.000000,0.000000,0.997954,0.203344,,0.802769
UniDA,Pamap2 -> RealWorld,DANCE,4,3,61.872,0.000000,0.000000,0.990859,0.202050,,0.805595
UniDA,Pamap2 -> RealWorld,DANCE,4,4,60.379,0.000000,0.000000,0.999297,0.203260,,0.804465
UniDA,Pamap2 -> RealWorld,PPOT,4,0,147.959,0.000000,0.000000,0.627501,0.172923,,0.637751
UniDA,Pamap2 -> RealWorld,PPOT,4,1,143.909,0.000000,0.000000,0.707089,0.189631,,0.639164
UniDA,Pamap2 -> RealWorld,PPOT,4,2,148.496,0.000000,0.000000,0.626159,0.170072,,0.638033
UniDA,Pamap2 -> RealWorld,PPOT,4,3,148.506,0.000000,0.000000,0.619830,0.174226,,0.641707
UniDA,Pamap2 -> RealWorld,PPOT,4,4,147.116,0.000000,0.000000,0.879051,0.225824,,0.622492
UniDA,Pamap2 -> RealWorld,RAINCOAT,4,0,105.798,0.090699,0.067211,0.139423,0.138106,,0.490817
UniDA,Pamap2 -> RealWorld,RAINCOAT,4,1,101.086,0.095802,0.195796,0.063415,0.184866,,0.575304
UniDA,Pamap2 -> RealWorld,RAINCOAT,4,2,102.208,0.064565,0.101655,0.047306,0.123765,,0.550721
UniDA,Pamap2 -> RealWorld,RAINCOAT,4,3,101.624,0.035684,0.133926,0.020584,0.127852,,0.550155
UniDA,Pamap2 -> RealWorld,RAINCOAT,4,4,100.372,0.038584,0.108560,0.023461,0.108711,,0.618819
UniDA,Pamap2 -> RealWorld,UniOT,4,0,340.421,0.041263,0.021361,0.603912,0.184815,,0.737779
UniDA,Pamap2 -> RealWorld,UniOT,4,1,322.146,0.052897,0.027655,0.606405,0.205124,,0.768861
UniDA,Pamap2 -> RealWorld,UniOT,4,2,342.962,0.079255,0.042455,0.595027,0.211164,,0.745691
UniDA,Pamap2 -> RealWorld,UniOT,4,3,341.805,0.003043,0.001526,0.535447,0.149599,,0.784685
UniDA,Pamap2 -> RealWorld,UniOT,4,4,325.798,0.185593,0.111497,0.553283,0.258003,,0.749364
UniDA,Pamap2 -> RealWorld,UniJDOT,4,0,756.210,0.643727,0.559200,0.758358,0.628059,,0.776491
UniDA,Pamap2 -> RealWorld,UniJDOT,4,1,702.004,0.557957,0.521895,0.599374,0.540649,,0.754168
UniDA,Pamap2 -> RealWorld,UniJDOT,4,2,639.696,0.621758,0.594103,0.652113,0.615803,,0.799096
UniDA,Pamap2 -> RealWorld,UniJDOT,4,3,602.274,0.571975,0.565685,0.578406,0.579306,,0.759537
UniDA,Pamap2 -> RealWorld,UniJDOT,4,4,524.787,0.615868,0.577777,0.659336,0.637181,,0.688613
closed_set,RealWorld -> MHEALTH,Deep_Coral,,0,9.350,,,,0.379076,0.927054,0.926236
closed_set,RealWorld -> MHEALTH,Deep_Coral,,1,8.544,,,,0.352150,0.900417,0.901713
closed_set,RealWorld -> MHEALTH,Deep_Coral,,2,8.804,,,,0.383716,0.903004,0.901907
closed_set,RealWorld -> MHEALTH,Deep_Coral,,3,8.724,,,,0.317021,0.931840,0.931491
closed_set,RealWorld -> MHEALTH,Deep_Coral,,4,8.687,,,,0.412682,0.949311,0.948618
closed_set,RealWorld -> MHEALTH,DDC,,0,8.708,,,,0.401292,0.879515,0.879720
closed_set,RealWorld -> MHEALTH,DDC,,1,9.158,,,,0.325790,0.882125,0.880888
closed_set,RealWorld -> MHEALTH,DDC,,2,9.238,,,,0.473834,0.902656,0.902102
closed_set,RealWorld -> MHEALTH,DDC,,3,7.877,,,,0.417854,0.808908,0.809459
closed_set,RealWorld -> MHEALTH,DDC,,4,8.194,,,,0.451690,0.847007,0.845465
closed_set,RealWorld -> MHEALTH,MMDA,,0,18.405,,,,0.278381,0.908914,0.907746
closed_set,RealWorld -> MHEALTH,MMDA,,1,18.693,,,,0.284662,0.837563,0.836123
closed_set,RealWorld -> MHEALTH,MMDA,,2,18.486,,,,0.210314,0.910939,0.910666
closed_set,RealWorld -> MHEALTH,MMDA,,3,18.622,,,,0.365489,0.802451,0.795251
closed_set,RealWorld -> MHEALTH,MMDA,,4,17.867,,,,0.296488,0.902005,0.900740
closed_set,RealWorld -> MHEALTH,DANN,,0,9.440,,,,0.448419,0.905940,0.906189
closed_set,RealWorld -> MHEALTH,DANN,,1,9.250,,,,0.307865,0.886871,0.887699
closed_set,RealWorld -> MHEALTH,DANN,,2,8.961,,,,0.292094,0.916669,0.916310
closed_set,RealWorld -> MHEALTH,DANN,,3,10.286,,,,0.381481,0.884536,0.885948
closed_set,RealWorld -> MHEALTH,DANN,,4,10.889,,,,0.479397,0.782723,0.784546
closed_set,RealWorld -> MHEALTH,CDAN,,0,12.018,,,,0.555890,0.953182,0.952900
closed_set,RealWorld -> MHEALTH,CDAN,,1,12.416,,,,0.421109,0.893330,0.892760
closed_set,RealWorld -> MHEALTH,CDAN,,2,12.207,,,,0.327845,0.954192,0.953873
closed_set,RealWorld -> MHEALTH,CDAN,,3,12.441,,,,0.345780,0.872095,0.871740
closed_set,RealWorld -> MHEALTH,CDAN,,4,12.590,,,,0.156959,0.846404,0.849552
closed_set,RealWorld -> MHEALTH,DIRT,,0,27.630,,,,0.400685,0.943484,0.943169
closed_set,RealWorld -> MHEALTH,DIRT,,1,29.776,,,,0.422569,0.935696,0.935189
closed_set,RealWorld -> MHEALTH,DIRT,,2,32.609,,,,0.392488,0.952240,0.951732
closed_set,RealWorld -> MHEALTH,DIRT,,3,29.562,,,,0.336777,0.939880,0.939471
closed_set,RealWorld -> MHEALTH,DIRT,,4,28.310,,,,0.401518,0.948630,0.948034
closed_set,RealWorld -> MHEALTH,DSAN,,0,38.141,,,,0.375498,0.933748,0.932659
closed_set,RealWorld -> MHEALTH,DSAN,,1,40.702,,,,0.592795,0.910714,0.909109
closed_set,RealWorld -> MHEALTH,DSAN,,2,43.792,,,,0.325294,0.923924,0.924095
closed_set,RealWorld -> MHEALTH,DSAN,,3,39.811,,,,0.374792,0.925249,0.924484
closed_set,RealWorld -> MHEALTH,DSAN,,4,40.668,,,,0.529818,0.919559,0.917867
closed_set,RealWorld -> MHEALTH,HoMM,,0,19.727,,,,0.399066,0.860655,0.862592
closed_set,RealWorld -> MHEALTH,HoMM,,1,16.638,,,,0.357614,0.845748,0.845271
closed_set,RealWorld -> MHEALTH,HoMM,,2,20.686,,,,0.431571,0.861671,0.860646
closed_set,RealWorld -> MHEALTH,HoMM,,3,24.822,,,,0.276462,0.841176,0.840599
closed_set,RealWorld -> MHEALTH,HoMM,,4,26.333,,,,0.440428,0.845914,0.847411
closed_set,RealWorld -> MHEALTH,CoDATS,,0,10.271,,,,0.309197,0.879717,0.881666
closed_set,RealWorld -> MHEALTH,CoDATS,,1,10.566,,,,0.360943,0.873964,0.873686
closed_set,RealWorld -> MHEALTH,CoDATS,,2,9.862,,,,0.505195,0.883708,0.883612
closed_set,RealWorld -> MHEALTH,CoDATS,,3,9.817,,,,0.225979,0.910169,0.910471
closed_set,RealWorld -> MHEALTH,CoDATS,,4,9.635,,,,0.441671,0.927160,0.926820
closed_set,RealWorld -> MHEALTH,AdvSKM,,0,11.879,,,,0.466605,0.829479,0.827949
closed_set,RealWorld -> MHEALTH,AdvSKM,,1,12.500,,,,0.359126,0.833479,0.832425
closed_set,RealWorld -> MHEALTH,AdvSKM,,2,12.135,,,,0.434208,0.919099,0.918645
closed_set,RealWorld -> MHEALTH,AdvSKM,,3,13.009,,,,0.409816,0.895924,0.895095
closed_set,RealWorld -> MHEALTH,AdvSKM,,4,12.176,,,,0.409414,0.910920,0.910276
closed_set,RealWorld -> MHEALTH,SASA,,0,20.722,,,,0.349688,0.932629,0.931296
closed_set,RealWorld -> MHEALTH,SASA,,1,20.320,,,,0.494566,0.907981,0.905021
closed_set,RealWorld -> MHEALTH,SASA,,2,19.065,,,,0.331566,0.914713,0.914169
closed_set,RealWorld -> MHEALTH,SASA,,3,20.572,,,,0.381410,0.912279,0.911639
closed_set,RealWorld -> MHEALTH,SASA,,4,20.473,,,,0.347932,0.943137,0.942390
closed_set,RealWorld -> MHEALTH,CoTMix,,0,14.227,,,,0.432385,0.921884,0.920592
closed_set,RealWorld -> MHEALTH,CoTMix,,1,14.554,,,,0.420150,0.920591,0.919813
closed_set,RealWorld -> MHEALTH,CoTMix,,2,13.584,,,,0.125559,0.864016,0.863760
closed_set,RealWorld -> MHEALTH,CoTMix,,3,13.882,,,,0.161593,0.845663,0.844881
closed_set,RealWorld -> MHEALTH,CoTMix,,4,11.832,,,,0.343299,0.855456,0.856948
closed_set,RealWorld -> MHEALTH,SWL_Adapt,,0,69.553,,,,0.315722,0.920392,0.919424
closed_set,RealWorld -> MHEALTH,SWL_Adapt,,1,69.229,,,,0.347872,0.915472,0.914753
closed_set,RealWorld -> MHEALTH,SWL_Adapt,,2,70.545,,,,0.288577,0.935035,0.934216
closed_set,RealWorld -> MHEALTH,SWL_Adapt,,3,68.860,,,,0.414220,0.922719,0.922733
closed_set,RealWorld -> MHEALTH,SWL_Adapt,,4,69.343,,,,0.187479,0.901060,0.901518
closed_set,RealWorld -> MHEALTH,uDAR,,0,27.076,,,,0.326800,0.855305,0.858311
closed_set,RealWorld -> MHEALTH,uDAR,,1,35.247,,,,0.374086,0.852703,0.852861
closed_set,RealWorld -> MHEALTH,uDAR,,2,32.708,,,,0.373547,0.885614,0.885559
closed_set,RealWorld -> MHEALTH,uDAR,,3,26.165,,,,0.327960,0.901350,0.901713
closed_set,RealWorld -> MHEALTH,uDAR,,4,27.626,,,,0.392037,0.846240,0.847217
closed_set,RealWorld -> MHEALTH,DAAN,,0,31.235,,,,0.353415,0.839458,0.835539
closed_set,RealWorld -> MHEALTH,DAAN,,1,30.888,,,,0.331006,0.749074,0.748735
closed_set,RealWorld -> MHEALTH,DAAN,,2,29.173,,,,0.333190,0.735068,0.732192
closed_set,RealWorld -> MHEALTH,DAAN,,3,30.559,,,,0.271439,0.809934,0.805372
closed_set,RealWorld -> MHEALTH,DAAN,,4,32.605,,,,0.340916,0.732556,0.730440
closed_set,RealWorld -> MHEALTH,ACON,,0,26.298,,,,0.639920,0.908724,0.907162
closed_set,RealWorld -> MHEALTH,ACON,,1,23.506,,,,0.640553,0.920611,0.918840
closed_set,RealWorld -> MHEALTH,ACON,,2,23.687,,,,0.435431,0.953631,0.952900
closed_set,RealWorld -> MHEALTH,ACON,,3,27.886,,,,0.631839,0.923694,0.922538
closed_set,RealWorld -> MHEALTH,ACON,,4,25.599,,,,0.625478,0.945804,0.945115
closed_set,RealWorld -> MHEALTH,SSSS_TSA,,0,199.116,,,,0.411375,0.949526,0.949202
closed_set,RealWorld -> MHEALTH,SSSS_TSA,,1,198.884,,,,0.415790,0.870672,0.873102
closed_set,RealWorld -> MHEALTH,SSSS_TSA,,2,207.671,,,,0.405462,0.954096,0.953484
closed_set,RealWorld -> MHEALTH,SSSS_TSA,,3,205.282,,,,0.442636,0.880399,0.881277
closed_set,RealWorld -> MHEALTH,SSSS_TSA,,4,204.422,,,,0.440242,0.933145,0.932464
closed_set,RealWorld -> MHEALTH,CLUDA,,0,28.049,,,,0.316321,0.942696,0.941417
closed_set,RealWorld -> MHEALTH,CLUDA,,1,29.840,,,,0.459602,0.938724,0.937524
closed_set,RealWorld -> MHEALTH,CLUDA,,2,32.385,,,,0.359414,0.929136,0.927988
closed_set,RealWorld -> MHEALTH,CLUDA,,3,30.085,,,,0.268038,0.919749,0.918645
closed_set,RealWorld -> MHEALTH,CLUDA,,4,28.916,,,,0.494137,0.948088,0.947061
closed_set,RealWorld -> MHEALTH,OSBP,,0,91.617,0.000000,0.249383,0.000000,0.372854,,0.910276
closed_set,RealWorld -> MHEALTH,OSBP,,1,93.012,0.000000,0.200617,0.000000,0.298148,,0.851888
closed_set,RealWorld -> MHEALTH,OSBP,,2,93.749,0.000000,0.339506,0.000000,0.502930,,0.831452
closed_set,RealWorld -> MHEALTH,OSBP,,3,103.864,0.000000,0.100000,0.000000,0.153469,,0.768976
closed_set,RealWorld -> MHEALTH,OSBP,,4,101.060,0.000000,0.248148,0.000000,0.360836,,0.865123
closed_set,RealWorld -> MHEALTH,TSFA,,0,298.400,0.000000,0.745679,0.000000,0.808487,,0.881861
closed_set,RealWorld -> MHEALTH,TSFA,,1,286.536,0.000000,0.522839,0.000000,0.523483,,0.800117
closed_set,RealWorld -> MHEALTH,TSFA,,2,279.358,0.000000,0.722840,0.000000,0.798961,,0.898404
closed_set,RealWorld -> MHEALTH,TSFA,,3,269.962,0.000000,0.392593,0.000000,0.393887,,0.904827
closed_set,RealWorld -> MHEALTH,TSFA,,4,282.498,0.000000,0.726543,0.000000,0.794749,,0.923706
closed_set,RealWorld -> MHEALTH,UDA,,0,110.724,0.000000,0.277160,0.000000,0.334348,,0.950564
closed_set,RealWorld -> MHEALTH,UDA,,1,112.205,0.000000,0.499383,0.000000,0.604601,,0.949786
closed_set,RealWorld -> MHEALTH,UDA,,2,123.592,0.000000,0.545679,0.000000,0.640001,,0.877384
closed_set,RealWorld -> MHEALTH,UDA,,3,125.702,0.000000,0.495062,0.000000,0.593742,,0.907552
closed_set,RealWorld -> MHEALTH,UDA,,4,122.162,0.000000,0.423457,0.000000,0.520866,,0.900545
closed_set,RealWorld -> MHEALTH,UniOT,,0,739.387,0.000000,0.323457,0.000000,0.439768,,0.942779
closed_set,RealWorld -> MHEALTH,UniOT,,1,572.150,0.000000,0.465432,0.000000,0.619210,,0.895290
closed_set,RealWorld -> MHEALTH,UniOT,,2,735.745,0.000000,0.456790,0.000000,0.607380,,0.903854
closed_set,RealWorld -> MHEALTH,UniOT,,3,663.654,0.000000,0.182099,0.000000,0.215302,,0.924095
closed_set,RealWorld -> MHEALTH,UniOT,,4,659.658,0.000000,0.280247,0.000000,0.349343,,0.894511
closed_set,RealWorld -> MHEALTH,SPADA,,0,62.381,,,,0.495737,,0.901129
closed_set,RealWorld -> MHEALTH,SPADA,,1,59.785,,,,0.275974,,0.887310
closed_set,RealWorld -> MHEALTH,SPADA,,2,60.868,,,,0.056952,,0.906578
closed_set,RealWorld -> MHEALTH,SPADA,,3,62.072,,,,0.381637,,0.929934
closed_set,RealWorld -> MHEALTH,SPADA,,4,61.441,,,,0.302380,,0.945893
closed_set,RealWorld -> MHEALTH,PDAAN,,0,58.952,,,,0.764402,,0.851109
closed_set,RealWorld -> MHEALTH,PDAAN,,1,58.603,,,,0.565932,,0.893149
closed_set,RealWorld -> MHEALTH,PDAAN,,2,58.506,,,,0.946253,,0.894511
closed_set,RealWorld -> MHEALTH,PDAAN,,3,56.851,,,,0.560304,,0.904048
closed_set,RealWorld -> MHEALTH,PDAAN,,4,56.676,,,,0.945711,,0.903464
closed_set,RealWorld -> MHEALTH,RAINCOAT,,0,28.894,0.000000,0.185802,0.000000,0.208495,,0.822110
closed_set,RealWorld -> MHEALTH,RAINCOAT,,1,20.355,0.000000,0.249383,0.000000,0.206196,,0.806734
closed_set,RealWorld -> MHEALTH,RAINCOAT,,2,25.952,0.000000,0.259877,0.000000,0.221498,,0.764500
closed_set,RealWorld -> MHEALTH,RAINCOAT,,3,26.159,0.000000,0.338889,0.000000,0.357160,,0.753406
closed_set,RealWorld -> MHEALTH,RAINCOAT,,4,28.312,0.000000,0.226543,0.000000,0.226030,,0.717789
closed_set,RealWorld -> MHEALTH,OVANet,,0,120.039,0.000000,0.374691,0.000000,0.320106,,0.926625
closed_set,RealWorld -> MHEALTH,OVANet,,1,122.357,0.000000,0.325309,0.000000,0.283155,,0.880109
closed_set,RealWorld -> MHEALTH,OVANet,,2,125.861,0.000000,0.618519,0.000000,0.525088,,0.886921
closed_set,RealWorld -> MHEALTH,OVANet,,3,123.370,0.000000,0.595679,0.000000,0.522257,,0.848774
closed_set,RealWorld -> MHEALTH,OVANet,,4,123.080,0.000000,0.446914,0.000000,0.366615,,0.860646
closed_set,RealWorld -> MHEALTH,PPOT,,0,258.722,0.000000,0.492593,0.000000,0.503890,,0.830868
closed_set,RealWorld -> MHEALTH,PPOT,,1,321.178,0.000000,0.645679,0.000000,0.653423,,0.876606
closed_set,RealWorld -> MHEALTH,PPOT,,2,265.186,0.000000,0.398148,0.000000,0.419789,,0.877773
closed_set,RealWorld -> MHEALTH,PPOT,,3,254.450,0.000000,0.491975,0.000000,0.582730,,0.890424
closed_set,RealWorld -> MHEALTH,PPOT,,4,249.968,0.000000,0.571605,0.000000,0.659969,,0.913001
closed_set,RealWorld -> MHEALTH,DANCE,,0,125.681,0.000000,0.059259,0.000000,0.107012,,0.817439
closed_set,RealWorld -> MHEALTH,DANCE,,1,123.614,0.000000,0.004321,0.000000,0.007957,,0.811016
closed_set,RealWorld -> MHEALTH,DANCE,,2,123.999,0.000000,0.100000,0.000000,0.151498,,0.890814
closed_set,RealWorld -> MHEALTH,DANCE,,3,128.317,0.000000,0.046296,0.000000,0.084539,,0.871351
closed_set,RealWorld -> MHEALTH,DANCE,,4,132.289,0.000000,0.048765,0.000000,0.085640,,0.837875
closed_set,RealWorld -> MHEALTH,UniJDOT,,0,1368.995,0.000000,0.316049,0.000000,0.324800,,0.850331
closed_set,RealWorld -> MHEALTH,UniJDOT,,1,1377.083,0.000000,0.501235,0.000000,0.390980,,0.850331
closed_set,RealWorld -> MHEALTH,UniJDOT,,2,1406.289,0.000000,0.596914,0.000000,0.621861,,0.848579
closed_set,RealWorld -> MHEALTH,UniJDOT,,3,1304.595,0.000000,0.915432,0.000000,0.940474,,0.883223
closed_set,RealWorld -> MHEALTH,UniJDOT,,4,1244.958,0.000000,0.512346,0.000000,0.494248,,0.880109
UniDA,MHEALTH -> RealWorld,UDA,4,0,23.626,0.348140,0.301076,0.412645,0.379039,,0.903614
UniDA,MHEALTH -> RealWorld,UDA,4,1,22.118,0.139671,0.083499,0.426772,0.217524,,0.905336
UniDA,MHEALTH -> RealWorld,UDA,4,2,21.626,0.324761,0.269797,0.407850,0.354787,,0.884682
UniDA,MHEALTH -> RealWorld,UDA,4,3,21.295,0.212969,0.141936,0.426325,0.272275,,0.853701
UniDA,MHEALTH -> RealWorld,UDA,4,4,20.636,0.296733,0.239052,0.391101,0.328396,,0.858864
UniDA,MHEALTH -> RealWorld,OVANet,4,0,19.450,0.193083,0.115693,0.583200,0.295391,,0.860585
UniDA,MHEALTH -> RealWorld,OVANet,4,1,19.640,0.055542,0.028647,0.908585,0.231451,,0.915663
UniDA,MHEALTH -> RealWorld,OVANet,4,2,20.050,0.017225,0.008697,0.886786,0.207940,,0.872633
UniDA,MHEALTH -> RealWorld,OVANet,4,3,20.062,0.006235,0.003128,0.962347,0.209042,,0.920826
UniDA,MHEALTH -> RealWorld,OVANet,4,4,19.938,0.171911,0.096315,0.799143,0.300193,,0.908778
UniDA,MHEALTH -> RealWorld,DANCE,4,0,20.456,0.000000,0.000000,1.000000,0.203329,,0.884682
UniDA,MHEALTH -> RealWorld,DANCE,4,1,20.111,0.000000,0.000000,1.000000,0.203329,,0.853701
UniDA,MHEALTH -> RealWorld,DANCE,4,2,20.463,0.000000,0.000000,1.000000,0.203329,,0.920826
UniDA,MHEALTH -> RealWorld,DANCE,4,3,20.399,0.000000,0.000000,1.000000,0.203329,,0.915663
UniDA,MHEALTH -> RealWorld,DANCE,4,4,20.575,0.000000,0.000000,1.000000,0.203329,,0.898451
UniDA,MHEALTH -> RealWorld,PPOT,4,0,68.740,0.000000,0.000000,1.000000,0.203329,,0.710843
UniDA,MHEALTH -> RealWorld,PPOT,4,1,68.467,0.000000,0.000000,1.000000,0.203329,,0.803787
UniDA,MHEALTH -> RealWorld,PPOT,4,2,66.206,0.000000,0.000000,1.000000,0.203329,,0.807229
UniDA,MHEALTH -> RealWorld,PPOT,4,3,67.841,0.000000,0.000000,1.000000,0.203329,,0.729776
UniDA,MHEALTH -> RealWorld,PPOT,4,4,71.045,0.000000,0.000000,1.000000,0.203329,,0.791738
UniDA,MHEALTH -> RealWorld,RAINCOAT,4,0,72.928,0.030720,0.016021,0.372563,0.145585,,0.402754
UniDA,MHEALTH -> RealWorld,RAINCOAT,4,1,65.442,0.090811,0.066982,0.140958,0.140858,,0.638554
UniDA,MHEALTH -> RealWorld,RAINCOAT,4,2,66.449,0.193005,0.183247,0.203861,0.222462,,0.487091
UniDA,MHEALTH -> RealWorld,RAINCOAT,4,3,74.537,0.116821,0.071712,0.314901,0.206290,,0.598967
UniDA,MHEALTH -> RealWorld,RAINCOAT,4,4,58.160,0.033146,0.025938,0.045899,0.044694,,0.571429
UniDA,MHEALTH -> RealWorld,UniOT,4,0,67.656,0.000000,0.000000,1.000000,0.203329,,0.922547
UniDA,MHEALTH -> RealWorld,UniOT,4,1,53.753,0.000000,0.000000,1.000000,0.203329,,0.893287
UniDA,MHEALTH -> RealWorld,UniOT,4,2,87.288,0.163594,0.094751,0.598287,0.236847,,0.963855
UniDA,MHEALTH -> RealWorld,UniOT,4,3,88.408,0.108534,0.059963,0.571246,0.222650,,0.920826
UniDA,MHEALTH -> RealWorld,UniOT,4,4,69.124,0.255298,0.162000,0.601995,0.276797,,0.924268
UniDA,MHEALTH -> RealWorld,UniJDOT,4,0,152.258,0.172262,0.099825,0.627885,0.254749,,0.913942
UniDA,MHEALTH -> RealWorld,UniJDOT,4,1,146.737,0.339741,0.215403,0.803618,0.403802,,0.932874
UniDA,MHEALTH -> RealWorld,UniJDOT,4,2,140.131,0.485053,0.398764,0.618999,0.437432,,0.938038
UniDA,MHEALTH -> RealWorld,UniJDOT,4,3,159.667,0.428884,0.301305,0.743847,0.434538,,0.922547
UniDA,MHEALTH -> RealWorld,UniJDOT,4,4,164.285,0.414358,0.294210,0.700377,0.399009,,0.913942
PDA,Pamap2 -> MHEALTH,PDAAN,2,0,44.460,,,,0.007298,,0.676694
PDA,Pamap2 -> MHEALTH,PDAAN,2,1,41.173,,,,0.000000,,0.650909
PDA,Pamap2 -> MHEALTH,PDAAN,2,2,37.153,,,,0.004890,,0.665455
PDA,Pamap2 -> MHEALTH,PDAAN,2,3,36.552,,,,0.002457,,0.662479
PDA,Pamap2 -> MHEALTH,PDAAN,2,4,42.078,,,,0.079124,,0.581818
PDA,Pamap2 -> MHEALTH,SPADA,2,0,44.134,,,,0.147632,,0.845620
PDA,Pamap2 -> MHEALTH,SPADA,2,1,42.608,,,,0.329547,,0.872727
PDA,Pamap2 -> MHEALTH,SPADA,2,2,46.701,,,,0.349947,,0.868099
PDA,Pamap2 -> MHEALTH,SPADA,2,3,47.229,,,,0.294790,,0.873388
PDA,Pamap2 -> MHEALTH,SPADA,2,4,46.016,,,,0.305636,,0.880331
PDA,Pamap2 -> MHEALTH,UDA,2,0,69.141,0.000000,0.138272,0.000000,0.219752,,0.851901
PDA,Pamap2 -> MHEALTH,UDA,2,1,71.436,0.000000,0.149383,0.000000,0.227430,,0.814545
PDA,Pamap2 -> MHEALTH,UDA,2,2,68.981,0.000000,0.222840,0.000000,0.313179,,0.748430
PDA,Pamap2 -> MHEALTH,UDA,2,3,71.072,0.000000,0.081481,0.000000,0.117379,,0.804628
PDA,Pamap2 -> MHEALTH,UDA,2,4,67.691,0.000000,0.083951,0.000000,0.132583,,0.748760
PDA,Pamap2 -> MHEALTH,OVANet,2,0,56.009,0.000000,0.000000,0.000000,0.000000,,0.869421
PDA,Pamap2 -> MHEALTH,OVANet,2,1,64.470,0.000000,0.000000,0.000000,0.000000,,0.867107
PDA,Pamap2 -> MHEALTH,OVANet,2,2,72.297,0.000000,0.000000,0.000000,0.000000,,0.876694
PDA,Pamap2 -> MHEALTH,OVANet,2,3,58.098,0.000000,0.000000,0.000000,0.000000,,0.872066
PDA,Pamap2 -> MHEALTH,OVANet,2,4,65.115,0.000000,0.024691,0.000000,0.044983,,0.884959
PDA,Pamap2 -> MHEALTH,DANCE,2,0,58.903,0.000000,0.000000,0.000000,0.000000,,0.883967
PDA,Pamap2 -> MHEALTH,DANCE,2,1,53.375,0.000000,0.000000,0.000000,0.000000,,0.881322
PDA,Pamap2 -> MHEALTH,DANCE,2,2,69.614,0.000000,0.000000,0.000000,0.000000,,0.893554
PDA,Pamap2 -> MHEALTH,DANCE,2,3,60.483,0.000000,0.000000,0.000000,0.000000,,0.871736
PDA,Pamap2 -> MHEALTH,DANCE,2,4,53.989,0.000000,0.000000,0.000000,0.000000,,0.876364
PDA,Pamap2 -> MHEALTH,PPOT,2,0,102.264,0.000000,0.000000,0.000000,0.000000,,0.753719
PDA,Pamap2 -> MHEALTH,PPOT,2,1,98.275,0.000000,0.000000,0.000000,0.000000,,0.721653
PDA,Pamap2 -> MHEALTH,PPOT,2,2,96.663,0.000000,0.000000,0.000000,0.000000,,0.753719
PDA,Pamap2 -> MHEALTH,PPOT,2,3,97.031,0.000000,0.000000,0.000000,0.000000,,0.733884
PDA,Pamap2 -> MHEALTH,PPOT,2,4,90.691,0.000000,0.000000,0.000000,0.000000,,0.748430
PDA,Pamap2 -> MHEALTH,RAINCOAT,2,0,26.620,0.000000,0.129012,0.000000,0.169474,,0.682645
PDA,Pamap2 -> MHEALTH,RAINCOAT,2,1,24.772,0.000000,0.020988,0.000000,0.035422,,0.654215
PDA,Pamap2 -> MHEALTH,RAINCOAT,2,2,23.975,0.000000,0.025926,0.000000,0.030367,,0.645620
PDA,Pamap2 -> MHEALTH,RAINCOAT,2,3,23.346,0.000000,0.156790,0.000000,0.190337,,0.594380
PDA,Pamap2 -> MHEALTH,RAINCOAT,2,4,26.973,0.000000,0.000617,0.000000,0.000816,,0.689256
PDA,Pamap2 -> MHEALTH,UniOT,2,0,278.609,0.000000,0.000000,0.000000,0.000000,,0.838347
PDA,Pamap2 -> MHEALTH,UniOT,2,1,301.140,0.000000,0.049383,0.000000,0.081937,,0.827107
PDA,Pamap2 -> MHEALTH,UniOT,2,2,313.125,0.000000,0.025309,0.000000,0.045903,,0.808595
PDA,Pamap2 -> MHEALTH,UniOT,2,3,327.876,0.000000,0.030247,0.000000,0.051845,,0.801322
PDA,Pamap2 -> MHEALTH,UniOT,2,4,308.545,0.000000,0.018519,0.000000,0.035296,,0.809256
PDA,Pamap2 -> MHEALTH,UniJDOT,2,0,626.178,0.000000,0.388272,0.000000,0.463337,,0.861157
PDA,Pamap2 -> MHEALTH,UniJDOT,2,1,587.652,0.000000,0.041975,0.000000,0.072008,,0.849917
PDA,Pamap2 -> MHEALTH,UniJDOT,2,2,608.506,0.000000,0.500000,0.000000,0.501824,,0.864463
PDA,Pamap2 -> MHEALTH,UniJDOT,2,3,570.602,0.000000,0.076543,0.000000,0.096052,,0.675372
PDA,Pamap2 -> MHEALTH,UniJDOT,2,4,532.734,0.000000,0.497531,0.000000,0.561427,,0.748760
PDA,Pamap2 -> RealWorld,PDAAN,2,0,53.850,,,,0.030648,,0.675041
PDA,Pamap2 -> RealWorld,PDAAN,2,1,47.976,,,,0.055195,,0.613554
PDA,Pamap2 -> RealWorld,PDAAN,2,2,41.883,,,,0.073057,,0.688264
PDA,Pamap2 -> RealWorld,PDAAN,2,3,50.202,,,,0.035955,,0.618843
PDA,Pamap2 -> RealWorld,PDAAN,2,4,50.973,,,,0.018898,,0.666116
PDA,Pamap2 -> RealWorld,SPADA,2,0,46.126,,,,0.244955,,0.844628
PDA,Pamap2 -> RealWorld,SPADA,2,1,50.779,,,,0.274971,,0.865455
PDA,Pamap2 -> RealWorld,SPADA,2,2,49.263,,,,0.275628,,0.857190
PDA,Pamap2 -> RealWorld,SPADA,2,3,50.739,,,,0.378113,,0.874380
PDA,Pamap2 -> RealWorld,SPADA,2,4,50.984,,,,0.389567,,0.878678
PDA,Pamap2 -> RealWorld,UDA,2,0,79.151,0.000000,0.128009,0.000000,0.205053,,0.793058
PDA,Pamap2 -> RealWorld,UDA,2,1,75.648,0.000000,0.190049,0.000000,0.306916,,0.827438
PDA,Pamap2 -> RealWorld,UDA,2,2,75.650,0.000000,0.149643,0.000000,0.243045,,0.835041
PDA,Pamap2 -> RealWorld,UDA,2,3,75.830,0.000000,0.184593,0.000000,0.289022,,0.824793
PDA,Pamap2 -> RealWorld,UDA,2,4,73.443,0.000000,0.146019,0.000000,0.240272,,0.854545
PDA,Pamap2 -> RealWorld,OVANet,2,0,66.971,0.000000,0.018200,0.000000,0.034039,,0.870413
PDA,Pamap2 -> RealWorld,OVANet,2,1,66.151,0.000000,0.000839,0.000000,0.001673,,0.871736
PDA,Pamap2 -> RealWorld,OVANet,2,2,61.651,0.000000,0.000992,0.000000,0.001976,,0.865455
PDA,Pamap2 -> RealWorld,OVANet,2,3,71.888,0.000000,0.000458,0.000000,0.000860,,0.876364
PDA,Pamap2 -> RealWorld,OVANet,2,4,60.828,0.000000,0.007745,0.000000,0.015016,,0.869752
PDA,Pamap2 -> RealWorld,DANCE,2,0,70.550,0.000000,0.000000,0.000000,0.000000,,0.884959
PDA,Pamap2 -> RealWorld,DANCE,2,1,66.900,0.000000,0.000000,0.000000,0.000000,,0.887603
PDA,Pamap2 -> RealWorld,DANCE,2,2,65.505,0.000000,0.000000,0.000000,0.000000,,0.885620
PDA,Pamap2 -> RealWorld,DANCE,2,3,60.613,0.000000,0.000000,0.000000,0.000000,,0.886942
PDA,Pamap2 -> RealWorld,DANCE,2,4,64.037,0.000000,0.000000,0.000000,0.000000,,0.871405
PDA,Pamap2 -> RealWorld,PPOT,2,0,138.185,0.000000,0.000000,0.000000,0.000000,,0.745785
PDA,Pamap2 -> RealWorld,PPOT,2,1,136.637,0.000000,0.000000,0.000000,0.000000,,0.750413
PDA,Pamap2 -> RealWorld,PPOT,2,2,137.361,0.000000,0.000000,0.000000,0.000000,,0.753058
PDA,Pamap2 -> RealWorld,PPOT,2,3,137.615,0.000000,0.000000,0.000000,0.000000,,0.751074
PDA,Pamap2 -> RealWorld,PPOT,2,4,144.818,0.000000,0.000000,0.000000,0.000000,,0.753719
PDA,Pamap2 -> RealWorld,RAINCOAT,2,0,126.313,0.000000,0.127208,0.000000,0.197372,,0.691901
PDA,Pamap2 -> RealWorld,RAINCOAT,2,1,125.514,0.000000,0.102408,0.000000,0.147835,,0.650909
PDA,Pamap2 -> RealWorld,RAINCOAT,2,2,134.643,0.000000,0.106986,0.000000,0.142787,,0.695207
PDA,Pamap2 -> RealWorld,RAINCOAT,2,3,121.053,0.000000,0.104048,0.000000,0.149194,,0.624132
PDA,Pamap2 -> RealWorld,RAINCOAT,2,4,117.658,0.000000,0.080965,0.000000,0.121630,,0.641983
PDA,Pamap2 -> RealWorld,UniOT,2,0,308.058,0.000000,0.032966,0.000000,0.058305,,0.816198
PDA,Pamap2 -> RealWorld,UniOT,2,1,415.569,0.000000,0.042390,0.000000,0.072591,,0.814215
PDA,Pamap2 -> RealWorld,UniOT,2,2,383.729,0.000000,0.035942,0.000000,0.065363,,0.821157
PDA,Pamap2 -> RealWorld,UniOT,2,3,404.335,0.000000,0.015605,0.000000,0.030083,,0.840661
PDA,Pamap2 -> RealWorld,UniOT,2,4,407.559,0.000000,0.053875,0.000000,0.089703,,0.816859
PDA,Pamap2 -> RealWorld,UniJDOT,2,0,582.798,0.000000,0.539433,0.000000,0.652462,,0.844959
PDA,Pamap2 -> RealWorld,UniJDOT,2,1,596.961,0.000000,0.300965,0.000000,0.406523,,0.822479
PDA,Pamap2 -> RealWorld,UniJDOT,2,2,603.763,0.000000,0.400969,0.000000,0.475913,,0.829752
PDA,Pamap2 -> RealWorld,UniJDOT,2,3,542.423,0.000000,0.234194,0.000000,0.273878,,0.833388
PDA,Pamap2 -> RealWorld,UniJDOT,2,4,547.169,0.000000,0.525735,0.000000,0.618043,,0.808595
OSDA,MHEALTH -> Pamap2,OSBP,6,0,10.364,0.335712,0.687382,0.222089,0.360148,,0.861111
OSDA,MHEALTH -> Pamap2,OSBP,6,1,10.383,0.320070,0.464413,0.244178,0.352324,,0.969136
OSDA,MHEALTH -> Pamap2,OSBP,6,2,9.918,0.283397,0.600672,0.185445,0.310169,,0.990741
OSDA,MHEALTH -> Pamap2,OSBP,6,3,9.244,0.285413,0.578207,0.189469,0.308670,,0.969136
OSDA,MHEALTH -> Pamap2,OSBP,6,4,9.113,0.338506,0.481629,0.260959,0.366603,,0.962963
OSDA,MHEALTH -> Pamap2,TSFA,6,0,24.322,0.300850,0.397649,0.241952,0.316497,,1.000000
OSDA,MHEALTH -> Pamap2,TSFA,6,1,21.243,0.310667,0.444468,0.238784,0.320594,,1.000000
OSDA,MHEALTH -> Pamap2,TSFA,6,2,22.827,0.308162,0.420113,0.243322,0.322056,,1.000000
OSDA,MHEALTH -> Pamap2,TSFA,6,3,21.770,0.332915,0.537686,0.241096,0.335684,,0.990741
OSDA,MHEALTH -> Pamap2,TSFA,6,4,21.462,0.325227,0.532647,0.234075,0.328964,,0.996914
OSDA,MHEALTH -> Pamap2,UDA,6,0,12.612,0.441621,0.470922,0.415753,0.466922,,0.984568
OSDA,MHEALTH -> Pamap2,UDA,6,1,11.492,0.271711,0.228847,0.334332,0.362924,,0.993827
OSDA,MHEALTH -> Pamap2,UDA,6,2,11.403,0.286069,0.230107,0.377997,0.404339,,0.984568
OSDA,MHEALTH -> Pamap2,UDA,6,3,11.313,0.354500,0.349150,0.360017,0.404413,,0.993827
OSDA,MHEALTH -> Pamap2,UDA,6,4,11.649,0.188854,0.128910,0.352997,0.354705,,0.975309
OSDA,MHEALTH -> Pamap2,OVANet,6,0,11.360,0.298199,0.739870,0.186729,0.331064,,0.996914
OSDA,MHEALTH -> Pamap2,OVANet,6,1,10.507,0.324402,0.344951,0.306164,0.360637,,0.996914
OSDA,MHEALTH -> Pamap2,OVANet,6,2,10.641,0.354990,0.684443,0.239640,0.372031,,0.996914
OSDA,MHEALTH -> Pamap2,OVANet,6,3,9.862,0.370871,0.451396,0.314726,0.409467,,0.996914
OSDA,MHEALTH -> Pamap2,OVANet,6,4,10.030,0.174647,0.450766,0.108305,0.200224,,0.996914
OSDA,MHEALTH -> Pamap2,DANCE,6,0,10.910,0.000000,0.000000,1.000000,0.590029,,0.996914
OSDA,MHEALTH -> Pamap2,DANCE,6,1,10.745,0.000000,0.000000,1.000000,0.590029,,0.990741
OSDA,MHEALTH -> Pamap2,DANCE,6,2,10.617,0.000000,0.000000,1.000000,0.590029,,0.993827
OSDA,MHEALTH -> Pamap2,DANCE,6,3,10.442,0.000000,0.000000,1.000000,0.590029,,0.990741
OSDA,MHEALTH -> Pamap2,DANCE,6,4,10.602,0.000000,0.000000,1.000000,0.590029,,0.993827
OSDA,MHEALTH -> Pamap2,PPOT,6,0,33.790,0.000000,0.000000,1.000000,0.590029,,0.987654
OSDA,MHEALTH -> Pamap2,PPOT,6,1,32.503,0.000000,0.000000,1.000000,0.590029,,0.981481
OSDA,MHEALTH -> Pamap2,PPOT,6,2,31.920,0.000000,0.000000,1.000000,0.590029,,0.990741
OSDA,MHEALTH -> Pamap2,PPOT,6,3,32.248,0.000000,0.000000,1.000000,0.590029,,0.987654
OSDA,MHEALTH -> Pamap2,PPOT,6,4,31.967,0.000000,0.000000,1.000000,0.590029,,0.993827
OSDA,MHEALTH -> Pamap2,RAINCOAT,6,0,20.941,0.162933,0.143607,0.188271,0.220745,,0.753086
OSDA,MHEALTH -> Pamap2,RAINCOAT,6,1,17.725,0.198256,0.141507,0.330993,0.334898,,0.765432
OSDA,MHEALTH -> Pamap2,RAINCOAT,6,2,24.245,0.181035,0.109805,0.515325,0.453369,,0.938272
OSDA,MHEALTH -> Pamap2,RAINCOAT,6,3,20.401,0.154978,0.123032,0.209332,0.244107,,0.691358
OSDA,MHEALTH -> Pamap2,RAINCOAT,6,4,19.178,0.056966,0.032543,0.228339,0.229294,,0.700617
OSDA,MHEALTH -> Pamap2,UniOT,6,0,51.198,0.277661,0.169221,0.773031,0.565753,,1.000000
OSDA,MHEALTH -> Pamap2,UniOT,6,1,51.833,0.240027,0.139618,0.854709,0.584857,,1.000000
OSDA,MHEALTH -> Pamap2,UniOT,6,2,47.555,0.193003,0.117363,0.542894,0.462012,,1.000000
OSDA,MHEALTH -> Pamap2,UniOT,6,3,56.671,0.252905,0.162293,0.572603,0.494545,,1.000000
OSDA,MHEALTH -> Pamap2,UniOT,6,4,49.333,0.374833,0.277346,0.577997,0.514306,,1.000000
OSDA,MHEALTH -> Pamap2,UniJDOT,6,0,119.650,0.226228,0.238925,0.214812,0.269489,,0.901235
OSDA,MHEALTH -> Pamap2,UniJDOT,6,1,82.835,0.145163,0.081461,0.665839,0.529756,,0.959877
OSDA,MHEALTH -> Pamap2,UniJDOT,6,2,109.758,0.255638,0.244384,0.267979,0.316675,,0.996914
OSDA,MHEALTH -> Pamap2,UniJDOT,6,3,94.010,0.342154,0.449717,0.276113,0.354674,,0.993827
OSDA,MHEALTH -> Pamap2,UniJDOT,6,4,90.615,0.220835,0.173840,0.302654,0.331581,,1.000000
UniDA,MHEALTH -> Pamap2,UDA,6,0,19.461,0.189776,0.121772,0.429795,0.410053,,0.919399
UniDA,MHEALTH -> Pamap2,UDA,6,1,18.573,0.320806,0.250472,0.446062,0.474916,,0.928962
UniDA,MHEALTH -> Pamap2,UDA,6,2,18.591,0.152739,0.095318,0.384161,0.382852,,0.927596
UniDA,MHEALTH -> Pamap2,UDA,6,3,18.026,0.372796,0.337602,0.416182,0.491715,,0.900273
UniDA,MHEALTH -> Pamap2,UDA,6,4,18.494,0.226112,0.153685,0.427654,0.421704,,0.930328
UniDA,MHEALTH -> Pamap2,OVANet,6,0,15.310,0.010438,0.005249,0.927226,0.576090,,0.887978
UniDA,MHEALTH -> Pamap2,OVANet,6,1,15.092,0.142472,0.081671,0.557534,0.469970,,0.900273
UniDA,MHEALTH -> Pamap2,OVANet,6,2,14.001,0.000000,0.000000,0.910531,0.569755,,0.881148
UniDA,MHEALTH -> Pamap2,OVANet,6,3,14.054,0.017042,0.008608,0.840497,0.542981,,0.923497
UniDA,MHEALTH -> Pamap2,OVANet,6,4,14.828,0.000000,0.000000,0.966438,0.590510,,0.923497
UniDA,MHEALTH -> Pamap2,DANCE,6,0,16.590,0.000000,0.000000,1.000000,0.590029,,0.935792
UniDA,MHEALTH -> Pamap2,DANCE,6,1,15.787,0.000000,0.000000,1.000000,0.590029,,0.934426
UniDA,MHEALTH -> Pamap2,DANCE,6,2,15.683,0.000000,0.000000,1.000000,0.590029,,0.927596
UniDA,MHEALTH -> Pamap2,DANCE,6,3,15.580,0.000000,0.000000,1.000000,0.590029,,0.928962
UniDA,MHEALTH -> Pamap2,DANCE,6,4,15.788,0.000000,0.000000,1.000000,0.590029,,0.916667
UniDA,MHEALTH -> Pamap2,PPOT,6,0,38.408,0.000000,0.000000,1.000000,0.590029,,0.756831
UniDA,MHEALTH -> Pamap2,PPOT,6,1,36.503,0.000000,0.000000,1.000000,0.590029,,0.685792
UniDA,MHEALTH -> Pamap2,PPOT,6,2,37.455,0.000000,0.000000,1.000000,0.590029,,0.734973
UniDA,MHEALTH -> Pamap2,PPOT,6,3,36.909,0.000000,0.000000,1.000000,0.590029,,0.739071
UniDA,MHEALTH -> Pamap2,PPOT,6,4,36.773,0.000000,0.000000,1.000000,0.590029,,0.740437
UniDA,MHEALTH -> Pamap2,RAINCOAT,6,0,28.916,0.072062,0.056057,0.100856,0.130748,,0.446721
UniDA,MHEALTH -> Pamap2,RAINCOAT,6,1,28.278,0.074393,0.048919,0.155223,0.188283,,0.566940
UniDA,MHEALTH -> Pamap2,RAINCOAT,6,2,27.510,0.082662,0.059416,0.135788,0.173665,,0.352459
UniDA,MHEALTH -> Pamap2,RAINCOAT,6,3,28.943,0.061743,0.036742,0.193236,0.221644,,0.356557
UniDA,MHEALTH -> Pamap2,RAINCOAT,6,4,29.380,0.041230,0.022465,0.250342,0.250424,,0.482240
UniDA,MHEALTH -> Pamap2,UniOT,6,0,42.817,0.000000,0.000000,1.000000,0.590029,,0.965847
UniDA,MHEALTH -> Pamap2,UniOT,6,1,61.156,0.000000,0.000000,1.000000,0.590029,,0.952186
UniDA,MHEALTH -> Pamap2,UniOT,6,2,38.195,0.000000,0.000000,1.000000,0.590029,,0.941257
UniDA,MHEALTH -> Pamap2,UniOT,6,3,41.368,0.000000,0.000000,1.000000,0.590029,,0.989071
UniDA,MHEALTH -> Pamap2,UniOT,6,4,58.951,0.000000,0.000000,1.000000,0.590029,,0.991803
UniDA,MHEALTH -> Pamap2,UniJDOT,6,0,78.612,0.223835,0.130800,0.775257,0.567635,,0.971311
UniDA,MHEALTH -> Pamap2,UniJDOT,6,1,77.355,0.346374,0.251312,0.557106,0.515055,,0.982240
UniDA,MHEALTH -> Pamap2,UniJDOT,6,2,77.471,0.308182,0.208692,0.588955,0.535874,,0.939891
UniDA,MHEALTH -> Pamap2,UniJDOT,6,3,78.516,0.161223,0.093638,0.579452,0.504312,,0.987705
UniDA,MHEALTH -> Pamap2,UniJDOT,6,4,78.761,0.012468,0.006299,0.610103,0.480708,,0.961749
UniDA,MHEALTH -> RealWorld,UDA,3,0,17.434,0.330384,0.246501,0.500807,0.342357,,0.965932
UniDA,MHEALTH -> RealWorld,UDA,3,1,17.272,0.338513,0.309165,0.374018,0.375704,,0.969940
UniDA,MHEALTH -> RealWorld,UDA,3,2,17.216,0.215119,0.141806,0.445377,0.233762,,0.985972
UniDA,MHEALTH -> RealWorld,UDA,3,3,17.299,0.288877,0.217171,0.431278,0.310056,,0.937876
UniDA,MHEALTH -> RealWorld,UDA,3,4,17.303,0.401091,0.441664,0.367345,0.494365,,0.975952
UniDA,MHEALTH -> RealWorld,OVANet,3,0,16.002,0.343516,0.233419,0.650199,0.324241,,0.989980
UniDA,MHEALTH -> RealWorld,OVANet,3,1,15.160,0.271198,0.184942,0.508234,0.240573,,0.987976
UniDA,MHEALTH -> RealWorld,OVANet,3,2,13.809,0.087108,0.045997,0.819933,0.192089,,0.991984
UniDA,MHEALTH -> RealWorld,OVANet,3,3,13.728,0.108018,0.057287,0.943924,0.205086,,0.989980
UniDA,MHEALTH -> RealWorld,OVANet,3,4,13.642,0.307353,0.195774,0.714670,0.349328,,0.989980
UniDA,MHEALTH -> RealWorld,DANCE,3,0,14.401,0.000000,0.000000,1.000000,0.108522,,0.989980
UniDA,MHEALTH -> RealWorld,DANCE,3,1,15.190,0.000000,0.000000,1.000000,0.108522,,0.991984
UniDA,MHEALTH -> RealWorld,DANCE,3,2,15.173,0.000000,0.000000,1.000000,0.108522,,0.991984
UniDA,MHEALTH -> RealWorld,DANCE,3,3,14.996,0.000000,0.000000,1.000000,0.108522,,0.989980
UniDA,MHEALTH -> RealWorld,DANCE,3,4,13.219,0.000000,0.000000,1.000000,0.108522,,0.991984
UniDA,MHEALTH -> RealWorld,PPOT,3,0,52.322,0.000000,0.000000,1.000000,0.108522,,0.745491
UniDA,MHEALTH -> RealWorld,PPOT,3,1,53.543,0.000000,0.000000,1.000000,0.108522,,0.615230
UniDA,MHEALTH -> RealWorld,PPOT,3,2,52.254,0.000000,0.000000,1.000000,0.108522,,0.789579
UniDA,MHEALTH -> RealWorld,PPOT,3,3,52.979,0.000000,0.000000,1.000000,0.108522,,0.901804
UniDA,MHEALTH -> RealWorld,PPOT,3,4,52.976,0.000000,0.000000,1.000000,0.108522,,0.833667
UniDA,MHEALTH -> RealWorld,RAINCOAT,3,0,30.723,0.058530,0.110378,0.039823,0.142102,,0.430862
UniDA,MHEALTH -> RealWorld,RAINCOAT,3,1,34.339,0.157046,0.118769,0.231730,0.144447,,0.633267
UniDA,MHEALTH -> RealWorld,RAINCOAT,3,2,29.236,0.086589,0.192456,0.055861,0.199549,,0.412826
UniDA,MHEALTH -> RealWorld,RAINCOAT,3,3,43.311,0.096671,0.111637,0.085244,0.151384,,0.523046
UniDA,MHEALTH -> RealWorld,RAINCOAT,3,4,40.348,0.173885,0.324841,0.118717,0.247427,,0.541082
UniDA,MHEALTH -> RealWorld,UniOT,3,0,46.837,0.000000,0.000000,1.000000,0.108522,,0.993988
UniDA,MHEALTH -> RealWorld,UniOT,3,1,57.965,0.354018,0.240055,0.673986,0.283968,,0.993988
UniDA,MHEALTH -> RealWorld,UniOT,3,2,58.824,0.277287,0.185324,0.550425,0.256215,,0.991984
UniDA,MHEALTH -> RealWorld,UniOT,3,3,52.326,0.403052,0.283153,0.699064,0.344802,,0.983968
UniDA,MHEALTH -> RealWorld,UniOT,3,4,65.363,0.262865,0.168160,0.601765,0.260209,,0.993988
UniDA,MHEALTH -> RealWorld,UniJDOT,3,0,108.201,0.328720,0.196956,0.993112,0.328788,,0.993988
UniDA,MHEALTH -> RealWorld,UniJDOT,3,1,106.247,0.402130,0.254510,0.957486,0.371608,,0.989980
UniDA,MHEALTH -> RealWorld,UniJDOT,3,2,105.630,0.167761,0.096419,0.645033,0.179756,,0.987976
UniDA,MHEALTH -> RealWorld,UniJDOT,3,3,106.831,0.056238,0.028948,0.981165,0.165916,,0.987976
UniDA,MHEALTH -> RealWorld,UniJDOT,3,4,118.754,0.194744,0.113544,0.683672,0.198730,,0.995992
UniDA,RealWorld -> MHEALTH,RAINCOAT,3,0,27.669,0.203196,0.148715,0.320675,0.214120,,0.478404
UniDA,RealWorld -> MHEALTH,RAINCOAT,3,1,24.396,0.032253,0.362301,0.016878,0.202824,,0.386960
UniDA,RealWorld -> MHEALTH,RAINCOAT,3,2,25.965,0.256262,0.222154,0.302743,0.261915,,0.473483
UniDA,RealWorld -> MHEALTH,RAINCOAT,3,3,25.813,0.240273,0.250306,0.231013,0.249453,,0.439995
UniDA,RealWorld -> MHEALTH,RAINCOAT,3,4,25.508,0.126059,0.082619,0.265823,0.171769,,0.478677
UniDA,RealWorld -> MHEALTH,UDA,3,0,153.011,0.309633,0.314565,0.304852,0.332810,,0.828868
UniDA,RealWorld -> MHEALTH,UDA,3,1,162.050,0.468722,0.539168,0.414557,0.527413,,0.761618
UniDA,RealWorld -> MHEALTH,UDA,3,2,162.163,0.465878,0.597307,0.381857,0.557917,,0.721979
UniDA,RealWorld -> MHEALTH,UDA,3,3,163.424,0.308008,0.272338,0.354430,0.327690,,0.824631
UniDA,RealWorld -> MHEALTH,OVANet,3,0,136.643,0.168698,0.244798,0.128692,0.109400,,0.812192
UniDA,RealWorld -> MHEALTH,OVANet,3,1,137.230,0.315280,0.250918,0.424051,0.210005,,0.819984
UniDA,RealWorld -> MHEALTH,OVANet,3,2,133.560,0.000000,0.000000,0.996835,0.201547,,0.799617
UniDA,RealWorld -> MHEALTH,OVANet,3,3,139.455,0.000000,0.000000,0.997890,0.197011,,0.822854
UniDA,RealWorld -> MHEALTH,OVANet,3,4,128.859,0.306743,0.250918,0.394515,0.201275,,0.826818
UniDA,RealWorld -> MHEALTH,DANCE,3,0,129.646,0.000000,0.000000,0.978903,0.198846,,0.813969
UniDA,RealWorld -> MHEALTH,DANCE,3,1,130.014,0.000000,0.000000,0.989451,0.198098,,0.811919
UniDA,RealWorld -> MHEALTH,DANCE,3,2,118.228,0.046565,0.023868,0.949367,0.221748,,0.780755
UniDA,RealWorld -> MHEALTH,DANCE,3,3,125.580,0.000000,0.000000,0.997890,0.201526,,0.789639
UniDA,RealWorld -> MHEALTH,DANCE,3,4,136.554,0.000000,0.000000,0.000000,0.000000,,0.136550
UniDA,RealWorld -> MHEALTH,PPOT,3,0,240.241,0.242318,0.223378,0.264768,0.291394,,0.795243
UniDA,RealWorld -> MHEALTH,PPOT,3,1,235.928,0.260657,0.246634,0.276371,0.290173,,0.816430
UniDA,RealWorld -> MHEALTH,PPOT,3,2,233.863,0.119201,0.098531,0.150844,0.131271,,0.825314
UniDA,RealWorld -> MHEALTH,PPOT,3,3,232.347,0.377127,0.345165,0.415612,0.411641,,0.792373
UniDA,RealWorld -> MHEALTH,PPOT,3,4,251.687,0.074886,0.077111,0.072785,0.087762,,0.807955
UniDA,RealWorld -> MHEALTH,UniOT,3,0,801.984,0.480622,0.344553,0.794304,0.462735,,0.840350
UniDA,RealWorld -> MHEALTH,UniOT,3,1,331.763,0.000000,0.000000,1.000000,0.197204,,0.794286
UniDA,RealWorld -> MHEALTH,UniOT,3,2,757.226,0.537514,0.407589,0.789030,0.456288,,0.766539
UniDA,RealWorld -> MHEALTH,UniOT,3,3,759.669,0.389879,0.253978,0.838608,0.352691,,0.786085
UniDA,RealWorld -> MHEALTH,UniOT,3,4,750.366,0.570937,0.420441,0.889241,0.521192,,0.833242
UniDA,RealWorld -> MHEALTH,UniJDOT,3,0,1086.836,0.609303,0.509180,0.758439,0.553463,,0.809595
UniDA,RealWorld -> MHEALTH,UniJDOT,3,1,1233.189,0.673140,0.616279,0.741561,0.627868,,0.809322
UniDA,RealWorld -> MHEALTH,UniJDOT,3,2,1314.591,0.460228,0.407589,0.528481,0.408261,,0.801804
UniDA,RealWorld -> MHEALTH,UniJDOT,3,3,1163.444,0.331330,0.212974,0.745781,0.359366,,0.803855
UniDA,RealWorld -> MHEALTH,UniJDOT,3,4,1307.754,0.358440,0.219706,0.972574,0.403623,,0.798524
UniDA,Pamap2 -> MHEALTH,UDA,3,0,47.739,0.222201,0.149171,0.435323,0.293733,,0.766728
UniDA,Pamap2 -> MHEALTH,UDA,3,1,46.520,0.159376,0.100675,0.382255,0.251719,,0.746777
UniDA,Pamap2 -> MHEALTH,UDA,3,2,44.834,0.230647,0.176796,0.331675,0.295223,,0.732351
UniDA,Pamap2 -> MHEALTH,UDA,3,3,47.720,0.055718,0.031308,0.252902,0.134817,,0.738490
UniDA,Pamap2 -> MHEALTH,UDA,3,4,50.793,0.122236,0.074279,0.344942,0.226398,,0.715163
UniDA,Pamap2 -> MHEALTH,OVANet,3,0,45.392,0.000000,0.000000,0.028192,0.016857,,0.801105
UniDA,Pamap2 -> MHEALTH,OVANet,3,1,45.664,0.000000,0.000000,0.358209,0.179992,,0.831185
UniDA,Pamap2 -> MHEALTH,OVANet,3,2,45.404,0.000000,0.000000,0.284411,0.149346,,0.842234
UniDA,Pamap2 -> MHEALTH,OVANet,3,3,45.273,0.000000,0.000000,0.333333,0.169905,,0.842234
UniDA,Pamap2 -> MHEALTH,OVANet,3,4,45.954,0.000000,0.000000,0.347430,0.175607,,0.858809
UniDA,Pamap2 -> MHEALTH,DANCE,3,0,44.025,0.000000,0.000000,0.997512,0.253468,,0.835482
UniDA,Pamap2 -> MHEALTH,DANCE,3,1,40.135,0.000000,0.000000,0.999171,0.253764,,0.824432
UniDA,Pamap2 -> MHEALTH,DANCE,3,2,42.962,0.000000,0.000000,1.000000,0.253912,,0.838244
UniDA,Pamap2 -> MHEALTH,DANCE,3,3,44.958,0.000000,0.000000,1.000000,0.253912,,0.818907
UniDA,Pamap2 -> MHEALTH,DANCE,3,4,44.539,0.000000,0.000000,0.999171,0.253764,,0.833026
UniDA,Pamap2 -> MHEALTH,PPOT,3,0,80.202,0.000000,0.000000,0.906302,0.284552,,0.678330
UniDA,Pamap2 -> MHEALTH,PPOT,3,1,75.891,0.000000,0.000000,0.668325,0.209770,,0.647943
UniDA,Pamap2 -> MHEALTH,PPOT,3,2,72.716,0.000000,0.000000,0.814262,0.264560,,0.698895
UniDA,Pamap2 -> MHEALTH,PPOT,3,3,74.593,0.000000,0.000000,0.798507,0.251246,,0.697360
UniDA,Pamap2 -> MHEALTH,PPOT,3,4,74.935,0.000000,0.000000,0.906302,0.284465,,0.700123
UniDA,Pamap2 -> MHEALTH,RAINCOAT,3,0,29.865,0.195345,0.190301,0.200663,0.215818,,0.503990
UniDA,Pamap2 -> MHEALTH,RAINCOAT,3,1,29.975,0.273405,0.186004,0.515755,0.329912,,0.671578
UniDA,Pamap2 -> MHEALTH,RAINCOAT,3,2,28.113,0.156975,0.238797,0.116915,0.223119,,0.467772
UniDA,Pamap2 -> MHEALTH,RAINCOAT,3,3,32.143,0.272868,0.191529,0.474295,0.305547,,0.487109
UniDA,Pamap2 -> MHEALTH,RAINCOAT,3,4,27.276,0.000000,0.000000,0.033167,0.022871,,0.622775
UniDA,Pamap2 -> MHEALTH,UniOT,3,0,249.782,0.006102,0.003069,0.504146,0.186399,,0.656845
UniDA,Pamap2 -> MHEALTH,UniOT,3,1,259.952,0.004884,0.002455,0.445274,0.161716,,0.791590
UniDA,Pamap2 -> MHEALTH,UniOT,3,2,260.191,0.000000,0.000000,0.673300,0.222208,,0.709024
UniDA,Pamap2 -> MHEALTH,UniOT,3,3,260.162,0.000000,0.000000,0.618574,0.211705,,0.714856
UniDA,Pamap2 -> MHEALTH,UniOT,3,4,213.797,0.006104,0.003069,0.539801,0.208435,,0.774095
UniDA,Pamap2 -> MHEALTH,UniJDOT,3,0,213.271,0.217132,0.149171,0.398839,0.218021,,0.730203
UniDA,Pamap2 -> MHEALTH,UniJDOT,3,1,208.720,0.499830,0.369552,0.771973,0.499086,,0.829957
UniDA,Pamap2 -> MHEALTH,UniJDOT,3,2,216.940,0.001227,0.000614,0.723881,0.250636,,0.779006
UniDA,Pamap2 -> MHEALTH,UniJDOT,3,3,248.005,0.001226,0.000614,0.505804,0.187974,,0.834868
UniDA,Pamap2 -> MHEALTH,UniJDOT,3,4,265.112,0.285774,0.168201,0.949420,0.423268,,0.713935
PDA,Pamap2 -> MHEALTH,PDAAN,7,0,39.281,,,,0.004914,,0.428506
PDA,Pamap2 -> MHEALTH,PDAAN,7,1,39.610,,,,0.077881,,0.438423
PDA,Pamap2 -> MHEALTH,PDAAN,7,2,38.390,,,,0.018993,,0.436347
PDA,Pamap2 -> MHEALTH,PDAAN,7,3,37.332,,,,0.000000,,0.447648
PDA,Pamap2 -> MHEALTH,PDAAN,7,4,40.274,,,,0.002457,,0.438192
PDA,Pamap2 -> MHEALTH,SPADA,7,0,40.670,,,,0.287963,,0.770526
PDA,Pamap2 -> MHEALTH,SPADA,7,1,41.816,,,,0.434380,,0.738007
PDA,Pamap2 -> MHEALTH,SPADA,7,2,45.676,,,,0.342142,,0.752306
PDA,Pamap2 -> MHEALTH,SPADA,7,3,41.778,,,,0.335005,,0.768450
PDA,Pamap2 -> MHEALTH,SPADA,7,4,43.211,,,,0.373758,,0.758072
PDA,Pamap2 -> MHEALTH,UDA,7,0,71.808,0.000000,0.128395,0.000000,0.195897,,0.774446
PDA,Pamap2 -> MHEALTH,UDA,7,1,72.278,0.000000,0.093827,0.000000,0.145104,,0.735701
PDA,Pamap2 -> MHEALTH,UDA,7,2,73.276,0.000000,0.113580,0.000000,0.170957,,0.701338
PDA,Pamap2 -> MHEALTH,UDA,7,3,73.257,0.000000,0.091358,0.000000,0.150639,,0.751845
PDA,Pamap2 -> MHEALTH,UDA,7,4,70.537,0.000000,0.202469,0.000000,0.300228,,0.687500
PDA,Pamap2 -> MHEALTH,OVANet,7,0,63.270,0.000000,0.000000,0.000000,0.000000,,0.835101
PDA,Pamap2 -> MHEALTH,OVANet,7,1,59.831,0.000000,0.000000,0.000000,0.000000,,0.834871
PDA,Pamap2 -> MHEALTH,OVANet,7,2,64.163,0.000000,0.000000,0.000000,0.000000,,0.848709
PDA,Pamap2 -> MHEALTH,OVANet,7,3,61.315,0.000000,0.000000,0.000000,0.000000,,0.845480
PDA,Pamap2 -> MHEALTH,OVANet,7,4,63.930,0.000000,0.000000,0.000000,0.000000,,0.808349
PDA,Pamap2 -> MHEALTH,DANCE,7,0,63.062,0.000000,0.000000,0.000000,0.000000,,0.845710
PDA,Pamap2 -> MHEALTH,DANCE,7,1,63.460,0.000000,0.000000,0.000000,0.000000,,0.850323
PDA,Pamap2 -> MHEALTH,DANCE,7,2,64.364,0.000000,0.000000,0.000000,0.000000,,0.836485
PDA,Pamap2 -> MHEALTH,DANCE,7,3,65.459,0.000000,0.000000,0.000000,0.000000,,0.846633
PDA,Pamap2 -> MHEALTH,DANCE,7,4,63.043,0.000000,0.000000,0.000000,0.000000,,0.843404
PDA,Pamap2 -> MHEALTH,PPOT,7,0,175.874,0.000000,0.062346,0.000000,0.099998,,0.496771
PDA,Pamap2 -> MHEALTH,PPOT,7,1,176.931,0.000000,0.000000,0.000000,0.000000,,0.532980
PDA,Pamap2 -> MHEALTH,PPOT,7,2,180.924,0.000000,0.066049,0.000000,0.104706,,0.490544
PDA,Pamap2 -> MHEALTH,PPOT,7,3,173.216,0.000000,0.143827,0.000000,0.183256,,0.488930
PDA,Pamap2 -> MHEALTH,PPOT,7,4,161.395,0.000000,0.000000,0.000000,0.000000,,0.558118
PDA,Pamap2 -> MHEALTH,RAINCOAT,7,0,24.359,0.000000,0.081481,0.000000,0.120415,,0.306504
PDA,Pamap2 -> MHEALTH,RAINCOAT,7,1,22.710,0.000000,0.183951,0.000000,0.240901,,0.381227
PDA,Pamap2 -> MHEALTH,RAINCOAT,7,2,18.161,0.000000,0.011111,0.000000,0.021265,,0.408210
PDA,Pamap2 -> MHEALTH,RAINCOAT,7,3,19.289,0.000000,0.104321,0.000000,0.146673,,0.445572
PDA,Pamap2 -> MHEALTH,RAINCOAT,7,4,18.673,0.000000,0.000617,0.000000,0.000951,,0.499077
PDA,Pamap2 -> MHEALTH,UniOT,7,0,476.564,0.000000,0.002469,0.000000,0.004867,,0.735701
PDA,Pamap2 -> MHEALTH,UniOT,7,1,452.075,0.000000,0.033951,0.000000,0.059693,,0.698339
PDA,Pamap2 -> MHEALTH,UniOT,7,2,447.046,0.000000,0.000000,0.000000,0.000000,,0.788054
PDA,Pamap2 -> MHEALTH,UniOT,7,3,493.849,0.000000,0.000000,0.000000,0.000000,,0.738469
PDA,Pamap2 -> MHEALTH,UniOT,7,4,377.761,0.000000,0.000000,0.000000,0.000000,,0.738007
PDA,Pamap2 -> MHEALTH,UniJDOT,7,0,966.231,0.000000,0.240741,0.000000,0.294766,,0.752306
PDA,Pamap2 -> MHEALTH,UniJDOT,7,1,962.368,0.000000,0.276543,0.000000,0.319014,,0.767297
PDA,Pamap2 -> MHEALTH,UniJDOT,7,2,983.204,0.000000,0.050000,0.000000,0.066939,,0.730858
PDA,Pamap2 -> MHEALTH,UniJDOT,7,3,971.349,0.000000,0.000000,0.000000,0.000000,,0.763838
PDA,Pamap2 -> MHEALTH,UniJDOT,7,4,908.205,0.000000,0.051235,0.000000,0.084703,,0.758072
PDA,RealWorld -> MHEALTH,OSBP,1,0,170.513,0.000000,0.248148,0.000000,0.381901,,0.808483
PDA,RealWorld -> MHEALTH,OSBP,1,1,168.422,0.000000,0.000000,0.000000,0.000000,,0.767210
PDA,RealWorld -> MHEALTH,OSBP,1,2,178.247,0.000000,0.250000,0.000000,0.373368,,0.729853
PDA,RealWorld -> MHEALTH,OSBP,1,3,170.136,0.000000,0.220370,0.000000,0.342843,,0.729690
PDA,RealWorld -> MHEALTH,OSBP,1,4,171.839,0.000000,0.224074,0.000000,0.344791,,0.740457
PDA,RealWorld -> MHEALTH,TSFA,1,0,395.403,0.000000,0.508025,0.000000,0.543565,,0.790701
PDA,RealWorld -> MHEALTH,TSFA,1,1,393.094,0.000000,0.540741,0.000000,0.587576,,0.825612
PDA,RealWorld -> MHEALTH,TSFA,1,2,406.542,0.000000,0.595062,0.000000,0.612615,,0.855139
PDA,RealWorld -> MHEALTH,TSFA,1,3,389.030,0.000000,0.419753,0.000000,0.427306,,0.781729
PDA,RealWorld -> MHEALTH,TSFA,1,4,405.677,0.000000,0.516049,0.000000,0.601663,,0.812398
PDA,RealWorld -> MHEALTH,UDA,1,0,183.370,0.000000,0.135185,0.000000,0.186072,,0.831811
PDA,RealWorld -> MHEALTH,UDA,1,1,189.840,0.000000,0.288889,0.000000,0.353101,,0.835237
PDA,RealWorld -> MHEALTH,UDA,1,2,182.225,0.000000,0.264815,0.000000,0.327832,,0.822838
PDA,RealWorld -> MHEALTH,UDA,1,3,196.879,0.000000,0.280247,0.000000,0.367749,,0.846656
PDA,RealWorld -> MHEALTH,UDA,1,4,202.478,0.000000,0.371605,0.000000,0.495525,,0.817945
PDA,RealWorld -> MHEALTH,OVANet,1,0,182.393,0.000000,0.323457,0.000000,0.254152,,0.828548
PDA,RealWorld -> MHEALTH,OVANet,1,1,176.033,0.000000,0.322839,0.000000,0.251878,,0.806852
PDA,RealWorld -> MHEALTH,OVANet,1,2,175.098,0.000000,0.201852,0.000000,0.209380,,0.849918
PDA,RealWorld -> MHEALTH,OVANet,1,3,174.723,0.000000,0.375309,0.000000,0.363144,,0.787928
PDA,RealWorld -> MHEALTH,OVANet,1,4,199.358,0.000000,0.621605,0.000000,0.597072,,0.831648
PDA,RealWorld -> MHEALTH,DANCE,1,0,195.442,0.000000,0.000617,0.000000,0.001120,,0.846330
PDA,RealWorld -> MHEALTH,DANCE,1,0,149.386,0.000000,0.000617,0.000000,0.001120,,0.846330
PDA,RealWorld -> MHEALTH,DANCE,1,1,144.441,0.000000,0.000000,0.000000,0.000000,,0.161501
PDA,RealWorld -> MHEALTH,DANCE,1,2,153.733,0.000000,0.089506,0.000000,0.141238,,0.743719
PDA,RealWorld -> MHEALTH,DANCE,1,3,154.626,0.000000,0.000000,0.000000,0.000000,,0.161501
PDA,RealWorld -> MHEALTH,DANCE,1,4,150.432,0.000000,0.025309,0.000000,0.045922,,0.824470
PDA,RealWorld -> MHEALTH,PPOT,1,0,295.923,0.000000,0.198148,0.000000,0.279659,,0.843393
PDA,RealWorld -> MHEALTH,PPOT,1,1,364.512,0.000000,0.393827,0.000000,0.462132,,0.855791
PDA,RealWorld -> MHEALTH,PPOT,1,2,288.164,0.000000,0.349383,0.000000,0.463514,,0.815334
PDA,RealWorld -> MHEALTH,PPOT,1,3,259.468,0.000000,0.297531,0.000000,0.373333,,0.785318
PDA,RealWorld -> MHEALTH,PPOT,1,4,247.951,0.000000,0.356173,0.000000,0.501496,,0.868842
PDA,RealWorld -> MHEALTH,RAINCOAT,1,0,19.035,0.000000,0.246296,0.000000,0.268693,,0.441272
PDA,RealWorld -> MHEALTH,RAINCOAT,1,1,19.901,0.000000,0.304938,0.000000,0.292380,,0.630506
PDA,RealWorld -> MHEALTH,RAINCOAT,1,2,20.015,0.000000,0.329012,0.000000,0.330957,,0.526101
PDA,RealWorld -> MHEALTH,RAINCOAT,1,3,20.930,0.000000,0.246296,0.000000,0.244463,,0.563458
PDA,RealWorld -> MHEALTH,RAINCOAT,1,4,18.844,0.000000,0.537654,0.000000,0.536629,,0.364274
PDA,RealWorld -> MHEALTH,UniOT,1,0,757.758,0.000000,0.222840,0.000000,0.328557,,0.848613
PDA,RealWorld -> MHEALTH,UniOT,1,1,771.445,0.000000,0.167284,0.000000,0.216797,,0.850408
PDA,RealWorld -> MHEALTH,UniOT,1,2,956.249,0.000000,0.287037,0.000000,0.382052,,0.870636
PDA,RealWorld -> MHEALTH,UniOT,1,3,943.933,0.000000,0.323457,0.000000,0.412129,,0.807504
PDA,RealWorld -> MHEALTH,UniOT,1,4,863.405,0.000000,0.416049,0.000000,0.560366,,0.915008
PDA,RealWorld -> MHEALTH,UniJDOT,1,0,1527.294,0.000000,0.601852,0.000000,0.603839,,0.825122
PDA,RealWorld -> MHEALTH,UniJDOT,1,1,1605.419,0.000000,0.548765,0.000000,0.575417,,0.873736
PDA,RealWorld -> MHEALTH,UniJDOT,1,2,1577.163,0.000000,0.301235,0.000000,0.370473,,0.831158
PDA,RealWorld -> MHEALTH,UniJDOT,1,3,1639.690,0.000000,0.478395,0.000000,0.505931,,0.864111
PDA,RealWorld -> MHEALTH,UniJDOT,1,4,1612.167,0.000000,0.253704,0.000000,0.255690,,0.862643
PDA,RealWorld -> MHEALTH,PDAAN,1,0,95.401,,,,0.315011,,0.861338
PDA,RealWorld -> MHEALTH,PDAAN,1,1,93.805,,,,0.108917,,0.801305
PDA,RealWorld -> MHEALTH,PDAAN,1,2,95.830,,,,0.368318,,0.880587
PDA,RealWorld -> MHEALTH,PDAAN,1,3,85.802,,,,0.385047,,0.829853
PDA,RealWorld -> MHEALTH,PDAAN,1,4,94.604,,,,0.745538,,0.863458
PDA,RealWorld -> MHEALTH,SPADA,1,0,93.582,,,,0.112114,,0.844372
PDA,RealWorld -> MHEALTH,SPADA,1,1,100.824,,,,0.060393,,0.855302
PDA,RealWorld -> MHEALTH,SPADA,1,2,99.365,,,,0.216275,,0.838499
PDA,RealWorld -> MHEALTH,SPADA,1,3,98.115,,,,0.084093,,0.813377
PDA,RealWorld -> MHEALTH,SPADA,1,4,102.213,,,,0.303118,,0.845024
PDA,Pamap2 -> RealWorld,PDAAN,3,0,40.379,,,,0.002204,,0.542357
PDA,Pamap2 -> RealWorld,PDAAN,3,1,37.091,,,,0.057671,,0.624923
PDA,Pamap2 -> RealWorld,PDAAN,3,2,38.090,,,,0.008338,,0.545734
PDA,Pamap2 -> RealWorld,PDAAN,3,3,43.865,,,,0.025594,,0.627072
PDA,Pamap2 -> RealWorld,PDAAN,3,4,40.760,,,,0.026398,,0.534991
PDA,Pamap2 -> RealWorld,SPADA,3,0,39.505,,,,0.380731,,0.810620
PDA,Pamap2 -> RealWorld,SPADA,3,1,48.686,,,,0.181899,,0.791897
PDA,Pamap2 -> RealWorld,SPADA,3,2,46.908,,,,0.411168,,0.806937
PDA,Pamap2 -> RealWorld,SPADA,3,3,38.713,,,,0.388534,,0.802026
PDA,Pamap2 -> RealWorld,SPADA,3,4,48.069,,,,0.367241,,0.815531
PDA,Pamap2 -> RealWorld,UDA,3,0,72.004,0.000000,0.132130,0.000000,0.216743,,0.799263
PDA,Pamap2 -> RealWorld,UDA,3,1,70.902,0.000000,0.135297,0.000000,0.221606,,0.806937
PDA,Pamap2 -> RealWorld,UDA,3,2,67.635,0.000000,0.119081,0.000000,0.198720,,0.758441
PDA,Pamap2 -> RealWorld,UDA,3,3,74.494,0.000000,0.101110,0.000000,0.171712,,0.798036
PDA,Pamap2 -> RealWorld,UDA,3,4,62.552,0.000000,0.152429,0.000000,0.248795,,0.792818
PDA,Pamap2 -> RealWorld,OVANet,3,0,60.151,0.000000,0.002213,0.000000,0.004404,,0.826581
PDA,Pamap2 -> RealWorld,OVANet,3,1,60.463,0.000000,0.000572,0.000000,0.001142,,0.838858
PDA,Pamap2 -> RealWorld,OVANet,3,2,57.177,0.000000,0.001068,0.000000,0.002127,,0.839779
PDA,Pamap2 -> RealWorld,OVANet,3,3,61.977,0.000000,0.000153,0.000000,0.000305,,0.841928
PDA,Pamap2 -> RealWorld,OVANet,3,4,57.441,0.000000,0.002289,0.000000,0.004535,,0.859116
PDA,Pamap2 -> RealWorld,DANCE,3,0,60.726,0.000000,0.000000,0.000000,0.000000,,0.846839
PDA,Pamap2 -> RealWorld,DANCE,3,1,65.173,0.000000,0.000000,0.000000,0.000000,,0.833333
PDA,Pamap2 -> RealWorld,DANCE,3,2,59.531,0.000000,0.000000,0.000000,0.000000,,0.833947
PDA,Pamap2 -> RealWorld,DANCE,3,3,64.109,0.000000,0.000000,0.000000,0.000000,,0.837630
PDA,Pamap2 -> RealWorld,DANCE,3,4,65.935,0.000000,0.000000,0.000000,0.000000,,0.834254
PDA,Pamap2 -> RealWorld,PPOT,3,0,155.525,0.000000,0.000000,0.000000,0.000000,,0.678637
PDA,Pamap2 -> RealWorld,PPOT,3,1,147.480,0.000000,0.000000,0.000000,0.000000,,0.678637
PDA,Pamap2 -> RealWorld,PPOT,3,2,156.307,0.000000,0.000000,0.000000,0.000000,,0.691835
PDA,Pamap2 -> RealWorld,PPOT,3,3,150.976,0.000000,0.000000,0.000000,0.000000,,0.688459
PDA,Pamap2 -> RealWorld,PPOT,3,4,149.122,0.000000,0.000000,0.000000,0.000000,,0.709638
PDA,Pamap2 -> RealWorld,RAINCOAT,3,0,107.058,0.000000,0.089168,0.000000,0.139252,,0.588398
PDA,Pamap2 -> RealWorld,RAINCOAT,3,1,106.381,0.000000,0.098096,0.000000,0.142053,,0.633824
PDA,Pamap2 -> RealWorld,RAINCOAT,3,2,120.319,0.000000,0.095769,0.000000,0.152441,,0.492327
PDA,Pamap2 -> RealWorld,RAINCOAT,3,3,106.992,0.000000,0.148422,0.000000,0.199742,,0.646716
PDA,Pamap2 -> RealWorld,RAINCOAT,3,4,105.798,0.000000,0.162540,0.000000,0.209324,,0.607735
PDA,Pamap2 -> RealWorld,UniOT,3,0,384.062,0.000000,0.002175,0.000000,0.004328,,0.660835
PDA,Pamap2 -> RealWorld,UniOT,3,1,373.547,0.000000,0.038803,0.000000,0.067001,,0.821977
PDA,Pamap2 -> RealWorld,UniOT,3,2,394.165,0.000000,0.071655,0.000000,0.111402,,0.775629
PDA,Pamap2 -> RealWorld,UniOT,3,3,374.824,0.000000,0.000038,0.000000,0.000076,,0.755678
PDA,Pamap2 -> RealWorld,UniOT,3,4,409.798,0.000000,0.019573,0.000000,0.036338,,0.745549
PDA,Pamap2 -> RealWorld,UniJDOT,3,0,590.083,0.000000,0.408867,0.000000,0.460100,,0.727133
PDA,Pamap2 -> RealWorld,UniJDOT,3,1,558.229,0.000000,0.521195,0.000000,0.626609,,0.782996
PDA,Pamap2 -> RealWorld,UniJDOT,3,2,550.330,0.000000,0.544202,0.000000,0.662843,,0.728361
PDA,Pamap2 -> RealWorld,UniJDOT,3,3,546.099,0.000000,0.412263,0.000000,0.486220,,0.786986
PDA,Pamap2 -> RealWorld,UniJDOT,3,4,546.911,0.000000,0.387500,0.000000,0.489988,,0.758441
PDA,Pamap2 -> RealWorld,PDAAN,4,0,41.025,,,,0.001366,,0.501554
PDA,Pamap2 -> RealWorld,PDAAN,4,1,41.285,,,,0.078822,,0.569370
PDA,Pamap2 -> RealWorld,PDAAN,4,2,45.796,,,,0.004389,,0.499294
PDA,Pamap2 -> RealWorld,PDAAN,4,3,43.444,,,,0.028500,,0.514552
PDA,Pamap2 -> RealWorld,PDAAN,4,4,40.275,,,,0.001676,,0.525572
PDA,Pamap2 -> RealWorld,SPADA,4,0,50.405,,,,0.368154,,0.750777
PDA,Pamap2 -> RealWorld,SPADA,4,1,51.523,,,,0.192566,,0.746821
PDA,Pamap2 -> RealWorld,SPADA,4,2,42.197,,,,0.292245,,0.744843
PDA,Pamap2 -> RealWorld,SPADA,4,3,47.997,,,,0.204738,,0.744561
PDA,Pamap2 -> RealWorld,SPADA,4,4,54.045,,,,0.355048,,0.762362
PDA,Pamap2 -> RealWorld,UDA,4,0,76.558,0.000000,0.155862,0.000000,0.251092,,0.710935
PDA,Pamap2 -> RealWorld,UDA,4,1,85.285,0.000000,0.114236,0.000000,0.191311,,0.756711
PDA,Pamap2 -> RealWorld,UDA,4,2,88.961,0.000000,0.177573,0.000000,0.286233,,0.782424
PDA,Pamap2 -> RealWorld,UDA,4,3,95.130,0.000000,0.169751,0.000000,0.273649,,0.723933
PDA,Pamap2 -> RealWorld,UDA,4,4,101.848,0.000000,0.159449,0.000000,0.259707,,0.744843
PDA,Pamap2 -> RealWorld,OVANet,4,0,75.671,0.000000,0.000610,0.000000,0.001219,,0.810964
PDA,Pamap2 -> RealWorld,OVANet,4,1,91.287,0.000000,0.000649,0.000000,0.001294,,0.818875
PDA,Pamap2 -> RealWorld,OVANet,4,2,82.507,0.000000,0.001908,0.000000,0.003785,,0.818310
PDA,Pamap2 -> RealWorld,OVANet,4,3,74.968,0.000000,0.000114,0.000000,0.000229,,0.823679
PDA,Pamap2 -> RealWorld,OVANet,4,4,92.035,0.000000,0.001335,0.000000,0.002656,,0.805877
PDA,Pamap2 -> RealWorld,DANCE,4,0,76.041,0.000000,0.000000,0.000000,0.000000,,0.826222
PDA,Pamap2 -> RealWorld,DANCE,4,1,83.733,0.000000,0.000000,0.000000,0.000000,,0.801356
PDA,Pamap2 -> RealWorld,DANCE,4,2,97.024,0.000000,0.000000,0.000000,0.000000,,0.797118
PDA,Pamap2 -> RealWorld,DANCE,4,3,81.742,0.000000,0.000000,0.000000,0.000000,,0.806160
PDA,Pamap2 -> RealWorld,DANCE,4,4,84.730,0.000000,0.000000,0.000000,0.000000,,0.801921
PDA,Pamap2 -> RealWorld,PPOT,4,0,188.541,0.000000,0.000000,0.000000,0.000000,,0.647358
PDA,Pamap2 -> RealWorld,PPOT,4,1,190.775,0.000000,0.000000,0.000000,0.000000,,0.638599
PDA,Pamap2 -> RealWorld,PPOT,4,2,182.311,0.000000,0.000000,0.000000,0.000000,,0.641424
PDA,Pamap2 -> RealWorld,PPOT,4,3,183.611,0.000000,0.000000,0.000000,0.000000,,0.640011
PDA,Pamap2 -> RealWorld,PPOT,4,4,198.010,0.000000,0.000000,0.000000,0.000000,,0.653009
PDA,Pamap2 -> RealWorld,RAINCOAT,4,0,127.606,0.000000,0.089702,0.000000,0.140213,,0.581238
PDA,Pamap2 -> RealWorld,RAINCOAT,4,1,133.897,0.000000,0.106070,0.000000,0.152526,,0.547612
PDA,Pamap2 -> RealWorld,RAINCOAT,4,2,141.609,0.000000,0.112633,0.000000,0.162732,,0.533484
PDA,Pamap2 -> RealWorld,RAINCOAT,4,3,160.309,0.000000,0.095578,0.000000,0.144119,,0.520769
PDA,Pamap2 -> RealWorld,RAINCOAT,4,4,146.976,0.000000,0.063299,0.000000,0.101716,,0.528398
PDA,Pamap2 -> RealWorld,UniOT,4,0,463.125,0.000000,0.021367,0.000000,0.039100,,0.708675
PDA,Pamap2 -> RealWorld,UniOT,4,1,419.800,0.000000,0.040635,0.000000,0.072618,,0.766036
PDA,Pamap2 -> RealWorld,UniOT,4,2,423.283,0.000000,0.031478,0.000000,0.055921,,0.699633
PDA,Pamap2 -> RealWorld,UniOT,4,3,444.238,0.000000,0.000725,0.000000,0.001447,,0.794857
PDA,Pamap2 -> RealWorld,UniOT,4,4,391.972,0.000000,0.049143,0.000000,0.084545,,0.696807
PDA,Pamap2 -> RealWorld,UniJDOT,4,0,759.890,0.000000,0.463543,0.000000,0.575239,,0.749082
PDA,Pamap2 -> RealWorld,UniJDOT,4,1,776.611,0.000000,0.176733,0.000000,0.201959,,0.740887
PDA,Pamap2 -> RealWorld,UniJDOT,4,2,783.992,0.000000,0.407188,0.000000,0.497200,,0.792597
PDA,Pamap2 -> RealWorld,UniJDOT,4,3,814.246,0.000000,0.521500,0.000000,0.610394,,0.712631
PDA,Pamap2 -> RealWorld,UniJDOT,4,4,917.099,0.000000,0.340112,0.000000,0.430436,,0.773947
PDA,Pamap2 -> MHEALTH,PDAAN,4,0,34.690,,,,0.003677,,0.517660
PDA,Pamap2 -> MHEALTH,PDAAN,4,1,33.711,,,,0.000000,,0.584911
PDA,Pamap2 -> MHEALTH,PDAAN,4,2,32.409,,,,0.000000,,0.499576
PDA,Pamap2 -> MHEALTH,PDAAN,4,3,36.608,,,,0.002457,,0.575869
PDA,Pamap2 -> MHEALTH,PDAAN,4,4,36.716,,,,0.001226,,0.586889
PDA,Pamap2 -> MHEALTH,SPADA,4,0,37.297,,,,0.291969,,0.749929
PDA,Pamap2 -> MHEALTH,SPADA,4,1,35.236,,,,0.231395,,0.761232
PDA,Pamap2 -> MHEALTH,SPADA,4,2,39.176,,,,0.159435,,0.757559
PDA,Pamap2 -> MHEALTH,SPADA,4,3,40.530,,,,0.118475,,0.758689
PDA,Pamap2 -> MHEALTH,SPADA,4,4,36.727,,,,0.187651,,0.770839
PDA,Pamap2 -> MHEALTH,UDA,4,0,63.976,0.000000,0.091358,0.000000,0.153033,,0.769426
PDA,Pamap2 -> MHEALTH,UDA,4,1,66.623,0.000000,0.159877,0.000000,0.255775,,0.736649
PDA,Pamap2 -> MHEALTH,UDA,4,2,62.700,0.000000,0.238889,0.000000,0.321940,,0.722520
PDA,Pamap2 -> MHEALTH,UDA,4,3,65.345,0.000000,0.125309,0.000000,0.187978,,0.758406
PDA,Pamap2 -> MHEALTH,UDA,4,4,65.146,0.000000,0.051235,0.000000,0.082583,,0.693134
PDA,Pamap2 -> MHEALTH,OVANet,4,0,51.441,0.000000,0.000000,0.000000,0.000000,,0.808986
PDA,Pamap2 -> MHEALTH,OVANet,4,1,59.199,0.000000,0.000000,0.000000,0.000000,,0.804182
PDA,Pamap2 -> MHEALTH,OVANet,4,2,60.337,0.000000,0.000000,0.000000,0.000000,,0.823396
PDA,Pamap2 -> MHEALTH,OVANet,4,3,54.397,0.000000,0.000000,0.000000,0.000000,,0.826505
PDA,Pamap2 -> MHEALTH,OVANet,4,4,57.911,0.000000,0.000000,0.000000,0.000000,,0.821418
PDA,Pamap2 -> MHEALTH,DANCE,4,0,63.905,0.000000,0.000000,0.000000,0.000000,,0.813789
PDA,Pamap2 -> MHEALTH,DANCE,4,1,56.292,0.000000,0.000000,0.000000,0.000000,,0.813507
PDA,Pamap2 -> MHEALTH,DANCE,4,2,62.190,0.000000,0.000000,0.000000,0.000000,,0.802204
PDA,Pamap2 -> MHEALTH,DANCE,4,3,60.537,0.000000,0.000000,0.000000,0.000000,,0.802769
PDA,Pamap2 -> MHEALTH,DANCE,4,4,61.372,0.000000,0.000000,0.000000,0.000000,,0.794010
PDA,Pamap2 -> MHEALTH,PPOT,4,0,131.791,0.000000,0.000000,0.000000,0.000000,,0.645097
PDA,Pamap2 -> MHEALTH,PPOT,4,1,136.143,0.000000,0.043210,0.000000,0.073791,,0.618254
PDA,Pamap2 -> MHEALTH,PPOT,4,2,126.686,0.000000,0.000000,0.000000,0.000000,,0.647075
PDA,Pamap2 -> MHEALTH,PPOT,4,3,125.940,0.000000,0.000000,0.000000,0.000000,,0.595931
PDA,Pamap2 -> MHEALTH,PPOT,4,4,126.851,0.000000,0.000000,0.000000,0.000000,,0.641989
PDA,Pamap2 -> MHEALTH,RAINCOAT,4,0,22.252,0.000000,0.137654,0.000000,0.176763,,0.447019
PDA,Pamap2 -> MHEALTH,RAINCOAT,4,1,22.049,0.000000,0.177160,0.000000,0.208216,,0.397570
PDA,Pamap2 -> MHEALTH,RAINCOAT,4,2,23.591,0.000000,0.101235,0.000000,0.143595,,0.460017
PDA,Pamap2 -> MHEALTH,RAINCOAT,4,3,20.672,0.000000,0.044444,0.000000,0.075330,,0.376943
PDA,Pamap2 -> MHEALTH,RAINCOAT,4,4,22.959,0.000000,0.000000,0.000000,0.000000,,0.465103
PDA,Pamap2 -> MHEALTH,UniOT,4,0,424.320,0.000000,0.000000,0.000000,0.000000,,0.665160
PDA,Pamap2 -> MHEALTH,UniOT,4,1,424.968,0.000000,0.024074,0.000000,0.043957,,0.768014
PDA,Pamap2 -> MHEALTH,UniOT,4,2,366.723,0.000000,0.043827,0.000000,0.080322,,0.779881
PDA,Pamap2 -> MHEALTH,UniOT,4,3,435.729,0.000000,0.000000,0.000000,0.000000,,0.772535
PDA,Pamap2 -> MHEALTH,UniOT,4,4,398.361,0.000000,0.013580,0.000000,0.023055,,0.727889
PDA,Pamap2 -> MHEALTH,UniJDOT,4,0,741.165,0.000000,0.093827,0.000000,0.158196,,0.720825
PDA,Pamap2 -> MHEALTH,UniJDOT,4,1,744.428,0.000000,0.401235,0.000000,0.452257,,0.772535
PDA,Pamap2 -> MHEALTH,UniJDOT,4,2,736.523,0.000000,0.316667,0.000000,0.341565,,0.770557
PDA,Pamap2 -> MHEALTH,UniJDOT,4,3,734.148,0.000000,0.478395,0.000000,0.567599,,0.790336
PDA,Pamap2 -> MHEALTH,UniJDOT,4,4,709.281,0.000000,0.004321,0.000000,0.005459,,0.760102
closed_set,RealWorld -> Pamap2,Deep_Coral,,0,19.186,,,,0.577131,0.873685,0.874659
closed_set,RealWorld -> Pamap2,Deep_Coral,,1,18.650,,,,0.638122,0.821338,0.821526
closed_set,RealWorld -> Pamap2,Deep_Coral,,2,19.093,,,,0.649603,0.872453,0.875049
closed_set,RealWorld -> Pamap2,Deep_Coral,,3,18.551,,,,0.585408,0.878352,0.879914
closed_set,RealWorld -> Pamap2,Deep_Coral,,4,18.127,,,,0.543774,0.861622,0.862592
closed_set,RealWorld -> Pamap2,DDC,,0,18.496,,,,0.606177,0.842074,0.845465
closed_set,RealWorld -> Pamap2,DDC,,1,19.802,,,,0.615239,0.807982,0.809264
closed_set,RealWorld -> Pamap2,DDC,,2,19.827,,,,0.495169,0.769549,0.771896
closed_set,RealWorld -> Pamap2,DDC,,3,20.228,,,,0.505798,0.827127,0.826392
closed_set,RealWorld -> Pamap2,DDC,,4,19.193,,,,0.533881,0.808015,0.813935
closed_set,RealWorld -> Pamap2,MMDA,,0,42.856,,,,0.773383,0.896259,0.895290
closed_set,RealWorld -> Pamap2,MMDA,,1,42.656,,,,0.622809,0.910456,0.911250
closed_set,RealWorld -> Pamap2,MMDA,,2,42.044,,,,0.681348,0.941517,0.941417
closed_set,RealWorld -> Pamap2,MMDA,,3,42.017,,,,0.762067,0.928467,0.928182
closed_set,RealWorld -> Pamap2,MMDA,,4,43.195,,,,0.627418,0.936907,0.935773
closed_set,RealWorld -> Pamap2,DANN,,0,21.486,,,,0.809804,0.946117,0.945504
closed_set,RealWorld -> Pamap2,DANN,,1,20.805,,,,0.619928,0.903226,0.901907
closed_set,RealWorld -> Pamap2,DANN,,2,20.778,,,,0.823425,0.941211,0.940638
closed_set,RealWorld -> Pamap2,DANN,,3,20.972,,,,0.798623,0.930529,0.928961
closed_set,RealWorld -> Pamap2,DANN,,4,21.598,,,,0.833220,0.909885,0.908719
closed_set,RealWorld -> Pamap2,CDAN,,0,24.007,,,,0.913714,0.825116,0.828143
closed_set,RealWorld -> Pamap2,CDAN,,1,25.338,,,,0.896783,0.788945,0.789607
closed_set,RealWorld -> Pamap2,CDAN,,2,22.971,,,,0.925236,0.886994,0.889257
closed_set,RealWorld -> Pamap2,CDAN,,3,24.858,,,,0.797747,0.895269,0.895485
closed_set,RealWorld -> Pamap2,CDAN,,4,25.685,,,,0.790844,0.816688,0.822304
closed_set,RealWorld -> Pamap2,DIRT,,0,78.014,,,,0.899315,0.944760,0.944726
closed_set,RealWorld -> Pamap2,DIRT,,1,75.589,,,,0.872640,0.950754,0.950564
closed_set,RealWorld -> Pamap2,DIRT,,2,77.808,,,,0.901951,0.955793,0.955625
closed_set,RealWorld -> Pamap2,DIRT,,3,79.634,,,,0.904824,0.947770,0.947840
closed_set,RealWorld -> Pamap2,DIRT,,4,78.595,,,,0.780333,0.922311,0.921370
closed_set,RealWorld -> Pamap2,DSAN,,0,114.594,,,,0.825675,0.864367,0.866874
closed_set,RealWorld -> Pamap2,DSAN,,1,116.841,,,,0.798494,0.871889,0.871545
closed_set,RealWorld -> Pamap2,DSAN,,2,115.379,,,,0.834479,0.880728,0.881666
closed_set,RealWorld -> Pamap2,DSAN,,3,117.319,,,,0.749192,0.862409,0.865123
closed_set,RealWorld -> Pamap2,DSAN,,4,116.612,,,,0.776322,0.866474,0.868237
closed_set,RealWorld -> Pamap2,HoMM,,0,53.636,,,,0.653766,0.864574,0.867069
closed_set,RealWorld -> Pamap2,HoMM,,1,49.433,,,,0.650610,0.830860,0.833204
closed_set,RealWorld -> Pamap2,HoMM,,2,53.712,,,,0.638398,0.784323,0.789218
closed_set,RealWorld -> Pamap2,HoMM,,3,52.810,,,,0.650837,0.797571,0.800701
closed_set,RealWorld -> Pamap2,HoMM,,4,53.051,,,,0.590172,0.822520,0.826002
closed_set,RealWorld -> Pamap2,CoDATS,,0,23.258,,,,0.773860,0.864235,0.861814
closed_set,RealWorld -> Pamap2,CoDATS,,1,23.471,,,,0.794132,0.910614,0.910860
closed_set,RealWorld -> Pamap2,CoDATS,,2,22.334,,,,0.794225,0.846090,0.846049
closed_set,RealWorld -> Pamap2,CoDATS,,3,21.589,,,,0.817625,0.907769,0.907746
closed_set,RealWorld -> Pamap2,CoDATS,,4,22.481,,,,0.806867,0.865164,0.869210
closed_set,RealWorld -> Pamap2,AdvSKM,,0,29.517,,,,0.513804,0.864878,0.865512
closed_set,RealWorld -> Pamap2,AdvSKM,,1,28.233,,,,0.566188,0.779101,0.782795
closed_set,RealWorld -> Pamap2,AdvSKM,,2,28.688,,,,0.491090,0.878738,0.879914
closed_set,RealWorld -> Pamap2,AdvSKM,,3,28.478,,,,0.512099,0.749787,0.754574
closed_set,RealWorld -> Pamap2,AdvSKM,,4,28.434,,,,0.506384,0.841742,0.843714
closed_set,RealWorld -> Pamap2,SASA,,0,45.132,,,,0.858251,0.876271,0.877384
closed_set,RealWorld -> Pamap2,SASA,,1,45.015,,,,0.821770,0.902918,0.903854
closed_set,RealWorld -> Pamap2,SASA,,2,48.153,,,,0.836724,0.880694,0.879330
closed_set,RealWorld -> Pamap2,SASA,,3,44.399,,,,0.854385,0.907288,0.907357
closed_set,RealWorld -> Pamap2,SASA,,4,44.587,,,,0.838044,0.896512,0.898015
closed_set,RealWorld -> Pamap2,CoTMix,,0,33.676,,,,0.908380,0.953363,0.953095
closed_set,RealWorld -> Pamap2,CoTMix,,1,31.520,,,,0.881505,0.864677,0.866874
closed_set,RealWorld -> Pamap2,CoTMix,,2,32.086,,,,0.852386,0.949802,0.949981
closed_set,RealWorld -> Pamap2,CoTMix,,3,34.667,,,,0.868611,0.910166,0.910666
closed_set,RealWorld -> Pamap2,CoTMix,,4,33.365,,,,0.523708,0.860524,0.866680
closed_set,RealWorld -> Pamap2,SWL_Adapt,,0,187.461,,,,0.804364,0.946712,0.947061
closed_set,RealWorld -> Pamap2,SWL_Adapt,,1,184.826,,,,0.788372,0.788141,0.788634
closed_set,RealWorld -> Pamap2,SWL_Adapt,,2,189.745,,,,0.815138,0.884505,0.885364
closed_set,RealWorld -> Pamap2,SWL_Adapt,,3,186.884,,,,0.800644,0.862313,0.863176
closed_set,RealWorld -> Pamap2,SWL_Adapt,,4,188.330,,,,0.603678,0.862515,0.864149
closed_set,RealWorld -> Pamap2,uDAR,,0,86.563,,,,0.840364,0.808276,0.814130
closed_set,RealWorld -> Pamap2,uDAR,,1,78.170,,,,0.877170,0.847544,0.848579
closed_set,RealWorld -> Pamap2,uDAR,,2,86.046,,,,0.839073,0.801452,0.805761
closed_set,RealWorld -> Pamap2,uDAR,,3,85.697,,,,0.870730,0.820767,0.823861
closed_set,RealWorld -> Pamap2,uDAR,,4,82.711,,,,0.705881,0.843501,0.845854
closed_set,RealWorld -> Pamap2,DAAN,,0,81.289,,,,0.782445,0.855795,0.856170
closed_set,RealWorld -> Pamap2,DAAN,,1,84.155,,,,0.809066,0.872063,0.875049
closed_set,RealWorld -> Pamap2,DAAN,,2,79.358,,,,0.817673,0.828410,0.831841
closed_set,RealWorld -> Pamap2,DAAN,,3,79.167,,,,0.804551,0.844931,0.846438
closed_set,RealWorld -> Pamap2,DAAN,,4,80.026,,,,0.802290,0.824049,0.824835
closed_set,RealWorld -> Pamap2,ACON,,0,59.150,,,,0.890951,0.849600,0.849163
closed_set,RealWorld -> Pamap2,ACON,,1,62.680,,,,0.913125,0.860979,0.863176
closed_set,RealWorld -> Pamap2,ACON,,2,62.201,,,,0.899278,0.898770,0.898404
closed_set,RealWorld -> Pamap2,ACON,,3,60.366,,,,0.913894,0.860185,0.861035
closed_set,RealWorld -> Pamap2,ACON,,4,59.635,,,,0.899188,0.785459,0.786882
closed_set,RealWorld -> Pamap2,SSSS_TSA,,0,561.815,,,,0.909351,0.881721,0.880693
closed_set,RealWorld -> Pamap2,SSSS_TSA,,1,572.800,,,,0.919083,0.877297,0.876022
closed_set,RealWorld -> Pamap2,SSSS_TSA,,2,556.541,,,,0.892431,0.880906,0.882250
closed_set,RealWorld -> Pamap2,SSSS_TSA,,3,545.955,,,,0.953004,0.884696,0.884196
closed_set,RealWorld -> Pamap2,SSSS_TSA,,4,532.810,,,,0.954797,0.890619,0.890424
closed_set,RealWorld -> Pamap2,CLUDA,,0,72.446,,,,0.802572,0.920785,0.920397
closed_set,RealWorld -> Pamap2,CLUDA,,1,73.264,,,,0.860767,0.934628,0.934021
closed_set,RealWorld -> Pamap2,CLUDA,,2,78.955,,,,0.849274,0.940834,0.940249
closed_set,RealWorld -> Pamap2,CLUDA,,3,78.770,,,,0.866580,0.912945,0.912028
closed_set,RealWorld -> Pamap2,CLUDA,,4,80.811,,,,0.694892,0.927605,0.926431
closed_set,RealWorld -> Pamap2,OSBP,,0,93.002,0.000000,0.377525,0.000000,0.530147,,0.810237
closed_set,RealWorld -> Pamap2,OSBP,,1,95.133,0.000000,0.325758,0.000000,0.459515,,0.759829
closed_set,RealWorld -> Pamap2,OSBP,,2,102.289,0.000000,0.300295,0.000000,0.425458,,0.813741
closed_set,RealWorld -> Pamap2,OSBP,,3,99.331,0.000000,0.339646,0.000000,0.472294,,0.776761
closed_set,RealWorld -> Pamap2,OSBP,,4,102.734,0.000000,0.266625,0.000000,0.379504,,0.816271
closed_set,RealWorld -> Pamap2,TSFA,,0,285.888,0.000000,0.735059,0.000000,0.815606,,0.827949
closed_set,RealWorld -> Pamap2,TSFA,,1,280.127,0.000000,0.732534,0.000000,0.810283,,0.879525
closed_set,RealWorld -> Pamap2,TSFA,,2,276.716,0.000000,0.714226,0.000000,0.788527,,0.889451
closed_set,RealWorld -> Pamap2,TSFA,,3,266.489,0.000000,0.751894,0.000000,0.835534,,0.900934
closed_set,RealWorld -> Pamap2,TSFA,,4,277.312,0.000000,0.647096,0.000000,0.693725,,0.933437
closed_set,RealWorld -> Pamap2,UDA,,0,112.817,0.000000,0.533249,0.000000,0.657769,,0.886142
closed_set,RealWorld -> Pamap2,UDA,,1,116.235,0.000000,0.559554,0.000000,0.642259,,0.958739
closed_set,RealWorld -> Pamap2,UDA,,2,124.116,0.000000,0.588384,0.000000,0.707659,,0.926236
closed_set,RealWorld -> Pamap2,UDA,,3,127.405,0.000000,0.607744,0.000000,0.711013,,0.952121
closed_set,RealWorld -> Pamap2,UDA,,4,125.186,0.000000,0.573022,0.000000,0.686291,,0.883418
closed_set,RealWorld -> Pamap2,UniOT,,0,750.731,0.000000,0.386995,0.000000,0.528407,,0.892176
closed_set,RealWorld -> Pamap2,UniOT,,1,711.056,0.000000,0.334175,0.000000,0.465473,,0.912612
closed_set,RealWorld -> Pamap2,UniOT,,2,740.421,0.000000,0.149411,0.000000,0.161187,,0.913390
closed_set,RealWorld -> Pamap2,UniOT,,3,633.524,0.000000,0.386785,0.000000,0.501926,,0.908330
closed_set,RealWorld -> Pamap2,UniOT,,4,656.579,0.000000,0.385732,0.000000,0.500868,,0.910471
closed_set,RealWorld -> Pamap2,SPADA,,0,64.560,,,,0.888584,,0.881277
closed_set,RealWorld -> Pamap2,SPADA,,1,63.296,,,,0.870352,,0.917283
closed_set,RealWorld -> Pamap2,SPADA,,2,65.328,,,,0.872356,,0.898599
closed_set,RealWorld -> Pamap2,SPADA,,3,64.710,,,,0.865700,,0.903075
closed_set,RealWorld -> Pamap2,SPADA,,4,62.775,,,,0.872984,,0.892760
closed_set,RealWorld -> Pamap2,PDAAN,,0,60.922,,,,0.809149,,0.836123
closed_set,RealWorld -> Pamap2,PDAAN,,1,57.786,,,,0.809074,,0.843324
closed_set,RealWorld -> Pamap2,PDAAN,,2,60.026,,,,0.815704,,0.896263
closed_set,RealWorld -> Pamap2,PDAAN,,3,58.179,,,,0.815406,,0.905411
closed_set,RealWorld -> Pamap2,PDAAN,,4,59.594,,,,0.818078,,0.893344
closed_set,RealWorld -> Pamap2,RAINCOAT,,0,87.004,0.000000,0.384680,0.000000,0.462974,,0.511288
closed_set,RealWorld -> Pamap2,RAINCOAT,,1,88.987,0.000000,0.385522,0.000000,0.473945,,0.550993
closed_set,RealWorld -> Pamap2,RAINCOAT,,2,82.858,0.000000,0.277357,0.000000,0.327015,,0.471390
closed_set,RealWorld -> Pamap2,RAINCOAT,,3,71.274,0.000000,0.329335,0.000000,0.387638,,0.554496
closed_set,RealWorld -> Pamap2,RAINCOAT,,4,81.985,0.000000,0.353325,0.000000,0.466331,,0.487544
closed_set,RealWorld -> Pamap2,OVANet,,0,125.320,0.000000,0.792508,0.000000,0.800563,,0.909692
closed_set,RealWorld -> Pamap2,OVANet,,1,128.843,0.000000,0.757576,0.000000,0.775657,,0.932853
closed_set,RealWorld -> Pamap2,OVANet,,2,126.014,0.000000,0.598485,0.000000,0.630480,,0.894122
closed_set,RealWorld -> Pamap2,OVANet,,3,127.589,0.000000,0.899200,0.000000,0.903350,,0.893538
closed_set,RealWorld -> Pamap2,OVANet,,4,125.272,0.000000,0.582912,0.000000,0.515693,,0.873102
closed_set,RealWorld -> Pamap2,PPOT,,0,332.126,0.000000,0.744108,0.000000,0.756136,,0.925068
closed_set,RealWorld -> Pamap2,PPOT,,1,276.421,0.000000,0.678872,0.000000,0.745328,,0.911250
closed_set,RealWorld -> Pamap2,PPOT,,2,348.637,0.000000,0.792298,0.000000,0.811673,,0.927404
closed_set,RealWorld -> Pamap2,PPOT,,3,349.504,0.000000,0.781145,0.000000,0.795312,,0.863760
closed_set,RealWorld -> Pamap2,PPOT,,4,348.068,0.000000,0.728746,0.000000,0.740600,,0.900545
closed_set,RealWorld -> Pamap2,DANCE,,0,121.605,0.000000,0.104167,0.000000,0.163311,,0.872518
closed_set,RealWorld -> Pamap2,DANCE,,1,116.775,0.000000,0.113636,0.000000,0.178630,,0.894511
closed_set,RealWorld -> Pamap2,DANCE,,2,120.964,0.000000,0.095539,0.000000,0.148608,,0.863371
closed_set,RealWorld -> Pamap2,DANCE,,3,118.697,0.000000,0.101852,0.000000,0.170359,,0.853445
closed_set,RealWorld -> Pamap2,DANCE,,4,125.462,0.000000,0.076178,0.000000,0.123414,,0.930907
closed_set,RealWorld -> Pamap2,UniJDOT,,0,1379.820,0.000000,0.529882,0.000000,0.562646,,0.860062
closed_set,RealWorld -> Pamap2,UniJDOT,,1,1326.655,0.000000,0.662668,0.000000,0.700732,,0.905411
closed_set,RealWorld -> Pamap2,UniJDOT,,2,1439.675,0.000000,0.526726,0.000000,0.561185,,0.935967
closed_set,RealWorld -> Pamap2,UniJDOT,,3,1324.518,0.000000,0.653620,0.000000,0.640655,,0.938692
closed_set,RealWorld -> Pamap2,UniJDOT,,4,1375.977,0.000000,0.580387,0.000000,0.633283,,0.942974
OSDA,RealWorld -> Pamap2,RAINCOAT,9,0,231.213,0.249127,0.242755,0.255843,0.298920,,0.595368
OSDA,RealWorld -> Pamap2,RAINCOAT,9,1,249.775,0.322654,0.292944,0.359071,0.383245,,0.529000
OSDA,RealWorld -> Pamap2,RAINCOAT,9,2,232.311,0.001250,0.413902,0.000626,0.028385,,0.611717
OSDA,RealWorld -> Pamap2,RAINCOAT,9,3,233.152,0.180585,0.283074,0.132582,0.198654,,0.594395
OSDA,RealWorld -> Pamap2,RAINCOAT,9,4,237.488,0.284117,0.338513,0.244783,0.300798,,0.473336
OSDA,RealWorld -> Pamap2,OSBP,9,0,148.266,0.624171,0.612138,0.636686,0.667590,,0.838069
OSDA,RealWorld -> Pamap2,OSBP,9,1,145.723,0.658515,0.593028,0.740262,0.723368,,0.712145
OSDA,RealWorld -> Pamap2,OSBP,9,2,146.489,0.721336,0.648677,0.812326,0.784514,,0.734916
OSDA,RealWorld -> Pamap2,OSBP,9,3,140.612,0.744859,0.676396,0.828742,0.805482,,0.709225
OSDA,RealWorld -> Pamap2,OSBP,9,4,137.247,0.741468,0.721546,0.762521,0.772521,,0.791942
OSDA,RealWorld -> Pamap2,TSFA,9,0,324.385,0.378693,0.862243,0.242627,0.394348,,0.868042
OSDA,RealWorld -> Pamap2,TSFA,9,1,318.337,0.336707,0.591138,0.235392,0.346798,,0.839821
OSDA,RealWorld -> Pamap2,TSFA,9,2,320.420,0.321713,0.571189,0.223915,0.331504,,0.934994
OSDA,RealWorld -> Pamap2,TSFA,9,3,317.320,0.362126,0.697816,0.244505,0.378993,,0.893928
OSDA,RealWorld -> Pamap2,TSFA,9,4,317.080,0.305565,0.455481,0.229897,0.327532,,0.929739
OSDA,RealWorld -> Pamap2,UDA,9,0,152.017,0.420325,0.501470,0.361784,0.435193,,0.836123
OSDA,RealWorld -> Pamap2,UDA,9,1,152.486,0.466344,0.584628,0.387869,0.473361,,0.842935
OSDA,RealWorld -> Pamap2,UDA,9,2,150.390,0.384876,0.537799,0.299666,0.391582,,0.823667
OSDA,RealWorld -> Pamap2,UDA,9,3,154.579,0.386741,0.498950,0.315735,0.400066,,0.945893
OSDA,RealWorld -> Pamap2,UDA,9,4,150.752,0.420610,0.566779,0.334377,0.426681,,0.910082
OSDA,RealWorld -> Pamap2,OVANet,9,0,134.666,0.429921,0.580008,0.341541,0.430592,,0.809459
OSDA,RealWorld -> Pamap2,OVANet,9,1,131.224,0.421940,0.534439,0.348567,0.415762,,0.857143
OSDA,RealWorld -> Pamap2,OVANet,9,2,134.065,0.096512,0.399622,0.054883,0.115042,,0.839626
OSDA,RealWorld -> Pamap2,OVANet,9,3,128.726,0.426835,0.584628,0.336116,0.433069,,0.862009
OSDA,RealWorld -> Pamap2,OVANet,9,4,131.156,0.073080,0.407812,0.040136,0.089380,,0.884780
OSDA,RealWorld -> Pamap2,DANCE,9,0,133.864,0.476294,0.325074,0.890582,0.722340,,0.886921
OSDA,RealWorld -> Pamap2,DANCE,9,1,135.334,0.382601,0.246745,0.851349,0.674024,,0.907552
OSDA,RealWorld -> Pamap2,DANCE,9,2,145.386,0.262682,0.154137,0.888077,0.664528,,0.874270
OSDA,RealWorld -> Pamap2,DANCE,9,3,145.591,0.169644,0.093868,0.880147,0.632477,,0.883612
OSDA,RealWorld -> Pamap2,DANCE,9,4,147.579,0.216097,0.122848,0.896912,0.644385,,0.883612
OSDA,RealWorld -> Pamap2,PPOT,9,0,305.630,0.140074,0.870013,0.076169,0.201801,,0.891981
OSDA,RealWorld -> Pamap2,PPOT,9,1,324.662,0.116824,0.872323,0.062604,0.183382,,0.922538
OSDA,RealWorld -> Pamap2,PPOT,9,2,310.116,0.137938,0.868753,0.074917,0.198837,,0.908135
OSDA,RealWorld -> Pamap2,PPOT,9,3,308.333,0.122962,0.858883,0.066221,0.186582,,0.942974
OSDA,RealWorld -> Pamap2,PPOT,9,4,314.566,0.146751,0.782444,0.080968,0.198494,,0.957571
OSDA,RealWorld -> Pamap2,UniOT,9,0,964.123,0.689121,0.581688,0.845228,0.766686,,0.909303
OSDA,RealWorld -> Pamap2,UniOT,9,1,960.718,0.499089,0.378622,0.731984,0.655961,,0.943363
OSDA,RealWorld -> Pamap2,UniOT,9,2,951.199,0.527584,0.396472,0.788258,0.691203,,0.903075
OSDA,RealWorld -> Pamap2,UniOT,9,3,921.571,0.646406,0.563839,0.757304,0.727991,,0.880693
OSDA,RealWorld -> Pamap2,UniOT,9,4,942.966,0.626149,0.508610,0.814343,0.734026,,0.896652
OSDA,RealWorld -> Pamap2,UniJDOT,9,0,1381.495,0.582135,0.635447,0.537076,0.599764,,0.880498
OSDA,RealWorld -> Pamap2,UniJDOT,9,1,1370.787,0.568885,0.707266,0.475793,0.566329,,0.937719
OSDA,RealWorld -> Pamap2,UniJDOT,9,2,1366.632,0.596034,0.719026,0.508973,0.601061,,0.811989
OSDA,RealWorld -> Pamap2,UniJDOT,9,3,1231.060,0.538541,0.530449,0.546884,0.580391,,0.906773
OSDA,RealWorld -> Pamap2,UniJDOT,9,4,1232.299,0.635238,0.651407,0.619853,0.653952,,0.813741
OSDA,RealWorld -> Pamap2,RAINCOAT,5,0,166.545,0.266305,0.308613,0.234199,0.271388,,0.543013
OSDA,RealWorld -> Pamap2,RAINCOAT,5,1,181.025,0.255846,0.232353,0.284625,0.289155,,0.575905
OSDA,RealWorld -> Pamap2,RAINCOAT,5,2,173.038,0.122822,0.299160,0.077274,0.132227,,0.573764
OSDA,RealWorld -> Pamap2,RAINCOAT,5,3,178.213,0.168702,0.320168,0.114523,0.171626,,0.576684
OSDA,RealWorld -> Pamap2,RAINCOAT,5,4,171.817,0.340821,0.349160,0.332871,0.349254,,0.545348
OSDA,RealWorld -> Pamap2,OSBP,5,0,146.078,0.625905,0.565336,0.701011,0.676763,,0.911833
OSDA,RealWorld -> Pamap2,OSBP,5,1,142.230,0.633625,0.523740,0.801862,0.710922,,0.707668
OSDA,RealWorld -> Pamap2,OSBP,5,2,142.609,0.627333,0.509244,0.816723,0.712099,,0.791359
OSDA,RealWorld -> Pamap2,OSBP,5,3,137.241,0.704858,0.645798,0.775807,0.743372,,0.853834
OSDA,RealWorld -> Pamap2,OSBP,5,4,140.917,0.717407,0.695588,0.740638,0.740665,,0.868042
OSDA,RealWorld -> Pamap2,TSFA,5,0,321.408,0.406935,0.870798,0.265504,0.447298,,0.823278
OSDA,RealWorld -> Pamap2,TSFA,5,1,335.191,0.333050,0.568067,0.235585,0.350805,,0.888867
OSDA,RealWorld -> Pamap2,TSFA,5,2,337.514,0.405644,0.833193,0.268080,0.441393,,0.913974
OSDA,RealWorld -> Pamap2,TSFA,5,3,298.598,0.361112,0.620798,0.254607,0.373986,,0.829116
OSDA,RealWorld -> Pamap2,TSFA,5,4,291.221,0.295765,0.360084,0.250941,0.326940,,0.893733
OSDA,RealWorld -> Pamap2,UDA,5,0,145.594,0.404230,0.592647,0.306717,0.413957,,0.916310
OSDA,RealWorld -> Pamap2,UDA,5,1,143.143,0.393380,0.589706,0.295126,0.403394,,0.911639
OSDA,RealWorld -> Pamap2,UDA,5,2,149.291,0.459985,0.569118,0.385972,0.468204,,0.886726
OSDA,RealWorld -> Pamap2,UDA,5,3,143.833,0.424641,0.621219,0.322568,0.433250,,0.865707
OSDA,RealWorld -> Pamap2,UDA,5,4,149.643,0.416947,0.508403,0.353378,0.423072,,0.917867
OSDA,RealWorld -> Pamap2,OVANet,5,0,127.000,0.472466,0.609664,0.385675,0.480945,,0.872908
OSDA,RealWorld -> Pamap2,OVANet,5,1,123.195,0.422131,0.559244,0.339013,0.421267,,0.834177
OSDA,RealWorld -> Pamap2,OVANet,5,2,123.574,0.053883,0.513655,0.028433,0.144424,,0.853445
OSDA,RealWorld -> Pamap2,OVANet,5,3,123.099,0.495156,0.598529,0.422231,0.490136,,0.861619
OSDA,RealWorld -> Pamap2,OVANet,5,4,120.491,0.075590,0.481513,0.041014,0.123236,,0.865317
OSDA,RealWorld -> Pamap2,DANCE,5,0,131.225,0.358236,0.223529,0.901526,0.630867,,0.882250
OSDA,RealWorld -> Pamap2,DANCE,5,1,129.611,0.293493,0.174580,0.920448,0.612445,,0.899961
OSDA,RealWorld -> Pamap2,DANCE,5,2,127.349,0.272015,0.160504,0.891123,0.596457,,0.862592
OSDA,RealWorld -> Pamap2,DANCE,5,3,126.646,0.134452,0.072899,0.863880,0.542732,,0.848968
OSDA,RealWorld -> Pamap2,DANCE,5,4,130.443,0.128915,0.069538,0.882306,0.542878,,0.858311
OSDA,RealWorld -> Pamap2,PPOT,5,0,308.136,0.122902,0.798529,0.066574,0.219270,,0.932269
OSDA,RealWorld -> Pamap2,PPOT,5,1,307.364,0.118297,0.862605,0.063503,0.226538,,0.876411
OSDA,RealWorld -> Pamap2,PPOT,5,2,283.628,0.122025,0.875420,0.065584,0.231407,,0.909887
OSDA,RealWorld -> Pamap2,PPOT,5,3,251.078,0.276141,0.871639,0.164058,0.344671,,0.842546
OSDA,RealWorld -> Pamap2,PPOT,5,4,286.775,0.140167,0.862395,0.076283,0.241871,,0.850331
OSDA,RealWorld -> Pamap2,UniOT,5,0,768.056,0.672995,0.572479,0.816327,0.715572,,0.889257
OSDA,RealWorld -> Pamap2,UniOT,5,1,805.681,0.497492,0.375840,0.735586,0.620906,,0.936357
OSDA,RealWorld -> Pamap2,UniOT,5,2,786.317,0.608922,0.542017,0.694670,0.636178,,0.862592
OSDA,RealWorld -> Pamap2,UniOT,5,3,753.114,0.624123,0.539916,0.739449,0.680340,,0.895679
OSDA,RealWorld -> Pamap2,UniOT,5,4,752.842,0.468599,0.334034,0.784724,0.624780,,0.922733
OSDA,RealWorld -> Pamap2,UniJDOT,5,0,1323.777,0.497158,0.361555,0.795522,0.637945,,0.869015
OSDA,RealWorld -> Pamap2,UniJDOT,5,1,1368.361,0.486035,0.507143,0.466614,0.503907,,0.865123
OSDA,RealWorld -> Pamap2,UniJDOT,5,2,1274.434,0.374776,0.284244,0.549931,0.476194,,0.873297
OSDA,RealWorld -> Pamap2,UniJDOT,5,3,1231.201,0.632345,0.585714,0.687042,0.653861,,0.865123
OSDA,RealWorld -> Pamap2,UniJDOT,5,4,1367.128,0.429689,0.551891,0.351793,0.407146,,0.865123
PDA,Pamap2 -> RealWorld,PDAAN,9,0,73.210,,,,0.041155,,0.421665
PDA,Pamap2 -> RealWorld,PDAAN,9,1,70.322,,,,0.011052,,0.395620
PDA,Pamap2 -> RealWorld,PDAAN,9,2,69.396,,,,0.119356,,0.463694
PDA,Pamap2 -> RealWorld,PDAAN,9,3,75.614,,,,0.002125,,0.420284
PDA,Pamap2 -> RealWorld,PDAAN,9,4,70.107,,,,0.097142,,0.438240
PDA,Pamap2 -> RealWorld,SPADA,9,0,68.850,,,,0.175018,,0.631807
PDA,Pamap2 -> RealWorld,SPADA,9,1,68.408,,,,0.225317,,0.677585
PDA,Pamap2 -> RealWorld,SPADA,9,2,69.125,,,,0.176405,,0.694751
PDA,Pamap2 -> RealWorld,SPADA,9,3,70.483,,,,0.182748,,0.617798
PDA,Pamap2 -> RealWorld,SPADA,9,4,71.482,,,,0.168649,,0.587806
PDA,Pamap2 -> RealWorld,UDA,9,0,111.842,0.000000,0.108283,0.000000,0.184103,,0.682123
PDA,Pamap2 -> RealWorld,UDA,9,1,107.356,0.000000,0.060285,0.000000,0.105759,,0.652131
PDA,Pamap2 -> RealWorld,UDA,9,2,114.103,0.000000,0.111984,0.000000,0.186194,,0.651342
PDA,Pamap2 -> RealWorld,UDA,9,3,110.396,0.000000,0.091266,0.000000,0.155887,,0.690213
PDA,Pamap2 -> RealWorld,UDA,9,4,104.653,0.000000,0.036667,0.000000,0.066506,,0.689818
PDA,Pamap2 -> RealWorld,OVANet,9,0,95.198,0.000000,0.000839,0.000000,0.001671,,0.741515
PDA,Pamap2 -> RealWorld,OVANet,9,1,96.652,0.000000,0.000114,0.000000,0.000229,,0.783149
PDA,Pamap2 -> RealWorld,OVANet,9,2,98.133,0.000000,0.001145,0.000000,0.002279,,0.754341
PDA,Pamap2 -> RealWorld,OVANet,9,3,96.595,0.000000,0.001793,0.000000,0.003562,,0.747829
PDA,Pamap2 -> RealWorld,OVANet,9,4,93.357,0.000000,0.000801,0.000000,0.001599,,0.781176
PDA,Pamap2 -> RealWorld,DANCE,9,0,96.799,0.000000,0.000000,0.000000,0.000000,,0.787885
PDA,Pamap2 -> RealWorld,DANCE,9,1,100.678,0.000000,0.000000,0.000000,0.000000,,0.794002
PDA,Pamap2 -> RealWorld,DANCE,9,2,100.391,0.000000,0.000000,0.000000,0.000000,,0.792818
PDA,Pamap2 -> RealWorld,DANCE,9,3,98.511,0.000000,0.000000,0.000000,0.000000,,0.780781
PDA,Pamap2 -> RealWorld,DANCE,9,4,100.131,0.000000,0.000000,0.000000,0.000000,,0.792028
PDA,Pamap2 -> RealWorld,PPOT,9,0,243.468,0.000000,0.000000,0.000000,0.000000,,0.606354
PDA,Pamap2 -> RealWorld,PPOT,9,1,251.815,0.000000,0.000000,0.000000,0.000000,,0.494475
PDA,Pamap2 -> RealWorld,PPOT,9,2,262.818,0.000000,0.000000,0.000000,0.000000,,0.522889
PDA,Pamap2 -> RealWorld,PPOT,9,3,257.543,0.000000,0.000000,0.000000,0.000000,,0.516575
PDA,Pamap2 -> RealWorld,PPOT,9,4,250.269,0.000000,0.000000,0.000000,0.000000,,0.488358
PDA,Pamap2 -> RealWorld,RAINCOAT,9,0,153.205,0.000000,0.069365,0.000000,0.113912,,0.373520
PDA,Pamap2 -> RealWorld,RAINCOAT,9,1,158.147,0.000000,0.082910,0.000000,0.123599,,0.437253
PDA,Pamap2 -> RealWorld,RAINCOAT,9,2,149.982,0.000000,0.084475,0.000000,0.127827,,0.333465
PDA,Pamap2 -> RealWorld,RAINCOAT,9,3,148.133,0.000000,0.079362,0.000000,0.129590,,0.380229
PDA,Pamap2 -> RealWorld,RAINCOAT,9,4,150.201,0.000000,0.122248,0.000000,0.172917,,0.347672
PDA,Pamap2 -> RealWorld,UniOT,9,0,412.519,0.000000,0.000000,0.000000,0.000000,,0.727703
PDA,Pamap2 -> RealWorld,UniOT,9,1,480.324,0.000000,0.000000,0.000000,0.000000,,0.667719
PDA,Pamap2 -> RealWorld,UniOT,9,2,400.478,0.000000,0.000000,0.000000,0.000000,,0.735004
PDA,Pamap2 -> RealWorld,UniOT,9,3,401.605,0.000000,0.000000,0.000000,0.000000,,0.694554
PDA,Pamap2 -> RealWorld,UniOT,9,4,622.302,0.000000,0.000000,0.000000,0.000000,,0.691792
PDA,Pamap2 -> RealWorld,UniJDOT,9,0,955.909,0.000000,0.151360,0.000000,0.198939,,0.682320
PDA,Pamap2 -> RealWorld,UniJDOT,9,1,1014.444,0.000000,0.228624,0.000000,0.307220,,0.723560
PDA,Pamap2 -> RealWorld,UniJDOT,9,2,1074.335,0.000000,0.355145,0.000000,0.411379,,0.703433
PDA,Pamap2 -> RealWorld,UniJDOT,9,3,1038.649,0.000000,0.335343,0.000000,0.401648,,0.735004
PDA,Pamap2 -> RealWorld,UniJDOT,9,4,1150.318,0.000000,0.334351,0.000000,0.393387,,0.717640
OSDA,MHEALTH -> Pamap2,OSBP,1,0,10.666,0.186396,0.517640,0.113662,0.251994,,0.907407
OSDA,MHEALTH -> Pamap2,OSBP,1,1,9.038,0.294264,0.472911,0.213581,0.340211,,0.941358
OSDA,MHEALTH -> Pamap2,OSBP,1,2,10.523,0.385382,0.642797,0.275182,0.435538,,0.864198
OSDA,MHEALTH -> Pamap2,OSBP,1,3,10.268,0.357925,0.475011,0.287146,0.387633,,0.941358
OSDA,MHEALTH -> Pamap2,OSBP,1,4,9.550,0.331785,0.484670,0.252223,0.377913,,0.972222
OSDA,MHEALTH -> Pamap2,TSFA,1,0,23.993,0.335959,0.408022,0.285529,0.338979,,0.996914
OSDA,MHEALTH -> Pamap2,TSFA,1,1,22.401,0.371884,0.506090,0.293937,0.379951,,0.996914
OSDA,MHEALTH -> Pamap2,TSFA,1,2,20.524,0.335752,0.415582,0.281649,0.337621,,0.996914
OSDA,MHEALTH -> Pamap2,TSFA,1,3,20.407,0.335269,0.413062,0.282134,0.337488,,0.996914
OSDA,MHEALTH -> Pamap2,TSFA,1,4,19.591,0.387138,0.553549,0.297656,0.388296,,0.993827
OSDA,MHEALTH -> Pamap2,UDA,1,0,11.550,0.414556,0.410752,0.418432,0.426428,,0.898148
OSDA,MHEALTH -> Pamap2,UDA,1,1,11.154,0.356058,0.348803,0.363622,0.393011,,0.929012
OSDA,MHEALTH -> Pamap2,UDA,1,2,11.051,0.384412,0.345023,0.433953,0.420995,,0.898148
OSDA,MHEALTH -> Pamap2,UDA,1,3,10.876,0.320489,0.262915,0.410348,0.379163,,0.996914
OSDA,MHEALTH -> Pamap2,UDA,1,4,10.298,0.264255,0.220286,0.330154,0.305840,,0.913580
OSDA,MHEALTH -> Pamap2,OVANet,1,0,11.178,0.290080,0.728685,0.181083,0.382331,,0.996914
OSDA,MHEALTH -> Pamap2,OVANet,1,1,10.427,0.336003,0.325283,0.347454,0.336957,,0.996914
OSDA,MHEALTH -> Pamap2,OVANet,1,2,10.268,0.378280,0.749055,0.253032,0.439006,,0.996914
OSDA,MHEALTH -> Pamap2,OVANet,1,3,10.049,0.334324,0.479630,0.256589,0.377611,,0.993827
OSDA,MHEALTH -> Pamap2,OVANet,1,4,9.218,0.180663,0.489920,0.110752,0.233608,,0.996914
OSDA,MHEALTH -> Pamap2,DANCE,1,0,10.219,0.000000,0.000000,1.000000,0.407949,,0.996914
OSDA,MHEALTH -> Pamap2,DANCE,1,1,9.728,0.000000,0.000000,1.000000,0.407949,,0.990741
OSDA,MHEALTH -> Pamap2,DANCE,1,2,9.912,0.000000,0.000000,1.000000,0.407949,,0.996914
OSDA,MHEALTH -> Pamap2,DANCE,1,3,9.974,0.000000,0.000000,1.000000,0.407949,,0.996914
OSDA,MHEALTH -> Pamap2,DANCE,1,4,10.202,0.000000,0.000000,1.000000,0.407949,,0.996914
OSDA,MHEALTH -> Pamap2,PPOT,1,0,28.266,0.000000,0.000000,1.000000,0.407949,,0.990741
OSDA,MHEALTH -> Pamap2,PPOT,1,1,29.104,0.000000,0.000000,1.000000,0.407949,,0.978395
OSDA,MHEALTH -> Pamap2,PPOT,1,2,25.494,0.000000,0.000000,1.000000,0.407949,,0.990741
OSDA,MHEALTH -> Pamap2,PPOT,1,3,26.130,0.000000,0.000000,1.000000,0.407949,,0.987654
OSDA,MHEALTH -> Pamap2,PPOT,1,4,25.865,0.000000,0.000000,1.000000,0.407949,,0.990741
OSDA,MHEALTH -> Pamap2,RAINCOAT,1,0,19.639,0.195987,0.121168,0.512369,0.363866,,0.929012
OSDA,MHEALTH -> Pamap2,RAINCOAT,1,1,16.398,0.104379,0.061949,0.331285,0.258608,,0.737654
OSDA,MHEALTH -> Pamap2,RAINCOAT,1,2,16.448,0.184133,0.147627,0.244624,0.229482,,0.604938
OSDA,MHEALTH -> Pamap2,RAINCOAT,1,3,21.781,0.199901,0.139437,0.352951,0.288324,,0.876543
OSDA,MHEALTH -> Pamap2,RAINCOAT,1,4,16.989,0.095184,0.096808,0.093614,0.097874,,0.746914
OSDA,MHEALTH -> Pamap2,UniOT,1,0,47.746,0.346786,0.237925,0.639289,0.433387,,1.000000
OSDA,MHEALTH -> Pamap2,UniOT,1,1,53.040,0.254989,0.152457,0.778658,0.431022,,1.000000
OSDA,MHEALTH -> Pamap2,UniOT,1,2,52.267,0.356898,0.264595,0.548100,0.403664,,0.996914
OSDA,MHEALTH -> Pamap2,UniOT,1,3,47.035,0.230719,0.144687,0.569119,0.383371,,1.000000
OSDA,MHEALTH -> Pamap2,UniOT,1,4,46.430,0.392017,0.286854,0.618917,0.423419,,1.000000
OSDA,MHEALTH -> Pamap2,UniJDOT,1,0,76.803,0.364056,0.341243,0.390137,0.362325,,1.000000
OSDA,MHEALTH -> Pamap2,UniJDOT,1,1,90.873,0.306803,0.468291,0.228133,0.360137,,0.901235
OSDA,MHEALTH -> Pamap2,UniJDOT,1,2,81.240,0.252443,0.198026,0.348100,0.315952,,0.996914
OSDA,MHEALTH -> Pamap2,UniJDOT,1,3,77.625,0.287109,0.213776,0.437025,0.332637,,0.898148
OSDA,MHEALTH -> Pamap2,UniJDOT,1,4,90.523,0.115728,0.066569,0.442522,0.296772,,0.993827
PDA,MHEALTH -> Pamap2,DANCE,1,3,17.752,0.000000,0.000000,0.000000,0.000000,,0.992611
PDA,MHEALTH -> Pamap2,SPADA,1,0,18.247,,,,0.378289,,0.990148
PDA,MHEALTH -> Pamap2,PDAAN,1,1,15.303,,,,0.083638,,0.972906
PDA,MHEALTH -> Pamap2,SPADA,1,1,15.515,,,,0.421726,,0.980296
PDA,MHEALTH -> Pamap2,OVANet,1,3,21.263,0.000000,0.171086,0.000000,0.143926,,0.992611
PDA,MHEALTH -> Pamap2,UniOT,1,3,199.176,0.000000,0.162247,0.000000,0.173477,,0.992611
PDA,MHEALTH -> Pamap2,RAINCOAT,1,1,30.964,0.000000,0.140152,0.000000,0.109060,,0.655172
PDA,MHEALTH -> Pamap2,PDAAN,1,0,20.012,,,,0.141746,,0.967980
PDA,MHEALTH -> Pamap2,OVANet,1,4,20.077,0.000000,0.404251,0.000000,0.416330,,0.990148
PDA,MHEALTH -> Pamap2,DANCE,1,2,17.719,0.000000,0.000000,0.000000,0.000000,,0.995074
PDA,MHEALTH -> Pamap2,UniJDOT,1,1,107.130,0.000000,0.051768,0.000000,0.092222,,0.997537
PDA,MHEALTH -> Pamap2,RAINCOAT,1,2,31.805,0.000000,0.098485,0.000000,0.072151,,0.534483
PDA,MHEALTH -> Pamap2,UniJDOT,1,0,109.374,0.000000,0.191919,0.000000,0.195490,,0.995074
PDA,MHEALTH -> Pamap2,PDAAN,1,4,14.983,,,,0.442612,,0.967980
PDA,MHEALTH -> Pamap2,PPOT,1,4,36.270,0.000000,0.000000,0.000000,0.000000,,0.987685
PDA,MHEALTH -> Pamap2,UniJDOT,1,2,99.917,0.000000,0.275673,0.000000,0.263224,,0.992611
PDA,MHEALTH -> Pamap2,RAINCOAT,1,3,31.305,0.000000,0.181187,0.000000,0.184511,,0.689655
PDA,MHEALTH -> Pamap2,PDAAN,1,3,16.594,,,,0.533213,,0.987685
PDA,MHEALTH -> Pamap2,OVANet,1,1,20.054,0.000000,0.322811,0.000000,0.290948,,0.990148
PDA,MHEALTH -> Pamap2,UniOT,1,1,157.995,0.000000,0.344907,0.000000,0.437787,,0.995074
PDA,MHEALTH -> Pamap2,PPOT,1,3,37.593,0.000000,0.000000,0.000000,0.000000,,0.839902
PDA,MHEALTH -> Pamap2,SPADA,1,2,15.352,,,,0.872684,,0.982759
PDA,MHEALTH -> Pamap2,SPADA,1,3,15.367,,,,0.618796,,0.982759
PDA,MHEALTH -> Pamap2,UniOT,1,2,202.631,0.000000,0.229588,0.000000,0.224213,,0.995074
PDA,MHEALTH -> Pamap2,DANCE,1,0,23.031,0.000000,0.000000,0.000000,0.000000,,0.995074
PDA,MHEALTH -> Pamap2,PPOT,1,0,38.249,0.000000,0.000000,0.000000,0.000000,,0.965517
PDA,MHEALTH -> Pamap2,UniJDOT,1,3,102.209,0.000000,0.212542,0.000000,0.265534,,0.992611
PDA,MHEALTH -> Pamap2,UDA,1,4,24.027,0.000000,0.267466,0.000000,0.311848,,0.901478
PDA,MHEALTH -> Pamap2,PDAAN,1,2,15.171,,,,0.251821,,0.975369
PDA,MHEALTH -> Pamap2,DANCE,1,1,18.897,0.000000,0.000000,0.000000,0.000000,,0.990148
PDA,MHEALTH -> Pamap2,DANCE,1,4,19.039,0.000000,0.000000,0.000000,0.000000,,0.992611
PDA,MHEALTH -> Pamap2,PPOT,1,1,36.203,0.000000,0.000000,0.000000,0.000000,,0.980296
PDA,MHEALTH -> Pamap2,UDA,1,1,23.274,0.000000,0.164141,0.000000,0.220856,,0.795566
PDA,MHEALTH -> Pamap2,PPOT,1,2,36.091,0.000000,0.000000,0.000000,0.000000,,0.940887
PDA,MHEALTH -> Pamap2,UniOT,1,4,186.489,0.000000,0.201389,0.000000,0.238099,,0.987685
PDA,MHEALTH -> Pamap2,OVANet,1,2,20.823,0.000000,0.271465,0.000000,0.227693,,0.990148
PDA,MHEALTH -> Pamap2,UniJDOT,1,4,107.507,0.000000,0.004419,0.000000,0.007777,,0.990148
PDA,MHEALTH -> Pamap2,UDA,1,3,24.659,0.000000,0.297559,0.000000,0.393929,,0.869458
PDA,MHEALTH -> Pamap2,SPADA,1,4,34.563,,,,0.412434,,0.985222
PDA,MHEALTH -> Pamap2,RAINCOAT,1,4,31.835,0.000000,0.083333,0.000000,0.117244,,0.268473
PDA,MHEALTH -> Pamap2,UDA,1,0,24.885,0.000000,0.190657,0.000000,0.238855,,0.992611
PDA,MHEALTH -> Pamap2,RAINCOAT,1,0,49.635,0.000000,0.113005,0.000000,0.073646,,0.662562
PDA,MHEALTH -> Pamap2,OVANet,1,0,22.142,0.000000,0.316077,0.000000,0.283605,,0.992611
PDA,MHEALTH -> Pamap2,UniOT,1,0,167.277,0.000000,0.212121,0.000000,0.207918,,0.987685
PDA,MHEALTH -> Pamap2,UDA,1,2,23.770,0.000000,0.223906,0.000000,0.308271,,0.980296
OSDA,RealWorld -> MHEALTH,OSBP,4,0,145.528,0.579114,0.468176,0.758955,0.592390,,0.812962
OSDA,RealWorld -> MHEALTH,OSBP,4,1,154.117,0.734780,0.616279,0.909701,0.741284,,0.807513
OSDA,RealWorld -> MHEALTH,OSBP,4,2,145.818,0.600201,0.500612,0.749254,0.604285,,0.832425
OSDA,RealWorld -> MHEALTH,OSBP,4,3,141.552,0.518179,0.399021,0.738806,0.535801,,0.758272
OSDA,RealWorld -> MHEALTH,OSBP,4,4,152.905,0.438327,0.324969,0.673134,0.463085,,0.769560
OSDA,RealWorld -> MHEALTH,TSFA,4,0,351.661,0.374582,0.432069,0.330597,0.381465,,0.852861
OSDA,RealWorld -> MHEALTH,TSFA,4,1,349.171,0.418913,0.752142,0.290299,0.517803,,0.885364
OSDA,RealWorld -> MHEALTH,TSFA,4,2,340.531,0.371835,0.719094,0.250746,0.476485,,0.894317
OSDA,RealWorld -> MHEALTH,TSFA,4,3,357.549,0.346286,0.810894,0.220149,0.508256,,0.857532
OSDA,RealWorld -> MHEALTH,TSFA,4,4,359.507,0.355909,0.771114,0.231343,0.486143,,0.892954
OSDA,RealWorld -> MHEALTH,UDA,4,0,153.804,0.426331,0.523256,0.359701,0.447311,,0.952900
OSDA,RealWorld -> MHEALTH,UDA,4,1,170.468,0.482366,0.623623,0.393284,0.505719,,0.931686
OSDA,RealWorld -> MHEALTH,UDA,4,2,171.562,0.451919,0.627907,0.352985,0.493071,,0.926236
OSDA,RealWorld -> MHEALTH,UDA,4,3,171.404,0.381008,0.596695,0.279851,0.429481,,0.856948
OSDA,RealWorld -> MHEALTH,UDA,4,4,164.975,0.343906,0.703182,0.227612,0.458345,,0.919035
OSDA,RealWorld -> MHEALTH,OVANet,4,0,128.029,0.336783,0.205630,0.929851,0.457565,,0.905216
OSDA,RealWorld -> MHEALTH,OVANet,4,1,128.562,0.458943,0.597919,0.372388,0.474855,,0.850136
OSDA,RealWorld -> MHEALTH,OVANet,4,2,131.776,0.353434,0.500612,0.273134,0.352152,,0.884196
OSDA,RealWorld -> MHEALTH,OVANet,4,3,133.706,0.508686,0.572827,0.457463,0.487345,,0.804204
OSDA,RealWorld -> MHEALTH,OVANet,4,4,122.922,0.016205,0.623623,0.008209,0.213142,,0.826002
OSDA,RealWorld -> MHEALTH,DANCE,4,0,133.811,0.185391,0.102815,0.941791,0.371563,,0.848579
OSDA,RealWorld -> MHEALTH,DANCE,4,1,128.573,0.115559,0.061812,0.885821,0.322169,,0.813352
OSDA,RealWorld -> MHEALTH,DANCE,4,2,133.125,0.101601,0.053856,0.895522,0.313690,,0.883028
OSDA,RealWorld -> MHEALTH,DANCE,4,3,134.071,0.027748,0.014076,0.967164,0.293084,,0.859673
OSDA,RealWorld -> MHEALTH,DANCE,4,4,132.287,0.139656,0.075275,0.964925,0.352693,,0.802063
OSDA,RealWorld -> MHEALTH,PPOT,4,0,248.222,0.374006,0.475520,0.308209,0.391752,,0.875827
OSDA,RealWorld -> MHEALTH,PPOT,4,1,260.963,0.439700,0.427173,0.452985,0.436882,,0.896847
OSDA,RealWorld -> MHEALTH,PPOT,4,2,247.268,0.468631,0.551408,0.407463,0.481147,,0.903075
OSDA,RealWorld -> MHEALTH,PPOT,4,3,245.937,0.511277,0.575887,0.459701,0.536082,,0.867458
OSDA,RealWorld -> MHEALTH,PPOT,4,4,255.023,0.497172,0.552020,0.452239,0.508578,,0.837291
OSDA,RealWorld -> MHEALTH,RAINCOAT,4,0,42.731,0.372931,0.412485,0.340299,0.376447,,0.604515
OSDA,RealWorld -> MHEALTH,RAINCOAT,4,1,37.800,0.397491,0.470624,0.344030,0.381127,,0.543013
OSDA,RealWorld -> MHEALTH,RAINCOAT,4,2,44.528,0.267931,0.208078,0.376119,0.304914,,0.630790
OSDA,RealWorld -> MHEALTH,RAINCOAT,4,3,42.016,0.373243,0.263770,0.638060,0.401694,,0.672830
OSDA,RealWorld -> MHEALTH,RAINCOAT,4,4,40.811,0.258899,0.203182,0.356716,0.270338,,0.675165
OSDA,RealWorld -> MHEALTH,UniOT,4,0,806.924,0.469853,0.331701,0.805224,0.462741,,0.909887
OSDA,RealWorld -> MHEALTH,UniOT,4,1,878.419,0.602483,0.479192,0.811194,0.603205,,0.936162
OSDA,RealWorld -> MHEALTH,UniOT,4,2,892.672,0.650749,0.526316,0.852239,0.622999,,0.944726
OSDA,RealWorld -> MHEALTH,UniOT,4,3,783.785,0.000000,0.250306,0.000000,0.033253,,0.250097
OSDA,RealWorld -> MHEALTH,UniOT,4,4,854.286,0.439205,0.304774,0.785821,0.433662,,0.897431
OSDA,RealWorld -> MHEALTH,UniJDOT,4,0,1142.759,0.407349,0.742962,0.280597,0.465121,,0.891981
OSDA,RealWorld -> MHEALTH,UniJDOT,4,1,1089.549,0.515876,0.444308,0.614925,0.469163,,0.849163
OSDA,RealWorld -> MHEALTH,UniJDOT,4,2,1093.099,0.227000,0.206854,0.251493,0.237228,,0.891008
OSDA,RealWorld -> MHEALTH,UniJDOT,4,3,1136.802,0.538289,0.392901,0.854478,0.585074,,0.861425
OSDA,RealWorld -> MHEALTH,UniJDOT,4,4,1271.986,0.432053,0.480416,0.392537,0.358119,,0.934410
OSDA,RealWorld -> MHEALTH,OSBP,7,0,125.108,0.427301,0.291310,0.801430,0.586657,,0.917867
OSDA,RealWorld -> MHEALTH,OSBP,7,1,123.937,0.410743,0.305386,0.627085,0.497123,,0.858311
OSDA,RealWorld -> MHEALTH,OSBP,7,2,125.328,0.733722,0.646879,0.847498,0.762530,,0.787077
OSDA,RealWorld -> MHEALTH,OSBP,7,3,123.402,0.745627,0.700122,0.797458,0.756480,,0.754184
OSDA,RealWorld -> MHEALTH,OSBP,7,4,124.068,0.541052,0.427785,0.735902,0.606332,,0.786882
OSDA,RealWorld -> MHEALTH,TSFA,7,0,257.949,0.345330,0.719706,0.227164,0.402703,,0.870767
OSDA,RealWorld -> MHEALTH,TSFA,7,1,265.102,0.345213,0.699510,0.229150,0.401859,,0.873102
OSDA,RealWorld -> MHEALTH,TSFA,7,2,263.513,0.294551,0.422889,0.225973,0.316561,,0.865901
OSDA,RealWorld -> MHEALTH,TSFA,7,3,261.985,0.292464,0.623623,0.191025,0.343689,,0.925068
OSDA,RealWorld -> MHEALTH,TSFA,7,4,265.181,0.370476,0.730110,0.248213,0.423518,,0.923900
OSDA,RealWorld -> MHEALTH,UDA,7,0,135.231,0.404367,0.681151,0.287530,0.429052,,0.941612
OSDA,RealWorld -> MHEALTH,UDA,7,1,132.491,0.417600,0.542228,0.339555,0.419946,,0.938108
OSDA,RealWorld -> MHEALTH,UDA,7,2,134.940,0.368960,0.470624,0.303415,0.387292,,0.924484
OSDA,RealWorld -> MHEALTH,UDA,7,3,139.610,0.412015,0.487760,0.356632,0.431399,,0.816271
OSDA,RealWorld -> MHEALTH,UDA,7,4,138.844,0.376650,0.380049,0.373312,0.408847,,0.801285
OSDA,RealWorld -> MHEALTH,OVANet,7,0,113.791,0.373499,0.233170,0.938046,0.579264,,0.929545
OSDA,RealWorld -> MHEALTH,OVANet,7,1,115.681,0.032972,0.476132,0.017077,0.095901,,0.854613
OSDA,RealWorld -> MHEALTH,OVANet,7,2,116.637,0.216667,0.501224,0.138205,0.234052,,0.889840
OSDA,RealWorld -> MHEALTH,OVANet,7,3,111.599,0.253467,0.426561,0.180302,0.255888,,0.841378
OSDA,RealWorld -> MHEALTH,OVANet,7,4,111.447,0.029470,0.623623,0.015091,0.128667,,0.812184
OSDA,RealWorld -> MHEALTH,DANCE,7,0,114.941,0.163257,0.089351,0.944400,0.510894,,0.845271
OSDA,RealWorld -> MHEALTH,DANCE,7,1,116.247,0.079630,0.041616,0.920175,0.464869,,0.819190
OSDA,RealWorld -> MHEALTH,DANCE,7,2,107.176,0.073750,0.038556,0.845909,0.442492,,0.870961
OSDA,RealWorld -> MHEALTH,DANCE,7,3,107.477,0.171736,0.094247,0.965846,0.519527,,0.851888
OSDA,RealWorld -> MHEALTH,DANCE,7,4,108.968,0.209087,0.116891,0.989674,0.544533,,0.812962
OSDA,RealWorld -> MHEALTH,PPOT,7,0,204.495,0.245646,0.451040,0.168785,0.276438,,0.903854
OSDA,RealWorld -> MHEALTH,PPOT,7,1,196.611,0.295928,0.378213,0.243050,0.314883,,0.923316
OSDA,RealWorld -> MHEALTH,PPOT,7,2,196.853,0.406936,0.527540,0.331215,0.427710,,0.938887
OSDA,RealWorld -> MHEALTH,PPOT,7,3,200.819,0.379484,0.552020,0.289118,0.403970,,0.931686
OSDA,RealWorld -> MHEALTH,PPOT,7,4,238.789,0.430375,0.552020,0.352661,0.448171,,0.899183
OSDA,RealWorld -> MHEALTH,RAINCOAT,7,0,41.295,0.198409,0.356793,0.137411,0.219187,,0.738225
OSDA,RealWorld -> MHEALTH,RAINCOAT,7,1,40.282,0.279018,0.500612,0.193407,0.285008,,0.631763
OSDA,RealWorld -> MHEALTH,RAINCOAT,7,2,48.187,0.262780,0.177479,0.505957,0.406050,,0.699883
OSDA,RealWorld -> MHEALTH,RAINCOAT,7,3,42.874,0.250673,0.201346,0.332010,0.308658,,0.747956
OSDA,RealWorld -> MHEALTH,RAINCOAT,7,4,40.579,0.247781,0.326193,0.199762,0.252980,,0.689763
OSDA,RealWorld -> MHEALTH,UniOT,7,0,875.600,0.524084,0.380049,0.843924,0.589475,,0.936162
OSDA,RealWorld -> MHEALTH,UniOT,7,1,839.270,0.615455,0.577723,0.658459,0.624666,,0.935189
OSDA,RealWorld -> MHEALTH,UniOT,7,2,954.803,0.319151,0.195838,0.861795,0.511892,,0.887505
OSDA,RealWorld -> MHEALTH,UniOT,7,3,949.969,0.356157,0.249082,0.624702,0.441832,,0.892565
OSDA,RealWorld -> MHEALTH,UniOT,7,4,903.641,0.500579,0.403917,0.658062,0.555528,,0.897236
OSDA,RealWorld -> MHEALTH,UniJDOT,7,0,1202.796,0.237023,0.249694,0.225576,0.218744,,0.870183
OSDA,RealWorld -> MHEALTH,UniJDOT,7,1,1192.679,0.398515,0.306610,0.569102,0.457863,,0.910860
OSDA,RealWorld -> MHEALTH,UniJDOT,7,2,1177.022,0.594416,0.522644,0.689039,0.592069,,0.924290
OSDA,RealWorld -> MHEALTH,UniJDOT,7,3,1143.160,0.419022,0.515300,0.353058,0.388557,,0.902491
OSDA,RealWorld -> MHEALTH,UniJDOT,7,4,1409.673,0.588841,0.547736,0.636616,0.591885,,0.894901
UniDA,Pamap2 -> RealWorld,UDA,3,0,74.656,0.301656,0.232007,0.431062,0.339709,,0.801105
UniDA,Pamap2 -> RealWorld,UDA,3,1,78.245,0.216034,0.147374,0.404477,0.260843,,0.786679
UniDA,Pamap2 -> RealWorld,UDA,3,2,77.612,0.286954,0.212327,0.442471,0.338599,,0.773788
UniDA,Pamap2 -> RealWorld,UDA,3,3,77.474,0.282106,0.205767,0.448499,0.325907,,0.798956
UniDA,Pamap2 -> RealWorld,UDA,3,4,75.016,0.234363,0.164995,0.404370,0.274942,,0.800798
UniDA,Pamap2 -> RealWorld,OVANet,3,0,65.368,0.004529,0.002288,0.214832,0.056798,,0.831492
UniDA,Pamap2 -> RealWorld,OVANet,3,1,56.322,0.000000,0.000000,0.424174,0.080880,,0.841007
UniDA,Pamap2 -> RealWorld,OVANet,3,2,55.188,0.001747,0.000877,0.209773,0.052281,,0.841007
UniDA,Pamap2 -> RealWorld,OVANet,3,3,54.684,0.001060,0.000534,0.068238,0.020430,,0.839472
UniDA,Pamap2 -> RealWorld,OVANet,3,4,53.492,0.008707,0.004539,0.106770,0.036496,,0.848987
UniDA,Pamap2 -> RealWorld,DANCE,3,0,58.087,0.000000,0.000000,0.999354,0.110023,,0.842848
UniDA,Pamap2 -> RealWorld,DANCE,3,1,53.932,0.000000,0.000000,0.998601,0.108641,,0.833640
UniDA,Pamap2 -> RealWorld,DANCE,3,2,54.401,0.000000,0.000000,0.998493,0.108588,,0.835482
UniDA,Pamap2 -> RealWorld,DANCE,3,3,56.122,0.000000,0.000000,0.996556,0.108463,,0.828729
UniDA,Pamap2 -> RealWorld,DANCE,3,4,56.482,0.000000,0.000000,0.997417,0.108488,,0.840700
UniDA,Pamap2 -> RealWorld,PPOT,3,0,122.912,0.000000,0.000000,0.951566,0.140475,,0.684776
UniDA,Pamap2 -> RealWorld,PPOT,3,1,120.793,0.000000,0.000000,0.960284,0.135926,,0.656845
UniDA,Pamap2 -> RealWorld,PPOT,3,2,122.750,0.000000,0.000000,0.935314,0.141725,,0.669736
UniDA,Pamap2 -> RealWorld,PPOT,3,3,120.648,0.000000,0.000000,0.932408,0.138238,,0.657459
UniDA,Pamap2 -> RealWorld,PPOT,3,4,118.141,0.000000,0.000000,0.951674,0.134825,,0.713321
UniDA,Pamap2 -> RealWorld,RAINCOAT,3,0,99.489,0.081612,0.048324,0.262297,0.123092,,0.469920
UniDA,Pamap2 -> RealWorld,RAINCOAT,3,1,89.043,0.094675,0.113391,0.081261,0.147375,,0.586863
UniDA,Pamap2 -> RealWorld,RAINCOAT,3,2,87.954,0.064626,0.116099,0.044775,0.140099,,0.632290
UniDA,Pamap2 -> RealWorld,RAINCOAT,3,3,87.400,0.044623,0.090621,0.029599,0.113199,,0.633211
UniDA,Pamap2 -> RealWorld,RAINCOAT,3,4,86.232,0.069528,0.121134,0.048757,0.145193,,0.550645
UniDA,Pamap2 -> RealWorld,UniOT,3,0,284.863,0.004628,0.002327,0.427403,0.072248,,0.738183
UniDA,Pamap2 -> RealWorld,UniOT,3,1,277.024,0.044653,0.023876,0.344096,0.087088,,0.776243
UniDA,Pamap2 -> RealWorld,UniOT,3,2,281.790,0.085888,0.048476,0.376278,0.119222,,0.751995
UniDA,Pamap2 -> RealWorld,UniOT,3,3,240.812,0.025206,0.013006,0.406953,0.085117,,0.791283
UniDA,Pamap2 -> RealWorld,UniOT,3,4,278.162,0.081237,0.044777,0.437413,0.126089,,0.753223
UniDA,Pamap2 -> RealWorld,UniJDOT,3,0,348.629,0.640408,0.529616,0.809816,0.605146,,0.770718
UniDA,Pamap2 -> RealWorld,UniJDOT,3,1,339.453,0.571005,0.520157,0.632870,0.581699,,0.755064
UniDA,Pamap2 -> RealWorld,UniJDOT,3,2,338.618,0.486357,0.497235,0.475944,0.528532,,0.772867
UniDA,Pamap2 -> RealWorld,UniJDOT,3,3,344.505,0.553467,0.538045,0.569799,0.561889,,0.805402
UniDA,Pamap2 -> RealWorld,UniJDOT,3,4,329.881,0.556706,0.628514,0.499623,0.646688,,0.738183
UniDA,RealWorld -> MHEALTH,RAINCOAT,2,0,30.626,0.179895,0.271946,0.134402,0.244462,,0.374446
UniDA,RealWorld -> MHEALTH,RAINCOAT,2,1,28.926,0.139359,0.445058,0.082614,0.295035,,0.488759
UniDA,RealWorld -> MHEALTH,RAINCOAT,2,2,27.580,0.259596,0.202578,0.361282,0.226312,,0.493192
UniDA,RealWorld -> MHEALTH,RAINCOAT,2,3,28.885,0.219871,0.162676,0.339088,0.210160,,0.522641
UniDA,RealWorld -> MHEALTH,RAINCOAT,2,4,29.154,0.315635,0.324739,0.307028,0.315313,,0.622863
UniDA,RealWorld -> MHEALTH,UDA,2,0,141.371,0.483078,0.531614,0.442663,0.534866,,0.831697
UniDA,RealWorld -> MHEALTH,UDA,2,1,133.956,0.252862,0.200737,0.341554,0.267959,,0.848797
UniDA,RealWorld -> MHEALTH,UDA,2,2,141.477,0.359574,0.426642,0.310728,0.405910,,0.834706
UniDA,RealWorld -> MHEALTH,UDA,2,3,139.610,0.393776,0.561080,0.303329,0.505580,,0.789265
UniDA,RealWorld -> MHEALTH,UDA,2,4,139.540,0.388824,0.411295,0.368681,0.421990,,0.802407
UniDA,RealWorld -> MHEALTH,OVANet,2,0,112.072,0.000000,0.000000,0.971640,0.180692,,0.839930
UniDA,RealWorld -> MHEALTH,OVANet,2,1,113.072,0.328595,0.198895,0.944513,0.315646,,0.827106
UniDA,RealWorld -> MHEALTH,OVANet,2,2,115.096,0.000000,0.000000,0.964242,0.193752,,0.837080
UniDA,RealWorld -> MHEALTH,OVANet,2,3,116.967,0.000000,0.000000,0.964242,0.161340,,0.846897
UniDA,RealWorld -> MHEALTH,OVANet,2,4,115.588,0.000000,0.000000,0.966708,0.171606,,0.829797
UniDA,RealWorld -> MHEALTH,DANCE,2,0,117.277,0.092279,0.048496,0.949445,0.222689,,0.786099
UniDA,RealWorld -> MHEALTH,DANCE,2,1,114.981,0.000000,0.000000,0.986436,0.166240,,0.843572
UniDA,RealWorld -> MHEALTH,DANCE,2,2,108.514,0.001227,0.000614,0.990136,0.169720,,0.852597
UniDA,RealWorld -> MHEALTH,DANCE,2,3,115.032,0.094367,0.049724,0.923551,0.215067,,0.816339
UniDA,RealWorld -> MHEALTH,DANCE,2,4,115.384,0.047869,0.024555,0.946979,0.197558,,0.789899
UniDA,RealWorld -> MHEALTH,PPOT,2,0,226.791,0.127378,0.415592,0.075216,0.354861,,0.819823
UniDA,RealWorld -> MHEALTH,PPOT,2,1,210.402,0.243667,0.271946,0.220715,0.306754,,0.818398
UniDA,RealWorld -> MHEALTH,PPOT,2,2,212.700,0.300690,0.270104,0.339088,0.340656,,0.820614
UniDA,RealWorld -> MHEALTH,PPOT,2,3,206.590,0.199933,0.147944,0.308261,0.220128,,0.854497
UniDA,RealWorld -> MHEALTH,PPOT,2,4,206.009,0.223617,0.241252,0.208385,0.270868,,0.782616
UniDA,RealWorld -> MHEALTH,UniOT,2,0,381.477,0.000000,0.000000,1.000000,0.165831,,0.881571
UniDA,RealWorld -> MHEALTH,UniOT,2,1,652.014,0.332401,0.219767,0.681874,0.326626,,0.803040
UniDA,RealWorld -> MHEALTH,UniOT,2,2,689.495,0.464082,0.313689,0.891492,0.424124,,0.882046
UniDA,RealWorld -> MHEALTH,UniOT,2,3,419.674,0.000000,0.000000,1.000000,0.165831,,0.867479
UniDA,RealWorld -> MHEALTH,UniOT,2,4,776.788,0.460698,0.428484,0.498150,0.433317,,0.851013
UniDA,RealWorld -> MHEALTH,UniJDOT,2,0,1078.530,0.426966,0.375691,0.494451,0.336361,,0.818556
UniDA,RealWorld -> MHEALTH,UniJDOT,2,1,1116.041,0.172129,0.098220,0.695438,0.243800,,0.873971
UniDA,RealWorld -> MHEALTH,UniJDOT,2,2,1597.403,0.665254,0.621854,0.715166,0.633838,,0.830114
UniDA,RealWorld -> MHEALTH,UniJDOT,2,3,1408.775,0.466052,0.418048,0.526510,0.380580,,0.862096
UniDA,RealWorld -> MHEALTH,UniJDOT,2,4,1089.201,0.354940,0.224678,0.844636,0.354416,,0.848322
OSDA,RealWorld -> Pamap2,RAINCOAT,8,0,206.189,0.168713,0.327735,0.113595,0.178264,,0.674387
OSDA,RealWorld -> Pamap2,RAINCOAT,8,1,205.368,0.000000,0.277346,0.000000,0.018889,,0.594200
OSDA,RealWorld -> Pamap2,RAINCOAT,8,2,208.866,0.326460,0.392190,0.279600,0.343269,,0.588945
OSDA,RealWorld -> Pamap2,RAINCOAT,8,3,219.212,0.164235,0.325215,0.109857,0.175500,,0.580965
OSDA,RealWorld -> Pamap2,RAINCOAT,8,4,211.278,0.126210,0.275457,0.081858,0.128004,,0.539899
OSDA,RealWorld -> Pamap2,OSBP,8,0,151.597,0.729198,0.757506,0.702929,0.742960,,0.748346
OSDA,RealWorld -> Pamap2,OSBP,8,1,153.243,0.766062,0.771363,0.760833,0.784144,,0.764889
OSDA,RealWorld -> Pamap2,OSBP,8,2,146.759,0.653089,0.549444,0.804928,0.746483,,0.823278
OSDA,RealWorld -> Pamap2,OSBP,8,3,143.030,0.739205,0.780181,0.702319,0.747902,,0.748540
OSDA,RealWorld -> Pamap2,OSBP,8,4,144.085,0.643820,0.582406,0.719713,0.703403,,0.841767
OSDA,RealWorld -> Pamap2,TSFA,8,0,316.299,0.365936,0.796137,0.237565,0.389073,,0.803620
OSDA,RealWorld -> Pamap2,TSFA,8,1,319.817,0.356552,0.662608,0.243897,0.369107,,0.924873
OSDA,RealWorld -> Pamap2,TSFA,8,2,312.450,0.356165,0.673735,0.242066,0.372762,,0.896652
OSDA,RealWorld -> Pamap2,TSFA,8,3,316.108,0.370298,0.808314,0.240159,0.388332,,0.916894
OSDA,RealWorld -> Pamap2,TSFA,8,4,320.463,0.333934,0.529708,0.243821,0.350622,,0.936746
OSDA,RealWorld -> Pamap2,UDA,8,0,148.353,0.437680,0.502834,0.387473,0.453474,,0.877190
OSDA,RealWorld -> Pamap2,UDA,8,1,147.971,0.381825,0.473021,0.320110,0.404824,,0.904438
OSDA,RealWorld -> Pamap2,UDA,8,2,145.201,0.406862,0.496746,0.344522,0.420345,,0.896069
OSDA,RealWorld -> Pamap2,UDA,8,3,151.200,0.420622,0.601722,0.323314,0.428401,,0.881471
OSDA,RealWorld -> Pamap2,UDA,8,4,150.945,0.397427,0.414445,0.381752,0.440044,,0.913196
OSDA,RealWorld -> Pamap2,OVANet,8,0,129.459,0.435827,0.608020,0.339640,0.449595,,0.852666
OSDA,RealWorld -> Pamap2,OVANet,8,1,121.891,0.436865,0.533697,0.369774,0.427185,,0.869210
OSDA,RealWorld -> Pamap2,OVANet,8,2,122.342,0.134325,0.452026,0.078883,0.183610,,0.855197
OSDA,RealWorld -> Pamap2,OVANet,8,3,122.373,0.452530,0.593953,0.365502,0.459215,,0.864928
OSDA,RealWorld -> Pamap2,OVANet,8,4,118.524,0.072163,0.406676,0.039594,0.090291,,0.904243
OSDA,RealWorld -> Pamap2,DANCE,8,0,124.881,0.392104,0.249423,0.916234,0.688083,,0.884975
OSDA,RealWorld -> Pamap2,DANCE,8,1,123.861,0.375567,0.235566,0.925771,0.684618,,0.918061
OSDA,RealWorld -> Pamap2,DANCE,8,2,125.805,0.254392,0.148436,0.888923,0.642809,,0.859673
OSDA,RealWorld -> Pamap2,DANCE,8,3,125.963,0.134991,0.073273,0.855966,0.596004,,0.887116
OSDA,RealWorld -> Pamap2,DANCE,8,4,122.804,0.189520,0.106026,0.891822,0.617889,,0.904632
OSDA,RealWorld -> Pamap2,PPOT,8,0,288.173,0.107725,0.799916,0.057751,0.176881,,0.904438
OSDA,RealWorld -> Pamap2,PPOT,8,1,309.273,0.111785,0.868990,0.059735,0.188430,,0.905021
OSDA,RealWorld -> Pamap2,PPOT,8,2,292.303,0.129714,0.865631,0.070110,0.202210,,0.870961
OSDA,RealWorld -> Pamap2,PPOT,8,3,290.162,0.145192,0.881377,0.079112,0.215855,,0.890035
OSDA,RealWorld -> Pamap2,PPOT,8,4,296.255,0.128875,0.777241,0.070262,0.191333,,0.921954
OSDA,RealWorld -> Pamap2,UniOT,8,0,926.496,0.659563,0.575688,0.772048,0.713431,,0.900740
OSDA,RealWorld -> Pamap2,UniOT,8,1,886.852,0.470146,0.345581,0.735124,0.645889,,0.930323
OSDA,RealWorld -> Pamap2,UniOT,8,2,878.667,0.400809,0.271258,0.767241,0.637623,,0.873881
OSDA,RealWorld -> Pamap2,UniOT,8,3,961.761,0.676023,0.615998,0.749008,0.727112,,0.898404
OSDA,RealWorld -> Pamap2,UniOT,8,4,977.776,0.516236,0.391560,0.757400,0.663769,,0.891592
OSDA,RealWorld -> Pamap2,UniJDOT,8,0,1512.475,0.634474,0.623976,0.645331,0.651932,,0.894317
OSDA,RealWorld -> Pamap2,UniJDOT,8,1,1454.787,0.522333,0.575688,0.478029,0.528366,,0.866485
OSDA,RealWorld -> Pamap2,UniJDOT,8,2,1412.627,0.485423,0.465463,0.507171,0.546248,,0.905216
OSDA,RealWorld -> Pamap2,UniJDOT,8,3,1370.966,0.600433,0.713626,0.518233,0.595133,,0.876800
OSDA,RealWorld -> Pamap2,UniJDOT,8,4,1281.995,0.615201,0.671636,0.567516,0.613448,,0.937524
UniDA,RealWorld -> MHEALTH,RAINCOAT,4,0,40.694,0.249181,0.194614,0.346269,0.238578,,0.446100
UniDA,RealWorld -> MHEALTH,RAINCOAT,4,1,41.770,0.196104,0.190330,0.202239,0.225066,,0.377881
UniDA,RealWorld -> MHEALTH,RAINCOAT,4,2,34.930,0.181326,0.190330,0.173134,0.214031,,0.426193
UniDA,RealWorld -> MHEALTH,RAINCOAT,4,3,33.782,0.239051,0.269278,0.214925,0.258764,,0.416065
UniDA,RealWorld -> MHEALTH,RAINCOAT,4,4,38.477,0.244251,0.327417,0.194776,0.286150,,0.440629
UniDA,RealWorld -> MHEALTH,UDA,4,0,207.166,0.283651,0.344553,0.241045,0.345786,,0.715949
UniDA,RealWorld -> MHEALTH,OVANet,4,0,142.196,0.000000,0.000000,0.983582,0.276726,,0.737485
UniDA,RealWorld -> MHEALTH,OVANet,4,1,149.928,0.001223,0.000612,0.999254,0.280762,,0.743073
UniDA,RealWorld -> MHEALTH,OVANet,4,2,137.007,0.000000,0.000000,1.000000,0.279910,,0.732130
UniDA,RealWorld -> MHEALTH,OVANet,4,3,133.228,0.000000,0.000000,0.973881,0.274829,,0.722352
UniDA,RealWorld -> MHEALTH,OVANet,4,4,133.145,0.000000,0.000000,0.994776,0.278900,,0.717579
UniDA,RealWorld -> MHEALTH,DANCE,4,0,138.173,0.000000,0.000000,0.999254,0.285256,,0.759371
UniDA,RealWorld -> MHEALTH,DANCE,4,1,139.503,0.051116,0.026316,0.887313,0.290458,,0.699884
UniDA,RealWorld -> MHEALTH,DANCE,4,2,139.931,0.000000,0.000000,0.913433,0.268109,,0.712922
UniDA,RealWorld -> MHEALTH,DANCE,4,3,135.008,0.041939,0.021420,0.997015,0.305530,,0.741793
UniDA,RealWorld -> MHEALTH,DANCE,4,4,139.938,0.000000,0.000000,0.863433,0.254982,,0.717928
UniDA,RealWorld -> MHEALTH,PPOT,4,0,237.913,0.260156,0.200122,0.371642,0.300470,,0.728987
UniDA,RealWorld -> MHEALTH,PPOT,4,1,244.867,0.158970,0.098531,0.411194,0.285358,,0.689872
UniDA,RealWorld -> MHEALTH,PPOT,4,2,248.471,0.222073,0.248470,0.200746,0.274285,,0.774738
UniDA,RealWorld -> MHEALTH,PPOT,4,3,238.280,0.162081,0.097919,0.470149,0.303941,,0.749825
UniDA,RealWorld -> MHEALTH,PPOT,4,4,235.427,0.407705,0.323133,0.552239,0.429211,,0.730966
UniDA,RealWorld -> MHEALTH,UniOT,4,0,888.096,0.586869,0.427785,0.934328,0.598210,,0.748196
UniDA,RealWorld -> MHEALTH,UniOT,4,1,760.330,0.000000,0.000000,1.000000,0.279910,,0.756345
UniDA,RealWorld -> MHEALTH,UniOT,4,2,905.236,0.161937,0.088739,0.924627,0.354012,,0.704889
UniDA,RealWorld -> MHEALTH,UniOT,4,3,664.558,0.000000,0.000000,1.000000,0.279910,,0.781490
UniDA,RealWorld -> MHEALTH,UniOT,4,4,904.744,0.523921,0.400245,0.758209,0.497270,,0.772643
UniDA,RealWorld -> MHEALTH,UniJDOT,4,0,1313.796,0.455536,0.370869,0.590299,0.444316,,0.723166
UniDA,RealWorld -> MHEALTH,UniJDOT,4,1,1336.890,0.489291,0.367809,0.730597,0.502310,,0.726193
UniDA,RealWorld -> MHEALTH,UniJDOT,4,2,1102.182,0.374012,0.243574,0.805224,0.428869,,0.778813
UniDA,RealWorld -> MHEALTH,UniJDOT,4,3,1132.655,0.575148,0.573439,0.576866,0.534246,,0.701281
UniDA,RealWorld -> MHEALTH,UniJDOT,4,4,1280.508,0.592234,0.532436,0.667164,0.557025,,0.729569
PDA,RealWorld -> Pamap2,RAINCOAT,2,0,64.339,0.000000,0.335017,0.000000,0.428952,,0.448227
PDA,RealWorld -> Pamap2,RAINCOAT,2,1,57.869,0.000000,0.462753,0.000000,0.565449,,0.374288
PDA,RealWorld -> Pamap2,RAINCOAT,2,2,79.567,0.000000,0.133418,0.000000,0.207265,,0.333756
PDA,RealWorld -> Pamap2,RAINCOAT,2,3,71.624,0.000000,0.234428,0.000000,0.345413,,0.334547
PDA,RealWorld -> Pamap2,RAINCOAT,2,4,64.231,0.000000,0.480429,0.000000,0.577226,,0.354971
PDA,RealWorld -> Pamap2,PDAAN,2,0,92.274,,,,0.808054,,0.778974
PDA,RealWorld -> Pamap2,PDAAN,2,1,101.715,,,,0.785385,,0.844047
PDA,RealWorld -> Pamap2,PDAAN,2,2,105.104,,,,0.775504,,0.801773
PDA,RealWorld -> Pamap2,PDAAN,2,3,110.855,,,,0.807488,,0.808265
PDA,RealWorld -> Pamap2,PDAAN,2,4,100.964,,,,0.798615,,0.818556
PDA,RealWorld -> Pamap2,SPADA,2,0,119.933,,,,0.807354,,0.778499
PDA,RealWorld -> Pamap2,SPADA,2,1,108.403,,,,0.805150,,0.834706
PDA,RealWorld -> Pamap2,SPADA,2,2,125.091,,,,0.842556,,0.812698
PDA,RealWorld -> Pamap2,SPADA,2,3,118.095,,,,0.809016,,0.838822
PDA,RealWorld -> Pamap2,SPADA,2,4,117.402,,,,0.791389,,0.831539
PDA,RealWorld -> Pamap2,UDA,2,0,202.224,0.000000,0.438131,0.000000,0.555603,,0.879671
PDA,RealWorld -> Pamap2,UDA,2,1,200.579,0.000000,0.406776,0.000000,0.501689,,0.836447
PDA,RealWorld -> Pamap2,UDA,2,2,201.744,0.000000,0.524621,0.000000,0.662671,,0.850697
PDA,RealWorld -> Pamap2,UDA,2,3,199.512,0.000000,0.477483,0.000000,0.605365,,0.850063
PDA,RealWorld -> Pamap2,UDA,2,4,191.239,0.000000,0.408880,0.000000,0.540064,,0.819189
PDA,RealWorld -> Pamap2,OVANet,2,0,168.491,0.000000,0.342593,0.000000,0.360750,,0.810798
PDA,RealWorld -> Pamap2,OVANet,2,1,171.698,0.000000,0.563342,0.000000,0.508251,,0.839455
PDA,RealWorld -> Pamap2,OVANet,2,2,173.552,0.000000,0.347854,0.000000,0.306434,,0.798765
PDA,RealWorld -> Pamap2,OVANet,2,3,172.428,0.000000,0.127946,0.000000,0.113413,,0.808898
PDA,RealWorld -> Pamap2,OVANet,2,4,167.730,0.000000,0.376894,0.000000,0.353576,,0.805890
PDA,RealWorld -> Pamap2,DANCE,2,0,174.619,0.000000,0.095960,0.000000,0.156656,,0.824573
PDA,RealWorld -> Pamap2,DANCE,2,1,171.641,0.000000,0.000000,0.000000,0.000000,,0.156745
PDA,RealWorld -> Pamap2,DANCE,2,2,177.433,0.000000,0.022938,0.000000,0.040654,,0.829164
PDA,RealWorld -> Pamap2,DANCE,2,3,169.526,0.000000,0.038300,0.000000,0.067123,,0.842305
PDA,RealWorld -> Pamap2,DANCE,2,4,171.618,0.000000,0.046507,0.000000,0.080964,,0.850063
PDA,RealWorld -> Pamap2,PPOT,2,0,389.368,0.000000,0.512837,0.000000,0.638220,,0.805415
PDA,RealWorld -> Pamap2,UniOT,2,0,724.745,0.000000,0.000000,0.000000,0.000000,,0.849113
PDA,RealWorld -> Pamap2,UniJDOT,2,0,2133.727,0.000000,0.627525,0.000000,0.686899,,0.865263
PDA,RealWorld -> Pamap2,UniJDOT,2,1,1913.514,0.000000,0.462963,0.000000,0.518151,,0.879987
PDA,RealWorld -> Pamap2,UniJDOT,2,2,1848.681,0.000000,0.497896,0.000000,0.545430,,0.853072
PDA,RealWorld -> Pamap2,UniJDOT,2,3,1632.642,0.000000,0.378577,0.000000,0.450212,,0.827264
PDA,RealWorld -> Pamap2,UniJDOT,2,4,1481.022,0.000000,0.541035,0.000000,0.616393,,0.837239
PDA,RealWorld -> Pamap2,UniOT,2,0,654.870,0.000000,0.000000,0.000000,0.000000,,0.849113
PDA,RealWorld -> Pamap2,UniOT,2,1,918.194,0.000000,0.512416,0.000000,0.604924,,0.850855
PDA,RealWorld -> Pamap2,UniOT,2,2,1118.848,0.000000,0.362584,0.000000,0.470479,,0.807315
PDA,RealWorld -> Pamap2,UniOT,2,3,657.843,0.000000,0.000000,0.000000,0.000000,,0.876346
PDA,RealWorld -> Pamap2,UniOT,2,4,975.271,0.000000,0.445076,0.000000,0.540929,,0.827897
PDA,RealWorld -> Pamap2,PPOT,2,0,371.397,0.000000,0.512837,0.000000,0.638220,,0.805415
PDA,RealWorld -> Pamap2,PPOT,2,1,362.387,0.000000,0.318813,0.000000,0.409487,,0.774858
PDA,RealWorld -> Pamap2,PPOT,2,2,391.541,0.000000,0.350800,0.000000,0.445051,,0.831856
PDA,RealWorld -> Pamap2,PPOT,2,3,369.506,0.000000,0.383207,0.000000,0.476517,,0.805573
PDA,RealWorld -> Pamap2,PPOT,2,4,407.231,0.000000,0.376263,0.000000,0.465122,,0.836130
PDA,RealWorld -> Pamap2,RAINCOAT,4,0,86.001,0.000000,0.203283,0.000000,0.313830,,0.332712
PDA,RealWorld -> Pamap2,RAINCOAT,4,1,77.160,0.000000,0.396675,0.000000,0.513219,,0.312922
PDA,RealWorld -> Pamap2,RAINCOAT,4,2,89.551,0.000000,0.100800,0.000000,0.156994,,0.234575
PDA,RealWorld -> Pamap2,RAINCOAT,4,3,81.873,0.000000,0.149200,0.000000,0.220904,,0.327939
PDA,RealWorld -> Pamap2,RAINCOAT,4,4,82.751,0.000000,0.385311,0.000000,0.517067,,0.292899
PDA,RealWorld -> Pamap2,PDAAN,4,0,160.665,,,,0.649336,,0.748661
PDA,RealWorld -> Pamap2,PDAAN,4,1,162.091,,,,0.583334,,0.776368
PDA,RealWorld -> Pamap2,PDAAN,4,2,161.352,,,,0.583218,,0.733295
PDA,RealWorld -> Pamap2,PDAAN,4,3,151.094,,,,0.587070,,0.742841
PDA,RealWorld -> Pamap2,PDAAN,4,4,155.417,,,,0.616040,,0.750058
PDA,RealWorld -> Pamap2,SPADA,4,0,174.977,,,,0.651065,,0.783702
PDA,RealWorld -> Pamap2,SPADA,4,1,172.227,,,,0.608165,,0.793248
PDA,RealWorld -> Pamap2,SPADA,4,2,167.728,,,,0.619852,,0.726542
PDA,RealWorld -> Pamap2,SPADA,4,3,174.326,,,,0.592529,,0.737369
PDA,RealWorld -> Pamap2,SPADA,4,4,172.936,,,,0.653194,,0.731548
PDA,RealWorld -> Pamap2,OVANet,4,0,240.104,0.000000,0.094907,0.000000,0.111734,,0.711059
PDA,RealWorld -> Pamap2,OVANet,4,1,230.506,0.000000,0.021044,0.000000,0.036565,,0.786496
PDA,RealWorld -> Pamap2,OVANet,4,2,239.049,0.000000,0.023359,0.000000,0.033962,,0.708149
PDA,RealWorld -> Pamap2,OVANet,4,3,236.470,0.000000,0.020833,0.000000,0.035766,,0.719558
PDA,RealWorld -> Pamap2,OVANet,4,4,244.578,0.000000,0.020833,0.000000,0.035518,,0.699651
PDA,RealWorld -> Pamap2,DANCE,4,0,235.358,0.000000,0.000000,0.000000,0.000000,,0.116298
PDA,RealWorld -> Pamap2,DANCE,4,1,233.098,0.000000,0.033670,0.000000,0.060033,,0.681956
PDA,RealWorld -> Pamap2,DANCE,4,2,222.188,0.000000,0.086700,0.000000,0.138251,,0.741793
PDA,RealWorld -> Pamap2,DANCE,4,3,217.420,0.000000,0.009470,0.000000,0.018526,,0.718976
PDA,RealWorld -> Pamap2,DANCE,4,4,222.979,0.000000,0.000000,0.000000,0.000000,,0.116298
PDA,RealWorld -> Pamap2,PPOT,4,0,455.197,0.000000,0.224537,0.000000,0.348292,,0.711525
PDA,RealWorld -> Pamap2,PPOT,4,1,439.943,0.000000,0.257786,0.000000,0.380942,,0.724913
PDA,RealWorld -> Pamap2,PPOT,4,2,397.029,0.000000,0.253998,0.000000,0.371245,,0.791269
PDA,RealWorld -> Pamap2,PPOT,4,3,438.505,0.000000,0.244739,0.000000,0.365817,,0.807916
PDA,RealWorld -> Pamap2,PPOT,4,4,432.698,0.000000,0.298401,0.000000,0.441131,,0.741327
PDA,RealWorld -> Pamap2,UniOT,4,0,1322.712,0.000000,0.403830,0.000000,0.515988,,0.699302
PDA,RealWorld -> Pamap2,UniOT,4,1,1240.673,0.000000,0.379840,0.000000,0.472482,,0.744703
PDA,RealWorld -> Pamap2,UniOT,4,2,1283.629,0.000000,0.401094,0.000000,0.507731,,0.671711
PDA,RealWorld -> Pamap2,UniOT,4,3,1028.944,0.000000,0.000000,0.000000,0.000000,,0.716414
PDA,RealWorld -> Pamap2,UniOT,4,4,1213.797,0.000000,0.266204,0.000000,0.386089,,0.725495
PDA,RealWorld -> Pamap2,UniJDOT,4,0,2283.142,0.000000,0.505261,0.000000,0.576783,,0.718277
PDA,RealWorld -> Pamap2,UniJDOT,4,1,2237.211,0.000000,0.350589,0.000000,0.407200,,0.696042
PDA,RealWorld -> Pamap2,UniJDOT,4,2,2318.514,0.000000,0.490530,0.000000,0.540266,,0.727357
PDA,RealWorld -> Pamap2,UniJDOT,4,3,2166.973,0.000000,0.470960,0.000000,0.557505,,0.713970
PDA,RealWorld -> Pamap2,UniJDOT,4,4,1926.642,0.000000,0.427399,0.000000,0.506247,,0.723516
PDA,MHEALTH -> RealWorld,UniOT,3,3,201.890,0.000000,0.260330,0.000000,0.313139,,0.995992
PDA,MHEALTH -> RealWorld,PPOT,3,4,104.881,0.000000,0.000000,0.000000,0.000000,,0.909820
PDA,MHEALTH -> RealWorld,UDA,3,1,35.259,0.000000,0.191003,0.000000,0.268052,,0.959920
PDA,MHEALTH -> RealWorld,OVANet,3,4,30.473,0.000000,0.194895,0.000000,0.274720,,0.991984
PDA,MHEALTH -> RealWorld,UniOT,3,0,211.448,0.000000,0.245107,0.000000,0.301056,,0.991984
PDA,MHEALTH -> RealWorld,PPOT,3,0,110.312,0.000000,0.000000,0.000000,0.000000,,0.833667
PDA,MHEALTH -> RealWorld,UniJDOT,3,0,136.101,0.000000,0.243504,0.000000,0.283926,,0.993988
PDA,MHEALTH -> RealWorld,UDA,3,2,35.212,0.000000,0.197795,0.000000,0.284825,,0.873747
PDA,MHEALTH -> RealWorld,UniOT,3,1,210.199,0.000000,0.150750,0.000000,0.145362,,0.993988
PDA,MHEALTH -> RealWorld,DANCE,3,0,33.388,0.000000,0.000000,0.000000,0.000000,,0.989980
PDA,MHEALTH -> RealWorld,RAINCOAT,3,2,56.960,0.000000,0.218169,0.000000,0.301193,,0.705411
PDA,MHEALTH -> RealWorld,PDAAN,3,0,34.111,,,,0.344788,,0.933868
PDA,MHEALTH -> RealWorld,SPADA,3,3,26.699,,,,0.653061,,0.941884
PDA,MHEALTH -> RealWorld,PPOT,3,1,104.639,0.000000,0.000000,0.000000,0.000000,,0.763527
PDA,MHEALTH -> RealWorld,UDA,3,4,37.530,0.000000,0.324392,0.000000,0.461822,,0.989980
PDA,MHEALTH -> RealWorld,SPADA,3,2,25.705,,,,0.536687,,0.943888
PDA,MHEALTH -> RealWorld,RAINCOAT,3,4,53.493,0.000000,0.058110,0.000000,0.061822,,0.601202
PDA,MHEALTH -> RealWorld,SPADA,3,0,31.731,,,,0.442632,,0.977956
PDA,MHEALTH -> RealWorld,OVANet,3,3,65.168,0.000000,0.061010,0.000000,0.102057,,0.989980
PDA,MHEALTH -> RealWorld,UniJDOT,3,2,139.407,0.000000,0.006372,0.000000,0.011019,,0.993988
PDA,MHEALTH -> RealWorld,UniOT,3,2,260.241,0.000000,0.103781,0.000000,0.126203,,0.995992
PDA,MHEALTH -> RealWorld,UniOT,3,4,238.678,0.000000,0.070510,0.000000,0.082188,,0.995992
PDA,MHEALTH -> RealWorld,UniJDOT,3,3,140.602,0.000000,0.000687,0.000000,0.001369,,0.989980
PDA,MHEALTH -> RealWorld,PDAAN,3,1,28.951,,,,0.089059,,0.941884
PDA,MHEALTH -> RealWorld,SPADA,3,1,27.088,,,,0.495214,,0.955912
PDA,MHEALTH -> RealWorld,PDAAN,3,3,25.958,,,,0.109540,,0.923848
PDA,MHEALTH -> RealWorld,PDAAN,3,2,29.280,,,,0.342663,,0.943888
PDA,MHEALTH -> RealWorld,PPOT,3,3,108.702,0.000000,0.000000,0.000000,0.000000,,0.825651
PDA,MHEALTH -> RealWorld,RAINCOAT,3,3,67.327,0.000000,0.068526,0.000000,0.105878,,0.641283
PDA,MHEALTH -> RealWorld,OVANet,3,1,30.235,0.000000,0.168454,0.000000,0.166510,,0.987976
PDA,MHEALTH -> RealWorld,UDA,3,3,35.209,0.000000,0.154642,0.000000,0.221665,,0.989980
PDA,MHEALTH -> RealWorld,DANCE,3,4,31.075,0.000000,0.000000,0.000000,0.000000,,0.989980
PDA,MHEALTH -> RealWorld,RAINCOAT,3,1,57.771,0.000000,0.088328,0.000000,0.114397,,0.645291
PDA,MHEALTH -> RealWorld,RAINCOAT,3,0,70.091,0.000000,0.200122,0.000000,0.262721,,0.392786
PDA,MHEALTH -> RealWorld,UniJDOT,3,4,129.568,0.000000,0.109962,0.000000,0.116136,,0.979960
PDA,MHEALTH -> RealWorld,OVANet,3,0,33.864,0.000000,0.242283,0.000000,0.275833,,0.991984
PDA,MHEALTH -> RealWorld,DANCE,3,2,29.918,0.000000,0.000000,0.000000,0.000000,,0.991984
PDA,MHEALTH -> RealWorld,UniJDOT,3,1,130.396,0.000000,0.168072,0.000000,0.233967,,0.993988
PDA,MHEALTH -> RealWorld,DANCE,3,1,28.588,0.000000,0.000000,0.000000,0.000000,,0.991984
PDA,MHEALTH -> RealWorld,PDAAN,3,4,24.825,,,,0.381264,,0.935872
PDA,MHEALTH -> RealWorld,PPOT,3,2,103.254,0.000000,0.000000,0.000000,0.000000,,0.907816
PDA,MHEALTH -> RealWorld,SPADA,3,4,26.806,,,,0.547306,,0.941884
PDA,MHEALTH -> RealWorld,DANCE,3,3,30.334,0.000000,0.000000,0.000000,0.000000,,0.989980
PDA,MHEALTH -> RealWorld,OVANet,3,2,30.009,0.000000,0.059789,0.000000,0.105351,,0.989980
PDA,MHEALTH -> RealWorld,UDA,3,0,40.218,0.000000,0.156282,0.000000,0.229863,,0.973948
